2026-09-20T15:34:56Z INFO Logging to /tmp/logs/refresh_2026-09-20T15-34-56Z.log.
2026-09-20T15:34:56Z INFO Refresh content-id-to-valid-nwb-file (base directory /tmp).
2026-09-20T15:34:59Z INFO Processing 2401 items (72010 already recorded).
2026-09-20T15:36:38Z INFO [1/2401] 03535789-fc9e-4bdc-a647-a86e38eafe39: valid; 99.1 s; peak memory 899 MiB.
2026-09-20T15:36:41Z WARNING 035a601c-e1c5-4ee0-a4b8-ce7f50c14d42: failed while opening the NWB file (ConstructError: (root/acquisition/_iblmic_audioSpectrogram/bands GroupBuilder {'attributes': {'colnames': array(['freq'], dtype=object), 'description': 'spectogram frequencies', 'namespace': 'core', 'neurodata_type': 'FrequencyBandsTable', 'object_id': '6a937086-7959-413c-9da3-3eaeda46f1d7'}, 'groups': {}, 'datasets': {'freq': root/acquisition/_iblmic_audioSpectrogram/bands/freq DatasetBuilder {'attributes': {'description': 'frequency value', 'namespace': 'hdmf-common', 'neurodata_type': 'VectorData', 'object_id': '6d408c60-a965-4974-b9f6-e6d4b56b4c53'}, 'data': <HDF5 dataset "freq": shape (257,), type "<f4">}, 'id': root/acquisition/_iblmic_audioSpectrogram/bands/id DatasetBuilder {'attributes': {'namespace': 'hdmf-common', 'neurodata_type': 'ElementIdentifiers', 'object_id': '9b378a2e-5bef-4558-afdc-12bf09166301'}, 'data': <HDF5 dataset "id": shape (257,), type "<i4">}}, 'links': {}}, "Could not construct FrequencyBandsTable object due to: column must have the same number of rows as 'id'"))
2026-09-20T15:36:42Z INFO [3/2401] 037ab83d-7c48-470d-b1ec-5bb51cfb530d: valid; 1.7 s; peak memory 899 MiB.
2026-09-20T15:36:45Z INFO [4/2401] 037cd2e7-0732-405d-b473-2d9e5b11e5ad: valid; 2.6 s; peak memory 899 MiB.
2026-09-20T15:36:46Z INFO [5/2401] 03b95cc4-02a0-413d-ba46-c9b14ddcb68a: not valid; 1.3 s; peak memory 899 MiB.
2026-09-20T15:36:48Z WARNING 03bc6d03-00b6-4f61-9924-80aa2f88af1f: failed while opening the NWB file (ConstructError: (root/acquisition/event_code_meanings GroupBuilder {'attributes': {'colnames': array(['value', 'meaning'], dtype=object), 'description': 'Mapping integer event codes to event labels', 'namespace': 'ndx-events', 'neurodata_type': 'MeaningsTable', 'object_id': '8af5f5a1-f30d-4a46-8cda-bcfaf1904955'}, 'groups': {}, 'datasets': {'id': root/acquisition/event_code_meanings/id DatasetBuilder {'attributes': {'namespace': 'hdmf-common', 'neurodata_type': 'ElementIdentifiers', 'object_id': '8dc612a9-1ee0-40fb-8f1a-169dc10db18f'}, 'data': <HDF5 dataset "id": shape (26,), type "<i8">}, 'meaning': root/acquisition/event_code_meanings/meaning DatasetBuilder {'attributes': {'description': 'The meaning of the value in the parent CategoricalVectorData object.', 'namespace': 'hdmf-experimental', 'neurodata_type': 'VectorData', 'object_id': '47feb19a-cf62-43e6-83f0-ccb6dd648683'}, 'data': <StrDataset for HDF5 dataset "meaning": shape (26,), type "|O">}, 'value': root/acquisition/event_code_meanings/value DatasetBuilder {'attributes': {'description': 'The value of the parent CategoricalVectorData object.', 'namespace': 'hdmf-experimental', 'neurodata_type': 'VectorData', 'object_id': '9b910534-a6df-455b-86fb-fb070becab51'}, 'data': <HDF5 dataset "value": shape (26,), type "<i8">}}, 'links': {}}, "Could not construct MeaningsTable object due to: MeaningsTable.__init__: missing argument 'target'"))
2026-09-20T15:36:49Z INFO [7/2401] 03cabd50-bbc1-497d-8b20-1241c65667b4: not valid; 1.5 s; peak memory 899 MiB.
2026-09-20T15:36:51Z INFO [8/2401] 03ccc46f-6aaf-4b42-b893-d9979c51bae3: not valid; 1.9 s; peak memory 899 MiB.
2026-09-20T15:36:53Z INFO [9/2401] 03f39572-e2c3-41ea-afaf-1aa0402defd2: valid; 2.2 s; peak memory 899 MiB.
2026-09-20T15:36:55Z WARNING 03f78ef2-9271-4bac-94e6-ce5fb9327177: failed while opening the NWB file (ValueError: Cannot resolve included group spec 'electrodes' with data_type_inc 'ElectrodesTable' because a group spec with the same name already exists with data_type_inc 'DynamicTable', and data type 'DynamicTable' is not a child type of data type 'ElectrodesTable'.)
2026-09-20T15:36:58Z INFO [11/2401] 0431b1a0-a168-44e4-b550-7cfad08581bb: valid; 2.9 s; peak memory 904 MiB.
2026-09-20T15:37:01Z INFO [12/2401] 043ca176-6ff7-4b3d-8c93-bbfc9b05db8e: valid; 3.1 s; peak memory 904 MiB.
2026-09-20T15:37:03Z INFO [13/2401] 0453823a-cde3-49db-984d-5b5b6151528e: valid; 2.3 s; peak memory 904 MiB.
2026-09-20T15:37:07Z INFO [14/2401] 0453cad6-2e86-4c28-b376-790840a053bd: valid; 3.3 s; peak memory 904 MiB.
2026-09-20T15:37:09Z INFO [15/2401] 0477cd43-e914-46fa-9381-5c4f535e3687: not valid; 2.7 s; peak memory 904 MiB.
2026-09-20T15:37:14Z INFO [16/2401] 04f23f32-2829-4e54-979e-bf945da13d42: not valid; 4.8 s; peak memory 917 MiB.
2026-09-20T15:37:14Z WARNING 04fe32cc-149a-4df2-8220-97450f0b5f80: failed while retrieving asset information from the DANDI API (NotFoundError: No asset at path 'sub-460436/sub-460436_ses-20200107T111633_behavior+ecephys+ogen.nwb' in version 0.231012.2129. Verify the path is correct and the asset exists in this version. Use 'dandi ls' to list available assets.)
2026-09-20T15:37:17Z INFO [18/2401] 050d8715-50a6-47b9-ab39-a1892b681f98: not valid; 2.5 s; peak memory 929 MiB.
2026-09-20T15:37:19Z INFO [19/2401] 0532428b-c730-461b-8223-8620fa5a3a8d: not valid; 2.3 s; peak memory 943 MiB.
2026-09-20T15:37:22Z WARNING 055bd392-e741-4245-ad9f-cdb7e61907c7: failed while opening the NWB file (ConstructError: (root/acquisition/_iblmic_audioSpectrogram/bands GroupBuilder {'attributes': {'colnames': array(['freq'], dtype=object), 'description': 'spectogram frequencies', 'namespace': 'core', 'neurodata_type': 'FrequencyBandsTable', 'object_id': '169cb3a5-db91-4861-8692-26accf22aa82'}, 'groups': {}, 'datasets': {'freq': root/acquisition/_iblmic_audioSpectrogram/bands/freq DatasetBuilder {'attributes': {'description': 'frequency value', 'namespace': 'hdmf-common', 'neurodata_type': 'VectorData', 'object_id': '1d7dbfe7-400d-4a38-80a2-518223f6fa11'}, 'data': <HDF5 dataset "freq": shape (257,), type "<f4">}, 'id': root/acquisition/_iblmic_audioSpectrogram/bands/id DatasetBuilder {'attributes': {'namespace': 'hdmf-common', 'neurodata_type': 'ElementIdentifiers', 'object_id': '09245dbd-5d01-4656-a506-496212ad1adf'}, 'data': <HDF5 dataset "id": shape (257,), type "<i4">}}, 'links': {}}, "Could not construct FrequencyBandsTable object due to: column must have the same number of rows as 'id'"))
2026-09-20T15:37:24Z INFO [21/2401] 0561941f-9597-4b94-a19a-4c2e3fa26f07: not valid; 2.6 s; peak memory 949 MiB.
2026-09-20T15:37:27Z INFO [22/2401] 0579b985-b6ab-406b-9627-b54b4462ab54: valid; 2.8 s; peak memory 949 MiB.
2026-09-20T15:37:32Z INFO [23/2401] 0579cd2e-1e2d-4220-a754-f89e11b17fb6: valid; 5.5 s; peak memory 949 MiB.
2026-09-20T15:37:34Z INFO [24/2401] 05850885-31d1-4a4d-9dbf-c1820484dad7: valid; 1.3 s; peak memory 949 MiB.
2026-09-20T15:37:35Z INFO [25/2401] 05da01a4-67c7-4a9c-a72b-68bce1716557: not valid; 1.7 s; peak memory 949 MiB.
2026-09-20T15:37:38Z INFO [26/2401] 060b7386-b7a9-485d-9ca6-6955b273e5e9: valid; 2.6 s; peak memory 953 MiB.
2026-09-20T15:37:41Z INFO [27/2401] 061a24a0-8772-42c4-8385-32dd5bfc8481: valid; 3.3 s; peak memory 968 MiB.
2026-09-20T15:37:43Z WARNING 063db83c-eac6-44f9-9765-81021f9f5985: failed while opening the NWB file (ConstructError: (root/acquisition/_iblmic_audioSpectrogram/bands GroupBuilder {'attributes': {'colnames': array(['freq'], dtype=object), 'description': 'spectogram frequencies', 'namespace': 'core', 'neurodata_type': 'FrequencyBandsTable', 'object_id': '02692f5a-c6e0-44c1-9335-9f0b1f8a1ea8'}, 'groups': {}, 'datasets': {'freq': root/acquisition/_iblmic_audioSpectrogram/bands/freq DatasetBuilder {'attributes': {'description': 'frequency value', 'namespace': 'hdmf-common', 'neurodata_type': 'VectorData', 'object_id': '97639ccb-6df3-45e9-b967-9c3e5a549188'}, 'data': <HDF5 dataset "freq": shape (257,), type "<f4">}, 'id': root/acquisition/_iblmic_audioSpectrogram/bands/id DatasetBuilder {'attributes': {'namespace': 'hdmf-common', 'neurodata_type': 'ElementIdentifiers', 'object_id': '271d63df-2333-4ac0-9b6b-6a7f47b1e9ce'}, 'data': <HDF5 dataset "id": shape (257,), type "<i4">}}, 'links': {}}, "Could not construct FrequencyBandsTable object due to: column must have the same number of rows as 'id'"))
2026-09-20T15:37:48Z INFO [29/2401] 06877ecc-de5f-4cc2-b05a-f037b3e5fd89: not valid; 4.9 s; peak memory 1052 MiB.
2026-09-20T15:37:50Z INFO [30/2401] 0694983b-3498-43e8-ae20-740b43d2c09d: valid; 1.5 s; peak memory 1052 MiB.
2026-09-20T15:37:51Z INFO [31/2401] 069c5c14-db71-4390-bcbe-c6aebd8b2fc7: valid; 1.6 s; peak memory 1052 MiB.
2026-09-20T15:37:55Z INFO [32/2401] 0703021e-5bb4-44bc-aaa1-9aa9495ffb82: not valid; 3.5 s; peak memory 1052 MiB.
2026-09-20T15:37:56Z INFO [33/2401] 070e094e-3e11-4040-9b51-8608dffefaa4: valid; 1.4 s; peak memory 1052 MiB.
2026-09-20T15:37:58Z INFO [34/2401] 071913d7-3a79-436e-8217-24892fe34558: not valid; 1.6 s; peak memory 1052 MiB.
2026-09-20T15:38:27Z INFO [35/2401] 073aa19d-d948-488c-958c-298d8f07472c: valid; 29.4 s; peak memory 1100 MiB.
2026-09-20T15:38:29Z INFO [36/2401] 073f157c-ef49-4e24-ac3d-afe423cd3e54: valid; 1.6 s; peak memory 1103 MiB.
2026-09-20T15:38:30Z INFO [37/2401] 0743261e-59c6-4c4b-addf-f138c2086b3b: valid; 1.5 s; peak memory 1105 MiB.
2026-09-20T15:38:33Z INFO [38/2401] 074f3958-746d-454b-800b-3aa863059ce1: not valid; 2.3 s; peak memory 1109 MiB.
2026-09-20T15:38:59Z INFO [39/2401] 07662fca-705d-48a7-b16e-4b0390027f01: valid; 26.0 s; peak memory 1328 MiB.
2026-09-20T15:39:03Z INFO [40/2401] 07669cd0-2803-4dd3-9c08-b3cbd0462110: valid; 4.6 s; peak memory 1329 MiB.
2026-09-20T15:39:04Z INFO [41/2401] 077edf7c-91f2-4bdf-8aad-435db4b07128: valid; 1.3 s; peak memory 1329 MiB.
2026-09-20T15:39:06Z INFO [42/2401] 07850559-d191-4c80-9653-ebb62b857dc3: not valid; 1.7 s; peak memory 1329 MiB.
2026-09-20T15:39:08Z INFO [43/2401] 082f1cf3-bfa2-47b1-881e-decb83037b98: valid; 2.2 s; peak memory 1329 MiB.
2026-09-20T15:39:10Z WARNING 085f1ef3-3b98-4f6f-89da-7c25e63b50f8: failed while opening the NWB file (ConstructError: (root/acquisition/event_code_meanings GroupBuilder {'attributes': {'colnames': array(['value', 'meaning'], dtype=object), 'description': 'Mapping integer event codes to event labels', 'namespace': 'ndx-events', 'neurodata_type': 'MeaningsTable', 'object_id': '99e23535-3ad6-43f4-bdb4-01dad71c6487'}, 'groups': {}, 'datasets': {'id': root/acquisition/event_code_meanings/id DatasetBuilder {'attributes': {'namespace': 'hdmf-common', 'neurodata_type': 'ElementIdentifiers', 'object_id': 'b5b7adf3-e2ec-4a46-b4f4-73435f6f5c6d'}, 'data': <HDF5 dataset "id": shape (26,), type "<i8">}, 'meaning': root/acquisition/event_code_meanings/meaning DatasetBuilder {'attributes': {'description': 'The meaning of the value in the parent CategoricalVectorData object.', 'namespace': 'hdmf-experimental', 'neurodata_type': 'VectorData', 'object_id': '0d1a4bfb-032c-4580-b6c4-5bd0031c7ea5'}, 'data': <StrDataset for HDF5 dataset "meaning": shape (26,), type "|O">}, 'value': root/acquisition/event_code_meanings/value DatasetBuilder {'attributes': {'description': 'The value of the parent CategoricalVectorData object.', 'namespace': 'hdmf-experimental', 'neurodata_type': 'VectorData', 'object_id': '7e5094b6-6ce3-4145-b513-346e1be5b35a'}, 'data': <HDF5 dataset "value": shape (26,), type "<i8">}}, 'links': {}}, "Could not construct MeaningsTable object due to: MeaningsTable.__init__: missing argument 'target'"))
2026-09-20T15:39:15Z INFO [45/2401] 086082bd-bd8f-4914-bef3-a387a30f85f9: not valid; 4.5 s; peak memory 1335 MiB.
2026-09-20T15:39:16Z INFO [46/2401] 08810af6-18d2-4eb1-b80f-5f0641ed3882: valid; 1.3 s; peak memory 1335 MiB.
2026-09-20T15:39:20Z INFO [47/2401] 08a8c181-4214-417c-8eb4-332247312fec: valid; 4.1 s; peak memory 1335 MiB.
2026-09-20T15:39:39Z INFO [48/2401] 08ab0163-a59b-4d65-99cc-6ab84e077c6a: valid; 19.1 s; peak memory 1437 MiB.
2026-09-20T15:39:41Z INFO [49/2401] 08b64925-dfb8-4841-a69d-9e9f81017b82: not valid; 1.9 s; peak memory 1437 MiB.
2026-09-20T15:39:46Z INFO [50/2401] 08c4aa66-4f59-4fbc-9852-1953f9cfdeff: valid; 5.0 s; peak memory 1438 MiB.
2026-09-20T15:39:47Z INFO [50/2401] 08c4aa66-4f59-4fbc-9852-1953f9cfdeff: checkpointed 72010 records.
2026-09-20T15:40:09Z INFO [51/2401] 08d22f6d-a7d7-474b-8109-838f2bdc0d98: valid; 22.3 s; peak memory 1457 MiB.
2026-09-20T15:40:11Z INFO [52/2401] 08eba044-048d-40a4-8a4a-3cbff1c3e32f: not valid; 1.5 s; peak memory 1457 MiB.
2026-09-20T15:40:22Z INFO [53/2401] 093490cf-1939-44a0-a1fc-6cb5c6897942: valid; 10.9 s; peak memory 1815 MiB.
2026-09-20T15:40:23Z INFO [54/2401] 09352a27-a8d6-4601-90c0-6125b61c4c8a: valid; 1.5 s; peak memory 1815 MiB.
2026-09-20T15:40:40Z INFO [55/2401] 099356ce-0f9f-4dd3-8ad5-aba4d5e38a6a: valid; 17.3 s; peak memory 1815 MiB.
2026-09-20T15:40:43Z INFO [56/2401] 09d1c26f-542d-48cc-92fa-fafe654338b1: not valid; 2.5 s; peak memory 1815 MiB.
2026-09-20T15:40:45Z INFO [57/2401] 09da37c3-fada-4fe2-9fb5-5d1a20fbf85b: valid; 2.6 s; peak memory 1816 MiB.
2026-09-20T15:40:57Z INFO [58/2401] 09f877e7-e2b7-411e-95ba-279d3a893514: valid; 11.6 s; peak memory 1873 MiB.
2026-09-20T15:40:58Z INFO [59/2401] 0a4ae04d-9c12-42f4-97bd-c7aeee1807cc: valid; 1.4 s; peak memory 1875 MiB.
2026-09-20T15:41:01Z INFO [60/2401] 0a4c5ab2-75f1-43b8-b3cc-9ee961a5d576: valid; 2.2 s; peak memory 1881 MiB.
2026-09-20T15:41:02Z INFO [61/2401] 0a50e6db-7675-47d5-9965-aaf3d6588bb8: not valid; 1.7 s; peak memory 1881 MiB.
2026-09-20T15:41:03Z INFO [62/2401] 0a628ecd-b8c9-4079-9d53-078b6d5c62de: valid; 1.2 s; peak memory 1881 MiB.
2026-09-20T15:41:07Z INFO [63/2401] 0a706952-9ac3-4729-802c-3530dbfd683e: valid; 3.3 s; peak memory 1881 MiB.
2026-09-20T15:41:08Z INFO [64/2401] 0a866434-ffb9-4773-859c-4880dd06e97d: valid; 1.4 s; peak memory 1881 MiB.
2026-09-20T15:41:10Z INFO [65/2401] 0a96d1cc-e620-4980-a391-d251f93f3cd9: valid; 2.1 s; peak memory 1881 MiB.
2026-09-20T15:41:12Z INFO [66/2401] 0a989a20-1d73-4029-b7b6-f6f622e3d98e: valid; 1.4 s; peak memory 1881 MiB.
2026-09-20T15:41:14Z INFO [67/2401] 0aa0cad2-ebdf-4aad-839e-8d4093a078d9: not valid; 2.2 s; peak memory 1881 MiB.
2026-09-20T15:41:16Z INFO [68/2401] 0ab1ec34-9335-4ce5-9864-4d6c7ae57714: valid; 2.2 s; peak memory 1881 MiB.
2026-09-20T15:41:18Z INFO [69/2401] 0ab44152-0e64-4481-87f6-d31ea073a21f: valid; 1.6 s; peak memory 1881 MiB.
2026-09-20T15:41:20Z WARNING 0ae5b70f-4832-4fca-912f-a5df3c5de668: failed while opening the NWB file (ConstructError: (root/acquisition/_iblmic_audioSpectrogram/bands GroupBuilder {'attributes': {'colnames': array(['freq'], dtype=object), 'description': 'spectogram frequencies', 'namespace': 'core', 'neurodata_type': 'FrequencyBandsTable', 'object_id': 'b0fe6f78-dd30-4bfe-9495-81a46005cd03'}, 'groups': {}, 'datasets': {'freq': root/acquisition/_iblmic_audioSpectrogram/bands/freq DatasetBuilder {'attributes': {'description': 'frequency value', 'namespace': 'hdmf-common', 'neurodata_type': 'VectorData', 'object_id': '5d856600-aa40-4915-875c-7f184984d1ff'}, 'data': <HDF5 dataset "freq": shape (257,), type "<f4">}, 'id': root/acquisition/_iblmic_audioSpectrogram/bands/id DatasetBuilder {'attributes': {'namespace': 'hdmf-common', 'neurodata_type': 'ElementIdentifiers', 'object_id': '8b81647a-8dbe-47b4-a0ee-4b6883781168'}, 'data': <HDF5 dataset "id": shape (257,), type "<i4">}}, 'links': {}}, "Could not construct FrequencyBandsTable object due to: column must have the same number of rows as 'id'"))
2026-09-20T15:41:20Z WARNING 0aed5887-b3d9-467d-9fb4-450488adca5f: failed while retrieving asset information from the DANDI API (NotFoundError: No asset at path 'sub-460434/sub-460434_ses-20191115T135939_behavior+ecephys+ogen.nwb' in version 0.231012.2129. Verify the path is correct and the asset exists in this version. Use 'dandi ls' to list available assets.)
2026-09-20T15:41:42Z INFO [72/2401] 0b11e830-ca44-4efd-aca1-ca9a87f95c9a: not valid; 22.5 s; peak memory 1881 MiB.
2026-09-20T15:41:44Z INFO [73/2401] 0b2d8749-336d-472a-bceb-cefbbbc142af: not valid; 2.0 s; peak memory 1881 MiB.
2026-09-20T15:41:46Z INFO [74/2401] 0b30c4fa-adde-4fd1-991b-162a9c212d96: valid; 1.9 s; peak memory 1881 MiB.
2026-09-20T15:41:48Z INFO [75/2401] 0b54c44f-4f73-447e-adbf-50b0d8ad1dac: not valid; 1.9 s; peak memory 1881 MiB.
2026-09-20T15:41:50Z INFO [76/2401] 0b70a2af-9a4c-488b-af45-0de8852d5d54: not valid; 2.0 s; peak memory 1881 MiB.
2026-09-20T15:41:52Z INFO [77/2401] 0ba5c0ae-bb41-4b08-87d4-2a7bda86d2ce: valid; 2.1 s; peak memory 1881 MiB.
2026-09-20T15:41:54Z INFO [78/2401] 0baa3982-6f2a-4925-abd5-c89e4993c80d: valid; 1.4 s; peak memory 1881 MiB.
2026-09-20T15:41:56Z INFO [79/2401] 0bb71274-3055-46c4-bfdd-bfe10b0c6e27: valid; 2.6 s; peak memory 1881 MiB.
2026-09-20T15:42:01Z INFO [80/2401] 0bba861a-466b-4aac-bcbd-c5c2664a8789: not valid; 4.4 s; peak memory 1881 MiB.
2026-09-20T15:42:03Z INFO [81/2401] 0bbaa218-9334-411c-beb2-d488605cc9af: not valid; 2.0 s; peak memory 1881 MiB.
2026-09-20T15:42:04Z INFO [82/2401] 0bd4648b-e229-42b3-88a6-2be80db80278: not valid; 1.8 s; peak memory 1881 MiB.
2026-09-20T15:42:07Z INFO [83/2401] 0c09284b-eb04-48cb-8ebe-d0130bad50c8: valid; 2.7 s; peak memory 1881 MiB.
2026-09-20T15:42:14Z INFO [84/2401] 0c143a4b-ba8c-430d-80d2-d816f8abe0af: valid; 7.4 s; peak memory 1881 MiB.
2026-09-20T15:42:16Z INFO [85/2401] 0c27b238-e531-4c26-80d9-43936e5e90dc: valid; 1.6 s; peak memory 1881 MiB.
2026-09-20T15:42:23Z INFO [86/2401] 0c3b2536-7864-4a49-91c7-7bf2e986450a: not valid; 6.9 s; peak memory 1881 MiB.
2026-09-20T15:42:24Z INFO [87/2401] 0c8bb385-2295-465d-8a25-a70611011706: not valid; 1.6 s; peak memory 1881 MiB.
2026-09-20T15:42:26Z INFO [88/2401] 0ca335c3-acb0-4c07-9968-d0acfb7ce58a: valid; 1.4 s; peak memory 1881 MiB.
2026-09-20T15:42:29Z INFO [89/2401] 0cc2d811-c67a-44c3-89d4-62e4d3a19b06: valid; 2.8 s; peak memory 1881 MiB.
2026-09-20T15:42:32Z INFO [90/2401] 0cd20d29-8152-4915-a063-1a3cbb4d6270: not valid; 3.6 s; peak memory 1881 MiB.
2026-09-20T15:42:35Z INFO [91/2401] 0d072f71-6cca-4d47-bb60-3f1c4f4e285b: valid; 2.7 s; peak memory 1881 MiB.
2026-09-20T15:42:35Z WARNING 0d1fc3b0-4b3f-434e-8f1b-17512b9ceb2f: failed while retrieving asset information from the DANDI API (NotFoundError: No asset at path 'sub-717439/sub-717439_ses-1332563048_probe-1_ecephys.nwb' in version 0.250311.2145. Verify the path is correct and the asset exists in this version. Use 'dandi ls' to list available assets.)
2026-09-20T15:42:42Z INFO [93/2401] 0d23f50b-38ac-439c-adcf-be93e1c03b99: valid; 7.4 s; peak memory 1881 MiB.
2026-09-20T15:42:44Z INFO [94/2401] 0d30a829-f567-4453-aa8b-55b0a5fd21d8: valid; 1.7 s; peak memory 1881 MiB.
2026-09-20T15:42:44Z WARNING 0d3d6457-531f-4853-b517-3b197ebac701: failed while retrieving asset information from the DANDI API (NotFoundError: No asset at path 'sub-parkinson-simulated-beta/sub-parkinson-simulated-beta_ses-3907_ecephys.nwb' in version 0.250327.2220. Verify the path is correct and the asset exists in this version. Use 'dandi ls' to list available assets.)
2026-09-20T15:42:46Z INFO [96/2401] 0d8450e8-6064-4110-87f3-79138576cd61: valid; 2.1 s; peak memory 1881 MiB.
2026-09-20T15:42:49Z WARNING 0d87a841-d4ea-44dd-9e9f-8950da7130bf: failed while opening the NWB file (ConstructError: (root/acquisition/_iblmic_audioSpectrogram/bands GroupBuilder {'attributes': {'colnames': array(['freq'], dtype=object), 'description': 'spectogram frequencies', 'namespace': 'core', 'neurodata_type': 'FrequencyBandsTable', 'object_id': '25d84803-a45a-4ad0-a93f-687f385b4ee9'}, 'groups': {}, 'datasets': {'freq': root/acquisition/_iblmic_audioSpectrogram/bands/freq DatasetBuilder {'attributes': {'description': 'frequency value', 'namespace': 'hdmf-common', 'neurodata_type': 'VectorData', 'object_id': 'b3270295-5100-4123-ad72-8e9db153cb0f'}, 'data': <HDF5 dataset "freq": shape (257,), type "<f4">}, 'id': root/acquisition/_iblmic_audioSpectrogram/bands/id DatasetBuilder {'attributes': {'namespace': 'hdmf-common', 'neurodata_type': 'ElementIdentifiers', 'object_id': '8d08d85a-0e2e-4659-9364-1396f56ad0c7'}, 'data': <HDF5 dataset "id": shape (257,), type "<i4">}}, 'links': {}}, "Could not construct FrequencyBandsTable object due to: column must have the same number of rows as 'id'"))
2026-09-20T15:42:51Z INFO [98/2401] 0d94ee87-b6b6-4c1d-a58c-a9c0c2adf87e: valid; 2.2 s; peak memory 1881 MiB.
2026-09-20T15:42:54Z INFO [99/2401] 0dab699c-f300-414b-a3f1-1485949d9a41: valid; 3.2 s; peak memory 1881 MiB.
2026-09-20T15:42:56Z INFO [100/2401] 0dce0d96-eb0e-4152-a7b6-6f2c86f25bbd: valid; 2.2 s; peak memory 1881 MiB.
2026-09-20T15:42:57Z INFO [100/2401] 0dce0d96-eb0e-4152-a7b6-6f2c86f25bbd: checkpointed 72010 records.
2026-09-20T15:42:58Z INFO [101/2401] 0dd3ae70-6325-4249-a9b6-0a86e4c053bc: valid; 1.5 s; peak memory 1881 MiB.
2026-09-20T15:43:00Z INFO [102/2401] 0de2316f-187b-4133-a36e-ce2f9a993582: valid; 1.7 s; peak memory 1881 MiB.
2026-09-20T15:43:01Z INFO [103/2401] 0e284a63-d87a-4442-be50-c622d9aab78a: valid; 1.4 s; peak memory 1881 MiB.
2026-09-20T15:43:12Z INFO [104/2401] 0e2ec629-aec7-4a11-bed8-942c093fb245: valid; 11.1 s; peak memory 1881 MiB.
2026-09-20T15:43:15Z INFO [105/2401] 0e76aac3-f96e-4126-8fec-0ca970ea4994: valid; 2.3 s; peak memory 1881 MiB.
2026-09-20T15:43:17Z INFO [106/2401] 0e774997-3f90-4fb8-a4ec-c433bd32f379: not valid; 2.1 s; peak memory 1881 MiB.
2026-09-20T15:43:27Z INFO [107/2401] 0e8b8141-0d81-4caa-872a-4b5d5088f50c: valid; 9.9 s; peak memory 1881 MiB.
2026-09-20T15:43:30Z INFO [108/2401] 0e956bd2-8efc-456b-b919-c9cb73aeb603: valid; 2.9 s; peak memory 1881 MiB.
2026-09-20T15:43:31Z INFO [109/2401] 0e9b4b33-5017-471d-a123-47a211b2c5f2: valid; 1.4 s; peak memory 1881 MiB.
2026-09-20T15:43:34Z INFO [110/2401] 0ecc83bb-8a12-45bc-abb3-62cdd03f1b6f: valid; 2.6 s; peak memory 1881 MiB.
2026-09-20T15:43:35Z INFO [111/2401] 0ed5feea-0367-40e9-8573-71b069c586ff: not valid; 1.6 s; peak memory 1881 MiB.
2026-09-20T15:43:37Z INFO [112/2401] 0ed68e90-13f4-4618-bd35-fa5b95e621ce: valid; 1.8 s; peak memory 1881 MiB.
2026-09-20T15:43:39Z INFO [113/2401] 0ed68f64-16db-4be8-b23d-22d38a134329: valid; 1.4 s; peak memory 1881 MiB.
2026-09-20T15:43:41Z INFO [114/2401] 0edf6698-740e-488f-8740-3af0fe04237c: valid; 2.2 s; peak memory 1881 MiB.
2026-09-20T15:43:42Z INFO [115/2401] 0ee335cc-f6a3-405c-aaee-0d168c02408a: valid; 1.3 s; peak memory 1881 MiB.
2026-09-20T15:43:45Z INFO [116/2401] 0efd65aa-3ab8-428f-bb4b-036fcfeb6ded: valid; 2.7 s; peak memory 1881 MiB.
2026-09-20T15:43:47Z WARNING 0f237d13-fd76-4076-a22b-bf089339aaf8: failed while opening the NWB file (ConstructError: (root/acquisition/_iblmic_audioSpectrogram/bands GroupBuilder {'attributes': {'colnames': array(['freq'], dtype=object), 'description': 'spectogram frequencies', 'namespace': 'core', 'neurodata_type': 'FrequencyBandsTable', 'object_id': 'e7cfa610-e3ca-4777-855c-b4d889ac3158'}, 'groups': {}, 'datasets': {'freq': root/acquisition/_iblmic_audioSpectrogram/bands/freq DatasetBuilder {'attributes': {'description': 'frequency value', 'namespace': 'hdmf-common', 'neurodata_type': 'VectorData', 'object_id': 'ae210b3a-9247-46aa-8661-def78587cf7f'}, 'data': <HDF5 dataset "freq": shape (257,), type "<f4">}, 'id': root/acquisition/_iblmic_audioSpectrogram/bands/id DatasetBuilder {'attributes': {'namespace': 'hdmf-common', 'neurodata_type': 'ElementIdentifiers', 'object_id': 'd8a92321-7f1b-49ca-851e-6b05a53a6206'}, 'data': <HDF5 dataset "id": shape (257,), type "<i4">}}, 'links': {}}, "Could not construct FrequencyBandsTable object due to: column must have the same number of rows as 'id'"))
2026-09-20T15:43:48Z INFO [118/2401] 0f377daf-1480-4785-bfd7-c22b793511de: valid; 1.5 s; peak memory 1881 MiB.
2026-09-20T15:44:18Z INFO [119/2401] 0f6ac45c-3e1d-4db4-982c-ff5949f42b8d: valid; 30.0 s; peak memory 1887 MiB.
2026-09-20T15:44:22Z INFO [120/2401] 0f866387-f613-4532-8f96-8e108cee54dc: not valid; 3.8 s; peak memory 1897 MiB.
2026-09-20T15:44:24Z INFO [121/2401] 0fb08f7f-a5fa-446b-bb54-d8a882bf97ac: valid; 1.7 s; peak memory 1900 MiB.
2026-09-20T15:44:27Z INFO [122/2401] 0fc23628-ca0a-4afb-adcd-0ea77dcb1e4e: valid; 2.6 s; peak memory 1903 MiB.
2026-09-20T15:44:28Z INFO [123/2401] 0fcc9a20-743b-4167-b20a-e4984b0526d4: valid; 1.5 s; peak memory 1903 MiB.
2026-09-20T15:44:31Z INFO [124/2401] 0fdca7b9-d7e4-4559-b5c2-464cdf153689: valid; 3.0 s; peak memory 1903 MiB.
2026-09-20T15:44:33Z WARNING 0ffc151d-d58c-4e2b-b8b9-4f552914af25: failed while opening the NWB file (ConstructError: (root/acquisition/_iblmic_audioSpectrogram/bands GroupBuilder {'attributes': {'colnames': array(['freq'], dtype=object), 'description': 'spectogram frequencies', 'namespace': 'core', 'neurodata_type': 'FrequencyBandsTable', 'object_id': '6531251b-8a48-45f6-aa1a-5603e6366879'}, 'groups': {}, 'datasets': {'freq': root/acquisition/_iblmic_audioSpectrogram/bands/freq DatasetBuilder {'attributes': {'description': 'frequency value', 'namespace': 'hdmf-common', 'neurodata_type': 'VectorData', 'object_id': 'b6452605-ba42-4079-87d5-724585bf3316'}, 'data': <HDF5 dataset "freq": shape (257,), type "<f4">}, 'id': root/acquisition/_iblmic_audioSpectrogram/bands/id DatasetBuilder {'attributes': {'namespace': 'hdmf-common', 'neurodata_type': 'ElementIdentifiers', 'object_id': '85f1d876-6a94-434e-b92d-0d2ef61ed80e'}, 'data': <HDF5 dataset "id": shape (257,), type "<i4">}}, 'links': {}}, "Could not construct FrequencyBandsTable object due to: column must have the same number of rows as 'id'"))
2026-09-20T15:44:36Z INFO [126/2401] 1045dfcf-ed2e-4f51-b0af-577f87dd67f4: valid; 2.8 s; peak memory 1918 MiB.
2026-09-20T15:44:49Z INFO [127/2401] 104ddb62-daec-48ce-b6d4-8d641b6bdb73: valid; 13.4 s; peak memory 2097 MiB.
2026-09-20T15:44:52Z INFO [128/2401] 1050ec24-85a5-40a7-97fe-a0d7c365f00d: valid; 2.9 s; peak memory 2097 MiB.
2026-09-20T15:45:05Z INFO [129/2401] 107435e8-effc-4cda-8ebe-4e7566c74bb4: valid; 12.6 s; peak memory 2097 MiB.
2026-09-20T15:45:07Z INFO [130/2401] 10ada84f-5efd-4457-a73d-101188bedc11: valid; 2.5 s; peak memory 2097 MiB.
2026-09-20T15:45:09Z INFO [131/2401] 111aed01-b5e0-4b26-a321-e8b59dbff571: valid; 1.7 s; peak memory 2097 MiB.
2026-09-20T15:45:12Z INFO [132/2401] 1167b8d2-be33-4d18-967c-9912838268cc: not valid; 2.6 s; peak memory 2099 MiB.
2026-09-20T15:45:14Z INFO [133/2401] 117f2f19-be97-42e5-b18b-f0e09153f7ef: valid; 2.2 s; peak memory 2099 MiB.
2026-09-20T15:45:18Z INFO [134/2401] 1182f701-4376-42ae-a5ea-2badc8cc6d90: not valid; 3.6 s; peak memory 2099 MiB.
2026-09-20T15:45:20Z INFO [135/2401] 119a43ae-ed15-43e7-ac3b-0cf771ababe2: valid; 2.1 s; peak memory 2099 MiB.
2026-09-20T15:45:27Z INFO [136/2401] 11ef175c-fa12-4497-96f3-ee3327e8457c: valid; 7.8 s; peak memory 2099 MiB.
2026-09-20T15:45:30Z INFO [137/2401] 11f7f6d6-0b2c-4d85-8fe5-957089c5b91b: valid; 2.4 s; peak memory 2099 MiB.
2026-09-20T15:45:33Z INFO [138/2401] 11ff90f8-fca8-4a47-9d01-671086fa0474: valid; 3.2 s; peak memory 2099 MiB.
2026-09-20T15:45:41Z INFO [139/2401] 1204d1ee-a127-49be-a909-fcb6aa41dca1: valid; 8.4 s; peak memory 2099 MiB.
2026-09-20T15:45:51Z INFO [140/2401] 121474ca-37f6-4cf8-829c-df005b2b438b: valid; 9.3 s; peak memory 2236 MiB.
2026-09-20T15:45:53Z INFO [141/2401] 12182a2f-baf6-419c-b923-1e767705f6f8: valid; 2.1 s; peak memory 2236 MiB.
2026-09-20T15:45:55Z INFO [142/2401] 121c3ebd-055c-481b-9ecd-26d5392483fc: valid; 2.4 s; peak memory 2236 MiB.
2026-09-20T15:45:58Z INFO [143/2401] 122ff931-aad6-4114-a496-3c99f2f199eb: valid; 2.3 s; peak memory 2236 MiB.
2026-09-20T15:46:02Z INFO [144/2401] 1235a9bd-37e1-480a-850b-50bf6f46d0d7: not valid; 4.5 s; peak memory 2236 MiB.
2026-09-20T15:46:04Z INFO [145/2401] 12360145-b7d8-495a-82a8-7ece2a9431f4: valid; 1.5 s; peak memory 2236 MiB.
2026-09-20T15:46:07Z INFO [146/2401] 125d8aed-ad09-4f17-9a40-8b0e643f6cd5: valid; 3.0 s; peak memory 2236 MiB.
2026-09-20T15:46:09Z INFO [147/2401] 12624d02-5c86-46d7-b2ea-64a832431c8d: valid; 2.1 s; peak memory 2236 MiB.
2026-09-20T15:46:10Z INFO [148/2401] 126465d6-75e9-4e19-a8ef-b588f7051e75: valid; 1.2 s; peak memory 2236 MiB.
2026-09-20T15:46:12Z INFO [149/2401] 12659b15-dc9a-4035-bd26-97c2f495d234: valid; 2.4 s; peak memory 2236 MiB.
2026-09-20T15:46:15Z INFO [150/2401] 126bf015-78d0-47c3-81ff-960a0e14a080: valid; 3.0 s; peak memory 2236 MiB.
2026-09-20T15:46:16Z INFO [150/2401] 126bf015-78d0-47c3-81ff-960a0e14a080: checkpointed 72010 records.
2026-09-20T15:46:19Z INFO [151/2401] 12763d19-c39b-4754-9e82-2a6ef277e44a: valid; 3.2 s; peak memory 2236 MiB.
2026-09-20T15:46:22Z INFO [152/2401] 127a9044-7327-4729-8fbb-6535236d7362: valid; 3.5 s; peak memory 2236 MiB.
2026-09-20T15:46:24Z INFO [153/2401] 127ad752-4569-4f46-8343-370e45a10109: not valid; 1.5 s; peak memory 2236 MiB.
2026-09-20T15:46:43Z INFO [154/2401] 128757ff-7004-4c5d-a8e2-61b3e9c3ca82: valid; 19.4 s; peak memory 2236 MiB.
2026-09-20T15:46:45Z INFO [155/2401] 12973ac9-10a7-47df-b6d6-52078e71f78b: not valid; 1.9 s; peak memory 2236 MiB.
2026-09-20T15:46:48Z INFO [156/2401] 129fc40e-79eb-49f8-8540-72e7b4470f95: not valid; 2.5 s; peak memory 2236 MiB.
2026-09-20T15:46:49Z INFO [157/2401] 12ae19bc-7ff2-4b9c-994e-5e633126ba28: valid; 1.6 s; peak memory 2236 MiB.
2026-09-20T15:46:51Z INFO [158/2401] 12b10d3b-d9d3-4477-aa74-146783c0d592: valid; 1.4 s; peak memory 2236 MiB.
2026-09-20T15:46:59Z INFO [159/2401] 12cf1e51-01f5-4e44-b024-7675c061b03e: valid; 8.3 s; peak memory 2236 MiB.
2026-09-20T15:47:01Z INFO [160/2401] 12d46f1c-0b6e-4a82-a954-8602caa8b227: valid; 1.4 s; peak memory 2236 MiB.
2026-09-20T15:47:02Z INFO [161/2401] 1384411c-7689-4796-96ef-e44f0f27666a: valid; 1.4 s; peak memory 2236 MiB.
2026-09-20T15:47:06Z INFO [162/2401] 13caa0a8-1a2d-4975-ae1f-19960a8b5d3e: not valid; 4.2 s; peak memory 2245 MiB.
2026-09-20T15:47:08Z WARNING 13dfa72a-7c93-492c-ad07-eb3909f6a0f8: failed while opening the NWB file (ConstructError: (root/acquisition/_iblmic_audioSpectrogram/bands GroupBuilder {'attributes': {'colnames': array(['freq'], dtype=object), 'description': 'spectogram frequencies', 'namespace': 'core', 'neurodata_type': 'FrequencyBandsTable', 'object_id': '22b357be-f98c-46f9-9861-f4722789a8ed'}, 'groups': {}, 'datasets': {'freq': root/acquisition/_iblmic_audioSpectrogram/bands/freq DatasetBuilder {'attributes': {'description': 'frequency value', 'namespace': 'hdmf-common', 'neurodata_type': 'VectorData', 'object_id': 'ccf02f8b-43b3-409f-a989-1f25ef71d452'}, 'data': <HDF5 dataset "freq": shape (257,), type "<f4">}, 'id': root/acquisition/_iblmic_audioSpectrogram/bands/id DatasetBuilder {'attributes': {'namespace': 'hdmf-common', 'neurodata_type': 'ElementIdentifiers', 'object_id': 'a1b4672f-d5d8-41bb-aa30-24dcd877e8ed'}, 'data': <HDF5 dataset "id": shape (257,), type "<i4">}}, 'links': {}}, "Could not construct FrequencyBandsTable object due to: column must have the same number of rows as 'id'"))
2026-09-20T15:47:10Z INFO [164/2401] 14651cf8-07a8-418f-aeb7-3d648c503015: valid; 1.6 s; peak memory 2247 MiB.
2026-09-20T15:47:10Z WARNING 146e2915-0658-4da5-a8c6-a45e1f965a07: failed while retrieving asset information from the DANDI API (NotFoundError: No asset at path 'sub-09/sub-09_ses-20150115T144300_obj-1qba6e_behavior+ecephys.nwb' in version 0.250815.1108. Verify the path is correct and the asset exists in this version. Use 'dandi ls' to list available assets.)
2026-09-20T15:47:12Z INFO [166/2401] 1487d65f-2507-41dd-b22f-ad19edb31494: valid; 1.6 s; peak memory 2252 MiB.
2026-09-20T15:47:13Z INFO [167/2401] 149a3487-59d8-4636-a454-eedccc4ce2da: valid; 1.4 s; peak memory 2252 MiB.
2026-09-20T15:47:14Z INFO [168/2401] 14b4d1e9-5c04-4332-95bb-d45a5b894e64: valid; 1.3 s; peak memory 2254 MiB.
2026-09-20T15:47:16Z INFO [169/2401] 14ce5d0a-aeec-4043-9f56-0e65191f223d: not valid; 1.6 s; peak memory 2256 MiB.
2026-09-20T15:47:18Z INFO [170/2401] 14f64b69-e916-4243-b4ff-11b3650d8db7: valid; 1.6 s; peak memory 2258 MiB.
2026-09-20T15:47:19Z INFO [171/2401] 1505905b-fa26-4932-8045-ab03b628da76: valid; 1.4 s; peak memory 2261 MiB.
2026-09-20T15:47:20Z INFO [172/2401] 1517f562-2580-4f6b-bf09-4d844808bd60: valid; 1.3 s; peak memory 2261 MiB.
2026-09-20T15:47:22Z INFO [173/2401] 152d1955-60a5-4732-94ca-bb0132a00bcd: valid; 1.4 s; peak memory 2263 MiB.
2026-09-20T15:47:24Z INFO [174/2401] 154c7c6f-3219-4eab-bfc2-7f3be44a252b: not valid; 2.0 s; peak memory 2266 MiB.
2026-09-20T15:47:26Z INFO [175/2401] 158f73bf-ff2f-4935-bde0-f68595459fc7: not valid; 1.9 s; peak memory 2266 MiB.
2026-09-20T15:47:28Z INFO [176/2401] 15c1c4f0-2ab4-4bcf-b286-0213a5c6d544: valid; 2.1 s; peak memory 2268 MiB.
2026-09-20T15:47:30Z INFO [177/2401] 15c9a5d9-9934-4b78-9709-e08684b6f176: not valid; 1.8 s; peak memory 2271 MiB.
2026-09-20T15:47:32Z INFO [178/2401] 15d2851e-aa51-407b-b459-1b240a4201d6: valid; 2.4 s; peak memory 2282 MiB.
2026-09-20T15:47:34Z INFO [179/2401] 15d358f8-13b4-49d8-b8a4-134762300de6: valid; 2.3 s; peak memory 2293 MiB.
2026-09-20T15:47:36Z INFO [180/2401] 15ead082-5276-49e0-96ec-7f9a1a5ba939: not valid; 1.7 s; peak memory 2294 MiB.
2026-09-20T15:47:39Z INFO [181/2401] 15f2e4c7-ffcf-422e-b8d4-1d174ba89ce4: valid; 3.3 s; peak memory 2302 MiB.
2026-09-20T15:47:41Z INFO [182/2401] 15f4dae7-d30f-48b4-88b9-d13c5d4fe863: valid; 2.1 s; peak memory 2306 MiB.
2026-09-20T15:47:43Z WARNING 160571c5-7136-47ab-a393-3229c4148fc1: failed while opening the NWB file (ConstructError: (root/acquisition/event_code_meanings GroupBuilder {'attributes': {'colnames': array(['value', 'meaning'], dtype=object), 'description': 'Mapping integer event codes to event labels', 'namespace': 'ndx-events', 'neurodata_type': 'MeaningsTable', 'object_id': 'd530cb73-a13d-4cce-ba05-6b3e589c1730'}, 'groups': {}, 'datasets': {'id': root/acquisition/event_code_meanings/id DatasetBuilder {'attributes': {'namespace': 'hdmf-common', 'neurodata_type': 'ElementIdentifiers', 'object_id': '1f91a6a9-8b09-4dc8-9047-165ff0059810'}, 'data': <HDF5 dataset "id": shape (26,), type "<i8">}, 'meaning': root/acquisition/event_code_meanings/meaning DatasetBuilder {'attributes': {'description': 'The meaning of the value in the parent CategoricalVectorData object.', 'namespace': 'hdmf-experimental', 'neurodata_type': 'VectorData', 'object_id': '50f6819c-c434-4d52-9c8c-8f55b3570407'}, 'data': <StrDataset for HDF5 dataset "meaning": shape (26,), type "|O">}, 'value': root/acquisition/event_code_meanings/value DatasetBuilder {'attributes': {'description': 'The value of the parent CategoricalVectorData object.', 'namespace': 'hdmf-experimental', 'neurodata_type': 'VectorData', 'object_id': '35c9f7a7-ef7e-4745-ab8a-555b026a0178'}, 'data': <HDF5 dataset "value": shape (26,), type "<i8">}}, 'links': {}}, "Could not construct MeaningsTable object due to: MeaningsTable.__init__: missing argument 'target'"))
2026-09-20T15:47:46Z INFO [184/2401] 1628d369-a652-456c-a9fd-d84bc41c4af0: valid; 2.6 s; peak memory 2306 MiB.
2026-09-20T15:47:53Z INFO [185/2401] 163f0032-63dc-4d6e-8607-58d94022e6a3: valid; 7.0 s; peak memory 2306 MiB.
2026-09-20T15:47:56Z INFO [186/2401] 16b0e912-abe7-42b8-921a-1f06d928eba6: not valid; 2.9 s; peak memory 2306 MiB.
2026-09-20T15:48:02Z INFO [187/2401] 16c8f456-a593-4700-ba8b-3304bb5e7b40: valid; 5.9 s; peak memory 2307 MiB.
2026-09-20T15:48:03Z INFO [188/2401] 16f625f9-3003-42ac-ae4e-74205585c016: not valid; 1.6 s; peak memory 2307 MiB.
2026-09-20T15:48:16Z INFO [189/2401] 170facc2-398f-475b-9ca9-e13b52fb998c: valid; 12.6 s; peak memory 2380 MiB.
2026-09-20T15:48:17Z INFO [190/2401] 17315c80-a430-421c-852d-a5ef0e56c8f4: valid; 1.4 s; peak memory 2381 MiB.
2026-09-20T15:48:29Z INFO [191/2401] 1740615d-c726-4c6d-bc72-d52c881df467: valid; 11.3 s; peak memory 2429 MiB.
2026-09-20T15:48:30Z INFO [192/2401] 176a12df-f331-48fd-a337-7e11af56a68f: not valid; 1.8 s; peak memory 2433 MiB.
2026-09-20T15:48:33Z INFO [193/2401] 176b0441-7524-4a88-ac85-b89d39111e2e: valid; 2.7 s; peak memory 2442 MiB.
2026-09-20T15:48:35Z INFO [194/2401] 17a96b16-165c-4e6e-a986-9375ada90301: valid; 1.4 s; peak memory 2444 MiB.
2026-09-20T15:48:36Z INFO [195/2401] 17afb3c0-1f92-40ec-be7a-f8966b0930ba: valid; 1.4 s; peak memory 2446 MiB.
2026-09-20T15:48:39Z INFO [196/2401] 17e39e05-d6f1-4d8c-963e-a53ddf0cc024: valid; 2.8 s; peak memory 2463 MiB.
2026-09-20T15:48:55Z INFO [197/2401] 183437c7-4c56-4ed0-acbf-1270fc862e2b: valid; 16.2 s; peak memory 2547 MiB.
2026-09-20T15:49:05Z INFO [198/2401] 184362d0-5042-416f-8786-ac63cba6c9b0: valid; 10.5 s; peak memory 2592 MiB.
2026-09-20T15:49:07Z INFO [199/2401] 1854bb9f-7393-465c-8481-c91a838b26f7: valid; 1.5 s; peak memory 2594 MiB.
2026-09-20T15:49:09Z INFO [200/2401] 1868b6d8-7026-4333-a5ff-ace28fd1b88f: valid; 2.1 s; peak memory 2594 MiB.
2026-09-20T15:49:10Z INFO [200/2401] 1868b6d8-7026-4333-a5ff-ace28fd1b88f: checkpointed 72010 records.
2026-09-20T15:49:11Z INFO [201/2401] 18823d35-6ffa-45da-b8ac-13f44f45e951: valid; 1.7 s; peak memory 2596 MiB.
2026-09-20T15:49:13Z INFO [202/2401] 18a49a65-0e65-40dd-8477-afe85bb3d447: valid; 2.0 s; peak memory 2596 MiB.
2026-09-20T15:49:22Z INFO [203/2401] 18ae46f9-c34a-4274-bda5-8bd50539eb1f: valid; 8.6 s; peak memory 2596 MiB.
2026-09-20T15:49:26Z INFO [204/2401] 18b505d6-55c0-424c-9be8-94641fa79a62: valid; 4.3 s; peak memory 2596 MiB.
2026-09-20T15:49:29Z INFO [205/2401] 18ce4f3f-69e8-48fb-b186-1341bc6b34c4: valid; 2.8 s; peak memory 2596 MiB.
2026-09-20T15:49:31Z INFO [206/2401] 18d527d8-1ecf-428b-95c1-3dc745a2c37c: valid; 1.8 s; peak memory 2596 MiB.
2026-09-20T15:49:33Z WARNING 192d767d-a751-4a60-becb-6bc4f8677941: failed while opening the NWB file (ConstructError: (root/acquisition/_iblmic_audioSpectrogram/bands GroupBuilder {'attributes': {'colnames': array(['freq'], dtype=object), 'description': 'spectogram frequencies', 'namespace': 'core', 'neurodata_type': 'FrequencyBandsTable', 'object_id': '94357acf-4322-4529-a37b-523ab872e719'}, 'groups': {}, 'datasets': {'freq': root/acquisition/_iblmic_audioSpectrogram/bands/freq DatasetBuilder {'attributes': {'description': 'frequency value', 'namespace': 'hdmf-common', 'neurodata_type': 'VectorData', 'object_id': '8ee006b7-aa0e-45fb-882d-febb25bac776'}, 'data': <HDF5 dataset "freq": shape (257,), type "<f4">}, 'id': root/acquisition/_iblmic_audioSpectrogram/bands/id DatasetBuilder {'attributes': {'namespace': 'hdmf-common', 'neurodata_type': 'ElementIdentifiers', 'object_id': '38beebe7-0e18-4e10-994f-c1ab5e3eb017'}, 'data': <HDF5 dataset "id": shape (257,), type "<i4">}}, 'links': {}}, "Could not construct FrequencyBandsTable object due to: column must have the same number of rows as 'id'"))
2026-09-20T15:49:34Z INFO [208/2401] 19479bc7-594f-4489-96e6-027a3f3172da: valid; 1.4 s; peak memory 2596 MiB.
2026-09-20T15:49:36Z INFO [209/2401] 19507eba-fc9e-4957-b953-737baa620220: valid; 1.8 s; peak memory 2596 MiB.
2026-09-20T15:49:43Z INFO [210/2401] 197b7f26-a258-4090-9cb5-41ea78de6942: valid; 7.1 s; peak memory 2596 MiB.
2026-09-20T15:49:45Z INFO [211/2401] 19876840-7bf1-4246-9e74-b5dc0639d0e6: valid; 2.2 s; peak memory 2596 MiB.
2026-09-20T15:49:45Z WARNING 19a6278f-2922-4e32-8b5d-212a70642f50: failed while retrieving asset information from the DANDI API (NotFoundError: No asset at path 'sub-460432/sub-460432_ses-20191220T140433_behavior+ecephys+ogen.nwb' in version 0.231012.2129. Verify the path is correct and the asset exists in this version. Use 'dandi ls' to list available assets.)
2026-09-20T15:49:47Z INFO [213/2401] 19a87893-5f52-45a0-a1f1-2daee5f1d788: valid; 1.4 s; peak memory 2596 MiB.
2026-09-20T15:49:49Z INFO [214/2401] 19d7a4e8-9a40-4a3d-8dd7-7a0dcf91568f: valid; 2.1 s; peak memory 2596 MiB.
2026-09-20T15:49:55Z INFO [215/2401] 19df8423-c51e-40bf-96d5-a55d7fe21e8b: valid; 6.5 s; peak memory 2596 MiB.
2026-09-20T15:50:12Z INFO [216/2401] 1a327ecd-597f-4a58-a1b9-19d2ead083a3: valid; 16.6 s; peak memory 2596 MiB.
2026-09-20T15:50:24Z INFO [217/2401] 1a4472bc-bd57-415f-a577-5819277ba735: valid; 11.8 s; peak memory 2596 MiB.
2026-09-20T15:50:27Z INFO [218/2401] 1a4a64fb-d17b-4b73-8f53-7980bd7087d3: valid; 2.8 s; peak memory 2596 MiB.
2026-09-20T15:50:29Z INFO [219/2401] 1a76be31-3712-4efa-acf4-4e6e59fff19a: not valid; 2.2 s; peak memory 2596 MiB.
2026-09-20T15:50:31Z INFO [220/2401] 1a99178e-059d-490e-a4ac-aff23fe533c8: not valid; 2.0 s; peak memory 2596 MiB.
2026-09-20T15:50:34Z INFO [221/2401] 1aa3604b-053e-4811-8916-9eede4fa0c10: valid; 3.0 s; peak memory 2597 MiB.
2026-09-20T15:50:37Z INFO [222/2401] 1ac6147a-8e90-45fa-96c5-4e79674cca6f: valid; 3.0 s; peak memory 2597 MiB.
2026-09-20T15:50:39Z INFO [223/2401] 1acd264e-4c73-4402-88f9-cb5d9d95e5e3: valid; 2.0 s; peak memory 2597 MiB.
2026-09-20T15:50:41Z INFO [224/2401] 1ae3f3c3-cc71-465c-8431-64a2c271f0a5: not valid; 1.9 s; peak memory 2598 MiB.
2026-09-20T15:50:43Z INFO [225/2401] 1b08be70-ea86-4758-b961-577097d1f7a5: not valid; 1.8 s; peak memory 2598 MiB.
2026-09-20T15:50:44Z INFO [226/2401] 1b0991b9-4b1c-497f-bda5-b232ec5b1c57: valid; 1.8 s; peak memory 2599 MiB.
2026-09-20T15:50:47Z INFO [227/2401] 1b363ddb-005e-489b-b7d0-7e96cabc0211: valid; 2.5 s; peak memory 2599 MiB.
2026-09-20T15:50:48Z INFO [228/2401] 1b6cf6eb-0d1a-484f-a1f0-521b962d00aa: valid; 1.1 s; peak memory 2599 MiB.
2026-09-20T15:50:49Z INFO [229/2401] 1bc409cd-5e97-4692-a3cd-d2b552e6ec3d: valid; 1.3 s; peak memory 2599 MiB.
2026-09-20T15:51:02Z INFO [230/2401] 1bdd5464-dbf8-42ef-9d90-0b3f59ee56cd: valid; 12.3 s; peak memory 2599 MiB.
2026-09-20T15:51:10Z INFO [231/2401] 1bddc65e-c26a-4d53-a7be-81de1fe2ceae: valid; 8.1 s; peak memory 2599 MiB.
2026-09-20T15:51:11Z INFO [232/2401] 1bf8962e-4c54-48d4-9125-2ff3c44ae8c2: valid; 1.3 s; peak memory 2599 MiB.
2026-09-20T15:51:12Z INFO [233/2401] 1c23038f-2fb5-43b6-af0e-4f79cfd63f0a: valid; 1.4 s; peak memory 2599 MiB.
2026-09-20T15:51:15Z INFO [234/2401] 1c407fe5-6068-404c-b666-c7c79899f521: valid; 2.1 s; peak memory 2599 MiB.
2026-09-20T15:51:18Z INFO [235/2401] 1c417ebf-c098-493f-a644-37c6abae7964: valid; 2.9 s; peak memory 2603 MiB.
2026-09-20T15:51:19Z INFO [236/2401] 1c4adc65-e8c3-45f0-9ee4-210edfa22c66: valid; 1.6 s; peak memory 2603 MiB.
2026-09-20T15:51:21Z INFO [237/2401] 1cac57ad-180f-4af1-bb39-f9638be3fadb: valid; 2.1 s; peak memory 2603 MiB.
2026-09-20T15:51:24Z INFO [238/2401] 1d3330b4-eb81-482b-9d06-67ecddfd0492: valid; 2.9 s; peak memory 2604 MiB.
2026-09-20T15:51:27Z WARNING 1d51b720-572a-48a3-88df-1b07a015cddd: failed while opening the NWB file (ConstructError: (root/acquisition/_iblmic_audioSpectrogram/bands GroupBuilder {'attributes': {'colnames': array(['freq'], dtype=object), 'description': 'spectogram frequencies', 'namespace': 'core', 'neurodata_type': 'FrequencyBandsTable', 'object_id': 'd3711f82-0f2e-4cc3-a807-52fc8878a2e9'}, 'groups': {}, 'datasets': {'freq': root/acquisition/_iblmic_audioSpectrogram/bands/freq DatasetBuilder {'attributes': {'description': 'frequency value', 'namespace': 'hdmf-common', 'neurodata_type': 'VectorData', 'object_id': '72430add-ed8c-4f15-b506-c6b094c96357'}, 'data': <HDF5 dataset "freq": shape (257,), type "<f4">}, 'id': root/acquisition/_iblmic_audioSpectrogram/bands/id DatasetBuilder {'attributes': {'namespace': 'hdmf-common', 'neurodata_type': 'ElementIdentifiers', 'object_id': '353fac5f-ec0c-4d5c-a3e9-5d8b7d75c35f'}, 'data': <HDF5 dataset "id": shape (257,), type "<i4">}}, 'links': {}}, "Could not construct FrequencyBandsTable object due to: column must have the same number of rows as 'id'"))
2026-09-20T15:51:28Z INFO [240/2401] 1d95ec31-a7b3-4ed7-acec-3f7a25942d79: valid; 1.4 s; peak memory 2604 MiB.
2026-09-20T15:51:30Z INFO [241/2401] 1db61c32-8e69-45a4-b004-36c4111e4bd2: valid; 2.3 s; peak memory 2604 MiB.
2026-09-20T15:51:32Z INFO [242/2401] 1dbf452d-f1d2-486a-b963-1b5a8afcc410: valid; 2.2 s; peak memory 2604 MiB.
2026-09-20T15:51:34Z INFO [243/2401] 1dce49b3-f7f4-491e-9ee1-af9f1fffbb29: valid; 1.5 s; peak memory 2604 MiB.
2026-09-20T15:51:42Z INFO [244/2401] 1e0e1b1f-ab02-4877-bb56-aafa731e24dc: valid; 8.6 s; peak memory 2604 MiB.
2026-09-20T15:51:44Z INFO [245/2401] 1e438513-fbbc-4e57-8835-244fc8d2aaf8: valid; 1.3 s; peak memory 2604 MiB.
2026-09-20T15:52:19Z INFO [246/2401] 1e54a66f-4a86-405e-a602-aab281f941b2: not valid; 35.3 s; peak memory 2659 MiB.
2026-09-20T15:52:23Z INFO [247/2401] 1e6346e7-6131-4fbb-9d6d-58ec7a929c8d: valid; 3.7 s; peak memory 2659 MiB.
2026-09-20T15:52:25Z INFO [248/2401] 1e8a865e-5852-41d4-b317-e4352994ca04: not valid; 1.9 s; peak memory 2659 MiB.
2026-09-20T15:52:27Z INFO [249/2401] 1e9fa5f9-a54f-41d6-81a8-30ff6159ba28: not valid; 1.9 s; peak memory 2659 MiB.
2026-09-20T15:52:30Z INFO [250/2401] 1ea18177-b8cb-47de-a1dc-99e988856566: valid; 3.6 s; peak memory 2659 MiB.
2026-09-20T15:52:31Z INFO [250/2401] 1ea18177-b8cb-47de-a1dc-99e988856566: checkpointed 72010 records.
2026-09-20T15:52:35Z INFO [251/2401] 1efad294-8f2a-4992-a98f-f5decc0863bb: not valid; 4.8 s; peak memory 2662 MiB.
2026-09-20T15:52:38Z INFO [252/2401] 1f0961fc-9c5f-4230-aa3c-ac289b19c5b5: valid; 2.4 s; peak memory 2665 MiB.
2026-09-20T15:52:40Z INFO [253/2401] 1f1a35b2-6025-4d93-a2bb-ba8aae74e7f5: not valid; 1.8 s; peak memory 2666 MiB.
2026-09-20T15:52:42Z INFO [254/2401] 1f20ca27-376c-4523-a893-c128222a1926: not valid; 2.2 s; peak memory 2666 MiB.
2026-09-20T15:52:43Z INFO [255/2401] 1f2b2831-ff6c-4ded-8448-26e18a69d335: not valid; 1.5 s; peak memory 2666 MiB.
2026-09-20T15:52:46Z INFO [256/2401] 1f38c8cb-937b-4017-8129-aa73fb6a7652: valid; 3.3 s; peak memory 2666 MiB.
2026-09-20T15:52:50Z INFO [257/2401] 1f433f9a-81fc-44c5-b691-a88c00f8e961: valid; 3.5 s; peak memory 2666 MiB.
2026-09-20T15:53:06Z INFO [258/2401] 1f5b5686-a1b8-4b19-8d2b-cf6b20a09d01: not valid; 16.2 s; peak memory 2684 MiB.
2026-09-20T15:53:14Z INFO [259/2401] 1f74713e-1bfe-45e7-a09c-70c7913328d1: valid; 8.0 s; peak memory 2706 MiB.
2026-09-20T15:53:27Z INFO [260/2401] 1f983e20-4309-4206-9f0a-4df9b9af7355: valid; 12.7 s; peak memory 2712 MiB.
2026-09-20T15:53:29Z INFO [261/2401] 1fac55cc-f2c7-4558-ba4a-f90db6e39b7f: valid; 2.5 s; peak memory 2712 MiB.
2026-09-20T15:53:31Z WARNING 1fb560ab-f17d-40f6-b430-610a229685c3: failed while opening the NWB file (ConstructError: (root/acquisition/_iblmic_audioSpectrogram/bands GroupBuilder {'attributes': {'colnames': array(['freq'], dtype=object), 'description': 'spectogram frequencies', 'namespace': 'core', 'neurodata_type': 'FrequencyBandsTable', 'object_id': 'e32de746-0af8-4946-8893-77d2ebea5d51'}, 'groups': {}, 'datasets': {'freq': root/acquisition/_iblmic_audioSpectrogram/bands/freq DatasetBuilder {'attributes': {'description': 'frequency value', 'namespace': 'hdmf-common', 'neurodata_type': 'VectorData', 'object_id': '940ec7fe-0b1e-4722-a89f-30468381cab0'}, 'data': <HDF5 dataset "freq": shape (257,), type "<f4">}, 'id': root/acquisition/_iblmic_audioSpectrogram/bands/id DatasetBuilder {'attributes': {'namespace': 'hdmf-common', 'neurodata_type': 'ElementIdentifiers', 'object_id': '319b1343-827d-4dc1-abfa-bc9755fd87b0'}, 'data': <HDF5 dataset "id": shape (257,), type "<i4">}}, 'links': {}}, "Could not construct FrequencyBandsTable object due to: column must have the same number of rows as 'id'"))
2026-09-20T15:53:35Z INFO [263/2401] 1fb9d823-d4c4-4009-bf34-5bc16ff1c710: not valid; 3.7 s; peak memory 2714 MiB.
2026-09-20T15:53:37Z INFO [264/2401] 1fe1eb7c-c3c1-4cf8-a865-8bee35b053cb: valid; 1.8 s; peak memory 2724 MiB.
2026-09-20T15:53:40Z INFO [265/2401] 20089d46-f636-4df1-8b59-350963a556ca: valid; 3.5 s; peak memory 2727 MiB.
2026-09-20T15:53:42Z INFO [266/2401] 200c5802-5ada-470f-8470-4bf16c502a2a: not valid; 1.9 s; peak memory 2727 MiB.
2026-09-20T15:53:44Z INFO [267/2401] 2043e784-6b1f-416a-b334-b1ecf3b63a95: valid; 1.3 s; peak memory 2727 MiB.
2026-09-20T15:53:54Z INFO [268/2401] 205d6a14-7864-4ced-b80d-1aa27c4a43cd: valid; 10.6 s; peak memory 2727 MiB.
2026-09-20T15:53:56Z INFO [269/2401] 207b442b-4cf7-4bcd-b11f-84c5c25a0c3f: valid; 1.6 s; peak memory 2727 MiB.
2026-09-20T15:53:59Z INFO [270/2401] 209fb3b4-18c3-4241-ac5c-0316da789cc8: valid; 2.9 s; peak memory 2727 MiB.
2026-09-20T15:54:00Z INFO [271/2401] 20a34f70-b737-47d7-87f4-9a0653950ba0: valid; 1.4 s; peak memory 2727 MiB.
2026-09-20T15:54:13Z INFO [272/2401] 20ad8a4a-a945-4aec-b731-ea5f4f4f0d98: valid; 12.7 s; peak memory 2732 MiB.
2026-09-20T15:54:17Z INFO [273/2401] 20b047d1-0ddf-47c5-ab3a-a7eaa361e2c0: valid; 3.8 s; peak memory 2736 MiB.
2026-09-20T15:54:18Z INFO [274/2401] 20c8f8c4-c5be-4526-9777-39c26d214f55: valid; 1.3 s; peak memory 2736 MiB.
2026-09-20T15:54:20Z WARNING 20d59493-b412-44fa-a66f-0fcc612cfa01: failed while opening the NWB file (ConstructError: (root/acquisition/_iblmic_audioSpectrogram/bands GroupBuilder {'attributes': {'colnames': array(['freq'], dtype=object), 'description': 'spectogram frequencies', 'namespace': 'core', 'neurodata_type': 'FrequencyBandsTable', 'object_id': 'b5f0e12d-4dcf-423f-b662-248c7dfecb10'}, 'groups': {}, 'datasets': {'freq': root/acquisition/_iblmic_audioSpectrogram/bands/freq DatasetBuilder {'attributes': {'description': 'frequency value', 'namespace': 'hdmf-common', 'neurodata_type': 'VectorData', 'object_id': '63249154-0ff4-4845-afc7-adb0c51937b5'}, 'data': <HDF5 dataset "freq": shape (257,), type "<f4">}, 'id': root/acquisition/_iblmic_audioSpectrogram/bands/id DatasetBuilder {'attributes': {'namespace': 'hdmf-common', 'neurodata_type': 'ElementIdentifiers', 'object_id': 'cbddbd34-70d4-45f2-9b47-9249941e6f3d'}, 'data': <HDF5 dataset "id": shape (257,), type "<i4">}}, 'links': {}}, "Could not construct FrequencyBandsTable object due to: column must have the same number of rows as 'id'"))
2026-09-20T15:54:22Z INFO [276/2401] 2126717d-e82b-40c8-ab18-8a1d5d53f046: valid; 2.1 s; peak memory 2739 MiB.
2026-09-20T15:54:36Z INFO [277/2401] 21393c97-0ade-4d9b-adc5-30bcad05df4a: valid; 14.1 s; peak memory 2756 MiB.
2026-09-20T15:54:39Z INFO [278/2401] 214ccec4-b9f2-4fa9-bda4-f877454f9aa0: valid; 2.8 s; peak memory 2758 MiB.
2026-09-20T15:54:41Z INFO [279/2401] 2159b52a-c6eb-4046-b676-52869725e1ea: valid; 1.7 s; peak memory 2758 MiB.
2026-09-20T15:54:43Z INFO [280/2401] 216a827a-18d1-41a5-a6c2-ebe5d85b6790: valid; 2.1 s; peak memory 2760 MiB.
2026-09-20T15:54:46Z INFO [281/2401] 218a641a-e425-4bd4-8edb-68ed38420071: valid; 3.2 s; peak memory 2762 MiB.
2026-09-20T15:54:47Z INFO [282/2401] 21c84ba1-988f-4df9-bdbd-1dfe7a35d4b8: valid; 1.1 s; peak memory 2762 MiB.
2026-09-20T15:54:49Z INFO [283/2401] 21cb8018-bfc9-40cd-8af0-26d524d73ca6: valid; 2.3 s; peak memory 2762 MiB.
2026-09-20T15:54:52Z INFO [284/2401] 2216b3dc-1561-4640-ae06-da2fafb18854: not valid; 2.8 s; peak memory 2764 MiB.
2026-09-20T15:54:54Z INFO [285/2401] 221c3995-4179-4345-9768-87b50226c9dc: valid; 1.4 s; peak memory 2765 MiB.
2026-09-20T15:55:00Z INFO [286/2401] 223ada4a-644a-4496-beee-7f8e135fc63a: valid; 6.6 s; peak memory 2791 MiB.
2026-09-20T15:55:54Z INFO [287/2401] 226a5ee8-610f-47da-a07a-1be4371aecf8: valid; 53.9 s; peak memory 3122 MiB.
2026-09-20T15:55:56Z INFO [288/2401] 2299bb4e-cb53-408a-87bc-ade011285ddb: valid; 1.4 s; peak memory 3122 MiB.
2026-09-20T15:55:57Z INFO [289/2401] 229b4f68-c88a-4b38-b18b-8da9218a3977: not valid; 1.5 s; peak memory 3122 MiB.
2026-09-20T15:56:00Z INFO [290/2401] 22ca8752-6fec-47b9-b207-edd6253b7fe9: valid; 2.8 s; peak memory 3122 MiB.
2026-09-20T15:56:14Z INFO [291/2401] 2300cf66-27db-4a41-9a57-71a942ac23d2: valid; 13.9 s; peak memory 3152 MiB.
2026-09-20T15:56:16Z INFO [292/2401] 2335c86a-307e-4802-8889-ce9d96e3ac52: valid; 2.2 s; peak memory 3154 MiB.
2026-09-20T15:56:19Z INFO [293/2401] 234ee717-3439-4771-b66b-5a608b86ffac: valid; 2.5 s; peak memory 3154 MiB.
2026-09-20T15:56:20Z INFO [294/2401] 2363478e-ae2b-4047-9ec6-09f6b2760c82: valid; 1.6 s; peak memory 3154 MiB.
2026-09-20T15:56:35Z INFO [295/2401] 23730d99-f978-4064-bc41-92e60a3b477c: valid; 14.4 s; peak memory 3395 MiB.
2026-09-20T15:56:37Z INFO [296/2401] 238c3541-4bb6-4e68-9b40-e67d962b1c37: valid; 2.6 s; peak memory 3403 MiB.
2026-09-20T15:56:45Z INFO [297/2401] 23d876f7-2e7f-467d-b98d-4d6dce065440: valid; 7.8 s; peak memory 3414 MiB.
2026-09-20T15:56:47Z INFO [298/2401] 23e20f68-7909-43d5-8214-648c88b3f058: not valid; 2.4 s; peak memory 3414 MiB.
2026-09-20T15:56:51Z INFO [299/2401] 24021d3c-9787-4ea2-b79f-273f54b5b67e: not valid; 3.6 s; peak memory 3414 MiB.
2026-09-20T15:56:54Z INFO [300/2401] 2411e29c-8210-4d1a-89f9-065e4310d0a6: valid; 2.8 s; peak memory 3414 MiB.
2026-09-20T15:56:54Z INFO [300/2401] 2411e29c-8210-4d1a-89f9-065e4310d0a6: checkpointed 72010 records.
2026-09-20T15:56:59Z INFO [301/2401] 2421c68a-344d-43de-91fd-30e339f577c4: not valid; 5.1 s; peak memory 3414 MiB.
2026-09-20T15:57:01Z INFO [302/2401] 243e2597-4983-4408-91c2-0c2add09b382: not valid; 1.8 s; peak memory 3414 MiB.
2026-09-20T15:57:04Z INFO [303/2401] 24724d8b-347e-466b-82c0-7cd940fff496: valid; 2.8 s; peak memory 3414 MiB.
2026-09-20T15:57:06Z INFO [304/2401] 2478a6eb-5df2-404b-aade-9dab40c005bc: valid; 2.3 s; peak memory 3414 MiB.
2026-09-20T15:57:08Z INFO [305/2401] 247e8be9-5607-4b54-95ea-631c2ccf648c: valid; 2.1 s; peak memory 3414 MiB.
2026-09-20T15:57:11Z INFO [306/2401] 24a29fa1-d358-4609-8f35-237b10000d35: valid; 2.5 s; peak memory 3414 MiB.
2026-09-20T15:57:13Z INFO [307/2401] 24acadba-725e-406d-8515-352e2b2fe3cc: not valid; 1.7 s; peak memory 3414 MiB.
2026-09-20T15:57:15Z INFO [308/2401] 24b49fd8-5a0a-4e23-b752-aed9a0ba2841: valid; 2.3 s; peak memory 3414 MiB.
2026-09-20T15:57:17Z INFO [309/2401] 24ba1275-a1d4-4cb6-8577-bb4b5327dafb: valid; 2.4 s; peak memory 3414 MiB.
2026-09-20T15:57:26Z INFO [310/2401] 24d6864b-faa1-49c0-935a-b55492a4d49d: valid; 8.3 s; peak memory 3414 MiB.
2026-09-20T15:57:27Z INFO [311/2401] 24f2b988-5e26-414d-ac1f-49fba2106956: valid; 1.4 s; peak memory 3414 MiB.
2026-09-20T15:57:30Z INFO [312/2401] 25154096-4e27-4e36-8ccc-caf46933d6bc: valid; 2.5 s; peak memory 3414 MiB.
2026-09-20T15:57:34Z INFO [313/2401] 2574b212-bfa5-4e50-beca-517e883ca401: valid; 4.3 s; peak memory 3414 MiB.
2026-09-20T15:57:37Z INFO [314/2401] 25ed39eb-9f77-4b6b-b13d-74220a4bd183: valid; 3.2 s; peak memory 3414 MiB.
2026-09-20T15:57:54Z INFO [315/2401] 2601e385-10df-41d9-b836-5312d6cde9d5: valid; 16.5 s; peak memory 3414 MiB.
2026-09-20T15:58:06Z INFO [316/2401] 260b268b-7d6a-44b9-a237-6a05fc381a1f: valid; 12.3 s; peak memory 3414 MiB.
2026-09-20T15:58:07Z INFO [317/2401] 2615200f-eae3-4200-9881-a20341d584df: valid; 1.3 s; peak memory 3414 MiB.
2026-09-20T15:58:09Z INFO [318/2401] 2619f947-6e5e-4d94-8cb2-266fb2e9efd2: valid; 1.4 s; peak memory 3414 MiB.
2026-09-20T15:58:11Z INFO [319/2401] 261d543e-b706-408a-8931-6b13e26936e7: not valid; 1.9 s; peak memory 3414 MiB.
2026-09-20T15:58:12Z INFO [320/2401] 2629c6d1-f8db-427a-84bb-cab8fdda3789: valid; 1.5 s; peak memory 3414 MiB.
2026-09-20T15:58:14Z INFO [321/2401] 26436503-5eaa-4c08-a435-7fa0111d74e6: not valid; 1.4 s; peak memory 3414 MiB.
2026-09-20T15:58:22Z INFO [322/2401] 267162d6-7366-4351-8661-0cb1f251a585: not valid; 8.1 s; peak memory 3414 MiB.
2026-09-20T15:58:24Z INFO [323/2401] 267b8449-7faf-481f-b1d9-d802d318ef67: valid; 2.5 s; peak memory 3414 MiB.
2026-09-20T15:58:26Z INFO [324/2401] 2687d548-a1bc-4cbf-bf2b-e41d97b0b5c2: not valid; 1.6 s; peak memory 3414 MiB.
2026-09-20T15:58:34Z INFO [325/2401] 268f25c2-acb7-4d9e-9faa-e1b6e9c26f99: valid; 8.4 s; peak memory 3414 MiB.
2026-09-20T15:58:37Z INFO [326/2401] 26991db2-0ab8-47b2-b815-2fbee62fcf16: valid; 3.1 s; peak memory 3414 MiB.
2026-09-20T15:58:40Z INFO [327/2401] 26a5c8b3-5d64-4048-b6b7-9108ccbc68e7: valid; 2.6 s; peak memory 3414 MiB.
2026-09-20T15:58:41Z INFO [328/2401] 26cee622-dc6f-40fb-a4d7-42b75eec472b: not valid; 1.6 s; peak memory 3414 MiB.
2026-09-20T15:58:43Z INFO [329/2401] 270d54f7-5b38-4b61-bb90-e84e42f0f7ef: valid; 2.0 s; peak memory 3414 MiB.
2026-09-20T15:58:52Z INFO [330/2401] 2711a7db-f1a2-457f-b65e-c43bc4607d82: not valid; 8.7 s; peak memory 3414 MiB.
2026-09-20T15:58:54Z WARNING 271ef8f8-39fa-4cf9-a7d1-e73dfa9275e1: failed while opening the NWB file (ConstructError: (root/acquisition/_iblmic_audioSpectrogram/bands GroupBuilder {'attributes': {'colnames': array(['freq'], dtype=object), 'description': 'spectogram frequencies', 'namespace': 'core', 'neurodata_type': 'FrequencyBandsTable', 'object_id': 'f5fc5529-1017-48b6-816d-a84717c5c530'}, 'groups': {}, 'datasets': {'freq': root/acquisition/_iblmic_audioSpectrogram/bands/freq DatasetBuilder {'attributes': {'description': 'frequency value', 'namespace': 'hdmf-common', 'neurodata_type': 'VectorData', 'object_id': 'de3dbf99-17b3-4141-8cc3-7327c233a717'}, 'data': <HDF5 dataset "freq": shape (257,), type "<f4">}, 'id': root/acquisition/_iblmic_audioSpectrogram/bands/id DatasetBuilder {'attributes': {'namespace': 'hdmf-common', 'neurodata_type': 'ElementIdentifiers', 'object_id': 'b322b0c4-c53c-4754-92dd-73d7bac65d4b'}, 'data': <HDF5 dataset "id": shape (257,), type "<i4">}}, 'links': {}}, "Could not construct FrequencyBandsTable object due to: column must have the same number of rows as 'id'"))
2026-09-20T15:58:58Z INFO [332/2401] 274a65dd-773e-43fd-9792-b1e48cc10af1: not valid; 4.1 s; peak memory 3414 MiB.
2026-09-20T15:59:01Z INFO [333/2401] 274ad47d-2c55-41c3-bf64-e9ca084ca717: not valid; 2.5 s; peak memory 3414 MiB.
2026-09-20T15:59:03Z INFO [334/2401] 274bf9bf-9cd2-4f88-b845-be02f346a3c3: not valid; 2.1 s; peak memory 3414 MiB.
2026-09-20T15:59:05Z INFO [335/2401] 2767d28b-b056-4dcd-9874-51290b2531be: valid; 2.2 s; peak memory 3414 MiB.
2026-09-20T15:59:08Z INFO [336/2401] 27705a14-4050-47e7-9cc1-bc695829fbf7: valid; 3.4 s; peak memory 3414 MiB.
2026-09-20T15:59:10Z INFO [337/2401] 27711b60-7359-4ab6-a4a8-dac467b93859: valid; 1.4 s; peak memory 3414 MiB.
2026-09-20T15:59:20Z INFO [338/2401] 279b4545-793e-4c42-8ec1-8ccda70e68b3: not valid; 10.7 s; peak memory 3414 MiB.
2026-09-20T15:59:22Z INFO [339/2401] 27a5f4fd-b6ec-41f8-9bc7-51baef23548c: valid; 1.4 s; peak memory 3414 MiB.
2026-09-20T15:59:24Z INFO [340/2401] 27adcfca-c61c-4cc0-a9ae-2f680917fcd5: valid; 2.3 s; peak memory 3414 MiB.
2026-09-20T15:59:25Z INFO [341/2401] 27aebe3a-46d1-4b7b-b6cc-96a5373658ab: valid; 1.4 s; peak memory 3414 MiB.
2026-09-20T15:59:30Z INFO [342/2401] 27c39649-64ed-4ccc-bab1-33fa4fb6236a: valid; 4.6 s; peak memory 3414 MiB.
2026-09-20T15:59:32Z INFO [343/2401] 27d4cc9b-da2c-4ec9-b56e-2196768f4d06: valid; 2.1 s; peak memory 3414 MiB.
2026-09-20T15:59:35Z INFO [344/2401] 27f4a62c-79a9-4f7f-aa75-5cc3ac7270b2: valid; 2.7 s; peak memory 3414 MiB.
2026-09-20T15:59:37Z INFO [345/2401] 2831649a-4dd7-4540-813d-c4d2b2a92eeb: not valid; 1.8 s; peak memory 3414 MiB.
2026-09-20T15:59:39Z INFO [346/2401] 2835d0bd-eab7-4eab-b5c0-11aa23502c5b: valid; 2.2 s; peak memory 3414 MiB.
2026-09-20T15:59:46Z INFO [347/2401] 28423372-a891-4cc1-b828-e754fab30230: valid; 7.6 s; peak memory 3414 MiB.
2026-09-20T15:59:48Z INFO [348/2401] 28cbc96c-ae3b-4f0f-bede-4f4fe165e7aa: valid; 1.3 s; peak memory 3414 MiB.
2026-09-20T15:59:50Z INFO [349/2401] 28d09e00-e533-4a1d-9b13-acc292f36d36: valid; 2.8 s; peak memory 3414 MiB.
2026-09-20T15:59:53Z INFO [350/2401] 28e6589b-4247-4364-a0ca-e2b49b6709ed: valid; 2.3 s; peak memory 3414 MiB.
2026-09-20T15:59:53Z INFO [350/2401] 28e6589b-4247-4364-a0ca-e2b49b6709ed: checkpointed 72010 records.
2026-09-20T15:59:55Z INFO [351/2401] 29570373-cc53-414c-b892-8d8a4ddb9799: not valid; 1.7 s; peak memory 3414 MiB.
2026-09-20T15:59:57Z INFO [352/2401] 295ab168-7660-4a0e-9010-98718c08e019: not valid; 1.6 s; peak memory 3414 MiB.
2026-09-20T15:59:59Z INFO [353/2401] 295f5ad8-da19-4847-b467-d968021544b3: valid; 2.3 s; peak memory 3414 MiB.
2026-09-20T16:00:00Z INFO [354/2401] 29694606-7f51-4999-9018-d75a0ae0224e: valid; 1.4 s; peak memory 3414 MiB.
2026-09-20T16:00:02Z INFO [355/2401] 29795702-a52b-4070-98c8-beae392c1a74: valid; 1.6 s; peak memory 3414 MiB.
2026-09-20T16:00:10Z INFO [356/2401] 2998dc93-cc19-4e68-a319-9a6ed441f67c: valid; 8.1 s; peak memory 3414 MiB.
2026-09-20T16:00:13Z INFO [357/2401] 29cba540-51db-464c-aaef-6c152a734538: valid; 3.5 s; peak memory 3414 MiB.
2026-09-20T16:00:15Z INFO [358/2401] 29f8fbbe-5377-44c9-93a3-718cd9ec5bb8: valid; 1.2 s; peak memory 3414 MiB.
2026-09-20T16:00:22Z INFO [359/2401] 2a1318f4-ec2e-4f3e-9ce8-687f8ff2b6aa: valid; 7.9 s; peak memory 3414 MiB.
2026-09-20T16:00:25Z INFO [360/2401] 2a4d2167-3f14-4e23-b094-4288eba4b198: valid; 2.4 s; peak memory 3414 MiB.
2026-09-20T16:00:26Z INFO [361/2401] 2a74782c-f0c8-4577-b573-04130ff91f62: valid; 1.1 s; peak memory 3414 MiB.
2026-09-20T16:00:39Z INFO [362/2401] 2a84c896-5a2f-4eea-a6f4-d10779864bd7: valid; 13.5 s; peak memory 3471 MiB.
2026-09-20T16:00:49Z INFO [363/2401] 2a8b37f1-4d94-47ce-a81e-91af1c322f16: not valid; 9.3 s; peak memory 3490 MiB.
2026-09-20T16:01:08Z INFO [364/2401] 2abe7f5e-f570-476c-bf68-21154c100acc: valid; 19.5 s; peak memory 3491 MiB.
2026-09-20T16:01:10Z INFO [365/2401] 2af1922f-862a-4e56-9ffd-99b9a5b13455: valid; 1.4 s; peak memory 3491 MiB.
2026-09-20T16:01:12Z INFO [366/2401] 2b03a216-37b4-4792-9d55-021bc5e5c756: valid; 2.5 s; peak memory 3491 MiB.
2026-09-20T16:01:33Z INFO [367/2401] 2b0c9fbf-ad90-4098-b3c4-edd085b52848: valid; 20.4 s; peak memory 3516 MiB.
2026-09-20T16:01:36Z INFO [368/2401] 2b19a227-e1ad-4115-b4c8-247294a35e8a: valid; 2.9 s; peak memory 3516 MiB.
2026-09-20T16:01:37Z INFO [369/2401] 2b1f5359-0c1a-40f3-abb3-c1e4b80c6c6b: valid; 1.6 s; peak memory 3516 MiB.
2026-09-20T16:01:39Z INFO [370/2401] 2b1fbe72-8b75-404d-baa6-08840c3c80ad: valid; 1.7 s; peak memory 3516 MiB.
2026-09-20T16:01:40Z INFO [371/2401] 2b30990f-ba17-42e2-bf54-5db8442a4a13: valid; 1.4 s; peak memory 3516 MiB.
2026-09-20T16:01:41Z INFO [372/2401] 2b462879-50bb-4e80-88e0-e53c076fea81: valid; 1.3 s; peak memory 3516 MiB.
2026-09-20T16:01:42Z WARNING 2b55206d-cb25-4d08-95ff-0a4dfff4e590: failed while retrieving asset information from the DANDI API (NotFoundError: No asset at path 'sub-456772/sub-456772_ses-20191122T144855_behavior+ecephys+ogen.nwb' in version 0.231012.2129. Verify the path is correct and the asset exists in this version. Use 'dandi ls' to list available assets.)
2026-09-20T16:01:46Z INFO [374/2401] 2b642683-4526-4e52-807a-03ec43a81409: valid; 4.5 s; peak memory 3517 MiB.
2026-09-20T16:01:49Z INFO [375/2401] 2b6d4c69-1766-4bf8-8112-5e6ca3a957de: valid; 3.3 s; peak memory 3517 MiB.
2026-09-20T16:01:51Z INFO [376/2401] 2b725fb2-5bb2-4529-944c-39ae8c42f9a0: valid; 2.1 s; peak memory 3517 MiB.
2026-09-20T16:01:56Z INFO [377/2401] 2b84d9ba-08a2-4029-8b60-49daaa75b561: not valid; 4.5 s; peak memory 3517 MiB.
2026-09-20T16:01:57Z INFO [378/2401] 2b8caa94-6ccf-4f3a-adb1-0f54230d1141: not valid; 1.5 s; peak memory 3517 MiB.
2026-09-20T16:01:59Z INFO [379/2401] 2b968c1c-7c35-45fb-8540-32890c2274a9: valid; 1.3 s; peak memory 3517 MiB.
2026-09-20T16:03:53Z INFO [380/2401] 2ba2fcdf-2f40-42a0-b912-88eade7b7a3c: valid; 114.3 s; peak memory 5533 MiB.
2026-09-20T16:03:55Z INFO [381/2401] 2bc19353-eb66-451f-86e3-ba5307896804: not valid; 2.1 s; peak memory 5538 MiB.
2026-09-20T16:04:11Z INFO [382/2401] 2bd9015a-4f0f-4c5c-bc02-8409b39c517f: valid; 16.0 s; peak memory 5682 MiB.
2026-09-20T16:04:12Z INFO [383/2401] 2c0b0d01-a38e-47e5-8ed6-d9100da04b26: valid; 1.4 s; peak memory 5682 MiB.
2026-09-20T16:04:15Z INFO [384/2401] 2c1edbf6-9d75-4895-9159-8828b25ed399: valid; 3.0 s; peak memory 5682 MiB.
2026-09-20T16:04:38Z INFO [385/2401] 2c490ac2-9c6c-4069-80ad-b8898511b052: valid; 22.6 s; peak memory 5682 MiB.
2026-09-20T16:04:41Z INFO [386/2401] 2c600e51-94d0-45f6-81ef-f40147fb7136: valid; 2.9 s; peak memory 5682 MiB.
2026-09-20T16:04:42Z INFO [387/2401] 2c9b3791-e664-4323-9084-f960923cb859: valid; 1.4 s; peak memory 5682 MiB.
2026-09-20T16:04:44Z INFO [388/2401] 2ca05e26-99fa-4853-9d30-33eaf35bcc1d: valid; 1.4 s; peak memory 5682 MiB.
2026-09-20T16:04:57Z INFO [389/2401] 2cc1323a-eca3-4157-8bcb-c70bbdbfe02a: not valid; 13.7 s; peak memory 5682 MiB.
2026-09-20T16:04:59Z INFO [390/2401] 2cf43e2e-f594-4267-8485-28f2750a9cb9: not valid; 1.7 s; peak memory 5683 MiB.
2026-09-20T16:05:01Z INFO [391/2401] 2cf4c6c1-1183-446a-85a9-be555f960d42: valid; 1.4 s; peak memory 5683 MiB.
2026-09-20T16:05:03Z INFO [392/2401] 2d4e3d65-4861-4b5d-80ba-ff237b14a3f0: valid; 2.9 s; peak memory 5683 MiB.
2026-09-20T16:05:05Z INFO [393/2401] 2d505152-74bc-40df-89cd-61ab0c0a4907: not valid; 1.4 s; peak memory 5683 MiB.
2026-09-20T16:05:06Z INFO [394/2401] 2d604baa-97be-476f-b157-5b7ccce72b95: valid; 1.5 s; peak memory 5683 MiB.
2026-09-20T16:05:25Z INFO [395/2401] 2d762d5b-79d1-441d-878f-9ad0eb4a728c: valid; 18.2 s; peak memory 5720 MiB.
2026-09-20T16:05:46Z INFO [396/2401] 2d92a461-fd21-41b1-a11c-2d0db270e85d: not valid; 21.3 s; peak memory 5720 MiB.
2026-09-20T16:05:48Z INFO [397/2401] 2dfb33ae-aceb-4f3e-a204-613144c69e26: valid; 2.6 s; peak memory 5720 MiB.
2026-09-20T16:05:51Z INFO [398/2401] 2e1c0455-aa5b-4d30-8ee1-e26e5ae0326f: valid; 2.2 s; peak memory 5720 MiB.
2026-09-20T16:05:53Z INFO [399/2401] 2e206ce9-e049-4828-876b-f32100d1916e: valid; 2.5 s; peak memory 5720 MiB.
2026-09-20T16:05:55Z WARNING 2e21d156-2827-4aa7-bcec-636a97d1a9f3: failed while opening the NWB file (ConstructError: (root/acquisition/_iblmic_audioSpectrogram/bands GroupBuilder {'attributes': {'colnames': array(['freq'], dtype=object), 'description': 'spectogram frequencies', 'namespace': 'core', 'neurodata_type': 'FrequencyBandsTable', 'object_id': '00579104-bbe6-434d-a8de-909d081095c4'}, 'groups': {}, 'datasets': {'freq': root/acquisition/_iblmic_audioSpectrogram/bands/freq DatasetBuilder {'attributes': {'description': 'frequency value', 'namespace': 'hdmf-common', 'neurodata_type': 'VectorData', 'object_id': '2e772821-3e61-40ee-ae2c-95e2732638c9'}, 'data': <HDF5 dataset "freq": shape (257,), type "<f4">}, 'id': root/acquisition/_iblmic_audioSpectrogram/bands/id DatasetBuilder {'attributes': {'namespace': 'hdmf-common', 'neurodata_type': 'ElementIdentifiers', 'object_id': '098d7c1a-b07f-47b7-8b03-533c48ca180b'}, 'data': <HDF5 dataset "id": shape (257,), type "<i4">}}, 'links': {}}, "Could not construct FrequencyBandsTable object due to: column must have the same number of rows as 'id'"))
2026-09-20T16:05:56Z INFO [400/2401] 2e21d156-2827-4aa7-bcec-636a97d1a9f3: checkpointed 72010 records.
2026-09-20T16:05:58Z INFO [401/2401] 2e288e6a-3290-457b-988e-8f602562bff4: valid; 2.2 s; peak memory 5720 MiB.
2026-09-20T16:06:00Z WARNING 2e2b0dff-188a-44be-8068-e5bddbfc5f51: failed while opening the NWB file (ConstructError: (root/acquisition/_iblmic_audioSpectrogram/bands GroupBuilder {'attributes': {'colnames': array(['freq'], dtype=object), 'description': 'spectogram frequencies', 'namespace': 'core', 'neurodata_type': 'FrequencyBandsTable', 'object_id': '70de7a35-5eef-43c4-95ea-7acfd6c9aea1'}, 'groups': {}, 'datasets': {'freq': root/acquisition/_iblmic_audioSpectrogram/bands/freq DatasetBuilder {'attributes': {'description': 'frequency value', 'namespace': 'hdmf-common', 'neurodata_type': 'VectorData', 'object_id': '5a904861-2bd6-43b5-8a45-751ecac0f63f'}, 'data': <HDF5 dataset "freq": shape (257,), type "<f4">}, 'id': root/acquisition/_iblmic_audioSpectrogram/bands/id DatasetBuilder {'attributes': {'namespace': 'hdmf-common', 'neurodata_type': 'ElementIdentifiers', 'object_id': '502684c0-1fa2-4947-a9ad-59ea0f503aa8'}, 'data': <HDF5 dataset "id": shape (257,), type "<i4">}}, 'links': {}}, "Could not construct FrequencyBandsTable object due to: column must have the same number of rows as 'id'"))
2026-09-20T16:06:02Z INFO [403/2401] 2e3d9643-3631-4c84-8c2d-08854f6541fd: valid; 1.5 s; peak memory 5720 MiB.
2026-09-20T16:06:07Z INFO [404/2401] 2e5a01cf-ddb5-45e7-9c73-eb4b085e5332: not valid; 5.1 s; peak memory 5720 MiB.
2026-09-20T16:06:09Z INFO [405/2401] 2e70873a-ed1d-4cab-b0d4-2adcf4e5528b: valid; 2.8 s; peak memory 5720 MiB.
2026-09-20T16:06:14Z INFO [406/2401] 2e7c2439-0e68-4d53-a6ec-8c155712eda8: not valid; 4.7 s; peak memory 5720 MiB.
2026-09-20T16:06:16Z INFO [407/2401] 2e87125e-71a3-4fe2-92d9-d38f35796fbf: valid; 1.5 s; peak memory 5720 MiB.
2026-09-20T16:06:18Z INFO [408/2401] 2ef23330-4107-4692-bcb8-84b6c33054bb: valid; 2.6 s; peak memory 5720 MiB.
2026-09-20T16:06:25Z INFO [409/2401] 2f0f817e-7133-4854-bcd3-fbce1454acd4: not valid; 6.4 s; peak memory 5795 MiB.
2026-09-20T16:06:25Z WARNING 2f1d2bf8-9fc0-4079-8101-ebc8fc037c5e: failed while retrieving asset information from the DANDI API (NotFoundError: No asset at path 'sub-717441/sub-717441_ses-1332089263_probe-0_ecephys.nwb' in version 0.250311.2145. Verify the path is correct and the asset exists in this version. Use 'dandi ls' to list available assets.)
2026-09-20T16:06:43Z INFO [411/2401] 2f39baff-15ec-4371-ab45-be9d036a8a66: not valid; 18.6 s; peak memory 5823 MiB.
2026-09-20T16:06:47Z INFO [412/2401] 2f7aecec-ef53-444a-a5e0-a7f862548a32: not valid; 3.5 s; peak memory 5823 MiB.
2026-09-20T16:06:49Z INFO [413/2401] 2f9d6101-1e36-4180-b9b5-4f04a82935a0: valid; 2.0 s; peak memory 5823 MiB.
2026-09-20T16:06:51Z INFO [414/2401] 2fa4f38a-d099-42ba-a38a-f5b6d2329651: not valid; 1.9 s; peak memory 5823 MiB.
2026-09-20T16:06:52Z INFO [415/2401] 2fb9776d-512f-4b88-a03c-fd02b07d584e: valid; 1.4 s; peak memory 5823 MiB.
2026-09-20T16:06:54Z INFO [416/2401] 2fbd796b-dfb1-40c4-9ec8-9ad70a0decc1: not valid; 1.9 s; peak memory 5823 MiB.
2026-09-20T16:06:56Z INFO [417/2401] 2fe62bcf-19df-4a9e-88ab-44adcf7170d5: not valid; 1.6 s; peak memory 5823 MiB.
2026-09-20T16:06:57Z INFO [418/2401] 2fea096d-02a6-4a2a-a2d8-b65ff067c7d0: valid; 1.4 s; peak memory 5823 MiB.
2026-09-20T16:06:58Z INFO [419/2401] 30046e1d-df8b-4ee5-91a9-f80984c25810: not valid; 1.3 s; peak memory 5823 MiB.
2026-09-20T16:07:01Z INFO [420/2401] 30204dad-298e-41d9-9dc7-77c2661d6061: valid; 2.2 s; peak memory 5823 MiB.
2026-09-20T16:07:02Z INFO [421/2401] 302862e5-cf08-41f3-9fb8-5c559b5685c1: valid; 1.1 s; peak memory 5823 MiB.
2026-09-20T16:07:04Z INFO [422/2401] 3032a71d-6d08-48be-bf6b-ad0a8fba3781: not valid; 2.1 s; peak memory 5823 MiB.
2026-09-20T16:07:05Z WARNING 303e995e-6dba-4a9c-b692-7de9a2f3dae5: failed while opening the NWB file (ValueError: Cannot resolve included group spec 'electrodes' with data_type_inc 'ElectrodesTable' because a group spec with the same name already exists with data_type_inc 'DynamicTable', and data type 'DynamicTable' is not a child type of data type 'ElectrodesTable'.)
2026-09-20T16:07:06Z INFO [424/2401] 305224ec-c1fb-4ad1-9462-1bdfa965246a: valid; 1.2 s; peak memory 5823 MiB.
2026-09-20T16:07:08Z INFO [425/2401] 3058c35e-add6-4604-a327-614aba0b65b4: valid; 1.4 s; peak memory 5823 MiB.
2026-09-20T16:07:13Z INFO [426/2401] 30739103-2138-4016-babb-ae02d13ff21f: not valid; 4.7 s; peak memory 5823 MiB.
2026-09-20T16:07:16Z INFO [427/2401] 309c72e1-8bb8-43f5-9d52-94ea7a48584c: valid; 3.4 s; peak memory 5823 MiB.
2026-09-20T16:07:20Z INFO [428/2401] 30aedd6e-f7d0-4d73-a242-660a5273f1f6: not valid; 4.3 s; peak memory 5823 MiB.
2026-09-20T16:07:22Z INFO [429/2401] 30e524d0-67c9-41dd-97c7-3145d616b3bc: not valid; 2.2 s; peak memory 5823 MiB.
2026-09-20T16:07:25Z INFO [430/2401] 312dd0a7-af85-4041-a613-83549167fed0: not valid; 2.8 s; peak memory 5823 MiB.
2026-09-20T16:07:27Z INFO [431/2401] 3141bf73-5a8c-4e19-b7b3-e1e4b934c10a: valid; 1.5 s; peak memory 5823 MiB.
2026-09-20T16:07:30Z INFO [432/2401] 31452a13-4942-42dd-982d-b2a4472f7248: valid; 3.2 s; peak memory 5823 MiB.
2026-09-20T16:07:38Z INFO [433/2401] 314b0401-832e-4124-843a-254f65960429: valid; 8.6 s; peak memory 5823 MiB.
2026-09-20T16:07:41Z INFO [434/2401] 3158698a-fb77-4fc2-9a3c-300877da7644: valid; 2.6 s; peak memory 5823 MiB.
2026-09-20T16:07:46Z INFO [435/2401] 318d59c1-069f-464f-a699-06ab9d48b28d: valid; 5.0 s; peak memory 5823 MiB.
2026-09-20T16:07:48Z INFO [436/2401] 31a580ca-63a7-48ce-b50b-4ad73bd2ac21: valid; 1.5 s; peak memory 5823 MiB.
2026-09-20T16:07:55Z INFO [437/2401] 31ad8eec-cdcb-408b-9d16-085581fd8608: not valid; 7.2 s; peak memory 5823 MiB.
2026-09-20T16:08:05Z INFO [438/2401] 31bdc741-450b-46b1-9159-eac56ae5c4a9: valid; 9.8 s; peak memory 5833 MiB.
2026-09-20T16:08:07Z WARNING 31c2ce45-ed1e-4688-8fab-ed2a39004aa0: failed while opening the NWB file (ConstructError: (root/acquisition/event_code_meanings GroupBuilder {'attributes': {'colnames': array(['value', 'meaning'], dtype=object), 'description': 'Mapping integer event codes to event labels', 'namespace': 'ndx-events', 'neurodata_type': 'MeaningsTable', 'object_id': '55f2e873-5750-4eb6-89cd-7660be534e34'}, 'groups': {}, 'datasets': {'id': root/acquisition/event_code_meanings/id DatasetBuilder {'attributes': {'namespace': 'hdmf-common', 'neurodata_type': 'ElementIdentifiers', 'object_id': 'b10695c0-cebf-4ca2-b521-949a2efef2c3'}, 'data': <HDF5 dataset "id": shape (26,), type "<i8">}, 'meaning': root/acquisition/event_code_meanings/meaning DatasetBuilder {'attributes': {'description': 'The meaning of the value in the parent CategoricalVectorData object.', 'namespace': 'hdmf-experimental', 'neurodata_type': 'VectorData', 'object_id': 'e4001d8c-8c55-4e9c-a084-fd411ecc8bf4'}, 'data': <StrDataset for HDF5 dataset "meaning": shape (26,), type "|O">}, 'value': root/acquisition/event_code_meanings/value DatasetBuilder {'attributes': {'description': 'The value of the parent CategoricalVectorData object.', 'namespace': 'hdmf-experimental', 'neurodata_type': 'VectorData', 'object_id': '7ad79ba8-9842-48ce-802e-853ebcb030f6'}, 'data': <HDF5 dataset "value": shape (26,), type "<i8">}}, 'links': {}}, "Could not construct MeaningsTable object due to: MeaningsTable.__init__: missing argument 'target'"))
2026-09-20T16:08:13Z INFO [440/2401] 31d81faf-672b-48c1-a603-262801a92cae: not valid; 6.2 s; peak memory 5835 MiB.
2026-09-20T16:08:35Z INFO [441/2401] 31e4efb7-ac1e-43ab-aede-5179bcdb9f67: valid; 22.0 s; peak memory 5844 MiB.
2026-09-20T16:08:37Z INFO [442/2401] 31ea5cc2-c722-44db-989a-07f566536903: valid; 2.2 s; peak memory 5844 MiB.
2026-09-20T16:08:49Z INFO [443/2401] 31f5193c-6fdd-414f-9b10-632bdfbdb1f6: valid; 11.7 s; peak memory 5856 MiB.
2026-09-20T16:08:51Z INFO [444/2401] 31f687ad-a7ec-4cd4-bb6f-93b4198d778f: valid; 2.1 s; peak memory 5857 MiB.
2026-09-20T16:08:53Z INFO [445/2401] 3239d918-bbe5-46bb-8dac-abe0bede142e: not valid; 2.0 s; peak memory 5857 MiB.
2026-09-20T16:08:54Z INFO [446/2401] 323cf69b-f99f-4709-a91c-5287dd84a595: valid; 1.2 s; peak memory 5857 MiB.
2026-09-20T16:08:55Z INFO [447/2401] 324cd91b-a926-44f7-86c1-1db08324bc5d: valid; 1.5 s; peak memory 5857 MiB.
2026-09-20T16:08:58Z INFO [448/2401] 32a1f900-8885-40d6-a5df-c76ef167cf60: valid; 2.9 s; peak memory 5857 MiB.
2026-09-20T16:09:00Z INFO [449/2401] 32aa8e38-8bb2-4881-97a0-f7d5460d7a8c: not valid; 1.7 s; peak memory 5857 MiB.
2026-09-20T16:09:04Z INFO [450/2401] 32f43307-e5cd-42e7-9fec-96bd7421133a: valid; 3.9 s; peak memory 5857 MiB.
2026-09-20T16:09:04Z INFO [450/2401] 32f43307-e5cd-42e7-9fec-96bd7421133a: checkpointed 72010 records.
2026-09-20T16:09:06Z INFO [451/2401] 32f80c65-39a3-478c-8356-34a11b25eea8: not valid; 1.8 s; peak memory 5857 MiB.
2026-09-20T16:09:08Z INFO [452/2401] 3342b871-19c9-45ad-a3dc-bf96507a088e: not valid; 1.6 s; peak memory 5857 MiB.
2026-09-20T16:09:11Z INFO [453/2401] 3357383e-3d72-4ee8-a53c-e5fd62dabc9b: valid; 2.8 s; peak memory 5857 MiB.
2026-09-20T16:09:14Z INFO [454/2401] 335bba94-ed68-41ca-b67c-943af39ca911: valid; 2.9 s; peak memory 5857 MiB.
2026-09-20T16:09:51Z INFO [455/2401] 339b6d22-0447-49a2-b919-e12b85725dd9: valid; 37.4 s; peak memory 5904 MiB.
2026-09-20T16:09:52Z INFO [456/2401] 33ba7ecc-3b06-4e1f-83d1-dc132fe29309: valid; 1.2 s; peak memory 5905 MiB.
2026-09-20T16:09:55Z INFO [457/2401] 33c94fc1-f465-4bfe-9c1a-d1302b41732b: valid; 3.1 s; peak memory 5910 MiB.
2026-09-20T16:10:16Z INFO [458/2401] 33f3473f-ffa0-4d1f-a8d1-9127ed948d00: valid; 21.0 s; peak memory 5924 MiB.
2026-09-20T16:10:18Z INFO [459/2401] 3435c611-2db5-4ba5-9d28-4c0c43b4787d: not valid; 1.7 s; peak memory 5924 MiB.
2026-09-20T16:10:25Z INFO [460/2401] 34441f8e-f3e3-4708-8e5a-f532782059e8: valid; 6.7 s; peak memory 5924 MiB.
2026-09-20T16:10:25Z WARNING 346ede3e-7bce-400b-a62c-95c9b95a14fa: failed while retrieving asset information from the DANDI API (NotFoundError: No such Dandiset: 001533)
2026-09-20T16:11:00Z INFO [462/2401] 34982192-90a8-40b6-ba2d-2847ffa4c099: valid; 34.8 s; peak memory 5924 MiB.
2026-09-20T16:11:03Z INFO [463/2401] 34b9e9ad-fc02-4495-9f6a-759849e48705: valid; 3.0 s; peak memory 5924 MiB.
2026-09-20T16:11:07Z INFO [464/2401] 34fd5469-2cb3-42b6-b0e8-5f40abed4d8e: not valid; 4.4 s; peak memory 5969 MiB.
2026-09-20T16:11:09Z INFO [465/2401] 35053014-c645-4e18-b0c9-98467d215bd1: valid; 1.6 s; peak memory 5969 MiB.
2026-09-20T16:11:12Z INFO [466/2401] 350d2ee4-b8ac-4832-978b-5069dbb82fa8: valid; 3.1 s; peak memory 5969 MiB.
2026-09-20T16:11:14Z INFO [467/2401] 35114b86-40c3-424f-8894-d928c41f7372: not valid; 2.1 s; peak memory 5969 MiB.
2026-09-20T16:11:15Z INFO [468/2401] 356a21b2-acdc-4ee7-acf4-bf52c7620441: not valid; 1.6 s; peak memory 5969 MiB.
2026-09-20T16:11:17Z INFO [469/2401] 35d34c63-69e3-4753-bab6-2cb2048ef374: not valid; 2.0 s; peak memory 5969 MiB.
2026-09-20T16:11:19Z INFO [470/2401] 35f1485a-c106-4d6e-b99b-9de643231190: valid; 2.1 s; peak memory 5969 MiB.
2026-09-20T16:11:35Z INFO [471/2401] 362a2aa1-28b2-4a5b-bf68-dc42b7e3da9b: valid; 15.3 s; peak memory 6107 MiB.
2026-09-20T16:11:36Z INFO [472/2401] 363ae1ae-3167-4042-9aca-bd4ebf710716: valid; 1.4 s; peak memory 6107 MiB.
2026-09-20T16:11:38Z INFO [473/2401] 37136adc-4b04-48c6-b718-75b74f874ae6: not valid; 1.9 s; peak memory 6107 MiB.
2026-09-20T16:11:40Z INFO [474/2401] 371d8286-7ff2-4ecd-aed8-7e90402b581b: not valid; 2.1 s; peak memory 6107 MiB.
2026-09-20T16:11:42Z INFO [475/2401] 3745bbdd-4229-46f0-a92c-1ee34267a31f: valid; 2.2 s; peak memory 6107 MiB.
2026-09-20T16:11:45Z INFO [476/2401] 3748c1ab-040f-456e-91d8-4c8f3ac78a5d: valid; 2.2 s; peak memory 6107 MiB.
2026-09-20T16:12:25Z INFO [477/2401] 374d8293-42e1-4695-959d-eb4f187a7128: valid; 40.8 s; peak memory 6292 MiB.
2026-09-20T16:12:44Z INFO [478/2401] 375e3058-764d-4dc3-ae98-64b7f8383e69: valid; 18.4 s; peak memory 6445 MiB.
2026-09-20T16:12:45Z INFO [479/2401] 3765e708-506f-4e71-958a-2cc26a452e1f: valid; 1.5 s; peak memory 6445 MiB.
2026-09-20T16:12:53Z INFO [480/2401] 379905c7-269b-4cd9-a74f-ded4e64bdf33: valid; 8.2 s; peak memory 6445 MiB.
2026-09-20T16:12:55Z INFO [481/2401] 37af001f-7d2f-476a-ad8a-08fe13f074ec: not valid; 1.6 s; peak memory 6445 MiB.
2026-09-20T16:12:57Z INFO [482/2401] 37ee576e-4a24-4584-a7c0-130ce72a7627: valid; 2.3 s; peak memory 6445 MiB.
2026-09-20T16:12:59Z INFO [483/2401] 37fdecb8-ddf9-4594-af77-7f32f4339f6e: valid; 1.4 s; peak memory 6445 MiB.
2026-09-20T16:13:01Z INFO [484/2401] 3812bda7-51bc-4e26-a4c7-de1f92b50450: not valid; 2.0 s; peak memory 6445 MiB.
2026-09-20T16:13:03Z INFO [485/2401] 383d82c8-00e0-40b5-ba67-338e3a41757c: valid; 2.3 s; peak memory 6445 MiB.
2026-09-20T16:13:06Z INFO [486/2401] 3842c0e2-b4fb-44f2-8269-e728ce88aef2: not valid; 2.7 s; peak memory 6445 MiB.
2026-09-20T16:13:07Z WARNING 3865fd7d-c31a-4131-8b14-bd8281bf6f10: failed while opening the NWB file (ConstructError: (root/acquisition/event_code_meanings GroupBuilder {'attributes': {'colnames': array(['value', 'meaning'], dtype=object), 'description': 'Mapping integer event codes to event labels', 'namespace': 'ndx-events', 'neurodata_type': 'MeaningsTable', 'object_id': '4f41ad10-2715-48da-a86a-a91e967a7913'}, 'groups': {}, 'datasets': {'id': root/acquisition/event_code_meanings/id DatasetBuilder {'attributes': {'namespace': 'hdmf-common', 'neurodata_type': 'ElementIdentifiers', 'object_id': 'eb1e4cb8-f07a-4a84-82a7-403d96f4227f'}, 'data': <HDF5 dataset "id": shape (26,), type "<i8">}, 'meaning': root/acquisition/event_code_meanings/meaning DatasetBuilder {'attributes': {'description': 'The meaning of the value in the parent CategoricalVectorData object.', 'namespace': 'hdmf-experimental', 'neurodata_type': 'VectorData', 'object_id': 'c79f53e3-ee55-4716-aea9-6b49e6af4065'}, 'data': <StrDataset for HDF5 dataset "meaning": shape (26,), type "|O">}, 'value': root/acquisition/event_code_meanings/value DatasetBuilder {'attributes': {'description': 'The value of the parent CategoricalVectorData object.', 'namespace': 'hdmf-experimental', 'neurodata_type': 'VectorData', 'object_id': 'ef3a2131-7a41-40f8-a01e-2a2f2f0493f4'}, 'data': <HDF5 dataset "value": shape (26,), type "<i8">}}, 'links': {}}, "Could not construct MeaningsTable object due to: MeaningsTable.__init__: missing argument 'target'"))
2026-09-20T16:13:09Z INFO [488/2401] 38680c02-e0e5-474d-b711-3935bb0cf7e4: valid; 2.1 s; peak memory 6445 MiB.
2026-09-20T16:13:11Z INFO [489/2401] 3873d262-b614-4098-8d3b-61d98cce113c: valid; 1.4 s; peak memory 6445 MiB.
2026-09-20T16:13:12Z INFO [490/2401] 387ce713-b97d-46eb-af2e-7d14ddf94ab3: valid; 1.3 s; peak memory 6445 MiB.
2026-09-20T16:13:14Z WARNING 38a19728-5ebe-43d8-95bb-8940c1506f41: failed while opening the NWB file (ConstructError: (root/acquisition/_iblmic_audioSpectrogram/bands GroupBuilder {'attributes': {'colnames': array(['freq'], dtype=object), 'description': 'spectogram frequencies', 'namespace': 'core', 'neurodata_type': 'FrequencyBandsTable', 'object_id': 'cee149aa-be58-4693-8d4c-6bcba6e40bdc'}, 'groups': {}, 'datasets': {'freq': root/acquisition/_iblmic_audioSpectrogram/bands/freq DatasetBuilder {'attributes': {'description': 'frequency value', 'namespace': 'hdmf-common', 'neurodata_type': 'VectorData', 'object_id': 'afa6104b-eec5-45a6-9918-b76ea388ec3b'}, 'data': <HDF5 dataset "freq": shape (257,), type "<f4">}, 'id': root/acquisition/_iblmic_audioSpectrogram/bands/id DatasetBuilder {'attributes': {'namespace': 'hdmf-common', 'neurodata_type': 'ElementIdentifiers', 'object_id': '575afa0f-8e28-40b6-acf4-f8427f15c1b1'}, 'data': <HDF5 dataset "id": shape (257,), type "<i4">}}, 'links': {}}, "Could not construct FrequencyBandsTable object due to: column must have the same number of rows as 'id'"))
2026-09-20T16:13:18Z INFO [492/2401] 38a64318-a554-4cac-b07c-6d16f114f936: valid; 3.2 s; peak memory 6445 MiB.
2026-09-20T16:13:21Z INFO [493/2401] 38bfbd58-eebf-45e0-9dc5-4fe394fcda8c: not valid; 3.4 s; peak memory 6445 MiB.
2026-09-20T16:13:23Z INFO [494/2401] 38c38c46-cf1f-48a1-89cb-c1052e186d73: valid; 2.3 s; peak memory 6445 MiB.
2026-09-20T16:13:28Z INFO [495/2401] 38e32f31-8130-452f-bf25-d1c4c40c0ee8: valid; 5.2 s; peak memory 6445 MiB.
2026-09-20T16:13:30Z INFO [496/2401] 38f26efa-ba4f-4b43-88db-1895a0e43298: valid; 2.0 s; peak memory 6445 MiB.
2026-09-20T16:13:30Z WARNING 38f3d06c-0795-409e-ae07-ca5d8731bc37: failed while retrieving asset information from the DANDI API (NotFoundError: No such Dandiset: 000948)
2026-09-20T16:13:32Z INFO [498/2401] 38f9a185-9ac2-4101-a0d9-660b872e980f: not valid; 2.0 s; peak memory 6445 MiB.
2026-09-20T16:13:35Z INFO [499/2401] 390cec69-1a5f-484d-a5d5-8a506490eecc: not valid; 2.4 s; peak memory 6445 MiB.
2026-09-20T16:13:37Z INFO [500/2401] 39135c7b-8599-4771-bd42-bf41cea5623f: valid; 2.3 s; peak memory 6445 MiB.
2026-09-20T16:13:38Z INFO [500/2401] 39135c7b-8599-4771-bd42-bf41cea5623f: checkpointed 72010 records.
2026-09-20T16:13:39Z INFO [501/2401] 39162195-920c-4589-a52d-dcf2b14e41aa: valid; 1.4 s; peak memory 6445 MiB.
2026-09-20T16:13:42Z INFO [502/2401] 391ae3ea-95d0-4442-ae7f-117bed6f4045: valid; 2.6 s; peak memory 6445 MiB.
2026-09-20T16:13:43Z INFO [503/2401] 39268693-3520-4cf2-b962-89bb46f814f9: valid; 1.3 s; peak memory 6445 MiB.
2026-09-20T16:13:45Z INFO [504/2401] 39328a62-06d2-44cf-8802-0c88c8d12738: valid; 2.1 s; peak memory 6445 MiB.
2026-09-20T16:13:47Z INFO [505/2401] 39dbdbe2-ec79-4863-bea1-0db2eae3e171: valid; 1.6 s; peak memory 6445 MiB.
2026-09-20T16:13:49Z INFO [506/2401] 39efcc67-c3a8-40d2-a1ac-212ef1b39410: valid; 2.1 s; peak memory 6445 MiB.
2026-09-20T16:13:52Z INFO [507/2401] 3a00b1f6-4ad6-4982-94bd-cb268f77bb80: valid; 3.4 s; peak memory 6445 MiB.
2026-09-20T16:13:54Z INFO [508/2401] 3a14ff4d-3ba9-4516-a54e-5774590d2d35: not valid; 1.7 s; peak memory 6445 MiB.
2026-09-20T16:14:01Z INFO [509/2401] 3a302863-aa04-47f2-b0e4-c6c262621e34: valid; 7.1 s; peak memory 6445 MiB.
2026-09-20T16:14:02Z INFO [510/2401] 3a3363ed-34bc-4c27-969b-ebc5d9f737d6: valid; 1.4 s; peak memory 6445 MiB.
2026-09-20T16:14:04Z INFO [511/2401] 3a3b7b74-e68f-46f6-8ec5-0e9963ff3b1e: valid; 1.4 s; peak memory 6445 MiB.
2026-09-20T16:14:06Z INFO [512/2401] 3a878124-a817-43f1-be10-cbaf3075eb99: valid; 2.5 s; peak memory 6445 MiB.
2026-09-20T16:14:08Z INFO [513/2401] 3aa9baa2-413c-45a5-9bae-2ab44dda4b2d: valid; 1.4 s; peak memory 6445 MiB.
2026-09-20T16:14:10Z INFO [514/2401] 3aaf790f-0fa1-45b4-8db0-c92b3131196e: not valid; 2.4 s; peak memory 6445 MiB.
2026-09-20T16:14:12Z INFO [515/2401] 3ac67514-7b20-4b1b-8803-e7ff6a49560d: valid; 2.4 s; peak memory 6445 MiB.
2026-09-20T16:14:15Z INFO [516/2401] 3acf3268-911b-40ec-b8a7-05dd8e86faf3: valid; 2.5 s; peak memory 6445 MiB.
2026-09-20T16:14:16Z INFO [517/2401] 3b2165e2-0482-4b98-9fc3-a07e8ef1a938: valid; 1.4 s; peak memory 6445 MiB.
2026-09-20T16:14:18Z INFO [518/2401] 3b2c10db-ea41-44bf-b7d1-67f8850e59c8: valid; 1.8 s; peak memory 6445 MiB.
2026-09-20T16:14:20Z INFO [519/2401] 3b35023c-cb55-48cf-9c15-cedf0aec693a: not valid; 2.0 s; peak memory 6445 MiB.
2026-09-20T16:14:22Z INFO [520/2401] 3b5538db-956f-44f2-8872-bf4e805753a3: not valid; 1.9 s; peak memory 6445 MiB.
2026-09-20T16:14:28Z INFO [521/2401] 3b5764ed-6755-4939-bb86-8832bddfd711: not valid; 6.1 s; peak memory 6445 MiB.
2026-09-20T16:14:31Z INFO [522/2401] 3b67ff6c-1fe3-462f-9a87-5d0d73a8e175: valid; 2.9 s; peak memory 6445 MiB.
2026-09-20T16:14:32Z INFO [523/2401] 3b9441f1-ef20-4437-990e-81ba1a717ec6: valid; 1.2 s; peak memory 6445 MiB.
2026-09-20T16:14:34Z INFO [524/2401] 3bc7bf53-c042-4b56-820d-3f4e45b3ec37: valid; 2.1 s; peak memory 6445 MiB.
2026-09-20T16:14:35Z INFO [525/2401] 3bfd0225-6d66-4004-843d-18c4a6db7a28: valid; 1.2 s; peak memory 6445 MiB.
2026-09-20T16:14:37Z INFO [526/2401] 3c5fa0a4-b264-49cb-b969-bbf8c99be2be: not valid; 1.6 s; peak memory 6445 MiB.
2026-09-20T16:14:39Z INFO [527/2401] 3c7169cf-59f5-442f-af39-0840a2a1edfe: valid; 2.1 s; peak memory 6445 MiB.
2026-09-20T16:14:41Z INFO [528/2401] 3ca86411-8e35-4a26-b2d3-03f783a9d952: not valid; 2.0 s; peak memory 6445 MiB.
2026-09-20T16:14:43Z INFO [529/2401] 3cdd04f6-f1d2-4de8-8e05-d8608f842f3e: valid; 2.2 s; peak memory 6445 MiB.
2026-09-20T16:14:47Z INFO [530/2401] 3cde0ffb-8c40-42ad-975e-fd9bc25f25c4: valid; 3.5 s; peak memory 6445 MiB.
2026-09-20T16:14:49Z INFO [531/2401] 3cdfb503-d781-4196-83d3-3dbd6bed7666: not valid; 1.9 s; peak memory 6445 MiB.
2026-09-20T16:14:50Z INFO [532/2401] 3d0bc561-3558-4c73-876e-b33b19616408: valid; 1.3 s; peak memory 6445 MiB.
2026-09-20T16:14:52Z INFO [533/2401] 3d5f382e-4bef-4bd5-a1ee-8de90ab81d62: valid; 2.6 s; peak memory 6445 MiB.
2026-09-20T16:14:56Z INFO [534/2401] 3d63f743-6de1-4d56-80a6-7a8cb7e266dd: valid; 3.0 s; peak memory 6445 MiB.
2026-09-20T16:14:58Z INFO [535/2401] 3deb3692-b38e-4809-b01c-8389ef4840b9: not valid; 2.0 s; peak memory 6445 MiB.
2026-09-20T16:14:59Z INFO [536/2401] 3df21cbc-99e2-49fd-8ad0-9896c2cd9d57: valid; 1.6 s; peak memory 6445 MiB.
2026-09-20T16:15:02Z INFO [537/2401] 3e0a15b3-ad0f-410b-b77f-fa4e860ccc36: valid; 2.8 s; peak memory 6445 MiB.
2026-09-20T16:15:03Z INFO [538/2401] 3e28f0cb-d26e-46bd-9583-efbc310c2f92: valid; 1.4 s; peak memory 6445 MiB.
2026-09-20T16:15:06Z INFO [539/2401] 3e2cd605-e5d9-4367-b528-d802c35ad106: valid; 2.2 s; peak memory 6445 MiB.
2026-09-20T16:15:08Z WARNING 3e3c3a5e-af37-401c-b58a-8976ff580de2: failed while opening the NWB file (ConstructError: (root/acquisition/_iblmic_audioSpectrogram/bands GroupBuilder {'attributes': {'colnames': array(['freq'], dtype=object), 'description': 'spectogram frequencies', 'namespace': 'core', 'neurodata_type': 'FrequencyBandsTable', 'object_id': '4a49bd56-6a72-49f7-8e74-db889c51dec6'}, 'groups': {}, 'datasets': {'freq': root/acquisition/_iblmic_audioSpectrogram/bands/freq DatasetBuilder {'attributes': {'description': 'frequency value', 'namespace': 'hdmf-common', 'neurodata_type': 'VectorData', 'object_id': 'aaab3d8a-7fdb-4d9a-a2c2-9494c1366382'}, 'data': <HDF5 dataset "freq": shape (257,), type "<f4">}, 'id': root/acquisition/_iblmic_audioSpectrogram/bands/id DatasetBuilder {'attributes': {'namespace': 'hdmf-common', 'neurodata_type': 'ElementIdentifiers', 'object_id': '8970d3fd-f77d-4567-a437-ac973ea50cba'}, 'data': <HDF5 dataset "id": shape (257,), type "<i4">}}, 'links': {}}, "Could not construct FrequencyBandsTable object due to: column must have the same number of rows as 'id'"))
2026-09-20T16:15:10Z INFO [541/2401] 3e60223c-8cdf-4461-b415-1f6c6b85add5: valid; 2.2 s; peak memory 6445 MiB.
2026-09-20T16:15:10Z WARNING 3e61bd91-9e00-4692-a250-04ff05610acd: failed while retrieving asset information from the DANDI API (NotFoundError: No asset at path 'sub-456772/sub-456772_ses-20191119T115109_behavior+ecephys+ogen.nwb' in version 0.231012.2129. Verify the path is correct and the asset exists in this version. Use 'dandi ls' to list available assets.)
2026-09-20T16:15:12Z INFO [543/2401] 3e6e6f68-5479-4804-9860-5d81fb511f78: valid; 1.6 s; peak memory 6445 MiB.
2026-09-20T16:15:13Z INFO [544/2401] 3e7966b1-9ccc-4794-81d7-26bc2d479bf9: valid; 1.5 s; peak memory 6445 MiB.
2026-09-20T16:15:15Z INFO [545/2401] 3e8ada66-86cc-48fd-8839-f2ccf06a2df6: valid; 1.4 s; peak memory 6445 MiB.
2026-09-20T16:15:16Z INFO [546/2401] 3e91a578-0a1e-4e75-b309-fb695d997989: valid; 1.4 s; peak memory 6445 MiB.
2026-09-20T16:15:18Z WARNING 3e9c34a1-acba-42f3-8a4e-4e9036bc774b: failed while opening the NWB file (ConstructError: (root/acquisition/_iblmic_audioSpectrogram/bands GroupBuilder {'attributes': {'colnames': array(['freq'], dtype=object), 'description': 'spectogram frequencies', 'namespace': 'core', 'neurodata_type': 'FrequencyBandsTable', 'object_id': 'b3ce774a-c08b-4ccd-9b3e-defd0fa2052e'}, 'groups': {}, 'datasets': {'freq': root/acquisition/_iblmic_audioSpectrogram/bands/freq DatasetBuilder {'attributes': {'description': 'frequency value', 'namespace': 'hdmf-common', 'neurodata_type': 'VectorData', 'object_id': 'f492b96d-ccd1-4353-a38c-fe2544e00108'}, 'data': <HDF5 dataset "freq": shape (257,), type "<f4">}, 'id': root/acquisition/_iblmic_audioSpectrogram/bands/id DatasetBuilder {'attributes': {'namespace': 'hdmf-common', 'neurodata_type': 'ElementIdentifiers', 'object_id': 'cf87a895-b091-4abd-88a8-e76c5e96bef6'}, 'data': <HDF5 dataset "id": shape (257,), type "<i4">}}, 'links': {}}, "Could not construct FrequencyBandsTable object due to: column must have the same number of rows as 'id'"))
2026-09-20T16:15:20Z INFO [548/2401] 3ea1f852-3b47-47f3-a1ee-df5d16eb1751: not valid; 2.0 s; peak memory 6445 MiB.
2026-09-20T16:15:22Z INFO [549/2401] 3eb08a88-f9b1-49d8-b866-66f5fe30e82a: valid; 2.1 s; peak memory 6445 MiB.
2026-09-20T16:15:36Z INFO [550/2401] 3eb951a8-3262-444d-a370-18c64d425691: valid; 14.4 s; peak memory 6445 MiB.
2026-09-20T16:15:37Z INFO [550/2401] 3eb951a8-3262-444d-a370-18c64d425691: checkpointed 72010 records.
2026-09-20T16:15:39Z INFO [551/2401] 3ebbb00d-3193-4d0f-a3d2-01134bc933f0: not valid; 1.8 s; peak memory 6445 MiB.
2026-09-20T16:15:42Z INFO [552/2401] 3ec8634e-3341-47f6-b41f-f4f65ec11dcc: not valid; 3.5 s; peak memory 6445 MiB.
2026-09-20T16:15:45Z INFO [553/2401] 3ed90e6b-32dd-4342-a141-6534d0feab2a: valid; 3.2 s; peak memory 6445 MiB.
2026-09-20T16:15:47Z INFO [554/2401] 3f524901-89bb-4da5-b23c-fff2379511e2: not valid; 1.8 s; peak memory 6445 MiB.
2026-09-20T16:15:47Z WARNING 3f63ec1e-0056-4c57-9398-312499a78985: failed while retrieving asset information from the DANDI API (NotFoundError: No asset at path 'sub-719666/sub-719666_ses-1335486174_probe-1_ecephys.nwb' in version 0.250311.2145. Verify the path is correct and the asset exists in this version. Use 'dandi ls' to list available assets.)
2026-09-20T16:15:49Z INFO [556/2401] 3f72a2c4-19b5-41b9-a303-fa6da2003b44: valid; 2.2 s; peak memory 6445 MiB.
2026-09-20T16:15:52Z INFO [557/2401] 3f73ad09-fd2d-49ea-89b6-c542eb491864: valid; 2.7 s; peak memory 6445 MiB.
2026-09-20T16:15:54Z INFO [558/2401] 3f88d13e-efbe-4bad-82df-4dba6dd1b183: not valid; 2.1 s; peak memory 6445 MiB.
2026-09-20T16:15:56Z INFO [559/2401] 3fa1347e-ce32-4195-8c1d-1a99d98aa9ae: valid; 2.2 s; peak memory 6445 MiB.
2026-09-20T16:15:58Z INFO [560/2401] 3fa3ef0a-66a1-4a58-b168-9f4747b97e8c: valid; 1.3 s; peak memory 6445 MiB.
2026-09-20T16:16:01Z INFO [561/2401] 3ffb0689-0ba3-4ea8-b695-51c53784fe77: valid; 3.0 s; peak memory 6445 MiB.
2026-09-20T16:16:03Z WARNING 4030c1b8-a2dd-4b23-8d68-4eb66770096f: failed while opening the NWB file (ConstructError: (root/acquisition/_iblmic_audioSpectrogram/bands GroupBuilder {'attributes': {'colnames': array(['freq'], dtype=object), 'description': 'spectogram frequencies', 'namespace': 'core', 'neurodata_type': 'FrequencyBandsTable', 'object_id': 'b3c3c67a-a02d-4981-8961-bdf66330a9be'}, 'groups': {}, 'datasets': {'freq': root/acquisition/_iblmic_audioSpectrogram/bands/freq DatasetBuilder {'attributes': {'description': 'frequency value', 'namespace': 'hdmf-common', 'neurodata_type': 'VectorData', 'object_id': '8778ec81-3d84-4345-bc63-4cb7f41cf78b'}, 'data': <HDF5 dataset "freq": shape (257,), type "<f4">}, 'id': root/acquisition/_iblmic_audioSpectrogram/bands/id DatasetBuilder {'attributes': {'namespace': 'hdmf-common', 'neurodata_type': 'ElementIdentifiers', 'object_id': '2e5c1243-b845-4fcd-825e-a392467a7b37'}, 'data': <HDF5 dataset "id": shape (257,), type "<i4">}}, 'links': {}}, "Could not construct FrequencyBandsTable object due to: column must have the same number of rows as 'id'"))
2026-09-20T16:16:04Z INFO [563/2401] 4039e2fe-ed7b-4afb-93da-cd6a21e11b28: not valid; 1.6 s; peak memory 6445 MiB.
2026-09-20T16:16:07Z INFO [564/2401] 405950b3-c711-40d1-8cbf-c578af334d3f: valid; 2.2 s; peak memory 6445 MiB.
2026-09-20T16:16:10Z INFO [565/2401] 4061e52d-996f-44a5-9ca4-2693f415ca6d: valid; 3.8 s; peak memory 6445 MiB.
2026-09-20T16:16:13Z INFO [566/2401] 40aa3e1b-64b1-49d9-b669-5baa261fcb5a: not valid; 2.5 s; peak memory 6445 MiB.
2026-09-20T16:16:46Z INFO [567/2401] 40b18a65-a236-45d1-82f8-ac3feb3368f2: valid; 33.1 s; peak memory 6445 MiB.
2026-09-20T16:16:48Z INFO [568/2401] 40c2d015-f19c-48a5-ac85-ea3637353066: valid; 1.4 s; peak memory 6445 MiB.
2026-09-20T16:16:49Z INFO [569/2401] 4104539f-4217-44ed-bb92-e02344559858: valid; 1.4 s; peak memory 6445 MiB.
2026-09-20T16:16:50Z INFO [570/2401] 4109db74-3d2a-4bb3-9c7b-13a23c397fbd: valid; 1.4 s; peak memory 6445 MiB.
2026-09-20T16:16:55Z INFO [571/2401] 410bcd67-38c7-4b91-adcc-b7032c7a6a87: valid; 4.3 s; peak memory 6445 MiB.
2026-09-20T16:16:57Z INFO [572/2401] 413040aa-5cc8-4c3c-a579-c914318475a2: not valid; 2.2 s; peak memory 6445 MiB.
2026-09-20T16:17:03Z INFO [573/2401] 4176c4b1-e8e1-4e63-83d1-1ba733808cb7: valid; 5.9 s; peak memory 6445 MiB.
2026-09-20T16:17:05Z INFO [574/2401] 418b2df4-beb8-4427-aa0e-851b7bc5afef: not valid; 2.6 s; peak memory 6445 MiB.
2026-09-20T16:17:05Z WARNING 419f8456-a797-42fa-a4c5-11dce39be0fc: failed while retrieving asset information from the DANDI API (NotFoundError: No such Dandiset: 000948)
2026-09-20T16:17:07Z INFO [576/2401] 41e47d20-5de7-4bad-980c-318b4bc6034d: valid; 1.4 s; peak memory 6445 MiB.
2026-09-20T16:17:27Z INFO [577/2401] 4202d35b-89e6-4879-a93e-e9a6ff696f36: valid; 20.1 s; peak memory 6445 MiB.
2026-09-20T16:17:29Z INFO [578/2401] 420e271a-0973-4472-bc56-f9eb8543fd45: not valid; 2.5 s; peak memory 6445 MiB.
2026-09-20T16:17:31Z INFO [579/2401] 42130201-8caf-4d2b-924d-bd092cb267a7: valid; 1.6 s; peak memory 6445 MiB.
2026-09-20T16:17:36Z INFO [580/2401] 4234623a-7fce-43a0-93d0-0f25dcc38d03: valid; 5.0 s; peak memory 6445 MiB.
2026-09-20T16:17:44Z INFO [581/2401] 423fe462-ec4c-4b52-b620-82557ed03a20: valid; 7.9 s; peak memory 6445 MiB.
2026-09-20T16:17:46Z INFO [582/2401] 42533939-c9fb-4dee-b315-73316ade0c53: valid; 2.4 s; peak memory 6445 MiB.
2026-09-20T16:17:48Z INFO [583/2401] 42b4d8a3-43b9-4e53-b7a5-71002afa9bf0: not valid; 2.0 s; peak memory 6445 MiB.
2026-09-20T16:17:51Z INFO [584/2401] 433cc337-4dbe-4f74-b822-71cdd733c892: valid; 3.2 s; peak memory 6445 MiB.
2026-09-20T16:17:53Z INFO [585/2401] 4345d9ab-7948-484a-9b51-8b58bd0015fb: valid; 1.3 s; peak memory 6445 MiB.
2026-09-20T16:19:05Z INFO [586/2401] 4363eed8-b086-40b0-a3df-5163ffb40f9c: not valid; 72.5 s; peak memory 6445 MiB.
2026-09-20T16:19:10Z INFO [587/2401] 436452fb-da1f-4ec7-a9a8-8665d8d49b9a: not valid; 5.1 s; peak memory 6445 MiB.
2026-09-20T16:19:12Z INFO [588/2401] 43dfbf9a-9161-4e86-8fcc-0f2364aa8ea8: valid; 1.4 s; peak memory 6445 MiB.
2026-09-20T16:19:12Z WARNING 44133d6d-c233-455c-a2fc-6a2cee308905: failed while retrieving asset information from the DANDI API (NotFoundError: No such Dandiset: 000948)
2026-09-20T16:19:13Z INFO [590/2401] 441d8de5-5c70-4fdd-8ccc-28f32c8cb510: valid; 1.3 s; peak memory 6445 MiB.
2026-09-20T16:19:21Z INFO [591/2401] 443f4f15-a771-47c3-8672-431882e71f9f: valid; 8.0 s; peak memory 6445 MiB.
2026-09-20T16:19:24Z INFO [592/2401] 445f3bfc-14d4-443a-8dda-8d905e0d9bd5: valid; 2.4 s; peak memory 6445 MiB.
2026-09-20T16:19:26Z INFO [593/2401] 4464fa44-7fd9-41a4-ba9f-d846ea55dc5e: valid; 2.4 s; peak memory 6445 MiB.
2026-09-20T16:19:27Z INFO [594/2401] 4467b735-c910-4e35-ba2a-d4df189933c6: valid; 1.4 s; peak memory 6445 MiB.
2026-09-20T16:19:33Z INFO [595/2401] 4473ec14-d04a-46e6-ac06-b05f3ee37fe9: valid; 6.0 s; peak memory 6445 MiB.
2026-09-20T16:19:35Z INFO [596/2401] 44983f98-3344-47a6-b287-8d941d9c9f33: not valid; 1.9 s; peak memory 6445 MiB.
2026-09-20T16:19:40Z INFO [597/2401] 44a4481d-0206-4248-8e6e-8affd75a30e1: valid; 4.7 s; peak memory 6445 MiB.
2026-09-20T16:19:42Z INFO [598/2401] 44d958ef-6c3f-4371-813d-8d88f8a3929b: not valid; 2.0 s; peak memory 6445 MiB.
2026-09-20T16:19:43Z INFO [599/2401] 44db5d51-cea1-4f96-ad1a-b2add2eebb74: valid; 1.4 s; peak memory 6445 MiB.
2026-09-20T16:19:46Z INFO [600/2401] 44fb62aa-c5ee-48ca-9af7-66f9340cbda6: valid; 2.8 s; peak memory 6445 MiB.
2026-09-20T16:19:47Z INFO [600/2401] 44fb62aa-c5ee-48ca-9af7-66f9340cbda6: checkpointed 72010 records.
2026-09-20T16:19:55Z INFO [601/2401] 451b6bc7-7f9b-4df8-84d8-060aeaee12f7: valid; 8.3 s; peak memory 6445 MiB.
2026-09-20T16:19:57Z INFO [602/2401] 4525e8b3-5962-4d79-b268-b8e04642c2e1: not valid; 1.7 s; peak memory 6445 MiB.
2026-09-20T16:20:19Z INFO [603/2401] 453f1779-65c0-42f2-a967-a6c236d9bbaa: valid; 22.5 s; peak memory 6445 MiB.
2026-09-20T16:20:22Z INFO [604/2401] 454df3bd-dc56-4ad3-bc0c-cbbc446a711a: not valid; 2.6 s; peak memory 6445 MiB.
2026-09-20T16:20:24Z INFO [605/2401] 455167e1-45cf-4fce-b678-ea82aed1cbab: valid; 2.0 s; peak memory 6445 MiB.
2026-09-20T16:20:27Z INFO [606/2401] 45522c2e-c7b0-4075-b9fd-919ebf3d8f5e: valid; 3.0 s; peak memory 6445 MiB.
2026-09-20T16:20:29Z INFO [607/2401] 45546af1-0802-4ca7-a564-88ddec581794: not valid; 2.5 s; peak memory 6445 MiB.
2026-09-20T16:20:31Z INFO [608/2401] 45668620-c798-4052-845b-adc85144d026: valid; 1.5 s; peak memory 6445 MiB.
2026-09-20T16:20:32Z INFO [609/2401] 456a667d-1d94-4d83-985e-e776038168c8: valid; 1.3 s; peak memory 6445 MiB.
2026-09-20T16:20:34Z INFO [610/2401] 4596097e-d675-4576-9f3c-d9864d835861: not valid; 2.1 s; peak memory 6445 MiB.
2026-09-20T16:20:36Z INFO [611/2401] 4599521e-2e3f-4487-9ef6-c6e57dbe2bed: valid; 1.4 s; peak memory 6445 MiB.
2026-09-20T16:20:37Z INFO [612/2401] 45abb72b-271f-44c4-894b-d089f01a0d02: valid; 1.4 s; peak memory 6445 MiB.
2026-09-20T16:20:40Z INFO [613/2401] 45b3819e-6a02-44a7-954e-c8e3328f0184: valid; 2.7 s; peak memory 6445 MiB.
2026-09-20T16:20:42Z INFO [614/2401] 46442481-2081-4210-ad82-8d090337d147: not valid; 2.4 s; peak memory 6445 MiB.
2026-09-20T16:20:44Z INFO [615/2401] 4650915b-9055-4d07-a542-ad0338d3f24d: valid; 2.0 s; peak memory 6445 MiB.
2026-09-20T16:20:45Z INFO [616/2401] 4665c1dd-4720-4b4f-b845-ffe5b110411c: valid; 1.4 s; peak memory 6445 MiB.
2026-09-20T16:20:49Z INFO [617/2401] 466c62ec-8a7e-45a0-90f0-9868e4fd8bd3: valid; 3.1 s; peak memory 6445 MiB.
2026-09-20T16:20:54Z INFO [618/2401] 4681005c-5d27-4dc1-a6fd-c12b3c9a1c8d: valid; 5.4 s; peak memory 6445 MiB.
2026-09-20T16:20:56Z INFO [619/2401] 46ca7a01-6ec2-4110-a22f-1d516ae2bc44: not valid; 2.1 s; peak memory 6445 MiB.
2026-09-20T16:21:18Z INFO [620/2401] 46d75569-24a9-4462-b2ff-126373456999: valid; 22.3 s; peak memory 6445 MiB.
2026-09-20T16:21:20Z INFO [621/2401] 46dcc591-86bf-477d-b5cc-1ecdb419be7d: not valid; 1.6 s; peak memory 6445 MiB.
2026-09-20T16:21:21Z INFO [622/2401] 46edeb48-3858-4f74-b4f0-9aa464f957d3: valid; 1.4 s; peak memory 6445 MiB.
2026-09-20T16:21:23Z INFO [623/2401] 46ee2228-f5a0-4ef2-af9e-8a5bd5acef16: valid; 1.5 s; peak memory 6445 MiB.
2026-09-20T16:21:27Z INFO [624/2401] 47822d70-6291-4ba4-8487-2db54a2b456e: not valid; 3.8 s; peak memory 6445 MiB.
2026-09-20T16:21:29Z INFO [625/2401] 479662cd-dbe8-4ed3-9632-2ade7b9824ea: not valid; 2.8 s; peak memory 6445 MiB.
2026-09-20T16:21:35Z INFO [626/2401] 47bcf09c-2c6f-40a4-ada7-6d51be951bc1: valid; 5.4 s; peak memory 6445 MiB.
2026-09-20T16:21:37Z INFO [627/2401] 47c3151d-c6dd-4e9f-b615-8abcc84ada22: valid; 2.2 s; peak memory 6445 MiB.
2026-09-20T16:21:40Z INFO [628/2401] 47d0cd25-69b8-43a9-a525-46ca54023ed8: valid; 3.2 s; peak memory 6445 MiB.
2026-09-20T16:21:42Z INFO [629/2401] 47d8ee69-8753-4d82-9d3d-0cecdd13a8c5: valid; 1.4 s; peak memory 6445 MiB.
2026-09-20T16:21:44Z INFO [630/2401] 47f0a688-4bd9-426d-b0fa-4239c6adf976: valid; 2.2 s; peak memory 6445 MiB.
2026-09-20T16:21:45Z INFO [631/2401] 47fbf0a4-6b77-49d9-8564-faedf60efae7: valid; 1.4 s; peak memory 6445 MiB.
2026-09-20T16:21:51Z INFO [632/2401] 47ff5fd7-ca9e-4edf-9254-444b375d7f7b: not valid; 5.1 s; peak memory 6445 MiB.
2026-09-20T16:22:04Z INFO [633/2401] 4831e915-3138-417a-b075-9678038d0d5d: valid; 13.8 s; peak memory 6445 MiB.
2026-09-20T16:22:07Z INFO [634/2401] 4848fdc3-8a76-463e-acf4-d129a43eaa16: valid; 2.3 s; peak memory 6445 MiB.
2026-09-20T16:22:09Z INFO [635/2401] 48521182-86b9-476c-a164-ac0e988b9352: valid; 2.3 s; peak memory 6445 MiB.
2026-09-20T16:22:12Z INFO [636/2401] 4854f7fa-d091-460f-8a62-11926c7a907e: valid; 3.0 s; peak memory 6445 MiB.
2026-09-20T16:22:20Z INFO [637/2401] 485786d7-2c95-48af-b77e-6e1480b51bbc: valid; 7.9 s; peak memory 6445 MiB.
2026-09-20T16:22:30Z INFO [638/2401] 48588dd9-c1b0-425b-980e-d0bae790693d: not valid; 10.6 s; peak memory 6445 MiB.
2026-09-20T16:22:30Z WARNING 48de814f-a098-438e-af13-de1ef5cff439: failed while retrieving asset information from the DANDI API (NotFoundError: No such Dandiset: 000561)
2026-09-20T16:22:35Z INFO [640/2401] 490ebaec-e3a6-4402-a71e-bd118fa18f79: valid; 4.2 s; peak memory 6445 MiB.
2026-09-20T16:22:37Z INFO [641/2401] 49183906-6e19-4d0e-bc65-80aac73c0bd9: valid; 2.2 s; peak memory 6445 MiB.
2026-09-20T16:22:59Z INFO [642/2401] 492ff14a-2288-4757-b088-7443102a005d: valid; 22.1 s; peak memory 6445 MiB.
2026-09-20T16:23:00Z WARNING 4946da86-d9f3-4673-a977-ba9165cb16b9: failed while opening the NWB file (ValueError: Cannot resolve included group spec 'electrodes' with data_type_inc 'ElectrodesTable' because a group spec with the same name already exists with data_type_inc 'DynamicTable', and data type 'DynamicTable' is not a child type of data type 'ElectrodesTable'.)
2026-09-20T16:23:09Z INFO [644/2401] 4966bc2b-9596-4ee5-a903-82a9b2c68209: valid; 8.3 s; peak memory 6445 MiB.
2026-09-20T16:23:11Z INFO [645/2401] 496b9494-884e-4dbf-b385-898999b7faee: not valid; 1.8 s; peak memory 6445 MiB.
2026-09-20T16:23:12Z INFO [646/2401] 497f964d-c8a2-4d32-8995-ef3cbaf0fa62: valid; 1.4 s; peak memory 6445 MiB.
2026-09-20T16:23:13Z INFO [647/2401] 49a2fee2-66c1-4a1b-b0f7-b7ffd8528f96: valid; 1.4 s; peak memory 6445 MiB.
2026-09-20T16:23:16Z INFO [648/2401] 49ab0ec6-a6e6-4fbb-98d3-a99dfbf361b8: valid; 3.0 s; peak memory 6445 MiB.
2026-09-20T16:23:24Z WARNING 49b8c8e5-a1e4-4a9d-bd2c-53a041c813f5: failed while opening the NWB file (ValueError: Cannot extend float64 to float)
2026-09-20T16:23:26Z INFO [650/2401] 49bf56c2-28ca-48b0-b56a-4b350ad26ad4: not valid; 1.9 s; peak memory 6445 MiB.
2026-09-20T16:23:26Z INFO [650/2401] 49bf56c2-28ca-48b0-b56a-4b350ad26ad4: checkpointed 72010 records.
2026-09-20T16:23:28Z INFO [651/2401] 49c04470-d3d1-488c-ac71-0d79fe33449a: valid; 1.8 s; peak memory 6445 MiB.
2026-09-20T16:23:32Z INFO [652/2401] 49e75d62-b6ae-4d91-9d1d-b1bea389ed61: not valid; 4.6 s; peak memory 6445 MiB.
2026-09-20T16:23:37Z INFO [653/2401] 49f50bd6-7dbe-4b31-9a1e-93ed45211179: not valid; 4.4 s; peak memory 6445 MiB.
2026-09-20T16:23:39Z INFO [654/2401] 49fa1bfb-3e73-4c5a-8fd4-447865cb4b89: valid; 2.6 s; peak memory 6445 MiB.
2026-09-20T16:23:41Z INFO [655/2401] 4a0721af-520e-4e5d-bbb8-ea57fe3ff4a9: valid; 1.6 s; peak memory 6445 MiB.
2026-09-20T16:23:43Z INFO [656/2401] 4a08cd2a-c06b-4b9c-acf8-188eda7c86f7: not valid; 1.7 s; peak memory 6445 MiB.
2026-09-20T16:23:44Z INFO [657/2401] 4a1bfe8e-d209-4041-9a4f-2e02ffe0607f: not valid; 1.7 s; peak memory 6445 MiB.
2026-09-20T16:24:06Z INFO [658/2401] 4a397e2d-8bdf-4652-848c-0149119b903f: not valid; 21.7 s; peak memory 6445 MiB.
2026-09-20T16:24:07Z INFO [659/2401] 4a4aff47-be6e-43be-a990-986ccc1a2862: valid; 1.3 s; peak memory 6445 MiB.
2026-09-20T16:24:09Z INFO [660/2401] 4a503457-c948-4e44-901a-8b133e9594e6: valid; 1.4 s; peak memory 6445 MiB.
2026-09-20T16:24:11Z INFO [661/2401] 4abb3956-e7ab-4ae6-8915-c455d11018d4: valid; 1.8 s; peak memory 6445 MiB.
2026-09-20T16:24:28Z INFO [662/2401] 4af448c8-0733-46e4-af02-9f6c372ffcd2: valid; 17.9 s; peak memory 6481 MiB.
2026-09-20T16:24:30Z INFO [663/2401] 4b01be2e-c106-4404-8192-2aa195c5d0f8: valid; 1.8 s; peak memory 6481 MiB.
2026-09-20T16:24:32Z INFO [664/2401] 4b0ff5a4-3dae-4892-b5b8-510b6d63ed67: not valid; 2.2 s; peak memory 6482 MiB.
2026-09-20T16:24:35Z INFO [665/2401] 4b2e2817-529f-4392-8dc7-595c81f52cac: valid; 2.2 s; peak memory 6484 MiB.
2026-09-20T16:24:37Z INFO [666/2401] 4b37326e-9893-4ad1-a908-a64073b76b20: valid; 2.0 s; peak memory 6485 MiB.
2026-09-20T16:24:42Z INFO [667/2401] 4b47d607-0619-4605-9c7b-0126ddbc4c88: not valid; 5.0 s; peak memory 6489 MiB.
2026-09-20T16:24:46Z INFO [668/2401] 4b605c4c-6937-40c9-a2c3-37139f76973b: not valid; 4.7 s; peak memory 6489 MiB.
2026-09-20T16:24:48Z INFO [669/2401] 4b8f06b3-ba70-4e28-8443-9364082db20d: valid; 1.4 s; peak memory 6489 MiB.
2026-09-20T16:24:49Z INFO [670/2401] 4bc3006e-b8f2-4000-9cfd-a6c910136e65: valid; 1.4 s; peak memory 6489 MiB.
2026-09-20T16:24:52Z INFO [671/2401] 4bc3a2fd-3ec9-40d4-9e18-8beaaaa60d1a: valid; 3.2 s; peak memory 6489 MiB.
2026-09-20T16:24:54Z INFO [672/2401] 4bc621a9-104b-4d17-9227-39833ba3fd08: valid; 1.4 s; peak memory 6489 MiB.
2026-09-20T16:24:56Z INFO [673/2401] 4bc7109f-0bc9-43a5-91e6-a4a0edb1db4f: not valid; 2.2 s; peak memory 6489 MiB.
2026-09-20T16:24:58Z INFO [674/2401] 4bd6b80f-6cdb-4144-a144-7e3dd81b5dc0: valid; 1.5 s; peak memory 6489 MiB.
2026-09-20T16:24:59Z INFO [675/2401] 4bdab6da-052c-4894-95ff-eebad6c3717a: valid; 1.4 s; peak memory 6489 MiB.
2026-09-20T16:25:00Z INFO [676/2401] 4c799dfc-8aa3-472c-a0f0-92490236cc6d: valid; 1.4 s; peak memory 6489 MiB.
2026-09-20T16:25:02Z INFO [677/2401] 4c7ee0b9-5ef2-494e-b033-b3bed99106b0: valid; 1.5 s; peak memory 6489 MiB.
2026-09-20T16:25:05Z INFO [678/2401] 4ca7e4a9-95ba-4570-9c2e-80c3df77854e: not valid; 3.1 s; peak memory 6489 MiB.
2026-09-20T16:25:07Z INFO [679/2401] 4ca9e21a-4ffc-43ed-b2d7-1f09d95a0da0: not valid; 1.7 s; peak memory 6489 MiB.
2026-09-20T16:25:08Z INFO [680/2401] 4cb43b1d-fd44-447a-9b04-ac6728bc3eec: valid; 1.5 s; peak memory 6489 MiB.
2026-09-20T16:25:10Z INFO [681/2401] 4cc3cdef-93b5-4aee-ac77-c6f11e56975a: valid; 1.5 s; peak memory 6489 MiB.
2026-09-20T16:25:32Z INFO [682/2401] 4ce407ab-0b3b-44e7-9092-fdc92b31304c: valid; 22.4 s; peak memory 6499 MiB.
2026-09-20T16:25:34Z INFO [683/2401] 4d276e28-6bed-47ac-a43b-225e84fd58a3: valid; 1.6 s; peak memory 6499 MiB.
2026-09-20T16:25:35Z INFO [684/2401] 4d35613c-639a-46d0-999a-f2cdb2190245: valid; 1.5 s; peak memory 6499 MiB.
2026-09-20T16:25:48Z INFO [685/2401] 4d420183-81a7-4491-9ad5-0af084495298: valid; 12.5 s; peak memory 6499 MiB.
2026-09-20T16:25:50Z INFO [686/2401] 4d424464-e106-49d0-9a8f-274baa4b1762: valid; 2.1 s; peak memory 6499 MiB.
2026-09-20T16:25:52Z INFO [687/2401] 4d91ad0b-2673-4d66-94a0-c6c220143191: valid; 2.0 s; peak memory 6499 MiB.
2026-09-20T16:25:54Z INFO [688/2401] 4dfd6e0d-4edc-42c8-aeb0-8c023012082a: valid; 2.2 s; peak memory 6499 MiB.
2026-09-20T16:25:55Z INFO [689/2401] 4e1b9072-32ed-4c5f-b657-1b6de45d708b: valid; 1.4 s; peak memory 6499 MiB.
2026-09-20T16:25:57Z INFO [690/2401] 4e30e6e6-dc0b-4088-b7ec-5413f31e0893: valid; 2.2 s; peak memory 6499 MiB.
2026-09-20T16:26:01Z INFO [691/2401] 4e38c499-9024-4dda-a9c9-62f14be3a75b: valid; 3.4 s; peak memory 6499 MiB.
2026-09-20T16:26:03Z INFO [692/2401] 4e654af7-d228-43ac-8457-3644e715b855: valid; 2.2 s; peak memory 6499 MiB.
2026-09-20T16:26:05Z INFO [693/2401] 4e8a3ecf-6cff-4a86-b07e-b21f9e337742: not valid; 1.7 s; peak memory 6499 MiB.
2026-09-20T16:26:07Z INFO [694/2401] 4e93f7a6-5d15-4644-a314-86010ddb4d2e: not valid; 1.8 s; peak memory 6499 MiB.
2026-09-20T16:26:15Z INFO [695/2401] 4eaed771-2b83-4702-84ea-c096631a4b9f: valid; 8.8 s; peak memory 6507 MiB.
2026-09-20T16:26:17Z INFO [696/2401] 4f039105-19a1-47dd-9157-017531ffaef2: valid; 1.5 s; peak memory 6508 MiB.
2026-09-20T16:26:18Z INFO [697/2401] 4f0e7218-de4d-452b-8e03-f94c5c82f9a4: valid; 1.4 s; peak memory 6508 MiB.
2026-09-20T16:26:20Z INFO [698/2401] 4f184eab-bb47-40c4-9217-e38e3873ae35: valid; 1.2 s; peak memory 6509 MiB.
2026-09-20T16:26:24Z INFO [699/2401] 4f266e85-7dfc-4ade-b5c0-800bc8899c65: valid; 4.4 s; peak memory 6510 MiB.
2026-09-20T16:26:29Z INFO [700/2401] 4f32fd4c-b397-4b4c-ad08-9d5b2b6e190f: valid; 5.4 s; peak memory 6510 MiB.
2026-09-20T16:26:30Z INFO [700/2401] 4f32fd4c-b397-4b4c-ad08-9d5b2b6e190f: checkpointed 72010 records.
2026-09-20T16:26:33Z INFO [701/2401] 4f4b7633-0e44-480f-b7a0-3b3285d5d0e9: not valid; 2.9 s; peak memory 6510 MiB.
2026-09-20T16:26:34Z INFO [702/2401] 4f5cb757-d7a1-40f7-9d4a-c879b4884528: valid; 1.5 s; peak memory 6510 MiB.
2026-09-20T16:26:35Z WARNING 4f60de74-b42e-4208-be9a-2225e684d202: failed while retrieving asset information from the DANDI API (NotFoundError: No asset at path 'sub-LG445/sub-LG445_ses-20250328_obj-19wv8n0_ophys.nwb' in version 0.260915.2135. Verify the path is correct and the asset exists in this version. Use 'dandi ls' to list available assets.)
2026-09-20T16:26:37Z INFO [704/2401] 4f768077-2544-42b0-b890-c0649cd84c74: valid; 2.5 s; peak memory 6510 MiB.
2026-09-20T16:26:39Z INFO [705/2401] 4fbc6668-f565-42c4-8473-9c63307c0bbf: not valid; 1.9 s; peak memory 6510 MiB.
2026-09-20T16:26:43Z INFO [706/2401] 4fd04a37-e265-4973-9f87-a6b4a59e01ee: valid; 4.1 s; peak memory 6510 MiB.
2026-09-20T16:26:45Z INFO [707/2401] 4fd45fda-b992-42cb-af6e-0dd75a5a1e5b: not valid; 1.8 s; peak memory 6510 MiB.
2026-09-20T16:26:47Z INFO [708/2401] 4fee5ab9-67d2-4384-9544-851d4a832a3b: valid; 2.0 s; peak memory 6510 MiB.
2026-09-20T16:26:50Z INFO [709/2401] 501bcff0-ab5a-4655-bac9-044786f23faf: valid; 3.1 s; peak memory 6510 MiB.
2026-09-20T16:26:59Z INFO [710/2401] 5027e492-6324-424b-90cb-b5c92e01365e: valid; 8.8 s; peak memory 6510 MiB.
2026-09-20T16:27:03Z INFO [711/2401] 50662f7f-393a-4250-a04d-0ad7edcdc04d: valid; 4.3 s; peak memory 6512 MiB.
2026-09-20T16:27:05Z INFO [712/2401] 50731ab1-d8a3-4189-acbb-ea821d934f40: valid; 1.3 s; peak memory 6513 MiB.
2026-09-20T16:27:06Z INFO [713/2401] 5098a836-d4f8-4181-bef9-71241e6d9757: not valid; 1.7 s; peak memory 6513 MiB.
2026-09-20T16:27:08Z INFO [714/2401] 5099f8c1-9379-49d6-81fd-c56588b2fae5: valid; 1.5 s; peak memory 6513 MiB.
2026-09-20T16:27:12Z INFO [715/2401] 50e90544-8b06-46a4-a5b3-bab35d375c53: not valid; 4.6 s; peak memory 6517 MiB.
2026-09-20T16:27:21Z INFO [716/2401] 51127f66-8aa1-4699-93d8-2b25d41a6a5d: valid; 8.4 s; peak memory 6527 MiB.
2026-09-20T16:27:22Z INFO [717/2401] 512ec300-901e-4f8a-be72-1c17ec2648b7: not valid; 1.5 s; peak memory 6527 MiB.
2026-09-20T16:27:29Z INFO [718/2401] 516ebfdc-8522-46fd-9c18-f89bfcef71dd: valid; 6.9 s; peak memory 6529 MiB.
2026-09-20T16:27:31Z INFO [719/2401] 51a4eca0-194e-4740-8d86-bd7f949f5808: valid; 1.4 s; peak memory 6530 MiB.
2026-09-20T16:27:43Z INFO [720/2401] 51b4bff1-8349-4d47-bc1f-e26436b3e79b: valid; 12.2 s; peak memory 6545 MiB.
2026-09-20T16:27:44Z INFO [721/2401] 51bb4f76-d921-412e-85ce-978d801cacb1: not valid; 1.6 s; peak memory 6546 MiB.
2026-09-20T16:27:47Z INFO [722/2401] 51c24f27-01c3-4b95-a110-30d883551187: valid; 2.5 s; peak memory 6549 MiB.
2026-09-20T16:27:47Z WARNING 51fe0743-7fb1-46e1-8712-e7c43c4c7517: failed while retrieving asset information from the DANDI API (NotFoundError: No asset at path 'sub-parkinson-simulated-beta/sub-parkinson-simulated-beta_ses-9286_ecephys.nwb' in version 0.250327.2220. Verify the path is correct and the asset exists in this version. Use 'dandi ls' to list available assets.)
2026-09-20T16:27:49Z INFO [724/2401] 5215f547-2dc8-42f6-8664-84e96e4218c0: valid; 1.8 s; peak memory 6550 MiB.
2026-09-20T16:27:52Z INFO [725/2401] 521f548d-b6d4-41f8-aac2-0b7e16080e2a: valid; 2.8 s; peak memory 6551 MiB.
2026-09-20T16:27:53Z INFO [726/2401] 522c4172-8570-4b08-9b69-273c600e3760: valid; 1.4 s; peak memory 6551 MiB.
2026-09-20T16:27:55Z INFO [727/2401] 52378989-8f3a-4440-a8be-39bde3391598: valid; 1.4 s; peak memory 6551 MiB.
2026-09-20T16:27:59Z INFO [728/2401] 5259c9f1-6ced-4c0b-919a-617d31b5d8de: valid; 4.4 s; peak memory 6551 MiB.
2026-09-20T16:28:00Z INFO [729/2401] 52947d8a-5ca3-4376-ba4b-c787b9d2579b: valid; 1.4 s; peak memory 6551 MiB.
2026-09-20T16:28:02Z INFO [730/2401] 53000398-1322-419d-b8ec-5a6301d1410d: valid; 1.4 s; peak memory 6551 MiB.
2026-09-20T16:28:05Z INFO [731/2401] 5318e9cd-f191-426a-8050-c58192ac18ab: valid; 2.6 s; peak memory 6551 MiB.
2026-09-20T16:28:06Z INFO [732/2401] 53351ce9-7ae9-4aaf-8c89-6068470243a6: valid; 1.6 s; peak memory 6551 MiB.
2026-09-20T16:28:07Z INFO [733/2401] 535fa365-4218-4dc3-955e-defd8887bdb8: valid; 1.2 s; peak memory 6551 MiB.
2026-09-20T16:28:11Z INFO [734/2401] 536f09b8-b436-43c7-b9d4-7cdc546e6f81: not valid; 4.1 s; peak memory 6552 MiB.
2026-09-20T16:28:14Z INFO [735/2401] 5392e45a-a55c-44b9-9d62-272924489717: not valid; 2.1 s; peak memory 6552 MiB.
2026-09-20T16:28:15Z INFO [736/2401] 53c103d9-65c7-4614-b95a-42fbb3e67652: valid; 1.6 s; peak memory 6552 MiB.
2026-09-20T16:28:17Z INFO [737/2401] 53c11a1e-4fde-4eef-b4e3-7b2d484f9c74: valid; 2.0 s; peak memory 6552 MiB.
2026-09-20T16:28:19Z INFO [738/2401] 541c1eb4-3f62-426e-9de3-537477bdd803: not valid; 1.7 s; peak memory 6552 MiB.
2026-09-20T16:28:27Z INFO [739/2401] 5425e0dd-8d16-492f-87ef-226d5a7e0fa9: valid; 7.7 s; peak memory 6556 MiB.
2026-09-20T16:28:29Z WARNING 547d4794-e7b8-49d0-8cfe-7872ab951577: failed while opening the NWB file (ConstructError: (root/acquisition/_iblmic_audioSpectrogram/bands GroupBuilder {'attributes': {'colnames': array(['freq'], dtype=object), 'description': 'spectogram frequencies', 'namespace': 'core', 'neurodata_type': 'FrequencyBandsTable', 'object_id': '04de337c-deba-4411-8399-5227cc33ce35'}, 'groups': {}, 'datasets': {'freq': root/acquisition/_iblmic_audioSpectrogram/bands/freq DatasetBuilder {'attributes': {'description': 'frequency value', 'namespace': 'hdmf-common', 'neurodata_type': 'VectorData', 'object_id': 'a2e2312c-d2fe-4707-bdc8-d16af8243e18'}, 'data': <HDF5 dataset "freq": shape (257,), type "<f4">}, 'id': root/acquisition/_iblmic_audioSpectrogram/bands/id DatasetBuilder {'attributes': {'namespace': 'hdmf-common', 'neurodata_type': 'ElementIdentifiers', 'object_id': '8c9d0737-cdd2-430e-a8ee-d8c7c5799725'}, 'data': <HDF5 dataset "id": shape (257,), type "<i4">}}, 'links': {}}, "Could not construct FrequencyBandsTable object due to: column must have the same number of rows as 'id'"))
2026-09-20T16:28:31Z INFO [741/2401] 548c40c3-7c0d-4a0a-aead-ccc78fb76b1b: valid; 2.3 s; peak memory 6557 MiB.
2026-09-20T16:28:33Z INFO [742/2401] 54f12912-04ef-4682-bea9-6f5bc8a5f6f3: not valid; 1.7 s; peak memory 6557 MiB.
2026-09-20T16:28:35Z INFO [743/2401] 54f89daa-f24a-4aa6-900e-02e79340d238: not valid; 1.7 s; peak memory 6557 MiB.
2026-09-20T16:28:37Z INFO [744/2401] 550a0559-5892-496b-bb3e-3b492d12cf1f: valid; 1.9 s; peak memory 6557 MiB.
2026-09-20T16:28:39Z INFO [745/2401] 55487e59-ab62-4ff7-bd1e-9c6d15cd34c2: valid; 2.2 s; peak memory 6557 MiB.
2026-09-20T16:28:40Z INFO [746/2401] 559301f5-26ac-41f6-8473-1c93caf41e37: valid; 1.4 s; peak memory 6557 MiB.
2026-09-20T16:28:43Z INFO [747/2401] 5598fb65-00d1-4a48-a7d3-1cbeebfa139d: valid; 2.3 s; peak memory 6559 MiB.
2026-09-20T16:28:44Z INFO [748/2401] 55b41085-2231-4254-b16b-2ed553cc4805: valid; 1.4 s; peak memory 6559 MiB.
2026-09-20T16:29:05Z INFO [749/2401] 55e86151-04e6-4120-b189-bf67c5313138: valid; 21.0 s; peak memory 6600 MiB.
2026-09-20T16:29:07Z INFO [750/2401] 55ef1935-6a35-42ef-809f-c74cd0755c7e: not valid; 1.9 s; peak memory 6600 MiB.
2026-09-20T16:29:07Z INFO [750/2401] 55ef1935-6a35-42ef-809f-c74cd0755c7e: checkpointed 72010 records.
2026-09-20T16:29:10Z INFO [751/2401] 561db005-f428-4ad0-873a-4bd3e541091a: valid; 2.2 s; peak memory 6602 MiB.
2026-09-20T16:29:12Z INFO [752/2401] 5641fe42-02d7-452e-9d89-891abddc0958: valid; 2.4 s; peak memory 6603 MiB.
2026-09-20T16:29:15Z INFO [753/2401] 564ee5a5-d45b-48ba-803e-042fc80cd4e4: not valid; 3.3 s; peak memory 6617 MiB.
2026-09-20T16:29:19Z INFO [754/2401] 568cfebf-a388-43a1-8a4b-b5ab0a89fbb8: valid; 3.8 s; peak memory 6619 MiB.
2026-09-20T16:29:21Z INFO [755/2401] 5693672f-ae13-4d4c-8980-ab4bc57325e0: valid; 2.4 s; peak memory 6619 MiB.
2026-09-20T16:29:23Z INFO [756/2401] 56a2e85b-333d-45e6-b859-b64a9b05a8fa: not valid; 1.9 s; peak memory 6619 MiB.
2026-09-20T16:29:25Z INFO [757/2401] 56c95a0f-a9ae-4b0e-a892-2106a19d0ef2: valid; 1.8 s; peak memory 6619 MiB.
2026-09-20T16:29:25Z WARNING 571549bf-bf3d-4ed9-91fd-fffb44408437: failed while retrieving asset information from the DANDI API (NotFoundError: No such Dandiset: 001533)
2026-09-20T16:29:50Z INFO [759/2401] 572248ce-5ea1-4046-b1f2-6579f0e20bce: valid; 25.0 s; peak memory 6620 MiB.
2026-09-20T16:30:09Z INFO [760/2401] 574290bb-ca7f-4ed8-9794-d320848dd1d9: valid; 18.4 s; peak memory 6773 MiB.
2026-09-20T16:30:11Z INFO [761/2401] 5747ff79-7590-4b79-a162-06735305f8c9: not valid; 2.1 s; peak memory 6773 MiB.
2026-09-20T16:30:13Z INFO [762/2401] 57907354-01a2-4868-b2dc-605d1d322078: valid; 2.0 s; peak memory 6773 MiB.
2026-09-20T16:30:14Z INFO [763/2401] 57cb351d-bc36-402a-8f95-515f534cd516: not valid; 1.7 s; peak memory 6773 MiB.
2026-09-20T16:30:16Z INFO [764/2401] 57dd2603-1b85-4291-be0a-a4457df7b6e8: valid; 1.7 s; peak memory 6773 MiB.
2026-09-20T16:30:19Z INFO [765/2401] 5807cbb6-c22d-41e7-9846-1878a5b8d438: not valid; 2.9 s; peak memory 6773 MiB.
2026-09-20T16:30:20Z INFO [766/2401] 586d335a-4eb6-47f2-812a-262181a75ff3: valid; 1.4 s; peak memory 6773 MiB.
2026-09-20T16:30:22Z INFO [767/2401] 588f05e7-8318-43bd-aebb-2c8b80bf3216: not valid; 1.6 s; peak memory 6773 MiB.
2026-09-20T16:30:46Z INFO [768/2401] 58a3f283-6dc9-4275-9885-46c3a12a9cf9: valid; 23.6 s; peak memory 6773 MiB.
2026-09-20T16:30:48Z INFO [769/2401] 58a4dbc0-550a-49c9-87eb-885ea0f77278: valid; 2.3 s; peak memory 6773 MiB.
2026-09-20T16:31:09Z INFO [770/2401] 58c6fd94-009a-4923-9863-a2e28d933ea0: valid; 21.2 s; peak memory 6784 MiB.
2026-09-20T16:31:14Z INFO [771/2401] 58f403d3-78d1-4453-aeb2-037bcf8a07e5: valid; 5.1 s; peak memory 6784 MiB.
2026-09-20T16:31:18Z INFO [772/2401] 59072cde-40e8-4f72-961c-4404989194b7: valid; 3.9 s; peak memory 6784 MiB.
2026-09-20T16:31:20Z INFO [773/2401] 5968dbb5-dd9d-4cfd-943c-66d013c47d2a: not valid; 1.6 s; peak memory 6784 MiB.
2026-09-20T16:31:22Z INFO [774/2401] 5970bc12-c0b5-4275-a2bd-b09187478d30: valid; 2.6 s; peak memory 6784 MiB.
2026-09-20T16:31:22Z WARNING 5973668e-e7ac-45e1-912b-8bc909e8f779: failed while retrieving asset information from the DANDI API (NotFoundError: No asset at path 'sub-parkinson-simulated-beta/sub-parkinson-simulated-beta_ses-5936_ecephys.nwb' in version 0.250327.2220. Verify the path is correct and the asset exists in this version. Use 'dandi ls' to list available assets.)
2026-09-20T16:31:24Z INFO [776/2401] 5980366c-a82b-469d-8cfe-81c4727bb588: valid; 1.5 s; peak memory 6784 MiB.
2026-09-20T16:31:26Z WARNING 5994755a-4957-4f81-9fe4-3d3e152342b2: failed while opening the NWB file (ConstructError: (root/acquisition/_iblmic_audioSpectrogram/bands GroupBuilder {'attributes': {'colnames': array(['freq'], dtype=object), 'description': 'spectogram frequencies', 'namespace': 'core', 'neurodata_type': 'FrequencyBandsTable', 'object_id': 'f0cb4236-a014-4172-b99f-89e2b08b9534'}, 'groups': {}, 'datasets': {'freq': root/acquisition/_iblmic_audioSpectrogram/bands/freq DatasetBuilder {'attributes': {'description': 'frequency value', 'namespace': 'hdmf-common', 'neurodata_type': 'VectorData', 'object_id': '99079798-5813-4c0c-8f4a-d9114083ae02'}, 'data': <HDF5 dataset "freq": shape (257,), type "<f4">}, 'id': root/acquisition/_iblmic_audioSpectrogram/bands/id DatasetBuilder {'attributes': {'namespace': 'hdmf-common', 'neurodata_type': 'ElementIdentifiers', 'object_id': '034bee56-f61a-41c8-bcb5-2ec246ce1a64'}, 'data': <HDF5 dataset "id": shape (257,), type "<i4">}}, 'links': {}}, "Could not construct FrequencyBandsTable object due to: column must have the same number of rows as 'id'"))
2026-09-20T16:31:27Z INFO [778/2401] 59d1ef82-139e-42ca-af92-343fa0402767: valid; 1.4 s; peak memory 6784 MiB.
2026-09-20T16:31:30Z INFO [779/2401] 59d66dee-f7ce-42bd-bf2c-fb8c403c5bb7: valid; 2.6 s; peak memory 6784 MiB.
2026-09-20T16:32:06Z INFO [780/2401] 59de77c6-caf7-418a-b0f1-19c853840c1a: not valid; 35.8 s; peak memory 6794 MiB.
2026-09-20T16:32:08Z INFO [781/2401] 5a073fa9-3d0c-4181-b2ad-40ad9d4a1ae4: valid; 2.2 s; peak memory 6796 MiB.
2026-09-20T16:32:13Z INFO [782/2401] 5a0b19a8-b628-4006-bdaa-a01f0ed7e561: valid; 5.1 s; peak memory 6804 MiB.
2026-09-20T16:32:15Z INFO [783/2401] 5a19f1db-2903-41df-996a-d83a91db48ea: valid; 2.1 s; peak memory 6805 MiB.
2026-09-20T16:32:15Z WARNING 5a24acf3-d4c0-433a-893c-64a59fee085b: failed while retrieving asset information from the DANDI API (NotFoundError: No such Dandiset: 000948)
2026-09-20T16:32:16Z INFO [785/2401] 5a2979d7-451f-4adb-b038-4bfd547145d9: valid; 1.3 s; peak memory 6805 MiB.
2026-09-20T16:32:32Z INFO [786/2401] 5a68a950-8375-4fd8-aa03-55e9b9fa77b9: valid; 15.7 s; peak memory 6828 MiB.
2026-09-20T16:32:35Z INFO [787/2401] 5a756044-b08e-440d-894e-cc33bb0fa559: not valid; 2.6 s; peak memory 6829 MiB.
2026-09-20T16:32:38Z INFO [788/2401] 5a8d2be8-1720-40d8-80c0-b911c54685d5: valid; 2.8 s; peak memory 6829 MiB.
2026-09-20T16:32:40Z INFO [789/2401] 5acae41b-5cea-4e3f-87ba-49e0bf896f52: valid; 2.2 s; peak memory 6829 MiB.
2026-09-20T16:32:50Z INFO [790/2401] 5ace3292-b868-460a-88a7-c65f04ac2c6d: valid; 9.9 s; peak memory 6829 MiB.
2026-09-20T16:32:52Z INFO [791/2401] 5b0520ff-54e5-47dd-80cd-f52a1da58b21: valid; 2.7 s; peak memory 6829 MiB.
2026-09-20T16:32:54Z INFO [792/2401] 5b15c7bf-ff55-4e11-819e-fd4cb3c98976: not valid; 1.6 s; peak memory 6829 MiB.
2026-09-20T16:32:56Z INFO [793/2401] 5b18209c-8487-470c-badf-3281ee66b569: valid; 2.1 s; peak memory 6829 MiB.
2026-09-20T16:32:59Z INFO [794/2401] 5b1affb1-a6d4-4168-9e57-fb5801fbe726: valid; 2.4 s; peak memory 6829 MiB.
2026-09-20T16:33:02Z INFO [795/2401] 5b23b0c9-8820-4d80-ba86-bda05f587da9: valid; 3.4 s; peak memory 6830 MiB.
2026-09-20T16:33:03Z INFO [796/2401] 5b3a2b27-0413-4007-a3ea-12b33ffc296d: valid; 1.4 s; peak memory 6831 MiB.
2026-09-20T16:33:06Z INFO [797/2401] 5b6bf89f-1c19-445e-b203-2ad5f9624b57: valid; 2.2 s; peak memory 6833 MiB.
2026-09-20T16:33:07Z INFO [798/2401] 5b86b9a2-fa07-43f9-bee0-29d2ca3aa416: not valid; 1.6 s; peak memory 6833 MiB.
2026-09-20T16:33:11Z INFO [799/2401] 5be3c6a2-d820-4b03-a3bf-2a9ad3a67627: valid; 3.5 s; peak memory 6899 MiB.
2026-09-20T16:33:12Z INFO [800/2401] 5bf3aecd-f862-48cb-b947-526af8d60984: not valid; 1.7 s; peak memory 6899 MiB.
2026-09-20T16:33:13Z INFO [800/2401] 5bf3aecd-f862-48cb-b947-526af8d60984: checkpointed 72010 records.
2026-09-20T16:33:14Z INFO [801/2401] 5c1b233a-a5cf-424e-b083-9c72a4531259: valid; 1.2 s; peak memory 6899 MiB.
2026-09-20T16:33:17Z INFO [802/2401] 5c4468cc-8c71-4a29-8949-dc56b29f4b0a: valid; 2.5 s; peak memory 6899 MiB.
2026-09-20T16:33:18Z INFO [803/2401] 5c4a8567-fe08-43d3-b180-60426b0bbf2d: valid; 1.4 s; peak memory 6899 MiB.
2026-09-20T16:33:20Z INFO [804/2401] 5c534f84-c070-4aa4-ab79-1ec0b13f0bcf: valid; 1.7 s; peak memory 6899 MiB.
2026-09-20T16:33:21Z INFO [805/2401] 5c570463-3013-442e-a93d-0114a4353f2e: not valid; 1.8 s; peak memory 6899 MiB.
2026-09-20T16:33:23Z INFO [806/2401] 5c5e9c78-280e-4262-9d37-f1cac8356f96: valid; 1.2 s; peak memory 6899 MiB.
2026-09-20T16:33:25Z WARNING 5c77eada-624b-4a5f-9b29-f7538c19f1b1: failed while opening the NWB file (ConstructError: (root/acquisition/_iblmic_audioSpectrogram/bands GroupBuilder {'attributes': {'colnames': array(['freq'], dtype=object), 'description': 'spectogram frequencies', 'namespace': 'core', 'neurodata_type': 'FrequencyBandsTable', 'object_id': '7eaf2b09-987f-4bbf-b490-1123990efb66'}, 'groups': {}, 'datasets': {'freq': root/acquisition/_iblmic_audioSpectrogram/bands/freq DatasetBuilder {'attributes': {'description': 'frequency value', 'namespace': 'hdmf-common', 'neurodata_type': 'VectorData', 'object_id': '74e15fea-ccba-4850-a2f0-49459f06c9dc'}, 'data': <HDF5 dataset "freq": shape (257,), type "<f4">}, 'id': root/acquisition/_iblmic_audioSpectrogram/bands/id DatasetBuilder {'attributes': {'namespace': 'hdmf-common', 'neurodata_type': 'ElementIdentifiers', 'object_id': '5c97e123-59fb-454c-9679-5e3e10447f61'}, 'data': <HDF5 dataset "id": shape (257,), type "<i4">}}, 'links': {}}, "Could not construct FrequencyBandsTable object due to: column must have the same number of rows as 'id'"))
2026-09-20T16:33:27Z INFO [808/2401] 5c88f656-d010-4ee1-bbe2-54d3fdf24a81: valid; 1.4 s; peak memory 6899 MiB.
2026-09-20T16:33:38Z INFO [809/2401] 5c8a9772-bf07-4ea1-bec0-655b5a6d60ad: valid; 11.4 s; peak memory 6899 MiB.
2026-09-20T16:33:42Z INFO [810/2401] 5cb1e46e-7baf-4964-889d-0b54e13bbdc3: valid; 3.4 s; peak memory 6899 MiB.
2026-09-20T16:33:44Z INFO [811/2401] 5cb9456e-61b2-4651-a89f-0bbdc8cc3663: valid; 2.9 s; peak memory 6899 MiB.
2026-09-20T16:33:46Z INFO [812/2401] 5ceb9aec-1c6e-45aa-bf03-778f51bf7475: not valid; 1.6 s; peak memory 6899 MiB.
2026-09-20T16:33:47Z INFO [813/2401] 5d10ae83-d56c-4f17-8c99-5ad3a9395d15: valid; 1.3 s; peak memory 6899 MiB.
2026-09-20T16:33:49Z INFO [814/2401] 5d24f192-7328-451d-90ac-9adbc63d9d6e: valid; 1.3 s; peak memory 6899 MiB.
2026-09-20T16:33:51Z INFO [815/2401] 5d78f56c-39ff-4edd-8972-c1e5eae5f7f3: valid; 2.0 s; peak memory 6899 MiB.
2026-09-20T16:33:52Z INFO [816/2401] 5d7ca8e4-281c-4f6f-8ef5-b8aabf41c548: valid; 1.8 s; peak memory 6900 MiB.
2026-09-20T16:33:54Z INFO [817/2401] 5d989337-ccc8-4be7-adc6-940623ba1c6c: valid; 1.4 s; peak memory 6901 MiB.
2026-09-20T16:33:56Z INFO [818/2401] 5dc5da2c-6326-42d9-93b2-4918f7fb7d64: valid; 2.0 s; peak memory 6902 MiB.
2026-09-20T16:34:31Z INFO [819/2401] 5dd6225d-8688-4efe-82b6-8f26cd33f0fe: not valid; 35.3 s; peak memory 6934 MiB.
2026-09-20T16:34:33Z INFO [820/2401] 5e1fd08e-379c-4164-a67d-27f58324fcb7: valid; 2.3 s; peak memory 6935 MiB.
2026-09-20T16:34:35Z INFO [821/2401] 5e2af0db-878d-4655-b2c3-341f2c2840ba: not valid; 1.8 s; peak memory 6936 MiB.
2026-09-20T16:34:36Z INFO [822/2401] 5e638089-1b46-40cc-9709-16286d23a7d1: valid; 1.2 s; peak memory 6937 MiB.
2026-09-20T16:34:38Z INFO [823/2401] 5ea1c70f-f619-4051-baa6-3eb513d38b0d: valid; 1.5 s; peak memory 6937 MiB.
2026-09-20T16:34:40Z INFO [824/2401] 5ea8abfa-985c-4d99-b234-a229e704bbcb: valid; 2.1 s; peak memory 6938 MiB.
2026-09-20T16:34:42Z INFO [825/2401] 5eb56739-0bbe-4dfa-852a-73ab11acde29: not valid; 1.8 s; peak memory 6939 MiB.
2026-09-20T16:34:43Z INFO [826/2401] 5eb656d1-f075-44da-ad85-a7f9062ae248: valid; 1.4 s; peak memory 6940 MiB.
2026-09-20T16:34:46Z INFO [827/2401] 5ebeab92-4a62-4b03-b4fc-b6f2fa0ab7da: valid; 2.7 s; peak memory 6961 MiB.
2026-09-20T16:34:48Z INFO [828/2401] 5ebfa615-e3d2-42bf-9614-aa2b2f1c5317: valid; 2.4 s; peak memory 6961 MiB.
2026-09-20T16:34:50Z INFO [829/2401] 5ec8677e-93e1-4259-8d33-14738d02971a: not valid; 1.6 s; peak memory 6961 MiB.
2026-09-20T16:34:51Z INFO [830/2401] 5efd04da-9fb9-4eef-bae9-ef9af784a029: valid; 1.4 s; peak memory 6961 MiB.
2026-09-20T16:34:53Z INFO [831/2401] 5f14e538-7cb5-4fee-b649-4dbe353ade15: valid; 1.6 s; peak memory 6961 MiB.
2026-09-20T16:34:54Z INFO [832/2401] 5f2748ec-8325-417d-847e-9fe3a9e44346: valid; 1.3 s; peak memory 6961 MiB.
2026-09-20T16:34:56Z INFO [833/2401] 5f795cd5-ee00-4eb0-9af8-fc17e5362094: valid; 2.1 s; peak memory 6961 MiB.
2026-09-20T16:34:58Z INFO [834/2401] 5f9f29df-656d-4757-bf14-653c0ebabc73: valid; 1.3 s; peak memory 6961 MiB.
2026-09-20T16:34:59Z INFO [835/2401] 5fa44751-2d99-49e1-bc09-bb0346efde8c: not valid; 1.9 s; peak memory 6961 MiB.
2026-09-20T16:35:01Z INFO [836/2401] 5fbd0f1a-1eac-4b2f-9906-5ec3751b455d: valid; 1.4 s; peak memory 6961 MiB.
2026-09-20T16:35:11Z INFO [837/2401] 5fc231b9-9ae3-4d04-b417-05f8d92a4924: valid; 10.6 s; peak memory 6962 MiB.
2026-09-20T16:35:15Z INFO [838/2401] 5fedc1d4-5781-4c49-a98e-e4ae612a6b90: valid; 3.4 s; peak memory 6964 MiB.
2026-09-20T16:35:23Z INFO [839/2401] 60014971-8327-4f2a-b640-dd1676fc19d2: valid; 8.3 s; peak memory 6973 MiB.
2026-09-20T16:35:25Z INFO [840/2401] 60059b41-a92c-4cde-80b6-fe37e89afd2d: valid; 1.3 s; peak memory 6974 MiB.
2026-09-20T16:35:26Z INFO [841/2401] 601f4956-5dfc-4173-9c92-485ac1cfcdb1: not valid; 1.5 s; peak memory 6975 MiB.
2026-09-20T16:35:28Z INFO [842/2401] 60242212-7f86-43aa-95ab-e72d6c08b280: not valid; 1.8 s; peak memory 6976 MiB.
2026-09-20T16:35:29Z INFO [843/2401] 602a43e9-9ecc-4c00-a7ad-426d9fae480b: valid; 1.4 s; peak memory 6976 MiB.
2026-09-20T16:35:31Z INFO [844/2401] 602c00f9-86fd-49cf-8c4f-ee1622ad886f: valid; 1.3 s; peak memory 6976 MiB.
2026-09-20T16:35:32Z INFO [845/2401] 6038a45a-5885-4c94-8177-3ae847a30005: valid; 1.5 s; peak memory 6977 MiB.
2026-09-20T16:35:34Z INFO [846/2401] 6044429b-e9b6-43ea-9932-6247121c49b4: valid; 2.1 s; peak memory 6978 MiB.
2026-09-20T16:35:35Z INFO [847/2401] 6044c944-d0ae-4673-b17e-5040a3d98c0e: valid; 1.2 s; peak memory 6978 MiB.
2026-09-20T16:35:37Z INFO [848/2401] 60486b3e-90cb-4dd3-b90a-32fba3477110: valid; 1.4 s; peak memory 6979 MiB.
2026-09-20T16:35:40Z INFO [849/2401] 605ded52-ccbe-416d-a39b-e743d3930b0e: valid; 3.3 s; peak memory 6980 MiB.
2026-09-20T16:35:42Z INFO [850/2401] 606a73cb-42b4-4854-90be-5910488503dc: valid; 1.5 s; peak memory 6980 MiB.
2026-09-20T16:35:42Z INFO [850/2401] 606a73cb-42b4-4854-90be-5910488503dc: checkpointed 72010 records.
2026-09-20T16:35:44Z INFO [851/2401] 60789ce1-8ec7-43de-97e4-bfccf6b0fd97: not valid; 2.0 s; peak memory 6980 MiB.
2026-09-20T16:35:47Z INFO [852/2401] 608f1c8b-c6af-401d-9c7e-aa4b98f4aa59: valid; 3.2 s; peak memory 6980 MiB.
2026-09-20T16:35:54Z INFO [853/2401] 60a77f3b-a9e7-4510-9484-6a220efb1bdb: not valid; 6.6 s; peak memory 6980 MiB.
2026-09-20T16:35:58Z INFO [854/2401] 60c46d7b-fc5a-4eed-b6e8-b5626c97f1ff: not valid; 4.6 s; peak memory 6980 MiB.
2026-09-20T16:36:00Z INFO [855/2401] 61062bb0-bd79-4e70-97af-99832a4496a4: valid; 1.5 s; peak memory 6980 MiB.
2026-09-20T16:36:02Z INFO [856/2401] 61422763-8c91-40e9-9e10-0ef0598798ff: valid; 1.7 s; peak memory 6980 MiB.
2026-09-20T16:36:07Z INFO [857/2401] 614a056b-7aca-47d6-b32d-a244c2e29ad0: not valid; 5.4 s; peak memory 6980 MiB.
2026-09-20T16:36:08Z INFO [858/2401] 614cecde-6589-40a3-972a-4f235db8d7e2: valid; 1.3 s; peak memory 6980 MiB.
2026-09-20T16:36:10Z INFO [859/2401] 61631ce4-b90a-4868-98df-7cc95a9f35cf: not valid; 1.6 s; peak memory 6980 MiB.
2026-09-20T16:36:11Z INFO [860/2401] 616c9390-62b0-4ff7-b8e2-e1bd34abed34: valid; 1.5 s; peak memory 6980 MiB.
2026-09-20T16:36:13Z INFO [861/2401] 617b4f3c-33c4-4081-b90b-599c38701a79: valid; 1.3 s; peak memory 6980 MiB.
2026-09-20T16:36:14Z INFO [862/2401] 617dca3a-d35c-4d55-950b-6817c27d1642: valid; 1.2 s; peak memory 6980 MiB.
2026-09-20T16:36:16Z INFO [863/2401] 61ad4013-74a1-4931-9935-6a0a7fa07e9b: valid; 2.5 s; peak memory 6980 MiB.
2026-09-20T16:36:19Z INFO [864/2401] 61d4107f-6d8b-4da9-b2a5-47afac394f22: valid; 2.4 s; peak memory 6980 MiB.
2026-09-20T16:36:21Z INFO [865/2401] 61e093fb-79df-45a5-9d2c-7469d97c4a7c: not valid; 1.9 s; peak memory 6980 MiB.
2026-09-20T16:36:23Z INFO [866/2401] 61f089a1-151e-4ca2-9b4d-304a57a7614b: valid; 1.9 s; peak memory 6980 MiB.
2026-09-20T16:36:24Z INFO [867/2401] 62095da6-39c4-4de4-b295-beabbcd3197d: valid; 1.4 s; peak memory 6980 MiB.
2026-09-20T16:36:25Z INFO [868/2401] 624cc20b-9d86-4d71-8b4b-4ff31c42b86b: valid; 1.3 s; peak memory 6980 MiB.
2026-09-20T16:36:27Z INFO [869/2401] 625a3771-a820-4f31-8a89-4f498eddd15b: valid; 1.3 s; peak memory 6980 MiB.
2026-09-20T16:36:30Z INFO [870/2401] 626bbfa1-50aa-4760-9893-c53135f0f991: valid; 3.7 s; peak memory 6980 MiB.
2026-09-20T16:36:38Z INFO [871/2401] 6277fd6f-4a74-4bfc-a3c7-f019233acd79: valid; 8.0 s; peak memory 6980 MiB.
2026-09-20T16:36:47Z INFO [872/2401] 62b401cd-8217-4a95-8d24-ef9a1deb7efc: valid; 8.8 s; peak memory 6980 MiB.
2026-09-20T16:36:49Z INFO [873/2401] 62bb26f0-6cc0-4d8e-b807-f17f4a37725e: valid; 1.4 s; peak memory 6981 MiB.
2026-09-20T16:36:51Z WARNING 62cb46ed-3d86-4194-84ca-c840c0aa7cc9: failed while opening the NWB file (ConstructError: (root/acquisition/_iblmic_audioSpectrogram/bands GroupBuilder {'attributes': {'colnames': array(['freq'], dtype=object), 'description': 'spectogram frequencies', 'namespace': 'core', 'neurodata_type': 'FrequencyBandsTable', 'object_id': 'ff7dac13-398b-45f9-92c7-b7fd5de45f6f'}, 'groups': {}, 'datasets': {'freq': root/acquisition/_iblmic_audioSpectrogram/bands/freq DatasetBuilder {'attributes': {'description': 'frequency value', 'namespace': 'hdmf-common', 'neurodata_type': 'VectorData', 'object_id': 'e040a70d-f700-47c6-b8c6-8055f9a6d11b'}, 'data': <HDF5 dataset "freq": shape (257,), type "<f4">}, 'id': root/acquisition/_iblmic_audioSpectrogram/bands/id DatasetBuilder {'attributes': {'namespace': 'hdmf-common', 'neurodata_type': 'ElementIdentifiers', 'object_id': 'f8395fa1-b2ba-4b87-82b5-dd37dc55c34c'}, 'data': <HDF5 dataset "id": shape (257,), type "<i4">}}, 'links': {}}, "Could not construct FrequencyBandsTable object due to: column must have the same number of rows as 'id'"))
2026-09-20T16:36:52Z INFO [875/2401] 62cfbb3d-cbba-4d74-8876-8825fed71c20: valid; 1.4 s; peak memory 6982 MiB.
2026-09-20T16:37:01Z INFO [876/2401] 62dfee12-d5df-4be1-8476-d898d21b1631: valid; 9.2 s; peak memory 6998 MiB.
2026-09-20T16:37:03Z INFO [877/2401] 635637f4-9203-44d7-b205-04aa30d75543: valid; 1.4 s; peak memory 6999 MiB.
2026-09-20T16:37:05Z INFO [878/2401] 6371e681-9cea-4a69-9907-784728aac031: valid; 2.1 s; peak memory 7000 MiB.
2026-09-20T16:37:07Z INFO [879/2401] 6373cbf8-f96a-4692-9cc8-72c286c1b831: not valid; 1.9 s; peak memory 7001 MiB.
2026-09-20T16:37:09Z INFO [880/2401] 63800eb9-1640-4adb-9d91-e87954eba3d3: valid; 2.1 s; peak memory 7002 MiB.
2026-09-20T16:37:21Z INFO [881/2401] 6380aa70-bdf9-44c9-b5cd-1e2e11223148: valid; 11.6 s; peak memory 7027 MiB.
2026-09-20T16:38:22Z INFO [882/2401] 638eb885-a6ff-49f7-85f5-052329498e6b: not valid; 61.3 s; peak memory 7728 MiB.
2026-09-20T16:38:23Z INFO [883/2401] 63bf2e71-4cb2-496b-9679-6ee530fae870: valid; 1.6 s; peak memory 7729 MiB.
2026-09-20T16:38:31Z INFO [884/2401] 64175426-27cc-40f3-93bb-c3179f55c548: not valid; 7.2 s; peak memory 7746 MiB.
2026-09-20T16:38:34Z INFO [885/2401] 641d008b-20cc-4769-bb43-c2cb06103d87: valid; 3.2 s; peak memory 7747 MiB.
2026-09-20T16:38:35Z INFO [886/2401] 6451e438-3272-49bc-9f73-599e9f6c804c: valid; 1.6 s; peak memory 7747 MiB.
2026-09-20T16:38:38Z WARNING 6498d142-4169-415a-a01b-6a9d173b3ec8: failed while opening the NWB file (ConstructError: (root/acquisition/_iblmic_audioSpectrogram/bands GroupBuilder {'attributes': {'colnames': array(['freq'], dtype=object), 'description': 'spectogram frequencies', 'namespace': 'core', 'neurodata_type': 'FrequencyBandsTable', 'object_id': '95ec9f1e-a4f9-41b8-a8fa-0f14300bcc95'}, 'groups': {}, 'datasets': {'freq': root/acquisition/_iblmic_audioSpectrogram/bands/freq DatasetBuilder {'attributes': {'description': 'frequency value', 'namespace': 'hdmf-common', 'neurodata_type': 'VectorData', 'object_id': '05da7ea0-9fd5-4eae-ac83-1f92a5b3deef'}, 'data': <HDF5 dataset "freq": shape (257,), type "<f4">}, 'id': root/acquisition/_iblmic_audioSpectrogram/bands/id DatasetBuilder {'attributes': {'namespace': 'hdmf-common', 'neurodata_type': 'ElementIdentifiers', 'object_id': 'bf6b6036-3e79-4c52-bd5b-31fe94edb050'}, 'data': <HDF5 dataset "id": shape (257,), type "<i4">}}, 'links': {}}, "Could not construct FrequencyBandsTable object due to: column must have the same number of rows as 'id'"))
2026-09-20T16:38:49Z INFO [888/2401] 64a40b77-25de-40f0-aedf-6d626bff29fd: valid; 11.5 s; peak memory 7748 MiB.
2026-09-20T16:38:52Z INFO [889/2401] 64a8d0ec-3a88-445f-873f-abca44d16b97: valid; 2.3 s; peak memory 7748 MiB.
2026-09-20T16:38:56Z INFO [890/2401] 64b70fbb-1535-442b-89a7-3eb2f587014c: not valid; 4.3 s; peak memory 7748 MiB.
2026-09-20T16:38:57Z INFO [891/2401] 64b91fef-c5b8-459b-a77f-47b99c4ca054: valid; 1.2 s; peak memory 7748 MiB.
2026-09-20T16:39:01Z INFO [892/2401] 64d3b7c3-baa0-479f-bd54-6bfc42ebf15c: not valid; 4.0 s; peak memory 7748 MiB.
2026-09-20T16:39:05Z INFO [893/2401] 64d436ce-a63c-459c-a330-374d8a2ee693: not valid; 4.0 s; peak memory 7780 MiB.
2026-09-20T16:39:08Z INFO [894/2401] 6546a357-c642-463e-9ce7-d52e7bc6e0cd: valid; 2.4 s; peak memory 7780 MiB.
2026-09-20T16:39:09Z INFO [895/2401] 6567158f-2038-4ce9-adb8-fd7dcbd9e77a: valid; 1.4 s; peak memory 7780 MiB.
2026-09-20T16:39:11Z INFO [896/2401] 659058cb-3a82-482e-83ca-7cc7b70a5fa0: not valid; 1.7 s; peak memory 7780 MiB.
2026-09-20T16:39:12Z INFO [897/2401] 659cbce0-b036-4dad-8c13-4428184abb16: valid; 1.4 s; peak memory 7780 MiB.
2026-09-20T16:39:15Z INFO [898/2401] 65cb6350-c901-46ca-8844-8aaf21ded33c: valid; 3.1 s; peak memory 7780 MiB.
2026-09-20T16:39:17Z INFO [899/2401] 660fb8a1-581c-4e84-a687-8ab1864d48bf: valid; 2.4 s; peak memory 7781 MiB.
2026-09-20T16:39:21Z INFO [900/2401] 66403d53-ae1e-4533-9fb2-dd221020e844: valid; 3.1 s; peak memory 7783 MiB.
2026-09-20T16:39:21Z INFO [900/2401] 66403d53-ae1e-4533-9fb2-dd221020e844: checkpointed 72010 records.
2026-09-20T16:39:24Z INFO [901/2401] 6641979b-6bc1-4d3d-b907-1db8e52d6627: valid; 3.2 s; peak memory 7783 MiB.
2026-09-20T16:39:27Z INFO [902/2401] 664322f1-effd-47a5-928e-de7769295814: valid; 2.8 s; peak memory 7783 MiB.
2026-09-20T16:39:29Z INFO [903/2401] 6647d52a-2b18-40fe-8e79-b134b9e6fab0: valid; 1.6 s; peak memory 7783 MiB.
2026-09-20T16:39:30Z INFO [904/2401] 664a34d2-1bcd-4e7f-a447-f9c45f2cc44f: valid; 1.1 s; peak memory 7783 MiB.
2026-09-20T16:39:33Z INFO [905/2401] 664f1223-3827-47f2-bb1f-89601c6a6476: valid; 2.8 s; peak memory 7783 MiB.
2026-09-20T16:39:35Z INFO [906/2401] 665c396c-a79e-4cfc-88c9-d6bcae18e507: valid; 2.2 s; peak memory 7783 MiB.
2026-09-20T16:39:38Z INFO [907/2401] 66733a16-c04b-4ad2-8d43-3498c9d0f2d7: valid; 3.0 s; peak memory 7783 MiB.
2026-09-20T16:39:40Z INFO [908/2401] 66babeaf-76c1-4d1d-966f-0b35788f255b: valid; 2.0 s; peak memory 7783 MiB.
2026-09-20T16:39:45Z INFO [909/2401] 66c96e1d-8ef0-40f1-b580-767f661cb2fc: valid; 5.1 s; peak memory 7783 MiB.
2026-09-20T16:39:47Z WARNING 66d4007f-a6d2-4b10-af6d-2626275f16a0: failed while opening the NWB file (ConstructError: (root/acquisition/_iblmic_audioSpectrogram/bands GroupBuilder {'attributes': {'colnames': array(['freq'], dtype=object), 'description': 'spectogram frequencies', 'namespace': 'core', 'neurodata_type': 'FrequencyBandsTable', 'object_id': '0b9a2e8a-a1fe-4a50-a88d-1642a2856b1c'}, 'groups': {}, 'datasets': {'freq': root/acquisition/_iblmic_audioSpectrogram/bands/freq DatasetBuilder {'attributes': {'description': 'frequency value', 'namespace': 'hdmf-common', 'neurodata_type': 'VectorData', 'object_id': '5d8478c0-4865-40f5-a0cc-c6d3d63695e2'}, 'data': <HDF5 dataset "freq": shape (257,), type "<f4">}, 'id': root/acquisition/_iblmic_audioSpectrogram/bands/id DatasetBuilder {'attributes': {'namespace': 'hdmf-common', 'neurodata_type': 'ElementIdentifiers', 'object_id': '594f8fb3-2b0a-4c66-a171-1e044c51b705'}, 'data': <HDF5 dataset "id": shape (257,), type "<i4">}}, 'links': {}}, "Could not construct FrequencyBandsTable object due to: column must have the same number of rows as 'id'"))
2026-09-20T16:39:51Z INFO [911/2401] 66eaab17-4d75-4e92-9f69-0f57c27340c1: not valid; 4.1 s; peak memory 7783 MiB.
2026-09-20T16:39:53Z INFO [912/2401] 672765a4-91f8-4bd9-b14a-99f65beb3029: valid; 2.3 s; peak memory 7783 MiB.
2026-09-20T16:40:01Z INFO [913/2401] 673b4320-fa0f-4fe2-b5dc-28a99a3a9a80: valid; 7.6 s; peak memory 7783 MiB.
2026-09-20T16:40:03Z WARNING 673e66fc-5e78-43fc-8a5a-125139aa8067: failed while opening the NWB file (ConstructError: (root/acquisition/_iblmic_audioSpectrogram/bands GroupBuilder {'attributes': {'colnames': array(['freq'], dtype=object), 'description': 'spectogram frequencies', 'namespace': 'core', 'neurodata_type': 'FrequencyBandsTable', 'object_id': '25680250-6f39-4852-adaf-b819f94bfe68'}, 'groups': {}, 'datasets': {'freq': root/acquisition/_iblmic_audioSpectrogram/bands/freq DatasetBuilder {'attributes': {'description': 'frequency value', 'namespace': 'hdmf-common', 'neurodata_type': 'VectorData', 'object_id': 'ba173516-02a0-4e01-b23f-cc98d1617ed8'}, 'data': <HDF5 dataset "freq": shape (257,), type "<f4">}, 'id': root/acquisition/_iblmic_audioSpectrogram/bands/id DatasetBuilder {'attributes': {'namespace': 'hdmf-common', 'neurodata_type': 'ElementIdentifiers', 'object_id': 'db020330-e434-434d-8fc0-82436b75f021'}, 'data': <HDF5 dataset "id": shape (257,), type "<i4">}}, 'links': {}}, "Could not construct FrequencyBandsTable object due to: column must have the same number of rows as 'id'"))
2026-09-20T16:40:05Z INFO [915/2401] 674d5a38-f42f-463d-aa54-f6b44a1286c9: valid; 2.0 s; peak memory 7785 MiB.
2026-09-20T16:40:07Z INFO [916/2401] 6756d532-22d9-4ee3-bf11-9aa323f57326: valid; 1.4 s; peak memory 7786 MiB.
2026-09-20T16:40:09Z INFO [917/2401] 67897161-066f-4186-b787-c107d700cad7: valid; 2.6 s; peak memory 7788 MiB.
2026-09-20T16:40:10Z INFO [918/2401] 67a36c5a-700d-4b98-8ac6-ba1e1356f3bd: valid; 1.2 s; peak memory 7789 MiB.
2026-09-20T16:40:13Z INFO [919/2401] 67b2d81a-7be0-4d87-97cd-77b83774a88a: not valid; 2.3 s; peak memory 7789 MiB.
2026-09-20T16:40:14Z INFO [920/2401] 67bff998-3f9e-4eee-b347-5ae2244c37b0: valid; 1.4 s; peak memory 7790 MiB.
2026-09-20T16:40:16Z INFO [921/2401] 67ddaddc-e053-45ac-be60-aa8bb86627df: not valid; 1.9 s; peak memory 7790 MiB.
2026-09-20T16:40:29Z INFO [922/2401] 68085fe9-d920-4fcd-984b-d996dc931031: valid; 12.5 s; peak memory 7810 MiB.
2026-09-20T16:40:32Z INFO [923/2401] 680fc848-4ddf-46be-a0ae-709fecb57308: valid; 3.6 s; peak memory 7811 MiB.
2026-09-20T16:40:34Z INFO [924/2401] 682d8ab2-8937-4b83-b8b9-58975ab4b156: not valid; 2.3 s; peak memory 7811 MiB.
2026-09-20T16:40:37Z INFO [925/2401] 684096ab-e6e3-4f39-a4e3-412b7a42986d: valid; 2.6 s; peak memory 7811 MiB.
2026-09-20T16:40:45Z INFO [926/2401] 684587ff-a02e-4761-aab6-0d8f45786a2f: valid; 8.4 s; peak memory 7811 MiB.
2026-09-20T16:40:48Z INFO [927/2401] 68629ee2-5e96-4459-8ef8-95de9cd57f61: valid; 2.3 s; peak memory 7811 MiB.
2026-09-20T16:40:49Z INFO [928/2401] 687456a4-ed61-4160-96e7-97c817827871: valid; 1.5 s; peak memory 7811 MiB.
2026-09-20T16:40:51Z INFO [929/2401] 6878f49f-723a-4621-bf51-bc44e494da13: valid; 1.3 s; peak memory 7811 MiB.
2026-09-20T16:40:52Z INFO [930/2401] 68792b49-27f5-440b-ac36-03a753f201e5: valid; 1.4 s; peak memory 7811 MiB.
2026-09-20T16:40:55Z INFO [931/2401] 687d1b15-f3fb-465a-beb3-a60ce14500ca: valid; 2.8 s; peak memory 7811 MiB.
2026-09-20T16:40:56Z INFO [932/2401] 68917b8a-67e0-43cf-9ec8-fa5d514490df: valid; 1.5 s; peak memory 7811 MiB.
2026-09-20T16:40:58Z INFO [933/2401] 68a866dc-a349-49af-9264-b8a5984858d6: valid; 1.7 s; peak memory 7812 MiB.
2026-09-20T16:41:01Z INFO [934/2401] 68bdc7e7-603d-43a6-82bb-3c3065452aa3: valid; 2.4 s; peak memory 7813 MiB.
2026-09-20T16:41:02Z INFO [935/2401] 68f0888e-223e-4469-b104-7d44a3b6c408: not valid; 1.6 s; peak memory 7813 MiB.
2026-09-20T16:41:03Z INFO [936/2401] 6921e377-a1e5-412e-828e-8d64c10c74ce: valid; 1.4 s; peak memory 7813 MiB.
2026-09-20T16:41:06Z INFO [937/2401] 696a91a6-0763-4ea5-92e0-1ec40b863012: valid; 2.9 s; peak memory 7813 MiB.
2026-09-20T16:41:07Z INFO [938/2401] 6976bcb7-3c4e-4f39-9e71-1f8ef336f941: valid; 1.0 s; peak memory 7813 MiB.
2026-09-20T16:41:10Z INFO [939/2401] 6990e2eb-56ea-4e7a-bbf9-41d97a34c242: valid; 2.2 s; peak memory 7813 MiB.
2026-09-20T16:41:45Z INFO [940/2401] 69afd825-a3b5-4479-b1a1-e87521544f05: not valid; 34.9 s; peak memory 7832 MiB.
2026-09-20T16:41:50Z INFO [941/2401] 69e67bdc-6917-4aea-a2ae-1aa7f5572e0a: valid; 5.7 s; peak memory 7837 MiB.
2026-09-20T16:41:52Z INFO [942/2401] 69fd4eaa-368a-4a5b-8fea-c5a5aa77c5fa: not valid; 2.0 s; peak memory 7838 MiB.
2026-09-20T16:41:54Z INFO [943/2401] 6a04d2dc-721b-4229-a153-d07998a2acbc: valid; 1.4 s; peak memory 7839 MiB.
2026-09-20T16:41:57Z INFO [944/2401] 6a06b94b-4540-4784-8209-3c7b3f13d75f: valid; 3.5 s; peak memory 7842 MiB.
2026-09-20T16:41:59Z INFO [945/2401] 6a06cb3a-877d-42c7-8f5b-05c0c30113ec: valid; 2.3 s; peak memory 7843 MiB.
2026-09-20T16:42:02Z INFO [946/2401] 6a133912-8bd4-48ec-b870-bdf6cf94d7bd: valid; 2.1 s; peak memory 7845 MiB.
2026-09-20T16:42:03Z INFO [947/2401] 6a1980c4-53ac-4af2-a1b7-5457c5650261: valid; 1.9 s; peak memory 7846 MiB.
2026-09-20T16:42:06Z INFO [948/2401] 6a3009d1-f763-441f-8521-7f2e3e9b215e: valid; 2.5 s; peak memory 7860 MiB.
2026-09-20T16:42:07Z INFO [949/2401] 6a30973b-f86f-44f3-aebb-af4eabc6b0fe: valid; 1.4 s; peak memory 7860 MiB.
2026-09-20T16:42:07Z WARNING 6a4ea91b-0790-456f-b9d9-1f056ba3e5e1: failed while retrieving asset information from the DANDI API (NotFoundError: No asset at path 'sub-parkinson-simulated-beta/sub-parkinson-simulated-beta_ses-7334_ecephys.nwb' in version 0.250327.2220. Verify the path is correct and the asset exists in this version. Use 'dandi ls' to list available assets.)
2026-09-20T16:42:08Z INFO [950/2401] 6a4ea91b-0790-456f-b9d9-1f056ba3e5e1: checkpointed 72010 records.
2026-09-20T16:42:11Z INFO [951/2401] 6a5e0734-e0c5-4bfc-9b0d-dfdfcc76d4fd: valid; 2.9 s; peak memory 7860 MiB.
2026-09-20T16:42:12Z INFO [952/2401] 6a960a94-0063-4508-a0b3-afd9d1f742da: valid; 1.3 s; peak memory 7860 MiB.
2026-09-20T16:42:15Z INFO [953/2401] 6ad38359-cc04-41e2-a860-a8cd93446f4f: valid; 3.0 s; peak memory 7860 MiB.
2026-09-20T16:42:20Z INFO [954/2401] 6ada476d-083c-4664-8436-0d26732890a4: not valid; 4.5 s; peak memory 7863 MiB.
2026-09-20T16:42:21Z INFO [955/2401] 6adbfebc-1a47-4dd5-a501-5d04ad79d4b1: valid; 1.8 s; peak memory 7865 MiB.
2026-09-20T16:42:27Z INFO [956/2401] 6af28e82-33f1-46ff-991b-f9d4c19c1fb0: not valid; 5.3 s; peak memory 7872 MiB.
2026-09-20T16:42:28Z INFO [957/2401] 6af4ea7b-a478-454e-9489-7410a9841dad: valid; 1.8 s; peak memory 7873 MiB.
2026-09-20T16:42:30Z INFO [958/2401] 6af57efc-4b9c-4cc8-9498-88fa0854b446: valid; 1.4 s; peak memory 7874 MiB.
2026-09-20T16:42:33Z INFO [959/2401] 6b10f569-5662-453c-a607-3fc63211e1df: valid; 3.1 s; peak memory 7875 MiB.
2026-09-20T16:42:42Z INFO [960/2401] 6b11cb0e-e428-4da0-9cb5-abba3cf24560: valid; 8.9 s; peak memory 7895 MiB.
2026-09-20T16:42:44Z INFO [961/2401] 6b1eeddf-0d82-4924-a4ae-1176089903f3: not valid; 1.7 s; peak memory 7896 MiB.
2026-09-20T16:42:45Z INFO [962/2401] 6b2aa642-b16a-47e8-bd0d-f9a8b1298fbf: valid; 1.6 s; peak memory 7896 MiB.
2026-09-20T16:42:52Z INFO [963/2401] 6b328d10-cde0-4272-a481-b86f0483b477: valid; 6.8 s; peak memory 7905 MiB.
2026-09-20T16:42:55Z INFO [964/2401] 6b5dda16-b421-47cf-a211-fad10f7dd283: valid; 2.8 s; peak memory 7921 MiB.
2026-09-20T16:42:56Z INFO [965/2401] 6b66188b-e991-4cff-b941-5e64dda22216: valid; 1.7 s; peak memory 7921 MiB.
2026-09-20T16:42:58Z INFO [966/2401] 6b7a2690-0ab1-466c-9a33-9ff3de04c87b: not valid; 1.9 s; peak memory 7921 MiB.
2026-09-20T16:43:00Z INFO [967/2401] 6b9271a0-c051-4495-8c31-54041579e822: not valid; 1.5 s; peak memory 7921 MiB.
2026-09-20T16:43:03Z INFO [968/2401] 6b9cc90a-a910-4311-99d8-80e2c5b5022f: valid; 2.8 s; peak memory 7921 MiB.
2026-09-20T16:43:20Z INFO [969/2401] 6b9e1874-a535-499f-abad-0e0ed3fe26b1: valid; 17.4 s; peak memory 7935 MiB.
2026-09-20T16:43:21Z INFO [970/2401] 6ba2e569-ab5a-4a9e-b91d-11c3e8c5f409: valid; 1.4 s; peak memory 7935 MiB.
2026-09-20T16:43:23Z INFO [971/2401] 6bc138b4-340c-4d31-b600-798cb2c5f9d8: valid; 1.4 s; peak memory 7935 MiB.
2026-09-20T16:43:24Z INFO [972/2401] 6bc2c540-4f8f-40f2-8232-e119abe55dcf: valid; 1.4 s; peak memory 7935 MiB.
2026-09-20T16:43:26Z INFO [973/2401] 6bf18344-5b83-43fe-ab27-06cccc2d48d4: valid; 2.0 s; peak memory 7935 MiB.
2026-09-20T16:43:28Z INFO [974/2401] 6bf9c56b-af69-4ca0-a6c4-a9eb92e2c247: valid; 1.3 s; peak memory 7935 MiB.
2026-09-20T16:43:42Z INFO [975/2401] 6c625dd4-f837-42b5-abad-93df54408a97: valid; 14.1 s; peak memory 8083 MiB.
2026-09-20T16:43:58Z INFO [976/2401] 6cb94614-3a61-40cc-a47d-ecbadaad39ae: valid; 16.5 s; peak memory 8083 MiB.
2026-09-20T16:44:00Z INFO [977/2401] 6cd9a34d-6224-4059-96c4-7bf7546c3a65: valid; 1.4 s; peak memory 8083 MiB.
2026-09-20T16:44:01Z INFO [978/2401] 6cedd657-f03a-411d-bb73-17e35110f460: valid; 1.4 s; peak memory 8083 MiB.
2026-09-20T16:44:03Z INFO [979/2401] 6cf6b5fe-f70b-462a-81ac-39eec20f0981: not valid; 2.4 s; peak memory 8083 MiB.
2026-09-20T16:44:05Z INFO [980/2401] 6cfb44e6-fa3f-41d3-a5a0-5c9caea919e4: not valid; 2.0 s; peak memory 8083 MiB.
2026-09-20T16:44:07Z INFO [981/2401] 6d120a80-49b9-4928-b254-6bf74bc276b3: not valid; 2.0 s; peak memory 8083 MiB.
2026-09-20T16:44:09Z INFO [982/2401] 6d349a5e-31d8-4598-93dc-7502fe593313: valid; 1.9 s; peak memory 8083 MiB.
2026-09-20T16:44:22Z INFO [983/2401] 6d3b07ee-3017-4d82-849d-59eab1ffb12d: valid; 12.9 s; peak memory 8083 MiB.
2026-09-20T16:44:25Z INFO [984/2401] 6d4ede53-0aa9-4cc5-816e-3d82d03a21ee: valid; 3.0 s; peak memory 8083 MiB.
2026-09-20T16:44:26Z INFO [985/2401] 6d71d046-10d4-4f89-9c5c-19aada84129b: valid; 1.4 s; peak memory 8083 MiB.
2026-09-20T16:44:29Z INFO [986/2401] 6d75b1bd-c989-45cf-8b01-778526688fbc: valid; 2.3 s; peak memory 8083 MiB.
2026-09-20T16:44:29Z WARNING 6d7bc6a4-27f1-488e-bff9-50fb3c39d80b: failed while retrieving asset information from the DANDI API (NotFoundError: No such Dandiset: 001533)
2026-09-20T16:44:31Z INFO [988/2401] 6d88b259-f727-4aab-86bf-82d307aaf33e: not valid; 2.0 s; peak memory 8083 MiB.
2026-09-20T16:44:33Z WARNING 6ded83c6-c504-4a97-b059-67875a376ac9: failed while opening the NWB file (ConstructError: (root/acquisition/_iblmic_audioSpectrogram/bands GroupBuilder {'attributes': {'colnames': array(['freq'], dtype=object), 'description': 'spectogram frequencies', 'namespace': 'core', 'neurodata_type': 'FrequencyBandsTable', 'object_id': '7974f74c-f7ae-4912-847d-1932e1a67e39'}, 'groups': {}, 'datasets': {'freq': root/acquisition/_iblmic_audioSpectrogram/bands/freq DatasetBuilder {'attributes': {'description': 'frequency value', 'namespace': 'hdmf-common', 'neurodata_type': 'VectorData', 'object_id': '649e9bf6-8498-49e5-8958-306da2f473b9'}, 'data': <HDF5 dataset "freq": shape (257,), type "<f4">}, 'id': root/acquisition/_iblmic_audioSpectrogram/bands/id DatasetBuilder {'attributes': {'namespace': 'hdmf-common', 'neurodata_type': 'ElementIdentifiers', 'object_id': '19d17faf-f8a1-4530-a1b3-d857138fab15'}, 'data': <HDF5 dataset "id": shape (257,), type "<i4">}}, 'links': {}}, "Could not construct FrequencyBandsTable object due to: column must have the same number of rows as 'id'"))
2026-09-20T16:44:35Z INFO [990/2401] 6df2ae88-1922-4b17-a43a-fdda1b15712d: valid; 1.5 s; peak memory 8083 MiB.
2026-09-20T16:44:36Z INFO [991/2401] 6e298074-d4f1-459d-a798-666145893a9c: valid; 1.3 s; peak memory 8083 MiB.
2026-09-20T16:44:38Z INFO [992/2401] 6e483b21-40eb-41b7-a7fb-7cb982d6b0ba: valid; 1.4 s; peak memory 8083 MiB.
2026-09-20T16:45:48Z INFO [993/2401] 6e487a84-ec83-4e9f-be15-4e61ec2a0ea5: valid; 70.8 s; peak memory 8083 MiB.
2026-09-20T16:45:51Z INFO [994/2401] 6ede7262-753c-492f-ac81-66efad191b68: valid; 2.2 s; peak memory 8083 MiB.
2026-09-20T16:45:52Z INFO [995/2401] 6eeac45a-e70a-4128-84d4-f27a4e7d5cbb: valid; 1.4 s; peak memory 8083 MiB.
2026-09-20T16:45:55Z INFO [996/2401] 6eef2ee2-ddcd-4ca0-a5f8-10e3502307e2: valid; 2.6 s; peak memory 8083 MiB.
2026-09-20T16:46:00Z INFO [997/2401] 6eff9c32-51b6-4f35-91bb-13cf8229c4ba: valid; 5.3 s; peak memory 8083 MiB.
2026-09-20T16:46:02Z INFO [998/2401] 6f2c962f-21ad-4e4a-875e-5cc8456e0edf: valid; 2.5 s; peak memory 8083 MiB.
2026-09-20T16:46:04Z INFO [999/2401] 6f342063-e9cc-4025-aebe-53d65d65939e: valid; 1.9 s; peak memory 8083 MiB.
2026-09-20T16:46:06Z INFO [1000/2401] 6f81bbc1-9de2-472d-a0b1-0f837f694994: valid; 1.4 s; peak memory 8083 MiB.
2026-09-20T16:46:06Z INFO [1000/2401] 6f81bbc1-9de2-472d-a0b1-0f837f694994: checkpointed 72010 records.
2026-09-20T16:46:38Z INFO [1001/2401] 6f9d346e-ebf9-4923-9090-84fe1d16b47b: valid; 31.3 s; peak memory 8083 MiB.
2026-09-20T16:46:39Z INFO [1002/2401] 6fc984cf-8791-468e-88e4-73de762876ca: valid; 1.3 s; peak memory 8083 MiB.
2026-09-20T16:46:40Z INFO [1003/2401] 702649b5-1c39-45fb-b232-6484c62e53f5: valid; 1.4 s; peak memory 8083 MiB.
2026-09-20T16:46:43Z INFO [1004/2401] 7029264f-8fb1-4476-8b1d-eb714b22cd85: valid; 2.3 s; peak memory 8083 MiB.
2026-09-20T16:46:46Z INFO [1005/2401] 702e9bb1-c1cf-4530-be1e-43e94180e859: valid; 3.2 s; peak memory 8083 MiB.
2026-09-20T16:46:50Z INFO [1006/2401] 7095f2fc-751f-4833-aef8-9724ca5ff589: valid; 4.5 s; peak memory 8083 MiB.
2026-09-20T16:46:54Z INFO [1007/2401] 70bccfac-72ef-42a5-8e61-d4802419e4dc: valid; 3.2 s; peak memory 8083 MiB.
2026-09-20T16:46:57Z INFO [1008/2401] 70de38df-005a-402b-b1e5-d0246101c03d: valid; 3.6 s; peak memory 8083 MiB.
2026-09-20T16:46:59Z INFO [1009/2401] 70e59816-76f5-4903-9f66-089d729f1c24: valid; 2.2 s; peak memory 8083 MiB.
2026-09-20T16:47:02Z WARNING 70f7c2f5-370a-4ebf-a4a0-55fe3af557d9: failed while opening the NWB file (ConstructError: (root/acquisition/_iblmic_audioSpectrogram/bands GroupBuilder {'attributes': {'colnames': array(['freq'], dtype=object), 'description': 'spectogram frequencies', 'namespace': 'core', 'neurodata_type': 'FrequencyBandsTable', 'object_id': '46e81c0b-dc1b-47f6-af2e-13e1bf6579d1'}, 'groups': {}, 'datasets': {'freq': root/acquisition/_iblmic_audioSpectrogram/bands/freq DatasetBuilder {'attributes': {'description': 'frequency value', 'namespace': 'hdmf-common', 'neurodata_type': 'VectorData', 'object_id': '98fe06ab-7957-403e-8819-95dfc2145403'}, 'data': <HDF5 dataset "freq": shape (257,), type "<f4">}, 'id': root/acquisition/_iblmic_audioSpectrogram/bands/id DatasetBuilder {'attributes': {'namespace': 'hdmf-common', 'neurodata_type': 'ElementIdentifiers', 'object_id': 'd8ccced9-be22-4db4-991f-d020ef5aba77'}, 'data': <HDF5 dataset "id": shape (257,), type "<i4">}}, 'links': {}}, "Could not construct FrequencyBandsTable object due to: column must have the same number of rows as 'id'"))
2026-09-20T16:47:03Z INFO [1011/2401] 710d6368-7bc6-4157-b9c4-0c3d7eb7bfa1: valid; 1.5 s; peak memory 8083 MiB.
2026-09-20T16:47:08Z INFO [1012/2401] 7134f1b8-8eff-4ab2-ae3a-cc72581001d7: valid; 4.9 s; peak memory 8083 MiB.
2026-09-20T16:47:11Z INFO [1013/2401] 714ec3e1-6946-4bbd-a380-fbffc6ce4318: not valid; 2.7 s; peak memory 8083 MiB.
2026-09-20T16:47:12Z INFO [1014/2401] 7152f6f3-c53e-4356-9bbd-23dda320c1f3: valid; 1.5 s; peak memory 8083 MiB.
2026-09-20T16:47:15Z INFO [1015/2401] 715c43f3-f070-4ed9-9516-5d004fe179f9: valid; 2.7 s; peak memory 8083 MiB.
2026-09-20T16:47:15Z WARNING 71701cb1-42d7-45ff-9f5b-fa549bda1046: failed while retrieving asset information from the DANDI API (NotFoundError: No asset at path 'sub-442571/sub-442571_ses-20190227T134351_behavior+ecephys+ogen.nwb' in version 0.231012.2129. Verify the path is correct and the asset exists in this version. Use 'dandi ls' to list available assets.)
2026-09-20T16:47:16Z INFO [1017/2401] 71a47ca0-0273-418e-b700-226c723621c8: valid; 1.3 s; peak memory 8083 MiB.
2026-09-20T16:47:20Z INFO [1018/2401] 71cab2aa-bb37-495f-8775-9d1048383615: valid; 3.2 s; peak memory 8083 MiB.
2026-09-20T16:47:22Z INFO [1019/2401] 71dd19e4-27eb-445c-8106-1c04619c8c9c: not valid; 2.1 s; peak memory 8083 MiB.
2026-09-20T16:47:26Z INFO [1020/2401] 7221057c-8227-483c-b6a6-0de2eb236cd1: valid; 4.8 s; peak memory 8083 MiB.
2026-09-20T16:47:40Z INFO [1021/2401] 724ca3d2-2469-4bbc-aa77-0fbf4d95fdd3: valid; 13.5 s; peak memory 8083 MiB.
2026-09-20T16:47:42Z INFO [1022/2401] 72678368-5c6a-4a27-88b6-139a5984e145: valid; 2.1 s; peak memory 8083 MiB.
2026-09-20T16:47:45Z INFO [1023/2401] 729e0c6f-2c36-48bf-884b-65fdbd42244a: valid; 3.0 s; peak memory 8083 MiB.
2026-09-20T16:47:46Z INFO [1024/2401] 72e90b52-e3c7-4f72-b7b2-b04a42d3f228: valid; 1.4 s; peak memory 8083 MiB.
2026-09-20T16:47:51Z INFO [1025/2401] 72e9b333-d472-475a-9f02-27cf3324c5c2: not valid; 4.5 s; peak memory 8083 MiB.
2026-09-20T16:48:00Z INFO [1026/2401] 72f8adc8-d607-4f1b-b848-8a2b960e2832: valid; 9.3 s; peak memory 8083 MiB.
2026-09-20T16:48:00Z WARNING 73005dda-30be-4e9b-8b5d-9f8c4cce5568: failed while retrieving asset information from the DANDI API (NotFoundError: No asset at path 'sub-EPCNHP1/sub-EPCNHP1_ses-2019-12-17-012_ecephys.nwb' in version 0.240701.1903. Verify the path is correct and the asset exists in this version. Use 'dandi ls' to list available assets.)
2026-09-20T16:48:02Z INFO [1028/2401] 735ce389-590f-4e37-8c19-c05c9981c7f6: not valid; 2.0 s; peak memory 8083 MiB.
2026-09-20T16:48:05Z INFO [1029/2401] 737e8667-1110-4db1-82cc-f6b027b963de: valid; 2.4 s; peak memory 8083 MiB.
2026-09-20T16:48:06Z INFO [1030/2401] 738be38c-45c0-46a5-a789-e48cd6dcbe99: not valid; 1.5 s; peak memory 8083 MiB.
2026-09-20T16:48:06Z WARNING 739cd05f-1108-48ee-a352-3dfbd3349e41: failed while retrieving asset information from the DANDI API (NotFoundError: No asset at path 'sub-456773/sub-456773_ses-20191005T142316_behavior+ecephys+ogen.nwb' in version 0.231012.2129. Verify the path is correct and the asset exists in this version. Use 'dandi ls' to list available assets.)
2026-09-20T16:48:08Z INFO [1032/2401] 73a1f0de-7c0c-487f-a2ce-0810ad2f465c: valid; 1.4 s; peak memory 8083 MiB.
2026-09-20T16:48:10Z INFO [1033/2401] 743d41c7-8ca4-4887-9eef-0eda143b6274: valid; 2.7 s; peak memory 8083 MiB.
2026-09-20T16:48:23Z INFO [1034/2401] 745028a1-7b09-443c-be18-85d38280f913: valid; 12.1 s; peak memory 8083 MiB.
2026-09-20T16:48:25Z INFO [1035/2401] 745a8a9f-e861-4a46-a00e-0ff6556a4e2b: valid; 2.1 s; peak memory 8083 MiB.
2026-09-20T16:48:28Z INFO [1036/2401] 7462d3c8-ac01-4dd7-b91f-b232d86a0ee3: valid; 3.0 s; peak memory 8083 MiB.
2026-09-20T16:48:29Z INFO [1037/2401] 74898932-9620-4587-b518-bec789c297a3: valid; 1.4 s; peak memory 8083 MiB.
2026-09-20T16:48:32Z INFO [1038/2401] 74985a83-dfff-4d4d-939d-39f386df75af: not valid; 2.4 s; peak memory 8083 MiB.
2026-09-20T16:48:33Z INFO [1039/2401] 74a2eec1-16c8-4754-8d1e-0625d036d51d: not valid; 1.5 s; peak memory 8083 MiB.
2026-09-20T16:48:35Z INFO [1040/2401] 74c1aba9-376c-428a-9952-b812e1174562: valid; 2.1 s; peak memory 8083 MiB.
2026-09-20T16:48:36Z INFO [1041/2401] 74e79206-b712-442b-bb89-303ad6daf57c: valid; 1.3 s; peak memory 8083 MiB.
2026-09-20T16:48:38Z INFO [1042/2401] 750c941b-2a88-4c74-b904-0a4c5cb1329d: valid; 2.0 s; peak memory 8083 MiB.
2026-09-20T16:48:41Z INFO [1043/2401] 7525ffe7-9e77-45d2-b7a9-8202c767c5ee: valid; 2.2 s; peak memory 8083 MiB.
2026-09-20T16:48:42Z INFO [1044/2401] 753332ca-8a97-4721-9a82-caf3b6c8a995: valid; 1.4 s; peak memory 8083 MiB.
2026-09-20T16:48:44Z INFO [1045/2401] 7539ad31-533a-4f3d-b887-a7dd61471b65: not valid; 1.9 s; peak memory 8083 MiB.
2026-09-20T16:48:46Z INFO [1046/2401] 7543260a-8886-4f5c-b4c3-3227481a3287: valid; 2.3 s; peak memory 8083 MiB.
2026-09-20T16:48:47Z INFO [1047/2401] 754bcda5-9a27-4a5e-b732-d7c52a6b712f: valid; 1.2 s; peak memory 8083 MiB.
2026-09-20T16:48:52Z INFO [1048/2401] 754e0462-81ac-4d72-90a2-87626c369bf1: not valid; 4.3 s; peak memory 8083 MiB.
2026-09-20T16:48:57Z INFO [1049/2401] 755bf729-972d-42ab-8a44-85f25080516c: valid; 5.6 s; peak memory 8083 MiB.
2026-09-20T16:49:04Z INFO [1050/2401] 75713e05-4b01-46c6-890d-283858e53e12: not valid; 6.6 s; peak memory 8083 MiB.
2026-09-20T16:49:04Z INFO [1050/2401] 75713e05-4b01-46c6-890d-283858e53e12: checkpointed 72010 records.
2026-09-20T16:49:07Z INFO [1051/2401] 75a160ab-fbd1-4188-8d3e-ba7afa2ce027: not valid; 2.1 s; peak memory 8083 MiB.
2026-09-20T16:49:08Z INFO [1052/2401] 75a3d960-c023-426d-96bc-9056e0d39266: valid; 1.4 s; peak memory 8083 MiB.
2026-09-20T16:49:10Z INFO [1053/2401] 75a46633-b427-49e0-9603-96ad13fd03fd: valid; 2.3 s; peak memory 8083 MiB.
2026-09-20T16:49:14Z INFO [1054/2401] 75accefa-cabf-4e3a-8cc2-6025eff8daa5: not valid; 3.6 s; peak memory 8083 MiB.
2026-09-20T16:49:15Z INFO [1055/2401] 75e46018-e805-4d98-9842-bed01709947c: valid; 1.4 s; peak memory 8083 MiB.
2026-09-20T16:49:26Z INFO [1056/2401] 7606539a-1ae8-467d-8c4b-eb59764ea1ec: valid; 10.9 s; peak memory 8169 MiB.
2026-09-20T16:49:28Z WARNING 760e7249-b3ef-41ad-a906-6d6c2b5f3481: failed while opening the NWB file (ConstructError: (root/acquisition/_iblmic_audioSpectrogram/bands GroupBuilder {'attributes': {'colnames': array(['freq'], dtype=object), 'description': 'spectogram frequencies', 'namespace': 'core', 'neurodata_type': 'FrequencyBandsTable', 'object_id': 'a3ca5df1-8ccb-43a8-b7e8-da2ca80478c9'}, 'groups': {}, 'datasets': {'freq': root/acquisition/_iblmic_audioSpectrogram/bands/freq DatasetBuilder {'attributes': {'description': 'frequency value', 'namespace': 'hdmf-common', 'neurodata_type': 'VectorData', 'object_id': '7246209b-dca1-49c5-9997-ca287c4d182c'}, 'data': <HDF5 dataset "freq": shape (257,), type "<f4">}, 'id': root/acquisition/_iblmic_audioSpectrogram/bands/id DatasetBuilder {'attributes': {'namespace': 'hdmf-common', 'neurodata_type': 'ElementIdentifiers', 'object_id': '8b5e67c2-ceb2-4309-8873-ce930917669e'}, 'data': <HDF5 dataset "id": shape (257,), type "<i4">}}, 'links': {}}, "Could not construct FrequencyBandsTable object due to: column must have the same number of rows as 'id'"))
2026-09-20T16:49:31Z INFO [1058/2401] 765c2252-ca0b-4cc6-9ac3-7761d636b936: not valid; 2.5 s; peak memory 8169 MiB.
2026-09-20T16:49:32Z INFO [1059/2401] 767e6d75-c8d7-427a-a659-e1b924a9f9b0: valid; 1.6 s; peak memory 8169 MiB.
2026-09-20T16:49:39Z INFO [1060/2401] 76ba8d97-f38c-4554-b3ba-0a08ba2471ed: valid; 7.1 s; peak memory 8169 MiB.
2026-09-20T16:49:41Z INFO [1061/2401] 76ef7a52-9d33-4a84-a001-55ad3f458a1a: not valid; 1.5 s; peak memory 8169 MiB.
2026-09-20T16:49:47Z INFO [1062/2401] 772808b1-a857-4208-b333-6bd9df4e0c56: valid; 5.5 s; peak memory 8169 MiB.
2026-09-20T16:49:49Z INFO [1063/2401] 77290cb2-09eb-4149-aaf6-804a19226723: valid; 2.1 s; peak memory 8169 MiB.
2026-09-20T16:49:51Z INFO [1064/2401] 77340bb1-ade1-43b1-b801-b90a572cf57c: valid; 2.1 s; peak memory 8169 MiB.
2026-09-20T16:49:53Z INFO [1065/2401] 77361fc3-9a6b-4e89-a95a-a58bed57edb4: valid; 2.1 s; peak memory 8169 MiB.
2026-09-20T16:49:54Z INFO [1066/2401] 773d9648-a05f-4576-9088-7f842169d44f: valid; 1.4 s; peak memory 8169 MiB.
2026-09-20T16:51:24Z INFO [1067/2401] 77427ab9-0ec0-4c0b-bcff-5b14d322e262: valid; 90.0 s; peak memory 8229 MiB.
2026-09-20T16:51:26Z INFO [1068/2401] 77565275-16db-49fe-a3f6-0f426456b3ad: valid; 1.9 s; peak memory 8229 MiB.
2026-09-20T16:51:28Z INFO [1069/2401] 7762fb63-4e61-41be-bb3f-5417b52d38b3: valid; 2.0 s; peak memory 8229 MiB.
2026-09-20T16:51:30Z INFO [1070/2401] 776e1aab-c71e-4ec0-b165-958b76e9e082: valid; 1.6 s; peak memory 8229 MiB.
2026-09-20T16:52:28Z INFO [1071/2401] 777cd354-0015-4fe7-aba7-12e7e7144f45: not valid; 58.2 s; peak memory 8868 MiB.
2026-09-20T16:52:30Z INFO [1072/2401] 77b0e030-5446-49a1-a91f-03dd238ded38: not valid; 2.3 s; peak memory 8868 MiB.
2026-09-20T16:52:32Z INFO [1073/2401] 77d26084-e25a-4435-89e9-a28190b7e0ca: valid; 1.5 s; peak memory 8868 MiB.
2026-09-20T16:52:36Z INFO [1074/2401] 7822abc2-01b1-4855-a1b3-e9f205164ac9: not valid; 4.7 s; peak memory 8869 MiB.
2026-09-20T16:52:45Z INFO [1075/2401] 783f8515-48a6-4302-9b93-307e34c77796: valid; 8.8 s; peak memory 8871 MiB.
2026-09-20T16:52:55Z INFO [1076/2401] 78599c97-d6f7-4de5-aca5-727c9e1cb9bf: valid; 9.8 s; peak memory 8881 MiB.
2026-09-20T16:52:56Z INFO [1077/2401] 785d6451-d001-4bd8-884f-70dfd7b00d21: valid; 1.4 s; peak memory 8882 MiB.
2026-09-20T16:52:59Z INFO [1078/2401] 7880cd9d-1ec7-4830-be25-932753419bdf: valid; 2.5 s; peak memory 8884 MiB.
2026-09-20T16:53:01Z INFO [1079/2401] 78adf5ff-51e2-4b93-986a-3feef80555d0: valid; 2.2 s; peak memory 8884 MiB.
2026-09-20T16:53:31Z INFO [1080/2401] 78bf5a12-e974-462c-a1c5-6944d3b446a5: valid; 30.4 s; peak memory 8884 MiB.
2026-09-20T16:53:34Z INFO [1081/2401] 78c2dbc7-b3de-46d6-af37-125244042e02: valid; 2.8 s; peak memory 8884 MiB.
2026-09-20T16:53:36Z INFO [1082/2401] 78ce9163-3fa6-4c77-a13d-9bab5e5a5aca: valid; 2.1 s; peak memory 8884 MiB.
2026-09-20T16:53:39Z INFO [1083/2401] 78d745a7-8204-49af-8a9b-973c7d4e65f1: valid; 2.6 s; peak memory 8884 MiB.
2026-09-20T16:53:41Z INFO [1084/2401] 78ed8568-0083-47ec-94d4-709ac8530fc2: valid; 2.3 s; peak memory 8884 MiB.
2026-09-20T16:53:43Z INFO [1085/2401] 78ee0e15-96cb-4d9d-9a9d-d07db272c5c3: not valid; 1.5 s; peak memory 8884 MiB.
2026-09-20T16:53:59Z INFO [1086/2401] 79075a74-bee9-44b1-a72c-16b40a0ac43a: valid; 16.0 s; peak memory 8884 MiB.
2026-09-20T16:54:00Z INFO [1087/2401] 790c8779-b20f-4554-bdeb-f091ebd9430a: valid; 1.4 s; peak memory 8884 MiB.
2026-09-20T16:54:00Z WARNING 7914ec5c-f059-48f2-970e-d7c363f97f21: failed while retrieving asset information from the DANDI API (NotFoundError: No asset at path 'sub-EPCNHP1/sub-EPCNHP1_ses-2019-07-15-005_ecephys.nwb' in version 0.240701.1903. Verify the path is correct and the asset exists in this version. Use 'dandi ls' to list available assets.)
2026-09-20T16:54:00Z WARNING 794286da-2ebb-4747-919a-5dda683cb27e: failed while retrieving asset information from the DANDI API (NotFoundError: No asset at path 'sub-parkinson-simulated-beta/sub-parkinson-simulated-beta_ses-3075_ecephys.nwb' in version 0.250327.2220. Verify the path is correct and the asset exists in this version. Use 'dandi ls' to list available assets.)
2026-09-20T16:54:00Z WARNING 799b8dce-faad-47a6-8abf-b84e40d84d1e: failed while retrieving asset information from the DANDI API (NotFoundError: No asset at path 'sub-healthy-simulated-beta/sub-healthy-simulated-beta_ses-2486_ecephys.nwb' in version 0.250327.2220. Verify the path is correct and the asset exists in this version. Use 'dandi ls' to list available assets.)
2026-09-20T16:54:02Z INFO [1091/2401] 79acfe7a-e6f6-4329-bd5a-34cf085e8127: valid; 1.7 s; peak memory 8884 MiB.
2026-09-20T16:54:05Z INFO [1092/2401] 79aeaabe-6b6c-4116-9f5c-4c345c757d65: valid; 2.6 s; peak memory 8884 MiB.
2026-09-20T16:54:06Z INFO [1093/2401] 79b35b66-bde4-4c4b-8136-d9dfff18f4e0: not valid; 1.4 s; peak memory 8884 MiB.
2026-09-20T16:54:16Z INFO [1094/2401] 79bead10-6b4c-4f15-966c-d9e7765401af: not valid; 10.0 s; peak memory 8884 MiB.
2026-09-20T16:54:18Z INFO [1095/2401] 79e749dd-8273-440b-b3ca-f5d5eb327cdf: not valid; 2.0 s; peak memory 8884 MiB.
2026-09-20T16:54:21Z INFO [1096/2401] 79ea7e9e-161d-4977-82a7-1317b71163f6: valid; 2.7 s; peak memory 8884 MiB.
2026-09-20T16:54:23Z INFO [1097/2401] 79fe1e12-7908-4c29-8dce-9ab5390b352b: not valid; 1.9 s; peak memory 8884 MiB.
2026-09-20T16:54:25Z INFO [1098/2401] 7a12cea9-b080-41a9-8155-85fc85605bc9: valid; 2.6 s; peak memory 8884 MiB.
2026-09-20T16:54:28Z INFO [1099/2401] 7a1c1e3d-a975-4795-8408-a46fc34f74fd: not valid; 2.6 s; peak memory 8884 MiB.
2026-09-20T16:54:36Z INFO [1100/2401] 7a31d167-ef75-4418-ade5-83ac8e1c0fa6: not valid; 7.9 s; peak memory 8884 MiB.
2026-09-20T16:54:36Z INFO [1100/2401] 7a31d167-ef75-4418-ade5-83ac8e1c0fa6: checkpointed 72010 records.
2026-09-20T16:54:38Z INFO [1101/2401] 7a5bdcd7-0adc-4cb2-abdf-f34902af138f: valid; 1.9 s; peak memory 8884 MiB.
2026-09-20T16:54:53Z INFO [1102/2401] 7aa82db4-a708-4b5d-b967-220eb644c229: valid; 14.5 s; peak memory 8884 MiB.
2026-09-20T16:54:55Z INFO [1103/2401] 7aba809d-5b31-4dd9-8bcc-0edd9f58c984: valid; 2.8 s; peak memory 8884 MiB.
2026-09-20T16:55:08Z INFO [1104/2401] 7ad9bd41-64f9-4963-896d-9a0dda9eaaf6: not valid; 12.5 s; peak memory 8884 MiB.
2026-09-20T16:55:12Z INFO [1105/2401] 7ae5b6be-5516-44bb-af49-10e9aba29e22: valid; 3.7 s; peak memory 8884 MiB.
2026-09-20T16:55:14Z INFO [1106/2401] 7aed8709-541c-4ccd-afb7-cddc70a6485a: valid; 2.4 s; peak memory 8884 MiB.
2026-09-20T16:55:18Z INFO [1107/2401] 7afe3419-9c43-4b76-af15-652cf6a41654: valid; 4.5 s; peak memory 8884 MiB.
2026-09-20T16:55:20Z INFO [1108/2401] 7b4201c8-a98d-4684-a2af-a5c991fa7565: not valid; 1.7 s; peak memory 8884 MiB.
2026-09-20T16:55:22Z INFO [1109/2401] 7b4bfca4-e1a0-496b-8732-dff5b69f6d9e: valid; 1.4 s; peak memory 8884 MiB.
2026-09-20T16:55:25Z INFO [1110/2401] 7b5374bb-545f-4ede-83e0-0699a26f8a19: not valid; 3.0 s; peak memory 8884 MiB.
2026-09-20T16:55:30Z INFO [1111/2401] 7b6afd53-2394-413c-af78-492ef1c7f924: not valid; 5.8 s; peak memory 8884 MiB.
2026-09-20T16:55:33Z INFO [1112/2401] 7b97ae68-5d10-4580-b1ba-8f9b537f2038: valid; 2.2 s; peak memory 8884 MiB.
2026-09-20T16:55:34Z INFO [1113/2401] 7bab85eb-b87e-49eb-ba2c-9634dcfe0fed: valid; 1.1 s; peak memory 8884 MiB.
2026-09-20T16:55:35Z INFO [1114/2401] 7bd034b9-2f5c-423e-9134-a986d04c7b20: valid; 1.4 s; peak memory 8884 MiB.
2026-09-20T16:55:37Z INFO [1115/2401] 7bfa656f-3455-4144-aa7d-d7d505b07510: valid; 1.7 s; peak memory 8884 MiB.
2026-09-20T16:55:39Z INFO [1116/2401] 7c0395f2-edb4-44ed-a6b9-ac69a87d38c5: valid; 2.8 s; peak memory 8884 MiB.
2026-09-20T16:55:42Z INFO [1117/2401] 7c04540f-d1ea-4093-ab88-726d8b44445d: valid; 2.2 s; peak memory 8884 MiB.
2026-09-20T16:55:43Z INFO [1118/2401] 7c058373-b460-4b21-8589-0a9bd2ab6e3c: valid; 1.4 s; peak memory 8884 MiB.
2026-09-20T16:55:45Z INFO [1119/2401] 7c076693-5603-464d-abe4-0571883fe0bf: valid; 2.2 s; peak memory 8884 MiB.
2026-09-20T16:55:47Z WARNING 7c0a3c1b-d50b-4fe3-9266-cacfbf936ff3: failed while opening the NWB file (ConstructError: (root/acquisition/event_code_meanings GroupBuilder {'attributes': {'colnames': array(['value', 'meaning'], dtype=object), 'description': 'Mapping integer event codes to event labels', 'namespace': 'ndx-events', 'neurodata_type': 'MeaningsTable', 'object_id': '8a113089-e43d-462a-8e2b-2cfc250ce4b8'}, 'groups': {}, 'datasets': {'id': root/acquisition/event_code_meanings/id DatasetBuilder {'attributes': {'namespace': 'hdmf-common', 'neurodata_type': 'ElementIdentifiers', 'object_id': '9191b4ee-970a-4864-a6d2-a211539a2b2b'}, 'data': <HDF5 dataset "id": shape (26,), type "<i8">}, 'meaning': root/acquisition/event_code_meanings/meaning DatasetBuilder {'attributes': {'description': 'The meaning of the value in the parent CategoricalVectorData object.', 'namespace': 'hdmf-experimental', 'neurodata_type': 'VectorData', 'object_id': 'a376b372-a255-4f0e-95d6-c31088cbb39a'}, 'data': <StrDataset for HDF5 dataset "meaning": shape (26,), type "|O">}, 'value': root/acquisition/event_code_meanings/value DatasetBuilder {'attributes': {'description': 'The value of the parent CategoricalVectorData object.', 'namespace': 'hdmf-experimental', 'neurodata_type': 'VectorData', 'object_id': '9db73206-3f09-4d9b-b241-4a5e79a17d3e'}, 'data': <HDF5 dataset "value": shape (26,), type "<i8">}}, 'links': {}}, "Could not construct MeaningsTable object due to: MeaningsTable.__init__: missing argument 'target'"))
2026-09-20T16:55:51Z INFO [1121/2401] 7c112322-b20a-47f9-a071-727927435b6a: valid; 3.8 s; peak memory 8884 MiB.
2026-09-20T16:55:53Z INFO [1122/2401] 7c1db83e-447a-4c90-b7eb-a6fbd859e6e2: valid; 2.5 s; peak memory 8884 MiB.
2026-09-20T16:56:12Z INFO [1123/2401] 7c3b5ad8-0db5-43ce-93ca-24e13bde75e0: valid; 18.9 s; peak memory 8884 MiB.
2026-09-20T16:56:14Z INFO [1124/2401] 7c8d0705-f27a-430a-a3b7-f9e5b6ba5eda: valid; 2.2 s; peak memory 8884 MiB.
2026-09-20T16:56:17Z INFO [1125/2401] 7c9d310b-dd1e-4543-b0b9-d4cfae774364: valid; 2.5 s; peak memory 8884 MiB.
2026-09-20T16:56:18Z INFO [1126/2401] 7cd01c96-45e5-4d1b-b651-6e766b49afa3: valid; 1.6 s; peak memory 8884 MiB.
2026-09-20T16:56:21Z INFO [1127/2401] 7ce8f61c-0daa-48c3-a84b-0a3d2c285bc9: valid; 2.8 s; peak memory 8884 MiB.
2026-09-20T16:56:22Z INFO [1128/2401] 7cf59b41-a2bc-406a-ab51-6f0d171998fe: valid; 1.1 s; peak memory 8884 MiB.
2026-09-20T16:56:24Z INFO [1129/2401] 7cf6b0af-295a-4c90-8428-7ca25fd85d34: valid; 1.6 s; peak memory 8884 MiB.
2026-09-20T16:56:26Z INFO [1130/2401] 7cf96432-de4c-4aa0-a2e9-aaaa202618ae: not valid; 1.9 s; peak memory 8884 MiB.
2026-09-20T16:56:27Z INFO [1131/2401] 7d0482f3-51b4-4c6a-b514-5393fff5c6ff: valid; 1.4 s; peak memory 8884 MiB.
2026-09-20T16:56:29Z INFO [1132/2401] 7d1330a4-447b-48bd-9ac7-57cb8217f51a: valid; 1.4 s; peak memory 8884 MiB.
2026-09-20T16:56:30Z INFO [1133/2401] 7d1d2a1e-f5c2-4b76-a54b-ae7ab7e35125: valid; 1.4 s; peak memory 8884 MiB.
2026-09-20T16:56:33Z INFO [1134/2401] 7d248126-0152-496e-83ef-ad1efd2a28f0: valid; 3.4 s; peak memory 8884 MiB.
2026-09-20T16:56:35Z INFO [1135/2401] 7d75b954-e74b-485b-8f42-0785caae32ff: valid; 1.9 s; peak memory 8884 MiB.
2026-09-20T16:56:38Z INFO [1136/2401] 7d93e487-54d4-4abf-8f00-a8cb6279b81a: not valid; 2.1 s; peak memory 8884 MiB.
2026-09-20T16:56:45Z INFO [1137/2401] 7da35d20-ae1c-4916-8292-d7caf175a340: valid; 7.3 s; peak memory 8884 MiB.
2026-09-20T16:56:46Z INFO [1138/2401] 7db212f6-d752-4cc0-be9b-3f77f1fb1431: valid; 1.5 s; peak memory 8884 MiB.
2026-09-20T16:56:49Z INFO [1139/2401] 7dbff9e9-e6bc-4c6e-807b-942f1a164221: valid; 2.5 s; peak memory 8884 MiB.
2026-09-20T16:56:50Z INFO [1140/2401] 7dcd0af2-d8a5-43ee-bc45-dce3964638f9: valid; 1.6 s; peak memory 8884 MiB.
2026-09-20T16:56:56Z INFO [1141/2401] 7df74b28-5ecb-4a0d-bffb-c58915c75714: not valid; 5.7 s; peak memory 8884 MiB.
2026-09-20T16:57:05Z INFO [1142/2401] 7e13cd30-538e-42ee-81ff-7587dc2ce0d6: valid; 9.5 s; peak memory 8884 MiB.
2026-09-20T16:57:06Z INFO [1143/2401] 7e1721c4-87e8-4151-9510-493052aa521d: not valid; 1.0 s; peak memory 8884 MiB.
2026-09-20T16:57:09Z INFO [1144/2401] 7e26f628-d645-4c01-b2b2-2454fb8e67a0: valid; 2.3 s; peak memory 8884 MiB.
2026-09-20T16:57:11Z INFO [1145/2401] 7e281d27-1dd6-4c6b-97e1-94c980c46cde: not valid; 1.7 s; peak memory 8884 MiB.
2026-09-20T16:57:13Z INFO [1146/2401] 7ec2ccc9-afbc-4284-93f7-b422dc8b2fc2: valid; 2.2 s; peak memory 8884 MiB.
2026-09-20T16:57:15Z INFO [1147/2401] 7f122d76-1a7f-422a-b920-41007e562042: not valid; 1.7 s; peak memory 8884 MiB.
2026-09-20T16:57:17Z INFO [1148/2401] 7f12b53c-8366-4c3c-a8f9-6e6fbeb64b6a: valid; 2.0 s; peak memory 8884 MiB.
2026-09-20T16:57:19Z INFO [1149/2401] 7f12e85c-5f68-46ba-8b65-ae76868c5762: valid; 2.3 s; peak memory 8884 MiB.
2026-09-20T16:57:21Z INFO [1150/2401] 7f587487-04bc-4967-b677-5fa2460e5539: valid; 2.0 s; peak memory 8884 MiB.
2026-09-20T16:57:21Z INFO [1150/2401] 7f587487-04bc-4967-b677-5fa2460e5539: checkpointed 72010 records.
2026-09-20T16:57:29Z INFO [1151/2401] 7fa7d670-64a8-4e8f-a901-c7480ae40a0c: valid; 7.6 s; peak memory 8884 MiB.
2026-09-20T16:57:30Z INFO [1152/2401] 7fc783ee-9a36-49fc-81ea-543467a3a88c: valid; 1.3 s; peak memory 8884 MiB.
2026-09-20T16:57:55Z INFO [1153/2401] 7fc9cebb-adce-4234-900e-1071dfe5956b: valid; 24.6 s; peak memory 8884 MiB.
2026-09-20T16:57:57Z INFO [1154/2401] 7fde281a-69bf-4a87-a701-a81ac94c3f6c: valid; 2.1 s; peak memory 8884 MiB.
2026-09-20T16:57:59Z INFO [1155/2401] 7fe166ed-715f-413c-ac6b-2d76eb0d11b5: not valid; 1.8 s; peak memory 8884 MiB.
2026-09-20T16:58:00Z INFO [1156/2401] 7ffd721f-47de-4d1a-8195-6a3f91fbc714: valid; 1.4 s; peak memory 8884 MiB.
2026-09-20T16:58:02Z WARNING 801e5dc6-c600-4fe4-9322-be5231bc3e3e: failed while opening the NWB file (ConstructError: (root/acquisition/_iblmic_audioSpectrogram/bands GroupBuilder {'attributes': {'colnames': array(['freq'], dtype=object), 'description': 'spectogram frequencies', 'namespace': 'core', 'neurodata_type': 'FrequencyBandsTable', 'object_id': '60ec77d6-8311-48e6-883e-857e14cb40bd'}, 'groups': {}, 'datasets': {'freq': root/acquisition/_iblmic_audioSpectrogram/bands/freq DatasetBuilder {'attributes': {'description': 'frequency value', 'namespace': 'hdmf-common', 'neurodata_type': 'VectorData', 'object_id': 'dcda5b80-702f-4c13-be57-6edff3c4da35'}, 'data': <HDF5 dataset "freq": shape (257,), type "<f4">}, 'id': root/acquisition/_iblmic_audioSpectrogram/bands/id DatasetBuilder {'attributes': {'namespace': 'hdmf-common', 'neurodata_type': 'ElementIdentifiers', 'object_id': '1e2f4543-c9bc-4e92-b86b-5ca1ca0026e9'}, 'data': <HDF5 dataset "id": shape (257,), type "<i4">}}, 'links': {}}, "Could not construct FrequencyBandsTable object due to: column must have the same number of rows as 'id'"))
2026-09-20T16:58:04Z INFO [1158/2401] 806861ce-b27c-4a27-95e8-fa59f7749882: valid; 1.3 s; peak memory 8884 MiB.
2026-09-20T16:58:21Z INFO [1159/2401] 80783f18-a7da-4af4-8ea3-82a93bdc97ad: valid; 17.7 s; peak memory 8884 MiB.
2026-09-20T16:58:26Z INFO [1160/2401] 807d5838-c6d4-4232-ba6b-92e6a539fa59: not valid; 4.3 s; peak memory 8884 MiB.
2026-09-20T16:58:29Z INFO [1161/2401] 80b1e932-6fcc-44e3-b71a-d6349b5943ba: valid; 2.9 s; peak memory 8884 MiB.
2026-09-20T16:58:35Z INFO [1162/2401] 80d4d095-cb90-497f-bdfc-331bf0c3a526: valid; 6.9 s; peak memory 8884 MiB.
2026-09-20T16:58:38Z INFO [1163/2401] 80e44ee0-6e03-4df9-bd65-e41a9203594a: valid; 2.1 s; peak memory 8884 MiB.
2026-09-20T16:58:40Z INFO [1164/2401] 80e5af35-32f6-4950-90cd-79e2fe4783f3: valid; 2.4 s; peak memory 8884 MiB.
2026-09-20T16:58:42Z INFO [1165/2401] 80ea3de2-1c21-48af-8b0f-5b19899a88df: valid; 2.5 s; peak memory 8884 MiB.
2026-09-20T16:58:44Z INFO [1166/2401] 817b86d1-503f-44f4-baa8-9ece46a85852: valid; 1.3 s; peak memory 8884 MiB.
2026-09-20T16:58:46Z INFO [1167/2401] 818cc160-e4dc-4f42-8bd0-68eba19f01be: valid; 2.4 s; peak memory 8884 MiB.
2026-09-20T16:58:48Z INFO [1168/2401] 81b77fdd-030f-48fd-9b37-f14630adcec2: valid; 1.4 s; peak memory 8884 MiB.
2026-09-20T16:58:49Z INFO [1169/2401] 81cfe6a9-adc2-4f17-96a7-0b5387cc127f: valid; 1.4 s; peak memory 8884 MiB.
2026-09-20T16:58:51Z INFO [1170/2401] 820c1b96-7a97-47db-9b27-fbb917bb48cd: valid; 2.1 s; peak memory 8884 MiB.
2026-09-20T16:58:53Z INFO [1171/2401] 8228ed06-4e85-40c0-b291-4b0141389eb2: valid; 1.6 s; peak memory 8884 MiB.
2026-09-20T16:58:57Z INFO [1172/2401] 822c5a0e-e8d6-497f-ba55-bdc7733e5ed6: valid; 4.8 s; peak memory 8884 MiB.
2026-09-20T16:58:59Z INFO [1173/2401] 826cbd43-00f3-4569-a569-24072a165f60: valid; 2.0 s; peak memory 8884 MiB.
2026-09-20T16:59:01Z INFO [1174/2401] 8279d649-2d8b-4328-94c4-2a4cd7cf7263: valid; 1.4 s; peak memory 8884 MiB.
2026-09-20T16:59:02Z INFO [1175/2401] 827d233a-8027-4ae2-9052-47d9cc9ea82b: valid; 1.3 s; peak memory 8884 MiB.
2026-09-20T16:59:04Z INFO [1176/2401] 82a35f83-0e4c-4e50-be98-a08976ae41d7: valid; 1.4 s; peak memory 8884 MiB.
2026-09-20T16:59:06Z INFO [1177/2401] 82b8e1ed-40e6-4551-86b7-3a768ed70ad8: valid; 2.8 s; peak memory 8884 MiB.
2026-09-20T16:59:10Z INFO [1178/2401] 82c4b65f-b562-4b7c-8180-fa33b4ec2729: not valid; 3.3 s; peak memory 8884 MiB.
2026-09-20T16:59:11Z INFO [1179/2401] 82e1bf9e-19aa-45c5-86ef-3c44ed63c84f: not valid; 1.8 s; peak memory 8884 MiB.
2026-09-20T16:59:13Z INFO [1180/2401] 82f983a5-54d0-4ae2-8875-501718c8c5a5: not valid; 1.6 s; peak memory 8884 MiB.
2026-09-20T16:59:14Z INFO [1181/2401] 8311147a-5256-4395-9949-0a86afaa9d95: valid; 1.3 s; peak memory 8884 MiB.
2026-09-20T16:59:16Z INFO [1182/2401] 838b1b92-5653-4d69-8234-8bb7b8c5a1da: valid; 1.4 s; peak memory 8884 MiB.
2026-09-20T16:59:18Z INFO [1183/2401] 83cd0114-d704-419d-939a-72b782a7bbbb: not valid; 1.7 s; peak memory 8884 MiB.
2026-09-20T16:59:20Z INFO [1184/2401] 83f08369-2d38-49ab-bde0-2f92f734f105: valid; 2.1 s; peak memory 8884 MiB.
2026-09-20T16:59:21Z INFO [1185/2401] 840f5078-05b9-435d-aaad-478a58a049cb: valid; 1.4 s; peak memory 8884 MiB.
2026-09-20T16:59:23Z INFO [1186/2401] 84188291-2dff-40a4-acb3-0be1c47f0bc2: not valid; 1.8 s; peak memory 8884 MiB.
2026-09-20T16:59:24Z INFO [1187/2401] 8433ee37-46ae-4475-ac45-289cabb787f1: valid; 1.5 s; peak memory 8884 MiB.
2026-09-20T16:59:26Z INFO [1188/2401] 84446287-7f28-4e1b-9de3-06ce122b8988: valid; 1.4 s; peak memory 8884 MiB.
2026-09-20T16:59:33Z INFO [1189/2401] 844b40a4-c8d5-48e1-a67c-6bf413315655: valid; 7.5 s; peak memory 8884 MiB.
2026-09-20T16:59:37Z INFO [1190/2401] 845ebb94-f98f-4040-ae06-264e4d463876: valid; 3.7 s; peak memory 8884 MiB.
2026-09-20T16:59:39Z INFO [1191/2401] 84b021f6-385f-4808-a0c7-6852eef4a8fc: valid; 2.0 s; peak memory 8884 MiB.
2026-09-20T16:59:42Z INFO [1192/2401] 84b09da5-261e-47bb-9d60-61022d5e1b94: valid; 2.6 s; peak memory 8884 MiB.
2026-09-20T16:59:44Z INFO [1193/2401] 84cf413e-6573-4342-a517-fa2acc314b6f: valid; 2.3 s; peak memory 8884 MiB.
2026-09-20T16:59:46Z INFO [1194/2401] 85192ea9-a494-4c22-8ca5-6c10e72a5073: not valid; 1.5 s; peak memory 8884 MiB.
2026-09-20T16:59:48Z INFO [1195/2401] 853a5f9b-4df7-4f11-a704-56094e2e3fa1: valid; 2.0 s; peak memory 8884 MiB.
2026-09-20T17:00:00Z INFO [1196/2401] 854824f9-d02d-4560-9818-592f694d6751: valid; 12.6 s; peak memory 8884 MiB.
2026-09-20T17:00:02Z INFO [1197/2401] 85487fc4-78d6-487b-971d-6edc43c3e5d4: valid; 1.6 s; peak memory 8884 MiB.
2026-09-20T17:00:19Z INFO [1198/2401] 85934c12-c8f9-4fe5-941a-63a4f095466f: valid; 17.4 s; peak memory 8884 MiB.
2026-09-20T17:00:22Z INFO [1199/2401] 85a7742e-990a-4443-a4fd-76e64ffdc9ab: valid; 3.1 s; peak memory 8884 MiB.
2026-09-20T17:00:25Z INFO [1200/2401] 85b542b1-a66c-40bc-92bc-9e8d7cc83c01: valid; 2.3 s; peak memory 8884 MiB.
2026-09-20T17:00:25Z INFO [1200/2401] 85b542b1-a66c-40bc-92bc-9e8d7cc83c01: checkpointed 72010 records.
2026-09-20T17:00:40Z INFO [1201/2401] 85b8e700-1a5c-4c00-a20d-f261c1954c86: not valid; 15.5 s; peak memory 8884 MiB.
2026-09-20T17:00:44Z INFO [1202/2401] 85d80bcf-d26a-401f-9563-43c252bf41bb: valid; 3.3 s; peak memory 8884 MiB.
2026-09-20T17:00:45Z INFO [1203/2401] 85da1fda-06a3-4555-85ba-961fc8563995: not valid; 1.2 s; peak memory 8884 MiB.
2026-09-20T17:00:47Z INFO [1204/2401] 86214f74-a059-42bd-8da1-fc849e053d3a: valid; 2.0 s; peak memory 8884 MiB.
2026-09-20T17:00:56Z INFO [1205/2401] 86a7d262-97fa-4e70-babe-f563f4aae405: valid; 9.3 s; peak memory 8884 MiB.
2026-09-20T17:01:10Z INFO [1206/2401] 86c3c825-f337-40d5-91a9-3c68f600f9e2: valid; 13.8 s; peak memory 8884 MiB.
2026-09-20T17:01:12Z INFO [1207/2401] 86e5e078-4998-4b63-97cf-8ae1954f66b1: valid; 2.1 s; peak memory 8884 MiB.
2026-09-20T17:01:14Z INFO [1208/2401] 8704a58c-8a10-4a36-bf14-1024e62270ae: valid; 1.9 s; peak memory 8884 MiB.
2026-09-20T17:01:17Z INFO [1209/2401] 8714fd87-f8b3-4880-8cb1-04605d519ec5: valid; 2.6 s; peak memory 8884 MiB.
2026-09-20T17:01:23Z INFO [1210/2401] 871d4340-cd88-40b3-9b6d-2ed861af2adf: not valid; 6.1 s; peak memory 8884 MiB.
2026-09-20T17:01:24Z INFO [1211/2401] 8744877b-3d08-4648-af1d-ea6167ccaaf1: valid; 1.4 s; peak memory 8884 MiB.
2026-09-20T17:01:28Z INFO [1212/2401] 8773af4a-3837-4b65-b858-27001e93eb96: valid; 3.6 s; peak memory 8884 MiB.
2026-09-20T17:01:30Z WARNING 8774c08d-5d6e-4836-8427-58c8aa152d4a: failed while opening the NWB file (ConstructError: (root/acquisition/_iblmic_audioSpectrogram/bands GroupBuilder {'attributes': {'colnames': array(['freq'], dtype=object), 'description': 'spectogram frequencies', 'namespace': 'core', 'neurodata_type': 'FrequencyBandsTable', 'object_id': '775df63d-ecb7-4f12-aade-c6fe3cfc1378'}, 'groups': {}, 'datasets': {'freq': root/acquisition/_iblmic_audioSpectrogram/bands/freq DatasetBuilder {'attributes': {'description': 'frequency value', 'namespace': 'hdmf-common', 'neurodata_type': 'VectorData', 'object_id': '7f3e7783-1e7c-4733-9fed-9402fd83a02a'}, 'data': <HDF5 dataset "freq": shape (257,), type "<f4">}, 'id': root/acquisition/_iblmic_audioSpectrogram/bands/id DatasetBuilder {'attributes': {'namespace': 'hdmf-common', 'neurodata_type': 'ElementIdentifiers', 'object_id': '963587a2-8fc9-45bc-b9c9-0bf3b668893d'}, 'data': <HDF5 dataset "id": shape (257,), type "<i4">}}, 'links': {}}, "Could not construct FrequencyBandsTable object due to: column must have the same number of rows as 'id'"))
2026-09-20T17:01:42Z INFO [1214/2401] 877948d3-64dc-427b-8057-64a753dc6da9: not valid; 11.9 s; peak memory 8884 MiB.
2026-09-20T17:01:44Z INFO [1215/2401] 87ca0640-4261-4b87-a596-692b25e5bf1e: valid; 2.1 s; peak memory 8884 MiB.
2026-09-20T17:01:46Z INFO [1216/2401] 880300cc-0f32-4f9f-a427-65f2e701d556: valid; 1.8 s; peak memory 8884 MiB.
2026-09-20T17:01:51Z INFO [1217/2401] 8834c349-a4aa-40b5-a932-9b9b7f0ee2bd: valid; 5.7 s; peak memory 8884 MiB.
2026-09-20T17:01:53Z INFO [1218/2401] 886161cd-64c4-4c03-b0b7-7f9d5241abfb: not valid; 1.7 s; peak memory 8884 MiB.
2026-09-20T17:02:09Z INFO [1219/2401] 88676ac3-917e-48a8-ad69-fc63f7207b16: valid; 15.9 s; peak memory 8884 MiB.
2026-09-20T17:02:13Z INFO [1220/2401] 886b9103-a6c6-4602-a53c-bb2fbf4bdf1d: not valid; 4.4 s; peak memory 8884 MiB.
2026-09-20T17:02:15Z INFO [1221/2401] 887a0713-4946-4d4b-a2d0-c6557b849e63: not valid; 1.3 s; peak memory 8884 MiB.
2026-09-20T17:02:18Z INFO [1222/2401] 887e53f5-8766-498e-a71f-f0303f2f53fd: valid; 3.2 s; peak memory 8884 MiB.
2026-09-20T17:02:19Z INFO [1223/2401] 888a8122-20c9-45e1-856d-df03deff40f7: valid; 1.4 s; peak memory 8884 MiB.
2026-09-20T17:02:22Z INFO [1224/2401] 888ba686-3a48-4852-888b-3e275852c4a5: valid; 2.5 s; peak memory 8884 MiB.
2026-09-20T17:02:24Z INFO [1225/2401] 889e1950-a164-4bcd-b1ca-1b8c2b138c3b: not valid; 2.2 s; peak memory 8884 MiB.
2026-09-20T17:02:25Z INFO [1226/2401] 88ab1442-cbb3-4f4f-a436-dd87c7c4af2c: valid; 1.4 s; peak memory 8884 MiB.
2026-09-20T17:02:28Z WARNING 88d764a7-cdc0-4890-8075-7b39183afb29: failed while opening the NWB file (ConstructError: (root/general/optogenetics/PatternedOptogeneticStimulusSite GroupBuilder {'attributes': {'effector': 'GUR-3/PRDX-2', 'namespace': 'ndx-patterned-ogen', 'neurodata_type': 'PatternedOptogeneticStimulusSite', 'object_id': '5d8b8006-1c08-4c47-97e2-d638ee0368a1'}, 'groups': {}, 'datasets': {'description': root/general/optogenetics/PatternedOptogeneticStimulusSite/description DatasetBuilder {'attributes': {}, 'data': 'Scanning'}, 'excitation_lambda': root/general/optogenetics/PatternedOptogeneticStimulusSite/excitation_lambda DatasetBuilder {'attributes': {}, 'data': np.float64(850.0)}, 'location': root/general/optogenetics/PatternedOptogeneticStimulusSite/location DatasetBuilder {'attributes': {}, 'data': 'whole brain'}}, 'links': {'device': root/general/optogenetics/PatternedOptogeneticStimulusSite/device LinkBuilder {'builder': root/general/devices/OptogeneticDevice GroupBuilder {'attributes': {'description': '', 'namespace': 'core', 'neurodata_type': 'Device', 'object_id': 'e3c5a72e-2e6a-475f-863b-16badc9d1581'}, 'groups': {}, 'datasets': {}, 'links': {}}}, 'light_source': root/general/optogenetics/PatternedOptogeneticStimulusSite/light_source LinkBuilder {'builder': root/general/devices/AmplifiedLaser GroupBuilder {'attributes': {'description': 'For two-photon optogenetic targeting, we used an optical parametric amplifier (OPA; Light Conversion ORPHEUS) pumped by a femtosecond amplified laser (Light Conversion PHAROS).', 'filter_description': 'Short pass at 1040 nm', 'manufacturer': 'Light Conversion', 'model': 'ORPHEUS amplifier and PHAROS laser', 'namespace': 'ndx-patterned-ogen', 'neurodata_type': 'LightSource', 'object_id': '48c7ecfb-8964-47bb-90e6-14e59b42a965', 'peak_power_in_W': np.float64(0.0012), 'pulse_rate_in_Hz': np.float64(500000.0), 'stimulation_wavelength_in_nm': np.float64(850.0)}, 'groups': {}, 'datasets': {}, 'links': {}}}}}, "Could not construct PatternedOptogeneticStimulusSite object due to: CustomClassGenerator.set_init.<locals>.__init__: incorrect type for 'spatial_light_modulator' (got 'list', expected 'Device')"))
2026-09-20T17:02:30Z INFO [1228/2401] 891cc296-e65f-4dff-b6bb-3bc1c55c3e36: valid; 1.7 s; peak memory 8884 MiB.
2026-09-20T17:02:32Z INFO [1229/2401] 89862914-c637-49f0-a610-cb7c71521dc2: valid; 1.8 s; peak memory 8884 MiB.
2026-09-20T17:02:34Z WARNING 89bc10f0-90fd-43dd-9db5-3ffcdd59e7e5: failed while opening the NWB file (ConstructError: (root/acquisition/event_code_meanings GroupBuilder {'attributes': {'colnames': array(['value', 'meaning'], dtype=object), 'description': 'Mapping integer event codes to event labels', 'namespace': 'ndx-events', 'neurodata_type': 'MeaningsTable', 'object_id': '2c4b5f05-2586-44d7-9d4e-12387c37647e'}, 'groups': {}, 'datasets': {'id': root/acquisition/event_code_meanings/id DatasetBuilder {'attributes': {'namespace': 'hdmf-common', 'neurodata_type': 'ElementIdentifiers', 'object_id': '12cc62f0-eace-4ee0-a13f-cfd883785602'}, 'data': <HDF5 dataset "id": shape (26,), type "<i8">}, 'meaning': root/acquisition/event_code_meanings/meaning DatasetBuilder {'attributes': {'description': 'The meaning of the value in the parent CategoricalVectorData object.', 'namespace': 'hdmf-experimental', 'neurodata_type': 'VectorData', 'object_id': 'cb763434-f5ed-403a-bf19-559d1268724c'}, 'data': <StrDataset for HDF5 dataset "meaning": shape (26,), type "|O">}, 'value': root/acquisition/event_code_meanings/value DatasetBuilder {'attributes': {'description': 'The value of the parent CategoricalVectorData object.', 'namespace': 'hdmf-experimental', 'neurodata_type': 'VectorData', 'object_id': 'd78fe22b-cbe7-445c-bad3-67d2b96d7414'}, 'data': <HDF5 dataset "value": shape (26,), type "<i8">}}, 'links': {}}, "Could not construct MeaningsTable object due to: MeaningsTable.__init__: missing argument 'target'"))
2026-09-20T17:02:38Z INFO [1231/2401] 89f821c5-5221-4449-95c6-dda849cb7c1c: valid; 4.6 s; peak memory 8884 MiB.
2026-09-20T17:02:39Z INFO [1232/2401] 8a1dffdf-5817-48c4-927c-5b4afd7cb810: valid; 1.3 s; peak memory 8884 MiB.
2026-09-20T17:02:44Z INFO [1233/2401] 8a316557-f2a7-46db-a838-7e4be6d05215: valid; 4.5 s; peak memory 8884 MiB.
2026-09-20T17:02:46Z INFO [1234/2401] 8a374390-578f-42ef-aa73-ebcd437ff646: valid; 2.3 s; peak memory 8884 MiB.
2026-09-20T17:02:48Z INFO [1235/2401] 8a4f679c-9502-4724-9feb-67bb03325fee: valid; 2.1 s; peak memory 8884 MiB.
2026-09-20T17:02:48Z WARNING 8a548635-a6d3-4f91-bf00-d8215ee712d0: failed while retrieving asset information from the DANDI API (NotFoundError: No such Dandiset: 000561)
2026-09-20T17:03:02Z INFO [1237/2401] 8a5c446a-bcce-40f5-b703-298a80d335b2: valid; 13.4 s; peak memory 8884 MiB.
2026-09-20T17:03:04Z INFO [1238/2401] 8a5e2044-1a90-40a0-a569-c8f255b2ad99: not valid; 2.0 s; peak memory 8884 MiB.
2026-09-20T17:03:06Z INFO [1239/2401] 8a652811-06f5-4e48-a32e-a5e9e25f35b5: valid; 2.1 s; peak memory 8884 MiB.
2026-09-20T17:03:07Z INFO [1240/2401] 8a7426ac-03e2-455d-b81c-4dcde4fa7db2: not valid; 1.5 s; peak memory 8884 MiB.
2026-09-20T17:03:09Z INFO [1241/2401] 8a76adcc-482d-425f-9fe0-076cd316d894: not valid; 1.3 s; peak memory 8884 MiB.
2026-09-20T17:03:10Z INFO [1242/2401] 8a9b19ab-bbab-4527-b465-4bf9af4db115: not valid; 1.3 s; peak memory 8884 MiB.
2026-09-20T17:03:44Z INFO [1243/2401] 8aa8f917-9794-4340-ae6d-e49759f5f184: not valid; 33.7 s; peak memory 8884 MiB.
2026-09-20T17:03:46Z INFO [1244/2401] 8ae6f68e-9a09-4f80-9b69-a3fefd2839b0: valid; 2.5 s; peak memory 8884 MiB.
2026-09-20T17:03:49Z INFO [1245/2401] 8b0e2385-2f17-4b11-bf90-7e6b4af95454: valid; 2.3 s; peak memory 8884 MiB.
2026-09-20T17:03:51Z INFO [1246/2401] 8b15b9cc-02b6-442a-9636-b478d6374fff: not valid; 2.3 s; peak memory 8884 MiB.
2026-09-20T17:03:52Z INFO [1247/2401] 8b34810f-85d9-4316-a476-9cebc2d49f86: valid; 1.4 s; peak memory 8884 MiB.
2026-09-20T17:04:06Z INFO [1248/2401] 8b405630-0c3f-4da0-be9f-73d2436c99ae: not valid; 13.8 s; peak memory 8884 MiB.
2026-09-20T17:04:08Z INFO [1249/2401] 8b50c10c-777c-42bb-a72e-1e362e0b882d: not valid; 1.7 s; peak memory 8884 MiB.
2026-09-20T17:04:17Z INFO [1250/2401] 8b511789-bbdc-44c8-9cd7-956b0408bf67: valid; 8.8 s; peak memory 8884 MiB.
2026-09-20T17:04:17Z INFO [1250/2401] 8b511789-bbdc-44c8-9cd7-956b0408bf67: checkpointed 72010 records.
2026-09-20T17:04:48Z INFO [1251/2401] 8b55cdc8-c982-4792-8547-c8c013ad23c1: valid; 30.8 s; peak memory 8884 MiB.
2026-09-20T17:04:50Z INFO [1252/2401] 8b6f7318-9df2-4832-8ed3-9cbdc75322b4: not valid; 2.1 s; peak memory 8884 MiB.
2026-09-20T17:04:52Z INFO [1253/2401] 8b931705-c205-499e-a86a-0fd836af3963: valid; 2.3 s; peak memory 8884 MiB.
2026-09-20T17:05:00Z INFO [1254/2401] 8bbbf460-3b42-4eee-8e43-a0798d09e7b1: not valid; 7.6 s; peak memory 8884 MiB.
2026-09-20T17:05:02Z INFO [1255/2401] 8bc79d7c-95c1-4c17-8043-bdfb0c85aff6: valid; 2.4 s; peak memory 8884 MiB.
2026-09-20T17:05:07Z INFO [1256/2401] 8bceaaa1-850e-43dc-a139-d3d4929520b3: not valid; 4.8 s; peak memory 8884 MiB.
2026-09-20T17:05:20Z INFO [1257/2401] 8be0ab82-5ac0-4f50-b85e-c13c79878070: valid; 13.5 s; peak memory 8884 MiB.
2026-09-20T17:05:23Z INFO [1258/2401] 8be8209e-6b74-4a53-b764-f96480eb215e: not valid; 2.2 s; peak memory 8884 MiB.
2026-09-20T17:05:24Z INFO [1259/2401] 8bebe5c1-e37e-4878-9b49-2b423ec2785e: valid; 1.6 s; peak memory 8884 MiB.
2026-09-20T17:05:26Z INFO [1260/2401] 8c103e4b-7ca1-4009-bc05-0b22192b41c1: valid; 1.4 s; peak memory 8884 MiB.
2026-09-20T17:05:27Z INFO [1261/2401] 8c2be0a4-2a13-4f1a-befd-1f6d7b9dfe0f: valid; 1.4 s; peak memory 8884 MiB.
2026-09-20T17:05:41Z INFO [1262/2401] 8c33286b-4df6-46da-91d2-a6c12f145bb7: valid; 14.2 s; peak memory 8884 MiB.
2026-09-20T17:05:43Z INFO [1263/2401] 8c435008-4e60-4e2b-b3ee-9b3d64a96a85: valid; 1.7 s; peak memory 8884 MiB.
2026-09-20T17:05:45Z INFO [1264/2401] 8c4e2509-68e1-467a-8920-d53bfd88bea6: valid; 2.2 s; peak memory 8884 MiB.
2026-09-20T17:05:48Z INFO [1265/2401] 8c4f86de-8e82-4ee6-a013-81f3af680867: valid; 2.3 s; peak memory 8884 MiB.
2026-09-20T17:05:50Z INFO [1266/2401] 8c67681c-44c7-4bc1-a58a-fafc427330a7: valid; 3.0 s; peak memory 8884 MiB.
2026-09-20T17:05:52Z INFO [1267/2401] 8c6b18fe-634e-4ba3-ae39-d9765257b7e6: valid; 1.6 s; peak memory 8884 MiB.
2026-09-20T17:05:54Z WARNING 8c98922c-e06d-4c9f-a21a-041278a27827: failed while opening the NWB file (ConstructError: (root/acquisition/_iblmic_audioSpectrogram/bands GroupBuilder {'attributes': {'colnames': array(['freq'], dtype=object), 'description': 'spectogram frequencies', 'namespace': 'core', 'neurodata_type': 'FrequencyBandsTable', 'object_id': 'f0822212-21e0-4559-92cf-a46965fe5efb'}, 'groups': {}, 'datasets': {'freq': root/acquisition/_iblmic_audioSpectrogram/bands/freq DatasetBuilder {'attributes': {'description': 'frequency value', 'namespace': 'hdmf-common', 'neurodata_type': 'VectorData', 'object_id': 'd905de29-f3ee-4b3a-a311-5626bea172c2'}, 'data': <HDF5 dataset "freq": shape (257,), type "<f4">}, 'id': root/acquisition/_iblmic_audioSpectrogram/bands/id DatasetBuilder {'attributes': {'namespace': 'hdmf-common', 'neurodata_type': 'ElementIdentifiers', 'object_id': 'bf28a510-b2c1-46da-82ea-4c10eb7398f7'}, 'data': <HDF5 dataset "id": shape (257,), type "<i4">}}, 'links': {}}, "Could not construct FrequencyBandsTable object due to: column must have the same number of rows as 'id'"))
2026-09-20T17:05:58Z INFO [1269/2401] 8ccebd0f-0d46-4677-ba1c-2f3304624971: valid; 3.6 s; peak memory 8884 MiB.
2026-09-20T17:05:59Z INFO [1270/2401] 8ccfa00e-2c3d-4a73-9027-cd7934711e3d: valid; 1.4 s; peak memory 8884 MiB.
2026-09-20T17:06:01Z INFO [1271/2401] 8d0a617e-c94a-46d7-8fc7-7dbdbe1ba7d3: valid; 1.9 s; peak memory 8884 MiB.
2026-09-20T17:06:04Z INFO [1272/2401] 8d1d6061-3d8d-4d8c-9c68-c14f000346f6: valid; 2.8 s; peak memory 8884 MiB.
2026-09-20T17:06:08Z INFO [1273/2401] 8d4e15f1-008b-4fbf-8fcf-2046b146f767: valid; 4.4 s; peak memory 8884 MiB.
2026-09-20T17:06:10Z INFO [1274/2401] 8d5af5fd-e05b-4e9d-9b72-d75ca9417aeb: valid; 1.5 s; peak memory 8884 MiB.
2026-09-20T17:06:12Z INFO [1275/2401] 8d65a74f-dc73-42a0-abc2-ac69451cbcc8: not valid; 1.7 s; peak memory 8884 MiB.
2026-09-20T17:06:15Z INFO [1276/2401] 8da43888-5922-404b-9bbf-5f28e413d477: valid; 3.1 s; peak memory 8884 MiB.
2026-09-20T17:06:16Z INFO [1277/2401] 8dc2acfc-c4c7-4c0b-a6e1-73c0848ca71d: not valid; 1.6 s; peak memory 8884 MiB.
2026-09-20T17:06:18Z INFO [1278/2401] 8dd12105-553e-40ad-9f3f-ebcc707e7012: valid; 2.2 s; peak memory 8884 MiB.
2026-09-20T17:06:20Z INFO [1279/2401] 8dd1a0f3-7960-4abf-89ed-4414d7cc2489: valid; 1.6 s; peak memory 8884 MiB.
2026-09-20T17:06:22Z INFO [1280/2401] 8ddea846-77dd-4cc7-97ff-cc8d0bf62230: valid; 2.0 s; peak memory 8884 MiB.
2026-09-20T17:06:23Z INFO [1281/2401] 8e0693a7-b077-4e73-aea0-9d59de1505b7: valid; 1.3 s; peak memory 8884 MiB.
2026-09-20T17:06:31Z INFO [1282/2401] 8e24513d-f313-4d00-baf9-68268e4d617a: valid; 7.6 s; peak memory 8884 MiB.
2026-09-20T17:06:33Z INFO [1283/2401] 8e2b8b7f-740a-4756-aa85-3e0b706f8924: not valid; 2.2 s; peak memory 8884 MiB.
2026-09-20T17:06:46Z INFO [1284/2401] 8e356737-897d-4d15-88dd-43bbe100c476: valid; 12.6 s; peak memory 8884 MiB.
2026-09-20T17:06:47Z INFO [1285/2401] 8e37fd4e-a45b-45a0-ac05-ef2e50de55a2: valid; 1.5 s; peak memory 8884 MiB.
2026-09-20T17:06:50Z INFO [1286/2401] 8e4cec90-26d4-48e2-9ae8-00c2c4c53f73: valid; 2.7 s; peak memory 8884 MiB.
2026-09-20T17:06:52Z INFO [1287/2401] 8e5c28d7-fc0a-432d-a0b6-ed5a1e7e20f0: not valid; 1.9 s; peak memory 8884 MiB.
2026-09-20T17:06:53Z INFO [1288/2401] 8e64a2dd-ed39-468e-9162-3a5643e298c3: valid; 1.5 s; peak memory 8884 MiB.
2026-09-20T17:06:55Z INFO [1289/2401] 8e6931a5-79e7-4e76-aef9-a5bdd43df61e: valid; 1.3 s; peak memory 8884 MiB.
2026-09-20T17:06:58Z INFO [1290/2401] 8e8d35cc-9ebc-4f4c-a02d-06f5c8494418: valid; 3.0 s; peak memory 8884 MiB.
2026-09-20T17:07:02Z INFO [1291/2401] 8e90077e-e755-4110-87eb-ba00a1a4b8df: not valid; 4.7 s; peak memory 8884 MiB.
2026-09-20T17:07:04Z INFO [1292/2401] 8e9259c9-716e-4222-ac6e-5cb256c87b32: valid; 1.4 s; peak memory 8884 MiB.
2026-09-20T17:07:06Z INFO [1293/2401] 8eaae95c-5645-4581-b08f-14bfe62a2fb0: valid; 2.5 s; peak memory 8884 MiB.
2026-09-20T17:07:07Z INFO [1294/2401] 8ebaf201-253e-4b8c-a7a9-f23d93f42e5d: valid; 1.2 s; peak memory 8884 MiB.
2026-09-20T17:07:11Z INFO [1295/2401] 8ebf220e-dab5-4951-980b-1b95182c9ad4: not valid; 3.5 s; peak memory 8884 MiB.
2026-09-20T17:07:12Z INFO [1296/2401] 8ec17dd1-1950-4b80-afb2-e37d2aeeeb54: valid; 1.4 s; peak memory 8884 MiB.
2026-09-20T17:07:14Z INFO [1297/2401] 8ecc32d0-72b4-4245-8e6c-af58a0ce7e57: valid; 1.5 s; peak memory 8884 MiB.
2026-09-20T17:07:16Z WARNING 8ee6d2da-c701-41ed-8f7a-c889f1a3bbd0: failed while opening the NWB file (ConstructError: (root/acquisition/event_code_meanings GroupBuilder {'attributes': {'colnames': array(['value', 'meaning'], dtype=object), 'description': 'Mapping integer event codes to event labels', 'namespace': 'ndx-events', 'neurodata_type': 'MeaningsTable', 'object_id': '75e64bd4-149f-4db1-bfd8-1443a4d622ec'}, 'groups': {}, 'datasets': {'id': root/acquisition/event_code_meanings/id DatasetBuilder {'attributes': {'namespace': 'hdmf-common', 'neurodata_type': 'ElementIdentifiers', 'object_id': '166e44ac-d39f-400b-9f66-dfb7dde02987'}, 'data': <HDF5 dataset "id": shape (26,), type "<i8">}, 'meaning': root/acquisition/event_code_meanings/meaning DatasetBuilder {'attributes': {'description': 'The meaning of the value in the parent CategoricalVectorData object.', 'namespace': 'hdmf-experimental', 'neurodata_type': 'VectorData', 'object_id': '9610fef8-13d1-4bae-b599-de842b977d9b'}, 'data': <StrDataset for HDF5 dataset "meaning": shape (26,), type "|O">}, 'value': root/acquisition/event_code_meanings/value DatasetBuilder {'attributes': {'description': 'The value of the parent CategoricalVectorData object.', 'namespace': 'hdmf-experimental', 'neurodata_type': 'VectorData', 'object_id': 'cd533ff6-6628-4c09-b76a-1461e21465c6'}, 'data': <HDF5 dataset "value": shape (26,), type "<i8">}}, 'links': {}}, "Could not construct MeaningsTable object due to: MeaningsTable.__init__: missing argument 'target'"))
2026-09-20T17:07:19Z INFO [1299/2401] 8eeb9f59-e770-4e9c-aa98-c7790ce5b489: valid; 3.5 s; peak memory 8884 MiB.
2026-09-20T17:07:21Z INFO [1300/2401] 8efd0f7d-da41-4a67-a49d-7e792650038b: not valid; 1.7 s; peak memory 8884 MiB.
2026-09-20T17:07:22Z INFO [1300/2401] 8efd0f7d-da41-4a67-a49d-7e792650038b: checkpointed 72010 records.
2026-09-20T17:07:24Z INFO [1301/2401] 8f3db3dc-21db-4f43-becd-4724202008e8: valid; 2.2 s; peak memory 8884 MiB.
2026-09-20T17:07:25Z INFO [1302/2401] 8f4ceeb6-f7ae-4d9e-a260-3c9a280c6623: valid; 1.4 s; peak memory 8884 MiB.
2026-09-20T17:07:27Z INFO [1303/2401] 8f5056aa-6db5-4ac3-81f5-79273bd32d4f: valid; 2.2 s; peak memory 8884 MiB.
2026-09-20T17:07:30Z INFO [1304/2401] 8f52d7fb-0b72-4306-a7c4-eb456eaa4590: valid; 2.2 s; peak memory 8884 MiB.
2026-09-20T17:07:32Z INFO [1305/2401] 8f63d37b-b872-4cef-b8e3-5e38a9f93506: valid; 2.2 s; peak memory 8884 MiB.
2026-09-20T17:07:40Z INFO [1306/2401] 8f6acf62-b7e9-41c5-bdfe-93fbc2e56f63: valid; 7.9 s; peak memory 8884 MiB.
2026-09-20T17:07:41Z INFO [1307/2401] 8f8077c2-b052-4106-85eb-c5d884cefd23: not valid; 1.5 s; peak memory 8884 MiB.
2026-09-20T17:07:43Z INFO [1308/2401] 8f90c99a-3d94-47d7-b9e3-6a852143b067: not valid; 1.9 s; peak memory 8884 MiB.
2026-09-20T17:07:56Z INFO [1309/2401] 8fa6e27b-c352-4927-8ac7-ab773dd31c48: valid; 12.5 s; peak memory 8884 MiB.
2026-09-20T17:07:57Z INFO [1310/2401] 8fbbc22c-9238-4512-b0f4-6c97d8bbe9b5: valid; 1.4 s; peak memory 8884 MiB.
2026-09-20T17:07:59Z INFO [1311/2401] 8fbe265b-fa8f-46bd-8c75-1ce722b7861f: not valid; 1.9 s; peak memory 8884 MiB.
2026-09-20T17:08:01Z INFO [1312/2401] 8fd9d311-53b1-4ded-b166-733d8726cc27: valid; 2.1 s; peak memory 8884 MiB.
2026-09-20T17:08:02Z INFO [1313/2401] 8fe5a268-6714-4908-a46c-b3948545f757: valid; 1.5 s; peak memory 8884 MiB.
2026-09-20T17:08:05Z INFO [1314/2401] 90291a7a-5ee5-44bb-ba6f-b031fab9e146: valid; 2.9 s; peak memory 8884 MiB.
2026-09-20T17:08:07Z INFO [1315/2401] 904c0ef1-0b05-4eca-a5bc-3a0abceedb33: valid; 1.5 s; peak memory 8884 MiB.
2026-09-20T17:08:09Z INFO [1316/2401] 904c23af-fb15-4429-b068-6daaa48c830e: valid; 2.1 s; peak memory 8884 MiB.
2026-09-20T17:08:10Z INFO [1317/2401] 908697eb-3ef3-4906-b3be-633530b73eea: valid; 1.6 s; peak memory 8884 MiB.
2026-09-20T17:08:12Z INFO [1318/2401] 90a713d5-7c92-4cfd-a82d-bfa046614508: not valid; 1.9 s; peak memory 8884 MiB.
2026-09-20T17:08:25Z INFO [1319/2401] 9119c863-4469-45ed-9de3-e569f109b112: valid; 13.1 s; peak memory 8884 MiB.
2026-09-20T17:08:27Z INFO [1320/2401] 911cf791-a5b8-42b8-ab00-63209023ad30: valid; 2.0 s; peak memory 8884 MiB.
2026-09-20T17:08:29Z WARNING 9135f457-ad23-4dd6-818a-c80fb681e53f: failed while opening the NWB file (ConstructError: (root/acquisition/_iblmic_audioSpectrogram/bands GroupBuilder {'attributes': {'colnames': array(['freq'], dtype=object), 'description': 'spectogram frequencies', 'namespace': 'core', 'neurodata_type': 'FrequencyBandsTable', 'object_id': '3b6c5e59-491b-43d1-9d76-553b9b1580dd'}, 'groups': {}, 'datasets': {'freq': root/acquisition/_iblmic_audioSpectrogram/bands/freq DatasetBuilder {'attributes': {'description': 'frequency value', 'namespace': 'hdmf-common', 'neurodata_type': 'VectorData', 'object_id': '7df8a348-1baa-4b14-9f89-1a6888ae7e69'}, 'data': <HDF5 dataset "freq": shape (257,), type "<f4">}, 'id': root/acquisition/_iblmic_audioSpectrogram/bands/id DatasetBuilder {'attributes': {'namespace': 'hdmf-common', 'neurodata_type': 'ElementIdentifiers', 'object_id': 'cca15bb9-81b9-4b81-85e0-101ecc2157b2'}, 'data': <HDF5 dataset "id": shape (257,), type "<i4">}}, 'links': {}}, "Could not construct FrequencyBandsTable object due to: column must have the same number of rows as 'id'"))
2026-09-20T17:08:30Z INFO [1322/2401] 9138c47b-d1cc-49ab-9405-7922e9c36422: valid; 1.1 s; peak memory 8884 MiB.
2026-09-20T17:08:33Z INFO [1323/2401] 913c3871-2ebc-482a-b634-7a0e377cb21a: valid; 2.3 s; peak memory 8884 MiB.
2026-09-20T17:08:35Z INFO [1324/2401] 91590589-bc02-416d-9f4b-38aacc77fd4f: valid; 2.5 s; peak memory 8884 MiB.
2026-09-20T17:08:37Z INFO [1325/2401] 9176d24d-358c-46b7-8666-b590bc158de7: valid; 1.4 s; peak memory 8884 MiB.
2026-09-20T17:08:38Z INFO [1326/2401] 91a18fb4-1256-4f30-9cef-7a817ffdfbd4: not valid; 1.6 s; peak memory 8884 MiB.
2026-09-20T17:08:41Z INFO [1327/2401] 91b12943-4bee-4d5e-87a5-4e5199d8f757: not valid; 2.7 s; peak memory 8884 MiB.
2026-09-20T17:10:02Z INFO [1328/2401] 91c042ed-b881-457f-8456-3e30554a9a60: valid; 80.9 s; peak memory 8884 MiB.
2026-09-20T17:10:04Z INFO [1329/2401] 91c19a0a-7120-43da-981b-7a8ff74c43c8: valid; 1.8 s; peak memory 8884 MiB.
2026-09-20T17:10:05Z INFO [1330/2401] 91c8b162-a15e-447f-b353-cf36e408a836: valid; 1.4 s; peak memory 8884 MiB.
2026-09-20T17:10:06Z INFO [1331/2401] 91d2054f-15a1-4462-bab8-2a10fd66b098: valid; 1.4 s; peak memory 8884 MiB.
2026-09-20T17:10:08Z INFO [1332/2401] 91e0420a-969a-4163-8cb3-57390a4ec572: valid; 1.2 s; peak memory 8884 MiB.
2026-09-20T17:10:09Z INFO [1333/2401] 923ea4e2-0f37-42e8-980f-9cf00facb5a4: not valid; 1.6 s; peak memory 8884 MiB.
2026-09-20T17:10:11Z INFO [1334/2401] 92530fac-93f9-477e-b664-446d799f6a9f: valid; 2.2 s; peak memory 8884 MiB.
2026-09-20T17:10:13Z INFO [1335/2401] 9253a263-ccd3-4974-b521-cbc3055038a5: valid; 1.3 s; peak memory 8884 MiB.
2026-09-20T17:10:14Z INFO [1336/2401] 92603efc-baa5-4e38-88a0-17e76f61928f: valid; 1.5 s; peak memory 8884 MiB.
2026-09-20T17:10:16Z INFO [1337/2401] 9261212c-6bb0-4fbe-85c0-f99260209e6a: not valid; 2.0 s; peak memory 8884 MiB.
2026-09-20T17:10:18Z INFO [1338/2401] 92883040-851a-47e5-9c48-7a1b8d23bd6c: valid; 2.0 s; peak memory 8884 MiB.
2026-09-20T17:10:22Z INFO [1339/2401] 929377e9-e223-4aa6-8df0-612cf23ed3e6: valid; 3.3 s; peak memory 8884 MiB.
2026-09-20T17:10:31Z INFO [1340/2401] 92f53033-5500-4c4b-aa1d-4ebcf58b331f: valid; 9.4 s; peak memory 8884 MiB.
2026-09-20T17:10:34Z INFO [1341/2401] 9305f4b8-00a7-4b21-9bd7-d551fbc23949: valid; 2.9 s; peak memory 8884 MiB.
2026-09-20T17:10:37Z INFO [1342/2401] 937df68f-ef71-4162-bcd5-895bba757393: valid; 2.8 s; peak memory 8884 MiB.
2026-09-20T17:10:38Z INFO [1343/2401] 9382165f-43eb-445a-9f72-8bc5f1876ed3: valid; 1.3 s; peak memory 8884 MiB.
2026-09-20T17:10:41Z INFO [1344/2401] 938e83bb-0610-4471-9710-00f51ed99e95: valid; 3.1 s; peak memory 8884 MiB.
2026-09-20T17:10:42Z INFO [1345/2401] 939e55c8-cafb-40de-9b77-9416f0baae50: valid; 1.3 s; peak memory 8884 MiB.
2026-09-20T17:10:47Z INFO [1346/2401] 939fa890-d907-4d5e-aac6-c193831e0c74: valid; 4.6 s; peak memory 8884 MiB.
2026-09-20T17:10:50Z INFO [1347/2401] 93a1c394-3a3b-4bae-8f1c-7f7360d70e58: valid; 3.1 s; peak memory 8884 MiB.
2026-09-20T17:10:52Z INFO [1348/2401] 93bde38f-e294-4010-b3a9-72b12b40363d: valid; 2.2 s; peak memory 8884 MiB.
2026-09-20T17:10:54Z INFO [1349/2401] 93c04025-5966-4572-8666-104ce12be431: valid; 1.3 s; peak memory 8884 MiB.
2026-09-20T17:10:57Z INFO [1350/2401] 93edecdb-14aa-4802-8e22-79d009cb327f: valid; 3.0 s; peak memory 8884 MiB.
2026-09-20T17:10:57Z INFO [1350/2401] 93edecdb-14aa-4802-8e22-79d009cb327f: checkpointed 72010 records.
2026-09-20T17:10:57Z WARNING 9419a633-66f3-4bbb-aec0-afd1469b3c93: failed while retrieving asset information from the DANDI API (NotFoundError: No asset at path 'sub-parkinson-simulated-beta/sub-parkinson-simulated-beta_ses-1387_ecephys.nwb' in version 0.250327.2220. Verify the path is correct and the asset exists in this version. Use 'dandi ls' to list available assets.)
2026-09-20T17:11:00Z INFO [1352/2401] 945df762-c84d-4175-a67a-4ae91ca8a580: valid; 3.1 s; peak memory 8884 MiB.
2026-09-20T17:11:03Z INFO [1353/2401] 94731857-626a-45a9-bedb-09f467657c4f: valid; 3.1 s; peak memory 8884 MiB.
2026-09-20T17:11:05Z INFO [1354/2401] 948fa407-b033-45d6-9ce9-621c8511f5a2: valid; 1.5 s; peak memory 8884 MiB.
2026-09-20T17:11:25Z INFO [1355/2401] 949fe1ab-896a-480a-8911-68f29459912c: valid; 20.4 s; peak memory 8884 MiB.
2026-09-20T17:11:27Z INFO [1356/2401] 94a1a8bb-df86-4678-be9d-56e7e2e0bd3f: not valid; 1.8 s; peak memory 8884 MiB.
2026-09-20T17:11:28Z INFO [1357/2401] 94aa86b5-ee46-4822-bcc1-8f43a3ab29d4: valid; 1.2 s; peak memory 8884 MiB.
2026-09-20T17:11:31Z INFO [1358/2401] 94c27ae5-5ab0-434b-b851-7baccd0aadda: valid; 2.7 s; peak memory 8884 MiB.
2026-09-20T17:11:32Z INFO [1359/2401] 94e9d502-75d1-4e26-914a-6b4ad1a1383b: valid; 1.4 s; peak memory 8884 MiB.
2026-09-20T17:11:34Z INFO [1360/2401] 94fb5e6c-3c15-4355-b393-c7d11a44c251: not valid; 1.7 s; peak memory 8884 MiB.
2026-09-20T17:11:36Z INFO [1361/2401] 9515bf22-1f1c-4589-a1d4-62ed926a8b9b: valid; 2.2 s; peak memory 8884 MiB.
2026-09-20T17:11:50Z INFO [1362/2401] 95265f52-1142-4b8b-8643-eda46bd81956: valid; 14.2 s; peak memory 8884 MiB.
2026-09-20T17:11:58Z INFO [1363/2401] 952c384a-be08-44bf-98fa-2c47a0d9f707: valid; 7.3 s; peak memory 8884 MiB.
2026-09-20T17:12:00Z INFO [1364/2401] 95772244-7fcd-4987-a47a-d948b6361be2: valid; 1.9 s; peak memory 8884 MiB.
2026-09-20T17:12:01Z INFO [1365/2401] 95928d5d-7781-4b87-8e47-f0676aac3e29: valid; 1.4 s; peak memory 8884 MiB.
2026-09-20T17:12:05Z INFO [1366/2401] 959d38ce-1b54-4dc5-9c6b-f211bf88d9db: valid; 4.4 s; peak memory 8884 MiB.
2026-09-20T17:12:07Z INFO [1367/2401] 96017d2f-215f-42fa-a2fc-983545bef214: valid; 2.0 s; peak memory 8884 MiB.
2026-09-20T17:12:21Z INFO [1368/2401] 960b3c3e-421b-4105-9132-2057f99e9fdd: not valid; 13.7 s; peak memory 8884 MiB.
2026-09-20T17:12:23Z INFO [1369/2401] 960da1a0-bae0-4fe3-a5c8-8db91b5d22d5: valid; 1.9 s; peak memory 8884 MiB.
2026-09-20T17:12:25Z INFO [1370/2401] 961a01e6-a285-43e6-b917-965ae6d83b46: not valid; 1.6 s; peak memory 8884 MiB.
2026-09-20T17:12:26Z INFO [1371/2401] 962d3006-a321-4af9-b42f-00d0adcb9a33: not valid; 1.4 s; peak memory 8884 MiB.
2026-09-20T17:12:28Z INFO [1372/2401] 962e0a08-5623-4425-b311-10539ad05c0c: valid; 2.0 s; peak memory 8884 MiB.
2026-09-20T17:12:31Z INFO [1373/2401] 9648f1bc-a6c6-4741-aff4-b238c295a43f: valid; 2.7 s; peak memory 8884 MiB.
2026-09-20T17:12:33Z INFO [1374/2401] 9656e7cc-cbdd-4a29-b64c-aea645da1a25: valid; 2.0 s; peak memory 8884 MiB.
2026-09-20T17:12:35Z INFO [1375/2401] 965c2cb5-e1e2-4ff3-9f95-ca9bf3d5d7ed: valid; 2.0 s; peak memory 8884 MiB.
2026-09-20T17:12:44Z INFO [1376/2401] 9663f16a-d5c8-4f6d-9033-c022422ff221: valid; 8.8 s; peak memory 8884 MiB.
2026-09-20T17:12:46Z INFO [1377/2401] 967b7afe-a2d8-4ad0-99d8-566c4b7f68e8: valid; 2.6 s; peak memory 8884 MiB.
2026-09-20T17:12:49Z INFO [1378/2401] 967c4691-5831-40d7-baa1-7e376cf6b57f: valid; 2.4 s; peak memory 8884 MiB.
2026-09-20T17:13:09Z INFO [1379/2401] 9684f499-8226-4c07-a9a1-de9260c14f3d: valid; 19.9 s; peak memory 8884 MiB.
2026-09-20T17:13:31Z INFO [1380/2401] 969207c8-7f52-4679-93af-c75b30224dcc: valid; 22.8 s; peak memory 8884 MiB.
2026-09-20T17:13:33Z INFO [1381/2401] 969dd095-e3df-4b61-8c3c-0faf17a0eeb6: valid; 1.4 s; peak memory 8884 MiB.
2026-09-20T17:13:35Z INFO [1382/2401] 96c1f974-f315-4c83-a84c-f32a305f99c4: not valid; 2.2 s; peak memory 8884 MiB.
2026-09-20T17:13:38Z INFO [1383/2401] 96c528d2-614e-4c70-940c-900053db3028: valid; 2.8 s; peak memory 8884 MiB.
2026-09-20T17:13:40Z INFO [1384/2401] 970c8e27-2f6e-4807-8fa8-3aa182765a19: valid; 2.2 s; peak memory 8884 MiB.
2026-09-20T17:13:42Z INFO [1385/2401] 970d1032-921d-4ea0-9374-fda170257656: valid; 2.1 s; peak memory 8884 MiB.
2026-09-20T17:13:44Z INFO [1386/2401] 973120f4-f43e-4224-9a2e-31cb0f4c7f20: valid; 2.2 s; peak memory 8884 MiB.
2026-09-20T17:13:44Z WARNING 97453b9e-4f24-4348-bae9-2653c68a7497: failed while retrieving asset information from the DANDI API (NotFoundError: No asset at path 'sub-MS22/sub-MS22_ses-Peter-MS22-180712-102504-concat_behavior+ecephys.nwb' in version 0.250624.0444. Verify the path is correct and the asset exists in this version. Use 'dandi ls' to list available assets.)
2026-09-20T17:13:46Z INFO [1388/2401] 9772e46e-59f8-43bf-9cac-2c098d4db1c2: not valid; 1.6 s; peak memory 8884 MiB.
2026-09-20T17:13:47Z INFO [1389/2401] 977c7a05-07d9-4bfb-b655-ebb4a2c165cb: valid; 1.3 s; peak memory 8884 MiB.
2026-09-20T17:13:49Z INFO [1390/2401] 97a96957-7cac-4bb8-bf6e-7f5a94355a3d: not valid; 2.1 s; peak memory 8884 MiB.
2026-09-20T17:13:51Z INFO [1391/2401] 9801d07b-d545-49eb-b5f8-fb35ca494910: valid; 1.8 s; peak memory 8884 MiB.
2026-09-20T17:13:53Z INFO [1392/2401] 980c3c58-6228-4ec9-8c13-34788f2f3234: valid; 1.4 s; peak memory 8884 MiB.
2026-09-20T17:13:56Z INFO [1393/2401] 981c78bb-db1d-47df-8265-6c05bdfc5d64: valid; 3.0 s; peak memory 8884 MiB.
2026-09-20T17:14:15Z INFO [1394/2401] 9839ae35-1111-45c2-9390-2d1a2441bc34: valid; 19.0 s; peak memory 8884 MiB.
2026-09-20T17:14:16Z INFO [1395/2401] 983b3ef9-c76f-45e7-9eed-61d0e69cd997: not valid; 1.5 s; peak memory 8884 MiB.
2026-09-20T17:14:19Z INFO [1396/2401] 984558a2-237d-4122-8fc5-5b4c51d95bcf: valid; 2.7 s; peak memory 8884 MiB.
2026-09-20T17:14:22Z INFO [1397/2401] 984f6ac3-65cb-43b0-9779-a8f2c0d4e641: valid; 3.2 s; peak memory 8884 MiB.
2026-09-20T17:14:24Z INFO [1398/2401] 985af5a0-bd56-4701-b85d-ebe6cce9d9b9: not valid; 1.9 s; peak memory 8884 MiB.
2026-09-20T17:14:26Z INFO [1399/2401] 985fade1-587a-4ef5-8fd1-0d25f1ef2eaa: valid; 1.6 s; peak memory 8884 MiB.
2026-09-20T17:14:27Z INFO [1400/2401] 98f4902a-67ae-4164-ada9-685c503afeea: not valid; 1.5 s; peak memory 8884 MiB.
2026-09-20T17:14:28Z INFO [1400/2401] 98f4902a-67ae-4164-ada9-685c503afeea: checkpointed 72010 records.
2026-09-20T17:14:29Z INFO [1401/2401] 98f611ba-b32b-4234-9d3e-eddc68e37278: valid; 1.3 s; peak memory 8884 MiB.
2026-09-20T17:16:16Z INFO [1402/2401] 98f8ea3b-e863-4a97-81dd-2df39e4a0d54: not valid; 107.2 s; peak memory 8884 MiB.
2026-09-20T17:16:20Z INFO [1403/2401] 99257fa1-cb17-482c-8735-e51db25ea2a4: valid; 4.0 s; peak memory 8884 MiB.
2026-09-20T17:16:38Z INFO [1404/2401] 9941fbdf-5956-4036-80f4-20dbf5ebcc53: not valid; 18.3 s; peak memory 8884 MiB.
2026-09-20T17:16:40Z INFO [1405/2401] 99439d58-96e4-4cfd-bc61-af5c89c52907: valid; 1.2 s; peak memory 8884 MiB.
2026-09-20T17:16:41Z INFO [1406/2401] 99779b8a-76fd-40ae-ac47-49e5326427f0: valid; 1.2 s; peak memory 8884 MiB.
2026-09-20T17:16:42Z INFO [1407/2401] 99829ba2-3b3f-4adf-86f4-1e1ac77f00fb: valid; 1.1 s; peak memory 8884 MiB.
2026-09-20T17:16:45Z INFO [1408/2401] 9994c568-bbf9-47d0-bb2f-3c975a63cc2e: valid; 3.4 s; peak memory 8884 MiB.
2026-09-20T17:16:51Z INFO [1409/2401] 999d32f0-d1b5-4a56-ba34-92b49bfed8f3: valid; 5.9 s; peak memory 8884 MiB.
2026-09-20T17:16:56Z INFO [1410/2401] 99a25aa8-6800-433d-8c0a-c9cfdf5f3b28: valid; 5.1 s; peak memory 8884 MiB.
2026-09-20T17:16:58Z INFO [1411/2401] 99b25190-8bb2-4e03-9326-d98dd87b4573: valid; 1.4 s; peak memory 8884 MiB.
2026-09-20T17:17:03Z INFO [1412/2401] 99c5e1d3-c996-45ec-87c5-d791a6b9fb6d: valid; 5.4 s; peak memory 8884 MiB.
2026-09-20T17:17:05Z INFO [1413/2401] 99d2fee5-9a01-4f32-86a6-a82b124ff9c5: valid; 2.1 s; peak memory 8884 MiB.
2026-09-20T17:17:13Z INFO [1414/2401] 99de9c1e-a111-41b0-baaa-512cc129b234: valid; 7.8 s; peak memory 8884 MiB.
2026-09-20T17:17:14Z INFO [1415/2401] 99e12cc5-d82e-4659-bb08-06f4557f5d50: valid; 1.4 s; peak memory 8884 MiB.
2026-09-20T17:17:18Z INFO [1416/2401] 99e8fe36-3c21-48c8-91fb-26c5bbee3bee: valid; 3.0 s; peak memory 8884 MiB.
2026-09-20T17:17:22Z INFO [1417/2401] 9a061f11-c655-4f52-aa69-b453efe5ffbe: not valid; 4.6 s; peak memory 8884 MiB.
2026-09-20T17:17:25Z INFO [1418/2401] 9a085a36-1adf-45b5-939d-391d14199fee: valid; 3.2 s; peak memory 8884 MiB.
2026-09-20T17:17:27Z INFO [1419/2401] 9a37eabc-dd0e-4188-a48f-58af4e9afecf: valid; 2.1 s; peak memory 8884 MiB.
2026-09-20T17:17:29Z INFO [1420/2401] 9a511aeb-bc95-4795-9590-feadb5c91767: valid; 1.3 s; peak memory 8884 MiB.
2026-09-20T17:17:32Z INFO [1421/2401] 9a87ff60-c2b0-446f-96f2-0cead4b89adf: valid; 3.4 s; peak memory 8884 MiB.
2026-09-20T17:17:34Z INFO [1422/2401] 9a8d274f-bf6a-4f4f-94b3-d8adc5c7f064: valid; 1.5 s; peak memory 8884 MiB.
2026-09-20T17:17:36Z INFO [1423/2401] 9a8d9598-8404-44d6-875a-377627fdadf6: not valid; 2.1 s; peak memory 8884 MiB.
2026-09-20T17:17:37Z INFO [1424/2401] 9aaddf32-5154-4d6e-bc93-a2bf807b6634: valid; 1.3 s; peak memory 8884 MiB.
2026-09-20T17:17:39Z INFO [1425/2401] 9ab2c6b1-bfcc-4535-8940-62ec1ee49519: valid; 1.7 s; peak memory 8884 MiB.
2026-09-20T17:17:40Z INFO [1426/2401] 9b0d7031-3235-47dd-b03f-ad1211632a67: valid; 1.5 s; peak memory 8884 MiB.
2026-09-20T17:17:42Z INFO [1427/2401] 9b201b35-16ea-48c6-8728-116d54f47984: valid; 1.7 s; peak memory 8884 MiB.
2026-09-20T17:17:44Z INFO [1428/2401] 9b2ac85d-84e3-44e7-b2e6-bc841c7ce67c: not valid; 1.6 s; peak memory 8884 MiB.
2026-09-20T17:17:46Z INFO [1429/2401] 9b35950f-c1b7-4963-8cc5-5a071fa1d1f0: valid; 2.7 s; peak memory 8884 MiB.
2026-09-20T17:17:52Z INFO [1430/2401] 9b492045-b8ec-401e-8979-b511b58b5d28: valid; 5.2 s; peak memory 8884 MiB.
2026-09-20T17:17:55Z INFO [1431/2401] 9b69f3a9-6d08-4b1d-805d-11c9567bd7ef: valid; 3.6 s; peak memory 8884 MiB.
2026-09-20T17:17:57Z INFO [1432/2401] 9b95e8b4-a406-4959-8c7f-09855edd848b: not valid; 1.9 s; peak memory 8884 MiB.
2026-09-20T17:17:59Z INFO [1433/2401] 9b96718a-1054-407e-82b3-8f89a1d5e098: not valid; 2.0 s; peak memory 8884 MiB.
2026-09-20T17:18:07Z INFO [1434/2401] 9ba39d13-9bd6-4c04-915a-72216fd86400: valid; 7.7 s; peak memory 8884 MiB.
2026-09-20T17:18:08Z INFO [1435/2401] 9babfb92-cd07-4d64-ba17-190f1807ae3e: valid; 1.3 s; peak memory 8884 MiB.
2026-09-20T17:18:10Z INFO [1436/2401] 9bb48ab3-ffbb-417f-b0c2-fe1338612cb4: valid; 2.3 s; peak memory 8884 MiB.
2026-09-20T17:18:12Z INFO [1437/2401] 9c15d387-417e-4be3-a7a3-30e4a2b36c0d: valid; 1.4 s; peak memory 8884 MiB.
2026-09-20T17:18:13Z INFO [1438/2401] 9c19d7de-050f-4776-b667-3b8ccc201c83: valid; 1.4 s; peak memory 8884 MiB.
2026-09-20T17:18:15Z WARNING 9c1ad2af-1706-4c08-9858-ef2867cade09: failed while opening the NWB file (ConstructError: (root/acquisition/_iblmic_audioSpectrogram/bands GroupBuilder {'attributes': {'colnames': array(['freq'], dtype=object), 'description': 'spectogram frequencies', 'namespace': 'core', 'neurodata_type': 'FrequencyBandsTable', 'object_id': 'c005a3e4-8ab0-4538-920b-619fb93562f5'}, 'groups': {}, 'datasets': {'freq': root/acquisition/_iblmic_audioSpectrogram/bands/freq DatasetBuilder {'attributes': {'description': 'frequency value', 'namespace': 'hdmf-common', 'neurodata_type': 'VectorData', 'object_id': 'ee47cae3-8e55-418b-8e82-b64876b91b6c'}, 'data': <HDF5 dataset "freq": shape (257,), type "<f4">}, 'id': root/acquisition/_iblmic_audioSpectrogram/bands/id DatasetBuilder {'attributes': {'namespace': 'hdmf-common', 'neurodata_type': 'ElementIdentifiers', 'object_id': '40809b27-2ca2-4beb-8a74-30331d6f5959'}, 'data': <HDF5 dataset "id": shape (257,), type "<i4">}}, 'links': {}}, "Could not construct FrequencyBandsTable object due to: column must have the same number of rows as 'id'"))
2026-09-20T17:18:30Z INFO [1440/2401] 9c597f47-b437-440b-9113-7aa43e601814: not valid; 14.7 s; peak memory 8884 MiB.
2026-09-20T17:18:31Z INFO [1441/2401] 9c63952f-4f33-464a-a337-d4793d6392d0: valid; 1.5 s; peak memory 8884 MiB.
2026-09-20T17:18:34Z INFO [1442/2401] 9c79f665-5c3e-4d57-a5a8-9c94621d9543: valid; 2.8 s; peak memory 8884 MiB.
2026-09-20T17:18:36Z INFO [1443/2401] 9cbbc5f5-7458-4255-8b7c-98e253e69012: valid; 1.5 s; peak memory 8884 MiB.
2026-09-20T17:18:37Z INFO [1444/2401] 9d0f646f-7681-46d2-a043-dc9fe098f6c1: not valid; 1.5 s; peak memory 8884 MiB.
2026-09-20T17:18:39Z INFO [1445/2401] 9d11798c-5bd2-4ee5-8641-33a261548bdd: valid; 2.1 s; peak memory 8884 MiB.
2026-09-20T17:18:42Z INFO [1446/2401] 9d1a778c-28f3-4841-9f92-0faf700e47e7: valid; 3.1 s; peak memory 8884 MiB.
2026-09-20T17:18:47Z INFO [1447/2401] 9d1e50b1-6b87-49c6-aced-dd94185c975c: valid; 4.2 s; peak memory 8884 MiB.
2026-09-20T17:18:49Z INFO [1448/2401] 9d2d46ae-59de-4151-a3a5-c630afdfe178: valid; 2.4 s; peak memory 8884 MiB.
2026-09-20T17:18:52Z INFO [1449/2401] 9d590903-4161-4d8d-89cb-35d8d57a09f3: valid; 2.6 s; peak memory 8884 MiB.
2026-09-20T17:18:53Z INFO [1450/2401] 9d6e27f5-5c30-4cbb-b10e-f7ab639af964: valid; 1.4 s; peak memory 8884 MiB.
2026-09-20T17:18:54Z INFO [1450/2401] 9d6e27f5-5c30-4cbb-b10e-f7ab639af964: checkpointed 72010 records.
2026-09-20T17:19:02Z INFO [1451/2401] 9da6367e-1c7d-417f-a256-081bba979454: valid; 8.8 s; peak memory 8884 MiB.
2026-09-20T17:19:04Z INFO [1452/2401] 9dbc6967-c733-4fa8-bc4b-fef73f8c98f8: not valid; 1.6 s; peak memory 8884 MiB.
2026-09-20T17:19:07Z INFO [1453/2401] 9dc4a312-5aad-45f0-af7e-2f7076b44ed5: not valid; 2.9 s; peak memory 8884 MiB.
2026-09-20T17:19:19Z INFO [1454/2401] 9dfd4f15-8114-4a22-b456-9fe7dbdcfacc: valid; 12.6 s; peak memory 8884 MiB.
2026-09-20T17:19:21Z INFO [1455/2401] 9e159ebd-d025-43eb-afa6-226d01565a82: valid; 1.3 s; peak memory 8884 MiB.
2026-09-20T17:19:23Z WARNING 9e34db4a-ed0f-4d48-a05c-e1255f3c7872: failed while opening the NWB file (ConstructError: (root/acquisition/_iblmic_audioSpectrogram/bands GroupBuilder {'attributes': {'colnames': array(['freq'], dtype=object), 'description': 'spectogram frequencies', 'namespace': 'core', 'neurodata_type': 'FrequencyBandsTable', 'object_id': 'b05e38e3-5602-4c7a-828b-5589a3d7fa0d'}, 'groups': {}, 'datasets': {'freq': root/acquisition/_iblmic_audioSpectrogram/bands/freq DatasetBuilder {'attributes': {'description': 'frequency value', 'namespace': 'hdmf-common', 'neurodata_type': 'VectorData', 'object_id': 'c0e087ba-953d-4eb7-8e73-7c1a0b9006d1'}, 'data': <HDF5 dataset "freq": shape (257,), type "<f4">}, 'id': root/acquisition/_iblmic_audioSpectrogram/bands/id DatasetBuilder {'attributes': {'namespace': 'hdmf-common', 'neurodata_type': 'ElementIdentifiers', 'object_id': 'a4c72252-d5cb-492a-b8b0-cd65da881374'}, 'data': <HDF5 dataset "id": shape (257,), type "<i4">}}, 'links': {}}, "Could not construct FrequencyBandsTable object due to: column must have the same number of rows as 'id'"))
2026-09-20T17:19:24Z INFO [1457/2401] 9e42c321-2ddd-4949-b797-539474c4befe: valid; 1.3 s; peak memory 8884 MiB.
2026-09-20T17:19:26Z INFO [1458/2401] 9e53cca3-f26d-43c7-a55a-c53e9fe157e4: not valid; 1.6 s; peak memory 8884 MiB.
2026-09-20T17:19:28Z INFO [1459/2401] 9e63447a-6717-4bb6-bc9f-d2fc373dcdc6: valid; 2.8 s; peak memory 8884 MiB.
2026-09-20T17:19:30Z INFO [1460/2401] 9e886d60-7077-4979-9ce2-50095fd44b02: valid; 2.0 s; peak memory 8884 MiB.
2026-09-20T17:19:33Z WARNING 9e8ac5be-13c5-4793-9f8c-e95557df32a4: failed while opening the NWB file (ConstructError: (root/acquisition/_iblmic_audioSpectrogram/bands GroupBuilder {'attributes': {'colnames': array(['freq'], dtype=object), 'description': 'spectogram frequencies', 'namespace': 'core', 'neurodata_type': 'FrequencyBandsTable', 'object_id': '6d4c171b-2f53-4c9b-931d-05529456096c'}, 'groups': {}, 'datasets': {'freq': root/acquisition/_iblmic_audioSpectrogram/bands/freq DatasetBuilder {'attributes': {'description': 'frequency value', 'namespace': 'hdmf-common', 'neurodata_type': 'VectorData', 'object_id': 'c5962de1-5e17-4d34-a47b-7aa765a7623f'}, 'data': <HDF5 dataset "freq": shape (257,), type "<f4">}, 'id': root/acquisition/_iblmic_audioSpectrogram/bands/id DatasetBuilder {'attributes': {'namespace': 'hdmf-common', 'neurodata_type': 'ElementIdentifiers', 'object_id': '71486a97-55da-43c3-a101-3a2e244a91ff'}, 'data': <HDF5 dataset "id": shape (257,), type "<i4">}}, 'links': {}}, "Could not construct FrequencyBandsTable object due to: column must have the same number of rows as 'id'"))
2026-09-20T17:19:36Z INFO [1462/2401] 9e907822-ac79-4621-bbaf-62478af002db: valid; 3.0 s; peak memory 8884 MiB.
2026-09-20T17:19:46Z INFO [1463/2401] 9ea0f201-e033-4528-bfe3-0a798a20cd90: valid; 10.2 s; peak memory 8884 MiB.
2026-09-20T17:19:47Z INFO [1464/2401] 9ea37248-c217-4c30-9cc1-3644c9b8a869: valid; 1.5 s; peak memory 8884 MiB.
2026-09-20T17:19:51Z INFO [1465/2401] 9ebc0328-6512-46d7-ad88-00fed45e619d: valid; 3.1 s; peak memory 8884 MiB.
2026-09-20T17:19:54Z INFO [1466/2401] 9ed0a7e5-fe48-4a8d-a5ea-00702918dc3a: valid; 3.2 s; peak memory 8884 MiB.
2026-09-20T17:19:56Z INFO [1467/2401] 9eeedd85-fbc0-4de0-b34f-f81e69c5b92d: valid; 2.0 s; peak memory 8884 MiB.
2026-09-20T17:19:59Z INFO [1468/2401] 9f01f0cc-5c36-4931-b2ac-4934fce5cec6: valid; 3.1 s; peak memory 8884 MiB.
2026-09-20T17:20:01Z INFO [1469/2401] 9f20fc61-31d9-4dd3-a2d5-5da20103c3b7: not valid; 1.8 s; peak memory 8884 MiB.
2026-09-20T17:20:02Z INFO [1470/2401] 9f248ee9-3911-4e6c-af2f-830ab2b1529a: valid; 1.4 s; peak memory 8884 MiB.
2026-09-20T17:20:11Z INFO [1471/2401] 9f359fa7-d08d-4790-ad20-5db0c30e53c9: valid; 8.8 s; peak memory 8884 MiB.
2026-09-20T17:20:14Z INFO [1472/2401] 9f9c0431-c18e-4646-b601-a7b20fa6906b: valid; 3.2 s; peak memory 8884 MiB.
2026-09-20T17:20:15Z INFO [1473/2401] 9fa0d751-05e4-4178-aaef-83c31518af63: valid; 1.6 s; peak memory 8884 MiB.
2026-09-20T17:20:19Z INFO [1474/2401] 9fb9019a-0a14-4e65-a724-56134d54162e: valid; 3.3 s; peak memory 8884 MiB.
2026-09-20T17:20:33Z INFO [1475/2401] 9fdb4b04-e298-4cda-9d59-0e390a023028: not valid; 14.0 s; peak memory 8884 MiB.
2026-09-20T17:20:35Z INFO [1476/2401] 9feaa5b9-e130-4d71-9c2d-b988734baf3d: valid; 2.5 s; peak memory 8884 MiB.
2026-09-20T17:20:37Z INFO [1477/2401] a008d11f-f421-42a3-87fe-10c633714d81: valid; 2.2 s; peak memory 8884 MiB.
2026-09-20T17:20:39Z INFO [1478/2401] a01428b7-a7bc-473d-be9c-7c74dcbf4696: not valid; 1.1 s; peak memory 8884 MiB.
2026-09-20T17:20:40Z INFO [1479/2401] a01b7264-2ee9-473e-87f3-400bbaeb0993: not valid; 1.9 s; peak memory 8884 MiB.
2026-09-20T17:20:42Z INFO [1480/2401] a027c847-58f4-4dbc-8fb5-46f41c5f815e: valid; 1.2 s; peak memory 8884 MiB.
2026-09-20T17:20:44Z INFO [1481/2401] a07039a3-b462-48f5-be39-d255ce74c240: not valid; 2.0 s; peak memory 8884 MiB.
2026-09-20T17:21:08Z INFO [1482/2401] a09ac2cf-a02e-4670-91b9-741c6ebccda9: valid; 24.0 s; peak memory 8884 MiB.
2026-09-20T17:21:11Z INFO [1483/2401] a0a4d81f-7849-4e42-bdec-47a27c2c252e: valid; 3.2 s; peak memory 8884 MiB.
2026-09-20T17:21:13Z INFO [1484/2401] a0a87e39-4346-4e0d-bf6e-2058819ac834: valid; 2.2 s; peak memory 8884 MiB.
2026-09-20T17:21:22Z INFO [1485/2401] a0b8159e-c14b-4c5c-9bfd-b4fd535c1948: valid; 9.3 s; peak memory 8884 MiB.
2026-09-20T17:21:24Z INFO [1486/2401] a0bf9732-0470-4e16-b653-e6e3cc74a666: valid; 1.4 s; peak memory 8884 MiB.
2026-09-20T17:21:26Z INFO [1487/2401] a0d8e5d9-5473-41f5-8bf0-a974e1f89dc9: valid; 2.2 s; peak memory 8884 MiB.
2026-09-20T17:21:29Z INFO [1488/2401] a0dc1fca-4609-480c-b5a9-30b7a90f02c3: valid; 2.5 s; peak memory 8884 MiB.
2026-09-20T17:21:31Z INFO [1489/2401] a0ff87fd-995e-4626-afd6-bed69263320f: valid; 2.1 s; peak memory 8884 MiB.
2026-09-20T17:21:32Z INFO [1490/2401] a0fff7e9-e234-4111-b488-03afcf9b10ba: valid; 1.2 s; peak memory 8884 MiB.
2026-09-20T17:21:34Z INFO [1491/2401] a11e7965-1483-4d7e-a720-3f5551b39283: not valid; 1.8 s; peak memory 8884 MiB.
2026-09-20T17:21:35Z INFO [1492/2401] a12e9c9c-7b2d-4bd2-8454-45d34a09d095: valid; 1.4 s; peak memory 8884 MiB.
2026-09-20T17:21:37Z INFO [1493/2401] a12f700d-6a51-4dd2-9f3e-bd8a020100c3: not valid; 1.6 s; peak memory 8884 MiB.
2026-09-20T17:21:39Z INFO [1494/2401] a1587edf-91b1-4181-a4c8-c1f8c60e4969: valid; 2.4 s; peak memory 8884 MiB.
2026-09-20T17:21:50Z INFO [1495/2401] a186848d-c591-47bb-916e-32f4572c7f5d: not valid; 11.1 s; peak memory 8884 MiB.
2026-09-20T17:21:52Z INFO [1496/2401] a1c7084c-4df0-43f3-bfea-5993fed05e30: valid; 1.4 s; peak memory 8884 MiB.
2026-09-20T17:21:53Z INFO [1497/2401] a20fd07a-6e3b-4a67-9664-a42895d5dc7f: not valid; 1.8 s; peak memory 8884 MiB.
2026-09-20T17:21:56Z INFO [1498/2401] a215844c-022a-42d0-a246-e403ee7a89a8: valid; 3.0 s; peak memory 8884 MiB.
2026-09-20T17:22:02Z INFO [1499/2401] a23ca822-f896-4238-943a-f95772a15447: valid; 5.4 s; peak memory 8884 MiB.
2026-09-20T17:22:15Z INFO [1500/2401] a24e405e-ada4-4a9c-9ca9-b8037fdb7f5a: valid; 13.8 s; peak memory 8884 MiB.
2026-09-20T17:22:16Z INFO [1500/2401] a24e405e-ada4-4a9c-9ca9-b8037fdb7f5a: checkpointed 72010 records.
2026-09-20T17:22:18Z WARNING a262a1af-27f6-40a5-b2c9-29a39a909a3f: failed while opening the NWB file (ConstructError: (root/acquisition/_iblmic_audioSpectrogram/bands GroupBuilder {'attributes': {'colnames': array(['freq'], dtype=object), 'description': 'spectogram frequencies', 'namespace': 'core', 'neurodata_type': 'FrequencyBandsTable', 'object_id': '9b6730f7-2f06-4c3c-bd1e-33ee39ca1057'}, 'groups': {}, 'datasets': {'freq': root/acquisition/_iblmic_audioSpectrogram/bands/freq DatasetBuilder {'attributes': {'description': 'frequency value', 'namespace': 'hdmf-common', 'neurodata_type': 'VectorData', 'object_id': '99cdbe1f-3a4a-490c-8c1d-b95091b462ca'}, 'data': <HDF5 dataset "freq": shape (257,), type "<f4">}, 'id': root/acquisition/_iblmic_audioSpectrogram/bands/id DatasetBuilder {'attributes': {'namespace': 'hdmf-common', 'neurodata_type': 'ElementIdentifiers', 'object_id': '4e3c1f8b-ca3f-400c-88f6-92f0d9d68ba2'}, 'data': <HDF5 dataset "id": shape (257,), type "<i4">}}, 'links': {}}, "Could not construct FrequencyBandsTable object due to: column must have the same number of rows as 'id'"))
2026-09-20T17:22:20Z INFO [1502/2401] a28f3a34-c88e-4edc-ac78-eaae29bd6982: not valid; 1.5 s; peak memory 8884 MiB.
2026-09-20T17:22:30Z INFO [1503/2401] a2af6a12-f041-43ad-a01b-1b789fb67a46: not valid; 9.7 s; peak memory 8884 MiB.
2026-09-20T17:22:31Z INFO [1504/2401] a2b7aee6-dd36-40db-8d73-003befe6d548: not valid; 1.8 s; peak memory 8884 MiB.
2026-09-20T17:22:33Z INFO [1505/2401] a2df6b51-a984-4eac-b2e0-28956911a646: valid; 1.8 s; peak memory 8884 MiB.
2026-09-20T17:22:37Z INFO [1506/2401] a302c35a-5768-45d7-a213-ab948c6159f6: valid; 4.3 s; peak memory 8884 MiB.
2026-09-20T17:22:44Z INFO [1507/2401] a30d9485-3b3c-4e1d-b049-82ed44366af8: valid; 6.9 s; peak memory 8884 MiB.
2026-09-20T17:22:48Z INFO [1508/2401] a311c53d-aef3-4928-9ead-b2a642f209aa: valid; 3.2 s; peak memory 8884 MiB.
2026-09-20T17:22:49Z INFO [1509/2401] a3293c1f-14ba-45e5-a3b0-7c91e92c2a02: valid; 1.4 s; peak memory 8884 MiB.
2026-09-20T17:22:50Z INFO [1510/2401] a3bff7bf-c0c2-4447-879d-cb806034692b: valid; 1.4 s; peak memory 8884 MiB.
2026-09-20T17:22:51Z INFO [1511/2401] a40ae715-893a-42de-bcf0-66112795f0ff: not valid; 1.1 s; peak memory 8884 MiB.
2026-09-20T17:22:54Z INFO [1512/2401] a40c535e-c014-46cf-bc1c-60e2f3d3f1d7: valid; 2.4 s; peak memory 8884 MiB.
2026-09-20T17:22:56Z INFO [1513/2401] a42127cb-164d-4c22-9cd4-2489d27b968e: valid; 1.7 s; peak memory 8884 MiB.
2026-09-20T17:23:04Z INFO [1514/2401] a43461d5-b5a9-40a8-8506-3baee2e67209: valid; 8.1 s; peak memory 8884 MiB.
2026-09-20T17:23:05Z INFO [1515/2401] a458b86b-8fb2-4807-8df0-ff7be46df2d8: valid; 1.3 s; peak memory 8884 MiB.
2026-09-20T17:23:06Z INFO [1516/2401] a477eb2b-c8e2-4ed9-b67c-0cd543a0c007: valid; 1.3 s; peak memory 8884 MiB.
2026-09-20T17:23:27Z INFO [1517/2401] a4a6b4d9-aed5-4941-98f2-076e4d310297: valid; 20.8 s; peak memory 8884 MiB.
2026-09-20T17:23:28Z INFO [1518/2401] a4fdca61-d35f-40ec-bd45-6f63da0ed1c0: valid; 1.4 s; peak memory 8884 MiB.
2026-09-20T17:23:31Z INFO [1519/2401] a51659c3-c564-41ba-9e39-1c8fa1dc69c8: valid; 2.3 s; peak memory 8884 MiB.
2026-09-20T17:23:33Z INFO [1520/2401] a51b934d-169c-4ce2-9764-cc5f71c36bce: valid; 2.1 s; peak memory 8884 MiB.
2026-09-20T17:23:34Z INFO [1521/2401] a5288ab7-00b1-4e80-89af-661f8de06a01: valid; 1.6 s; peak memory 8884 MiB.
2026-09-20T17:23:36Z INFO [1522/2401] a53b6f4c-5c25-45db-9084-99ccbee14612: valid; 1.3 s; peak memory 8884 MiB.
2026-09-20T17:23:41Z INFO [1523/2401] a549b25c-ab87-4984-be95-473366578b7c: valid; 5.2 s; peak memory 8884 MiB.
2026-09-20T17:23:50Z INFO [1524/2401] a55b21b3-ae6d-4dfd-b733-b51ca1fd3332: not valid; 9.7 s; peak memory 8884 MiB.
2026-09-20T17:23:54Z INFO [1525/2401] a56833fc-b0a8-4f36-a198-1aa4efc59a85: valid; 3.5 s; peak memory 8884 MiB.
2026-09-20T17:23:56Z INFO [1526/2401] a56a5a4d-cf5d-4da4-9c60-659d9590e866: not valid; 2.1 s; peak memory 8884 MiB.
2026-09-20T17:23:58Z INFO [1527/2401] a572aa93-66ad-48a3-ad95-071aedab5704: valid; 2.2 s; peak memory 8884 MiB.
2026-09-20T17:24:01Z INFO [1528/2401] a57f3e3d-e321-4150-a827-ad80047c1a2e: not valid; 2.4 s; peak memory 8884 MiB.
2026-09-20T17:24:18Z INFO [1529/2401] a5f9eeba-e888-45ec-87a5-b2d19b8f5400: valid; 17.3 s; peak memory 8884 MiB.
2026-09-20T17:24:21Z INFO [1530/2401] a6475f1d-e066-4023-9713-b94b72035314: valid; 3.3 s; peak memory 8884 MiB.
2026-09-20T17:24:42Z INFO [1531/2401] a657ed83-2a03-495a-8afc-18f21ceee893: valid; 20.7 s; peak memory 8884 MiB.
2026-09-20T17:24:49Z INFO [1532/2401] a674f994-80a3-49ed-bd58-fb88fbb3f81c: not valid; 6.5 s; peak memory 8884 MiB.
2026-09-20T17:25:11Z INFO [1533/2401] a6c9b9d0-2cea-43e6-ae54-907d682b8818: valid; 22.3 s; peak memory 8884 MiB.
2026-09-20T17:25:23Z INFO [1534/2401] a6dca5ea-ec4b-4403-8db3-a217767de926: valid; 11.9 s; peak memory 8884 MiB.
2026-09-20T17:25:24Z INFO [1535/2401] a6ec6418-7435-47c3-a011-1360a6d6614a: valid; 1.3 s; peak memory 8884 MiB.
2026-09-20T17:25:27Z INFO [1536/2401] a6f1989b-8d92-40d2-9ced-eb16fcfa4e1b: valid; 3.4 s; peak memory 8884 MiB.
2026-09-20T17:25:47Z INFO [1537/2401] a73a0c44-fcf0-40a7-979b-a319946d613f: valid; 19.2 s; peak memory 8884 MiB.
2026-09-20T17:25:48Z INFO [1538/2401] a775e94d-5ae7-4a45-91ad-e580dbab18ae: valid; 1.5 s; peak memory 8884 MiB.
2026-09-20T17:25:58Z INFO [1539/2401] a787fb18-6e04-4ebb-a3b6-c99a5f3d9824: valid; 9.3 s; peak memory 8884 MiB.
2026-09-20T17:25:59Z INFO [1540/2401] a7993c6c-8327-45ba-af99-42fc3612d47f: valid; 1.6 s; peak memory 8884 MiB.
2026-09-20T17:26:09Z INFO [1541/2401] a7ac437d-6aa3-4355-a541-f650ecec355f: not valid; 10.3 s; peak memory 8884 MiB.
2026-09-20T17:26:16Z INFO [1542/2401] a7e9f96d-9de1-4cb1-ac75-886dd2ad8f8f: not valid; 6.7 s; peak memory 8884 MiB.
2026-09-20T17:26:18Z WARNING a7ec8481-3fd8-4cce-a057-15e3bc723b4f: failed while opening the NWB file (ConstructError: (root/acquisition/event_code_meanings GroupBuilder {'attributes': {'colnames': array(['value', 'meaning'], dtype=object), 'description': 'Mapping integer event codes to event labels', 'namespace': 'ndx-events', 'neurodata_type': 'MeaningsTable', 'object_id': 'd61ff650-dbb4-4468-85ea-62f8b707b956'}, 'groups': {}, 'datasets': {'id': root/acquisition/event_code_meanings/id DatasetBuilder {'attributes': {'namespace': 'hdmf-common', 'neurodata_type': 'ElementIdentifiers', 'object_id': '593541ce-b02e-4022-ac7c-7d4b84da0dea'}, 'data': <HDF5 dataset "id": shape (26,), type "<i8">}, 'meaning': root/acquisition/event_code_meanings/meaning DatasetBuilder {'attributes': {'description': 'The meaning of the value in the parent CategoricalVectorData object.', 'namespace': 'hdmf-experimental', 'neurodata_type': 'VectorData', 'object_id': 'e5b1337a-006c-4b5d-8bad-955b4361fffc'}, 'data': <StrDataset for HDF5 dataset "meaning": shape (26,), type "|O">}, 'value': root/acquisition/event_code_meanings/value DatasetBuilder {'attributes': {'description': 'The value of the parent CategoricalVectorData object.', 'namespace': 'hdmf-experimental', 'neurodata_type': 'VectorData', 'object_id': 'c0095794-6006-4883-a98a-f08ca07c7aa0'}, 'data': <HDF5 dataset "value": shape (26,), type "<i8">}}, 'links': {}}, "Could not construct MeaningsTable object due to: MeaningsTable.__init__: missing argument 'target'"))
2026-09-20T17:26:19Z INFO [1544/2401] a80645cd-875b-4680-b613-568be661fda9: valid; 1.3 s; peak memory 8884 MiB.
2026-09-20T17:26:21Z INFO [1545/2401] a8431548-ea5b-42aa-a22e-fc5c25c671bb: valid; 2.2 s; peak memory 8884 MiB.
2026-09-20T17:26:24Z INFO [1546/2401] a84d1f7b-568d-48e7-95c1-04639dfc0d15: valid; 3.3 s; peak memory 8884 MiB.
2026-09-20T17:27:58Z INFO [1547/2401] a84d1f7d-5579-410e-9bc3-7aea7a5a2f42: valid; 93.2 s; peak memory 8884 MiB.
2026-09-20T17:27:59Z INFO [1548/2401] a84ec3a9-5725-44ae-9706-d391a4c3fb11: not valid; 1.8 s; peak memory 8884 MiB.
2026-09-20T17:28:02Z INFO [1549/2401] a8833ada-aaee-4070-b84d-7f2d74c3de89: valid; 2.2 s; peak memory 8884 MiB.
2026-09-20T17:28:03Z INFO [1550/2401] a88da1d3-9d5e-4780-bfc4-35267ff762ec: valid; 1.5 s; peak memory 8884 MiB.
2026-09-20T17:28:04Z INFO [1550/2401] a88da1d3-9d5e-4780-bfc4-35267ff762ec: checkpointed 72010 records.
2026-09-20T17:28:05Z INFO [1551/2401] a8d86c6f-2e17-4205-8a5f-f4c9b141a3a4: valid; 1.4 s; peak memory 8884 MiB.
2026-09-20T17:28:06Z INFO [1552/2401] a8f4e65f-386d-4e1f-bc0d-7b7367221ca0: valid; 1.3 s; peak memory 8884 MiB.
2026-09-20T17:28:09Z INFO [1553/2401] a9045de5-8556-444a-8539-4f6f330d1841: valid; 2.1 s; peak memory 8884 MiB.
2026-09-20T17:28:10Z INFO [1554/2401] a92b0297-304c-4805-ab40-763b9dc53bef: valid; 1.3 s; peak memory 8884 MiB.
2026-09-20T17:28:11Z INFO [1555/2401] a9317d33-f510-4c18-a289-9929aee84a0c: not valid; 1.3 s; peak memory 8884 MiB.
2026-09-20T17:28:13Z INFO [1556/2401] a9383674-24a9-4ace-94d6-886d8af78ec8: valid; 2.2 s; peak memory 8884 MiB.
2026-09-20T17:28:15Z INFO [1557/2401] a95ad7d0-34b5-4de0-b302-92b78a7c8561: valid; 1.4 s; peak memory 8884 MiB.
2026-09-20T17:28:17Z INFO [1558/2401] a96bda64-0afc-47ff-b5b8-571e65c13d1d: valid; 1.8 s; peak memory 8884 MiB.
2026-09-20T17:28:21Z INFO [1559/2401] a98dea8f-7ed5-428f-be0a-0c6948a00ee1: not valid; 4.7 s; peak memory 8884 MiB.
2026-09-20T17:28:23Z INFO [1560/2401] a99d7d5d-dd98-43e2-9408-aa83f832eaa7: valid; 2.1 s; peak memory 8884 MiB.
2026-09-20T17:28:27Z INFO [1561/2401] a9d11edb-11ba-44b3-bc8c-b6548dcbb7b2: valid; 3.3 s; peak memory 8884 MiB.
2026-09-20T17:28:28Z INFO [1562/2401] a9d38861-0580-4b31-9c18-fa09d2854a84: not valid; 1.7 s; peak memory 8884 MiB.
2026-09-20T17:28:31Z INFO [1563/2401] aa0ea33f-3241-46d8-94ab-d26a042dc434: valid; 2.1 s; peak memory 8884 MiB.
2026-09-20T17:28:37Z INFO [1564/2401] aa5393c5-9839-4535-ad4a-e568af5fe411: valid; 6.5 s; peak memory 8884 MiB.
2026-09-20T17:28:42Z INFO [1565/2401] aa588db6-8fe5-41b9-b8cd-ee170a447609: not valid; 4.6 s; peak memory 8884 MiB.
2026-09-20T17:28:44Z INFO [1566/2401] aa999b6e-88ed-472f-ad28-0bb77917f2db: valid; 2.6 s; peak memory 8884 MiB.
2026-09-20T17:28:47Z INFO [1567/2401] aaa50c01-d5d4-4284-99b1-739abe4abcb4: valid; 2.3 s; peak memory 8884 MiB.
2026-09-20T17:28:49Z INFO [1568/2401] aaa81130-0b7f-4cfd-9506-c2f958440274: valid; 2.5 s; peak memory 8884 MiB.
2026-09-20T17:28:57Z INFO [1569/2401] aac2a734-2b52-4bdb-93f0-7e9da3213301: valid; 7.7 s; peak memory 8884 MiB.
2026-09-20T17:29:00Z INFO [1570/2401] aaf4b8f9-4c83-4cad-809a-8b064d1764ff: valid; 2.8 s; peak memory 8884 MiB.
2026-09-20T17:29:01Z INFO [1571/2401] ab124324-f709-41ed-8875-5ec99e701753: valid; 1.3 s; peak memory 8884 MiB.
2026-09-20T17:29:03Z WARNING ab2d97b1-b8a6-45ea-9885-af7dc4c5ba3a: failed while opening the NWB file (ConstructError: (root/acquisition/_iblmic_audioSpectrogram/bands GroupBuilder {'attributes': {'colnames': array(['freq'], dtype=object), 'description': 'spectogram frequencies', 'namespace': 'core', 'neurodata_type': 'FrequencyBandsTable', 'object_id': '4fbe3988-6bd3-4dc2-bc8b-2a17d15a635a'}, 'groups': {}, 'datasets': {'freq': root/acquisition/_iblmic_audioSpectrogram/bands/freq DatasetBuilder {'attributes': {'description': 'frequency value', 'namespace': 'hdmf-common', 'neurodata_type': 'VectorData', 'object_id': '4dd9442e-3e77-483e-ba79-3e54c4c3120c'}, 'data': <HDF5 dataset "freq": shape (257,), type "<f4">}, 'id': root/acquisition/_iblmic_audioSpectrogram/bands/id DatasetBuilder {'attributes': {'namespace': 'hdmf-common', 'neurodata_type': 'ElementIdentifiers', 'object_id': 'e1bd3ad0-31c8-44be-a7b4-d6d1fcab27ed'}, 'data': <HDF5 dataset "id": shape (257,), type "<i4">}}, 'links': {}}, "Could not construct FrequencyBandsTable object due to: column must have the same number of rows as 'id'"))
2026-09-20T17:29:06Z INFO [1573/2401] ab30d19e-6b29-475e-af21-fba227265605: valid; 2.7 s; peak memory 8884 MiB.
2026-09-20T17:29:08Z INFO [1574/2401] ab39bd42-b574-4d43-abad-e39f91db6b3f: not valid; 2.1 s; peak memory 8884 MiB.
2026-09-20T17:29:09Z INFO [1575/2401] ab46218d-7f76-4bec-82bf-f1ce7407f020: valid; 1.1 s; peak memory 8884 MiB.
2026-09-20T17:29:11Z INFO [1576/2401] ab5f8d96-fdd9-4c20-8f10-e7658260966c: not valid; 2.0 s; peak memory 8884 MiB.
2026-09-20T17:29:13Z INFO [1577/2401] ab6e1d18-eef6-4669-9002-c2337e3f6da3: valid; 2.0 s; peak memory 8884 MiB.
2026-09-20T17:29:15Z INFO [1578/2401] ab6e446e-7de3-44cf-8a69-46696b38fbf6: not valid; 1.8 s; peak memory 8884 MiB.
2026-09-20T17:29:17Z INFO [1579/2401] ab769c66-9c5c-46e0-80a1-7269da6e057d: valid; 2.0 s; peak memory 8884 MiB.
2026-09-20T17:29:19Z INFO [1580/2401] ab796508-bd76-4f7d-a65e-04cb3af303e9: valid; 2.8 s; peak memory 8884 MiB.
2026-09-20T17:29:24Z INFO [1581/2401] abc5b63f-50e1-4bd5-bdcf-4cfeb01e7e67: valid; 4.7 s; peak memory 8884 MiB.
2026-09-20T17:29:26Z INFO [1582/2401] abef1b6a-3578-4684-82fb-48ff0aea95c5: not valid; 1.8 s; peak memory 8884 MiB.
2026-09-20T17:29:38Z INFO [1583/2401] ac7f8a48-c380-43b0-847c-b8effdf3c08d: valid; 11.5 s; peak memory 8884 MiB.
2026-09-20T17:29:39Z INFO [1584/2401] ac9342d1-330b-4254-bf29-ba9e7c677d50: valid; 1.8 s; peak memory 8884 MiB.
2026-09-20T17:29:46Z INFO [1585/2401] acad8795-2a48-480d-a604-902e6baf6ea5: not valid; 6.9 s; peak memory 8884 MiB.
2026-09-20T17:29:48Z INFO [1586/2401] accd4608-cc90-4868-a8f6-38704b94fc6a: valid; 1.8 s; peak memory 8884 MiB.
2026-09-20T17:29:50Z INFO [1587/2401] ad18d830-2fd9-4860-aa41-2a6becb4dd75: valid; 2.4 s; peak memory 8884 MiB.
2026-09-20T17:29:52Z INFO [1588/2401] ad282dd2-99b5-448f-bc60-ea5421de3946: not valid; 1.8 s; peak memory 8884 MiB.
2026-09-20T17:29:54Z INFO [1589/2401] ad3421e5-6304-4a93-81a9-53164f740a79: valid; 1.4 s; peak memory 8884 MiB.
2026-09-20T17:29:57Z INFO [1590/2401] ad3e8807-2e5b-4ef1-992e-538ad91c7695: valid; 2.9 s; peak memory 8884 MiB.
2026-09-20T17:29:59Z INFO [1591/2401] ad5efd76-4924-4e28-bc56-ebeb8bb020de: valid; 2.2 s; peak memory 8884 MiB.
2026-09-20T17:30:00Z INFO [1592/2401] ad6359a2-69e8-48e6-aa45-3c6db6a5adbe: valid; 1.7 s; peak memory 8884 MiB.
2026-09-20T17:30:03Z INFO [1593/2401] ad71b544-05cc-414c-b05e-9173f934292d: valid; 2.7 s; peak memory 8884 MiB.
2026-09-20T17:30:16Z INFO [1594/2401] ad786b63-83c9-49ce-b3f3-18bc5bfd239a: valid; 13.1 s; peak memory 8884 MiB.
2026-09-20T17:30:20Z INFO [1595/2401] ad78fef5-9fe3-4367-bd74-465d30735f3b: valid; 3.2 s; peak memory 8884 MiB.
2026-09-20T17:30:22Z INFO [1596/2401] ad79e4ba-0793-473a-b0b1-1781263fe319: valid; 2.5 s; peak memory 8884 MiB.
2026-09-20T17:30:24Z INFO [1597/2401] ad8382b2-6134-4e49-ac73-b0b0cc7b2d7a: not valid; 2.4 s; peak memory 8884 MiB.
2026-09-20T17:30:27Z INFO [1598/2401] adaa439a-c0f7-48b4-84f8-eaffe44e96e3: valid; 2.8 s; peak memory 8884 MiB.
2026-09-20T17:30:31Z INFO [1599/2401] adaa9ffb-5284-4972-a095-6d598adcb4e6: valid; 3.6 s; peak memory 8884 MiB.
2026-09-20T17:30:32Z INFO [1600/2401] adb82882-2813-4ef8-bbe1-6e5b3d6c2f48: valid; 1.7 s; peak memory 8884 MiB.
2026-09-20T17:30:33Z INFO [1600/2401] adb82882-2813-4ef8-bbe1-6e5b3d6c2f48: checkpointed 72010 records.
2026-09-20T17:30:34Z INFO [1601/2401] adc5644f-cb7e-489e-846d-c5619a023f3f: valid; 1.1 s; peak memory 8884 MiB.
2026-09-20T17:30:37Z INFO [1602/2401] ae4221a4-998b-4906-9b23-7d04668dc1e8: valid; 2.8 s; peak memory 8884 MiB.
2026-09-20T17:30:39Z INFO [1603/2401] ae442571-5679-4a66-b38f-ed6f7cc23598: not valid; 1.8 s; peak memory 8884 MiB.
2026-09-20T17:30:40Z INFO [1604/2401] ae60dac2-278a-4d51-9348-813575982ec6: valid; 1.3 s; peak memory 8884 MiB.
2026-09-20T17:30:41Z INFO [1605/2401] ae70368b-ee75-48a8-9bdd-44d30f1ef13f: valid; 1.3 s; peak memory 8884 MiB.
2026-09-20T17:30:46Z INFO [1606/2401] aea1ef2b-7355-4c92-a31c-b123a8925ef3: not valid; 4.5 s; peak memory 8884 MiB.
2026-09-20T17:30:48Z INFO [1607/2401] aef80d83-9248-4665-8277-533d1a65cec9: valid; 2.1 s; peak memory 8884 MiB.
2026-09-20T17:30:50Z INFO [1608/2401] aefa8ca7-f22d-4c98-9d4a-ad4eccf06b0f: valid; 1.5 s; peak memory 8884 MiB.
2026-09-20T17:30:53Z INFO [1609/2401] af394b7e-4e88-4a59-b88c-a66d320832c0: valid; 3.3 s; peak memory 8884 MiB.
2026-09-20T17:30:57Z INFO [1610/2401] af6f8d30-5144-4bc8-b7e1-348406c53e0e: valid; 4.3 s; peak memory 8884 MiB.
2026-09-20T17:30:59Z INFO [1611/2401] af85cc55-c007-43dd-a3e9-ceec99d558b6: not valid; 1.6 s; peak memory 8884 MiB.
2026-09-20T17:31:00Z INFO [1612/2401] af94538e-3ce2-4635-814a-54e6d4210c14: not valid; 1.6 s; peak memory 8884 MiB.
2026-09-20T17:31:02Z WARNING af980cec-a592-4843-9dc1-0370c5aabd87: failed while opening the NWB file (ConstructError: (root/acquisition/_iblmic_audioSpectrogram/bands GroupBuilder {'attributes': {'colnames': array(['freq'], dtype=object), 'description': 'spectogram frequencies', 'namespace': 'core', 'neurodata_type': 'FrequencyBandsTable', 'object_id': '082e07e5-c71a-40dc-b598-df5c8b774d57'}, 'groups': {}, 'datasets': {'freq': root/acquisition/_iblmic_audioSpectrogram/bands/freq DatasetBuilder {'attributes': {'description': 'frequency value', 'namespace': 'hdmf-common', 'neurodata_type': 'VectorData', 'object_id': '792c4735-5b1e-47c2-8fe8-2e4a4f612c09'}, 'data': <HDF5 dataset "freq": shape (257,), type "<f4">}, 'id': root/acquisition/_iblmic_audioSpectrogram/bands/id DatasetBuilder {'attributes': {'namespace': 'hdmf-common', 'neurodata_type': 'ElementIdentifiers', 'object_id': 'bafb8026-ad33-44f2-b659-5d8056408a06'}, 'data': <HDF5 dataset "id": shape (257,), type "<i4">}}, 'links': {}}, "Could not construct FrequencyBandsTable object due to: column must have the same number of rows as 'id'"))
2026-09-20T17:31:04Z INFO [1614/2401] afa47d6f-db0f-419c-94f0-b043a0083abc: valid; 2.1 s; peak memory 8884 MiB.
2026-09-20T17:31:07Z INFO [1615/2401] afc4f374-9208-43b2-86ed-1c72d13eb95d: valid; 2.7 s; peak memory 8884 MiB.
2026-09-20T17:31:09Z INFO [1616/2401] afc8af83-9c6f-4fb1-b34b-b198a74d0608: not valid; 2.1 s; peak memory 8884 MiB.
2026-09-20T17:31:11Z INFO [1617/2401] aff4cfbc-f23f-4d53-a00d-e4bd72bcee9e: not valid; 1.7 s; peak memory 8884 MiB.
2026-09-20T17:31:13Z INFO [1618/2401] affd3200-4151-4d0a-8888-17809221766d: valid; 2.0 s; peak memory 8884 MiB.
2026-09-20T17:31:15Z INFO [1619/2401] b002d5a3-ae49-4e18-ad90-2e5273c01697: not valid; 2.4 s; peak memory 8884 MiB.
2026-09-20T17:31:25Z INFO [1620/2401] b036f397-e4d1-4ee1-bfd6-ce1924f26282: valid; 9.6 s; peak memory 8884 MiB.
2026-09-20T17:31:27Z INFO [1621/2401] b039faa9-c869-4d6d-838c-046eab81084c: valid; 2.1 s; peak memory 8884 MiB.
2026-09-20T17:31:31Z INFO [1622/2401] b03e8550-da8c-4472-a9d0-5307f5b72807: valid; 3.5 s; peak memory 8884 MiB.
2026-09-20T17:31:32Z INFO [1623/2401] b046b73f-581b-40b0-9a6d-c62db09c9145: not valid; 1.1 s; peak memory 8884 MiB.
2026-09-20T17:31:33Z INFO [1624/2401] b06d7217-7238-45f7-8396-34e7f3b6e2b4: not valid; 1.8 s; peak memory 8884 MiB.
2026-09-20T17:31:35Z INFO [1625/2401] b06f101f-f8a2-4a9c-8556-1ad03d07859d: not valid; 1.6 s; peak memory 8884 MiB.
2026-09-20T17:31:38Z INFO [1626/2401] b076b569-a7fe-4bc4-a97d-d8dcb1d72f89: not valid; 2.6 s; peak memory 8884 MiB.
2026-09-20T17:31:39Z INFO [1627/2401] b07bd125-e414-4537-956e-fe2af0386461: valid; 1.5 s; peak memory 8884 MiB.
2026-09-20T17:31:40Z INFO [1628/2401] b08b3c46-9c11-499f-93ca-1a4f318b56b5: valid; 1.2 s; peak memory 8884 MiB.
2026-09-20T17:31:43Z INFO [1629/2401] b0ad3af9-6f64-4e6a-9a1a-5f5f79e20a41: not valid; 2.3 s; peak memory 8884 MiB.
2026-09-20T17:31:45Z INFO [1630/2401] b0bd7445-e34f-4407-a1f4-597c17cda35c: not valid; 2.6 s; peak memory 8884 MiB.
2026-09-20T17:31:46Z INFO [1631/2401] b0d3177a-b3ea-43e9-88e7-4f30b01d4093: valid; 1.2 s; peak memory 8884 MiB.
2026-09-20T17:31:49Z INFO [1632/2401] b0d3a2bf-27c6-401d-93d8-1f4f8bb684e6: valid; 2.1 s; peak memory 8884 MiB.
2026-09-20T17:31:51Z INFO [1633/2401] b1040c80-6370-44e1-a9c9-ae869c0f808a: valid; 2.3 s; peak memory 8884 MiB.
2026-09-20T17:31:58Z INFO [1634/2401] b10c9df3-9da8-47ef-94e5-572539675249: valid; 7.0 s; peak memory 8884 MiB.
2026-09-20T17:32:01Z INFO [1635/2401] b125d993-f6d9-44e2-a922-3268312ccec7: valid; 3.0 s; peak memory 8884 MiB.
2026-09-20T17:32:03Z INFO [1636/2401] b1266584-814b-4374-82b8-eaf8ee668a69: valid; 2.0 s; peak memory 8884 MiB.
2026-09-20T17:32:07Z INFO [1637/2401] b12e2905-5a60-495d-8dda-3be19b23d548: valid; 4.5 s; peak memory 8884 MiB.
2026-09-20T17:32:10Z INFO [1638/2401] b137b3d1-a0a8-4b50-8f3f-cba7356a8996: valid; 2.9 s; peak memory 8884 MiB.
2026-09-20T17:32:12Z INFO [1639/2401] b13b3f10-3236-434e-89f1-066dfd01bb18: valid; 1.7 s; peak memory 8884 MiB.
2026-09-20T17:32:18Z INFO [1640/2401] b14e3a59-3cd7-410e-988c-1a3599bc5b7d: valid; 6.1 s; peak memory 8884 MiB.
2026-09-20T17:32:20Z INFO [1641/2401] b15b6caa-c5bd-4c86-aa49-efd5fa60ea86: valid; 1.4 s; peak memory 8884 MiB.
2026-09-20T17:32:22Z INFO [1642/2401] b16589d8-7974-4b40-a23b-cfe17dc8ec25: valid; 2.6 s; peak memory 8884 MiB.
2026-09-20T17:32:26Z INFO [1643/2401] b170e544-f1b3-4471-9cf0-6ec7cfb0fc58: valid; 3.4 s; peak memory 8884 MiB.
2026-09-20T17:32:27Z INFO [1644/2401] b18201fa-a567-490b-823b-745893fe990b: not valid; 1.7 s; peak memory 8884 MiB.
2026-09-20T17:32:30Z INFO [1645/2401] b19fc74b-1280-4aa0-9b6e-2b985616deb9: not valid; 2.6 s; peak memory 8884 MiB.
2026-09-20T17:32:31Z INFO [1646/2401] b1ad904b-7013-46bb-91c9-9fe1c687fd88: valid; 1.3 s; peak memory 8884 MiB.
2026-09-20T17:32:33Z INFO [1647/2401] b1de774e-da93-4f5e-8a4e-27bcdf70e91c: not valid; 1.9 s; peak memory 8884 MiB.
2026-09-20T17:32:35Z INFO [1648/2401] b2304ad1-baa6-40f8-aed7-4ecb72a6fcd2: valid; 2.0 s; peak memory 8884 MiB.
2026-09-20T17:32:38Z INFO [1649/2401] b2360396-1f6a-4d31-9f37-a114a311ea17: valid; 2.9 s; peak memory 8884 MiB.
2026-09-20T17:32:39Z INFO [1650/2401] b2598f39-2a70-4f5e-a84a-fffbe411c1c4: valid; 1.1 s; peak memory 8884 MiB.
2026-09-20T17:32:40Z INFO [1650/2401] b2598f39-2a70-4f5e-a84a-fffbe411c1c4: checkpointed 72010 records.
2026-09-20T17:32:43Z INFO [1651/2401] b259f214-5dcd-420a-9b4e-d6f452c9cbde: valid; 3.0 s; peak memory 8884 MiB.
2026-09-20T17:32:45Z INFO [1652/2401] b25e2a2b-3bfd-416f-8e95-80d9fc3a76a6: valid; 2.1 s; peak memory 8884 MiB.
2026-09-20T17:32:47Z INFO [1653/2401] b26631ff-d5ce-4d7a-806b-f6e05dbd3448: valid; 2.1 s; peak memory 8884 MiB.
2026-09-20T17:32:50Z INFO [1654/2401] b28f92ce-feb9-4363-a613-ed716f356780: valid; 3.1 s; peak memory 8884 MiB.
2026-09-20T17:32:54Z INFO [1655/2401] b29a04e3-a2de-415a-b396-383daf0dd4ec: valid; 3.7 s; peak memory 8884 MiB.
2026-09-20T17:33:02Z INFO [1656/2401] b2ae0c99-0011-4ef1-8fec-60630d9f1a08: valid; 8.7 s; peak memory 8884 MiB.
2026-09-20T17:33:05Z INFO [1657/2401] b2b21d11-aef0-49c6-ae9a-115ab18e6227: not valid; 2.4 s; peak memory 8884 MiB.
2026-09-20T17:33:08Z INFO [1658/2401] b2e93298-830e-4c3e-94d8-1e4cb287c4f5: not valid; 2.8 s; peak memory 8884 MiB.
2026-09-20T17:33:10Z WARNING b2ee0bec-ed4a-4779-846e-a432ed80fc33: failed while opening the NWB file (ConstructError: (root/acquisition/_iblmic_audioSpectrogram/bands GroupBuilder {'attributes': {'colnames': array(['freq'], dtype=object), 'description': 'spectogram frequencies', 'namespace': 'core', 'neurodata_type': 'FrequencyBandsTable', 'object_id': 'b05070c3-c896-48b0-99b3-b95a0eafa374'}, 'groups': {}, 'datasets': {'freq': root/acquisition/_iblmic_audioSpectrogram/bands/freq DatasetBuilder {'attributes': {'description': 'frequency value', 'namespace': 'hdmf-common', 'neurodata_type': 'VectorData', 'object_id': '12cecdf9-625c-4d9a-b003-4f6a9eba0b04'}, 'data': <HDF5 dataset "freq": shape (257,), type "<f4">}, 'id': root/acquisition/_iblmic_audioSpectrogram/bands/id DatasetBuilder {'attributes': {'namespace': 'hdmf-common', 'neurodata_type': 'ElementIdentifiers', 'object_id': '1f909086-9480-4a86-8278-2c8b4d1454ac'}, 'data': <HDF5 dataset "id": shape (257,), type "<i4">}}, 'links': {}}, "Could not construct FrequencyBandsTable object due to: column must have the same number of rows as 'id'"))
2026-09-20T17:33:11Z INFO [1660/2401] b3007c49-ac41-4930-a549-627daea8e4ef: valid; 1.9 s; peak memory 8884 MiB.
2026-09-20T17:33:14Z INFO [1661/2401] b30b304c-f874-4c05-885f-e2aa502fb1a1: valid; 2.3 s; peak memory 8884 MiB.
2026-09-20T17:33:15Z INFO [1662/2401] b323f90b-b95f-4f08-a647-e2510a9e2f42: not valid; 1.6 s; peak memory 8884 MiB.
2026-09-20T17:33:41Z INFO [1663/2401] b32ebf80-7ad4-4e1e-ac2e-8d7107573719: valid; 25.8 s; peak memory 8884 MiB.
2026-09-20T17:33:44Z INFO [1664/2401] b357681a-a8d8-4b97-8583-363329e16eb7: valid; 2.9 s; peak memory 8884 MiB.
2026-09-20T17:33:45Z INFO [1665/2401] b359f762-3941-430c-a70e-8bbdabdce870: valid; 1.3 s; peak memory 8884 MiB.
2026-09-20T17:33:48Z INFO [1666/2401] b38059eb-80fd-4753-9ca8-2575bebc31de: not valid; 2.6 s; peak memory 8884 MiB.
2026-09-20T17:33:49Z INFO [1667/2401] b391f939-439c-4182-a5bb-91e90cc49be5: valid; 1.3 s; peak memory 8884 MiB.
2026-09-20T17:33:51Z INFO [1668/2401] b398ac87-90a4-4377-8a33-94a261ff7456: not valid; 1.7 s; peak memory 8884 MiB.
2026-09-20T17:34:02Z INFO [1669/2401] b40469a0-d453-4d6d-8a11-ebccb8914a28: valid; 11.2 s; peak memory 8884 MiB.
2026-09-20T17:34:11Z INFO [1670/2401] b465a9b6-49b0-4b22-8a57-9db758ebdef1: valid; 9.1 s; peak memory 8884 MiB.
2026-09-20T17:34:14Z INFO [1671/2401] b469333e-180f-45c3-8349-9e5dae383f04: valid; 2.5 s; peak memory 8884 MiB.
2026-09-20T17:34:16Z INFO [1672/2401] b46d42d0-21a8-4cb9-849c-6064ee61bcfc: valid; 2.4 s; peak memory 8884 MiB.
2026-09-20T17:34:18Z INFO [1673/2401] b477389e-9847-49c1-9a8b-569cc61413ed: not valid; 1.6 s; peak memory 8884 MiB.
2026-09-20T17:34:38Z INFO [1674/2401] b48491a6-3617-4c4a-ba1c-1b37a5e647ba: valid; 20.1 s; peak memory 8884 MiB.
2026-09-20T17:34:39Z INFO [1675/2401] b4a68496-868d-4cb2-b53c-f6b0850d56ee: not valid; 1.1 s; peak memory 8884 MiB.
2026-09-20T17:34:41Z WARNING b4b11b76-6070-4333-9165-83450024482e: failed while opening the NWB file (ConstructError: (root/acquisition/event_code_meanings GroupBuilder {'attributes': {'colnames': array(['value', 'meaning'], dtype=object), 'description': 'Mapping integer event codes to event labels', 'namespace': 'ndx-events', 'neurodata_type': 'MeaningsTable', 'object_id': 'ed227a20-10b2-4afb-87ca-788cde9da6c1'}, 'groups': {}, 'datasets': {'id': root/acquisition/event_code_meanings/id DatasetBuilder {'attributes': {'namespace': 'hdmf-common', 'neurodata_type': 'ElementIdentifiers', 'object_id': '333ab80c-9e24-4004-99d0-16121c3c0898'}, 'data': <HDF5 dataset "id": shape (26,), type "<i8">}, 'meaning': root/acquisition/event_code_meanings/meaning DatasetBuilder {'attributes': {'description': 'The meaning of the value in the parent CategoricalVectorData object.', 'namespace': 'hdmf-experimental', 'neurodata_type': 'VectorData', 'object_id': 'a2c36395-e619-4bec-abf3-331dd426692f'}, 'data': <StrDataset for HDF5 dataset "meaning": shape (26,), type "|O">}, 'value': root/acquisition/event_code_meanings/value DatasetBuilder {'attributes': {'description': 'The value of the parent CategoricalVectorData object.', 'namespace': 'hdmf-experimental', 'neurodata_type': 'VectorData', 'object_id': '29d6bdc1-8a17-4ee5-a8c5-0b5b60d57b76'}, 'data': <HDF5 dataset "value": shape (26,), type "<i8">}}, 'links': {}}, "Could not construct MeaningsTable object due to: MeaningsTable.__init__: missing argument 'target'"))
2026-09-20T17:34:42Z INFO [1677/2401] b4c5e1b8-b7f1-4bc1-9836-03fea469e326: not valid; 1.7 s; peak memory 8884 MiB.
2026-09-20T17:34:44Z INFO [1678/2401] b51feb59-b079-4c64-970e-7dccb84eb63c: valid; 1.5 s; peak memory 8884 MiB.
2026-09-20T17:34:47Z INFO [1679/2401] b5662e8e-b2ec-4a52-befd-c3eae96b4577: valid; 2.7 s; peak memory 8884 MiB.
2026-09-20T17:34:48Z INFO [1680/2401] b5686090-a503-40cf-b17d-60041069d33f: not valid; 1.6 s; peak memory 8884 MiB.
2026-09-20T17:35:00Z INFO [1681/2401] b57a5faa-503c-4af5-875d-16d15239694c: valid; 12.1 s; peak memory 8884 MiB.
2026-09-20T17:35:02Z INFO [1682/2401] b5ae9c85-3700-449c-befd-30f25aadccd6: valid; 1.4 s; peak memory 8884 MiB.
2026-09-20T17:35:05Z INFO [1683/2401] b5cee85a-1320-4d8c-a09c-2026e1614d04: valid; 3.1 s; peak memory 8884 MiB.
2026-09-20T17:35:07Z INFO [1684/2401] b5e7f4d7-6344-4454-af6e-f182e1bc3a93: valid; 2.1 s; peak memory 8884 MiB.
2026-09-20T17:35:08Z INFO [1685/2401] b5f67070-7cd6-45a5-802e-e75e882c2823: valid; 1.4 s; peak memory 8884 MiB.
2026-09-20T17:35:10Z INFO [1686/2401] b5f6eed4-fb10-46ec-846a-88e737abd1bd: valid; 2.1 s; peak memory 8884 MiB.
2026-09-20T17:35:12Z INFO [1687/2401] b611cb89-9318-4123-a268-dfb84b73ea7f: valid; 1.5 s; peak memory 8884 MiB.
2026-09-20T17:35:14Z INFO [1688/2401] b6398a51-9a04-411c-9736-f628b5a51481: valid; 2.0 s; peak memory 8884 MiB.
2026-09-20T17:35:17Z INFO [1689/2401] b642b863-5490-4594-b1c9-35ae2770bd0c: valid; 3.0 s; peak memory 8884 MiB.
2026-09-20T17:35:20Z INFO [1690/2401] b6d07ab3-138d-40ab-b903-055ba313c98d: valid; 3.3 s; peak memory 8884 MiB.
2026-09-20T17:35:22Z INFO [1691/2401] b6d24bcf-f2c1-4e61-9950-bba78bc272ed: valid; 1.6 s; peak memory 8884 MiB.
2026-09-20T17:35:29Z INFO [1692/2401] b6f2cb94-f583-43e7-886f-1a790b45c948: valid; 7.5 s; peak memory 8884 MiB.
2026-09-20T17:35:31Z INFO [1693/2401] b6fef5d2-9977-40ab-ba48-e4527d1030a5: valid; 1.3 s; peak memory 8884 MiB.
2026-09-20T17:35:33Z INFO [1694/2401] b7130b70-1075-43ac-9df3-66cd8c1bc025: valid; 2.1 s; peak memory 8884 MiB.
2026-09-20T17:35:35Z INFO [1695/2401] b7233eda-855f-4d5a-85cc-44becda85cea: valid; 2.1 s; peak memory 8884 MiB.
2026-09-20T17:35:38Z INFO [1696/2401] b724ba11-029c-45d0-bddb-967bf9dd139f: valid; 3.1 s; peak memory 8884 MiB.
2026-09-20T17:35:39Z INFO [1697/2401] b74e7e13-7d7c-4100-97c0-5f9f18d13039: valid; 1.4 s; peak memory 8884 MiB.
2026-09-20T17:35:56Z INFO [1698/2401] b78a3efd-b994-49a3-bda4-89497b76caee: not valid; 16.1 s; peak memory 8884 MiB.
2026-09-20T17:35:57Z INFO [1699/2401] b78e95e0-aa11-469a-a7b3-7df0529a73c4: valid; 1.4 s; peak memory 8884 MiB.
2026-09-20T17:35:59Z INFO [1700/2401] b78f2b79-c7f5-4631-9369-0a6a31974bb2: valid; 1.7 s; peak memory 8884 MiB.
2026-09-20T17:35:59Z INFO [1700/2401] b78f2b79-c7f5-4631-9369-0a6a31974bb2: checkpointed 72010 records.
2026-09-20T17:36:01Z INFO [1701/2401] b7b05800-a07a-4917-b150-b75c50f0a87c: valid; 2.0 s; peak memory 8884 MiB.
2026-09-20T17:36:03Z INFO [1702/2401] b7ddc243-5fa0-43ed-b296-6399e7e1e0ca: valid; 2.1 s; peak memory 8884 MiB.
2026-09-20T17:36:13Z INFO [1703/2401] b828e532-60d8-4e64-9518-ecd0e4df3440: valid; 9.7 s; peak memory 8884 MiB.
2026-09-20T17:36:17Z INFO [1704/2401] b829eaeb-8186-4ee1-b8bf-8c1d1b5173bd: valid; 3.9 s; peak memory 8884 MiB.
2026-09-20T17:36:18Z INFO [1705/2401] b82a11fb-f096-4e99-98d2-0f129df1fcab: valid; 1.3 s; peak memory 8884 MiB.
2026-09-20T17:36:29Z INFO [1706/2401] b845cf24-edaa-4b75-8425-a32cc58458c3: valid; 11.0 s; peak memory 8884 MiB.
2026-09-20T17:36:32Z INFO [1707/2401] b862ff59-649a-4ec9-821f-1b0d55fca47e: valid; 3.0 s; peak memory 8884 MiB.
2026-09-20T17:36:35Z INFO [1708/2401] b8682f20-16b6-40a6-97af-7aa55c123647: not valid; 2.5 s; peak memory 8884 MiB.
2026-09-20T17:36:50Z INFO [1709/2401] b871b530-80bf-4802-a8b3-8aed53d68753: valid; 15.2 s; peak memory 8884 MiB.
2026-09-20T17:36:53Z WARNING b8857326-c0f1-4a08-b671-68c8186543cf: failed while opening the NWB file (ConstructError: (root/general/optogenetics/PatternedOptogeneticStimulusSite GroupBuilder {'attributes': {'effector': 'GUR-3/PRDX-2', 'namespace': 'ndx-patterned-ogen', 'neurodata_type': 'PatternedOptogeneticStimulusSite', 'object_id': '2550fec0-4944-41e5-9904-40bac1fbe12b'}, 'groups': {}, 'datasets': {'description': root/general/optogenetics/PatternedOptogeneticStimulusSite/description DatasetBuilder {'attributes': {}, 'data': 'Scanning'}, 'excitation_lambda': root/general/optogenetics/PatternedOptogeneticStimulusSite/excitation_lambda DatasetBuilder {'attributes': {}, 'data': np.float64(850.0)}, 'location': root/general/optogenetics/PatternedOptogeneticStimulusSite/location DatasetBuilder {'attributes': {}, 'data': 'whole brain'}}, 'links': {'device': root/general/optogenetics/PatternedOptogeneticStimulusSite/device LinkBuilder {'builder': root/general/devices/OptogeneticDevice GroupBuilder {'attributes': {'description': '', 'namespace': 'core', 'neurodata_type': 'Device', 'object_id': '2d84831e-0f26-4403-bc01-a6601f22f6af'}, 'groups': {}, 'datasets': {}, 'links': {}}}, 'light_source': root/general/optogenetics/PatternedOptogeneticStimulusSite/light_source LinkBuilder {'builder': root/general/devices/AmplifiedLaser GroupBuilder {'attributes': {'description': 'For two-photon optogenetic targeting, we used an optical parametric amplifier (OPA; Light Conversion ORPHEUS) pumped by a femtosecond amplified laser (Light Conversion PHAROS).', 'filter_description': 'Short pass at 1040 nm', 'manufacturer': 'Light Conversion', 'model': 'ORPHEUS amplifier and PHAROS laser', 'namespace': 'ndx-patterned-ogen', 'neurodata_type': 'LightSource', 'object_id': '7f30b4c4-e06a-4b63-852a-4092806bd936', 'peak_power_in_W': np.float64(0.0012), 'pulse_rate_in_Hz': np.float64(500000.0), 'stimulation_wavelength_in_nm': np.float64(850.0)}, 'groups': {}, 'datasets': {}, 'links': {}}}}}, "Could not construct PatternedOptogeneticStimulusSite object due to: CustomClassGenerator.set_init.<locals>.__init__: incorrect type for 'spatial_light_modulator' (got 'list', expected 'Device')"))
2026-09-20T17:36:55Z INFO [1711/2401] b8a2b59e-035c-49f4-859f-bec5f02a1997: valid; 1.8 s; peak memory 8884 MiB.
2026-09-20T17:37:06Z INFO [1712/2401] b8abbbcf-d78d-4254-9c6a-58e2300b7950: valid; 10.9 s; peak memory 8884 MiB.
2026-09-20T17:37:08Z INFO [1713/2401] b8d6e1e1-a54b-4e84-bde2-18c762362055: not valid; 1.9 s; peak memory 8884 MiB.
2026-09-20T17:37:10Z INFO [1714/2401] b8e35e2c-8cf6-4c68-b11c-deea3c9af84e: valid; 2.2 s; peak memory 8884 MiB.
2026-09-20T17:37:11Z INFO [1715/2401] b914cc20-d355-4d02-9fa6-cc40854af549: valid; 1.2 s; peak memory 8884 MiB.
2026-09-20T17:37:19Z INFO [1716/2401] b938c102-4fd9-4438-9052-ff2860bf275a: valid; 8.2 s; peak memory 8884 MiB.
2026-09-20T17:37:35Z INFO [1717/2401] b95a7635-86f7-446c-b6d2-5a50b675809c: valid; 15.8 s; peak memory 8884 MiB.
2026-09-20T17:37:37Z INFO [1718/2401] b95f8b22-bf0d-4bb6-97d5-1eb8e15dbf83: not valid; 1.6 s; peak memory 8884 MiB.
2026-09-20T17:37:40Z INFO [1719/2401] b98ee988-f493-42ef-a4dc-97602972b7ab: not valid; 2.9 s; peak memory 8884 MiB.
2026-09-20T17:37:42Z WARNING b99dd28d-d5fc-4825-b52a-63911983ef51: failed while opening the NWB file (ConstructError: (root/acquisition/_iblmic_audioSpectrogram/bands GroupBuilder {'attributes': {'colnames': array(['freq'], dtype=object), 'description': 'spectogram frequencies', 'namespace': 'core', 'neurodata_type': 'FrequencyBandsTable', 'object_id': 'a047b358-804b-425b-aa4b-6ce6f1647b14'}, 'groups': {}, 'datasets': {'freq': root/acquisition/_iblmic_audioSpectrogram/bands/freq DatasetBuilder {'attributes': {'description': 'frequency value', 'namespace': 'hdmf-common', 'neurodata_type': 'VectorData', 'object_id': '1ae5d180-a38d-4ef8-b862-89abe9a533d7'}, 'data': <HDF5 dataset "freq": shape (257,), type "<f4">}, 'id': root/acquisition/_iblmic_audioSpectrogram/bands/id DatasetBuilder {'attributes': {'namespace': 'hdmf-common', 'neurodata_type': 'ElementIdentifiers', 'object_id': 'e93fcd20-9553-403e-8c47-b2d3853d688c'}, 'data': <HDF5 dataset "id": shape (257,), type "<i4">}}, 'links': {}}, "Could not construct FrequencyBandsTable object due to: column must have the same number of rows as 'id'"))
2026-09-20T17:37:43Z INFO [1721/2401] b9aa240f-09ff-48cd-bd17-806e1602b5ff: valid; 1.6 s; peak memory 8884 MiB.
2026-09-20T17:38:00Z INFO [1722/2401] b9b2b824-7bda-4b95-bfb4-c35900950362: valid; 16.5 s; peak memory 8884 MiB.
2026-09-20T17:38:03Z INFO [1723/2401] b9d4fbf4-c63f-46d9-a488-e9aa3f7e7a46: not valid; 3.6 s; peak memory 8884 MiB.
2026-09-20T17:38:05Z INFO [1724/2401] b9e844ec-d09d-402b-834b-dfb822134816: not valid; 1.6 s; peak memory 8884 MiB.
2026-09-20T17:38:07Z INFO [1725/2401] b9f5cc77-1c02-46da-8282-797fd6aba653: not valid; 1.9 s; peak memory 8884 MiB.
2026-09-20T17:38:09Z INFO [1726/2401] ba496757-8e79-4409-83e9-6d31fa74fc41: valid; 2.1 s; peak memory 8884 MiB.
2026-09-20T17:38:10Z INFO [1727/2401] ba54fb41-c3b8-4032-993c-b0dbd3186a46: valid; 1.6 s; peak memory 8884 MiB.
2026-09-20T17:38:13Z INFO [1728/2401] ba7295c7-d33d-42b9-9a87-c89553aafe27: valid; 2.5 s; peak memory 8884 MiB.
2026-09-20T17:38:20Z INFO [1729/2401] ba94b8cf-ef5f-4c52-b8db-c007a955553a: valid; 7.1 s; peak memory 8884 MiB.
2026-09-20T17:38:21Z INFO [1730/2401] baa0cded-c93d-41ed-b07c-56615c6d4630: valid; 1.4 s; peak memory 8884 MiB.
2026-09-20T17:38:24Z INFO [1731/2401] baa59538-a784-4433-9640-665e71b7012d: valid; 2.1 s; peak memory 8884 MiB.
2026-09-20T17:38:36Z INFO [1732/2401] bb0e1435-463f-4d88-b2b5-bf3f75698884: valid; 12.4 s; peak memory 8884 MiB.
2026-09-20T17:38:43Z INFO [1733/2401] bb593e11-7b5a-42a8-b2eb-1d2e8608e93d: valid; 7.1 s; peak memory 8884 MiB.
2026-09-20T17:38:48Z INFO [1734/2401] bb681181-ea22-4220-8d2b-6cc10f6ab04c: valid; 5.2 s; peak memory 8884 MiB.
2026-09-20T17:38:50Z INFO [1735/2401] bb723493-2f11-483c-98e3-ab73015a999a: valid; 1.3 s; peak memory 8884 MiB.
2026-09-20T17:38:51Z INFO [1736/2401] bb74371c-501f-407e-a57c-cdeb853ef0a4: valid; 1.3 s; peak memory 8884 MiB.
2026-09-20T17:38:52Z INFO [1737/2401] bb7747fc-7151-41fd-9d99-bd7db9245902: valid; 1.3 s; peak memory 8884 MiB.
2026-09-20T17:38:54Z INFO [1738/2401] bb91477e-3011-4635-b7e0-a26e4e5d9cee: valid; 1.3 s; peak memory 8884 MiB.
2026-09-20T17:38:55Z INFO [1739/2401] bbcd7426-182b-49fb-9880-b45a6915ff62: valid; 1.1 s; peak memory 8884 MiB.
2026-09-20T17:38:56Z INFO [1740/2401] bbd7fcaa-870e-48ad-9f5f-75efe0f58ae4: not valid; 1.8 s; peak memory 8884 MiB.
2026-09-20T17:38:59Z INFO [1741/2401] bbeba4ac-3d0a-407e-83c7-c4e856d4edb6: not valid; 2.2 s; peak memory 8884 MiB.
2026-09-20T17:39:03Z INFO [1742/2401] bc1d5ebc-efd7-4b25-aaac-5cca09a803c1: valid; 4.5 s; peak memory 8884 MiB.
2026-09-20T17:39:04Z INFO [1743/2401] bc424c13-4490-46b4-bf28-39a8d89fff51: valid; 1.4 s; peak memory 8884 MiB.
2026-09-20T17:39:06Z INFO [1744/2401] bc621894-1bca-4bf9-be8a-9d3e658ec5e9: valid; 1.4 s; peak memory 8884 MiB.
2026-09-20T17:39:08Z INFO [1745/2401] bc655c07-8e67-488c-ade8-475f578f7274: not valid; 1.8 s; peak memory 8884 MiB.
2026-09-20T17:39:26Z INFO [1746/2401] bc8a70fd-9b83-4dc1-a6bc-0f1db9cc3dfb: valid; 18.0 s; peak memory 8884 MiB.
2026-09-20T17:39:27Z INFO [1747/2401] bc95d8b6-097b-447b-ada8-d8563c3f6d9d: not valid; 1.3 s; peak memory 8884 MiB.
2026-09-20T17:39:29Z WARNING bc9af98f-a7f1-4d10-bc8a-ad3ed7c50af1: failed while opening the NWB file (ConstructError: (root/acquisition/_iblmic_audioSpectrogram/bands GroupBuilder {'attributes': {'colnames': array(['freq'], dtype=object), 'description': 'spectogram frequencies', 'namespace': 'core', 'neurodata_type': 'FrequencyBandsTable', 'object_id': '49a41317-18aa-4e58-9315-833759b97be4'}, 'groups': {}, 'datasets': {'freq': root/acquisition/_iblmic_audioSpectrogram/bands/freq DatasetBuilder {'attributes': {'description': 'frequency value', 'namespace': 'hdmf-common', 'neurodata_type': 'VectorData', 'object_id': '74cd5c33-848f-490b-ba9f-ad2a5237dc28'}, 'data': <HDF5 dataset "freq": shape (257,), type "<f4">}, 'id': root/acquisition/_iblmic_audioSpectrogram/bands/id DatasetBuilder {'attributes': {'namespace': 'hdmf-common', 'neurodata_type': 'ElementIdentifiers', 'object_id': '26df183a-4e6b-4fa9-a1c5-db2a9232a868'}, 'data': <HDF5 dataset "id": shape (257,), type "<i4">}}, 'links': {}}, "Could not construct FrequencyBandsTable object due to: column must have the same number of rows as 'id'"))
2026-09-20T17:39:34Z INFO [1749/2401] bca7dd0a-a3c3-4c1b-8059-7b18377277a9: not valid; 4.5 s; peak memory 8884 MiB.
2026-09-20T17:39:35Z INFO [1750/2401] bca915f6-6686-4689-aea8-e40c975a5b33: valid; 1.4 s; peak memory 8884 MiB.
2026-09-20T17:39:36Z INFO [1750/2401] bca915f6-6686-4689-aea8-e40c975a5b33: checkpointed 72010 records.
2026-09-20T17:39:43Z INFO [1751/2401] bcbb0fad-5239-41b3-aee7-4cf3ca4881b8: valid; 7.8 s; peak memory 8884 MiB.
2026-09-20T17:39:46Z INFO [1752/2401] bcd3343e-76bc-44eb-a336-2d4cd05fd4cf: not valid; 2.5 s; peak memory 8884 MiB.
2026-09-20T17:39:50Z INFO [1753/2401] bcdfd895-075f-4a6c-b555-f2769a10f5f8: valid; 4.3 s; peak memory 8884 MiB.
2026-09-20T17:39:52Z INFO [1754/2401] bceadc46-fe93-4f4c-a58d-8c3f4a50342a: not valid; 1.5 s; peak memory 8884 MiB.
2026-09-20T17:39:54Z INFO [1755/2401] bceb64bf-ad74-4a4b-8ee2-8649f6bf8a77: not valid; 2.1 s; peak memory 8884 MiB.
2026-09-20T17:40:11Z INFO [1756/2401] bcec0a91-1eb1-4909-93db-41585f9fe576: valid; 16.7 s; peak memory 8884 MiB.
2026-09-20T17:40:12Z INFO [1757/2401] bcf73990-b244-4417-bd93-dd6c529c9a21: valid; 1.4 s; peak memory 8884 MiB.
2026-09-20T17:40:15Z INFO [1758/2401] bd0ef177-f09b-4cb3-8647-78453a71107f: not valid; 3.0 s; peak memory 8884 MiB.
2026-09-20T17:40:17Z INFO [1759/2401] bd12338d-36c4-4d96-ac40-3683dbb2bf9c: not valid; 2.1 s; peak memory 8884 MiB.
2026-09-20T17:40:19Z INFO [1760/2401] bd28146e-c08a-4e14-83a9-c053757ad045: valid; 1.7 s; peak memory 8884 MiB.
2026-09-20T17:40:20Z INFO [1761/2401] bd3ee963-9785-4d9d-8aa3-6be388b594e5: valid; 1.5 s; peak memory 8884 MiB.
2026-09-20T17:40:23Z INFO [1762/2401] bd5920e1-b6a8-41c6-aa27-8e6f75d2ab04: valid; 2.9 s; peak memory 8884 MiB.
2026-09-20T17:40:25Z INFO [1763/2401] bd681dc7-e9d6-4303-992a-d7706eaa1473: not valid; 1.6 s; peak memory 8884 MiB.
2026-09-20T17:40:31Z INFO [1764/2401] bd696c7f-a282-4ab7-938e-c7ad70c8087b: not valid; 6.2 s; peak memory 8884 MiB.
2026-09-20T17:40:32Z INFO [1765/2401] bd70b833-05ae-4f91-93c4-5ec68c34e13d: valid; 1.4 s; peak memory 8884 MiB.
2026-09-20T17:40:48Z INFO [1766/2401] bd766cee-f1c9-4ffb-b291-ce0cf1e7b09c: not valid; 15.4 s; peak memory 8884 MiB.
2026-09-20T17:40:51Z INFO [1767/2401] bdab4188-9970-4e64-8753-0163acf71668: valid; 2.7 s; peak memory 8884 MiB.
2026-09-20T17:40:54Z INFO [1768/2401] bdcadce2-2f8d-4ec0-a15e-9e469363aa5a: valid; 3.8 s; peak memory 8884 MiB.
2026-09-20T17:40:56Z INFO [1769/2401] bdd98920-0c50-4d12-bd92-3427197d55cd: valid; 1.5 s; peak memory 8884 MiB.
2026-09-20T17:41:11Z INFO [1770/2401] bddbb540-c012-4f94-93bb-6c28084b9a18: valid; 15.0 s; peak memory 8884 MiB.
2026-09-20T17:41:13Z INFO [1771/2401] be5804a8-e6cc-454c-a618-98df7ed60a31: not valid; 2.1 s; peak memory 8884 MiB.
2026-09-20T17:41:15Z INFO [1772/2401] be88f8af-c0ea-4184-bea7-75ff254db15e: valid; 2.0 s; peak memory 8884 MiB.
2026-09-20T17:41:17Z INFO [1773/2401] be8e013a-85d7-4eba-ac10-f06d2efd0908: valid; 2.1 s; peak memory 8884 MiB.
2026-09-20T17:41:20Z INFO [1774/2401] becdcefb-39ea-4cda-a40f-5d55dfad5352: valid; 2.9 s; peak memory 8884 MiB.
2026-09-20T17:41:22Z INFO [1775/2401] befba39e-5e5b-449e-8419-e2f03e7cde7a: valid; 1.8 s; peak memory 8884 MiB.
2026-09-20T17:41:24Z INFO [1776/2401] befc797a-464e-415b-bea0-c9c98c408d64: valid; 2.5 s; peak memory 8884 MiB.
2026-09-20T17:41:28Z INFO [1777/2401] bf04c4c8-bd90-4202-b454-1cbf2b4d0a6a: valid; 3.5 s; peak memory 8884 MiB.
2026-09-20T17:41:30Z INFO [1778/2401] bf198c3d-a2dd-4335-b59f-ef7ced20eef0: valid; 1.9 s; peak memory 8884 MiB.
2026-09-20T17:41:31Z INFO [1779/2401] bf2413a4-3a34-4066-a6ab-7fadbd1a1c5e: valid; 1.4 s; peak memory 8884 MiB.
2026-09-20T17:41:40Z INFO [1780/2401] bf4ba08f-1afb-4637-a8e8-4e93082cbbef: valid; 9.2 s; peak memory 8884 MiB.
2026-09-20T17:41:58Z INFO [1781/2401] bfa12ebb-3b3c-4931-bf96-dfeb3060c020: valid; 17.2 s; peak memory 8884 MiB.
2026-09-20T17:41:59Z INFO [1782/2401] bfb43a98-e42c-41d9-8ab2-ba695f82b30b: not valid; 1.9 s; peak memory 8884 MiB.
2026-09-20T17:42:01Z INFO [1783/2401] bfbdf9b0-fcfb-4a38-b368-d5807032deef: valid; 2.1 s; peak memory 8884 MiB.
2026-09-20T17:42:04Z INFO [1784/2401] bfe350bb-16d8-483f-9139-e64d4a177964: valid; 2.1 s; peak memory 8884 MiB.
2026-09-20T17:42:04Z WARNING c01c9a64-221c-402b-b568-55a34762fd33: failed while retrieving asset information from the DANDI API (NotFoundError: No asset at path 'sub-healthy-simulated-beta/sub-healthy-simulated-beta_ses-9248_ecephys.nwb' in version 0.250327.2220. Verify the path is correct and the asset exists in this version. Use 'dandi ls' to list available assets.)
2026-09-20T17:42:06Z WARNING c040b160-9e60-4e9f-8638-256c3f0c5591: failed while opening the NWB file (ValueError: Cannot resolve included group spec 'electrodes' with data_type_inc 'ElectrodesTable' because a group spec with the same name already exists with data_type_inc 'DynamicTable', and data type 'DynamicTable' is not a child type of data type 'ElectrodesTable'.)
2026-09-20T17:42:09Z INFO [1787/2401] c04450e8-5b91-497c-99f4-3ee3cfbe0190: not valid; 2.5 s; peak memory 8884 MiB.
2026-09-20T17:42:10Z INFO [1788/2401] c0a31322-cd7e-4d2d-ab51-e491c78177a9: not valid; 1.0 s; peak memory 8884 MiB.
2026-09-20T17:42:12Z INFO [1789/2401] c0b3deb5-cfd0-4070-9078-ae75d4c6d4db: valid; 2.5 s; peak memory 8884 MiB.
2026-09-20T17:42:15Z INFO [1790/2401] c0de2fd4-8371-4cda-9067-6605bebb8c0a: valid; 3.4 s; peak memory 8884 MiB.
2026-09-20T17:42:17Z INFO [1791/2401] c0e17df6-2572-4458-8bf0-07b59419de49: not valid; 1.6 s; peak memory 8884 MiB.
2026-09-20T17:42:19Z INFO [1792/2401] c10f309a-4a27-4ad3-b6e7-56336b4f814d: valid; 2.3 s; peak memory 8884 MiB.
2026-09-20T17:42:21Z INFO [1793/2401] c111ea2e-b23c-4822-9b84-34d5fdae2659: not valid; 1.5 s; peak memory 8884 MiB.
2026-09-20T17:42:23Z INFO [1794/2401] c12164ac-b29d-44b7-bfd5-84569cfa4ed8: not valid; 2.2 s; peak memory 8884 MiB.
2026-09-20T17:42:26Z INFO [1795/2401] c14d6e10-490e-4db8-8240-c46b137a722a: valid; 3.0 s; peak memory 8884 MiB.
2026-09-20T17:42:31Z INFO [1796/2401] c1523d4c-5dd1-48e8-8405-681cd48342aa: valid; 4.6 s; peak memory 8884 MiB.
2026-09-20T17:42:34Z INFO [1797/2401] c1540a52-f7ae-4a4a-8ef6-9c7fdfdaa734: valid; 3.6 s; peak memory 8884 MiB.
2026-09-20T17:42:46Z INFO [1798/2401] c16624d7-ef8c-4e01-a0fd-a4ae4783cf1b: valid; 11.5 s; peak memory 8884 MiB.
2026-09-20T17:42:49Z INFO [1799/2401] c179bb2a-d377-4183-a6d8-bb62d24705c2: valid; 3.3 s; peak memory 8884 MiB.
2026-09-20T17:42:52Z INFO [1800/2401] c195b68f-d617-4153-ade5-6c6f36ec8855: valid; 3.2 s; peak memory 8884 MiB.
2026-09-20T17:42:53Z INFO [1800/2401] c195b68f-d617-4153-ade5-6c6f36ec8855: checkpointed 72010 records.
2026-09-20T17:42:54Z INFO [1801/2401] c197dfb6-8ca0-4732-8bb0-ba41ed313dd9: valid; 1.3 s; peak memory 8884 MiB.
2026-09-20T17:42:57Z INFO [1802/2401] c1b1eef6-05d0-4729-85d3-c399bc76ab34: valid; 2.8 s; peak memory 8884 MiB.
2026-09-20T17:42:58Z INFO [1803/2401] c1ca461f-0bdf-4980-af04-ae5da59cd792: valid; 1.6 s; peak memory 8884 MiB.
2026-09-20T17:43:07Z INFO [1804/2401] c1f8817a-bc7c-4a2e-93f0-9ce461509343: valid; 8.6 s; peak memory 8884 MiB.
2026-09-20T17:43:20Z INFO [1805/2401] c2584632-3a58-446f-b47b-46ba6a637406: valid; 13.5 s; peak memory 8884 MiB.
2026-09-20T17:43:23Z INFO [1806/2401] c26fd1a0-c62e-47e7-88ac-407f361f22dc: valid; 2.1 s; peak memory 8884 MiB.
2026-09-20T17:43:26Z INFO [1807/2401] c2918031-f9f6-4e81-b0ce-be06779acd13: valid; 3.6 s; peak memory 8884 MiB.
2026-09-20T17:43:28Z INFO [1808/2401] c2c60b9f-6b7f-4591-b20e-62069e27f176: valid; 2.0 s; peak memory 8884 MiB.
2026-09-20T17:43:31Z INFO [1809/2401] c2eb199e-6cad-4c7a-a429-4849ea8a796d: valid; 2.7 s; peak memory 8884 MiB.
2026-09-20T17:43:35Z INFO [1810/2401] c3017b09-2186-4928-9d06-c2e42c725f05: valid; 4.4 s; peak memory 8884 MiB.
2026-09-20T17:43:37Z INFO [1811/2401] c351f62c-2b0e-45e9-a3d1-7cf1c592b32d: not valid; 1.6 s; peak memory 8884 MiB.
2026-09-20T17:43:39Z INFO [1812/2401] c37a5bff-a410-4a6b-853e-b79136fa1a86: valid; 2.5 s; peak memory 8884 MiB.
2026-09-20T17:43:44Z INFO [1813/2401] c39fb16c-e3fe-4562-83c0-abf7ad0e6ba3: valid; 4.2 s; peak memory 8884 MiB.
2026-09-20T17:43:46Z INFO [1814/2401] c3a9c2c6-1057-4387-a7d4-c0dc93a38a66: valid; 2.5 s; peak memory 8884 MiB.
2026-09-20T17:43:47Z INFO [1815/2401] c3e47664-297a-4b39-8a7c-48234d76a24c: valid; 1.4 s; peak memory 8884 MiB.
2026-09-20T17:43:49Z INFO [1816/2401] c3fbabf1-89bc-4c1f-8688-e35c649af791: valid; 1.4 s; peak memory 8884 MiB.
2026-09-20T17:43:52Z INFO [1817/2401] c41ab8fd-95d6-45d8-99e7-3601abe21e3a: valid; 2.7 s; peak memory 8884 MiB.
2026-09-20T17:43:53Z WARNING c4574314-14fd-44ac-9e18-71c60cca8dbf: failed while opening the NWB file (ConstructError: (root/acquisition/event_code_meanings GroupBuilder {'attributes': {'colnames': array(['value', 'meaning'], dtype=object), 'description': 'Mapping integer event codes to event labels', 'namespace': 'ndx-events', 'neurodata_type': 'MeaningsTable', 'object_id': '25cf9f09-8161-46ce-96b3-c2f75495e9d0'}, 'groups': {}, 'datasets': {'id': root/acquisition/event_code_meanings/id DatasetBuilder {'attributes': {'namespace': 'hdmf-common', 'neurodata_type': 'ElementIdentifiers', 'object_id': 'a1c273bb-0117-4e06-a2e9-40f415305db1'}, 'data': <HDF5 dataset "id": shape (26,), type "<i8">}, 'meaning': root/acquisition/event_code_meanings/meaning DatasetBuilder {'attributes': {'description': 'The meaning of the value in the parent CategoricalVectorData object.', 'namespace': 'hdmf-experimental', 'neurodata_type': 'VectorData', 'object_id': 'd4096f96-d668-49bd-a067-ca51fe0330d8'}, 'data': <StrDataset for HDF5 dataset "meaning": shape (26,), type "|O">}, 'value': root/acquisition/event_code_meanings/value DatasetBuilder {'attributes': {'description': 'The value of the parent CategoricalVectorData object.', 'namespace': 'hdmf-experimental', 'neurodata_type': 'VectorData', 'object_id': 'd494caf1-da4e-4a37-a4ac-a1c861f0172f'}, 'data': <HDF5 dataset "value": shape (26,), type "<i8">}}, 'links': {}}, "Could not construct MeaningsTable object due to: MeaningsTable.__init__: missing argument 'target'"))
2026-09-20T17:43:56Z INFO [1819/2401] c45e6ae5-6bb1-497e-8be2-b92e359ceddc: valid; 2.2 s; peak memory 8884 MiB.
2026-09-20T17:44:01Z INFO [1820/2401] c45f6a06-b6c7-48a5-a9ee-8f2a5b5c9c4a: not valid; 5.4 s; peak memory 8884 MiB.
2026-09-20T17:44:22Z INFO [1821/2401] c46acdf4-74bc-4fbd-9c47-6fcf8ea447f7: valid; 20.9 s; peak memory 8884 MiB.
2026-09-20T17:44:24Z INFO [1822/2401] c473bae0-1f2d-4af6-a59f-b75738ab73b6: valid; 2.2 s; peak memory 8884 MiB.
2026-09-20T17:44:42Z INFO [1823/2401] c49e0fd8-4212-4861-9527-c4ce479ab68f: not valid; 18.0 s; peak memory 8884 MiB.
2026-09-20T17:44:44Z INFO [1824/2401] c4a3518d-424f-4287-8f27-eecdddad1bc5: valid; 1.8 s; peak memory 8884 MiB.
2026-09-20T17:44:45Z INFO [1825/2401] c4c4d4b5-7dce-49f8-b276-2440a5d8f56c: valid; 1.3 s; peak memory 8884 MiB.
2026-09-20T17:44:46Z INFO [1826/2401] c4c5db99-7353-4a2d-8cfc-a13a5d18dea5: valid; 1.3 s; peak memory 8884 MiB.
2026-09-20T17:44:49Z WARNING c4e1e48d-aadf-41ae-bc61-9cd425131fdb: failed while opening the NWB file (ConstructError: (root/acquisition/_iblmic_audioSpectrogram/bands GroupBuilder {'attributes': {'colnames': array(['freq'], dtype=object), 'description': 'spectogram frequencies', 'namespace': 'core', 'neurodata_type': 'FrequencyBandsTable', 'object_id': '78d4ca1c-838c-483a-96c9-c6ea6ac76082'}, 'groups': {}, 'datasets': {'freq': root/acquisition/_iblmic_audioSpectrogram/bands/freq DatasetBuilder {'attributes': {'description': 'frequency value', 'namespace': 'hdmf-common', 'neurodata_type': 'VectorData', 'object_id': 'aea129e8-cca3-48f5-bb08-ce9891df3d12'}, 'data': <HDF5 dataset "freq": shape (257,), type "<f4">}, 'id': root/acquisition/_iblmic_audioSpectrogram/bands/id DatasetBuilder {'attributes': {'namespace': 'hdmf-common', 'neurodata_type': 'ElementIdentifiers', 'object_id': '6a69b0ee-8799-441f-a888-11719ac7395a'}, 'data': <HDF5 dataset "id": shape (257,), type "<i4">}}, 'links': {}}, "Could not construct FrequencyBandsTable object due to: column must have the same number of rows as 'id'"))
2026-09-20T17:44:56Z INFO [1828/2401] c50cdde2-aec8-4f1f-8992-47c0e64b9355: valid; 7.7 s; peak memory 8884 MiB.
2026-09-20T17:45:05Z INFO [1829/2401] c51bc4e8-34ad-4026-89bd-2ac17633c8e6: valid; 8.6 s; peak memory 8884 MiB.
2026-09-20T17:45:07Z INFO [1830/2401] c51be8a7-384b-4753-a9a9-c79aedce6068: not valid; 1.8 s; peak memory 8884 MiB.
2026-09-20T17:45:08Z INFO [1831/2401] c54e14bc-412f-4837-9e93-7d4449f1b285: valid; 1.4 s; peak memory 8884 MiB.
2026-09-20T17:45:12Z INFO [1832/2401] c5550327-0a5b-447d-a9b0-b12b2480a402: valid; 3.7 s; peak memory 8884 MiB.
2026-09-20T17:45:13Z INFO [1833/2401] c5810144-748d-409f-9d95-5fe532d5f78b: valid; 1.6 s; peak memory 8884 MiB.
2026-09-20T17:45:14Z INFO [1834/2401] c5cca38e-57b6-4c52-bd2f-c6b554dfd210: valid; 1.2 s; peak memory 8884 MiB.
2026-09-20T17:45:18Z INFO [1835/2401] c5f10d75-d4ae-4bde-881c-910dd7c8a11d: valid; 3.1 s; peak memory 8884 MiB.
2026-09-20T17:45:35Z INFO [1836/2401] c5f3306e-c87f-46db-bc07-af92f82a5f7f: valid; 17.6 s; peak memory 8884 MiB.
2026-09-20T17:45:48Z INFO [1837/2401] c608de61-dca4-4d97-867e-bb17dce3c17a: not valid; 12.8 s; peak memory 8884 MiB.
2026-09-20T17:49:15Z INFO [1838/2401] c6155fb2-d0d9-43b3-9cb6-706756f7d584: not valid; 206.7 s; peak memory 8884 MiB.
2026-09-20T17:49:17Z INFO [1839/2401] c62c5e98-8008-4364-b592-c6848a33feb8: valid; 2.6 s; peak memory 8884 MiB.
2026-09-20T17:49:21Z INFO [1840/2401] c62c7842-8afa-4d48-94a9-62a85113a427: valid; 3.4 s; peak memory 8884 MiB.
2026-09-20T17:49:23Z INFO [1841/2401] c6414a99-2b63-4990-b5da-968b730271e2: valid; 1.8 s; peak memory 8884 MiB.
2026-09-20T17:49:24Z INFO [1842/2401] c64eac04-719e-4ad2-950b-f23b7b41bdb3: valid; 1.4 s; peak memory 8884 MiB.
2026-09-20T17:49:26Z INFO [1843/2401] c64fb18c-ffa5-4eb5-98ed-4c6c2047ab7a: valid; 2.2 s; peak memory 8884 MiB.
2026-09-20T17:49:28Z INFO [1844/2401] c68a967f-c40a-408b-b8bc-38493b3d502f: not valid; 2.1 s; peak memory 8884 MiB.
2026-09-20T17:49:31Z INFO [1845/2401] c6bc2140-c4a7-45a5-8a3b-2ae4a70ac30b: valid; 2.3 s; peak memory 8884 MiB.
2026-09-20T17:49:35Z INFO [1846/2401] c712be12-07f5-45a8-8d0b-f7b730571416: not valid; 4.6 s; peak memory 8884 MiB.
2026-09-20T17:49:37Z INFO [1847/2401] c7281528-2d36-4631-91d8-339e74aaa6af: valid; 2.1 s; peak memory 8884 MiB.
2026-09-20T17:49:39Z INFO [1848/2401] c72a8ecf-213c-4b9f-b562-753bf774b11c: not valid; 2.1 s; peak memory 8884 MiB.
2026-09-20T17:49:42Z WARNING c743d75f-0986-4acb-a8f5-17b290b01fe4: failed while opening the NWB file (ConstructError: (root/acquisition/_iblmic_audioSpectrogram/bands GroupBuilder {'attributes': {'colnames': array(['freq'], dtype=object), 'description': 'spectogram frequencies', 'namespace': 'core', 'neurodata_type': 'FrequencyBandsTable', 'object_id': 'c7a9d2c2-1186-4d3e-9176-7b978308581f'}, 'groups': {}, 'datasets': {'freq': root/acquisition/_iblmic_audioSpectrogram/bands/freq DatasetBuilder {'attributes': {'description': 'frequency value', 'namespace': 'hdmf-common', 'neurodata_type': 'VectorData', 'object_id': 'fb98a72d-82a1-4184-a3a8-370fa0a4242d'}, 'data': <HDF5 dataset "freq": shape (257,), type "<f4">}, 'id': root/acquisition/_iblmic_audioSpectrogram/bands/id DatasetBuilder {'attributes': {'namespace': 'hdmf-common', 'neurodata_type': 'ElementIdentifiers', 'object_id': '326e6cc5-1b9c-4259-a95e-1b86b9e4318b'}, 'data': <HDF5 dataset "id": shape (257,), type "<i4">}}, 'links': {}}, "Could not construct FrequencyBandsTable object due to: column must have the same number of rows as 'id'"))
2026-09-20T17:49:43Z INFO [1850/2401] c78ddd56-e4af-4466-a35d-62b923afad45: valid; 1.3 s; peak memory 8884 MiB.
2026-09-20T17:49:44Z INFO [1850/2401] c78ddd56-e4af-4466-a35d-62b923afad45: checkpointed 72010 records.
2026-09-20T17:49:47Z INFO [1851/2401] c7a34dcd-7568-4619-b06b-12f196d61dcc: valid; 3.5 s; peak memory 8884 MiB.
2026-09-20T17:49:49Z INFO [1852/2401] c7c8c30e-4f76-422e-8ea3-fdd622f53b57: not valid; 1.7 s; peak memory 8884 MiB.
2026-09-20T17:49:54Z INFO [1853/2401] c7e35648-8b5c-4c60-87f8-c2c35cc45bdd: valid; 4.8 s; peak memory 8884 MiB.
2026-09-20T17:49:55Z INFO [1854/2401] c7f37a84-ad2d-42f9-991e-e44aa46a61a1: valid; 1.4 s; peak memory 8884 MiB.
2026-09-20T17:49:57Z INFO [1855/2401] c80a79a6-df36-4b5d-9aa8-e4fcc4888061: valid; 2.3 s; peak memory 8884 MiB.
2026-09-20T17:50:00Z INFO [1856/2401] c8112a54-c41d-4c65-a048-1e97a59f5c06: valid; 2.0 s; peak memory 8884 MiB.
2026-09-20T17:50:03Z INFO [1857/2401] c8171938-1a6e-452a-9179-61a78899b46f: valid; 3.5 s; peak memory 8884 MiB.
2026-09-20T17:50:05Z INFO [1858/2401] c8255565-b1b5-4f8f-a4ad-22d94363fa47: valid; 1.6 s; peak memory 8884 MiB.
2026-09-20T17:50:07Z WARNING c8281347-d9da-4520-871b-bcef95c5bd13: failed while opening the NWB file (ConstructError: (root/acquisition/_iblmic_audioSpectrogram/bands GroupBuilder {'attributes': {'colnames': array(['freq'], dtype=object), 'description': 'spectogram frequencies', 'namespace': 'core', 'neurodata_type': 'FrequencyBandsTable', 'object_id': 'c1d504a9-dd38-4ffe-9120-bab45db152a8'}, 'groups': {}, 'datasets': {'freq': root/acquisition/_iblmic_audioSpectrogram/bands/freq DatasetBuilder {'attributes': {'description': 'frequency value', 'namespace': 'hdmf-common', 'neurodata_type': 'VectorData', 'object_id': '79e8d22a-53da-46c1-b845-62eaa4dffc8c'}, 'data': <HDF5 dataset "freq": shape (257,), type "<f4">}, 'id': root/acquisition/_iblmic_audioSpectrogram/bands/id DatasetBuilder {'attributes': {'namespace': 'hdmf-common', 'neurodata_type': 'ElementIdentifiers', 'object_id': '902d8fb7-5c41-42ac-b26e-0ea65ca8abd1'}, 'data': <HDF5 dataset "id": shape (257,), type "<i4">}}, 'links': {}}, "Could not construct FrequencyBandsTable object due to: column must have the same number of rows as 'id'"))
2026-09-20T17:50:09Z INFO [1860/2401] c82f58f3-9f63-4721-98fe-b840f4964be2: valid; 2.0 s; peak memory 8884 MiB.
2026-09-20T17:50:10Z INFO [1861/2401] c895506e-e028-4d3a-9330-f9d14d4467d8: valid; 1.4 s; peak memory 8884 MiB.
2026-09-20T17:50:12Z INFO [1862/2401] c8aeca03-cd64-434b-955b-ca286b2836ac: valid; 2.1 s; peak memory 8884 MiB.
2026-09-20T17:50:14Z INFO [1863/2401] c8cea2e1-740d-4e32-a069-c29b3625aee1: valid; 2.1 s; peak memory 8884 MiB.
2026-09-20T17:50:15Z INFO [1864/2401] c8d0f115-a5ef-413f-beac-4621a95231aa: valid; 1.2 s; peak memory 8884 MiB.
2026-09-20T17:50:27Z INFO [1865/2401] c9006bf1-3322-45be-82d9-2dceab704620: valid; 11.5 s; peak memory 8884 MiB.
2026-09-20T17:50:29Z INFO [1866/2401] c9143907-e465-44e6-bda5-33eb5dc6f120: valid; 2.2 s; peak memory 8884 MiB.
2026-09-20T17:50:42Z INFO [1867/2401] c93d7779-45d0-45f4-9f3f-2e1f854719e4: valid; 12.4 s; peak memory 8884 MiB.
2026-09-20T17:50:43Z INFO [1868/2401] c970f59a-04fc-4ca4-ab54-7972abd525fc: valid; 1.7 s; peak memory 8884 MiB.
2026-09-20T17:50:45Z INFO [1869/2401] c97843a3-242b-47c2-abfc-3cd52186a82d: not valid; 1.6 s; peak memory 8884 MiB.
2026-09-20T17:50:46Z INFO [1870/2401] c9a4f9bf-a784-4af6-930f-e43dd3823805: valid; 1.5 s; peak memory 8884 MiB.
2026-09-20T17:50:48Z INFO [1871/2401] c9bbc3ea-27b7-41c4-afa7-b3eb56c671a2: not valid; 1.6 s; peak memory 8884 MiB.
2026-09-20T17:50:53Z INFO [1872/2401] c9ca64d5-f2f3-4a40-98d8-6c957341c6c7: not valid; 4.8 s; peak memory 8884 MiB.
2026-09-20T17:50:54Z INFO [1873/2401] ca05f242-7a5a-4ab7-aa59-662876542edb: valid; 1.3 s; peak memory 8884 MiB.
2026-09-20T17:50:57Z INFO [1874/2401] ca15aaae-2029-4a7e-b97e-71a409f9cebe: valid; 2.6 s; peak memory 8884 MiB.
2026-09-20T17:51:26Z INFO [1875/2401] ca1875c3-45ef-4e11-b6ca-a33b8ee68a05: valid; 29.8 s; peak memory 8884 MiB.
2026-09-20T17:51:28Z INFO [1876/2401] ca1f5371-4dee-4611-9c75-592d01082473: not valid; 2.1 s; peak memory 8884 MiB.
2026-09-20T17:51:30Z INFO [1877/2401] ca67e76a-e5e5-449a-b5b4-35e42c236377: valid; 1.2 s; peak memory 8884 MiB.
2026-09-20T17:51:50Z INFO [1878/2401] ca9d67e0-5b41-44d4-9a84-34a1b3628a50: valid; 20.4 s; peak memory 8884 MiB.
2026-09-20T17:51:53Z INFO [1879/2401] caa52f16-30ef-4867-b619-e7325097f9be: not valid; 3.0 s; peak memory 8884 MiB.
2026-09-20T17:51:58Z INFO [1880/2401] cab68a5e-835e-45b0-9333-74ebbb9bb845: valid; 4.8 s; peak memory 8884 MiB.
2026-09-20T17:52:01Z INFO [1881/2401] cb0ba0de-ef22-493b-9988-0f596bd79b77: valid; 3.0 s; peak memory 8884 MiB.
2026-09-20T17:52:02Z INFO [1882/2401] cb0e2b35-4ac7-40f4-b869-010d36eb8571: valid; 1.4 s; peak memory 8884 MiB.
2026-09-20T17:52:04Z INFO [1883/2401] cb101a08-6717-4aaf-a9a5-d91afcdb78f4: not valid; 2.1 s; peak memory 8884 MiB.
2026-09-20T17:52:06Z INFO [1884/2401] cb21960c-4601-4378-b141-fd68af0cec47: valid; 1.4 s; peak memory 8884 MiB.
2026-09-20T17:52:13Z INFO [1885/2401] cb4636ae-2cde-461e-b78b-3a8156ed33a5: valid; 7.1 s; peak memory 8884 MiB.
2026-09-20T17:52:16Z INFO [1886/2401] cb4f0e4a-7360-4a5f-9e2b-1b94b4681915: valid; 3.6 s; peak memory 8884 MiB.
2026-09-20T17:52:18Z INFO [1887/2401] cb553f7a-d39c-4879-81de-fe2198313f08: valid; 1.4 s; peak memory 8884 MiB.
2026-09-20T17:52:20Z INFO [1888/2401] cb770972-1939-4324-8a6f-d29c2ddaec0f: valid; 2.2 s; peak memory 8884 MiB.
2026-09-20T17:52:22Z INFO [1889/2401] cb77e281-e29e-42a1-9e56-e31301addd1c: valid; 1.5 s; peak memory 8884 MiB.
2026-09-20T17:52:24Z INFO [1890/2401] cb89a670-7313-4c6f-afe3-11e0113c54c2: valid; 2.9 s; peak memory 8884 MiB.
2026-09-20T17:52:27Z WARNING cb8f716e-ac00-47e9-8cc8-cefd4fdb588c: failed while opening the NWB file (ConstructError: (root/acquisition/_iblmic_audioSpectrogram/bands GroupBuilder {'attributes': {'colnames': array(['freq'], dtype=object), 'description': 'spectogram frequencies', 'namespace': 'core', 'neurodata_type': 'FrequencyBandsTable', 'object_id': '35746925-0657-4176-be5f-c346304b0d8b'}, 'groups': {}, 'datasets': {'freq': root/acquisition/_iblmic_audioSpectrogram/bands/freq DatasetBuilder {'attributes': {'description': 'frequency value', 'namespace': 'hdmf-common', 'neurodata_type': 'VectorData', 'object_id': 'b6aaca95-75c8-42e4-a870-472c7b8435bf'}, 'data': <HDF5 dataset "freq": shape (257,), type "<f4">}, 'id': root/acquisition/_iblmic_audioSpectrogram/bands/id DatasetBuilder {'attributes': {'namespace': 'hdmf-common', 'neurodata_type': 'ElementIdentifiers', 'object_id': 'a273f680-1c60-4c57-a514-73020f410ef0'}, 'data': <HDF5 dataset "id": shape (257,), type "<i4">}}, 'links': {}}, "Could not construct FrequencyBandsTable object due to: column must have the same number of rows as 'id'"))
2026-09-20T17:52:37Z INFO [1892/2401] cbd78421-2577-4361-9706-18fd040e2aaf: not valid; 10.6 s; peak memory 8884 MiB.
2026-09-20T17:52:40Z INFO [1893/2401] cbdeb9b8-7a9d-4c47-8406-233a82737507: valid; 2.8 s; peak memory 8884 MiB.
2026-09-20T17:52:41Z INFO [1894/2401] cbf8a73a-7ab3-4f94-9141-2cd1fa2d819d: valid; 1.2 s; peak memory 8884 MiB.
2026-09-20T17:52:43Z INFO [1895/2401] cc2eba52-cbf7-4b11-a112-c9e9f448ff3c: not valid; 1.5 s; peak memory 8884 MiB.
2026-09-20T17:52:46Z INFO [1896/2401] cc34b7bd-5fd2-498c-acb3-d3651045d2a2: valid; 3.3 s; peak memory 8884 MiB.
2026-09-20T17:52:49Z INFO [1897/2401] cc3b673d-c5a8-4a17-8ca9-2d76d995282c: valid; 3.3 s; peak memory 8884 MiB.
2026-09-20T17:53:03Z INFO [1898/2401] cc4278cb-3629-4c84-9284-57907f7c80ee: valid; 13.8 s; peak memory 8884 MiB.
2026-09-20T17:53:06Z INFO [1899/2401] cc4b43d9-0ca1-4569-8105-105e614fb5cc: valid; 2.3 s; peak memory 8884 MiB.
2026-09-20T17:53:18Z INFO [1900/2401] cc7219a2-8b81-4bf3-b057-7f4b5713a2a7: valid; 12.7 s; peak memory 8884 MiB.
2026-09-20T17:53:19Z INFO [1900/2401] cc7219a2-8b81-4bf3-b057-7f4b5713a2a7: checkpointed 72010 records.
2026-09-20T17:53:20Z INFO [1901/2401] cc811e5a-0096-4377-8f6f-739c362a2462: valid; 1.4 s; peak memory 8884 MiB.
2026-09-20T17:53:23Z INFO [1902/2401] cc88e7e7-1fed-4224-a269-644879cb41dd: valid; 2.7 s; peak memory 8884 MiB.
2026-09-20T17:53:36Z INFO [1903/2401] cca7a923-cef2-44d0-b9d9-10ef861b6475: valid; 13.1 s; peak memory 8884 MiB.
2026-09-20T17:53:38Z INFO [1904/2401] ccbbb4a7-e7eb-4742-ab46-615945669737: valid; 2.3 s; peak memory 8884 MiB.
2026-09-20T17:53:40Z INFO [1905/2401] ccc13539-214f-45d3-b77b-c0e0a417a755: not valid; 1.8 s; peak memory 8884 MiB.
2026-09-20T17:53:47Z INFO [1906/2401] ccc1c7ef-6b3b-4b81-9af7-37ed3e412a64: not valid; 6.8 s; peak memory 8884 MiB.
2026-09-20T17:53:49Z INFO [1907/2401] ccd8cc2c-9026-4941-b642-66db5cf935dd: not valid; 2.2 s; peak memory 8884 MiB.
2026-09-20T17:53:51Z INFO [1908/2401] ccefa205-b32c-4f49-9299-3f897ab2f4c7: valid; 1.6 s; peak memory 8884 MiB.
2026-09-20T17:53:52Z INFO [1909/2401] cd127714-5f57-4e9c-a300-4f7c46f25e0b: valid; 1.3 s; peak memory 8884 MiB.
2026-09-20T17:53:55Z INFO [1910/2401] cd181783-e6e2-4cbc-b3b4-8aa8ffab0ec8: valid; 3.2 s; peak memory 8884 MiB.
2026-09-20T17:53:57Z INFO [1911/2401] cd1d0008-0913-4a3f-b2c5-16f25577f323: valid; 1.3 s; peak memory 8884 MiB.
2026-09-20T17:53:58Z INFO [1912/2401] cd351699-2220-44ef-b186-727d60ba6c52: valid; 1.3 s; peak memory 8884 MiB.
2026-09-20T17:53:59Z INFO [1913/2401] cd4938df-30ea-4576-86c9-81e63097e83a: valid; 1.6 s; peak memory 8884 MiB.
2026-09-20T17:54:02Z INFO [1914/2401] cd5f81f5-9a65-4494-bb97-8b47662a3f21: valid; 2.4 s; peak memory 8884 MiB.
2026-09-20T17:54:03Z INFO [1915/2401] cd66d314-a3ed-41b1-956f-01836e87e2c9: valid; 1.3 s; peak memory 8884 MiB.
2026-09-20T17:54:06Z INFO [1916/2401] cd877c4c-6811-41ff-a169-1f0a3e2c0625: not valid; 2.4 s; peak memory 8884 MiB.
2026-09-20T17:54:08Z INFO [1917/2401] cd9654c3-c76f-494f-a986-66ef3bc3f21b: not valid; 2.0 s; peak memory 8884 MiB.
2026-09-20T17:54:10Z INFO [1918/2401] cdb44d94-b1dd-4547-a6a7-700617e9c340: valid; 2.0 s; peak memory 8884 MiB.
2026-09-20T17:54:23Z INFO [1919/2401] cdb6b67e-a5c5-4f77-b474-99a9404e9d91: valid; 13.4 s; peak memory 8884 MiB.
2026-09-20T17:54:26Z INFO [1920/2401] cdb8a1ca-f72f-4307-9b0d-a2df3c844fe1: valid; 2.7 s; peak memory 8884 MiB.
2026-09-20T17:54:27Z INFO [1921/2401] cdbd5a18-0559-44da-8268-02bffa8a742e: not valid; 1.6 s; peak memory 8884 MiB.
2026-09-20T17:54:30Z INFO [1922/2401] cdc6f798-7185-4240-8c22-5537a4ff82ac: valid; 2.9 s; peak memory 8884 MiB.
2026-09-20T17:54:32Z INFO [1923/2401] cdd876b8-f1ea-46eb-b6ce-5c08e41dfcbb: valid; 2.2 s; peak memory 8884 MiB.
2026-09-20T17:54:34Z INFO [1924/2401] cdf289fd-919f-45ce-8937-ebfd9d08b4bd: valid; 1.6 s; peak memory 8884 MiB.
2026-09-20T17:54:35Z INFO [1925/2401] ce0f626d-3439-4c8d-ab00-097fd2f6109e: valid; 1.5 s; peak memory 8884 MiB.
2026-09-20T17:54:39Z INFO [1926/2401] ce1fc782-f89d-4887-87b9-6f149152473d: valid; 3.5 s; peak memory 8884 MiB.
2026-09-20T17:54:42Z INFO [1927/2401] ce9f3b2f-7be2-491e-b434-32ff1a9e1de4: valid; 2.7 s; peak memory 8884 MiB.
2026-09-20T17:54:43Z INFO [1928/2401] cea1a391-2966-4356-98ac-0e840400cb18: valid; 1.6 s; peak memory 8884 MiB.
2026-09-20T17:54:46Z INFO [1929/2401] cebd0a16-f6f1-4f25-827f-d9473448cb94: valid; 3.3 s; peak memory 8884 MiB.
2026-09-20T17:54:48Z INFO [1930/2401] cee5ebd0-89e3-4cc6-b49e-4a06e4e895e5: valid; 1.4 s; peak memory 8884 MiB.
2026-09-20T17:54:50Z INFO [1931/2401] cee7694c-4f40-4437-b92d-ce286c42f1ff: valid; 2.1 s; peak memory 8884 MiB.
2026-09-20T17:54:52Z INFO [1932/2401] cee9fa00-97f9-4cb9-b88b-f76613a8724d: not valid; 1.9 s; peak memory 8884 MiB.
2026-09-20T17:54:54Z INFO [1933/2401] cef84666-32c6-4b8a-9105-56d8dfda40fd: valid; 2.1 s; peak memory 8884 MiB.
2026-09-20T17:55:13Z INFO [1934/2401] cf3ac556-e9c6-4d69-9ada-9f8d167bea8d: valid; 19.5 s; peak memory 8884 MiB.
2026-09-20T17:55:17Z INFO [1935/2401] cf62bb29-c8e9-4ef1-8642-e5e03302645f: valid; 3.9 s; peak memory 8884 MiB.
2026-09-20T17:55:20Z INFO [1936/2401] cf72bca7-6c3b-4784-930e-cd0abcc12b32: not valid; 2.2 s; peak memory 8884 MiB.
2026-09-20T17:55:21Z INFO [1937/2401] cf8a6b43-4abd-4246-a828-c6f3a9123f17: valid; 1.3 s; peak memory 8884 MiB.
2026-09-20T17:55:23Z INFO [1938/2401] cfb4330d-99c1-492d-9802-10751f87213d: valid; 2.1 s; peak memory 8884 MiB.
2026-09-20T17:55:24Z INFO [1939/2401] cfc7d2cd-ac24-465b-9aa7-8cc0e4eec9bd: valid; 1.1 s; peak memory 8884 MiB.
2026-09-20T17:55:27Z INFO [1940/2401] cfd2d091-0e0a-4488-8f81-1c2814b3bedc: valid; 2.7 s; peak memory 8884 MiB.
2026-09-20T17:55:28Z INFO [1941/2401] cfdb7904-9b0f-4748-84b7-4709714288dc: valid; 1.3 s; peak memory 8884 MiB.
2026-09-20T17:55:30Z INFO [1942/2401] cfea9d41-f4e3-4a50-a0e6-a417413e6ac4: valid; 1.4 s; peak memory 8884 MiB.
2026-09-20T17:55:30Z INFO [1943/2401] cfeb230b-49c2-42bb-b472-2ed79db3a74f: valid; 0.8 s; peak memory 8884 MiB.
2026-09-20T17:55:32Z WARNING d01780d9-f726-405a-9843-114687e73311: failed while opening the NWB file (ConstructError: (root/acquisition/event_code_meanings GroupBuilder {'attributes': {'colnames': array(['value', 'meaning'], dtype=object), 'description': 'Mapping integer event codes to event labels', 'namespace': 'ndx-events', 'neurodata_type': 'MeaningsTable', 'object_id': '18f78d43-42e3-4ca0-a4eb-4c2d2a2d56f9'}, 'groups': {}, 'datasets': {'id': root/acquisition/event_code_meanings/id DatasetBuilder {'attributes': {'namespace': 'hdmf-common', 'neurodata_type': 'ElementIdentifiers', 'object_id': 'fadf6d7e-e117-46c9-8a76-a082c2958d58'}, 'data': <HDF5 dataset "id": shape (26,), type "<i8">}, 'meaning': root/acquisition/event_code_meanings/meaning DatasetBuilder {'attributes': {'description': 'The meaning of the value in the parent CategoricalVectorData object.', 'namespace': 'hdmf-experimental', 'neurodata_type': 'VectorData', 'object_id': '4b6d9418-e338-45ee-9c37-46c4790e2206'}, 'data': <StrDataset for HDF5 dataset "meaning": shape (26,), type "|O">}, 'value': root/acquisition/event_code_meanings/value DatasetBuilder {'attributes': {'description': 'The value of the parent CategoricalVectorData object.', 'namespace': 'hdmf-experimental', 'neurodata_type': 'VectorData', 'object_id': 'db55cc54-8ffa-46ac-b1a9-44a03d00c7fd'}, 'data': <HDF5 dataset "value": shape (26,), type "<i8">}}, 'links': {}}, "Could not construct MeaningsTable object due to: MeaningsTable.__init__: missing argument 'target'"))
2026-09-20T17:55:47Z INFO [1945/2401] d02dd83b-d382-4dd3-9c51-ed8c710c3da5: valid; 14.7 s; peak memory 8884 MiB.
2026-09-20T17:55:50Z INFO [1946/2401] d031bede-cffb-41f2-8282-e1e85c9ae629: valid; 3.2 s; peak memory 8884 MiB.
2026-09-20T17:55:52Z INFO [1947/2401] d047e4e0-0ab1-4620-baec-164cb8fd4f53: not valid; 1.8 s; peak memory 8884 MiB.
2026-09-20T17:55:56Z INFO [1948/2401] d062050b-01ac-4f40-902b-b253d51d182d: valid; 4.1 s; peak memory 8884 MiB.
2026-09-20T17:55:58Z INFO [1949/2401] d07a4af3-7c34-44c9-9ee0-82384ef14e56: valid; 2.2 s; peak memory 8884 MiB.
2026-09-20T17:56:03Z INFO [1950/2401] d095f64c-6e1e-4101-9c87-345edad39c0e: not valid; 4.5 s; peak memory 8884 MiB.
2026-09-20T17:56:03Z INFO [1950/2401] d095f64c-6e1e-4101-9c87-345edad39c0e: checkpointed 72010 records.
2026-09-20T17:56:04Z INFO [1951/2401] d0bc42bb-fd80-4a09-b240-58aca2f24167: valid; 1.1 s; peak memory 8884 MiB.
2026-09-20T17:56:06Z INFO [1952/2401] d0d048e4-f938-4035-ade0-deedc77df050: not valid; 2.0 s; peak memory 8884 MiB.
2026-09-20T17:56:09Z INFO [1953/2401] d0d4eef0-0f91-4b76-8931-3175c46ca182: valid; 2.4 s; peak memory 8884 MiB.
2026-09-20T17:56:11Z INFO [1954/2401] d10867d6-323b-45cb-a8cf-7f53a8c91a13: not valid; 2.1 s; peak memory 8884 MiB.
2026-09-20T17:56:12Z INFO [1955/2401] d10b12da-b1b9-480d-9a10-be99c9c6a0a9: valid; 1.5 s; peak memory 8884 MiB.
2026-09-20T17:56:13Z INFO [1956/2401] d13a6f31-a86f-45e6-8a31-310fc87501b2: not valid; 1.1 s; peak memory 8884 MiB.
2026-09-20T17:56:16Z INFO [1957/2401] d151507e-e5ac-4099-84f1-82db523b2de3: valid; 2.2 s; peak memory 8884 MiB.
2026-09-20T17:56:18Z INFO [1958/2401] d15641c4-b8f0-4cf4-b12b-071933c148bd: valid; 2.2 s; peak memory 8884 MiB.
2026-09-20T17:56:20Z INFO [1959/2401] d167b7ef-15f3-4026-9fee-caf099c9f9ee: valid; 2.2 s; peak memory 8884 MiB.
2026-09-20T17:56:22Z WARNING d170bde6-2d27-4430-8c33-070b6552bff1: failed while opening the NWB file (ConstructError: (root/acquisition/event_code_meanings GroupBuilder {'attributes': {'colnames': array(['value', 'meaning'], dtype=object), 'description': 'Mapping integer event codes to event labels', 'namespace': 'ndx-events', 'neurodata_type': 'MeaningsTable', 'object_id': '31fdcd5f-4d9b-4a8f-86ec-bef84d119d93'}, 'groups': {}, 'datasets': {'id': root/acquisition/event_code_meanings/id DatasetBuilder {'attributes': {'namespace': 'hdmf-common', 'neurodata_type': 'ElementIdentifiers', 'object_id': '029626ae-8acf-44d5-b6e5-ee5c1140ac54'}, 'data': <HDF5 dataset "id": shape (26,), type "<i8">}, 'meaning': root/acquisition/event_code_meanings/meaning DatasetBuilder {'attributes': {'description': 'The meaning of the value in the parent CategoricalVectorData object.', 'namespace': 'hdmf-experimental', 'neurodata_type': 'VectorData', 'object_id': '20db9dc5-3eff-4c26-9312-7fc3a5976111'}, 'data': <StrDataset for HDF5 dataset "meaning": shape (26,), type "|O">}, 'value': root/acquisition/event_code_meanings/value DatasetBuilder {'attributes': {'description': 'The value of the parent CategoricalVectorData object.', 'namespace': 'hdmf-experimental', 'neurodata_type': 'VectorData', 'object_id': 'c7b8d7c0-69c8-4a84-a685-b5a65340092d'}, 'data': <HDF5 dataset "value": shape (26,), type "<i8">}}, 'links': {}}, "Could not construct MeaningsTable object due to: MeaningsTable.__init__: missing argument 'target'"))
2026-09-20T17:56:24Z INFO [1961/2401] d18276db-b2e9-4a4e-affd-9e77cc9bcd0d: valid; 1.9 s; peak memory 8884 MiB.
2026-09-20T17:56:25Z INFO [1962/2401] d1a5d05d-faee-4a57-b956-bcdcab7e956e: valid; 1.5 s; peak memory 8884 MiB.
2026-09-20T17:56:28Z INFO [1963/2401] d1b46073-a2dd-4bc7-bbfb-c85987d0d4e8: valid; 2.2 s; peak memory 8884 MiB.
2026-09-20T17:56:29Z INFO [1964/2401] d1bd193d-4bb3-4bc6-b7c7-8d319792b911: not valid; 1.1 s; peak memory 8884 MiB.
2026-09-20T17:56:32Z INFO [1965/2401] d1cf093e-0574-4498-91ea-deb7d59985f6: valid; 3.0 s; peak memory 8884 MiB.
2026-09-20T17:56:36Z INFO [1966/2401] d1e19fd9-6040-4c6f-ae87-21eb596a33f1: valid; 4.4 s; peak memory 8884 MiB.
2026-09-20T17:56:38Z INFO [1967/2401] d1e92db8-ce53-4aa5-abcc-5cae529e8464: not valid; 1.9 s; peak memory 8884 MiB.
2026-09-20T17:56:40Z WARNING d1f81c6c-735c-4938-b088-74cb9d7be345: failed while opening the NWB file (ConstructError: (root/acquisition/event_code_meanings GroupBuilder {'attributes': {'colnames': array(['value', 'meaning'], dtype=object), 'description': 'Mapping integer event codes to event labels', 'namespace': 'ndx-events', 'neurodata_type': 'MeaningsTable', 'object_id': '6bc6f38c-396e-4b21-8463-516acd03107e'}, 'groups': {}, 'datasets': {'id': root/acquisition/event_code_meanings/id DatasetBuilder {'attributes': {'namespace': 'hdmf-common', 'neurodata_type': 'ElementIdentifiers', 'object_id': '7dd58e8f-6a88-46fa-999b-e684b2963c9d'}, 'data': <HDF5 dataset "id": shape (26,), type "<i8">}, 'meaning': root/acquisition/event_code_meanings/meaning DatasetBuilder {'attributes': {'description': 'The meaning of the value in the parent CategoricalVectorData object.', 'namespace': 'hdmf-experimental', 'neurodata_type': 'VectorData', 'object_id': 'b6c24404-c4a7-4380-aff4-43a9dac464ae'}, 'data': <StrDataset for HDF5 dataset "meaning": shape (26,), type "|O">}, 'value': root/acquisition/event_code_meanings/value DatasetBuilder {'attributes': {'description': 'The value of the parent CategoricalVectorData object.', 'namespace': 'hdmf-experimental', 'neurodata_type': 'VectorData', 'object_id': '89fbf594-31d1-4f8a-964f-b5029f94ed63'}, 'data': <HDF5 dataset "value": shape (26,), type "<i8">}}, 'links': {}}, "Could not construct MeaningsTable object due to: MeaningsTable.__init__: missing argument 'target'"))
2026-09-20T17:56:41Z INFO [1969/2401] d1fa49fe-ed45-42c6-9d44-2a10fd2af3d7: not valid; 1.5 s; peak memory 8884 MiB.
2026-09-20T17:56:44Z INFO [1970/2401] d24e6f51-acc1-43c3-bb0f-74be6613798e: not valid; 2.1 s; peak memory 8884 MiB.
2026-09-20T17:56:46Z INFO [1971/2401] d2586139-cb06-496b-aacf-9594fc0a8700: not valid; 2.7 s; peak memory 8884 MiB.
2026-09-20T17:56:49Z INFO [1972/2401] d265153d-a323-4c67-afaf-45866833152e: valid; 2.8 s; peak memory 8884 MiB.
2026-09-20T17:56:53Z INFO [1973/2401] d275c154-f3a3-4f23-a08f-bc3ff6299337: valid; 4.2 s; peak memory 8884 MiB.
2026-09-20T17:57:07Z INFO [1974/2401] d2792941-4907-4066-bedb-4efa5b2de44c: not valid; 13.8 s; peak memory 8884 MiB.
2026-09-20T17:57:08Z INFO [1975/2401] d2bab7c7-919b-4149-adb0-0086042cf5a0: valid; 1.4 s; peak memory 8884 MiB.
2026-09-20T17:57:10Z INFO [1976/2401] d2e16d57-8e16-4ba3-82b6-2733bc6b0f75: valid; 2.0 s; peak memory 8884 MiB.
2026-09-20T17:57:12Z INFO [1977/2401] d2ef6a9f-ac10-408c-9abd-6c0ae897403e: valid; 1.5 s; peak memory 8884 MiB.
2026-09-20T17:57:13Z INFO [1978/2401] d30c7e1f-e111-4876-8274-ee0866bf5680: valid; 1.4 s; peak memory 8884 MiB.
2026-09-20T17:57:15Z INFO [1979/2401] d30cfdb9-e7d8-4c27-ba9a-d516e3b70172: not valid; 2.1 s; peak memory 8884 MiB.
2026-09-20T17:57:16Z INFO [1980/2401] d341edc4-511b-4c8e-bf83-3dda4430d938: valid; 1.0 s; peak memory 8884 MiB.
2026-09-20T17:57:19Z INFO [1981/2401] d347c79e-122e-495c-97da-0dc2415f4881: not valid; 2.1 s; peak memory 8884 MiB.
2026-09-20T17:57:21Z INFO [1982/2401] d348028b-bd19-448b-a082-a6845af2e0c4: valid; 2.0 s; peak memory 8884 MiB.
2026-09-20T17:57:22Z INFO [1983/2401] d3687cbb-4bbf-4033-992a-1f94f2bf054c: not valid; 1.3 s; peak memory 8884 MiB.
2026-09-20T17:57:23Z INFO [1984/2401] d3df8769-df7f-4403-9fe8-75aa92f890f5: not valid; 1.4 s; peak memory 8884 MiB.
2026-09-20T17:57:25Z INFO [1985/2401] d4164588-2c40-4089-a343-f1b0a7e54729: valid; 1.6 s; peak memory 8884 MiB.
2026-09-20T17:57:28Z INFO [1986/2401] d42cddd7-5145-48bc-a918-bdddb2bd3a65: valid; 3.2 s; peak memory 8884 MiB.
2026-09-20T17:57:39Z INFO [1987/2401] d4602e74-f7a2-43c0-943e-cb11df30fd76: valid; 10.4 s; peak memory 8884 MiB.
2026-09-20T17:57:40Z INFO [1988/2401] d4648188-bb59-4759-99e2-b9b0d9322b47: valid; 1.3 s; peak memory 8884 MiB.
2026-09-20T17:57:42Z INFO [1989/2401] d466573c-c05f-43b6-b398-dd12875c2ba8: not valid; 2.1 s; peak memory 8884 MiB.
2026-09-20T17:57:43Z INFO [1990/2401] d491d9b4-ca0c-47ef-9af0-2287ac434c4c: valid; 1.4 s; peak memory 8884 MiB.
2026-09-20T17:57:44Z INFO [1991/2401] d49fa28e-b5b0-4e10-b4f2-674d76248615: not valid; 1.2 s; peak memory 8884 MiB.
2026-09-20T17:57:48Z INFO [1992/2401] d4aed68e-c590-47d6-b99e-1a106f7c4246: valid; 3.2 s; peak memory 8884 MiB.
2026-09-20T17:57:49Z INFO [1993/2401] d4bb1b64-ac72-48d7-b0bf-dc7318305c23: not valid; 1.8 s; peak memory 8884 MiB.
2026-09-20T17:57:51Z INFO [1994/2401] d4d66df9-a46e-4dcb-bca1-f03e04f97271: not valid; 1.8 s; peak memory 8884 MiB.
2026-09-20T17:57:53Z INFO [1995/2401] d51fdf21-8702-4d15-94a7-46d85fb21deb: valid; 1.4 s; peak memory 8884 MiB.
2026-09-20T17:57:57Z INFO [1996/2401] d53230f5-0050-4732-99d9-8e26d7b6af19: not valid; 4.0 s; peak memory 8884 MiB.
2026-09-20T17:58:00Z INFO [1997/2401] d54b8af7-25c4-4934-966e-9ba2a5139c00: valid; 3.4 s; peak memory 8884 MiB.
2026-09-20T17:58:02Z INFO [1998/2401] d557d7b4-3569-460b-a1b2-2591b5e0c673: valid; 2.1 s; peak memory 8884 MiB.
2026-09-20T17:58:19Z INFO [1999/2401] d56645e3-9b0f-41ed-a58f-b338a03f1fa5: valid; 17.1 s; peak memory 8884 MiB.
2026-09-20T17:58:21Z INFO [2000/2401] d5714c53-57df-4059-bdf2-c61d2e8b7f95: not valid; 1.6 s; peak memory 8884 MiB.
2026-09-20T17:58:21Z INFO [2000/2401] d5714c53-57df-4059-bdf2-c61d2e8b7f95: checkpointed 72010 records.
2026-09-20T17:58:23Z INFO [2001/2401] d5bc8d25-038b-4f13-9e17-7ffb338985af: not valid; 1.9 s; peak memory 8884 MiB.
2026-09-20T17:58:25Z INFO [2002/2401] d5d8e89d-ab35-4027-adb2-e3a60eb62545: valid; 1.7 s; peak memory 8884 MiB.
2026-09-20T17:58:26Z INFO [2003/2401] d604be94-4542-4305-99f7-4466e69cf72b: valid; 1.3 s; peak memory 8884 MiB.
2026-09-20T17:58:28Z INFO [2004/2401] d60d9aef-1ed5-4449-a45b-0370f34ed640: valid; 1.4 s; peak memory 8884 MiB.
2026-09-20T17:58:29Z INFO [2005/2401] d60de869-0d13-427e-a196-da94e4b4e20f: valid; 1.6 s; peak memory 8884 MiB.
2026-09-20T17:58:33Z INFO [2006/2401] d62719bb-10ff-4b4f-ba26-ca22aec0c6dd: valid; 4.1 s; peak memory 8884 MiB.
2026-09-20T17:58:41Z INFO [2007/2401] d636bfb2-ac6f-48b9-933f-12cc4efbe621: valid; 7.8 s; peak memory 8884 MiB.
2026-09-20T17:58:43Z INFO [2008/2401] d6aab43c-ac12-41ea-94e6-159fd76ee98e: not valid; 2.0 s; peak memory 8884 MiB.
2026-09-20T17:58:45Z INFO [2009/2401] d6ac22d8-24ee-42bd-8249-7c42b9b10a7c: not valid; 1.6 s; peak memory 8884 MiB.
2026-09-20T17:58:48Z INFO [2010/2401] d6c5cca1-f22a-4bc7-8f5f-80793c1cabe8: valid; 3.0 s; peak memory 8884 MiB.
2026-09-20T17:58:50Z INFO [2011/2401] d6c79302-d1de-4db5-b2a3-33c6b3d98f57: valid; 2.1 s; peak memory 8884 MiB.
2026-09-20T17:58:55Z INFO [2012/2401] d6d42631-2c1d-4a26-b3cb-348201c6a0ee: valid; 5.0 s; peak memory 8884 MiB.
2026-09-20T17:58:55Z WARNING d6de446c-39e1-4279-9e7d-3406c12e73d0: failed while retrieving asset information from the DANDI API (NotFoundError: No asset at path 'sub-LG389/sub-LG389_ses-LG389-20230905_icephys.nwb' in version 0.260915.2135. Verify the path is correct and the asset exists in this version. Use 'dandi ls' to list available assets.)
2026-09-20T17:58:56Z INFO [2014/2401] d6f4ea63-69cf-4ea1-9c86-d14190e90ee2: valid; 1.1 s; peak memory 8884 MiB.
2026-09-20T17:58:58Z INFO [2015/2401] d714aca6-5504-4f4a-adb1-5a4ed7a9ea05: valid; 2.2 s; peak memory 8884 MiB.
2026-09-20T17:58:59Z INFO [2016/2401] d71ef658-248a-43d0-9fd8-1fc0164063d5: valid; 1.3 s; peak memory 8884 MiB.
2026-09-20T17:59:04Z INFO [2017/2401] d7561d6c-a768-4e56-8728-69216b9f7461: valid; 4.5 s; peak memory 8884 MiB.
2026-09-20T17:59:07Z INFO [2018/2401] d76617de-6d8b-4084-99fd-e650d508b8a6: valid; 3.1 s; peak memory 8884 MiB.
2026-09-20T17:59:09Z INFO [2019/2401] d79b8048-0666-43f7-9e52-e97128e86966: not valid; 1.6 s; peak memory 8884 MiB.
2026-09-20T17:59:12Z WARNING d7a27b8d-d320-450c-8e79-08cb65a78357: failed while opening the NWB file (ConstructError: (root/acquisition/_iblmic_audioSpectrogram/bands GroupBuilder {'attributes': {'colnames': array(['freq'], dtype=object), 'description': 'spectogram frequencies', 'namespace': 'core', 'neurodata_type': 'FrequencyBandsTable', 'object_id': '5e0c6bde-3303-4102-9c8a-2a1d7b7431e1'}, 'groups': {}, 'datasets': {'freq': root/acquisition/_iblmic_audioSpectrogram/bands/freq DatasetBuilder {'attributes': {'description': 'frequency value', 'namespace': 'hdmf-common', 'neurodata_type': 'VectorData', 'object_id': '2d4383af-70a9-4bed-b052-8a4418abe8cb'}, 'data': <HDF5 dataset "freq": shape (257,), type "<f4">}, 'id': root/acquisition/_iblmic_audioSpectrogram/bands/id DatasetBuilder {'attributes': {'namespace': 'hdmf-common', 'neurodata_type': 'ElementIdentifiers', 'object_id': '955de4f2-40c1-409c-a0a6-b5469f7dcc4b'}, 'data': <HDF5 dataset "id": shape (257,), type "<i4">}}, 'links': {}}, "Could not construct FrequencyBandsTable object due to: column must have the same number of rows as 'id'"))
2026-09-20T17:59:16Z INFO [2021/2401] d7a9adfe-d1f0-406e-af74-952e78bb0949: valid; 3.3 s; peak memory 8884 MiB.
2026-09-20T17:59:28Z INFO [2022/2401] d7ae511c-227c-4aa6-b048-42915110de5e: valid; 12.5 s; peak memory 8884 MiB.
2026-09-20T17:59:30Z INFO [2023/2401] d7b154ad-c0b5-40a7-9f1d-7482c4ffeb80: valid; 2.1 s; peak memory 8884 MiB.
2026-09-20T17:59:33Z INFO [2024/2401] d7e63722-97e5-402b-a5e1-f25067e20de2: not valid; 2.5 s; peak memory 8884 MiB.
2026-09-20T17:59:46Z INFO [2025/2401] d7eadd05-e30d-4a30-a609-27e82ed9581d: valid; 12.9 s; peak memory 8884 MiB.
2026-09-20T17:59:48Z WARNING d7faabb1-37c9-4c6f-b489-ed8bb8fa5cb8: failed while opening the NWB file (ConstructError: (root/acquisition/event_code_meanings GroupBuilder {'attributes': {'colnames': array(['value', 'meaning'], dtype=object), 'description': 'Mapping integer event codes to event labels', 'namespace': 'ndx-events', 'neurodata_type': 'MeaningsTable', 'object_id': '2ea9d11a-076a-429e-9b2b-bf3ebf056247'}, 'groups': {}, 'datasets': {'id': root/acquisition/event_code_meanings/id DatasetBuilder {'attributes': {'namespace': 'hdmf-common', 'neurodata_type': 'ElementIdentifiers', 'object_id': '82cd25f1-9855-4229-8095-7ac12c7e7989'}, 'data': <HDF5 dataset "id": shape (26,), type "<i8">}, 'meaning': root/acquisition/event_code_meanings/meaning DatasetBuilder {'attributes': {'description': 'The meaning of the value in the parent CategoricalVectorData object.', 'namespace': 'hdmf-experimental', 'neurodata_type': 'VectorData', 'object_id': '59a47453-52e7-4637-ae2a-e33ceef9bc9c'}, 'data': <StrDataset for HDF5 dataset "meaning": shape (26,), type "|O">}, 'value': root/acquisition/event_code_meanings/value DatasetBuilder {'attributes': {'description': 'The value of the parent CategoricalVectorData object.', 'namespace': 'hdmf-experimental', 'neurodata_type': 'VectorData', 'object_id': '79c16ab8-7c01-4124-bd29-8ba2fb9851f2'}, 'data': <HDF5 dataset "value": shape (26,), type "<i8">}}, 'links': {}}, "Could not construct MeaningsTable object due to: MeaningsTable.__init__: missing argument 'target'"))
2026-09-20T17:59:50Z INFO [2027/2401] d827b3cf-1950-4019-abdc-9be564504d2b: not valid; 1.8 s; peak memory 8884 MiB.
2026-09-20T17:59:51Z INFO [2028/2401] d82eeac4-017f-4e73-a87b-473b33ca4c7e: valid; 1.3 s; peak memory 8884 MiB.
2026-09-20T17:59:53Z INFO [2029/2401] d8391c4a-96e4-4958-ad86-55f8fa7261de: valid; 1.7 s; peak memory 8884 MiB.
2026-09-20T17:59:56Z INFO [2030/2401] d867fb4e-cf82-42cd-b0a0-5496159ee096: valid; 2.8 s; peak memory 8884 MiB.
2026-09-20T18:00:01Z INFO [2031/2401] d86b63d9-5691-4521-82f5-a881e63441ee: not valid; 5.4 s; peak memory 8884 MiB.
2026-09-20T18:00:03Z INFO [2032/2401] d86ec5c8-ad4d-437d-b692-9f731eaf8501: valid; 2.2 s; peak memory 8884 MiB.
2026-09-20T18:00:03Z WARNING d881ece5-1942-4c71-baff-048fea11b0e0: failed while retrieving asset information from the DANDI API (NotFoundError: No asset at path 'sub-460434/sub-460434_ses-20191112T114755_behavior+ecephys+ogen.nwb' in version 0.231012.2129. Verify the path is correct and the asset exists in this version. Use 'dandi ls' to list available assets.)
2026-09-20T18:00:06Z INFO [2034/2401] d886a352-8e7b-476a-a4c3-686dcfcf1acf: valid; 2.3 s; peak memory 8884 MiB.
2026-09-20T18:00:07Z INFO [2035/2401] d8875840-a6f9-4954-8424-b91f2ba08a58: valid; 1.8 s; peak memory 8884 MiB.
2026-09-20T18:00:21Z INFO [2036/2401] d89aa954-abf3-4a06-b73a-43eff3f4121d: valid; 13.5 s; peak memory 8884 MiB.
2026-09-20T18:00:39Z INFO [2037/2401] d8a0d0c4-d0bc-447d-92fb-569240130560: valid; 17.7 s; peak memory 8884 MiB.
2026-09-20T18:00:40Z INFO [2038/2401] d8e0c68b-a0c7-404e-9e75-ff73e29f2697: valid; 1.5 s; peak memory 8884 MiB.
2026-09-20T18:00:42Z INFO [2039/2401] d8e58764-8f9f-4759-a19c-a1000a81aa44: valid; 1.9 s; peak memory 8884 MiB.
2026-09-20T18:00:43Z INFO [2040/2401] d8f585b7-58d2-46a0-b2a4-5fe6ac54486a: valid; 1.3 s; peak memory 8884 MiB.
2026-09-20T18:00:45Z INFO [2041/2401] d90f0058-8157-42ac-b46d-efd6d0492155: valid; 2.2 s; peak memory 8884 MiB.
2026-09-20T18:00:50Z INFO [2042/2401] d9323d38-bc15-4e89-926f-10d07d20ba44: valid; 4.8 s; peak memory 8884 MiB.
2026-09-20T18:00:56Z INFO [2043/2401] d9910728-b263-4ab2-add2-9fa9db116da6: not valid; 6.0 s; peak memory 8884 MiB.
2026-09-20T18:00:58Z INFO [2044/2401] d99c2f61-5e0f-4542-a814-c109b138cba2: valid; 2.1 s; peak memory 8884 MiB.
2026-09-20T18:01:00Z INFO [2045/2401] d9c05a72-2698-4baf-b277-8b948be71b0c: not valid; 1.6 s; peak memory 8884 MiB.
2026-09-20T18:01:02Z INFO [2046/2401] d9c3873c-975a-467e-87e4-ce124187e765: valid; 2.0 s; peak memory 8884 MiB.
2026-09-20T18:01:04Z INFO [2047/2401] d9d8dfa3-993f-40b3-87d9-1c7bda039566: not valid; 1.5 s; peak memory 8884 MiB.
2026-09-20T18:01:05Z INFO [2048/2401] da02d472-0228-4f07-bc1c-43617589ab5a: not valid; 1.5 s; peak memory 8884 MiB.
2026-09-20T18:01:27Z INFO [2049/2401] da06e632-33b9-498b-95ac-da8e146230d4: valid; 22.2 s; peak memory 8884 MiB.
2026-09-20T18:01:30Z INFO [2050/2401] da093dc4-816b-4ae9-a1a7-867acc769095: not valid; 2.6 s; peak memory 8884 MiB.
2026-09-20T18:01:30Z INFO [2050/2401] da093dc4-816b-4ae9-a1a7-867acc769095: checkpointed 72010 records.
2026-09-20T18:01:34Z INFO [2051/2401] da12a14b-0c2f-4a63-a762-4a4e3fbf8c30: valid; 3.6 s; peak memory 8884 MiB.
2026-09-20T18:01:35Z INFO [2052/2401] da164487-5f9a-4fde-9766-396c7dfd6c26: valid; 1.3 s; peak memory 8884 MiB.
2026-09-20T18:01:38Z INFO [2053/2401] da1ada25-4354-4e47-a73a-24796c4f5a39: not valid; 2.4 s; peak memory 8884 MiB.
2026-09-20T18:01:39Z INFO [2054/2401] da57e3c5-02d8-49e5-8e9f-3873b640817e: valid; 1.4 s; peak memory 8884 MiB.
2026-09-20T18:01:41Z INFO [2055/2401] da5cf7ba-0e95-4ce0-8677-360d63918e24: valid; 2.3 s; peak memory 8884 MiB.
2026-09-20T18:01:43Z INFO [2056/2401] da63af72-82e3-4c47-aef4-48ee3d2408cc: not valid; 1.9 s; peak memory 8884 MiB.
2026-09-20T18:01:45Z INFO [2057/2401] da671b08-e5d1-4601-beb7-142ee3446fd3: not valid; 2.2 s; peak memory 8884 MiB.
2026-09-20T18:01:59Z INFO [2058/2401] daca263b-26e3-40db-9e52-ef64c5207203: valid; 13.3 s; peak memory 8884 MiB.
2026-09-20T18:02:00Z INFO [2059/2401] dacfc642-e3a4-439b-b620-ca5d501b1d69: valid; 1.8 s; peak memory 8884 MiB.
2026-09-20T18:02:02Z INFO [2060/2401] dad29df8-de1c-4aca-ad0b-62dab40db6bc: valid; 1.5 s; peak memory 8884 MiB.
2026-09-20T18:02:04Z INFO [2061/2401] dae76ac0-dc72-4791-9da8-1f717edf4515: valid; 2.0 s; peak memory 8884 MiB.
2026-09-20T18:02:06Z INFO [2062/2401] db0027f0-ca50-4427-a23f-16d1009561a5: not valid; 1.7 s; peak memory 8884 MiB.
2026-09-20T18:02:08Z INFO [2063/2401] db2e24b5-1612-4932-847b-56a049e5dbc8: valid; 2.2 s; peak memory 8884 MiB.
2026-09-20T18:02:10Z INFO [2064/2401] db5b421e-de0b-4ec4-b57c-5863a58f9605: not valid; 2.2 s; peak memory 8884 MiB.
2026-09-20T18:02:12Z WARNING db8e63b7-ad34-431a-a8a4-a6d6e32738ae: failed while opening the NWB file (ConstructError: (root/acquisition/_iblmic_audioSpectrogram/bands GroupBuilder {'attributes': {'colnames': array(['freq'], dtype=object), 'description': 'spectogram frequencies', 'namespace': 'core', 'neurodata_type': 'FrequencyBandsTable', 'object_id': 'fa7b397c-f3aa-49c5-bfed-e0f30950a8a5'}, 'groups': {}, 'datasets': {'freq': root/acquisition/_iblmic_audioSpectrogram/bands/freq DatasetBuilder {'attributes': {'description': 'frequency value', 'namespace': 'hdmf-common', 'neurodata_type': 'VectorData', 'object_id': '2ebcb7aa-425f-4d88-9f77-7b33698efff3'}, 'data': <HDF5 dataset "freq": shape (257,), type "<f4">}, 'id': root/acquisition/_iblmic_audioSpectrogram/bands/id DatasetBuilder {'attributes': {'namespace': 'hdmf-common', 'neurodata_type': 'ElementIdentifiers', 'object_id': 'c5ef1eef-ba58-4c8b-ad36-0f4c2b76c38d'}, 'data': <HDF5 dataset "id": shape (257,), type "<i4">}}, 'links': {}}, "Could not construct FrequencyBandsTable object due to: column must have the same number of rows as 'id'"))
2026-09-20T18:02:21Z INFO [2066/2401] dba1e8ae-c539-4aff-ad3f-4fc307107412: valid; 8.8 s; peak memory 8884 MiB.
2026-09-20T18:02:28Z INFO [2067/2401] dbaed108-2707-4107-a947-bb6ed09d9696: valid; 7.5 s; peak memory 8884 MiB.
2026-09-20T18:02:30Z INFO [2068/2401] dbd015d5-9529-43a5-b419-f18e410757dc: valid; 2.2 s; peak memory 8884 MiB.
2026-09-20T18:02:32Z INFO [2069/2401] dbe31053-0906-4198-a191-109b8ec44650: not valid; 1.8 s; peak memory 8884 MiB.
2026-09-20T18:02:33Z INFO [2070/2401] dbed0d11-70c4-4479-8503-c79458615df2: valid; 1.0 s; peak memory 8884 MiB.
2026-09-20T18:02:35Z INFO [2071/2401] dbf408f1-d45f-4148-8c28-382e24151dfa: valid; 1.5 s; peak memory 8884 MiB.
2026-09-20T18:02:36Z INFO [2072/2401] dc22e023-e053-4a09-8b75-50b2c25750da: not valid; 1.5 s; peak memory 8884 MiB.
2026-09-20T18:02:38Z INFO [2073/2401] dc52ede9-5fac-40c2-9b58-d7fe66fdcc2c: valid; 1.4 s; peak memory 8884 MiB.
2026-09-20T18:02:41Z INFO [2074/2401] dc906c58-a425-4f1e-9cc6-7f6fa71b6b3e: valid; 3.0 s; peak memory 8884 MiB.
2026-09-20T18:02:51Z INFO [2075/2401] dc9cfa85-71ef-478e-baca-050c8e6fb301: valid; 10.5 s; peak memory 8884 MiB.
2026-09-20T18:02:57Z INFO [2076/2401] dcb10d6b-34dd-449e-ac7b-a59289de39e5: valid; 5.5 s; peak memory 8884 MiB.
2026-09-20T18:05:32Z INFO [2077/2401] dcb3ca08-59b9-4dae-999b-b524a7bd2ca0: not valid; 155.1 s; peak memory 8884 MiB.
2026-09-20T18:05:39Z INFO [2078/2401] dcbf0b62-1927-41ed-b7ba-5253301a8675: valid; 7.4 s; peak memory 8884 MiB.
2026-09-20T18:05:41Z INFO [2079/2401] dcea4416-29b0-4eeb-9a4a-5650e57f53fe: valid; 2.1 s; peak memory 8884 MiB.
2026-09-20T18:05:43Z INFO [2080/2401] dcfcd7b1-e1af-48e7-814b-94d32a408efd: not valid; 1.3 s; peak memory 8884 MiB.
2026-09-20T18:05:45Z INFO [2081/2401] dd2066ba-ec71-4b5c-8749-40bdbc914e2e: valid; 2.5 s; peak memory 8884 MiB.
2026-09-20T18:05:47Z INFO [2082/2401] dd4be399-cf55-4d81-9776-8df6223a9a6e: not valid; 2.1 s; peak memory 8884 MiB.
2026-09-20T18:05:50Z INFO [2083/2401] dd530d1e-cf68-4411-b9e8-6b99e4688f32: not valid; 3.2 s; peak memory 8884 MiB.
2026-09-20T18:05:53Z INFO [2084/2401] dd64d863-a43c-4068-8cbd-bde8fb668a31: not valid; 2.3 s; peak memory 8884 MiB.
2026-09-20T18:05:57Z INFO [2085/2401] dd762df6-a65c-45a8-80f1-7a477ea44f92: valid; 4.8 s; peak memory 8884 MiB.
2026-09-20T18:06:09Z INFO [2086/2401] dd892e72-0ef7-4471-9d16-666025c6f836: valid; 11.8 s; peak memory 8884 MiB.
2026-09-20T18:06:11Z WARNING dd994d93-5a6b-4794-9f05-f9afe29cb360: failed while opening the NWB file (ConstructError: (root/acquisition/event_code_meanings GroupBuilder {'attributes': {'colnames': array(['value', 'meaning'], dtype=object), 'description': 'Mapping integer event codes to event labels', 'namespace': 'ndx-events', 'neurodata_type': 'MeaningsTable', 'object_id': '353e4a87-6602-47c9-a00d-f915e0887666'}, 'groups': {}, 'datasets': {'id': root/acquisition/event_code_meanings/id DatasetBuilder {'attributes': {'namespace': 'hdmf-common', 'neurodata_type': 'ElementIdentifiers', 'object_id': 'b6fd81ba-2bac-4eeb-9185-af201d13542a'}, 'data': <HDF5 dataset "id": shape (26,), type "<i8">}, 'meaning': root/acquisition/event_code_meanings/meaning DatasetBuilder {'attributes': {'description': 'The meaning of the value in the parent CategoricalVectorData object.', 'namespace': 'hdmf-experimental', 'neurodata_type': 'VectorData', 'object_id': 'cb4f44e0-69a0-415e-af2d-12586b7bf806'}, 'data': <StrDataset for HDF5 dataset "meaning": shape (26,), type "|O">}, 'value': root/acquisition/event_code_meanings/value DatasetBuilder {'attributes': {'description': 'The value of the parent CategoricalVectorData object.', 'namespace': 'hdmf-experimental', 'neurodata_type': 'VectorData', 'object_id': 'b16b87d5-327d-442b-8cea-cb63a3dc8a36'}, 'data': <HDF5 dataset "value": shape (26,), type "<i8">}}, 'links': {}}, "Could not construct MeaningsTable object due to: MeaningsTable.__init__: missing argument 'target'"))
2026-09-20T18:06:14Z INFO [2088/2401] dda526a8-8602-4750-8dbe-e53618f2a416: valid; 2.4 s; peak memory 8884 MiB.
2026-09-20T18:06:16Z WARNING ddc98c2d-4b71-4a19-9ac2-1f2d8091df50: failed while opening the NWB file (ConstructError: (root/acquisition/_iblmic_audioSpectrogram/bands GroupBuilder {'attributes': {'colnames': array(['freq'], dtype=object), 'description': 'spectogram frequencies', 'namespace': 'core', 'neurodata_type': 'FrequencyBandsTable', 'object_id': '8385b879-9768-419c-a02a-6691418b3b0a'}, 'groups': {}, 'datasets': {'freq': root/acquisition/_iblmic_audioSpectrogram/bands/freq DatasetBuilder {'attributes': {'description': 'frequency value', 'namespace': 'hdmf-common', 'neurodata_type': 'VectorData', 'object_id': '9d6e27ec-78d2-48de-8666-43f90aab5d49'}, 'data': <HDF5 dataset "freq": shape (257,), type "<f4">}, 'id': root/acquisition/_iblmic_audioSpectrogram/bands/id DatasetBuilder {'attributes': {'namespace': 'hdmf-common', 'neurodata_type': 'ElementIdentifiers', 'object_id': '9bb59414-0301-411e-8e8f-a85efbea1c3d'}, 'data': <HDF5 dataset "id": shape (257,), type "<i4">}}, 'links': {}}, "Could not construct FrequencyBandsTable object due to: column must have the same number of rows as 'id'"))
2026-09-20T18:06:18Z INFO [2090/2401] ddcb0140-2858-4fd0-b9c3-60da8ed15bba: valid; 2.4 s; peak memory 8884 MiB.
2026-09-20T18:06:20Z INFO [2091/2401] ddfbf04b-329a-497f-a859-bca308689ca7: valid; 1.5 s; peak memory 8884 MiB.
2026-09-20T18:06:28Z INFO [2092/2401] de18276a-3968-4343-9c18-03f801b94ce9: valid; 8.6 s; peak memory 8884 MiB.
2026-09-20T18:06:31Z INFO [2093/2401] de670976-e54c-48d9-b46d-c3e5d83c6afe: valid; 2.4 s; peak memory 8884 MiB.
2026-09-20T18:06:32Z INFO [2094/2401] de7e241c-0986-4178-b208-8f0ffe93fdd1: not valid; 1.8 s; peak memory 8884 MiB.
2026-09-20T18:06:38Z INFO [2095/2401] de95a25e-17d3-4fcc-863a-dda65f793739: not valid; 5.5 s; peak memory 8884 MiB.
2026-09-20T18:06:39Z INFO [2096/2401] dea6e1ce-4db5-4ce4-8082-2bb1711df78b: valid; 1.3 s; peak memory 8884 MiB.
2026-09-20T18:06:41Z INFO [2097/2401] debbc3cd-909a-46ae-8ed7-57ca7593452d: valid; 1.5 s; peak memory 8884 MiB.
2026-09-20T18:06:52Z INFO [2098/2401] ded388ff-765d-4d80-9f5e-3e5dd724d41a: valid; 11.6 s; peak memory 8884 MiB.
2026-09-20T18:06:54Z INFO [2099/2401] dee7df82-3b74-48df-a8b8-2e26e0b01aae: not valid; 1.9 s; peak memory 8884 MiB.
2026-09-20T18:06:56Z INFO [2100/2401] df02abab-b16f-4187-8a9c-371c3e83a687: not valid; 1.8 s; peak memory 8884 MiB.
2026-09-20T18:06:57Z INFO [2100/2401] df02abab-b16f-4187-8a9c-371c3e83a687: checkpointed 72010 records.
2026-09-20T18:06:59Z INFO [2101/2401] df26d458-0685-4a70-9b6b-6457e7ead45b: not valid; 2.1 s; peak memory 8884 MiB.
2026-09-20T18:07:00Z INFO [2102/2401] df46a766-df67-41b0-bc3e-13d325d41ac2: valid; 1.3 s; peak memory 8884 MiB.
2026-09-20T18:07:02Z INFO [2103/2401] df6268ca-ef02-4c58-b45b-0bdb5a065bb0: valid; 2.4 s; peak memory 8884 MiB.
2026-09-20T18:07:04Z INFO [2104/2401] df7825a7-f25e-406a-a9c7-91fe50f42b2c: valid; 2.1 s; peak memory 8884 MiB.
2026-09-20T18:07:06Z INFO [2105/2401] df7f35dd-48ae-4bbf-b8e1-63ff213e3151: valid; 1.1 s; peak memory 8884 MiB.
2026-09-20T18:07:08Z INFO [2106/2401] df8d3105-efe6-4eea-a1b8-10fdc4198489: valid; 2.5 s; peak memory 8884 MiB.
2026-09-20T18:08:00Z INFO [2107/2401] dfae3ebe-ecd8-488f-8b2d-8f080e0cea25: valid; 51.6 s; peak memory 8884 MiB.
2026-09-20T18:08:01Z INFO [2108/2401] dff26c1f-5e90-447c-ae86-456aa784e090: not valid; 1.2 s; peak memory 8884 MiB.
2026-09-20T18:08:04Z INFO [2109/2401] e025d9b0-e13d-4a97-98e5-932453c9ebe9: valid; 2.9 s; peak memory 8884 MiB.
2026-09-20T18:08:06Z INFO [2110/2401] e029165d-c58f-40fc-939f-b92618d5fd1a: not valid; 2.4 s; peak memory 8884 MiB.
2026-09-20T18:08:09Z INFO [2111/2401] e047f418-3790-46da-b19a-3e8563631a7e: not valid; 2.5 s; peak memory 8884 MiB.
2026-09-20T18:08:12Z INFO [2112/2401] e06807c1-465e-472d-a230-46b51b5cde45: valid; 3.7 s; peak memory 8884 MiB.
2026-09-20T18:08:15Z INFO [2113/2401] e0918b61-31f9-43bd-b99e-05646b07348f: valid; 2.4 s; peak memory 8884 MiB.
2026-09-20T18:08:16Z INFO [2114/2401] e0b33435-2c16-43f0-b073-788c4a1b824a: valid; 1.1 s; peak memory 8884 MiB.
2026-09-20T18:08:18Z INFO [2115/2401] e0c321d5-f185-4b1d-9afb-d6af7e082cb4: not valid; 1.8 s; peak memory 8884 MiB.
2026-09-20T18:08:30Z INFO [2116/2401] e0d39ea4-6ddd-4e4f-947f-f26ace26b668: valid; 11.9 s; peak memory 8884 MiB.
2026-09-20T18:08:31Z INFO [2117/2401] e0e45824-073f-48bf-a04a-51b6dcd74522: not valid; 1.6 s; peak memory 8884 MiB.
2026-09-20T18:08:33Z INFO [2118/2401] e0f47a64-5c2a-4648-9001-aa15188cf021: valid; 1.8 s; peak memory 8884 MiB.
2026-09-20T18:08:35Z INFO [2119/2401] e0fc26c6-fc4c-4be4-a14e-b9baa4829f52: valid; 2.3 s; peak memory 8884 MiB.
2026-09-20T18:08:37Z INFO [2120/2401] e11e4ff3-fa9f-4838-9422-1a663ebe0849: not valid; 1.7 s; peak memory 8884 MiB.
2026-09-20T18:08:39Z INFO [2121/2401] e1342519-c5ce-4da1-afad-103a0ac0f775: valid; 1.3 s; peak memory 8884 MiB.
2026-09-20T18:08:41Z INFO [2122/2401] e172bd4f-7858-4d89-893c-8724d83f12ba: valid; 2.2 s; peak memory 8884 MiB.
2026-09-20T18:08:43Z INFO [2123/2401] e194ddcb-3104-4cb4-acda-5e2ec79c8fef: valid; 1.8 s; peak memory 8884 MiB.
2026-09-20T18:08:44Z INFO [2124/2401] e19bf0c2-2a3f-4523-a546-e6480fcae7cb: valid; 1.7 s; peak memory 8884 MiB.
2026-09-20T18:08:47Z INFO [2125/2401] e1c52d96-d055-49fc-8993-40121bef030f: valid; 3.1 s; peak memory 8884 MiB.
2026-09-20T18:08:49Z INFO [2126/2401] e202aa92-4e7c-47bf-a270-39ebe801b8a9: valid; 2.1 s; peak memory 8884 MiB.
2026-09-20T18:08:51Z INFO [2127/2401] e2073591-3149-462c-8948-2f1cc67ffa0c: valid; 1.7 s; peak memory 8884 MiB.
2026-09-20T18:08:53Z INFO [2128/2401] e21a1b82-3ab4-45e7-b5ca-d6189ed66a19: valid; 1.3 s; peak memory 8884 MiB.
2026-09-20T18:08:55Z INFO [2129/2401] e23012b5-725a-4c83-914c-a6efecb37e9d: valid; 2.0 s; peak memory 8884 MiB.
2026-09-20T18:10:17Z INFO [2130/2401] e25527dd-0efd-47c8-8859-5f10573f3f1f: valid; 82.1 s; peak memory 8884 MiB.
2026-09-20T18:10:21Z INFO [2131/2401] e279cfd5-4926-4923-b196-87e3455cc4e1: not valid; 4.8 s; peak memory 8884 MiB.
2026-09-20T18:10:23Z INFO [2132/2401] e2801f30-147c-4bcc-8569-951524dc297c: not valid; 1.8 s; peak memory 8884 MiB.
2026-09-20T18:10:26Z INFO [2133/2401] e28cbe8f-9386-4ea9-8e44-e0fc1b321ed2: valid; 2.4 s; peak memory 8884 MiB.
2026-09-20T18:10:29Z INFO [2134/2401] e2aab141-b5f0-4f0c-9ece-88e90abc0e18: valid; 3.3 s; peak memory 8884 MiB.
2026-09-20T18:10:32Z INFO [2135/2401] e2b11614-c018-4d2e-89dd-341a7e7a4291: valid; 3.3 s; peak memory 8884 MiB.
2026-09-20T18:10:34Z INFO [2136/2401] e2bb41fc-aab5-4bef-99b8-d23559a0b7d5: valid; 1.4 s; peak memory 8884 MiB.
2026-09-20T18:10:35Z INFO [2137/2401] e2bc5850-b0ac-4430-9a47-c653376e8f26: valid; 1.4 s; peak memory 8884 MiB.
2026-09-20T18:10:37Z INFO [2138/2401] e2d08532-ea30-4e71-8e86-932cd70065ab: not valid; 1.9 s; peak memory 8884 MiB.
2026-09-20T18:10:38Z INFO [2139/2401] e2d20c13-492b-41ca-b837-9f3bf1cb4945: valid; 1.4 s; peak memory 8884 MiB.
2026-09-20T18:10:41Z INFO [2140/2401] e2f9ce20-2ae3-45a0-a080-28e92cb38606: valid; 2.3 s; peak memory 8884 MiB.
2026-09-20T18:10:43Z WARNING e3067be9-e9c3-4c64-9018-e9f80b234a58: failed while opening the NWB file (ConstructError: (root/acquisition/_iblmic_audioSpectrogram/bands GroupBuilder {'attributes': {'colnames': array(['freq'], dtype=object), 'description': 'spectogram frequencies', 'namespace': 'core', 'neurodata_type': 'FrequencyBandsTable', 'object_id': 'a042b8ab-cc16-4f39-962a-689b62c04a5a'}, 'groups': {}, 'datasets': {'freq': root/acquisition/_iblmic_audioSpectrogram/bands/freq DatasetBuilder {'attributes': {'description': 'frequency value', 'namespace': 'hdmf-common', 'neurodata_type': 'VectorData', 'object_id': '9b7052c8-59b5-4893-952c-1ebce81291d2'}, 'data': <HDF5 dataset "freq": shape (257,), type "<f4">}, 'id': root/acquisition/_iblmic_audioSpectrogram/bands/id DatasetBuilder {'attributes': {'namespace': 'hdmf-common', 'neurodata_type': 'ElementIdentifiers', 'object_id': 'f293676a-8315-431f-8948-734751379a79'}, 'data': <HDF5 dataset "id": shape (257,), type "<i4">}}, 'links': {}}, "Could not construct FrequencyBandsTable object due to: column must have the same number of rows as 'id'"))
2026-09-20T18:10:45Z INFO [2142/2401] e30906e1-b7e3-4e3b-8b0b-ead644846b12: valid; 2.3 s; peak memory 8884 MiB.
2026-09-20T18:10:47Z INFO [2143/2401] e344dc72-b795-4293-88c9-ec09b1f60864: valid; 2.1 s; peak memory 8884 MiB.
2026-09-20T18:10:52Z INFO [2144/2401] e35b7ea4-0729-4c5a-bd43-3d834d85fad0: not valid; 4.8 s; peak memory 8884 MiB.
2026-09-20T18:10:53Z INFO [2145/2401] e35f575b-ae6b-4536-818f-18455a1dc5ec: valid; 1.6 s; peak memory 8884 MiB.
2026-09-20T18:11:01Z INFO [2146/2401] e37a6533-04de-40d3-904c-e09af75b8072: valid; 7.8 s; peak memory 8884 MiB.
2026-09-20T18:11:03Z INFO [2147/2401] e38b9f91-7508-4a3a-b3ab-661e82c1cc1c: valid; 2.3 s; peak memory 8884 MiB.
2026-09-20T18:11:05Z INFO [2148/2401] e39c4106-4a3f-40a7-98cb-b327ec78ae1a: valid; 1.4 s; peak memory 8884 MiB.
2026-09-20T18:11:05Z WARNING e3a2d13c-c29b-4f06-ae9b-874751a5626f: failed while retrieving asset information from the DANDI API (NotFoundError: No such Dandiset: 000948)
2026-09-20T18:11:06Z INFO [2150/2401] e3aef353-fcf1-459f-ad27-2227d1d2df60: valid; 1.2 s; peak memory 8884 MiB.
2026-09-20T18:11:07Z INFO [2150/2401] e3aef353-fcf1-459f-ad27-2227d1d2df60: checkpointed 72010 records.
2026-09-20T18:11:09Z INFO [2151/2401] e3b60eaf-ab76-4dfe-805e-92ca263019c2: valid; 2.2 s; peak memory 8884 MiB.
2026-09-20T18:11:11Z INFO [2152/2401] e3b79b18-d086-44a7-9403-9d972e889064: not valid; 2.1 s; peak memory 8884 MiB.
2026-09-20T18:11:13Z INFO [2153/2401] e3e1e2fe-6d4d-4b23-a213-68d49f3244ee: not valid; 2.0 s; peak memory 8884 MiB.
2026-09-20T18:11:15Z INFO [2154/2401] e3f63f9b-a7d2-4ec9-99c6-d2788aa70fc4: not valid; 1.6 s; peak memory 8884 MiB.
2026-09-20T18:11:18Z INFO [2155/2401] e4004884-6f0d-4fe7-a15d-0cc6f84800fa: valid; 3.7 s; peak memory 8884 MiB.
2026-09-20T18:11:23Z INFO [2156/2401] e40949b4-3819-4365-88ac-f5773b53db95: valid; 4.3 s; peak memory 8884 MiB.
2026-09-20T18:11:24Z INFO [2157/2401] e431c69b-0b8d-46f8-8811-61ce30232923: valid; 1.7 s; peak memory 8884 MiB.
2026-09-20T18:11:25Z INFO [2158/2401] e47fbd3d-e9f4-40d8-9d92-5769ceaab402: valid; 1.2 s; peak memory 8884 MiB.
2026-09-20T18:11:31Z INFO [2159/2401] e48a4359-92fc-4ef4-9e25-47a2fdb021c2: valid; 5.3 s; peak memory 8884 MiB.
2026-09-20T18:11:33Z INFO [2160/2401] e4a6c994-7299-4a40-979b-440bb7d829e0: not valid; 1.9 s; peak memory 8884 MiB.
2026-09-20T18:11:35Z INFO [2161/2401] e4cca513-0e45-43d6-8d31-eeb0ac53ad4b: valid; 2.1 s; peak memory 8884 MiB.
2026-09-20T18:11:36Z INFO [2162/2401] e4e0b58b-fd63-470e-baf2-ac92240430a2: valid; 1.5 s; peak memory 8884 MiB.
2026-09-20T18:11:48Z INFO [2163/2401] e501a3a2-b928-45d4-a8ce-dbdc0933bab3: valid; 11.6 s; peak memory 8884 MiB.
2026-09-20T18:11:50Z INFO [2164/2401] e528d677-8d2e-4b39-959f-faa21a7bf6e9: valid; 2.1 s; peak memory 8884 MiB.
2026-09-20T18:11:52Z INFO [2165/2401] e55493c5-b88c-458d-9824-dca1ec4508a8: valid; 2.5 s; peak memory 8884 MiB.
2026-09-20T18:11:54Z INFO [2166/2401] e5728e52-5c62-459e-8e9d-7acc1c9a6804: valid; 1.9 s; peak memory 8884 MiB.
2026-09-20T18:11:57Z INFO [2167/2401] e5838335-f1b5-438e-91e3-27b488edf8df: valid; 2.8 s; peak memory 8884 MiB.
2026-09-20T18:11:59Z INFO [2168/2401] e5b80ed1-ffe0-46e5-96e4-500e0f17d004: valid; 2.1 s; peak memory 8884 MiB.
2026-09-20T18:12:16Z INFO [2169/2401] e5e4f81c-bdaa-4263-b7dd-12d846f161dc: valid; 16.8 s; peak memory 8884 MiB.
2026-09-20T18:12:18Z WARNING e5fef8fc-80ab-4ed5-9301-0dcbc96effaf: failed while opening the NWB file (ConstructError: (root/acquisition/_iblmic_audioSpectrogram/bands GroupBuilder {'attributes': {'colnames': array(['freq'], dtype=object), 'description': 'spectogram frequencies', 'namespace': 'core', 'neurodata_type': 'FrequencyBandsTable', 'object_id': 'd88c5d3a-e3b5-45ce-b9e6-d91b9a4e5cd3'}, 'groups': {}, 'datasets': {'freq': root/acquisition/_iblmic_audioSpectrogram/bands/freq DatasetBuilder {'attributes': {'description': 'frequency value', 'namespace': 'hdmf-common', 'neurodata_type': 'VectorData', 'object_id': '9e5ba1ca-ab74-447b-841e-9394ad700a21'}, 'data': <HDF5 dataset "freq": shape (257,), type "<f4">}, 'id': root/acquisition/_iblmic_audioSpectrogram/bands/id DatasetBuilder {'attributes': {'namespace': 'hdmf-common', 'neurodata_type': 'ElementIdentifiers', 'object_id': 'cb9e7a8e-090d-4b2f-9554-61133f17f4d3'}, 'data': <HDF5 dataset "id": shape (257,), type "<i4">}}, 'links': {}}, "Could not construct FrequencyBandsTable object due to: column must have the same number of rows as 'id'"))
2026-09-20T18:12:21Z INFO [2171/2401] e62450ca-85bf-4ab5-a088-8330132c8809: valid; 3.5 s; peak memory 8884 MiB.
2026-09-20T18:12:24Z WARNING e63efdba-2034-4ae6-964a-582b86391643: failed while opening the NWB file (ConstructError: (root/acquisition/_iblmic_audioSpectrogram/bands GroupBuilder {'attributes': {'colnames': array(['freq'], dtype=object), 'description': 'spectogram frequencies', 'namespace': 'core', 'neurodata_type': 'FrequencyBandsTable', 'object_id': '9c1879a1-cf38-41da-8494-5aa9d03bb020'}, 'groups': {}, 'datasets': {'freq': root/acquisition/_iblmic_audioSpectrogram/bands/freq DatasetBuilder {'attributes': {'description': 'frequency value', 'namespace': 'hdmf-common', 'neurodata_type': 'VectorData', 'object_id': '594974c3-c575-4c15-8f63-b4066f6e02eb'}, 'data': <HDF5 dataset "freq": shape (257,), type "<f4">}, 'id': root/acquisition/_iblmic_audioSpectrogram/bands/id DatasetBuilder {'attributes': {'namespace': 'hdmf-common', 'neurodata_type': 'ElementIdentifiers', 'object_id': '1fde5717-a920-407e-999e-fffac5babc01'}, 'data': <HDF5 dataset "id": shape (257,), type "<i4">}}, 'links': {}}, "Could not construct FrequencyBandsTable object due to: column must have the same number of rows as 'id'"))
2026-09-20T18:12:26Z INFO [2173/2401] e643755a-cafe-4320-a8d4-823f94b60389: valid; 1.9 s; peak memory 8884 MiB.
2026-09-20T18:12:28Z INFO [2174/2401] e67ea0e9-cd77-4c6f-88f2-404ec03c827c: valid; 2.2 s; peak memory 8884 MiB.
2026-09-20T18:12:30Z INFO [2175/2401] e689f24c-943f-4887-9dae-6dba58d5cb2c: valid; 2.3 s; peak memory 8884 MiB.
2026-09-20T18:12:30Z WARNING e6aa9599-e908-45f1-9e5b-b2524a5f3a04: failed while retrieving asset information from the DANDI API (NotFoundError: No asset at path 'sub-parkinson-simulated-beta/sub-parkinson-simulated-beta_ses-3408_ecephys.nwb' in version 0.250327.2220. Verify the path is correct and the asset exists in this version. Use 'dandi ls' to list available assets.)
2026-09-20T18:12:33Z INFO [2177/2401] e6b9e1b1-bc2d-4cb2-9287-000170266c34: not valid; 2.5 s; peak memory 8884 MiB.
2026-09-20T18:12:36Z INFO [2178/2401] e6f1a0c0-2aa7-4273-89f6-d79a53e715e2: valid; 3.0 s; peak memory 8884 MiB.
2026-09-20T18:12:39Z INFO [2179/2401] e7017016-8d98-4201-abc8-4c917ec40694: not valid; 3.1 s; peak memory 8884 MiB.
2026-09-20T18:12:41Z INFO [2180/2401] e72dda65-b711-4813-be66-8f8238f2f52e: not valid; 2.7 s; peak memory 8884 MiB.
2026-09-20T18:12:43Z INFO [2181/2401] e74fbc96-dfb4-4b1f-b423-8c653b02e03b: valid; 1.3 s; peak memory 8884 MiB.
2026-09-20T18:12:44Z INFO [2182/2401] e763ae59-a619-4e94-8e2a-a8120a4fd531: valid; 1.6 s; peak memory 8884 MiB.
2026-09-20T18:12:49Z INFO [2183/2401] e7a35e61-0e12-4831-a5fa-4730d5067637: valid; 4.3 s; peak memory 8884 MiB.
2026-09-20T18:12:50Z INFO [2184/2401] e7d5c37c-7efe-42cd-a8f8-9781dc1d733d: valid; 1.4 s; peak memory 8884 MiB.
2026-09-20T18:12:54Z INFO [2185/2401] e7e41f01-ab75-43c7-b343-6f31eae158f1: not valid; 4.2 s; peak memory 8884 MiB.
2026-09-20T18:12:56Z INFO [2186/2401] e7f7f50b-9f34-41fe-ad01-bd2cd4f34e39: valid; 2.2 s; peak memory 8884 MiB.
2026-09-20T18:12:58Z INFO [2187/2401] e81b76c9-6e79-477f-b364-1c844c253aba: valid; 2.0 s; peak memory 8884 MiB.
2026-09-20T18:13:03Z INFO [2188/2401] e84c8eb3-6e4e-4144-8397-5ed3965d8a6b: not valid; 4.6 s; peak memory 8884 MiB.
2026-09-20T18:13:05Z INFO [2189/2401] e857b2fd-4437-43f6-a791-baff7477d437: valid; 2.4 s; peak memory 8884 MiB.
2026-09-20T18:13:07Z INFO [2190/2401] e860935a-1ac0-4c6d-8caf-ba78e7a1e678: valid; 2.1 s; peak memory 8884 MiB.
2026-09-20T18:13:09Z INFO [2191/2401] e8a92ba0-0cfe-48ad-9c68-76c44cc3df82: valid; 1.4 s; peak memory 8884 MiB.
2026-09-20T18:13:10Z INFO [2192/2401] e8ea4e86-c482-4120-8fcc-7684c1f6fb0c: valid; 1.4 s; peak memory 8884 MiB.
2026-09-20T18:13:12Z INFO [2193/2401] e8eb9086-c90c-48ed-b6b1-55fbd8e7711b: not valid; 1.5 s; peak memory 8884 MiB.
2026-09-20T18:13:15Z INFO [2194/2401] e8eede7a-6c52-4f6e-bdb4-6cfd57caf823: valid; 3.3 s; peak memory 8884 MiB.
2026-09-20T18:13:20Z INFO [2195/2401] e91b4170-423b-45ca-809b-d459db4a6f66: valid; 4.8 s; peak memory 8884 MiB.
2026-09-20T18:13:21Z INFO [2196/2401] e9355014-0eec-42e0-b51b-aeef8c2fed4e: valid; 1.4 s; peak memory 8884 MiB.
2026-09-20T18:13:45Z INFO [2197/2401] e94e605c-dbdf-46b7-af09-c508c8b24a01: valid; 24.2 s; peak memory 8884 MiB.
2026-09-20T18:14:05Z INFO [2198/2401] e9518203-ae46-4dd5-875c-145043d3593c: valid; 19.3 s; peak memory 8884 MiB.
2026-09-20T18:14:08Z INFO [2199/2401] e95ccbda-b256-4181-ae13-e24f34cf2705: not valid; 3.1 s; peak memory 8884 MiB.
2026-09-20T18:14:10Z INFO [2200/2401] e97c2ef1-64e8-4668-b511-4726ab88f3f3: valid; 2.0 s; peak memory 8884 MiB.
2026-09-20T18:14:10Z INFO [2200/2401] e97c2ef1-64e8-4668-b511-4726ab88f3f3: checkpointed 72010 records.
2026-09-20T18:14:18Z INFO [2201/2401] e97ea848-a431-4708-b501-0a77f510329a: valid; 7.2 s; peak memory 8884 MiB.
2026-09-20T18:14:19Z INFO [2202/2401] e9a1921f-f561-4a20-854e-819ef608ccf1: valid; 1.7 s; peak memory 8884 MiB.
2026-09-20T18:14:21Z INFO [2203/2401] e9aed544-f078-4270-b1f0-92b970fab5f5: valid; 2.0 s; peak memory 8884 MiB.
2026-09-20T18:14:23Z INFO [2204/2401] e9b15402-6f98-4ba2-b482-80498decd52b: valid; 1.7 s; peak memory 8884 MiB.
2026-09-20T18:14:24Z INFO [2205/2401] e9cf55e8-8cb1-4fe8-b8a5-5bd26f5c76d1: not valid; 1.5 s; peak memory 8884 MiB.
2026-09-20T18:14:27Z INFO [2206/2401] e9e2cbec-4018-41a2-a9a4-c73f29ba2523: valid; 2.3 s; peak memory 8884 MiB.
2026-09-20T18:14:28Z INFO [2207/2401] ea0db2e8-3324-4d04-b15d-4a8d16366e6b: valid; 1.4 s; peak memory 8884 MiB.
2026-09-20T18:14:31Z INFO [2208/2401] ea19d97d-dcd9-468c-aecd-1896dbd2383b: valid; 2.7 s; peak memory 8884 MiB.
2026-09-20T18:14:34Z INFO [2209/2401] ea1d232e-d8af-4ae4-9fdb-42642ea10bec: valid; 3.3 s; peak memory 8884 MiB.
2026-09-20T18:14:37Z INFO [2210/2401] ea264f18-cdd5-4e00-8369-ceb4966f1d31: valid; 3.3 s; peak memory 8884 MiB.
2026-09-20T18:14:39Z INFO [2211/2401] ea3e7ca7-e59a-42f3-8d10-7e27ec6f136e: valid; 1.3 s; peak memory 8884 MiB.
2026-09-20T18:14:40Z INFO [2212/2401] ea57b636-869e-4b9c-b1e0-4d935483d459: valid; 1.3 s; peak memory 8884 MiB.
2026-09-20T18:14:44Z INFO [2213/2401] ea79c04d-7a63-4788-9742-b4321fd6e52b: valid; 4.2 s; peak memory 8884 MiB.
2026-09-20T18:14:51Z INFO [2214/2401] ea996e34-56f4-421a-a92d-9c3a410728a4: valid; 6.5 s; peak memory 8884 MiB.
2026-09-20T18:14:54Z INFO [2215/2401] eaebc88d-e286-464f-97a3-c0d97526b9a3: valid; 2.7 s; peak memory 8884 MiB.
2026-09-20T18:14:56Z INFO [2216/2401] eb15f586-7268-43b7-88e9-9648e1cd443c: valid; 2.4 s; peak memory 8884 MiB.
2026-09-20T18:14:57Z INFO [2217/2401] eb2cf6a9-bf99-4c84-b844-79c1ebdcf8a5: valid; 1.3 s; peak memory 8884 MiB.
2026-09-20T18:15:00Z INFO [2218/2401] eb3c5ca8-b99a-47e7-a1c5-aa71e6c94cec: valid; 2.8 s; peak memory 8884 MiB.
2026-09-20T18:15:09Z INFO [2219/2401] eb5a7621-8293-494f-bdd2-6d725f25661e: valid; 8.6 s; peak memory 8884 MiB.
2026-09-20T18:15:16Z INFO [2220/2401] eb832e44-226e-483f-894e-092dcb6f0f37: valid; 7.6 s; peak memory 8884 MiB.
2026-09-20T18:15:20Z INFO [2221/2401] ec04a46a-956a-4d10-801b-d9ebe116354d: valid; 3.8 s; peak memory 8884 MiB.
2026-09-20T18:15:22Z WARNING ec324b7f-824f-40be-bb64-ec5e369f0e4c: failed while opening the NWB file (ConstructError: (root/acquisition/_iblmic_audioSpectrogram/bands GroupBuilder {'attributes': {'colnames': array(['freq'], dtype=object), 'description': 'spectogram frequencies', 'namespace': 'core', 'neurodata_type': 'FrequencyBandsTable', 'object_id': 'fa48f445-c57a-4fa8-819c-d5ec7435ed06'}, 'groups': {}, 'datasets': {'freq': root/acquisition/_iblmic_audioSpectrogram/bands/freq DatasetBuilder {'attributes': {'description': 'frequency value', 'namespace': 'hdmf-common', 'neurodata_type': 'VectorData', 'object_id': 'fcccc8bb-efcf-425b-9330-0722be7a5e97'}, 'data': <HDF5 dataset "freq": shape (257,), type "<f4">}, 'id': root/acquisition/_iblmic_audioSpectrogram/bands/id DatasetBuilder {'attributes': {'namespace': 'hdmf-common', 'neurodata_type': 'ElementIdentifiers', 'object_id': '50fe4c6b-1ce0-400f-a746-a81f0812a53d'}, 'data': <HDF5 dataset "id": shape (257,), type "<i4">}}, 'links': {}}, "Could not construct FrequencyBandsTable object due to: column must have the same number of rows as 'id'"))
2026-09-20T18:15:24Z INFO [2223/2401] ec392779-13b4-4334-8bbe-cd6d65429cdf: valid; 2.1 s; peak memory 8884 MiB.
2026-09-20T18:15:29Z INFO [2224/2401] ec691ffc-abb9-4013-b3b2-86d6068c2e5f: valid; 4.2 s; peak memory 8884 MiB.
2026-09-20T18:15:31Z INFO [2225/2401] ec6bf18b-ad41-4fdb-9f90-e5ea6c4c9053: valid; 2.4 s; peak memory 8884 MiB.
2026-09-20T18:15:45Z INFO [2226/2401] ec8fdb1a-e9fe-4ea7-9ccb-05e629f928af: not valid; 14.3 s; peak memory 8884 MiB.
2026-09-20T18:15:47Z INFO [2227/2401] ecbc4e74-d237-475e-85d9-b19cc4a85af6: not valid; 2.1 s; peak memory 8884 MiB.
2026-09-20T18:15:49Z WARNING ecce5bf4-f286-40a8-8d2c-bf0bbe9ef849: failed while opening the NWB file (ConstructError: (root/acquisition/_iblmic_audioSpectrogram/bands GroupBuilder {'attributes': {'colnames': array(['freq'], dtype=object), 'description': 'spectogram frequencies', 'namespace': 'core', 'neurodata_type': 'FrequencyBandsTable', 'object_id': 'f1e8b792-7d97-4de8-a1a9-bb53d8f37d8e'}, 'groups': {}, 'datasets': {'freq': root/acquisition/_iblmic_audioSpectrogram/bands/freq DatasetBuilder {'attributes': {'description': 'frequency value', 'namespace': 'hdmf-common', 'neurodata_type': 'VectorData', 'object_id': '5df55e28-195b-4a66-b7ab-65226158c3d6'}, 'data': <HDF5 dataset "freq": shape (257,), type "<f4">}, 'id': root/acquisition/_iblmic_audioSpectrogram/bands/id DatasetBuilder {'attributes': {'namespace': 'hdmf-common', 'neurodata_type': 'ElementIdentifiers', 'object_id': '70308727-ab35-4309-bed4-a27d5285e503'}, 'data': <HDF5 dataset "id": shape (257,), type "<i4">}}, 'links': {}}, "Could not construct FrequencyBandsTable object due to: column must have the same number of rows as 'id'"))
2026-09-20T18:15:53Z INFO [2229/2401] ece8b13f-f0ae-464a-afe7-317590521a49: valid; 3.6 s; peak memory 8884 MiB.
2026-09-20T18:16:10Z INFO [2230/2401] ecf444f6-7f11-4698-b9e6-56ef50fa2159: valid; 17.0 s; peak memory 8884 MiB.
2026-09-20T18:16:12Z INFO [2231/2401] ed40c0d5-a372-4879-9c33-15d3ddfaa7c4: not valid; 2.4 s; peak memory 8884 MiB.
2026-09-20T18:16:14Z INFO [2232/2401] ed61480e-0014-4f8f-8200-1e380a67ade5: valid; 1.3 s; peak memory 8884 MiB.
2026-09-20T18:16:15Z INFO [2233/2401] ed65be13-0794-49a3-bf2b-7a7014ce8ebf: valid; 1.2 s; peak memory 8884 MiB.
2026-09-20T18:16:18Z INFO [2234/2401] ed7f3ae7-439f-4b22-b4ee-12d0fff25fb2: valid; 3.5 s; peak memory 8884 MiB.
2026-09-20T18:16:21Z INFO [2235/2401] ed881852-df01-40e6-8a11-8193b4f41529: not valid; 2.3 s; peak memory 8884 MiB.
2026-09-20T18:16:40Z INFO [2236/2401] edc36c1a-b9a1-4c7c-9518-a8ae8d18143b: valid; 19.6 s; peak memory 8884 MiB.
2026-09-20T18:16:43Z INFO [2237/2401] ee12fc5c-d203-4037-9715-86df4d903ac0: valid; 3.0 s; peak memory 8884 MiB.
2026-09-20T18:16:52Z INFO [2238/2401] ee18f5eb-6a96-4a8e-9830-d08487e0e599: valid; 8.4 s; peak memory 8884 MiB.
2026-09-20T18:16:54Z INFO [2239/2401] ee26c42a-e651-4566-b4e8-92ddd3861351: valid; 2.3 s; peak memory 8884 MiB.
2026-09-20T18:16:56Z INFO [2240/2401] ee59ef1f-58d7-4860-b5ad-b235a6ff8610: valid; 2.2 s; peak memory 8884 MiB.
2026-09-20T18:16:58Z INFO [2241/2401] ee659d6e-7c04-45d8-92bb-72c554d88d89: not valid; 1.9 s; peak memory 8884 MiB.
2026-09-20T18:17:00Z INFO [2242/2401] ee6baaf6-447e-40fc-bc75-9b2094a07000: valid; 1.4 s; peak memory 8884 MiB.
2026-09-20T18:17:01Z INFO [2243/2401] eeb80cef-18e9-4a64-a1e0-dfae007eb67d: valid; 1.4 s; peak memory 8884 MiB.
2026-09-20T18:17:04Z INFO [2244/2401] eec20ad8-cc05-4255-a34a-13becf7fbfdc: valid; 2.7 s; peak memory 8884 MiB.
2026-09-20T18:17:22Z INFO [2245/2401] eec71de8-11c7-4e73-9667-cb0661f5fdff: valid; 17.9 s; peak memory 8884 MiB.
2026-09-20T18:17:25Z INFO [2246/2401] eed2112d-e793-4d43-833e-1a08b299acd5: valid; 2.9 s; peak memory 8884 MiB.
2026-09-20T18:17:26Z INFO [2247/2401] eefbbf5a-eaa9-4fcc-afda-2abbcab19c6e: valid; 1.4 s; peak memory 8884 MiB.
2026-09-20T18:17:28Z INFO [2248/2401] ef32c409-19a1-43df-b638-02dbb9c867c4: not valid; 1.6 s; peak memory 8884 MiB.
2026-09-20T18:17:30Z INFO [2249/2401] ef445808-7228-4eea-b0ab-58ff9ddacac3: valid; 2.1 s; peak memory 8884 MiB.
2026-09-20T18:17:31Z INFO [2250/2401] ef4acffa-fd9f-44bb-b3bf-a1622292da23: valid; 1.3 s; peak memory 8884 MiB.
2026-09-20T18:17:32Z INFO [2250/2401] ef4acffa-fd9f-44bb-b3bf-a1622292da23: checkpointed 72010 records.
2026-09-20T18:17:34Z INFO [2251/2401] ef98c3b6-17ea-4bfe-9c5e-ab5376a66b75: valid; 2.1 s; peak memory 8884 MiB.
2026-09-20T18:17:37Z INFO [2252/2401] efd3124b-0c6f-4779-9c7a-1f20d78f9823: valid; 2.9 s; peak memory 8884 MiB.
2026-09-20T18:17:38Z INFO [2253/2401] efed2eb6-7f1d-4f56-9b14-bad89246be19: valid; 1.3 s; peak memory 8884 MiB.
2026-09-20T18:17:58Z INFO [2254/2401] f024d3e3-df20-4742-b961-c51f25e10571: valid; 19.7 s; peak memory 8884 MiB.
2026-09-20T18:17:59Z INFO [2255/2401] f05cde4b-ee8f-480b-81ac-c26f35555d47: valid; 1.3 s; peak memory 8884 MiB.
2026-09-20T18:18:02Z INFO [2256/2401] f075b578-274e-4295-a0f4-5bda138d814d: valid; 2.9 s; peak memory 8884 MiB.
2026-09-20T18:18:04Z INFO [2257/2401] f07e3a4f-a431-4b21-b25c-0d02ba1a1dd5: valid; 2.2 s; peak memory 8884 MiB.
2026-09-20T18:18:09Z INFO [2258/2401] f0976ff9-1226-4083-8f0c-d4c21acba8f1: not valid; 4.7 s; peak memory 8884 MiB.
2026-09-20T18:18:10Z INFO [2259/2401] f0b0e6b3-22fd-4650-83fd-224ab3a101ac: valid; 1.6 s; peak memory 8884 MiB.
2026-09-20T18:18:12Z INFO [2260/2401] f0b6466c-70ce-4b97-9eb5-c68c9477a60b: not valid; 1.8 s; peak memory 8884 MiB.
2026-09-20T18:18:14Z WARNING f0bc6a95-916a-40bc-88aa-f49738b4506f: failed while opening the NWB file (ConstructError: (root/acquisition/_iblmic_audioSpectrogram/bands GroupBuilder {'attributes': {'colnames': array(['freq'], dtype=object), 'description': 'spectogram frequencies', 'namespace': 'core', 'neurodata_type': 'FrequencyBandsTable', 'object_id': '7c83f718-87ca-4b0b-910e-6c4d69f250ba'}, 'groups': {}, 'datasets': {'freq': root/acquisition/_iblmic_audioSpectrogram/bands/freq DatasetBuilder {'attributes': {'description': 'frequency value', 'namespace': 'hdmf-common', 'neurodata_type': 'VectorData', 'object_id': '7fe0c1cc-6d5e-4345-b7a8-17e0f1fc9ca0'}, 'data': <HDF5 dataset "freq": shape (257,), type "<f4">}, 'id': root/acquisition/_iblmic_audioSpectrogram/bands/id DatasetBuilder {'attributes': {'namespace': 'hdmf-common', 'neurodata_type': 'ElementIdentifiers', 'object_id': '1a74ffd7-cd99-42ab-9f70-51c3b22ba1c0'}, 'data': <HDF5 dataset "id": shape (257,), type "<i4">}}, 'links': {}}, "Could not construct FrequencyBandsTable object due to: column must have the same number of rows as 'id'"))
2026-09-20T18:18:16Z INFO [2262/2401] f0c5aa60-cbf7-4998-bde9-43cf40e73804: valid; 2.3 s; peak memory 8884 MiB.
2026-09-20T18:18:18Z INFO [2263/2401] f0f375df-862e-4f21-aa84-5b74a976e045: valid; 2.0 s; peak memory 8884 MiB.
2026-09-20T18:18:21Z INFO [2264/2401] f0f75900-827a-4041-9c36-708c0c77c744: valid; 2.3 s; peak memory 8884 MiB.
2026-09-20T18:18:23Z INFO [2265/2401] f0f99617-9b37-4e2f-83f7-f23a61a06fc5: not valid; 1.9 s; peak memory 8884 MiB.
2026-09-20T18:18:27Z INFO [2266/2401] f0fac40e-acc2-477f-9f6f-f75df93eaad6: valid; 4.3 s; peak memory 8884 MiB.
2026-09-20T18:18:29Z INFO [2267/2401] f1081667-f125-43f9-8c25-43f780d3af4e: not valid; 1.5 s; peak memory 8884 MiB.
2026-09-20T18:18:31Z INFO [2268/2401] f12453d7-6b4d-433a-bc22-adb1872d0682: valid; 2.8 s; peak memory 8884 MiB.
2026-09-20T18:18:36Z INFO [2269/2401] f142682b-4908-4439-b665-d455d75e892f: valid; 4.8 s; peak memory 8884 MiB.
2026-09-20T18:18:38Z INFO [2270/2401] f14d25fb-1cf2-4e1a-84ee-bd082c19f70a: valid; 2.0 s; peak memory 8884 MiB.
2026-09-20T18:18:39Z INFO [2271/2401] f14d756f-cfe3-4ad9-a19e-7e967f4ac233: valid; 1.4 s; peak memory 8884 MiB.
2026-09-20T18:18:42Z INFO [2272/2401] f1620937-ccc7-4117-8d51-5055610ac768: not valid; 2.6 s; peak memory 8884 MiB.
2026-09-20T18:18:44Z INFO [2273/2401] f1a7b250-2897-43cc-a7a2-a53e0a652f66: not valid; 1.6 s; peak memory 8884 MiB.
2026-09-20T18:18:45Z INFO [2274/2401] f1f0a6aa-54a4-4191-b51d-2d92f1470849: not valid; 1.6 s; peak memory 8884 MiB.
2026-09-20T18:18:47Z INFO [2275/2401] f21cda8e-1e10-4ed1-aa05-b27c3ff137e4: valid; 1.3 s; peak memory 8884 MiB.
2026-09-20T18:18:58Z INFO [2276/2401] f228be2d-1e27-45ef-92c7-bfd46674e0f6: valid; 11.1 s; peak memory 8884 MiB.
2026-09-20T18:18:59Z INFO [2277/2401] f24486a1-830c-4143-bcdf-0e510c9fca31: valid; 1.6 s; peak memory 8884 MiB.
2026-09-20T18:19:04Z INFO [2278/2401] f24af1ce-7aaf-4c41-8d0b-9f7874aa8b3f: valid; 4.6 s; peak memory 8884 MiB.
2026-09-20T18:19:07Z INFO [2279/2401] f25bc7a4-421a-4878-b9c2-cf548859ae5b: valid; 2.9 s; peak memory 8884 MiB.
2026-09-20T18:19:10Z INFO [2280/2401] f2827d79-19a6-4a63-8035-1e72aef3d1ab: valid; 3.2 s; peak memory 8884 MiB.
2026-09-20T18:19:11Z INFO [2281/2401] f29294c6-266f-4c57-b6f8-9dcd2d311ba7: valid; 1.3 s; peak memory 8884 MiB.
2026-09-20T18:19:14Z INFO [2282/2401] f2a5eb56-cc39-4559-bf48-e733e74d4096: valid; 2.5 s; peak memory 8884 MiB.
2026-09-20T18:19:31Z INFO [2283/2401] f2b4912f-efac-4c2f-8e5b-3b8cc93b6ce4: valid; 17.2 s; peak memory 8884 MiB.
2026-09-20T18:19:34Z WARNING f3045279-cdf5-4296-9097-3e0377255980: failed while opening the NWB file (ConstructError: (root/general/optogenetics/PatternedOptogeneticStimulusSite GroupBuilder {'attributes': {'effector': 'GUR-3/PRDX-2', 'namespace': 'ndx-patterned-ogen', 'neurodata_type': 'PatternedOptogeneticStimulusSite', 'object_id': '8be3a0e8-7c21-4cb8-9a96-d2c70cffe8da'}, 'groups': {}, 'datasets': {'description': root/general/optogenetics/PatternedOptogeneticStimulusSite/description DatasetBuilder {'attributes': {}, 'data': 'Scanning'}, 'excitation_lambda': root/general/optogenetics/PatternedOptogeneticStimulusSite/excitation_lambda DatasetBuilder {'attributes': {}, 'data': np.float64(850.0)}, 'location': root/general/optogenetics/PatternedOptogeneticStimulusSite/location DatasetBuilder {'attributes': {}, 'data': 'whole brain'}}, 'links': {'device': root/general/optogenetics/PatternedOptogeneticStimulusSite/device LinkBuilder {'builder': root/general/devices/OptogeneticDevice GroupBuilder {'attributes': {'description': '', 'namespace': 'core', 'neurodata_type': 'Device', 'object_id': '7632745e-c226-40fc-8ec2-2c35d1ed6bff'}, 'groups': {}, 'datasets': {}, 'links': {}}}, 'light_source': root/general/optogenetics/PatternedOptogeneticStimulusSite/light_source LinkBuilder {'builder': root/general/devices/AmplifiedLaser GroupBuilder {'attributes': {'description': 'For two-photon optogenetic targeting, we used an optical parametric amplifier (OPA; Light Conversion ORPHEUS) pumped by a femtosecond amplified laser (Light Conversion PHAROS).', 'filter_description': 'Short pass at 1040 nm', 'manufacturer': 'Light Conversion', 'model': 'ORPHEUS amplifier and PHAROS laser', 'namespace': 'ndx-patterned-ogen', 'neurodata_type': 'LightSource', 'object_id': 'aa51959e-14d7-4d29-b390-2549e883f733', 'peak_power_in_W': np.float64(0.0012), 'pulse_rate_in_Hz': np.float64(500000.0), 'stimulation_wavelength_in_nm': np.float64(850.0)}, 'groups': {}, 'datasets': {}, 'links': {}}}}}, "Could not construct PatternedOptogeneticStimulusSite object due to: CustomClassGenerator.set_init.<locals>.__init__: incorrect type for 'spatial_light_modulator' (got 'list', expected 'Device')"))
2026-09-20T18:19:35Z INFO [2285/2401] f312b940-9b25-41d1-9855-0350271d9b03: valid; 1.3 s; peak memory 8884 MiB.
2026-09-20T18:19:50Z INFO [2286/2401] f325a96d-2356-406c-9e3c-413fa9533750: not valid; 14.9 s; peak memory 8884 MiB.
2026-09-20T18:19:53Z INFO [2287/2401] f3532545-73ce-459a-9c18-6c98afc71a5f: valid; 2.8 s; peak memory 8884 MiB.
2026-09-20T18:20:11Z INFO [2288/2401] f36eb9b6-0668-4ad3-b02d-e4a3002418e2: valid; 18.3 s; peak memory 8884 MiB.
2026-09-20T18:20:14Z INFO [2289/2401] f3785f63-fff3-4cbc-9c78-b4b59110861b: valid; 2.9 s; peak memory 8884 MiB.
2026-09-20T18:20:17Z INFO [2290/2401] f37871a4-966b-4200-babb-f123a9445896: valid; 2.5 s; peak memory 8884 MiB.
2026-09-20T18:20:20Z INFO [2291/2401] f39cad4f-380c-41f3-9438-17a0ff7a733c: valid; 3.0 s; peak memory 8884 MiB.
2026-09-20T18:20:21Z INFO [2292/2401] f3a61b58-f1e3-4c92-867b-5f4089365f17: valid; 1.4 s; peak memory 8884 MiB.
2026-09-20T18:20:25Z INFO [2293/2401] f3a8d353-4818-4765-8617-599b0ad4461e: not valid; 4.3 s; peak memory 8884 MiB.
2026-09-20T18:20:27Z INFO [2294/2401] f3c17282-8c78-4e8c-8925-7858e341512c: valid; 1.7 s; peak memory 8884 MiB.
2026-09-20T18:20:30Z INFO [2295/2401] f3cb678d-3b4f-4bfd-afb8-1b82a6fe207d: valid; 3.0 s; peak memory 8884 MiB.
2026-09-20T18:20:32Z WARNING f3d0e0ae-d126-49c5-af7a-b116d078696e: failed while opening the NWB file (ConstructError: (root/acquisition/_iblmic_audioSpectrogram/bands GroupBuilder {'attributes': {'colnames': array(['freq'], dtype=object), 'description': 'spectogram frequencies', 'namespace': 'core', 'neurodata_type': 'FrequencyBandsTable', 'object_id': '7178beb2-cc44-454c-b0de-7978946920f4'}, 'groups': {}, 'datasets': {'freq': root/acquisition/_iblmic_audioSpectrogram/bands/freq DatasetBuilder {'attributes': {'description': 'frequency value', 'namespace': 'hdmf-common', 'neurodata_type': 'VectorData', 'object_id': '15a246f1-4ccd-439e-a3b8-4dc993d105a1'}, 'data': <HDF5 dataset "freq": shape (257,), type "<f4">}, 'id': root/acquisition/_iblmic_audioSpectrogram/bands/id DatasetBuilder {'attributes': {'namespace': 'hdmf-common', 'neurodata_type': 'ElementIdentifiers', 'object_id': '336319a5-3b4a-4b79-a573-403eb2cbbb4e'}, 'data': <HDF5 dataset "id": shape (257,), type "<i4">}}, 'links': {}}, "Could not construct FrequencyBandsTable object due to: column must have the same number of rows as 'id'"))
2026-09-20T18:20:34Z INFO [2297/2401] f3ec762d-6a45-44c1-a497-39609f98109f: valid; 1.2 s; peak memory 8884 MiB.
2026-09-20T18:20:37Z INFO [2298/2401] f42e08b0-15bb-48e0-a26e-7880850f94a1: not valid; 3.7 s; peak memory 8884 MiB.
2026-09-20T18:20:40Z INFO [2299/2401] f42fb306-9ab2-49b7-bc00-f5d53ded7409: valid; 2.8 s; peak memory 8884 MiB.
2026-09-20T18:21:12Z INFO [2300/2401] f4368d8b-79c0-4c35-a0af-fb8a895a312f: not valid; 32.3 s; peak memory 8884 MiB.
2026-09-20T18:21:13Z INFO [2300/2401] f4368d8b-79c0-4c35-a0af-fb8a895a312f: checkpointed 72010 records.
2026-09-20T18:21:15Z INFO [2301/2401] f45b06b2-c32e-4352-8acb-215ecfa844be: valid; 2.1 s; peak memory 8884 MiB.
2026-09-20T18:21:17Z INFO [2302/2401] f4616ea4-e353-43f7-92d4-40490f5db001: not valid; 2.1 s; peak memory 8884 MiB.
2026-09-20T18:21:19Z INFO [2303/2401] f496a5ba-2902-41de-b3b9-28a40201208f: not valid; 2.1 s; peak memory 8884 MiB.
2026-09-20T18:21:21Z INFO [2304/2401] f4b4b66c-b554-449f-ae62-ad41d2bb4a2e: valid; 1.6 s; peak memory 8884 MiB.
2026-09-20T18:21:27Z INFO [2305/2401] f4dc26da-9ae2-4287-a823-2ce7632c7827: not valid; 5.9 s; peak memory 8884 MiB.
2026-09-20T18:21:29Z INFO [2306/2401] f4e5751b-c6ee-4ece-8204-f7a0bc51de0e: valid; 2.2 s; peak memory 8884 MiB.
2026-09-20T18:21:31Z INFO [2307/2401] f4f482f9-749f-4685-b82d-d2341561e332: valid; 2.4 s; peak memory 8884 MiB.
2026-09-20T18:21:33Z INFO [2308/2401] f537342d-89d9-4c47-8cbb-3db561980dc3: valid; 1.6 s; peak memory 8884 MiB.
2026-09-20T18:21:34Z INFO [2309/2401] f53c100e-84ed-4173-845a-299727749303: valid; 1.2 s; peak memory 8884 MiB.
2026-09-20T18:21:46Z INFO [2310/2401] f53fe62c-a941-4d1a-8141-ce37e73c47be: valid; 11.8 s; peak memory 8884 MiB.
2026-09-20T18:21:56Z INFO [2311/2401] f5448223-1faf-49b7-b809-62b8163acd3e: valid; 10.7 s; peak memory 8884 MiB.
2026-09-20T18:21:59Z INFO [2312/2401] f588e687-a797-42a1-ae58-be115aa5e6fa: valid; 2.2 s; peak memory 8884 MiB.
2026-09-20T18:22:00Z INFO [2313/2401] f5ac75b8-0573-46d9-8fb1-b73f72ad8a29: valid; 1.6 s; peak memory 8884 MiB.
2026-09-20T18:22:02Z INFO [2314/2401] f5b25a62-dbf8-45f6-ae87-10eb87eae38a: valid; 1.3 s; peak memory 8884 MiB.
2026-09-20T18:22:04Z INFO [2315/2401] f5bea114-b454-421d-a02d-1ab7c618046e: valid; 2.6 s; peak memory 8884 MiB.
2026-09-20T18:22:06Z INFO [2316/2401] f5c8b80d-d0d5-4905-8000-64e742399754: valid; 1.6 s; peak memory 8884 MiB.
2026-09-20T18:22:08Z INFO [2317/2401] f5d308d4-8073-4dc7-8e10-2f2b3e612f2e: valid; 2.2 s; peak memory 8884 MiB.
2026-09-20T18:22:12Z INFO [2318/2401] f60fc31a-e718-44f5-a808-f3349c915d66: valid; 4.4 s; peak memory 8884 MiB.
2026-09-20T18:22:23Z INFO [2319/2401] f614382c-aeca-4b61-a163-30858860ebed: valid; 10.3 s; peak memory 8884 MiB.
2026-09-20T18:22:24Z INFO [2320/2401] f645453b-0459-4735-8baa-5e656e4f264c: valid; 1.4 s; peak memory 8884 MiB.
2026-09-20T18:22:26Z INFO [2321/2401] f6593730-bb89-4c68-9231-e1bb0d7dacde: valid; 2.3 s; peak memory 8884 MiB.
2026-09-20T18:22:28Z INFO [2322/2401] f662ea6d-d035-40f8-b929-7e8c17cae103: valid; 1.4 s; peak memory 8884 MiB.
2026-09-20T18:22:29Z INFO [2323/2401] f696758d-fba5-4ed0-82f5-a08f372b2035: not valid; 1.4 s; peak memory 8884 MiB.
2026-09-20T18:22:32Z INFO [2324/2401] f69cce6c-4e9f-4019-9342-56cef42a0516: not valid; 2.5 s; peak memory 8884 MiB.
2026-09-20T18:22:34Z INFO [2325/2401] f6ae16e4-ac2f-423b-b549-f99ad827c8f5: valid; 2.5 s; peak memory 8884 MiB.
2026-09-20T18:22:41Z INFO [2326/2401] f701ea9e-c54f-4510-aa67-741d93eda7a9: valid; 7.4 s; peak memory 8884 MiB.
2026-09-20T18:22:44Z WARNING f70dd280-87bb-4bfa-90bc-011b9d3d2273: failed while opening the NWB file (ConstructError: (root/general/optogenetics/PatternedOptogeneticStimulusSite GroupBuilder {'attributes': {'effector': 'GUR-3/PRDX-2', 'namespace': 'ndx-patterned-ogen', 'neurodata_type': 'PatternedOptogeneticStimulusSite', 'object_id': 'b3576f3f-a717-4367-83ca-5fb20b566817'}, 'groups': {}, 'datasets': {'description': root/general/optogenetics/PatternedOptogeneticStimulusSite/description DatasetBuilder {'attributes': {}, 'data': 'Scanning'}, 'excitation_lambda': root/general/optogenetics/PatternedOptogeneticStimulusSite/excitation_lambda DatasetBuilder {'attributes': {}, 'data': np.float64(850.0)}, 'location': root/general/optogenetics/PatternedOptogeneticStimulusSite/location DatasetBuilder {'attributes': {}, 'data': 'whole brain'}}, 'links': {'device': root/general/optogenetics/PatternedOptogeneticStimulusSite/device LinkBuilder {'builder': root/general/devices/OptogeneticDevice GroupBuilder {'attributes': {'description': '', 'namespace': 'core', 'neurodata_type': 'Device', 'object_id': '02b01d33-3cdc-4ac6-b862-448ee89db8fb'}, 'groups': {}, 'datasets': {}, 'links': {}}}, 'light_source': root/general/optogenetics/PatternedOptogeneticStimulusSite/light_source LinkBuilder {'builder': root/general/devices/AmplifiedLaser GroupBuilder {'attributes': {'description': 'For two-photon optogenetic targeting, we used an optical parametric amplifier (OPA; Light Conversion ORPHEUS) pumped by a femtosecond amplified laser (Light Conversion PHAROS).', 'filter_description': 'Short pass at 1040 nm', 'manufacturer': 'Light Conversion', 'model': 'ORPHEUS amplifier and PHAROS laser', 'namespace': 'ndx-patterned-ogen', 'neurodata_type': 'LightSource', 'object_id': '602c9162-0314-492f-9e32-257df720858b', 'peak_power_in_W': np.float64(0.0012), 'pulse_rate_in_Hz': np.float64(500000.0), 'stimulation_wavelength_in_nm': np.float64(850.0)}, 'groups': {}, 'datasets': {}, 'links': {}}}}}, "Could not construct PatternedOptogeneticStimulusSite object due to: CustomClassGenerator.set_init.<locals>.__init__: incorrect type for 'spatial_light_modulator' (got 'list', expected 'Device')"))
2026-09-20T18:22:49Z INFO [2328/2401] f7165c64-1c10-4e41-9338-8b5dc34e383d: not valid; 4.7 s; peak memory 8884 MiB.
2026-09-20T18:22:51Z INFO [2329/2401] f760dff1-ff24-4e66-bd3d-70d3698e72b8: not valid; 2.0 s; peak memory 8884 MiB.
2026-09-20T18:23:01Z INFO [2330/2401] f7673a85-b05a-47ce-8f5b-518999ee75da: valid; 10.4 s; peak memory 8884 MiB.
2026-09-20T18:23:03Z INFO [2331/2401] f7a37591-69ae-412e-a4df-f8b8c9612da9: valid; 2.4 s; peak memory 8884 MiB.
2026-09-20T18:23:05Z INFO [2332/2401] f7ae661c-08f3-43e5-8a00-a757b397799a: valid; 1.3 s; peak memory 8884 MiB.
2026-09-20T18:23:06Z INFO [2333/2401] f7c68384-2b00-4af1-8fc7-c7addf2b82f3: valid; 1.4 s; peak memory 8884 MiB.
2026-09-20T18:23:08Z INFO [2334/2401] f7c96edb-5de4-4407-a5c2-3ce5b1374ce0: not valid; 1.4 s; peak memory 8884 MiB.
2026-09-20T18:23:09Z INFO [2335/2401] f7f93369-6c80-4214-9d90-6ad9c5287180: valid; 1.4 s; peak memory 8884 MiB.
2026-09-20T18:23:16Z INFO [2336/2401] f8020a9c-31e5-4c8c-81fc-9e167cd0c9d5: valid; 7.4 s; peak memory 8884 MiB.
2026-09-20T18:23:16Z WARNING f80b5cc9-8c81-4ce7-ac15-6589c79cb4e3: failed while retrieving asset information from the DANDI API (NotFoundError: No asset at path 'sub-parkinson-simulated-lfp/sub-parkinson-simulated-lfp_ses-6316_ecephys.nwb' in version 0.250327.2220. Verify the path is correct and the asset exists in this version. Use 'dandi ls' to list available assets.)
2026-09-20T18:23:19Z INFO [2338/2401] f8137d57-0d3e-4183-9eb8-3626b29d7da9: valid; 2.2 s; peak memory 8884 MiB.
2026-09-20T18:23:21Z INFO [2339/2401] f82b17f2-9230-4054-ab3d-a0e450c83386: valid; 2.2 s; peak memory 8884 MiB.
2026-09-20T18:23:22Z INFO [2340/2401] f853bdd7-6f86-4993-93bb-fc0d1eb8a857: not valid; 1.5 s; peak memory 8884 MiB.
2026-09-20T18:30:18Z INFO [2341/2401] f8659ea2-5122-4d14-b279-6ffcbcc548e3: valid; 415.8 s; peak memory 8928 MiB.
2026-09-20T18:30:23Z INFO [2342/2401] f86a65bf-a5d7-47a6-984d-660e2af74420: not valid; 5.3 s; peak memory 8929 MiB.
2026-09-20T18:30:25Z INFO [2343/2401] f8853953-f55c-41ea-8a01-4e4260922275: valid; 1.5 s; peak memory 8929 MiB.
2026-09-20T18:30:27Z INFO [2344/2401] f88551d7-66b4-4e38-a5e4-f624d3d22af5: valid; 2.2 s; peak memory 8930 MiB.
2026-09-20T18:30:29Z INFO [2345/2401] f8b03f5d-ffbf-4a0b-a331-40826c7918b6: valid; 1.4 s; peak memory 8930 MiB.
2026-09-20T18:30:30Z INFO [2346/2401] f8db2442-02e0-48f2-aef3-417923febcc0: valid; 1.5 s; peak memory 8931 MiB.
2026-09-20T18:30:33Z INFO [2347/2401] f8e0fdde-e168-4379-b3a1-4aa88657d597: valid; 2.6 s; peak memory 8936 MiB.
2026-09-20T18:30:35Z INFO [2348/2401] f90b3a44-5286-41a0-9e67-83c0ddd4cc53: valid; 2.1 s; peak memory 8937 MiB.
2026-09-20T18:30:37Z INFO [2349/2401] f938b64d-39ba-44b0-8c5f-a92740811522: valid; 1.9 s; peak memory 8938 MiB.
2026-09-20T18:30:39Z INFO [2350/2401] f940ac8b-8b07-4a28-aa8c-0af371fee448: valid; 2.8 s; peak memory 8940 MiB.
2026-09-20T18:30:40Z INFO [2350/2401] f940ac8b-8b07-4a28-aa8c-0af371fee448: checkpointed 72010 records.
2026-09-20T18:30:41Z INFO [2351/2401] f943aedc-43e6-430e-b810-1f5fd9ab17af: valid; 1.3 s; peak memory 8941 MiB.
2026-09-20T18:30:43Z INFO [2352/2401] f944abfa-02b8-4006-b5c9-1791109f9347: not valid; 1.8 s; peak memory 8946 MiB.
2026-09-20T18:30:45Z INFO [2353/2401] f9b07f70-2237-4f6b-a4dc-9be667dced56: valid; 1.8 s; peak memory 8947 MiB.
2026-09-20T18:30:46Z INFO [2354/2401] f9b7ddea-209b-49a1-ade0-a39387e88899: valid; 1.3 s; peak memory 8947 MiB.
2026-09-20T18:30:48Z WARNING f9ea00ac-656f-4b56-8c4c-3ccf20ceeff6: failed while opening the NWB file (ConstructError: (root/acquisition/_iblmic_audioSpectrogram/bands GroupBuilder {'attributes': {'colnames': array(['freq'], dtype=object), 'description': 'spectogram frequencies', 'namespace': 'core', 'neurodata_type': 'FrequencyBandsTable', 'object_id': 'bd6f83ec-b5de-40aa-9f12-db6bf32c094e'}, 'groups': {}, 'datasets': {'freq': root/acquisition/_iblmic_audioSpectrogram/bands/freq DatasetBuilder {'attributes': {'description': 'frequency value', 'namespace': 'hdmf-common', 'neurodata_type': 'VectorData', 'object_id': '233da655-2ab9-4af2-a22f-9a5e5155926f'}, 'data': <HDF5 dataset "freq": shape (257,), type "<f4">}, 'id': root/acquisition/_iblmic_audioSpectrogram/bands/id DatasetBuilder {'attributes': {'namespace': 'hdmf-common', 'neurodata_type': 'ElementIdentifiers', 'object_id': '64c02609-4efe-4f9e-8a6c-76c87f9e011f'}, 'data': <HDF5 dataset "id": shape (257,), type "<i4">}}, 'links': {}}, "Could not construct FrequencyBandsTable object due to: column must have the same number of rows as 'id'"))
2026-09-20T18:30:52Z INFO [2356/2401] f9f58f31-0aaf-4e5a-a6eb-11d9a4cb30d5: valid; 4.1 s; peak memory 8953 MiB.
2026-09-20T18:30:54Z INFO [2357/2401] fa1b672a-350f-4d11-b268-1e8abea8283f: not valid; 1.7 s; peak memory 8953 MiB.
2026-09-20T18:31:02Z INFO [2358/2401] fa1c158f-d5da-48e1-9a88-31a20011f950: valid; 7.7 s; peak memory 8953 MiB.
2026-09-20T18:31:04Z WARNING fa30108d-a55a-46cc-a97b-9771759cc4a0: failed while opening the NWB file (ValueError: Cannot resolve included group spec 'electrodes' with data_type_inc 'ElectrodesTable' because a group spec with the same name already exists with data_type_inc 'DynamicTable', and data type 'DynamicTable' is not a child type of data type 'ElectrodesTable'.)
2026-09-20T18:31:05Z INFO [2360/2401] fa40d789-02ec-4da1-9bff-a3114a3d12c9: valid; 1.4 s; peak memory 8953 MiB.
2026-09-20T18:31:07Z INFO [2361/2401] fa6c558b-0777-4bf3-acdb-f8ed7817a920: valid; 2.0 s; peak memory 8953 MiB.
2026-09-20T18:31:09Z INFO [2362/2401] fa6e3ffb-5217-498f-9420-138c46082531: valid; 1.4 s; peak memory 8953 MiB.
2026-09-20T18:31:11Z INFO [2363/2401] fa785708-08de-4efc-a1ba-f16154951e91: valid; 2.2 s; peak memory 8953 MiB.
2026-09-20T18:31:12Z INFO [2364/2401] fab02cd8-9977-4a11-a388-a0de3c29b1db: valid; 1.4 s; peak memory 8953 MiB.
2026-09-20T18:31:14Z INFO [2365/2401] fab18005-d794-414c-b012-43ed3fc47a1c: valid; 2.1 s; peak memory 8953 MiB.
2026-09-20T18:31:16Z INFO [2366/2401] fac63d74-7cc4-42ce-a30e-d15d37c5e66a: valid; 1.4 s; peak memory 8953 MiB.
2026-09-20T18:31:17Z INFO [2367/2401] facc0960-e49e-41f8-b886-848ad6c3a1f0: valid; 1.3 s; peak memory 8953 MiB.
2026-09-20T18:31:20Z INFO [2368/2401] fb01c32d-49fb-43cc-b0a9-e0febf885ce3: valid; 3.2 s; peak memory 8953 MiB.
2026-09-20T18:31:22Z WARNING fb1d064f-cdd8-4be5-9536-1ad7b6ab2a18: failed while opening the NWB file (ConstructError: (root/acquisition/_iblmic_audioSpectrogram/bands GroupBuilder {'attributes': {'colnames': array(['freq'], dtype=object), 'description': 'spectogram frequencies', 'namespace': 'core', 'neurodata_type': 'FrequencyBandsTable', 'object_id': 'e8d312c0-4d26-486c-8495-08d4f707f850'}, 'groups': {}, 'datasets': {'freq': root/acquisition/_iblmic_audioSpectrogram/bands/freq DatasetBuilder {'attributes': {'description': 'frequency value', 'namespace': 'hdmf-common', 'neurodata_type': 'VectorData', 'object_id': '28ba04e1-70a3-4a33-8ce7-284a7b34a52b'}, 'data': <HDF5 dataset "freq": shape (257,), type "<f4">}, 'id': root/acquisition/_iblmic_audioSpectrogram/bands/id DatasetBuilder {'attributes': {'namespace': 'hdmf-common', 'neurodata_type': 'ElementIdentifiers', 'object_id': 'acebbe3a-bb61-447f-a70c-ec12e5b9166a'}, 'data': <HDF5 dataset "id": shape (257,), type "<i4">}}, 'links': {}}, "Could not construct FrequencyBandsTable object due to: column must have the same number of rows as 'id'"))
2026-09-20T18:31:37Z INFO [2370/2401] fb7e8dca-e388-4f57-a9c4-cb2a6fcf5c1c: valid; 14.9 s; peak memory 8953 MiB.
2026-09-20T18:31:38Z INFO [2371/2401] fb92c2e9-8e46-4714-a092-7ac2f1461be9: valid; 1.3 s; peak memory 8953 MiB.
2026-09-20T18:31:40Z INFO [2372/2401] fb937971-2184-4553-bdee-4077a8bc80aa: not valid; 1.3 s; peak memory 8953 MiB.
2026-09-20T18:31:40Z WARNING fbb93c5b-ecf2-423a-9d8f-1d654b7d5df8: failed while retrieving asset information from the DANDI API (NotFoundError: No asset at path 'sub-LG445/sub-LG445_ses-LG445-20250324_obj-ab2zfm_ophys.nwb' in version 0.260915.2135. Verify the path is correct and the asset exists in this version. Use 'dandi ls' to list available assets.)
2026-09-20T18:31:43Z INFO [2374/2401] fbc2fa7c-60fb-453e-889d-e8e95ed87e6e: valid; 2.8 s; peak memory 8953 MiB.
2026-09-20T18:31:45Z INFO [2375/2401] fbc42341-9381-422f-a0d5-0747a5a8c8d4: valid; 2.3 s; peak memory 8953 MiB.
2026-09-20T18:31:58Z INFO [2376/2401] fc042a75-78ec-4f6b-9469-2652bbc296ec: valid; 13.2 s; peak memory 8953 MiB.
2026-09-20T18:31:59Z INFO [2377/2401] fc0fd1df-52f3-4bf3-96dc-b3fc8e45af6a: valid; 1.3 s; peak memory 8953 MiB.
2026-09-20T18:32:00Z INFO [2378/2401] fc2a1225-f0d0-420e-a342-fab943a6dba5: not valid; 1.1 s; peak memory 8953 MiB.
2026-09-20T18:32:02Z INFO [2379/2401] fc322710-94bc-484d-88de-3f04aa8dcf78: valid; 1.6 s; peak memory 8953 MiB.
2026-09-20T18:32:05Z INFO [2380/2401] fc3a7af0-1a9e-4c82-adb5-f9369c8cdb9b: valid; 3.0 s; peak memory 8953 MiB.
2026-09-20T18:32:07Z INFO [2381/2401] fc524e7c-fc3b-4289-8c3b-cd3450c31a7b: not valid; 2.0 s; peak memory 8953 MiB.
2026-09-20T18:32:13Z INFO [2382/2401] fc6420a3-f48b-4690-9855-b4a4203fa497: not valid; 5.9 s; peak memory 8953 MiB.
2026-09-20T18:32:22Z INFO [2383/2401] fc6ffaac-a803-465c-8a7f-2b5b1de52e53: valid; 9.4 s; peak memory 8953 MiB.
2026-09-20T18:32:24Z INFO [2384/2401] fc773f30-1345-4465-844c-2f59e744f90f: valid; 1.3 s; peak memory 8953 MiB.
2026-09-20T18:32:27Z INFO [2385/2401] fc936f04-b1e4-4616-8264-9dc0c93974c5: valid; 3.5 s; peak memory 8953 MiB.
2026-09-20T18:32:31Z INFO [2386/2401] fcadf558-91fb-4c76-9603-08aeb723714e: valid; 4.2 s; peak memory 8953 MiB.
2026-09-20T18:32:36Z INFO [2387/2401] fcc41a2f-076e-4ee4-bc77-e3c87a1652aa: valid; 4.6 s; peak memory 8953 MiB.
2026-09-20T18:32:38Z INFO [2388/2401] fce5b9a0-eb8a-4d47-941c-7b3a4bea8f23: valid; 2.0 s; peak memory 8953 MiB.
2026-09-20T18:32:40Z INFO [2389/2401] fd141493-9ecb-42a1-921a-581122bcd421: valid; 2.3 s; peak memory 8953 MiB.
2026-09-20T18:32:44Z INFO [2390/2401] fd277ce3-ba69-4fe2-be51-dc135b92f6d0: valid; 3.6 s; peak memory 8953 MiB.
2026-09-20T18:32:48Z INFO [2391/2401] fd453b4b-7afd-4c1a-b1d3-a4740995d392: valid; 4.5 s; peak memory 8953 MiB.
2026-09-20T18:32:54Z INFO [2392/2401] fd4a5916-4f8b-4869-b6ca-1e2c7da1eebf: valid; 5.3 s; peak memory 8953 MiB.
2026-09-20T18:32:56Z INFO [2393/2401] fda27e1a-115b-4afc-80e9-fb4d6f58a05a: valid; 2.3 s; peak memory 8953 MiB.
2026-09-20T18:32:58Z INFO [2394/2401] fda559e9-d589-42f3-8896-c915f40d00b1: valid; 2.0 s; peak memory 8953 MiB.
2026-09-20T18:33:14Z INFO [2395/2401] fdad986e-f080-41f7-90cd-efd0de22ccd4: not valid; 16.1 s; peak memory 8953 MiB.
2026-09-20T18:33:17Z INFO [2396/2401] fdb37dd3-4a69-489d-be77-f743d4f160f3: valid; 2.5 s; peak memory 8953 MiB.
2026-09-20T18:33:18Z INFO [2397/2401] fdb8b67a-1fcb-4898-8789-90d48ed35876: not valid; 1.6 s; peak memory 8953 MiB.
2026-09-20T18:33:21Z INFO [2398/2401] fde4bfd3-06c8-4244-b9d9-d4997b4b169d: valid; 2.6 s; peak memory 8953 MiB.
2026-09-20T18:33:24Z INFO [2399/2401] fdec1d9b-0ba9-4a15-b44e-17ac2121a673: valid; 2.9 s; peak memory 8953 MiB.
2026-09-20T18:33:25Z INFO [2400/2401] fe03c1b4-df73-4145-a73e-ee44dc1368ad: valid; 1.2 s; peak memory 8953 MiB.
2026-09-20T18:33:25Z INFO [2400/2401] fe03c1b4-df73-4145-a73e-ee44dc1368ad: checkpointed 72010 records.
2026-09-20T18:33:27Z INFO [2401/2401] fe0f1ce2-0caf-455c-b7d4-1350e6bcc3fd: not valid; 1.9 s; peak memory 8953 MiB.
2026-09-20T18:33:28Z INFO Wrote 72010 records to /tmp/derivatives/content_id_to_valid_nwb_file.jsonl (2279 new, 122 failed) in 178.5 min (peak memory 8953 MiB).
