2026-10-10T18:09:09Z INFO Logging to /tmp/logs/refresh_2026-10-10T18-09-09Z.log.
2026-10-10T18:09:09Z INFO Refresh content-id-to-valid-nwb-file (base directory /tmp).
2026-10-10T18:09:13Z INFO Processing 1500 items (204010 already recorded).
2026-10-10T18:09:17Z INFO [1/1500] ef479cf3-fd96-417f-aacb-d1dcde526483: valid; 4.5 s; peak memory 517 MiB.
2026-10-10T18:09:19Z INFO [2/1500] ef765002-cc46-421f-985c-26ff93f36773: not valid; 1.9 s; peak memory 517 MiB.
2026-10-10T18:09:21Z INFO [3/1500] ef7e3b79-90bc-4691-bef8-6cc62984e3c2: valid; 1.5 s; peak memory 517 MiB.
2026-10-10T18:09:23Z INFO [4/1500] efb3152e-879e-4565-9569-489010abb232: valid; 2.3 s; peak memory 517 MiB.
2026-10-10T18:09:24Z INFO [5/1500] efb5c68d-93c6-40bc-82e5-f493c3aa31f3: valid; 1.4 s; peak memory 517 MiB.
2026-10-10T18:09:25Z INFO [6/1500] efbc168c-d6ae-43ae-bef4-1e1ac7c6faf9: valid; 1.3 s; peak memory 517 MiB.
2026-10-10T18:09:28Z INFO [7/1500] efc4fe45-9e61-479e-86bb-663e9e8557e9: valid; 2.9 s; peak memory 517 MiB.
2026-10-10T18:09:30Z INFO [8/1500] efc56f54-1585-40ec-80e9-8ca7ede6cd3e: not valid; 1.8 s; peak memory 517 MiB.
2026-10-10T18:09:32Z INFO [9/1500] efd5c686-eeb4-4a31-a8ac-597e49038e4c: not valid; 1.6 s; peak memory 517 MiB.
2026-10-10T18:09:34Z INFO [10/1500] efd8d5d5-cc06-4c64-ad60-b5969cdee9dd: valid; 1.9 s; peak memory 517 MiB.
2026-10-10T18:09:38Z INFO [11/1500] effffeb5-e339-4ffa-a3de-77fba20ba5a4: valid; 4.3 s; peak memory 517 MiB.
2026-10-10T18:09:41Z INFO [12/1500] f004da4f-e986-4fb3-9146-925f889f5a1b: not valid; 3.2 s; peak memory 517 MiB.
2026-10-10T18:09:44Z INFO [13/1500] f00c7851-372e-4172-860f-6f03ab33cdf7: valid; 2.8 s; peak memory 517 MiB.
2026-10-10T18:09:45Z INFO [14/1500] f01209e3-7481-4f34-9608-efefe852d5b4: valid; 1.3 s; peak memory 517 MiB.
2026-10-10T18:09:47Z INFO [15/1500] f0173324-b07c-4d5d-9ac7-d83556cd47bd: valid; 1.5 s; peak memory 517 MiB.
2026-10-10T18:09:48Z INFO [16/1500] f017c618-97c2-487a-9be8-19c7f1b302a7: valid; 1.3 s; peak memory 517 MiB.
2026-10-10T18:10:06Z INFO [17/1500] f01c054c-186e-4e1d-b89f-347c71f408b9: valid; 17.5 s; peak memory 517 MiB.
2026-10-10T18:10:07Z INFO [18/1500] f0323591-1a94-4be0-a246-c0b4424f8ef4: not valid; 1.6 s; peak memory 517 MiB.
2026-10-10T18:10:09Z INFO [19/1500] f04501aa-9811-46b5-a6f5-3c9cc24d5216: valid; 1.9 s; peak memory 517 MiB.
2026-10-10T18:10:17Z INFO [20/1500] f08a9033-aa6d-4d29-a9fd-d9b181f12b13: valid; 8.0 s; peak memory 517 MiB.
2026-10-10T18:10:19Z INFO [21/1500] f0900ac2-3b86-47a1-80c1-d2df050d7801: not valid; 1.6 s; peak memory 517 MiB.
2026-10-10T18:10:21Z WARNING f0902d22-9f3c-4096-b586-d3693add50a8: failed while opening the NWB file (ValueError: Cannot resolve included group spec 'electrodes' with data_type_inc 'ElectrodesTable' because a group spec with the same name already exists with data_type_inc 'DynamicTable', and data type 'DynamicTable' is not a child type of data type 'ElectrodesTable'.)
2026-10-10T18:10:22Z INFO [23/1500] f0a346a9-669a-42f3-b4e5-07a9e4e4ddc4: valid; 1.4 s; peak memory 662 MiB.
2026-10-10T18:10:24Z INFO [24/1500] f0aded9e-181d-49b9-b11a-6873baf9622d: not valid; 2.1 s; peak memory 662 MiB.
2026-10-10T18:10:26Z INFO [25/1500] f0c94df7-cf61-428c-96ea-b2d3ef53d2d7: valid; 2.1 s; peak memory 662 MiB.
2026-10-10T18:10:28Z INFO [26/1500] f0d0123d-e349-4c32-8ec1-5cae860d89f5: valid; 1.4 s; peak memory 662 MiB.
2026-10-10T18:10:30Z INFO [27/1500] f0e88fa7-460c-413f-b8fa-51b97b7a06c1: valid; 1.9 s; peak memory 662 MiB.
2026-10-10T18:10:32Z INFO [28/1500] f0f2858f-5cae-4d72-b90f-7a4406230de2: valid; 2.6 s; peak memory 662 MiB.
2026-10-10T18:10:34Z INFO [29/1500] f1063c90-bee2-4f45-809d-f22d9644016c: valid; 1.9 s; peak memory 662 MiB.
2026-10-10T18:10:37Z INFO [30/1500] f119101a-c1fc-4713-bc84-de5542c7743c: valid; 2.9 s; peak memory 662 MiB.
2026-10-10T18:10:39Z INFO [31/1500] f1584470-4cea-47fe-9c30-dc4dac7991c7: valid; 1.4 s; peak memory 662 MiB.
2026-10-10T18:10:40Z INFO [32/1500] f1666331-a9dd-464e-91a5-ab4161e050a6: not valid; 1.5 s; peak memory 662 MiB.
2026-10-10T18:10:41Z INFO [33/1500] f1885d24-1757-407a-b754-c46b04590e95: valid; 1.2 s; peak memory 662 MiB.
2026-10-10T18:10:45Z INFO [34/1500] f19c6527-6d56-442d-9995-e3d482685ccb: valid; 3.9 s; peak memory 662 MiB.
2026-10-10T18:10:48Z INFO [35/1500] f1b39914-e7b3-4146-a1e8-c0fec4fcb8df: valid; 2.9 s; peak memory 662 MiB.
2026-10-10T18:10:49Z INFO [36/1500] f1e4475e-91f6-40aa-ad64-9c0342f6e61a: valid; 1.2 s; peak memory 662 MiB.
2026-10-10T18:10:53Z INFO [37/1500] f1e536b9-8646-4152-944e-caf5e72b4d4b: valid; 3.5 s; peak memory 662 MiB.
2026-10-10T18:10:55Z INFO [38/1500] f1ebf2fd-069b-4c42-b6ba-15dfc7e9155f: not valid; 2.0 s; peak memory 662 MiB.
2026-10-10T18:10:56Z INFO [39/1500] f1f04dba-1a6c-4990-b24c-8aa725ed80c7: not valid; 1.5 s; peak memory 662 MiB.
2026-10-10T18:10:58Z INFO [40/1500] f1f90e6a-77ab-4ef9-b576-909b2b024689: valid; 1.3 s; peak memory 662 MiB.
2026-10-10T18:11:00Z INFO [41/1500] f217f9b0-03e1-4c5f-ba9e-c3ee52238728: valid; 2.7 s; peak memory 662 MiB.
2026-10-10T18:11:06Z INFO [42/1500] f223bc75-33de-4cef-9c03-3d7d456e7edb: not valid; 5.2 s; peak memory 662 MiB.
2026-10-10T18:11:07Z INFO [43/1500] f2326099-f159-47dc-a3cb-ed1890b5f14b: not valid; 1.7 s; peak memory 662 MiB.
2026-10-10T18:11:09Z INFO [44/1500] f248c1df-7870-4b53-ba75-abca58edbc76: valid; 1.3 s; peak memory 662 MiB.
2026-10-10T18:11:10Z INFO [45/1500] f2e5e538-ee22-40b0-9ae9-17f5722096d6: valid; 1.4 s; peak memory 662 MiB.
2026-10-10T18:11:31Z INFO [46/1500] f2ef01ef-5753-4c0e-9c2f-d40c60536ad7: valid; 20.7 s; peak memory 662 MiB.
2026-10-10T18:11:33Z WARNING f3039091-4f18-4333-9460-d994d96a5a26: failed while opening the NWB file (ConstructError: (root/acquisition/_iblmic_audioSpectrogram/bands GroupBuilder {'attributes': {'colnames': array(['freq'], dtype=object), 'description': 'spectogram frequencies', 'namespace': 'core', 'neurodata_type': 'FrequencyBandsTable', 'object_id': '139c779d-ff41-44c0-839a-63630d7b6e62'}, 'groups': {}, 'datasets': {'freq': root/acquisition/_iblmic_audioSpectrogram/bands/freq DatasetBuilder {'attributes': {'description': 'frequency value', 'namespace': 'hdmf-common', 'neurodata_type': 'VectorData', 'object_id': '37802f8a-ea7c-4c97-8737-899b2679de33'}, 'data': <HDF5 dataset "freq": shape (257,), type "<f4">}, 'id': root/acquisition/_iblmic_audioSpectrogram/bands/id DatasetBuilder {'attributes': {'namespace': 'hdmf-common', 'neurodata_type': 'ElementIdentifiers', 'object_id': 'fb0b8ceb-2dd5-48f0-8a36-54baf3ae0050'}, 'data': <HDF5 dataset "id": shape (257,), type "<i4">}}, 'links': {}}, "Could not construct FrequencyBandsTable object due to: column must have the same number of rows as 'id'"))
2026-10-10T18:11:35Z INFO [48/1500] f30dfdea-8dd5-4d44-865b-fe362537692c: valid; 1.4 s; peak memory 662 MiB.
2026-10-10T18:11:45Z INFO [49/1500] f31a34e7-fc9e-49c5-95ad-2bb8b27d11ef: valid; 10.8 s; peak memory 662 MiB.
2026-10-10T18:11:47Z INFO [50/1500] f33055e3-3df2-4fcf-9105-b2a6a14774ca: valid; 2.0 s; peak memory 662 MiB.
2026-10-10T18:11:49Z INFO [50/1500] f33055e3-3df2-4fcf-9105-b2a6a14774ca: checkpointed 204010 new records.
2026-10-10T18:11:50Z INFO [51/1500] f334bcc5-690f-499c-808f-7f9b81e2588d: valid; 1.3 s; peak memory 662 MiB.
2026-10-10T18:11:53Z INFO [52/1500] f34e5dc9-5c11-4a04-80d4-837010919400: valid; 2.6 s; peak memory 662 MiB.
2026-10-10T18:11:55Z INFO [53/1500] f359b423-d0b6-45a1-b393-80235c23dd40: valid; 2.4 s; peak memory 662 MiB.
2026-10-10T18:11:57Z INFO [54/1500] f35fa8c9-4762-4f41-9033-c4df427a99ef: valid; 1.4 s; peak memory 662 MiB.
2026-10-10T18:11:58Z INFO [55/1500] f36073ad-dc04-4651-a8dd-1f6e5dfd08e8: not valid; 1.9 s; peak memory 662 MiB.
2026-10-10T18:12:00Z INFO [56/1500] f379369f-1570-43a0-96ab-ad57a921b2c0: valid; 1.3 s; peak memory 662 MiB.
2026-10-10T18:12:05Z INFO [57/1500] f384d454-a41d-4056-8641-b932a093b359: not valid; 4.8 s; peak memory 662 MiB.
2026-10-10T18:12:07Z INFO [58/1500] f395a247-7a59-45f4-acb1-d9151ef641f3: valid; 2.9 s; peak memory 662 MiB.
2026-10-10T18:12:10Z INFO [59/1500] f39d6a07-bb37-4b76-9f7d-58fd0eace7b8: valid; 2.5 s; peak memory 662 MiB.
2026-10-10T18:12:12Z INFO [60/1500] f3d32a04-5e2f-4699-a835-6eca3e3a4fe5: valid; 1.5 s; peak memory 662 MiB.
2026-10-10T18:12:13Z INFO [61/1500] f3e60a4a-6c67-4b18-bbee-1ed1a4da922f: valid; 1.2 s; peak memory 662 MiB.
2026-10-10T18:12:14Z INFO [62/1500] f40413a2-165c-41e3-8401-f3301c513aa5: valid; 1.6 s; peak memory 662 MiB.
2026-10-10T18:12:17Z INFO [63/1500] f4149490-76ed-4f36-88ae-4db61f46c29a: valid; 2.3 s; peak memory 662 MiB.
2026-10-10T18:12:19Z INFO [64/1500] f417b5bb-d588-4432-87f8-fb8a8a068265: valid; 1.9 s; peak memory 662 MiB.
2026-10-10T18:12:27Z INFO [65/1500] f440e39d-afd9-4475-ac51-d85500620ac5: valid; 8.8 s; peak memory 662 MiB.
2026-10-10T18:12:29Z INFO [66/1500] f45b1411-7ec1-4b53-bb7a-284fa072072d: valid; 1.8 s; peak memory 662 MiB.
2026-10-10T18:12:32Z INFO [67/1500] f481b9c0-a712-41de-a862-f585e080e981: valid; 2.4 s; peak memory 662 MiB.
2026-10-10T18:12:34Z INFO [68/1500] f482a730-13be-4936-991b-6e34db31d7f8: valid; 2.2 s; peak memory 662 MiB.
2026-10-10T18:12:35Z INFO [69/1500] f48517ff-d87b-43d4-91e9-645858181871: valid; 1.3 s; peak memory 662 MiB.
2026-10-10T18:13:35Z INFO [70/1500] f4a40271-d66b-46e6-8e88-a4fbf2b954bb: valid; 60.1 s; peak memory 662 MiB.
2026-10-10T18:13:38Z INFO [71/1500] f4a9fd32-7d9c-420d-94b2-27b98418bbc5: valid; 3.1 s; peak memory 662 MiB.
2026-10-10T18:13:55Z INFO [72/1500] f4c8c051-83fb-45f0-a62c-daf4977d0bc2: valid; 16.9 s; peak memory 662 MiB.
2026-10-10T18:13:58Z INFO [73/1500] f4da1a6d-3484-4579-8743-050cb2f99a30: valid; 2.9 s; peak memory 662 MiB.
2026-10-10T18:15:27Z INFO [74/1500] f4e48a01-2679-4434-a06b-bcda0ec5269f: valid; 88.8 s; peak memory 662 MiB.
2026-10-10T18:15:28Z INFO [75/1500] f4ff517e-65af-4dee-bd05-df94cd3c2d6f: valid; 1.4 s; peak memory 662 MiB.
2026-10-10T18:15:30Z INFO [76/1500] f51525bb-da76-4dd9-bbe0-2d9be92ceb00: not valid; 1.9 s; peak memory 662 MiB.
2026-10-10T18:15:32Z INFO [77/1500] f52032cf-e6d0-4cbd-a02b-3406944f4641: not valid; 1.4 s; peak memory 662 MiB.
2026-10-10T18:15:33Z INFO [78/1500] f53f6653-861f-4703-8f57-55367c7f603f: valid; 1.3 s; peak memory 662 MiB.
2026-10-10T18:15:36Z INFO [79/1500] f5439dd4-63bb-45c8-bcd5-60a4a64d2a53: valid; 2.7 s; peak memory 662 MiB.
2026-10-10T18:15:38Z INFO [80/1500] f581ae2a-0df7-4647-b6d6-b5606fcaf95c: valid; 2.7 s; peak memory 662 MiB.
2026-10-10T18:15:40Z INFO [81/1500] f587f099-16cc-4f26-a291-31d763a960a3: not valid; 1.5 s; peak memory 662 MiB.
2026-10-10T18:15:42Z WARNING f591347e-254f-417c-910c-c6ab3a7f7fe5: failed while opening the NWB file (ConstructError: (root/acquisition/_iblmic_audioSpectrogram/bands GroupBuilder {'attributes': {'colnames': array(['freq'], dtype=object), 'description': 'spectogram frequencies', 'namespace': 'core', 'neurodata_type': 'FrequencyBandsTable', 'object_id': '026de96b-85dd-4861-b39e-b6d401d20949'}, 'groups': {}, 'datasets': {'freq': root/acquisition/_iblmic_audioSpectrogram/bands/freq DatasetBuilder {'attributes': {'description': 'frequency value', 'namespace': 'hdmf-common', 'neurodata_type': 'VectorData', 'object_id': '3017c0d7-10e7-4f9a-b73f-88227454b446'}, 'data': <HDF5 dataset "freq": shape (257,), type "<f4">}, 'id': root/acquisition/_iblmic_audioSpectrogram/bands/id DatasetBuilder {'attributes': {'namespace': 'hdmf-common', 'neurodata_type': 'ElementIdentifiers', 'object_id': '497a7c5d-cad7-4d90-ab25-66e9c8ce8404'}, 'data': <HDF5 dataset "id": shape (257,), type "<i4">}}, 'links': {}}, "Could not construct FrequencyBandsTable object due to: column must have the same number of rows as 'id'"))
2026-10-10T18:15:44Z INFO [83/1500] f5a3f3b1-758c-46ab-82ce-162422a3a0a2: not valid; 2.0 s; peak memory 662 MiB.
2026-10-10T18:15:46Z INFO [84/1500] f5b86560-fc49-4e12-8ef5-62d1829ac2a0: not valid; 1.6 s; peak memory 662 MiB.
2026-10-10T18:15:50Z INFO [85/1500] f5d1c191-c3a5-4c4d-a567-8f8aa0466695: not valid; 4.4 s; peak memory 662 MiB.
2026-10-10T18:15:51Z INFO [86/1500] f5d8fe1f-d1be-43fb-9369-fff1b2b81b36: valid; 1.3 s; peak memory 662 MiB.
2026-10-10T18:15:53Z INFO [87/1500] f5e59a1e-97c9-46eb-9699-a0d941e5db7d: valid; 1.8 s; peak memory 662 MiB.
2026-10-10T18:15:58Z INFO [88/1500] f5e90c45-9990-4ac6-9f7f-f1a8f1376bb1: valid; 4.6 s; peak memory 662 MiB.
2026-10-10T18:16:09Z INFO [89/1500] f611043a-8e43-4c75-b298-03c16629ba3f: valid; 11.7 s; peak memory 662 MiB.
2026-10-10T18:16:12Z INFO [90/1500] f6162ff7-f7c2-4227-bca9-730bae223401: not valid; 2.3 s; peak memory 662 MiB.
2026-10-10T18:16:13Z INFO [91/1500] f62492dc-a0a7-4874-a6ae-eba02b5a791a: not valid; 1.6 s; peak memory 662 MiB.
2026-10-10T18:16:17Z INFO [92/1500] f63ca1b1-6338-496f-b856-ca1d63de3ef7: not valid; 3.3 s; peak memory 662 MiB.
2026-10-10T18:16:19Z INFO [93/1500] f655bb35-be04-4fa9-abb2-bf73f74b0a06: valid; 2.4 s; peak memory 662 MiB.
2026-10-10T18:16:22Z INFO [94/1500] f6645e52-9889-4baa-926d-738b5f19c142: not valid; 2.5 s; peak memory 662 MiB.
2026-10-10T18:16:25Z INFO [95/1500] f66ffba5-09de-463b-aeda-3a9e2f4f9e1a: valid; 3.0 s; peak memory 662 MiB.
2026-10-10T18:16:28Z INFO [96/1500] f6748ab4-f4de-43f2-9a17-63d661e21687: valid; 3.0 s; peak memory 662 MiB.
2026-10-10T18:16:28Z WARNING f6be520e-4295-4315-a640-9b41da28ccdd: failed while retrieving asset information from the DANDI API (NotFoundError: No such Dandiset: 000561)
2026-10-10T18:16:30Z WARNING f6bf46ed-c267-431a-9eb2-1814102d164b: failed while opening the NWB file (ConstructError: (root/acquisition/_iblmic_audioSpectrogram/bands GroupBuilder {'attributes': {'colnames': array(['freq'], dtype=object), 'description': 'spectogram frequencies', 'namespace': 'core', 'neurodata_type': 'FrequencyBandsTable', 'object_id': 'ca400934-bda2-4855-b898-fb3aacc44f5c'}, 'groups': {}, 'datasets': {'freq': root/acquisition/_iblmic_audioSpectrogram/bands/freq DatasetBuilder {'attributes': {'description': 'frequency value', 'namespace': 'hdmf-common', 'neurodata_type': 'VectorData', 'object_id': '39effae3-4630-45f0-b0a1-2bb43bbebdff'}, 'data': <HDF5 dataset "freq": shape (257,), type "<f4">}, 'id': root/acquisition/_iblmic_audioSpectrogram/bands/id DatasetBuilder {'attributes': {'namespace': 'hdmf-common', 'neurodata_type': 'ElementIdentifiers', 'object_id': '1d0f6d75-85c6-418c-aa04-f96dc2ceef8c'}, 'data': <HDF5 dataset "id": shape (257,), type "<i4">}}, 'links': {}}, "Could not construct FrequencyBandsTable object due to: column must have the same number of rows as 'id'"))
2026-10-10T18:16:32Z INFO [99/1500] f6c3c981-f240-459b-92ca-0a31fb05be1e: not valid; 1.6 s; peak memory 662 MiB.
2026-10-10T18:16:33Z INFO [100/1500] f6d1d2c9-77c6-4b1b-8877-8dfe05daa9a9: not valid; 1.6 s; peak memory 662 MiB.
2026-10-10T18:16:35Z INFO [100/1500] f6d1d2c9-77c6-4b1b-8877-8dfe05daa9a9: checkpointed 204010 new records.
2026-10-10T18:16:36Z INFO [101/1500] f6fae0c9-a131-4ed8-a675-4bdcd87ad329: valid; 1.9 s; peak memory 662 MiB.
2026-10-10T18:16:38Z INFO [102/1500] f708fb5b-1cd9-4e60-96c4-ed0b76682c32: valid; 1.3 s; peak memory 662 MiB.
2026-10-10T18:16:39Z INFO [103/1500] f71a917e-73ef-4471-9bb3-af3a1f850527: valid; 1.3 s; peak memory 662 MiB.
2026-10-10T18:16:40Z INFO [104/1500] f71ba5f9-6b37-4f3b-bec2-8fe5d30f1f60: valid; 1.3 s; peak memory 662 MiB.
2026-10-10T18:16:42Z INFO [105/1500] f720b8ac-bb40-440b-a990-4e3ff641e5b8: valid; 2.1 s; peak memory 662 MiB.
2026-10-10T18:16:54Z INFO [106/1500] f7435f5f-4828-4697-95df-b2544974b061: valid; 11.8 s; peak memory 662 MiB.
2026-10-10T18:16:56Z INFO [107/1500] f7654391-575c-4b4e-b812-7a9972678dba: valid; 2.0 s; peak memory 662 MiB.
2026-10-10T18:16:59Z INFO [108/1500] f7864e09-9fa6-47d1-ac00-abcf9d795475: valid; 3.2 s; peak memory 662 MiB.
2026-10-10T18:17:01Z INFO [109/1500] f78c6eed-70ff-43aa-acba-98a7e015046c: valid; 2.0 s; peak memory 662 MiB.
2026-10-10T18:17:03Z INFO [110/1500] f7949c87-8b61-44ea-9c4a-333449618ae0: valid; 1.4 s; peak memory 662 MiB.
2026-10-10T18:17:04Z INFO [111/1500] f797e19e-a587-4398-b896-ab59e8be194a: valid; 1.4 s; peak memory 662 MiB.
2026-10-10T18:17:06Z INFO [112/1500] f79ae2cf-d9ed-43fd-90c2-084ab6a2bf8e: not valid; 2.0 s; peak memory 662 MiB.
2026-10-10T18:17:08Z INFO [113/1500] f7fcb668-657d-4d33-85a2-2a4107013754: valid; 2.0 s; peak memory 662 MiB.
2026-10-10T18:17:10Z INFO [114/1500] f800561d-6fc6-4f9b-b9d8-16ae5fd7185d: valid; 2.0 s; peak memory 662 MiB.
2026-10-10T18:17:12Z INFO [115/1500] f801800b-4170-4573-ae4d-57cb5b951e35: valid; 1.3 s; peak memory 662 MiB.
2026-10-10T18:17:24Z INFO [116/1500] f81c053b-45ce-44e4-bd78-b714a80e778c: valid; 12.0 s; peak memory 662 MiB.
2026-10-10T18:17:25Z INFO [117/1500] f83aba00-055b-4552-9c2c-f5fd403059e8: valid; 1.2 s; peak memory 662 MiB.
2026-10-10T18:17:27Z INFO [118/1500] f84ec35c-e7f2-42a9-8c61-45c8aaac2bd5: valid; 2.2 s; peak memory 662 MiB.
2026-10-10T18:17:29Z INFO [119/1500] f8514d07-6921-4b7a-b1b4-f34dfae96ddf: valid; 1.8 s; peak memory 662 MiB.
2026-10-10T18:17:30Z INFO [120/1500] f8626fdf-cd36-4b62-9544-08ee29ffd219: not valid; 1.6 s; peak memory 662 MiB.
2026-10-10T18:17:32Z INFO [121/1500] f87044aa-7a8a-434b-aae3-4eb9b4749557: valid; 1.3 s; peak memory 662 MiB.
2026-10-10T18:17:34Z INFO [122/1500] f871ce10-a1e4-42c1-b086-e671568c521c: not valid; 1.9 s; peak memory 662 MiB.
2026-10-10T18:17:35Z INFO [123/1500] f8a6b07d-0e7b-4de4-8654-f6bcd2801909: valid; 1.5 s; peak memory 662 MiB.
2026-10-10T18:17:37Z INFO [124/1500] f8a7acae-29d0-4fc3-863c-62dbd07dd2b6: not valid; 1.9 s; peak memory 662 MiB.
2026-10-10T18:17:41Z INFO [125/1500] f8ac2139-805f-4e48-b907-d512d85ef1d2: valid; 3.9 s; peak memory 662 MiB.
2026-10-10T18:17:55Z INFO [126/1500] f8cadb04-d175-4c27-add8-b27779bd2d70: valid; 14.2 s; peak memory 662 MiB.
2026-10-10T18:17:58Z INFO [127/1500] f8e340ee-fc33-4728-9c1b-2c8a2d6cc9bb: valid; 2.8 s; peak memory 662 MiB.
2026-10-10T18:17:58Z WARNING f8e56929-4dab-4f04-80b6-8e9c9d3d3521: failed while retrieving asset information from the DANDI API (NotFoundError: No asset at path 'sub-EPCNHP1/sub-EPCNHP1_ses-2019-09-03-003_ecephys.nwb' in version 0.240701.1903. Verify the path is correct and the asset exists in this version. Use 'dandi ls' to list available assets.)
2026-10-10T18:17:59Z INFO [129/1500] f8f44bb0-afe3-499f-b62a-d82864786d32: valid; 1.3 s; peak memory 662 MiB.
2026-10-10T18:18:01Z INFO [130/1500] f902d742-8e2e-4d53-bffa-52c3bbf72c16: not valid; 1.6 s; peak memory 662 MiB.
2026-10-10T18:18:04Z INFO [131/1500] f9032929-e2d7-4069-88c4-89f4db193a98: not valid; 2.5 s; peak memory 662 MiB.
2026-10-10T18:18:06Z INFO [132/1500] f905543d-1f5e-4f62-a948-fe961d3a9b07: valid; 2.0 s; peak memory 662 MiB.
2026-10-10T18:18:07Z INFO [133/1500] f90bd7c9-12a7-44a1-b2d5-2ee95a2f7218: not valid; 1.7 s; peak memory 662 MiB.
2026-10-10T18:18:18Z INFO [134/1500] f91149e8-8a89-4b4a-9771-65b6101d0184: valid; 10.9 s; peak memory 662 MiB.
2026-10-10T18:18:23Z INFO [135/1500] f93aaa2a-f9a3-48ea-bd00-80e853170cb1: not valid; 4.4 s; peak memory 662 MiB.
2026-10-10T18:18:24Z INFO [136/1500] f93d0b0b-d137-4fe5-a46b-e02e2d85f55a: valid; 1.4 s; peak memory 662 MiB.
2026-10-10T18:18:26Z INFO [137/1500] f93fda1a-4d0f-47ef-b384-3f10c1bf478a: valid; 1.9 s; peak memory 662 MiB.
2026-10-10T18:18:27Z INFO [138/1500] f941b8f7-b240-49fd-8617-e55a3b1e6830: valid; 1.3 s; peak memory 662 MiB.
2026-10-10T18:18:30Z INFO [139/1500] f942d89f-6ef0-410e-9bdd-09a69336927a: valid; 2.7 s; peak memory 662 MiB.
2026-10-10T18:18:35Z INFO [140/1500] f94a69f1-6515-4b2e-b55b-c90f05b8cff5: valid; 5.3 s; peak memory 662 MiB.
2026-10-10T18:18:38Z INFO [141/1500] f95246f6-df5e-4d0c-98fc-f93051d2e2f9: not valid; 3.2 s; peak memory 662 MiB.
2026-10-10T18:18:59Z INFO [142/1500] f954c4ee-dffa-4053-b976-5a2aa6f71e6b: valid; 20.3 s; peak memory 662 MiB.
2026-10-10T18:19:01Z INFO [143/1500] f96481d0-5b33-4b8f-863b-4ad386e85558: valid; 2.2 s; peak memory 662 MiB.
2026-10-10T18:19:03Z INFO [144/1500] f98de39c-2d00-46c7-bb6c-e37f916844af: valid; 2.0 s; peak memory 662 MiB.
2026-10-10T18:19:05Z INFO [145/1500] f98f7c46-a717-4ad2-953a-020e07af354f: not valid; 1.7 s; peak memory 662 MiB.
2026-10-10T18:19:07Z INFO [146/1500] f9da7576-2d56-48ae-b06b-f9edea17f0ea: valid; 2.2 s; peak memory 662 MiB.
2026-10-10T18:19:11Z INFO [147/1500] f9e63ee9-b286-43a8-b05c-cf407639a611: not valid; 4.0 s; peak memory 662 MiB.
2026-10-10T18:19:13Z INFO [148/1500] f9fa2f25-2383-43a4-9b4f-6b5d7d700999: valid; 1.9 s; peak memory 662 MiB.
2026-10-10T18:19:14Z INFO [149/1500] f9fff18c-b25b-4397-8570-1b304e7c92d8: valid; 1.2 s; peak memory 662 MiB.
2026-10-10T18:19:16Z INFO [150/1500] fa081f82-f607-4ddd-85e7-2a60e2d9be12: valid; 1.9 s; peak memory 662 MiB.
2026-10-10T18:19:17Z INFO [150/1500] fa081f82-f607-4ddd-85e7-2a60e2d9be12: checkpointed 204010 new records.
2026-10-10T18:19:20Z INFO [151/1500] fa4fb500-e127-42d7-a215-2731c0fe4f3f: valid; 2.5 s; peak memory 662 MiB.
2026-10-10T18:19:22Z INFO [152/1500] fa589a0b-51b7-4403-bc62-0825be8f5e9f: valid; 2.3 s; peak memory 662 MiB.
2026-10-10T18:19:23Z INFO [153/1500] fa67d86e-dca2-4df5-8101-75eb9b011f7b: not valid; 1.4 s; peak memory 662 MiB.
2026-10-10T18:19:27Z INFO [154/1500] fa6abfe8-9592-4f47-88b8-0f9427550676: valid; 3.9 s; peak memory 662 MiB.
2026-10-10T18:19:29Z INFO [155/1500] faa40219-2fac-408c-acb1-7250b91404a2: valid; 1.3 s; peak memory 662 MiB.
2026-10-10T18:19:33Z INFO [156/1500] faa561a5-5121-4052-a357-310b4789d5a0: valid; 4.1 s; peak memory 662 MiB.
2026-10-10T18:19:34Z INFO [157/1500] faa9d7cd-1c00-47f9-a6ba-ee88399c23ee: valid; 1.3 s; peak memory 662 MiB.
2026-10-10T18:19:37Z WARNING faae83a5-9bbe-45d7-ae22-273a5c45865c: failed while opening the NWB file (ConstructError: (root/acquisition/_iblmic_audioSpectrogram/bands GroupBuilder {'attributes': {'colnames': array(['freq'], dtype=object), 'description': 'spectogram frequencies', 'namespace': 'core', 'neurodata_type': 'FrequencyBandsTable', 'object_id': 'e2d52e0d-8a43-453c-a4ae-f81bbb1f0294'}, 'groups': {}, 'datasets': {'freq': root/acquisition/_iblmic_audioSpectrogram/bands/freq DatasetBuilder {'attributes': {'description': 'frequency value', 'namespace': 'hdmf-common', 'neurodata_type': 'VectorData', 'object_id': 'd4186d20-705f-46e7-9c22-6d1074aa82bd'}, 'data': <HDF5 dataset "freq": shape (257,), type "<f4">}, 'id': root/acquisition/_iblmic_audioSpectrogram/bands/id DatasetBuilder {'attributes': {'namespace': 'hdmf-common', 'neurodata_type': 'ElementIdentifiers', 'object_id': 'f42d86ce-53dd-452a-b231-c7b979f9369b'}, 'data': <HDF5 dataset "id": shape (257,), type "<i4">}}, 'links': {}}, "Could not construct FrequencyBandsTable object due to: column must have the same number of rows as 'id'"))
2026-10-10T18:19:39Z INFO [159/1500] fab4f348-4794-4a85-8ce8-1c3662f03bcb: valid; 2.0 s; peak memory 662 MiB.
2026-10-10T18:19:40Z INFO [160/1500] fad56f78-181e-4293-bb60-0f158bc09175: valid; 1.3 s; peak memory 662 MiB.
2026-10-10T18:19:43Z INFO [161/1500] fae8aa0f-811e-447b-8554-5aa8a9ebdb21: not valid; 2.4 s; peak memory 662 MiB.
2026-10-10T18:19:44Z INFO [162/1500] faf5b3ed-75a0-4236-b5a4-1e48e043897e: valid; 1.2 s; peak memory 662 MiB.
2026-10-10T18:19:48Z INFO [163/1500] faf700d7-e08d-44f5-bd8e-6722501c888c: not valid; 3.9 s; peak memory 662 MiB.
2026-10-10T18:19:49Z INFO [164/1500] fb075b6c-64ef-4761-80d8-62aa94b4dd3f: not valid; 1.8 s; peak memory 662 MiB.
2026-10-10T18:19:52Z INFO [165/1500] fb175a9d-2963-4d77-8e66-ddafdd9aab4c: valid; 2.9 s; peak memory 662 MiB.
2026-10-10T18:19:54Z INFO [166/1500] fb185c0c-5505-4664-b363-8f99d57f5cda: valid; 1.4 s; peak memory 662 MiB.
2026-10-10T18:19:55Z INFO [167/1500] fb4cb1f6-9edd-4945-8516-d384364f6197: valid; 1.3 s; peak memory 662 MiB.
2026-10-10T18:19:57Z INFO [168/1500] fb5d6254-95e2-4d21-a88e-2b8a09ef12d3: not valid; 2.1 s; peak memory 662 MiB.
2026-10-10T18:19:59Z INFO [169/1500] fb623450-f7f1-4a64-ae1a-4bc874371f80: not valid; 1.9 s; peak memory 662 MiB.
2026-10-10T18:20:01Z INFO [170/1500] fbb5431b-b698-4883-a373-dfeb8479405e: not valid; 1.7 s; peak memory 662 MiB.
2026-10-10T18:20:05Z INFO [171/1500] fbf31266-cf60-469e-96e4-cf4711443c6f: valid; 4.3 s; peak memory 662 MiB.
2026-10-10T18:20:07Z INFO [172/1500] fbf91b09-e81b-4edd-8df5-1277a2c3bf4e: not valid; 1.5 s; peak memory 662 MiB.
2026-10-10T18:20:08Z INFO [173/1500] fc2525de-6a16-4ac4-be14-23286ed3fd96: not valid; 1.6 s; peak memory 662 MiB.
2026-10-10T18:20:10Z INFO [174/1500] fc2f816a-96c1-456b-a78a-4eae1b9a8d52: not valid; 2.0 s; peak memory 662 MiB.
2026-10-10T18:20:26Z INFO [175/1500] fc4911e5-8911-4aef-880d-8c0b7dc33bb0: valid; 15.8 s; peak memory 662 MiB.
2026-10-10T18:20:28Z INFO [176/1500] fc667996-4f92-4b88-88b1-030df7f6d596: not valid; 2.0 s; peak memory 662 MiB.
2026-10-10T18:20:30Z INFO [177/1500] fc6e42a7-6779-482b-9ae6-68670997b513: valid; 2.1 s; peak memory 662 MiB.
2026-10-10T18:20:32Z INFO [178/1500] fc771696-c58d-4d90-846f-f633f83de33c: valid; 2.3 s; peak memory 662 MiB.
2026-10-10T18:20:34Z INFO [179/1500] fc8bae71-99a8-40c9-a901-42c193fc0bfa: valid; 1.9 s; peak memory 662 MiB.
2026-10-10T18:20:35Z INFO [180/1500] fc958f4e-4622-48bd-94d0-12fc9b0fb94e: valid; 1.3 s; peak memory 662 MiB.
2026-10-10T18:20:38Z WARNING fca29876-45fc-4153-8f78-a81642d8db3d: failed while opening the NWB file (ConstructError: (root/acquisition/_iblmic_audioSpectrogram/bands GroupBuilder {'attributes': {'colnames': array(['freq'], dtype=object), 'description': 'spectogram frequencies', 'namespace': 'core', 'neurodata_type': 'FrequencyBandsTable', 'object_id': 'b5fda119-e099-4ba7-99fa-38e54f3a246f'}, 'groups': {}, 'datasets': {'freq': root/acquisition/_iblmic_audioSpectrogram/bands/freq DatasetBuilder {'attributes': {'description': 'frequency value', 'namespace': 'hdmf-common', 'neurodata_type': 'VectorData', 'object_id': 'fd442a4d-c19e-4723-bfc6-9f3fa1a26b9e'}, 'data': <HDF5 dataset "freq": shape (257,), type "<f4">}, 'id': root/acquisition/_iblmic_audioSpectrogram/bands/id DatasetBuilder {'attributes': {'namespace': 'hdmf-common', 'neurodata_type': 'ElementIdentifiers', 'object_id': 'e30fae66-5eaa-40fd-9687-65370c37e4ba'}, 'data': <HDF5 dataset "id": shape (257,), type "<i4">}}, 'links': {}}, "Could not construct FrequencyBandsTable object due to: column must have the same number of rows as 'id'"))
2026-10-10T18:20:41Z INFO [182/1500] fcad7277-3e6b-4fb5-adaa-0111167a6d30: not valid; 3.5 s; peak memory 662 MiB.
2026-10-10T18:20:44Z INFO [183/1500] fcbbf1f9-c9e8-4e38-9ec1-1ac377ceef66: valid; 3.3 s; peak memory 662 MiB.
2026-10-10T18:20:47Z INFO [184/1500] fcc21a69-9fa2-421a-b27e-26f919e553f4: valid; 3.1 s; peak memory 662 MiB.
2026-10-10T18:20:50Z INFO [185/1500] fcceaf91-6457-4bfc-b329-17898e98289a: valid; 2.0 s; peak memory 662 MiB.
2026-10-10T18:20:51Z INFO [186/1500] fcd483db-fe9b-4286-9947-16c231e295e6: valid; 1.7 s; peak memory 662 MiB.
2026-10-10T18:20:54Z INFO [187/1500] fcd77b02-b136-48e5-842f-95aeca650976: valid; 2.4 s; peak memory 662 MiB.
2026-10-10T18:20:56Z INFO [188/1500] fcf21570-2376-420f-9aa1-a50150b7d02f: valid; 2.1 s; peak memory 662 MiB.
2026-10-10T18:21:00Z INFO [189/1500] fd1c0bd2-4656-4020-a063-9fc4c6fdea65: valid; 4.1 s; peak memory 662 MiB.
2026-10-10T18:21:04Z INFO [190/1500] fd293b11-a9b6-4bfa-bc6e-c047c7c64347: not valid; 3.8 s; peak memory 662 MiB.
2026-10-10T18:21:11Z INFO [191/1500] fd2e2ea3-568c-4a5b-972f-743871497380: valid; 7.6 s; peak memory 662 MiB.
2026-10-10T18:21:16Z INFO [192/1500] fd6041fa-2b94-45a9-8cf3-26cb5f5fd7fd: not valid; 4.4 s; peak memory 662 MiB.
2026-10-10T18:21:17Z INFO [193/1500] fd692147-1b31-45f3-af39-f1f105a14660: valid; 1.2 s; peak memory 662 MiB.
2026-10-10T18:21:18Z INFO [194/1500] fd7c7e66-d24b-493b-9dd9-55cfdd83c340: valid; 1.6 s; peak memory 662 MiB.
2026-10-10T18:21:20Z INFO [195/1500] fdd2b4db-0e63-4f4e-a4b1-2c491db4e040: not valid; 1.7 s; peak memory 662 MiB.
2026-10-10T18:21:35Z INFO [196/1500] fdf88e28-1c86-402a-b4be-7bed4ea426bd: valid; 14.5 s; peak memory 662 MiB.
2026-10-10T18:21:38Z INFO [197/1500] fe280f39-efbc-418d-8855-325c5a5a0dd1: valid; 2.9 s; peak memory 662 MiB.
2026-10-10T18:21:39Z INFO [198/1500] fe2d7842-eb72-4e2a-b67e-ff2bdec93bbd: not valid; 1.8 s; peak memory 662 MiB.
2026-10-10T18:21:42Z INFO [199/1500] fe4cca80-f29f-4643-9b97-1b7fe06abf2a: valid; 2.1 s; peak memory 662 MiB.
2026-10-10T18:21:43Z INFO [200/1500] fe6722d2-3227-40b6-8ebe-7b14335a114b: not valid; 2.0 s; peak memory 662 MiB.
2026-10-10T18:21:45Z INFO [200/1500] fe6722d2-3227-40b6-8ebe-7b14335a114b: checkpointed 204010 new records.
2026-10-10T18:21:46Z INFO [201/1500] fefa5326-042c-4b32-a0a4-e32e68af176a: valid; 1.6 s; peak memory 662 MiB.
2026-10-10T18:21:49Z INFO [202/1500] ff1e4087-9312-4c1b-8364-d6b9c0ee9915: valid; 2.8 s; peak memory 662 MiB.
2026-10-10T18:22:05Z INFO [203/1500] ff4f1436-91fc-47bc-8ac8-6810bfb4cd28: valid; 15.9 s; peak memory 662 MiB.
2026-10-10T18:22:06Z INFO [204/1500] ff5df039-f502-483a-9ba3-412f7f95b8db: valid; 1.3 s; peak memory 662 MiB.
2026-10-10T18:22:09Z INFO [205/1500] ff665f32-4f20-4f44-8a1f-2e2fdd2f3aa9: valid; 2.7 s; peak memory 662 MiB.
2026-10-10T18:22:10Z INFO [206/1500] ffa064aa-1358-4097-b3b4-21ddc5ebc338: valid; 1.4 s; peak memory 662 MiB.
2026-10-10T18:22:21Z INFO [207/1500] ffdd2cff-13e3-48df-81bc-dc095cd2629a: valid; 10.6 s; peak memory 662 MiB.
2026-10-10T18:22:23Z INFO [208/1500] ffed4197-51cd-4083-8568-8411c5828e0b: valid; 2.4 s; peak memory 662 MiB.
2026-10-10T18:22:27Z INFO [209/1500] fff0c082-43f7-42ca-98d0-c94d3baf0ccb: not valid; 3.5 s; peak memory 662 MiB.
2026-10-10T18:22:35Z INFO [210/1500] 00291f4b-4137-4f78-9ac9-6878d15c5012: valid; 7.7 s; peak memory 662 MiB.
2026-10-10T18:22:37Z INFO [211/1500] 002e1151-ed9a-46db-8b5b-4a8ee35c241c: valid; 2.4 s; peak memory 662 MiB.
2026-10-10T18:22:52Z INFO [212/1500] 003c6114-2d14-43ec-9acb-3d21e9703394: valid; 14.8 s; peak memory 662 MiB.
2026-10-10T18:22:56Z INFO [213/1500] 003c6438-94bb-401d-b426-d125ccdd15a4: valid; 4.3 s; peak memory 662 MiB.
2026-10-10T18:22:57Z INFO [214/1500] 003d7b97-5b45-450b-9502-534cf2784d67: valid; 1.3 s; peak memory 662 MiB.
2026-10-10T18:23:02Z INFO [215/1500] 00653ba8-e9f4-43e6-a3a5-eacaa8db77a0: not valid; 4.5 s; peak memory 662 MiB.
2026-10-10T18:23:04Z INFO [216/1500] 00663c98-c272-4a21-b153-1c4601f382c5: valid; 1.8 s; peak memory 662 MiB.
2026-10-10T18:23:14Z INFO [217/1500] 007018fc-d278-48bf-b56a-2eda2fb6811c: valid; 9.8 s; peak memory 662 MiB.
2026-10-10T18:23:15Z INFO [218/1500] 00803369-d3d2-4974-ae61-4ba2320f0720: not valid; 1.8 s; peak memory 662 MiB.
2026-10-10T18:23:17Z INFO [219/1500] 009fcda5-6aa8-4363-a9ea-269eb8b0a5fd: valid; 1.4 s; peak memory 662 MiB.
2026-10-10T18:23:18Z INFO [220/1500] 00d54796-39cd-4f73-a51e-93f3fd74f8aa: valid; 1.5 s; peak memory 662 MiB.
2026-10-10T18:23:20Z INFO [221/1500] 00e0fecc-2a9f-4a0c-aa4b-39ab50839516: valid; 1.6 s; peak memory 662 MiB.
2026-10-10T18:23:22Z INFO [222/1500] 00ed5b62-4869-4033-92af-2b6a45c15bc3: valid; 2.4 s; peak memory 662 MiB.
2026-10-10T18:23:25Z INFO [223/1500] 00fc2fc9-9399-4a7a-8dac-747beb3bb611: not valid; 2.8 s; peak memory 662 MiB.
2026-10-10T18:23:27Z INFO [224/1500] 010942c8-7468-49dc-a826-730540205e97: valid; 2.2 s; peak memory 662 MiB.
2026-10-10T18:23:30Z INFO [225/1500] 011c92d9-e51d-4ad5-a8ff-f1b147702b89: valid; 2.4 s; peak memory 662 MiB.
2026-10-10T18:23:31Z INFO [226/1500] 0123f79e-501a-4d70-9e9a-1b260eb0aa21: valid; 1.5 s; peak memory 662 MiB.
2026-10-10T18:23:33Z INFO [227/1500] 01409d54-5896-486d-9c5f-92d9e84a3814: not valid; 1.7 s; peak memory 662 MiB.
2026-10-10T18:23:35Z INFO [228/1500] 014ccbfe-2173-459a-973a-424832f54b54: valid; 1.9 s; peak memory 662 MiB.
2026-10-10T18:23:36Z INFO [229/1500] 0157a353-a0be-4582-bde1-c2c86f73b4e3: valid; 1.3 s; peak memory 662 MiB.
2026-10-10T18:23:44Z INFO [230/1500] 015dd50c-80af-47cc-9642-3f52bd3c1f7b: valid; 7.7 s; peak memory 662 MiB.
2026-10-10T18:23:46Z INFO [231/1500] 0163928a-e972-4ca1-85f1-288a59074340: valid; 2.1 s; peak memory 662 MiB.
2026-10-10T18:23:47Z INFO [232/1500] 0167ac61-7bcf-4d79-b3be-895d07096c24: valid; 1.1 s; peak memory 662 MiB.
2026-10-10T18:23:49Z INFO [233/1500] 018edb46-ab34-45c0-b307-f133842f5068: not valid; 1.8 s; peak memory 662 MiB.
2026-10-10T18:23:50Z INFO [234/1500] 01bc3064-c057-494a-8001-91d90a181638: not valid; 1.4 s; peak memory 662 MiB.
2026-10-10T18:23:53Z INFO [235/1500] 01be77d3-0d23-49c2-ab85-80a64751377e: valid; 2.5 s; peak memory 662 MiB.
2026-10-10T18:24:03Z INFO [236/1500] 025c13c1-96df-47dd-913a-3149613afea7: valid; 9.9 s; peak memory 662 MiB.
2026-10-10T18:24:04Z INFO [237/1500] 028c9713-18df-4ff3-9726-4acd13901e7e: valid; 1.8 s; peak memory 662 MiB.
2026-10-10T18:24:21Z INFO [238/1500] 0290c134-4f78-4fff-a971-344ff1e53804: valid; 16.2 s; peak memory 662 MiB.
2026-10-10T18:24:23Z INFO [239/1500] 029eb53c-02b5-4ab8-9cbd-41fbab249f93: not valid; 2.1 s; peak memory 662 MiB.
2026-10-10T18:24:24Z INFO [240/1500] 02a3bcb7-58c7-4ce5-b4bc-55df08d281b9: valid; 1.3 s; peak memory 662 MiB.
2026-10-10T18:24:27Z INFO [241/1500] 02a61388-8bac-425a-a5dc-2d9102367228: valid; 3.0 s; peak memory 662 MiB.
2026-10-10T18:24:28Z INFO [242/1500] 02b4b724-7627-4e5b-ab53-412b12534c13: valid; 1.3 s; peak memory 662 MiB.
2026-10-10T18:24:29Z INFO [243/1500] 02c5752e-5d29-4c8e-b6b8-e1a792e7daba: valid; 1.2 s; peak memory 662 MiB.
2026-10-10T18:24:31Z INFO [244/1500] 02ec221a-9684-4fab-8838-8dffd52b72a8: valid; 1.9 s; peak memory 662 MiB.
2026-10-10T18:24:34Z INFO [245/1500] 02efffa1-8d9e-4c98-a634-e66b6634bca6: valid; 2.4 s; peak memory 662 MiB.
2026-10-10T18:24:43Z INFO [246/1500] 02face5a-8d28-48f0-b0c6-16913e6edbdf: not valid; 9.6 s; peak memory 662 MiB.
2026-10-10T18:24:45Z WARNING 030857bf-325b-48ff-8c08-97cdbb2c0091: failed while opening the NWB file (ConstructError: (root/acquisition/_iblmic_audioSpectrogram/bands GroupBuilder {'attributes': {'colnames': array(['freq'], dtype=object), 'description': 'spectogram frequencies', 'namespace': 'core', 'neurodata_type': 'FrequencyBandsTable', 'object_id': 'cea4fb54-6489-414c-bba4-3ed16e190f1b'}, 'groups': {}, 'datasets': {'freq': root/acquisition/_iblmic_audioSpectrogram/bands/freq DatasetBuilder {'attributes': {'description': 'frequency value', 'namespace': 'hdmf-common', 'neurodata_type': 'VectorData', 'object_id': '60f41bbc-9f7a-4500-be34-cb947fc8e6ed'}, 'data': <HDF5 dataset "freq": shape (257,), type "<f4">}, 'id': root/acquisition/_iblmic_audioSpectrogram/bands/id DatasetBuilder {'attributes': {'namespace': 'hdmf-common', 'neurodata_type': 'ElementIdentifiers', 'object_id': '0bbaa481-c953-4602-8d2c-0678d5a9c666'}, 'data': <HDF5 dataset "id": shape (257,), type "<i4">}}, 'links': {}}, "Could not construct FrequencyBandsTable object due to: column must have the same number of rows as 'id'"))
2026-10-10T18:24:47Z INFO [248/1500] 032ffa8b-0720-477a-90b8-5b89e20e76ab: valid; 1.4 s; peak memory 662 MiB.
2026-10-10T18:24:53Z INFO [249/1500] 03418bc8-cff2-49a7-a418-fd1180906eca: valid; 6.3 s; peak memory 662 MiB.
2026-10-10T18:24:58Z INFO [250/1500] 034dc890-03b5-4fb5-a3ed-735f8ebb63fc: not valid; 4.5 s; peak memory 662 MiB.
2026-10-10T18:24:59Z INFO [250/1500] 034dc890-03b5-4fb5-a3ed-735f8ebb63fc: checkpointed 204010 new records.
2026-10-10T18:25:01Z WARNING 037878b2-ac9f-4ed9-8b33-5920efeb2f87: failed while opening the NWB file (ConstructError: (root/acquisition/_iblmic_audioSpectrogram/bands GroupBuilder {'attributes': {'colnames': array(['freq'], dtype=object), 'description': 'spectogram frequencies', 'namespace': 'core', 'neurodata_type': 'FrequencyBandsTable', 'object_id': '9f275004-2e85-4301-9c6b-cc1cb461c115'}, 'groups': {}, 'datasets': {'freq': root/acquisition/_iblmic_audioSpectrogram/bands/freq DatasetBuilder {'attributes': {'description': 'frequency value', 'namespace': 'hdmf-common', 'neurodata_type': 'VectorData', 'object_id': '47dc979f-5b5a-4f42-bcef-08795098ed8f'}, 'data': <HDF5 dataset "freq": shape (257,), type "<f4">}, 'id': root/acquisition/_iblmic_audioSpectrogram/bands/id DatasetBuilder {'attributes': {'namespace': 'hdmf-common', 'neurodata_type': 'ElementIdentifiers', 'object_id': 'c88d4450-7160-4053-9fa3-b9317b0c3564'}, 'data': <HDF5 dataset "id": shape (257,), type "<i4">}}, 'links': {}}, "Could not construct FrequencyBandsTable object due to: column must have the same number of rows as 'id'"))
2026-10-10T18:25:03Z INFO [252/1500] 038f3926-273e-4e92-95ef-848549cad750: valid; 1.5 s; peak memory 662 MiB.
2026-10-10T18:25:04Z INFO [253/1500] 0396d0f1-2a72-428f-984c-65efbadeb24f: valid; 1.4 s; peak memory 662 MiB.
2026-10-10T18:25:32Z INFO [254/1500] 03a4f579-f2b8-41a7-b501-9b97cd4dc0dd: valid; 28.4 s; peak memory 662 MiB.
2026-10-10T18:25:34Z INFO [255/1500] 03b2640f-41a6-4fbd-b1c4-3abec8912e3d: valid; 1.4 s; peak memory 662 MiB.
2026-10-10T18:25:36Z WARNING 03bb9514-ebb4-47ad-b92d-c70de9dca12d: failed while opening the NWB file (ConstructError: (root/acquisition/_iblmic_audioSpectrogram/bands GroupBuilder {'attributes': {'colnames': array(['freq'], dtype=object), 'description': 'spectogram frequencies', 'namespace': 'core', 'neurodata_type': 'FrequencyBandsTable', 'object_id': '95474bb2-9bad-487b-9e99-0f931ae9f96f'}, 'groups': {}, 'datasets': {'freq': root/acquisition/_iblmic_audioSpectrogram/bands/freq DatasetBuilder {'attributes': {'description': 'frequency value', 'namespace': 'hdmf-common', 'neurodata_type': 'VectorData', 'object_id': '8f3d54b1-6fee-4083-98d7-b9e9d3b9254b'}, 'data': <HDF5 dataset "freq": shape (257,), type "<f4">}, 'id': root/acquisition/_iblmic_audioSpectrogram/bands/id DatasetBuilder {'attributes': {'namespace': 'hdmf-common', 'neurodata_type': 'ElementIdentifiers', 'object_id': '6dd460e5-71ce-4a74-a1a7-cfd1029a2454'}, 'data': <HDF5 dataset "id": shape (257,), type "<i4">}}, 'links': {}}, "Could not construct FrequencyBandsTable object due to: column must have the same number of rows as 'id'"))
2026-10-10T18:25:38Z INFO [257/1500] 03fbf2c9-255d-4b32-8c47-1457d2e3b62a: not valid; 1.5 s; peak memory 662 MiB.
2026-10-10T18:25:39Z INFO [258/1500] 0403258f-c3ba-4a4b-a0d5-bdfa44dd6ebb: valid; 1.9 s; peak memory 662 MiB.
2026-10-10T18:25:41Z INFO [259/1500] 041edde4-d14e-4b0c-bd6a-8f425e475f20: valid; 2.0 s; peak memory 662 MiB.
2026-10-10T18:25:51Z INFO [260/1500] 0436eb43-4cd7-45ea-b435-dc2d741c9d21: valid; 10.0 s; peak memory 662 MiB.
2026-10-10T18:25:53Z INFO [261/1500] 0452c740-1db2-4d12-886f-02f86912e582: valid; 1.8 s; peak memory 662 MiB.
2026-10-10T18:25:54Z INFO [262/1500] 047f5657-cff0-457a-b23c-a2e4724ed10b: not valid; 1.4 s; peak memory 662 MiB.
2026-10-10T18:25:56Z INFO [263/1500] 048bb2ec-52c3-48a5-b3cf-3491853c2295: valid; 1.9 s; peak memory 662 MiB.
2026-10-10T18:25:58Z INFO [264/1500] 04e1594c-5f1b-4f03-9fbe-520f770fb03c: valid; 1.8 s; peak memory 662 MiB.
2026-10-10T18:26:01Z WARNING 050e62ba-c9ac-471c-843a-287c834e466d: failed while opening the NWB file (ConstructError: (root/acquisition/_iblmic_audioSpectrogram/bands GroupBuilder {'attributes': {'colnames': array(['freq'], dtype=object), 'description': 'spectogram frequencies', 'namespace': 'core', 'neurodata_type': 'FrequencyBandsTable', 'object_id': '439a0d85-c473-4172-a48f-98ef0e3d64ee'}, 'groups': {}, 'datasets': {'freq': root/acquisition/_iblmic_audioSpectrogram/bands/freq DatasetBuilder {'attributes': {'description': 'frequency value', 'namespace': 'hdmf-common', 'neurodata_type': 'VectorData', 'object_id': '2ba4f846-4695-4f10-ae82-594f37d2179f'}, 'data': <HDF5 dataset "freq": shape (257,), type "<f4">}, 'id': root/acquisition/_iblmic_audioSpectrogram/bands/id DatasetBuilder {'attributes': {'namespace': 'hdmf-common', 'neurodata_type': 'ElementIdentifiers', 'object_id': '0da3beeb-aed1-4314-a1da-e68b753de222'}, 'data': <HDF5 dataset "id": shape (257,), type "<i4">}}, 'links': {}}, "Could not construct FrequencyBandsTable object due to: column must have the same number of rows as 'id'"))
2026-10-10T18:26:03Z INFO [266/1500] 054f4a60-77c7-45fe-b7fd-55b009a50441: not valid; 2.4 s; peak memory 662 MiB.
2026-10-10T18:26:05Z INFO [267/1500] 0560db0f-2792-4dc3-bf36-de97bc8cda72: valid; 1.8 s; peak memory 662 MiB.
2026-10-10T18:26:07Z INFO [268/1500] 05805a8d-ace0-4532-8aef-7b49c278fbed: not valid; 1.7 s; peak memory 662 MiB.
2026-10-10T18:26:08Z INFO [269/1500] 05815ade-1af5-4d06-a13c-0616f41712e1: valid; 1.1 s; peak memory 662 MiB.
2026-10-10T18:26:10Z INFO [270/1500] 058dc497-c258-4b0e-a443-366d84286c71: valid; 2.5 s; peak memory 662 MiB.
2026-10-10T18:26:23Z INFO [271/1500] 05931efb-510f-4dbc-90a1-ed1384bd7ba4: valid; 12.4 s; peak memory 662 MiB.
2026-10-10T18:26:30Z INFO [272/1500] 05bb2b91-5246-4a4e-94df-be9aae27cd16: valid; 7.3 s; peak memory 662 MiB.
2026-10-10T18:26:35Z INFO [273/1500] 05d36aac-2a12-47a7-90de-e4eb7e09c8a9: valid; 5.0 s; peak memory 662 MiB.
2026-10-10T18:26:38Z INFO [274/1500] 060075f0-e8b5-4b73-953f-858ddbd28b6e: not valid; 3.1 s; peak memory 662 MiB.
2026-10-10T18:26:39Z INFO [275/1500] 060a6129-7e17-436e-9ba1-c039a856bfa3: valid; 1.3 s; peak memory 662 MiB.
2026-10-10T18:26:54Z INFO [276/1500] 066ec563-833f-4857-8586-a42cae3caa2c: valid; 14.8 s; peak memory 662 MiB.
2026-10-10T18:26:59Z INFO [277/1500] 0676b845-aee6-4591-a68d-8ef2daa6f12b: valid; 4.7 s; peak memory 662 MiB.
2026-10-10T18:27:01Z INFO [278/1500] 067b8931-a80c-4e19-93ec-cefc04cb135f: valid; 2.5 s; peak memory 662 MiB.
2026-10-10T18:27:03Z INFO [279/1500] 0683a436-40bf-4a4c-b55c-0c4654152a63: valid; 1.6 s; peak memory 662 MiB.
2026-10-10T18:27:06Z INFO [280/1500] 0687f6c5-ac14-452f-ac76-88f50c816b17: valid; 3.2 s; peak memory 662 MiB.
2026-10-10T18:27:08Z INFO [281/1500] 06883c1d-36e8-418c-92da-ea86daee6500: not valid; 1.6 s; peak memory 662 MiB.
2026-10-10T18:27:09Z INFO [282/1500] 069679d3-1411-4f72-a64a-e2ae3fef65b4: valid; 1.3 s; peak memory 662 MiB.
2026-10-10T18:27:10Z INFO [283/1500] 069f14f7-ea6b-4d82-a5cf-8d2aa5a7d109: not valid; 1.4 s; peak memory 662 MiB.
2026-10-10T18:27:13Z INFO [284/1500] 06ab4631-e5fb-4594-9ca3-b8e48f27d45f: not valid; 2.3 s; peak memory 662 MiB.
2026-10-10T18:27:15Z INFO [285/1500] 06c6a786-f52f-4fe9-959f-3114827536f4: valid; 2.3 s; peak memory 662 MiB.
2026-10-10T18:27:16Z INFO [286/1500] 06e63cf8-d33e-4fdd-863d-7b4b61683546: valid; 1.1 s; peak memory 662 MiB.
2026-10-10T18:27:32Z INFO [287/1500] 06f5dcd6-4742-483e-9e04-56a8846bce87: not valid; 15.7 s; peak memory 662 MiB.
2026-10-10T18:27:35Z INFO [288/1500] 071beff7-f582-4a2a-8d6f-f3c06ababf65: valid; 2.6 s; peak memory 662 MiB.
2026-10-10T18:27:48Z INFO [289/1500] 072f9246-c39b-405e-baf7-680f3c22ff0b: valid; 13.0 s; peak memory 662 MiB.
2026-10-10T18:27:50Z INFO [290/1500] 073a2df3-ad78-437f-a0c5-0c71d2b03f2b: not valid; 2.2 s; peak memory 662 MiB.
2026-10-10T18:27:52Z INFO [291/1500] 07490b35-a3f9-4023-a965-3e866bf65899: valid; 2.0 s; peak memory 662 MiB.
2026-10-10T18:27:53Z INFO [292/1500] 07610c22-9195-401b-b881-fa9ee7856f61: valid; 1.2 s; peak memory 662 MiB.
2026-10-10T18:27:54Z INFO [293/1500] 0785b5ec-b983-4246-9098-4222aa26ef0c: not valid; 1.4 s; peak memory 662 MiB.
2026-10-10T18:27:56Z INFO [294/1500] 079c2027-c3af-4e7a-979d-02d1a91db127: valid; 1.9 s; peak memory 662 MiB.
2026-10-10T18:27:58Z INFO [295/1500] 079fbc14-1a5c-4fa4-901f-94b612a46538: valid; 2.1 s; peak memory 662 MiB.
2026-10-10T18:28:00Z INFO [296/1500] 07a31a43-77d1-4ad4-86e2-d939c82a3dfe: valid; 1.3 s; peak memory 662 MiB.
2026-10-10T18:28:01Z INFO [297/1500] 07aae611-43f9-454c-a278-1c35492b483f: not valid; 1.4 s; peak memory 662 MiB.
2026-10-10T18:28:03Z INFO [298/1500] 07ac8a64-ed53-47c4-bc1b-d82168ca52e2: valid; 2.1 s; peak memory 662 MiB.
2026-10-10T18:28:06Z INFO [299/1500] 07b9990a-fb5e-4a8d-80dc-0575df3da730: valid; 3.4 s; peak memory 662 MiB.
2026-10-10T18:28:08Z INFO [300/1500] 083401f2-dd4d-453f-98af-44771240ace0: not valid; 1.8 s; peak memory 662 MiB.
2026-10-10T18:28:10Z INFO [300/1500] 083401f2-dd4d-453f-98af-44771240ace0: checkpointed 204010 new records.
2026-10-10T18:28:27Z INFO [301/1500] 0839d4b3-3260-474f-ad28-cb8b79b18146: valid; 17.4 s; peak memory 662 MiB.
2026-10-10T18:28:29Z INFO [302/1500] 0841fa5b-bca5-414b-a40e-fbb26b8a87ea: not valid; 1.8 s; peak memory 662 MiB.
2026-10-10T18:28:30Z INFO [303/1500] 0842ab85-def5-4318-b6c3-df175f020c93: valid; 1.2 s; peak memory 662 MiB.
2026-10-10T18:28:32Z INFO [304/1500] 0845364c-a03d-4c7c-9859-c7647a75f185: valid; 2.2 s; peak memory 662 MiB.
2026-10-10T18:28:34Z INFO [305/1500] 087989cc-bc71-4651-b867-4279f81ecc4b: not valid; 1.5 s; peak memory 662 MiB.
2026-10-10T18:28:35Z INFO [306/1500] 087c3bbf-d24d-481c-ac5c-95771a3d9f84: not valid; 1.7 s; peak memory 662 MiB.
2026-10-10T18:28:37Z INFO [307/1500] 087e9786-af3d-427b-bff9-c1911506e4d4: valid; 1.5 s; peak memory 662 MiB.
2026-10-10T18:28:39Z INFO [308/1500] 0885a7d2-8f28-4667-9b33-6dc1f3129ad2: valid; 1.8 s; peak memory 662 MiB.
2026-10-10T18:28:40Z INFO [309/1500] 088b34f0-53c8-44cc-a4e5-28c0979939ef: valid; 1.3 s; peak memory 662 MiB.
2026-10-10T18:28:41Z INFO [310/1500] 089796b7-77dd-488e-8f65-d045f03840df: valid; 1.3 s; peak memory 662 MiB.
2026-10-10T18:28:43Z INFO [311/1500] 08a4bd91-3e56-474b-b10f-d6364a772aa6: valid; 1.9 s; peak memory 662 MiB.
2026-10-10T18:28:45Z INFO [312/1500] 08ebb32b-c441-470d-9c4f-4515b278111b: valid; 1.6 s; peak memory 662 MiB.
2026-10-10T18:28:50Z INFO [313/1500] 0904931f-6361-48c6-8dab-c1215fb656dc: not valid; 5.3 s; peak memory 662 MiB.
2026-10-10T18:28:56Z INFO [314/1500] 0912e7af-e32d-4520-b2fa-55b273cd4309: not valid; 5.7 s; peak memory 662 MiB.
2026-10-10T18:28:57Z INFO [315/1500] 0935ef38-0853-498e-b10a-e8866db09159: valid; 1.5 s; peak memory 662 MiB.
2026-10-10T18:29:01Z INFO [316/1500] 093802ee-2f88-4655-a8df-22a8df0af5c2: not valid; 3.8 s; peak memory 662 MiB.
2026-10-10T18:29:02Z INFO [317/1500] 09645b00-33ba-4fc4-b061-e0faa5cb5092: valid; 1.3 s; peak memory 662 MiB.
2026-10-10T18:29:06Z INFO [318/1500] 096db90a-c937-4afb-90af-bb3d7ec84669: valid; 3.6 s; peak memory 662 MiB.
2026-10-10T18:29:08Z INFO [319/1500] 097c4fd7-b464-496a-b108-76be3b25beb6: not valid; 1.8 s; peak memory 662 MiB.
2026-10-10T18:29:12Z INFO [320/1500] 09963818-f1a2-44aa-9549-4f4ed2cbf8a0: valid; 4.3 s; peak memory 662 MiB.
2026-10-10T18:29:14Z INFO [321/1500] 09a9c11a-aca3-4851-8df7-78a7fe1e3adb: not valid; 1.9 s; peak memory 662 MiB.
2026-10-10T18:29:21Z INFO [322/1500] 09ae6dbe-9eef-4aaf-89ec-97bdfa939712: not valid; 6.7 s; peak memory 662 MiB.
2026-10-10T18:29:22Z INFO [323/1500] 09b20ca4-c913-4590-b36a-70e9fef9e725: not valid; 1.8 s; peak memory 662 MiB.
2026-10-10T18:29:25Z INFO [324/1500] 09bde8c5-575d-4e71-a258-6085e975bcd0: not valid; 3.1 s; peak memory 662 MiB.
2026-10-10T18:29:27Z INFO [325/1500] 09d5ccc4-c8b1-4298-a9e3-718cfbbbda53: valid; 1.3 s; peak memory 662 MiB.
2026-10-10T18:29:29Z INFO [326/1500] 09dff4c9-1a27-43b3-b721-59969488cc44: valid; 2.6 s; peak memory 662 MiB.
2026-10-10T18:29:31Z INFO [327/1500] 0a19ab56-f1ad-4342-a94a-d9d6782394c6: not valid; 1.7 s; peak memory 662 MiB.
2026-10-10T18:29:33Z INFO [328/1500] 0a1b81ba-8357-48e4-98cd-2c470593e8dd: valid; 1.9 s; peak memory 662 MiB.
2026-10-10T18:29:35Z INFO [329/1500] 0a271de5-45ea-4b13-b8d0-7603917824fc: not valid; 1.6 s; peak memory 662 MiB.
2026-10-10T18:29:36Z INFO [330/1500] 0a322886-c92b-402a-86bb-18494954afa3: valid; 1.5 s; peak memory 662 MiB.
2026-10-10T18:29:38Z INFO [331/1500] 0a3c2d5d-92bd-4250-949e-616d66295921: valid; 2.3 s; peak memory 662 MiB.
2026-10-10T18:29:40Z INFO [332/1500] 0a3ee2b1-6f3d-4f5c-9830-39aa8446231a: valid; 1.9 s; peak memory 662 MiB.
2026-10-10T18:29:42Z INFO [333/1500] 0a717b4f-c180-4d1e-af43-df7b5a21eb5b: valid; 2.1 s; peak memory 662 MiB.
2026-10-10T18:30:02Z INFO [334/1500] 0a9423a7-3e3f-4d1a-a92f-958308dda3f6: valid; 20.1 s; peak memory 662 MiB.
2026-10-10T18:30:05Z INFO [335/1500] 0acb8310-a242-4e83-ac4f-337348d5a44d: valid; 2.5 s; peak memory 662 MiB.
2026-10-10T18:30:18Z INFO [336/1500] 0aec6bbb-c340-4853-b667-281f5fd06114: not valid; 12.9 s; peak memory 662 MiB.
2026-10-10T18:30:22Z INFO [337/1500] 0b055783-7a6d-4959-b34b-8fa9a2bfcd05: valid; 4.1 s; peak memory 662 MiB.
2026-10-10T18:30:37Z INFO [338/1500] 0b27233e-8489-493c-9440-635c72855911: not valid; 15.2 s; peak memory 662 MiB.
2026-10-10T18:30:39Z INFO [339/1500] 0b37e76e-6d4c-4a1e-813e-7e434e5df530: not valid; 1.5 s; peak memory 662 MiB.
2026-10-10T18:30:41Z INFO [340/1500] 0b41a66b-0fdd-4753-805b-243da76d87ff: valid; 2.8 s; peak memory 662 MiB.
2026-10-10T18:30:52Z INFO [341/1500] 0b4694c3-4c5b-4074-814c-a8564af1adb9: valid; 11.0 s; peak memory 662 MiB.
2026-10-10T18:30:54Z INFO [342/1500] 0b55b6bc-cbde-4424-b31a-1b0c1ac42d35: valid; 1.6 s; peak memory 662 MiB.
2026-10-10T18:30:59Z INFO [343/1500] 0b8dfcf1-fc55-41f3-8849-e7681fadfe29: valid; 5.0 s; peak memory 662 MiB.
2026-10-10T18:31:01Z WARNING 0b8eec2a-d037-4b4f-bf65-f0d96b4a653a: failed while opening the NWB file (ConstructError: (root/acquisition/_iblmic_audioSpectrogram/bands GroupBuilder {'attributes': {'colnames': array(['freq'], dtype=object), 'description': 'spectogram frequencies', 'namespace': 'core', 'neurodata_type': 'FrequencyBandsTable', 'object_id': '2767d6cc-8a52-4628-8fa2-b26580843db9'}, 'groups': {}, 'datasets': {'freq': root/acquisition/_iblmic_audioSpectrogram/bands/freq DatasetBuilder {'attributes': {'description': 'frequency value', 'namespace': 'hdmf-common', 'neurodata_type': 'VectorData', 'object_id': 'b1ea1d2c-4ff3-4eca-9586-83b909726bd4'}, 'data': <HDF5 dataset "freq": shape (257,), type "<f4">}, 'id': root/acquisition/_iblmic_audioSpectrogram/bands/id DatasetBuilder {'attributes': {'namespace': 'hdmf-common', 'neurodata_type': 'ElementIdentifiers', 'object_id': 'dee10864-e382-4bde-bb64-5e4fda407819'}, 'data': <HDF5 dataset "id": shape (257,), type "<i4">}}, 'links': {}}, "Could not construct FrequencyBandsTable object due to: column must have the same number of rows as 'id'"))
2026-10-10T18:31:03Z INFO [345/1500] 0ba33b39-d367-483b-b412-a7b759e98b01: valid; 2.1 s; peak memory 662 MiB.
2026-10-10T18:31:05Z INFO [346/1500] 0bab896b-9f03-4b14-b251-c744858e339c: valid; 1.3 s; peak memory 662 MiB.
2026-10-10T18:31:06Z INFO [347/1500] 0bb3fb3a-d887-4da3-a617-f9af94d6f165: not valid; 1.8 s; peak memory 662 MiB.
2026-10-10T18:31:08Z INFO [348/1500] 0bb5e152-671c-4cf3-a803-8b01fea46af8: valid; 2.0 s; peak memory 662 MiB.
2026-10-10T18:31:11Z INFO [349/1500] 0bdf4a1d-9f3f-4ff3-84fa-ee58a5048893: not valid; 2.0 s; peak memory 662 MiB.
2026-10-10T18:31:12Z INFO [350/1500] 0c005a1f-5833-424c-a162-44bd4afe69b7: valid; 1.3 s; peak memory 662 MiB.
2026-10-10T18:31:13Z INFO [350/1500] 0c005a1f-5833-424c-a162-44bd4afe69b7: checkpointed 204010 new records.
2026-10-10T18:31:15Z INFO [351/1500] 0c0f8432-6891-492b-ba3e-9805722afc9e: valid; 1.4 s; peak memory 662 MiB.
2026-10-10T18:31:17Z INFO [352/1500] 0c13f6d6-4e8a-4183-b6ab-af62dec6e1c0: valid; 2.2 s; peak memory 662 MiB.
2026-10-10T18:31:21Z INFO [353/1500] 0c497285-22c7-4806-8b63-acf37af7c141: not valid; 4.1 s; peak memory 662 MiB.
2026-10-10T18:31:23Z WARNING 0c51be75-0ecb-48ab-9b18-f9d55448b6df: failed while opening the NWB file (ConstructError: (root/acquisition/_iblmic_audioSpectrogram/bands GroupBuilder {'attributes': {'colnames': array(['freq'], dtype=object), 'description': 'spectogram frequencies', 'namespace': 'core', 'neurodata_type': 'FrequencyBandsTable', 'object_id': '5a17c459-ad87-4634-8299-baffc7c4210e'}, 'groups': {}, 'datasets': {'freq': root/acquisition/_iblmic_audioSpectrogram/bands/freq DatasetBuilder {'attributes': {'description': 'frequency value', 'namespace': 'hdmf-common', 'neurodata_type': 'VectorData', 'object_id': '63b7fd50-d19a-4892-ad5f-bee91655e402'}, 'data': <HDF5 dataset "freq": shape (257,), type "<f4">}, 'id': root/acquisition/_iblmic_audioSpectrogram/bands/id DatasetBuilder {'attributes': {'namespace': 'hdmf-common', 'neurodata_type': 'ElementIdentifiers', 'object_id': '30304fd5-4889-4de8-9840-cecece91c5a6'}, 'data': <HDF5 dataset "id": shape (257,), type "<i4">}}, 'links': {}}, "Could not construct FrequencyBandsTable object due to: column must have the same number of rows as 'id'"))
2026-10-10T18:31:24Z INFO [355/1500] 0c566d23-4870-4027-bb3b-52468e4e3fd9: valid; 1.3 s; peak memory 662 MiB.
2026-10-10T18:31:26Z INFO [356/1500] 0c6f0a15-4687-4b53-b564-a71e25aaf31e: valid; 1.9 s; peak memory 662 MiB.
2026-10-10T18:31:30Z INFO [357/1500] 0c7376f5-15ca-496a-a0b5-65d1988f43fa: valid; 4.2 s; peak memory 662 MiB.
2026-10-10T18:31:32Z INFO [358/1500] 0c7591e0-e00a-45c0-b373-218838338a1c: valid; 1.2 s; peak memory 662 MiB.
2026-10-10T18:31:33Z INFO [359/1500] 0c767ced-bc6c-48f4-829d-6301e2326aa2: not valid; 1.4 s; peak memory 662 MiB.
2026-10-10T18:31:35Z INFO [360/1500] 0c791960-8501-4006-af54-619463f95235: valid; 2.1 s; peak memory 662 MiB.
2026-10-10T18:32:43Z INFO [361/1500] 0c86d1a1-f705-40ef-ac72-296a036a890e: valid; 68.2 s; peak memory 662 MiB.
2026-10-10T18:32:46Z INFO [362/1500] 0c943fd0-3729-4c00-bd49-ed3de2aededc: valid; 2.9 s; peak memory 662 MiB.
2026-10-10T18:32:48Z INFO [363/1500] 0c9afa02-890e-4af1-a60c-1c86ec899734: not valid; 1.5 s; peak memory 662 MiB.
2026-10-10T18:32:51Z INFO [364/1500] 0ca51a57-a5cd-4e0c-9226-df0cb83c8bbd: valid; 3.8 s; peak memory 662 MiB.
2026-10-10T18:32:53Z INFO [365/1500] 0ca55987-3f3b-4bcc-940c-d3b247fc6884: valid; 1.3 s; peak memory 662 MiB.
2026-10-10T18:32:55Z INFO [366/1500] 0cc9784d-21c7-4384-845f-2a088488230e: not valid; 2.0 s; peak memory 662 MiB.
2026-10-10T18:32:56Z INFO [367/1500] 0ce50b25-5a8a-4dcb-bb33-4468d0571e22: not valid; 1.4 s; peak memory 662 MiB.
2026-10-10T18:33:00Z INFO [368/1500] 0d0347c5-ed3f-4e94-a723-0f7f9e2e4c38: valid; 3.6 s; peak memory 662 MiB.
2026-10-10T18:33:08Z INFO [369/1500] 0d1591df-f20a-459a-9268-46da4eb81251: valid; 7.8 s; peak memory 662 MiB.
2026-10-10T18:33:10Z INFO [370/1500] 0d241a1d-1e49-4f1c-8a02-db9873858565: valid; 2.1 s; peak memory 662 MiB.
2026-10-10T18:33:12Z WARNING 0d2d49ea-11ff-4680-af37-9fcaaf4de7a0: failed while opening the NWB file (ConstructError: (root/acquisition/_iblmic_audioSpectrogram/bands GroupBuilder {'attributes': {'colnames': array(['freq'], dtype=object), 'description': 'spectogram frequencies', 'namespace': 'core', 'neurodata_type': 'FrequencyBandsTable', 'object_id': '720d2c12-d3e8-4bdc-90d3-9a47282e16d4'}, 'groups': {}, 'datasets': {'freq': root/acquisition/_iblmic_audioSpectrogram/bands/freq DatasetBuilder {'attributes': {'description': 'frequency value', 'namespace': 'hdmf-common', 'neurodata_type': 'VectorData', 'object_id': 'f3754d9f-0cb3-4b1a-bd90-7fda98c217db'}, 'data': <HDF5 dataset "freq": shape (257,), type "<f4">}, 'id': root/acquisition/_iblmic_audioSpectrogram/bands/id DatasetBuilder {'attributes': {'namespace': 'hdmf-common', 'neurodata_type': 'ElementIdentifiers', 'object_id': 'd140ee3e-0a7a-4cb2-abae-c0948e6e88be'}, 'data': <HDF5 dataset "id": shape (257,), type "<i4">}}, 'links': {}}, "Could not construct FrequencyBandsTable object due to: column must have the same number of rows as 'id'"))
2026-10-10T18:34:31Z INFO [372/1500] 0d30bd6b-a236-40b9-9491-baacec19b507: valid; 79.2 s; peak memory 662 MiB.
2026-10-10T18:34:44Z INFO [373/1500] 0d5bbeff-a869-4d0b-a984-3f9dc17164e5: valid; 13.2 s; peak memory 662 MiB.
2026-10-10T18:34:44Z WARNING 0dddd759-ed54-4c8e-8eff-85bd8b03b934: failed while retrieving asset information from the DANDI API (NotFoundError: No asset at path 'sub-parkinson-simulated-lfp/sub-parkinson-simulated-lfp_ses-9146_ecephys.nwb' in version 0.250327.2220. Verify the path is correct and the asset exists in this version. Use 'dandi ls' to list available assets.)
2026-10-10T18:34:46Z INFO [375/1500] 0de86b27-491d-4b73-b1a0-b814111135ad: valid; 1.3 s; peak memory 662 MiB.
2026-10-10T18:34:47Z INFO [376/1500] 0de92612-ced9-4b52-92be-e2ae658c8ad0: valid; 1.5 s; peak memory 662 MiB.
2026-10-10T18:34:50Z INFO [377/1500] 0e0faf20-0f2d-4a18-83b9-a65dcafb0ca2: valid; 2.5 s; peak memory 662 MiB.
2026-10-10T18:34:52Z INFO [378/1500] 0e32b1ff-edb4-4fbf-b8f6-4f1ee62029f9: valid; 2.1 s; peak memory 662 MiB.
2026-10-10T18:34:53Z INFO [379/1500] 0e3bf3f0-ca2a-4f71-9018-cce6dbf0d4f6: valid; 1.5 s; peak memory 662 MiB.
2026-10-10T18:34:56Z INFO [380/1500] 0e4816cb-de52-4c4c-ad03-9ece5b9adc5b: not valid; 2.7 s; peak memory 662 MiB.
2026-10-10T18:35:01Z INFO [381/1500] 0e61cb02-0762-49a6-a393-ed6cb2877d6c: valid; 4.9 s; peak memory 662 MiB.
2026-10-10T18:35:03Z INFO [382/1500] 0e8bf07a-b8de-4a72-823f-4dcd97c99d93: not valid; 2.2 s; peak memory 662 MiB.
2026-10-10T18:35:05Z INFO [383/1500] 0e97e628-9d90-4eea-9899-664f99036928: valid; 2.1 s; peak memory 662 MiB.
2026-10-10T18:35:07Z INFO [384/1500] 0ea5ddcf-b919-434f-a248-6cdb7ddeec94: valid; 1.8 s; peak memory 662 MiB.
2026-10-10T18:35:22Z INFO [385/1500] 0eb512d8-02d7-4461-ae0e-f1da4719b8fe: valid; 14.8 s; peak memory 662 MiB.
2026-10-10T18:35:23Z INFO [386/1500] 0ee96b39-7c1d-4126-969b-17ba77883ba3: not valid; 1.4 s; peak memory 662 MiB.
2026-10-10T18:35:30Z INFO [387/1500] 0eeb87be-51ae-4b7b-bc62-2bd92dd17a0a: valid; 7.0 s; peak memory 662 MiB.
2026-10-10T18:35:34Z INFO [388/1500] 0f1df35b-130d-4e78-b584-3004f95b0b1c: valid; 3.3 s; peak memory 662 MiB.
2026-10-10T18:35:36Z INFO [389/1500] 0f2da32c-3d93-45b1-a05b-04663df96333: valid; 2.4 s; peak memory 662 MiB.
2026-10-10T18:35:37Z INFO [390/1500] 0f2f7226-c8d4-4d5d-9759-07d78aa0a817: not valid; 1.4 s; peak memory 662 MiB.
2026-10-10T18:35:41Z INFO [391/1500] 0f4d45e0-d5fb-4be4-8012-2c9144f43fd3: valid; 4.0 s; peak memory 662 MiB.
2026-10-10T18:35:44Z INFO [392/1500] 0f663d01-4e85-4081-9217-10f64c0d3f70: valid; 2.5 s; peak memory 662 MiB.
2026-10-10T18:35:46Z INFO [393/1500] 0f743bea-fa75-4585-b33b-8f82acf673c3: valid; 1.6 s; peak memory 662 MiB.
2026-10-10T18:35:49Z INFO [394/1500] 0fa9c221-048f-4d06-8ebd-d9e8ec14f823: not valid; 3.2 s; peak memory 662 MiB.
2026-10-10T18:35:52Z INFO [395/1500] 0ffbaddf-4e24-4451-9c74-0c096d325168: valid; 2.7 s; peak memory 662 MiB.
2026-10-10T18:35:54Z INFO [396/1500] 101b8e0c-6b43-4888-8304-48007abd34f5: not valid; 2.0 s; peak memory 662 MiB.
2026-10-10T18:35:55Z INFO [397/1500] 102be104-8de2-4355-891b-d10b8c99b9bd: not valid; 1.4 s; peak memory 662 MiB.
2026-10-10T18:35:56Z INFO [398/1500] 1032027d-53b0-4458-81d7-bae64199d840: not valid; 1.3 s; peak memory 662 MiB.
2026-10-10T18:36:20Z INFO [399/1500] 1035576b-e7aa-4809-922b-e0650dba4e54: valid; 23.8 s; peak memory 662 MiB.
2026-10-10T18:36:20Z WARNING 10465d50-b251-49d9-8f98-3b3aef5ad82c: failed while retrieving asset information from the DANDI API (NotFoundError: No such Dandiset: 000948)
2026-10-10T18:36:21Z INFO [400/1500] 10465d50-b251-49d9-8f98-3b3aef5ad82c: checkpointed 204010 new records.
2026-10-10T18:36:24Z INFO [401/1500] 1065ae6c-cda9-48ba-a8d9-1bd185fe2205: valid; 2.2 s; peak memory 662 MiB.
2026-10-10T18:36:42Z INFO [402/1500] 106a33fa-6c86-4254-915d-a8fca4392ed8: valid; 18.1 s; peak memory 662 MiB.
2026-10-10T18:36:43Z INFO [403/1500] 1075d12d-8b50-438e-bb9c-402ce25c79ea: valid; 1.2 s; peak memory 662 MiB.
2026-10-10T18:36:45Z INFO [404/1500] 107634f1-d43e-4eb7-8e6b-670b3335bd72: valid; 2.2 s; peak memory 662 MiB.
2026-10-10T18:36:47Z INFO [405/1500] 10b53fdb-3566-432c-94d1-e053415948b9: valid; 2.0 s; peak memory 662 MiB.
2026-10-10T18:36:49Z INFO [406/1500] 10c99c79-026b-42d3-8e62-a9c1b47b2143: valid; 2.4 s; peak memory 662 MiB.
2026-10-10T18:36:52Z WARNING 10e712b1-36c1-4b1d-87eb-60a8490d01b9: failed while opening the NWB file (ConstructError: (root/acquisition/_iblmic_audioSpectrogram/bands GroupBuilder {'attributes': {'colnames': array(['freq'], dtype=object), 'description': 'spectogram frequencies', 'namespace': 'core', 'neurodata_type': 'FrequencyBandsTable', 'object_id': '91469e17-29cb-4257-b5c0-dbffff7428ab'}, 'groups': {}, 'datasets': {'freq': root/acquisition/_iblmic_audioSpectrogram/bands/freq DatasetBuilder {'attributes': {'description': 'frequency value', 'namespace': 'hdmf-common', 'neurodata_type': 'VectorData', 'object_id': '07bc03a1-1df2-4c42-9465-2a85656cb9ee'}, 'data': <HDF5 dataset "freq": shape (257,), type "<f4">}, 'id': root/acquisition/_iblmic_audioSpectrogram/bands/id DatasetBuilder {'attributes': {'namespace': 'hdmf-common', 'neurodata_type': 'ElementIdentifiers', 'object_id': '3851bc0f-e5c0-43e3-b4eb-a1d45df3001d'}, 'data': <HDF5 dataset "id": shape (257,), type "<i4">}}, 'links': {}}, "Could not construct FrequencyBandsTable object due to: column must have the same number of rows as 'id'"))
2026-10-10T18:36:57Z INFO [408/1500] 10e8b917-24d1-46d7-b267-e837894a0bae: valid; 5.0 s; peak memory 663 MiB.
2026-10-10T18:37:02Z INFO [409/1500] 10f12e92-44f0-42a7-b93a-4f6fb0c10944: not valid; 5.1 s; peak memory 663 MiB.
2026-10-10T18:37:03Z INFO [410/1500] 1100b50f-1ab7-4e08-9454-16669a88e44d: valid; 1.3 s; peak memory 663 MiB.
2026-10-10T18:37:18Z INFO [411/1500] 11050717-76e2-4e39-bdf3-0296d47f3dd1: valid; 14.3 s; peak memory 663 MiB.
2026-10-10T18:37:19Z INFO [412/1500] 11215ac5-9573-401f-b4e9-20b4e16a169e: not valid; 1.5 s; peak memory 663 MiB.
2026-10-10T18:37:20Z INFO [413/1500] 11343dfd-82bc-479a-af07-970535079f9f: valid; 1.3 s; peak memory 663 MiB.
2026-10-10T18:37:23Z INFO [414/1500] 114c93d4-253a-4851-9bb8-eeba82a0465e: valid; 2.3 s; peak memory 663 MiB.
2026-10-10T18:37:24Z INFO [415/1500] 115f7cb9-a6eb-4e3b-992b-d13f1fa3430f: valid; 1.3 s; peak memory 663 MiB.
2026-10-10T18:37:26Z WARNING 1163a067-0e6c-4e51-a52a-ba95696c3442: failed while opening the NWB file (ValueError: Cannot resolve included group spec 'electrodes' with data_type_inc 'ElectrodesTable' because a group spec with the same name already exists with data_type_inc 'DynamicTable', and data type 'DynamicTable' is not a child type of data type 'ElectrodesTable'.)
2026-10-10T18:37:28Z INFO [417/1500] 116633ee-4982-49aa-b5f2-a1ec326ae3c6: valid; 1.8 s; peak memory 663 MiB.
2026-10-10T18:37:29Z INFO [418/1500] 117dbb24-7603-4d05-a8c5-a3d6ea91c6dc: not valid; 1.4 s; peak memory 663 MiB.
2026-10-10T18:37:31Z INFO [419/1500] 117fc5a2-770c-4846-afba-30ac554202fe: not valid; 1.4 s; peak memory 663 MiB.
2026-10-10T18:37:35Z INFO [420/1500] 11890f8b-384f-451b-8830-e3efcdfa203e: not valid; 4.5 s; peak memory 663 MiB.
2026-10-10T18:37:37Z INFO [421/1500] 11898f3b-4156-42e8-a11e-f0e6ccb410c2: valid; 1.3 s; peak memory 663 MiB.
2026-10-10T18:37:38Z INFO [422/1500] 1195c0fc-f16b-47e6-8bb2-ac45c5dd8c5b: valid; 1.4 s; peak memory 663 MiB.
2026-10-10T18:37:42Z INFO [423/1500] 119f7145-5048-4b14-9f00-bc4970972297: valid; 4.6 s; peak memory 663 MiB.
2026-10-10T18:37:55Z INFO [424/1500] 11a7e553-b54c-452c-bf8e-38b1ed4863c4: valid; 12.8 s; peak memory 663 MiB.
2026-10-10T18:37:56Z INFO [425/1500] 11c2725c-9355-4577-ae34-11147edd57bf: not valid; 1.2 s; peak memory 663 MiB.
2026-10-10T18:37:59Z INFO [426/1500] 11d201f7-69c6-455a-9e5d-3cb960bf8bd3: not valid; 2.8 s; peak memory 663 MiB.
2026-10-10T18:38:02Z INFO [427/1500] 11faa9a8-b478-4d7c-858c-47fb5f11f161: valid; 2.4 s; peak memory 663 MiB.
2026-10-10T18:38:19Z INFO [428/1500] 11fb5c01-9fa3-4c15-9da9-fb554b6a3e13: valid; 17.3 s; peak memory 663 MiB.
2026-10-10T18:38:20Z INFO [429/1500] 120501f7-0a80-40d5-9487-8fc31f595fdd: valid; 1.2 s; peak memory 663 MiB.
2026-10-10T18:38:22Z INFO [430/1500] 1208af88-1961-4ac4-9034-4d9ceecbddd4: not valid; 1.7 s; peak memory 663 MiB.
2026-10-10T18:38:23Z INFO [431/1500] 120a7bcc-d844-4224-84b6-8e6ddf67442e: valid; 1.3 s; peak memory 663 MiB.
2026-10-10T18:38:25Z INFO [432/1500] 120ebed4-3e28-4baf-b000-b58f5cfcc8b2: valid; 1.7 s; peak memory 663 MiB.
2026-10-10T18:38:27Z INFO [433/1500] 123f56ec-b4fe-4de0-8566-83c11253e560: valid; 1.9 s; peak memory 663 MiB.
2026-10-10T18:38:28Z INFO [434/1500] 1257181d-95c3-44a8-a716-ca828f05fd2c: valid; 1.5 s; peak memory 663 MiB.
2026-10-10T18:38:30Z WARNING 126c68d8-ed19-4592-bd8e-187c2d667c15: failed while opening the NWB file (ConstructError: (root/acquisition/_iblmic_audioSpectrogram/bands GroupBuilder {'attributes': {'colnames': array(['freq'], dtype=object), 'description': 'spectogram frequencies', 'namespace': 'core', 'neurodata_type': 'FrequencyBandsTable', 'object_id': '04d32b4a-35d3-4c8a-b835-1d5452d3b909'}, 'groups': {}, 'datasets': {'freq': root/acquisition/_iblmic_audioSpectrogram/bands/freq DatasetBuilder {'attributes': {'description': 'frequency value', 'namespace': 'hdmf-common', 'neurodata_type': 'VectorData', 'object_id': '48ab3306-4e67-4c59-896f-a6a20a8e7d17'}, 'data': <HDF5 dataset "freq": shape (257,), type "<f4">}, 'id': root/acquisition/_iblmic_audioSpectrogram/bands/id DatasetBuilder {'attributes': {'namespace': 'hdmf-common', 'neurodata_type': 'ElementIdentifiers', 'object_id': '895f0244-dde4-4c04-8150-1d27201a1fa5'}, 'data': <HDF5 dataset "id": shape (257,), type "<i4">}}, 'links': {}}, "Could not construct FrequencyBandsTable object due to: column must have the same number of rows as 'id'"))
2026-10-10T18:38:32Z INFO [436/1500] 12744711-26dd-4d1f-afd6-effe103db119: valid; 2.0 s; peak memory 663 MiB.
2026-10-10T18:38:34Z INFO [437/1500] 127c0388-0074-4824-a097-c90617e5c311: valid; 1.2 s; peak memory 663 MiB.
2026-10-10T18:38:36Z INFO [438/1500] 12cb9dc0-493c-44da-bdd9-024d1c090711: valid; 1.9 s; peak memory 663 MiB.
2026-10-10T18:38:42Z INFO [439/1500] 12cbac2e-d760-4c71-b2f6-ac4db7331654: not valid; 6.3 s; peak memory 663 MiB.
2026-10-10T18:38:43Z INFO [440/1500] 12ed0a50-a86e-49e6-b25f-e1dbc86cf563: valid; 1.3 s; peak memory 663 MiB.
2026-10-10T18:38:47Z INFO [441/1500] 131145aa-90cc-4805-983d-121a9abe1385: not valid; 4.2 s; peak memory 663 MiB.
2026-10-10T18:38:49Z INFO [442/1500] 1321a25c-f2f1-4ccf-bbfc-633efa11b822: valid; 1.3 s; peak memory 663 MiB.
2026-10-10T18:38:51Z INFO [443/1500] 132e1247-b5ca-40bc-b449-68f6253ddbb5: valid; 2.6 s; peak memory 663 MiB.
2026-10-10T18:38:54Z INFO [444/1500] 132f150f-8c62-43c6-a425-2693904430bf: not valid; 2.3 s; peak memory 663 MiB.
2026-10-10T18:39:05Z INFO [445/1500] 13502a10-8110-4a2e-8cf7-bd6f98056f97: valid; 11.3 s; peak memory 663 MiB.
2026-10-10T18:39:24Z INFO [446/1500] 135affe9-4c1f-4c72-af0b-921117f139b0: valid; 19.1 s; peak memory 663 MiB.
2026-10-10T18:39:25Z INFO [447/1500] 135cf0fe-f67b-48a6-a341-6f8730976e0d: valid; 1.3 s; peak memory 663 MiB.
2026-10-10T18:39:28Z INFO [448/1500] 13888059-b81c-41f9-a79b-9d68c0b73f0f: valid; 2.8 s; peak memory 663 MiB.
2026-10-10T18:39:29Z INFO [449/1500] 138a075a-56b8-4152-a9ef-86156e3469e0: valid; 1.4 s; peak memory 663 MiB.
2026-10-10T18:39:32Z INFO [450/1500] 139b3e47-f459-436b-845c-07b1767e1dba: valid; 2.6 s; peak memory 663 MiB.
2026-10-10T18:39:33Z INFO [450/1500] 139b3e47-f459-436b-845c-07b1767e1dba: checkpointed 204010 new records.
2026-10-10T18:39:35Z INFO [451/1500] 13a4280a-7659-4252-9617-5a56f6a54ea0: not valid; 1.5 s; peak memory 663 MiB.
2026-10-10T18:39:37Z INFO [452/1500] 13babe4a-5e1a-48b3-91cc-d8a0b745d581: valid; 2.2 s; peak memory 663 MiB.
2026-10-10T18:39:39Z INFO [453/1500] 13d2e9d1-fd37-463f-a18c-69f35f24c467: not valid; 2.0 s; peak memory 663 MiB.
2026-10-10T18:39:40Z INFO [454/1500] 13d6f8fc-bcab-4108-af65-7c420ba4838a: valid; 1.2 s; peak memory 663 MiB.
2026-10-10T18:39:42Z INFO [455/1500] 13dc4059-13eb-4c6a-a121-50c0d240890d: not valid; 1.7 s; peak memory 663 MiB.
2026-10-10T18:39:59Z INFO [456/1500] 13eed96d-77ca-402f-8d5b-ea17745a649d: valid; 17.0 s; peak memory 663 MiB.
2026-10-10T18:40:11Z INFO [457/1500] 13f7b12d-a650-49d3-822e-a0bbdf8c3b1a: valid; 11.8 s; peak memory 663 MiB.
2026-10-10T18:40:12Z INFO [458/1500] 13fa3262-df19-4622-b517-3555f3b7c3a6: valid; 1.3 s; peak memory 663 MiB.
2026-10-10T18:40:14Z INFO [459/1500] 14032fd8-234e-412c-b605-b11bb717f816: valid; 2.1 s; peak memory 663 MiB.
2026-10-10T18:40:16Z INFO [460/1500] 1420f009-6ab5-466f-825d-0d4f8e77b84a: valid; 2.0 s; peak memory 663 MiB.
2026-10-10T18:40:18Z INFO [461/1500] 143ca0ff-26bd-4035-9218-b9826610c634: not valid; 1.5 s; peak memory 663 MiB.
2026-10-10T18:40:19Z INFO [462/1500] 144b31f2-dbd5-4a8e-905c-e7dead30401e: valid; 1.4 s; peak memory 663 MiB.
2026-10-10T18:40:22Z INFO [463/1500] 14567e2b-5ebd-4974-86f2-532249a990f9: valid; 2.6 s; peak memory 663 MiB.
2026-10-10T18:40:24Z INFO [464/1500] 145d0805-9cda-42d0-a4df-162fe79b155d: not valid; 1.9 s; peak memory 663 MiB.
2026-10-10T18:40:35Z INFO [465/1500] 1462d32e-c71d-435a-a22e-a76d8bb2dd91: valid; 10.9 s; peak memory 663 MiB.
2026-10-10T18:40:38Z INFO [466/1500] 146fff5a-4bce-4752-9df1-9c26d7806ca5: valid; 3.1 s; peak memory 663 MiB.
2026-10-10T18:40:40Z INFO [467/1500] 14771180-33ec-462c-92e2-b365e39b0573: valid; 2.6 s; peak memory 663 MiB.
2026-10-10T18:40:42Z INFO [468/1500] 147c2782-904c-4552-b46c-bd133026620e: valid; 1.6 s; peak memory 663 MiB.
2026-10-10T18:40:43Z INFO [469/1500] 1493f160-b7fb-4922-b51b-a48c252306d8: valid; 1.5 s; peak memory 663 MiB.
2026-10-10T18:40:45Z INFO [470/1500] 14a47409-af6a-4ada-97d2-2aa58358822d: valid; 1.4 s; peak memory 663 MiB.
2026-10-10T18:40:48Z INFO [471/1500] 14c9c09c-a75a-48e4-a2a5-89aaa41f24f0: valid; 2.9 s; peak memory 663 MiB.
2026-10-10T18:40:49Z INFO [472/1500] 14e13c1d-fc04-4303-a09b-bb414f898148: not valid; 1.6 s; peak memory 663 MiB.
2026-10-10T18:40:51Z INFO [473/1500] 14fc5310-78be-42ed-ae4a-042ec4983a7e: valid; 2.4 s; peak memory 663 MiB.
2026-10-10T18:40:53Z INFO [474/1500] 14fdcecc-571e-4808-b53b-61c153f0778a: not valid; 1.5 s; peak memory 663 MiB.
2026-10-10T18:40:55Z INFO [475/1500] 1510cc49-aaeb-4934-bcbf-4aeff4d6ca97: valid; 1.9 s; peak memory 663 MiB.
2026-10-10T18:40:56Z INFO [476/1500] 152e7feb-f4aa-405d-a377-097c5a045f4f: not valid; 1.3 s; peak memory 663 MiB.
2026-10-10T18:40:58Z INFO [477/1500] 1533dd34-4459-4e39-9216-70d553afae86: valid; 2.1 s; peak memory 663 MiB.
2026-10-10T18:40:58Z WARNING 1540e69b-c2fb-4f4e-8348-1bebecb7a172: failed while retrieving asset information from the DANDI API (NotFoundError: No such Dandiset: 001533)
2026-10-10T18:41:00Z INFO [479/1500] 1567f785-d2be-4b5f-8c7f-6f64551167f8: not valid; 1.6 s; peak memory 663 MiB.
2026-10-10T18:41:02Z INFO [480/1500] 156cfd77-794b-42d9-a98f-981dac7784ff: valid; 2.5 s; peak memory 663 MiB.
2026-10-10T18:41:13Z INFO [481/1500] 1572e346-7849-43f9-9ac5-0b7befc8b277: not valid; 11.0 s; peak memory 663 MiB.
2026-10-10T18:41:15Z INFO [482/1500] 15769fda-0287-4a6c-a6b0-b4776f3bab98: not valid; 1.9 s; peak memory 663 MiB.
2026-10-10T18:41:17Z INFO [483/1500] 159fe9b5-0cd7-4cba-8b88-4cc16ad70700: valid; 1.4 s; peak memory 663 MiB.
2026-10-10T18:41:19Z INFO [484/1500] 15c43680-796a-4f41-914c-a1e36914dfa8: not valid; 2.0 s; peak memory 663 MiB.
2026-10-10T18:41:19Z WARNING 15c90f0c-81b0-49c8-856d-fc19856cf4e4: failed while retrieving asset information from the DANDI API (NotFoundError: No such Dandiset: 001533)
2026-10-10T18:41:27Z INFO [486/1500] 15f05ce2-76c4-4a69-9097-888cbf6dbb49: valid; 8.0 s; peak memory 663 MiB.
2026-10-10T18:41:29Z INFO [487/1500] 15fb9f34-c556-4003-93b3-9cb05bc0b64c: valid; 1.9 s; peak memory 663 MiB.
2026-10-10T18:41:34Z INFO [488/1500] 160d4c3a-3b5c-4b9d-b921-5df134029b0e: valid; 5.3 s; peak memory 663 MiB.
2026-10-10T18:41:36Z INFO [489/1500] 16112946-5a22-4ee9-a67b-1309a3d62c51: not valid; 1.8 s; peak memory 663 MiB.
2026-10-10T18:41:37Z INFO [490/1500] 1615ba03-f06a-4b56-9f54-0d9f9bae5ad8: not valid; 1.5 s; peak memory 663 MiB.
2026-10-10T18:41:37Z WARNING 16267ad8-fa7c-4ca5-bdab-3e8500b40bbd: failed while retrieving asset information from the DANDI API (NotFoundError: No asset at path 'sub-456772/sub-456772_ses-20191123T135013_behavior+ecephys+ogen.nwb' in version 0.231012.2129. Verify the path is correct and the asset exists in this version. Use 'dandi ls' to list available assets.)
2026-10-10T18:41:40Z INFO [492/1500] 163dea3e-2307-4363-9629-c9da1a3e15c6: valid; 2.2 s; peak memory 663 MiB.
2026-10-10T18:41:42Z INFO [493/1500] 1649cc23-309a-48b8-bf38-d5f0278ff320: valid; 2.8 s; peak memory 663 MiB.
2026-10-10T18:41:44Z INFO [494/1500] 1655ded9-9b5e-48e3-a62e-b8b8db7dc3a4: not valid; 1.3 s; peak memory 663 MiB.
2026-10-10T18:41:45Z INFO [495/1500] 166e4e67-e4c4-4cfa-9a15-26b4eafc3fcf: valid; 1.3 s; peak memory 663 MiB.
2026-10-10T18:41:47Z INFO [496/1500] 169bd120-c7cb-45cf-8fe2-236f32d7fcc9: valid; 1.9 s; peak memory 663 MiB.
2026-10-10T18:42:02Z INFO [497/1500] 16b2429e-dd19-402f-a633-dc8786d06515: valid; 14.9 s; peak memory 663 MiB.
2026-10-10T18:42:05Z INFO [498/1500] 16bece7b-c7e2-4912-b736-66bbb8623972: valid; 2.8 s; peak memory 663 MiB.
2026-10-10T18:42:07Z INFO [499/1500] 16c57c69-f8ac-48d4-ab99-6875f878e4d8: not valid; 1.8 s; peak memory 663 MiB.
2026-10-10T18:42:08Z INFO [500/1500] 16de5520-0ff6-410d-ad77-3d83c86f5c22: valid; 1.5 s; peak memory 663 MiB.
2026-10-10T18:42:09Z INFO [500/1500] 16de5520-0ff6-410d-ad77-3d83c86f5c22: checkpointed 204010 new records.
2026-10-10T18:42:11Z INFO [501/1500] 16e77111-adb0-47f0-90a9-ee6211084524: valid; 1.9 s; peak memory 663 MiB.
2026-10-10T18:42:12Z INFO [502/1500] 16f8af8a-1817-4cb3-b158-637b01cfa3a3: valid; 1.3 s; peak memory 663 MiB.
2026-10-10T18:42:17Z INFO [503/1500] 1705ed98-9b93-4d1d-8a74-c19bd6e54c02: not valid; 4.3 s; peak memory 663 MiB.
2026-10-10T18:42:18Z INFO [504/1500] 17210e80-ae00-45c9-bd4b-fc114e9b97ac: valid; 1.3 s; peak memory 663 MiB.
2026-10-10T18:42:20Z INFO [505/1500] 17245539-a840-4412-b68f-875fb7f3dd1c: valid; 2.2 s; peak memory 663 MiB.
2026-10-10T18:42:20Z WARNING 172a228f-1e18-4127-9b5c-086a49d12f50: failed while retrieving asset information from the DANDI API (NotFoundError: No asset at path 'sub-716464/sub-716464_ses-1330382682_probe-2_ecephys.nwb' in version 0.250311.2145. Verify the path is correct and the asset exists in this version. Use 'dandi ls' to list available assets.)
2026-10-10T18:42:22Z INFO [507/1500] 17321371-9eee-429b-905e-4f8f3889f88d: valid; 1.7 s; peak memory 663 MiB.
2026-10-10T18:42:23Z INFO [508/1500] 17374091-98a1-4540-a3d3-409cd23f09d8: valid; 1.3 s; peak memory 663 MiB.
2026-10-10T18:42:25Z INFO [509/1500] 17387ae4-5b0b-4dbf-b010-c9ba285876ba: valid; 2.0 s; peak memory 663 MiB.
2026-10-10T18:42:29Z INFO [510/1500] 17608f5d-a8a5-447c-ad57-d3a40486f601: valid; 4.1 s; peak memory 663 MiB.
2026-10-10T18:42:31Z INFO [511/1500] 179c3e43-d300-406e-8cd4-8b0db25bc55e: not valid; 1.8 s; peak memory 663 MiB.
2026-10-10T18:42:33Z INFO [512/1500] 17d6c8a8-46eb-42c4-9ae3-0374d465d119: not valid; 1.8 s; peak memory 663 MiB.
2026-10-10T18:42:35Z INFO [513/1500] 17ddba25-21fd-4ce5-b964-efc3bebb89e2: not valid; 1.8 s; peak memory 663 MiB.
2026-10-10T18:42:37Z INFO [514/1500] 1810cd55-00d1-48ca-a023-486a466b12fb: valid; 1.9 s; peak memory 663 MiB.
2026-10-10T18:42:49Z INFO [515/1500] 1816c26b-b648-473f-9942-3d2f686696e4: valid; 12.6 s; peak memory 663 MiB.
2026-10-10T18:42:52Z INFO [516/1500] 181f7845-7ec0-4db2-8812-3bc8e14cf407: valid; 2.5 s; peak memory 663 MiB.
2026-10-10T18:42:54Z WARNING 182a39e8-33ac-4a99-aa3e-5478e1328755: failed while opening the NWB file (ConstructError: (root/acquisition/event_code_meanings GroupBuilder {'attributes': {'colnames': array(['value', 'meaning'], dtype=object), 'description': 'Mapping integer event codes to event labels', 'namespace': 'ndx-events', 'neurodata_type': 'MeaningsTable', 'object_id': 'fe6f21bd-e646-4856-ac85-9cb74d95bdbc'}, 'groups': {}, 'datasets': {'id': root/acquisition/event_code_meanings/id DatasetBuilder {'attributes': {'namespace': 'hdmf-common', 'neurodata_type': 'ElementIdentifiers', 'object_id': '35421a93-3729-454b-a899-7d4421700a99'}, 'data': <HDF5 dataset "id": shape (26,), type "<i8">}, 'meaning': root/acquisition/event_code_meanings/meaning DatasetBuilder {'attributes': {'description': 'The meaning of the value in the parent CategoricalVectorData object.', 'namespace': 'hdmf-experimental', 'neurodata_type': 'VectorData', 'object_id': '3021381d-fdda-42e2-b791-dba8903b0d4a'}, 'data': <StrDataset for HDF5 dataset "meaning": shape (26,), type "|O">}, 'value': root/acquisition/event_code_meanings/value DatasetBuilder {'attributes': {'description': 'The value of the parent CategoricalVectorData object.', 'namespace': 'hdmf-experimental', 'neurodata_type': 'VectorData', 'object_id': '143529aa-4d30-4408-b69e-79b925ea5ed8'}, 'data': <HDF5 dataset "value": shape (26,), type "<i8">}}, 'links': {}}, "Could not construct MeaningsTable object due to: MeaningsTable.__init__: missing argument 'target'"))
2026-10-10T18:43:01Z INFO [518/1500] 182f4ff5-2e88-4ab5-b431-96097df81a3f: valid; 7.1 s; peak memory 663 MiB.
2026-10-10T18:43:02Z INFO [519/1500] 1842c2e4-e4a9-4fd2-8f44-3fc93a5ce6af: valid; 1.2 s; peak memory 663 MiB.
2026-10-10T18:43:11Z INFO [520/1500] 18461b6d-6fa6-4f6e-b00b-42bd35bc5f4f: valid; 8.8 s; peak memory 663 MiB.
2026-10-10T18:43:12Z INFO [521/1500] 185c1955-daee-4855-aae3-04074144808b: not valid; 1.3 s; peak memory 663 MiB.
2026-10-10T18:43:18Z INFO [522/1500] 187181a7-a43a-43ce-9add-3c44e9a5dcff: not valid; 6.0 s; peak memory 663 MiB.
2026-10-10T18:43:20Z INFO [523/1500] 189342e5-95fa-46dc-a598-eaaebf5e5ada: valid; 2.3 s; peak memory 663 MiB.
2026-10-10T18:43:22Z INFO [524/1500] 1893ae59-1da9-4420-abcb-13c6cd6ec3b9: valid; 2.0 s; peak memory 663 MiB.
2026-10-10T18:43:24Z INFO [525/1500] 18977205-57ef-49e1-acf5-e30b8e9d9a89: valid; 1.9 s; peak memory 663 MiB.
2026-10-10T18:43:32Z INFO [526/1500] 189eb41f-ff76-446b-b765-13e9f8fcf2cc: valid; 7.8 s; peak memory 663 MiB.
2026-10-10T18:43:33Z INFO [527/1500] 18a933a9-7032-4752-9d34-437a48e98afc: valid; 1.3 s; peak memory 663 MiB.
2026-10-10T18:43:35Z INFO [528/1500] 18d2e76a-333b-46ad-ba7a-67a2f9f41650: valid; 1.4 s; peak memory 663 MiB.
2026-10-10T18:43:35Z WARNING 18e0a830-61be-4c3e-be22-87e6e9e74283: failed while retrieving asset information from the DANDI API (NotFoundError: No asset at path 'sub-456774/sub-456774_ses-20191021T142044_behavior+ecephys+ogen.nwb' in version 0.231012.2129. Verify the path is correct and the asset exists in this version. Use 'dandi ls' to list available assets.)
2026-10-10T18:43:37Z INFO [530/1500] 18e48898-db51-4d26-a1b4-7189c6ad0970: valid; 2.5 s; peak memory 663 MiB.
2026-10-10T18:43:39Z INFO [531/1500] 18ed975a-9a3e-41b0-9f28-94fe71e5216b: valid; 1.7 s; peak memory 663 MiB.
2026-10-10T18:43:40Z INFO [532/1500] 1934df45-d05a-4a69-a5da-39fcc4878743: valid; 1.2 s; peak memory 663 MiB.
2026-10-10T18:43:42Z INFO [533/1500] 19401ce8-1455-4ac9-bd41-e957701d0a3f: not valid; 1.8 s; peak memory 663 MiB.
2026-10-10T18:43:43Z INFO [534/1500] 1942fb16-041c-49f5-8235-4bc80249b74e: valid; 1.3 s; peak memory 663 MiB.
2026-10-10T18:43:46Z INFO [535/1500] 19444693-6cad-4f07-ac0a-99ed853130dc: not valid; 2.7 s; peak memory 663 MiB.
2026-10-10T18:43:48Z INFO [536/1500] 1945529e-17be-459f-b37c-81cdfed82f1d: valid; 2.1 s; peak memory 663 MiB.
2026-10-10T18:43:49Z INFO [537/1500] 194ba110-ec6f-4225-b875-849a6111d091: valid; 1.3 s; peak memory 663 MiB.
2026-10-10T18:43:51Z INFO [538/1500] 19538888-3759-4d34-975e-ba23136df668: valid; 2.1 s; peak memory 663 MiB.
2026-10-10T18:43:54Z INFO [539/1500] 1953ec95-b922-4bd4-a412-90f99cb81f5b: valid; 2.4 s; peak memory 663 MiB.
2026-10-10T18:43:55Z INFO [540/1500] 195eeaf4-e335-48dd-95cf-b33303f375eb: valid; 1.3 s; peak memory 663 MiB.
2026-10-10T18:43:58Z WARNING 1969bd0b-9281-4879-952d-4c826ace3d8c: failed while opening the NWB file (ConstructError: (root/acquisition/_iblmic_audioSpectrogram/bands GroupBuilder {'attributes': {'colnames': array(['freq'], dtype=object), 'description': 'spectogram frequencies', 'namespace': 'core', 'neurodata_type': 'FrequencyBandsTable', 'object_id': '67c33aa8-e6b8-4267-866a-05fb0d3d9bf2'}, 'groups': {}, 'datasets': {'freq': root/acquisition/_iblmic_audioSpectrogram/bands/freq DatasetBuilder {'attributes': {'description': 'frequency value', 'namespace': 'hdmf-common', 'neurodata_type': 'VectorData', 'object_id': '25a668e0-b549-423b-a34d-a2ac844a5f43'}, 'data': <HDF5 dataset "freq": shape (257,), type "<f4">}, 'id': root/acquisition/_iblmic_audioSpectrogram/bands/id DatasetBuilder {'attributes': {'namespace': 'hdmf-common', 'neurodata_type': 'ElementIdentifiers', 'object_id': 'd91fd483-9b6b-4e71-9554-9fd31e0a5585'}, 'data': <HDF5 dataset "id": shape (257,), type "<i4">}}, 'links': {}}, "Could not construct FrequencyBandsTable object due to: column must have the same number of rows as 'id'"))
2026-10-10T18:44:00Z INFO [542/1500] 1987aaed-434f-4016-af0c-59f3349a7bf0: valid; 1.9 s; peak memory 663 MiB.
2026-10-10T18:44:01Z INFO [543/1500] 1992b334-f14d-4f6a-9bdd-9922df204483: valid; 1.3 s; peak memory 663 MiB.
2026-10-10T18:44:10Z INFO [544/1500] 199709e8-a418-457c-be0d-09ba6ace1a01: valid; 9.6 s; peak memory 663 MiB.
2026-10-10T18:44:12Z INFO [545/1500] 19c0dc03-7d8e-42dc-8005-84cc7e1d0109: valid; 2.0 s; peak memory 663 MiB.
2026-10-10T18:44:18Z INFO [546/1500] 19e3a5ca-6564-491c-ba9f-effe40c89f98: valid; 5.2 s; peak memory 663 MiB.
2026-10-10T18:44:21Z INFO [547/1500] 19ffa0fc-6c21-4769-9e71-44aab5fbc500: valid; 2.9 s; peak memory 663 MiB.
2026-10-10T18:44:22Z INFO [548/1500] 1a39b744-93ff-484a-94e9-9ea6d7fb3128: valid; 1.3 s; peak memory 663 MiB.
2026-10-10T18:44:24Z INFO [549/1500] 1a3e8ddc-35fa-4439-b180-4d7b55de7963: valid; 2.2 s; peak memory 663 MiB.
2026-10-10T18:44:25Z INFO [550/1500] 1a4a0d2b-aa3a-44ce-99d8-836a6e6daf71: valid; 1.3 s; peak memory 663 MiB.
2026-10-10T18:44:27Z INFO [550/1500] 1a4a0d2b-aa3a-44ce-99d8-836a6e6daf71: checkpointed 204010 new records.
2026-10-10T18:44:28Z INFO [551/1500] 1a4b7602-89e5-40f5-ad32-cb6d9d419408: not valid; 1.8 s; peak memory 663 MiB.
2026-10-10T18:44:34Z INFO [552/1500] 1a69635a-7920-4b54-911a-e400520eb1f4: valid; 5.4 s; peak memory 663 MiB.
2026-10-10T18:44:36Z INFO [553/1500] 1a6afb60-ede6-46bc-9e7b-a0bfa549c910: valid; 2.0 s; peak memory 663 MiB.
2026-10-10T18:44:37Z INFO [554/1500] 1a71f1bd-1388-439a-a37f-410f610626a6: valid; 1.3 s; peak memory 663 MiB.
2026-10-10T18:44:41Z INFO [555/1500] 1a796666-cedc-482c-ba30-df482c27793c: not valid; 3.4 s; peak memory 663 MiB.
2026-10-10T18:44:42Z INFO [556/1500] 1a7caab7-b2a4-4c7e-b520-abcb5303bf83: not valid; 1.4 s; peak memory 663 MiB.
2026-10-10T18:44:44Z WARNING 1a858624-e730-4f60-967c-3e210f71cd32: failed while opening the NWB file (ConstructError: (root/acquisition/_iblmic_audioSpectrogram/bands GroupBuilder {'attributes': {'colnames': array(['freq'], dtype=object), 'description': 'spectogram frequencies', 'namespace': 'core', 'neurodata_type': 'FrequencyBandsTable', 'object_id': 'a485cc76-6cc3-45ae-9c67-85acdf059b2b'}, 'groups': {}, 'datasets': {'freq': root/acquisition/_iblmic_audioSpectrogram/bands/freq DatasetBuilder {'attributes': {'description': 'frequency value', 'namespace': 'hdmf-common', 'neurodata_type': 'VectorData', 'object_id': '8d6e67e6-9c31-4d6f-a968-432f4c442567'}, 'data': <HDF5 dataset "freq": shape (257,), type "<f4">}, 'id': root/acquisition/_iblmic_audioSpectrogram/bands/id DatasetBuilder {'attributes': {'namespace': 'hdmf-common', 'neurodata_type': 'ElementIdentifiers', 'object_id': '4bcec31d-fb83-4fb3-898b-a0cf6ecd3ac7'}, 'data': <HDF5 dataset "id": shape (257,), type "<i4">}}, 'links': {}}, "Could not construct FrequencyBandsTable object due to: column must have the same number of rows as 'id'"))
2026-10-10T18:45:04Z INFO [558/1500] 1a908eaa-eaab-4070-b7f4-0a582764bf98: valid; 20.1 s; peak memory 663 MiB.
2026-10-10T18:45:06Z INFO [559/1500] 1a9ccacd-d26a-4fc7-8730-68abc4b82144: not valid; 1.8 s; peak memory 663 MiB.
2026-10-10T18:45:07Z INFO [560/1500] 1aa5b8a9-83f6-4e1b-9aa4-3612c5c7b630: valid; 1.3 s; peak memory 663 MiB.
2026-10-10T18:45:10Z INFO [561/1500] 1ab1dcca-9699-40ed-b083-e327217c99fd: valid; 2.6 s; peak memory 663 MiB.
2026-10-10T18:45:10Z WARNING 1aed14a9-bca9-41de-a149-64f7767149c3: failed while retrieving asset information from the DANDI API (NotFoundError: No such Dandiset: 000948)
2026-10-10T18:45:11Z INFO [563/1500] 1afc9dc6-e95d-4704-b9c3-4b1d6ca9ddad: valid; 1.1 s; peak memory 663 MiB.
2026-10-10T18:45:13Z INFO [564/1500] 1aff8477-1f5b-4c3a-b369-ca1a672e67bc: valid; 2.4 s; peak memory 663 MiB.
2026-10-10T18:45:26Z INFO [565/1500] 1b0fe220-2957-44bd-8f15-ea3f8827692b: valid; 12.9 s; peak memory 663 MiB.
2026-10-10T18:45:43Z INFO [566/1500] 1b1b1ed5-bca3-4def-b353-0e649c8ccbeb: valid; 16.3 s; peak memory 663 MiB.
2026-10-10T18:45:45Z INFO [567/1500] 1b2fd50e-5f00-42ac-98c3-28896018b6ca: valid; 2.3 s; peak memory 663 MiB.
2026-10-10T18:45:48Z INFO [568/1500] 1b34d422-7bfa-4d8d-991c-7ad292348380: valid; 2.9 s; peak memory 663 MiB.
2026-10-10T18:45:50Z INFO [569/1500] 1b350100-d576-45ab-8646-6c67a11bc776: not valid; 2.2 s; peak memory 663 MiB.
2026-10-10T18:45:51Z INFO [570/1500] 1b360a4b-6dcb-4c42-81d2-8d7d0872e5b5: valid; 1.3 s; peak memory 663 MiB.
2026-10-10T18:45:53Z INFO [571/1500] 1b3e4388-15e2-46f9-a464-5eb14a96604b: valid; 1.3 s; peak memory 663 MiB.
2026-10-10T18:45:54Z INFO [572/1500] 1b6a2d80-fc25-4028-b575-08e4cba89f14: not valid; 1.6 s; peak memory 663 MiB.
2026-10-10T18:45:56Z INFO [573/1500] 1b8ead8c-e780-47d8-b9e4-ee5fddef3cba: not valid; 1.7 s; peak memory 663 MiB.
2026-10-10T18:45:58Z INFO [574/1500] 1ba20908-bcb9-4d08-8465-e79e481ffc68: not valid; 2.0 s; peak memory 663 MiB.
2026-10-10T18:46:05Z INFO [575/1500] 1bdf3be3-4566-49f0-a45d-987ece83f20b: valid; 7.4 s; peak memory 663 MiB.
2026-10-10T18:46:07Z INFO [576/1500] 1bee39c7-808b-4b0b-92fc-7057bfc6dfc5: valid; 2.1 s; peak memory 663 MiB.
2026-10-10T18:46:12Z INFO [577/1500] 1bfb0457-e541-4b9d-bef7-606783ea0394: valid; 4.4 s; peak memory 663 MiB.
2026-10-10T18:46:14Z INFO [578/1500] 1c0f3c41-0e37-4e58-8523-8b6c7a589ee1: valid; 1.9 s; peak memory 663 MiB.
2026-10-10T18:46:23Z INFO [579/1500] 1c2ae816-f962-4099-aeef-f28da087a519: not valid; 9.0 s; peak memory 663 MiB.
2026-10-10T18:46:24Z INFO [580/1500] 1c2f3a94-121a-4903-9d42-a68f2989b15e: not valid; 1.6 s; peak memory 663 MiB.
2026-10-10T18:46:26Z INFO [581/1500] 1c50389b-d390-4601-a539-236d3e85fd0c: valid; 1.3 s; peak memory 663 MiB.
2026-10-10T18:46:27Z INFO [582/1500] 1c51741d-b7e0-4b79-a6b2-4548a3186dbe: not valid; 1.7 s; peak memory 663 MiB.
2026-10-10T18:46:29Z INFO [583/1500] 1c7118f9-edf5-4f68-9fea-2bb2f02e4b75: not valid; 1.6 s; peak memory 663 MiB.
2026-10-10T18:46:30Z INFO [584/1500] 1c91898c-c45b-495e-a67d-959ad54b47c0: valid; 1.4 s; peak memory 663 MiB.
2026-10-10T18:46:39Z INFO [585/1500] 1ca14608-507c-4192-ad23-f3b20b41a763: valid; 9.0 s; peak memory 663 MiB.
2026-10-10T18:46:41Z INFO [586/1500] 1cb6173a-078f-4db3-8482-ec019830073e: valid; 1.1 s; peak memory 663 MiB.
2026-10-10T18:46:42Z INFO [587/1500] 1ccac1eb-8580-4f3a-8480-61ad59d12bdc: valid; 1.2 s; peak memory 663 MiB.
2026-10-10T18:47:06Z INFO [588/1500] 1cfef4c2-7e61-4393-b440-aac84c3666cb: not valid; 23.9 s; peak memory 663 MiB.
2026-10-10T18:47:08Z INFO [589/1500] 1d27587f-18e0-495f-bae3-ff53e078955f: valid; 2.1 s; peak memory 663 MiB.
2026-10-10T18:47:10Z INFO [590/1500] 1d2dace1-861d-418f-b0e7-c2dff1149a96: valid; 2.0 s; peak memory 663 MiB.
2026-10-10T18:47:11Z INFO [591/1500] 1d6122a1-dd90-43b2-85cd-2bd716143f36: valid; 1.6 s; peak memory 663 MiB.
2026-10-10T18:47:13Z INFO [592/1500] 1d6bb011-b467-4459-b5b6-5925e168be8c: valid; 1.2 s; peak memory 663 MiB.
2026-10-10T18:47:15Z INFO [593/1500] 1d88b0ec-ea88-46d8-bd52-93426ef88ddb: not valid; 2.1 s; peak memory 663 MiB.
2026-10-10T18:47:17Z INFO [594/1500] 1daec3d0-2a29-4347-9e9c-c629fe911fb1: valid; 2.6 s; peak memory 663 MiB.
2026-10-10T18:47:19Z INFO [595/1500] 1dd2945c-cc61-468a-be16-3a96efcdbcd1: not valid; 1.4 s; peak memory 663 MiB.
2026-10-10T18:47:21Z INFO [596/1500] 1dfdee74-b96d-42ee-bce2-f6b65fb32ff0: valid; 2.3 s; peak memory 663 MiB.
2026-10-10T18:47:24Z INFO [597/1500] 1e14678c-a257-4c5c-b736-f680e36a558f: valid; 2.5 s; peak memory 663 MiB.
2026-10-10T18:47:26Z INFO [598/1500] 1e15bbb5-b221-4f1d-a740-1adff034d9cc: valid; 2.1 s; peak memory 663 MiB.
2026-10-10T18:47:28Z INFO [599/1500] 1e2a8338-0bd3-4f59-bcad-6336c4374930: valid; 2.0 s; peak memory 663 MiB.
2026-10-10T18:47:29Z INFO [600/1500] 1e2e13fd-efd3-421a-bee3-266a8273df69: not valid; 1.6 s; peak memory 663 MiB.
2026-10-10T18:47:31Z INFO [600/1500] 1e2e13fd-efd3-421a-bee3-266a8273df69: checkpointed 204010 new records.
2026-10-10T18:47:33Z INFO [601/1500] 1e2e714b-c8e2-4b64-8ad1-332fbc20d339: valid; 1.9 s; peak memory 663 MiB.
2026-10-10T18:47:34Z INFO [602/1500] 1e40e747-f5ad-46ad-9e2c-dc1ff8c10b23: not valid; 1.4 s; peak memory 663 MiB.
2026-10-10T18:47:42Z INFO [603/1500] 1e428ed8-7583-4d27-9523-c051ac0cb2bb: valid; 7.6 s; peak memory 663 MiB.
2026-10-10T18:47:44Z INFO [604/1500] 1e4fc599-9e8e-45b0-9361-a75e800f1362: valid; 2.2 s; peak memory 663 MiB.
2026-10-10T18:47:45Z INFO [605/1500] 1e60f6df-cc5e-4154-9d8a-d3ce0e1f5bba: valid; 1.6 s; peak memory 663 MiB.
2026-10-10T18:47:48Z INFO [606/1500] 1e94683d-e114-43fe-a25c-0f60640a0185: not valid; 2.2 s; peak memory 663 MiB.
2026-10-10T18:48:01Z INFO [607/1500] 1ea71cf6-0cb8-45ba-968d-59d23c07a278: not valid; 13.9 s; peak memory 663 MiB.
2026-10-10T18:48:03Z INFO [608/1500] 1ea8349e-3126-43a9-86b0-c4b5d3b3d672: valid; 1.7 s; peak memory 663 MiB.
2026-10-10T18:48:06Z INFO [609/1500] 1eb2de75-ea31-43e7-90bc-099c17e082cf: valid; 3.3 s; peak memory 663 MiB.
2026-10-10T18:48:09Z INFO [610/1500] 1ec168e8-23e1-4e67-9ef2-c6b4e5822da0: valid; 3.1 s; peak memory 663 MiB.
2026-10-10T18:48:35Z INFO [611/1500] 1ece3a11-836a-48aa-b00f-1c154a0f366c: valid; 25.4 s; peak memory 663 MiB.
2026-10-10T18:48:37Z INFO [612/1500] 1eeb6827-094f-443b-aa62-0dfaa6ef1029: valid; 2.0 s; peak memory 663 MiB.
2026-10-10T18:48:39Z WARNING 1efea8be-eb55-4ae9-8d53-4c22930ed731: failed while opening the NWB file (ConstructError: (root/acquisition/_iblmic_audioSpectrogram/bands GroupBuilder {'attributes': {'colnames': array(['freq'], dtype=object), 'description': 'spectogram frequencies', 'namespace': 'core', 'neurodata_type': 'FrequencyBandsTable', 'object_id': 'df39f30e-6a0d-48fa-bb52-32c3535fc263'}, 'groups': {}, 'datasets': {'freq': root/acquisition/_iblmic_audioSpectrogram/bands/freq DatasetBuilder {'attributes': {'description': 'frequency value', 'namespace': 'hdmf-common', 'neurodata_type': 'VectorData', 'object_id': '4197de4e-e4c7-4fba-85ed-a0e8aae95a4b'}, 'data': <HDF5 dataset "freq": shape (257,), type "<f4">}, 'id': root/acquisition/_iblmic_audioSpectrogram/bands/id DatasetBuilder {'attributes': {'namespace': 'hdmf-common', 'neurodata_type': 'ElementIdentifiers', 'object_id': '1d43adfb-19e0-4a6e-8a88-449d4c847083'}, 'data': <HDF5 dataset "id": shape (257,), type "<i4">}}, 'links': {}}, "Could not construct FrequencyBandsTable object due to: column must have the same number of rows as 'id'"))
2026-10-10T18:48:41Z INFO [614/1500] 1f05e330-e99b-45d9-a861-784ad41732a2: valid; 1.9 s; peak memory 663 MiB.
2026-10-10T18:48:43Z INFO [615/1500] 1f0f02fa-d1eb-4b40-a3cf-526d5b74aea4: valid; 1.4 s; peak memory 663 MiB.
2026-10-10T18:48:45Z INFO [616/1500] 1f5731f2-db1c-4f61-ba88-ad8d3e18eba3: valid; 2.5 s; peak memory 663 MiB.
2026-10-10T18:48:47Z INFO [617/1500] 1f8007ed-f7c7-4bc0-b624-13fbc38b3e57: valid; 2.0 s; peak memory 663 MiB.
2026-10-10T18:48:51Z INFO [618/1500] 1f97fab6-7c24-4fff-bc58-5b2396399847: not valid; 4.1 s; peak memory 663 MiB.
2026-10-10T18:48:52Z INFO [619/1500] 1fb058df-97be-4510-abc4-e0bf4ea957db: valid; 1.4 s; peak memory 663 MiB.
2026-10-10T18:48:54Z INFO [620/1500] 1fb2f415-00ca-474c-9187-c4d2e6843d15: valid; 1.4 s; peak memory 663 MiB.
2026-10-10T18:48:57Z INFO [621/1500] 1fc182b2-67e2-4abe-be57-99b7c847a4be: valid; 2.7 s; peak memory 663 MiB.
2026-10-10T18:48:58Z INFO [622/1500] 1fdc64f7-a32a-4195-8e2b-6c1b0d440ebe: valid; 1.9 s; peak memory 663 MiB.
2026-10-10T18:49:02Z INFO [623/1500] 1fe8b2d4-b57f-4616-8ea8-c4813313fbde: valid; 4.0 s; peak memory 663 MiB.
2026-10-10T18:49:05Z INFO [624/1500] 1ff2988f-f4d3-4769-ad5a-b86f6b8a45a2: valid; 2.3 s; peak memory 663 MiB.
2026-10-10T18:49:16Z INFO [625/1500] 1ff3e68b-3c34-46dd-aa67-8ccf09aa15ee: not valid; 10.9 s; peak memory 663 MiB.
2026-10-10T18:49:17Z INFO [626/1500] 200fecf3-4bb1-4f68-8979-58e9e9a933e6: not valid; 1.5 s; peak memory 663 MiB.
2026-10-10T18:49:19Z INFO [627/1500] 2025905b-9f7d-408b-8383-20be2d7277dd: not valid; 1.5 s; peak memory 663 MiB.
2026-10-10T18:49:20Z INFO [628/1500] 204f3222-5db9-4476-87e6-986db84fe38a: valid; 1.7 s; peak memory 663 MiB.
2026-10-10T18:49:23Z WARNING 205daf73-82b2-4ffe-95c7-d84383479f1d: failed while opening the NWB file (ConstructError: (root/acquisition/_iblmic_audioSpectrogram/bands GroupBuilder {'attributes': {'colnames': array(['freq'], dtype=object), 'description': 'spectogram frequencies', 'namespace': 'core', 'neurodata_type': 'FrequencyBandsTable', 'object_id': '39a2ea2a-d302-4669-a3f1-59e1d710a0de'}, 'groups': {}, 'datasets': {'freq': root/acquisition/_iblmic_audioSpectrogram/bands/freq DatasetBuilder {'attributes': {'description': 'frequency value', 'namespace': 'hdmf-common', 'neurodata_type': 'VectorData', 'object_id': 'c8c7b5e8-eaa3-4bb7-8863-0fb519d5805f'}, 'data': <HDF5 dataset "freq": shape (257,), type "<f4">}, 'id': root/acquisition/_iblmic_audioSpectrogram/bands/id DatasetBuilder {'attributes': {'namespace': 'hdmf-common', 'neurodata_type': 'ElementIdentifiers', 'object_id': '045fd8ca-79bc-47aa-bf4c-c57b6a41c8ab'}, 'data': <HDF5 dataset "id": shape (257,), type "<i4">}}, 'links': {}}, "Could not construct FrequencyBandsTable object due to: column must have the same number of rows as 'id'"))
2026-10-10T18:49:27Z INFO [630/1500] 20644caf-ca39-43eb-bd4a-e89b8dcf3bf2: valid; 4.5 s; peak memory 663 MiB.
2026-10-10T18:49:38Z INFO [631/1500] 209a7882-bac1-407f-8144-403b56b9c1d7: valid; 10.6 s; peak memory 663 MiB.
2026-10-10T18:49:40Z INFO [632/1500] 20a0c691-33e5-444a-8a45-02221438b225: not valid; 2.0 s; peak memory 663 MiB.
2026-10-10T18:49:41Z INFO [633/1500] 20b2dc98-7628-4bda-af6f-e614b77fe20d: valid; 1.2 s; peak memory 663 MiB.
2026-10-10T18:49:43Z INFO [634/1500] 20c16420-7b59-4b54-9154-cdebe853af99: valid; 1.8 s; peak memory 663 MiB.
2026-10-10T18:49:46Z INFO [635/1500] 20edb4cf-60c7-4ee2-8f30-24b5c43e6f41: valid; 3.4 s; peak memory 663 MiB.
2026-10-10T18:49:48Z INFO [636/1500] 21013b82-e930-4be7-9990-b3b0c52b3343: valid; 2.0 s; peak memory 663 MiB.
2026-10-10T18:49:50Z INFO [637/1500] 2109aae1-5461-4562-aa87-1c482080c2c3: not valid; 1.7 s; peak memory 663 MiB.
2026-10-10T18:50:04Z INFO [638/1500] 21324ccd-3035-477f-b453-baa3d4cfc175: valid; 13.7 s; peak memory 663 MiB.
2026-10-10T18:50:07Z INFO [639/1500] 213e4c8d-cb77-4d69-bcba-fff4d7d5ff95: valid; 3.1 s; peak memory 663 MiB.
2026-10-10T18:50:10Z INFO [640/1500] 216deb10-d164-42d4-8194-525ed3db0ac4: valid; 3.5 s; peak memory 663 MiB.
2026-10-10T18:50:12Z INFO [641/1500] 217bd3ac-c1c4-41dc-9ff0-927b12bb11ed: valid; 2.0 s; peak memory 663 MiB.
2026-10-10T18:50:17Z INFO [642/1500] 218e37d0-a822-49cb-8ae9-0ca80a0edf88: not valid; 4.8 s; peak memory 663 MiB.
2026-10-10T18:50:23Z INFO [643/1500] 2194f0c0-ff6d-436f-b463-c2a7ad7ca2bf: valid; 5.8 s; peak memory 663 MiB.
2026-10-10T18:50:24Z INFO [644/1500] 21b0c312-4f78-46c8-bd82-f298eb2b9e82: not valid; 1.2 s; peak memory 663 MiB.
2026-10-10T18:50:26Z INFO [645/1500] 21f45c11-c7b5-4249-a0f4-f6862d4c4011: valid; 2.2 s; peak memory 663 MiB.
2026-10-10T18:50:28Z INFO [646/1500] 2206032b-1483-4b35-8dfc-29e2f758ed5b: not valid; 1.5 s; peak memory 663 MiB.
2026-10-10T18:50:30Z INFO [647/1500] 220c0037-fead-49e2-89cd-308d980b08f0: valid; 2.1 s; peak memory 663 MiB.
2026-10-10T18:50:31Z INFO [648/1500] 220c9737-3c7e-4512-bef9-a0e5ee989acb: valid; 1.5 s; peak memory 663 MiB.
2026-10-10T18:50:34Z INFO [649/1500] 221fd7cf-329b-40de-9775-18f9199ea7f4: valid; 2.1 s; peak memory 663 MiB.
2026-10-10T18:50:35Z INFO [650/1500] 224ae22e-7b5d-4551-95cc-6617d84b40f9: not valid; 1.9 s; peak memory 663 MiB.
2026-10-10T18:50:37Z INFO [650/1500] 224ae22e-7b5d-4551-95cc-6617d84b40f9: checkpointed 204010 new records.
2026-10-10T18:50:39Z INFO [651/1500] 225f5276-1099-4270-93bb-303d5b1f6883: valid; 1.7 s; peak memory 663 MiB.
2026-10-10T18:50:40Z INFO [652/1500] 22bdaf67-f83c-49e6-831a-c9570f90285e: valid; 1.3 s; peak memory 663 MiB.
2026-10-10T18:50:41Z INFO [653/1500] 22c52f2d-89a6-4814-8ab9-55ea0acaa3b7: valid; 1.3 s; peak memory 663 MiB.
2026-10-10T18:50:43Z INFO [654/1500] 22de870f-5d04-402e-afcf-e46c9d870865: not valid; 1.9 s; peak memory 663 MiB.
2026-10-10T18:50:45Z INFO [655/1500] 22e99a58-e686-4fa0-9ed4-c01e769abbcd: valid; 1.8 s; peak memory 663 MiB.
2026-10-10T18:50:47Z INFO [656/1500] 22ebd369-cfd0-4395-8d22-5ddd01cbe442: valid; 2.3 s; peak memory 663 MiB.
2026-10-10T18:51:10Z INFO [657/1500] 22f3b5af-6f71-4550-a5d7-e04a53b33bd4: valid; 23.2 s; peak memory 663 MiB.
2026-10-10T18:51:12Z INFO [658/1500] 23055528-ae06-4b2e-a2ea-aecbe21b6746: valid; 1.4 s; peak memory 663 MiB.
2026-10-10T18:51:14Z INFO [659/1500] 2322e809-0601-4fe1-818c-24e7fdfc068a: not valid; 1.9 s; peak memory 663 MiB.
2026-10-10T18:51:17Z INFO [660/1500] 2332a929-dacf-4b47-aab1-6d5c4a287eba: not valid; 3.8 s; peak memory 663 MiB.
2026-10-10T18:51:20Z WARNING 23339cda-845b-419d-b7ea-205fed49eeee: failed while opening the NWB file (ConstructError: (root/acquisition/event_code_meanings GroupBuilder {'attributes': {'colnames': array(['value', 'meaning'], dtype=object), 'description': 'Mapping integer event codes to event labels', 'namespace': 'ndx-events', 'neurodata_type': 'MeaningsTable', 'object_id': '28e3ed7c-26b5-4036-9ffc-bc2a1fe8ee46'}, 'groups': {}, 'datasets': {'id': root/acquisition/event_code_meanings/id DatasetBuilder {'attributes': {'namespace': 'hdmf-common', 'neurodata_type': 'ElementIdentifiers', 'object_id': '13875c69-7abc-4b52-ac90-aee79470e377'}, 'data': <HDF5 dataset "id": shape (26,), type "<i8">}, 'meaning': root/acquisition/event_code_meanings/meaning DatasetBuilder {'attributes': {'description': 'The meaning of the value in the parent CategoricalVectorData object.', 'namespace': 'hdmf-experimental', 'neurodata_type': 'VectorData', 'object_id': '6bd9bad0-2ed9-4f58-bbca-ee9f8278ab65'}, 'data': <StrDataset for HDF5 dataset "meaning": shape (26,), type "|O">}, 'value': root/acquisition/event_code_meanings/value DatasetBuilder {'attributes': {'description': 'The value of the parent CategoricalVectorData object.', 'namespace': 'hdmf-experimental', 'neurodata_type': 'VectorData', 'object_id': '4ba755b2-62be-4517-87a9-8dbddda5de62'}, 'data': <HDF5 dataset "value": shape (26,), type "<i8">}}, 'links': {}}, "Could not construct MeaningsTable object due to: MeaningsTable.__init__: missing argument 'target'"))
2026-10-10T18:51:20Z WARNING 2337ab57-c9ee-413a-ba09-5ea3dee09f62: failed while retrieving asset information from the DANDI API (NotFoundError: No asset at path 'sub-parkinson-simulated-lfp/sub-parkinson-simulated-lfp_ses-8686_ecephys.nwb' in version 0.250327.2220. Verify the path is correct and the asset exists in this version. Use 'dandi ls' to list available assets.)
2026-10-10T18:51:22Z INFO [663/1500] 2360913d-37ae-4948-84e9-387ebffa4acf: valid; 1.9 s; peak memory 663 MiB.
2026-10-10T18:51:24Z INFO [664/1500] 23728bb1-ed04-49b1-86ce-70cbfad4cae1: valid; 2.2 s; peak memory 663 MiB.
2026-10-10T18:51:26Z INFO [665/1500] 237788ed-09eb-49fb-b2cb-2b28aaae6fe1: valid; 2.3 s; peak memory 663 MiB.
2026-10-10T18:51:27Z INFO [666/1500] 239904b8-8931-4999-a738-f8e2aebcb61e: valid; 1.2 s; peak memory 663 MiB.
2026-10-10T18:51:29Z INFO [667/1500] 239fb591-4e62-45fb-abb7-9064486b3971: valid; 2.0 s; peak memory 663 MiB.
2026-10-10T18:51:31Z WARNING 23ba8d9f-a94a-4177-8fcf-f9771e79e665: failed while opening the NWB file (ValueError: Cannot resolve included group spec 'electrodes' with data_type_inc 'ElectrodesTable' because a group spec with the same name already exists with data_type_inc 'DynamicTable', and data type 'DynamicTable' is not a child type of data type 'ElectrodesTable'.)
2026-10-10T18:51:32Z INFO [669/1500] 23bb14b3-481a-4452-8a19-9a4c84616da0: valid; 1.3 s; peak memory 663 MiB.
2026-10-10T18:51:35Z INFO [670/1500] 23befa99-95f6-41d1-900e-2f375eaa7da1: valid; 2.5 s; peak memory 663 MiB.
2026-10-10T18:51:36Z INFO [671/1500] 23e9056d-47ee-45c9-a817-d85dc8723c45: not valid; 1.4 s; peak memory 663 MiB.
2026-10-10T18:51:37Z INFO [672/1500] 23f71236-5548-4737-b757-e7ee6c34ab9c: valid; 1.6 s; peak memory 663 MiB.
2026-10-10T18:51:39Z INFO [673/1500] 240fedff-95b6-425c-a65e-f86aa290894f: valid; 1.3 s; peak memory 663 MiB.
2026-10-10T18:51:41Z INFO [674/1500] 24235f41-d8dc-469d-9bf0-4659243e39c7: valid; 2.5 s; peak memory 663 MiB.
2026-10-10T18:51:44Z INFO [675/1500] 244b93da-be0f-43d0-9f28-8c4217d8cb5a: valid; 2.6 s; peak memory 663 MiB.
2026-10-10T18:51:45Z INFO [676/1500] 245639ab-756c-4976-b564-8cdd3cecdcc4: valid; 1.2 s; peak memory 663 MiB.
2026-10-10T18:51:47Z INFO [677/1500] 2478a819-e891-4b5f-a08c-b96702bf8406: valid; 1.9 s; peak memory 663 MiB.
2026-10-10T18:51:48Z INFO [678/1500] 247ef758-6796-438b-b569-002e269855c9: valid; 1.3 s; peak memory 663 MiB.
2026-10-10T18:51:49Z INFO [679/1500] 2487c62f-3b92-45cd-8b51-1dc478086fc4: valid; 1.2 s; peak memory 663 MiB.
2026-10-10T18:51:51Z INFO [680/1500] 24963a89-f246-45ac-93e7-765c3eba8cce: not valid; 1.8 s; peak memory 663 MiB.
2026-10-10T18:51:52Z INFO [681/1500] 24a9180f-64ae-4c67-a707-19312545c0a0: valid; 1.2 s; peak memory 663 MiB.
2026-10-10T18:51:55Z INFO [682/1500] 24badfda-841f-4188-89d3-0d615ef3d348: not valid; 2.5 s; peak memory 663 MiB.
2026-10-10T18:51:58Z INFO [683/1500] 24c17a04-0917-4b4a-8edd-a91c34b19428: valid; 2.7 s; peak memory 663 MiB.
2026-10-10T18:51:59Z INFO [684/1500] 24c77aa4-1613-496e-913d-20644b1c6f40: valid; 1.5 s; peak memory 663 MiB.
2026-10-10T18:52:00Z INFO [685/1500] 25102d14-6f03-4549-bc9a-d4d94d2b0e89: valid; 1.0 s; peak memory 663 MiB.
2026-10-10T18:52:02Z INFO [686/1500] 25108f8a-93b5-40ff-82eb-b07206dfc065: valid; 1.9 s; peak memory 663 MiB.
2026-10-10T18:52:06Z INFO [687/1500] 2512f467-ca03-429d-84e1-efd4e2106575: not valid; 3.9 s; peak memory 663 MiB.
2026-10-10T18:52:07Z INFO [688/1500] 2531b968-ba58-43a9-b0f8-e8e468df899e: valid; 1.3 s; peak memory 663 MiB.
2026-10-10T18:52:07Z WARNING 253d7bef-afb1-41fd-9a48-8fe63f605e91: failed while retrieving asset information from the DANDI API (NotFoundError: No such Dandiset: 000561)
2026-10-10T18:52:09Z INFO [690/1500] 255cf3b7-259d-4c7a-8a55-b72a54170cc8: valid; 2.0 s; peak memory 663 MiB.
2026-10-10T18:52:11Z INFO [691/1500] 2566027b-25cc-4bf5-a5f6-bf5124d1ab11: valid; 1.8 s; peak memory 663 MiB.
2026-10-10T18:52:13Z INFO [692/1500] 257e9acb-cd5b-44be-aa89-ebd1c3eaba89: not valid; 2.5 s; peak memory 663 MiB.
2026-10-10T18:52:22Z INFO [693/1500] 257f0271-bcbb-49f4-abe8-767d325c4167: valid; 8.9 s; peak memory 663 MiB.
2026-10-10T18:52:24Z INFO [694/1500] 2594c644-0500-486a-a272-292a02442898: not valid; 1.5 s; peak memory 663 MiB.
2026-10-10T18:52:25Z INFO [695/1500] 259a89ad-7a35-40a8-b93b-9e294e4e8146: valid; 1.4 s; peak memory 663 MiB.
2026-10-10T18:52:27Z INFO [696/1500] 259b1c71-f8cd-4e99-95c0-404ffbbfec76: valid; 1.3 s; peak memory 663 MiB.
2026-10-10T18:52:28Z INFO [697/1500] 2609abaa-5995-4f52-9abb-b2e76e68cdbf: not valid; 1.5 s; peak memory 663 MiB.
2026-10-10T18:52:30Z INFO [698/1500] 260e4209-6594-437b-ba99-e773cd8aa351: not valid; 1.8 s; peak memory 663 MiB.
2026-10-10T18:52:32Z INFO [699/1500] 260e721b-b4f3-4285-8d25-5d3909c0e9aa: valid; 2.5 s; peak memory 663 MiB.
2026-10-10T18:52:34Z INFO [700/1500] 260f60b8-fc45-45b6-b3a4-30b0556a59d3: valid; 1.4 s; peak memory 663 MiB.
2026-10-10T18:52:35Z INFO [700/1500] 260f60b8-fc45-45b6-b3a4-30b0556a59d3: checkpointed 204010 new records.
2026-10-10T18:52:37Z INFO [701/1500] 2621eaf1-b4df-42ff-bd93-059c14a77dd9: valid; 1.7 s; peak memory 663 MiB.
2026-10-10T18:52:39Z INFO [702/1500] 2631fe58-d368-4361-9abd-a3d1c27a9d9b: not valid; 1.8 s; peak memory 663 MiB.
2026-10-10T18:52:40Z INFO [703/1500] 264edf6c-1845-4a7a-a87b-abcba6783e60: not valid; 1.5 s; peak memory 663 MiB.
2026-10-10T18:52:41Z INFO [704/1500] 266c151c-f103-497f-9313-d262fa97810d: not valid; 1.4 s; peak memory 663 MiB.
2026-10-10T18:52:46Z INFO [705/1500] 2676f518-3450-477a-bd5b-eb0873104aa5: valid; 4.2 s; peak memory 663 MiB.
2026-10-10T18:52:48Z INFO [706/1500] 267c01a4-af65-47a6-b68b-8fbfa3a3a6e2: valid; 2.6 s; peak memory 663 MiB.
2026-10-10T18:52:51Z INFO [707/1500] 2688e65c-564e-4674-a0ef-8674d11d4a30: valid; 2.2 s; peak memory 663 MiB.
2026-10-10T18:52:54Z INFO [708/1500] 26915048-5e2c-4355-8ad0-14ad7020a3d2: valid; 3.1 s; peak memory 663 MiB.
2026-10-10T18:52:55Z INFO [709/1500] 2697cb74-20aa-4590-8540-0a4da2810162: valid; 1.3 s; peak memory 663 MiB.
2026-10-10T18:52:56Z INFO [710/1500] 2700b57b-33be-4c10-b0dc-d8ea2595a97c: valid; 1.1 s; peak memory 663 MiB.
2026-10-10T18:52:57Z INFO [711/1500] 271866c0-8e8f-4e42-8001-51fcede452c2: valid; 1.2 s; peak memory 663 MiB.
2026-10-10T18:53:08Z INFO [712/1500] 27195b6b-d43b-495b-8dc7-25bf5e13e86e: valid; 10.7 s; peak memory 663 MiB.
2026-10-10T18:53:09Z INFO [713/1500] 273f163c-6bb1-48e6-95b6-6d1a61eaaa33: not valid; 1.4 s; peak memory 663 MiB.
2026-10-10T18:54:58Z INFO [714/1500] 274fe5da-829a-490e-aca4-3e3419d131ce: valid; 108.5 s; peak memory 663 MiB.
2026-10-10T18:55:01Z INFO [715/1500] 276beedf-6b2d-483f-a196-ac88486dff1b: valid; 3.1 s; peak memory 663 MiB.
2026-10-10T18:55:02Z INFO [716/1500] 276ecaf1-6139-42dd-b3f6-ec694eb953a0: valid; 1.3 s; peak memory 663 MiB.
2026-10-10T18:55:05Z WARNING 279b212a-5caa-42de-ad2d-d94a71b59a7e: failed while opening the NWB file (ConstructError: (root/acquisition/_iblmic_audioSpectrogram/bands GroupBuilder {'attributes': {'colnames': array(['freq'], dtype=object), 'description': 'spectogram frequencies', 'namespace': 'core', 'neurodata_type': 'FrequencyBandsTable', 'object_id': '211e0615-b785-4cc1-bcbb-a953f54095ac'}, 'groups': {}, 'datasets': {'freq': root/acquisition/_iblmic_audioSpectrogram/bands/freq DatasetBuilder {'attributes': {'description': 'frequency value', 'namespace': 'hdmf-common', 'neurodata_type': 'VectorData', 'object_id': '7941ada6-1997-4c98-8130-4205827fa488'}, 'data': <HDF5 dataset "freq": shape (257,), type "<f4">}, 'id': root/acquisition/_iblmic_audioSpectrogram/bands/id DatasetBuilder {'attributes': {'namespace': 'hdmf-common', 'neurodata_type': 'ElementIdentifiers', 'object_id': '3d780550-0ca8-4262-9b0a-06070dc45977'}, 'data': <HDF5 dataset "id": shape (257,), type "<i4">}}, 'links': {}}, "Could not construct FrequencyBandsTable object due to: column must have the same number of rows as 'id'"))
2026-10-10T18:55:07Z INFO [718/1500] 279cf73e-ad48-43fb-b971-797ef019afc5: valid; 2.0 s; peak memory 663 MiB.
2026-10-10T18:55:08Z INFO [719/1500] 279e8499-a7e1-4547-8ed5-d90d624bcfbf: valid; 1.8 s; peak memory 663 MiB.
2026-10-10T18:55:11Z WARNING 27b4896f-26e8-49e4-9176-638c51fdbba8: failed while opening the NWB file (ConstructError: (root/acquisition/_iblmic_audioSpectrogram/bands GroupBuilder {'attributes': {'colnames': array(['freq'], dtype=object), 'description': 'spectogram frequencies', 'namespace': 'core', 'neurodata_type': 'FrequencyBandsTable', 'object_id': 'ae7891f7-089c-4ede-89aa-0748703d7872'}, 'groups': {}, 'datasets': {'freq': root/acquisition/_iblmic_audioSpectrogram/bands/freq DatasetBuilder {'attributes': {'description': 'frequency value', 'namespace': 'hdmf-common', 'neurodata_type': 'VectorData', 'object_id': '9e4f4867-41ce-4bb4-bd3b-bca7e4c1a70e'}, 'data': <HDF5 dataset "freq": shape (257,), type "<f4">}, 'id': root/acquisition/_iblmic_audioSpectrogram/bands/id DatasetBuilder {'attributes': {'namespace': 'hdmf-common', 'neurodata_type': 'ElementIdentifiers', 'object_id': '9dc7d229-0399-452f-912e-cf621612506b'}, 'data': <HDF5 dataset "id": shape (257,), type "<i4">}}, 'links': {}}, "Could not construct FrequencyBandsTable object due to: column must have the same number of rows as 'id'"))
2026-10-10T18:55:12Z INFO [721/1500] 27cd6971-fec7-4a17-a675-6748daa7c695: not valid; 1.8 s; peak memory 663 MiB.
2026-10-10T18:55:16Z INFO [722/1500] 27d33ddc-e7e5-4242-9d74-8892561880c0: valid; 3.9 s; peak memory 663 MiB.
2026-10-10T18:55:18Z INFO [723/1500] 27df2d64-5362-4eb6-93ae-a78fccc6009c: valid; 1.9 s; peak memory 663 MiB.
2026-10-10T18:55:20Z INFO [724/1500] 27eac218-e130-49d6-9114-ead200714e8f: valid; 1.9 s; peak memory 663 MiB.
2026-10-10T18:55:22Z INFO [725/1500] 27f6dc0e-e47b-483b-ba55-c8a2ecc73ef7: valid; 2.2 s; peak memory 663 MiB.
2026-10-10T18:55:24Z INFO [726/1500] 27fd6de0-d20b-4dab-9158-6a5e1d92c199: not valid; 1.9 s; peak memory 663 MiB.
2026-10-10T18:55:25Z INFO [727/1500] 2809d89d-4393-4afc-af55-0f5ecf3f09fa: valid; 1.0 s; peak memory 663 MiB.
2026-10-10T18:55:27Z INFO [728/1500] 28173c27-ff30-462e-9660-14ff4c3227bb: valid; 2.1 s; peak memory 663 MiB.
2026-10-10T18:55:29Z INFO [729/1500] 289330fb-cce9-42fa-916a-4c92780d6aae: valid; 1.6 s; peak memory 663 MiB.
2026-10-10T18:55:32Z INFO [730/1500] 28a6c22a-7e2a-4ed5-a93e-3f99bd953cbe: valid; 2.7 s; peak memory 663 MiB.
2026-10-10T18:55:33Z INFO [731/1500] 28aa5a2f-ce37-4a2b-9540-fd4d95fe2662: not valid; 1.9 s; peak memory 663 MiB.
2026-10-10T18:55:44Z INFO [732/1500] 28b3cce1-7acf-4067-91f7-b34f89d79c10: valid; 10.6 s; peak memory 663 MiB.
2026-10-10T18:55:45Z INFO [733/1500] 28bbc9f1-27fb-483e-8fea-0653d79c3a89: valid; 1.3 s; peak memory 663 MiB.
2026-10-10T18:55:47Z INFO [734/1500] 28c89dbd-6619-4e97-85c0-84f3a19a1ce1: valid; 1.3 s; peak memory 663 MiB.
2026-10-10T18:55:48Z INFO [735/1500] 28d2e14d-9a75-4cb8-b86d-ca3e84063b1d: valid; 1.2 s; peak memory 663 MiB.
2026-10-10T18:55:50Z INFO [736/1500] 28e74af2-c2da-46a0-a560-dfe653a638b2: valid; 1.7 s; peak memory 663 MiB.
2026-10-10T18:55:51Z INFO [737/1500] 28ea1e66-4ef3-414a-9d04-23d794637beb: not valid; 1.9 s; peak memory 663 MiB.
2026-10-10T18:56:39Z INFO [738/1500] 28f73c93-1aec-4af5-a30a-fb454257298f: valid; 47.5 s; peak memory 663 MiB.
2026-10-10T18:56:40Z INFO [739/1500] 28ff744b-0611-4cf8-b106-501469f0a22d: valid; 1.3 s; peak memory 663 MiB.
2026-10-10T18:56:43Z INFO [740/1500] 29030f85-c1e1-40c9-a5a0-a229d4885c92: valid; 2.5 s; peak memory 663 MiB.
2026-10-10T18:56:44Z INFO [741/1500] 2904e943-6f1c-4108-9230-320bae889f92: valid; 1.5 s; peak memory 663 MiB.
2026-10-10T18:56:46Z INFO [742/1500] 29084800-1ac6-4e9a-838f-f4f0f2bf2996: valid; 1.6 s; peak memory 663 MiB.
2026-10-10T18:56:48Z INFO [743/1500] 290bbf8d-2973-4b28-8b86-3aba2d047736: valid; 1.9 s; peak memory 663 MiB.
2026-10-10T18:56:49Z INFO [744/1500] 290ca1d0-d47e-491c-bdf6-28936a37334f: valid; 1.5 s; peak memory 663 MiB.
2026-10-10T18:56:51Z WARNING 29275b00-1a44-41b2-a6b2-1aff15f6bd03: failed while opening the NWB file (ConstructError: (root/acquisition/event_code_meanings GroupBuilder {'attributes': {'colnames': array(['value', 'meaning'], dtype=object), 'description': 'Mapping integer event codes to event labels', 'namespace': 'ndx-events', 'neurodata_type': 'MeaningsTable', 'object_id': '16efde35-0a76-4269-b4a8-16d885a08335'}, 'groups': {}, 'datasets': {'id': root/acquisition/event_code_meanings/id DatasetBuilder {'attributes': {'namespace': 'hdmf-common', 'neurodata_type': 'ElementIdentifiers', 'object_id': '33c68161-d2b6-4daf-8792-11b1990511e8'}, 'data': <HDF5 dataset "id": shape (26,), type "<i8">}, 'meaning': root/acquisition/event_code_meanings/meaning DatasetBuilder {'attributes': {'description': 'The meaning of the value in the parent CategoricalVectorData object.', 'namespace': 'hdmf-experimental', 'neurodata_type': 'VectorData', 'object_id': 'a7fa96cd-94ec-492c-9389-084d536965c8'}, 'data': <StrDataset for HDF5 dataset "meaning": shape (26,), type "|O">}, 'value': root/acquisition/event_code_meanings/value DatasetBuilder {'attributes': {'description': 'The value of the parent CategoricalVectorData object.', 'namespace': 'hdmf-experimental', 'neurodata_type': 'VectorData', 'object_id': 'e762cf67-18b6-43b1-a1f6-6220db73e025'}, 'data': <HDF5 dataset "value": shape (26,), type "<i8">}}, 'links': {}}, "Could not construct MeaningsTable object due to: MeaningsTable.__init__: missing argument 'target'"))
2026-10-10T18:56:53Z INFO [746/1500] 293046b8-b239-4253-8999-9e59e3ce62ba: not valid; 1.6 s; peak memory 663 MiB.
2026-10-10T18:56:55Z INFO [747/1500] 2930d847-7c4a-41cc-af74-388dc5dca183: valid; 1.8 s; peak memory 663 MiB.
2026-10-10T18:56:56Z INFO [748/1500] 2937e826-2e8a-498c-a790-bd0d7fb944de: valid; 1.2 s; peak memory 663 MiB.
2026-10-10T18:56:57Z INFO [749/1500] 2958d0a1-0c32-4ba1-bc1d-92362320bcee: valid; 1.4 s; peak memory 663 MiB.
2026-10-10T18:56:59Z INFO [750/1500] 2962f0ab-7ab9-438c-bef6-a39b690bda23: valid; 1.8 s; peak memory 663 MiB.
2026-10-10T18:57:01Z INFO [750/1500] 2962f0ab-7ab9-438c-bef6-a39b690bda23: checkpointed 204010 new records.
2026-10-10T18:57:15Z INFO [751/1500] 2968c1d1-1239-4ab5-a36b-048fc337a1f6: valid; 14.6 s; peak memory 663 MiB.
2026-10-10T18:57:17Z INFO [752/1500] 29747607-957c-45e1-b0b0-959502d78eee: valid; 1.7 s; peak memory 663 MiB.
2026-10-10T18:57:33Z INFO [753/1500] 29910680-ab37-4c35-84e5-d45f08ead335: valid; 16.1 s; peak memory 663 MiB.
2026-10-10T18:57:34Z INFO [754/1500] 29953ca7-6f22-48d5-a05a-41a47771dc71: valid; 1.4 s; peak memory 663 MiB.
2026-10-10T18:57:53Z INFO [755/1500] 29a372cf-559e-438a-91bc-b9c6fe485224: valid; 18.4 s; peak memory 663 MiB.
2026-10-10T18:57:55Z INFO [756/1500] 29a57406-c70e-4fe3-8a8b-e9e9c71a03d1: valid; 2.1 s; peak memory 663 MiB.
2026-10-10T18:57:57Z INFO [757/1500] 29c47861-f57f-433f-a29c-7bcec55d3ad3: not valid; 2.2 s; peak memory 663 MiB.
2026-10-10T18:57:59Z INFO [758/1500] 29c7ee87-8f0f-4e5e-a67c-e2a806ae6a48: not valid; 2.2 s; peak memory 663 MiB.
2026-10-10T18:58:02Z INFO [759/1500] 29d87d62-7806-4a5f-9939-aead3f26320d: valid; 2.3 s; peak memory 663 MiB.
2026-10-10T18:58:04Z INFO [760/1500] 29ea04c1-b27a-468b-a165-4a693a302cf4: valid; 2.5 s; peak memory 663 MiB.
2026-10-10T18:58:07Z INFO [761/1500] 29f732da-5270-4262-86d8-41c04334a5c8: valid; 2.4 s; peak memory 663 MiB.
2026-10-10T18:58:10Z INFO [762/1500] 2a160498-ea1c-4d23-9bd6-20e1d3ab36e6: not valid; 3.1 s; peak memory 663 MiB.
2026-10-10T18:58:12Z INFO [763/1500] 2a1876b1-cae4-4f75-a28a-ab3404eec01d: valid; 2.7 s; peak memory 663 MiB.
2026-10-10T18:58:14Z INFO [764/1500] 2a61fd84-7ce6-4063-a732-94d9b7057333: valid; 1.9 s; peak memory 663 MiB.
2026-10-10T18:58:18Z INFO [765/1500] 2a640983-3579-4eeb-a4ec-f129c0f3e702: valid; 3.9 s; peak memory 663 MiB.
2026-10-10T18:58:40Z INFO [766/1500] 2a674133-3851-4c1e-a893-c1cd60d6ba0a: valid; 22.1 s; peak memory 663 MiB.
2026-10-10T18:58:42Z INFO [767/1500] 2a6a2a9f-497a-4cec-9d5f-3970d403952e: valid; 1.4 s; peak memory 663 MiB.
2026-10-10T18:58:43Z INFO [768/1500] 2a6eeaa4-9903-4f30-9a9e-199710212b8c: valid; 1.3 s; peak memory 663 MiB.
2026-10-10T18:58:45Z INFO [769/1500] 2a77e172-7ad7-4dff-bf23-ea62a87b139a: valid; 1.6 s; peak memory 663 MiB.
2026-10-10T18:58:49Z INFO [770/1500] 2a7e6bea-6409-4043-8d2c-bfeca2a21b4d: valid; 4.2 s; peak memory 663 MiB.
2026-10-10T18:58:51Z INFO [771/1500] 2a819b86-8881-469b-b007-32aba1a8b37f: valid; 2.1 s; peak memory 663 MiB.
2026-10-10T18:58:53Z INFO [772/1500] 2a96c7cf-f0d4-4f66-a816-74de21c95e4c: not valid; 2.0 s; peak memory 663 MiB.
2026-10-10T18:58:54Z INFO [773/1500] 2ac1cc30-9bd4-49de-a0fa-fb3f12804714: not valid; 1.6 s; peak memory 663 MiB.
2026-10-10T18:58:56Z INFO [774/1500] 2af3c75a-a88f-4cb2-917b-98919a687c7a: not valid; 1.9 s; peak memory 663 MiB.
2026-10-10T18:58:58Z INFO [775/1500] 2af9d709-a8cc-4f6a-8896-a0f455e1bf4d: valid; 1.3 s; peak memory 663 MiB.
2026-10-10T18:58:59Z INFO [776/1500] 2afa0992-6c67-42d8-8a71-a719922a6771: valid; 1.3 s; peak memory 663 MiB.
2026-10-10T18:59:03Z INFO [777/1500] 2b0056d0-057b-440d-b63a-300b11f9f2fc: valid; 3.6 s; peak memory 663 MiB.
2026-10-10T18:59:05Z WARNING 2b1855e1-8258-497c-b47e-6120ae90a802: failed while opening the NWB file (ConstructError: (root/acquisition/_iblmic_audioSpectrogram/bands GroupBuilder {'attributes': {'colnames': array(['freq'], dtype=object), 'description': 'spectogram frequencies', 'namespace': 'core', 'neurodata_type': 'FrequencyBandsTable', 'object_id': 'a0f3ff3e-63c4-4b73-b65a-05ee68054cbe'}, 'groups': {}, 'datasets': {'freq': root/acquisition/_iblmic_audioSpectrogram/bands/freq DatasetBuilder {'attributes': {'description': 'frequency value', 'namespace': 'hdmf-common', 'neurodata_type': 'VectorData', 'object_id': '9916529f-4705-41a1-9e13-a3bad3060e55'}, 'data': <HDF5 dataset "freq": shape (257,), type "<f4">}, 'id': root/acquisition/_iblmic_audioSpectrogram/bands/id DatasetBuilder {'attributes': {'namespace': 'hdmf-common', 'neurodata_type': 'ElementIdentifiers', 'object_id': '16f1fdc4-c040-4e68-9321-ba968e53ac5d'}, 'data': <HDF5 dataset "id": shape (257,), type "<i4">}}, 'links': {}}, "Could not construct FrequencyBandsTable object due to: column must have the same number of rows as 'id'"))
2026-10-10T18:59:08Z INFO [779/1500] 2b2c8a2c-3361-4ee5-bec4-62bb623b3e2c: valid; 2.7 s; peak memory 663 MiB.
2026-10-10T18:59:09Z INFO [780/1500] 2b345fb1-ef9e-4265-af1a-97a2aa401bc9: not valid; 1.4 s; peak memory 663 MiB.
2026-10-10T18:59:11Z INFO [781/1500] 2b771771-dc84-478a-8ca4-64a958f355e8: not valid; 1.6 s; peak memory 663 MiB.
2026-10-10T18:59:12Z INFO [782/1500] 2b7c175d-d155-4e86-b361-48cba95505b6: not valid; 1.8 s; peak memory 663 MiB.
2026-10-10T18:59:14Z INFO [783/1500] 2b8fd9d1-f50e-4063-9676-87d2693ee494: not valid; 1.8 s; peak memory 663 MiB.
2026-10-10T18:59:16Z INFO [784/1500] 2b9529b1-684e-420e-9d53-ed0b5fb4912a: valid; 1.9 s; peak memory 663 MiB.
2026-10-10T18:59:19Z INFO [785/1500] 2ba3e203-af6d-4cfb-8dee-cf3001dbb88f: valid; 2.6 s; peak memory 663 MiB.
2026-10-10T18:59:21Z INFO [786/1500] 2ba9dd33-dda4-42c2-9f5c-0c5dc6e4329e: valid; 2.0 s; peak memory 663 MiB.
2026-10-10T18:59:22Z INFO [787/1500] 2bbaebcf-d7b7-42a2-a4ca-69f5065ccba9: valid; 1.3 s; peak memory 663 MiB.
2026-10-10T18:59:23Z INFO [788/1500] 2bca3ea4-b888-423e-823e-54c3c6a190fc: valid; 1.5 s; peak memory 663 MiB.
2026-10-10T18:59:25Z INFO [789/1500] 2be95d79-a17a-42ae-8d21-06548c03f67d: valid; 2.0 s; peak memory 663 MiB.
2026-10-10T18:59:28Z INFO [790/1500] 2bf1e644-2d80-4dab-8674-e10194588e77: valid; 2.4 s; peak memory 663 MiB.
2026-10-10T18:59:36Z INFO [791/1500] 2c0cd222-1565-40f2-987a-d583b9f57833: not valid; 8.4 s; peak memory 663 MiB.
2026-10-10T18:59:41Z INFO [792/1500] 2c18a863-cce0-401a-bd31-cf8c828863cd: valid; 5.0 s; peak memory 663 MiB.
2026-10-10T18:59:43Z INFO [793/1500] 2c21cd6c-a275-4bbd-9fc8-520514a63fc3: valid; 2.0 s; peak memory 663 MiB.
2026-10-10T18:59:44Z INFO [794/1500] 2c702523-1f71-46be-8d59-e77609dac305: not valid; 1.1 s; peak memory 663 MiB.
2026-10-10T18:59:50Z INFO [795/1500] 2c7e67d2-2edf-4eef-9180-a194db05a6cf: valid; 5.1 s; peak memory 663 MiB.
2026-10-10T18:59:53Z INFO [796/1500] 2ca2518a-dc37-4ccd-b1a9-048b9e997a24: valid; 3.2 s; peak memory 663 MiB.
2026-10-10T18:59:54Z INFO [797/1500] 2caa651c-59d7-4e63-8725-f0c9eb736953: valid; 1.3 s; peak memory 663 MiB.
2026-10-10T18:59:55Z INFO [798/1500] 2cea0d06-3d2f-46bb-92bd-f7e422722ff4: valid; 1.4 s; peak memory 663 MiB.
2026-10-10T18:59:57Z INFO [799/1500] 2ceebb1a-2d7f-42e5-ba47-a7094ccb1b5b: not valid; 1.5 s; peak memory 663 MiB.
2026-10-10T18:59:59Z INFO [800/1500] 2d1e33ac-52f0-4809-bae6-179cf8384302: not valid; 1.9 s; peak memory 663 MiB.
2026-10-10T19:00:00Z INFO [800/1500] 2d1e33ac-52f0-4809-bae6-179cf8384302: checkpointed 204010 new records.
2026-10-10T19:00:03Z INFO [801/1500] 2d5b973c-c1f9-4976-96c2-b6fbd5f5fd6b: valid; 2.9 s; peak memory 663 MiB.
2026-10-10T19:00:05Z INFO [802/1500] 2d669e1e-68ef-4ab8-a9c4-ad8d2c7941ce: not valid; 1.6 s; peak memory 663 MiB.
2026-10-10T19:00:07Z INFO [803/1500] 2d74a9bc-817f-422d-9f97-5703a54a9fc5: valid; 2.4 s; peak memory 663 MiB.
2026-10-10T19:00:10Z INFO [804/1500] 2d77fe7d-8a16-4e2f-a694-8e6153aece37: valid; 2.9 s; peak memory 663 MiB.
2026-10-10T19:00:12Z INFO [805/1500] 2d782ac9-0a45-48b8-ab42-d15a30c7d157: not valid; 2.1 s; peak memory 663 MiB.
2026-10-10T19:00:14Z INFO [806/1500] 2d7be193-7026-4cf7-9ad7-e7ec24338d75: not valid; 1.9 s; peak memory 663 MiB.
2026-10-10T19:00:15Z INFO [807/1500] 2d9a1f9c-3adf-40b1-b567-5ae013e200ce: not valid; 1.5 s; peak memory 663 MiB.
2026-10-10T19:00:17Z INFO [808/1500] 2dd76172-eb2b-482b-b2ba-780a2d077923: not valid; 1.5 s; peak memory 663 MiB.
2026-10-10T19:00:19Z INFO [809/1500] 2ded3c1d-9fe8-458c-9a66-b831dc082ad1: not valid; 2.1 s; peak memory 663 MiB.
2026-10-10T19:00:28Z INFO [810/1500] 2df1b74d-6924-4f66-b931-32d351423e20: valid; 8.5 s; peak memory 663 MiB.
2026-10-10T19:00:30Z INFO [811/1500] 2df81add-7b52-4834-9c68-ecadadc95ee9: valid; 2.3 s; peak memory 663 MiB.
2026-10-10T19:00:31Z INFO [812/1500] 2dfa0a90-98a3-46f6-98e2-6b6aa9a7d0fe: valid; 1.4 s; peak memory 663 MiB.
2026-10-10T19:02:55Z INFO [813/1500] 2e0849ca-38e3-4999-8ddb-9e7dd51ae64d: valid; 143.3 s; peak memory 663 MiB.
2026-10-10T19:02:56Z INFO [814/1500] 2e155059-c8c1-4362-9018-743afb5d5a94: valid; 1.6 s; peak memory 663 MiB.
2026-10-10T19:02:58Z INFO [815/1500] 2e236ade-e57f-4873-85e9-30c54ef0e6cd: valid; 2.1 s; peak memory 663 MiB.
2026-10-10T19:03:01Z INFO [816/1500] 2e5ee818-609f-460f-95cf-22768259dc7a: valid; 2.5 s; peak memory 663 MiB.
2026-10-10T19:03:05Z INFO [817/1500] 2e6fbe8b-f80b-4b27-b643-f97e4b703055: valid; 4.0 s; peak memory 663 MiB.
2026-10-10T19:03:06Z INFO [818/1500] 2e77b29a-48cd-4106-96e4-50cb3627c37a: valid; 1.3 s; peak memory 663 MiB.
2026-10-10T19:03:07Z INFO [819/1500] 2e7cdad1-8d53-43b3-8a68-88347f5affd5: valid; 1.3 s; peak memory 663 MiB.
2026-10-10T19:03:10Z INFO [820/1500] 2e929775-d159-4f25-96e9-a6c5916eebd7: valid; 2.6 s; peak memory 663 MiB.
2026-10-10T19:03:12Z INFO [821/1500] 2e99bc0a-088f-4526-91f2-cf78071dcd0f: valid; 2.2 s; peak memory 663 MiB.
2026-10-10T19:03:14Z INFO [822/1500] 2ebd6fe3-5946-48be-8612-465a41e52afc: not valid; 1.8 s; peak memory 663 MiB.
2026-10-10T19:03:27Z INFO [823/1500] 2ef9ecc8-1a96-40eb-a001-71b5bff02b18: valid; 13.2 s; peak memory 663 MiB.
2026-10-10T19:03:31Z INFO [824/1500] 2efabb16-9a97-4980-b52d-e9824ca5e730: valid; 3.7 s; peak memory 663 MiB.
2026-10-10T19:03:33Z INFO [825/1500] 2eff7381-216b-413a-a066-ca770e0cff39: not valid; 2.2 s; peak memory 663 MiB.
2026-10-10T19:03:34Z INFO [826/1500] 2f16376d-bc29-4baa-a33b-60d53be25cd5: not valid; 1.6 s; peak memory 663 MiB.
2026-10-10T19:03:46Z INFO [827/1500] 2f4da75d-9001-4cd9-be42-6cf3fa95765b: valid; 11.3 s; peak memory 663 MiB.
2026-10-10T19:03:46Z WARNING 2f5d755e-3e5e-49c1-96e2-15e397025375: failed while retrieving asset information from the DANDI API (NotFoundError: No asset at path 'sub-parkinson-simulated-lfp/sub-parkinson-simulated-lfp_ses-7004_ecephys.nwb' in version 0.250327.2220. Verify the path is correct and the asset exists in this version. Use 'dandi ls' to list available assets.)
2026-10-10T19:03:51Z INFO [829/1500] 2f661f81-132e-42ce-98e6-3caecfd41308: valid; 4.7 s; peak memory 663 MiB.
2026-10-10T19:03:53Z INFO [830/1500] 2f7d8fb6-5536-4981-833c-1aa8af0a0b70: valid; 2.3 s; peak memory 663 MiB.
2026-10-10T19:03:57Z INFO [831/1500] 2f8514ce-8497-442f-a934-93792b3fd5ea: valid; 4.2 s; peak memory 663 MiB.
2026-10-10T19:03:59Z INFO [832/1500] 2fbbbc12-1958-4337-8260-072dd29f6e6c: valid; 2.3 s; peak memory 663 MiB.
2026-10-10T19:04:01Z INFO [833/1500] 2fc2a3e3-2d35-4765-a37b-1b58120ca3b9: valid; 2.0 s; peak memory 663 MiB.
2026-10-10T19:04:04Z INFO [834/1500] 2fe36c21-f9c5-4c78-ac12-89fddf8b6781: valid; 2.1 s; peak memory 663 MiB.
2026-10-10T19:04:12Z INFO [835/1500] 2fed1b43-01aa-4b18-8411-d233cc1ca8c8: valid; 8.4 s; peak memory 663 MiB.
2026-10-10T19:04:14Z INFO [836/1500] 2ff4d953-a6ec-4ae0-ad04-ac7512f95c1e: valid; 2.1 s; peak memory 663 MiB.
2026-10-10T19:04:16Z INFO [837/1500] 2ff67637-bcd0-42a2-917e-92f06e95c31a: valid; 1.6 s; peak memory 663 MiB.
2026-10-10T19:04:18Z INFO [838/1500] 2ff991e0-cbed-4e2f-95e1-4f919209a99a: valid; 1.9 s; peak memory 663 MiB.
2026-10-10T19:04:20Z INFO [839/1500] 30024abc-e1d3-4499-8d94-878a1105b0ed: valid; 2.0 s; peak memory 663 MiB.
2026-10-10T19:04:27Z INFO [840/1500] 3023a4d0-374b-4432-9557-50439a0b3360: valid; 7.1 s; peak memory 663 MiB.
2026-10-10T19:04:30Z INFO [841/1500] 3034b816-5184-4693-902e-184517c012e4: not valid; 3.8 s; peak memory 663 MiB.
2026-10-10T19:04:32Z INFO [842/1500] 305822fe-f22e-45da-8095-f1ac630fe65f: valid; 1.9 s; peak memory 663 MiB.
2026-10-10T19:04:59Z INFO [843/1500] 3074203b-19a9-4c42-80bc-91163f4621c5: valid; 27.1 s; peak memory 663 MiB.
2026-10-10T19:05:17Z INFO [844/1500] 3090370d-1350-4c12-be93-2dba8a504c0e: valid; 17.2 s; peak memory 663 MiB.
2026-10-10T19:05:19Z INFO [845/1500] 30a9cb0e-ba60-4b20-8710-5a1789c52850: not valid; 2.3 s; peak memory 663 MiB.
2026-10-10T19:05:21Z INFO [846/1500] 30adf6a0-bde7-4770-bfd0-e951dd2153cb: valid; 2.5 s; peak memory 663 MiB.
2026-10-10T19:05:23Z INFO [847/1500] 30c71e4d-24e3-4595-9e60-2c66e7da2e88: valid; 2.1 s; peak memory 663 MiB.
2026-10-10T19:05:26Z INFO [848/1500] 30cea1c4-90c9-483d-a59d-687ec3b35480: valid; 2.7 s; peak memory 663 MiB.
2026-10-10T19:05:30Z INFO [849/1500] 30d2bbd3-fd45-4c58-82be-a3e7721fe983: valid; 3.3 s; peak memory 663 MiB.
2026-10-10T19:05:30Z WARNING 30d70867-6deb-42bf-9a89-fa9ce01fd100: failed while retrieving asset information from the DANDI API (NotFoundError: No asset at path 'sub-parkinson-simulated-lfp/sub-parkinson-simulated-lfp_ses-2354_ecephys.nwb' in version 0.250327.2220. Verify the path is correct and the asset exists in this version. Use 'dandi ls' to list available assets.)
2026-10-10T19:05:31Z INFO [850/1500] 30d70867-6deb-42bf-9a89-fa9ce01fd100: checkpointed 204010 new records.
2026-10-10T19:05:32Z INFO [851/1500] 30f02c3a-29bb-4e48-b951-5a4da7a09929: valid; 1.3 s; peak memory 663 MiB.
2026-10-10T19:05:33Z INFO [852/1500] 30f81ef0-e1fa-4ce7-aeeb-06de7de525f5: not valid; 1.3 s; peak memory 663 MiB.
2026-10-10T19:05:36Z INFO [853/1500] 31238c09-d67c-45c0-9497-73944495cd85: valid; 2.9 s; peak memory 663 MiB.
2026-10-10T19:05:39Z INFO [854/1500] 312d76ec-c301-444f-af6a-9b7fe8ef2e1d: valid; 2.5 s; peak memory 663 MiB.
2026-10-10T19:05:40Z INFO [855/1500] 316b5f7c-ead9-40a2-94b1-7b52add75ae2: valid; 1.2 s; peak memory 663 MiB.
2026-10-10T19:05:42Z INFO [856/1500] 31751046-2f6b-48ab-93d7-4fc92df54985: valid; 1.9 s; peak memory 663 MiB.
2026-10-10T19:05:43Z INFO [857/1500] 3188cd86-0ee7-48c5-9bd4-014ee80c23f2: valid; 1.4 s; peak memory 663 MiB.
2026-10-10T19:05:45Z INFO [858/1500] 31a9b71b-943e-4408-b76e-e0b80873b6b6: valid; 1.6 s; peak memory 663 MiB.
2026-10-10T19:05:46Z INFO [859/1500] 31b0efb1-20ac-4084-b1de-b6a273269651: valid; 1.5 s; peak memory 663 MiB.
2026-10-10T19:05:55Z INFO [860/1500] 31bbf98c-1f18-443c-9050-f2070e787587: valid; 8.9 s; peak memory 663 MiB.
2026-10-10T19:06:00Z INFO [861/1500] 31c35b29-2ae7-4eac-b1f5-124a290d2f0b: valid; 4.3 s; peak memory 663 MiB.
2026-10-10T19:06:02Z INFO [862/1500] 31d66197-0797-4069-978d-0a9767eb452b: valid; 2.5 s; peak memory 663 MiB.
2026-10-10T19:06:05Z INFO [863/1500] 31f952d6-3f4d-465c-b388-52dbd9e44020: valid; 2.9 s; peak memory 663 MiB.
2026-10-10T19:06:09Z INFO [864/1500] 32014c7f-2b21-469a-8de1-5b88a8708f22: not valid; 4.0 s; peak memory 663 MiB.
2026-10-10T19:06:11Z WARNING 321a165b-7cfe-42ff-a47c-2585520950f2: failed while opening the NWB file (ConstructError: (root/acquisition/event_code_meanings GroupBuilder {'attributes': {'colnames': array(['value', 'meaning'], dtype=object), 'description': 'Mapping integer event codes to event labels', 'namespace': 'ndx-events', 'neurodata_type': 'MeaningsTable', 'object_id': 'b6cdd1dd-d508-48bf-b2c8-b75eb23db4b7'}, 'groups': {}, 'datasets': {'id': root/acquisition/event_code_meanings/id DatasetBuilder {'attributes': {'namespace': 'hdmf-common', 'neurodata_type': 'ElementIdentifiers', 'object_id': '1b6bdc44-b6e5-4b9e-8fc3-4efadffc82ed'}, 'data': <HDF5 dataset "id": shape (26,), type "<i8">}, 'meaning': root/acquisition/event_code_meanings/meaning DatasetBuilder {'attributes': {'description': 'The meaning of the value in the parent CategoricalVectorData object.', 'namespace': 'hdmf-experimental', 'neurodata_type': 'VectorData', 'object_id': '32595955-a80e-4248-8a1b-f770a910618e'}, 'data': <StrDataset for HDF5 dataset "meaning": shape (26,), type "|O">}, 'value': root/acquisition/event_code_meanings/value DatasetBuilder {'attributes': {'description': 'The value of the parent CategoricalVectorData object.', 'namespace': 'hdmf-experimental', 'neurodata_type': 'VectorData', 'object_id': 'b18b5575-c117-4737-9db8-d2640bd38161'}, 'data': <HDF5 dataset "value": shape (26,), type "<i8">}}, 'links': {}}, "Could not construct MeaningsTable object due to: MeaningsTable.__init__: missing argument 'target'"))
2026-10-10T19:06:13Z INFO [866/1500] 32436491-67da-49f0-b03d-275fa05b4a41: valid; 1.3 s; peak memory 663 MiB.
2026-10-10T19:06:14Z INFO [867/1500] 3243b4b0-a70d-439a-93e6-216899cbc838: valid; 1.3 s; peak memory 663 MiB.
2026-10-10T19:06:19Z INFO [868/1500] 325207e8-c38c-44a8-b86d-87ab097712e8: valid; 5.0 s; peak memory 663 MiB.
2026-10-10T19:06:20Z INFO [869/1500] 3263610b-919c-40ca-9711-6bbb5cd83cc9: valid; 1.3 s; peak memory 663 MiB.
2026-10-10T19:06:22Z INFO [870/1500] 326dda5b-540e-4f48-be21-24feae9bbcbc: valid; 2.0 s; peak memory 663 MiB.
2026-10-10T19:06:28Z INFO [871/1500] 32870b4d-c700-40f4-a053-6674035f2551: not valid; 5.8 s; peak memory 663 MiB.
2026-10-10T19:06:30Z INFO [872/1500] 32a8a80f-c858-4f66-a2a3-4c628d401e75: valid; 2.2 s; peak memory 663 MiB.
2026-10-10T19:06:31Z INFO [873/1500] 32c51f43-ccc5-4f55-995e-70be27626101: valid; 1.4 s; peak memory 663 MiB.
2026-10-10T19:06:33Z INFO [874/1500] 32c73a53-bfc4-442c-aae9-55b6bbf43272: not valid; 1.8 s; peak memory 663 MiB.
2026-10-10T19:07:05Z INFO [875/1500] 32d29ced-7dc6-4256-bfb9-70b5e15a56f2: not valid; 31.3 s; peak memory 663 MiB.
2026-10-10T19:07:06Z INFO [876/1500] 32db8fa3-51c2-4767-8896-a953c45166ee: not valid; 1.6 s; peak memory 663 MiB.
2026-10-10T19:07:09Z INFO [877/1500] 32e2de8a-5042-44fc-a977-5231f30a6cbb: valid; 2.8 s; peak memory 663 MiB.
2026-10-10T19:07:17Z INFO [878/1500] 32e867cd-dcc6-46cc-90a2-38ba75782f0b: valid; 7.6 s; peak memory 663 MiB.
2026-10-10T19:07:19Z INFO [879/1500] 32ea6ee7-7c49-422f-a479-ad66852c9133: valid; 2.0 s; peak memory 663 MiB.
2026-10-10T19:07:21Z INFO [880/1500] 32f1a295-6084-4d22-8a81-dce088b5b879: valid; 2.0 s; peak memory 663 MiB.
2026-10-10T19:07:22Z INFO [881/1500] 331ca54d-30b4-4cde-a262-904e9f8403f9: valid; 1.9 s; peak memory 663 MiB.
2026-10-10T19:07:38Z INFO [882/1500] 3330889e-6727-42a2-ab10-9e453fc4692a: valid; 15.4 s; peak memory 663 MiB.
2026-10-10T19:07:40Z INFO [883/1500] 3331c888-19ef-42f0-8689-8749fe04f524: valid; 1.9 s; peak memory 663 MiB.
2026-10-10T19:07:41Z INFO [884/1500] 333711bf-7ac7-47d0-9a85-209b8375fcc9: valid; 1.3 s; peak memory 663 MiB.
2026-10-10T19:07:44Z INFO [885/1500] 333b152f-552d-4074-8f71-76bfd5760d9b: valid; 3.0 s; peak memory 663 MiB.
2026-10-10T19:07:47Z INFO [886/1500] 334a320e-b33f-4d68-af7a-37a49c32110b: valid; 2.7 s; peak memory 663 MiB.
2026-10-10T19:07:49Z INFO [887/1500] 336b2ead-9a28-405c-b16a-6423aa8647c1: valid; 2.2 s; peak memory 663 MiB.
2026-10-10T19:07:51Z INFO [888/1500] 336e92bf-eec5-4c14-93dc-8456eb813818: valid; 1.8 s; peak memory 663 MiB.
2026-10-10T19:08:09Z INFO [889/1500] 33766cb3-11de-47f8-99e7-ff9aeb21c26b: valid; 18.6 s; peak memory 663 MiB.
2026-10-10T19:08:11Z INFO [890/1500] 33aa75af-3c5d-4460-a342-d32d1d0f83a5: valid; 1.6 s; peak memory 663 MiB.
2026-10-10T19:08:12Z INFO [891/1500] 33af9978-c864-4192-9848-6446b5b22c8a: not valid; 1.5 s; peak memory 663 MiB.
2026-10-10T19:08:15Z INFO [892/1500] 33b1236c-190a-49e5-9150-e3c7b0f71e58: valid; 2.5 s; peak memory 663 MiB.
2026-10-10T19:08:17Z INFO [893/1500] 33bba654-f13c-4b69-a684-145901d3bb6d: not valid; 2.0 s; peak memory 663 MiB.
2026-10-10T19:08:19Z INFO [894/1500] 33c93999-0f07-44d2-9550-fe1b32e72625: valid; 2.3 s; peak memory 663 MiB.
2026-10-10T19:08:19Z WARNING 33fb0c99-6145-43b7-9061-1a487b73232c: failed while retrieving asset information from the DANDI API (NotFoundError: No such Dandiset: 000948)
2026-10-10T19:08:21Z INFO [896/1500] 341a393d-c4b1-4c15-b37d-b8b8467938f3: valid; 1.3 s; peak memory 663 MiB.
2026-10-10T19:08:22Z INFO [897/1500] 34376551-8313-4216-92c0-e74174782659: valid; 1.3 s; peak memory 663 MiB.
2026-10-10T19:08:38Z INFO [898/1500] 345570e9-e68a-45bb-857e-3e173dce82de: valid; 16.6 s; peak memory 663 MiB.
2026-10-10T19:08:41Z INFO [899/1500] 345d8fc5-5a0d-4c21-a406-d8fdfd38eb52: valid; 2.9 s; peak memory 663 MiB.
2026-10-10T19:08:44Z INFO [900/1500] 3462c874-e7fd-4467-8f1c-9bb06c5d0f83: valid; 3.0 s; peak memory 663 MiB.
2026-10-10T19:08:46Z INFO [900/1500] 3462c874-e7fd-4467-8f1c-9bb06c5d0f83: checkpointed 204010 new records.
2026-10-10T19:08:48Z INFO [901/1500] 347976c2-1fd3-400b-bc4a-43cdefce1492: valid; 2.1 s; peak memory 663 MiB.
2026-10-10T19:08:51Z INFO [902/1500] 34880d87-e4c3-48f9-b578-111fc7581592: valid; 2.8 s; peak memory 663 MiB.
2026-10-10T19:08:53Z INFO [903/1500] 34e14544-9f4d-4d55-a896-a3753d94476f: valid; 2.1 s; peak memory 663 MiB.
2026-10-10T19:08:55Z INFO [904/1500] 34e1c2e4-1ed6-404e-9f89-cd036a0bdbff: valid; 2.8 s; peak memory 663 MiB.
2026-10-10T19:08:57Z INFO [905/1500] 34fe168f-24e0-404c-bcf4-32adb48ee1d3: valid; 1.7 s; peak memory 663 MiB.
2026-10-10T19:08:59Z INFO [906/1500] 353d420e-744a-4404-9bbe-97ea1506cc5a: valid; 1.5 s; peak memory 663 MiB.
2026-10-10T19:09:00Z INFO [907/1500] 35467157-c59b-4cc9-aa8b-bd5d0e6742c1: valid; 1.3 s; peak memory 663 MiB.
2026-10-10T19:09:02Z INFO [908/1500] 35672f75-dbf8-48dc-a00b-01337110f2b0: valid; 1.9 s; peak memory 663 MiB.
2026-10-10T19:09:04Z INFO [909/1500] 357577b5-a3db-41a5-836e-d24fa3a83422: valid; 1.9 s; peak memory 663 MiB.
2026-10-10T19:09:05Z INFO [910/1500] 357dc4e4-5a70-4ad1-859c-37a729cd5e20: valid; 1.3 s; peak memory 663 MiB.
2026-10-10T19:09:07Z INFO [911/1500] 359e8315-3c6b-4ba9-b52f-9a8330df76d7: valid; 2.4 s; peak memory 663 MiB.
2026-10-10T19:09:16Z INFO [912/1500] 35a56f1e-e82e-4b15-abe3-3f5b08d7f83c: valid; 8.1 s; peak memory 663 MiB.
2026-10-10T19:09:17Z INFO [913/1500] 35c6bd54-4bf0-42a2-8744-3f31f9e9ec73: valid; 1.2 s; peak memory 663 MiB.
2026-10-10T19:09:18Z INFO [914/1500] 35c923a2-ff72-4664-835b-d2a6bff78879: valid; 1.2 s; peak memory 663 MiB.
2026-10-10T19:09:20Z INFO [915/1500] 35d05388-199d-4f99-9ca0-88224cee56dd: not valid; 1.5 s; peak memory 663 MiB.
2026-10-10T19:09:22Z INFO [916/1500] 35eb617b-f249-409c-9ea3-008eb8506a1a: valid; 2.3 s; peak memory 663 MiB.
2026-10-10T19:09:26Z INFO [917/1500] 35eb6eee-3329-41aa-8c27-234daef76c6e: valid; 4.0 s; peak memory 663 MiB.
2026-10-10T19:09:28Z INFO [918/1500] 35f66357-a984-48d7-ac15-5b1bdd0b8c7d: valid; 2.0 s; peak memory 663 MiB.
2026-10-10T19:09:30Z INFO [919/1500] 36060b72-5fb4-4be9-b5b4-4670c64f46f5: valid; 1.8 s; peak memory 663 MiB.
2026-10-10T19:09:31Z INFO [920/1500] 36160773-3ca1-4b0a-b9d5-ba28e818dfc5: valid; 1.3 s; peak memory 663 MiB.
2026-10-10T19:09:33Z INFO [921/1500] 36170d8a-6e00-4ead-bcaa-2ffb0ed86891: valid; 1.9 s; peak memory 663 MiB.
2026-10-10T19:09:34Z INFO [922/1500] 361beb30-4f4b-466a-85d5-137ceb72e44a: valid; 1.3 s; peak memory 663 MiB.
2026-10-10T19:09:36Z INFO [923/1500] 36495a83-cf2c-4f76-bdea-1a49e1c4fa24: not valid; 2.0 s; peak memory 663 MiB.
2026-10-10T19:09:39Z INFO [924/1500] 366da912-db43-4415-85bb-5d70c3c8481c: valid; 2.5 s; peak memory 663 MiB.
2026-10-10T19:09:40Z INFO [925/1500] 366e87c5-c10a-4249-937e-1421e550f37f: valid; 1.3 s; peak memory 663 MiB.
2026-10-10T19:09:41Z INFO [926/1500] 36740cd1-0c85-4c2c-ad72-ed3449981e1e: not valid; 1.4 s; peak memory 663 MiB.
2026-10-10T19:09:45Z INFO [927/1500] 36aa9492-c1aa-4e84-b863-f293a80862d2: not valid; 3.4 s; peak memory 663 MiB.
2026-10-10T19:09:49Z INFO [928/1500] 36b5e611-6413-4196-8abc-7b094b12b59a: valid; 4.2 s; peak memory 663 MiB.
2026-10-10T19:09:52Z INFO [929/1500] 36cac910-9944-4bd4-8de6-b5bc3e80f6a8: valid; 2.8 s; peak memory 663 MiB.
2026-10-10T19:09:54Z INFO [930/1500] 36e3cd13-6426-41a4-85ba-7fc490a15cdd: valid; 2.5 s; peak memory 663 MiB.
2026-10-10T19:09:58Z INFO [931/1500] 37056391-95f4-4dcf-9e09-d5a64305dd02: valid; 3.7 s; peak memory 663 MiB.
2026-10-10T19:10:00Z WARNING 3705a20f-836e-4c47-8b13-b5d4eec764c0: failed while opening the NWB file (ConstructError: (root/acquisition/_iblmic_audioSpectrogram/bands GroupBuilder {'attributes': {'colnames': array(['freq'], dtype=object), 'description': 'spectogram frequencies', 'namespace': 'core', 'neurodata_type': 'FrequencyBandsTable', 'object_id': '40d78b71-93ad-4909-a0ee-2bdff3200a72'}, 'groups': {}, 'datasets': {'freq': root/acquisition/_iblmic_audioSpectrogram/bands/freq DatasetBuilder {'attributes': {'description': 'frequency value', 'namespace': 'hdmf-common', 'neurodata_type': 'VectorData', 'object_id': 'f5ec4766-f0c0-4075-bc12-3218d3793cd5'}, 'data': <HDF5 dataset "freq": shape (257,), type "<f4">}, 'id': root/acquisition/_iblmic_audioSpectrogram/bands/id DatasetBuilder {'attributes': {'namespace': 'hdmf-common', 'neurodata_type': 'ElementIdentifiers', 'object_id': 'eb922528-b07a-41f4-83cd-9338f250879e'}, 'data': <HDF5 dataset "id": shape (257,), type "<i4">}}, 'links': {}}, "Could not construct FrequencyBandsTable object due to: column must have the same number of rows as 'id'"))
2026-10-10T19:10:03Z INFO [933/1500] 370990a3-1eff-4a00-9c45-ab5504b0baf6: valid; 2.8 s; peak memory 663 MiB.
2026-10-10T19:10:05Z INFO [934/1500] 3743802e-2609-45c8-8e60-b31879348765: valid; 1.4 s; peak memory 663 MiB.
2026-10-10T19:10:08Z INFO [935/1500] 376da83b-897d-444a-95cd-61e3b20a82b1: not valid; 3.8 s; peak memory 663 MiB.
2026-10-10T19:10:10Z INFO [936/1500] 3774fe7c-6a85-4e22-b7b9-4a0fe39eb3bb: not valid; 1.7 s; peak memory 663 MiB.
2026-10-10T19:10:11Z INFO [937/1500] 3779b386-2d72-43b8-877f-f89b0a1d5b86: not valid; 1.4 s; peak memory 663 MiB.
2026-10-10T19:10:15Z INFO [938/1500] 377da549-8202-4997-9fb0-08ab5572b0f6: not valid; 3.8 s; peak memory 663 MiB.
2026-10-10T19:10:17Z INFO [939/1500] 37a01e38-93ac-4a39-8b19-13606d5374b7: not valid; 1.5 s; peak memory 663 MiB.
2026-10-10T19:10:19Z INFO [940/1500] 37bf027a-2691-41e2-8969-aeded04bd3b4: valid; 2.2 s; peak memory 663 MiB.
2026-10-10T19:10:21Z INFO [941/1500] 37c3654d-fdd4-46d0-9488-05c2c876b32f: not valid; 1.7 s; peak memory 663 MiB.
2026-10-10T19:10:22Z INFO [942/1500] 37dafbe1-a805-44f1-909e-14f7a494f690: valid; 1.2 s; peak memory 663 MiB.
2026-10-10T19:10:24Z INFO [943/1500] 37dded93-45a7-4048-8ace-6a2675ef32d9: not valid; 1.5 s; peak memory 663 MiB.
2026-10-10T19:10:37Z INFO [944/1500] 3807d1d4-4acd-43c2-a868-11c6b5d1ab73: valid; 13.3 s; peak memory 663 MiB.
2026-10-10T19:10:38Z INFO [945/1500] 38240ce3-019b-49db-8839-d4ce389caa46: valid; 1.2 s; peak memory 663 MiB.
2026-10-10T19:10:42Z INFO [946/1500] 38373a48-be05-41c7-ad96-638d8bfe2a2c: valid; 3.9 s; peak memory 663 MiB.
2026-10-10T19:10:43Z INFO [947/1500] 383df77e-2c2f-48bb-a73c-68d695fd1f52: valid; 1.4 s; peak memory 663 MiB.
2026-10-10T19:10:45Z INFO [948/1500] 384d1c09-0852-4cac-9b75-03870d53c2a5: valid; 2.0 s; peak memory 663 MiB.
2026-10-10T19:10:52Z INFO [949/1500] 3852af4e-4347-4720-a001-d01847759aaf: not valid; 6.5 s; peak memory 663 MiB.
2026-10-10T19:10:54Z INFO [950/1500] 385b9c28-3cdf-4ed8-8249-4df517c315c6: valid; 2.4 s; peak memory 663 MiB.
2026-10-10T19:10:56Z INFO [950/1500] 385b9c28-3cdf-4ed8-8249-4df517c315c6: checkpointed 204010 new records.
2026-10-10T19:10:57Z INFO [951/1500] 388b5752-dbb7-44d5-9011-e9777861e49e: valid; 1.6 s; peak memory 663 MiB.
2026-10-10T19:11:00Z INFO [952/1500] 389f341a-59e0-4107-a15c-b28882106806: valid; 2.9 s; peak memory 663 MiB.
2026-10-10T19:11:02Z INFO [953/1500] 38a7e24c-ede5-4380-8d06-0338b890aada: valid; 2.2 s; peak memory 663 MiB.
2026-10-10T19:11:04Z INFO [954/1500] 38c0b73f-6276-44df-98ae-45ed4486f715: valid; 1.3 s; peak memory 663 MiB.
2026-10-10T19:11:06Z INFO [955/1500] 38d0c5e9-48f6-4ba0-9f94-93dd5f408f96: valid; 2.0 s; peak memory 663 MiB.
2026-10-10T19:11:08Z INFO [956/1500] 390be947-3fe1-4b8e-a197-1b917dac836b: not valid; 2.2 s; peak memory 663 MiB.
2026-10-10T19:11:10Z INFO [957/1500] 39247542-8f11-47a0-b29b-4913a020e493: valid; 2.5 s; peak memory 663 MiB.
2026-10-10T19:11:12Z INFO [958/1500] 392c574c-a9d9-45d9-b72f-d7dae44aa73c: valid; 1.3 s; peak memory 663 MiB.
2026-10-10T19:11:16Z INFO [959/1500] 393a403c-4ec7-47f5-90ad-1de1ef041467: not valid; 4.2 s; peak memory 663 MiB.
2026-10-10T19:11:17Z INFO [960/1500] 39497517-cbdb-446a-a04f-8753e23f409f: not valid; 1.6 s; peak memory 663 MiB.
2026-10-10T19:11:20Z INFO [961/1500] 394f6835-69e0-4fd6-9e6c-9a77c7bf4b72: valid; 2.3 s; peak memory 663 MiB.
2026-10-10T19:11:23Z INFO [962/1500] 39578cb6-9615-445a-a7be-efbad2784a49: valid; 3.0 s; peak memory 663 MiB.
2026-10-10T19:11:26Z INFO [963/1500] 395e2769-ca01-4b4f-bed6-770ef60732d5: not valid; 3.7 s; peak memory 663 MiB.
2026-10-10T19:11:31Z INFO [964/1500] 3960741d-683e-4e39-bd81-840a848d7dd2: valid; 5.1 s; peak memory 663 MiB.
2026-10-10T19:11:34Z INFO [965/1500] 397128a0-a4d3-4414-86f6-fa9ae7a4065a: valid; 2.6 s; peak memory 663 MiB.
2026-10-10T19:11:36Z INFO [966/1500] 397e8ac1-8c62-4f52-b990-955f9f809fef: not valid; 1.7 s; peak memory 663 MiB.
2026-10-10T19:11:38Z INFO [967/1500] 39931a88-dd90-4727-b345-de795e882280: valid; 1.9 s; peak memory 663 MiB.
2026-10-10T19:11:39Z INFO [968/1500] 399f9358-8827-41b6-9176-eda6b751fbf6: valid; 1.8 s; peak memory 663 MiB.
2026-10-10T19:11:57Z INFO [969/1500] 39b2acc4-6002-4155-bc0e-52da6f0be85f: valid; 17.2 s; peak memory 663 MiB.
2026-10-10T19:12:14Z INFO [970/1500] 39ba7171-6cbd-4a1f-921a-3f74bdf5c6f5: valid; 17.9 s; peak memory 663 MiB.
2026-10-10T19:12:19Z INFO [971/1500] 39bf2fac-3713-453f-b9c4-a9c06fc27e19: valid; 4.2 s; peak memory 663 MiB.
2026-10-10T19:12:20Z INFO [972/1500] 39ca523e-bed2-461a-945e-feac0f606501: valid; 1.3 s; peak memory 663 MiB.
2026-10-10T19:12:33Z INFO [973/1500] 39d6c840-ae55-4652-9317-8d22596cfa50: valid; 13.0 s; peak memory 663 MiB.
2026-10-10T19:12:35Z INFO [974/1500] 39e2a437-3293-45ae-8b3b-63a44e01c758: not valid; 1.7 s; peak memory 663 MiB.
2026-10-10T19:12:48Z INFO [975/1500] 39e2bb9e-813d-4289-8aee-01994f468faf: valid; 13.4 s; peak memory 663 MiB.
2026-10-10T19:12:52Z INFO [976/1500] 39e9701b-b191-4128-8f1a-67dd5dd49c13: valid; 4.0 s; peak memory 663 MiB.
2026-10-10T19:12:53Z INFO [977/1500] 39efd296-ab26-43da-bff6-5ae5a57634ed: valid; 1.4 s; peak memory 663 MiB.
2026-10-10T19:12:55Z INFO [978/1500] 39fed596-0fda-44de-8eaa-2e048b2d1158: valid; 1.2 s; peak memory 663 MiB.
2026-10-10T19:12:56Z INFO [979/1500] 3a16be07-e456-48e6-ae1c-3cfe5e7c6c04: valid; 1.2 s; peak memory 663 MiB.
2026-10-10T19:12:57Z INFO [980/1500] 3a293f4b-56b6-4a77-b48e-f0e423f06f7b: not valid; 1.4 s; peak memory 663 MiB.
2026-10-10T19:13:05Z INFO [981/1500] 3a3ac73e-e1c8-42ab-bc5d-57878469680c: valid; 7.6 s; peak memory 663 MiB.
2026-10-10T19:13:10Z INFO [982/1500] 3a4e594b-fdcf-42d8-a675-f1240e451ed8: valid; 4.8 s; peak memory 663 MiB.
2026-10-10T19:13:12Z WARNING 3a7a0fc4-247e-411a-b1fa-eed96cf7424e: failed while opening the NWB file (ConstructError: (root/acquisition/_iblmic_audioSpectrogram/bands GroupBuilder {'attributes': {'colnames': array(['freq'], dtype=object), 'description': 'spectogram frequencies', 'namespace': 'core', 'neurodata_type': 'FrequencyBandsTable', 'object_id': 'e817bd88-6f7a-4aae-a852-9ea7e7d36126'}, 'groups': {}, 'datasets': {'freq': root/acquisition/_iblmic_audioSpectrogram/bands/freq DatasetBuilder {'attributes': {'description': 'frequency value', 'namespace': 'hdmf-common', 'neurodata_type': 'VectorData', 'object_id': 'c23076ea-9a12-433a-9182-47fe75ab5dc3'}, 'data': <HDF5 dataset "freq": shape (257,), type "<f4">}, 'id': root/acquisition/_iblmic_audioSpectrogram/bands/id DatasetBuilder {'attributes': {'namespace': 'hdmf-common', 'neurodata_type': 'ElementIdentifiers', 'object_id': '81e744df-4fc7-40ed-895c-cb1284b41040'}, 'data': <HDF5 dataset "id": shape (257,), type "<i4">}}, 'links': {}}, "Could not construct FrequencyBandsTable object due to: column must have the same number of rows as 'id'"))
2026-10-10T19:13:14Z INFO [984/1500] 3a9829bd-d867-4ab7-ba15-0e4f1f097d4f: valid; 1.7 s; peak memory 664 MiB.
2026-10-10T19:13:25Z INFO [985/1500] 3aab2b03-2574-4de6-8997-0a1619111c42: valid; 11.1 s; peak memory 664 MiB.
2026-10-10T19:13:29Z INFO [986/1500] 3ab3bf9e-dbab-4c70-8631-a1da309e4b80: valid; 3.9 s; peak memory 664 MiB.
2026-10-10T19:13:46Z INFO [987/1500] 3ab3ed25-4a3a-4e20-9f28-c7e6d124b6e4: valid; 17.2 s; peak memory 664 MiB.
2026-10-10T19:13:47Z INFO [988/1500] 3ac2f422-b4c1-47f8-a426-ed0980584894: valid; 1.4 s; peak memory 664 MiB.
2026-10-10T19:13:51Z INFO [989/1500] 3ad32a4e-6842-46f2-b387-3cc82fa87fe4: valid; 3.4 s; peak memory 664 MiB.
2026-10-10T19:13:55Z INFO [990/1500] 3af42b0d-c391-4215-8ccc-af73cd324da8: valid; 4.6 s; peak memory 664 MiB.
2026-10-10T19:13:57Z INFO [991/1500] 3afaea8d-0115-47c5-82a1-e1b4a9e3ef32: valid; 1.5 s; peak memory 664 MiB.
2026-10-10T19:13:59Z INFO [992/1500] 3affb85e-ce72-4099-b4d4-a00caf5f2405: valid; 2.1 s; peak memory 664 MiB.
2026-10-10T19:14:00Z INFO [993/1500] 3b0069a9-6b99-4413-9211-d87937bdb3c2: not valid; 1.4 s; peak memory 664 MiB.
2026-10-10T19:14:04Z INFO [994/1500] 3b060c29-2af4-44cf-9a44-adbf2de58e87: not valid; 3.7 s; peak memory 664 MiB.
2026-10-10T19:14:14Z INFO [995/1500] 3b0d79ed-9a0e-49a6-b931-632ad58575ec: valid; 10.4 s; peak memory 664 MiB.
2026-10-10T19:14:16Z INFO [996/1500] 3b4656c2-4675-4986-b492-cdc6821b2af8: valid; 1.7 s; peak memory 664 MiB.
2026-10-10T19:14:21Z INFO [997/1500] 3b4c0770-660e-412e-a137-cf5eb6e0c141: valid; 5.3 s; peak memory 664 MiB.
2026-10-10T19:14:24Z INFO [998/1500] 3b5ecb25-c163-46bb-bd8e-fd619c1d4361: not valid; 2.9 s; peak memory 664 MiB.
2026-10-10T19:14:26Z INFO [999/1500] 3bcae614-0031-4998-a4a5-a8530a469277: valid; 1.3 s; peak memory 664 MiB.
2026-10-10T19:15:14Z INFO [1000/1500] 3be638c0-24b2-480f-8f83-7517e7de9b9b: valid; 48.8 s; peak memory 664 MiB.
2026-10-10T19:15:16Z INFO [1000/1500] 3be638c0-24b2-480f-8f83-7517e7de9b9b: checkpointed 204010 new records.
2026-10-10T19:15:17Z INFO [1001/1500] 3c100394-33af-49fb-a612-0f823295773e: valid; 1.7 s; peak memory 664 MiB.
2026-10-10T19:15:20Z INFO [1002/1500] 3c391a47-36c1-4d66-afab-41cfb00c8a96: not valid; 2.4 s; peak memory 664 MiB.
2026-10-10T19:15:22Z INFO [1003/1500] 3c3a5fd9-4719-4708-8eb7-fe8fde3b1b88: valid; 2.2 s; peak memory 664 MiB.
2026-10-10T19:15:24Z INFO [1004/1500] 3c4dc7b9-7b4f-45c3-bc64-7a169b1f8a83: not valid; 1.7 s; peak memory 664 MiB.
2026-10-10T19:15:25Z INFO [1005/1500] 3c53d139-ab58-4d86-8efe-c7c3fe1d0eaa: valid; 1.4 s; peak memory 664 MiB.
2026-10-10T19:15:27Z INFO [1006/1500] 3c83bf8e-b44b-45f2-b5df-58b2447d0326: valid; 2.0 s; peak memory 664 MiB.
2026-10-10T19:15:29Z INFO [1007/1500] 3c95e143-c90d-4234-a86c-74d850732898: not valid; 1.6 s; peak memory 664 MiB.
2026-10-10T19:15:31Z INFO [1008/1500] 3ca5a35d-90fa-4711-a829-4f8cb26292a1: valid; 1.9 s; peak memory 664 MiB.
2026-10-10T19:15:33Z INFO [1009/1500] 3cfda0bc-71a4-45a5-8207-ab2a7116836a: valid; 2.4 s; peak memory 664 MiB.
2026-10-10T19:15:34Z INFO [1010/1500] 3cfe20fa-6dc1-45e6-a523-b92fc37a33f9: valid; 1.3 s; peak memory 664 MiB.
2026-10-10T19:15:36Z INFO [1011/1500] 3d0119da-0c5a-42eb-8dcf-4e38acbf1307: not valid; 1.5 s; peak memory 664 MiB.
2026-10-10T19:15:38Z INFO [1012/1500] 3d084d3b-e7aa-46a6-9f4a-6fb099597207: valid; 1.7 s; peak memory 664 MiB.
2026-10-10T19:15:39Z INFO [1013/1500] 3d1a2945-a286-4c2a-abc8-d917c547100f: valid; 1.9 s; peak memory 664 MiB.
2026-10-10T19:15:43Z INFO [1014/1500] 3d434c61-482a-4f6d-855c-b971c0efd4ea: valid; 3.1 s; peak memory 664 MiB.
2026-10-10T19:15:44Z INFO [1015/1500] 3d4f1c60-4d2d-4d4a-965b-e0a87292e82f: valid; 1.8 s; peak memory 664 MiB.
2026-10-10T19:15:44Z WARNING 3d55d4b6-0bd6-4594-b84b-c977b5b18fce: failed while retrieving asset information from the DANDI API (NotFoundError: No such Dandiset: 001533)
2026-10-10T19:15:59Z INFO [1017/1500] 3d62ae2d-5155-4151-a325-db95671b4ad9: valid; 14.9 s; peak memory 664 MiB.
2026-10-10T19:16:03Z INFO [1018/1500] 3d7ac637-0f4e-4315-b270-8f6c36e265d6: valid; 3.8 s; peak memory 664 MiB.
2026-10-10T19:16:03Z WARNING 3d8ab0f3-adc1-4e4b-a549-c8f37f5a3b98: failed while retrieving asset information from the DANDI API (NotFoundError: No asset at path 'sub-LG449/sub-LG449_ses-20250331_obj-eolqmt_ophys.nwb' in version 0.260915.2135. Verify the path is correct and the asset exists in this version. Use 'dandi ls' to list available assets.)
2026-10-10T19:16:19Z INFO [1020/1500] 3d8b3e80-65c4-44c1-9781-139512b9db1c: not valid; 16.1 s; peak memory 664 MiB.
2026-10-10T19:16:33Z INFO [1021/1500] 3d9d31e8-c3cc-4122-aea7-99946a0aa424: valid; 14.1 s; peak memory 664 MiB.
2026-10-10T19:16:35Z INFO [1022/1500] 3db26c7a-80ed-43cc-8de0-792fb6bf6ffa: not valid; 1.6 s; peak memory 664 MiB.
2026-10-10T19:16:37Z INFO [1023/1500] 3dbbb200-da61-4244-b6a2-7a748f4d2f65: valid; 2.4 s; peak memory 664 MiB.
2026-10-10T19:16:38Z INFO [1024/1500] 3dbef6b8-98b6-4e7f-a41f-197a112c8dfc: valid; 1.0 s; peak memory 664 MiB.
2026-10-10T19:16:40Z INFO [1025/1500] 3dc38f51-f2f4-4039-9ef4-914b1d3c6752: valid; 1.3 s; peak memory 664 MiB.
2026-10-10T19:16:42Z INFO [1026/1500] 3dc5cf57-e416-4451-8da2-0ac7df1e66ab: valid; 2.0 s; peak memory 664 MiB.
2026-10-10T19:16:52Z INFO [1027/1500] 3dc9c811-e760-4922-a4ba-e1f2cc960de2: valid; 10.3 s; peak memory 664 MiB.
2026-10-10T19:16:55Z WARNING 3dd60c2f-442c-44c1-9c75-785a750d3250: failed while opening the NWB file (ConstructError: (root/acquisition/_iblmic_audioSpectrogram/bands GroupBuilder {'attributes': {'colnames': array(['freq'], dtype=object), 'description': 'spectogram frequencies', 'namespace': 'core', 'neurodata_type': 'FrequencyBandsTable', 'object_id': 'fd1ae007-1379-4e29-b735-dd44127f3510'}, 'groups': {}, 'datasets': {'freq': root/acquisition/_iblmic_audioSpectrogram/bands/freq DatasetBuilder {'attributes': {'description': 'frequency value', 'namespace': 'hdmf-common', 'neurodata_type': 'VectorData', 'object_id': 'd113e585-1b2c-4af7-b186-24f5e3e1d535'}, 'data': <HDF5 dataset "freq": shape (257,), type "<f4">}, 'id': root/acquisition/_iblmic_audioSpectrogram/bands/id DatasetBuilder {'attributes': {'namespace': 'hdmf-common', 'neurodata_type': 'ElementIdentifiers', 'object_id': '3c1db536-8352-49c9-8e13-e45546bcffae'}, 'data': <HDF5 dataset "id": shape (257,), type "<i4">}}, 'links': {}}, "Could not construct FrequencyBandsTable object due to: column must have the same number of rows as 'id'"))
2026-10-10T19:16:57Z INFO [1029/1500] 3dd9a744-d981-48e0-ac81-a88df4500a98: not valid; 2.0 s; peak memory 664 MiB.
2026-10-10T19:16:58Z INFO [1030/1500] 3dedd00d-6845-451e-a160-8e40661cfa44: not valid; 1.5 s; peak memory 664 MiB.
2026-10-10T19:17:00Z INFO [1031/1500] 3e0b68f9-d429-491a-9d27-d94f0b2fd7ea: not valid; 1.8 s; peak memory 664 MiB.
2026-10-10T19:17:12Z INFO [1032/1500] 3e31327b-118d-4d63-b3b0-ab9ab801f217: valid; 12.4 s; peak memory 664 MiB.
2026-10-10T19:17:14Z INFO [1033/1500] 3e417a5b-1b26-44fc-bdb4-98f064cff58b: valid; 1.3 s; peak memory 664 MiB.
2026-10-10T19:17:15Z INFO [1034/1500] 3e49e4e3-4781-4dc6-bdab-0a4cc77466c2: valid; 1.3 s; peak memory 664 MiB.
2026-10-10T19:17:17Z INFO [1035/1500] 3e5cf7fc-2662-401e-aa21-f81fd349ec9f: valid; 2.5 s; peak memory 664 MiB.
2026-10-10T19:17:18Z INFO [1036/1500] 3e9a559f-03e2-4792-ba55-8bc9628beaa2: not valid; 1.0 s; peak memory 664 MiB.
2026-10-10T19:17:21Z INFO [1037/1500] 3eaa2136-9d53-4798-a208-e2eaa415509f: valid; 2.5 s; peak memory 664 MiB.
2026-10-10T19:17:40Z INFO [1038/1500] 3ec58962-de1d-4254-8586-2ec3fea6ba67: valid; 19.5 s; peak memory 664 MiB.
2026-10-10T19:17:43Z INFO [1039/1500] 3ec68666-cca7-4f4d-9e65-05c908b24bf3: valid; 3.0 s; peak memory 664 MiB.
2026-10-10T19:17:45Z INFO [1040/1500] 3ec911a5-0635-4a8a-b48b-f902e933c73a: valid; 1.6 s; peak memory 664 MiB.
2026-10-10T19:18:13Z INFO [1041/1500] 3edd8110-467a-449e-8082-b277c3719b61: valid; 28.4 s; peak memory 664 MiB.
2026-10-10T19:18:15Z INFO [1042/1500] 3eea8cad-17af-4d3d-9917-2f7d5a512f0f: not valid; 1.7 s; peak memory 664 MiB.
2026-10-10T19:18:16Z INFO [1043/1500] 3ef08943-0218-410c-ae65-aa29e34806ad: valid; 1.3 s; peak memory 664 MiB.
2026-10-10T19:18:18Z INFO [1044/1500] 3f07a3e0-1f4f-454b-ac80-2fffca796bc4: not valid; 1.7 s; peak memory 664 MiB.
2026-10-10T19:18:36Z INFO [1045/1500] 3f14fb3f-d199-4486-876d-5e8786f43d51: valid; 18.3 s; peak memory 664 MiB.
2026-10-10T19:18:38Z INFO [1046/1500] 3f159ac7-0ff7-4e7e-bfae-a94b8b69a71c: not valid; 1.5 s; peak memory 664 MiB.
2026-10-10T19:18:40Z INFO [1047/1500] 3f522c0c-bd7a-4d2a-a351-37b63c0a0ae0: not valid; 1.9 s; peak memory 664 MiB.
2026-10-10T19:18:41Z INFO [1048/1500] 3f5e846f-3949-4336-bf08-5bbd708c765a: valid; 1.2 s; peak memory 664 MiB.
2026-10-10T19:19:07Z INFO [1049/1500] 3f782e9b-7ec9-49dc-8bda-eeb7554f2e88: not valid; 26.1 s; peak memory 664 MiB.
2026-10-10T19:19:09Z INFO [1050/1500] 3faca6c7-98b5-4387-982e-f039958b916a: valid; 2.2 s; peak memory 664 MiB.
2026-10-10T19:19:11Z INFO [1050/1500] 3faca6c7-98b5-4387-982e-f039958b916a: checkpointed 204010 new records.
2026-10-10T19:19:15Z INFO [1051/1500] 3fb8dd85-fa83-47fe-80fb-94a64b11a4e8: not valid; 4.2 s; peak memory 664 MiB.
2026-10-10T19:19:16Z INFO [1052/1500] 3fbfba76-e468-44b2-817d-6789e68e7143: valid; 1.3 s; peak memory 664 MiB.
2026-10-10T19:19:19Z INFO [1053/1500] 3fc64d20-cd5c-47b8-81ea-f0609a84b4ac: valid; 3.1 s; peak memory 664 MiB.
2026-10-10T19:19:21Z INFO [1054/1500] 3fe69b76-a128-4c9a-b96d-16bda2b19677: valid; 1.5 s; peak memory 664 MiB.
2026-10-10T19:19:22Z INFO [1055/1500] 3fe8606d-93a8-449e-9567-bbb7f40bcba2: valid; 1.3 s; peak memory 664 MiB.
2026-10-10T19:19:24Z INFO [1056/1500] 3ffcfa6d-a24d-42f7-bc86-c53da71e233f: not valid; 1.8 s; peak memory 664 MiB.
2026-10-10T19:19:26Z INFO [1057/1500] 401b68a3-bf8e-4030-833f-f8ca0b86cf02: valid; 2.5 s; peak memory 664 MiB.
2026-10-10T19:19:28Z INFO [1058/1500] 40555bd1-cdcc-4adb-b5ce-1f5fe5b36d81: valid; 1.7 s; peak memory 664 MiB.
2026-10-10T19:19:44Z INFO [1059/1500] 406346e5-4569-489b-88a9-d162d6a7ac79: valid; 15.7 s; peak memory 664 MiB.
2026-10-10T19:19:49Z INFO [1060/1500] 40769fad-882c-4fcf-ae16-d60b7e41ae53: valid; 5.2 s; peak memory 664 MiB.
2026-10-10T19:19:52Z INFO [1061/1500] 40881094-1e40-4dbe-af18-8f4e418a5b8b: valid; 3.4 s; peak memory 664 MiB.
2026-10-10T19:19:54Z INFO [1062/1500] 408f9b77-6106-4f02-9b24-fd01a46eac20: valid; 1.9 s; peak memory 664 MiB.
2026-10-10T19:19:56Z INFO [1063/1500] 409b952a-31c1-4f09-ba83-68bf9c005f02: valid; 1.4 s; peak memory 664 MiB.
2026-10-10T19:19:58Z INFO [1064/1500] 40ce9b1c-7863-44fd-af9e-8c83d01e55b3: valid; 2.2 s; peak memory 664 MiB.
2026-10-10T19:20:00Z INFO [1065/1500] 40d7721d-7b56-4680-b356-29d262909a38: not valid; 2.1 s; peak memory 664 MiB.
2026-10-10T19:20:01Z INFO [1066/1500] 40ed9147-ec41-42eb-98de-1d72ae693f82: valid; 1.4 s; peak memory 664 MiB.
2026-10-10T19:20:03Z INFO [1067/1500] 40f6681c-3d27-46a3-9871-da746d0fbe14: valid; 1.4 s; peak memory 664 MiB.
2026-10-10T19:20:04Z INFO [1068/1500] 410b6de7-a2e3-4554-8dea-75cf75496564: valid; 1.3 s; peak memory 664 MiB.
2026-10-10T19:20:06Z INFO [1069/1500] 4112d1ad-ab09-4046-a237-7d40edef111a: valid; 2.2 s; peak memory 664 MiB.
2026-10-10T19:20:08Z INFO [1070/1500] 4116d032-2258-449d-aed0-1444f379cb06: valid; 2.0 s; peak memory 664 MiB.
2026-10-10T19:20:09Z INFO [1071/1500] 41172c05-e39e-483e-a221-5fa6744f9cf1: valid; 1.5 s; peak memory 664 MiB.
2026-10-10T19:20:11Z INFO [1072/1500] 4118b56a-e806-4e7a-bb2a-cda77df8ac91: valid; 1.3 s; peak memory 664 MiB.
2026-10-10T19:20:13Z INFO [1073/1500] 4122cb6b-1f21-4f9d-a06a-544b039edb21: valid; 1.8 s; peak memory 664 MiB.
2026-10-10T19:20:15Z WARNING 412f8e0b-730e-4081-97b5-def7eca5dd8d: failed while opening the NWB file (ConstructError: (root/acquisition/_iblmic_audioSpectrogram/bands GroupBuilder {'attributes': {'colnames': array(['freq'], dtype=object), 'description': 'spectogram frequencies', 'namespace': 'core', 'neurodata_type': 'FrequencyBandsTable', 'object_id': '164e9995-0fbc-442b-b7e1-90a329b71791'}, 'groups': {}, 'datasets': {'freq': root/acquisition/_iblmic_audioSpectrogram/bands/freq DatasetBuilder {'attributes': {'description': 'frequency value', 'namespace': 'hdmf-common', 'neurodata_type': 'VectorData', 'object_id': '885313bf-32dc-496a-ab70-a88339b716da'}, 'data': <HDF5 dataset "freq": shape (257,), type "<f4">}, 'id': root/acquisition/_iblmic_audioSpectrogram/bands/id DatasetBuilder {'attributes': {'namespace': 'hdmf-common', 'neurodata_type': 'ElementIdentifiers', 'object_id': 'a7aa21cb-062b-43be-a18a-132866a413c7'}, 'data': <HDF5 dataset "id": shape (257,), type "<i4">}}, 'links': {}}, "Could not construct FrequencyBandsTable object due to: column must have the same number of rows as 'id'"))
2026-10-10T19:20:16Z INFO [1075/1500] 41474afe-6348-49b2-8c69-b0298f1fb8ea: valid; 1.4 s; peak memory 664 MiB.
2026-10-10T19:20:18Z INFO [1076/1500] 4156fc93-1b52-4e9b-93a0-599582867985: valid; 1.3 s; peak memory 664 MiB.
2026-10-10T19:20:19Z INFO [1077/1500] 417500c8-21a9-49ed-aca6-eeae8aa71d80: valid; 1.3 s; peak memory 664 MiB.
2026-10-10T19:20:27Z INFO [1078/1500] 41773146-ea40-4ce9-a807-469660e36919: valid; 7.8 s; peak memory 664 MiB.
2026-10-10T19:20:28Z INFO [1079/1500] 41a1efe5-b1a7-41b0-a7df-4a03f1216bb9: valid; 1.4 s; peak memory 664 MiB.
2026-10-10T19:20:30Z INFO [1080/1500] 41ab65d1-d5ad-4c17-b24f-2926a957a67d: valid; 1.8 s; peak memory 664 MiB.
2026-10-10T19:20:31Z INFO [1081/1500] 41bb7be1-99b0-4751-b703-ed8e27b4309a: valid; 1.6 s; peak memory 664 MiB.
2026-10-10T19:20:33Z INFO [1082/1500] 41d14760-5dd3-4a6e-858e-58aa1a604121: not valid; 1.7 s; peak memory 664 MiB.
2026-10-10T19:20:35Z INFO [1083/1500] 41dc9942-7f26-4c22-94a4-8b39e480245e: not valid; 1.9 s; peak memory 664 MiB.
2026-10-10T19:20:36Z INFO [1084/1500] 41df254a-b25e-4b74-b126-4a298fad597f: valid; 1.3 s; peak memory 664 MiB.
2026-10-10T19:20:40Z INFO [1085/1500] 41edb537-40ad-4682-bffd-d80968fb3ea3: valid; 3.2 s; peak memory 664 MiB.
2026-10-10T19:20:41Z INFO [1086/1500] 41f3c5fa-fc7b-414f-850f-e0e0253e3524: valid; 1.3 s; peak memory 664 MiB.
2026-10-10T19:20:48Z INFO [1087/1500] 423ce130-0e52-4a60-b06c-8bb81cc72d7e: valid; 7.0 s; peak memory 664 MiB.
2026-10-10T19:20:49Z INFO [1088/1500] 4249fff3-b054-4a9c-86e4-906f7a3ea566: not valid; 1.6 s; peak memory 664 MiB.
2026-10-10T19:20:51Z INFO [1089/1500] 425009ec-27d8-4196-a232-c8e7fc95033a: valid; 1.2 s; peak memory 664 MiB.
2026-10-10T19:20:53Z INFO [1090/1500] 426fbf8f-fdc9-436b-bf26-432119adc9a4: valid; 2.7 s; peak memory 664 MiB.
2026-10-10T19:20:55Z INFO [1091/1500] 4279edcc-62e6-4f50-94f0-986fcd67f87f: not valid; 2.1 s; peak memory 664 MiB.
2026-10-10T19:20:57Z INFO [1092/1500] 42899586-f76c-4836-98be-09e9f567ef90: not valid; 1.5 s; peak memory 664 MiB.
2026-10-10T19:21:00Z INFO [1093/1500] 42afe1ac-1a84-44aa-b733-f61ae202f653: valid; 3.4 s; peak memory 664 MiB.
2026-10-10T19:21:02Z INFO [1094/1500] 42b8c958-c757-43a8-9a27-a807366f2cbc: not valid; 1.9 s; peak memory 664 MiB.
2026-10-10T19:21:18Z INFO [1095/1500] 42c9b130-2f72-48c9-83e2-6a9493db13ee: valid; 16.0 s; peak memory 664 MiB.
2026-10-10T19:21:20Z INFO [1096/1500] 42d3451d-224a-4104-9d9d-a37115d6b1e0: not valid; 2.0 s; peak memory 664 MiB.
2026-10-10T19:21:26Z INFO [1097/1500] 42d84793-dcd2-4e90-af0c-f94fe86b8c7d: not valid; 6.3 s; peak memory 664 MiB.
2026-10-10T19:21:28Z INFO [1098/1500] 42ed0678-7527-43db-8961-784feff43b91: valid; 1.3 s; peak memory 664 MiB.
2026-10-10T19:21:30Z INFO [1099/1500] 42eff8c6-9c9d-447b-b785-a72a31d788bf: valid; 1.7 s; peak memory 664 MiB.
2026-10-10T19:21:32Z INFO [1100/1500] 42f63716-b0ef-4a23-a096-7878afa21dd2: not valid; 2.9 s; peak memory 664 MiB.
2026-10-10T19:21:34Z INFO [1100/1500] 42f63716-b0ef-4a23-a096-7878afa21dd2: checkpointed 204010 new records.
2026-10-10T19:21:35Z INFO [1101/1500] 42fbd725-af9b-42d0-a586-535d38d3b029: not valid; 1.4 s; peak memory 664 MiB.
2026-10-10T19:22:13Z INFO [1102/1500] 431976d0-2667-430c-88dd-040c90789877: valid; 37.9 s; peak memory 664 MiB.
2026-10-10T19:22:16Z INFO [1103/1500] 431cacbd-e459-4085-847a-d939ec58a9f1: valid; 2.4 s; peak memory 664 MiB.
2026-10-10T19:22:17Z INFO [1104/1500] 435527b5-cac1-4ced-93e7-1c6f4616faf6: not valid; 1.2 s; peak memory 664 MiB.
2026-10-10T19:22:36Z INFO [1105/1500] 4369b6c8-926d-4256-9c55-58ccb76cd23b: not valid; 19.1 s; peak memory 664 MiB.
2026-10-10T19:22:37Z INFO [1106/1500] 436c2efc-93fb-49ba-8fa5-071a6e49e33f: valid; 1.3 s; peak memory 664 MiB.
2026-10-10T19:22:40Z INFO [1107/1500] 4383017f-315e-4140-a200-763673724491: valid; 3.2 s; peak memory 664 MiB.
2026-10-10T19:22:44Z INFO [1108/1500] 438613dd-85e3-49f8-936f-2d650a5ab853: valid; 3.6 s; peak memory 664 MiB.
2026-10-10T19:22:45Z INFO [1109/1500] 43978239-d05f-4431-800f-df9f318e260b: valid; 1.3 s; peak memory 664 MiB.
2026-10-10T19:22:48Z INFO [1110/1500] 4397a238-4b82-4c45-9b26-091a00a19e39: valid; 2.4 s; peak memory 664 MiB.
2026-10-10T19:22:50Z INFO [1111/1500] 43986c28-496b-4759-ae42-2fde9309d8d4: valid; 2.6 s; peak memory 664 MiB.
2026-10-10T19:22:52Z INFO [1112/1500] 43b3ed3b-940f-4e20-9445-35a0266e81ac: valid; 1.7 s; peak memory 664 MiB.
2026-10-10T19:22:52Z WARNING 43c52626-3ce8-4783-a750-a8e38390be57: failed while retrieving asset information from the DANDI API (NotFoundError: No asset at path 'sub-parkinson-simulated-lfp/sub-parkinson-simulated-lfp_ses-441_ecephys.nwb' in version 0.250327.2220. Verify the path is correct and the asset exists in this version. Use 'dandi ls' to list available assets.)
2026-10-10T19:22:55Z INFO [1114/1500] 43cd3ddd-44e8-4233-997a-5cd789123e2e: valid; 2.5 s; peak memory 664 MiB.
2026-10-10T19:22:56Z INFO [1115/1500] 43f50ea2-29c0-4c67-8396-289b5109b728: not valid; 1.4 s; peak memory 664 MiB.
2026-10-10T19:22:58Z INFO [1116/1500] 43f815c7-7f80-41de-b2f3-69b5fe7d67bc: valid; 2.5 s; peak memory 664 MiB.
2026-10-10T19:23:10Z INFO [1117/1500] 43f95a61-487a-4940-a38a-610aa22e929e: valid; 11.3 s; peak memory 664 MiB.
2026-10-10T19:23:11Z INFO [1118/1500] 440e4385-4329-4460-8eed-bd8a946ce1c0: valid; 1.1 s; peak memory 664 MiB.
2026-10-10T19:23:13Z INFO [1119/1500] 4410b28d-9200-4e5c-9842-67f07a7e3e75: not valid; 2.0 s; peak memory 664 MiB.
2026-10-10T19:23:14Z INFO [1120/1500] 441110d6-bf16-4c68-9c5f-3dcc2e6323b3: not valid; 1.7 s; peak memory 664 MiB.
2026-10-10T19:23:16Z INFO [1121/1500] 441c5457-f489-4884-8f5e-9bd9f2253d9d: valid; 2.0 s; peak memory 664 MiB.
2026-10-10T19:23:17Z INFO [1122/1500] 44507100-8d92-4670-aa48-37da2d3821d0: not valid; 1.0 s; peak memory 664 MiB.
2026-10-10T19:23:19Z INFO [1123/1500] 44558d69-1170-423e-b240-ec9a91788d8b: valid; 1.5 s; peak memory 664 MiB.
2026-10-10T19:23:20Z INFO [1124/1500] 4459af31-96b9-4cbf-b579-da937ecee2a2: valid; 1.3 s; peak memory 664 MiB.
2026-10-10T19:23:22Z INFO [1125/1500] 44680b22-2743-4377-a39a-0643038602eb: not valid; 1.9 s; peak memory 664 MiB.
2026-10-10T19:23:24Z INFO [1126/1500] 4469dd1b-98a9-4cac-9729-957753ce2445: valid; 2.2 s; peak memory 664 MiB.
2026-10-10T19:23:26Z INFO [1127/1500] 448b3a02-904f-4606-8acd-f37156345a2d: valid; 1.2 s; peak memory 664 MiB.
2026-10-10T19:23:28Z INFO [1128/1500] 44a09701-46c2-4014-a41c-ae4eee7a3e45: valid; 2.8 s; peak memory 664 MiB.
2026-10-10T19:23:31Z INFO [1129/1500] 44c6c16c-648a-4e38-8e7a-705aec3fff22: valid; 2.7 s; peak memory 664 MiB.
2026-10-10T19:23:33Z INFO [1130/1500] 44dda253-f126-4770-89b3-a6307483d847: valid; 2.4 s; peak memory 664 MiB.
2026-10-10T19:23:36Z INFO [1131/1500] 44ecd91c-6ac6-4bc7-ade4-de8e0b552345: valid; 2.3 s; peak memory 664 MiB.
2026-10-10T19:23:38Z INFO [1132/1500] 44efe1a9-c14c-42b6-8730-91cc60cd9c00: valid; 2.2 s; peak memory 664 MiB.
2026-10-10T19:23:44Z INFO [1133/1500] 44fc8d62-5578-4143-8271-84db9be25ab6: valid; 5.9 s; peak memory 664 MiB.
2026-10-10T19:23:45Z INFO [1134/1500] 450f10f7-8bfb-4414-9f1c-af661ddc5b8c: valid; 1.5 s; peak memory 664 MiB.
2026-10-10T19:24:02Z INFO [1135/1500] 45371790-29e6-426b-b42e-f8e8fd651c3b: not valid; 16.9 s; peak memory 664 MiB.
2026-10-10T19:24:04Z INFO [1136/1500] 453ebadf-eebd-4b75-bf39-3189499e1d25: not valid; 1.5 s; peak memory 664 MiB.
2026-10-10T19:24:05Z INFO [1137/1500] 45534651-a71e-46d9-9de0-f8e72ddd0557: valid; 1.5 s; peak memory 664 MiB.
2026-10-10T19:24:08Z INFO [1138/1500] 4557204f-9961-4736-8ea0-b72f4a6e8fb9: valid; 2.4 s; peak memory 664 MiB.
2026-10-10T19:24:19Z INFO [1139/1500] 45878344-45fb-4918-8198-d7b800d7407e: not valid; 11.1 s; peak memory 664 MiB.
2026-10-10T19:24:20Z INFO [1140/1500] 45968872-59ba-45e9-b619-8c46ee3f6b08: valid; 1.3 s; peak memory 664 MiB.
2026-10-10T19:24:22Z INFO [1141/1500] 45ba5f85-4b51-47d5-b848-dd83e5c0ba45: not valid; 2.3 s; peak memory 664 MiB.
2026-10-10T19:24:24Z INFO [1142/1500] 45bf5653-7dc6-46f8-8c51-36765e712e19: not valid; 1.6 s; peak memory 664 MiB.
2026-10-10T19:24:25Z INFO [1143/1500] 45e6bcf7-f22b-49e7-bf14-6373a05161f6: valid; 1.4 s; peak memory 664 MiB.
2026-10-10T19:24:27Z INFO [1144/1500] 45fc6247-4490-46d9-887d-ee112e23850d: valid; 1.3 s; peak memory 664 MiB.
2026-10-10T19:24:29Z INFO [1145/1500] 4614f5d5-f95d-4947-8357-daa74cfdbd70: valid; 2.7 s; peak memory 664 MiB.
2026-10-10T19:24:31Z INFO [1146/1500] 46688ce8-4aef-4398-8d1c-c020c4cb01b4: valid; 1.7 s; peak memory 664 MiB.
2026-10-10T19:24:36Z INFO [1147/1500] 467c2681-9646-47b0-93ff-8fa93c7b6592: not valid; 5.2 s; peak memory 664 MiB.
2026-10-10T19:24:39Z INFO [1148/1500] 46925620-0b0f-492a-9eba-329508373389: valid; 2.8 s; peak memory 664 MiB.
2026-10-10T19:24:39Z WARNING 469caa37-6d40-485c-99ec-b0ca111b95c7: failed while retrieving asset information from the DANDI API (NotFoundError: No asset at path 'sub-455220/sub-455220_ses-20190804T152922_behavior+ecephys+ogen.nwb' in version 0.231012.2129. Verify the path is correct and the asset exists in this version. Use 'dandi ls' to list available assets.)
2026-10-10T19:24:40Z INFO [1150/1500] 46ab8942-b799-4210-a84d-ff220f2daefd: valid; 1.3 s; peak memory 664 MiB.
2026-10-10T19:24:42Z INFO [1150/1500] 46ab8942-b799-4210-a84d-ff220f2daefd: checkpointed 204010 new records.
2026-10-10T19:24:43Z INFO [1151/1500] 46b550a0-ac62-4634-a95c-82bf22240f34: valid; 1.4 s; peak memory 664 MiB.
2026-10-10T19:24:46Z INFO [1152/1500] 46cd7b29-38a6-4580-b303-4c3dae9caa2e: valid; 3.0 s; peak memory 664 MiB.
2026-10-10T19:24:49Z INFO [1153/1500] 46d4187b-cfeb-44b5-8aec-2afc5e52828c: not valid; 2.6 s; peak memory 664 MiB.
2026-10-10T19:24:50Z INFO [1154/1500] 46eeb0ed-e6de-4284-9011-c357eb9641d0: not valid; 1.6 s; peak memory 664 MiB.
2026-10-10T19:24:57Z INFO [1155/1500] 470cc918-3c19-47ac-b866-1af09fafe6ae: not valid; 7.1 s; peak memory 664 MiB.
2026-10-10T19:24:59Z INFO [1156/1500] 470dc7fe-69be-4303-8869-2f3dc7af0e66: valid; 1.6 s; peak memory 664 MiB.
2026-10-10T19:25:15Z INFO [1157/1500] 472b9596-fd9e-403a-8aa6-77baa1909193: not valid; 16.0 s; peak memory 664 MiB.
2026-10-10T19:25:16Z INFO [1158/1500] 473db593-4458-455d-a5ac-0b1781f68a51: valid; 1.4 s; peak memory 664 MiB.
2026-10-10T19:25:18Z INFO [1159/1500] 47495a77-675b-49a9-8b11-52ed55153d54: valid; 2.1 s; peak memory 664 MiB.
2026-10-10T19:25:20Z INFO [1160/1500] 475e2faa-cfef-4f4c-81c8-9eb4fc12036c: valid; 1.8 s; peak memory 664 MiB.
2026-10-10T19:25:22Z INFO [1161/1500] 477901b2-ec27-45dc-bfdd-70fe3f94adba: valid; 2.1 s; peak memory 664 MiB.
2026-10-10T19:25:24Z INFO [1162/1500] 4783c4e5-c669-41fc-87e7-1358bae9b1ed: valid; 2.1 s; peak memory 664 MiB.
2026-10-10T19:25:27Z INFO [1163/1500] 478ca21c-c030-4365-a7bc-181d5fe95e01: valid; 2.1 s; peak memory 664 MiB.
2026-10-10T19:25:28Z INFO [1164/1500] 47c6ca4b-2569-4fbd-8df5-6925923b0ebd: valid; 1.3 s; peak memory 664 MiB.
2026-10-10T19:25:30Z INFO [1165/1500] 47c9e4a0-39ed-4132-9da9-56b572a9c197: valid; 2.4 s; peak memory 664 MiB.
2026-10-10T19:25:50Z INFO [1166/1500] 47d3fd8a-ad26-45fd-840f-e3b2a38eda96: valid; 19.6 s; peak memory 664 MiB.
2026-10-10T19:25:51Z INFO [1167/1500] 47e7a14e-0d0b-488b-8913-a69d1ae829a4: valid; 1.4 s; peak memory 664 MiB.
2026-10-10T19:26:07Z INFO [1168/1500] 48030980-5739-4097-8d55-3dd2e18acb03: valid; 15.2 s; peak memory 664 MiB.
2026-10-10T19:26:22Z INFO [1169/1500] 4810351e-0736-4d56-b65a-a6b22f088817: valid; 15.0 s; peak memory 664 MiB.
2026-10-10T19:26:24Z INFO [1170/1500] 48119cfb-d9a2-4c40-a2eb-aa31e7000d19: valid; 2.0 s; peak memory 664 MiB.
2026-10-10T19:26:25Z INFO [1171/1500] 48136cb9-1a6b-4bb5-ae48-9c323987e1c1: valid; 1.3 s; peak memory 664 MiB.
2026-10-10T19:26:26Z INFO [1172/1500] 48177096-88ac-4ca6-a430-bceb51701b92: valid; 1.3 s; peak memory 664 MiB.
2026-10-10T19:26:34Z INFO [1173/1500] 48233332-488e-4671-b3b1-c107be9d0598: valid; 8.3 s; peak memory 664 MiB.
2026-10-10T19:26:42Z INFO [1174/1500] 483a1ee8-bbc9-40a4-aee8-f1dc7cf84570: valid; 7.4 s; peak memory 664 MiB.
2026-10-10T19:26:43Z INFO [1175/1500] 48586ec0-9a64-4831-bfdd-4e2b64f1ad6e: valid; 1.4 s; peak memory 664 MiB.
2026-10-10T19:26:45Z INFO [1176/1500] 485c7b7f-376a-48ca-b040-242c8749b25a: valid; 1.3 s; peak memory 664 MiB.
2026-10-10T19:26:45Z INFO [1177/1500] 489ee3f1-7125-4eb4-9c5d-36a1909be77c: valid; 1.0 s; peak memory 664 MiB.
2026-10-10T19:26:47Z INFO [1178/1500] 48e9c0b5-1ffc-4895-8b3c-a268abfee8fa: valid; 1.2 s; peak memory 664 MiB.
2026-10-10T19:26:47Z WARNING 49042b16-90ff-4f0a-8024-d93158eeee1e: failed while retrieving asset information from the DANDI API (NotFoundError: No asset at path 'sub-parkinson-simulated-beta/sub-parkinson-simulated-beta_ses-1796_ecephys.nwb' in version 0.250327.2220. Verify the path is correct and the asset exists in this version. Use 'dandi ls' to list available assets.)
2026-10-10T19:27:00Z INFO [1180/1500] 4925b4f8-e07e-4aa2-900c-2d179615de4c: valid; 12.8 s; peak memory 664 MiB.
2026-10-10T19:27:04Z INFO [1181/1500] 49360c1c-1059-4a9d-9df5-69957c89d06f: valid; 4.0 s; peak memory 664 MiB.
2026-10-10T19:27:05Z INFO [1182/1500] 495b091a-faf8-4928-8c6a-02d3500be81c: valid; 1.3 s; peak memory 664 MiB.
2026-10-10T19:27:06Z INFO [1183/1500] 495f7e47-61c8-4608-a60e-48fb0ecef61f: not valid; 1.6 s; peak memory 664 MiB.
2026-10-10T19:27:08Z INFO [1184/1500] 49627cc7-f6f2-4828-934c-ad80f57abe9f: valid; 1.3 s; peak memory 664 MiB.
2026-10-10T19:27:10Z INFO [1185/1500] 4965e7a5-12ef-45ae-b1ad-6b2ed9a0677b: not valid; 1.8 s; peak memory 664 MiB.
2026-10-10T19:27:16Z INFO [1186/1500] 49764cbc-0a01-441a-a270-2614388781c2: not valid; 6.2 s; peak memory 664 MiB.
2026-10-10T19:27:18Z INFO [1187/1500] 4986e202-2c53-46b5-a50b-ea61d19584ed: not valid; 1.9 s; peak memory 664 MiB.
2026-10-10T19:27:27Z INFO [1188/1500] 499b05db-1718-4eef-80c6-aa05703476e8: valid; 9.6 s; peak memory 664 MiB.
2026-10-10T19:27:46Z INFO [1189/1500] 49a42b08-87d2-479c-aa8b-73b45d6a6094: valid; 18.9 s; peak memory 664 MiB.
2026-10-10T19:27:48Z INFO [1190/1500] 49b42c64-20f7-4665-8c73-9f01cd9f74c1: valid; 1.5 s; peak memory 664 MiB.
2026-10-10T19:27:51Z INFO [1191/1500] 49b874b8-e290-4799-afae-173592feb325: valid; 3.6 s; peak memory 664 MiB.
2026-10-10T19:27:54Z INFO [1192/1500] 49bcffab-74c0-4ad8-9da7-4044690a68d1: valid; 2.2 s; peak memory 664 MiB.
2026-10-10T19:27:58Z INFO [1193/1500] 49bde577-7418-430b-86bd-ff0e17e65a8d: not valid; 4.4 s; peak memory 664 MiB.
2026-10-10T19:28:32Z INFO [1194/1500] 49bea865-c801-4e5a-a494-3ee420c5f627: not valid; 34.0 s; peak memory 664 MiB.
2026-10-10T19:28:33Z INFO [1195/1500] 49ef30d7-d479-4505-b5a6-71bd2a01efb9: valid; 1.3 s; peak memory 664 MiB.
2026-10-10T19:28:35Z INFO [1196/1500] 49f05e1b-8ae2-4def-a65d-ddfb4c8d4828: valid; 1.3 s; peak memory 664 MiB.
2026-10-10T19:28:37Z INFO [1197/1500] 49fd0a36-a8de-4108-ab7e-437964440e9e: valid; 2.0 s; peak memory 664 MiB.
2026-10-10T19:28:38Z INFO [1198/1500] 4a09979b-6a59-4663-b98a-1cafe497c14a: valid; 1.3 s; peak memory 664 MiB.
2026-10-10T19:28:39Z INFO [1199/1500] 4a1c62dc-63bf-4a38-9c46-33afd8118ae7: valid; 1.3 s; peak memory 664 MiB.
2026-10-10T19:28:52Z INFO [1200/1500] 4a1e68ee-7ba6-41c5-9e54-9cf084bf3c3e: valid; 12.9 s; peak memory 664 MiB.
2026-10-10T19:28:53Z INFO [1200/1500] 4a1e68ee-7ba6-41c5-9e54-9cf084bf3c3e: checkpointed 204010 new records.
2026-10-10T19:28:56Z INFO [1201/1500] 4a41999d-1a98-40a7-9aae-b1acebe66bab: valid; 2.1 s; peak memory 664 MiB.
2026-10-10T19:28:57Z INFO [1202/1500] 4a4bb8d1-c5f2-4b43-8a35-1f90c90df46e: valid; 1.4 s; peak memory 664 MiB.
2026-10-10T19:28:57Z WARNING 4a510246-4cae-4ef8-8914-70667f5e7a4d: failed while retrieving asset information from the DANDI API (NotFoundError: No such Dandiset: 000561)
2026-10-10T19:28:58Z INFO [1204/1500] 4a66142e-478c-4db0-a3d9-282201e66cab: valid; 1.4 s; peak memory 664 MiB.
2026-10-10T19:29:03Z INFO [1205/1500] 4a7801e8-6852-497f-9984-d67702d3ed46: not valid; 4.4 s; peak memory 664 MiB.
2026-10-10T19:29:04Z INFO [1206/1500] 4a806739-af14-42c1-a64e-5c4254e895b5: not valid; 1.6 s; peak memory 664 MiB.
2026-10-10T19:29:06Z INFO [1207/1500] 4a83811a-2862-42e2-b932-9f033702d961: valid; 1.4 s; peak memory 664 MiB.
2026-10-10T19:29:08Z INFO [1208/1500] 4a98e0b8-74af-4fbd-a0a9-b198d804ef05: valid; 2.5 s; peak memory 664 MiB.
2026-10-10T19:29:26Z INFO [1209/1500] 4a9d8c2c-6535-4c88-919e-975ebfe97a6a: valid; 17.4 s; peak memory 664 MiB.
2026-10-10T19:29:29Z INFO [1210/1500] 4aa11b0d-9f40-461a-b35d-4b980a2773b7: valid; 3.1 s; peak memory 664 MiB.
2026-10-10T19:29:32Z INFO [1211/1500] 4aad6893-0ef5-4cc8-bff0-79b4af15e71a: valid; 3.1 s; peak memory 664 MiB.
2026-10-10T19:29:36Z INFO [1212/1500] 4ab424db-5fe9-4bb5-ad4e-51d0cf8ad381: valid; 3.6 s; peak memory 664 MiB.
2026-10-10T19:29:39Z INFO [1213/1500] 4af6fca4-9b5c-4f18-b580-227a33698ab8: valid; 3.1 s; peak memory 664 MiB.
2026-10-10T19:29:40Z INFO [1214/1500] 4afaca8c-c6cd-44a9-93e2-9dc55784a462: valid; 1.3 s; peak memory 664 MiB.
2026-10-10T19:29:44Z INFO [1215/1500] 4b1f942e-cb5b-4b02-982e-4943bf465be1: valid; 4.2 s; peak memory 664 MiB.
2026-10-10T19:29:47Z WARNING 4b343db9-d41e-4c9f-af97-e6c231159849: failed while opening the NWB file (ConstructError: (root/acquisition/_iblmic_audioSpectrogram/bands GroupBuilder {'attributes': {'colnames': array(['freq'], dtype=object), 'description': 'spectogram frequencies', 'namespace': 'core', 'neurodata_type': 'FrequencyBandsTable', 'object_id': 'db393705-a748-4e81-952f-bcd4cbb83805'}, 'groups': {}, 'datasets': {'freq': root/acquisition/_iblmic_audioSpectrogram/bands/freq DatasetBuilder {'attributes': {'description': 'frequency value', 'namespace': 'hdmf-common', 'neurodata_type': 'VectorData', 'object_id': '05c1cc33-bfb1-48a8-98d8-3da7255c05ad'}, 'data': <HDF5 dataset "freq": shape (257,), type "<f4">}, 'id': root/acquisition/_iblmic_audioSpectrogram/bands/id DatasetBuilder {'attributes': {'namespace': 'hdmf-common', 'neurodata_type': 'ElementIdentifiers', 'object_id': '2ee29fae-5d29-40b0-a5f1-5a9f2d640f89'}, 'data': <HDF5 dataset "id": shape (257,), type "<i4">}}, 'links': {}}, "Could not construct FrequencyBandsTable object due to: column must have the same number of rows as 'id'"))
2026-10-10T19:29:48Z INFO [1217/1500] 4b3a4ad0-9182-4f73-8318-9598e78bcb80: not valid; 1.5 s; peak memory 664 MiB.
2026-10-10T19:29:50Z INFO [1218/1500] 4b47a007-08f0-4bea-93b0-20be44a71a81: not valid; 1.5 s; peak memory 664 MiB.
2026-10-10T19:30:02Z INFO [1219/1500] 4b4a2f9f-b58d-4d59-9cc9-32e067532411: not valid; 11.8 s; peak memory 664 MiB.
2026-10-10T19:30:19Z INFO [1220/1500] 4b4b2bad-cb3f-46a1-86d2-cc85d76f4f3c: valid; 17.9 s; peak memory 664 MiB.
2026-10-10T19:30:21Z INFO [1221/1500] 4b50fcc0-1268-48d2-bef9-79df5f215ed4: valid; 1.3 s; peak memory 664 MiB.
2026-10-10T19:30:22Z INFO [1222/1500] 4b636d72-df71-479a-8838-4c09b4bf4fc2: not valid; 1.6 s; peak memory 664 MiB.
2026-10-10T19:30:24Z INFO [1223/1500] 4b794e69-9a29-45a7-89d9-d971b4662c9e: valid; 1.2 s; peak memory 664 MiB.
2026-10-10T19:30:26Z INFO [1224/1500] 4b80176a-0312-4a7d-aedb-2e03ffa6abe8: valid; 2.6 s; peak memory 664 MiB.
2026-10-10T19:30:28Z INFO [1225/1500] 4bb140a5-b9b1-49c3-9854-73d231f9d068: not valid; 1.8 s; peak memory 664 MiB.
2026-10-10T19:30:31Z INFO [1226/1500] 4bb1e407-02df-4ddb-bb5d-4a01fc03f17f: valid; 2.9 s; peak memory 664 MiB.
2026-10-10T19:30:32Z INFO [1227/1500] 4bb3b2e1-c451-4d63-b6e4-c9c3f184fe0c: valid; 1.3 s; peak memory 664 MiB.
2026-10-10T19:30:34Z INFO [1228/1500] 4bb621fb-23dd-4bd6-a274-d639c85704df: valid; 2.1 s; peak memory 664 MiB.
2026-10-10T19:30:35Z INFO [1229/1500] 4be9b674-342b-4858-b786-32d299fb7bee: valid; 1.1 s; peak memory 664 MiB.
2026-10-10T19:30:37Z INFO [1230/1500] 4c0209bb-6570-4eab-9773-11165f5a9f81: valid; 1.3 s; peak memory 664 MiB.
2026-10-10T19:30:39Z INFO [1231/1500] 4c078e9e-1f46-4930-8bf9-f7c187741ee9: valid; 2.0 s; peak memory 664 MiB.
2026-10-10T19:30:41Z INFO [1232/1500] 4c0ea0dd-d7fe-4b0c-9267-ac4d7a550f01: not valid; 1.9 s; peak memory 664 MiB.
2026-10-10T19:30:44Z INFO [1233/1500] 4c3d2b7a-a4b8-42f6-b8d1-a4c70f92843e: not valid; 3.0 s; peak memory 664 MiB.
2026-10-10T19:30:45Z INFO [1234/1500] 4c44d6b2-51fe-4188-863f-a760b9a5fda3: valid; 1.6 s; peak memory 664 MiB.
2026-10-10T19:30:48Z INFO [1235/1500] 4c59334d-40d4-423c-adc0-d4ca3c5fa260: valid; 2.7 s; peak memory 664 MiB.
2026-10-10T19:30:50Z INFO [1236/1500] 4c5c2f2b-1d52-4264-a4ef-49ccb8799093: valid; 1.9 s; peak memory 664 MiB.
2026-10-10T19:30:51Z INFO [1237/1500] 4c7066c7-b0b8-4fa9-9546-f231ca2a071e: not valid; 1.6 s; peak memory 664 MiB.
2026-10-10T19:30:53Z INFO [1238/1500] 4c80cad7-5b5f-4424-8759-d6aa2996c180: valid; 1.9 s; peak memory 664 MiB.
2026-10-10T19:30:55Z INFO [1239/1500] 4c8a2626-6091-409e-81b0-9d8d266b987e: not valid; 1.6 s; peak memory 664 MiB.
2026-10-10T19:30:57Z INFO [1240/1500] 4cb7560f-8748-42db-b75f-47a80facac32: valid; 2.2 s; peak memory 664 MiB.
2026-10-10T19:30:59Z INFO [1241/1500] 4cc137b9-9625-476c-9d91-87e31a3ed730: not valid; 1.6 s; peak memory 664 MiB.
2026-10-10T19:31:01Z INFO [1242/1500] 4cdff0fb-0684-4f90-b93e-779f54af820a: valid; 2.2 s; peak memory 664 MiB.
2026-10-10T19:31:03Z INFO [1243/1500] 4ce340c6-48f9-4759-b046-453f963b857e: valid; 2.2 s; peak memory 664 MiB.
2026-10-10T19:31:05Z INFO [1244/1500] 4ce342ac-8f23-4561-9893-002e03ecb7c6: not valid; 1.9 s; peak memory 664 MiB.
2026-10-10T19:31:18Z INFO [1245/1500] 4d11e9c7-4fb2-45cf-bcbc-b02f46110430: valid; 12.8 s; peak memory 664 MiB.
2026-10-10T19:31:19Z INFO [1246/1500] 4d2096a5-e978-42e2-9d4c-eaeda42a9217: valid; 1.3 s; peak memory 664 MiB.
2026-10-10T19:31:20Z INFO [1247/1500] 4d4a1d95-de2c-41e5-ab91-61162a45fdcd: valid; 1.3 s; peak memory 664 MiB.
2026-10-10T19:31:22Z INFO [1248/1500] 4d70a0b0-b77e-4978-8a87-d6b6cc2aed80: valid; 1.7 s; peak memory 664 MiB.
2026-10-10T19:31:30Z INFO [1249/1500] 4d884eef-1ad1-4cbf-8cb8-b38c1453e0b0: valid; 8.0 s; peak memory 664 MiB.
2026-10-10T19:31:32Z INFO [1250/1500] 4da3f880-30de-4c2f-a8d6-7df9744a4be1: valid; 2.1 s; peak memory 664 MiB.
2026-10-10T19:31:33Z INFO [1250/1500] 4da3f880-30de-4c2f-a8d6-7df9744a4be1: checkpointed 204010 new records.
2026-10-10T19:31:35Z INFO [1251/1500] 4db13670-6783-442d-a2aa-09ecc7571e66: not valid; 1.6 s; peak memory 664 MiB.
2026-10-10T19:31:37Z INFO [1252/1500] 4db62e3e-8a00-4cc4-8b26-9dbfec759474: valid; 2.2 s; peak memory 664 MiB.
2026-10-10T19:31:39Z INFO [1253/1500] 4db99a0a-5fd5-44bc-83b4-9e5e4e13ed04: valid; 1.3 s; peak memory 664 MiB.
2026-10-10T19:31:40Z INFO [1254/1500] 4dd2849c-3268-4aac-9a53-35c45ce1f2fd: valid; 1.9 s; peak memory 664 MiB.
2026-10-10T19:31:42Z INFO [1255/1500] 4dd8018d-f4c4-40bb-bec5-10de281849ff: valid; 1.9 s; peak memory 664 MiB.
2026-10-10T19:31:44Z INFO [1256/1500] 4de6615e-945d-4ef9-8e1b-7f41102ce041: valid; 1.2 s; peak memory 664 MiB.
2026-10-10T19:31:45Z INFO [1257/1500] 4def8eb8-f5b1-40bf-8e06-ab1bc9e77e4f: valid; 1.8 s; peak memory 664 MiB.
2026-10-10T19:31:47Z INFO [1258/1500] 4df769c1-696a-42f2-8c6c-688f7b28bee8: valid; 1.4 s; peak memory 664 MiB.
2026-10-10T19:31:54Z INFO [1259/1500] 4e05ad14-74a7-48c4-bc54-c485a359c4e8: valid; 6.7 s; peak memory 664 MiB.
2026-10-10T19:31:56Z INFO [1260/1500] 4e0dd0c3-4073-4fd6-a961-f6e232d04f7a: valid; 2.1 s; peak memory 664 MiB.
2026-10-10T19:31:57Z INFO [1261/1500] 4e144481-4b93-4b0d-a3ff-ae4cff8715bf: not valid; 1.5 s; peak memory 664 MiB.
2026-10-10T19:32:00Z INFO [1262/1500] 4e16e4f5-d90c-4cb5-95be-c6a923e138e3: valid; 2.4 s; peak memory 664 MiB.
2026-10-10T19:32:02Z INFO [1263/1500] 4e295e99-3686-4cd7-aaa4-ccaaa5641e7f: valid; 2.2 s; peak memory 664 MiB.
2026-10-10T19:32:03Z INFO [1264/1500] 4e38e9be-cb20-49fd-b59b-f2ef9c81ede4: valid; 1.4 s; peak memory 664 MiB.
2026-10-10T19:32:07Z INFO [1265/1500] 4e4c547a-150c-4492-b61f-5d3b335aab74: not valid; 4.1 s; peak memory 664 MiB.
2026-10-10T19:32:09Z INFO [1266/1500] 4e52105f-a99f-4930-b205-6566948c59da: valid; 1.5 s; peak memory 664 MiB.
2026-10-10T19:32:10Z INFO [1267/1500] 4e59a9ff-bd85-496a-9b13-97c14ffce59a: not valid; 1.7 s; peak memory 664 MiB.
2026-10-10T19:32:12Z INFO [1268/1500] 4e6655a0-ddd7-4f2a-8ab7-6ea05a3ab6fe: valid; 1.3 s; peak memory 664 MiB.
2026-10-10T19:34:30Z INFO [1269/1500] 4e68248c-8760-4e01-b0a1-61fc68e2b2a4: not valid; 137.9 s; peak memory 664 MiB.
2026-10-10T19:34:32Z WARNING 4e762b9d-ac27-4877-8b9d-6a5838608b22: failed while opening the NWB file (ConstructError: (root/acquisition/_iblmic_audioSpectrogram/bands GroupBuilder {'attributes': {'colnames': array(['freq'], dtype=object), 'description': 'spectogram frequencies', 'namespace': 'core', 'neurodata_type': 'FrequencyBandsTable', 'object_id': 'ea5595b8-abec-49aa-89e0-61e186a37790'}, 'groups': {}, 'datasets': {'freq': root/acquisition/_iblmic_audioSpectrogram/bands/freq DatasetBuilder {'attributes': {'description': 'frequency value', 'namespace': 'hdmf-common', 'neurodata_type': 'VectorData', 'object_id': 'f44bb23c-fbeb-4701-8e10-3d4e38ef455d'}, 'data': <HDF5 dataset "freq": shape (257,), type "<f4">}, 'id': root/acquisition/_iblmic_audioSpectrogram/bands/id DatasetBuilder {'attributes': {'namespace': 'hdmf-common', 'neurodata_type': 'ElementIdentifiers', 'object_id': 'cbc564e6-4cc7-43d9-9d3c-063ee911ede4'}, 'data': <HDF5 dataset "id": shape (257,), type "<i4">}}, 'links': {}}, "Could not construct FrequencyBandsTable object due to: column must have the same number of rows as 'id'"))
2026-10-10T19:34:39Z INFO [1271/1500] 4e826de8-7795-46f7-8325-c8a11b47f32a: valid; 7.0 s; peak memory 664 MiB.
2026-10-10T19:34:43Z INFO [1272/1500] 4e8fa0b2-6ef3-4a94-b801-5a1b876eed0d: valid; 3.8 s; peak memory 664 MiB.
2026-10-10T19:34:45Z INFO [1273/1500] 4ebb1050-eb23-4d47-966f-6c429efaf458: not valid; 1.6 s; peak memory 664 MiB.
2026-10-10T19:34:47Z WARNING 4edc4ac5-4eb6-492d-aa95-01331f23101f: failed while opening the NWB file (ConstructError: (root/acquisition/_iblmic_audioSpectrogram/bands GroupBuilder {'attributes': {'colnames': array(['freq'], dtype=object), 'description': 'spectogram frequencies', 'namespace': 'core', 'neurodata_type': 'FrequencyBandsTable', 'object_id': '9dbc66db-93b6-4e15-831e-5bb21984443d'}, 'groups': {}, 'datasets': {'freq': root/acquisition/_iblmic_audioSpectrogram/bands/freq DatasetBuilder {'attributes': {'description': 'frequency value', 'namespace': 'hdmf-common', 'neurodata_type': 'VectorData', 'object_id': 'adf4b2f0-87c5-4b14-be43-b72a93bde944'}, 'data': <HDF5 dataset "freq": shape (257,), type "<f4">}, 'id': root/acquisition/_iblmic_audioSpectrogram/bands/id DatasetBuilder {'attributes': {'namespace': 'hdmf-common', 'neurodata_type': 'ElementIdentifiers', 'object_id': '8c00f44d-c433-4549-b487-ee75cd4c77f8'}, 'data': <HDF5 dataset "id": shape (257,), type "<i4">}}, 'links': {}}, "Could not construct FrequencyBandsTable object due to: column must have the same number of rows as 'id'"))
2026-10-10T19:34:51Z INFO [1275/1500] 4f2c2609-4f2e-4fad-8a72-3e62c449c1cd: not valid; 4.0 s; peak memory 664 MiB.
2026-10-10T19:34:53Z WARNING 4f354676-c0d9-412b-8190-b5bbd4da9272: failed while opening the NWB file (ConstructError: (root/acquisition/_iblmic_audioSpectrogram/bands GroupBuilder {'attributes': {'colnames': array(['freq'], dtype=object), 'description': 'spectogram frequencies', 'namespace': 'core', 'neurodata_type': 'FrequencyBandsTable', 'object_id': '1e97d8b1-acb5-47b6-b354-6f16c126deb6'}, 'groups': {}, 'datasets': {'freq': root/acquisition/_iblmic_audioSpectrogram/bands/freq DatasetBuilder {'attributes': {'description': 'frequency value', 'namespace': 'hdmf-common', 'neurodata_type': 'VectorData', 'object_id': '59ec8493-80d9-4c19-bbb7-a1a1d94388c6'}, 'data': <HDF5 dataset "freq": shape (257,), type "<f4">}, 'id': root/acquisition/_iblmic_audioSpectrogram/bands/id DatasetBuilder {'attributes': {'namespace': 'hdmf-common', 'neurodata_type': 'ElementIdentifiers', 'object_id': '2e07f31a-2d52-463d-8e70-981c3afbcf76'}, 'data': <HDF5 dataset "id": shape (257,), type "<i4">}}, 'links': {}}, "Could not construct FrequencyBandsTable object due to: column must have the same number of rows as 'id'"))
2026-10-10T19:34:54Z INFO [1277/1500] 4f4cc359-19b5-4482-8764-5d4a61a4d7e8: valid; 1.4 s; peak memory 664 MiB.
2026-10-10T19:34:58Z INFO [1278/1500] 4f6e3abe-1976-45d6-862c-957be3f0c387: valid; 4.0 s; peak memory 664 MiB.
2026-10-10T19:35:04Z INFO [1279/1500] 4f770a1a-8bdb-44b5-8500-91371a732a11: valid; 5.7 s; peak memory 664 MiB.
2026-10-10T19:35:06Z INFO [1280/1500] 4f8513e8-958f-4c71-8968-e2c8c2f79b7c: valid; 2.2 s; peak memory 664 MiB.
2026-10-10T19:35:07Z INFO [1281/1500] 4facc4f1-48b8-496d-907b-a236a06aa056: valid; 1.1 s; peak memory 664 MiB.
2026-10-10T19:35:10Z INFO [1282/1500] 4fb1ea4a-eca0-490b-a089-7c2053eb57e5: valid; 2.3 s; peak memory 664 MiB.
2026-10-10T19:35:11Z INFO [1283/1500] 4fcda0ec-3154-486c-a274-0d4ee7a37080: valid; 1.2 s; peak memory 664 MiB.
2026-10-10T19:35:13Z INFO [1284/1500] 4ff98298-2d6b-4fb5-bb20-a83c629ae182: valid; 1.6 s; peak memory 664 MiB.
2026-10-10T19:35:21Z INFO [1285/1500] 501e8173-94bd-4cd9-b9f2-b47554e31cd6: valid; 8.2 s; peak memory 664 MiB.
2026-10-10T19:35:22Z INFO [1286/1500] 5036e8d6-bc0d-490a-a94a-fde56e20d24f: not valid; 1.7 s; peak memory 664 MiB.
2026-10-10T19:35:24Z INFO [1287/1500] 503c8b6f-ccdd-481d-ac32-7c398fd691c3: valid; 1.7 s; peak memory 664 MiB.
2026-10-10T19:35:36Z INFO [1288/1500] 504300be-fc26-4ad3-a3af-7b7aebe2984d: valid; 12.4 s; peak memory 664 MiB.
2026-10-10T19:35:38Z INFO [1289/1500] 50822b5b-ddc7-4e31-a427-e08cc6adf468: valid; 1.9 s; peak memory 664 MiB.
2026-10-10T19:35:40Z INFO [1290/1500] 509219f2-2851-4a44-8b88-fdd2d06674c5: not valid; 1.7 s; peak memory 664 MiB.
2026-10-10T19:35:43Z INFO [1291/1500] 50933c5e-791e-40d8-914b-143c7834b6a0: valid; 2.4 s; peak memory 664 MiB.
2026-10-10T19:35:44Z INFO [1292/1500] 50b544f0-7801-4fbb-954f-7e765b9a1f99: not valid; 1.0 s; peak memory 664 MiB.
2026-10-10T19:35:45Z INFO [1293/1500] 50c56fbb-cfee-4282-a9d9-7340dffab804: valid; 1.3 s; peak memory 664 MiB.
2026-10-10T19:35:47Z INFO [1294/1500] 51245cb8-b5e0-491c-a4bb-5ea1146367c2: valid; 1.7 s; peak memory 664 MiB.
2026-10-10T19:36:00Z INFO [1295/1500] 513055cb-d8ff-4a63-b193-84ad28d578fa: valid; 13.4 s; peak memory 664 MiB.
2026-10-10T19:36:02Z INFO [1296/1500] 5132c5ae-2b06-4081-afc3-29e483f47a9b: valid; 2.4 s; peak memory 664 MiB.
2026-10-10T19:36:09Z INFO [1297/1500] 513481c4-ee42-4810-8801-34a61bfcb4bf: not valid; 7.1 s; peak memory 664 MiB.
2026-10-10T19:36:11Z INFO [1298/1500] 51506c82-3b31-416f-97e1-ba394b2e7628: not valid; 1.4 s; peak memory 664 MiB.
2026-10-10T19:36:15Z INFO [1299/1500] 515cf42e-734f-4972-9851-6db36e417ee3: not valid; 4.1 s; peak memory 664 MiB.
2026-10-10T19:36:16Z INFO [1300/1500] 516b5c71-1b60-401f-bfba-b49f2ae77964: valid; 1.3 s; peak memory 664 MiB.
2026-10-10T19:36:17Z INFO [1300/1500] 516b5c71-1b60-401f-bfba-b49f2ae77964: checkpointed 204010 new records.
2026-10-10T19:36:20Z INFO [1301/1500] 51aed317-cf52-4f52-a00f-1287a0ecce6e: valid; 2.7 s; peak memory 664 MiB.
2026-10-10T19:36:22Z INFO [1302/1500] 51c8644c-4e98-478d-8478-0b0e052a33fe: not valid; 1.5 s; peak memory 664 MiB.
2026-10-10T19:36:54Z INFO [1303/1500] 51d6894a-f096-4749-975e-d170b1999394: not valid; 32.7 s; peak memory 664 MiB.
2026-10-10T19:36:56Z INFO [1304/1500] 51e1e101-a70b-4fd4-9007-b246e592a133: valid; 1.9 s; peak memory 664 MiB.
2026-10-10T19:36:58Z INFO [1305/1500] 51e35503-59c6-4d7c-b2fe-d72d6b4b0d95: not valid; 1.4 s; peak memory 664 MiB.
2026-10-10T19:37:00Z INFO [1306/1500] 520ef909-bfe5-4fda-966f-090e8efe554a: valid; 2.3 s; peak memory 664 MiB.
2026-10-10T19:37:14Z INFO [1307/1500] 5210bb2c-7ee4-41e7-8658-4d2a8e9860d0: valid; 13.8 s; peak memory 664 MiB.
2026-10-10T19:37:16Z INFO [1308/1500] 5212fbbb-a0cd-4859-9044-f96907723627: valid; 2.0 s; peak memory 664 MiB.
2026-10-10T19:37:18Z INFO [1309/1500] 5214702d-449b-4b03-96a4-7e8b46170dbd: valid; 2.0 s; peak memory 664 MiB.
2026-10-10T19:37:20Z INFO [1310/1500] 521d6756-a235-4547-9eec-ce7aa2631752: not valid; 1.7 s; peak memory 664 MiB.
2026-10-10T19:37:23Z INFO [1311/1500] 522a5136-8c00-4d6c-88d0-7528f32f6ea8: valid; 3.9 s; peak memory 664 MiB.
2026-10-10T19:37:25Z INFO [1312/1500] 522b6d1e-1066-4dab-8ea0-674427f09032: valid; 1.4 s; peak memory 664 MiB.
2026-10-10T19:37:27Z INFO [1313/1500] 524869bf-1f95-44ec-8ef5-d9cc84d3b114: valid; 1.9 s; peak memory 664 MiB.
2026-10-10T19:37:29Z INFO [1314/1500] 5262a2bc-77c6-4b74-a634-bdab3279c5aa: valid; 2.1 s; peak memory 664 MiB.
2026-10-10T19:37:42Z INFO [1315/1500] 527f0e1e-23c0-4e3e-93b1-cd734d40b4cd: not valid; 13.2 s; peak memory 664 MiB.
2026-10-10T19:37:44Z INFO [1316/1500] 52a43a49-4c89-4beb-b54d-aa526c3900af: not valid; 2.1 s; peak memory 664 MiB.
2026-10-10T19:37:45Z INFO [1317/1500] 52a7ea75-3e8c-4399-837f-7200aa907b85: valid; 1.3 s; peak memory 664 MiB.
2026-10-10T19:37:53Z INFO [1318/1500] 52dbf39f-c4bc-49e4-94d1-fb50d3606195: valid; 7.7 s; peak memory 664 MiB.
2026-10-10T19:37:55Z INFO [1319/1500] 52e10fcd-f3a5-4843-96c7-5c5a0075cfe7: valid; 2.0 s; peak memory 664 MiB.
2026-10-10T19:37:56Z INFO [1320/1500] 52ee106d-0074-445d-bef0-95d5a4faf19c: valid; 1.3 s; peak memory 664 MiB.
2026-10-10T19:38:07Z INFO [1321/1500] 52f4830f-e288-4871-a524-41db32c95cbe: valid; 10.9 s; peak memory 664 MiB.
2026-10-10T19:38:10Z INFO [1322/1500] 53250d74-87d3-4fa9-b2d6-840f41d44406: valid; 2.9 s; peak memory 664 MiB.
2026-10-10T19:38:17Z INFO [1323/1500] 5327bf51-f4d8-40c5-8705-feadcaa6976f: valid; 7.4 s; peak memory 664 MiB.
2026-10-10T19:38:19Z INFO [1324/1500] 534ed516-ba0f-4b22-9656-96908412faf1: valid; 1.4 s; peak memory 664 MiB.
2026-10-10T19:38:26Z INFO [1325/1500] 53769cb6-c451-4439-bab4-d882c18d00c3: valid; 6.7 s; peak memory 664 MiB.
2026-10-10T19:39:02Z INFO [1326/1500] 5387af28-a863-42b1-82c9-c0d56ee2ee42: not valid; 36.2 s; peak memory 664 MiB.
2026-10-10T19:39:06Z INFO [1327/1500] 539100fc-2aeb-43eb-a0ba-209ad70ed4f3: valid; 4.3 s; peak memory 664 MiB.
2026-10-10T19:39:08Z INFO [1328/1500] 539a654f-de5a-4dab-bd26-4dd12df0df08: valid; 1.9 s; peak memory 664 MiB.
2026-10-10T19:39:09Z INFO [1329/1500] 53babb36-b29e-41bc-92a3-3dd19dacbdbc: valid; 1.4 s; peak memory 664 MiB.
2026-10-10T19:39:16Z INFO [1330/1500] 53c751ad-5895-46f0-812f-68a6da455dc5: valid; 6.9 s; peak memory 664 MiB.
2026-10-10T19:39:19Z INFO [1331/1500] 53d0ea15-de3e-49cc-bf58-9ca516c96072: valid; 2.9 s; peak memory 664 MiB.
2026-10-10T19:39:20Z INFO [1332/1500] 53ddf692-3453-4264-8da6-20c75dd0d792: valid; 1.4 s; peak memory 664 MiB.
2026-10-10T19:39:22Z INFO [1333/1500] 541676e7-a38c-41d7-9c2e-4157a1612dfd: not valid; 1.7 s; peak memory 664 MiB.
2026-10-10T19:39:25Z INFO [1334/1500] 541bbecf-1a29-4504-a2de-16d59eb73563: valid; 2.5 s; peak memory 664 MiB.
2026-10-10T19:39:27Z WARNING 5442438e-b89b-4c76-8a94-40de4867afd0: failed while opening the NWB file (ConstructError: (root/acquisition/_iblmic_audioSpectrogram/bands GroupBuilder {'attributes': {'colnames': array(['freq'], dtype=object), 'description': 'spectogram frequencies', 'namespace': 'core', 'neurodata_type': 'FrequencyBandsTable', 'object_id': '94db2b18-a9a2-418f-afc8-f84dc6ee5304'}, 'groups': {}, 'datasets': {'freq': root/acquisition/_iblmic_audioSpectrogram/bands/freq DatasetBuilder {'attributes': {'description': 'frequency value', 'namespace': 'hdmf-common', 'neurodata_type': 'VectorData', 'object_id': '14dd22a1-53ca-402d-8154-c2eb3e20dbc5'}, 'data': <HDF5 dataset "freq": shape (257,), type "<f4">}, 'id': root/acquisition/_iblmic_audioSpectrogram/bands/id DatasetBuilder {'attributes': {'namespace': 'hdmf-common', 'neurodata_type': 'ElementIdentifiers', 'object_id': 'ae28684a-cf6a-435f-8c4d-2de8d74aa9a6'}, 'data': <HDF5 dataset "id": shape (257,), type "<i4">}}, 'links': {}}, "Could not construct FrequencyBandsTable object due to: column must have the same number of rows as 'id'"))
2026-10-10T19:39:28Z INFO [1336/1500] 544a4e81-4610-4c94-b3e3-2d67591ae2c1: valid; 1.2 s; peak memory 664 MiB.
2026-10-10T19:39:31Z INFO [1337/1500] 54798c75-e16b-4ce5-bf2b-d16832a4b52f: valid; 2.6 s; peak memory 664 MiB.
2026-10-10T19:39:37Z INFO [1338/1500] 547b95e7-1576-4431-aef1-0b5244503697: not valid; 6.6 s; peak memory 664 MiB.
2026-10-10T19:39:43Z INFO [1339/1500] 54ca6325-9e24-4a46-bdb7-cc65d3680399: not valid; 5.7 s; peak memory 664 MiB.
2026-10-10T19:39:45Z INFO [1340/1500] 54ce513f-cbef-4438-b829-7823a8f6b125: valid; 2.0 s; peak memory 664 MiB.
2026-10-10T19:39:48Z INFO [1341/1500] 54edd787-5bca-4b6c-8b46-3b8baeb15cab: valid; 2.7 s; peak memory 664 MiB.
2026-10-10T19:39:52Z INFO [1342/1500] 550449b3-1068-4d6d-a06e-d3c24fb2a3e9: valid; 4.0 s; peak memory 664 MiB.
2026-10-10T19:39:56Z INFO [1343/1500] 5537929b-68b2-41ec-82af-18f59512636a: valid; 4.2 s; peak memory 664 MiB.
2026-10-10T19:40:04Z INFO [1344/1500] 55426c33-b87d-4da3-aacd-6941b0705fca: valid; 7.9 s; peak memory 664 MiB.
2026-10-10T19:40:05Z INFO [1345/1500] 5543e666-020a-416e-a02d-9bb8a490ed59: valid; 1.3 s; peak memory 664 MiB.
2026-10-10T19:40:07Z INFO [1346/1500] 55600cf3-e439-4b89-9b35-b03e9571863c: valid; 2.3 s; peak memory 664 MiB.
2026-10-10T19:40:09Z INFO [1347/1500] 556b0333-aeea-4202-9e16-fba8f07e90fa: not valid; 1.7 s; peak memory 664 MiB.
2026-10-10T19:40:16Z INFO [1348/1500] 5582c28f-9add-4b90-9ac2-eb1c5325799b: not valid; 6.9 s; peak memory 664 MiB.
2026-10-10T19:40:17Z INFO [1349/1500] 55851aa3-9ba5-4d55-9ab1-2c06b7313d46: valid; 1.3 s; peak memory 664 MiB.
2026-10-10T19:40:19Z INFO [1350/1500] 5595117f-fc07-46ab-b4b7-9e40920eedd0: valid; 2.0 s; peak memory 664 MiB.
2026-10-10T19:40:21Z INFO [1350/1500] 5595117f-fc07-46ab-b4b7-9e40920eedd0: checkpointed 204010 new records.
2026-10-10T19:40:23Z INFO [1351/1500] 55a16dba-a184-4da4-a811-2b387654e993: valid; 2.9 s; peak memory 664 MiB.
2026-10-10T19:40:25Z INFO [1352/1500] 55b75c5b-e5cc-4c76-bd07-b16ecad2a582: valid; 1.7 s; peak memory 664 MiB.
2026-10-10T19:41:16Z INFO [1353/1500] 55c5e1d1-cc67-41f3-ac3b-bc4c6605a940: not valid; 51.0 s; peak memory 664 MiB.
2026-10-10T19:41:21Z INFO [1354/1500] 55eed721-1e10-43d7-8cb5-571298670908: valid; 5.2 s; peak memory 664 MiB.
2026-10-10T19:41:23Z INFO [1355/1500] 55fd4029-2174-41c8-ab26-be4503ff2d00: not valid; 1.9 s; peak memory 664 MiB.
2026-10-10T19:41:25Z INFO [1356/1500] 56338e4f-1cdb-49ba-b2f1-b62dc598afd5: valid; 1.3 s; peak memory 664 MiB.
2026-10-10T19:41:26Z INFO [1357/1500] 5633f45f-ad92-4c91-9855-f1a955885e97: valid; 1.4 s; peak memory 664 MiB.
2026-10-10T19:41:27Z INFO [1358/1500] 5640f899-2c79-4ed1-80c4-fbc67fe092b5: valid; 1.2 s; peak memory 664 MiB.
2026-10-10T19:41:28Z INFO [1359/1500] 5651fecd-2471-4fb5-a274-1e43f18c2451: valid; 1.2 s; peak memory 664 MiB.
2026-10-10T19:41:30Z INFO [1360/1500] 56605053-681c-4ff9-90a3-451cfac78426: not valid; 1.6 s; peak memory 664 MiB.
2026-10-10T19:41:44Z INFO [1361/1500] 566532f4-7f2e-484f-8c5d-55ab0c1f3428: valid; 13.6 s; peak memory 664 MiB.
2026-10-10T19:41:46Z INFO [1362/1500] 566a20ec-0287-402a-8601-a5699154d740: valid; 2.0 s; peak memory 664 MiB.
2026-10-10T19:41:48Z INFO [1363/1500] 566ab85c-01d4-4487-924b-5c5e14b576ba: not valid; 2.5 s; peak memory 664 MiB.
2026-10-10T19:41:49Z INFO [1364/1500] 566d5c4d-0957-4810-84a8-ceb3230ea01c: valid; 1.2 s; peak memory 664 MiB.
2026-10-10T19:41:51Z INFO [1365/1500] 56b3906c-f02b-44b7-a461-fb635e0bd483: not valid; 1.9 s; peak memory 664 MiB.
2026-10-10T19:41:55Z INFO [1366/1500] 56d5cbb2-69ed-420d-8f89-24bbb613e339: valid; 3.8 s; peak memory 664 MiB.
2026-10-10T19:41:56Z INFO [1367/1500] 56e90f43-ff37-432a-aaa6-dcf47d898c34: not valid; 1.5 s; peak memory 664 MiB.
2026-10-10T19:41:59Z INFO [1368/1500] 5702798c-bc8f-4963-8547-3abbc64e44bd: valid; 2.0 s; peak memory 664 MiB.
2026-10-10T19:42:00Z INFO [1369/1500] 570f0947-3d94-460e-8eef-b30a22f8e84d: not valid; 1.4 s; peak memory 664 MiB.
2026-10-10T19:42:02Z INFO [1370/1500] 5719add6-48cf-4053-b181-cac91c6d222e: valid; 1.9 s; peak memory 664 MiB.
2026-10-10T19:42:04Z WARNING 575a9c10-8acb-4e43-a6fe-cb6972e0bec7: failed while opening the NWB file (ConstructError: (root/acquisition/event_code_meanings GroupBuilder {'attributes': {'colnames': array(['value', 'meaning'], dtype=object), 'description': 'Mapping integer event codes to event labels', 'namespace': 'ndx-events', 'neurodata_type': 'MeaningsTable', 'object_id': 'd7dbc37b-83f4-40dc-9baf-620952b1d0e9'}, 'groups': {}, 'datasets': {'id': root/acquisition/event_code_meanings/id DatasetBuilder {'attributes': {'namespace': 'hdmf-common', 'neurodata_type': 'ElementIdentifiers', 'object_id': '157d6875-68f8-4ac9-8edd-5df7fa5f4a3b'}, 'data': <HDF5 dataset "id": shape (26,), type "<i8">}, 'meaning': root/acquisition/event_code_meanings/meaning DatasetBuilder {'attributes': {'description': 'The meaning of the value in the parent CategoricalVectorData object.', 'namespace': 'hdmf-experimental', 'neurodata_type': 'VectorData', 'object_id': '6fc2290c-a1a3-4aa6-8d07-030db0098ff6'}, 'data': <StrDataset for HDF5 dataset "meaning": shape (26,), type "|O">}, 'value': root/acquisition/event_code_meanings/value DatasetBuilder {'attributes': {'description': 'The value of the parent CategoricalVectorData object.', 'namespace': 'hdmf-experimental', 'neurodata_type': 'VectorData', 'object_id': '1046aba3-153f-462d-a6f4-cca34aa97a3f'}, 'data': <HDF5 dataset "value": shape (26,), type "<i8">}}, 'links': {}}, "Could not construct MeaningsTable object due to: MeaningsTable.__init__: missing argument 'target'"))
2026-10-10T19:42:05Z INFO [1372/1500] 576cdf69-2e46-4bf2-9549-63ccafaa4d3a: valid; 1.4 s; peak memory 664 MiB.
2026-10-10T19:42:07Z INFO [1373/1500] 57869d3e-9f47-4609-b039-3b8fb09a1c9f: valid; 1.3 s; peak memory 664 MiB.
2026-10-10T19:43:35Z INFO [1374/1500] 57a2948e-f2a5-429c-8387-45b0890ba954: valid; 88.4 s; peak memory 664 MiB.
2026-10-10T19:43:38Z INFO [1375/1500] 57ce7d15-8abf-44ed-82c9-3fc16e43dd2f: valid; 3.2 s; peak memory 664 MiB.
2026-10-10T19:43:40Z WARNING 57cf77e4-53cf-4a2f-872b-669b72608a0d: failed while opening the NWB file (ConstructError: (root/acquisition/event_code_meanings GroupBuilder {'attributes': {'colnames': array(['value', 'meaning'], dtype=object), 'description': 'Mapping integer event codes to event labels', 'namespace': 'ndx-events', 'neurodata_type': 'MeaningsTable', 'object_id': '45fc26ab-6e24-4a69-a193-c1290836f010'}, 'groups': {}, 'datasets': {'id': root/acquisition/event_code_meanings/id DatasetBuilder {'attributes': {'namespace': 'hdmf-common', 'neurodata_type': 'ElementIdentifiers', 'object_id': '29c1c527-e44e-4b0d-b832-d06502046e16'}, 'data': <HDF5 dataset "id": shape (26,), type "<i8">}, 'meaning': root/acquisition/event_code_meanings/meaning DatasetBuilder {'attributes': {'description': 'The meaning of the value in the parent CategoricalVectorData object.', 'namespace': 'hdmf-experimental', 'neurodata_type': 'VectorData', 'object_id': '362b1b6e-15df-41e3-b992-8346de674de9'}, 'data': <StrDataset for HDF5 dataset "meaning": shape (26,), type "|O">}, 'value': root/acquisition/event_code_meanings/value DatasetBuilder {'attributes': {'description': 'The value of the parent CategoricalVectorData object.', 'namespace': 'hdmf-experimental', 'neurodata_type': 'VectorData', 'object_id': 'a4200fb5-8425-40a3-b669-f133fdba25ab'}, 'data': <HDF5 dataset "value": shape (26,), type "<i8">}}, 'links': {}}, "Could not construct MeaningsTable object due to: MeaningsTable.__init__: missing argument 'target'"))
2026-10-10T19:43:45Z INFO [1377/1500] 57ddc300-efe1-4a15-b98c-c6714593a43a: valid; 4.4 s; peak memory 664 MiB.
2026-10-10T19:43:46Z INFO [1378/1500] 57e594aa-0590-4309-a220-5cde78f69ce0: valid; 1.3 s; peak memory 664 MiB.
2026-10-10T19:43:49Z INFO [1379/1500] 57f7b98a-ef15-4e85-b9e2-d1bf1d32bc2c: valid; 3.1 s; peak memory 664 MiB.
2026-10-10T19:43:51Z INFO [1380/1500] 57f9bbdd-5c8d-400d-81d2-4be664ce3a21: not valid; 1.9 s; peak memory 664 MiB.
2026-10-10T19:43:54Z WARNING 58138745-fbb6-4563-ab62-d1c7f83eb8bb: failed while opening the NWB file (ConstructError: (root/acquisition/_iblmic_audioSpectrogram/bands GroupBuilder {'attributes': {'colnames': array(['freq'], dtype=object), 'description': 'spectogram frequencies', 'namespace': 'core', 'neurodata_type': 'FrequencyBandsTable', 'object_id': 'ded6babd-d72d-41a4-83ec-8594916d6aa1'}, 'groups': {}, 'datasets': {'freq': root/acquisition/_iblmic_audioSpectrogram/bands/freq DatasetBuilder {'attributes': {'description': 'frequency value', 'namespace': 'hdmf-common', 'neurodata_type': 'VectorData', 'object_id': '2e520a91-b4ff-4861-821a-bae6615f55cf'}, 'data': <HDF5 dataset "freq": shape (257,), type "<f4">}, 'id': root/acquisition/_iblmic_audioSpectrogram/bands/id DatasetBuilder {'attributes': {'namespace': 'hdmf-common', 'neurodata_type': 'ElementIdentifiers', 'object_id': '57bfa908-46db-42f0-8e47-e621afff75ce'}, 'data': <HDF5 dataset "id": shape (257,), type "<i4">}}, 'links': {}}, "Could not construct FrequencyBandsTable object due to: column must have the same number of rows as 'id'"))
2026-10-10T19:43:56Z INFO [1382/1500] 582079d4-f1fe-487e-a200-614e5d771f17: valid; 2.1 s; peak memory 664 MiB.
2026-10-10T19:43:58Z INFO [1383/1500] 5826f739-c00b-48d4-998b-bb5deaf55323: valid; 2.4 s; peak memory 664 MiB.
2026-10-10T19:44:00Z INFO [1384/1500] 582a9029-1983-4c65-9b39-ec8b41f3ae88: valid; 2.4 s; peak memory 664 MiB.
2026-10-10T19:44:03Z INFO [1385/1500] 5847fb21-7afc-43dc-bb83-1157aab47508: valid; 2.9 s; peak memory 664 MiB.
2026-10-10T19:44:06Z INFO [1386/1500] 587cf1f5-3c8d-456b-a010-fb08116b38ab: valid; 2.6 s; peak memory 664 MiB.
2026-10-10T19:44:08Z INFO [1387/1500] 58807624-a237-4b81-9eb3-aca5039341bc: valid; 1.9 s; peak memory 664 MiB.
2026-10-10T19:44:19Z INFO [1388/1500] 588437b2-84d3-4ab8-93d2-108d0e1df369: valid; 11.3 s; peak memory 664 MiB.
2026-10-10T19:44:20Z INFO [1389/1500] 58c03f34-fc0e-4ed2-89ad-2be0f7fe487b: not valid; 1.3 s; peak memory 664 MiB.
2026-10-10T19:44:23Z INFO [1390/1500] 58c51126-9278-448c-a91a-054f6f5dba8f: valid; 2.8 s; peak memory 664 MiB.
2026-10-10T19:44:25Z INFO [1391/1500] 58c60fb0-8747-4657-9e5f-4885b2b02c9e: valid; 2.1 s; peak memory 664 MiB.
2026-10-10T19:44:27Z INFO [1392/1500] 58dbb8bf-53ee-4313-b41e-89c5a1833877: valid; 1.3 s; peak memory 664 MiB.
2026-10-10T19:44:28Z INFO [1393/1500] 58dece7f-30f6-4e53-85a2-320c9f21d6d7: not valid; 1.3 s; peak memory 664 MiB.
2026-10-10T19:44:30Z INFO [1394/1500] 58e05ebd-ab95-4c3b-8fa4-126c30fa9c3a: not valid; 2.0 s; peak memory 664 MiB.
2026-10-10T19:44:32Z INFO [1395/1500] 58fd0703-b366-4aec-9e0c-999108e67841: valid; 2.5 s; peak memory 664 MiB.
2026-10-10T19:44:34Z INFO [1396/1500] 58fd71e0-2e7c-4b44-87c5-c182a321d435: valid; 1.9 s; peak memory 664 MiB.
2026-10-10T19:44:36Z INFO [1397/1500] 59254c08-8653-4368-ae7c-af9d8877c276: valid; 1.4 s; peak memory 664 MiB.
2026-10-10T19:44:37Z INFO [1398/1500] 5929e758-1149-4d6b-8340-28c769ce777f: not valid; 1.5 s; peak memory 664 MiB.
2026-10-10T19:44:45Z INFO [1399/1500] 592dd0c4-4210-484e-be4b-9b939fae112d: valid; 7.8 s; peak memory 664 MiB.
2026-10-10T19:44:51Z INFO [1400/1500] 593513b2-0e6a-46b3-b1a8-36f02946a718: valid; 6.5 s; peak memory 664 MiB.
2026-10-10T19:44:53Z INFO [1400/1500] 593513b2-0e6a-46b3-b1a8-36f02946a718: checkpointed 204010 new records.
2026-10-10T19:44:55Z WARNING 593d510a-d420-4c4c-b4c3-f6b44a277af0: failed while opening the NWB file (ConstructError: (root/acquisition/_iblmic_audioSpectrogram/bands GroupBuilder {'attributes': {'colnames': array(['freq'], dtype=object), 'description': 'spectogram frequencies', 'namespace': 'core', 'neurodata_type': 'FrequencyBandsTable', 'object_id': '6343bc6c-9b5d-4a4b-9720-5b620b0a15a7'}, 'groups': {}, 'datasets': {'freq': root/acquisition/_iblmic_audioSpectrogram/bands/freq DatasetBuilder {'attributes': {'description': 'frequency value', 'namespace': 'hdmf-common', 'neurodata_type': 'VectorData', 'object_id': '03709302-b24b-40e4-9990-1ebec0df0cb0'}, 'data': <HDF5 dataset "freq": shape (257,), type "<f4">}, 'id': root/acquisition/_iblmic_audioSpectrogram/bands/id DatasetBuilder {'attributes': {'namespace': 'hdmf-common', 'neurodata_type': 'ElementIdentifiers', 'object_id': 'f6abbf09-5f6b-41ee-83b0-4e8f4f459cd0'}, 'data': <HDF5 dataset "id": shape (257,), type "<i4">}}, 'links': {}}, "Could not construct FrequencyBandsTable object due to: column must have the same number of rows as 'id'"))
2026-10-10T19:44:56Z INFO [1402/1500] 594b5963-60e5-4026-828a-8e28cec540e4: valid; 1.4 s; peak memory 664 MiB.
2026-10-10T19:45:08Z INFO [1403/1500] 5956a17c-fa77-4b17-a8ba-bcfaf0836f69: valid; 11.6 s; peak memory 664 MiB.
2026-10-10T19:45:10Z INFO [1404/1500] 5969e78a-ccae-4f54-b489-248890635567: valid; 2.3 s; peak memory 664 MiB.
2026-10-10T19:45:13Z INFO [1405/1500] 5992f3b6-3b6f-40b0-a4c1-7fa4df9697c4: valid; 2.4 s; peak memory 664 MiB.
2026-10-10T19:48:51Z INFO [1406/1500] 5994e04b-b80c-4e42-bb09-bb83e111af65: valid; 218.4 s; peak memory 664 MiB.
2026-10-10T19:48:54Z INFO [1407/1500] 59a30f46-dd62-479c-a350-0512321d9ece: valid; 2.8 s; peak memory 664 MiB.
2026-10-10T19:48:56Z INFO [1408/1500] 59acd902-e0af-4349-bf8b-05f98e230c05: valid; 2.4 s; peak memory 664 MiB.
2026-10-10T19:48:58Z INFO [1409/1500] 59ae29a2-c5e8-4cc9-9edc-bba0c6109472: valid; 2.1 s; peak memory 664 MiB.
2026-10-10T19:49:03Z INFO [1410/1500] 59bd1534-5aad-4ad7-9f85-41fe79ee0cbd: valid; 4.3 s; peak memory 664 MiB.
2026-10-10T19:49:04Z INFO [1411/1500] 59bdaceb-f9e7-48d3-a9a8-183802c6006e: not valid; 1.4 s; peak memory 664 MiB.
2026-10-10T19:49:05Z INFO [1412/1500] 59c134b5-2349-4e0d-9a70-846368b48a1e: valid; 1.2 s; peak memory 664 MiB.
2026-10-10T19:49:07Z INFO [1413/1500] 59dceeb7-d976-4861-bf08-27d9cf5c4897: not valid; 1.8 s; peak memory 664 MiB.
2026-10-10T19:49:10Z WARNING 59f08baa-9865-4f7b-b3ca-010c084f9309: failed while opening the NWB file (ConstructError: (root/acquisition/_iblmic_audioSpectrogram/bands GroupBuilder {'attributes': {'colnames': array(['freq'], dtype=object), 'description': 'spectogram frequencies', 'namespace': 'core', 'neurodata_type': 'FrequencyBandsTable', 'object_id': 'fdc504a8-6f60-4c88-8524-5d8405deaf4c'}, 'groups': {}, 'datasets': {'freq': root/acquisition/_iblmic_audioSpectrogram/bands/freq DatasetBuilder {'attributes': {'description': 'frequency value', 'namespace': 'hdmf-common', 'neurodata_type': 'VectorData', 'object_id': '0d958b89-1662-487d-b495-c4665f477976'}, 'data': <HDF5 dataset "freq": shape (257,), type "<f4">}, 'id': root/acquisition/_iblmic_audioSpectrogram/bands/id DatasetBuilder {'attributes': {'namespace': 'hdmf-common', 'neurodata_type': 'ElementIdentifiers', 'object_id': '26390a09-7fb6-4365-9ab8-1266473330c8'}, 'data': <HDF5 dataset "id": shape (257,), type "<i4">}}, 'links': {}}, "Could not construct FrequencyBandsTable object due to: column must have the same number of rows as 'id'"))
2026-10-10T19:49:11Z INFO [1415/1500] 59f2132b-df7e-4e04-a51f-a61af9bea16b: valid; 1.4 s; peak memory 664 MiB.
2026-10-10T19:49:13Z INFO [1416/1500] 59facbd5-13ac-4e3d-87c6-6fcadc1aa2f6: not valid; 1.8 s; peak memory 664 MiB.
2026-10-10T19:49:14Z INFO [1417/1500] 5a1a330d-e074-43e2-abe5-fd75bc0607c6: valid; 1.2 s; peak memory 664 MiB.
2026-10-10T19:49:24Z INFO [1418/1500] 5a35c653-b7e1-4294-800c-12ebf44e36eb: not valid; 10.0 s; peak memory 664 MiB.
2026-10-10T19:49:26Z INFO [1419/1500] 5a38caa3-2ee6-4acf-ba35-4fe4c7174527: valid; 2.3 s; peak memory 664 MiB.
2026-10-10T19:49:30Z INFO [1420/1500] 5a48fadb-cc41-4182-b58d-57ef914dad02: not valid; 3.4 s; peak memory 664 MiB.
2026-10-10T19:49:31Z INFO [1421/1500] 5a4b37a7-965e-4b70-a9ea-ba2b931e7441: not valid; 1.5 s; peak memory 664 MiB.
2026-10-10T19:49:32Z INFO [1422/1500] 5a502df4-3b8e-48d2-86f2-719c3d2d105f: valid; 1.3 s; peak memory 664 MiB.
2026-10-10T19:49:34Z INFO [1423/1500] 5a53826b-ffe3-4085-afcf-cdf6dc3eb74c: not valid; 1.5 s; peak memory 664 MiB.
2026-10-10T19:49:36Z INFO [1424/1500] 5a5ff425-e831-4144-89fb-8a1e82981af7: valid; 2.4 s; peak memory 664 MiB.
2026-10-10T19:49:41Z INFO [1425/1500] 5a6d17e0-14aa-4332-9bc8-edbbda121611: valid; 4.9 s; peak memory 664 MiB.
2026-10-10T19:49:42Z INFO [1426/1500] 5a851fcf-0b84-4537-989b-d2336678b8d8: valid; 1.3 s; peak memory 664 MiB.
2026-10-10T19:49:44Z INFO [1427/1500] 5a969218-67f0-4fcd-ae27-536ed9c1a5ff: not valid; 2.0 s; peak memory 664 MiB.
2026-10-10T19:49:47Z INFO [1428/1500] 5aa7b82c-9aef-41da-b04b-72e7dbdc64d3: valid; 2.8 s; peak memory 664 MiB.
2026-10-10T19:49:49Z INFO [1429/1500] 5ab5791c-c93d-4ac3-86c0-0c9493c81870: not valid; 1.9 s; peak memory 664 MiB.
2026-10-10T19:49:53Z INFO [1430/1500] 5afdb3bd-eb9c-4c2c-a9c8-8f86b79ad816: not valid; 3.6 s; peak memory 664 MiB.
2026-10-10T19:49:54Z INFO [1431/1500] 5b0165d3-bb70-492e-afc7-601069d20c14: valid; 1.3 s; peak memory 664 MiB.
2026-10-10T19:49:56Z INFO [1432/1500] 5b09cee3-cdf9-458d-983d-6713b6a1864f: not valid; 1.8 s; peak memory 664 MiB.
2026-10-10T19:49:58Z INFO [1433/1500] 5b122bbb-ce2c-4443-bc92-6d00330bd4ec: not valid; 1.8 s; peak memory 664 MiB.
2026-10-10T19:50:19Z INFO [1434/1500] 5b15d9aa-4ac1-4acb-9140-a038cd34b099: valid; 21.0 s; peak memory 664 MiB.
2026-10-10T19:50:20Z INFO [1435/1500] 5b2c6e80-e692-41bb-8744-ef8ce7f3d826: not valid; 1.4 s; peak memory 664 MiB.
2026-10-10T19:50:36Z INFO [1436/1500] 5b35c827-f8ed-4d77-b818-d300a4ad02bc: valid; 15.8 s; peak memory 664 MiB.
2026-10-10T19:50:37Z INFO [1437/1500] 5b3ec91e-d129-48fb-a490-4926701ac489: not valid; 1.5 s; peak memory 664 MiB.
2026-10-10T19:50:39Z INFO [1438/1500] 5b41192f-5da5-48e7-b0c0-b8984c0558c9: not valid; 1.6 s; peak memory 664 MiB.
2026-10-10T19:50:40Z INFO [1439/1500] 5b5d36cc-1cb4-491e-b545-ad3e397b2b80: valid; 1.3 s; peak memory 664 MiB.
2026-10-10T19:50:50Z INFO [1440/1500] 5b616573-b776-415a-b15f-a532641265f7: not valid; 9.3 s; peak memory 664 MiB.
2026-10-10T19:50:51Z INFO [1441/1500] 5bb3090c-ce8d-488c-9ade-fc72cafddcbc: valid; 1.3 s; peak memory 664 MiB.
2026-10-10T19:50:53Z INFO [1442/1500] 5bd7046b-98ff-4d8a-acf5-bbf6311529d6: valid; 1.5 s; peak memory 664 MiB.
2026-10-10T19:50:54Z INFO [1443/1500] 5be36e00-fbf6-4f1e-bc52-4c01e617db63: valid; 1.4 s; peak memory 664 MiB.
2026-10-10T19:50:58Z INFO [1444/1500] 5be9cfce-e287-4989-a2fd-b8f7398b20ad: valid; 4.5 s; peak memory 664 MiB.
2026-10-10T19:51:00Z INFO [1445/1500] 5bfab409-8147-401a-9e29-d3294e870e8f: not valid; 2.0 s; peak memory 664 MiB.
2026-10-10T19:51:02Z INFO [1446/1500] 5bfbc5a7-0325-40e4-8be0-4cc38d79bc52: not valid; 1.9 s; peak memory 664 MiB.
2026-10-10T19:51:13Z INFO [1447/1500] 5c3c0830-dd18-443f-bec9-1db5039ac0cd: valid; 11.1 s; peak memory 664 MiB.
2026-10-10T19:51:15Z INFO [1448/1500] 5c4a9c5b-08c9-4a80-9c50-004234c3db93: valid; 1.3 s; peak memory 664 MiB.
2026-10-10T19:51:28Z INFO [1449/1500] 5c50fc1b-1745-4ac7-9cf2-902b6bf1e240: valid; 13.4 s; peak memory 664 MiB.
2026-10-10T19:51:30Z INFO [1450/1500] 5c622ed3-6e59-4150-93ef-51cf9a8be71e: valid; 2.3 s; peak memory 664 MiB.
2026-10-10T19:51:32Z INFO [1450/1500] 5c622ed3-6e59-4150-93ef-51cf9a8be71e: checkpointed 204010 new records.
2026-10-10T19:51:33Z INFO [1451/1500] 5c6fbfd3-8a78-4f29-a265-b9146312389f: valid; 1.3 s; peak memory 664 MiB.
2026-10-10T19:51:35Z INFO [1452/1500] 5c777db8-c7cb-4008-8829-c3b5eaebba75: not valid; 1.6 s; peak memory 664 MiB.
2026-10-10T19:51:47Z INFO [1453/1500] 5c8aa5b6-7752-4c29-a6b1-c17b0069fa88: valid; 12.5 s; peak memory 664 MiB.
2026-10-10T19:51:56Z INFO [1454/1500] 5c8b7e29-3699-46f3-ae47-0ecfbce807d4: not valid; 9.1 s; peak memory 664 MiB.
2026-10-10T19:51:58Z INFO [1455/1500] 5c8d584c-cf0c-4495-a590-cb582854d8dd: valid; 2.0 s; peak memory 664 MiB.
2026-10-10T19:52:00Z INFO [1456/1500] 5caace2f-eb1b-4840-9ba2-47e3d9e3fdbb: not valid; 2.0 s; peak memory 664 MiB.
2026-10-10T19:52:04Z INFO [1457/1500] 5cb26eaf-cbe0-4c2f-ae2c-4426839dbf16: not valid; 3.6 s; peak memory 664 MiB.
2026-10-10T19:52:05Z INFO [1458/1500] 5cc661fa-9e51-4d1b-8560-1fbd4e3db61a: not valid; 1.4 s; peak memory 664 MiB.
2026-10-10T19:52:07Z INFO [1459/1500] 5ccce722-d2c3-4445-b01f-16bf365151e5: valid; 1.3 s; peak memory 664 MiB.
2026-10-10T19:52:08Z INFO [1460/1500] 5cd345a7-e21b-4b02-8ebf-c8f2aeb9117b: valid; 1.3 s; peak memory 664 MiB.
2026-10-10T19:52:10Z INFO [1461/1500] 5d172605-4d5f-4fc6-a3ec-3d70308a597c: valid; 2.5 s; peak memory 664 MiB.
2026-10-10T19:52:12Z INFO [1462/1500] 5d30008a-4067-4360-a64d-efbdc3a133a0: valid; 2.0 s; peak memory 664 MiB.
2026-10-10T19:52:15Z INFO [1463/1500] 5d314163-286b-4f6f-b2e2-036b07c3cf7b: valid; 2.6 s; peak memory 664 MiB.
2026-10-10T19:52:31Z INFO [1464/1500] 5d3f3c96-ae84-4afa-9003-02105e375f03: valid; 16.1 s; peak memory 664 MiB.
2026-10-10T19:52:46Z INFO [1465/1500] 5d576667-eb6e-4053-96c5-0b2e11dc2e31: valid; 14.3 s; peak memory 664 MiB.
2026-10-10T19:52:47Z INFO [1466/1500] 5d68981b-ed94-40af-825d-6c875771d9b7: valid; 1.4 s; peak memory 664 MiB.
2026-10-10T19:52:48Z INFO [1467/1500] 5da9afb1-e80f-43d8-b1ee-0661f9781f11: valid; 1.3 s; peak memory 664 MiB.
2026-10-10T19:52:50Z INFO [1468/1500] 5dc566ea-a4f0-42af-9b6f-6ccdd1a00e52: valid; 2.1 s; peak memory 664 MiB.
2026-10-10T19:52:52Z INFO [1469/1500] 5df0c460-7a6e-4ad9-94f0-882ff143e3eb: valid; 1.9 s; peak memory 664 MiB.
2026-10-10T19:52:52Z WARNING 5df73e42-878e-4378-abd6-77b2f36ebfc1: failed while retrieving asset information from the DANDI API (NotFoundError: No such Dandiset: 001533)
2026-10-10T19:52:59Z INFO [1471/1500] 5dffa01c-e184-4f70-ae05-bb6038138594: valid; 7.0 s; peak memory 664 MiB.
2026-10-10T19:53:02Z INFO [1472/1500] 5e02fa14-5211-40d2-bfd3-2b3349824490: valid; 2.2 s; peak memory 664 MiB.
2026-10-10T19:53:04Z INFO [1473/1500] 5e131dc9-5263-42b5-8410-61044d34ef4b: not valid; 2.6 s; peak memory 664 MiB.
2026-10-10T19:53:08Z INFO [1474/1500] 5e27ad18-cfab-4513-bb1e-26cf5e948c4e: valid; 3.8 s; peak memory 664 MiB.
2026-10-10T19:53:12Z INFO [1475/1500] 5e3a6a13-a3c2-4e32-8c1a-0073d77df1d5: valid; 3.8 s; peak memory 664 MiB.
2026-10-10T19:53:14Z INFO [1476/1500] 5e3b4381-5a73-45ab-8290-42e5287c94b3: valid; 2.5 s; peak memory 664 MiB.
2026-10-10T19:53:18Z INFO [1477/1500] 5e723490-6ffa-4e5d-9bba-5610bb607c0f: valid; 3.8 s; peak memory 664 MiB.
2026-10-10T19:53:21Z INFO [1478/1500] 5e7e1242-af8e-4dc6-8544-aa7af0d22445: valid; 2.3 s; peak memory 664 MiB.
2026-10-10T19:53:21Z WARNING 5e8417d0-fbbb-413d-a623-8590f74934cb: failed while retrieving asset information from the DANDI API (NotFoundError: No asset at path 'sub-parkinson-simulated-lfp/sub-parkinson-simulated-lfp_ses-5285_ecephys.nwb' in version 0.250327.2220. Verify the path is correct and the asset exists in this version. Use 'dandi ls' to list available assets.)
2026-10-10T19:53:23Z INFO [1480/1500] 5e9a0981-6ff9-43a6-be5c-6386d8646bc1: not valid; 2.0 s; peak memory 664 MiB.
2026-10-10T19:53:25Z INFO [1481/1500] 5ece1612-efe1-4ae4-8585-4aca6734cd0e: valid; 2.1 s; peak memory 664 MiB.
2026-10-10T19:53:28Z INFO [1482/1500] 5ee4f89d-672f-4d66-bb78-3b233c6651e1: valid; 3.2 s; peak memory 664 MiB.
2026-10-10T19:53:35Z INFO [1483/1500] 5ee7f95d-bb5e-47e7-89df-902c40ae5053: not valid; 6.6 s; peak memory 664 MiB.
2026-10-10T19:53:36Z INFO [1484/1500] 5f039cc7-cb21-4c04-a893-aa89acc33e47: not valid; 1.9 s; peak memory 664 MiB.
2026-10-10T19:53:38Z INFO [1485/1500] 5f284fbf-e7d8-4198-856a-a0e62a662651: valid; 1.9 s; peak memory 664 MiB.
2026-10-10T19:53:40Z INFO [1486/1500] 5f401783-15d6-400c-8394-c34e986ea70b: valid; 1.4 s; peak memory 664 MiB.
2026-10-10T19:53:42Z INFO [1487/1500] 5f44aaad-6c0d-42ac-858a-d28159d627c9: not valid; 1.9 s; peak memory 664 MiB.
2026-10-10T19:53:44Z INFO [1488/1500] 5f5d0e4f-d00a-4963-9ebb-a56cf08c2fca: valid; 2.4 s; peak memory 664 MiB.
2026-10-10T19:53:45Z INFO [1489/1500] 5f64c326-46fa-4ae8-b375-1ff84eb3a16e: valid; 1.2 s; peak memory 664 MiB.
2026-10-10T19:53:47Z INFO [1490/1500] 5f7e333a-879e-41be-a123-72162a0e4faf: valid; 1.3 s; peak memory 664 MiB.
2026-10-10T19:53:48Z INFO [1491/1500] 5f8b993e-b355-4d7d-8557-f3b45d494e07: valid; 1.4 s; peak memory 664 MiB.
2026-10-10T19:53:49Z INFO [1492/1500] 5fa45765-0ffa-4e2b-aef9-f2f0ef7943de: valid; 1.3 s; peak memory 664 MiB.
2026-10-10T19:53:51Z INFO [1493/1500] 5fdfad01-5331-4487-a4ef-ca3249921fa8: not valid; 1.7 s; peak memory 664 MiB.
2026-10-10T19:53:58Z INFO [1494/1500] 5fea7baa-eb3a-4aae-a2f7-15428414fbb3: valid; 7.1 s; peak memory 664 MiB.
2026-10-10T19:54:00Z INFO [1495/1500] 600e7d58-f304-4d6a-9fc6-f8e3c3d9940f: valid; 2.2 s; peak memory 664 MiB.
2026-10-10T19:54:03Z INFO [1496/1500] 601280be-ac9f-40ae-a300-ac8706a383bc: valid; 3.2 s; peak memory 664 MiB.
2026-10-10T19:54:05Z INFO [1497/1500] 60167545-6301-4664-acc0-732c937ef005: not valid; 1.3 s; peak memory 664 MiB.
2026-10-10T19:54:11Z INFO [1498/1500] 601b1746-d6c2-480e-9ad3-16fc0f49ea2c: not valid; 6.7 s; peak memory 664 MiB.
2026-10-10T19:54:21Z INFO [1499/1500] 6026d37a-0d0a-4868-9a84-a5814f4209e1: valid; 9.8 s; peak memory 664 MiB.
2026-10-10T19:54:23Z INFO [1500/1500] 604e50b1-8b59-4370-9edd-2e8616925d04: not valid; 1.7 s; peak memory 664 MiB.
2026-10-10T19:54:24Z INFO [1500/1500] 604e50b1-8b59-4370-9edd-2e8616925d04: checkpointed 204010 new records.
2026-10-10T19:54:26Z INFO Wrote 204010 records to /tmp/derivatives/content_id_to_valid_nwb_file.jsonl (1435 new, 65 failed) in 105.2 min (peak memory 664 MiB).
