2026-09-16T16:24:48Z INFO Logging to /tmp/logs/refresh_2026-09-16T16-24-48Z.log.
2026-09-16T16:24:48Z INFO Refresh content-id-to-valid-nwb-file (base directory /tmp).
2026-09-16T16:24:51Z INFO Processing 2201 items (66010 already recorded).
2026-09-16T16:24:52Z WARNING 03099ec9-08fa-4fa7-8e1e-aded0eb44391: failed while retrieving asset information from the DANDI API (NotFoundError: No such Dandiset: 001533)
2026-09-16T16:24:55Z INFO [2/2201] 09e5a353-bbb1-435d-9917-b0b37b4b22b4: valid; 3.3 s; peak memory 349 MiB.
2026-09-16T16:25:04Z INFO [3/2201] 0a58560a-2583-426d-b3b8-9fc84f9bfafd: valid; 8.5 s; peak memory 390 MiB.
2026-09-16T16:25:05Z INFO [4/2201] 0e6184d5-618b-4d5d-8869-13f28a078d7f: valid; 1.8 s; peak memory 392 MiB.
2026-09-16T16:25:07Z WARNING 114147cf-3585-4274-8479-b77b71c80a05: failed while opening the NWB file (ConstructError: (root/acquisition/event_code_meanings GroupBuilder {'attributes': {'colnames': array(['value', 'meaning'], dtype=object), 'description': 'Mapping integer event codes to event labels', 'namespace': 'ndx-events', 'neurodata_type': 'MeaningsTable', 'object_id': '9d0014a9-70f5-4e45-9dfb-42ea684a519e'}, 'groups': {}, 'datasets': {'id': root/acquisition/event_code_meanings/id DatasetBuilder {'attributes': {'namespace': 'hdmf-common', 'neurodata_type': 'ElementIdentifiers', 'object_id': '5ccd8472-290d-44d2-b10f-3e0560bee766'}, 'data': <HDF5 dataset "id": shape (26,), type "<i8">}, 'meaning': root/acquisition/event_code_meanings/meaning DatasetBuilder {'attributes': {'description': 'The meaning of the value in the parent CategoricalVectorData object.', 'namespace': 'hdmf-experimental', 'neurodata_type': 'VectorData', 'object_id': 'f808ddeb-e711-460e-93ad-59f50c02e475'}, 'data': <StrDataset for HDF5 dataset "meaning": shape (26,), type "|O">}, 'value': root/acquisition/event_code_meanings/value DatasetBuilder {'attributes': {'description': 'The value of the parent CategoricalVectorData object.', 'namespace': 'hdmf-experimental', 'neurodata_type': 'VectorData', 'object_id': 'b92620ef-411d-49a2-9b20-0d923bf4dbd6'}, 'data': <HDF5 dataset "value": shape (26,), type "<i8">}}, 'links': {}}, "Could not construct MeaningsTable object due to: MeaningsTable.__init__: missing argument 'target'"))
2026-09-16T16:25:10Z INFO [6/2201] 1330d6f9-2be3-4af1-942c-57c301cbb318: valid; 2.7 s; peak memory 400 MiB.
2026-09-16T16:26:39Z INFO [7/2201] 14e44f01-1ab6-4f2f-97a5-3176f1820da8: valid; 89.1 s; peak memory 750 MiB.
2026-09-16T16:26:42Z INFO [8/2201] 163b9007-de6b-4296-bbdf-91a0d9a5188f: valid; 3.2 s; peak memory 754 MiB.
2026-09-16T16:26:47Z INFO [9/2201] 16e91948-508d-440d-ad45-6efed0a3b9a6: valid; 4.3 s; peak memory 754 MiB.
2026-09-16T16:26:50Z INFO [10/2201] 187e29c4-9b77-4b79-8331-18f77f06f4ea: valid; 3.7 s; peak memory 754 MiB.
2026-09-16T16:26:55Z INFO [11/2201] 1afd39fd-9922-4aaa-8ec3-6a4060eea9da: valid; 4.4 s; peak memory 754 MiB.
2026-09-16T16:26:56Z INFO [12/2201] 1b3c1b31-618e-4ab1-9159-3e8dccbf808e: valid; 1.4 s; peak memory 754 MiB.
2026-09-16T16:26:58Z INFO [13/2201] 2169d2b8-8ee0-4c3e-afb6-e2e42a7c0362: not valid; 2.2 s; peak memory 755 MiB.
2026-09-16T16:27:01Z INFO [14/2201] 21a4a9f1-ac91-4b10-ad35-830dd1cebae7: valid; 2.6 s; peak memory 755 MiB.
2026-09-16T16:27:04Z INFO [15/2201] 2390e723-dc0f-49e2-b89b-f366e860c49b: valid; 3.5 s; peak memory 755 MiB.
2026-09-16T16:27:07Z INFO [16/2201] 26881915-8558-4b6e-98bf-220f476cc9ad: valid; 3.1 s; peak memory 757 MiB.
2026-09-16T16:27:10Z INFO [17/2201] 2808df65-5adc-41d1-909c-ae659ac1c971: valid; 2.4 s; peak memory 761 MiB.
2026-09-16T16:27:15Z INFO [18/2201] 282dbcfa-335c-4db5-87ae-1339d6925757: valid; 5.0 s; peak memory 774 MiB.
2026-09-16T16:27:17Z INFO [19/2201] 29079631-792e-4174-8a97-9a54c65613a7: valid; 2.1 s; peak memory 785 MiB.
2026-09-16T16:27:20Z INFO [20/2201] 2adddc25-8b93-4d38-8594-e89c6f9a4dcf: valid; 3.4 s; peak memory 787 MiB.
2026-09-16T16:27:34Z INFO [21/2201] 2de92a69-7d38-4c24-ab94-be8e0c812df4: valid; 13.1 s; peak memory 787 MiB.
2026-09-16T16:27:36Z INFO [22/2201] 2efb03d8-0b1d-4c6e-896a-09bf39b6e897: valid; 2.2 s; peak memory 787 MiB.
2026-09-16T16:27:48Z INFO [23/2201] 2f7dcfab-3fe5-4bfb-b8c3-c5ee53c847f4: not valid; 12.4 s; peak memory 787 MiB.
2026-09-16T16:27:50Z INFO [24/2201] 3043dadf-2528-4c2f-a0b1-9aadfc19bce1: valid; 2.0 s; peak memory 787 MiB.
2026-09-16T16:27:52Z INFO [25/2201] 30b97f35-16f3-4cfb-9a9a-6e8fd8bda697: not valid; 2.2 s; peak memory 787 MiB.
2026-09-16T16:27:54Z INFO [26/2201] 317990fc-950b-4064-a78f-24d00b903fac: valid; 1.3 s; peak memory 787 MiB.
2026-09-16T16:27:55Z INFO [27/2201] 33175718-52b8-4b44-b587-8ee63839adbb: not valid; 1.6 s; peak memory 787 MiB.
2026-09-16T16:27:58Z INFO [28/2201] 34f66f41-35f1-4e4d-9213-d1f5c8181bfb: valid; 2.9 s; peak memory 787 MiB.
2026-09-16T16:28:00Z INFO [29/2201] 355b4fe0-1b59-4db1-87e7-db3478958df4: valid; 2.1 s; peak memory 787 MiB.
2026-09-16T16:28:02Z INFO [30/2201] 37b64245-82cf-4548-984f-e5b5848d5777: valid; 1.5 s; peak memory 787 MiB.
2026-09-16T16:28:26Z INFO [31/2201] 3892eb39-a3c8-4b3b-8203-6273900136f8: valid; 24.1 s; peak memory 787 MiB.
2026-09-16T16:28:38Z INFO [32/2201] 38c6e903-df72-4740-9e4d-6486a4ba870c: valid; 12.5 s; peak memory 787 MiB.
2026-09-16T16:28:41Z INFO [33/2201] 397a3717-8de4-430e-a8f6-76133f0f9cd1: valid; 3.0 s; peak memory 787 MiB.
2026-09-16T16:28:44Z INFO [34/2201] 3c83ec89-a50b-414e-9794-dc4bd7c9c7bb: valid; 2.2 s; peak memory 787 MiB.
2026-09-16T16:28:46Z INFO [35/2201] 3d1130e0-39fa-4f07-af3b-c6c8c624f7ec: valid; 2.6 s; peak memory 787 MiB.
2026-09-16T16:28:48Z WARNING 4053ddaf-7a5e-44f7-8e5d-fc1df18a2089: failed while opening the NWB file (ConstructError: (root/acquisition/_iblmic_audioSpectrogram/bands GroupBuilder {'attributes': {'colnames': array(['freq'], dtype=object), 'description': 'spectogram frequencies', 'namespace': 'core', 'neurodata_type': 'FrequencyBandsTable', 'object_id': '5f788b16-e962-4c8d-bf09-f73c028cd188'}, 'groups': {}, 'datasets': {'freq': root/acquisition/_iblmic_audioSpectrogram/bands/freq DatasetBuilder {'attributes': {'description': 'frequency value', 'namespace': 'hdmf-common', 'neurodata_type': 'VectorData', 'object_id': 'ab266fda-61f5-449a-808e-e274c9bf1861'}, 'data': <HDF5 dataset "freq": shape (257,), type "<f4">}, 'id': root/acquisition/_iblmic_audioSpectrogram/bands/id DatasetBuilder {'attributes': {'namespace': 'hdmf-common', 'neurodata_type': 'ElementIdentifiers', 'object_id': '73d58252-ce70-4b1e-958b-da5010f36a95'}, 'data': <HDF5 dataset "id": shape (257,), type "<i4">}}, 'links': {}}, "Could not construct FrequencyBandsTable object due to: column must have the same number of rows as 'id'"))
2026-09-16T16:28:53Z INFO [37/2201] 40ff886f-ed75-45c1-81d3-a6632fef82bd: not valid; 5.0 s; peak memory 787 MiB.
2026-09-16T16:28:55Z INFO [38/2201] 413f7967-196e-48c2-bd33-5c272e076d92: valid; 1.3 s; peak memory 787 MiB.
2026-09-16T16:28:56Z INFO [39/2201] 44ca9bd7-07b0-4f9b-98d7-8e3d5ab27c08: not valid; 1.6 s; peak memory 787 MiB.
2026-09-16T16:28:58Z INFO [40/2201] 45368269-16f6-4d01-8532-545bdef06e71: not valid; 1.8 s; peak memory 787 MiB.
2026-09-16T16:29:00Z INFO [41/2201] 459de10b-cc19-449d-b546-4b6fbda84a25: valid; 2.1 s; peak memory 787 MiB.
2026-09-16T16:29:01Z INFO [42/2201] 47ee3692-669d-4503-b40f-6a099703d812: not valid; 1.2 s; peak memory 787 MiB.
2026-09-16T16:29:06Z INFO [43/2201] 4a81dec7-8247-423b-bfed-3d814e22099e: valid; 4.9 s; peak memory 787 MiB.
2026-09-16T16:29:09Z INFO [44/2201] 4adc907d-558a-48b3-ad2d-19094498f523: valid; 2.8 s; peak memory 792 MiB.
2026-09-16T16:29:12Z INFO [45/2201] 4f778104-d235-46a8-be30-5dbffcb55ace: valid; 3.3 s; peak memory 792 MiB.
2026-09-16T16:29:15Z INFO [46/2201] 504589da-394d-40da-bd92-f79e10b1c55b: valid; 2.8 s; peak memory 792 MiB.
2026-09-16T16:29:19Z INFO [47/2201] 506962ff-376a-4f5c-b7f6-1c7610d5997a: valid; 4.5 s; peak memory 792 MiB.
2026-09-16T16:29:22Z INFO [48/2201] 50a7226c-d00c-4606-9350-48317e459bc7: valid; 2.4 s; peak memory 792 MiB.
2026-09-16T16:29:24Z INFO [49/2201] 552b57c2-15d3-4ceb-bd0c-ef037f2ac843: valid; 1.8 s; peak memory 792 MiB.
2026-09-16T16:29:26Z INFO [50/2201] 555273c8-37ca-4341-bee5-454a86264294: not valid; 2.7 s; peak memory 792 MiB.
2026-09-16T16:29:27Z INFO [50/2201] 555273c8-37ca-4341-bee5-454a86264294: checkpointed 66010 records.
2026-09-16T16:29:28Z INFO [51/2201] 5654cfdf-ead8-4386-ace5-89627b4bb2bd: valid; 1.4 s; peak memory 792 MiB.
2026-09-16T16:29:30Z INFO [52/2201] 57048114-c762-4e52-ab66-be61bd268146: valid; 2.2 s; peak memory 792 MiB.
2026-09-16T16:29:32Z INFO [53/2201] 5798375f-5eb9-4ff4-a896-c6c51f04e4da: valid; 1.4 s; peak memory 792 MiB.
2026-09-16T16:29:33Z INFO [54/2201] 65bf3015-90c4-4e30-a12c-47f734bd2523: not valid; 1.5 s; peak memory 792 MiB.
2026-09-16T16:30:08Z INFO [55/2201] 6675f6f2-c7e7-4c35-83cc-cb0a0db5372a: not valid; 34.6 s; peak memory 1807 MiB.
2026-09-16T16:30:09Z INFO [56/2201] 6d99f8ea-4db6-4179-b884-0e1f48f64514: valid; 1.5 s; peak memory 1807 MiB.
2026-09-16T16:30:11Z INFO [57/2201] 6e27c3d2-21e0-478d-894c-c1a7fd015136: valid; 1.5 s; peak memory 1807 MiB.
2026-09-16T16:30:12Z INFO [58/2201] 6e95bf2c-9538-4b3c-8a36-506ef19ab72f: valid; 1.6 s; peak memory 1807 MiB.
2026-09-16T16:30:16Z INFO [59/2201] 732b5866-f7c3-4496-8173-bca286cb0ea5: valid; 3.8 s; peak memory 1807 MiB.
2026-09-16T16:30:18Z INFO [60/2201] 734d6d48-a647-4f18-b343-261e50c09422: valid; 1.6 s; peak memory 1807 MiB.
2026-09-16T16:30:22Z INFO [61/2201] 73af6162-f961-4171-a46e-5d9d3f5f0b90: valid; 4.6 s; peak memory 1807 MiB.
2026-09-16T16:30:24Z INFO [62/2201] 73cb1931-526f-415c-8fa5-854b3dbf2d61: valid; 2.1 s; peak memory 1807 MiB.
2026-09-16T16:30:26Z INFO [63/2201] 7903b277-87a0-4821-9936-129af5dfd282: not valid; 1.6 s; peak memory 1807 MiB.
2026-09-16T16:30:28Z INFO [64/2201] 7ad0c83c-d6c0-401d-88e4-f6113ddee2ec: not valid; 2.0 s; peak memory 1807 MiB.
2026-09-16T16:30:29Z INFO [65/2201] 7d19ddaf-73f3-4aa0-81f0-1ac3a53070cb: valid; 1.3 s; peak memory 1807 MiB.
2026-09-16T16:30:38Z INFO [66/2201] 80e735c1-65ed-4aea-ab91-dac18a21336a: valid; 8.9 s; peak memory 1807 MiB.
2026-09-16T16:30:40Z INFO [67/2201] 86819119-4b30-411a-b96d-18bbe52578ca: valid; 1.6 s; peak memory 1807 MiB.
2026-09-16T16:30:44Z INFO [68/2201] 8bfc126c-c597-46ea-91a0-03cddd72a0c9: valid; 3.7 s; peak memory 1807 MiB.
2026-09-16T16:30:48Z INFO [69/2201] 8ea414cb-f20b-49f6-8e61-26a29cdd36d5: not valid; 4.7 s; peak memory 1807 MiB.
2026-09-16T16:30:51Z INFO [70/2201] 939a7fa6-d3e4-41c8-829b-33435af8f767: not valid; 2.3 s; peak memory 1807 MiB.
2026-09-16T16:30:59Z INFO [71/2201] 940bf662-9ecc-4e0b-946d-f77c5a92f596: valid; 8.5 s; peak memory 1807 MiB.
2026-09-16T16:31:01Z INFO [72/2201] 971c4113-03d8-48ab-ac9a-be01b2584e10: valid; 2.1 s; peak memory 1807 MiB.
2026-09-16T16:31:03Z INFO [73/2201] 98862be8-e629-45a9-a594-668f6595423c: valid; 2.2 s; peak memory 1807 MiB.
2026-09-16T16:31:05Z INFO [74/2201] 99e9b202-2611-4e39-a15c-6bd9cd079b56: not valid; 2.0 s; peak memory 1807 MiB.
2026-09-16T16:31:08Z INFO [75/2201] 9ba12b66-7363-41bb-9b14-f9d6cd62e4be: not valid; 2.3 s; peak memory 1807 MiB.
2026-09-16T16:31:10Z INFO [76/2201] 9be1d909-459d-4504-afdd-4e9b3ba5eecf: valid; 2.2 s; peak memory 1807 MiB.
2026-09-16T16:31:12Z INFO [77/2201] 9d00d35f-9d24-4890-b2ea-cac56c97e912: valid; 2.2 s; peak memory 1807 MiB.
2026-09-16T16:31:14Z INFO [78/2201] 9ed0a60d-bb14-46f4-9118-fa987881c045: not valid; 1.7 s; peak memory 1807 MiB.
2026-09-16T16:31:16Z INFO [79/2201] a0fd21bc-7dee-4089-9b70-8a1eef1d6f93: valid; 2.6 s; peak memory 1807 MiB.
2026-09-16T16:31:21Z INFO [80/2201] a51f89e5-44d6-41cf-96e6-9c2593816bde: valid; 4.7 s; peak memory 1807 MiB.
2026-09-16T16:31:23Z WARNING a751b3e1-57d7-4674-9cb7-15304b71558d: failed while opening the NWB file (ConstructError: (root/acquisition/_iblmic_audioSpectrogram/bands GroupBuilder {'attributes': {'colnames': array(['freq'], dtype=object), 'description': 'spectogram frequencies', 'namespace': 'core', 'neurodata_type': 'FrequencyBandsTable', 'object_id': '0600ec46-570b-425e-8dbc-ffe82aecf105'}, 'groups': {}, 'datasets': {'freq': root/acquisition/_iblmic_audioSpectrogram/bands/freq DatasetBuilder {'attributes': {'description': 'frequency value', 'namespace': 'hdmf-common', 'neurodata_type': 'VectorData', 'object_id': 'd4d57a44-41cf-4b6d-b5ad-2eb93ad61c26'}, 'data': <HDF5 dataset "freq": shape (257,), type "<f4">}, 'id': root/acquisition/_iblmic_audioSpectrogram/bands/id DatasetBuilder {'attributes': {'namespace': 'hdmf-common', 'neurodata_type': 'ElementIdentifiers', 'object_id': '64aeb642-4b43-48af-9dc3-1192c3d71ea0'}, 'data': <HDF5 dataset "id": shape (257,), type "<i4">}}, 'links': {}}, "Could not construct FrequencyBandsTable object due to: column must have the same number of rows as 'id'"))
2026-09-16T16:31:25Z INFO [82/2201] a7b9bc50-5f29-4ca5-a70a-1c1c692f92d8: valid; 1.6 s; peak memory 1807 MiB.
2026-09-16T16:31:43Z INFO [83/2201] aa00c67b-0741-4175-8425-299606d0a41b: valid; 17.8 s; peak memory 1956 MiB.
2026-09-16T16:31:44Z INFO [84/2201] ac564d25-31e4-4f0d-af37-9a6bf47d331c: not valid; 1.7 s; peak memory 1959 MiB.
2026-09-16T16:31:46Z INFO [85/2201] ad69eae4-7f82-42c2-aa10-780974e4917f: valid; 2.2 s; peak memory 1969 MiB.
2026-09-16T16:31:49Z INFO [86/2201] aef5caf3-b677-4171-aeb7-94cf22e24da4: valid; 2.2 s; peak memory 1973 MiB.
2026-09-16T16:31:51Z INFO [87/2201] b1a9ad63-d93d-462f-a24c-74a363bf95d3: valid; 2.1 s; peak memory 1983 MiB.
2026-09-16T16:31:54Z INFO [88/2201] bfa503cf-ad51-4e30-9836-cc6a00c5c18f: valid; 2.9 s; peak memory 1993 MiB.
2026-09-16T16:31:56Z INFO [89/2201] c5772c8b-381c-4bd8-ae4a-6b4e1bb52245: not valid; 2.4 s; peak memory 1998 MiB.
2026-09-16T16:32:02Z INFO [90/2201] cd6c3566-3829-43e2-8d15-725e9f49e238: valid; 5.4 s; peak memory 2004 MiB.
2026-09-16T16:32:03Z INFO [91/2201] d098a043-e024-4d38-b602-cba002caeada: valid; 1.3 s; peak memory 2004 MiB.
2026-09-16T16:32:06Z INFO [92/2201] d0e90a8e-a7e9-49fb-bef2-5041f9ea95b1: valid; 2.7 s; peak memory 2004 MiB.
2026-09-16T16:32:15Z INFO [93/2201] d16a28d7-9280-4b7f-bd5f-98cd74bfe240: valid; 8.9 s; peak memory 2004 MiB.
2026-09-16T16:32:17Z INFO [94/2201] d2a9368c-2ca6-4097-b7e6-744cf0839df8: valid; 2.2 s; peak memory 2004 MiB.
2026-09-16T16:32:20Z INFO [95/2201] dce40d03-4e4e-4a82-8e5e-80a70fffe0d9: not valid; 2.9 s; peak memory 2004 MiB.
2026-09-16T16:32:23Z INFO [96/2201] dda2259e-a42d-48f0-ab05-ae770f0ebbef: valid; 3.2 s; peak memory 2004 MiB.
2026-09-16T16:32:25Z INFO [97/2201] e037ebaa-81ae-49a7-bfc6-510235595723: valid; 1.9 s; peak memory 2004 MiB.
2026-09-16T16:32:35Z INFO [98/2201] e097aa95-b8a9-42af-91ad-bcf3c0dbb347: valid; 10.8 s; peak memory 2004 MiB.
2026-09-16T16:32:37Z INFO [99/2201] e1624648-2353-4aee-952d-698af9338036: valid; 1.4 s; peak memory 2004 MiB.
2026-09-16T16:32:43Z INFO [100/2201] e4b80b16-c585-4ac8-aa27-30d49a319535: valid; 5.8 s; peak memory 2004 MiB.
2026-09-16T16:32:43Z INFO [100/2201] e4b80b16-c585-4ac8-aa27-30d49a319535: checkpointed 66010 records.
2026-09-16T16:32:45Z INFO [101/2201] ec25d20f-0f1f-4594-9ec4-131d86254b3c: valid; 2.0 s; peak memory 2004 MiB.
2026-09-16T16:32:48Z INFO [102/2201] ec9703b5-1300-4f8d-836d-6c71254789d8: valid; 2.6 s; peak memory 2004 MiB.
2026-09-16T16:32:50Z INFO [103/2201] f0521d2c-c4be-4f45-a93a-ccd0513dccbb: valid; 2.4 s; peak memory 2004 MiB.
2026-09-16T16:32:53Z WARNING f48725cb-acb1-4ae0-a38b-406aa1e25e44: failed while opening the NWB file (ConstructError: (root/acquisition/_iblmic_audioSpectrogram/bands GroupBuilder {'attributes': {'colnames': array(['freq'], dtype=object), 'description': 'spectogram frequencies', 'namespace': 'core', 'neurodata_type': 'FrequencyBandsTable', 'object_id': '0fda9725-efc0-4651-9fc2-8216430cb3c2'}, 'groups': {}, 'datasets': {'freq': root/acquisition/_iblmic_audioSpectrogram/bands/freq DatasetBuilder {'attributes': {'description': 'frequency value', 'namespace': 'hdmf-common', 'neurodata_type': 'VectorData', 'object_id': '4646d64c-d447-4388-aa20-e31af07e81db'}, 'data': <HDF5 dataset "freq": shape (257,), type "<f4">}, 'id': root/acquisition/_iblmic_audioSpectrogram/bands/id DatasetBuilder {'attributes': {'namespace': 'hdmf-common', 'neurodata_type': 'ElementIdentifiers', 'object_id': '667f7108-f29c-4864-98c4-28e5e2aed0e1'}, 'data': <HDF5 dataset "id": shape (257,), type "<i4">}}, 'links': {}}, "Could not construct FrequencyBandsTable object due to: column must have the same number of rows as 'id'"))
2026-09-16T16:32:55Z INFO [105/2201] f7d36449-c51f-4c76-8e44-2a5e5ef1cc95: valid; 1.6 s; peak memory 2004 MiB.
2026-09-16T16:32:57Z INFO [106/2201] fa4afb9f-36de-40f8-ab0a-cbe578e94dbc: valid; 2.3 s; peak memory 2004 MiB.
2026-09-16T16:33:00Z INFO [107/2201] fbc14f65-d1c7-4b7b-ba29-fffa72802ec4: valid; 2.7 s; peak memory 2004 MiB.
2026-09-16T16:33:01Z INFO [108/2201] fe56a27d-acb3-406c-910a-71b08cb23b08: valid; 1.5 s; peak memory 2004 MiB.
2026-09-16T16:33:03Z INFO [109/2201] ff7a8465-a86d-471a-ad28-e8f52e54a319: valid; 1.8 s; peak memory 2004 MiB.
2026-09-16T16:33:18Z INFO [110/2201] 002abb9e-f7a8-43a0-b0e0-01630b0b3958: valid; 15.0 s; peak memory 2008 MiB.
2026-09-16T16:33:20Z INFO [111/2201] 0051123b-be1b-482c-872b-a157c4016d92: valid; 2.1 s; peak memory 2010 MiB.
2026-09-16T16:33:25Z INFO [112/2201] 006c023b-315c-4104-a3dd-339528973153: not valid; 4.7 s; peak memory 2014 MiB.
2026-09-16T16:33:26Z INFO [113/2201] 0078a69c-33a2-465b-a72b-f760ba3e8b96: valid; 1.7 s; peak memory 2015 MiB.
2026-09-16T16:33:29Z INFO [114/2201] 007a50e1-2e17-4857-bb14-3d846b538037: valid; 2.2 s; peak memory 2016 MiB.
2026-09-16T16:33:30Z INFO [115/2201] 0093bf82-b5b0-4277-8d64-e3a5c2def87a: valid; 1.4 s; peak memory 2017 MiB.
2026-09-16T16:33:39Z INFO [116/2201] 00b37b90-47da-44c0-b45f-2785c042dff8: not valid; 8.6 s; peak memory 2066 MiB.
2026-09-16T16:34:16Z INFO [117/2201] 0127fbed-2e75-4fdd-8dcc-0bf237282235: valid; 37.4 s; peak memory 2458 MiB.
2026-09-16T16:34:17Z INFO [118/2201] 01515064-b1e9-4b23-b97c-1e6ad57e0ec4: not valid; 1.6 s; peak memory 2460 MiB.
2026-09-16T16:35:49Z INFO [119/2201] 015adfa3-846d-4e53-a50b-3b19239ad458: valid; 91.5 s; peak memory 3067 MiB.
2026-09-16T16:35:51Z INFO [120/2201] 01711638-d44c-47e9-98fa-6fd8a5d3484e: valid; 1.6 s; peak memory 3067 MiB.
2026-09-16T16:35:52Z INFO [121/2201] 01ba9a69-fc3b-4a13-8cf9-fde0aba3ef2c: valid; 1.7 s; peak memory 3067 MiB.
2026-09-16T16:36:07Z INFO [122/2201] 01e9d68c-da9c-4dea-a852-66f7f0c791bd: valid; 14.3 s; peak memory 3067 MiB.
2026-09-16T16:36:09Z INFO [123/2201] 01f17a8a-ac82-4b1a-922b-e49daf5a2de8: valid; 2.6 s; peak memory 3067 MiB.
2026-09-16T16:36:14Z INFO [124/2201] 024e9b88-a4fa-4497-abc1-ea402f008e5a: not valid; 4.9 s; peak memory 3071 MiB.
2026-09-16T16:36:16Z INFO [125/2201] 026f486d-f4c8-4290-8162-59734a236870: valid; 2.2 s; peak memory 3071 MiB.
2026-09-16T16:36:19Z INFO [126/2201] 02d764a4-14bd-4a92-b17c-d835748a957e: valid; 2.8 s; peak memory 3071 MiB.
2026-09-16T16:36:20Z INFO [127/2201] 02ef8f50-731d-47a4-a538-3ae57d12f53f: valid; 1.3 s; peak memory 3071 MiB.
2026-09-16T16:36:22Z INFO [128/2201] 02fb9239-b90c-4f90-8c1c-b1748de509c3: valid; 1.4 s; peak memory 3071 MiB.
2026-09-16T16:36:24Z INFO [129/2201] 032655cb-7f0e-4c09-8bb7-08fcdb231e4d: valid; 2.7 s; peak memory 3071 MiB.
2026-09-16T16:36:29Z INFO [130/2201] 033c33cd-4352-47c8-bf4f-0dcc6a2d85a3: valid; 4.4 s; peak memory 3071 MiB.
2026-09-16T16:36:30Z INFO [131/2201] 03462906-6b1a-47aa-81e2-7a10b528496b: valid; 1.5 s; peak memory 3071 MiB.
2026-09-16T16:36:32Z INFO [132/2201] 0352679e-0dea-42df-89ae-3dc5b0f561eb: not valid; 1.5 s; peak memory 3071 MiB.
2026-09-16T16:36:34Z INFO [133/2201] 03564c73-8ccf-4d9b-a18c-970850958ea1: valid; 1.7 s; peak memory 3071 MiB.
2026-09-16T16:36:35Z INFO [134/2201] 03a9f524-67e5-4831-8502-b2e170a029a3: valid; 1.7 s; peak memory 3071 MiB.
2026-09-16T16:36:37Z INFO [135/2201] 03abf8dd-db41-46fe-84ab-e71be142cbfb: valid; 1.4 s; peak memory 3071 MiB.
2026-09-16T16:36:38Z INFO [136/2201] 03bc606e-19b4-4659-afaf-d51b88eea0a0: valid; 1.5 s; peak memory 3071 MiB.
2026-09-16T16:36:41Z INFO [137/2201] 03bcddf7-d852-435a-9871-acdb27d620f0: valid; 2.6 s; peak memory 3078 MiB.
2026-09-16T16:37:33Z INFO [138/2201] 03c6459c-65ee-4a40-8f55-3ddef2f55734: valid; 52.3 s; peak memory 3280 MiB.
2026-09-16T16:37:49Z INFO [139/2201] 03d68a03-8499-47cf-a357-4d44a9dbb917: not valid; 15.9 s; peak memory 3353 MiB.
2026-09-16T16:37:50Z INFO [140/2201] 03f932ca-a123-4b5a-b5c8-e300bb90b72c: valid; 1.4 s; peak memory 3353 MiB.
2026-09-16T16:37:53Z INFO [141/2201] 040d9a73-5aa8-4370-b01d-a5ab60daf9d3: valid; 2.8 s; peak memory 3354 MiB.
2026-09-16T16:38:04Z INFO [142/2201] 042cb3f6-0e3f-4bd6-a462-c616a8f69c83: valid; 11.0 s; peak memory 3360 MiB.
2026-09-16T16:38:08Z INFO [143/2201] 049c9c84-5d61-4579-bfd0-9b6db469de84: valid; 3.6 s; peak memory 3360 MiB.
2026-09-16T16:38:10Z INFO [144/2201] 04b031cb-0421-4de0-84f7-f9dabc0a6991: not valid; 1.8 s; peak memory 3360 MiB.
2026-09-16T16:38:11Z INFO [145/2201] 04c270d6-a335-4e3f-bd64-03393f0be0c1: valid; 1.3 s; peak memory 3360 MiB.
2026-09-16T16:38:12Z INFO [146/2201] 04f9f3f7-e86f-4a38-935a-fbe95c98e345: valid; 1.4 s; peak memory 3360 MiB.
2026-09-16T16:38:13Z WARNING 04fa68e7-2157-456d-ba9d-9f830a468081: failed while retrieving asset information from the DANDI API (NotFoundError: No asset at path 'sub-LG588/sub-LG588_ses-LG588-20250805_icephys.nwb' in version 0.260915.2135. Verify the path is correct and the asset exists in this version. Use 'dandi ls' to list available assets.)
2026-09-16T16:38:14Z INFO [148/2201] 0527b8c3-54d1-47d0-8f79-14f40ee16f2f: not valid; 1.9 s; peak memory 3360 MiB.
2026-09-16T16:38:18Z INFO [149/2201] 052e66b1-a75b-47f8-8244-ffc3ce48ea49: valid; 3.2 s; peak memory 3360 MiB.
2026-09-16T16:38:21Z INFO [150/2201] 054b2340-fbf5-4286-82bc-6f3f31ee31a4: valid; 3.1 s; peak memory 3360 MiB.
2026-09-16T16:38:21Z INFO [150/2201] 054b2340-fbf5-4286-82bc-6f3f31ee31a4: checkpointed 66010 records.
2026-09-16T16:38:23Z INFO [151/2201] 054ec358-a43c-4910-97a5-36755ecb0b34: valid; 2.2 s; peak memory 3360 MiB.
2026-09-16T16:38:25Z INFO [152/2201] 0553090c-452a-4f52-86de-0545d2268bee: valid; 1.3 s; peak memory 3360 MiB.
2026-09-16T16:38:28Z INFO [153/2201] 056b175c-2693-4dc6-a416-8329230ed29d: not valid; 2.8 s; peak memory 3360 MiB.
2026-09-16T16:38:30Z INFO [154/2201] 057737eb-f246-4d7c-848f-541a9933fc4e: valid; 2.2 s; peak memory 3360 MiB.
2026-09-16T16:38:32Z INFO [155/2201] 058c5db1-e080-48b5-ae62-2c3dc241e8a2: valid; 2.1 s; peak memory 3360 MiB.
2026-09-16T16:38:35Z INFO [156/2201] 059ff2da-8051-4326-9dba-e3e33e1b9f5c: valid; 2.9 s; peak memory 3360 MiB.
2026-09-16T16:38:38Z INFO [157/2201] 05a43a52-9ecb-47bc-97aa-4854ffe83f24: valid; 3.7 s; peak memory 3360 MiB.
2026-09-16T16:38:40Z INFO [158/2201] 05a52486-3f86-462c-92b1-10128a171e48: not valid; 1.9 s; peak memory 3360 MiB.
2026-09-16T16:38:42Z INFO [159/2201] 05c14dd4-e3f5-4b40-be0f-b64c6772f6a0: not valid; 1.7 s; peak memory 3360 MiB.
2026-09-16T16:38:45Z INFO [160/2201] 05c270fc-4a5f-4ca1-97c4-2526deae0cb9: valid; 3.4 s; peak memory 3360 MiB.
2026-09-16T16:38:53Z INFO [161/2201] 05d6c477-c456-49fc-9e63-38462112a69b: not valid; 7.6 s; peak memory 3360 MiB.
2026-09-16T16:39:03Z INFO [162/2201] 05f52a93-1a44-407f-95d8-1da4945df1dc: not valid; 10.4 s; peak memory 3360 MiB.
2026-09-16T16:39:05Z INFO [163/2201] 05f9668b-025b-41bf-b7a7-8de29527ba19: not valid; 1.5 s; peak memory 3360 MiB.
2026-09-16T16:39:24Z INFO [164/2201] 060297db-ca85-42e9-ac96-9fa1c79d1d89: valid; 19.2 s; peak memory 3360 MiB.
2026-09-16T16:39:26Z INFO [165/2201] 061b589e-d42d-4ed5-96a5-1be307bde409: not valid; 2.0 s; peak memory 3361 MiB.
2026-09-16T16:39:28Z INFO [166/2201] 0682e1b7-38e6-4d0f-b5cb-e9d4338838d2: not valid; 2.1 s; peak memory 3364 MiB.
2026-09-16T16:39:29Z INFO [167/2201] 068bdad3-b6c5-4d72-99cd-af882dd0e71e: valid; 1.4 s; peak memory 3364 MiB.
2026-09-16T16:39:31Z INFO [168/2201] 06998e38-2b18-4ed8-a56f-b61f48e69dbf: valid; 1.2 s; peak memory 3364 MiB.
2026-09-16T16:39:40Z INFO [169/2201] 06a66add-eaf1-48ca-9545-55b54e754ee7: valid; 9.4 s; peak memory 3379 MiB.
2026-09-16T16:39:45Z INFO [170/2201] 06ce44e0-b0f5-4362-bf50-110fdb612e0b: valid; 4.4 s; peak memory 3383 MiB.
2026-09-16T16:39:46Z INFO [171/2201] 06ea3883-bb4f-4ef3-a882-09b1a111b0a4: valid; 1.6 s; peak memory 3383 MiB.
2026-09-16T16:39:48Z INFO [172/2201] 06eef95e-f0d7-4f7d-94cb-9b91d11212e8: not valid; 1.5 s; peak memory 3384 MiB.
2026-09-16T16:39:49Z INFO [173/2201] 0717e6aa-a180-4dc0-b32d-413e727e3c47: valid; 1.4 s; peak memory 3385 MiB.
2026-09-16T16:39:51Z INFO [174/2201] 07354eba-d74d-4b85-9609-68cefb409727: valid; 1.6 s; peak memory 3386 MiB.
2026-09-16T16:39:52Z INFO [175/2201] 0744c476-6ded-4a57-bb68-c21af17e63cf: valid; 1.4 s; peak memory 3386 MiB.
2026-09-16T16:39:53Z INFO [176/2201] 077c5292-bcdc-4a1a-b78d-c287af6e0997: valid; 1.5 s; peak memory 3386 MiB.
2026-09-16T16:39:56Z INFO [177/2201] 07b38555-720d-49a9-8509-8783a90c4b39: valid; 2.3 s; peak memory 3388 MiB.
2026-09-16T16:39:57Z INFO [178/2201] 07bdc0d3-0787-41f8-ad7d-5493578c1738: valid; 1.4 s; peak memory 3388 MiB.
2026-09-16T16:39:59Z INFO [179/2201] 07df9d48-c91d-4201-ad93-4740a18e7aef: not valid; 1.9 s; peak memory 3388 MiB.
2026-09-16T16:40:02Z INFO [180/2201] 07e58e69-a133-4481-97be-6c7620a11350: valid; 2.9 s; peak memory 3388 MiB.
2026-09-16T16:40:04Z INFO [181/2201] 07e5b1a6-e74a-4485-9ef3-f478843ed91a: not valid; 2.0 s; peak memory 3388 MiB.
2026-09-16T16:40:07Z INFO [182/2201] 07f0013f-5360-48dd-a0a9-ab9b2cec6177: valid; 2.9 s; peak memory 3388 MiB.
2026-09-16T16:40:09Z INFO [183/2201] 07f318f5-1d64-49ce-bb0f-645f60fe22b5: valid; 2.5 s; peak memory 3388 MiB.
2026-09-16T16:40:11Z INFO [184/2201] 080884b0-6489-4f3b-8d6c-8f91d50d02c9: valid; 2.0 s; peak memory 3388 MiB.
2026-09-16T16:40:24Z INFO [185/2201] 08093dcd-cc3b-462e-956f-532bb4067760: valid; 12.5 s; peak memory 3388 MiB.
2026-09-16T16:40:27Z INFO [186/2201] 082211b2-7a39-4c1a-802f-e259cb93967f: not valid; 3.6 s; peak memory 3398 MiB.
2026-09-16T16:40:43Z INFO [187/2201] 082abe1b-da4f-4e80-926a-6626d410e45b: not valid; 15.7 s; peak memory 3398 MiB.
2026-09-16T16:40:53Z INFO [188/2201] 08482325-cc85-4c78-af3d-7b19f09015e2: valid; 9.5 s; peak memory 3402 MiB.
2026-09-16T16:40:57Z INFO [189/2201] 085cd214-cd4b-4ded-acf0-e830757648d8: not valid; 4.2 s; peak memory 3406 MiB.
2026-09-16T16:40:59Z INFO [190/2201] 08691bd2-2b94-41b0-90da-682f356d5ef9: valid; 1.7 s; peak memory 3406 MiB.
2026-09-16T16:41:01Z INFO [191/2201] 0870cd58-80e8-4bd9-be8f-5230b6af57cc: valid; 2.6 s; peak memory 3427 MiB.
2026-09-16T16:41:08Z INFO [192/2201] 087a9c09-5035-48ac-b7b5-c9d401d4a9ed: valid; 6.6 s; peak memory 3431 MiB.
2026-09-16T16:41:10Z INFO [193/2201] 087d3a5b-81b2-4cc8-b9e8-6d49d74b9260: valid; 2.6 s; peak memory 3432 MiB.
2026-09-16T16:41:12Z INFO [194/2201] 087fff4f-096c-4bba-a4ff-2b31cbfd3b2c: valid; 2.1 s; peak memory 3432 MiB.
2026-09-16T16:41:15Z INFO [195/2201] 088f4a2c-a97e-4e3f-847e-1c6d152a00a5: not valid; 3.0 s; peak memory 3432 MiB.
2026-09-16T16:41:18Z INFO [196/2201] 08ce95ac-0d90-448d-af64-d84bd9444d1e: valid; 2.3 s; peak memory 3432 MiB.
2026-09-16T16:41:26Z INFO [197/2201] 0909f4b3-eff8-410b-b2e2-eacbdd3527c6: valid; 8.8 s; peak memory 3432 MiB.
2026-09-16T16:41:28Z INFO [198/2201] 092bf8a4-ca75-45f7-ad9f-c37abda1ded5: valid; 1.5 s; peak memory 3432 MiB.
2026-09-16T16:41:37Z INFO [199/2201] 094dab8d-ee04-4a2a-b090-6da54cd564ec: valid; 9.1 s; peak memory 3432 MiB.
2026-09-16T16:41:39Z INFO [200/2201] 0955c56c-6a78-45fd-a9cf-cb027359cf3a: not valid; 1.7 s; peak memory 3432 MiB.
2026-09-16T16:41:39Z INFO [200/2201] 0955c56c-6a78-45fd-a9cf-cb027359cf3a: checkpointed 66010 records.
2026-09-16T16:41:55Z INFO [201/2201] 09818811-03cf-4957-937f-90426cb00b42: valid; 15.7 s; peak memory 3432 MiB.
2026-09-16T16:41:58Z INFO [202/2201] 0984a32a-d197-4b12-a0d8-7b10ae51db8d: valid; 2.6 s; peak memory 3432 MiB.
2026-09-16T16:41:59Z INFO [203/2201] 098551bb-388b-4f56-8a8e-0f8d7c52e072: valid; 1.5 s; peak memory 3432 MiB.
2026-09-16T16:42:01Z INFO [204/2201] 09a438ea-11f0-4dba-88fd-b4f2674da908: not valid; 1.5 s; peak memory 3432 MiB.
2026-09-16T16:42:03Z INFO [205/2201] 09cf1539-3519-4188-8024-5f51aacf52ce: valid; 2.8 s; peak memory 3432 MiB.
2026-09-16T16:42:07Z INFO [206/2201] 0a1c3c83-5f82-423b-b5ba-e1591ef7ec55: valid; 3.9 s; peak memory 3432 MiB.
2026-09-16T16:42:09Z INFO [207/2201] 0a1f0b42-d8bd-4303-af6e-d126df950b6c: valid; 1.4 s; peak memory 3432 MiB.
2026-09-16T16:42:11Z INFO [208/2201] 0a5e2e1a-52cc-4084-a2e0-c815d397d6dc: valid; 2.2 s; peak memory 3432 MiB.
2026-09-16T16:42:13Z INFO [209/2201] 0aaf2989-b2a2-4262-bc6b-c151c1408a09: not valid; 1.7 s; peak memory 3432 MiB.
2026-09-16T16:42:15Z INFO [210/2201] 0ab546d8-6ec1-4241-8dbb-a207b501cd2e: valid; 2.8 s; peak memory 3435 MiB.
2026-09-16T16:43:51Z INFO [211/2201] 0abb2952-5419-4c3b-b848-d58b590e49b5: not valid; 95.2 s; peak memory 3797 MiB.
2026-09-16T16:43:57Z INFO [212/2201] 0ad6c9a2-5d0e-475a-959f-932ad4952ada: not valid; 6.7 s; peak memory 3811 MiB.
2026-09-16T16:43:59Z INFO [213/2201] 0addc6c0-896e-40ad-99f4-ef56061b6692: valid; 1.4 s; peak memory 3812 MiB.
2026-09-16T16:44:00Z INFO [214/2201] 0afaf687-b595-4eff-9941-6bfcd6e03111: not valid; 1.5 s; peak memory 3813 MiB.
2026-09-16T16:44:03Z INFO [215/2201] 0b0c9b8f-0b5a-4f78-a850-a55d64335c0a: valid; 2.8 s; peak memory 3824 MiB.
2026-09-16T16:44:06Z INFO [216/2201] 0b172d3d-af7e-4abc-b1dc-fafbd871bd8b: valid; 2.5 s; peak memory 3824 MiB.
2026-09-16T16:44:08Z INFO [217/2201] 0b2d54bf-e045-4215-a8e8-1e0043e25139: valid; 2.3 s; peak memory 3825 MiB.
2026-09-16T16:44:10Z WARNING 0b5008c8-2e9a-4b11-aea5-c25d2a79d1d3: failed while opening the NWB file (ConstructError: (root/acquisition/event_code_meanings GroupBuilder {'attributes': {'colnames': array(['value', 'meaning'], dtype=object), 'description': 'Mapping integer event codes to event labels', 'namespace': 'ndx-events', 'neurodata_type': 'MeaningsTable', 'object_id': '58f1cbb1-a184-4d9a-804b-fbcb84921b7e'}, 'groups': {}, 'datasets': {'id': root/acquisition/event_code_meanings/id DatasetBuilder {'attributes': {'namespace': 'hdmf-common', 'neurodata_type': 'ElementIdentifiers', 'object_id': '7e12c68e-fb40-450e-b717-a7080e8d739c'}, 'data': <HDF5 dataset "id": shape (26,), type "<i8">}, 'meaning': root/acquisition/event_code_meanings/meaning DatasetBuilder {'attributes': {'description': 'The meaning of the value in the parent CategoricalVectorData object.', 'namespace': 'hdmf-experimental', 'neurodata_type': 'VectorData', 'object_id': '1ccac605-7d34-4883-91cc-6bfa886675b3'}, 'data': <StrDataset for HDF5 dataset "meaning": shape (26,), type "|O">}, 'value': root/acquisition/event_code_meanings/value DatasetBuilder {'attributes': {'description': 'The value of the parent CategoricalVectorData object.', 'namespace': 'hdmf-experimental', 'neurodata_type': 'VectorData', 'object_id': '2429d1ad-9863-4678-8817-7780be8f0efb'}, 'data': <HDF5 dataset "value": shape (26,), type "<i8">}}, 'links': {}}, "Could not construct MeaningsTable object due to: MeaningsTable.__init__: missing argument 'target'"))
2026-09-16T16:44:12Z INFO [219/2201] 0b600370-a4e8-4f10-97fb-b89856f701dc: valid; 2.3 s; peak memory 3828 MiB.
2026-09-16T16:44:23Z INFO [220/2201] 0b799ae9-ae46-483f-ab22-2ea767561289: valid; 11.2 s; peak memory 3852 MiB.
2026-09-16T16:44:31Z INFO [221/2201] 0b865174-4437-46e4-8ca4-3781c6ac7c11: valid; 7.6 s; peak memory 3859 MiB.
2026-09-16T16:44:32Z INFO [222/2201] 0ba6ac96-d37e-439f-9efe-dba20a7310da: valid; 1.4 s; peak memory 3859 MiB.
2026-09-16T16:44:43Z INFO [223/2201] 0bb0e4cb-bd4a-4566-bee0-21c57c054e36: not valid; 11.1 s; peak memory 3874 MiB.
2026-09-16T16:44:46Z INFO [224/2201] 0bca0065-bd31-437b-a0f3-020267e42d7a: not valid; 3.0 s; peak memory 3874 MiB.
2026-09-16T16:44:48Z INFO [225/2201] 0bd4c013-5266-486a-aadf-c478ec68c49a: not valid; 2.4 s; peak memory 3874 MiB.
2026-09-16T16:44:51Z WARNING 0bec97f7-7875-48e5-b3aa-3b8801c2b8de: failed while opening the NWB file (ConstructError: (root/acquisition/_iblmic_audioSpectrogram/bands GroupBuilder {'attributes': {'colnames': array(['freq'], dtype=object), 'description': 'spectogram frequencies', 'namespace': 'core', 'neurodata_type': 'FrequencyBandsTable', 'object_id': 'c8de255d-2a63-4efc-9641-7d7dca683232'}, 'groups': {}, 'datasets': {'freq': root/acquisition/_iblmic_audioSpectrogram/bands/freq DatasetBuilder {'attributes': {'description': 'frequency value', 'namespace': 'hdmf-common', 'neurodata_type': 'VectorData', 'object_id': '9a01093b-537f-459f-9c81-58d98d53deda'}, 'data': <HDF5 dataset "freq": shape (257,), type "<f4">}, 'id': root/acquisition/_iblmic_audioSpectrogram/bands/id DatasetBuilder {'attributes': {'namespace': 'hdmf-common', 'neurodata_type': 'ElementIdentifiers', 'object_id': '6e208be4-cabb-481c-8d01-67ea6d20076f'}, 'data': <HDF5 dataset "id": shape (257,), type "<i4">}}, 'links': {}}, "Could not construct FrequencyBandsTable object due to: column must have the same number of rows as 'id'"))
2026-09-16T16:44:53Z INFO [227/2201] 0bf3c5a3-ecb9-46e2-a993-3064f264dc6a: not valid; 2.8 s; peak memory 3874 MiB.
2026-09-16T16:44:56Z INFO [228/2201] 0c4f7c03-db0c-41c3-a32f-6f38809abf50: not valid; 2.8 s; peak memory 3874 MiB.
2026-09-16T16:44:59Z INFO [229/2201] 0c50e52b-c937-4220-9313-cb16b46813da: valid; 2.7 s; peak memory 3874 MiB.
2026-09-16T16:45:01Z INFO [230/2201] 0c5b6c49-9def-471b-9e36-8427008de4c2: not valid; 1.8 s; peak memory 3874 MiB.
2026-09-16T16:45:02Z WARNING 0c7f9b9e-31ad-4715-8229-6da1b4ee5cb9: failed while opening the NWB file (ConstructError: (root/acquisition/event_code_meanings GroupBuilder {'attributes': {'colnames': array(['value', 'meaning'], dtype=object), 'description': 'Mapping integer event codes to event labels', 'namespace': 'ndx-events', 'neurodata_type': 'MeaningsTable', 'object_id': '8c34052f-c043-4036-b080-7f898116f61f'}, 'groups': {}, 'datasets': {'id': root/acquisition/event_code_meanings/id DatasetBuilder {'attributes': {'namespace': 'hdmf-common', 'neurodata_type': 'ElementIdentifiers', 'object_id': 'a7fe243f-8ac6-4a67-ade9-38d68093f45d'}, 'data': <HDF5 dataset "id": shape (26,), type "<i8">}, 'meaning': root/acquisition/event_code_meanings/meaning DatasetBuilder {'attributes': {'description': 'The meaning of the value in the parent CategoricalVectorData object.', 'namespace': 'hdmf-experimental', 'neurodata_type': 'VectorData', 'object_id': 'd3db474d-71e0-4e79-8219-292d32e378a3'}, 'data': <StrDataset for HDF5 dataset "meaning": shape (26,), type "|O">}, 'value': root/acquisition/event_code_meanings/value DatasetBuilder {'attributes': {'description': 'The value of the parent CategoricalVectorData object.', 'namespace': 'hdmf-experimental', 'neurodata_type': 'VectorData', 'object_id': '6c81ece8-8562-41e1-8350-851bb3706a2f'}, 'data': <HDF5 dataset "value": shape (26,), type "<i8">}}, 'links': {}}, "Could not construct MeaningsTable object due to: MeaningsTable.__init__: missing argument 'target'"))
2026-09-16T16:45:11Z INFO [232/2201] 0c9acc4e-63f9-43d3-88e0-3b42ec58a0da: not valid; 8.3 s; peak memory 3882 MiB.
2026-09-16T16:45:13Z INFO [233/2201] 0d4970e8-7cc4-49f2-ab51-68986143cb6e: valid; 2.1 s; peak memory 3882 MiB.
2026-09-16T16:45:15Z INFO [234/2201] 0d7186b6-7985-40d6-bbfa-124677c60a5d: not valid; 1.9 s; peak memory 3883 MiB.
2026-09-16T16:45:17Z WARNING 0d71a7af-8be2-42af-850b-dceea61d92fb: failed while opening the NWB file (ConstructError: (root/acquisition/_iblmic_audioSpectrogram/bands GroupBuilder {'attributes': {'colnames': array(['freq'], dtype=object), 'description': 'spectogram frequencies', 'namespace': 'core', 'neurodata_type': 'FrequencyBandsTable', 'object_id': '6af1f9cf-1b98-4b83-8f3f-3124a89fbe70'}, 'groups': {}, 'datasets': {'freq': root/acquisition/_iblmic_audioSpectrogram/bands/freq DatasetBuilder {'attributes': {'description': 'frequency value', 'namespace': 'hdmf-common', 'neurodata_type': 'VectorData', 'object_id': '207c6748-c70b-4b55-a989-e240f89c96b5'}, 'data': <HDF5 dataset "freq": shape (257,), type "<f4">}, 'id': root/acquisition/_iblmic_audioSpectrogram/bands/id DatasetBuilder {'attributes': {'namespace': 'hdmf-common', 'neurodata_type': 'ElementIdentifiers', 'object_id': 'da895cf2-5c9f-4d5c-8b32-9a6cafbfef57'}, 'data': <HDF5 dataset "id": shape (257,), type "<i4">}}, 'links': {}}, "Could not construct FrequencyBandsTable object due to: column must have the same number of rows as 'id'"))
2026-09-16T16:45:18Z INFO [236/2201] 0da48d12-267e-45b6-9968-cada448b93d8: valid; 1.4 s; peak memory 3883 MiB.
2026-09-16T16:45:23Z INFO [237/2201] 0da8627b-0f6d-455a-8a97-113982a45a13: valid; 4.4 s; peak memory 3922 MiB.
2026-09-16T16:45:23Z WARNING 0dab403a-d27a-435c-ba9c-4dabd2e7c8ab: failed while retrieving asset information from the DANDI API (NotFoundError: No asset at path 'sub-healthy-simulated-beta/sub-healthy-simulated-beta_ses-8074_ecephys.nwb' in version 0.250327.2220. Verify the path is correct and the asset exists in this version. Use 'dandi ls' to list available assets.)
2026-09-16T16:45:25Z INFO [239/2201] 0dafcf54-a379-420e-94cf-65625bc3e6b7: valid; 2.3 s; peak memory 3922 MiB.
2026-09-16T16:45:27Z INFO [240/2201] 0dcb2906-0962-4b62-8ea4-f2a69aa16042: valid; 1.4 s; peak memory 3922 MiB.
2026-09-16T16:45:28Z INFO [241/2201] 0dcfb712-78b3-4168-9809-2a0e43107153: valid; 1.3 s; peak memory 3922 MiB.
2026-09-16T16:45:30Z INFO [242/2201] 0e11af20-0e4d-48a5-a59b-29c531b9abeb: valid; 2.2 s; peak memory 3922 MiB.
2026-09-16T16:45:35Z INFO [243/2201] 0e3cfa11-cfd8-4ac8-8463-2bfcd0238b9b: valid; 4.8 s; peak memory 3922 MiB.
2026-09-16T16:45:37Z INFO [244/2201] 0e74582b-10a8-4fae-835b-66e0625d9865: not valid; 1.8 s; peak memory 3922 MiB.
2026-09-16T16:45:39Z INFO [245/2201] 0e752bab-0bb7-4ffe-846b-fe5b0d5bc118: not valid; 2.0 s; peak memory 3922 MiB.
2026-09-16T16:45:41Z INFO [246/2201] 0edde03c-3368-4e24-b7a2-edf96c569326: valid; 1.8 s; peak memory 3922 MiB.
2026-09-16T16:45:42Z INFO [247/2201] 0ee44d2c-de85-4b96-99ea-d44337c4611e: valid; 1.7 s; peak memory 3922 MiB.
2026-09-16T16:45:45Z INFO [248/2201] 0ef2473f-09d8-4f0c-8b8f-2a43421e8714: valid; 2.9 s; peak memory 3922 MiB.
2026-09-16T16:45:48Z INFO [249/2201] 0f114e1f-1331-4bcc-87f8-487d2af23651: valid; 2.3 s; peak memory 3922 MiB.
2026-09-16T16:45:49Z INFO [250/2201] 0f238349-64ea-4e8e-a6d8-c24286046bf9: valid; 1.5 s; peak memory 3922 MiB.
2026-09-16T16:45:49Z INFO [250/2201] 0f238349-64ea-4e8e-a6d8-c24286046bf9: checkpointed 66010 records.
2026-09-16T16:45:51Z INFO [251/2201] 0f3b5c7b-6763-4876-8e30-74dbcfd653a4: valid; 1.4 s; peak memory 3922 MiB.
2026-09-16T16:45:53Z INFO [252/2201] 0f43b115-48d7-4299-ac5e-33ac4f95c01e: valid; 1.7 s; peak memory 3922 MiB.
2026-09-16T16:45:54Z INFO [253/2201] 0f78932e-c85a-4644-8576-44e936289074: valid; 1.5 s; peak memory 3922 MiB.
2026-09-16T16:45:56Z INFO [254/2201] 0f7cd2f7-ab2b-4991-8716-c7c6d9f39a59: valid; 1.7 s; peak memory 3922 MiB.
2026-09-16T16:45:58Z WARNING 0f821db4-8cbe-4288-8a58-a54decde64bf: failed while opening the NWB file (ConstructError: (root/acquisition/_iblmic_audioSpectrogram/bands GroupBuilder {'attributes': {'colnames': array(['freq'], dtype=object), 'description': 'spectogram frequencies', 'namespace': 'core', 'neurodata_type': 'FrequencyBandsTable', 'object_id': '73c3852a-b922-4855-8057-6028f72f7c1f'}, 'groups': {}, 'datasets': {'freq': root/acquisition/_iblmic_audioSpectrogram/bands/freq DatasetBuilder {'attributes': {'description': 'frequency value', 'namespace': 'hdmf-common', 'neurodata_type': 'VectorData', 'object_id': 'bc42d18b-385c-427d-8ba3-f1c243473dc2'}, 'data': <HDF5 dataset "freq": shape (257,), type "<f4">}, 'id': root/acquisition/_iblmic_audioSpectrogram/bands/id DatasetBuilder {'attributes': {'namespace': 'hdmf-common', 'neurodata_type': 'ElementIdentifiers', 'object_id': '594d9c8d-3c09-4646-a5ee-29900ba7f29e'}, 'data': <HDF5 dataset "id": shape (257,), type "<i4">}}, 'links': {}}, "Could not construct FrequencyBandsTable object due to: column must have the same number of rows as 'id'"))
2026-09-16T16:45:59Z INFO [256/2201] 0fb07323-52f2-4e8f-a667-870b4e8a0300: valid; 1.4 s; peak memory 3922 MiB.
2026-09-16T16:46:03Z INFO [257/2201] 0fc4e889-96ce-4db9-86f5-391f44c3bd49: valid; 3.5 s; peak memory 3922 MiB.
2026-09-16T16:46:04Z INFO [258/2201] 0fc93ba3-d801-41dc-868e-9a0c3ed68029: valid; 1.4 s; peak memory 3922 MiB.
2026-09-16T16:46:09Z INFO [259/2201] 0fead45e-910f-4df8-b828-8f8fae411229: valid; 4.3 s; peak memory 3922 MiB.
2026-09-16T16:46:11Z INFO [260/2201] 0ff4d700-7e71-4a51-8d55-e47c64bc8469: valid; 2.2 s; peak memory 3922 MiB.
2026-09-16T16:46:13Z INFO [261/2201] 0ffc3ca2-24df-402b-8903-c8aa6fe355c9: valid; 1.8 s; peak memory 3922 MiB.
2026-09-16T16:46:15Z WARNING 100e6510-f81d-4d87-8662-0d9da86ebba6: failed while opening the NWB file (ConstructError: (root/acquisition/_iblmic_audioSpectrogram/bands GroupBuilder {'attributes': {'colnames': array(['freq'], dtype=object), 'description': 'spectogram frequencies', 'namespace': 'core', 'neurodata_type': 'FrequencyBandsTable', 'object_id': '2fd3a2c0-af6a-4bf8-b461-2c6e863cd4fb'}, 'groups': {}, 'datasets': {'freq': root/acquisition/_iblmic_audioSpectrogram/bands/freq DatasetBuilder {'attributes': {'description': 'frequency value', 'namespace': 'hdmf-common', 'neurodata_type': 'VectorData', 'object_id': 'b7fd228b-a6fc-4474-b663-cd9c3ab30e6c'}, 'data': <HDF5 dataset "freq": shape (257,), type "<f4">}, 'id': root/acquisition/_iblmic_audioSpectrogram/bands/id DatasetBuilder {'attributes': {'namespace': 'hdmf-common', 'neurodata_type': 'ElementIdentifiers', 'object_id': 'c908eab1-46ff-4fda-a6a1-7c6ac8243584'}, 'data': <HDF5 dataset "id": shape (257,), type "<i4">}}, 'links': {}}, "Could not construct FrequencyBandsTable object due to: column must have the same number of rows as 'id'"))
2026-09-16T16:46:16Z INFO [263/2201] 101eb6e8-244e-440f-a8a3-92c82602eb48: not valid; 1.6 s; peak memory 3922 MiB.
2026-09-16T16:46:19Z INFO [264/2201] 10340a44-f4e1-4856-8967-ce275a86f890: not valid; 2.2 s; peak memory 3922 MiB.
2026-09-16T16:46:20Z INFO [265/2201] 10507e55-fdec-4b4b-8ced-b9e821d61fe1: valid; 1.1 s; peak memory 3922 MiB.
2026-09-16T16:46:26Z INFO [266/2201] 106903ff-7638-454d-86a1-16a700dba442: not valid; 5.7 s; peak memory 3922 MiB.
2026-09-16T16:46:30Z INFO [267/2201] 107abf1b-3aa2-49ea-894f-b200cb6053c7: valid; 4.3 s; peak memory 3922 MiB.
2026-09-16T16:46:32Z INFO [268/2201] 1085cf5c-0124-4afe-8c64-4a5f0cf86ca5: valid; 2.0 s; peak memory 3922 MiB.
2026-09-16T16:46:35Z INFO [269/2201] 10877c5c-9e96-4a7c-9cc9-dae2b64491a0: valid; 2.7 s; peak memory 3926 MiB.
2026-09-16T16:46:36Z INFO [270/2201] 10a62b81-17ff-4ac4-b1d9-2da7a3ad46e3: valid; 1.4 s; peak memory 3926 MiB.
2026-09-16T16:46:39Z INFO [271/2201] 10ae27c2-aed3-4c22-bf02-8dc01886fdc0: valid; 2.9 s; peak memory 3926 MiB.
2026-09-16T16:46:41Z INFO [272/2201] 10b18fbd-2291-4c41-a16e-ad4b3f3cc274: not valid; 2.3 s; peak memory 3926 MiB.
2026-09-16T16:46:43Z INFO [273/2201] 10b44451-0aca-4b9f-8ca7-bb614096a24d: valid; 1.9 s; peak memory 3926 MiB.
2026-09-16T16:46:45Z INFO [274/2201] 10bb2589-1672-4629-b8df-216acec5c30c: not valid; 1.9 s; peak memory 3926 MiB.
2026-09-16T16:46:47Z INFO [275/2201] 10e25806-3ee0-4af8-a497-f80a89f827e7: not valid; 1.7 s; peak memory 3926 MiB.
2026-09-16T16:46:48Z INFO [276/2201] 11207239-1562-4967-8ef2-c662072cd98e: valid; 1.7 s; peak memory 3926 MiB.
2026-09-16T16:46:56Z INFO [277/2201] 1132010d-ded0-4ca2-8113-e38400ac82c1: valid; 8.0 s; peak memory 3926 MiB.
2026-09-16T16:46:59Z WARNING 113c6423-78e2-4caa-8d88-75f6df789bd0: failed while opening the NWB file (ConstructError: (root/acquisition/_iblmic_audioSpectrogram/bands GroupBuilder {'attributes': {'colnames': array(['freq'], dtype=object), 'description': 'spectogram frequencies', 'namespace': 'core', 'neurodata_type': 'FrequencyBandsTable', 'object_id': '5c4f69d4-24c4-46cf-bd6e-0cf2b553274d'}, 'groups': {}, 'datasets': {'freq': root/acquisition/_iblmic_audioSpectrogram/bands/freq DatasetBuilder {'attributes': {'description': 'frequency value', 'namespace': 'hdmf-common', 'neurodata_type': 'VectorData', 'object_id': 'f69c4d9f-e47a-4358-b45a-05fbcc039ac1'}, 'data': <HDF5 dataset "freq": shape (257,), type "<f4">}, 'id': root/acquisition/_iblmic_audioSpectrogram/bands/id DatasetBuilder {'attributes': {'namespace': 'hdmf-common', 'neurodata_type': 'ElementIdentifiers', 'object_id': '9d65359a-5adc-4a0e-9088-c8a079d6aea6'}, 'data': <HDF5 dataset "id": shape (257,), type "<i4">}}, 'links': {}}, "Could not construct FrequencyBandsTable object due to: column must have the same number of rows as 'id'"))
2026-09-16T16:47:02Z INFO [279/2201] 1141a229-f8ec-4d53-976f-7c5969181a0c: valid; 3.1 s; peak memory 3927 MiB.
2026-09-16T16:47:06Z INFO [280/2201] 11a23c2b-ff09-4649-9daf-4a4c95c16084: not valid; 4.6 s; peak memory 3927 MiB.
2026-09-16T16:47:08Z INFO [281/2201] 11a9ba7e-488d-444f-9792-efcce0147d96: not valid; 2.3 s; peak memory 3927 MiB.
2026-09-16T16:47:10Z INFO [282/2201] 11acc254-cf8d-455b-977c-7701670bab2a: valid; 1.6 s; peak memory 3927 MiB.
2026-09-16T16:47:10Z WARNING 11cdf4a8-f70d-4d39-a571-7247f74bbda5: failed while retrieving asset information from the DANDI API (NotFoundError: No asset at path 'sub-parkinson-simulated-lfp/sub-parkinson-simulated-lfp_ses-6773_ecephys.nwb' in version 0.250327.2220. Verify the path is correct and the asset exists in this version. Use 'dandi ls' to list available assets.)
2026-09-16T16:47:12Z INFO [284/2201] 11f3aa48-0f69-4c87-8615-0a7de52cdcbc: valid; 2.0 s; peak memory 3927 MiB.
2026-09-16T16:47:12Z WARNING 12060683-c758-4227-adee-ec5b55a75ece: failed while retrieving asset information from the DANDI API (NotFoundError: No such Dandiset: 000948)
2026-09-16T16:47:14Z INFO [286/2201] 122a8b47-8ffe-40b4-a4cf-30077e92be86: valid; 2.0 s; peak memory 3927 MiB.
2026-09-16T16:47:16Z INFO [287/2201] 1232dd3a-e4ab-43b0-89f1-8ffd7220efa0: not valid; 2.0 s; peak memory 3927 MiB.
2026-09-16T16:47:18Z INFO [288/2201] 1237dceb-61d0-4082-9535-ffdf4f5fe2c2: not valid; 1.6 s; peak memory 3927 MiB.
2026-09-16T16:47:26Z INFO [289/2201] 12487afb-41cc-4dc5-b355-450987bdeda9: valid; 7.9 s; peak memory 3927 MiB.
2026-09-16T16:47:28Z INFO [290/2201] 124b75e8-b65f-4a49-81dc-06b027fddc2e: valid; 2.3 s; peak memory 3927 MiB.
2026-09-16T16:47:37Z INFO [291/2201] 126ef7d1-575b-449a-aaa2-4b05e4b5bc27: valid; 9.1 s; peak memory 3927 MiB.
2026-09-16T16:47:40Z INFO [292/2201] 1278fe36-96c8-434e-80df-c79b07fa7bf0: valid; 3.0 s; peak memory 3927 MiB.
2026-09-16T16:47:53Z INFO [293/2201] 127944b3-62ef-42c1-80c2-9a6ac9a07860: valid; 13.3 s; peak memory 3932 MiB.
2026-09-16T16:47:55Z INFO [294/2201] 128ff2f8-dcc9-41d2-bf42-3e8b440fa163: not valid; 1.9 s; peak memory 3932 MiB.
2026-09-16T16:47:59Z INFO [295/2201] 1298571c-2e8a-4a03-ab27-7525e90e7527: valid; 3.6 s; peak memory 3932 MiB.
2026-09-16T16:48:01Z INFO [296/2201] 12c1991f-344d-4b52-b1e3-16a525447074: not valid; 2.1 s; peak memory 3932 MiB.
2026-09-16T16:48:03Z WARNING 12c4ce47-99dd-4278-a343-beb9d332071a: failed while opening the NWB file (ConstructError: (root/acquisition/_iblmic_audioSpectrogram/bands GroupBuilder {'attributes': {'colnames': array(['freq'], dtype=object), 'description': 'spectogram frequencies', 'namespace': 'core', 'neurodata_type': 'FrequencyBandsTable', 'object_id': 'bd784424-f913-4803-aa28-742ae61ebd05'}, 'groups': {}, 'datasets': {'freq': root/acquisition/_iblmic_audioSpectrogram/bands/freq DatasetBuilder {'attributes': {'description': 'frequency value', 'namespace': 'hdmf-common', 'neurodata_type': 'VectorData', 'object_id': '3ce76f8e-b048-42de-83f1-4fef688c9201'}, 'data': <HDF5 dataset "freq": shape (257,), type "<f4">}, 'id': root/acquisition/_iblmic_audioSpectrogram/bands/id DatasetBuilder {'attributes': {'namespace': 'hdmf-common', 'neurodata_type': 'ElementIdentifiers', 'object_id': '1e919a7b-1193-4901-9efa-19e0c7ad99e8'}, 'data': <HDF5 dataset "id": shape (257,), type "<i4">}}, 'links': {}}, "Could not construct FrequencyBandsTable object due to: column must have the same number of rows as 'id'"))
2026-09-16T16:48:06Z INFO [298/2201] 12d64809-e964-4dce-8cdb-5b368afdc8e1: not valid; 2.3 s; peak memory 3932 MiB.
2026-09-16T16:48:08Z INFO [299/2201] 12ecb3ab-8e5a-437d-9d46-341b2c278c07: valid; 2.6 s; peak memory 3934 MiB.
2026-09-16T16:48:10Z WARNING 12f94650-05da-4a63-8496-5b61c7e7e5c1: failed while opening the NWB file (ConstructError: (root/acquisition/event_code_meanings GroupBuilder {'attributes': {'colnames': array(['value', 'meaning'], dtype=object), 'description': 'Mapping integer event codes to event labels', 'namespace': 'ndx-events', 'neurodata_type': 'MeaningsTable', 'object_id': '29608e4b-a946-4d75-8a38-5d3c600e9a3f'}, 'groups': {}, 'datasets': {'id': root/acquisition/event_code_meanings/id DatasetBuilder {'attributes': {'namespace': 'hdmf-common', 'neurodata_type': 'ElementIdentifiers', 'object_id': 'cf5a2012-b53d-4108-97ab-a397d5279e74'}, 'data': <HDF5 dataset "id": shape (26,), type "<i8">}, 'meaning': root/acquisition/event_code_meanings/meaning DatasetBuilder {'attributes': {'description': 'The meaning of the value in the parent CategoricalVectorData object.', 'namespace': 'hdmf-experimental', 'neurodata_type': 'VectorData', 'object_id': 'e1d90505-06eb-414e-89d5-1b56e0ead2a2'}, 'data': <StrDataset for HDF5 dataset "meaning": shape (26,), type "|O">}, 'value': root/acquisition/event_code_meanings/value DatasetBuilder {'attributes': {'description': 'The value of the parent CategoricalVectorData object.', 'namespace': 'hdmf-experimental', 'neurodata_type': 'VectorData', 'object_id': 'd0349bbc-e402-4713-abe2-1ed599f08db3'}, 'data': <HDF5 dataset "value": shape (26,), type "<i8">}}, 'links': {}}, "Could not construct MeaningsTable object due to: MeaningsTable.__init__: missing argument 'target'"))
2026-09-16T16:48:11Z INFO [300/2201] 12f94650-05da-4a63-8496-5b61c7e7e5c1: checkpointed 66010 records.
2026-09-16T16:48:12Z INFO [301/2201] 13139a42-e611-43b3-8185-487e75ef5328: valid; 1.4 s; peak memory 3937 MiB.
2026-09-16T16:48:16Z INFO [302/2201] 1330f257-d5c3-4b2b-b4ea-64d7b0d58211: not valid; 4.4 s; peak memory 3939 MiB.
2026-09-16T16:48:19Z INFO [303/2201] 13327c56-d6dd-4615-acda-f20ba4da2899: valid; 2.3 s; peak memory 3941 MiB.
2026-09-16T16:48:21Z INFO [304/2201] 135f235e-3426-487b-96ed-3147cbc67ae3: valid; 2.5 s; peak memory 3942 MiB.
2026-09-16T16:48:41Z INFO [305/2201] 136b5711-98ea-4843-9a8c-f5b7b29a993b: valid; 20.1 s; peak memory 3960 MiB.
2026-09-16T16:49:50Z INFO [306/2201] 13745788-05ee-4672-8c77-8568b30396ee: valid; 68.3 s; peak memory 4071 MiB.
2026-09-16T16:49:52Z INFO [307/2201] 1397c779-9ed6-4f79-9814-e7e8ab5d5a9c: not valid; 2.2 s; peak memory 4072 MiB.
2026-09-16T16:49:54Z INFO [308/2201] 13aaf76c-ece0-401b-866c-81afe4d075fa: valid; 2.4 s; peak memory 4072 MiB.
2026-09-16T16:49:57Z INFO [309/2201] 13ac9370-a594-4f48-86eb-c9e141110637: not valid; 2.8 s; peak memory 4073 MiB.
2026-09-16T16:49:58Z INFO [310/2201] 13adf477-29f0-4d4d-aa5d-55bdec88218a: valid; 1.4 s; peak memory 4073 MiB.
2026-09-16T16:50:01Z INFO [311/2201] 13cd961c-63fe-4f68-a435-cb68f5dfd83d: valid; 3.1 s; peak memory 4073 MiB.
2026-09-16T16:50:03Z INFO [312/2201] 13fd8d4c-1d5a-406a-bc21-cb0e36098cae: not valid; 1.7 s; peak memory 4073 MiB.
2026-09-16T16:50:05Z INFO [313/2201] 142bc9f1-51a2-4f39-9f92-6694e0167a04: valid; 1.7 s; peak memory 4073 MiB.
2026-09-16T16:50:07Z INFO [314/2201] 146ad8d7-a6fa-400e-9e0e-b3d0e8f970b3: valid; 2.7 s; peak memory 4073 MiB.
2026-09-16T16:50:11Z INFO [315/2201] 147264d2-1f19-4e63-8b49-da6fbe7c4fa8: valid; 3.7 s; peak memory 4073 MiB.
2026-09-16T16:50:13Z INFO [316/2201] 14a8123b-1b4e-4b11-b02a-e26d15bbb64b: not valid; 1.5 s; peak memory 4073 MiB.
2026-09-16T16:50:15Z INFO [317/2201] 14c9a373-8447-424c-884c-bc1de6ebc261: valid; 2.2 s; peak memory 4073 MiB.
2026-09-16T16:50:22Z INFO [318/2201] 14cc9ade-8036-4dff-8c60-3aca18f5673f: valid; 7.3 s; peak memory 4073 MiB.
2026-09-16T16:50:26Z INFO [319/2201] 14d17dcd-7b1f-4c91-92b6-7130cec8108b: valid; 3.6 s; peak memory 4073 MiB.
2026-09-16T16:50:34Z INFO [320/2201] 14e226d0-90ad-4a69-b4eb-82013dd2891d: valid; 8.0 s; peak memory 4073 MiB.
2026-09-16T16:50:35Z INFO [321/2201] 14f453a4-f465-4629-81ad-7a3c772f9459: not valid; 1.5 s; peak memory 4073 MiB.
2026-09-16T16:50:39Z INFO [322/2201] 1519a7ae-f929-461f-80a2-4e956c6f0ca4: not valid; 4.2 s; peak memory 4073 MiB.
2026-09-16T16:50:41Z WARNING 151fa460-b958-456b-9433-6451c3ad84ba: failed while opening the NWB file (ConstructError: (root/acquisition/event_code_meanings GroupBuilder {'attributes': {'colnames': array(['value', 'meaning'], dtype=object), 'description': 'Mapping integer event codes to event labels', 'namespace': 'ndx-events', 'neurodata_type': 'MeaningsTable', 'object_id': '4157d01b-a5c3-4109-823a-9a4d55ddb510'}, 'groups': {}, 'datasets': {'id': root/acquisition/event_code_meanings/id DatasetBuilder {'attributes': {'namespace': 'hdmf-common', 'neurodata_type': 'ElementIdentifiers', 'object_id': '0b9f4c1b-aaed-4e14-8362-c6f676492432'}, 'data': <HDF5 dataset "id": shape (26,), type "<i8">}, 'meaning': root/acquisition/event_code_meanings/meaning DatasetBuilder {'attributes': {'description': 'The meaning of the value in the parent CategoricalVectorData object.', 'namespace': 'hdmf-experimental', 'neurodata_type': 'VectorData', 'object_id': '01da2590-c574-46be-92d7-17fc1d7e1547'}, 'data': <StrDataset for HDF5 dataset "meaning": shape (26,), type "|O">}, 'value': root/acquisition/event_code_meanings/value DatasetBuilder {'attributes': {'description': 'The value of the parent CategoricalVectorData object.', 'namespace': 'hdmf-experimental', 'neurodata_type': 'VectorData', 'object_id': 'a6b5b0c8-60dc-4041-b062-e87fbe615c79'}, 'data': <HDF5 dataset "value": shape (26,), type "<i8">}}, 'links': {}}, "Could not construct MeaningsTable object due to: MeaningsTable.__init__: missing argument 'target'"))
2026-09-16T16:50:44Z INFO [324/2201] 1526534a-3d2f-4d6d-9efe-1d86644c8966: not valid; 2.9 s; peak memory 4073 MiB.
2026-09-16T16:51:04Z INFO [325/2201] 1528dd2a-2128-467b-a9c2-223cdf8cbb56: valid; 19.4 s; peak memory 4073 MiB.
2026-09-16T16:51:08Z INFO [326/2201] 1545f076-a3b7-4c29-b005-d13d96294ae7: valid; 4.6 s; peak memory 4074 MiB.
2026-09-16T16:51:11Z INFO [327/2201] 1546734b-789a-43db-a69b-d924f8350aa4: not valid; 2.3 s; peak memory 4074 MiB.
2026-09-16T16:51:13Z INFO [328/2201] 15b9ee8a-02b8-42af-8163-6b9ea985f2a4: valid; 2.7 s; peak memory 4074 MiB.
2026-09-16T16:51:17Z INFO [329/2201] 163a9ec7-a9d3-4f10-8187-eb62d462d99c: valid; 3.2 s; peak memory 4074 MiB.
2026-09-16T16:51:27Z INFO [330/2201] 1655aa60-daf4-4153-a1cb-998b4db169ec: valid; 10.1 s; peak memory 4074 MiB.
2026-09-16T16:51:28Z WARNING 168369d9-6377-4ae8-9d16-888e19b0f5e4: failed while opening the NWB file (ValueError: Cannot resolve included group spec 'electrodes' with data_type_inc 'ElectrodesTable' because a group spec with the same name already exists with data_type_inc 'DynamicTable', and data type 'DynamicTable' is not a child type of data type 'ElectrodesTable'.)
2026-09-16T16:51:38Z INFO [332/2201] 16900f6c-d3ac-456b-a9b7-7d04d0546e89: valid; 10.1 s; peak memory 4074 MiB.
2026-09-16T16:51:40Z INFO [333/2201] 16bc9036-c7fb-4756-b1c0-febc01abccfc: not valid; 2.0 s; peak memory 4074 MiB.
2026-09-16T16:51:44Z INFO [334/2201] 17174466-100d-4731-96e7-995b0a3318fe: valid; 3.6 s; peak memory 4074 MiB.
2026-09-16T16:51:46Z INFO [335/2201] 173239b9-6aab-4627-8650-11207e397094: valid; 2.0 s; peak memory 4074 MiB.
2026-09-16T16:51:56Z INFO [336/2201] 1746dde6-851a-4d4a-bfb5-f3e3ef043419: valid; 10.2 s; peak memory 4074 MiB.
2026-09-16T16:51:58Z INFO [337/2201] 1754788b-18ad-4c15-84d0-8c623ae60437: valid; 1.5 s; peak memory 4074 MiB.
2026-09-16T16:51:59Z INFO [338/2201] 1773761a-b2b9-4cb9-9aad-466fa4ba30ad: valid; 1.5 s; peak memory 4074 MiB.
2026-09-16T16:52:05Z INFO [339/2201] 17b6b383-7911-4b35-9eed-a2fff218c4b3: valid; 5.7 s; peak memory 4074 MiB.
2026-09-16T16:52:07Z INFO [340/2201] 17e1b436-8ff4-40fb-89f3-c9c6ba515317: valid; 1.5 s; peak memory 4074 MiB.
2026-09-16T16:52:10Z INFO [341/2201] 181aedf8-ec5d-452d-a86e-d180aad793d9: valid; 3.5 s; peak memory 4074 MiB.
2026-09-16T16:52:12Z INFO [342/2201] 182c52f3-2dbe-46a4-844b-0d307695ab98: valid; 1.5 s; peak memory 4074 MiB.
2026-09-16T16:52:21Z INFO [343/2201] 18612a1a-4660-424b-9a68-d821df0194f6: valid; 9.0 s; peak memory 4074 MiB.
2026-09-16T16:52:35Z INFO [344/2201] 18752e3d-f8d7-44d1-9e13-0f544e4e9a9c: valid; 13.9 s; peak memory 4086 MiB.
2026-09-16T16:52:36Z INFO [345/2201] 18a4358e-1810-4c34-a632-5ea28eccec1f: not valid; 1.8 s; peak memory 4086 MiB.
2026-09-16T16:52:50Z INFO [346/2201] 18bc8985-5768-47c4-b14b-0bd14e4067e1: valid; 13.8 s; peak memory 4086 MiB.
2026-09-16T16:52:53Z INFO [347/2201] 18c116c6-08ad-4a78-9627-6aa0f497ef3d: valid; 2.6 s; peak memory 4086 MiB.
2026-09-16T16:52:53Z WARNING 18c95cd5-b78b-405b-9509-a1f294b2d4fd: failed while retrieving asset information from the DANDI API (NotFoundError: No asset at path 'sub-parkinson-simulated-beta/sub-parkinson-simulated-beta_ses-7396_ecephys.nwb' in version 0.250327.2220. Verify the path is correct and the asset exists in this version. Use 'dandi ls' to list available assets.)
2026-09-16T16:52:54Z INFO [349/2201] 18cb0292-a069-4c7d-9200-008a2d6aba1b: not valid; 1.4 s; peak memory 4086 MiB.
2026-09-16T16:52:57Z INFO [350/2201] 19234928-dcdc-4b54-896a-ebf07d158cb9: valid; 2.5 s; peak memory 4086 MiB.
2026-09-16T16:52:57Z INFO [350/2201] 19234928-dcdc-4b54-896a-ebf07d158cb9: checkpointed 66010 records.
2026-09-16T16:52:59Z INFO [351/2201] 1944fc6d-46f0-488b-9609-650113f36fc0: valid; 1.4 s; peak memory 4086 MiB.
2026-09-16T16:53:44Z INFO [352/2201] 1959e952-dfa3-4a14-a0b1-764592281ee9: valid; 45.5 s; peak memory 4119 MiB.
2026-09-16T16:53:46Z INFO [353/2201] 1981d818-455d-4597-a16d-bc096b3f66e1: valid; 1.5 s; peak memory 4119 MiB.
2026-09-16T16:53:47Z INFO [354/2201] 1a00f0d0-ab9a-48be-94e8-64554d55d3d8: valid; 1.6 s; peak memory 4120 MiB.
2026-09-16T16:53:50Z INFO [355/2201] 1a02cfae-d73c-4921-8279-cac914470a33: valid; 2.3 s; peak memory 4121 MiB.
2026-09-16T16:53:52Z INFO [356/2201] 1a2814ba-5e47-4f62-9123-b5abe01809aa: valid; 2.0 s; peak memory 4123 MiB.
2026-09-16T16:53:53Z INFO [357/2201] 1a29a25b-fbd0-49fa-aff7-dc298b09b3bc: valid; 1.4 s; peak memory 4123 MiB.
2026-09-16T16:53:55Z INFO [358/2201] 1a30adaa-5554-4717-812e-46cff1750805: valid; 2.1 s; peak memory 4125 MiB.
2026-09-16T16:53:57Z INFO [359/2201] 1a530b33-cdcf-48c5-86c7-faff4f48817f: valid; 1.6 s; peak memory 4125 MiB.
2026-09-16T16:53:59Z INFO [360/2201] 1a558d21-5c45-462c-b4e5-546396dfc510: not valid; 2.0 s; peak memory 4126 MiB.
2026-09-16T16:54:01Z INFO [361/2201] 1a5e63a7-7ec9-43ec-a403-3198f64dc53f: not valid; 1.9 s; peak memory 4127 MiB.
2026-09-16T16:54:03Z INFO [362/2201] 1a68783f-65bb-46bf-b40f-ab1bbfef77fd: valid; 2.9 s; peak memory 4129 MiB.
2026-09-16T16:54:05Z INFO [363/2201] 1aa2d0ec-fb1b-43da-9f8d-0545d56e8143: valid; 1.3 s; peak memory 4129 MiB.
2026-09-16T16:54:07Z INFO [364/2201] 1ae8fd93-b4f3-4af9-ab12-d08677bc1ed1: valid; 2.5 s; peak memory 4129 MiB.
2026-09-16T16:54:09Z INFO [365/2201] 1af8c112-68b7-4e0f-8e72-96e205f72c66: not valid; 2.0 s; peak memory 4129 MiB.
2026-09-16T16:54:11Z INFO [366/2201] 1b32013f-b08d-469c-8390-c4e996c19696: not valid; 1.7 s; peak memory 4129 MiB.
2026-09-16T16:54:13Z INFO [367/2201] 1b49148c-00d4-4c1e-8bf4-d45a9232f5fe: valid; 1.7 s; peak memory 4129 MiB.
2026-09-16T16:54:16Z INFO [368/2201] 1b5c4124-a5e7-4444-a03a-48cbb9f0045b: valid; 3.2 s; peak memory 4129 MiB.
2026-09-16T16:54:27Z INFO [369/2201] 1b9b7eab-61e5-4ed4-99f6-a534565ae410: valid; 11.5 s; peak memory 4129 MiB.
2026-09-16T16:54:47Z INFO [370/2201] 1ba52f01-1c19-4716-994f-420c02af8f09: valid; 19.3 s; peak memory 4129 MiB.
2026-09-16T16:54:48Z INFO [371/2201] 1bac855e-957a-49f0-a194-e2773a2f3405: valid; 1.5 s; peak memory 4129 MiB.
2026-09-16T16:54:52Z INFO [372/2201] 1bd4e13c-ef85-4625-9a49-c509b75f29d6: valid; 3.4 s; peak memory 4129 MiB.
2026-09-16T16:54:53Z INFO [373/2201] 1bddaa7f-6edf-45a9-b483-486c798fbb49: valid; 1.7 s; peak memory 4129 MiB.
2026-09-16T16:54:55Z INFO [374/2201] 1bf45009-dafa-4369-ac9f-bf36e467f504: valid; 1.4 s; peak memory 4129 MiB.
2026-09-16T16:54:58Z INFO [375/2201] 1c2f840d-b284-474b-af95-5253b582b235: valid; 3.1 s; peak memory 4129 MiB.
2026-09-16T16:54:59Z INFO [376/2201] 1c545ab5-310a-4c65-9379-eba16b348026: valid; 1.1 s; peak memory 4129 MiB.
2026-09-16T16:55:00Z INFO [377/2201] 1c6f3eb1-5ca5-4d29-b3f2-99e1b8567006: valid; 1.5 s; peak memory 4129 MiB.
2026-09-16T16:55:03Z INFO [378/2201] 1c8f2dd4-8931-46e5-b9ef-7df1432ebc0d: valid; 3.1 s; peak memory 4129 MiB.
2026-09-16T16:55:12Z INFO [379/2201] 1c933027-7905-4ea4-ab23-e5e1d0b46498: valid; 8.6 s; peak memory 4129 MiB.
2026-09-16T16:55:16Z INFO [380/2201] 1cb8d2a1-53a9-47d5-b4e1-131553f490a9: valid; 4.3 s; peak memory 4129 MiB.
2026-09-16T16:55:18Z INFO [381/2201] 1d33015e-f7c8-4d09-94b8-9aea070a12a4: valid; 2.2 s; peak memory 4129 MiB.
2026-09-16T16:55:20Z INFO [382/2201] 1d377593-51d4-4684-86d1-dc455c2434e5: valid; 1.5 s; peak memory 4129 MiB.
2026-09-16T16:55:23Z INFO [383/2201] 1d380e8a-7939-47ee-8b80-2204c6c12d55: valid; 2.6 s; peak memory 4129 MiB.
2026-09-16T16:55:24Z INFO [384/2201] 1d3c9964-1101-4e46-a1c7-ad7abc8c1e85: valid; 1.6 s; peak memory 4129 MiB.
2026-09-16T16:55:26Z INFO [385/2201] 1d5744fe-253c-40b4-98b6-6608b0300d73: valid; 2.1 s; peak memory 4129 MiB.
2026-09-16T16:55:28Z INFO [386/2201] 1d6f05f4-b2d4-4723-915c-335ff8f94774: not valid; 1.9 s; peak memory 4129 MiB.
2026-09-16T16:55:41Z INFO [387/2201] 1dcc5564-b181-42ae-bb5b-e5d39fa25431: not valid; 12.9 s; peak memory 4131 MiB.
2026-09-16T16:57:42Z INFO [388/2201] 1dfa4dbd-f7e1-41ca-bd9d-524318d56b44: valid; 121.1 s; peak memory 4545 MiB.
2026-09-16T16:57:46Z INFO [389/2201] 1dfbbe89-5ac3-491b-a10c-a076ad9e8cce: not valid; 3.7 s; peak memory 4550 MiB.
2026-09-16T16:57:47Z INFO [390/2201] 1e1747f2-9433-4417-a3c3-e144bedd3540: not valid; 1.6 s; peak memory 4550 MiB.
2026-09-16T16:57:49Z INFO [391/2201] 1e2e4675-b454-4135-8b4a-53fb419b4b25: valid; 1.2 s; peak memory 4551 MiB.
2026-09-16T16:57:50Z INFO [392/2201] 1e2fb9e7-96c6-4d93-bf54-7289b7a7d296: valid; 1.6 s; peak memory 4552 MiB.
2026-09-16T16:57:52Z INFO [393/2201] 1e4c4bdd-ed62-4b5d-9a6f-c6ce3dfbbb92: valid; 1.5 s; peak memory 4552 MiB.
2026-09-16T16:57:53Z INFO [394/2201] 1e5ab7a1-f50e-4f0e-8bc4-b2cbb948546a: not valid; 1.6 s; peak memory 4553 MiB.
2026-09-16T16:57:56Z INFO [395/2201] 1e8109b4-137c-4caa-9690-953ba0426a7b: valid; 2.6 s; peak memory 4556 MiB.
2026-09-16T16:57:59Z INFO [396/2201] 1e863b82-43f5-4016-b252-4ec65fe50e79: valid; 3.5 s; peak memory 4564 MiB.
2026-09-16T16:58:02Z INFO [397/2201] 1e9727b4-fb83-4d70-a0a5-a5bca543e432: valid; 2.3 s; peak memory 4569 MiB.
2026-09-16T16:58:03Z WARNING 1eb3545d-0bd1-4fcb-9cb3-d68e11bb6c83: failed while opening the NWB file (ConstructError: (root/acquisition/event_code_meanings GroupBuilder {'attributes': {'colnames': array(['value', 'meaning'], dtype=object), 'description': 'Mapping integer event codes to event labels', 'namespace': 'ndx-events', 'neurodata_type': 'MeaningsTable', 'object_id': 'b35f0591-0bce-49e9-8d71-164fe1970ba8'}, 'groups': {}, 'datasets': {'id': root/acquisition/event_code_meanings/id DatasetBuilder {'attributes': {'namespace': 'hdmf-common', 'neurodata_type': 'ElementIdentifiers', 'object_id': 'a60129d2-409a-4dc2-a0af-0eb28653cbeb'}, 'data': <HDF5 dataset "id": shape (26,), type "<i8">}, 'meaning': root/acquisition/event_code_meanings/meaning DatasetBuilder {'attributes': {'description': 'The meaning of the value in the parent CategoricalVectorData object.', 'namespace': 'hdmf-experimental', 'neurodata_type': 'VectorData', 'object_id': 'ca6c710d-188e-4192-9834-06bbde63ec93'}, 'data': <StrDataset for HDF5 dataset "meaning": shape (26,), type "|O">}, 'value': root/acquisition/event_code_meanings/value DatasetBuilder {'attributes': {'description': 'The value of the parent CategoricalVectorData object.', 'namespace': 'hdmf-experimental', 'neurodata_type': 'VectorData', 'object_id': '6193b322-ba90-45a0-bdfe-907e51f7abbd'}, 'data': <HDF5 dataset "value": shape (26,), type "<i8">}}, 'links': {}}, "Could not construct MeaningsTable object due to: MeaningsTable.__init__: missing argument 'target'"))
2026-09-16T16:58:05Z INFO [399/2201] 1ebb3c4c-efd9-45ce-b1aa-d9ce161f0db7: valid; 1.8 s; peak memory 4573 MiB.
2026-09-16T16:58:14Z INFO [400/2201] 1f0fa6b6-a102-44e7-b70b-ae5ab27ffe3a: valid; 8.3 s; peak memory 4589 MiB.
2026-09-16T16:58:14Z INFO [400/2201] 1f0fa6b6-a102-44e7-b70b-ae5ab27ffe3a: checkpointed 66010 records.
2026-09-16T16:58:16Z INFO [401/2201] 1f1d2b06-ac37-4d17-960e-92403c468ca0: not valid; 1.8 s; peak memory 4593 MiB.
2026-09-16T16:58:20Z INFO [402/2201] 1f29a8a9-c6d8-4736-a4c5-7bea206a1396: valid; 4.1 s; peak memory 4605 MiB.
2026-09-16T16:58:23Z INFO [403/2201] 1f77fa6f-6b5d-4c6b-9517-9a44a702bddd: not valid; 3.0 s; peak memory 4605 MiB.
2026-09-16T16:58:40Z INFO [404/2201] 1f903a9b-bcd3-48bc-b57a-315ab923f290: not valid; 17.5 s; peak memory 4605 MiB.
2026-09-16T16:58:42Z INFO [405/2201] 1f9ce09b-5178-44c4-85ef-1290155e82f3: not valid; 1.8 s; peak memory 4605 MiB.
2026-09-16T16:58:44Z INFO [406/2201] 1fab22a5-e89f-4928-9a34-60c8fb6129d8: not valid; 1.9 s; peak memory 4605 MiB.
2026-09-16T16:58:58Z INFO [407/2201] 1fbc67bc-4495-4e8d-93ca-8777c2d6a6e8: valid; 13.5 s; peak memory 4605 MiB.
2026-09-16T16:59:01Z INFO [408/2201] 1fcc83dd-beb1-4b41-8448-7c8db74616b0: not valid; 3.0 s; peak memory 4605 MiB.
2026-09-16T16:59:02Z INFO [409/2201] 1fcf6b11-9804-406f-9cef-fa4573a253a6: valid; 1.4 s; peak memory 4605 MiB.
2026-09-16T16:59:11Z INFO [410/2201] 200d744d-6ace-4645-84dd-16524f018f32: valid; 9.1 s; peak memory 4605 MiB.
2026-09-16T16:59:24Z INFO [411/2201] 201c0b4e-1c7e-480b-8f15-4270e67ffe42: valid; 13.0 s; peak memory 4605 MiB.
2026-09-16T16:59:33Z INFO [412/2201] 20579941-c421-4c26-979f-cc72b7eca74e: valid; 8.6 s; peak memory 4605 MiB.
2026-09-16T16:59:43Z INFO [413/2201] 206a3f8a-4a00-4056-85af-e37eaa3efc0e: valid; 9.8 s; peak memory 4605 MiB.
2026-09-16T16:59:45Z INFO [414/2201] 20760d66-9074-47ff-be6f-539b44a6df48: valid; 2.5 s; peak memory 4605 MiB.
2026-09-16T17:00:09Z INFO [415/2201] 208bdb6d-8212-4993-be67-0c9ea87f2db6: valid; 24.4 s; peak memory 4605 MiB.
2026-09-16T17:00:11Z INFO [416/2201] 2093eca3-4b46-4a1e-aea0-956e8caa7e98: not valid; 1.8 s; peak memory 4605 MiB.
2026-09-16T17:00:16Z INFO [417/2201] 20b7b176-7928-49f1-b43f-d77c71e611a7: not valid; 4.5 s; peak memory 4605 MiB.
2026-09-16T17:00:28Z INFO [418/2201] 20e3f182-d98c-4c65-831b-bc0e04296b6d: valid; 12.1 s; peak memory 4605 MiB.
2026-09-16T17:00:29Z INFO [419/2201] 20ef49cd-99c0-4000-a1ca-8a2a32520a7e: valid; 1.5 s; peak memory 4605 MiB.
2026-09-16T17:00:31Z INFO [420/2201] 210c10d1-7a63-4091-afd6-8e3f6c0cb4ac: valid; 2.0 s; peak memory 4605 MiB.
2026-09-16T17:00:33Z INFO [421/2201] 21160bce-dbeb-4d60-bdf0-80b2dd43e1c9: valid; 1.4 s; peak memory 4605 MiB.
2026-09-16T17:00:35Z INFO [422/2201] 2161251f-5a63-46b2-a96d-8345bdbb81e7: valid; 2.0 s; peak memory 4605 MiB.
2026-09-16T17:00:36Z INFO [423/2201] 21677ea6-05b7-4012-892a-258425aee1a3: valid; 1.6 s; peak memory 4605 MiB.
2026-09-16T17:00:59Z INFO [424/2201] 2178b562-f428-45b0-b59c-139170d84134: valid; 22.5 s; peak memory 4605 MiB.
2026-09-16T17:01:01Z INFO [425/2201] 218e873b-ef64-4d00-a273-4756f18d9270: valid; 2.4 s; peak memory 4605 MiB.
2026-09-16T17:01:03Z WARNING 2191e005-5b50-46a2-b7f3-8c3ace098536: failed while opening the NWB file (ConstructError: (root/acquisition/_iblmic_audioSpectrogram/bands GroupBuilder {'attributes': {'colnames': array(['freq'], dtype=object), 'description': 'spectogram frequencies', 'namespace': 'core', 'neurodata_type': 'FrequencyBandsTable', 'object_id': '58d6f73e-f26c-49fc-859a-5b19f2b1fd34'}, 'groups': {}, 'datasets': {'freq': root/acquisition/_iblmic_audioSpectrogram/bands/freq DatasetBuilder {'attributes': {'description': 'frequency value', 'namespace': 'hdmf-common', 'neurodata_type': 'VectorData', 'object_id': 'fa013460-6fbd-41fa-821f-41110b9d8a30'}, 'data': <HDF5 dataset "freq": shape (257,), type "<f4">}, 'id': root/acquisition/_iblmic_audioSpectrogram/bands/id DatasetBuilder {'attributes': {'namespace': 'hdmf-common', 'neurodata_type': 'ElementIdentifiers', 'object_id': '9bb67192-ab76-42b0-bad6-834c8727a2e6'}, 'data': <HDF5 dataset "id": shape (257,), type "<i4">}}, 'links': {}}, "Could not construct FrequencyBandsTable object due to: column must have the same number of rows as 'id'"))
2026-09-16T17:01:06Z INFO [427/2201] 21a8c61f-420e-4041-a18a-8e9e3203d2e3: valid; 2.3 s; peak memory 4605 MiB.
2026-09-16T17:01:20Z INFO [428/2201] 21a936cd-becd-4ac4-8619-736760049bd0: valid; 13.9 s; peak memory 4605 MiB.
2026-09-16T17:01:21Z INFO [429/2201] 21c95e01-8b65-4b3a-a6ef-858ba5616ec5: valid; 1.5 s; peak memory 4605 MiB.
2026-09-16T17:01:24Z INFO [430/2201] 21e01d62-4f24-49db-a2fb-d73cb75681cd: valid; 3.2 s; peak memory 4605 MiB.
2026-09-16T17:01:26Z INFO [431/2201] 21e4ff07-f3c5-486d-a4bf-cac4a57e3fd0: valid; 1.5 s; peak memory 4605 MiB.
2026-09-16T17:01:28Z INFO [432/2201] 21ee86f8-7e61-4e26-80bf-b4327f7cb26f: not valid; 1.7 s; peak memory 4605 MiB.
2026-09-16T17:01:29Z INFO [433/2201] 21f326d8-f4da-4f63-b36f-b6ae9679f00a: valid; 1.5 s; peak memory 4605 MiB.
2026-09-16T17:01:50Z INFO [434/2201] 22241852-fa8c-42a4-9c9f-14a16ee8ed19: valid; 21.2 s; peak memory 4605 MiB.
2026-09-16T17:01:52Z INFO [435/2201] 2243e39d-198e-4555-88c8-bf31bea66634: valid; 2.1 s; peak memory 4605 MiB.
2026-09-16T17:02:04Z INFO [436/2201] 2247418e-95af-446e-97cc-be2debdd71e9: valid; 11.3 s; peak memory 4649 MiB.
2026-09-16T17:02:05Z INFO [437/2201] 226b13d4-ccd6-4549-9b90-5885c6c8ad03: valid; 1.5 s; peak memory 4651 MiB.
2026-09-16T17:02:09Z INFO [438/2201] 227617e4-25e5-4583-a170-7391c9c14b44: valid; 3.9 s; peak memory 4657 MiB.
2026-09-16T17:02:12Z INFO [439/2201] 227895ad-0117-4784-acbf-2f4a41548fbe: valid; 2.5 s; peak memory 4657 MiB.
2026-09-16T17:02:14Z INFO [440/2201] 22b44ac3-5ba2-4e5c-a232-16e194059fb3: not valid; 2.3 s; peak memory 4657 MiB.
2026-09-16T17:02:16Z INFO [441/2201] 22de5af8-ecda-4879-a8e6-751578bde2c2: not valid; 1.7 s; peak memory 4657 MiB.
2026-09-16T17:02:29Z INFO [442/2201] 22e78eb3-ccb2-482a-9d65-683bf257c453: valid; 13.7 s; peak memory 4713 MiB.
2026-09-16T17:02:31Z INFO [443/2201] 2307d22f-f6b1-483a-80cf-7e2a92c5c5dc: valid; 1.4 s; peak memory 4713 MiB.
2026-09-16T17:02:32Z INFO [444/2201] 2319aa96-bf2d-4280-b20b-5b89eefde89c: valid; 1.6 s; peak memory 4713 MiB.
2026-09-16T17:02:35Z INFO [445/2201] 231bcaf9-e174-43c6-a0bc-309cad726119: valid; 2.3 s; peak memory 4713 MiB.
2026-09-16T17:02:37Z INFO [446/2201] 2321949b-0905-4aa3-b1b4-bf48c3e9e26d: valid; 2.2 s; peak memory 4713 MiB.
2026-09-16T17:02:41Z INFO [447/2201] 232ed34a-a321-48d0-b675-56e96879a67f: valid; 3.8 s; peak memory 4721 MiB.
2026-09-16T17:02:43Z INFO [448/2201] 23431e17-229c-4963-a97e-a7415443acf9: valid; 2.0 s; peak memory 4721 MiB.
2026-09-16T17:02:45Z INFO [449/2201] 2365a99d-7e3c-4db5-b64b-0d29184b1772: not valid; 2.5 s; peak memory 4721 MiB.
2026-09-16T17:02:48Z INFO [450/2201] 23694f7c-337a-45f4-bc41-a311bb70a1b5: not valid; 2.8 s; peak memory 4721 MiB.
2026-09-16T17:02:48Z INFO [450/2201] 23694f7c-337a-45f4-bc41-a311bb70a1b5: checkpointed 66010 records.
2026-09-16T17:02:50Z INFO [451/2201] 237c4562-a9e3-4e0e-8e9b-6713fe097911: valid; 1.9 s; peak memory 4721 MiB.
2026-09-16T17:03:11Z INFO [452/2201] 238426dc-39af-47ba-adc0-4f12b5ea1cdd: valid; 20.8 s; peak memory 4721 MiB.
2026-09-16T17:03:12Z INFO [453/2201] 23a25115-b608-4c1a-8c05-e1bf6a30e645: valid; 1.4 s; peak memory 4721 MiB.
2026-09-16T17:03:15Z INFO [454/2201] 23dda0b9-7342-422e-af1c-e7223ccd74f1: valid; 2.3 s; peak memory 4721 MiB.
2026-09-16T17:03:16Z INFO [455/2201] 23f4c4de-40db-49cd-bab0-9e150d021219: valid; 1.7 s; peak memory 4721 MiB.
2026-09-16T17:03:22Z INFO [456/2201] 2436b934-e45e-49cb-9a46-86024ed05270: valid; 5.8 s; peak memory 4721 MiB.
2026-09-16T17:03:24Z INFO [457/2201] 244b860a-b65d-4435-a95d-c919303188bb: valid; 1.5 s; peak memory 4721 MiB.
2026-09-16T17:03:29Z INFO [458/2201] 245a72ed-ca11-42ba-b957-e30bddb30f6f: not valid; 5.4 s; peak memory 4721 MiB.
2026-09-16T17:03:32Z INFO [459/2201] 245de66b-1892-4b3b-b18c-df491f4f499d: valid; 2.5 s; peak memory 4721 MiB.
2026-09-16T17:03:34Z INFO [460/2201] 247675a3-c683-4c60-a882-113f549a816a: valid; 2.6 s; peak memory 4721 MiB.
2026-09-16T17:03:36Z INFO [461/2201] 24b33e13-e5bc-44be-a5ff-e8f0fba68f8c: valid; 1.6 s; peak memory 4721 MiB.
2026-09-16T17:03:37Z INFO [462/2201] 24cf0f97-c89a-4d48-88b8-4902d8d8d662: valid; 1.4 s; peak memory 4721 MiB.
2026-09-16T17:03:39Z INFO [463/2201] 25124b96-21f2-4e5b-8c70-c7227e24281f: not valid; 1.9 s; peak memory 4721 MiB.
2026-09-16T17:03:39Z WARNING 255da72b-7f2e-42d9-a5b9-5b0d3fdf41d4: failed while retrieving asset information from the DANDI API (NotFoundError: No asset at path 'sub-440959/sub-440959_ses-20190224T133648_behavior+ecephys+ogen.nwb' in version 0.231012.2129. Verify the path is correct and the asset exists in this version. Use 'dandi ls' to list available assets.)
2026-09-16T17:03:42Z INFO [465/2201] 2561aed3-fd7e-4d75-a4af-61499e8d9daf: valid; 2.5 s; peak memory 4721 MiB.
2026-09-16T17:03:45Z INFO [466/2201] 25ce02d0-6ee6-4ca3-97ba-163ae9ca5118: valid; 3.1 s; peak memory 4721 MiB.
2026-09-16T17:03:47Z INFO [467/2201] 263251ab-0273-40fb-8d7d-0e09e8cf8266: valid; 2.4 s; peak memory 4721 MiB.
2026-09-16T17:03:49Z INFO [468/2201] 26427dcc-107a-4f2c-b39b-b789a6c59494: valid; 1.6 s; peak memory 4721 MiB.
2026-09-16T17:04:04Z INFO [469/2201] 26835f15-303f-4149-905f-91379637a0dd: valid; 15.6 s; peak memory 4738 MiB.
2026-09-16T17:04:07Z INFO [470/2201] 26b0fc84-ba06-47d5-b944-334506d5ebe7: valid; 2.3 s; peak memory 4740 MiB.
2026-09-16T17:04:15Z INFO [471/2201] 26b9e099-163c-42e2-9dc2-7b7e026b1bea: valid; 8.5 s; peak memory 4746 MiB.
2026-09-16T17:04:17Z INFO [472/2201] 26d4cf64-a150-4527-ab0c-8cb0b028d08c: not valid; 2.2 s; peak memory 4748 MiB.
2026-09-16T17:04:23Z INFO [473/2201] 26f7dd52-d24e-44f7-b191-a7f29f5074a0: not valid; 5.1 s; peak memory 4754 MiB.
2026-09-16T17:04:36Z INFO [474/2201] 2742fcdd-6c70-4dbe-887a-767fc698bcdb: valid; 13.8 s; peak memory 4772 MiB.
2026-09-16T17:04:38Z INFO [475/2201] 274fd73e-e915-4f78-be1a-571c32821213: valid; 1.4 s; peak memory 4773 MiB.
2026-09-16T17:04:39Z INFO [476/2201] 27639560-a035-45af-9e91-0d2b7fd1c200: valid; 1.3 s; peak memory 4774 MiB.
2026-09-16T17:04:41Z WARNING 277053cf-c553-4735-a665-7fa60866dc09: failed while opening the NWB file (ConstructError: (root/acquisition/_iblmic_audioSpectrogram/bands GroupBuilder {'attributes': {'colnames': array(['freq'], dtype=object), 'description': 'spectogram frequencies', 'namespace': 'core', 'neurodata_type': 'FrequencyBandsTable', 'object_id': 'f063565b-2c54-46aa-8890-8107b143f5a5'}, 'groups': {}, 'datasets': {'freq': root/acquisition/_iblmic_audioSpectrogram/bands/freq DatasetBuilder {'attributes': {'description': 'frequency value', 'namespace': 'hdmf-common', 'neurodata_type': 'VectorData', 'object_id': 'a4113e20-4938-46e7-9313-0ba9d6a43cb0'}, 'data': <HDF5 dataset "freq": shape (257,), type "<f4">}, 'id': root/acquisition/_iblmic_audioSpectrogram/bands/id DatasetBuilder {'attributes': {'namespace': 'hdmf-common', 'neurodata_type': 'ElementIdentifiers', 'object_id': '361f2e1c-7d3a-48a4-bbe4-41eb42c0b9ac'}, 'data': <HDF5 dataset "id": shape (257,), type "<i4">}}, 'links': {}}, "Could not construct FrequencyBandsTable object due to: column must have the same number of rows as 'id'"))
2026-09-16T17:04:44Z INFO [478/2201] 27733592-f016-46ca-a64c-7b0f64e26ad8: valid; 2.3 s; peak memory 4775 MiB.
2026-09-16T17:04:45Z INFO [479/2201] 279bcd57-12c4-4db8-960a-c40f3ef5092f: not valid; 1.6 s; peak memory 4775 MiB.
2026-09-16T17:04:50Z INFO [480/2201] 27b239cb-cea0-4401-a01e-fb72883759b9: valid; 4.9 s; peak memory 4776 MiB.
2026-09-16T17:04:57Z INFO [481/2201] 27b9f304-f0d9-4ad0-9b1a-67566f67a027: valid; 6.7 s; peak memory 4778 MiB.
2026-09-16T17:04:59Z INFO [482/2201] 27cd2057-8d8f-4d78-acb5-63b910d57561: not valid; 1.7 s; peak memory 4779 MiB.
2026-09-16T17:05:02Z INFO [483/2201] 280a74b6-0148-4052-b2a8-a0c448885d9b: not valid; 3.4 s; peak memory 4785 MiB.
2026-09-16T17:05:13Z INFO [484/2201] 28302e9b-2c35-4cac-acbe-2fd9bafef0f2: valid; 11.1 s; peak memory 4800 MiB.
2026-09-16T17:05:16Z INFO [485/2201] 284ab0b1-4168-440c-a7fb-4e09e9182367: not valid; 3.3 s; peak memory 4804 MiB.
2026-09-16T17:05:19Z INFO [486/2201] 28683614-dd98-464f-abd6-0c902d65d4d2: valid; 2.5 s; peak memory 4806 MiB.
2026-09-16T17:05:21Z INFO [487/2201] 287acc35-c93b-4829-8b3c-f31a7a28315f: not valid; 1.8 s; peak memory 4807 MiB.
2026-09-16T17:05:23Z INFO [488/2201] 28812d2a-b92f-4d54-9a53-e807dd8c1ede: not valid; 2.9 s; peak memory 4812 MiB.
2026-09-16T17:05:27Z INFO [489/2201] 288f1115-2e10-4277-8a49-eb9eaebaaa7b: valid; 3.2 s; peak memory 4813 MiB.
2026-09-16T17:05:29Z INFO [490/2201] 28aff1e7-2be5-44ba-b465-60166aa91158: not valid; 2.5 s; peak memory 4815 MiB.
2026-09-16T17:05:31Z INFO [491/2201] 28d967d4-4bea-4253-b150-4e7bb862bae1: valid; 1.5 s; peak memory 4815 MiB.
2026-09-16T17:05:33Z INFO [492/2201] 292c59fb-05d7-475b-93de-0a014abb836a: not valid; 2.1 s; peak memory 4815 MiB.
2026-09-16T17:05:35Z INFO [493/2201] 2935525d-09af-4300-9c76-0231f06bc478: not valid; 2.3 s; peak memory 4815 MiB.
2026-09-16T17:05:37Z INFO [494/2201] 293a9c6b-c5d5-4f35-92dc-63c95e33432c: valid; 2.0 s; peak memory 4815 MiB.
2026-09-16T17:06:05Z INFO [495/2201] 2940e98d-805d-49c9-b56e-e6520cb5894d: valid; 27.7 s; peak memory 4857 MiB.
2026-09-16T17:06:06Z INFO [496/2201] 2952dd0f-0339-4bc7-be5d-5184cc4d75aa: not valid; 1.1 s; peak memory 4858 MiB.
2026-09-16T17:06:07Z INFO [497/2201] 29530398-0d71-498f-880d-2c165de84e1e: valid; 1.3 s; peak memory 4859 MiB.
2026-09-16T17:06:09Z INFO [498/2201] 296b53b4-2543-4838-813c-96d93c730ab5: valid; 1.5 s; peak memory 4860 MiB.
2026-09-16T17:06:11Z WARNING 297c761f-a785-4686-aee1-88a4954508fd: failed while opening the NWB file (ConstructError: (root/acquisition/_iblmic_audioSpectrogram/bands GroupBuilder {'attributes': {'colnames': array(['freq'], dtype=object), 'description': 'spectogram frequencies', 'namespace': 'core', 'neurodata_type': 'FrequencyBandsTable', 'object_id': '68e0a68f-5768-4fca-9150-b30ca0d4258c'}, 'groups': {}, 'datasets': {'freq': root/acquisition/_iblmic_audioSpectrogram/bands/freq DatasetBuilder {'attributes': {'description': 'frequency value', 'namespace': 'hdmf-common', 'neurodata_type': 'VectorData', 'object_id': '943cfcef-0927-4157-a6a3-659996d6623d'}, 'data': <HDF5 dataset "freq": shape (257,), type "<f4">}, 'id': root/acquisition/_iblmic_audioSpectrogram/bands/id DatasetBuilder {'attributes': {'namespace': 'hdmf-common', 'neurodata_type': 'ElementIdentifiers', 'object_id': '968f3e29-c1ef-418e-bad8-9405142e967d'}, 'data': <HDF5 dataset "id": shape (257,), type "<i4">}}, 'links': {}}, "Could not construct FrequencyBandsTable object due to: column must have the same number of rows as 'id'"))
2026-09-16T17:06:14Z INFO [500/2201] 29a2153e-2d24-46ba-869a-c7d0e0c4d2db: valid; 3.1 s; peak memory 4863 MiB.
2026-09-16T17:06:14Z INFO [500/2201] 29a2153e-2d24-46ba-869a-c7d0e0c4d2db: checkpointed 66010 records.
2026-09-16T17:06:16Z INFO [501/2201] 29c785f1-0e58-4841-bd1c-5e9bfac190cb: valid; 1.4 s; peak memory 4865 MiB.
2026-09-16T17:06:18Z INFO [502/2201] 29eb05f8-6a9b-435e-b784-664052533415: valid; 2.4 s; peak memory 4865 MiB.
2026-09-16T17:06:20Z INFO [503/2201] 2a3cb95a-fa40-47f8-9af0-a789f455153c: valid; 1.5 s; peak memory 4865 MiB.
2026-09-16T17:06:21Z INFO [504/2201] 2a44ac39-31a3-412d-b6d2-5e5a4176a2b6: valid; 1.4 s; peak memory 4865 MiB.
2026-09-16T17:06:22Z INFO [505/2201] 2a4eabdf-c070-460e-8366-f99c70342967: valid; 1.4 s; peak memory 4866 MiB.
2026-09-16T17:06:25Z INFO [506/2201] 2a5c6869-ddfc-4ed5-9c7f-01966b465435: valid; 2.6 s; peak memory 4870 MiB.
2026-09-16T17:06:28Z INFO [507/2201] 2a6a32e9-750d-4530-9220-3007ca0b9aec: not valid; 2.6 s; peak memory 4872 MiB.
2026-09-16T17:06:29Z INFO [508/2201] 2a77ffbb-9227-4169-ad5c-047b510981d0: not valid; 1.8 s; peak memory 4874 MiB.
2026-09-16T17:06:32Z INFO [509/2201] 2a81bdeb-9c64-4bce-b83f-380d4fc5f870: valid; 2.9 s; peak memory 4875 MiB.
2026-09-16T17:06:34Z INFO [510/2201] 2a9cece1-c0d9-46a0-ac6a-e6a6c12aa330: valid; 1.4 s; peak memory 4875 MiB.
2026-09-16T17:06:36Z INFO [511/2201] 2aafac9f-e97e-4fbd-8717-1234a03c91be: not valid; 2.0 s; peak memory 4875 MiB.
2026-09-16T17:06:39Z INFO [512/2201] 2abc4101-b86b-46f0-8d24-1298686fd914: valid; 2.8 s; peak memory 4875 MiB.
2026-09-16T17:06:40Z INFO [513/2201] 2ae79b15-cffc-4155-90c1-d6f5fd9aefa4: not valid; 1.6 s; peak memory 4875 MiB.
2026-09-16T17:06:51Z INFO [514/2201] 2aeeb501-ee1b-4d65-a19a-941e39681d27: valid; 11.3 s; peak memory 4875 MiB.
2026-09-16T17:06:53Z INFO [515/2201] 2b5122aa-2c10-4b2e-8c9f-40a3af7953e7: not valid; 1.6 s; peak memory 4875 MiB.
2026-09-16T17:07:14Z INFO [516/2201] 2b58492a-7c62-4baf-9198-02332f0eee87: not valid; 21.3 s; peak memory 4900 MiB.
2026-09-16T17:07:16Z INFO [517/2201] 2b92cfdd-1de4-4109-9a20-abca1ac7e506: valid; 1.6 s; peak memory 4901 MiB.
2026-09-16T17:07:18Z INFO [518/2201] 2b97b738-b26d-4ca9-ba60-9657d9390390: not valid; 2.0 s; peak memory 4904 MiB.
2026-09-16T17:07:20Z INFO [519/2201] 2ba194f9-98fe-428c-804b-11fbadd1acd7: valid; 2.0 s; peak memory 4909 MiB.
2026-09-16T17:07:22Z INFO [520/2201] 2bc690a9-ca3c-45df-9a6d-252793a8d70b: valid; 2.4 s; peak memory 4920 MiB.
2026-09-16T17:07:45Z INFO [521/2201] 2bc8cb5f-deae-4115-905e-ed20508abc70: not valid; 22.8 s; peak memory 5028 MiB.
2026-09-16T17:08:07Z INFO [522/2201] 2c00e8c1-a637-4ca6-984e-0955b2cee5fd: valid; 21.9 s; peak memory 5104 MiB.
2026-09-16T17:08:09Z INFO [523/2201] 2c4928e0-d37d-4a98-b00c-971f643cdff0: valid; 2.2 s; peak memory 5104 MiB.
2026-09-16T17:08:11Z INFO [524/2201] 2c53d4bc-f4b1-44ee-8804-7181eff80ccb: valid; 1.6 s; peak memory 5104 MiB.
2026-09-16T17:08:13Z INFO [525/2201] 2c5df0c7-ae94-47eb-964b-bc943ec84a87: not valid; 1.7 s; peak memory 5104 MiB.
2026-09-16T17:08:21Z INFO [526/2201] 2c6a8ef3-0504-4a4f-99c4-47bc9619bcc2: valid; 8.6 s; peak memory 5104 MiB.
2026-09-16T17:08:24Z INFO [527/2201] 2c8cacbd-3c4e-4fea-b73d-ef8aa87e5f52: valid; 2.4 s; peak memory 5104 MiB.
2026-09-16T17:08:27Z INFO [528/2201] 2c8fd06d-1417-4705-9a30-7679eecb2b9a: valid; 2.9 s; peak memory 5104 MiB.
2026-09-16T17:08:28Z INFO [529/2201] 2cb2f76a-1e63-4f58-9bc8-e9e26746462c: valid; 1.4 s; peak memory 5104 MiB.
2026-09-16T17:08:30Z INFO [530/2201] 2cc0ed80-1798-4c1d-901c-50afe518c337: valid; 2.1 s; peak memory 5104 MiB.
2026-09-16T17:08:35Z INFO [531/2201] 2cd1bcd5-e870-4675-a32c-c3b6dd84b395: valid; 5.1 s; peak memory 5104 MiB.
2026-09-16T17:08:53Z INFO [532/2201] 2cdf1aef-6785-4943-b14f-f3410405ca10: valid; 17.7 s; peak memory 5104 MiB.
2026-09-16T17:09:00Z INFO [533/2201] 2ce7cad5-69fb-4d44-ad32-d690d36d40f6: not valid; 6.9 s; peak memory 5104 MiB.
2026-09-16T17:09:10Z INFO [534/2201] 2d080c85-d5ec-4c07-a49e-006ae729c181: valid; 10.3 s; peak memory 5104 MiB.
2026-09-16T17:09:34Z INFO [535/2201] 2d35d06a-42c6-4fe5-9f95-bb80b2fe8f6c: valid; 24.0 s; peak memory 5104 MiB.
2026-09-16T17:09:39Z INFO [536/2201] 2d3d832c-3e2e-4d86-b34b-a4e575257d73: valid; 4.5 s; peak memory 5104 MiB.
2026-09-16T17:09:42Z INFO [537/2201] 2d40c041-69f9-4540-8699-965d00c35380: valid; 3.3 s; peak memory 5104 MiB.
2026-09-16T17:09:45Z INFO [538/2201] 2d457fda-d0bd-437b-842c-9478ca6cbe8a: valid; 2.9 s; peak memory 5104 MiB.
2026-09-16T17:09:56Z INFO [539/2201] 2d624eb1-e24e-4288-8fe4-28f76d2941a1: valid; 11.4 s; peak memory 5104 MiB.
2026-09-16T17:09:59Z INFO [540/2201] 2d816429-7c9f-448f-85c2-e9abbb051c4c: valid; 2.5 s; peak memory 5104 MiB.
2026-09-16T17:10:00Z INFO [541/2201] 2da9a0e8-6e38-47cd-8fa7-d8c5f08d9e96: not valid; 1.7 s; peak memory 5104 MiB.
2026-09-16T17:10:02Z INFO [542/2201] 2de02fc8-fe8e-4473-b9aa-ef7d85e85091: valid; 1.4 s; peak memory 5104 MiB.
2026-09-16T17:10:06Z INFO [543/2201] 2e08cc7d-ba7e-4f77-aa15-ed82ada9368d: valid; 4.0 s; peak memory 5104 MiB.
2026-09-16T17:10:08Z INFO [544/2201] 2e301a20-61b3-4e1f-a438-8aed879b6250: valid; 2.4 s; peak memory 5104 MiB.
2026-09-16T17:10:11Z INFO [545/2201] 2e511875-ef01-4584-93e3-0c26d4daf8f5: valid; 2.7 s; peak memory 5104 MiB.
2026-09-16T17:10:25Z INFO [546/2201] 2e68bb64-8430-4fa7-9936-c759463b7646: valid; 14.5 s; peak memory 5108 MiB.
2026-09-16T17:10:29Z INFO [547/2201] 2e9291eb-c673-4976-9d63-427fb01a315b: not valid; 3.9 s; peak memory 5111 MiB.
2026-09-16T17:10:40Z INFO [548/2201] 2eb29231-efe0-45b4-8266-e1bcebdffc3d: valid; 11.3 s; peak memory 5146 MiB.
2026-09-16T17:10:45Z INFO [549/2201] 2ec159bf-65a7-47de-965a-695c9c43989d: valid; 4.8 s; peak memory 5149 MiB.
2026-09-16T17:10:47Z INFO [550/2201] 2ecf8113-1b27-454e-976e-7db834f9f5c2: valid; 2.3 s; peak memory 5149 MiB.
2026-09-16T17:10:48Z INFO [550/2201] 2ecf8113-1b27-454e-976e-7db834f9f5c2: checkpointed 66010 records.
2026-09-16T17:10:51Z INFO [551/2201] 2f36cda1-87ec-45cd-bee0-603c1dbc3b2c: not valid; 2.7 s; peak memory 5149 MiB.
2026-09-16T17:10:52Z INFO [552/2201] 2f39f081-b83d-4d7a-947a-2898e0b74db6: valid; 1.3 s; peak memory 5149 MiB.
2026-09-16T17:10:56Z INFO [553/2201] 2f434a78-681b-4dec-8a23-84d81fbce164: not valid; 4.0 s; peak memory 5149 MiB.
2026-09-16T17:10:58Z INFO [554/2201] 2f477e4f-ba77-410b-bbd4-e1e68dea95bd: valid; 2.2 s; peak memory 5149 MiB.
2026-09-16T17:11:00Z INFO [555/2201] 2f5a8742-0887-4fe3-9802-040470d3e3ec: valid; 2.1 s; peak memory 5149 MiB.
2026-09-16T17:11:02Z INFO [556/2201] 2f7ffe77-c59a-4300-862b-6be8c3cbfa31: valid; 1.4 s; peak memory 5149 MiB.
2026-09-16T17:11:03Z INFO [557/2201] 2fa0a641-d4c4-4338-86fc-a11ec153517e: not valid; 1.7 s; peak memory 5149 MiB.
2026-09-16T17:11:05Z INFO [558/2201] 2fec326f-5eae-4f0a-80e5-b17741b08799: valid; 2.1 s; peak memory 5149 MiB.
2026-09-16T17:11:09Z INFO [559/2201] 2ff4433b-7c7f-4599-bcec-a154c07f1712: valid; 3.3 s; peak memory 5149 MiB.
2026-09-16T17:11:11Z INFO [560/2201] 2ff74b30-b4fb-4909-9ba4-fe6ec3a7189a: valid; 2.2 s; peak memory 5153 MiB.
2026-09-16T17:11:13Z INFO [561/2201] 3016c238-2da6-4b61-8b6c-d6ed0203ab1c: not valid; 1.7 s; peak memory 5154 MiB.
2026-09-16T17:11:15Z INFO [562/2201] 302c807f-a42e-4b84-b232-985a045e6d72: valid; 1.9 s; peak memory 5155 MiB.
2026-09-16T17:11:59Z INFO [563/2201] 303d9d56-43e4-4c8d-a1a3-01fdb49698e4: valid; 44.4 s; peak memory 5214 MiB.
2026-09-16T17:12:01Z WARNING 303f81bf-f3d2-48c4-8435-b22a0e538f54: failed while opening the NWB file (ConstructError: (root/acquisition/_iblmic_audioSpectrogram/bands GroupBuilder {'attributes': {'colnames': array(['freq'], dtype=object), 'description': 'spectogram frequencies', 'namespace': 'core', 'neurodata_type': 'FrequencyBandsTable', 'object_id': 'f461a773-925b-41d2-b2ea-e1c32686fc40'}, 'groups': {}, 'datasets': {'freq': root/acquisition/_iblmic_audioSpectrogram/bands/freq DatasetBuilder {'attributes': {'description': 'frequency value', 'namespace': 'hdmf-common', 'neurodata_type': 'VectorData', 'object_id': '6d864b32-cc50-4287-beb1-e52e75b613fc'}, 'data': <HDF5 dataset "freq": shape (257,), type "<f4">}, 'id': root/acquisition/_iblmic_audioSpectrogram/bands/id DatasetBuilder {'attributes': {'namespace': 'hdmf-common', 'neurodata_type': 'ElementIdentifiers', 'object_id': '34e9d302-9d4c-4d24-982f-4ec9ca971e81'}, 'data': <HDF5 dataset "id": shape (257,), type "<i4">}}, 'links': {}}, "Could not construct FrequencyBandsTable object due to: column must have the same number of rows as 'id'"))
2026-09-16T17:12:04Z INFO [565/2201] 305a1991-f862-40fa-ac12-f7f77d540098: valid; 2.9 s; peak memory 5214 MiB.
2026-09-16T17:12:06Z INFO [566/2201] 306f820c-6a4c-458c-86b6-a9775ac342ee: valid; 2.4 s; peak memory 5214 MiB.
2026-09-16T17:12:08Z INFO [567/2201] 30717d2b-dc0a-4bfd-bb01-f43ec5d0be84: not valid; 1.4 s; peak memory 5214 MiB.
2026-09-16T17:12:08Z WARNING 30727dac-50c4-40c8-aa66-541f13dcca99: failed while retrieving asset information from the DANDI API (NotFoundError: No such Dandiset: 000948)
2026-09-16T17:12:23Z INFO [569/2201] 307330f7-78bb-4c3a-9d44-928696e446b6: not valid; 14.7 s; peak memory 5264 MiB.
2026-09-16T17:12:24Z WARNING 309006d1-ddcd-4de2-a487-5012dc511fe7: failed while opening the NWB file (ConstructError: (root/acquisition/_iblmic_audioSpectrogram/bands GroupBuilder {'attributes': {'colnames': array(['freq'], dtype=object), 'description': 'spectogram frequencies', 'namespace': 'core', 'neurodata_type': 'FrequencyBandsTable', 'object_id': '3a9ff56b-a2ec-4658-a0bf-461540ad4f94'}, 'groups': {}, 'datasets': {'freq': root/acquisition/_iblmic_audioSpectrogram/bands/freq DatasetBuilder {'attributes': {'description': 'frequency value', 'namespace': 'hdmf-common', 'neurodata_type': 'VectorData', 'object_id': '6ac236bb-51c8-47cc-8126-faa21957b35d'}, 'data': <HDF5 dataset "freq": shape (257,), type "<f4">}, 'id': root/acquisition/_iblmic_audioSpectrogram/bands/id DatasetBuilder {'attributes': {'namespace': 'hdmf-common', 'neurodata_type': 'ElementIdentifiers', 'object_id': '24af3a64-c06f-495c-82d2-48f5cb18c10e'}, 'data': <HDF5 dataset "id": shape (257,), type "<i4">}}, 'links': {}}, "Could not construct FrequencyBandsTable object due to: column must have the same number of rows as 'id'"))
2026-09-16T17:12:27Z INFO [571/2201] 30d8c012-231f-4b22-beb6-f139568f8290: valid; 2.5 s; peak memory 5274 MiB.
2026-09-16T17:12:29Z INFO [572/2201] 30d9fe93-7017-4960-81f4-3392b4290012: valid; 1.6 s; peak memory 5275 MiB.
2026-09-16T17:12:31Z INFO [573/2201] 30e24a41-c8dd-4288-b3b2-b8b128cae64d: not valid; 2.4 s; peak memory 5277 MiB.
2026-09-16T17:12:39Z INFO [574/2201] 30fcf3e1-0492-46dc-b251-922ab225dc1a: valid; 8.0 s; peak memory 5287 MiB.
2026-09-16T17:12:41Z INFO [575/2201] 311573b6-9df7-400f-be07-44369ec20fcc: valid; 2.5 s; peak memory 5294 MiB.
2026-09-16T17:12:43Z INFO [576/2201] 312152f5-7bf0-4542-a6f1-19f6810e33f6: valid; 1.6 s; peak memory 5294 MiB.
2026-09-16T17:12:45Z INFO [577/2201] 31357e53-43b7-4ebd-9597-6b7170ac4e23: valid; 2.2 s; peak memory 5300 MiB.
2026-09-16T17:12:47Z INFO [578/2201] 3162f022-7594-4277-b12f-398769cf42ce: not valid; 2.1 s; peak memory 5302 MiB.
2026-09-16T17:12:56Z INFO [579/2201] 3164ab3c-4be9-479e-8de7-f1ef37b22264: valid; 9.0 s; peak memory 5303 MiB.
2026-09-16T17:12:58Z INFO [580/2201] 3190674a-4be7-4119-b0cf-901a69b293e9: valid; 1.3 s; peak memory 5303 MiB.
2026-09-16T17:13:00Z INFO [581/2201] 3197b665-862f-4504-a8aa-a3c6fc0fd992: not valid; 2.1 s; peak memory 5303 MiB.
2026-09-16T17:13:01Z INFO [582/2201] 322c6e96-54c3-493e-8cc5-871c06bdfd20: valid; 1.5 s; peak memory 5303 MiB.
2026-09-16T17:16:02Z INFO [583/2201] 327535e7-11d7-4e7a-90dc-1bc2a646984f: valid; 180.9 s; peak memory 8624 MiB.
2026-09-16T17:16:05Z INFO [584/2201] 32843554-4827-4fb4-9d16-e3bc2df395df: valid; 2.5 s; peak memory 8635 MiB.
2026-09-16T17:16:06Z INFO [585/2201] 32d19cbe-330a-4120-99ad-7e4f49e9c62a: valid; 1.4 s; peak memory 8637 MiB.
2026-09-16T17:16:15Z INFO [586/2201] 33150fc9-210b-4535-ac4f-2e04b4f8cd65: not valid; 8.7 s; peak memory 8683 MiB.
2026-09-16T17:16:25Z INFO [587/2201] 333649c7-72b2-47f8-b52d-e6be1a0ce96c: not valid; 10.2 s; peak memory 8702 MiB.
2026-09-16T17:16:34Z INFO [588/2201] 334d0ae3-92b6-46fc-8905-a84e17391378: not valid; 9.1 s; peak memory 8725 MiB.
2026-09-16T17:16:38Z INFO [589/2201] 33659eb3-7b3c-4a3f-82b7-2ce935369095: valid; 3.8 s; peak memory 8747 MiB.
2026-09-16T17:16:46Z INFO [590/2201] 33833b64-6080-440c-ad02-6b3d1e326a3b: not valid; 8.6 s; peak memory 8800 MiB.
2026-09-16T17:17:00Z INFO [591/2201] 33b64af3-90f1-474e-91aa-6fe24d62bedf: valid; 13.6 s; peak memory 8819 MiB.
2026-09-16T17:17:05Z INFO [592/2201] 33cf2592-cff2-4480-9976-c825653872b8: not valid; 5.5 s; peak memory 8848 MiB.
2026-09-16T17:17:07Z INFO [593/2201] 33e2e36a-117f-4a6c-b80d-7cf0393748c8: valid; 1.9 s; peak memory 8852 MiB.
2026-09-16T17:17:10Z WARNING 33e786f2-3b68-4f8c-84df-48905150dd3c: failed while opening the NWB file (ConstructError: (root/acquisition/_iblmic_audioSpectrogram/bands GroupBuilder {'attributes': {'colnames': array(['freq'], dtype=object), 'description': 'spectogram frequencies', 'namespace': 'core', 'neurodata_type': 'FrequencyBandsTable', 'object_id': 'f71b9f17-245b-430f-b3a0-c6ee9292acdc'}, 'groups': {}, 'datasets': {'freq': root/acquisition/_iblmic_audioSpectrogram/bands/freq DatasetBuilder {'attributes': {'description': 'frequency value', 'namespace': 'hdmf-common', 'neurodata_type': 'VectorData', 'object_id': '646a4946-80ad-43c7-9500-1ae3f98f33ef'}, 'data': <HDF5 dataset "freq": shape (257,), type "<f4">}, 'id': root/acquisition/_iblmic_audioSpectrogram/bands/id DatasetBuilder {'attributes': {'namespace': 'hdmf-common', 'neurodata_type': 'ElementIdentifiers', 'object_id': '99c30ee7-a1d3-40ba-9ff2-4ed6eac80673'}, 'data': <HDF5 dataset "id": shape (257,), type "<i4">}}, 'links': {}}, "Could not construct FrequencyBandsTable object due to: column must have the same number of rows as 'id'"))
2026-09-16T17:17:12Z INFO [595/2201] 33edc79b-6d59-4a74-aa38-77227ead6f5a: valid; 2.4 s; peak memory 8856 MiB.
2026-09-16T17:17:13Z INFO [596/2201] 33fec89a-9c33-4b98-b909-a21f76433e78: valid; 1.3 s; peak memory 8856 MiB.
2026-09-16T17:17:15Z INFO [597/2201] 343e7fcc-38b7-4800-b160-9bcc91c0247d: valid; 1.5 s; peak memory 8856 MiB.
2026-09-16T17:17:20Z INFO [598/2201] 344f3120-f90a-468b-be2d-fe2c67db87e8: not valid; 5.4 s; peak memory 8860 MiB.
2026-09-16T17:17:24Z INFO [599/2201] 3455172b-66fa-4c35-a8e3-5738eb216897: not valid; 3.7 s; peak memory 8860 MiB.
2026-09-16T17:17:26Z INFO [600/2201] 345d4810-3cec-400a-805f-810607b3cd30: valid; 1.6 s; peak memory 8860 MiB.
2026-09-16T17:17:26Z INFO [600/2201] 345d4810-3cec-400a-805f-810607b3cd30: checkpointed 66010 records.
2026-09-16T17:17:30Z INFO [601/2201] 34fb21d2-7354-473e-90c3-3e4d0f232266: valid; 3.6 s; peak memory 8860 MiB.
2026-09-16T17:17:32Z INFO [602/2201] 3512dd0a-7c42-400a-8ecb-d177b9b373b6: not valid; 2.2 s; peak memory 8860 MiB.
2026-09-16T17:17:34Z INFO [603/2201] 3541ba64-19e8-44ec-af28-db15e1217872: valid; 1.7 s; peak memory 8860 MiB.
2026-09-16T17:17:34Z WARNING 35c93487-e699-43dd-b818-eb3286e18467: failed while retrieving asset information from the DANDI API (NotFoundError: No asset at path 'sub-LG449/sub-LG449_ses-20250331_obj-a7o2tj_ophys.nwb' in version 0.260915.2135. Verify the path is correct and the asset exists in this version. Use 'dandi ls' to list available assets.)
2026-09-16T17:17:36Z INFO [605/2201] 35dd4406-bc31-403e-8521-e95f93bffb75: valid; 2.2 s; peak memory 8860 MiB.
2026-09-16T17:17:37Z INFO [606/2201] 35f57540-8d7b-48ea-b149-ac1420868f81: not valid; 1.6 s; peak memory 8860 MiB.
2026-09-16T17:17:50Z INFO [607/2201] 36074c9c-ff16-4d22-a0fc-d972f712ec95: valid; 12.3 s; peak memory 8860 MiB.
2026-09-16T17:17:51Z INFO [608/2201] 3615a362-90e1-4447-aa98-53a2b7574938: valid; 1.4 s; peak memory 8860 MiB.
2026-09-16T17:17:59Z INFO [609/2201] 36179cf4-ce8f-49d9-9e76-f8411387ac4e: valid; 8.2 s; peak memory 8860 MiB.
2026-09-16T17:18:02Z INFO [610/2201] 3656449d-8a85-4430-8d93-97de8f05d814: valid; 2.8 s; peak memory 8860 MiB.
2026-09-16T17:18:03Z INFO [611/2201] 366828a4-15fe-4857-b9cc-48a2da17306e: not valid; 1.3 s; peak memory 8860 MiB.
2026-09-16T17:18:06Z INFO [612/2201] 3679a500-1081-4a61-8848-4dd735abafaf: not valid; 2.2 s; peak memory 8860 MiB.
2026-09-16T17:18:08Z INFO [613/2201] 367a7973-4d95-4225-a062-2025522fbcee: not valid; 2.0 s; peak memory 8860 MiB.
2026-09-16T17:18:09Z INFO [614/2201] 368049ed-1bd6-40a5-a6d7-6f454003debd: valid; 1.4 s; peak memory 8860 MiB.
2026-09-16T17:18:11Z INFO [615/2201] 36dac3e5-7a3c-4ee2-8417-f1ca80cf401b: not valid; 2.5 s; peak memory 8860 MiB.
2026-09-16T17:18:27Z INFO [616/2201] 3753c9a7-97f4-4604-8cfa-a82822d5c99f: valid; 15.1 s; peak memory 8860 MiB.
2026-09-16T17:18:29Z INFO [617/2201] 3755c4c1-7a9d-467c-8d00-7639ad1f2537: valid; 2.3 s; peak memory 8860 MiB.
2026-09-16T17:18:30Z INFO [618/2201] 3786fa62-e80e-48f6-bca2-4b53edf58042: not valid; 1.6 s; peak memory 8860 MiB.
2026-09-16T17:18:52Z INFO [619/2201] 379e0813-98a1-4d1c-97cd-2ec14045083c: valid; 21.7 s; peak memory 8860 MiB.
2026-09-16T17:19:03Z INFO [620/2201] 379e9ed2-5161-43fb-9d43-787a8cb7948a: valid; 11.0 s; peak memory 8860 MiB.
2026-09-16T17:19:05Z INFO [621/2201] 37a402ae-c40a-4704-b8e2-6b6cb5e607bf: not valid; 2.2 s; peak memory 8860 MiB.
2026-09-16T17:19:07Z INFO [622/2201] 37b6295a-5792-4292-a930-e5894d63f649: not valid; 1.6 s; peak memory 8860 MiB.
2026-09-16T17:19:10Z INFO [623/2201] 37bb5f68-a035-40bc-884b-ca258e129f18: valid; 2.7 s; peak memory 8860 MiB.
2026-09-16T17:19:12Z INFO [624/2201] 37bd33fe-afdc-4fe1-8e4b-7b6231d95d1e: not valid; 2.0 s; peak memory 8860 MiB.
2026-09-16T17:19:31Z INFO [625/2201] 37c18dd2-81af-4f30-8c1a-e73c3755ae56: valid; 19.0 s; peak memory 8953 MiB.
2026-09-16T17:19:34Z INFO [626/2201] 37c57d05-1298-410f-a236-0b3ab9a6b6c4: valid; 3.6 s; peak memory 8953 MiB.
2026-09-16T17:19:36Z INFO [627/2201] 37cca03f-eabb-4175-965f-2c86dfd048a6: valid; 1.4 s; peak memory 8953 MiB.
2026-09-16T17:19:38Z INFO [628/2201] 37dce523-fa82-4053-9d31-506332e6b870: valid; 2.3 s; peak memory 8953 MiB.
2026-09-16T17:19:41Z INFO [629/2201] 38214e64-4888-4219-81c2-80e3ab07a633: valid; 2.5 s; peak memory 8953 MiB.
2026-09-16T17:19:47Z INFO [630/2201] 3823c5b5-0d08-4faf-80be-2b269b959e91: valid; 6.6 s; peak memory 8953 MiB.
2026-09-16T17:19:49Z INFO [631/2201] 38828564-6f6e-413a-b29b-14621f39370b: not valid; 2.3 s; peak memory 8953 MiB.
2026-09-16T17:19:57Z INFO [632/2201] 38b90422-9a92-41a5-a6ed-d4e9ffd2de89: valid; 7.4 s; peak memory 8953 MiB.
2026-09-16T17:20:00Z INFO [633/2201] 38e3b3a5-f150-487c-8334-ac13809f7394: valid; 3.4 s; peak memory 8953 MiB.
2026-09-16T17:20:02Z INFO [634/2201] 3912dc0c-3549-4fad-9b7c-1501384ee5aa: valid; 2.1 s; peak memory 8953 MiB.
2026-09-16T17:20:21Z INFO [635/2201] 3918cd16-8f73-4768-ab5f-236bcf57158b: valid; 19.0 s; peak memory 8993 MiB.
2026-09-16T17:20:24Z WARNING 391fa885-b3a7-401c-b05f-fd2472299feb: failed while opening the NWB file (ConstructError: (root/acquisition/_iblmic_audioSpectrogram/bands GroupBuilder {'attributes': {'colnames': array(['freq'], dtype=object), 'description': 'spectogram frequencies', 'namespace': 'core', 'neurodata_type': 'FrequencyBandsTable', 'object_id': '75082c50-fe99-4d6a-b8f4-08d1eb4057d8'}, 'groups': {}, 'datasets': {'freq': root/acquisition/_iblmic_audioSpectrogram/bands/freq DatasetBuilder {'attributes': {'description': 'frequency value', 'namespace': 'hdmf-common', 'neurodata_type': 'VectorData', 'object_id': '4879ac1a-858b-49e1-b124-ce7e850e8983'}, 'data': <HDF5 dataset "freq": shape (257,), type "<f4">}, 'id': root/acquisition/_iblmic_audioSpectrogram/bands/id DatasetBuilder {'attributes': {'namespace': 'hdmf-common', 'neurodata_type': 'ElementIdentifiers', 'object_id': '5c5ec1fc-a8de-4118-a14c-c39049e5ad25'}, 'data': <HDF5 dataset "id": shape (257,), type "<i4">}}, 'links': {}}, "Could not construct FrequencyBandsTable object due to: column must have the same number of rows as 'id'"))
2026-09-16T17:20:26Z INFO [637/2201] 39353afc-55ab-451f-bf2a-f71008a358bb: not valid; 2.1 s; peak memory 8993 MiB.
2026-09-16T17:20:29Z INFO [638/2201] 39395be6-ad2f-4103-8ab2-f3b43cfc0b6f: valid; 2.3 s; peak memory 8993 MiB.
2026-09-16T17:20:38Z INFO [639/2201] 394acec6-b5eb-4674-aae8-8b5ef98732de: valid; 9.7 s; peak memory 9186 MiB.
2026-09-16T17:20:42Z INFO [640/2201] 3957bc1d-eef5-4422-9366-bad5b83aaebe: valid; 3.9 s; peak memory 9186 MiB.
2026-09-16T17:20:44Z INFO [641/2201] 39722f9a-7e86-49e2-9ac4-9c4d6e6a3562: valid; 1.4 s; peak memory 9186 MiB.
2026-09-16T17:20:57Z INFO [642/2201] 397e2f95-ef4a-4b70-a615-88c182ba4177: not valid; 13.6 s; peak memory 9186 MiB.
2026-09-16T17:21:09Z INFO [643/2201] 39847ed9-1994-4aa4-bdb8-a476c2671957: valid; 11.7 s; peak memory 9186 MiB.
2026-09-16T17:21:11Z INFO [644/2201] 39a90008-c2bf-457d-8cb9-ed4e75cb9a92: not valid; 1.9 s; peak memory 9186 MiB.
2026-09-16T17:21:12Z INFO [645/2201] 39b33e20-87ed-4f24-b83e-e5e14413d455: valid; 1.2 s; peak memory 9186 MiB.
2026-09-16T17:21:14Z INFO [646/2201] 39cb9164-7433-4d3f-9858-59509028eb11: not valid; 1.6 s; peak memory 9186 MiB.
2026-09-16T17:21:15Z INFO [647/2201] 3a0ba04a-a440-489c-bd39-60beb6a032e7: valid; 1.4 s; peak memory 9186 MiB.
2026-09-16T17:21:17Z INFO [648/2201] 3a266272-d7d5-4c00-9b0a-5ecff4313d2b: valid; 2.3 s; peak memory 9186 MiB.
2026-09-16T17:21:19Z INFO [649/2201] 3a34d88e-98c9-47f5-98d6-b500d5b2334b: not valid; 1.6 s; peak memory 9186 MiB.
2026-09-16T17:21:21Z INFO [650/2201] 3a49fed6-607e-4a28-a5c9-16386a91fef5: valid; 2.4 s; peak memory 9186 MiB.
2026-09-16T17:21:22Z INFO [650/2201] 3a49fed6-607e-4a28-a5c9-16386a91fef5: checkpointed 66010 records.
2026-09-16T17:21:25Z INFO [651/2201] 3a5dbf50-8ae3-43f6-a647-67bc35350d0f: valid; 3.6 s; peak memory 9186 MiB.
2026-09-16T17:21:32Z INFO [652/2201] 3a8aac3c-13c6-42a0-8a81-bc853979da58: not valid; 6.7 s; peak memory 9186 MiB.
2026-09-16T17:21:33Z INFO [653/2201] 3a98396b-a089-4550-9e23-71615cee26e9: valid; 1.5 s; peak memory 9186 MiB.
2026-09-16T17:21:36Z INFO [654/2201] 3ab9ec31-fb4d-4cda-b7a9-9bf8f209cf68: valid; 2.1 s; peak memory 9186 MiB.
2026-09-16T17:21:37Z INFO [655/2201] 3ac80c36-4dd3-4e9f-9571-35196875838f: valid; 1.5 s; peak memory 9186 MiB.
2026-09-16T17:21:39Z INFO [656/2201] 3ac90b3a-6173-45cb-a520-fcf0d7e54aa4: valid; 1.6 s; peak memory 9186 MiB.
2026-09-16T17:21:41Z INFO [657/2201] 3acd61af-b821-47ac-8fcb-53716cfc49a5: valid; 2.9 s; peak memory 9186 MiB.
2026-09-16T17:21:59Z INFO [658/2201] 3ad3ec30-378c-4029-9b58-284a43051451: valid; 17.8 s; peak memory 9198 MiB.
2026-09-16T17:22:01Z INFO [659/2201] 3ada4e37-d343-42df-ba8b-7a1f87fd1cdd: valid; 2.0 s; peak memory 9199 MiB.
2026-09-16T17:22:04Z INFO [660/2201] 3aeda1dd-1b9b-4bcd-ab28-427633648f31: valid; 3.0 s; peak memory 9200 MiB.
2026-09-16T17:22:06Z INFO [661/2201] 3aedb026-c31f-4273-b76d-bbb16e9b8b26: valid; 2.1 s; peak memory 9202 MiB.
2026-09-16T17:22:09Z INFO [662/2201] 3b13bcee-fd04-4b42-85d0-894ae6af8ab6: not valid; 2.4 s; peak memory 9203 MiB.
2026-09-16T17:22:11Z INFO [663/2201] 3b296b57-2e4d-443f-9fc8-c9caed315059: not valid; 2.1 s; peak memory 9208 MiB.
2026-09-16T17:22:15Z INFO [664/2201] 3b43aa43-4de2-4d70-8970-80ede7a27466: valid; 3.7 s; peak memory 9208 MiB.
2026-09-16T17:22:16Z INFO [665/2201] 3b9f1332-43bc-48fb-82ed-af4ede90a083: valid; 1.3 s; peak memory 9208 MiB.
2026-09-16T17:22:28Z INFO [666/2201] 3bb6c298-6bac-4e2d-8da0-7a8495f80207: valid; 11.8 s; peak memory 9208 MiB.
2026-09-16T17:22:31Z INFO [667/2201] 3bd638eb-bc08-42c6-ab7e-2bafaa006967: not valid; 3.6 s; peak memory 9208 MiB.
2026-09-16T17:22:42Z INFO [668/2201] 3c2393e9-9352-4591-a0ad-6a6846baafe7: not valid; 11.1 s; peak memory 9209 MiB.
2026-09-16T17:22:44Z INFO [669/2201] 3c4abdd2-9d1c-4941-8615-5cee9569f61d: valid; 1.5 s; peak memory 9209 MiB.
2026-09-16T17:22:59Z INFO [670/2201] 3c58e250-68c3-4f6e-a575-845b916fea7c: not valid; 15.4 s; peak memory 9219 MiB.
2026-09-16T17:23:01Z INFO [671/2201] 3c781748-536f-4158-a11d-0fdc585d1fc0: valid; 1.4 s; peak memory 9220 MiB.
2026-09-16T17:23:02Z INFO [672/2201] 3ce24f6a-a337-4801-8850-eb0ef502460a: not valid; 1.5 s; peak memory 9221 MiB.
2026-09-16T17:23:04Z INFO [673/2201] 3ce819df-dc20-41a3-ae96-a4d4ed0eb4b9: not valid; 1.8 s; peak memory 9221 MiB.
2026-09-16T17:23:06Z INFO [674/2201] 3ced9947-0fa0-4e62-be1a-d35dcaffccf7: valid; 2.5 s; peak memory 9223 MiB.
2026-09-16T17:23:10Z INFO [675/2201] 3cee2a80-7846-4000-abc2-d05d952bbd51: valid; 3.1 s; peak memory 9224 MiB.
2026-09-16T17:23:15Z INFO [676/2201] 3cf0cc5a-1f47-42ee-8170-5a15957f2471: valid; 5.0 s; peak memory 9292 MiB.
2026-09-16T17:23:17Z INFO [677/2201] 3cf19960-15f1-4b87-80c6-9af540a16b64: not valid; 2.0 s; peak memory 9292 MiB.
2026-09-16T17:23:30Z INFO [678/2201] 3d064b8b-8226-4d40-85db-fdd0d2677891: valid; 12.9 s; peak memory 9293 MiB.
2026-09-16T17:23:33Z INFO [679/2201] 3d34052c-3f1d-4884-9827-784b2b35761c: valid; 3.3 s; peak memory 9293 MiB.
2026-09-16T17:23:34Z INFO [680/2201] 3d3a6b5d-0722-4a3f-81c0-8773196d699f: valid; 1.5 s; peak memory 9293 MiB.
2026-09-16T17:23:36Z INFO [681/2201] 3d4b468f-ba68-4bca-bb20-62bb6d096c59: valid; 2.1 s; peak memory 9293 MiB.
2026-09-16T17:23:53Z INFO [682/2201] 3d6db8fe-316b-4167-92eb-f471a50553b1: valid; 16.6 s; peak memory 9293 MiB.
2026-09-16T17:23:55Z INFO [683/2201] 3da556f4-1d5b-47c8-b8d3-0fefc44d554b: valid; 2.3 s; peak memory 9293 MiB.
2026-09-16T17:23:57Z INFO [684/2201] 3dcf1234-ee3f-4516-9d88-8a2a3f304175: valid; 1.4 s; peak memory 9293 MiB.
2026-09-16T17:23:59Z INFO [685/2201] 3df00802-2aa0-4bf7-9993-68d7ad82f895: not valid; 2.3 s; peak memory 9293 MiB.
2026-09-16T17:24:01Z WARNING 3df58293-bcad-48a5-b513-868f23bf2cb5: failed while opening the NWB file (ConstructError: (root/acquisition/_iblmic_audioSpectrogram/bands GroupBuilder {'attributes': {'colnames': array(['freq'], dtype=object), 'description': 'spectogram frequencies', 'namespace': 'core', 'neurodata_type': 'FrequencyBandsTable', 'object_id': 'ef6987d3-e07f-4862-a390-74917638195c'}, 'groups': {}, 'datasets': {'freq': root/acquisition/_iblmic_audioSpectrogram/bands/freq DatasetBuilder {'attributes': {'description': 'frequency value', 'namespace': 'hdmf-common', 'neurodata_type': 'VectorData', 'object_id': 'fbee1a18-3c97-408d-af9b-0a785d24e5a2'}, 'data': <HDF5 dataset "freq": shape (257,), type "<f4">}, 'id': root/acquisition/_iblmic_audioSpectrogram/bands/id DatasetBuilder {'attributes': {'namespace': 'hdmf-common', 'neurodata_type': 'ElementIdentifiers', 'object_id': '7c1aa7bc-1b21-4fdc-99d4-41f42c968ce3'}, 'data': <HDF5 dataset "id": shape (257,), type "<i4">}}, 'links': {}}, "Could not construct FrequencyBandsTable object due to: column must have the same number of rows as 'id'"))
2026-09-16T17:24:03Z INFO [687/2201] 3e03aa88-9a13-4a3d-97ea-bb350ac79aff: valid; 2.2 s; peak memory 9293 MiB.
2026-09-16T17:24:07Z INFO [688/2201] 3e35deb0-ae53-4b87-b45d-e114b9ea5147: valid; 3.3 s; peak memory 9293 MiB.
2026-09-16T17:24:09Z INFO [689/2201] 3e47b996-d76d-4726-9c9f-a6d7cdbc263a: not valid; 2.1 s; peak memory 9293 MiB.
2026-09-16T17:24:10Z INFO [690/2201] 3e755f46-a929-48b4-a9a1-e14b89aff0dc: valid; 1.6 s; peak memory 9293 MiB.
2026-09-16T17:24:12Z INFO [691/2201] 3eb15c49-f384-4f21-b729-df3f95ced050: valid; 1.3 s; peak memory 9293 MiB.
2026-09-16T17:24:22Z INFO [692/2201] 3ecafd97-1298-42ef-a134-b8cc3a97478f: valid; 10.0 s; peak memory 9293 MiB.
2026-09-16T17:24:26Z INFO [693/2201] 3eea0f0e-d818-45be-b386-a16dbda08e6b: not valid; 4.5 s; peak memory 9293 MiB.
2026-09-16T17:24:28Z INFO [694/2201] 3ef74de4-5d84-4d47-82cf-0f4db601778e: valid; 1.4 s; peak memory 9293 MiB.
2026-09-16T17:24:42Z INFO [695/2201] 3f07f67c-bcef-474f-841c-0b236bfc3248: valid; 14.3 s; peak memory 9304 MiB.
2026-09-16T17:25:02Z INFO [696/2201] 3f113e49-89e5-4513-b5af-2a9fbc879e7b: valid; 19.9 s; peak memory 9328 MiB.
2026-09-16T17:25:04Z INFO [697/2201] 3f24f2ad-c15b-4251-ac6c-80b02a123aa5: valid; 2.5 s; peak memory 9328 MiB.
2026-09-16T17:25:06Z INFO [698/2201] 3f37f184-d902-4aec-926b-4c87e0eb305a: valid; 1.5 s; peak memory 9328 MiB.
2026-09-16T17:25:08Z INFO [699/2201] 3f636b68-d0f1-4052-b861-0b0a285f7616: not valid; 1.8 s; peak memory 9328 MiB.
2026-09-16T17:25:13Z INFO [700/2201] 3f647b17-8535-4e4a-a75d-17011238ebf7: valid; 5.0 s; peak memory 9400 MiB.
2026-09-16T17:25:13Z INFO [700/2201] 3f647b17-8535-4e4a-a75d-17011238ebf7: checkpointed 66010 records.
2026-09-16T17:25:16Z INFO [701/2201] 3f69cefd-a036-4496-a865-96fcbc40640f: not valid; 3.4 s; peak memory 9400 MiB.
2026-09-16T17:25:30Z INFO [702/2201] 3f91d7ab-4f46-425d-9228-2d3357a548d1: valid; 13.9 s; peak memory 9409 MiB.
2026-09-16T17:25:33Z INFO [703/2201] 3fa19936-043e-469e-8294-41e22a812610: valid; 3.0 s; peak memory 9411 MiB.
2026-09-16T17:25:47Z INFO [704/2201] 3fa20a2a-1533-4a59-bdcb-586b438e99e1: valid; 13.6 s; peak memory 9420 MiB.
2026-09-16T17:25:52Z INFO [705/2201] 3fde3cf8-a14e-4c29-9ed9-0effa2923776: valid; 4.7 s; peak memory 9424 MiB.
2026-09-16T17:25:53Z INFO [706/2201] 400727e6-6fa5-4e81-a79f-b0d0fd78d8ab: valid; 1.3 s; peak memory 9425 MiB.
2026-09-16T17:25:55Z INFO [707/2201] 4025d794-1a81-40c5-8b23-0fe2d4d0c012: valid; 2.2 s; peak memory 9426 MiB.
2026-09-16T17:25:57Z WARNING 4043adf7-d5bd-4f11-87f8-7782d8c2f88c: failed while opening the NWB file (ConstructError: (root/acquisition/_iblmic_audioSpectrogram/bands GroupBuilder {'attributes': {'colnames': array(['freq'], dtype=object), 'description': 'spectogram frequencies', 'namespace': 'core', 'neurodata_type': 'FrequencyBandsTable', 'object_id': '5d2c1874-f2c1-40a9-b681-0dfe16123d5f'}, 'groups': {}, 'datasets': {'freq': root/acquisition/_iblmic_audioSpectrogram/bands/freq DatasetBuilder {'attributes': {'description': 'frequency value', 'namespace': 'hdmf-common', 'neurodata_type': 'VectorData', 'object_id': '11a23283-07e7-47c0-a82f-b8c5436c4f60'}, 'data': <HDF5 dataset "freq": shape (257,), type "<f4">}, 'id': root/acquisition/_iblmic_audioSpectrogram/bands/id DatasetBuilder {'attributes': {'namespace': 'hdmf-common', 'neurodata_type': 'ElementIdentifiers', 'object_id': 'f501e23d-b388-4fff-82f3-2b1bac458d7c'}, 'data': <HDF5 dataset "id": shape (257,), type "<i4">}}, 'links': {}}, "Could not construct FrequencyBandsTable object due to: column must have the same number of rows as 'id'"))
2026-09-16T17:25:59Z INFO [709/2201] 4069588d-90fa-4e13-8549-343ffee0d970: valid; 2.2 s; peak memory 9429 MiB.
2026-09-16T17:26:01Z INFO [710/2201] 406b9495-98bc-4422-8795-a88f2fa30c44: valid; 1.4 s; peak memory 9430 MiB.
2026-09-16T17:26:02Z INFO [711/2201] 408e52a3-ab84-42e8-9de2-51104a1b9f9e: valid; 1.5 s; peak memory 9431 MiB.
2026-09-16T17:26:04Z INFO [712/2201] 40acd58e-8fc8-4acb-bd2b-ef0185a0e01c: not valid; 1.8 s; peak memory 9431 MiB.
2026-09-16T17:26:06Z INFO [713/2201] 40baa1fa-1c99-4c32-840c-5f5ef3e07806: valid; 1.4 s; peak memory 9431 MiB.
2026-09-16T17:26:07Z INFO [714/2201] 410949ee-7ea2-4ab2-bd26-490c47f13c84: valid; 1.4 s; peak memory 9432 MiB.
2026-09-16T17:26:09Z INFO [715/2201] 4157c0ec-04f4-4f67-9ef0-bded63a34427: valid; 2.4 s; peak memory 9433 MiB.
2026-09-16T17:26:12Z INFO [716/2201] 41c67f17-dd00-4c15-bc1f-6201a5ede9e3: valid; 2.5 s; peak memory 9434 MiB.
2026-09-16T17:26:14Z INFO [717/2201] 41cdcb2b-83af-4ec8-becf-be635cb18f9d: not valid; 2.6 s; peak memory 9435 MiB.
2026-09-16T17:26:16Z INFO [718/2201] 41cefafc-9728-47df-94ea-e68e8bd2a37d: valid; 1.5 s; peak memory 9435 MiB.
2026-09-16T17:26:18Z INFO [719/2201] 41eec423-7789-46a7-857d-ed835063f904: valid; 2.6 s; peak memory 9436 MiB.
2026-09-16T17:26:21Z INFO [720/2201] 41ffd8b1-eb90-43c1-a38d-1e04cee5528c: not valid; 2.1 s; peak memory 9437 MiB.
2026-09-16T17:26:23Z INFO [721/2201] 420dd368-0823-4581-8d79-59a5660639a4: valid; 2.1 s; peak memory 9438 MiB.
2026-09-16T17:26:31Z INFO [722/2201] 421e7888-03dd-4f75-9e85-a454cbfc690c: valid; 8.8 s; peak memory 9442 MiB.
2026-09-16T17:26:36Z INFO [723/2201] 42678457-0972-4f5c-9a11-e99d9115736e: valid; 4.1 s; peak memory 9447 MiB.
2026-09-16T17:26:37Z INFO [724/2201] 4269f539-e96c-4269-8157-be7dfb2e77d6: valid; 1.6 s; peak memory 9448 MiB.
2026-09-16T17:26:40Z INFO [725/2201] 42f08827-d3de-4147-8c09-4685ce3a5966: valid; 2.5 s; peak memory 9448 MiB.
2026-09-16T17:26:42Z INFO [726/2201] 42fb4776-f8e0-4aa7-ae0d-e5d211c1833c: valid; 2.4 s; peak memory 9448 MiB.
2026-09-16T17:26:44Z INFO [727/2201] 4318b621-30ae-4292-bde9-7e483af0dc73: not valid; 2.3 s; peak memory 9448 MiB.
2026-09-16T17:26:47Z WARNING 434a2824-91b6-424e-9fb9-e032b9f224ea: failed while opening the NWB file (ConstructError: (root/acquisition/_iblmic_audioSpectrogram/bands GroupBuilder {'attributes': {'colnames': array(['freq'], dtype=object), 'description': 'spectogram frequencies', 'namespace': 'core', 'neurodata_type': 'FrequencyBandsTable', 'object_id': 'd4dea4ae-3434-4586-b753-01a2cc359e86'}, 'groups': {}, 'datasets': {'freq': root/acquisition/_iblmic_audioSpectrogram/bands/freq DatasetBuilder {'attributes': {'description': 'frequency value', 'namespace': 'hdmf-common', 'neurodata_type': 'VectorData', 'object_id': 'cdf6f889-3a8e-42b4-9ec1-ceb9845e623d'}, 'data': <HDF5 dataset "freq": shape (257,), type "<f4">}, 'id': root/acquisition/_iblmic_audioSpectrogram/bands/id DatasetBuilder {'attributes': {'namespace': 'hdmf-common', 'neurodata_type': 'ElementIdentifiers', 'object_id': '49b76af6-0215-4a51-9797-190e59888c50'}, 'data': <HDF5 dataset "id": shape (257,), type "<i4">}}, 'links': {}}, "Could not construct FrequencyBandsTable object due to: column must have the same number of rows as 'id'"))
2026-09-16T17:26:48Z INFO [729/2201] 43520d77-8eca-4f20-91c6-7a5e9a089648: not valid; 1.9 s; peak memory 9450 MiB.
2026-09-16T17:26:51Z INFO [730/2201] 435e0fdc-21f8-4d4c-8b71-fe9ce094cb59: valid; 2.0 s; peak memory 9450 MiB.
2026-09-16T17:27:06Z INFO [731/2201] 4360b5ec-2aeb-433a-8224-186387f882b5: valid; 15.9 s; peak memory 9467 MiB.
2026-09-16T17:27:08Z INFO [732/2201] 436ccc9d-35c6-4577-8812-413d3b397bb1: valid; 1.4 s; peak memory 9467 MiB.
2026-09-16T17:27:09Z INFO [733/2201] 43e52aa8-e22e-4316-84b7-81cbd163142d: not valid; 1.5 s; peak memory 9468 MiB.
2026-09-16T17:27:12Z INFO [734/2201] 4414ad47-846f-4aa5-a47b-44966776f676: not valid; 2.3 s; peak memory 9469 MiB.
2026-09-16T17:27:14Z INFO [735/2201] 444d8580-a38a-4722-8d9c-aeb47e2dc2fd: valid; 2.6 s; peak memory 9471 MiB.
2026-09-16T17:27:18Z INFO [736/2201] 445aadbb-72a3-44c0-8355-d0f2c3d7e4c9: valid; 3.4 s; peak memory 9471 MiB.
2026-09-16T17:27:21Z INFO [737/2201] 446e590a-a064-494d-b8e2-c94d85c744a0: valid; 3.0 s; peak memory 9473 MiB.
2026-09-16T17:27:24Z INFO [738/2201] 44a6801a-9b81-4151-9831-d9bf6aabf330: valid; 3.0 s; peak memory 9493 MiB.
2026-09-16T17:27:26Z INFO [739/2201] 44cfcec6-1f7d-4f54-a081-c446407b709a: valid; 2.2 s; peak memory 9493 MiB.
2026-09-16T17:27:27Z INFO [740/2201] 44d948ea-d7e2-49f2-b793-dac734d907dc: valid; 1.4 s; peak memory 9493 MiB.
2026-09-16T17:27:30Z INFO [741/2201] 44fb814f-bd26-490f-a4dd-1ef353b05e67: not valid; 2.8 s; peak memory 9493 MiB.
2026-09-16T17:27:32Z INFO [742/2201] 45244daa-854e-42dc-a095-0be5db38e3e8: not valid; 1.5 s; peak memory 9493 MiB.
2026-09-16T17:27:33Z INFO [743/2201] 452e66c6-4459-49ba-a777-b020ae3943b5: valid; 1.6 s; peak memory 9493 MiB.
2026-09-16T17:27:35Z INFO [744/2201] 454739fe-0493-4b20-b81f-135e89e132e4: valid; 2.2 s; peak memory 9493 MiB.
2026-09-16T17:27:39Z INFO [745/2201] 456ce45c-7fa2-4cf3-a4c9-23585f94e230: valid; 3.7 s; peak memory 9513 MiB.
2026-09-16T17:27:56Z INFO [746/2201] 459aafeb-873f-4a14-a021-8cc2096677c6: valid; 16.4 s; peak memory 9534 MiB.
2026-09-16T17:27:57Z INFO [747/2201] 459cc06a-642b-4c16-a9de-f71dfaa4a0ec: not valid; 1.6 s; peak memory 9535 MiB.
2026-09-16T17:27:59Z INFO [748/2201] 45a54cee-99f1-4e52-9d07-8a99da3e984d: valid; 1.4 s; peak memory 9536 MiB.
2026-09-16T17:28:00Z INFO [749/2201] 45da59d9-4830-41b4-a845-00ebca9f8195: not valid; 1.8 s; peak memory 9536 MiB.
2026-09-16T17:28:02Z INFO [750/2201] 45dd69cb-cfe2-4ce9-92f4-54351265729a: valid; 2.1 s; peak memory 9537 MiB.
2026-09-16T17:28:03Z INFO [750/2201] 45dd69cb-cfe2-4ce9-92f4-54351265729a: checkpointed 66010 records.
2026-09-16T17:28:05Z INFO [751/2201] 45f2ee13-7111-4199-9703-772211aa1ccd: valid; 2.1 s; peak memory 9540 MiB.
2026-09-16T17:28:08Z INFO [752/2201] 46326377-87e4-49cc-86da-cfbf512251a5: valid; 3.1 s; peak memory 9545 MiB.
2026-09-16T17:28:09Z INFO [753/2201] 46522310-6d93-458c-8263-0f5aae958b72: valid; 1.4 s; peak memory 9545 MiB.
2026-09-16T17:28:11Z INFO [754/2201] 4655245a-9482-429e-af11-5b8b52658db8: valid; 1.5 s; peak memory 9545 MiB.
2026-09-16T17:28:12Z INFO [755/2201] 46a65114-5f59-4c64-a01c-f6606d66af6a: valid; 1.3 s; peak memory 9545 MiB.
2026-09-16T17:28:27Z INFO [756/2201] 46be6bb8-02ba-4056-a6f0-48d9bac87b07: not valid; 15.0 s; peak memory 9571 MiB.
2026-09-16T17:28:29Z INFO [757/2201] 46cd3560-7211-4a6f-884f-6c7694f68945: valid; 1.6 s; peak memory 9571 MiB.
2026-09-16T17:28:31Z INFO [758/2201] 46e0a9db-f11b-47cb-8afd-1f2fd8c363a2: valid; 2.4 s; peak memory 9573 MiB.
2026-09-16T17:28:33Z INFO [759/2201] 46e93361-f6b9-4464-bd2e-e3e891620835: not valid; 1.9 s; peak memory 9573 MiB.
2026-09-16T17:28:35Z INFO [760/2201] 47044124-fc0a-4969-a428-320e69dcff90: not valid; 1.7 s; peak memory 9573 MiB.
2026-09-16T17:28:36Z INFO [761/2201] 47137eee-38b4-466e-95c0-9d5c5addc3fd: valid; 1.3 s; peak memory 9573 MiB.
2026-09-16T17:28:41Z INFO [762/2201] 472baeda-c7ad-46aa-939c-9162f52e40a4: not valid; 4.4 s; peak memory 9573 MiB.
2026-09-16T17:28:43Z INFO [763/2201] 4743bee2-c5f2-4192-8b6f-e2d513f2d37d: valid; 2.1 s; peak memory 9573 MiB.
2026-09-16T17:28:45Z INFO [764/2201] 474e1ce9-ff54-4df5-9922-f338b7c98dba: valid; 2.9 s; peak memory 9573 MiB.
2026-09-16T17:28:48Z INFO [765/2201] 47a8f637-1537-477b-9eb8-c0cdb984ba6d: not valid; 2.1 s; peak memory 9573 MiB.
2026-09-16T17:28:49Z INFO [766/2201] 47baaf7c-995e-42bf-86fa-2a00720afc55: valid; 1.5 s; peak memory 9573 MiB.
2026-09-16T17:28:51Z INFO [767/2201] 47c4a8ee-9ff1-47bb-90a2-1298bea627ec: valid; 1.9 s; peak memory 9573 MiB.
2026-09-16T17:28:53Z INFO [768/2201] 4805e3eb-32b5-4e7d-84b8-4516bfb8a57a: not valid; 1.6 s; peak memory 9573 MiB.
2026-09-16T17:28:55Z INFO [769/2201] 4826a08e-ec6c-4933-ae51-fea23b0bd0d7: valid; 2.6 s; peak memory 9573 MiB.
2026-09-16T17:28:57Z INFO [770/2201] 485b18ae-9c5f-45d7-953a-4d4b722cc27d: valid; 1.3 s; peak memory 9573 MiB.
2026-09-16T17:28:58Z INFO [771/2201] 485b8c11-cf49-4070-911a-30d8330edd9e: not valid; 1.7 s; peak memory 9573 MiB.
2026-09-16T17:29:00Z INFO [772/2201] 486accf9-7f0a-4d2c-bf2f-d7ebee47a2d4: valid; 1.7 s; peak memory 9573 MiB.
2026-09-16T17:29:09Z INFO [773/2201] 48cb27f3-08b9-488e-a1a6-0303bef7ce5a: not valid; 8.6 s; peak memory 9574 MiB.
2026-09-16T17:29:11Z INFO [774/2201] 48d72c1f-2bda-4506-9bfd-81a4f8f53837: valid; 2.3 s; peak memory 9574 MiB.
2026-09-16T17:29:14Z INFO [775/2201] 48d928b6-31d7-47ac-9626-4ee47eb9469e: valid; 2.6 s; peak memory 9574 MiB.
2026-09-16T17:29:21Z INFO [776/2201] 48f9a2e5-73e9-4434-9174-6afbf40adb76: valid; 7.8 s; peak memory 9574 MiB.
2026-09-16T17:29:30Z INFO [777/2201] 49036be2-b26a-409d-827b-563019a15c70: valid; 8.3 s; peak memory 9574 MiB.
2026-09-16T17:29:32Z INFO [778/2201] 492123f1-846e-4029-bc41-9553bf6575f7: not valid; 1.9 s; peak memory 9574 MiB.
2026-09-16T17:29:33Z INFO [779/2201] 492ac605-6af7-4c49-a2c4-32d247f6c603: not valid; 1.5 s; peak memory 9574 MiB.
2026-09-16T17:29:35Z INFO [780/2201] 49374e0f-c2d8-44d6-866c-75b022e5b45e: not valid; 2.2 s; peak memory 9574 MiB.
2026-09-16T17:29:37Z INFO [781/2201] 493d7df1-a0cc-42b6-8fcc-22c827e73650: not valid; 1.9 s; peak memory 9574 MiB.
2026-09-16T17:29:40Z INFO [782/2201] 494a30e9-c3cb-46e2-ae5f-ca9ac2aa6476: valid; 3.0 s; peak memory 9574 MiB.
2026-09-16T17:29:57Z INFO [783/2201] 495f644a-ffbc-4cfc-82b1-625c6e1fd0dc: valid; 16.5 s; peak memory 9574 MiB.
2026-09-16T17:29:59Z INFO [784/2201] 49675157-94b5-4de5-9947-1cb435426b0b: valid; 2.2 s; peak memory 9574 MiB.
2026-09-16T17:30:00Z INFO [785/2201] 497f6d1c-aeb1-4355-a7bb-d9a7e5018baa: valid; 1.4 s; peak memory 9574 MiB.
2026-09-16T17:30:03Z INFO [786/2201] 49be5ac4-e281-4e77-a42e-73e35ed2d669: valid; 2.8 s; peak memory 9574 MiB.
2026-09-16T17:30:05Z INFO [787/2201] 4a063db8-abf5-490a-a41c-1dcf8cfe47b1: valid; 1.7 s; peak memory 9574 MiB.
2026-09-16T17:30:06Z INFO [788/2201] 4a1e3512-c298-4c31-8889-dbfd8fb88462: not valid; 1.4 s; peak memory 9574 MiB.
2026-09-16T17:30:18Z INFO [789/2201] 4a311f1d-dced-4656-ad4f-1bfe5e1c4206: valid; 11.6 s; peak memory 9574 MiB.
2026-09-16T17:30:20Z INFO [790/2201] 4a36df7e-4e39-4bb6-9741-30d95212f6a6: not valid; 2.1 s; peak memory 9574 MiB.
2026-09-16T17:30:24Z INFO [791/2201] 4a71eaa5-c2f3-4b92-9a98-72437fa986f6: not valid; 4.4 s; peak memory 9574 MiB.
2026-09-16T17:30:24Z WARNING 4a77828a-2bd8-4540-86f6-3cbdd2f34582: failed while retrieving asset information from the DANDI API (NotFoundError: No asset at path 'sub-parkinson-simulated-lfp/sub-parkinson-simulated-lfp_ses-2556_ecephys.nwb' in version 0.250327.2220. Verify the path is correct and the asset exists in this version. Use 'dandi ls' to list available assets.)
2026-09-16T17:30:25Z INFO [793/2201] 4a7c4614-5d53-46ec-9686-58dba22cf04c: valid; 1.1 s; peak memory 9574 MiB.
2026-09-16T17:30:33Z INFO [794/2201] 4a7ecc89-691c-461d-b65f-dee368e82d53: valid; 8.1 s; peak memory 9582 MiB.
2026-09-16T17:30:36Z INFO [795/2201] 4a8a98b4-2935-44c3-a0bd-038cf1eb6deb: valid; 2.5 s; peak memory 9583 MiB.
2026-09-16T17:30:37Z INFO [796/2201] 4adf33ee-d5e9-4794-90c4-2f98b20bf171: valid; 1.4 s; peak memory 9583 MiB.
2026-09-16T17:30:39Z INFO [797/2201] 4b0df1ed-c5a9-48e5-acbb-ee95f451b972: valid; 1.2 s; peak memory 9583 MiB.
2026-09-16T17:30:42Z INFO [798/2201] 4b2763de-9b42-48cc-b22a-20b9e8573b29: valid; 3.4 s; peak memory 9583 MiB.
2026-09-16T17:30:43Z INFO [799/2201] 4b7518e4-1003-4978-a2c9-78050de4aaf4: valid; 1.4 s; peak memory 9583 MiB.
2026-09-16T17:30:46Z INFO [800/2201] 4b7c8d7f-c687-44d5-b53b-e9c36469397e: not valid; 2.3 s; peak memory 9583 MiB.
2026-09-16T17:30:46Z INFO [800/2201] 4b7c8d7f-c687-44d5-b53b-e9c36469397e: checkpointed 66010 records.
2026-09-16T17:30:48Z INFO [801/2201] 4b7cedd2-9954-4cce-887f-27a73da01057: not valid; 2.2 s; peak memory 9583 MiB.
2026-09-16T17:30:51Z INFO [802/2201] 4b8d51bf-79de-4312-b4be-1c19bd841c1b: valid; 2.4 s; peak memory 9583 MiB.
2026-09-16T17:30:53Z INFO [803/2201] 4bc44c06-0145-4764-8788-9b405529de73: not valid; 1.8 s; peak memory 9583 MiB.
2026-09-16T17:30:55Z INFO [804/2201] 4bc55083-a541-4f78-a76a-aeb2e986c1a3: valid; 2.8 s; peak memory 9583 MiB.
2026-09-16T17:30:57Z INFO [805/2201] 4c21aed1-17aa-4cec-bd09-becd221d1ca3: not valid; 1.6 s; peak memory 9583 MiB.
2026-09-16T17:30:57Z WARNING 4ca3ba5e-c59b-4320-97c4-41e2960c4cbd: failed while retrieving asset information from the DANDI API (NotFoundError: No asset at path 'sub-714614/sub-714614_ses-1327183358_probe-5_ecephys.nwb' in version 0.250311.2145. Verify the path is correct and the asset exists in this version. Use 'dandi ls' to list available assets.)
2026-09-16T17:31:00Z INFO [807/2201] 4cb50481-2955-411f-b384-b365b6d055d0: valid; 3.0 s; peak memory 9583 MiB.
2026-09-16T17:31:02Z INFO [808/2201] 4cb56561-44a5-47d2-b35f-59286db8bee7: valid; 2.1 s; peak memory 9583 MiB.
2026-09-16T17:31:04Z INFO [809/2201] 4cbdd363-83ca-4625-843e-7ba0fc52e699: valid; 1.9 s; peak memory 9583 MiB.
2026-09-16T17:31:08Z INFO [810/2201] 4cc02d01-f7f2-495d-9dd9-2e74aca41e50: not valid; 3.4 s; peak memory 9583 MiB.
2026-09-16T17:31:10Z INFO [811/2201] 4cc7d38d-6f99-4c1c-b9be-1f47e1178c88: valid; 2.3 s; peak memory 9583 MiB.
2026-09-16T17:31:11Z INFO [812/2201] 4cdfdafb-4842-45e2-b36c-d871ebd42910: valid; 1.4 s; peak memory 9583 MiB.
2026-09-16T17:31:13Z INFO [813/2201] 4d0cbe52-dd52-4210-85d3-58460fb96d45: valid; 2.2 s; peak memory 9583 MiB.
2026-09-16T17:31:15Z INFO [814/2201] 4d27c0e2-e673-42ca-8c80-2e1fbfe328a1: not valid; 1.8 s; peak memory 9583 MiB.
2026-09-16T17:31:19Z INFO [815/2201] 4d5dec79-db1f-4b4e-986c-49c98ea77a24: valid; 3.7 s; peak memory 9583 MiB.
2026-09-16T17:31:21Z INFO [816/2201] 4d860c5b-6bc0-4f60-bcb4-ee8aed872d4a: valid; 1.9 s; peak memory 9583 MiB.
2026-09-16T17:31:32Z INFO [817/2201] 4d8a9de8-1481-455c-b371-5577796d14fc: valid; 10.9 s; peak memory 9649 MiB.
2026-09-16T17:31:33Z INFO [818/2201] 4d8c3949-10d9-49f8-ab59-6813053bb3d9: valid; 1.2 s; peak memory 9649 MiB.
2026-09-16T17:31:35Z INFO [819/2201] 4daca0e3-e69d-4189-b52b-09a636134e8f: valid; 2.6 s; peak memory 9649 MiB.
2026-09-16T17:31:39Z INFO [820/2201] 4dc75c71-b18a-4e41-8f85-2185eb9f557f: valid; 3.2 s; peak memory 9649 MiB.
2026-09-16T17:31:41Z INFO [821/2201] 4dd5db48-3c79-4b33-9f22-74e0cb853767: not valid; 1.9 s; peak memory 9649 MiB.
2026-09-16T17:31:42Z INFO [822/2201] 4e4236ef-0a95-420c-9b6b-30aeb3a2ed0b: not valid; 1.8 s; peak memory 9649 MiB.
2026-09-16T17:31:47Z INFO [823/2201] 4e434073-4252-45f1-aadf-728e57673305: valid; 4.1 s; peak memory 9649 MiB.
2026-09-16T17:31:50Z INFO [824/2201] 4e54a25b-fd0e-4a1d-992d-fc096136d0d4: valid; 3.0 s; peak memory 9649 MiB.
2026-09-16T17:31:51Z INFO [825/2201] 4e887bef-6612-41a1-8fe8-8e8b5000ebf1: not valid; 1.4 s; peak memory 9649 MiB.
2026-09-16T17:31:53Z INFO [826/2201] 4eb23a65-d169-4a26-83f9-46e997af26e7: not valid; 2.1 s; peak memory 9649 MiB.
2026-09-16T17:31:55Z INFO [827/2201] 4edf9562-fedc-4d58-a2e7-a741a8dd6fd9: not valid; 2.0 s; peak memory 9649 MiB.
2026-09-16T17:32:00Z INFO [828/2201] 4eebe97d-e459-4a52-85f3-64175e043c6b: valid; 4.5 s; peak memory 9649 MiB.
2026-09-16T17:32:04Z INFO [829/2201] 4f1ceb3e-6c8b-44c5-99f4-accb363ac93a: valid; 4.2 s; peak memory 9649 MiB.
2026-09-16T17:32:13Z INFO [830/2201] 4f26b727-ac2a-40f9-9c06-a4f93848b12c: not valid; 9.4 s; peak memory 9649 MiB.
2026-09-16T17:32:15Z INFO [831/2201] 4f29c221-5615-42ef-a46b-246e9916056a: valid; 1.4 s; peak memory 9649 MiB.
2026-09-16T17:32:16Z INFO [832/2201] 4f41c308-0d49-4b72-b1ea-20fa90b4a242: not valid; 1.8 s; peak memory 9649 MiB.
2026-09-16T17:32:18Z INFO [833/2201] 4f5c0454-847c-43ad-8151-0bfb97a1b6a1: valid; 1.4 s; peak memory 9649 MiB.
2026-09-16T17:32:29Z INFO [834/2201] 4f98ad2d-1f92-49ff-8b22-962b378ff0d6: valid; 11.1 s; peak memory 9649 MiB.
2026-09-16T17:32:32Z INFO [835/2201] 4f9d8880-19f7-47bf-94e1-81750359a573: valid; 3.4 s; peak memory 9649 MiB.
2026-09-16T17:32:34Z INFO [836/2201] 4fa91ff5-2191-486b-8e7e-598e92ee0e6d: valid; 1.5 s; peak memory 9649 MiB.
2026-09-16T17:32:37Z INFO [837/2201] 4fc0591e-b55d-4494-acd0-007537b7e604: valid; 3.5 s; peak memory 9649 MiB.
2026-09-16T17:32:39Z INFO [838/2201] 4fd7f93e-dbde-4764-b5e2-24465665f37c: valid; 1.4 s; peak memory 9649 MiB.
2026-09-16T17:32:41Z INFO [839/2201] 4fdeaa1f-f104-46ca-84f0-10486703d337: valid; 2.1 s; peak memory 9649 MiB.
2026-09-16T17:32:43Z INFO [840/2201] 4ff163a1-c57b-42d8-8b08-2ae094614d25: valid; 2.1 s; peak memory 9649 MiB.
2026-09-16T17:32:45Z INFO [841/2201] 50066141-5107-49a8-9fcb-5640cbfb9bcc: not valid; 2.2 s; peak memory 9649 MiB.
2026-09-16T17:32:46Z INFO [842/2201] 50080ee3-f305-4583-9a45-e3ffa5fc5782: valid; 1.1 s; peak memory 9649 MiB.
2026-09-16T17:32:47Z INFO [843/2201] 502a54f3-9094-4bb8-8992-42230ff04df5: valid; 1.4 s; peak memory 9649 MiB.
2026-09-16T17:32:49Z INFO [844/2201] 50512855-a521-4609-903d-aac5d46294e0: not valid; 1.4 s; peak memory 9649 MiB.
2026-09-16T17:32:51Z INFO [845/2201] 50635c25-4fe9-43d6-8087-7fb313caa044: not valid; 1.9 s; peak memory 9649 MiB.
2026-09-16T17:32:53Z INFO [846/2201] 50b3b4b4-200c-4583-97e1-3b276d273ca1: valid; 2.2 s; peak memory 9649 MiB.
2026-09-16T17:32:56Z INFO [847/2201] 50ba7217-c02b-49af-994a-a3a315a0c1b3: valid; 2.7 s; peak memory 9649 MiB.
2026-09-16T17:32:57Z INFO [848/2201] 50f3995d-129d-4e89-aeaf-683faa2b0f90: valid; 1.5 s; peak memory 9649 MiB.
2026-09-16T17:33:00Z INFO [849/2201] 51040f75-34f8-4c19-9e31-64e46a3ad6f5: not valid; 2.5 s; peak memory 9649 MiB.
2026-09-16T17:33:11Z INFO [850/2201] 51080d50-4478-4e17-87df-1bab9f6bbcd9: not valid; 11.4 s; peak memory 9649 MiB.
2026-09-16T17:33:11Z INFO [850/2201] 51080d50-4478-4e17-87df-1bab9f6bbcd9: checkpointed 66010 records.
2026-09-16T17:33:13Z INFO [851/2201] 510c11d0-eee3-40ec-8cbe-5db6b7774843: not valid; 1.6 s; peak memory 9649 MiB.
2026-09-16T17:33:15Z INFO [852/2201] 510f1d97-d8f5-4649-bbf8-4fec474c0596: valid; 2.3 s; peak memory 9649 MiB.
2026-09-16T17:33:21Z INFO [853/2201] 5141c34f-1766-42f7-b762-d4e8b40e4e70: valid; 5.9 s; peak memory 9649 MiB.
2026-09-16T17:33:23Z INFO [854/2201] 5148b229-6c9a-4768-bc0a-893291aaa5e2: valid; 1.5 s; peak memory 9649 MiB.
2026-09-16T17:33:24Z INFO [855/2201] 514d308a-e499-48c6-a1a8-db7f21c548d9: not valid; 1.6 s; peak memory 9649 MiB.
2026-09-16T17:33:26Z INFO [856/2201] 515bd165-6cfc-45ec-a726-d5a128f5a5fa: valid; 1.9 s; peak memory 9649 MiB.
2026-09-16T17:33:29Z INFO [857/2201] 516a414f-c63a-48ae-8aef-586179acb256: valid; 2.5 s; peak memory 9649 MiB.
2026-09-16T17:33:30Z INFO [858/2201] 517e15b4-0bfd-4070-b549-4e2820f75c86: valid; 1.3 s; peak memory 9649 MiB.
2026-09-16T17:33:32Z INFO [859/2201] 51943b12-7edc-41eb-9b3d-d570b4e749bb: valid; 2.4 s; peak memory 9649 MiB.
2026-09-16T17:33:36Z INFO [860/2201] 519ae18f-cae6-4b73-ba35-378683658199: valid; 3.5 s; peak memory 9649 MiB.
2026-09-16T17:33:38Z INFO [861/2201] 51a845b7-991c-4d9a-b5c8-5a3330a3c40c: not valid; 2.4 s; peak memory 9649 MiB.
2026-09-16T17:33:41Z INFO [862/2201] 51b3de99-0a79-4cab-a4bb-5969476607ee: valid; 2.3 s; peak memory 9649 MiB.
2026-09-16T17:33:58Z INFO [863/2201] 51c648d5-d07b-40af-a47d-84411b7a2d41: valid; 17.6 s; peak memory 9777 MiB.
2026-09-16T17:34:00Z INFO [864/2201] 51da40a6-0e61-4892-a382-7ffda2761801: valid; 1.5 s; peak memory 9777 MiB.
2026-09-16T17:34:02Z INFO [865/2201] 51f623b9-cf2a-4373-856b-859a67cbda34: not valid; 2.1 s; peak memory 9777 MiB.
2026-09-16T17:34:11Z INFO [866/2201] 5215c512-ccc5-4cb6-ae16-38cc77863c73: not valid; 9.1 s; peak memory 9777 MiB.
2026-09-16T17:34:12Z INFO [867/2201] 522c7abb-0930-445d-a9a1-0fd130264962: not valid; 1.4 s; peak memory 9777 MiB.
2026-09-16T17:34:14Z INFO [868/2201] 52447e18-0faf-4fb1-ae0b-d9323f2c7a72: valid; 1.1 s; peak memory 9777 MiB.
2026-09-16T17:34:15Z INFO [869/2201] 524cbcd2-83d0-4e36-b093-b1693cc3aab0: valid; 1.6 s; peak memory 9777 MiB.
2026-09-16T17:34:16Z INFO [870/2201] 526dcda5-52b8-402c-8123-a704f5ce42f9: valid; 1.3 s; peak memory 9777 MiB.
2026-09-16T17:34:18Z INFO [871/2201] 527a6062-e4e2-49f7-8bb6-0f292fea5d56: valid; 1.5 s; peak memory 9777 MiB.
2026-09-16T17:34:42Z INFO [872/2201] 52838fe8-3006-4b37-95fa-30059c5b0566: valid; 23.7 s; peak memory 9887 MiB.
2026-09-16T17:34:45Z INFO [873/2201] 52a9d898-68e9-4057-b3c0-08da28bdd278: valid; 3.1 s; peak memory 9887 MiB.
2026-09-16T17:34:50Z INFO [874/2201] 52b2f2a8-24b1-4eb0-9f9e-f27a6f3e017f: valid; 5.0 s; peak memory 9887 MiB.
2026-09-16T17:34:51Z INFO [875/2201] 530084a2-a736-4e06-9b99-2a127eedf7b9: not valid; 1.6 s; peak memory 9887 MiB.
2026-09-16T17:34:53Z INFO [876/2201] 5321580b-138d-47b3-9ec6-99d838314a48: valid; 2.1 s; peak memory 9887 MiB.
2026-09-16T17:34:55Z INFO [877/2201] 5339216a-ba8b-4439-9efa-b0a8cc75ce3a: valid; 1.9 s; peak memory 9887 MiB.
2026-09-16T17:34:57Z INFO [878/2201] 5360bb05-bafb-48f1-9b68-37ae0345375c: valid; 1.4 s; peak memory 9887 MiB.
2026-09-16T17:34:59Z INFO [879/2201] 537e5409-c31b-4e2c-bc4b-efbaf146adde: valid; 2.3 s; peak memory 9887 MiB.
2026-09-16T17:35:04Z INFO [880/2201] 538917f7-e52c-4865-97f6-335098e97f82: valid; 4.9 s; peak memory 9887 MiB.
2026-09-16T17:35:06Z INFO [881/2201] 53ab2e23-332d-46bf-9d11-2bdd73b9e4c7: valid; 1.6 s; peak memory 9887 MiB.
2026-09-16T17:35:08Z INFO [882/2201] 53ce1ddb-7719-405d-8c26-eef76d0c4298: valid; 2.2 s; peak memory 9887 MiB.
2026-09-16T17:35:10Z INFO [883/2201] 53dc04dc-b2bc-440e-aa5f-29b13460aff6: valid; 2.4 s; peak memory 9887 MiB.
2026-09-16T17:35:26Z INFO [884/2201] 5434ab71-231c-4af5-bae8-1e68f2c23f5b: valid; 15.4 s; peak memory 9887 MiB.
2026-09-16T17:35:27Z INFO [885/2201] 5459ff55-fbd4-400a-ac50-00bc27f46d5d: valid; 1.7 s; peak memory 9887 MiB.
2026-09-16T17:35:29Z INFO [886/2201] 5460da8e-d23b-4674-8e09-92591ae8fb7f: not valid; 1.7 s; peak memory 9887 MiB.
2026-09-16T17:35:30Z INFO [887/2201] 5467d414-7f4c-4e80-9670-7dc14f2e1bac: valid; 1.4 s; peak memory 9887 MiB.
2026-09-16T17:35:34Z INFO [888/2201] 547bd532-f247-47ce-a616-0888a9767cb2: valid; 3.8 s; peak memory 9887 MiB.
2026-09-16T17:35:36Z INFO [889/2201] 547d6540-6bed-4f06-934f-d77980e781c2: not valid; 1.7 s; peak memory 9887 MiB.
2026-09-16T17:35:38Z INFO [890/2201] 54952b93-51bd-4dfa-9b5c-26f7680cf682: not valid; 2.3 s; peak memory 9887 MiB.
2026-09-16T17:35:43Z INFO [891/2201] 54c24bda-3588-43eb-a28b-b194099506aa: valid; 4.8 s; peak memory 9887 MiB.
2026-09-16T17:35:45Z INFO [892/2201] 54cccec7-68d0-4412-8245-dd7960a83054: not valid; 2.1 s; peak memory 9887 MiB.
2026-09-16T17:35:48Z INFO [893/2201] 54d45002-cf10-4e11-a608-a2b942f1b9b2: valid; 3.0 s; peak memory 9887 MiB.
2026-09-16T17:35:50Z INFO [894/2201] 54ecafa9-a33c-4b90-8a22-b3cb67ac496b: not valid; 1.7 s; peak memory 9887 MiB.
2026-09-16T17:35:52Z WARNING 54ff6d7c-495d-47a2-b2d5-a353291b0416: failed while opening the NWB file (ConstructError: (root/acquisition/_iblmic_audioSpectrogram/bands GroupBuilder {'attributes': {'colnames': array(['freq'], dtype=object), 'description': 'spectogram frequencies', 'namespace': 'core', 'neurodata_type': 'FrequencyBandsTable', 'object_id': 'a6fa6e1f-95e5-49d9-afa9-9a5990203301'}, 'groups': {}, 'datasets': {'freq': root/acquisition/_iblmic_audioSpectrogram/bands/freq DatasetBuilder {'attributes': {'description': 'frequency value', 'namespace': 'hdmf-common', 'neurodata_type': 'VectorData', 'object_id': 'fa5a3e77-6691-4e40-9791-2edc477f3a02'}, 'data': <HDF5 dataset "freq": shape (257,), type "<f4">}, 'id': root/acquisition/_iblmic_audioSpectrogram/bands/id DatasetBuilder {'attributes': {'namespace': 'hdmf-common', 'neurodata_type': 'ElementIdentifiers', 'object_id': '79e24bb3-f427-436b-8da1-71cf7eb1bd58'}, 'data': <HDF5 dataset "id": shape (257,), type "<i4">}}, 'links': {}}, "Could not construct FrequencyBandsTable object due to: column must have the same number of rows as 'id'"))
2026-09-16T17:35:52Z WARNING 55132334-d5d7-4b9d-be96-4b226d7c7522: failed while retrieving asset information from the DANDI API (NotFoundError: No asset at path 'sub-parkinson-simulated-lfp/sub-parkinson-simulated-lfp_ses-9286_ecephys.nwb' in version 0.250327.2220. Verify the path is correct and the asset exists in this version. Use 'dandi ls' to list available assets.)
2026-09-16T17:35:54Z INFO [897/2201] 5532c041-a1c3-4096-a459-148d8018368a: valid; 2.4 s; peak memory 9887 MiB.
2026-09-16T17:35:56Z INFO [898/2201] 55341476-439b-4fc1-8c97-fbe3594b9018: not valid; 1.8 s; peak memory 9887 MiB.
2026-09-16T17:35:58Z INFO [899/2201] 554ec566-6a79-4d30-a4b3-9e593acca199: valid; 1.3 s; peak memory 9887 MiB.
2026-09-16T17:35:58Z WARNING 55596d3b-fd93-4fa7-a0df-09f0d01fb815: failed while retrieving asset information from the DANDI API (NotFoundError: No asset at path 'sub-parkinson-simulated-beta/sub-parkinson-simulated-beta_ses-648_ecephys.nwb' in version 0.250327.2220. Verify the path is correct and the asset exists in this version. Use 'dandi ls' to list available assets.)
2026-09-16T17:35:58Z INFO [900/2201] 55596d3b-fd93-4fa7-a0df-09f0d01fb815: checkpointed 66010 records.
2026-09-16T17:36:00Z INFO [901/2201] 55619bbc-3d45-4402-ab0f-b26f148dad5a: valid; 1.6 s; peak memory 9887 MiB.
2026-09-16T17:36:14Z INFO [902/2201] 556a6670-885e-47d5-9764-2ddd21dbe257: valid; 14.4 s; peak memory 9887 MiB.
2026-09-16T17:36:25Z INFO [903/2201] 55758143-eed5-4210-9bfe-471d640d5a5d: valid; 10.9 s; peak memory 9887 MiB.
2026-09-16T17:36:32Z INFO [904/2201] 55877971-4b34-4862-9de0-473dd559138f: not valid; 6.8 s; peak memory 9887 MiB.
2026-09-16T17:36:53Z INFO [905/2201] 558869a8-8a5a-4faa-b443-fbffab732174: valid; 21.1 s; peak memory 9887 MiB.
2026-09-16T17:36:54Z INFO [906/2201] 559ff0d3-dd6e-4d58-a8d1-2a812e65fa59: not valid; 1.4 s; peak memory 9887 MiB.
2026-09-16T17:36:57Z INFO [907/2201] 55fc0f71-702f-45d5-b055-222cf9486c6e: valid; 2.9 s; peak memory 9887 MiB.
2026-09-16T17:37:00Z INFO [908/2201] 55fd3654-365f-437d-bf96-ff9a8832015f: valid; 3.1 s; peak memory 9887 MiB.
2026-09-16T17:37:01Z INFO [909/2201] 561b1b20-7f81-4c96-9c7f-1c1152358899: valid; 1.1 s; peak memory 9887 MiB.
2026-09-16T17:37:02Z WARNING 562270f3-4d26-413d-8535-913ca27ddac8: failed while retrieving asset information from the DANDI API (NotFoundError: No asset at path '409828_2018-12-07_15-05-38.nwb.zarr' in version draft. Verify the path is correct and the asset exists in this version. Use 'dandi ls' to list available assets.)
2026-09-16T17:37:04Z INFO [911/2201] 5625afe1-7237-4dbd-a147-0ad1156a8a3d: valid; 2.6 s; peak memory 9887 MiB.
2026-09-16T17:37:06Z INFO [912/2201] 563910f4-ed9d-4f2b-81c8-975d29d7d79e: valid; 2.1 s; peak memory 9887 MiB.
2026-09-16T17:37:44Z INFO [913/2201] 56490fff-2380-4923-9b3c-c0079e936997: valid; 38.2 s; peak memory 9887 MiB.
2026-09-16T17:37:46Z INFO [914/2201] 564c8607-7c53-4823-a357-895c6c1a58c8: valid; 1.4 s; peak memory 9887 MiB.
2026-09-16T17:37:48Z INFO [915/2201] 5652b355-b6ed-4275-b509-bc00eec96f1b: valid; 2.2 s; peak memory 9887 MiB.
2026-09-16T17:37:50Z INFO [916/2201] 5667776e-244f-45b8-8d66-0fee8c81f3db: valid; 2.1 s; peak memory 9887 MiB.
2026-09-16T17:47:52Z INFO [917/2201] 568ee7da-0073-4def-aa8f-e17f1174608c: valid; 601.6 s; peak memory 10572 MiB.
2026-09-16T17:47:55Z INFO [918/2201] 569c5d60-fda2-4883-8f9c-94e0b1589cbb: valid; 3.5 s; peak memory 10572 MiB.
2026-09-16T17:47:57Z INFO [919/2201] 56b0c496-ee4a-4d42-b87b-34c76c7aa323: valid; 2.1 s; peak memory 10572 MiB.
2026-09-16T17:47:59Z INFO [920/2201] 56b7d2d1-6ad0-46c6-9ad1-fea27feebb2b: valid; 1.4 s; peak memory 10572 MiB.
2026-09-16T17:48:01Z INFO [921/2201] 56cb3de3-2f76-4e8a-8ca8-bf024a07e211: not valid; 2.0 s; peak memory 10572 MiB.
2026-09-16T17:48:03Z INFO [922/2201] 56d14e33-b6a0-42fd-9b0f-afc65b9b2506: valid; 2.3 s; peak memory 10572 MiB.
2026-09-16T17:48:05Z INFO [923/2201] 56dd335d-9609-4dbf-a2cd-002682855a77: valid; 1.6 s; peak memory 10572 MiB.
2026-09-16T17:48:06Z INFO [924/2201] 56f89f84-52e6-48c3-ab73-9b4fe43739f2: not valid; 1.5 s; peak memory 10572 MiB.
2026-09-16T17:48:21Z INFO [925/2201] 56ff05eb-a5c9-4244-aadb-9856e5f95596: valid; 14.5 s; peak memory 10572 MiB.
2026-09-16T17:48:22Z INFO [926/2201] 5706acff-ddaa-4bd5-a975-3c904ac04d9d: valid; 1.4 s; peak memory 10572 MiB.
2026-09-16T17:48:24Z INFO [927/2201] 571b0771-8d49-495c-aaa8-93eb00659314: not valid; 1.9 s; peak memory 10572 MiB.
2026-09-16T17:48:27Z INFO [928/2201] 573277b1-28e4-49b9-af60-a35bcc099cba: valid; 2.9 s; peak memory 10572 MiB.
2026-09-16T17:48:33Z INFO [929/2201] 57715287-715b-48d1-bcab-0a15359b56ee: valid; 6.4 s; peak memory 10572 MiB.
2026-09-16T17:48:35Z INFO [930/2201] 57ab900c-6ceb-4e02-ad5b-6ef59af95e66: not valid; 1.9 s; peak memory 10572 MiB.
2026-09-16T17:48:42Z INFO [931/2201] 57bac73d-92db-4b0f-b322-3a316f911aea: not valid; 6.5 s; peak memory 10572 MiB.
2026-09-16T17:48:42Z WARNING 57ce4d2f-3a2f-485b-8802-20ac71c4eefa: failed while retrieving asset information from the DANDI API (NotFoundError: No such Dandiset: 000948)
2026-09-16T17:48:45Z INFO [933/2201] 57d5f0ec-962e-4960-837f-b771201ea95b: valid; 2.7 s; peak memory 10572 MiB.
2026-09-16T17:48:47Z INFO [934/2201] 57de8a42-a4fe-4439-b4a5-f6df11024959: valid; 2.7 s; peak memory 10572 MiB.
2026-09-16T17:48:50Z INFO [935/2201] 57eb8883-b37b-4b24-9b36-3658304c6d64: valid; 2.4 s; peak memory 10572 MiB.
2026-09-16T17:48:51Z INFO [936/2201] 580f57ac-9f30-4994-b0cd-6b0ce679f387: not valid; 1.5 s; peak memory 10572 MiB.
2026-09-16T17:48:54Z INFO [937/2201] 584458fc-8735-453f-889f-83ee128263dc: valid; 2.5 s; peak memory 10572 MiB.
2026-09-16T17:48:55Z INFO [938/2201] 586bc938-de1c-4630-96a9-ccb95d90ac6e: valid; 1.5 s; peak memory 10572 MiB.
2026-09-16T17:54:26Z INFO [939/2201] 588a3e1d-b1ec-478e-b2a4-9851ff932ccf: valid; 330.4 s; peak memory 10572 MiB.
2026-09-16T17:54:27Z INFO [940/2201] 58a72c7d-d44d-4fc3-b911-3a22c574c19a: valid; 1.8 s; peak memory 10572 MiB.
2026-09-16T17:54:51Z INFO [941/2201] 58b87826-2581-401e-9fa8-5d6af2d64aeb: valid; 23.5 s; peak memory 10572 MiB.
2026-09-16T17:55:04Z INFO [942/2201] 58d7ecb2-98a2-4c2d-b0b0-18fc26a1e4bb: valid; 13.1 s; peak memory 10572 MiB.
2026-09-16T17:55:05Z INFO [943/2201] 58dde0f0-11bf-49d0-8f85-5e7fc36e70bb: valid; 1.3 s; peak memory 10572 MiB.
2026-09-16T17:55:07Z INFO [944/2201] 5902e78a-13dc-4130-a55c-1c488ed50030: not valid; 1.7 s; peak memory 10572 MiB.
2026-09-16T17:55:10Z INFO [945/2201] 59140dc5-5168-4a50-82ad-3845407f7da7: valid; 2.9 s; peak memory 10572 MiB.
2026-09-16T17:55:15Z INFO [946/2201] 594c9e38-1fe9-49c4-9383-f5c7ca06d3dd: not valid; 4.7 s; peak memory 10572 MiB.
2026-09-16T17:55:27Z INFO [947/2201] 59750804-c8ae-4f34-86e5-f247a54136c0: valid; 12.5 s; peak memory 10572 MiB.
2026-09-16T17:55:31Z INFO [948/2201] 597d5ed8-eeb4-4e1d-b7b0-3cff6a76f06c: valid; 3.4 s; peak memory 10572 MiB.
2026-09-16T17:55:35Z INFO [949/2201] 59a0b6b2-76dd-43a0-884e-8c00266e1434: not valid; 4.7 s; peak memory 10572 MiB.
2026-09-16T17:55:40Z INFO [950/2201] 59c03790-a180-4812-a1ba-898d6ee4fb44: valid; 5.1 s; peak memory 10572 MiB.
2026-09-16T17:55:41Z INFO [950/2201] 59c03790-a180-4812-a1ba-898d6ee4fb44: checkpointed 66010 records.
2026-09-16T17:55:52Z INFO [951/2201] 59ffc2c5-96de-4a2f-ab55-22e7d43dfc95: valid; 11.6 s; peak memory 10572 MiB.
2026-09-16T17:55:55Z INFO [952/2201] 5a053d3e-0cc8-49b5-89a1-390c00c6f902: valid; 3.0 s; peak memory 10572 MiB.
2026-09-16T17:55:57Z INFO [953/2201] 5a1857b6-dc2c-4e10-8b03-a4dd5509cf26: not valid; 1.8 s; peak memory 10572 MiB.
2026-09-16T17:56:07Z INFO [954/2201] 5a1b970d-9267-4cd0-b47c-569183ab946d: valid; 9.4 s; peak memory 10572 MiB.
2026-09-16T17:56:10Z INFO [955/2201] 5a2ff116-bf76-41fd-a37e-ae09d32a0254: valid; 3.3 s; peak memory 10572 MiB.
2026-09-16T17:56:13Z INFO [956/2201] 5a607609-7919-43da-8fe3-41fd541ae1c6: valid; 2.7 s; peak memory 10572 MiB.
2026-09-16T17:56:15Z INFO [957/2201] 5a64f600-6253-4e27-8b81-93dd333be77e: valid; 2.3 s; peak memory 10572 MiB.
2026-09-16T17:56:43Z INFO [958/2201] 5a651398-a119-4b02-b08e-0fbc96ad5426: valid; 27.8 s; peak memory 10572 MiB.
2026-09-16T17:56:47Z INFO [959/2201] 5a6e888e-bc73-422e-8b36-ac45a769b0ca: not valid; 4.3 s; peak memory 10572 MiB.
2026-09-16T17:56:50Z INFO [960/2201] 5a94861f-dddb-4589-9d32-3536ff97e4d4: valid; 3.0 s; peak memory 10572 MiB.
2026-09-16T17:56:52Z WARNING 5aa5c413-0eec-4bb3-8ae1-7a4964471e7f: failed while opening the NWB file (ConstructError: (root/acquisition/_iblmic_audioSpectrogram/bands GroupBuilder {'attributes': {'colnames': array(['freq'], dtype=object), 'description': 'spectogram frequencies', 'namespace': 'core', 'neurodata_type': 'FrequencyBandsTable', 'object_id': 'bd951b8f-a70e-4601-b03a-4f06413fb7ab'}, 'groups': {}, 'datasets': {'freq': root/acquisition/_iblmic_audioSpectrogram/bands/freq DatasetBuilder {'attributes': {'description': 'frequency value', 'namespace': 'hdmf-common', 'neurodata_type': 'VectorData', 'object_id': 'd0e90fab-8ade-44af-952b-abd09bd5ed47'}, 'data': <HDF5 dataset "freq": shape (257,), type "<f4">}, 'id': root/acquisition/_iblmic_audioSpectrogram/bands/id DatasetBuilder {'attributes': {'namespace': 'hdmf-common', 'neurodata_type': 'ElementIdentifiers', 'object_id': 'c183b3f5-983c-4c06-8555-3639086be3ee'}, 'data': <HDF5 dataset "id": shape (257,), type "<i4">}}, 'links': {}}, "Could not construct FrequencyBandsTable object due to: column must have the same number of rows as 'id'"))
2026-09-16T17:56:55Z INFO [962/2201] 5abee741-4e90-4092-8d12-5deaba02801d: valid; 3.3 s; peak memory 10572 MiB.
2026-09-16T17:56:58Z INFO [963/2201] 5acfc4b4-dd22-4615-99bc-1fd9abd8118f: valid; 3.3 s; peak memory 10572 MiB.
2026-09-16T17:57:01Z INFO [964/2201] 5ad4a9c9-123e-4473-b771-18a1300b19b3: not valid; 2.8 s; peak memory 10572 MiB.
2026-09-16T17:57:02Z INFO [965/2201] 5ae8e084-ab50-46c1-bbe8-dde837121584: valid; 1.2 s; peak memory 10572 MiB.
2026-09-16T17:57:04Z WARNING 5af3152a-883f-4ba5-902c-4864fab861e5: failed while opening the NWB file (ValueError: Cannot resolve included group spec 'electrodes' with data_type_inc 'ElectrodesTable' because a group spec with the same name already exists with data_type_inc 'DynamicTable', and data type 'DynamicTable' is not a child type of data type 'ElectrodesTable'.)
2026-09-16T17:57:11Z INFO [967/2201] 5bc64e21-92cc-46a1-a58d-5c6b78d6bbd0: valid; 7.2 s; peak memory 10572 MiB.
2026-09-16T17:57:14Z INFO [968/2201] 5bdd0f07-0bcd-48f8-b529-f2c897095056: valid; 2.9 s; peak memory 10572 MiB.
2026-09-16T17:57:16Z INFO [969/2201] 5c240fb6-2c14-489c-abf7-a11bbc0c89f1: valid; 1.9 s; peak memory 10572 MiB.
2026-09-16T17:57:18Z INFO [970/2201] 5c59efd5-72f4-46ac-9c62-b0f5f875933b: valid; 2.2 s; peak memory 10572 MiB.
2026-09-16T17:57:20Z INFO [971/2201] 5c5cbed9-ed6c-48f2-90c3-da9e8b0b4b82: valid; 1.5 s; peak memory 10572 MiB.
2026-09-16T17:57:21Z INFO [972/2201] 5c9120b4-4119-46ec-9b97-575352822da1: valid; 1.5 s; peak memory 10572 MiB.
2026-09-16T17:57:25Z INFO [973/2201] 5c9417c6-d133-473d-850a-5a7b028efe41: not valid; 3.5 s; peak memory 10572 MiB.
2026-09-16T17:57:39Z INFO [974/2201] 5ca6db34-d1ef-4bca-90ae-fe2f1d1711fe: valid; 14.4 s; peak memory 10572 MiB.
2026-09-16T17:57:42Z INFO [975/2201] 5caa4e87-36d8-479d-bf3d-017a64e4fe75: valid; 3.3 s; peak memory 10572 MiB.
2026-09-16T17:57:51Z INFO [976/2201] 5cb83180-9b58-4c42-91d4-6daae72f74a7: valid; 8.9 s; peak memory 10572 MiB.
2026-09-16T17:57:55Z INFO [977/2201] 5cc297b0-612b-4578-bd38-4d2fb9780c6b: not valid; 4.2 s; peak memory 10572 MiB.
2026-09-16T17:57:57Z INFO [978/2201] 5cd99981-793a-4c78-a63d-ebf67ded96fb: valid; 1.8 s; peak memory 10572 MiB.
2026-09-16T17:58:02Z INFO [979/2201] 5d175f8a-1097-414d-9a1d-fe0daa04457c: not valid; 4.3 s; peak memory 10572 MiB.
2026-09-16T17:58:08Z INFO [980/2201] 5d1cc121-370a-4e88-9e78-48169a2c4da3: not valid; 6.3 s; peak memory 10572 MiB.
2026-09-16T17:58:09Z INFO [981/2201] 5d4ad4fa-307e-4a52-8744-eedc641ec45e: valid; 1.5 s; peak memory 10572 MiB.
2026-09-16T17:58:11Z INFO [982/2201] 5d67645b-205a-41e2-9e55-2221c1708cff: valid; 1.4 s; peak memory 10572 MiB.
2026-09-16T17:58:12Z INFO [983/2201] 5d6fd734-9955-4be8-a10c-256605960348: valid; 1.8 s; peak memory 10572 MiB.
2026-09-16T17:58:22Z INFO [984/2201] 5d7f4138-6720-4fd4-97bd-d18d6fdbe868: valid; 9.9 s; peak memory 10572 MiB.
2026-09-16T17:58:24Z INFO [985/2201] 5da34f49-4e06-4ce4-a6aa-5a6dcd37fb52: valid; 1.6 s; peak memory 10572 MiB.
2026-09-16T17:58:28Z WARNING 5de57233-e35c-4a72-aa1d-e2dbf4afddb8: failed while opening the NWB file (ConstructError: (root/acquisition/_iblmic_audioSpectrogram/bands GroupBuilder {'attributes': {'colnames': array(['freq'], dtype=object), 'description': 'spectogram frequencies', 'namespace': 'core', 'neurodata_type': 'FrequencyBandsTable', 'object_id': '1dba4c92-b1ed-4144-aaa9-f0b5ff1bf535'}, 'groups': {}, 'datasets': {'freq': root/acquisition/_iblmic_audioSpectrogram/bands/freq DatasetBuilder {'attributes': {'description': 'frequency value', 'namespace': 'hdmf-common', 'neurodata_type': 'VectorData', 'object_id': 'c59fc0cb-22c8-4cc8-ae0a-da9908260550'}, 'data': <HDF5 dataset "freq": shape (257,), type "<f4">}, 'id': root/acquisition/_iblmic_audioSpectrogram/bands/id DatasetBuilder {'attributes': {'namespace': 'hdmf-common', 'neurodata_type': 'ElementIdentifiers', 'object_id': '7b8fa39f-f329-4137-b749-921e544dd6ca'}, 'data': <HDF5 dataset "id": shape (257,), type "<i4">}}, 'links': {}}, "Could not construct FrequencyBandsTable object due to: column must have the same number of rows as 'id'"))
2026-09-16T17:58:32Z INFO [987/2201] 5e0ccf85-0349-4309-a3ea-9475e2ba4086: valid; 3.5 s; peak memory 10572 MiB.
2026-09-16T17:58:38Z INFO [988/2201] 5e3a4e14-185f-47c2-8e7c-c515ca09fc7f: valid; 6.0 s; peak memory 10572 MiB.
2026-09-16T17:58:40Z INFO [989/2201] 5e578e3a-374e-48c4-bb03-47017e488bba: not valid; 2.0 s; peak memory 10572 MiB.
2026-09-16T17:58:42Z INFO [990/2201] 5e6a2676-d016-4282-833e-3fe0f5964e1f: valid; 2.7 s; peak memory 10572 MiB.
2026-09-16T17:58:45Z INFO [991/2201] 5e731c05-6f03-4b67-a0a6-8c73cf89c707: not valid; 2.6 s; peak memory 10572 MiB.
2026-09-16T17:58:46Z INFO [992/2201] 5e80214d-f438-42c9-90f8-54d7ff2eefe1: valid; 1.4 s; peak memory 10572 MiB.
2026-09-16T17:58:49Z INFO [993/2201] 5ea42931-f415-47b5-82f3-e23caf686a25: valid; 2.3 s; peak memory 10572 MiB.
2026-09-16T17:58:51Z INFO [994/2201] 5ede9ef8-27a4-481e-8a54-68392e0c1c4d: not valid; 2.5 s; peak memory 10572 MiB.
2026-09-16T17:58:53Z INFO [995/2201] 5f09a30f-708c-4bb7-82d3-a3d96510396b: valid; 2.3 s; peak memory 10572 MiB.
2026-09-16T17:58:56Z WARNING 5f27a0f6-8c93-4ae9-bf11-6d9af0c7210d: failed while opening the NWB file (ConstructError: (root/acquisition/_iblmic_audioSpectrogram/bands GroupBuilder {'attributes': {'colnames': array(['freq'], dtype=object), 'description': 'spectogram frequencies', 'namespace': 'core', 'neurodata_type': 'FrequencyBandsTable', 'object_id': 'd5f7a4ad-7e9f-4948-9c5f-0b47d87a829a'}, 'groups': {}, 'datasets': {'freq': root/acquisition/_iblmic_audioSpectrogram/bands/freq DatasetBuilder {'attributes': {'description': 'frequency value', 'namespace': 'hdmf-common', 'neurodata_type': 'VectorData', 'object_id': '1622f2a5-1afd-43d3-bf41-db0da93f5e41'}, 'data': <HDF5 dataset "freq": shape (257,), type "<f4">}, 'id': root/acquisition/_iblmic_audioSpectrogram/bands/id DatasetBuilder {'attributes': {'namespace': 'hdmf-common', 'neurodata_type': 'ElementIdentifiers', 'object_id': '1a48616f-e9de-4337-aca6-10f08c94f4f8'}, 'data': <HDF5 dataset "id": shape (257,), type "<i4">}}, 'links': {}}, "Could not construct FrequencyBandsTable object due to: column must have the same number of rows as 'id'"))
2026-09-16T17:58:58Z INFO [997/2201] 5f485778-5ce5-41dd-9273-402083f689ae: valid; 2.3 s; peak memory 10572 MiB.
2026-09-16T17:59:00Z INFO [998/2201] 5f4aa7be-db67-47ca-89ab-d23640ac48de: valid; 2.4 s; peak memory 10572 MiB.
2026-09-16T17:59:03Z INFO [999/2201] 5f651c3b-a5b8-4d9e-add6-e1185b7af998: valid; 2.3 s; peak memory 10572 MiB.
2026-09-16T17:59:04Z INFO [1000/2201] 5f781dac-77d9-405d-8d19-b0d610692177: valid; 1.2 s; peak memory 10572 MiB.
2026-09-16T17:59:04Z INFO [1000/2201] 5f781dac-77d9-405d-8d19-b0d610692177: checkpointed 66010 records.
2026-09-16T17:59:06Z INFO [1001/2201] 5f93d795-a7bd-47ee-9dd5-5d7d53628875: valid; 2.1 s; peak memory 10572 MiB.
2026-09-16T17:59:09Z INFO [1002/2201] 5faee495-771a-42db-bd4e-203aa6c38961: valid; 2.4 s; peak memory 10572 MiB.
2026-09-16T17:59:10Z INFO [1003/2201] 5fda9c87-714a-4216-830a-198b0cd78ecb: valid; 1.3 s; peak memory 10572 MiB.
2026-09-16T17:59:13Z WARNING 5fdc86cb-8178-4149-9746-de846a11c33d: failed while opening the NWB file (ConstructError: (root/general/optogenetics/PatternedOptogeneticStimulusSite GroupBuilder {'attributes': {'effector': 'GUR-3/PRDX-2', 'namespace': 'ndx-patterned-ogen', 'neurodata_type': 'PatternedOptogeneticStimulusSite', 'object_id': '77e86e5d-7315-4bc3-af33-2ecc9eb0d06c'}, 'groups': {}, 'datasets': {'description': root/general/optogenetics/PatternedOptogeneticStimulusSite/description DatasetBuilder {'attributes': {}, 'data': 'Scanning'}, 'excitation_lambda': root/general/optogenetics/PatternedOptogeneticStimulusSite/excitation_lambda DatasetBuilder {'attributes': {}, 'data': np.float64(850.0)}, 'location': root/general/optogenetics/PatternedOptogeneticStimulusSite/location DatasetBuilder {'attributes': {}, 'data': 'whole brain'}}, 'links': {'device': root/general/optogenetics/PatternedOptogeneticStimulusSite/device LinkBuilder {'builder': root/general/devices/OptogeneticDevice GroupBuilder {'attributes': {'description': '', 'namespace': 'core', 'neurodata_type': 'Device', 'object_id': '072c0e98-bb6a-4049-ba10-eb37b0dcc40a'}, 'groups': {}, 'datasets': {}, 'links': {}}}, 'light_source': root/general/optogenetics/PatternedOptogeneticStimulusSite/light_source LinkBuilder {'builder': root/general/devices/AmplifiedLaser GroupBuilder {'attributes': {'description': 'For two-photon optogenetic targeting, we used an optical parametric amplifier (OPA; Light Conversion ORPHEUS) pumped by a femtosecond amplified laser (Light Conversion PHAROS).', 'filter_description': 'Short pass at 1040 nm', 'manufacturer': 'Light Conversion', 'model': 'ORPHEUS amplifier and PHAROS laser', 'namespace': 'ndx-patterned-ogen', 'neurodata_type': 'LightSource', 'object_id': 'b2c91894-a96a-4d5f-9035-52e6c9d6498b', 'peak_power_in_W': np.float64(0.0012), 'pulse_rate_in_Hz': np.float64(500000.0), 'stimulation_wavelength_in_nm': np.float64(850.0)}, 'groups': {}, 'datasets': {}, 'links': {}}}}}, "Could not construct PatternedOptogeneticStimulusSite object due to: CustomClassGenerator.set_init.<locals>.__init__: incorrect type for 'spatial_light_modulator' (got 'list', expected 'Device')"))
2026-09-16T17:59:13Z WARNING 5fe3f023-0c60-4bc5-a08a-2e432688cbb8: failed while retrieving asset information from the DANDI API (NotFoundError: No asset at path 'sub-456772/sub-456772_ses-20191123T135013_behavior+ecephys+ogen.nwb' in version 0.231012.2129. Verify the path is correct and the asset exists in this version. Use 'dandi ls' to list available assets.)
2026-09-16T17:59:17Z INFO [1006/2201] 5fe8ceb9-aae3-41d7-a073-da0a88e27176: not valid; 3.9 s; peak memory 10572 MiB.
2026-09-16T17:59:20Z INFO [1007/2201] 5ff4c908-2621-44e1-bb3d-ed53595d7249: not valid; 3.6 s; peak memory 10572 MiB.
2026-09-16T17:59:26Z INFO [1008/2201] 5ff4f40d-71f8-4286-b38d-698dfa2d546c: not valid; 5.6 s; peak memory 10572 MiB.
2026-09-16T17:59:28Z INFO [1009/2201] 6020359c-f8d8-46f5-8f8f-5de11351634e: valid; 2.1 s; peak memory 10572 MiB.
2026-09-16T17:59:38Z INFO [1010/2201] 602934ae-b9ff-4f7e-8210-221e38b3733b: valid; 9.6 s; peak memory 10572 MiB.
2026-09-16T17:59:57Z INFO [1011/2201] 603ac060-4b73-4ab1-8221-8ee5a9113c05: valid; 19.3 s; peak memory 10572 MiB.
2026-09-16T17:59:59Z INFO [1012/2201] 607408ae-ec14-4a99-b06f-d8cd0faf7b38: valid; 1.6 s; peak memory 10572 MiB.
2026-09-16T18:00:18Z INFO [1013/2201] 60864d40-9614-46f7-8f84-9384366407e6: valid; 18.9 s; peak memory 10572 MiB.
2026-09-16T18:00:23Z INFO [1014/2201] 60aa4f78-04d9-4db8-a543-dc0687f69771: valid; 5.7 s; peak memory 10572 MiB.
2026-09-16T18:00:25Z WARNING 60bc69c8-9cca-4d08-b0c6-affce7cb3262: failed while opening the NWB file (ConstructError: (root/acquisition/_iblmic_audioSpectrogram/bands GroupBuilder {'attributes': {'colnames': array(['freq'], dtype=object), 'description': 'spectogram frequencies', 'namespace': 'core', 'neurodata_type': 'FrequencyBandsTable', 'object_id': '0e750a49-dcfa-4b32-8918-2c1177993f94'}, 'groups': {}, 'datasets': {'freq': root/acquisition/_iblmic_audioSpectrogram/bands/freq DatasetBuilder {'attributes': {'description': 'frequency value', 'namespace': 'hdmf-common', 'neurodata_type': 'VectorData', 'object_id': 'a9610264-39a0-4640-bce5-042df5f41421'}, 'data': <HDF5 dataset "freq": shape (257,), type "<f4">}, 'id': root/acquisition/_iblmic_audioSpectrogram/bands/id DatasetBuilder {'attributes': {'namespace': 'hdmf-common', 'neurodata_type': 'ElementIdentifiers', 'object_id': '078cba41-4a48-4db4-bcf6-50186a6c8c27'}, 'data': <HDF5 dataset "id": shape (257,), type "<i4">}}, 'links': {}}, "Could not construct FrequencyBandsTable object due to: column must have the same number of rows as 'id'"))
2026-09-16T18:00:27Z INFO [1016/2201] 60c2e081-93d3-431f-8300-71648635e2b4: valid; 1.6 s; peak memory 10572 MiB.
2026-09-16T18:00:58Z INFO [1017/2201] 60ca4d06-e8d3-480f-8490-f62159142b7d: valid; 31.0 s; peak memory 10572 MiB.
2026-09-16T18:01:00Z INFO [1018/2201] 60d5bb5a-604d-4c0a-bdb5-e2df966c5145: not valid; 1.8 s; peak memory 10572 MiB.
2026-09-16T18:01:21Z INFO [1019/2201] 60dd4264-b828-4cf2-89da-e181893a17cd: valid; 21.3 s; peak memory 10572 MiB.
2026-09-16T18:01:23Z INFO [1020/2201] 60dee87a-1727-4f45-b1ad-283eb2cc310b: not valid; 1.6 s; peak memory 10572 MiB.
2026-09-16T18:01:41Z INFO [1021/2201] 60e2e361-4ace-40a7-b567-eb695d63efd8: valid; 18.6 s; peak memory 10572 MiB.
2026-09-16T18:01:44Z INFO [1022/2201] 6103d989-8b32-46ba-846a-bc718aaf49eb: not valid; 2.6 s; peak memory 10572 MiB.
2026-09-16T18:01:45Z INFO [1023/2201] 6126d84f-879b-4d17-99d9-e090587330b5: valid; 1.5 s; peak memory 10572 MiB.
2026-09-16T18:01:47Z INFO [1024/2201] 612cfb94-51fb-4f56-8a9e-c83580de34b3: valid; 1.5 s; peak memory 10572 MiB.
2026-09-16T18:01:48Z INFO [1025/2201] 613dfc3f-e157-4170-b124-572c9fe2ba4b: not valid; 1.6 s; peak memory 10572 MiB.
2026-09-16T18:01:52Z INFO [1026/2201] 6163a852-fbfb-464c-a86f-09197d756436: valid; 3.5 s; peak memory 10572 MiB.
2026-09-16T18:01:53Z INFO [1027/2201] 61714da0-d2ba-468d-a5a9-372d29482501: valid; 1.3 s; peak memory 10572 MiB.
2026-09-16T18:01:55Z INFO [1028/2201] 6187f937-d4ea-4497-baad-6e2d82c4c451: valid; 1.6 s; peak memory 10572 MiB.
2026-09-16T18:01:57Z INFO [1029/2201] 6191da53-ade1-4695-a518-0e4150785dfc: valid; 2.3 s; peak memory 10572 MiB.
2026-09-16T18:02:00Z INFO [1030/2201] 61baee6d-7bfe-4761-b475-9596a3169329: valid; 2.8 s; peak memory 10572 MiB.
2026-09-16T18:02:22Z INFO [1031/2201] 61c12ec8-c148-48f3-8433-de96f76ec9e2: not valid; 21.7 s; peak memory 10572 MiB.
2026-09-16T18:02:23Z INFO [1032/2201] 61f10452-7c77-43e9-9ad4-34aadafef51b: valid; 1.3 s; peak memory 10572 MiB.
2026-09-16T18:02:32Z INFO [1033/2201] 61f480a1-cb4f-46f3-a258-99c2a50572fc: valid; 8.7 s; peak memory 10572 MiB.
2026-09-16T18:02:47Z INFO [1034/2201] 62013218-421f-439b-aac8-fdbd8779d7ff: valid; 15.1 s; peak memory 10572 MiB.
2026-09-16T18:03:05Z INFO [1035/2201] 6202c5ba-fcd2-4c5b-873f-b8f0eac08f28: valid; 17.9 s; peak memory 10572 MiB.
2026-09-16T18:03:07Z INFO [1036/2201] 620d0df7-bf37-4899-bc44-a425233a9778: not valid; 2.0 s; peak memory 10572 MiB.
2026-09-16T18:03:27Z INFO [1037/2201] 6269e406-d13f-4631-964b-06301c36685f: valid; 20.4 s; peak memory 10572 MiB.
2026-09-16T18:03:29Z INFO [1038/2201] 628fb1b7-05f5-4b6e-8e2a-f412b62a33c4: not valid; 2.2 s; peak memory 10572 MiB.
2026-09-16T18:03:31Z INFO [1039/2201] 62adb1ba-29ee-4766-b9f5-ca945bdcd4b6: valid; 1.4 s; peak memory 10572 MiB.
2026-09-16T18:03:33Z WARNING 62d0f711-abab-4bea-b6a6-c44dc2ddd710: failed while opening the NWB file (ConstructError: (root/acquisition/_iblmic_audioSpectrogram/bands GroupBuilder {'attributes': {'colnames': array(['freq'], dtype=object), 'description': 'spectogram frequencies', 'namespace': 'core', 'neurodata_type': 'FrequencyBandsTable', 'object_id': '16309891-9203-44b0-a36d-eede033b665b'}, 'groups': {}, 'datasets': {'freq': root/acquisition/_iblmic_audioSpectrogram/bands/freq DatasetBuilder {'attributes': {'description': 'frequency value', 'namespace': 'hdmf-common', 'neurodata_type': 'VectorData', 'object_id': '6486a660-7d35-4cf4-94bc-70e2e6671955'}, 'data': <HDF5 dataset "freq": shape (257,), type "<f4">}, 'id': root/acquisition/_iblmic_audioSpectrogram/bands/id DatasetBuilder {'attributes': {'namespace': 'hdmf-common', 'neurodata_type': 'ElementIdentifiers', 'object_id': '77cfce22-3119-4ab9-aaa2-425d4123d73d'}, 'data': <HDF5 dataset "id": shape (257,), type "<i4">}}, 'links': {}}, "Could not construct FrequencyBandsTable object due to: column must have the same number of rows as 'id'"))
2026-09-16T18:03:54Z INFO [1041/2201] 62ea5b32-c35a-4113-975d-76aaf8ce9523: valid; 20.5 s; peak memory 10572 MiB.
2026-09-16T18:03:56Z INFO [1042/2201] 636e671c-48a9-43cb-aba1-2aae80e90405: not valid; 1.8 s; peak memory 10572 MiB.
2026-09-16T18:03:57Z INFO [1043/2201] 63704b49-7aa7-4993-b3a7-bc3b506fc2b2: valid; 1.9 s; peak memory 10572 MiB.
2026-09-16T18:04:00Z INFO [1044/2201] 6374eb24-46c0-4bab-ad94-22c5dd8bb0ab: valid; 2.3 s; peak memory 10572 MiB.
2026-09-16T18:04:01Z INFO [1045/2201] 637ed991-bf70-44f9-8558-b7aa6c95baff: valid; 1.5 s; peak memory 10572 MiB.
2026-09-16T18:04:03Z INFO [1046/2201] 6385557f-6f4a-4b4b-9ec6-04a9a334bb0d: valid; 1.3 s; peak memory 10572 MiB.
2026-09-16T18:04:03Z WARNING 638d46c7-bbc6-4264-a061-f76a1e8da8dd: failed while retrieving asset information from the DANDI API (NotFoundError: No asset at path 'sub-parkinson-simulated-beta/sub-parkinson-simulated-beta_ses-3663_ecephys.nwb' in version 0.250327.2220. Verify the path is correct and the asset exists in this version. Use 'dandi ls' to list available assets.)
2026-09-16T18:04:08Z INFO [1048/2201] 63c2e128-a770-4ef8-8b72-bda4cc0da38e: valid; 5.9 s; peak memory 10572 MiB.
2026-09-16T18:04:11Z INFO [1049/2201] 64127e19-88f5-40a2-b199-0bc754609539: valid; 2.2 s; peak memory 10572 MiB.
2026-09-16T18:04:36Z INFO [1050/2201] 64452215-88b7-4bfb-b784-51e1709afe68: valid; 25.3 s; peak memory 10572 MiB.
2026-09-16T18:04:36Z INFO [1050/2201] 64452215-88b7-4bfb-b784-51e1709afe68: checkpointed 66010 records.
2026-09-16T18:04:38Z INFO [1051/2201] 64896ee8-f3ea-4db9-ab76-9bb9ab23d82a: valid; 1.6 s; peak memory 10572 MiB.
2026-09-16T18:04:43Z INFO [1052/2201] 64900986-e820-41fc-a6b2-5191a97453b1: not valid; 4.8 s; peak memory 10572 MiB.
2026-09-16T18:04:45Z INFO [1053/2201] 64e714cb-76c3-4ffa-8135-bbf756866b6b: not valid; 2.1 s; peak memory 10572 MiB.
2026-09-16T18:04:47Z INFO [1054/2201] 6536ebc9-cade-414d-b6da-17c26709917c: not valid; 2.3 s; peak memory 10572 MiB.
2026-09-16T18:04:52Z INFO [1055/2201] 658e79db-16a8-45ca-8e6e-9d91acf5eaf0: not valid; 4.7 s; peak memory 10572 MiB.
2026-09-16T18:04:53Z INFO [1056/2201] 658f877e-54c9-4702-a768-4d426c1d81ab: not valid; 1.1 s; peak memory 10572 MiB.
2026-09-16T18:04:55Z INFO [1057/2201] 6598d231-f543-4979-9b87-31d58a3dcf6e: valid; 2.2 s; peak memory 10572 MiB.
2026-09-16T18:05:12Z INFO [1058/2201] 65b2fe2a-c694-435f-afc9-b0c1be53eb1d: valid; 16.7 s; peak memory 10572 MiB.
2026-09-16T18:05:14Z INFO [1059/2201] 65e8a62d-366c-42f4-88f9-1a6b008a29a2: not valid; 2.0 s; peak memory 10572 MiB.
2026-09-16T18:05:16Z INFO [1060/2201] 6602c4a7-395c-4c52-88ed-1f705eb5e927: valid; 2.1 s; peak memory 10572 MiB.
2026-09-16T18:05:18Z INFO [1061/2201] 6625fca6-0d3b-456d-af77-dd6a5e0ca0d6: valid; 2.1 s; peak memory 10572 MiB.
2026-09-16T18:05:23Z INFO [1062/2201] 663111de-57b9-4645-a2d9-5aba69274236: not valid; 4.9 s; peak memory 10572 MiB.
2026-09-16T18:05:26Z INFO [1063/2201] 663a03f1-7f5c-481c-bf15-177b01173856: valid; 3.2 s; peak memory 10572 MiB.
2026-09-16T18:05:33Z INFO [1064/2201] 6657a9db-0083-4fc5-871f-0f42d8a23937: not valid; 6.3 s; peak memory 10572 MiB.
2026-09-16T18:05:34Z INFO [1065/2201] 667453ff-278f-4967-a0a5-32647b83f617: not valid; 1.7 s; peak memory 10572 MiB.
2026-09-16T18:05:37Z INFO [1066/2201] 66847267-8baa-401b-8bcb-a206c9bc63d1: valid; 2.7 s; peak memory 10572 MiB.
2026-09-16T18:05:41Z INFO [1067/2201] 66b0f525-317d-48c6-8d3a-c0ea1c3bca4e: valid; 4.4 s; peak memory 10572 MiB.
2026-09-16T18:05:44Z WARNING 66e26199-e3b8-4b81-aa97-f310a552457d: failed while opening the NWB file (ConstructError: (root/acquisition/_iblmic_audioSpectrogram/bands GroupBuilder {'attributes': {'colnames': array(['freq'], dtype=object), 'description': 'spectogram frequencies', 'namespace': 'core', 'neurodata_type': 'FrequencyBandsTable', 'object_id': 'cbe7c7c2-d397-47c8-b0c3-33d5f923d59e'}, 'groups': {}, 'datasets': {'freq': root/acquisition/_iblmic_audioSpectrogram/bands/freq DatasetBuilder {'attributes': {'description': 'frequency value', 'namespace': 'hdmf-common', 'neurodata_type': 'VectorData', 'object_id': '65c1dd66-7e84-48b9-b121-37556c7fbea3'}, 'data': <HDF5 dataset "freq": shape (257,), type "<f4">}, 'id': root/acquisition/_iblmic_audioSpectrogram/bands/id DatasetBuilder {'attributes': {'namespace': 'hdmf-common', 'neurodata_type': 'ElementIdentifiers', 'object_id': '0901bc38-140e-48d7-804a-48e2a433c897'}, 'data': <HDF5 dataset "id": shape (257,), type "<i4">}}, 'links': {}}, "Could not construct FrequencyBandsTable object due to: column must have the same number of rows as 'id'"))
2026-09-16T18:05:49Z INFO [1069/2201] 673cb437-76a3-4790-adf7-88dc0e7028e0: not valid; 4.4 s; peak memory 10572 MiB.
2026-09-16T18:05:50Z INFO [1070/2201] 6757bccd-614e-45f8-b225-860f77ef2107: valid; 1.2 s; peak memory 10572 MiB.
2026-09-16T18:05:51Z INFO [1071/2201] 678c7021-b1b1-45ab-9d41-e054893502b7: valid; 1.5 s; peak memory 10572 MiB.
2026-09-16T18:06:29Z INFO [1072/2201] 67e07c2b-3730-4859-833e-2c2b56fb4ac1: not valid; 37.9 s; peak memory 10572 MiB.
2026-09-16T18:06:31Z WARNING 67ec156a-a3a0-4bf0-ac25-49d92dbc50a9: failed while opening the NWB file (ValueError: Cannot resolve included group spec 'electrodes' with data_type_inc 'ElectrodesTable' because a group spec with the same name already exists with data_type_inc 'DynamicTable', and data type 'DynamicTable' is not a child type of data type 'ElectrodesTable'.)
2026-09-16T18:06:32Z INFO [1074/2201] 6803d32c-9848-4384-9043-c1915b060e7e: valid; 1.3 s; peak memory 10572 MiB.
2026-09-16T18:06:34Z INFO [1075/2201] 689e6085-2041-43ed-8018-13c07d7606b9: valid; 1.4 s; peak memory 10572 MiB.
2026-09-16T18:06:35Z INFO [1076/2201] 68dbe344-bc7e-4eef-825e-351a914d8a53: not valid; 1.8 s; peak memory 10572 MiB.
2026-09-16T18:06:38Z INFO [1077/2201] 68fe1173-69de-4b5b-9add-a8f26193c6b4: valid; 2.6 s; peak memory 10572 MiB.
2026-09-16T18:06:41Z INFO [1078/2201] 6903630b-b349-470a-b198-62e82f4d316d: valid; 2.6 s; peak memory 10572 MiB.
2026-09-16T18:06:42Z INFO [1079/2201] 690ff309-7f4b-4ec0-ac7a-1570fea6f01c: valid; 1.7 s; peak memory 10572 MiB.
2026-09-16T18:06:46Z INFO [1080/2201] 69801298-9183-4e86-a8e4-c746432a79cc: not valid; 4.2 s; peak memory 10572 MiB.
2026-09-16T18:06:50Z INFO [1081/2201] 698f5f42-9c14-4587-bed1-58422b423a1a: not valid; 3.5 s; peak memory 10572 MiB.
2026-09-16T18:06:53Z INFO [1082/2201] 69c1f6f2-ec87-41bb-802c-b1a904a5652a: not valid; 3.3 s; peak memory 10572 MiB.
2026-09-16T18:06:56Z INFO [1083/2201] 69c2312b-249b-4fd0-b636-37284b11c6c9: valid; 3.1 s; peak memory 10572 MiB.
2026-09-16T18:06:58Z INFO [1084/2201] 69d1658e-acde-466e-849a-dadf5fe38359: not valid; 1.9 s; peak memory 10572 MiB.
2026-09-16T18:07:01Z INFO [1085/2201] 69e4bb52-61b7-4592-8743-44ab0f1171a9: valid; 2.4 s; peak memory 10572 MiB.
2026-09-16T18:07:03Z INFO [1086/2201] 6a0159b8-6d6e-48ad-ac81-66408c0c2330: valid; 2.2 s; peak memory 10572 MiB.
2026-09-16T18:07:04Z INFO [1087/2201] 6a1841f7-c258-4ad4-b805-e347c91ea4cd: valid; 1.4 s; peak memory 10572 MiB.
2026-09-16T18:07:07Z WARNING 6a228dba-55c3-4190-b157-8d062445f69c: failed while opening the NWB file (ConstructError: (root/acquisition/_iblmic_audioSpectrogram/bands GroupBuilder {'attributes': {'colnames': array(['freq'], dtype=object), 'description': 'spectogram frequencies', 'namespace': 'core', 'neurodata_type': 'FrequencyBandsTable', 'object_id': 'f14f84f8-121f-4d00-8683-c823aea39acc'}, 'groups': {}, 'datasets': {'freq': root/acquisition/_iblmic_audioSpectrogram/bands/freq DatasetBuilder {'attributes': {'description': 'frequency value', 'namespace': 'hdmf-common', 'neurodata_type': 'VectorData', 'object_id': '7865e64d-b9f5-4aa5-911c-43105797285d'}, 'data': <HDF5 dataset "freq": shape (257,), type "<f4">}, 'id': root/acquisition/_iblmic_audioSpectrogram/bands/id DatasetBuilder {'attributes': {'namespace': 'hdmf-common', 'neurodata_type': 'ElementIdentifiers', 'object_id': '590e506f-9c53-47af-8347-855e27197489'}, 'data': <HDF5 dataset "id": shape (257,), type "<i4">}}, 'links': {}}, "Could not construct FrequencyBandsTable object due to: column must have the same number of rows as 'id'"))
2026-09-16T18:07:08Z INFO [1089/2201] 6a23e5c3-610b-41a1-a3b3-a4e03cf2010f: valid; 1.3 s; peak memory 10572 MiB.
2026-09-16T18:07:12Z INFO [1090/2201] 6a46b41a-41a8-4c1c-a130-8f3bf800fd8a: not valid; 3.6 s; peak memory 10572 MiB.
2026-09-16T18:07:14Z INFO [1091/2201] 6a485f9a-0b29-4c1d-aa5c-681b62b09cbc: valid; 2.3 s; peak memory 10572 MiB.
2026-09-16T18:07:16Z INFO [1092/2201] 6a72572d-53c9-4a62-8483-571ec9740aa2: valid; 2.7 s; peak memory 10572 MiB.
2026-09-16T18:07:19Z INFO [1093/2201] 6a831ab8-8639-437d-b6e4-5ad90bd01ade: valid; 2.3 s; peak memory 10572 MiB.
2026-09-16T18:07:22Z INFO [1094/2201] 6aa5647a-7783-41d6-a809-acb3c2e27a02: valid; 2.8 s; peak memory 10572 MiB.
2026-09-16T18:07:23Z INFO [1095/2201] 6aa96887-0dce-41cf-a6d6-1345576ff2d8: not valid; 1.7 s; peak memory 10572 MiB.
2026-09-16T18:07:26Z INFO [1096/2201] 6af7184d-afde-42e4-8be3-e00d160a8c1e: valid; 2.6 s; peak memory 10572 MiB.
2026-09-16T18:07:28Z INFO [1097/2201] 6b6080b7-8887-46de-a72e-a30624be521f: valid; 2.2 s; peak memory 10572 MiB.
2026-09-16T18:07:30Z INFO [1098/2201] 6b6eee20-5351-4015-8432-c0aef6d66793: not valid; 2.2 s; peak memory 10572 MiB.
2026-09-16T18:07:33Z INFO [1099/2201] 6b9f3b55-6237-44fe-83f8-a70d566fa95e: valid; 2.8 s; peak memory 10572 MiB.
2026-09-16T18:07:38Z INFO [1100/2201] 6bba2655-24b3-4815-9910-82bee7aed2dc: not valid; 4.6 s; peak memory 10572 MiB.
2026-09-16T18:07:38Z INFO [1100/2201] 6bba2655-24b3-4815-9910-82bee7aed2dc: checkpointed 66010 records.
2026-09-16T18:08:24Z INFO [1101/2201] 6bcd458c-c203-4e98-aaf7-4661557b6122: valid; 46.0 s; peak memory 10572 MiB.
2026-09-16T18:08:29Z INFO [1102/2201] 6bd2558a-5d6f-448e-a997-e56212256b5d: valid; 4.6 s; peak memory 10572 MiB.
2026-09-16T18:08:30Z INFO [1103/2201] 6bd86f78-633a-4a15-b50e-c8d2351757f7: not valid; 1.8 s; peak memory 10572 MiB.
2026-09-16T18:08:48Z INFO [1104/2201] 6bd8c92b-fde6-46fb-b6ce-8ca15ccea304: valid; 17.5 s; peak memory 10572 MiB.
2026-09-16T18:08:52Z INFO [1105/2201] 6bdabba2-1785-47a7-a598-de95b5a88b56: valid; 3.5 s; peak memory 10572 MiB.
2026-09-16T18:08:53Z INFO [1106/2201] 6bec29a3-7535-42df-8cb9-75a335f6fe5f: valid; 1.8 s; peak memory 10572 MiB.
2026-09-16T18:09:08Z INFO [1107/2201] 6bed3e54-579b-4792-94b9-7c721dceb945: valid; 15.0 s; peak memory 10572 MiB.
2026-09-16T18:09:10Z INFO [1108/2201] 6c588a56-91e8-4568-a56b-d22c0466532b: not valid; 2.1 s; peak memory 10572 MiB.
2026-09-16T18:09:13Z INFO [1109/2201] 6c7a5a42-fddf-4428-83f2-345c6b831611: not valid; 3.1 s; peak memory 10572 MiB.
2026-09-16T18:09:15Z INFO [1110/2201] 6c9cebb0-fc2b-45fa-b028-28965a9399ff: not valid; 1.7 s; peak memory 10572 MiB.
2026-09-16T18:09:17Z INFO [1111/2201] 6ca792b4-b570-4697-9d83-9e0c0ec74078: valid; 1.4 s; peak memory 10572 MiB.
2026-09-16T18:09:41Z INFO [1112/2201] 6cb675f3-6a6b-40fd-ac27-acc85b3d2dd0: valid; 24.7 s; peak memory 10572 MiB.
2026-09-16T18:09:43Z INFO [1113/2201] 6cdecd66-460e-42f9-96c1-c899c803d758: not valid; 1.6 s; peak memory 10572 MiB.
2026-09-16T18:09:46Z INFO [1114/2201] 6cfad20b-af16-4f91-888e-52229596516a: valid; 3.2 s; peak memory 10572 MiB.
2026-09-16T18:09:49Z INFO [1115/2201] 6cfca64b-daab-410e-8553-0dc707d60fe2: valid; 3.4 s; peak memory 10572 MiB.
2026-09-16T18:09:51Z INFO [1116/2201] 6d0a2365-5e11-4230-a2df-030002eb5f54: valid; 1.3 s; peak memory 10572 MiB.
2026-09-16T18:09:53Z INFO [1117/2201] 6d156312-cc0b-4947-8aff-00f6cb321299: valid; 2.1 s; peak memory 10572 MiB.
2026-09-16T18:09:55Z INFO [1118/2201] 6d2ce926-42e4-48bc-9063-ca357e6342c1: valid; 1.8 s; peak memory 10572 MiB.
2026-09-16T18:09:56Z INFO [1119/2201] 6d3fb0c1-c741-425f-a8f8-8bc6ca612c10: not valid; 1.7 s; peak memory 10572 MiB.
2026-09-16T18:09:59Z INFO [1120/2201] 6d433965-4bcb-4cdd-bfce-c1a614d48bfc: valid; 2.3 s; peak memory 10572 MiB.
2026-09-16T18:10:03Z INFO [1121/2201] 6d4ae803-0839-4023-a635-ac917e1be1d6: not valid; 4.4 s; peak memory 10572 MiB.
2026-09-16T18:10:05Z INFO [1122/2201] 6d5b3151-94d3-47dc-bac0-206378d7a997: not valid; 2.4 s; peak memory 10572 MiB.
2026-09-16T18:10:08Z INFO [1123/2201] 6d74ad70-7ec2-40a9-8a19-e9bf06e020c5: valid; 3.0 s; peak memory 10572 MiB.
2026-09-16T18:10:11Z INFO [1124/2201] 6da71b97-c99d-46e7-9787-e9a98062810a: valid; 2.5 s; peak memory 10572 MiB.
2026-09-16T18:10:13Z INFO [1125/2201] 6dabfd0b-86ad-41c4-9859-f683ae120996: valid; 2.3 s; peak memory 10572 MiB.
2026-09-16T18:10:15Z INFO [1126/2201] 6dbc5f35-07a6-4db8-9dd2-f3853b6c6a16: valid; 1.9 s; peak memory 10572 MiB.
2026-09-16T18:10:16Z INFO [1127/2201] 6e06018f-73f1-47f7-a167-723ddb944be0: valid; 1.4 s; peak memory 10572 MiB.
2026-09-16T18:10:18Z INFO [1128/2201] 6e127028-81ad-4595-a66b-6677c6704b32: valid; 1.4 s; peak memory 10572 MiB.
2026-09-16T18:10:20Z INFO [1129/2201] 6e1b0d80-ec5f-4b54-bd82-187e1d53fdd1: not valid; 2.3 s; peak memory 10572 MiB.
2026-09-16T18:10:22Z INFO [1130/2201] 6e4f7941-195b-4d8a-8e00-023d09ee5d75: not valid; 1.8 s; peak memory 10572 MiB.
2026-09-16T18:10:27Z INFO [1131/2201] 6eb0e65e-981b-4d81-a730-3d9b5865c4a8: not valid; 5.3 s; peak memory 10572 MiB.
2026-09-16T18:10:48Z INFO [1132/2201] 6eb4bc04-5834-466e-8eb3-d75da774f811: valid; 20.7 s; peak memory 10572 MiB.
2026-09-16T18:10:51Z INFO [1133/2201] 6ed1ba6a-c872-4005-8bf1-b480f650ce17: valid; 2.8 s; peak memory 10572 MiB.
2026-09-16T18:10:53Z INFO [1134/2201] 6ee144ce-6128-4b3e-9517-6b7a1dfabae4: valid; 2.8 s; peak memory 10572 MiB.
2026-09-16T18:10:55Z INFO [1135/2201] 6ef2b113-4ec1-4354-b678-6482e32cde3c: valid; 1.6 s; peak memory 10572 MiB.
2026-09-16T18:10:56Z INFO [1136/2201] 6f293dfe-17c7-4f69-811c-73c567da842b: valid; 1.4 s; peak memory 10572 MiB.
2026-09-16T18:10:58Z INFO [1137/2201] 6f3044b2-da68-4813-a828-1309509cb73d: not valid; 1.9 s; peak memory 10572 MiB.
2026-09-16T18:11:01Z INFO [1138/2201] 6f3134cd-4577-4581-bd10-bee0f7f2d6c6: valid; 2.7 s; peak memory 10572 MiB.
2026-09-16T18:11:03Z INFO [1139/2201] 6f3ff95d-7227-4b95-b10a-fc3ecaf50eb0: valid; 2.3 s; peak memory 10572 MiB.
2026-09-16T18:11:05Z WARNING 6f7b3d3c-13cf-47d6-b77e-9ebf743371d5: failed while opening the NWB file (ConstructError: (root/acquisition/_iblmic_audioSpectrogram/bands GroupBuilder {'attributes': {'colnames': array(['freq'], dtype=object), 'description': 'spectogram frequencies', 'namespace': 'core', 'neurodata_type': 'FrequencyBandsTable', 'object_id': 'ff6457ba-0373-455f-8d2c-94d75195b8dc'}, 'groups': {}, 'datasets': {'freq': root/acquisition/_iblmic_audioSpectrogram/bands/freq DatasetBuilder {'attributes': {'description': 'frequency value', 'namespace': 'hdmf-common', 'neurodata_type': 'VectorData', 'object_id': '8113e024-90a4-4e67-bc5c-f98c39151675'}, 'data': <HDF5 dataset "freq": shape (257,), type "<f4">}, 'id': root/acquisition/_iblmic_audioSpectrogram/bands/id DatasetBuilder {'attributes': {'namespace': 'hdmf-common', 'neurodata_type': 'ElementIdentifiers', 'object_id': 'a29a9233-0df2-4627-a031-62132d4e3aad'}, 'data': <HDF5 dataset "id": shape (257,), type "<i4">}}, 'links': {}}, "Could not construct FrequencyBandsTable object due to: column must have the same number of rows as 'id'"))
2026-09-16T18:11:09Z INFO [1141/2201] 6f86718c-db92-409d-90c9-1367ba672d6f: not valid; 4.3 s; peak memory 10572 MiB.
2026-09-16T18:11:10Z WARNING 6fba0a9f-b844-45ab-8a38-ebb5764b202f: failed while retrieving asset information from the DANDI API (NotFoundError: No asset at path 'sub-parkinson-simulated-lfp/sub-parkinson-simulated-lfp_ses-8350_ecephys.nwb' in version 0.250327.2220. Verify the path is correct and the asset exists in this version. Use 'dandi ls' to list available assets.)
2026-09-16T18:11:13Z INFO [1143/2201] 6fe7d91c-f29c-4030-879d-f47abf3c601e: valid; 3.3 s; peak memory 10572 MiB.
2026-09-16T18:11:14Z INFO [1144/2201] 6ff2a079-8fb1-48d5-96a3-d401689ea767: not valid; 1.5 s; peak memory 10572 MiB.
2026-09-16T18:11:16Z INFO [1145/2201] 7007878e-7193-4719-a902-2f417d94ecb4: valid; 1.5 s; peak memory 10572 MiB.
2026-09-16T18:11:21Z INFO [1146/2201] 7007ac36-6621-4167-b9e6-7fe3f8a30590: valid; 4.7 s; peak memory 10572 MiB.
2026-09-16T18:11:22Z INFO [1147/2201] 7022d47b-39ba-47fb-9041-76ec3166ce03: not valid; 1.7 s; peak memory 10572 MiB.
2026-09-16T18:11:25Z INFO [1148/2201] 704f6b3d-4707-4108-a740-7881af4adb97: valid; 2.3 s; peak memory 10572 MiB.
2026-09-16T18:11:28Z INFO [1149/2201] 705a1fe0-e305-467c-9bc0-611dd08e7f22: valid; 3.3 s; peak memory 10572 MiB.
2026-09-16T18:11:31Z INFO [1150/2201] 705d5bd1-c693-4fa1-8e6f-03188ae092cd: valid; 3.2 s; peak memory 10572 MiB.
2026-09-16T18:11:32Z INFO [1150/2201] 705d5bd1-c693-4fa1-8e6f-03188ae092cd: checkpointed 66010 records.
2026-09-16T18:11:44Z INFO [1151/2201] 7088875c-ef4b-4250-99e4-0f19e9ffc802: valid; 12.0 s; peak memory 10572 MiB.
2026-09-16T18:11:45Z INFO [1152/2201] 70a520a0-3410-40f8-9ad9-f036d73d1d0e: valid; 1.4 s; peak memory 10572 MiB.
2026-09-16T18:11:46Z INFO [1153/2201] 70a8362f-b0d9-49de-a0dd-561d5f40f673: valid; 1.4 s; peak memory 10572 MiB.
2026-09-16T18:11:48Z INFO [1154/2201] 70e9c350-6211-4643-a48e-562104a8eb7c: valid; 1.4 s; peak memory 10572 MiB.
2026-09-16T18:12:05Z INFO [1155/2201] 70f9e85b-e6c8-4b56-88f2-15405f73fb65: valid; 16.8 s; peak memory 10572 MiB.
2026-09-16T18:12:21Z INFO [1156/2201] 711c16ab-83df-4d29-b26d-4c1533142538: valid; 16.5 s; peak memory 10572 MiB.
2026-09-16T18:12:25Z INFO [1157/2201] 7154c323-25ae-4189-8387-592a5a1f5b83: not valid; 3.6 s; peak memory 10572 MiB.
2026-09-16T18:12:27Z INFO [1158/2201] 718546b5-6a16-4c70-8129-982e46669ef0: valid; 2.2 s; peak memory 10572 MiB.
2026-09-16T18:12:31Z INFO [1159/2201] 7189fe1d-ba2a-4034-ad56-9906a7632d8f: valid; 3.8 s; peak memory 10572 MiB.
2026-09-16T18:12:32Z INFO [1160/2201] 71990ece-3d58-427b-a7b8-032a0d88b7ca: valid; 1.5 s; peak memory 10572 MiB.
2026-09-16T18:12:58Z INFO [1161/2201] 71a43882-b5e4-4572-a07e-0deca8971151: valid; 25.6 s; peak memory 10572 MiB.
2026-09-16T18:12:59Z INFO [1162/2201] 71da8ee0-3ec2-49b9-84eb-f5daa9743f0a: valid; 1.7 s; peak memory 10572 MiB.
2026-09-16T18:13:01Z INFO [1163/2201] 71ebefb1-be1e-40c1-98f7-cb1391627a34: valid; 1.5 s; peak memory 10572 MiB.
2026-09-16T18:13:03Z INFO [1164/2201] 71f38249-b306-4c33-b9b0-972ac68a51ca: valid; 2.5 s; peak memory 10572 MiB.
2026-09-16T18:13:11Z INFO [1165/2201] 721a57fe-f088-4531-9765-f5686ac45895: valid; 8.1 s; peak memory 10572 MiB.
2026-09-16T18:13:14Z INFO [1166/2201] 722ac34f-f964-46a4-889b-33b8d7f4b47d: not valid; 3.0 s; peak memory 10572 MiB.
2026-09-16T18:13:19Z INFO [1167/2201] 7275099f-04ab-4a89-8496-eb93af779dc3: not valid; 5.0 s; peak memory 10572 MiB.
2026-09-16T18:13:40Z INFO [1168/2201] 727a9383-7286-4e93-ba64-75eb61da977f: valid; 21.0 s; peak memory 10572 MiB.
2026-09-16T18:13:45Z INFO [1169/2201] 72bb1816-a59e-4b64-b706-dba1991768cc: valid; 4.8 s; peak memory 10572 MiB.
2026-09-16T18:13:48Z INFO [1170/2201] 72e4d129-945f-4009-b972-9606d7d386fc: valid; 2.3 s; peak memory 10572 MiB.
2026-09-16T18:14:00Z INFO [1171/2201] 735024b3-fb2c-4d62-bd0b-a9f2ca655517: valid; 12.0 s; peak memory 10572 MiB.
2026-09-16T18:14:03Z INFO [1172/2201] 7359b3fa-6ddb-45bb-bfe7-718631067df5: valid; 3.6 s; peak memory 10572 MiB.
2026-09-16T18:14:19Z INFO [1173/2201] 73c36d20-1dbb-4e63-868c-e05b2f49a7db: valid; 15.6 s; peak memory 10572 MiB.
2026-09-16T18:14:21Z INFO [1174/2201] 73e92626-c5ed-49bd-91b2-ef85e3ef1f04: valid; 2.7 s; peak memory 10572 MiB.
2026-09-16T18:14:23Z INFO [1175/2201] 73fed769-581f-4c6c-890d-757de0b1d85e: valid; 1.9 s; peak memory 10572 MiB.
2026-09-16T18:14:25Z INFO [1176/2201] 74194dc5-2d31-4729-8de4-f1e1d55b3e98: valid; 1.5 s; peak memory 10572 MiB.
2026-09-16T18:14:27Z INFO [1177/2201] 741d7ee6-b682-4d79-b6f9-ecdc0c99fe8b: valid; 2.0 s; peak memory 10572 MiB.
2026-09-16T18:14:28Z INFO [1178/2201] 74783df5-32ac-4534-86d4-30ba4b777fe6: valid; 1.5 s; peak memory 10572 MiB.
2026-09-16T18:14:33Z INFO [1179/2201] 747cad97-e7c8-49ff-964c-45bb32f0fd22: valid; 5.0 s; peak memory 10572 MiB.
2026-09-16T18:14:36Z INFO [1180/2201] 74beae7d-4ab3-4bf4-9e22-be6c9e541c05: valid; 2.7 s; peak memory 10572 MiB.
2026-09-16T18:14:39Z INFO [1181/2201] 74d2e551-b250-4d2a-8a31-5363eb1fb37c: valid; 2.7 s; peak memory 10572 MiB.
2026-09-16T18:14:41Z INFO [1182/2201] 74e3effe-e836-458e-a88f-f86dda191c9d: valid; 2.3 s; peak memory 10572 MiB.
2026-09-16T18:14:43Z INFO [1183/2201] 752f00a9-65fe-4b2f-81cc-eb89658e1602: not valid; 2.2 s; peak memory 10572 MiB.
2026-09-16T18:14:45Z INFO [1184/2201] 755668f5-0826-44a4-ad4a-258f896d8cda: valid; 2.1 s; peak memory 10572 MiB.
2026-09-16T18:14:48Z INFO [1185/2201] 75585d7c-84b0-4cd9-a555-be22a7652e0c: valid; 2.1 s; peak memory 10572 MiB.
2026-09-16T18:14:49Z INFO [1186/2201] 7559f4cb-a777-48e9-9756-b22eb13f8fe1: valid; 1.4 s; peak memory 10572 MiB.
2026-09-16T18:14:52Z INFO [1187/2201] 75856d2b-cf26-4a68-8a3f-0c8f20853714: valid; 2.7 s; peak memory 10572 MiB.
2026-09-16T18:14:53Z INFO [1188/2201] 75c854ac-08c2-4777-9805-264121419b28: not valid; 1.7 s; peak memory 10572 MiB.
2026-09-16T18:14:55Z INFO [1189/2201] 75cf2c89-3830-45dc-b478-9aa8e0815dcf: valid; 2.1 s; peak memory 10572 MiB.
2026-09-16T18:14:59Z INFO [1190/2201] 75d26d97-8f83-43c4-be86-ee2f1c8d603f: valid; 3.0 s; peak memory 10572 MiB.
2026-09-16T18:15:00Z INFO [1191/2201] 75dfbcf1-bdd8-4642-b401-a2564cee0f37: valid; 1.7 s; peak memory 10572 MiB.
2026-09-16T18:15:05Z INFO [1192/2201] 761893b1-8dbe-497a-9794-9ec7cfdbb62a: not valid; 4.4 s; peak memory 10572 MiB.
2026-09-16T18:15:07Z INFO [1193/2201] 763dfc2d-6949-44d6-b7cd-2c4591d25e2b: valid; 2.1 s; peak memory 10572 MiB.
2026-09-16T18:15:19Z INFO [1194/2201] 7654606d-8d18-4860-93c2-e7872b553001: not valid; 11.9 s; peak memory 10572 MiB.
2026-09-16T18:15:21Z INFO [1195/2201] 76796dd6-8fb5-4cf2-b458-47dcb33d1efd: valid; 2.3 s; peak memory 10572 MiB.
2026-09-16T18:15:28Z INFO [1196/2201] 769af2b1-3c1b-4035-81e4-0e3752c127c2: not valid; 6.9 s; peak memory 10572 MiB.
2026-09-16T18:15:29Z INFO [1197/2201] 76ae0330-8f4f-4cee-8422-25c9a9075dc7: not valid; 1.3 s; peak memory 10572 MiB.
2026-09-16T18:15:43Z INFO [1198/2201] 76b17248-2c7e-45b3-b3e9-571de208074e: valid; 14.2 s; peak memory 10572 MiB.
2026-09-16T18:15:50Z INFO [1199/2201] 76b1d094-0a50-4c0f-b72d-6215d881f637: valid; 6.8 s; peak memory 10572 MiB.
2026-09-16T18:15:52Z INFO [1200/2201] 76e9aa54-a8df-4a37-85af-98a171ba97d1: valid; 1.4 s; peak memory 10572 MiB.
2026-09-16T18:15:52Z INFO [1200/2201] 76e9aa54-a8df-4a37-85af-98a171ba97d1: checkpointed 66010 records.
2026-09-16T18:16:01Z INFO [1201/2201] 77687c05-abc4-4a10-a01c-254aad2b8f77: valid; 8.5 s; peak memory 10572 MiB.
2026-09-16T18:16:02Z INFO [1202/2201] 77bdf4f7-8c2d-4a60-ab96-0737ed5ebb17: valid; 1.4 s; peak memory 10572 MiB.
2026-09-16T18:16:03Z INFO [1203/2201] 77f41f57-da93-4cd0-aa16-d40b51eb3090: valid; 1.5 s; peak memory 10572 MiB.
2026-09-16T18:16:07Z INFO [1204/2201] 787c19e7-5568-47aa-b251-1be8058369db: valid; 3.9 s; peak memory 10572 MiB.
2026-09-16T18:16:14Z INFO [1205/2201] 7883afd6-3d2c-49aa-94dc-6f5353603b85: valid; 6.4 s; peak memory 10572 MiB.
2026-09-16T18:16:16Z INFO [1206/2201] 78960657-e491-4dfd-a36b-9606ad8a5a21: not valid; 2.0 s; peak memory 10572 MiB.
2026-09-16T18:16:18Z INFO [1207/2201] 78ebcd7f-4c77-461d-af1d-6786e6c4f136: valid; 2.6 s; peak memory 10572 MiB.
2026-09-16T18:16:23Z INFO [1208/2201] 790d3bee-0914-4051-bbf4-8f923fa13d56: valid; 4.6 s; peak memory 10572 MiB.
2026-09-16T18:16:25Z INFO [1209/2201] 79147239-d45e-47d4-bb80-351882555db9: valid; 2.2 s; peak memory 10572 MiB.
2026-09-16T18:16:27Z INFO [1210/2201] 7925e720-4c29-4c2d-9654-31a30855ab99: valid; 1.6 s; peak memory 10572 MiB.
2026-09-16T18:16:30Z INFO [1211/2201] 79303127-aa11-4b09-892b-0ffac2827768: valid; 3.3 s; peak memory 10572 MiB.
2026-09-16T18:16:41Z INFO [1212/2201] 79373675-374e-4405-9da6-777bba7adff8: valid; 10.7 s; peak memory 10572 MiB.
2026-09-16T18:16:43Z WARNING 794ca42f-8d5e-4b8c-a5b7-d5d5897c5c9d: failed while opening the NWB file (ConstructError: (root/acquisition/_iblmic_audioSpectrogram/bands GroupBuilder {'attributes': {'colnames': array(['freq'], dtype=object), 'description': 'spectogram frequencies', 'namespace': 'core', 'neurodata_type': 'FrequencyBandsTable', 'object_id': '8374f0ce-bff8-4254-ae1b-f2e9df9110e9'}, 'groups': {}, 'datasets': {'freq': root/acquisition/_iblmic_audioSpectrogram/bands/freq DatasetBuilder {'attributes': {'description': 'frequency value', 'namespace': 'hdmf-common', 'neurodata_type': 'VectorData', 'object_id': '6364c950-56a1-46c0-8c65-8084530bd59c'}, 'data': <HDF5 dataset "freq": shape (257,), type "<f4">}, 'id': root/acquisition/_iblmic_audioSpectrogram/bands/id DatasetBuilder {'attributes': {'namespace': 'hdmf-common', 'neurodata_type': 'ElementIdentifiers', 'object_id': 'dca052e2-0bd9-4637-aa7b-24ebc6cd309d'}, 'data': <HDF5 dataset "id": shape (257,), type "<i4">}}, 'links': {}}, "Could not construct FrequencyBandsTable object due to: column must have the same number of rows as 'id'"))
2026-09-16T18:16:45Z INFO [1214/2201] 7964e003-6f33-492a-b9c1-246357954b15: not valid; 1.7 s; peak memory 10572 MiB.
2026-09-16T18:16:46Z INFO [1215/2201] 796ff8a9-5875-4899-82b7-8736d8f00bd2: valid; 1.4 s; peak memory 10572 MiB.
2026-09-16T18:16:47Z INFO [1216/2201] 798ab05d-37f1-4cb9-829f-5892f6661016: not valid; 1.3 s; peak memory 10572 MiB.
2026-09-16T18:16:49Z INFO [1217/2201] 79d928d6-86ac-435e-989b-fe10c84c1bf3: valid; 2.0 s; peak memory 10572 MiB.
2026-09-16T18:16:53Z INFO [1218/2201] 79f4103d-9e85-4695-8125-772d2af2768a: valid; 3.3 s; peak memory 10572 MiB.
2026-09-16T18:16:55Z INFO [1219/2201] 7a21260f-40e5-43cf-8c53-f2e9b5536870: valid; 2.7 s; peak memory 10572 MiB.
2026-09-16T18:16:57Z INFO [1220/2201] 7a27f97c-3732-42eb-ba01-8a8bff13c69a: valid; 1.4 s; peak memory 10572 MiB.
2026-09-16T18:16:59Z INFO [1221/2201] 7a303863-945c-4b4a-bd2f-8a6cb25ac3a8: valid; 2.1 s; peak memory 10572 MiB.
2026-09-16T18:17:18Z INFO [1222/2201] 7a3e6dd4-71ef-4ee8-acc1-f240412e3818: valid; 19.0 s; peak memory 10572 MiB.
2026-09-16T18:17:31Z INFO [1223/2201] 7a41f631-f4ae-4041-82ab-2b6e475b8754: valid; 12.8 s; peak memory 10572 MiB.
2026-09-16T18:17:32Z INFO [1224/2201] 7a56d240-34ed-4d47-a6ed-804d6f2e90a7: valid; 1.5 s; peak memory 10572 MiB.
2026-09-16T18:17:37Z INFO [1225/2201] 7a7c7cc7-87c6-4f7e-a5d6-827295eb1482: not valid; 5.0 s; peak memory 10572 MiB.
2026-09-16T18:17:39Z INFO [1226/2201] 7a9e6d63-af99-4e7c-b1b9-ca930942410f: not valid; 1.9 s; peak memory 10572 MiB.
2026-09-16T18:17:57Z INFO [1227/2201] 7aa2c246-e94c-4b6d-bdd8-364dd64b20f5: valid; 17.7 s; peak memory 10572 MiB.
2026-09-16T18:17:59Z INFO [1228/2201] 7adce7df-0f98-4022-a70e-e3b64f87cdcb: not valid; 1.6 s; peak memory 10572 MiB.
2026-09-16T18:18:21Z INFO [1229/2201] 7b1c20f5-dd33-477b-9eb1-4962518cda83: valid; 22.0 s; peak memory 10572 MiB.
2026-09-16T18:18:21Z WARNING 7b7c391e-3599-4ba5-b077-a7b4225e1235: failed while retrieving asset information from the DANDI API (NotFoundError: No asset at path 'sub-healthy-simulated-lfp/sub-healthy-simulated-lfp_ses-7124_ecephys.nwb' in version 0.250327.2220. Verify the path is correct and the asset exists in this version. Use 'dandi ls' to list available assets.)
2026-09-16T18:18:23Z INFO [1231/2201] 7b826dfb-3344-469b-8e76-316f04d99d71: valid; 1.9 s; peak memory 10572 MiB.
2026-09-16T18:18:24Z INFO [1232/2201] 7b8813f0-f2de-4196-b737-c6a325e31b05: valid; 1.5 s; peak memory 10572 MiB.
2026-09-16T18:18:26Z INFO [1233/2201] 7ba2b15f-0cc3-48f0-a429-4d89ae4b68fb: not valid; 2.1 s; peak memory 10572 MiB.
2026-09-16T18:18:41Z INFO [1234/2201] 7ba98159-2141-4f76-b026-a104e88ca5ce: valid; 15.1 s; peak memory 10572 MiB.
2026-09-16T18:18:43Z INFO [1235/2201] 7bbc7b97-9faf-45d4-a552-2b3a924a572d: valid; 1.5 s; peak memory 10572 MiB.
2026-09-16T18:19:21Z INFO [1236/2201] 7bcb87e3-878e-46a6-b217-6381e11d3d1a: valid; 38.3 s; peak memory 10572 MiB.
2026-09-16T18:19:23Z INFO [1237/2201] 7c21cf74-068c-4b59-89e1-63b229615b69: not valid; 1.4 s; peak memory 10572 MiB.
2026-09-16T18:19:24Z INFO [1238/2201] 7c2b7728-f461-449e-a4de-261cc918ec28: valid; 1.4 s; peak memory 10572 MiB.
2026-09-16T18:19:26Z INFO [1239/2201] 7c4cdf2b-836b-45d8-8fb4-abffa1ee6b07: valid; 2.4 s; peak memory 10572 MiB.
2026-09-16T18:19:28Z INFO [1240/2201] 7c69ce89-2fd5-4115-8658-7aee6187c216: valid; 1.4 s; peak memory 10572 MiB.
2026-09-16T18:19:30Z INFO [1241/2201] 7c6b9844-ed4c-42a5-9bb6-33482b90fe1e: valid; 2.1 s; peak memory 10572 MiB.
2026-09-16T18:19:32Z INFO [1242/2201] 7ca4314c-1e00-46ac-95b2-034d2a65d03f: not valid; 2.2 s; peak memory 10572 MiB.
2026-09-16T18:19:36Z INFO [1243/2201] 7cbd1e18-f0f7-4ff9-8cfc-a633af61c944: valid; 4.1 s; peak memory 10572 MiB.
2026-09-16T18:19:41Z INFO [1244/2201] 7ce1a7d4-f7c5-4cee-97a9-d04a08363a2f: valid; 4.7 s; peak memory 10572 MiB.
2026-09-16T18:19:43Z INFO [1245/2201] 7ce5aed7-12d9-409d-bb02-095283cc0918: valid; 2.2 s; peak memory 10572 MiB.
2026-09-16T18:19:45Z INFO [1246/2201] 7ce7699f-6e1c-4c3c-8e77-b58b25d752b0: not valid; 2.0 s; peak memory 10572 MiB.
2026-09-16T18:19:47Z INFO [1247/2201] 7d0d237b-d9f0-4d54-a4cd-a7c783aea816: valid; 1.5 s; peak memory 10572 MiB.
2026-09-16T18:19:49Z INFO [1248/2201] 7d139862-3867-410c-a6c2-3707430c0221: valid; 2.0 s; peak memory 10572 MiB.
2026-09-16T18:19:51Z INFO [1249/2201] 7d1d5802-5f83-413a-a9ea-98b9cdbf11e1: valid; 2.5 s; peak memory 10572 MiB.
2026-09-16T18:19:53Z INFO [1250/2201] 7d33a610-82a9-4423-89d0-b2d493504832: not valid; 2.3 s; peak memory 10572 MiB.
2026-09-16T18:19:54Z INFO [1250/2201] 7d33a610-82a9-4423-89d0-b2d493504832: checkpointed 66010 records.
2026-09-16T18:19:56Z INFO [1251/2201] 7d34ff9a-cd84-4ac9-a161-f04a048aa8e1: valid; 2.3 s; peak memory 10572 MiB.
2026-09-16T18:19:58Z INFO [1252/2201] 7d4f3284-dd65-4364-aedc-4f5c60e13b53: valid; 1.6 s; peak memory 10572 MiB.
2026-09-16T18:20:00Z INFO [1253/2201] 7d534676-3370-4983-9bec-a270ac5f5d7f: valid; 2.0 s; peak memory 10572 MiB.
2026-09-16T18:20:02Z INFO [1254/2201] 7d6e5cca-a66c-4191-97a4-aee743b9b7b4: valid; 2.2 s; peak memory 10572 MiB.
2026-09-16T18:20:04Z INFO [1255/2201] 7d84a12e-7507-4be4-99ba-5e92f3992df2: valid; 2.4 s; peak memory 10572 MiB.
2026-09-16T18:20:08Z INFO [1256/2201] 7d98bbf6-73b9-42b5-91d8-b3efda7123c4: valid; 3.6 s; peak memory 10572 MiB.
2026-09-16T18:20:11Z WARNING 7da9f007-77da-4a0b-b44a-89ab4a3c95a2: failed while opening the NWB file (ConstructError: (root/general/optogenetics/PatternedOptogeneticStimulusSite GroupBuilder {'attributes': {'effector': 'GUR-3/PRDX-2', 'namespace': 'ndx-patterned-ogen', 'neurodata_type': 'PatternedOptogeneticStimulusSite', 'object_id': '3aa028bb-b799-4203-a714-5c05d1134181'}, 'groups': {}, 'datasets': {'description': root/general/optogenetics/PatternedOptogeneticStimulusSite/description DatasetBuilder {'attributes': {}, 'data': 'Scanning'}, 'excitation_lambda': root/general/optogenetics/PatternedOptogeneticStimulusSite/excitation_lambda DatasetBuilder {'attributes': {}, 'data': np.float64(850.0)}, 'location': root/general/optogenetics/PatternedOptogeneticStimulusSite/location DatasetBuilder {'attributes': {}, 'data': 'whole brain'}}, 'links': {'device': root/general/optogenetics/PatternedOptogeneticStimulusSite/device LinkBuilder {'builder': root/general/devices/OptogeneticDevice GroupBuilder {'attributes': {'description': '', 'namespace': 'core', 'neurodata_type': 'Device', 'object_id': '8b180ad0-f24a-49d9-99f4-1b758ed54d35'}, 'groups': {}, 'datasets': {}, 'links': {}}}, 'light_source': root/general/optogenetics/PatternedOptogeneticStimulusSite/light_source LinkBuilder {'builder': root/general/devices/AmplifiedLaser GroupBuilder {'attributes': {'description': 'For two-photon optogenetic targeting, we used an optical parametric amplifier (OPA; Light Conversion ORPHEUS) pumped by a femtosecond amplified laser (Light Conversion PHAROS).', 'filter_description': 'Short pass at 1040 nm', 'manufacturer': 'Light Conversion', 'model': 'ORPHEUS amplifier and PHAROS laser', 'namespace': 'ndx-patterned-ogen', 'neurodata_type': 'LightSource', 'object_id': 'df614163-6933-49bd-9ad1-e0c0ec6e3b85', 'peak_power_in_W': np.float64(0.0012), 'pulse_rate_in_Hz': np.float64(500000.0), 'stimulation_wavelength_in_nm': np.float64(850.0)}, 'groups': {}, 'datasets': {}, 'links': {}}}}}, "Could not construct PatternedOptogeneticStimulusSite object due to: CustomClassGenerator.set_init.<locals>.__init__: incorrect type for 'spatial_light_modulator' (got 'list', expected 'Device')"))
2026-09-16T18:20:16Z INFO [1258/2201] 7dc45997-9771-4560-8e3a-7b41deae9b49: valid; 5.7 s; peak memory 10572 MiB.
2026-09-16T18:20:33Z INFO [1259/2201] 7dc4e6ae-108f-4bf1-8c41-afa92b5663ec: valid; 16.9 s; peak memory 10572 MiB.
2026-09-16T18:20:35Z INFO [1260/2201] 7dd6e889-fc19-4fc1-8b8e-22d47eb8b68a: valid; 1.5 s; peak memory 10572 MiB.
2026-09-16T18:20:40Z INFO [1261/2201] 7dde77b4-b8d0-462e-a2ed-7f9e663ad440: not valid; 4.9 s; peak memory 10572 MiB.
2026-09-16T18:20:42Z INFO [1262/2201] 7e2093ff-07f9-4c79-8b3b-ed7223915877: not valid; 1.9 s; peak memory 10572 MiB.
2026-09-16T18:20:43Z WARNING 7e27d28d-4a17-4347-95f6-ec48c7510cc4: failed while opening the NWB file (ConstructError: (root/acquisition/event_code_meanings GroupBuilder {'attributes': {'colnames': array(['value', 'meaning'], dtype=object), 'description': 'Mapping integer event codes to event labels', 'namespace': 'ndx-events', 'neurodata_type': 'MeaningsTable', 'object_id': '7c9eea2f-9ead-4107-a482-a27056925720'}, 'groups': {}, 'datasets': {'id': root/acquisition/event_code_meanings/id DatasetBuilder {'attributes': {'namespace': 'hdmf-common', 'neurodata_type': 'ElementIdentifiers', 'object_id': 'edbe2b5f-a008-4caf-b5a1-b5a2eece111a'}, 'data': <HDF5 dataset "id": shape (26,), type "<i8">}, 'meaning': root/acquisition/event_code_meanings/meaning DatasetBuilder {'attributes': {'description': 'The meaning of the value in the parent CategoricalVectorData object.', 'namespace': 'hdmf-experimental', 'neurodata_type': 'VectorData', 'object_id': 'ed6c442c-fc6b-4b30-8426-da2b85b3b251'}, 'data': <StrDataset for HDF5 dataset "meaning": shape (26,), type "|O">}, 'value': root/acquisition/event_code_meanings/value DatasetBuilder {'attributes': {'description': 'The value of the parent CategoricalVectorData object.', 'namespace': 'hdmf-experimental', 'neurodata_type': 'VectorData', 'object_id': '05f5dde1-5477-4329-b9f9-1e7f5abb945e'}, 'data': <HDF5 dataset "value": shape (26,), type "<i8">}}, 'links': {}}, "Could not construct MeaningsTable object due to: MeaningsTable.__init__: missing argument 'target'"))
2026-09-16T18:20:46Z INFO [1264/2201] 7e2d1d05-1c8f-4955-b6f0-fa6b9a6caee9: not valid; 2.4 s; peak memory 10572 MiB.
2026-09-16T18:20:52Z INFO [1265/2201] 7e594f73-3843-40fc-a087-97b1d48c4333: valid; 6.2 s; peak memory 10572 MiB.
2026-09-16T18:21:02Z INFO [1266/2201] 7e66f8a9-d485-4e55-bc41-940df8b1f551: valid; 9.6 s; peak memory 10572 MiB.
2026-09-16T18:21:05Z INFO [1267/2201] 7e6aedc1-199d-4b14-bd00-5260bdd25de0: valid; 3.8 s; peak memory 10572 MiB.
2026-09-16T18:21:08Z INFO [1268/2201] 7e6db89e-cde3-46a2-a4dc-d192ac1407e3: not valid; 2.2 s; peak memory 10572 MiB.
2026-09-16T18:21:09Z INFO [1269/2201] 7ea83ae1-8084-4aa7-9b9d-842d47a6894f: valid; 1.6 s; peak memory 10572 MiB.
2026-09-16T18:21:11Z INFO [1270/2201] 7eb6cca9-dc18-4dbf-a601-14671e808064: not valid; 1.6 s; peak memory 10572 MiB.
2026-09-16T18:21:12Z INFO [1271/2201] 7ebc6c87-2111-4c7b-a660-43a9e75a48c4: valid; 1.5 s; peak memory 10572 MiB.
2026-09-16T18:21:15Z INFO [1272/2201] 7ecb04f9-5d4a-4844-afbc-18175a92047e: valid; 2.3 s; peak memory 10572 MiB.
2026-09-16T18:21:16Z INFO [1273/2201] 7ede1cfc-44b6-4608-99c2-a805828ca277: valid; 1.4 s; peak memory 10572 MiB.
2026-09-16T18:21:18Z INFO [1274/2201] 7ef8b262-6600-45d1-879f-d64c9e412063: not valid; 2.3 s; peak memory 10572 MiB.
2026-09-16T18:21:20Z INFO [1275/2201] 7f0e506d-e251-45f2-a10d-958f085df8b0: valid; 1.4 s; peak memory 10572 MiB.
2026-09-16T18:21:22Z INFO [1276/2201] 7f17e8a4-9784-4cca-bf8d-2ea020b080cd: valid; 2.7 s; peak memory 10572 MiB.
2026-09-16T18:21:28Z INFO [1277/2201] 7f4512b2-fea3-4c66-99bc-8b035c640541: valid; 5.8 s; peak memory 10572 MiB.
2026-09-16T18:21:39Z INFO [1278/2201] 7f73bdb5-3a32-4498-b1dc-d6e465e57027: not valid; 10.6 s; peak memory 10572 MiB.
2026-09-16T18:21:42Z INFO [1279/2201] 7f74be09-f356-4c52-a98b-bb4b5ac3454a: valid; 3.2 s; peak memory 10572 MiB.
2026-09-16T18:21:51Z INFO [1280/2201] 7f8e8db8-7b43-48ee-806f-2d87a43920c7: valid; 9.0 s; peak memory 10572 MiB.
2026-09-16T18:21:54Z WARNING 7fd566e9-db10-47b9-b4a5-b8f1b28d553a: failed while opening the NWB file (ConstructError: (root/general/optogenetics/PatternedOptogeneticStimulusSite GroupBuilder {'attributes': {'effector': 'GUR-3/PRDX-2', 'namespace': 'ndx-patterned-ogen', 'neurodata_type': 'PatternedOptogeneticStimulusSite', 'object_id': '6c61adaa-2224-41ca-afd4-a11be38cd18f'}, 'groups': {}, 'datasets': {'description': root/general/optogenetics/PatternedOptogeneticStimulusSite/description DatasetBuilder {'attributes': {}, 'data': 'Scanning'}, 'excitation_lambda': root/general/optogenetics/PatternedOptogeneticStimulusSite/excitation_lambda DatasetBuilder {'attributes': {}, 'data': np.float64(850.0)}, 'location': root/general/optogenetics/PatternedOptogeneticStimulusSite/location DatasetBuilder {'attributes': {}, 'data': 'whole brain'}}, 'links': {'device': root/general/optogenetics/PatternedOptogeneticStimulusSite/device LinkBuilder {'builder': root/general/devices/OptogeneticDevice GroupBuilder {'attributes': {'description': '', 'namespace': 'core', 'neurodata_type': 'Device', 'object_id': 'b0ce79ae-b37b-4a59-b761-999d3d028d5c'}, 'groups': {}, 'datasets': {}, 'links': {}}}, 'light_source': root/general/optogenetics/PatternedOptogeneticStimulusSite/light_source LinkBuilder {'builder': root/general/devices/AmplifiedLaser GroupBuilder {'attributes': {'description': 'For two-photon optogenetic targeting, we used an optical parametric amplifier (OPA; Light Conversion ORPHEUS) pumped by a femtosecond amplified laser (Light Conversion PHAROS).', 'filter_description': 'Short pass at 1040 nm', 'manufacturer': 'Light Conversion', 'model': 'ORPHEUS amplifier and PHAROS laser', 'namespace': 'ndx-patterned-ogen', 'neurodata_type': 'LightSource', 'object_id': '8c2da5ef-925e-4f09-91a7-ae0dd2397b2e', 'peak_power_in_W': np.float64(0.0012), 'pulse_rate_in_Hz': np.float64(500000.0), 'stimulation_wavelength_in_nm': np.float64(850.0)}, 'groups': {}, 'datasets': {}, 'links': {}}}}}, "Could not construct PatternedOptogeneticStimulusSite object due to: CustomClassGenerator.set_init.<locals>.__init__: incorrect type for 'spatial_light_modulator' (got 'list', expected 'Device')"))
2026-09-16T18:22:26Z INFO [1282/2201] 7fe9bae0-6fef-4dfc-b25d-c5221fd101b0: not valid; 32.1 s; peak memory 10572 MiB.
2026-09-16T18:22:35Z INFO [1283/2201] 80036b11-1f60-4544-85ee-80afb8ab21dc: valid; 8.6 s; peak memory 10572 MiB.
2026-09-16T18:22:36Z INFO [1284/2201] 80074e6d-b769-44f3-ad2f-917d85656584: valid; 1.3 s; peak memory 10572 MiB.
2026-09-16T18:22:38Z INFO [1285/2201] 801b27f2-0a51-46b2-8421-a904905f5bc1: valid; 2.2 s; peak memory 10572 MiB.
2026-09-16T18:22:45Z INFO [1286/2201] 801b941f-7b3d-4702-be3d-22f5c2912d55: not valid; 6.4 s; peak memory 10572 MiB.
2026-09-16T18:22:46Z INFO [1287/2201] 802787be-48a5-46dc-97c4-300a9a2db656: valid; 1.5 s; peak memory 10572 MiB.
2026-09-16T18:22:48Z INFO [1288/2201] 80303cae-1d84-458a-870d-c2e98fcd7857: not valid; 2.0 s; peak memory 10572 MiB.
2026-09-16T18:22:48Z WARNING 803e188a-a7f2-4394-b1a2-068170e56ccf: failed while retrieving asset information from the DANDI API (NotFoundError: No asset at path 'sub-460434/sub-460434_ses-20191113T135640_behavior+ecephys+ogen.nwb' in version 0.231012.2129. Verify the path is correct and the asset exists in this version. Use 'dandi ls' to list available assets.)
2026-09-16T18:22:50Z INFO [1290/2201] 8089e928-2303-4988-8796-18944d972ff3: valid; 1.4 s; peak memory 10572 MiB.
2026-09-16T18:22:51Z INFO [1291/2201] 80b207ab-f904-4944-a84e-1ec4a6f128ad: valid; 1.5 s; peak memory 10572 MiB.
2026-09-16T18:23:00Z INFO [1292/2201] 80b87112-22cd-4ad8-a533-68655c491aba: valid; 9.1 s; peak memory 10572 MiB.
2026-09-16T18:23:02Z INFO [1293/2201] 80ff4f95-8814-4fcf-8a31-7dc3fd2f2c4e: valid; 2.0 s; peak memory 10572 MiB.
2026-09-16T18:23:15Z INFO [1294/2201] 8105e30d-0bc9-4ece-bc77-63ba86a8f035: valid; 12.5 s; peak memory 10572 MiB.
2026-09-16T18:23:32Z INFO [1295/2201] 81200533-660f-411b-b510-3cd13751d212: not valid; 17.3 s; peak memory 10572 MiB.
2026-09-16T18:23:34Z INFO [1296/2201] 81674564-ba84-44d9-b3a2-41649329b1ca: valid; 2.3 s; peak memory 10572 MiB.
2026-09-16T18:23:54Z INFO [1297/2201] 819bf550-ff2a-4a4f-a066-d1ffbde846d4: valid; 19.1 s; peak memory 10572 MiB.
2026-09-16T18:23:56Z INFO [1298/2201] 81c72882-1ddf-40f8-aa06-f42b529af1a8: valid; 2.3 s; peak memory 10572 MiB.
2026-09-16T18:23:57Z INFO [1299/2201] 81d9c417-e378-4978-b55d-186a95180cc5: valid; 1.5 s; peak memory 10572 MiB.
2026-09-16T18:24:00Z INFO [1300/2201] 81e169e0-1d86-4f94-914e-531d037c671e: valid; 2.3 s; peak memory 10572 MiB.
2026-09-16T18:24:00Z INFO [1300/2201] 81e169e0-1d86-4f94-914e-531d037c671e: checkpointed 66010 records.
2026-09-16T18:24:03Z INFO [1301/2201] 81e6fccc-bd03-4f7a-9cd7-6bc01561bd53: not valid; 2.6 s; peak memory 10572 MiB.
2026-09-16T18:24:04Z INFO [1302/2201] 821e113a-19a8-47d3-ab2e-c78d1dd5fda7: valid; 1.4 s; peak memory 10572 MiB.
2026-09-16T18:24:08Z INFO [1303/2201] 822a0873-5403-4f52-b263-e5733cd90b16: valid; 4.1 s; peak memory 10572 MiB.
2026-09-16T18:24:10Z INFO [1304/2201] 8238271b-eaf9-4d61-9902-d6e18b65d569: not valid; 1.6 s; peak memory 10572 MiB.
2026-09-16T18:24:12Z INFO [1305/2201] 824a71a9-3e56-4434-9feb-d0133b2fb4e9: valid; 2.2 s; peak memory 10572 MiB.
2026-09-16T18:24:15Z INFO [1306/2201] 8288e215-e63b-41ae-a8e1-24919b7ad4cf: valid; 2.4 s; peak memory 10572 MiB.
2026-09-16T18:24:16Z INFO [1307/2201] 82950bad-9a86-4f3c-a360-667c45d780fc: valid; 1.4 s; peak memory 10572 MiB.
2026-09-16T18:24:17Z INFO [1308/2201] 82d41b40-2e20-4cee-92fa-8d6bf0adf95d: valid; 1.3 s; peak memory 10572 MiB.
2026-09-16T18:24:19Z INFO [1309/2201] 82f2c296-ab84-46d0-afdd-6a83f8d64c7e: valid; 1.5 s; peak memory 10572 MiB.
2026-09-16T18:24:21Z INFO [1310/2201] 82f3ff27-bdd7-4a1c-aa2c-91cedf647e7d: not valid; 2.3 s; peak memory 10572 MiB.
2026-09-16T18:24:23Z INFO [1311/2201] 82fabcf3-70a1-4e13-8333-c7d778de969c: not valid; 1.6 s; peak memory 10572 MiB.
2026-09-16T18:24:24Z INFO [1312/2201] 82fb4533-09dc-4bc7-8c4c-be97e54bc05e: valid; 1.4 s; peak memory 10572 MiB.
2026-09-16T18:24:26Z INFO [1313/2201] 830abf79-4d79-450f-97df-33ee957965dd: not valid; 1.8 s; peak memory 10572 MiB.
2026-09-16T18:24:48Z INFO [1314/2201] 831ac964-768c-420d-9333-f34c649f5de9: valid; 22.1 s; peak memory 10572 MiB.
2026-09-16T18:24:50Z INFO [1315/2201] 831b7d25-b5f5-45fa-9d88-5f9cb00e336f: valid; 1.8 s; peak memory 10572 MiB.
2026-09-16T18:24:51Z INFO [1316/2201] 832825b3-4120-4d76-bcf0-7a4e6e03cd6d: not valid; 1.1 s; peak memory 10572 MiB.
2026-09-16T18:24:53Z INFO [1317/2201] 832a0566-4b30-4b70-8a71-5b274a24e486: not valid; 2.7 s; peak memory 10572 MiB.
2026-09-16T18:24:55Z INFO [1318/2201] 8334a0f3-299e-4b94-8e33-9a7422786131: not valid; 2.0 s; peak memory 10572 MiB.
2026-09-16T18:25:04Z INFO [1319/2201] 833adb3f-8f83-4f86-9055-b4024346a898: not valid; 8.1 s; peak memory 10572 MiB.
2026-09-16T18:25:07Z INFO [1320/2201] 833c0a19-fa4d-43f6-9175-6479a2f8b5d2: not valid; 3.2 s; peak memory 10572 MiB.
2026-09-16T18:25:10Z WARNING 835abd72-0154-48d3-8675-88a67f33fb83: failed while opening the NWB file (ConstructError: (root/general/optogenetics/PatternedOptogeneticStimulusSite GroupBuilder {'attributes': {'effector': 'GUR-3/PRDX-2', 'namespace': 'ndx-patterned-ogen', 'neurodata_type': 'PatternedOptogeneticStimulusSite', 'object_id': '73707bfd-d2c2-4cd6-b031-f8e0fe8c25bb'}, 'groups': {}, 'datasets': {'description': root/general/optogenetics/PatternedOptogeneticStimulusSite/description DatasetBuilder {'attributes': {}, 'data': 'Scanning'}, 'excitation_lambda': root/general/optogenetics/PatternedOptogeneticStimulusSite/excitation_lambda DatasetBuilder {'attributes': {}, 'data': np.float64(850.0)}, 'location': root/general/optogenetics/PatternedOptogeneticStimulusSite/location DatasetBuilder {'attributes': {}, 'data': 'whole brain'}}, 'links': {'device': root/general/optogenetics/PatternedOptogeneticStimulusSite/device LinkBuilder {'builder': root/general/devices/OptogeneticDevice GroupBuilder {'attributes': {'description': '', 'namespace': 'core', 'neurodata_type': 'Device', 'object_id': 'dd3501dd-8017-431e-911c-07980b058786'}, 'groups': {}, 'datasets': {}, 'links': {}}}, 'light_source': root/general/optogenetics/PatternedOptogeneticStimulusSite/light_source LinkBuilder {'builder': root/general/devices/AmplifiedLaser GroupBuilder {'attributes': {'description': 'For two-photon optogenetic targeting, we used an optical parametric amplifier (OPA; Light Conversion ORPHEUS) pumped by a femtosecond amplified laser (Light Conversion PHAROS).', 'filter_description': 'Short pass at 1040 nm', 'manufacturer': 'Light Conversion', 'model': 'ORPHEUS amplifier and PHAROS laser', 'namespace': 'ndx-patterned-ogen', 'neurodata_type': 'LightSource', 'object_id': 'd86dea4a-131b-4d2a-9f6a-bd5c91d85bdb', 'peak_power_in_W': np.float64(0.0012), 'pulse_rate_in_Hz': np.float64(500000.0), 'stimulation_wavelength_in_nm': np.float64(850.0)}, 'groups': {}, 'datasets': {}, 'links': {}}}}}, "Could not construct PatternedOptogeneticStimulusSite object due to: CustomClassGenerator.set_init.<locals>.__init__: incorrect type for 'spatial_light_modulator' (got 'list', expected 'Device')"))
2026-09-16T18:25:12Z INFO [1322/2201] 839944a5-4aaa-420e-a3db-95d84a9cfb49: valid; 2.3 s; peak memory 10572 MiB.
2026-09-16T18:25:14Z INFO [1323/2201] 83a70842-d986-4c85-b6cf-4f1b30ed88a7: not valid; 1.6 s; peak memory 10572 MiB.
2026-09-16T18:25:16Z INFO [1324/2201] 83a8b37f-eee9-43cb-8e01-81d8da97ca16: valid; 2.6 s; peak memory 10572 MiB.
2026-09-16T18:25:19Z INFO [1325/2201] 83ae16bd-baf2-4db5-a01b-14fcade7d612: not valid; 2.4 s; peak memory 10572 MiB.
2026-09-16T18:25:20Z INFO [1326/2201] 83b6b869-4830-4fe7-ad63-2673bcf3933a: valid; 1.3 s; peak memory 10572 MiB.
2026-09-16T18:25:23Z INFO [1327/2201] 83ba6b6b-83b1-4db8-9d1f-c57268a667c8: valid; 3.2 s; peak memory 10572 MiB.
2026-09-16T18:25:24Z INFO [1328/2201] 83e6b23e-9261-42f0-9aba-6056849ca229: valid; 1.3 s; peak memory 10572 MiB.
2026-09-16T18:25:27Z INFO [1329/2201] 83ec4117-669a-4190-879f-868bf99fcb42: valid; 2.7 s; peak memory 10572 MiB.
2026-09-16T18:25:29Z INFO [1330/2201] 83f11abb-2b85-4aa0-9a81-9d7dd7dab2f0: not valid; 1.8 s; peak memory 10572 MiB.
2026-09-16T18:25:31Z INFO [1331/2201] 83f50f6c-8156-4bbc-b9f1-8f475352d9d0: valid; 2.1 s; peak memory 10572 MiB.
2026-09-16T18:25:51Z INFO [1332/2201] 8417a9f7-4ee6-406a-bbde-e19b513efdaf: valid; 20.6 s; peak memory 10572 MiB.
2026-09-16T18:25:53Z INFO [1333/2201] 841ac51b-c5e5-4992-9a45-64cc5ed422e5: valid; 1.5 s; peak memory 10572 MiB.
2026-09-16T18:25:55Z WARNING 842d30e0-2d21-48b1-922a-4a98971f8688: failed while opening the NWB file (ConstructError: (root/acquisition/event_code_meanings GroupBuilder {'attributes': {'colnames': array(['value', 'meaning'], dtype=object), 'description': 'Mapping integer event codes to event labels', 'namespace': 'ndx-events', 'neurodata_type': 'MeaningsTable', 'object_id': '2f1ead96-2830-4f8b-addb-71b15dcfa9cf'}, 'groups': {}, 'datasets': {'id': root/acquisition/event_code_meanings/id DatasetBuilder {'attributes': {'namespace': 'hdmf-common', 'neurodata_type': 'ElementIdentifiers', 'object_id': '0bfa1f94-1ed0-41e3-b7aa-350794fc500e'}, 'data': <HDF5 dataset "id": shape (26,), type "<i8">}, 'meaning': root/acquisition/event_code_meanings/meaning DatasetBuilder {'attributes': {'description': 'The meaning of the value in the parent CategoricalVectorData object.', 'namespace': 'hdmf-experimental', 'neurodata_type': 'VectorData', 'object_id': 'd393d3aa-800c-4c7f-af45-678043faf7c1'}, 'data': <StrDataset for HDF5 dataset "meaning": shape (26,), type "|O">}, 'value': root/acquisition/event_code_meanings/value DatasetBuilder {'attributes': {'description': 'The value of the parent CategoricalVectorData object.', 'namespace': 'hdmf-experimental', 'neurodata_type': 'VectorData', 'object_id': '3f589ce1-9712-4f70-9b3d-95f8ec88bdde'}, 'data': <HDF5 dataset "value": shape (26,), type "<i8">}}, 'links': {}}, "Could not construct MeaningsTable object due to: MeaningsTable.__init__: missing argument 'target'"))
2026-09-16T18:25:58Z INFO [1335/2201] 843422ae-5c83-419a-a8e8-f85b42e07b60: valid; 2.3 s; peak memory 10572 MiB.
2026-09-16T18:26:01Z INFO [1336/2201] 845ba975-b296-4739-9df0-41dd1dc9840e: valid; 3.5 s; peak memory 10572 MiB.
2026-09-16T18:26:04Z INFO [1337/2201] 845e26e4-a4c8-43c1-a8ac-329ec9226533: valid; 2.7 s; peak memory 10572 MiB.
2026-09-16T18:26:06Z INFO [1338/2201] 84a1cf42-0c6c-4f39-b3d4-337ffa6e6ff0: valid; 2.1 s; peak memory 10572 MiB.
2026-09-16T18:26:08Z INFO [1339/2201] 84a3163d-7373-4e88-a0b9-bfb8dd765acc: not valid; 2.3 s; peak memory 10572 MiB.
2026-09-16T18:26:10Z INFO [1340/2201] 84b3dfe9-3992-40e5-9103-c8dc2b8aec99: valid; 1.4 s; peak memory 10572 MiB.
2026-09-16T18:26:11Z INFO [1341/2201] 84bafddb-7651-44b4-8dac-d027a8324398: not valid; 1.8 s; peak memory 10572 MiB.
2026-09-16T18:26:19Z INFO [1342/2201] 84d99236-3d0a-4f34-a045-b2e78f83b4e3: not valid; 7.5 s; peak memory 10572 MiB.
2026-09-16T18:26:22Z INFO [1343/2201] 84df7497-8745-4a22-8270-5606c4c5194a: valid; 3.4 s; peak memory 10572 MiB.
2026-09-16T18:26:24Z INFO [1344/2201] 85053207-0cfb-494e-b6de-a551c2167113: not valid; 2.1 s; peak memory 10572 MiB.
2026-09-16T18:26:26Z INFO [1345/2201] 850f4236-caef-4c5e-9601-fc00595af826: valid; 2.1 s; peak memory 10572 MiB.
2026-09-16T18:26:29Z INFO [1346/2201] 85130928-663a-4401-a102-2f5bd5e2acd1: valid; 2.2 s; peak memory 10572 MiB.
2026-09-16T18:26:32Z INFO [1347/2201] 8518a717-1897-4df1-ab61-91444bdef276: valid; 3.1 s; peak memory 10572 MiB.
2026-09-16T18:26:35Z INFO [1348/2201] 85355709-05fb-4719-a4ac-3c684547982a: not valid; 2.8 s; peak memory 10572 MiB.
2026-09-16T18:26:36Z INFO [1349/2201] 854fbe35-163e-49a4-8b33-66fe98b960f9: not valid; 1.7 s; peak memory 10572 MiB.
2026-09-16T18:26:39Z INFO [1350/2201] 8563135b-a4bb-494a-ac55-19077a980b39: valid; 2.3 s; peak memory 10572 MiB.
2026-09-16T18:26:39Z INFO [1350/2201] 8563135b-a4bb-494a-ac55-19077a980b39: checkpointed 66010 records.
2026-09-16T18:26:40Z INFO [1351/2201] 85a658f8-5c1f-4d88-8cc2-5fd292a389b6: valid; 1.5 s; peak memory 10572 MiB.
2026-09-16T18:26:54Z INFO [1352/2201] 85bb905b-ca97-43c3-9581-89e564179d37: valid; 13.4 s; peak memory 10572 MiB.
2026-09-16T18:26:56Z INFO [1353/2201] 85cd6f5f-e4b4-4ddf-9914-96d9bcf2b476: not valid; 1.7 s; peak memory 10572 MiB.
2026-09-16T18:26:58Z INFO [1354/2201] 85df4fc8-89c6-4aec-9d51-56ac3293aacb: valid; 2.2 s; peak memory 10572 MiB.
2026-09-16T18:27:00Z INFO [1355/2201] 85ea4222-cecd-49a9-8d62-ddcef7ebe2e3: valid; 1.9 s; peak memory 10572 MiB.
2026-09-16T18:27:01Z INFO [1356/2201] 8601a5f6-dd5d-4495-99f4-f91f4588cf85: valid; 1.6 s; peak memory 10572 MiB.
2026-09-16T18:27:03Z INFO [1357/2201] 861554e1-7481-4414-91bc-45ae0b3c30ae: valid; 2.2 s; peak memory 10572 MiB.
2026-09-16T18:27:05Z INFO [1358/2201] 864e9cbf-2f58-494b-b458-0913d17f96cf: not valid; 1.9 s; peak memory 10572 MiB.
2026-09-16T18:27:07Z INFO [1359/2201] 86698f77-af89-4a70-9ede-b3ff17341e14: valid; 1.8 s; peak memory 10572 MiB.
2026-09-16T18:27:10Z INFO [1360/2201] 86f5e2e0-21a6-48de-9774-f38905c404a8: valid; 3.2 s; peak memory 10572 MiB.
2026-09-16T18:27:12Z INFO [1361/2201] 86f79472-0a4f-40b5-b480-f8a02b757d15: valid; 1.9 s; peak memory 10572 MiB.
2026-09-16T18:27:13Z INFO [1362/2201] 87395497-154e-4031-8d49-570372fa1327: not valid; 1.2 s; peak memory 10572 MiB.
2026-09-16T18:27:17Z INFO [1363/2201] 874a209f-4a3d-4ff1-a1c4-e2dc4725c417: valid; 3.2 s; peak memory 10572 MiB.
2026-09-16T18:27:58Z INFO [1364/2201] 874c1f7b-cff9-4a6e-a648-f0d88c79be3c: valid; 41.2 s; peak memory 10572 MiB.
2026-09-16T18:27:59Z INFO [1365/2201] 87b56518-eda7-4d1d-9356-f5d90ac2a3e8: valid; 1.5 s; peak memory 10572 MiB.
2026-09-16T18:28:03Z INFO [1366/2201] 87b69a90-58f5-43f5-9bb0-4edcbf907bae: valid; 3.4 s; peak memory 10572 MiB.
2026-09-16T18:28:04Z INFO [1367/2201] 87cc36ce-344e-410e-9d98-1652cc921bf4: not valid; 1.6 s; peak memory 10572 MiB.
2026-09-16T18:28:07Z INFO [1368/2201] 87d6b441-d070-44c0-8ce9-c19b5b75317b: valid; 2.3 s; peak memory 10572 MiB.
2026-09-16T18:28:09Z INFO [1369/2201] 880592c4-32d6-4698-8b41-002814835c99: valid; 2.2 s; peak memory 10572 MiB.
2026-09-16T18:28:10Z INFO [1370/2201] 88132cad-dc80-4de3-b584-cb61aa90f530: valid; 1.1 s; peak memory 10572 MiB.
2026-09-16T18:28:12Z INFO [1371/2201] 88261683-2015-4879-8fc2-9e3c77db9d66: valid; 1.9 s; peak memory 10572 MiB.
2026-09-16T18:28:13Z INFO [1372/2201] 88338974-b3ec-4b0b-9b46-bf60f8562172: valid; 1.3 s; peak memory 10572 MiB.
2026-09-16T18:28:30Z INFO [1373/2201] 88388f23-2b99-4bbf-81b6-a1e6699eda8d: valid; 17.0 s; peak memory 10572 MiB.
2026-09-16T18:28:32Z INFO [1374/2201] 8874e1e0-916a-4439-b6d7-87af19d0ecac: valid; 2.2 s; peak memory 10572 MiB.
2026-09-16T18:28:46Z INFO [1375/2201] 88a31680-d492-466a-854a-3293d8b532ef: not valid; 14.1 s; peak memory 10572 MiB.
2026-09-16T18:29:02Z INFO [1376/2201] 88a8d232-0396-4825-9da9-ce7d73406790: valid; 15.9 s; peak memory 10572 MiB.
2026-09-16T18:29:04Z INFO [1377/2201] 88a9c71b-e2fb-4d55-97ba-1756e1ba4d71: not valid; 1.8 s; peak memory 10572 MiB.
2026-09-16T18:29:07Z INFO [1378/2201] 88b02559-e97a-49ef-ae12-7ff1eb559c6c: valid; 3.3 s; peak memory 10572 MiB.
2026-09-16T18:29:09Z INFO [1379/2201] 88d01b20-ead7-45a7-a906-f663855b0b5a: valid; 1.5 s; peak memory 10572 MiB.
2026-09-16T18:29:11Z INFO [1380/2201] 88e219a0-a8e2-49e5-9659-884afff48be3: valid; 1.7 s; peak memory 10572 MiB.
2026-09-16T18:29:25Z INFO [1381/2201] 88fa1188-343b-4f9d-a787-60770656dcfa: valid; 14.6 s; peak memory 10572 MiB.
2026-09-16T18:29:28Z INFO [1382/2201] 89115fde-c4d8-4128-8611-3d4a6ce4dcd2: valid; 2.3 s; peak memory 10572 MiB.
2026-09-16T18:29:30Z INFO [1383/2201] 89155f02-22ec-4c4d-b239-e3059e0c4af6: valid; 2.0 s; peak memory 10572 MiB.
2026-09-16T18:29:32Z INFO [1384/2201] 8947c0f9-98e7-4473-948f-ec186a554fe5: valid; 2.9 s; peak memory 10572 MiB.
2026-09-16T18:29:34Z INFO [1385/2201] 895e68e5-42ce-4185-9b81-49665f3bc568: valid; 1.4 s; peak memory 10572 MiB.
2026-09-16T18:29:35Z INFO [1386/2201] 89956e10-3a4d-45c2-b10b-72f285dff95c: valid; 1.4 s; peak memory 10572 MiB.
2026-09-16T18:29:47Z INFO [1387/2201] 89b7ad73-451f-4e95-8a70-2b0ac329d034: valid; 11.6 s; peak memory 10572 MiB.
2026-09-16T18:29:50Z INFO [1388/2201] 89d8e1e5-4fc6-4872-a4cd-b216a074b6b3: valid; 2.9 s; peak memory 10572 MiB.
2026-09-16T18:29:53Z INFO [1389/2201] 89e1c219-0f5d-4620-a00a-0818f4afd31b: valid; 3.4 s; peak memory 10572 MiB.
2026-09-16T18:29:55Z INFO [1390/2201] 8a0f93d9-5b4e-4002-8255-09cea55cb033: not valid; 2.2 s; peak memory 10572 MiB.
2026-09-16T18:29:57Z INFO [1391/2201] 8a1b9245-7b92-46b6-a69d-4d9752c67f37: valid; 1.5 s; peak memory 10572 MiB.
2026-09-16T18:29:59Z INFO [1392/2201] 8a2915bf-1aa0-4929-8d98-547a8087f7e3: valid; 2.4 s; peak memory 10572 MiB.
2026-09-16T18:29:59Z WARNING 8a4db0b4-eeeb-4a7d-8f89-5ee4431d2baf: failed while retrieving asset information from the DANDI API (NotFoundError: No asset at path 'sub-healthy-simulated-beta/sub-healthy-simulated-beta_ses-9846_ecephys.nwb' in version 0.250327.2220. Verify the path is correct and the asset exists in this version. Use 'dandi ls' to list available assets.)
2026-09-16T18:30:02Z INFO [1394/2201] 8a549f1a-0c86-4caa-be61-4f705a418dce: valid; 2.5 s; peak memory 10572 MiB.
2026-09-16T18:30:04Z WARNING 8a858e7c-1c80-42f6-99d9-a3678693d1fe: failed while opening the NWB file (ConstructError: (root/acquisition/event_code_meanings GroupBuilder {'attributes': {'colnames': array(['value', 'meaning'], dtype=object), 'description': 'Mapping integer event codes to event labels', 'namespace': 'ndx-events', 'neurodata_type': 'MeaningsTable', 'object_id': '96bfe74b-dc57-438d-aa43-4d6df99a379c'}, 'groups': {}, 'datasets': {'id': root/acquisition/event_code_meanings/id DatasetBuilder {'attributes': {'namespace': 'hdmf-common', 'neurodata_type': 'ElementIdentifiers', 'object_id': '5e1ffef4-b892-4726-9ac8-55f167164110'}, 'data': <HDF5 dataset "id": shape (26,), type "<i8">}, 'meaning': root/acquisition/event_code_meanings/meaning DatasetBuilder {'attributes': {'description': 'The meaning of the value in the parent CategoricalVectorData object.', 'namespace': 'hdmf-experimental', 'neurodata_type': 'VectorData', 'object_id': '7e837f0a-f028-451c-9161-2e892fe77084'}, 'data': <StrDataset for HDF5 dataset "meaning": shape (26,), type "|O">}, 'value': root/acquisition/event_code_meanings/value DatasetBuilder {'attributes': {'description': 'The value of the parent CategoricalVectorData object.', 'namespace': 'hdmf-experimental', 'neurodata_type': 'VectorData', 'object_id': '9611fa25-6acb-43e3-81f7-9ebf3a0aadce'}, 'data': <HDF5 dataset "value": shape (26,), type "<i8">}}, 'links': {}}, "Could not construct MeaningsTable object due to: MeaningsTable.__init__: missing argument 'target'"))
2026-09-16T18:30:06Z INFO [1396/2201] 8a86d15c-35e8-4724-9fc1-4ee0ae4a38e5: not valid; 2.7 s; peak memory 10572 MiB.
2026-09-16T18:30:08Z INFO [1397/2201] 8aa9e406-e4b6-426f-9e0d-72fcdf6ceb9f: valid; 1.6 s; peak memory 10572 MiB.
2026-09-16T18:30:13Z INFO [1398/2201] 8aaec76d-8ef9-44cd-901a-15d72981c302: not valid; 4.7 s; peak memory 10572 MiB.
2026-09-16T18:30:15Z INFO [1399/2201] 8ab32cc0-7521-4b45-bb69-f9eacee8c827: valid; 2.1 s; peak memory 10572 MiB.
2026-09-16T18:30:17Z INFO [1400/2201] 8adefa4d-e466-48e2-ab6f-363fefce8074: valid; 2.0 s; peak memory 10572 MiB.
2026-09-16T18:30:17Z INFO [1400/2201] 8adefa4d-e466-48e2-ab6f-363fefce8074: checkpointed 66010 records.
2026-09-16T18:30:19Z INFO [1401/2201] 8ae5c140-a42a-4b25-aa68-3d999975472d: valid; 1.6 s; peak memory 10572 MiB.
2026-09-16T18:30:21Z INFO [1402/2201] 8ae67e6c-07ea-48f6-8f06-9c5a73243792: valid; 2.3 s; peak memory 10572 MiB.
2026-09-16T18:30:24Z INFO [1403/2201] 8aef9c7f-fdd0-4b5e-85a2-3f85a47f45e1: not valid; 3.0 s; peak memory 10572 MiB.
2026-09-16T18:30:25Z INFO [1404/2201] 8af75feb-fb64-4c44-b5c7-d26ac3c50c98: valid; 1.4 s; peak memory 10572 MiB.
2026-09-16T18:30:31Z INFO [1405/2201] 8b08f0a7-159a-42dc-8c55-02e682d8bf45: valid; 5.3 s; peak memory 10572 MiB.
2026-09-16T18:30:32Z INFO [1406/2201] 8b59d4c7-e756-4e6f-a2a6-3c0dc8ed602e: valid; 1.3 s; peak memory 10572 MiB.
2026-09-16T18:30:34Z INFO [1407/2201] 8b88215d-8322-400d-a095-20c64034fd8f: valid; 1.4 s; peak memory 10572 MiB.
2026-09-16T18:30:35Z INFO [1408/2201] 8b9022bc-b9b5-4f69-9310-bdfa06a6a28a: valid; 1.5 s; peak memory 10572 MiB.
2026-09-16T18:30:38Z INFO [1409/2201] 8bcbb500-f349-4e50-a32e-3e234d6a6488: valid; 3.1 s; peak memory 10572 MiB.
2026-09-16T18:30:50Z INFO [1410/2201] 8bd3cbf2-8f8a-4464-af49-1178e30ab1b7: valid; 11.5 s; peak memory 10572 MiB.
2026-09-16T18:30:52Z INFO [1411/2201] 8bddf28e-1ed2-4767-b68a-e25e7b245df3: valid; 2.7 s; peak memory 10572 MiB.
2026-09-16T18:30:56Z INFO [1412/2201] 8c0193fe-d356-47f6-b455-2923e3412ef8: valid; 3.8 s; peak memory 10572 MiB.
2026-09-16T18:30:59Z INFO [1413/2201] 8c1aa434-077e-47d9-b1e3-86ce70c2c38f: not valid; 2.5 s; peak memory 10572 MiB.
2026-09-16T18:31:03Z INFO [1414/2201] 8c2437a6-126e-4166-9efb-8c88e2c28852: valid; 4.3 s; peak memory 10572 MiB.
2026-09-16T18:31:06Z INFO [1415/2201] 8c341c3a-c91d-4fa1-abba-b1d120842a8a: valid; 3.4 s; peak memory 10572 MiB.
2026-09-16T18:31:08Z INFO [1416/2201] 8c4d7b78-f307-42f8-b824-940336e10f7f: valid; 1.4 s; peak memory 10572 MiB.
2026-09-16T18:31:11Z INFO [1417/2201] 8c9e111d-4851-42d9-9f5b-b9753295db92: valid; 3.2 s; peak memory 10572 MiB.
2026-09-16T18:31:13Z INFO [1418/2201] 8cb52ef7-4b9e-4964-9e90-fb1fc54adc39: valid; 1.9 s; peak memory 10572 MiB.
2026-09-16T18:31:15Z INFO [1419/2201] 8cbf3251-9d3e-431a-b6e1-0147f560ef94: not valid; 1.9 s; peak memory 10572 MiB.
2026-09-16T18:31:29Z INFO [1420/2201] 8cc4d025-0559-4d11-80c7-81bf94c8059d: valid; 14.0 s; peak memory 10572 MiB.
2026-09-16T18:31:31Z INFO [1421/2201] 8ccaf95b-d598-4cff-b434-d96cf50c57e6: valid; 2.4 s; peak memory 10572 MiB.
2026-09-16T18:31:39Z INFO [1422/2201] 8ce9d354-2592-4fe3-a5d6-0becb791b888: valid; 8.2 s; peak memory 10572 MiB.
2026-09-16T18:32:12Z INFO [1423/2201] 8cf1bf36-1ebe-40b9-8e6e-e6b7c7b1ca30: valid; 32.5 s; peak memory 10572 MiB.
2026-09-16T18:32:13Z INFO [1424/2201] 8d43292c-ffb6-4d2f-a44d-e26f550f67bf: valid; 1.6 s; peak memory 10572 MiB.
2026-09-16T18:32:15Z INFO [1425/2201] 8d4ff093-f947-4855-8598-746b255f5138: not valid; 1.9 s; peak memory 10572 MiB.
2026-09-16T18:32:17Z INFO [1426/2201] 8d53369c-611b-4507-9349-6ac6d9d55064: not valid; 1.8 s; peak memory 10572 MiB.
2026-09-16T18:32:36Z INFO [1427/2201] 8d7e4894-5a73-416d-ac9f-90f76ae5a84b: valid; 18.8 s; peak memory 10572 MiB.
2026-09-16T18:32:38Z INFO [1428/2201] 8d81dbd0-21a8-4b06-9b06-1d86e2990e06: not valid; 2.6 s; peak memory 10572 MiB.
2026-09-16T18:32:41Z INFO [1429/2201] 8da67732-c456-4275-9749-0c0d80b8b08f: valid; 2.3 s; peak memory 10572 MiB.
2026-09-16T18:32:42Z INFO [1430/2201] 8dd5dfdc-1ff0-4d12-8866-f1f5d229589e: valid; 1.5 s; peak memory 10572 MiB.
2026-09-16T18:32:44Z INFO [1431/2201] 8df4d921-cb47-46db-8bc3-82b0dfec6912: valid; 2.1 s; peak memory 10572 MiB.
2026-09-16T18:32:46Z INFO [1432/2201] 8e3d81b0-488a-4a8b-b1e7-28022130542b: not valid; 1.8 s; peak memory 10572 MiB.
2026-09-16T18:32:47Z INFO [1433/2201] 8e6355a5-5196-49e5-95f7-5c5b18474508: valid; 1.4 s; peak memory 10572 MiB.
2026-09-16T18:32:52Z INFO [1434/2201] 8e6cae01-6ad6-483f-93bb-2f350be0028a: valid; 4.5 s; peak memory 10572 MiB.
2026-09-16T18:32:53Z INFO [1435/2201] 8e875e0f-dcd0-4d23-90b9-4674bb3cc687: valid; 1.6 s; peak memory 10572 MiB.
2026-09-16T18:32:55Z INFO [1436/2201] 8ea165e2-3e85-41b0-883b-e80dfa175d95: valid; 1.4 s; peak memory 10572 MiB.
2026-09-16T18:33:03Z INFO [1437/2201] 8ed29f0c-5e75-4a46-9312-e4b7b6f2c25b: valid; 8.3 s; peak memory 10572 MiB.
2026-09-16T18:33:05Z INFO [1438/2201] 8ed8263d-eefa-47e3-b672-0d1d05de17eb: valid; 2.3 s; peak memory 10572 MiB.
2026-09-16T18:33:10Z INFO [1439/2201] 8f09f8d0-822a-4f90-934f-4a981a6d5d2d: valid; 4.5 s; peak memory 10572 MiB.
2026-09-16T18:33:12Z INFO [1440/2201] 8f46de36-b0ae-441c-a92d-cba5fce0ceb6: not valid; 1.9 s; peak memory 10572 MiB.
2026-09-16T18:33:15Z INFO [1441/2201] 8f50832b-d675-4f19-8fb5-ef3de8513c83: valid; 3.2 s; peak memory 10572 MiB.
2026-09-16T18:33:20Z INFO [1442/2201] 8f58223e-ffeb-417d-bd5f-83f9698d6f5f: valid; 5.0 s; peak memory 10572 MiB.
2026-09-16T18:33:22Z INFO [1443/2201] 8f85e56f-c94d-481e-b324-91595c6b2b20: valid; 1.6 s; peak memory 10572 MiB.
2026-09-16T18:33:24Z INFO [1444/2201] 8fd14e92-66e2-41b8-9d02-34e0f180290d: not valid; 2.3 s; peak memory 10572 MiB.
2026-09-16T18:33:27Z INFO [1445/2201] 8fde4aa7-839c-4069-8581-0d95ba3740fa: valid; 3.5 s; peak memory 10572 MiB.
2026-09-16T18:33:30Z INFO [1446/2201] 8ff09744-b31e-4e5b-add0-64ea1fdf9f8f: valid; 2.4 s; peak memory 10572 MiB.
2026-09-16T18:33:31Z INFO [1447/2201] 90197b57-e84f-455a-8bd1-ddeda1d3902b: valid; 1.4 s; peak memory 10572 MiB.
2026-09-16T18:33:47Z INFO [1448/2201] 901f92e7-2b49-4aa1-bd22-607cb9d4a023: valid; 15.9 s; peak memory 10572 MiB.
2026-09-16T18:33:49Z INFO [1449/2201] 903e08ac-19ad-412b-9922-e3a47a2eb949: valid; 1.4 s; peak memory 10572 MiB.
2026-09-16T18:33:52Z INFO [1450/2201] 905bb7a5-36c6-4397-b1b7-eb61b9bac33f: valid; 3.1 s; peak memory 10572 MiB.
2026-09-16T18:33:52Z INFO [1450/2201] 905bb7a5-36c6-4397-b1b7-eb61b9bac33f: checkpointed 66010 records.
2026-09-16T18:33:54Z INFO [1451/2201] 9080ae05-9744-46fe-bf9c-99e7403dfc34: not valid; 1.7 s; peak memory 10572 MiB.
2026-09-16T18:34:11Z INFO [1452/2201] 90842add-6217-4697-a089-b68cf6836671: valid; 17.2 s; peak memory 10572 MiB.
2026-09-16T18:34:13Z INFO [1453/2201] 90967359-9048-4585-9721-5d3c7e3a3ca1: valid; 2.2 s; peak memory 10572 MiB.
2026-09-16T18:34:16Z INFO [1454/2201] 90ad3bfd-ec6a-454d-9da2-a358027a6f4b: valid; 3.3 s; peak memory 10572 MiB.
2026-09-16T18:34:24Z INFO [1455/2201] 90b813dc-20b1-4182-b0e1-02752e49b7dd: not valid; 7.6 s; peak memory 10572 MiB.
2026-09-16T18:34:26Z INFO [1456/2201] 90e35a15-ad0f-483d-89db-8b7e48e4f52b: valid; 1.9 s; peak memory 10572 MiB.
2026-09-16T18:34:28Z INFO [1457/2201] 90f02400-8c3c-4f36-8b06-51fae7d974ad: valid; 2.6 s; peak memory 10572 MiB.
2026-09-16T18:34:30Z INFO [1458/2201] 914ffc4f-b922-46e0-b973-068d464141ee: valid; 1.4 s; peak memory 10572 MiB.
2026-09-16T18:34:32Z INFO [1459/2201] 917b7dbb-e976-4a8a-a77e-e73bc14e16f4: valid; 2.2 s; peak memory 10572 MiB.
2026-09-16T18:34:34Z INFO [1460/2201] 919ee0a1-cbe4-4edf-b117-265c0d6c31d3: valid; 2.2 s; peak memory 10572 MiB.
2026-09-16T18:34:36Z INFO [1461/2201] 91d524a2-1328-4a45-9a0e-b2ff6a2df10b: not valid; 2.1 s; peak memory 10572 MiB.
2026-09-16T18:34:38Z INFO [1462/2201] 91dd8f7b-9372-4e93-86ca-848e3dab8115: not valid; 1.9 s; peak memory 10572 MiB.
2026-09-16T18:34:40Z INFO [1463/2201] 91e8adf1-4b16-472a-9121-84747b14c27a: not valid; 1.7 s; peak memory 10572 MiB.
2026-09-16T18:34:44Z INFO [1464/2201] 9279a9be-5498-48fc-a649-1ac85e9a61fa: valid; 3.8 s; peak memory 10572 MiB.
2026-09-16T18:34:46Z INFO [1465/2201] 9299f5a1-8536-4bb9-8010-2268dc0a4639: valid; 2.2 s; peak memory 10572 MiB.
2026-09-16T18:34:48Z INFO [1466/2201] 92a3c4dd-828c-4acc-b718-8d6722b20a64: valid; 2.5 s; peak memory 10572 MiB.
2026-09-16T18:34:50Z INFO [1467/2201] 93163c1c-0ac4-4e5d-96c8-55d845e19f2d: valid; 1.4 s; peak memory 10572 MiB.
2026-09-16T18:34:51Z INFO [1468/2201] 93296232-b44b-4d4c-8c37-4a0fea11d673: not valid; 1.4 s; peak memory 10572 MiB.
2026-09-16T18:34:53Z INFO [1469/2201] 932ddcbd-3275-4891-b341-8e0facf0a72e: valid; 1.5 s; peak memory 10572 MiB.
2026-09-16T18:34:56Z INFO [1470/2201] 934b6445-b96f-457c-a548-4718d52f78ab: valid; 3.4 s; peak memory 10572 MiB.
2026-09-16T18:34:57Z INFO [1471/2201] 9390b19b-5b05-4519-baaf-5fc6cf9b4300: valid; 1.3 s; peak memory 10572 MiB.
2026-09-16T18:34:59Z INFO [1472/2201] 93c60bbd-6d66-47eb-b6b1-269d7b5841c2: not valid; 1.8 s; peak memory 10572 MiB.
2026-09-16T18:35:03Z INFO [1473/2201] 93c7c027-21ea-4eb2-9275-8ec7d9b7869a: not valid; 3.6 s; peak memory 10572 MiB.
2026-09-16T18:35:07Z INFO [1474/2201] 93cb6d98-24bf-4ff6-b698-63fba823a0af: valid; 3.8 s; peak memory 10572 MiB.
2026-09-16T18:35:08Z INFO [1475/2201] 93f0216e-521f-4594-958d-cddfc3c945a7: valid; 1.5 s; peak memory 10572 MiB.
2026-09-16T18:35:10Z INFO [1476/2201] 9420f0a9-ed21-48a2-9161-560c0d6d65c6: valid; 1.5 s; peak memory 10572 MiB.
2026-09-16T18:35:11Z INFO [1477/2201] 9444806f-9c56-4502-9075-3e2f1976179d: valid; 1.4 s; peak memory 10572 MiB.
2026-09-16T18:35:13Z INFO [1478/2201] 945aa706-c43f-4783-bb16-7f19a39601bb: valid; 2.2 s; peak memory 10572 MiB.
2026-09-16T18:35:15Z INFO [1479/2201] 947549d7-63ab-4b6a-93cc-a1edd2d64965: valid; 1.4 s; peak memory 10572 MiB.
2026-09-16T18:35:18Z INFO [1480/2201] 9491df8c-24fd-4a5a-9c1e-724ec24c53d5: valid; 3.4 s; peak memory 10572 MiB.
2026-09-16T18:35:35Z INFO [1481/2201] 949cfdde-9a98-46d3-9b69-e7f3233184ac: valid; 16.9 s; peak memory 10572 MiB.
2026-09-16T18:35:35Z WARNING 94a6e823-3ac3-4589-a26d-708d8707381c: failed while retrieving asset information from the DANDI API (NotFoundError: No asset at path 'sub-healthy-simulated-beta/sub-healthy-simulated-beta_ses-2959_ecephys.nwb' in version 0.250327.2220. Verify the path is correct and the asset exists in this version. Use 'dandi ls' to list available assets.)
2026-09-16T18:35:37Z INFO [1483/2201] 94ad540a-be8a-4dff-ae10-5ba4926b7705: valid; 1.9 s; peak memory 10572 MiB.
2026-09-16T18:35:38Z INFO [1484/2201] 94bc768a-14c0-4152-9313-4bbfbdab1db5: valid; 1.4 s; peak memory 10572 MiB.
2026-09-16T18:35:40Z INFO [1485/2201] 94c23580-1dae-4ea4-bc5e-79ad399ae9e2: valid; 1.3 s; peak memory 10572 MiB.
2026-09-16T18:35:43Z INFO [1486/2201] 94c75ec5-9bbe-4f7f-a30c-7e9431c27e8a: valid; 3.0 s; peak memory 10572 MiB.
2026-09-16T18:35:45Z INFO [1487/2201] 94da7f13-989a-4c5b-a23d-b29fff1afe2c: valid; 2.1 s; peak memory 10572 MiB.
2026-09-16T18:35:46Z INFO [1488/2201] 9502f81d-8b85-4388-b52c-479b8f2d9c9d: valid; 1.5 s; peak memory 10572 MiB.
2026-09-16T18:35:48Z INFO [1489/2201] 9503f6ad-351c-4419-aa58-972d6c5d6502: not valid; 2.0 s; peak memory 10572 MiB.
2026-09-16T18:35:50Z INFO [1490/2201] 9555bd13-e789-4946-b865-82a150b10810: not valid; 1.5 s; peak memory 10572 MiB.
2026-09-16T18:35:51Z INFO [1491/2201] 956962d1-0fe0-4657-85d0-342ff9853b75: valid; 1.3 s; peak memory 10572 MiB.
2026-09-16T18:35:52Z INFO [1492/2201] 956c9545-79eb-48cb-96d7-ce0e0fba8beb: valid; 1.4 s; peak memory 10572 MiB.
2026-09-16T18:35:54Z INFO [1493/2201] 9578b8dd-6474-4a13-9303-24531b3bcee8: valid; 1.5 s; peak memory 10572 MiB.
2026-09-16T18:35:55Z INFO [1494/2201] 9587d7af-9c6b-47f5-b8bd-c309fcb9b021: valid; 1.2 s; peak memory 10572 MiB.
2026-09-16T18:35:57Z INFO [1495/2201] 9590a352-60fa-4f85-befc-81e217497e22: not valid; 1.8 s; peak memory 10572 MiB.
2026-09-16T18:35:59Z INFO [1496/2201] 95c345af-ab20-4670-a14b-1bc2907b7505: valid; 2.3 s; peak memory 10572 MiB.
2026-09-16T18:36:01Z INFO [1497/2201] 95d65e41-e2b7-4ff7-bf51-f0fa3e66a5e5: not valid; 1.9 s; peak memory 10572 MiB.
2026-09-16T18:36:23Z INFO [1498/2201] 95e58995-5318-4dc1-9ffc-755ec6fecd05: valid; 22.2 s; peak memory 10572 MiB.
2026-09-16T18:36:25Z INFO [1499/2201] 95fee6c8-0214-459a-80aa-7b75fc537afe: valid; 2.2 s; peak memory 10572 MiB.
2026-09-16T18:36:27Z INFO [1500/2201] 960b1353-0036-4cc4-aed5-24808ea45dd8: valid; 1.6 s; peak memory 10572 MiB.
2026-09-16T18:36:27Z INFO [1500/2201] 960b1353-0036-4cc4-aed5-24808ea45dd8: checkpointed 66010 records.
2026-09-16T18:36:30Z INFO [1501/2201] 961a6542-10e2-4492-9163-76d081059e6a: not valid; 2.1 s; peak memory 10572 MiB.
2026-09-16T18:36:32Z INFO [1502/2201] 96224872-65a3-4e38-ba92-1bd1541b60ac: valid; 2.5 s; peak memory 10572 MiB.
2026-09-16T18:36:34Z INFO [1503/2201] 962290f7-e8e3-4377-9655-3df87959cfb0: valid; 1.5 s; peak memory 10572 MiB.
2026-09-16T18:36:38Z INFO [1504/2201] 962f9ff7-5477-4057-8872-383600a48769: valid; 4.7 s; peak memory 10572 MiB.
2026-09-16T18:36:42Z INFO [1505/2201] 96938fa7-d9d4-4010-8b94-11ce6bf4eb70: valid; 4.0 s; peak memory 10572 MiB.
2026-09-16T18:36:48Z INFO [1506/2201] 96ad678f-3c56-4045-929d-ae6c26a9c1a9: valid; 5.5 s; peak memory 10572 MiB.
2026-09-16T18:36:49Z INFO [1507/2201] 9700d823-c40b-444b-a81e-a6c5e11c1b94: valid; 1.4 s; peak memory 10572 MiB.
2026-09-16T18:36:54Z INFO [1508/2201] 970456a5-3ba9-45ac-bec0-4cb967689c9d: valid; 5.1 s; peak memory 10572 MiB.
2026-09-16T18:36:56Z INFO [1509/2201] 970e3bce-f702-4ae2-9494-c88b311f22bf: valid; 1.5 s; peak memory 10572 MiB.
2026-09-16T18:36:58Z INFO [1510/2201] 972fcee0-4de9-45c7-838a-ee4b1c19e2f7: valid; 2.6 s; peak memory 10572 MiB.
2026-09-16T18:37:02Z INFO [1511/2201] 9753bd04-6269-4fbb-820a-b98f546eaa01: valid; 3.8 s; peak memory 10572 MiB.
2026-09-16T18:37:16Z INFO [1512/2201] 9798325b-f702-4828-8e8a-6e769a10956a: valid; 13.5 s; peak memory 10572 MiB.
2026-09-16T18:37:19Z WARNING 97a24bcc-8846-49f3-9102-99704767d6a4: failed while opening the NWB file (ConstructError: (root/general/optogenetics/PatternedOptogeneticStimulusSite GroupBuilder {'attributes': {'effector': 'GUR-3/PRDX-2', 'namespace': 'ndx-patterned-ogen', 'neurodata_type': 'PatternedOptogeneticStimulusSite', 'object_id': 'cd27421f-2ae2-4ae6-a4b7-63bdcd235c06'}, 'groups': {}, 'datasets': {'description': root/general/optogenetics/PatternedOptogeneticStimulusSite/description DatasetBuilder {'attributes': {}, 'data': 'Scanning'}, 'excitation_lambda': root/general/optogenetics/PatternedOptogeneticStimulusSite/excitation_lambda DatasetBuilder {'attributes': {}, 'data': np.float64(850.0)}, 'location': root/general/optogenetics/PatternedOptogeneticStimulusSite/location DatasetBuilder {'attributes': {}, 'data': 'whole brain'}}, 'links': {'device': root/general/optogenetics/PatternedOptogeneticStimulusSite/device LinkBuilder {'builder': root/general/devices/OptogeneticDevice GroupBuilder {'attributes': {'description': '', 'namespace': 'core', 'neurodata_type': 'Device', 'object_id': '8109f7f8-fe99-40b9-9d62-22129a8e8482'}, 'groups': {}, 'datasets': {}, 'links': {}}}, 'light_source': root/general/optogenetics/PatternedOptogeneticStimulusSite/light_source LinkBuilder {'builder': root/general/devices/AmplifiedLaser GroupBuilder {'attributes': {'description': 'For two-photon optogenetic targeting, we used an optical parametric amplifier (OPA; Light Conversion ORPHEUS) pumped by a femtosecond amplified laser (Light Conversion PHAROS).', 'filter_description': 'Short pass at 1040 nm', 'manufacturer': 'Light Conversion', 'model': 'ORPHEUS amplifier and PHAROS laser', 'namespace': 'ndx-patterned-ogen', 'neurodata_type': 'LightSource', 'object_id': '0cd11992-e745-4700-8e83-467eb74f4869', 'peak_power_in_W': np.float64(0.0012), 'pulse_rate_in_Hz': np.float64(500000.0), 'stimulation_wavelength_in_nm': np.float64(850.0)}, 'groups': {}, 'datasets': {}, 'links': {}}}}}, "Could not construct PatternedOptogeneticStimulusSite object due to: CustomClassGenerator.set_init.<locals>.__init__: incorrect type for 'spatial_light_modulator' (got 'list', expected 'Device')"))
2026-09-16T18:37:32Z INFO [1514/2201] 97ad8613-d137-491a-9d13-32f0e5312938: valid; 12.9 s; peak memory 10572 MiB.
2026-09-16T18:37:43Z INFO [1515/2201] 97c52437-361a-4be0-80ba-b4f1f3d02d7f: valid; 11.0 s; peak memory 10572 MiB.
2026-09-16T18:37:44Z INFO [1516/2201] 97c53da6-9e4b-49e7-a42b-6a88abb29c85: valid; 1.4 s; peak memory 10572 MiB.
2026-09-16T18:37:46Z INFO [1517/2201] 97e191a4-f34e-4ee3-90dd-bf72611b640b: valid; 1.5 s; peak memory 10572 MiB.
2026-09-16T18:37:47Z INFO [1518/2201] 97ef5a87-5902-4742-924c-8f820994a580: valid; 1.6 s; peak memory 10572 MiB.
2026-09-16T18:37:49Z INFO [1519/2201] 98012722-61f7-4ab4-80af-b4f7e1cc5f51: not valid; 1.6 s; peak memory 10572 MiB.
2026-09-16T18:37:50Z INFO [1520/2201] 980e1bba-7140-4d36-967f-9deb08606b87: valid; 1.8 s; peak memory 10572 MiB.
2026-09-16T18:37:54Z INFO [1521/2201] 985ebf1c-db57-4d97-b903-4a41efa99639: valid; 3.2 s; peak memory 10572 MiB.
2026-09-16T18:37:56Z INFO [1522/2201] 988862f2-9a77-4a31-ba15-3d9b039a8ec9: valid; 2.2 s; peak memory 10572 MiB.
2026-09-16T18:38:00Z INFO [1523/2201] 989ce995-681a-4072-9355-c7e93e091a05: valid; 4.5 s; peak memory 10572 MiB.
2026-09-16T18:38:03Z INFO [1524/2201] 98eba07d-a0b2-4741-9c27-900b515b5883: valid; 2.8 s; peak memory 10572 MiB.
2026-09-16T18:38:23Z INFO [1525/2201] 98ef2d2c-d2c2-4ad3-8ebf-56b1b4d8a5a3: valid; 20.4 s; peak memory 10572 MiB.
2026-09-16T18:38:26Z INFO [1526/2201] 98f4b62e-b9ee-4d10-a970-19d6207937d4: valid; 3.0 s; peak memory 10572 MiB.
2026-09-16T18:38:29Z INFO [1527/2201] 9902738a-a76e-404a-95b6-b9a838a1ca98: valid; 2.2 s; peak memory 10572 MiB.
2026-09-16T18:38:33Z INFO [1528/2201] 99126608-0bf6-4d6b-a629-5b970bedf969: valid; 4.6 s; peak memory 10572 MiB.
2026-09-16T18:38:37Z INFO [1529/2201] 991a9325-0c91-4891-8638-db87b032a9ca: not valid; 3.8 s; peak memory 10572 MiB.
2026-09-16T18:38:40Z INFO [1530/2201] 996d4d82-2a0e-4ab0-9a12-ac02fe3664b4: valid; 3.4 s; peak memory 10572 MiB.
2026-09-16T18:38:43Z INFO [1531/2201] 9979b991-f1db-4a97-a0b7-5bf30f4fb08d: not valid; 2.1 s; peak memory 10572 MiB.
2026-09-16T18:38:44Z INFO [1532/2201] 99ac6b80-0841-497a-9338-1c2a9b66aa30: valid; 1.6 s; peak memory 10572 MiB.
2026-09-16T18:38:47Z INFO [1533/2201] 99d0287b-55d1-4524-a8fb-6978757e22fe: valid; 2.6 s; peak memory 10572 MiB.
2026-09-16T18:38:50Z INFO [1534/2201] 99d71d68-84ef-449f-acea-5420bb20166a: valid; 3.5 s; peak memory 10572 MiB.
2026-09-16T18:38:52Z INFO [1535/2201] 99da1976-d5f7-41ee-8f47-3737ff237405: valid; 1.5 s; peak memory 10572 MiB.
2026-09-16T18:38:53Z INFO [1536/2201] 99eafe03-b649-4ec7-9963-da2be9bcd1ca: valid; 1.2 s; peak memory 10572 MiB.
2026-09-16T18:38:55Z INFO [1537/2201] 99f85440-32ab-49ce-9d1a-a3140caeec81: valid; 2.2 s; peak memory 10572 MiB.
2026-09-16T18:38:57Z INFO [1538/2201] 99ffabcd-6e53-4936-854e-57173ae93864: not valid; 1.6 s; peak memory 10572 MiB.
2026-09-16T18:38:59Z INFO [1539/2201] 9a08cc05-36a5-45cc-8809-2f14e1d129bb: valid; 2.5 s; peak memory 10572 MiB.
2026-09-16T18:39:01Z INFO [1540/2201] 9a196119-e710-439b-983f-e6e3f5ba0db4: not valid; 1.7 s; peak memory 10572 MiB.
2026-09-16T18:39:05Z INFO [1541/2201] 9a205856-619a-4fe9-8d08-283ec216e7d1: not valid; 4.4 s; peak memory 10572 MiB.
2026-09-16T18:39:08Z INFO [1542/2201] 9a2f1a41-d43c-46ac-8d89-d18d101196e2: valid; 2.8 s; peak memory 10572 MiB.
2026-09-16T18:39:19Z INFO [1543/2201] 9a2f98a8-7f0a-4296-8a65-e380f9377a65: valid; 10.8 s; peak memory 10572 MiB.
2026-09-16T18:39:21Z INFO [1544/2201] 9a442866-0656-403f-82fc-039e70b90124: valid; 2.2 s; peak memory 10572 MiB.
2026-09-16T18:39:23Z WARNING 9a57ef75-8c26-48d5-8803-c645e53bc870: failed while opening the NWB file (ConstructError: (root/acquisition/_iblmic_audioSpectrogram/bands GroupBuilder {'attributes': {'colnames': array(['freq'], dtype=object), 'description': 'spectogram frequencies', 'namespace': 'core', 'neurodata_type': 'FrequencyBandsTable', 'object_id': '480a5624-d4cd-4c80-9a53-1d6567acaee3'}, 'groups': {}, 'datasets': {'freq': root/acquisition/_iblmic_audioSpectrogram/bands/freq DatasetBuilder {'attributes': {'description': 'frequency value', 'namespace': 'hdmf-common', 'neurodata_type': 'VectorData', 'object_id': '5398da8a-47f7-4027-a171-2ec33f60248b'}, 'data': <HDF5 dataset "freq": shape (257,), type "<f4">}, 'id': root/acquisition/_iblmic_audioSpectrogram/bands/id DatasetBuilder {'attributes': {'namespace': 'hdmf-common', 'neurodata_type': 'ElementIdentifiers', 'object_id': 'afd1952c-c72a-45c5-867f-55801285f10b'}, 'data': <HDF5 dataset "id": shape (257,), type "<i4">}}, 'links': {}}, "Could not construct FrequencyBandsTable object due to: column must have the same number of rows as 'id'"))
2026-09-16T18:39:25Z INFO [1546/2201] 9a5d846b-e5c0-4001-b4ee-92e0dc653dca: valid; 1.4 s; peak memory 10572 MiB.
2026-09-16T18:39:27Z INFO [1547/2201] 9a5e7a82-5044-4a2b-b117-e2ac1e0ee82c: valid; 2.5 s; peak memory 10572 MiB.
2026-09-16T18:39:31Z INFO [1548/2201] 9a80346a-2494-4d3b-a179-e3ae163a3aff: not valid; 4.2 s; peak memory 10572 MiB.
2026-09-16T18:39:33Z INFO [1549/2201] 9aa6a4f4-5f04-4050-8972-b6103c40b010: valid; 1.5 s; peak memory 10572 MiB.
2026-09-16T18:39:34Z INFO [1550/2201] 9ac2df75-f0b1-41f3-9006-9c1758f8ac8d: not valid; 1.6 s; peak memory 10572 MiB.
2026-09-16T18:39:35Z INFO [1550/2201] 9ac2df75-f0b1-41f3-9006-9c1758f8ac8d: checkpointed 66010 records.
2026-09-16T18:39:38Z INFO [1551/2201] 9adf4636-287c-44a0-a7f1-899ecc02c28f: valid; 3.0 s; peak memory 10572 MiB.
2026-09-16T18:39:40Z INFO [1552/2201] 9adfcedd-7eaf-45df-b99c-a2be7d8c3cb8: valid; 2.5 s; peak memory 10572 MiB.
2026-09-16T18:39:46Z INFO [1553/2201] 9ae3bd7e-a4e7-4c38-ba8d-ff30a3f5d2e4: valid; 5.7 s; peak memory 10572 MiB.
2026-09-16T18:39:48Z INFO [1554/2201] 9ae5e3e6-43c7-4072-b82b-535efdb96bd2: valid; 1.4 s; peak memory 10572 MiB.
2026-09-16T18:39:49Z INFO [1555/2201] 9afb0c3b-f458-4669-8219-f9de03363d19: not valid; 1.7 s; peak memory 10572 MiB.
2026-09-16T18:39:51Z INFO [1556/2201] 9b0a2499-3496-405f-9c6e-0dd8b0db38cc: valid; 1.4 s; peak memory 10572 MiB.
2026-09-16T18:39:54Z INFO [1557/2201] 9b584244-ba01-454c-98b5-fd64637dd251: valid; 3.1 s; peak memory 10572 MiB.
2026-09-16T18:40:04Z INFO [1558/2201] 9b5a2375-64ff-4697-ad19-23366b6d9182: not valid; 10.6 s; peak memory 10572 MiB.
2026-09-16T18:40:06Z INFO [1559/2201] 9b5e9e85-2841-452b-a311-d1e396daa8c4: valid; 1.4 s; peak memory 10572 MiB.
2026-09-16T18:40:07Z INFO [1560/2201] 9b92485a-ab0c-4265-b379-5f29aeec12b9: valid; 1.4 s; peak memory 10572 MiB.
2026-09-16T18:40:09Z INFO [1561/2201] 9ba63307-2085-422f-8f3f-f2536a4be927: valid; 1.3 s; peak memory 10572 MiB.
2026-09-16T18:40:11Z INFO [1562/2201] 9bc2b34d-1834-43cb-8088-7462bdc0099c: not valid; 2.2 s; peak memory 10572 MiB.
2026-09-16T18:40:13Z INFO [1563/2201] 9bd4a152-1ce7-40c0-93a7-bb315a2da2c6: valid; 2.0 s; peak memory 10572 MiB.
2026-09-16T18:40:22Z INFO [1564/2201] 9beb23a4-db16-4fae-9778-bbe19e1ff9cb: valid; 9.2 s; peak memory 10572 MiB.
2026-09-16T18:40:24Z INFO [1565/2201] 9c22c941-5f9a-4ff1-9941-95794b7caeef: not valid; 1.7 s; peak memory 10572 MiB.
2026-09-16T18:40:26Z INFO [1566/2201] 9c6c4564-86ab-40ec-a7ca-5851769c04c1: valid; 2.1 s; peak memory 10572 MiB.
2026-09-16T18:40:27Z INFO [1567/2201] 9c87f761-14b4-4bd0-9c6a-557aaee44773: valid; 1.3 s; peak memory 10572 MiB.
2026-09-16T18:40:29Z INFO [1568/2201] 9cdfc557-1ca8-4336-bcb5-a5bc1bdb95e8: valid; 2.1 s; peak memory 10572 MiB.
2026-09-16T18:40:31Z INFO [1569/2201] 9d04c8fa-e938-4b4d-9582-243149010d7d: valid; 1.5 s; peak memory 10572 MiB.
2026-09-16T18:40:33Z INFO [1570/2201] 9d73b6ed-3d05-4134-8d74-bebee58a4f5b: not valid; 2.6 s; peak memory 10572 MiB.
2026-09-16T18:40:36Z INFO [1571/2201] 9d7fd7fc-35ab-4e71-871b-3a3efe4208e0: not valid; 2.8 s; peak memory 10572 MiB.
2026-09-16T18:40:39Z INFO [1572/2201] 9dc65ac6-e52e-41fb-a5d6-e8564223e96b: not valid; 2.7 s; peak memory 10572 MiB.
2026-09-16T18:40:41Z INFO [1573/2201] 9dca0c2e-5e3c-4e1c-a6bc-fa61c6ed1ddb: not valid; 2.0 s; peak memory 10572 MiB.
2026-09-16T18:40:44Z INFO [1574/2201] 9dd35926-b611-4cdf-827d-39c7a79bcbba: valid; 3.4 s; peak memory 10572 MiB.
2026-09-16T18:40:47Z INFO [1575/2201] 9de2af4f-bf35-4e22-ac14-1fc953cd3ac6: valid; 2.5 s; peak memory 10572 MiB.
2026-09-16T18:40:49Z WARNING 9ded2897-005a-4058-a1c5-2d6233833fcf: failed while opening the NWB file (ConstructError: (root/acquisition/event_code_meanings GroupBuilder {'attributes': {'colnames': array(['value', 'meaning'], dtype=object), 'description': 'Mapping integer event codes to event labels', 'namespace': 'ndx-events', 'neurodata_type': 'MeaningsTable', 'object_id': 'cd6c4d25-1bc0-4cb6-a202-b6fdd5453124'}, 'groups': {}, 'datasets': {'id': root/acquisition/event_code_meanings/id DatasetBuilder {'attributes': {'namespace': 'hdmf-common', 'neurodata_type': 'ElementIdentifiers', 'object_id': '4566621a-dfae-4569-9af8-da8b7b9d57c6'}, 'data': <HDF5 dataset "id": shape (26,), type "<i8">}, 'meaning': root/acquisition/event_code_meanings/meaning DatasetBuilder {'attributes': {'description': 'The meaning of the value in the parent CategoricalVectorData object.', 'namespace': 'hdmf-experimental', 'neurodata_type': 'VectorData', 'object_id': '6ee0e87c-f037-4281-8e08-b0763e75144a'}, 'data': <StrDataset for HDF5 dataset "meaning": shape (26,), type "|O">}, 'value': root/acquisition/event_code_meanings/value DatasetBuilder {'attributes': {'description': 'The value of the parent CategoricalVectorData object.', 'namespace': 'hdmf-experimental', 'neurodata_type': 'VectorData', 'object_id': 'ad294725-91d8-4a0a-bbe5-df8c614ff627'}, 'data': <HDF5 dataset "value": shape (26,), type "<i8">}}, 'links': {}}, "Could not construct MeaningsTable object due to: MeaningsTable.__init__: missing argument 'target'"))
2026-09-16T18:40:51Z WARNING 9e1c8ed8-3024-4f95-9269-84edea8775c8: failed while opening the NWB file (ConstructError: (root/acquisition/_iblmic_audioSpectrogram/bands GroupBuilder {'attributes': {'colnames': array(['freq'], dtype=object), 'description': 'spectogram frequencies', 'namespace': 'core', 'neurodata_type': 'FrequencyBandsTable', 'object_id': '41e86069-1531-4eb9-a147-9d2f3e1c730d'}, 'groups': {}, 'datasets': {'freq': root/acquisition/_iblmic_audioSpectrogram/bands/freq DatasetBuilder {'attributes': {'description': 'frequency value', 'namespace': 'hdmf-common', 'neurodata_type': 'VectorData', 'object_id': '685e1602-ba0d-433e-a7e8-86b3778d946b'}, 'data': <HDF5 dataset "freq": shape (257,), type "<f4">}, 'id': root/acquisition/_iblmic_audioSpectrogram/bands/id DatasetBuilder {'attributes': {'namespace': 'hdmf-common', 'neurodata_type': 'ElementIdentifiers', 'object_id': 'd12b6eec-7b56-450d-9ef3-6c04f256074e'}, 'data': <HDF5 dataset "id": shape (257,), type "<i4">}}, 'links': {}}, "Could not construct FrequencyBandsTable object due to: column must have the same number of rows as 'id'"))
2026-09-16T18:40:55Z INFO [1578/2201] 9e5426e1-3630-4555-b426-58d79df03501: valid; 3.9 s; peak memory 10572 MiB.
2026-09-16T18:40:57Z INFO [1579/2201] 9eae00ed-f43f-47aa-8ba3-4f890a12f978: valid; 2.2 s; peak memory 10572 MiB.
2026-09-16T18:40:57Z WARNING 9ee7ca89-804c-4164-b220-fef1da6a9843: failed while retrieving asset information from the DANDI API (NotFoundError: No asset at path 'sub-parkinson-simulated-beta/sub-parkinson-simulated-beta_ses-5889_ecephys.nwb' in version 0.250327.2220. Verify the path is correct and the asset exists in this version. Use 'dandi ls' to list available assets.)
2026-09-16T18:40:59Z INFO [1581/2201] 9ef9c682-12dc-4ebe-b9d7-abef4e93351b: valid; 2.0 s; peak memory 10572 MiB.
2026-09-16T18:41:01Z INFO [1582/2201] 9f6daeba-bcef-4df8-8313-01b7718b6c2e: valid; 1.7 s; peak memory 10572 MiB.
2026-09-16T18:41:06Z INFO [1583/2201] 9f8680fa-6b15-471b-b5cb-cbba818f6728: not valid; 5.6 s; peak memory 10572 MiB.
2026-09-16T18:41:16Z INFO [1584/2201] 9fca568f-3b3d-411c-bc24-ca0b0a1f7bf3: valid; 9.9 s; peak memory 10572 MiB.
2026-09-16T18:41:18Z INFO [1585/2201] 9fcb8834-bb33-4856-aa3c-019fc36e40e2: valid; 2.1 s; peak memory 10572 MiB.
2026-09-16T18:41:20Z INFO [1586/2201] 9fe01cdf-3794-4765-9607-e04bfe4f32a8: not valid; 1.8 s; peak memory 10572 MiB.
2026-09-16T18:41:21Z INFO [1587/2201] 9fffc1b9-7772-4af1-b452-0f9ea3e95398: valid; 1.3 s; peak memory 10572 MiB.
2026-09-16T18:41:26Z INFO [1588/2201] a00dc16c-e029-49c7-87ea-f3ee025eee8f: not valid; 4.6 s; peak memory 10572 MiB.
2026-09-16T18:41:27Z INFO [1589/2201] a022b804-27c7-416e-81d5-9fbad9e29545: valid; 1.5 s; peak memory 10572 MiB.
2026-09-16T18:41:30Z INFO [1590/2201] a062983f-7498-49ff-bf53-17ac966879d4: valid; 2.5 s; peak memory 10572 MiB.
2026-09-16T18:41:31Z INFO [1591/2201] a079a555-53af-4a41-b459-140d1dfd8085: valid; 1.5 s; peak memory 10572 MiB.
2026-09-16T18:41:33Z INFO [1592/2201] a08a6594-778b-4263-b0bb-f27a493a6c96: valid; 1.6 s; peak memory 10572 MiB.
2026-09-16T18:41:36Z INFO [1593/2201] a0f100ff-1c1f-4dd9-9c72-6319e23a2bdb: valid; 3.0 s; peak memory 10572 MiB.
2026-09-16T18:41:38Z INFO [1594/2201] a0f5ada5-43a5-4d35-ab93-93461d7ab7a2: not valid; 1.7 s; peak memory 10572 MiB.
2026-09-16T18:41:39Z INFO [1595/2201] a10199de-9063-4b45-a907-65a2b57ba33d: valid; 1.4 s; peak memory 10572 MiB.
2026-09-16T18:41:53Z INFO [1596/2201] a104dae1-e044-4824-b9aa-05e42a9d6c20: valid; 14.2 s; peak memory 10572 MiB.
2026-09-16T18:41:55Z INFO [1597/2201] a1096463-c785-461c-b51f-ec134264e2ee: not valid; 2.3 s; peak memory 10572 MiB.
2026-09-16T18:41:58Z INFO [1598/2201] a11230ef-714e-4e13-bfc2-0e9f4ff43505: valid; 2.8 s; peak memory 10572 MiB.
2026-09-16T18:42:01Z INFO [1599/2201] a18590e3-ec22-4331-b866-a76410f61118: valid; 2.6 s; peak memory 10572 MiB.
2026-09-16T18:42:01Z WARNING a195e938-04ca-40ce-bb65-7cd94ec32479: failed while retrieving asset information from the DANDI API (NotFoundError: No asset at path 'sub-460436/sub-460436_ses-20200107T111633_behavior+ecephys+ogen.nwb' in version 0.231012.2129. Verify the path is correct and the asset exists in this version. Use 'dandi ls' to list available assets.)
2026-09-16T18:42:02Z INFO [1600/2201] a195e938-04ca-40ce-bb65-7cd94ec32479: checkpointed 66010 records.
2026-09-16T18:42:09Z INFO [1601/2201] a1c314fc-8988-45c8-908d-b518598652da: not valid; 7.3 s; peak memory 10572 MiB.
2026-09-16T18:42:10Z INFO [1602/2201] a1d1f7bb-7eb4-473a-a5ee-632995ff4828: valid; 1.4 s; peak memory 10572 MiB.
2026-09-16T18:42:13Z WARNING a1e89aeb-f314-44dc-aade-f6744fa82ac2: failed while opening the NWB file (ConstructError: (root/acquisition/_iblmic_audioSpectrogram/bands GroupBuilder {'attributes': {'colnames': array(['freq'], dtype=object), 'description': 'spectogram frequencies', 'namespace': 'core', 'neurodata_type': 'FrequencyBandsTable', 'object_id': 'f5767634-ddba-4be2-891b-8f5ea6dbb318'}, 'groups': {}, 'datasets': {'freq': root/acquisition/_iblmic_audioSpectrogram/bands/freq DatasetBuilder {'attributes': {'description': 'frequency value', 'namespace': 'hdmf-common', 'neurodata_type': 'VectorData', 'object_id': 'e61d7ebf-4f61-4c24-9ed4-b830ee59509b'}, 'data': <HDF5 dataset "freq": shape (257,), type "<f4">}, 'id': root/acquisition/_iblmic_audioSpectrogram/bands/id DatasetBuilder {'attributes': {'namespace': 'hdmf-common', 'neurodata_type': 'ElementIdentifiers', 'object_id': 'a0a0f856-2093-421d-8f64-1a13400e5f62'}, 'data': <HDF5 dataset "id": shape (257,), type "<i4">}}, 'links': {}}, "Could not construct FrequencyBandsTable object due to: column must have the same number of rows as 'id'"))
2026-09-16T18:42:19Z INFO [1604/2201] a21e3952-b952-4e56-8a1f-78d5c45d0bd7: not valid; 6.4 s; peak memory 10572 MiB.
2026-09-16T18:42:22Z INFO [1605/2201] a222c967-3ef1-45a7-9955-bf3a118a8500: valid; 2.8 s; peak memory 10572 MiB.
2026-09-16T18:42:23Z INFO [1606/2201] a24ab0ba-39ba-49f8-8f8c-56bd14877fbb: valid; 1.5 s; peak memory 10572 MiB.
2026-09-16T18:42:25Z INFO [1607/2201] a2558871-9ab9-4d89-82b7-11eca6859dc8: valid; 1.4 s; peak memory 10572 MiB.
2026-09-16T18:42:28Z INFO [1608/2201] a25b1ff6-e50b-4dd8-91a5-08286faadb4b: valid; 3.2 s; peak memory 10572 MiB.
2026-09-16T18:42:31Z INFO [1609/2201] a292e481-65bb-4daf-b247-7d8c5e9a6bf7: valid; 3.1 s; peak memory 10572 MiB.
2026-09-16T18:43:21Z INFO [1610/2201] a2d921c6-9921-4b6d-89f3-9bf0e75e3e91: not valid; 49.6 s; peak memory 10572 MiB.
2026-09-16T18:43:24Z INFO [1611/2201] a2e18580-08ee-4a1d-8d70-1591c979fa67: valid; 3.1 s; peak memory 10572 MiB.
2026-09-16T18:43:25Z INFO [1612/2201] a2e6ffd2-6696-4b1f-b17a-c67fa0a1fa2e: valid; 1.2 s; peak memory 10572 MiB.
2026-09-16T18:43:28Z INFO [1613/2201] a3275120-ab32-41cf-b033-ad0064e6dd86: valid; 3.1 s; peak memory 10572 MiB.
2026-09-16T18:43:30Z INFO [1614/2201] a3854359-ed04-492c-8390-dea1b57481ba: valid; 2.2 s; peak memory 10572 MiB.
2026-09-16T18:43:33Z INFO [1615/2201] a39cad2e-f694-4ec2-a861-218afc8dafab: valid; 3.0 s; peak memory 10572 MiB.
2026-09-16T18:43:37Z INFO [1616/2201] a3c8404d-0b9b-4e3c-a08b-84939ea1018b: not valid; 3.4 s; peak memory 10572 MiB.
2026-09-16T18:43:39Z INFO [1617/2201] a3e464a2-e42b-47fc-a91f-a2b517829fec: not valid; 2.3 s; peak memory 10572 MiB.
2026-09-16T18:43:41Z INFO [1618/2201] a3f0880f-bd69-40b3-a07f-92709495f982: valid; 2.2 s; peak memory 10572 MiB.
2026-09-16T18:43:43Z INFO [1619/2201] a42fada6-6991-47f0-8d50-25382af4cf38: valid; 1.7 s; peak memory 10572 MiB.
2026-09-16T18:43:46Z INFO [1620/2201] a45ee059-d541-4950-ad22-395407eca972: not valid; 3.1 s; peak memory 10572 MiB.
2026-09-16T18:43:47Z INFO [1621/2201] a47e183c-1ab6-406d-b30b-ae9c5f128d68: valid; 1.7 s; peak memory 10572 MiB.
2026-09-16T18:43:55Z INFO [1622/2201] a48837b7-7f6c-4645-856b-b0b8aebbc1dc: valid; 7.6 s; peak memory 10572 MiB.
2026-09-16T18:44:00Z INFO [1623/2201] a4a9a556-cf1a-4712-b805-bb7f24d85561: not valid; 5.2 s; peak memory 10572 MiB.
2026-09-16T18:44:05Z INFO [1624/2201] a5011931-36e5-4ce3-a9bb-45668d3b942e: valid; 4.8 s; peak memory 10572 MiB.
2026-09-16T18:44:09Z INFO [1625/2201] a519972b-8be1-42ad-b5ce-7acf77671544: not valid; 3.5 s; peak memory 10572 MiB.
2026-09-16T18:44:11Z INFO [1626/2201] a53a0554-0ddb-451d-8769-3afa13efd82f: valid; 2.2 s; peak memory 10572 MiB.
2026-09-16T18:44:14Z INFO [1627/2201] a5438977-c6e8-4829-b58c-ac14aba3d095: valid; 3.4 s; peak memory 10572 MiB.
2026-09-16T18:44:17Z INFO [1628/2201] a5844097-4c32-474b-a450-d99fde0e686d: valid; 2.9 s; peak memory 10572 MiB.
2026-09-16T18:44:19Z INFO [1629/2201] a5b646b5-2ad8-4a40-be94-93d92fb7abac: valid; 1.5 s; peak memory 10572 MiB.
2026-09-16T18:44:21Z INFO [1630/2201] a5b64e40-3644-4b31-ba32-bbde563073bd: valid; 2.2 s; peak memory 10572 MiB.
2026-09-16T18:44:23Z INFO [1631/2201] a5cbc027-94c6-4ef4-b433-76732123200d: valid; 2.4 s; peak memory 10572 MiB.
2026-09-16T18:44:25Z INFO [1632/2201] a5d70a93-df81-42a7-917b-3b973f416486: valid; 1.4 s; peak memory 10572 MiB.
2026-09-16T18:44:42Z INFO [1633/2201] a5f82aaa-147d-46bc-87d3-8fcd0d45faae: valid; 17.2 s; peak memory 10572 MiB.
2026-09-16T18:44:45Z INFO [1634/2201] a61a3a4a-106c-4bb1-b296-dd48b74a7aea: valid; 3.0 s; peak memory 10572 MiB.
2026-09-16T18:44:46Z INFO [1635/2201] a62886c7-d98b-48e8-8930-eb65cdf251cf: valid; 1.4 s; peak memory 10572 MiB.
2026-09-16T18:44:48Z INFO [1636/2201] a64135c9-cbd9-4576-9671-8a2cf6a5fe2a: not valid; 2.2 s; peak memory 10572 MiB.
2026-09-16T18:44:50Z INFO [1637/2201] a64eb271-6876-4dbe-b04c-36f6e47fd5b6: valid; 1.5 s; peak memory 10572 MiB.
2026-09-16T18:44:52Z INFO [1638/2201] a6b3f884-eee9-4b61-bfa1-0874d3bd2db0: not valid; 1.7 s; peak memory 10572 MiB.
2026-09-16T18:44:55Z INFO [1639/2201] a709ce3f-f251-4907-8292-365e8e12b9a7: valid; 3.6 s; peak memory 10572 MiB.
2026-09-16T18:44:57Z INFO [1640/2201] a7228e2f-3d2f-4f91-af39-b861e270f826: valid; 1.8 s; peak memory 10572 MiB.
2026-09-16T18:45:01Z INFO [1641/2201] a72cf946-3d0d-4418-a890-bbaf4aa30ad6: valid; 4.1 s; peak memory 10572 MiB.
2026-09-16T18:45:03Z INFO [1642/2201] a74a6b22-6572-4c9f-9fe0-a8add38a4c6f: not valid; 1.9 s; peak memory 10572 MiB.
2026-09-16T18:45:06Z INFO [1643/2201] a75775d5-f612-40c7-b597-d663d5558eab: valid; 3.1 s; peak memory 10572 MiB.
2026-09-16T18:45:08Z INFO [1644/2201] a7666d06-7784-4143-ae62-3eed1ccf9579: valid; 1.8 s; peak memory 10572 MiB.
2026-09-16T18:45:08Z WARNING a76b9644-22de-4030-8c5c-19e6e77f9f29: failed while retrieving asset information from the DANDI API (NotFoundError: No asset at path 'sub-F2/sub-F2_ses-20190411T210000_behavior+ophys.nwb' in version 0.260415.1712. Verify the path is correct and the asset exists in this version. Use 'dandi ls' to list available assets.)
2026-09-16T18:45:14Z INFO [1646/2201] a7b2b58d-5236-44fe-afae-1a84e78f5ef2: not valid; 5.8 s; peak memory 10572 MiB.
2026-09-16T18:45:16Z INFO [1647/2201] a7c29ac3-3c2c-494e-b73a-c1e850cc8750: valid; 2.6 s; peak memory 10572 MiB.
2026-09-16T18:45:26Z INFO [1648/2201] a7cb8f21-05a6-4228-8094-5791916acac0: valid; 10.0 s; peak memory 10572 MiB.
2026-09-16T18:45:29Z INFO [1649/2201] a7d3cf08-78a0-4624-85f7-7a518fef31b2: valid; 2.9 s; peak memory 10572 MiB.
2026-09-16T18:45:31Z INFO [1650/2201] a7df31be-d384-4fca-a7dd-9079797e89f9: valid; 1.6 s; peak memory 10572 MiB.
2026-09-16T18:45:31Z INFO [1650/2201] a7df31be-d384-4fca-a7dd-9079797e89f9: checkpointed 66010 records.
2026-09-16T18:45:33Z INFO [1651/2201] a7e49807-eff0-4c83-95b7-45002e48a070: valid; 1.4 s; peak memory 10572 MiB.
2026-09-16T18:45:36Z INFO [1652/2201] a7e7b7d4-8b93-47e9-8c41-a10d0692def2: valid; 3.2 s; peak memory 10572 MiB.
2026-09-16T18:45:53Z INFO [1653/2201] a7f57fc8-c49f-413c-92ab-81fd567e7528: not valid; 17.1 s; peak memory 10572 MiB.
2026-09-16T18:45:55Z INFO [1654/2201] a80d2a29-e6f0-408e-9507-808bf8a599e0: not valid; 1.7 s; peak memory 10572 MiB.
2026-09-16T18:45:58Z INFO [1655/2201] a825da51-c4d4-43ab-acad-e6d89b5fed4c: not valid; 2.9 s; peak memory 10572 MiB.
2026-09-16T18:46:08Z INFO [1656/2201] a8359df9-6c3f-408b-9af8-3e409649007c: valid; 10.7 s; peak memory 10572 MiB.
2026-09-16T18:46:14Z INFO [1657/2201] a87eb212-1967-4542-8402-1b705f5ba54c: valid; 5.4 s; peak memory 10572 MiB.
2026-09-16T18:46:16Z INFO [1658/2201] a8c04f62-ec68-47c7-b7df-4dda11178fae: not valid; 1.9 s; peak memory 10572 MiB.
2026-09-16T18:46:18Z WARNING a8d54dce-15fc-4f38-b3d3-23a57ee4e092: failed while opening the NWB file (ConstructError: (root/acquisition/_iblmic_audioSpectrogram/bands GroupBuilder {'attributes': {'colnames': array(['freq'], dtype=object), 'description': 'spectogram frequencies', 'namespace': 'core', 'neurodata_type': 'FrequencyBandsTable', 'object_id': 'a014d396-d447-4c24-9c90-923fa22cb6d1'}, 'groups': {}, 'datasets': {'freq': root/acquisition/_iblmic_audioSpectrogram/bands/freq DatasetBuilder {'attributes': {'description': 'frequency value', 'namespace': 'hdmf-common', 'neurodata_type': 'VectorData', 'object_id': 'cce299a1-33e2-4652-b099-a78bf858eef0'}, 'data': <HDF5 dataset "freq": shape (257,), type "<f4">}, 'id': root/acquisition/_iblmic_audioSpectrogram/bands/id DatasetBuilder {'attributes': {'namespace': 'hdmf-common', 'neurodata_type': 'ElementIdentifiers', 'object_id': '2f4b4b3d-0e54-4d45-a8c1-3265c3fd0cb2'}, 'data': <HDF5 dataset "id": shape (257,), type "<i4">}}, 'links': {}}, "Could not construct FrequencyBandsTable object due to: column must have the same number of rows as 'id'"))
2026-09-16T18:46:27Z INFO [1660/2201] a8e51b41-3933-4442-88b0-1cb9a7f666a9: valid; 8.9 s; peak memory 10572 MiB.
2026-09-16T18:46:46Z INFO [1661/2201] a91e8a6f-7d81-47bb-bb67-6e52c2df6b48: valid; 19.6 s; peak memory 10572 MiB.
2026-09-16T18:46:48Z INFO [1662/2201] a93d8ab9-c1c0-45b0-bc2e-3011de3f0795: valid; 1.6 s; peak memory 10572 MiB.
2026-09-16T18:46:49Z INFO [1663/2201] a98eb354-7c79-4922-b6c7-b818547d1098: valid; 1.3 s; peak memory 10572 MiB.
2026-09-16T18:46:49Z WARNING a9ad71d3-f2e5-42ed-ac32-15c283e2739d: failed while retrieving asset information from the DANDI API (NotFoundError: No asset at path 'sub-healthy-simulated-lfp/sub-healthy-simulated-lfp_ses-8484_ecephys.nwb' in version 0.250327.2220. Verify the path is correct and the asset exists in this version. Use 'dandi ls' to list available assets.)
2026-09-16T18:46:53Z INFO [1665/2201] aa1bb7e2-42cc-4828-8cc9-3930976ab77d: valid; 3.3 s; peak memory 10572 MiB.
2026-09-16T18:46:55Z INFO [1666/2201] aa68f762-308a-4768-8ba8-a3d2d4cf4559: valid; 2.3 s; peak memory 10572 MiB.
2026-09-16T18:46:57Z INFO [1667/2201] aad9ccf7-370d-4716-bd51-a9b7a37f2d67: valid; 2.2 s; peak memory 10572 MiB.
2026-09-16T18:46:58Z INFO [1668/2201] aae2ebeb-9154-409b-b77c-5d1b79bda240: valid; 1.3 s; peak memory 10572 MiB.
2026-09-16T18:47:00Z INFO [1669/2201] aae54a6a-4b00-4934-80b9-31c7329acdf0: valid; 1.5 s; peak memory 10572 MiB.
2026-09-16T18:47:02Z INFO [1670/2201] ab18a9b4-598c-4cbc-987b-3a24a9daa485: not valid; 1.6 s; peak memory 10572 MiB.
2026-09-16T18:47:04Z INFO [1671/2201] ab2e650f-1b2e-4222-bd22-42346b56ba66: valid; 2.3 s; peak memory 10572 MiB.
2026-09-16T18:47:16Z INFO [1672/2201] ab57d2ee-cc26-4115-9db5-05a547cfc6c3: valid; 12.3 s; peak memory 10572 MiB.
2026-09-16T18:47:19Z INFO [1673/2201] aba24bc0-5dd6-474d-a82b-71722f2e7f62: valid; 3.0 s; peak memory 10572 MiB.
2026-09-16T18:47:21Z WARNING abd06f61-4c5e-4454-bd3c-131ddf1780fb: failed while opening the NWB file (ConstructError: (root/acquisition/event_code_meanings GroupBuilder {'attributes': {'colnames': array(['value', 'meaning'], dtype=object), 'description': 'Mapping integer event codes to event labels', 'namespace': 'ndx-events', 'neurodata_type': 'MeaningsTable', 'object_id': '29ce5087-4f03-4adb-8364-13ffd42c412f'}, 'groups': {}, 'datasets': {'id': root/acquisition/event_code_meanings/id DatasetBuilder {'attributes': {'namespace': 'hdmf-common', 'neurodata_type': 'ElementIdentifiers', 'object_id': 'ce312479-0c0f-4223-885c-1ad82bc63511'}, 'data': <HDF5 dataset "id": shape (26,), type "<i8">}, 'meaning': root/acquisition/event_code_meanings/meaning DatasetBuilder {'attributes': {'description': 'The meaning of the value in the parent CategoricalVectorData object.', 'namespace': 'hdmf-experimental', 'neurodata_type': 'VectorData', 'object_id': '4aae131b-5d9d-435a-a9ac-62627b69ff99'}, 'data': <StrDataset for HDF5 dataset "meaning": shape (26,), type "|O">}, 'value': root/acquisition/event_code_meanings/value DatasetBuilder {'attributes': {'description': 'The value of the parent CategoricalVectorData object.', 'namespace': 'hdmf-experimental', 'neurodata_type': 'VectorData', 'object_id': 'c3598442-679f-4212-83e4-7819c6662bbc'}, 'data': <HDF5 dataset "value": shape (26,), type "<i8">}}, 'links': {}}, "Could not construct MeaningsTable object due to: MeaningsTable.__init__: missing argument 'target'"))
2026-09-16T18:47:26Z INFO [1675/2201] abd11d56-740c-43e1-bff6-118dd479f8bf: valid; 5.0 s; peak memory 10572 MiB.
2026-09-16T18:47:28Z INFO [1676/2201] abd6778c-f0ed-4aad-865b-19ecbc6409c7: valid; 2.1 s; peak memory 10572 MiB.
2026-09-16T18:47:30Z INFO [1677/2201] abede1ec-9f1d-4db9-a8aa-8a9c2d33feae: not valid; 1.9 s; peak memory 10572 MiB.
2026-09-16T18:47:32Z INFO [1678/2201] ac186c70-cf84-4a06-8767-d1e1876bc44c: valid; 1.7 s; peak memory 10572 MiB.
2026-09-16T18:47:33Z INFO [1679/2201] ac1dac56-4394-4bbc-b440-36da04f805b1: valid; 1.6 s; peak memory 10572 MiB.
2026-09-16T18:47:44Z INFO [1680/2201] ac2d84cd-6957-4c37-a7de-3da24bd4e0fb: valid; 10.6 s; peak memory 10572 MiB.
2026-09-16T18:47:45Z INFO [1681/2201] ac2e524b-4b15-4374-9b9b-22d98341ee85: valid; 1.4 s; peak memory 10572 MiB.
2026-09-16T18:47:47Z INFO [1682/2201] ac32e7cc-6699-417a-9334-76a6253e1f09: valid; 2.2 s; peak memory 10572 MiB.
2026-09-16T18:47:49Z INFO [1683/2201] ac405d22-dcf0-4093-8afe-f1cb0b40b6ea: valid; 1.6 s; peak memory 10572 MiB.
2026-09-16T18:47:50Z INFO [1684/2201] ac6b2d9f-c625-4236-891e-e4a8ac769de3: valid; 1.4 s; peak memory 10572 MiB.
2026-09-16T18:47:53Z INFO [1685/2201] ac98b906-802f-499c-b61b-31788a83b80f: not valid; 2.8 s; peak memory 10572 MiB.
2026-09-16T18:47:55Z INFO [1686/2201] acd7db97-59b7-4099-8be0-d8ad5096156d: valid; 2.1 s; peak memory 10572 MiB.
2026-09-16T18:47:57Z INFO [1687/2201] ad189067-0a02-4e29-83c9-f33b3ea972f8: valid; 2.0 s; peak memory 10572 MiB.
2026-09-16T18:48:01Z INFO [1688/2201] ad18ecf4-b958-4353-8ffd-670524ed11a5: valid; 3.6 s; peak memory 10572 MiB.
2026-09-16T18:48:03Z INFO [1689/2201] ad1d54da-9365-4887-8afd-b1e1a275f05a: valid; 1.6 s; peak memory 10572 MiB.
2026-09-16T18:48:11Z INFO [1690/2201] ad27bbf7-3a45-4b8f-883a-332dc0884771: valid; 8.5 s; peak memory 10572 MiB.
2026-09-16T18:48:14Z INFO [1691/2201] ad5acd40-1a35-44ca-8d96-c707f09775e2: valid; 2.7 s; peak memory 10572 MiB.
2026-09-16T18:48:17Z INFO [1692/2201] ad9a4fce-900d-4f60-ac6b-b7746e9615ac: valid; 3.2 s; peak memory 10572 MiB.
2026-09-16T18:51:46Z INFO [1693/2201] add5ea03-8d1e-4ecd-a570-03a2fdbba788: valid; 209.1 s; peak memory 10572 MiB.
2026-09-16T18:51:48Z INFO [1694/2201] ae4d4035-c6a0-44a9-8d80-b2e40a76ccd8: valid; 2.3 s; peak memory 10572 MiB.
2026-09-16T18:52:00Z INFO [1695/2201] ae4e28a4-5e79-46ab-bf7a-72b400e08545: valid; 11.7 s; peak memory 10572 MiB.
2026-09-16T18:52:02Z INFO [1696/2201] ae7528ae-8422-4119-954b-926ef7627c11: valid; 2.2 s; peak memory 10572 MiB.
2026-09-16T18:52:04Z INFO [1697/2201] ae9cef75-d52d-4dda-b621-1ce506b101a8: not valid; 1.6 s; peak memory 10572 MiB.
2026-09-16T18:52:06Z INFO [1698/2201] aec472a0-323d-4cae-b49c-717172d906dd: valid; 2.1 s; peak memory 10572 MiB.
2026-09-16T18:52:33Z INFO [1699/2201] aedb92d3-9d50-4017-bd8d-45db1ece6fd2: valid; 26.8 s; peak memory 10572 MiB.
2026-09-16T18:52:38Z INFO [1700/2201] aedf81c1-15d2-4ce5-ba03-67b318b7a744: not valid; 5.2 s; peak memory 10572 MiB.
2026-09-16T18:52:38Z INFO [1700/2201] aedf81c1-15d2-4ce5-ba03-67b318b7a744: checkpointed 66010 records.
2026-09-16T18:52:42Z INFO [1701/2201] af12fcf2-403b-4d2e-8620-708872454234: valid; 3.3 s; peak memory 10572 MiB.
2026-09-16T18:52:49Z INFO [1702/2201] af44d07e-8238-43ee-b514-36a21a6dad02: valid; 7.4 s; peak memory 10572 MiB.
2026-09-16T18:52:52Z INFO [1703/2201] af4ae0fb-3a93-454c-a884-87370e818a68: valid; 3.2 s; peak memory 10572 MiB.
2026-09-16T18:52:56Z INFO [1704/2201] af973060-e7ff-47a2-b947-d438bd6e1373: valid; 3.4 s; peak memory 10572 MiB.
2026-09-16T18:53:04Z INFO [1705/2201] afa3ddee-aac3-4b80-8c17-9c6c010ae6d1: valid; 7.9 s; peak memory 10572 MiB.
2026-09-16T18:53:06Z INFO [1706/2201] afc25e79-4445-4a55-b907-c135c5735983: valid; 2.3 s; peak memory 10572 MiB.
2026-09-16T18:53:06Z WARNING afec1efd-a54d-4dfc-b925-a2880220f845: failed while retrieving asset information from the DANDI API (NotFoundError: No such Dandiset: 001533)
2026-09-16T18:53:06Z WARNING b01ed851-5c09-4639-b05d-767c4381f14d: failed while retrieving asset information from the DANDI API (NotFoundError: No asset at path 'sub-EPCNHP1/sub-EPCNHP1_ses-2019-09-23-003_ecephys.nwb' in version 0.240701.1903. Verify the path is correct and the asset exists in this version. Use 'dandi ls' to list available assets.)
2026-09-16T18:53:09Z INFO [1709/2201] b0264f85-b08c-449b-afbe-24c88c7e6813: not valid; 2.9 s; peak memory 10572 MiB.
2026-09-16T18:53:10Z INFO [1710/2201] b0278951-7e16-4127-b1f9-297c3c930126: valid; 1.4 s; peak memory 10572 MiB.
2026-09-16T18:53:12Z INFO [1711/2201] b02aa4bc-91a3-43cb-8a78-9241cd965f94: not valid; 1.6 s; peak memory 10572 MiB.
2026-09-16T18:53:13Z INFO [1712/2201] b03b2a5f-192d-4e2b-bc60-bb7f6e49931c: valid; 1.3 s; peak memory 10572 MiB.
2026-09-16T18:53:16Z INFO [1713/2201] b052826a-fc35-4bc2-9191-b7fccf408ac3: valid; 3.0 s; peak memory 10572 MiB.
2026-09-16T18:53:21Z INFO [1714/2201] b05a8da7-ba37-4b82-ad2f-6279de6d3441: valid; 4.7 s; peak memory 10572 MiB.
2026-09-16T18:53:23Z INFO [1715/2201] b06a6d48-d6ec-48c5-abdf-c0786fa60866: valid; 1.8 s; peak memory 10572 MiB.
2026-09-16T18:53:25Z INFO [1716/2201] b0875227-5cf1-4ccf-b8a7-382a3af432cb: valid; 2.4 s; peak memory 10572 MiB.
2026-09-16T18:53:27Z INFO [1717/2201] b0bfea35-e1d1-49e1-8689-0acca3d70214: valid; 1.4 s; peak memory 10572 MiB.
2026-09-16T18:53:30Z INFO [1718/2201] b0d1c189-7078-46e7-91af-32543c2dee12: valid; 3.5 s; peak memory 10572 MiB.
2026-09-16T18:53:33Z INFO [1719/2201] b1076b5c-4ed3-4442-9d8b-b449b1a520c6: not valid; 2.6 s; peak memory 10572 MiB.
2026-09-16T18:53:36Z INFO [1720/2201] b109914c-456f-482f-9434-dd5d2370b10e: valid; 3.5 s; peak memory 10572 MiB.
2026-09-16T18:53:38Z INFO [1721/2201] b109cde0-ec5f-4a96-86ab-7cc45c929310: valid; 1.4 s; peak memory 10572 MiB.
2026-09-16T18:53:40Z WARNING b11c2cdc-d5cc-4635-99e9-66f188abd465: failed while opening the NWB file (ConstructError: (root/acquisition/_iblmic_audioSpectrogram/bands GroupBuilder {'attributes': {'colnames': array(['freq'], dtype=object), 'description': 'spectogram frequencies', 'namespace': 'core', 'neurodata_type': 'FrequencyBandsTable', 'object_id': '3e01c585-0b11-407f-9b20-66c1d228f93a'}, 'groups': {}, 'datasets': {'freq': root/acquisition/_iblmic_audioSpectrogram/bands/freq DatasetBuilder {'attributes': {'description': 'frequency value', 'namespace': 'hdmf-common', 'neurodata_type': 'VectorData', 'object_id': '4c06fd4e-8c56-4646-a0a0-cefbf7935d3f'}, 'data': <HDF5 dataset "freq": shape (257,), type "<f4">}, 'id': root/acquisition/_iblmic_audioSpectrogram/bands/id DatasetBuilder {'attributes': {'namespace': 'hdmf-common', 'neurodata_type': 'ElementIdentifiers', 'object_id': 'a0a2555d-b049-4380-a8db-036f21d4d612'}, 'data': <HDF5 dataset "id": shape (257,), type "<i4">}}, 'links': {}}, "Could not construct FrequencyBandsTable object due to: column must have the same number of rows as 'id'"))
2026-09-16T18:53:41Z INFO [1723/2201] b125d620-a617-4153-bebb-e19258e403ab: valid; 1.7 s; peak memory 10572 MiB.
2026-09-16T18:53:42Z INFO [1724/2201] b13b947a-8c6a-4009-a50b-838cbeb25e66: valid; 1.2 s; peak memory 10572 MiB.
2026-09-16T18:53:44Z INFO [1725/2201] b149d8b9-7885-4483-87cf-0af53ca274b2: valid; 1.5 s; peak memory 10572 MiB.
2026-09-16T18:53:45Z INFO [1726/2201] b14fc64d-a08b-475b-9dae-d01dc04e9c48: valid; 1.4 s; peak memory 10572 MiB.
2026-09-16T18:53:47Z INFO [1727/2201] b1507274-5e2a-4f9a-8e40-177807b039ee: valid; 1.8 s; peak memory 10572 MiB.
2026-09-16T18:53:49Z INFO [1728/2201] b1507ebe-d3e0-4537-b2be-f465660f29cd: not valid; 1.8 s; peak memory 10572 MiB.
2026-09-16T18:53:58Z INFO [1729/2201] b171b5e9-5adf-4688-81f6-dfe64cebbc0a: valid; 9.0 s; peak memory 10572 MiB.
2026-09-16T18:54:00Z INFO [1730/2201] b176a5d3-3782-423e-8055-b7287598eb76: valid; 2.1 s; peak memory 10572 MiB.
2026-09-16T18:54:04Z INFO [1731/2201] b17c4952-0aa5-4dfd-ab94-7db6cf8eeb2d: valid; 3.5 s; peak memory 10572 MiB.
2026-09-16T18:54:05Z INFO [1732/2201] b1887c15-81d2-421b-8131-20909126edc5: valid; 1.3 s; peak memory 10572 MiB.
2026-09-16T18:54:13Z INFO [1733/2201] b1a69588-58d4-4de8-99ad-9ac5984f3c24: valid; 7.6 s; peak memory 10572 MiB.
2026-09-16T18:54:14Z INFO [1734/2201] b1c6ab6c-ac80-4ce4-8d19-07e496e3b888: not valid; 1.5 s; peak memory 10572 MiB.
2026-09-16T18:54:22Z INFO [1735/2201] b1cd399c-7695-4861-848d-1b2d48682ec7: valid; 8.1 s; peak memory 10572 MiB.
2026-09-16T18:54:26Z WARNING b1d21b8e-64a9-4797-b065-a03b105588e1: failed while opening the NWB file (ConstructError: (root/acquisition/_iblmic_audioSpectrogram/bands GroupBuilder {'attributes': {'colnames': array(['freq'], dtype=object), 'description': 'spectogram frequencies', 'namespace': 'core', 'neurodata_type': 'FrequencyBandsTable', 'object_id': 'f6e37401-7f14-4b2c-8646-89698e32d365'}, 'groups': {}, 'datasets': {'freq': root/acquisition/_iblmic_audioSpectrogram/bands/freq DatasetBuilder {'attributes': {'description': 'frequency value', 'namespace': 'hdmf-common', 'neurodata_type': 'VectorData', 'object_id': 'e1e597ce-b9b9-4af4-a40b-ef0963ee7cc1'}, 'data': <HDF5 dataset "freq": shape (257,), type "<f4">}, 'id': root/acquisition/_iblmic_audioSpectrogram/bands/id DatasetBuilder {'attributes': {'namespace': 'hdmf-common', 'neurodata_type': 'ElementIdentifiers', 'object_id': '1a7f1491-f11d-40a1-9684-b94452fa188d'}, 'data': <HDF5 dataset "id": shape (257,), type "<i4">}}, 'links': {}}, "Could not construct FrequencyBandsTable object due to: column must have the same number of rows as 'id'"))
2026-09-16T18:54:28Z INFO [1737/2201] b20b2a08-f0ad-4da2-9e25-a9152a06ec33: valid; 2.1 s; peak memory 10572 MiB.
2026-09-16T18:54:30Z INFO [1738/2201] b2170a9b-2ed9-4a95-ae0d-45ec38b4c299: valid; 2.2 s; peak memory 10572 MiB.
2026-09-16T18:55:05Z INFO [1739/2201] b2240c09-fba2-4997-aaae-95c29577bd1a: not valid; 35.0 s; peak memory 10572 MiB.
2026-09-16T18:55:07Z INFO [1740/2201] b281a398-1db6-4d23-a960-210e8460ebd9: valid; 2.2 s; peak memory 10572 MiB.
2026-09-16T18:55:15Z INFO [1741/2201] b2a073f9-0733-48c6-8790-850b5e2933f8: valid; 7.9 s; peak memory 10572 MiB.
2026-09-16T18:55:17Z INFO [1742/2201] b2ccb83b-9d36-4dc9-ba5c-3f7b6a289065: valid; 2.2 s; peak memory 10572 MiB.
2026-09-16T18:55:19Z INFO [1743/2201] b2d730c3-d2af-4174-b7b8-23781b8a9653: not valid; 1.6 s; peak memory 10572 MiB.
2026-09-16T18:55:20Z INFO [1744/2201] b2e0ae64-49ba-4c72-a06f-3592fd55236e: valid; 1.4 s; peak memory 10572 MiB.
2026-09-16T18:55:22Z INFO [1745/2201] b30b8d2d-2a6d-4281-9483-bae75af92a73: valid; 1.4 s; peak memory 10572 MiB.
2026-09-16T18:55:23Z INFO [1746/2201] b3562fe4-3f63-4d35-868e-2aa876706098: valid; 1.3 s; peak memory 10572 MiB.
2026-09-16T18:55:29Z INFO [1747/2201] b3812cfc-80af-45df-8506-1f8c57b7b192: valid; 5.8 s; peak memory 10572 MiB.
2026-09-16T18:55:32Z INFO [1748/2201] b3973f53-d509-43b9-9da4-d8d509986d30: valid; 3.3 s; peak memory 10572 MiB.
2026-09-16T18:55:35Z INFO [1749/2201] b399aa6f-3a01-464f-8b16-bba79df42786: valid; 2.5 s; peak memory 10572 MiB.
2026-09-16T18:55:37Z INFO [1750/2201] b3a6066a-bd94-40bd-96f2-ae40aa57d86b: valid; 2.3 s; peak memory 10572 MiB.
2026-09-16T18:55:37Z INFO [1750/2201] b3a6066a-bd94-40bd-96f2-ae40aa57d86b: checkpointed 66010 records.
2026-09-16T18:55:41Z INFO [1751/2201] b3d62ed5-5485-4553-bbce-34b163ed7dc6: valid; 3.3 s; peak memory 10572 MiB.
2026-09-16T18:55:43Z INFO [1752/2201] b3d84d00-1312-45fb-96f9-522e2f1f40bc: valid; 2.2 s; peak memory 10572 MiB.
2026-09-16T18:55:45Z INFO [1753/2201] b3ea7aa4-d3e0-4f96-95bd-f5ca2671bc90: valid; 2.2 s; peak memory 10572 MiB.
2026-09-16T18:55:48Z INFO [1754/2201] b3ef2298-7fe7-4a61-b6d2-48f940a6d87e: valid; 2.7 s; peak memory 10572 MiB.
2026-09-16T18:55:53Z INFO [1755/2201] b3fa3347-761f-4a13-8a1d-5db95f19aa44: not valid; 4.8 s; peak memory 10572 MiB.
2026-09-16T18:55:54Z INFO [1756/2201] b41022a2-105d-4ba3-a9ef-0ddbffb6c525: valid; 1.5 s; peak memory 10572 MiB.
2026-09-16T18:56:03Z INFO [1757/2201] b4180812-7fe0-414e-835b-a41797de0db8: valid; 8.5 s; peak memory 10572 MiB.
2026-09-16T18:56:04Z INFO [1758/2201] b44233ff-fb2d-43b0-8f15-50c3b64f65f2: valid; 1.4 s; peak memory 10572 MiB.
2026-09-16T18:56:05Z INFO [1759/2201] b44e804c-2a15-4aa0-9a1b-f25028afdd12: not valid; 1.2 s; peak memory 10572 MiB.
2026-09-16T18:58:37Z INFO [1760/2201] b466a8f9-fca4-4684-a161-235200959c1c: valid; 151.5 s; peak memory 10572 MiB.
2026-09-16T18:58:39Z INFO [1761/2201] b4f5dc2c-718b-40a4-b295-255849062d86: valid; 1.9 s; peak memory 10572 MiB.
2026-09-16T18:58:40Z INFO [1762/2201] b4f9daf5-ea7d-4e2d-b054-034c39ff9101: valid; 1.5 s; peak memory 10572 MiB.
2026-09-16T18:58:42Z INFO [1763/2201] b559e3a0-bc4e-4230-9d1f-054063df65de: valid; 2.2 s; peak memory 10572 MiB.
2026-09-16T18:58:44Z INFO [1764/2201] b577a8e7-b9f6-4a7b-89e5-af261a41969c: valid; 1.5 s; peak memory 10572 MiB.
2026-09-16T18:58:45Z INFO [1765/2201] b5817f90-8f35-4210-a558-610c120df6ce: valid; 1.5 s; peak memory 10572 MiB.
2026-09-16T18:58:58Z INFO [1766/2201] b59383e0-4f1e-42b6-a526-df9180811e80: valid; 12.8 s; peak memory 10572 MiB.
2026-09-16T18:59:02Z INFO [1767/2201] b595bde7-6322-4248-afbd-eb0cfa59423c: not valid; 4.3 s; peak memory 10572 MiB.
2026-09-16T18:59:04Z INFO [1768/2201] b59ef4e3-30cd-45f8-9803-a77686495c3f: valid; 1.5 s; peak memory 10572 MiB.
2026-09-16T18:59:05Z INFO [1769/2201] b5bdb03b-946d-40b1-bbcc-b09785d63b07: valid; 1.7 s; peak memory 10572 MiB.
2026-09-16T18:59:07Z INFO [1770/2201] b5d94b61-989e-424a-9bd2-e6d726d76ea8: not valid; 1.1 s; peak memory 10572 MiB.
2026-09-16T18:59:09Z INFO [1771/2201] b5dc9894-8918-44f8-ade9-244b1c0ddb6e: not valid; 2.2 s; peak memory 10572 MiB.
2026-09-16T18:59:11Z WARNING b5f1c555-5743-4b91-9dc9-a91e0a6f76e6: failed while opening the NWB file (ConstructError: (root/acquisition/_iblmic_audioSpectrogram/bands GroupBuilder {'attributes': {'colnames': array(['freq'], dtype=object), 'description': 'spectogram frequencies', 'namespace': 'core', 'neurodata_type': 'FrequencyBandsTable', 'object_id': '9202d161-7aa2-4200-b6b4-06d13ed8212b'}, 'groups': {}, 'datasets': {'freq': root/acquisition/_iblmic_audioSpectrogram/bands/freq DatasetBuilder {'attributes': {'description': 'frequency value', 'namespace': 'hdmf-common', 'neurodata_type': 'VectorData', 'object_id': '12c23edf-1b87-428c-a8a9-dbd0b26a1c9e'}, 'data': <HDF5 dataset "freq": shape (257,), type "<f4">}, 'id': root/acquisition/_iblmic_audioSpectrogram/bands/id DatasetBuilder {'attributes': {'namespace': 'hdmf-common', 'neurodata_type': 'ElementIdentifiers', 'object_id': '77d0d673-b6cc-4e24-b6ba-ba70d12e6849'}, 'data': <HDF5 dataset "id": shape (257,), type "<i4">}}, 'links': {}}, "Could not construct FrequencyBandsTable object due to: column must have the same number of rows as 'id'"))
2026-09-16T18:59:12Z INFO [1773/2201] b60e8e09-bc16-44e0-8bb4-3256f786a40e: valid; 1.3 s; peak memory 10572 MiB.
2026-09-16T18:59:17Z INFO [1774/2201] b61ad6fc-3903-496f-9707-825354ba6653: valid; 4.6 s; peak memory 10572 MiB.
2026-09-16T18:59:19Z INFO [1775/2201] b62464e7-4dfb-4cb9-87fd-9dbfd8cddd3b: valid; 2.2 s; peak memory 10572 MiB.
2026-09-16T18:59:19Z WARNING b63d9b7e-abdc-487c-9ff9-6f41167bf6ac: failed while retrieving asset information from the DANDI API (NotFoundError: No such Dandiset: 001533)
2026-09-16T18:59:20Z INFO [1777/2201] b65a9d6a-601d-4329-8235-d39f99768c1a: valid; 1.5 s; peak memory 10572 MiB.
2026-09-16T18:59:22Z WARNING b6729e97-ec3e-4ce4-94e5-22b050048bfc: failed while opening the NWB file (ConstructError: (root/acquisition/_iblmic_audioSpectrogram/bands GroupBuilder {'attributes': {'colnames': array(['freq'], dtype=object), 'description': 'spectogram frequencies', 'namespace': 'core', 'neurodata_type': 'FrequencyBandsTable', 'object_id': '01fd37ce-2faf-45e6-8fdd-52106e105615'}, 'groups': {}, 'datasets': {'freq': root/acquisition/_iblmic_audioSpectrogram/bands/freq DatasetBuilder {'attributes': {'description': 'frequency value', 'namespace': 'hdmf-common', 'neurodata_type': 'VectorData', 'object_id': '52a913b7-f0fc-4b11-a3da-eaf87eec28c6'}, 'data': <HDF5 dataset "freq": shape (257,), type "<f4">}, 'id': root/acquisition/_iblmic_audioSpectrogram/bands/id DatasetBuilder {'attributes': {'namespace': 'hdmf-common', 'neurodata_type': 'ElementIdentifiers', 'object_id': 'd2550d1a-be32-4254-8050-3084cf8e4912'}, 'data': <HDF5 dataset "id": shape (257,), type "<i4">}}, 'links': {}}, "Could not construct FrequencyBandsTable object due to: column must have the same number of rows as 'id'"))
2026-09-16T18:59:24Z INFO [1779/2201] b6b239c1-54a2-4f47-8880-82cbb6317090: not valid; 1.9 s; peak memory 10572 MiB.
2026-09-16T18:59:26Z INFO [1780/2201] b6e4f01b-9bab-4e7c-98e9-b6d99e5eb608: valid; 1.4 s; peak memory 10572 MiB.
2026-09-16T18:59:28Z INFO [1781/2201] b6f25373-d786-44e3-9c72-f945ec73a1b3: not valid; 2.2 s; peak memory 10572 MiB.
2026-09-16T18:59:30Z INFO [1782/2201] b6fa1776-ff98-4039-a38f-728ea96f6225: valid; 1.8 s; peak memory 10572 MiB.
2026-09-16T18:59:31Z INFO [1783/2201] b713740c-e560-4bb0-ac6a-9ce9b711224f: valid; 1.4 s; peak memory 10572 MiB.
2026-09-16T18:59:33Z INFO [1784/2201] b715fc43-88ed-404c-a0d5-0537478e3f9d: valid; 2.4 s; peak memory 10572 MiB.
2026-09-16T18:59:35Z INFO [1785/2201] b74b7c67-41d8-41ea-a095-5b0ca38c385d: not valid; 1.3 s; peak memory 10572 MiB.
2026-09-16T18:59:36Z INFO [1786/2201] b776a31b-df5e-400a-b275-f411d35a1c52: valid; 1.3 s; peak memory 10572 MiB.
2026-09-16T18:59:39Z INFO [1787/2201] b77b8c49-a343-44d2-a294-c9c7e4786c36: valid; 2.4 s; peak memory 10572 MiB.
2026-09-16T18:59:40Z INFO [1788/2201] b7803504-8626-4ff5-9e15-264ed4358045: valid; 1.6 s; peak memory 10572 MiB.
2026-09-16T18:59:43Z INFO [1789/2201] b796ba96-55d3-4c3c-ab1a-3ed2c7bce254: valid; 2.6 s; peak memory 10572 MiB.
2026-09-16T18:59:55Z INFO [1790/2201] b7de0d67-195f-444f-bdad-088e7801a672: valid; 12.3 s; peak memory 10572 MiB.
2026-09-16T19:00:02Z INFO [1791/2201] b7f5738f-3b94-495f-90b4-b4050edbafc1: not valid; 6.9 s; peak memory 10572 MiB.
2026-09-16T19:00:04Z INFO [1792/2201] b81d7ef0-627e-4e78-bacd-65d0b914ce53: valid; 2.3 s; peak memory 10572 MiB.
2026-09-16T19:00:22Z INFO [1793/2201] b8710345-1b4d-408e-8bf2-561946abb3f6: valid; 17.8 s; peak memory 10572 MiB.
2026-09-16T19:00:27Z INFO [1794/2201] b87a7654-d8c5-4633-9a9c-dd8b9da4d4b2: not valid; 4.6 s; peak memory 10572 MiB.
2026-09-16T19:00:29Z INFO [1795/2201] b8bcc716-9e53-419c-aaa9-807bebae782c: valid; 2.6 s; peak memory 10572 MiB.
2026-09-16T19:00:31Z INFO [1796/2201] b8ddde27-86bf-4e51-ba32-8f66d575120f: valid; 1.3 s; peak memory 10572 MiB.
2026-09-16T19:00:33Z INFO [1797/2201] b8f206e9-1f3b-4543-a4de-06784982b0c7: valid; 2.6 s; peak memory 10572 MiB.
2026-09-16T19:00:41Z INFO [1798/2201] b9317095-deee-400b-af09-569795d4b7e6: valid; 8.1 s; peak memory 10572 MiB.
2026-09-16T19:00:43Z INFO [1799/2201] b9656ae7-a71a-4fdb-addd-d7d5f0613fe4: not valid; 1.5 s; peak memory 10572 MiB.
2026-09-16T19:00:45Z INFO [1800/2201] b98c7deb-0fe9-488e-8ef0-b7ce4ac4bdc6: not valid; 1.8 s; peak memory 10572 MiB.
2026-09-16T19:00:45Z INFO [1800/2201] b98c7deb-0fe9-488e-8ef0-b7ce4ac4bdc6: checkpointed 66010 records.
2026-09-16T19:01:01Z INFO [1801/2201] b9dce7c9-79e4-4729-baf3-c1c64854ec77: valid; 16.3 s; peak memory 10572 MiB.
2026-09-16T19:01:04Z INFO [1802/2201] ba345815-86a9-490d-a5b0-858c69dc6bad: valid; 2.3 s; peak memory 10572 MiB.
2026-09-16T19:01:17Z INFO [1803/2201] ba6ae9a0-bd6c-4acc-bfd0-24ae414ef029: valid; 13.8 s; peak memory 10572 MiB.
2026-09-16T19:01:19Z INFO [1804/2201] ba77dc8e-cf08-45b7-9a57-0e25004687f2: valid; 1.5 s; peak memory 10572 MiB.
2026-09-16T19:01:20Z INFO [1805/2201] ba80af84-9157-4bd4-a602-c773a3a1cf3f: valid; 1.5 s; peak memory 10572 MiB.
2026-09-16T19:01:24Z INFO [1806/2201] ba9fa176-e42b-4333-b747-2ba1c10c223a: not valid; 3.6 s; peak memory 10572 MiB.
2026-09-16T19:01:26Z INFO [1807/2201] bad5ec33-65b6-44e7-8ba1-206025fa36f2: valid; 1.6 s; peak memory 10572 MiB.
2026-09-16T19:01:28Z INFO [1808/2201] bb05e8da-8e90-4c35-a200-9614e8c08b4c: valid; 2.2 s; peak memory 10572 MiB.
2026-09-16T19:01:44Z INFO [1809/2201] bb44c2c8-3451-45c5-8316-51ab503df864: valid; 15.9 s; peak memory 10572 MiB.
2026-09-16T19:01:46Z INFO [1810/2201] bb7a9071-75a5-43e6-8397-79926c918f7c: valid; 2.1 s; peak memory 10572 MiB.
2026-09-16T19:01:48Z INFO [1811/2201] bb8f605c-f8d5-4efc-9339-a76734958f20: valid; 2.0 s; peak memory 10572 MiB.
2026-09-16T19:01:50Z INFO [1812/2201] bb97df1c-8bf7-4b5a-b975-3dc004ac1049: valid; 2.4 s; peak memory 10572 MiB.
2026-09-16T19:01:53Z INFO [1813/2201] bbb532fa-8a32-46bb-9cc7-87de268cf892: not valid; 2.5 s; peak memory 10572 MiB.
2026-09-16T19:01:54Z INFO [1814/2201] bbbac92e-2967-4c52-845b-bcf7b33cfd27: valid; 1.4 s; peak memory 10572 MiB.
2026-09-16T19:01:56Z INFO [1815/2201] bbbc4136-c1e3-4017-ad6f-938e3389a762: not valid; 2.1 s; peak memory 10572 MiB.
2026-09-16T19:01:58Z INFO [1816/2201] bbc5846c-297c-49b2-9f95-dbe11ef6ba85: valid; 1.2 s; peak memory 10572 MiB.
2026-09-16T19:02:00Z INFO [1817/2201] bbfc4fc4-fc5b-4883-b5b1-feb879320121: not valid; 2.8 s; peak memory 10572 MiB.
2026-09-16T19:02:03Z INFO [1818/2201] bc2bc401-c97b-4055-b2bc-32b5d619977a: valid; 2.9 s; peak memory 10572 MiB.
2026-09-16T19:02:06Z INFO [1819/2201] bc365a22-6b92-49d6-a5a7-0ed41f095781: valid; 2.3 s; peak memory 10572 MiB.
2026-09-16T19:02:07Z INFO [1820/2201] bc5001ef-eb92-4f25-b499-ecfdc3370a06: valid; 1.6 s; peak memory 10572 MiB.
2026-09-16T19:02:09Z INFO [1821/2201] bca877b6-5da3-4cda-8edf-bbfc7fd8439f: not valid; 2.0 s; peak memory 10572 MiB.
2026-09-16T19:02:11Z INFO [1822/2201] bcb9538c-0848-44c2-871e-9ddc42ec1116: valid; 2.2 s; peak memory 10572 MiB.
2026-09-16T19:02:13Z INFO [1823/2201] bcfb9055-57f6-42cc-9742-ce93557f7c3e: valid; 1.3 s; peak memory 10572 MiB.
2026-09-16T19:02:15Z INFO [1824/2201] bd2ba190-8650-4ed7-9211-93f6320ead3f: valid; 2.6 s; peak memory 10572 MiB.
2026-09-16T19:02:17Z INFO [1825/2201] bd3cf596-ee29-4d65-8e67-bc1b641261d1: not valid; 1.6 s; peak memory 10572 MiB.
2026-09-16T19:02:19Z INFO [1826/2201] bd7741ca-c0b8-4334-8f69-e9bfbbdf274f: not valid; 2.0 s; peak memory 10572 MiB.
2026-09-16T19:02:27Z INFO [1827/2201] bd867497-717d-449a-a9c2-93385e4c75d1: valid; 8.5 s; peak memory 10572 MiB.
2026-09-16T19:02:29Z INFO [1828/2201] bda07f6d-e31a-4c13-ba3d-9b590a44f699: valid; 1.5 s; peak memory 10572 MiB.
2026-09-16T19:02:30Z INFO [1829/2201] bdbc07ee-ea69-4c88-910d-af76b08ce915: valid; 1.5 s; peak memory 10572 MiB.
2026-09-16T19:02:44Z INFO [1830/2201] bdc154e6-a6b8-40fc-b03c-4261f56463c3: valid; 14.0 s; peak memory 10572 MiB.
2026-09-16T19:02:46Z INFO [1831/2201] be1b68a6-c4a2-480e-bd7c-270d200b04aa: valid; 1.5 s; peak memory 10572 MiB.
2026-09-16T19:02:47Z INFO [1832/2201] be574ace-6d1e-4af4-afcf-3708a2de77ab: valid; 1.3 s; peak memory 10572 MiB.
2026-09-16T19:02:50Z INFO [1833/2201] be76d8c4-859f-4636-ab95-a111fe36fe0d: valid; 2.6 s; peak memory 10572 MiB.
2026-09-16T19:02:52Z WARNING beb6df69-5864-4770-ba28-2de9b3cb9264: failed while opening the NWB file (ConstructError: (root/acquisition/event_code_meanings GroupBuilder {'attributes': {'colnames': array(['value', 'meaning'], dtype=object), 'description': 'Mapping integer event codes to event labels', 'namespace': 'ndx-events', 'neurodata_type': 'MeaningsTable', 'object_id': '4f5f8213-4a27-471d-836b-bdaa11655c71'}, 'groups': {}, 'datasets': {'id': root/acquisition/event_code_meanings/id DatasetBuilder {'attributes': {'namespace': 'hdmf-common', 'neurodata_type': 'ElementIdentifiers', 'object_id': '8542c696-cc92-438f-9790-ce8676bd0a35'}, 'data': <HDF5 dataset "id": shape (26,), type "<i8">}, 'meaning': root/acquisition/event_code_meanings/meaning DatasetBuilder {'attributes': {'description': 'The meaning of the value in the parent CategoricalVectorData object.', 'namespace': 'hdmf-experimental', 'neurodata_type': 'VectorData', 'object_id': '22a28946-6d3c-4494-b4ef-1d92d95a6ba7'}, 'data': <StrDataset for HDF5 dataset "meaning": shape (26,), type "|O">}, 'value': root/acquisition/event_code_meanings/value DatasetBuilder {'attributes': {'description': 'The value of the parent CategoricalVectorData object.', 'namespace': 'hdmf-experimental', 'neurodata_type': 'VectorData', 'object_id': '9f000a6e-a0fd-49cc-abe5-f0746c0301a1'}, 'data': <HDF5 dataset "value": shape (26,), type "<i8">}}, 'links': {}}, "Could not construct MeaningsTable object due to: MeaningsTable.__init__: missing argument 'target'"))
2026-09-16T19:02:55Z INFO [1835/2201] bebe8254-71da-4e35-b1b1-f929c6b3cc28: valid; 3.6 s; peak memory 10572 MiB.
2026-09-16T19:03:06Z INFO [1836/2201] bedca5fa-b425-4f6c-98e6-80f165f2eaf0: not valid; 10.7 s; peak memory 10572 MiB.
2026-09-16T19:03:08Z INFO [1837/2201] bee75128-3735-41d6-8841-36c48a8aa581: valid; 2.2 s; peak memory 10572 MiB.
2026-09-16T19:03:10Z WARNING bf0d77fd-c2c3-4485-8059-cb0637ed6e58: failed while opening the NWB file (ConstructError: (root/acquisition/event_code_meanings GroupBuilder {'attributes': {'colnames': array(['value', 'meaning'], dtype=object), 'description': 'Mapping integer event codes to event labels', 'namespace': 'ndx-events', 'neurodata_type': 'MeaningsTable', 'object_id': '7a78858d-e88e-4c51-a41e-eaaabe105502'}, 'groups': {}, 'datasets': {'id': root/acquisition/event_code_meanings/id DatasetBuilder {'attributes': {'namespace': 'hdmf-common', 'neurodata_type': 'ElementIdentifiers', 'object_id': '2b8b07c9-09ec-4352-8682-13711dc5f686'}, 'data': <HDF5 dataset "id": shape (26,), type "<i8">}, 'meaning': root/acquisition/event_code_meanings/meaning DatasetBuilder {'attributes': {'description': 'The meaning of the value in the parent CategoricalVectorData object.', 'namespace': 'hdmf-experimental', 'neurodata_type': 'VectorData', 'object_id': 'ef3a9f73-ecf9-4893-afd2-b5ab8191d048'}, 'data': <StrDataset for HDF5 dataset "meaning": shape (26,), type "|O">}, 'value': root/acquisition/event_code_meanings/value DatasetBuilder {'attributes': {'description': 'The value of the parent CategoricalVectorData object.', 'namespace': 'hdmf-experimental', 'neurodata_type': 'VectorData', 'object_id': '3b421019-985d-4973-b6d9-e38168445592'}, 'data': <HDF5 dataset "value": shape (26,), type "<i8">}}, 'links': {}}, "Could not construct MeaningsTable object due to: MeaningsTable.__init__: missing argument 'target'"))
2026-09-16T19:03:15Z INFO [1839/2201] bf3d0c42-7b30-416a-9365-93940fcf8a33: valid; 5.4 s; peak memory 10572 MiB.
2026-09-16T19:03:18Z INFO [1840/2201] bf468abe-b568-4abe-b0a0-f042f96aa055: valid; 2.4 s; peak memory 10572 MiB.
2026-09-16T19:03:19Z INFO [1841/2201] bf878b1d-1320-422a-b2f2-120d7c7d8931: not valid; 1.6 s; peak memory 10572 MiB.
2026-09-16T19:03:21Z INFO [1842/2201] bf8b2086-68d0-46e6-b577-bacf07d4ee47: valid; 1.4 s; peak memory 10572 MiB.
2026-09-16T19:03:26Z INFO [1843/2201] bfae13ec-9d3f-46b8-9817-f2dac80de27f: not valid; 4.7 s; peak memory 10572 MiB.
2026-09-16T19:03:27Z INFO [1844/2201] bfc9de68-fba1-43cd-889e-f97e9a9f28d9: valid; 1.4 s; peak memory 10572 MiB.
2026-09-16T19:03:29Z INFO [1845/2201] bfe7e997-07f4-4f18-a75e-51a131388da3: not valid; 1.8 s; peak memory 10572 MiB.
2026-09-16T19:03:39Z INFO [1846/2201] bfef63e3-4a6e-4c2a-9efc-7340d60d76a0: valid; 10.6 s; peak memory 10572 MiB.
2026-09-16T19:03:41Z INFO [1847/2201] c0206e60-71e7-4e93-95dc-97c4153c096c: valid; 1.7 s; peak memory 10572 MiB.
2026-09-16T19:03:43Z INFO [1848/2201] c02281bf-413b-41eb-8b9d-c283a84342b6: valid; 1.9 s; peak memory 10572 MiB.
2026-09-16T19:03:46Z INFO [1849/2201] c02341c5-c6eb-48e8-8d86-3aa32e9fb909: valid; 2.9 s; peak memory 10572 MiB.
2026-09-16T19:03:48Z INFO [1850/2201] c03f15d7-d20f-437e-8878-ad5a9f1c9e0a: not valid; 1.9 s; peak memory 10572 MiB.
2026-09-16T19:03:48Z INFO [1850/2201] c03f15d7-d20f-437e-8878-ad5a9f1c9e0a: checkpointed 66010 records.
2026-09-16T19:03:52Z INFO [1851/2201] c05617ce-debd-4f8f-848b-fc5ea60a03ef: valid; 3.8 s; peak memory 10572 MiB.
2026-09-16T19:04:01Z INFO [1852/2201] c0680eac-9048-4ec9-b703-01780b148204: valid; 8.9 s; peak memory 10572 MiB.
2026-09-16T19:04:03Z INFO [1853/2201] c075f935-e674-41ac-8c52-2f1ebb466ebd: not valid; 1.7 s; peak memory 10572 MiB.
2026-09-16T19:04:06Z INFO [1854/2201] c07e02fd-8e7e-4e1b-86ea-bd286372dafc: valid; 3.3 s; peak memory 10572 MiB.
2026-09-16T19:04:08Z INFO [1855/2201] c0864be8-1257-4f54-a904-839f5e159d5b: valid; 2.0 s; peak memory 10572 MiB.
2026-09-16T19:04:10Z INFO [1856/2201] c0957cc4-e734-4bf5-b5a2-871ad948afa1: not valid; 1.7 s; peak memory 10572 MiB.
2026-09-16T19:04:11Z INFO [1857/2201] c09dcd7d-a9f6-4f24-8d76-eb97e2b7b226: not valid; 1.2 s; peak memory 10572 MiB.
2026-09-16T19:04:13Z WARNING c1067bf0-00ea-476f-b474-2f3100cbc0b1: failed while opening the NWB file (ConstructError: (root/acquisition/_iblmic_audioSpectrogram/bands GroupBuilder {'attributes': {'colnames': array(['freq'], dtype=object), 'description': 'spectogram frequencies', 'namespace': 'core', 'neurodata_type': 'FrequencyBandsTable', 'object_id': '519e8612-18c6-4f31-98ea-68679645f74e'}, 'groups': {}, 'datasets': {'freq': root/acquisition/_iblmic_audioSpectrogram/bands/freq DatasetBuilder {'attributes': {'description': 'frequency value', 'namespace': 'hdmf-common', 'neurodata_type': 'VectorData', 'object_id': 'cb5fec49-5e2b-4295-988b-b3663a1f79b9'}, 'data': <HDF5 dataset "freq": shape (257,), type "<f4">}, 'id': root/acquisition/_iblmic_audioSpectrogram/bands/id DatasetBuilder {'attributes': {'namespace': 'hdmf-common', 'neurodata_type': 'ElementIdentifiers', 'object_id': '3b57061b-c1a2-4a6b-960e-4ac53e65ae2f'}, 'data': <HDF5 dataset "id": shape (257,), type "<i4">}}, 'links': {}}, "Could not construct FrequencyBandsTable object due to: column must have the same number of rows as 'id'"))
2026-09-16T19:04:19Z INFO [1859/2201] c1083727-a80d-48b9-ac51-523d5e7d2e89: valid; 6.4 s; peak memory 10572 MiB.
2026-09-16T19:04:33Z INFO [1860/2201] c10b568d-b38f-4477-8159-b8347f89e5a8: valid; 14.0 s; peak memory 10572 MiB.
2026-09-16T19:04:35Z INFO [1861/2201] c10e024e-0ce7-4545-9739-0cfdc77519ba: not valid; 1.4 s; peak memory 10572 MiB.
2026-09-16T19:04:35Z WARNING c1125282-16ba-4f47-8a63-e2a2b025f0be: failed while retrieving asset information from the DANDI API (NotFoundError: No asset at path 'sub-440958/sub-440958_ses-20190213T115547_behavior+ecephys+ogen.nwb' in version 0.231012.2129. Verify the path is correct and the asset exists in this version. Use 'dandi ls' to list available assets.)
2026-09-16T19:04:37Z INFO [1863/2201] c1a5a5f9-8017-47e4-bf15-ca10568b78cb: valid; 2.2 s; peak memory 10572 MiB.
2026-09-16T19:04:39Z INFO [1864/2201] c1bd1e12-6335-49f0-a6b2-4056a95ea220: not valid; 1.9 s; peak memory 10572 MiB.
2026-09-16T19:04:41Z INFO [1865/2201] c1e250aa-80a1-4814-806e-ac5199e3a86e: not valid; 1.9 s; peak memory 10572 MiB.
2026-09-16T19:04:46Z INFO [1866/2201] c1e890e0-8c08-4e19-aeb3-badbe39cd97b: not valid; 4.9 s; peak memory 10572 MiB.
2026-09-16T19:04:48Z INFO [1867/2201] c1f5bf6d-9ff8-4fc4-803d-e13571311622: valid; 2.4 s; peak memory 10572 MiB.
2026-09-16T19:05:04Z INFO [1868/2201] c1fb1300-1c81-4d4e-b47f-4386fc531379: valid; 15.8 s; peak memory 10572 MiB.
2026-09-16T19:05:06Z INFO [1869/2201] c22f2ee7-2bb0-499e-afcc-bf1801b4e8ea: not valid; 2.0 s; peak memory 10572 MiB.
2026-09-16T19:05:09Z INFO [1870/2201] c23082ab-93d6-46e1-b24f-9711708da749: valid; 2.5 s; peak memory 10572 MiB.
2026-09-16T19:05:11Z INFO [1871/2201] c23c515c-179f-4f7d-be30-65a800856a06: valid; 2.4 s; peak memory 10572 MiB.
2026-09-16T19:05:13Z INFO [1872/2201] c2427882-c665-445c-b32e-999bacb154b1: valid; 2.3 s; peak memory 10572 MiB.
2026-09-16T19:05:15Z INFO [1873/2201] c24544a8-4804-479a-9bfa-122afac6fa21: valid; 1.3 s; peak memory 10572 MiB.
2026-09-16T19:05:16Z INFO [1874/2201] c252702e-234a-4f01-ad0a-96e0cda70893: valid; 1.2 s; peak memory 10572 MiB.
2026-09-16T19:05:19Z INFO [1875/2201] c28ac8d1-503b-40aa-80ef-b770634cf866: valid; 3.2 s; peak memory 10572 MiB.
2026-09-16T19:05:20Z INFO [1876/2201] c29266e2-e5e5-4908-a9db-9f921f6002e3: valid; 1.3 s; peak memory 10572 MiB.
2026-09-16T19:05:33Z INFO [1877/2201] c2a78175-76ce-49fe-adef-64b21252e06b: valid; 12.5 s; peak memory 10572 MiB.
2026-09-16T19:05:38Z INFO [1878/2201] c2b5ffca-ce05-492a-8f5f-3b4842af93cc: valid; 5.5 s; peak memory 10572 MiB.
2026-09-16T19:05:41Z INFO [1879/2201] c2de60e4-7522-41c8-930a-c56e62a45981: valid; 2.9 s; peak memory 10572 MiB.
2026-09-16T19:05:43Z INFO [1880/2201] c2e302a9-dfd0-4ac8-9ca1-55045475b078: valid; 1.6 s; peak memory 10572 MiB.
2026-09-16T19:05:45Z INFO [1881/2201] c2f3b530-d2a4-4a56-b1de-3e7ba14a4252: valid; 2.5 s; peak memory 10572 MiB.
2026-09-16T19:05:47Z INFO [1882/2201] c30f3e64-929d-4440-be0f-3b7fbd85fd03: not valid; 2.0 s; peak memory 10572 MiB.
2026-09-16T19:05:50Z INFO [1883/2201] c32b3500-a6c1-45f5-b19a-aa67da35b7d9: valid; 2.8 s; peak memory 10572 MiB.
2026-09-16T19:05:52Z INFO [1884/2201] c32e2c8a-fb94-47eb-8a8e-ed69a9f9f438: not valid; 2.0 s; peak memory 10572 MiB.
2026-09-16T19:05:54Z INFO [1885/2201] c33052b6-8660-41b0-bb52-03c936c82b47: not valid; 1.8 s; peak memory 10572 MiB.
2026-09-16T19:05:55Z INFO [1886/2201] c331b72a-3c83-4f8b-a253-d88f48a29c4b: valid; 1.5 s; peak memory 10572 MiB.
2026-09-16T19:05:57Z INFO [1887/2201] c33d390c-6f42-44ba-8498-58f6bfe4e22d: valid; 2.2 s; peak memory 10572 MiB.
2026-09-16T19:05:59Z INFO [1888/2201] c392dbfe-0cb8-42a4-bda3-2bd2e833b34f: valid; 1.2 s; peak memory 10572 MiB.
2026-09-16T19:06:01Z INFO [1889/2201] c3d7cdb5-5d3d-4097-82be-a61704bb45fd: valid; 2.3 s; peak memory 10572 MiB.
2026-09-16T19:06:01Z WARNING c42a4bc4-53c6-4611-b453-c9f62477d94f: failed while retrieving asset information from the DANDI API (NotFoundError: No asset at path 'sub-parkinson-simulated-lfp/sub-parkinson-simulated-lfp_ses-1004_ecephys.nwb' in version 0.250327.2220. Verify the path is correct and the asset exists in this version. Use 'dandi ls' to list available assets.)
2026-09-16T19:06:05Z INFO [1891/2201] c432be45-3293-490b-b4f1-05acfac6dcc3: not valid; 3.6 s; peak memory 10572 MiB.
2026-09-16T19:06:07Z INFO [1892/2201] c435338b-faf7-49e9-aee5-58ca8d07e126: valid; 1.9 s; peak memory 10572 MiB.
2026-09-16T19:06:08Z INFO [1893/2201] c4453a5e-8c6f-4408-93dd-3fe1aca9c1a0: not valid; 1.6 s; peak memory 10572 MiB.
2026-09-16T19:06:23Z INFO [1894/2201] c45ccee8-f4bd-4b4f-955f-ac733d3064c7: valid; 14.4 s; peak memory 10572 MiB.
2026-09-16T19:06:24Z INFO [1895/2201] c46fd6b6-b551-4c0e-b1a6-31ac4408d17f: not valid; 1.6 s; peak memory 10572 MiB.
2026-09-16T19:06:36Z INFO [1896/2201] c50b28b6-2cb7-43ca-81a5-4d6ee06144cb: valid; 12.1 s; peak memory 10572 MiB.
2026-09-16T19:06:38Z INFO [1897/2201] c51056d1-6ede-4c9f-8f1b-c095b969fb3c: not valid; 1.5 s; peak memory 10572 MiB.
2026-09-16T19:06:40Z INFO [1898/2201] c545e186-88d1-4ffe-a1f9-4cf7107dfd69: valid; 1.8 s; peak memory 10572 MiB.
2026-09-16T19:06:42Z INFO [1899/2201] c54fdfc5-cf80-470f-848b-38b46520b8e3: not valid; 2.6 s; peak memory 10572 MiB.
2026-09-16T19:06:44Z INFO [1900/2201] c556fa8f-66e6-4d08-935b-bc505cab7c23: valid; 1.6 s; peak memory 10572 MiB.
2026-09-16T19:06:44Z INFO [1900/2201] c556fa8f-66e6-4d08-935b-bc505cab7c23: checkpointed 66010 records.
2026-09-16T19:06:48Z INFO [1901/2201] c56686b6-40a8-4ac7-9c4a-aab08a4143f0: valid; 4.1 s; peak memory 10572 MiB.
2026-09-16T19:06:50Z INFO [1902/2201] c5aac9e2-66eb-4888-96c6-ec5e13e48149: valid; 1.4 s; peak memory 10572 MiB.
2026-09-16T19:06:52Z INFO [1903/2201] c5cedf3f-1a13-4412-80ad-c2ef3a820bc6: not valid; 1.7 s; peak memory 10572 MiB.
2026-09-16T19:06:53Z INFO [1904/2201] c5db6815-f4d1-46a3-b92e-ede2c56f618e: valid; 1.6 s; peak memory 10572 MiB.
2026-09-16T19:06:56Z INFO [1905/2201] c5dd3c28-616d-4832-b9db-b53f3693f8cc: valid; 3.3 s; peak memory 10572 MiB.
2026-09-16T19:07:06Z INFO [1906/2201] c5f62f10-70e9-406e-84e7-24646de26a42: valid; 9.9 s; peak memory 10572 MiB.
2026-09-16T19:07:22Z INFO [1907/2201] c60553fb-78fc-475d-9cd8-e3218e3c7e31: valid; 15.2 s; peak memory 10572 MiB.
2026-09-16T19:07:38Z INFO [1908/2201] c609b88c-aa9c-4149-90ac-a0cc8a7f6a49: valid; 16.8 s; peak memory 10572 MiB.
2026-09-16T19:07:41Z INFO [1909/2201] c6100bbb-fa35-42ac-9921-2a4b27318f2f: valid; 2.2 s; peak memory 10572 MiB.
2026-09-16T19:07:44Z INFO [1910/2201] c6157cbc-58da-4591-8e1d-716e38d07e94: valid; 3.0 s; peak memory 10572 MiB.
2026-09-16T19:07:45Z INFO [1911/2201] c65b296b-3396-46b2-9b04-70a2322aace7: valid; 1.8 s; peak memory 10572 MiB.
2026-09-16T19:07:47Z INFO [1912/2201] c6739351-766e-4ae8-b69d-d5d85233168a: valid; 1.6 s; peak memory 10572 MiB.
2026-09-16T19:07:57Z INFO [1913/2201] c6961fb7-991f-4fb5-9f6e-afa23fd1dbf3: valid; 10.4 s; peak memory 10572 MiB.
2026-09-16T19:07:59Z INFO [1914/2201] c698eac8-0e55-4035-895e-f00a50eee5a1: valid; 1.5 s; peak memory 10572 MiB.
2026-09-16T19:08:02Z INFO [1915/2201] c6b075c7-0cfd-40ff-9742-b5d39533eec8: valid; 2.8 s; peak memory 10572 MiB.
2026-09-16T19:08:10Z INFO [1916/2201] c6b69968-f859-4ec4-bd6b-2bfbb1f8c264: valid; 8.5 s; peak memory 10572 MiB.
2026-09-16T19:08:14Z INFO [1917/2201] c6d2639f-cdac-4733-b942-c5d983ad439c: not valid; 3.4 s; peak memory 10572 MiB.
2026-09-16T19:08:15Z INFO [1918/2201] c6eb7b38-bfb5-4693-9027-a7103b9e8d1e: valid; 1.6 s; peak memory 10572 MiB.
2026-09-16T19:08:27Z INFO [1919/2201] c73bd470-dbab-457a-adf8-51ae4568bf44: valid; 11.7 s; peak memory 10572 MiB.
2026-09-16T19:08:29Z INFO [1920/2201] c73c778b-9a79-49d2-9fce-7d6c4af58e9a: valid; 2.1 s; peak memory 10572 MiB.
2026-09-16T19:08:36Z INFO [1921/2201] c77d84fd-a9e3-407f-993e-d83e33ee838f: valid; 7.3 s; peak memory 10572 MiB.
2026-09-16T19:08:40Z INFO [1922/2201] c7a776cf-2f3a-4599-93f5-10aeaf94c667: valid; 3.5 s; peak memory 10572 MiB.
2026-09-16T19:08:41Z INFO [1923/2201] c7af7480-1572-4ea2-83f7-19a22c0f81b0: valid; 1.6 s; peak memory 10572 MiB.
2026-09-16T19:08:43Z INFO [1924/2201] c7b8dd4e-c98b-4782-bef1-d7831559e764: valid; 2.2 s; peak memory 10572 MiB.
2026-09-16T19:08:45Z INFO [1925/2201] c7c4229e-f1bd-496d-a8c3-bc07c43abe64: not valid; 1.6 s; peak memory 10572 MiB.
2026-09-16T19:08:47Z INFO [1926/2201] c7da3a71-c0fb-4f52-9bdf-961056480fc9: valid; 2.3 s; peak memory 10572 MiB.
2026-09-16T19:09:08Z INFO [1927/2201] c800dde7-403b-447d-a0b9-6d780202c488: valid; 20.2 s; peak memory 10572 MiB.
2026-09-16T19:09:09Z INFO [1928/2201] c81f9359-2c65-4dd4-b368-2d505ee6be07: valid; 1.4 s; peak memory 10572 MiB.
2026-09-16T19:09:10Z INFO [1929/2201] c84042b7-dc38-4c08-aab2-99edfa0faf34: not valid; 1.5 s; peak memory 10572 MiB.
2026-09-16T19:09:12Z INFO [1930/2201] c856d8f0-7f95-4693-941a-c177a883d045: valid; 1.8 s; peak memory 10572 MiB.
2026-09-16T19:09:15Z INFO [1931/2201] c89cd20e-f921-4f90-ac54-56d1ddb7b6c0: valid; 2.5 s; peak memory 10572 MiB.
2026-09-16T19:09:17Z INFO [1932/2201] c8b69815-8b03-4a80-887a-ead7b5c72a0e: not valid; 2.0 s; peak memory 10572 MiB.
2026-09-16T19:09:19Z INFO [1933/2201] c8d068b8-4e23-4d6c-9f0e-f38df49a3c3b: valid; 2.2 s; peak memory 10572 MiB.
2026-09-16T19:09:21Z INFO [1934/2201] c90ec63a-150e-46da-90bf-6090fc9783c8: valid; 2.1 s; peak memory 10572 MiB.
2026-09-16T19:09:23Z INFO [1935/2201] c93055ef-f52d-49d7-ad5a-7d1c3db4279f: valid; 1.5 s; peak memory 10572 MiB.
2026-09-16T19:09:24Z INFO [1936/2201] c945c488-786d-4f91-9f44-362f225b3b9c: valid; 1.4 s; peak memory 10572 MiB.
2026-09-16T19:09:26Z INFO [1937/2201] c980537f-27b4-424c-818f-21fad722ad0a: valid; 2.1 s; peak memory 10572 MiB.
2026-09-16T19:09:28Z INFO [1938/2201] c9a1d2e8-2da1-46bb-ae48-4159ac052434: valid; 2.4 s; peak memory 10572 MiB.
2026-09-16T19:09:30Z INFO [1939/2201] c9c31cb1-dfb3-4bf4-9e3c-d6b4fc5f7025: valid; 1.4 s; peak memory 10572 MiB.
2026-09-16T19:09:32Z INFO [1940/2201] c9ddb614-3be2-43f1-85ba-2fc880158cbd: valid; 2.4 s; peak memory 10572 MiB.
2026-09-16T19:09:35Z INFO [1941/2201] c9fafe1c-eba5-4ba9-a112-bdde7be54aab: valid; 2.3 s; peak memory 10572 MiB.
2026-09-16T19:09:36Z INFO [1942/2201] ca1832cf-98d6-4a7b-bb55-478184e492fe: valid; 1.4 s; peak memory 10572 MiB.
2026-09-16T19:09:38Z INFO [1943/2201] ca6ac194-3401-4d71-865a-0f46393f9c4c: valid; 1.8 s; peak memory 10572 MiB.
2026-09-16T19:09:40Z INFO [1944/2201] cac9041c-8899-4c32-9540-4bf041698221: valid; 2.6 s; peak memory 10572 MiB.
2026-09-16T19:09:51Z INFO [1945/2201] cad778a5-9604-4aeb-a057-b57111895599: valid; 10.6 s; peak memory 10572 MiB.
2026-09-16T19:09:53Z INFO [1946/2201] cb0f2fc4-1d04-4ef5-9805-42367e9a80d6: not valid; 1.7 s; peak memory 10572 MiB.
2026-09-16T19:09:55Z WARNING cb19eb1e-7b7c-448e-ac10-400e5a14bf48: failed while opening the NWB file (ConstructError: (root/acquisition/_iblmic_audioSpectrogram/bands GroupBuilder {'attributes': {'colnames': array(['freq'], dtype=object), 'description': 'spectogram frequencies', 'namespace': 'core', 'neurodata_type': 'FrequencyBandsTable', 'object_id': '36e54316-8545-4c32-bd52-1e20e59548c2'}, 'groups': {}, 'datasets': {'freq': root/acquisition/_iblmic_audioSpectrogram/bands/freq DatasetBuilder {'attributes': {'description': 'frequency value', 'namespace': 'hdmf-common', 'neurodata_type': 'VectorData', 'object_id': '3b69fcb4-7da1-4da7-8ce2-b335d33ddb8c'}, 'data': <HDF5 dataset "freq": shape (257,), type "<f4">}, 'id': root/acquisition/_iblmic_audioSpectrogram/bands/id DatasetBuilder {'attributes': {'namespace': 'hdmf-common', 'neurodata_type': 'ElementIdentifiers', 'object_id': '0d4e03b6-50b4-4674-9589-5606573dd480'}, 'data': <HDF5 dataset "id": shape (257,), type "<i4">}}, 'links': {}}, "Could not construct FrequencyBandsTable object due to: column must have the same number of rows as 'id'"))
2026-09-16T19:09:59Z INFO [1948/2201] cb2df017-a020-4bf0-83ac-6421a8e03a14: valid; 4.3 s; peak memory 10572 MiB.
2026-09-16T19:10:01Z INFO [1949/2201] cb6d2b8f-d170-47e2-a4c9-ad1b2bdb7a90: valid; 1.4 s; peak memory 10572 MiB.
2026-09-16T19:10:09Z INFO [1950/2201] cb728cc5-f684-42ee-b8fa-6caa5046fadc: valid; 8.3 s; peak memory 10572 MiB.
2026-09-16T19:10:10Z INFO [1950/2201] cb728cc5-f684-42ee-b8fa-6caa5046fadc: checkpointed 66010 records.
2026-09-16T19:10:11Z INFO [1951/2201] cb9ffef1-6319-4729-bae8-91c6c7cb9691: valid; 1.4 s; peak memory 10572 MiB.
2026-09-16T19:10:13Z INFO [1952/2201] cbd98152-297c-46e3-920e-81762e3595e2: valid; 2.3 s; peak memory 10572 MiB.
2026-09-16T19:10:16Z INFO [1953/2201] cc3297d4-3b80-4133-ab6c-ac3c7a3ff71b: valid; 3.1 s; peak memory 10572 MiB.
2026-09-16T19:10:20Z INFO [1954/2201] cc418b3e-bf2d-4314-93fa-10ff8ec69137: valid; 3.6 s; peak memory 10572 MiB.
2026-09-16T19:10:24Z INFO [1955/2201] cc4521d5-9d15-4c9b-9669-eb8a607af633: valid; 3.5 s; peak memory 10572 MiB.
2026-09-16T19:10:29Z INFO [1956/2201] cc5aa642-4eef-40dd-bd5e-0441f144423e: valid; 5.0 s; peak memory 10572 MiB.
2026-09-16T19:10:30Z INFO [1957/2201] ccc7601b-b2c6-4006-bcd6-0213480d874f: not valid; 1.1 s; peak memory 10572 MiB.
2026-09-16T19:10:37Z INFO [1958/2201] ccfe6352-0019-43a9-a4e6-9f6f062f3963: valid; 7.7 s; peak memory 10572 MiB.
2026-09-16T19:10:39Z INFO [1959/2201] cd268ca8-f2af-4480-83b1-4e38ac00a84d: not valid; 2.0 s; peak memory 10572 MiB.
2026-09-16T19:10:40Z INFO [1960/2201] cd3f3516-369c-4d37-a569-8ec9c1a6b52e: not valid; 1.1 s; peak memory 10572 MiB.
2026-09-16T19:10:42Z INFO [1961/2201] cd4ff501-f678-4ebc-ab54-ff3afaa1251d: valid; 1.5 s; peak memory 10572 MiB.
2026-09-16T19:10:44Z INFO [1962/2201] cd556cd8-01f9-4dec-8bef-a24a4240443e: valid; 1.8 s; peak memory 10572 MiB.
2026-09-16T19:10:45Z INFO [1963/2201] cd7c0cf3-624f-4b28-8990-e13f9c928d77: valid; 1.6 s; peak memory 10572 MiB.
2026-09-16T19:10:48Z INFO [1964/2201] cd8dc0b8-0bac-409a-ae46-52d3ed1850d7: not valid; 2.2 s; peak memory 10572 MiB.
2026-09-16T19:10:49Z INFO [1965/2201] cdad4563-16d8-4a1f-b256-f895aa47ec58: valid; 1.3 s; peak memory 10572 MiB.
2026-09-16T19:10:50Z INFO [1966/2201] cdb3456f-4490-42b7-9c41-01f1674deadd: valid; 1.4 s; peak memory 10572 MiB.
2026-09-16T19:11:44Z INFO [1967/2201] cdd0c05b-4cf4-417d-bd6a-cd242cf005d0: valid; 53.3 s; peak memory 10572 MiB.
2026-09-16T19:11:54Z INFO [1968/2201] cdfcb25a-7907-428a-bfe8-1dc648cbd57b: valid; 10.2 s; peak memory 10572 MiB.
2026-09-16T19:11:56Z INFO [1969/2201] ce21a010-04f3-4a63-83bb-7b732f0a7a7c: not valid; 2.4 s; peak memory 10572 MiB.
2026-09-16T19:12:14Z INFO [1970/2201] ce3cdf57-8ab8-4b08-ba24-aa41d6e67910: valid; 18.1 s; peak memory 10572 MiB.
2026-09-16T19:12:17Z INFO [1971/2201] ce497339-1c01-405c-a42a-d45b786194a3: valid; 2.9 s; peak memory 10572 MiB.
2026-09-16T19:12:19Z INFO [1972/2201] ce76230c-0162-45f3-97b5-7ad0719156c9: not valid; 1.9 s; peak memory 10572 MiB.
2026-09-16T19:12:34Z INFO [1973/2201] ce7b68b0-984c-4c8c-a77a-9f9566c5dc55: valid; 15.0 s; peak memory 10572 MiB.
2026-09-16T19:12:36Z INFO [1974/2201] ce818b1a-0601-4a06-9ec5-831854044379: not valid; 1.6 s; peak memory 10572 MiB.
2026-09-16T19:12:38Z INFO [1975/2201] ce8a265a-e0da-4205-a07d-2dc0069c86c5: valid; 2.4 s; peak memory 10572 MiB.
2026-09-16T19:12:45Z INFO [1976/2201] ce9ce3f5-ccc3-4598-8d83-748911fc9b80: valid; 7.2 s; peak memory 10572 MiB.
2026-09-16T19:12:47Z INFO [1977/2201] cea9b2a6-01c3-4abd-9941-19b29b8cb3a4: valid; 1.5 s; peak memory 10572 MiB.
2026-09-16T19:12:49Z INFO [1978/2201] cec81d91-29df-489c-b059-d188a0900927: not valid; 2.5 s; peak memory 10572 MiB.
2026-09-16T19:12:52Z WARNING ced054d0-2ed8-428f-8c99-022aa7d6cf37: failed while opening the NWB file (ConstructError: (root/acquisition/_iblmic_audioSpectrogram/bands GroupBuilder {'attributes': {'colnames': array(['freq'], dtype=object), 'description': 'spectogram frequencies', 'namespace': 'core', 'neurodata_type': 'FrequencyBandsTable', 'object_id': '1b904c6c-22c4-4ac0-ac25-a76cdaea09a6'}, 'groups': {}, 'datasets': {'freq': root/acquisition/_iblmic_audioSpectrogram/bands/freq DatasetBuilder {'attributes': {'description': 'frequency value', 'namespace': 'hdmf-common', 'neurodata_type': 'VectorData', 'object_id': '8fdeee62-4402-4229-9db5-96c5472f3715'}, 'data': <HDF5 dataset "freq": shape (257,), type "<f4">}, 'id': root/acquisition/_iblmic_audioSpectrogram/bands/id DatasetBuilder {'attributes': {'namespace': 'hdmf-common', 'neurodata_type': 'ElementIdentifiers', 'object_id': 'dd92bb1c-136b-4ca7-b5a0-2044004599d1'}, 'data': <HDF5 dataset "id": shape (257,), type "<i4">}}, 'links': {}}, "Could not construct FrequencyBandsTable object due to: column must have the same number of rows as 'id'"))
2026-09-16T19:12:54Z INFO [1980/2201] cef70e3c-b46e-4f66-834b-9d3c85c289cb: valid; 2.4 s; peak memory 10572 MiB.
2026-09-16T19:12:56Z INFO [1981/2201] cf022b53-add6-4bcd-ba81-718ef7f86fd2: valid; 2.1 s; peak memory 10572 MiB.
2026-09-16T19:12:58Z INFO [1982/2201] cf02aae9-918e-4ac4-81e4-e7e467825be7: not valid; 1.7 s; peak memory 10572 MiB.
2026-09-16T19:12:58Z WARNING cf03da3e-fb96-437c-9cde-f4d8963ae851: failed while retrieving asset information from the DANDI API (NotFoundError: No asset at path 'sub-parkinson-simulated-lfp/sub-parkinson-simulated-lfp_ses-3303_ecephys.nwb' in version 0.250327.2220. Verify the path is correct and the asset exists in this version. Use 'dandi ls' to list available assets.)
2026-09-16T19:12:59Z INFO [1984/2201] cf9a07e7-2247-48da-8505-647db9f5a5b6: valid; 1.4 s; peak memory 10572 MiB.
2026-09-16T19:13:02Z INFO [1985/2201] cfa4c84b-23ff-4d9c-a0e2-8b8cae09a777: valid; 2.5 s; peak memory 10572 MiB.
2026-09-16T19:13:03Z INFO [1986/2201] cfa96057-98cc-410a-a601-5c8211227b47: valid; 1.5 s; peak memory 10572 MiB.
2026-09-16T19:13:06Z INFO [1987/2201] d00228ca-67af-4505-ac53-129057910084: valid; 3.1 s; peak memory 10572 MiB.
2026-09-16T19:13:08Z INFO [1988/2201] d0176555-6279-46b0-92a2-45f28cbc768b: not valid; 1.6 s; peak memory 10572 MiB.
2026-09-16T19:13:11Z INFO [1989/2201] d01bb5dc-3398-491f-a227-f2fca66b8081: valid; 3.1 s; peak memory 10572 MiB.
2026-09-16T19:13:13Z WARNING d01e9f8d-6a8a-4319-b578-39ec6fc8cefa: failed while opening the NWB file (ConstructError: (root/acquisition/event_code_meanings GroupBuilder {'attributes': {'colnames': array(['value', 'meaning'], dtype=object), 'description': 'Mapping integer event codes to event labels', 'namespace': 'ndx-events', 'neurodata_type': 'MeaningsTable', 'object_id': 'e7105673-78d5-4105-8a17-69f4ec7964af'}, 'groups': {}, 'datasets': {'id': root/acquisition/event_code_meanings/id DatasetBuilder {'attributes': {'namespace': 'hdmf-common', 'neurodata_type': 'ElementIdentifiers', 'object_id': '8a617104-2245-440f-9a5e-592d1f464fb0'}, 'data': <HDF5 dataset "id": shape (26,), type "<i8">}, 'meaning': root/acquisition/event_code_meanings/meaning DatasetBuilder {'attributes': {'description': 'The meaning of the value in the parent CategoricalVectorData object.', 'namespace': 'hdmf-experimental', 'neurodata_type': 'VectorData', 'object_id': '8b013f1e-a270-431d-8a02-5e843aac32da'}, 'data': <StrDataset for HDF5 dataset "meaning": shape (26,), type "|O">}, 'value': root/acquisition/event_code_meanings/value DatasetBuilder {'attributes': {'description': 'The value of the parent CategoricalVectorData object.', 'namespace': 'hdmf-experimental', 'neurodata_type': 'VectorData', 'object_id': '42587d07-2cce-4b31-8fad-9c05fcbbcc21'}, 'data': <HDF5 dataset "value": shape (26,), type "<i8">}}, 'links': {}}, "Could not construct MeaningsTable object due to: MeaningsTable.__init__: missing argument 'target'"))
2026-09-16T19:13:14Z INFO [1991/2201] d09350e4-36c9-4ede-b61a-47ba91c6f012: valid; 1.2 s; peak memory 10572 MiB.
2026-09-16T19:13:30Z INFO [1992/2201] d0b8e54c-6abf-4932-a7a6-a06011448b56: valid; 16.1 s; peak memory 10572 MiB.
2026-09-16T19:13:32Z INFO [1993/2201] d0d35158-8395-4df1-9828-dc28e6cfca35: valid; 1.3 s; peak memory 10572 MiB.
2026-09-16T19:13:35Z INFO [1994/2201] d0ef8376-b211-4a92-942c-ca81082c22ab: valid; 3.3 s; peak memory 10572 MiB.
2026-09-16T19:13:36Z INFO [1995/2201] d10551da-e62a-437a-b028-2188d70eb551: valid; 1.3 s; peak memory 10572 MiB.
2026-09-16T19:13:38Z INFO [1996/2201] d1391658-ee1b-4805-a063-db5e7720ac92: valid; 2.1 s; peak memory 10572 MiB.
2026-09-16T19:13:42Z INFO [1997/2201] d13b3834-f1d4-4b9a-b1a0-32853e62f6e4: valid; 3.7 s; peak memory 10572 MiB.
2026-09-16T19:13:44Z INFO [1998/2201] d14fe54a-3400-4560-8973-581ee4a7c6a4: not valid; 2.0 s; peak memory 10572 MiB.
2026-09-16T19:13:46Z INFO [1999/2201] d168800f-797d-4e40-ab50-db1a710cbf71: valid; 2.0 s; peak memory 10572 MiB.
2026-09-16T19:13:49Z INFO [2000/2201] d1a56086-4f31-413e-a6e4-fd4075f2ad4c: valid; 2.7 s; peak memory 10572 MiB.
2026-09-16T19:13:49Z INFO [2000/2201] d1a56086-4f31-413e-a6e4-fd4075f2ad4c: checkpointed 66010 records.
2026-09-16T19:13:51Z INFO [2001/2201] d1b43e85-f5ed-4252-a11b-3854f68ed7a9: not valid; 1.6 s; peak memory 10572 MiB.
2026-09-16T19:13:52Z INFO [2002/2201] d25e33a2-eb9f-43a7-9f07-0bd0ef58efd6: valid; 1.6 s; peak memory 10572 MiB.
2026-09-16T19:13:54Z INFO [2003/2201] d2a71be7-22da-4e25-b9bd-59391a88c40d: valid; 2.2 s; peak memory 10572 MiB.
2026-09-16T19:13:57Z INFO [2004/2201] d2adae3d-5b62-4804-9d85-1792b8f45066: valid; 2.3 s; peak memory 10572 MiB.
2026-09-16T19:14:00Z WARNING d2afbe07-4a5b-470d-8c45-d86bca102c58: failed while opening the NWB file (ConstructError: (root/general/optogenetics/PatternedOptogeneticStimulusSite GroupBuilder {'attributes': {'effector': 'GUR-3/PRDX-2', 'namespace': 'ndx-patterned-ogen', 'neurodata_type': 'PatternedOptogeneticStimulusSite', 'object_id': 'a711755b-7a5d-4035-9789-de6a29899ec2'}, 'groups': {}, 'datasets': {'description': root/general/optogenetics/PatternedOptogeneticStimulusSite/description DatasetBuilder {'attributes': {}, 'data': 'Scanning'}, 'excitation_lambda': root/general/optogenetics/PatternedOptogeneticStimulusSite/excitation_lambda DatasetBuilder {'attributes': {}, 'data': np.float64(850.0)}, 'location': root/general/optogenetics/PatternedOptogeneticStimulusSite/location DatasetBuilder {'attributes': {}, 'data': 'whole brain'}}, 'links': {'device': root/general/optogenetics/PatternedOptogeneticStimulusSite/device LinkBuilder {'builder': root/general/devices/OptogeneticDevice GroupBuilder {'attributes': {'description': '', 'namespace': 'core', 'neurodata_type': 'Device', 'object_id': '1ac514fa-01b6-46a9-bff8-42c3e48ab8d5'}, 'groups': {}, 'datasets': {}, 'links': {}}}, 'light_source': root/general/optogenetics/PatternedOptogeneticStimulusSite/light_source LinkBuilder {'builder': root/general/devices/AmplifiedLaser GroupBuilder {'attributes': {'description': 'For two-photon optogenetic targeting, we used an optical parametric amplifier (OPA; Light Conversion ORPHEUS) pumped by a femtosecond amplified laser (Light Conversion PHAROS).', 'filter_description': 'Short pass at 1040 nm', 'manufacturer': 'Light Conversion', 'model': 'ORPHEUS amplifier and PHAROS laser', 'namespace': 'ndx-patterned-ogen', 'neurodata_type': 'LightSource', 'object_id': '508f38da-679f-4609-8a1b-2b980d09edec', 'peak_power_in_W': np.float64(0.0012), 'pulse_rate_in_Hz': np.float64(500000.0), 'stimulation_wavelength_in_nm': np.float64(850.0)}, 'groups': {}, 'datasets': {}, 'links': {}}}}}, "Could not construct PatternedOptogeneticStimulusSite object due to: CustomClassGenerator.set_init.<locals>.__init__: incorrect type for 'spatial_light_modulator' (got 'list', expected 'Device')"))
2026-09-16T19:14:02Z INFO [2006/2201] d2b91add-1ea0-4824-9595-002677896e92: valid; 2.3 s; peak memory 10572 MiB.
2026-09-16T19:14:03Z INFO [2007/2201] d2bc242d-8cad-4b8f-8510-e5f1f839841b: valid; 1.4 s; peak memory 10572 MiB.
2026-09-16T19:14:07Z INFO [2008/2201] d2d2d329-9a85-4ce5-ae97-f5581c7110ff: valid; 3.1 s; peak memory 10572 MiB.
2026-09-16T19:14:09Z INFO [2009/2201] d2ec6f22-0911-44e7-9ddc-dc773925c2ca: valid; 2.7 s; peak memory 10572 MiB.
2026-09-16T19:14:11Z INFO [2010/2201] d32cdec1-34b4-497f-a263-5e3d29ca0cac: valid; 1.3 s; peak memory 10572 MiB.
2026-09-16T19:14:13Z INFO [2011/2201] d34855ed-5842-4f13-b9c5-82f13c35dd4d: valid; 2.2 s; peak memory 10572 MiB.
2026-09-16T19:14:15Z INFO [2012/2201] d3a00bae-19ea-4dd6-8dd2-7592e6c0425e: not valid; 2.6 s; peak memory 10572 MiB.
2026-09-16T19:14:17Z INFO [2013/2201] d3b6970c-cebe-4002-86d3-13f6b78d538c: not valid; 1.9 s; peak memory 10572 MiB.
2026-09-16T19:14:19Z INFO [2014/2201] d3b84f88-9f9f-42f8-af80-3354e7c5fe33: not valid; 1.7 s; peak memory 10572 MiB.
2026-09-16T19:14:21Z INFO [2015/2201] d3c70a12-e4c4-491d-aa06-2aafef8da285: not valid; 1.5 s; peak memory 10572 MiB.
2026-09-16T19:14:22Z INFO [2016/2201] d3c73151-92f1-49e4-8cb7-77e5335bdc9b: valid; 1.3 s; peak memory 10572 MiB.
2026-09-16T19:14:24Z INFO [2017/2201] d3dd531a-58f3-484f-8036-658ddb668f9b: not valid; 2.2 s; peak memory 10572 MiB.
2026-09-16T19:14:28Z INFO [2018/2201] d3e8e240-6aa1-4c65-b7a0-4bcb42e770d1: valid; 3.5 s; peak memory 10572 MiB.
2026-09-16T19:14:31Z INFO [2019/2201] d40abba6-e7be-4b8d-a5a7-bf157444261c: valid; 3.7 s; peak memory 10572 MiB.
2026-09-16T19:14:34Z INFO [2020/2201] d416faef-7f15-4840-987b-31ca357f2b09: not valid; 3.1 s; peak memory 10572 MiB.
2026-09-16T19:14:36Z INFO [2021/2201] d4357d45-4a2d-4ec5-80b2-726e4226a698: not valid; 1.8 s; peak memory 10572 MiB.
2026-09-16T19:14:37Z INFO [2022/2201] d468bf36-37c1-45b4-9abb-71fa45a0c2bf: valid; 1.4 s; peak memory 10572 MiB.
2026-09-16T19:14:40Z INFO [2023/2201] d48e6b36-0249-4946-8f7d-e5a88e23ddf1: valid; 2.2 s; peak memory 10572 MiB.
2026-09-16T19:14:43Z INFO [2024/2201] d4e3ddac-f928-4a76-9ac4-c665833de6f1: valid; 2.8 s; peak memory 10572 MiB.
2026-09-16T19:14:44Z INFO [2025/2201] d507be8e-38ad-46ad-a0f8-b6f7134b43f1: not valid; 1.8 s; peak memory 10572 MiB.
2026-09-16T19:14:46Z INFO [2026/2201] d5486794-a367-4be3-8151-44182463afbe: valid; 2.2 s; peak memory 10572 MiB.
2026-09-16T19:14:48Z INFO [2027/2201] d552788b-a7c2-4624-8728-e53fbbf26e92: valid; 2.0 s; peak memory 10572 MiB.
2026-09-16T19:14:50Z INFO [2028/2201] d559c1bc-4ef6-4340-91cc-53511b90a541: valid; 1.2 s; peak memory 10572 MiB.
2026-09-16T19:14:52Z INFO [2029/2201] d5777606-9117-4d9f-bdf7-3b5d399f8d05: valid; 2.4 s; peak memory 10572 MiB.
2026-09-16T19:14:53Z INFO [2030/2201] d5d5e53f-6dfc-49a6-aa93-ce1c140c8bd8: valid; 1.3 s; peak memory 10572 MiB.
2026-09-16T19:14:55Z INFO [2031/2201] d6b08976-b949-4b5f-a593-0011bcb23310: valid; 1.3 s; peak memory 10572 MiB.
2026-09-16T19:15:05Z INFO [2032/2201] d6cd90e2-cca7-4e84-9ae6-af794438a472: valid; 10.1 s; peak memory 10572 MiB.
2026-09-16T19:15:08Z INFO [2033/2201] d701e6a6-d31e-4dad-8ab6-38cf48aedd76: valid; 3.4 s; peak memory 10572 MiB.
2026-09-16T19:15:13Z INFO [2034/2201] d7106683-9d58-4de2-ac6d-16dc74ceb5df: valid; 4.6 s; peak memory 10572 MiB.
2026-09-16T19:15:14Z INFO [2035/2201] d729e181-59d4-4f63-9148-e112a28adecd: not valid; 1.4 s; peak memory 10572 MiB.
2026-09-16T19:15:23Z INFO [2036/2201] d75bf56d-a901-4b47-a066-38dd37d1a9a6: valid; 9.1 s; peak memory 10572 MiB.
2026-09-16T19:15:27Z INFO [2037/2201] d7c3ada8-bc32-4b68-8599-b675d46ec44c: valid; 3.4 s; peak memory 10572 MiB.
2026-09-16T19:15:29Z INFO [2038/2201] d7e8399f-478f-4e66-9bbb-18053d530d6c: valid; 1.9 s; peak memory 10572 MiB.
2026-09-16T19:15:33Z INFO [2039/2201] d7eb6893-0eab-4e64-8e74-60a433d157fa: valid; 4.7 s; peak memory 10572 MiB.
2026-09-16T19:15:37Z INFO [2040/2201] d832199e-bdb0-44e3-b908-f930ac976b27: valid; 3.3 s; peak memory 10572 MiB.
2026-09-16T19:15:39Z INFO [2041/2201] d858a8cc-9930-4dc2-8909-6e723c800f88: valid; 2.4 s; peak memory 10572 MiB.
2026-09-16T19:15:54Z INFO [2042/2201] d86d4a7e-bd9d-44a5-a399-34acb2712b3b: not valid; 14.5 s; peak memory 10572 MiB.
2026-09-16T19:16:07Z INFO [2043/2201] d88221ce-7c2e-477b-b397-48e6435e9dd9: valid; 13.8 s; peak memory 10572 MiB.
2026-09-16T19:16:09Z INFO [2044/2201] d8906016-592a-4f91-b3e6-40f961299817: not valid; 2.0 s; peak memory 10572 MiB.
2026-09-16T19:16:11Z INFO [2045/2201] d8cad4f0-8e23-4af6-85e5-4141acaa3e13: valid; 1.5 s; peak memory 10572 MiB.
2026-09-16T19:16:14Z INFO [2046/2201] d921fec2-8ae7-46ee-b758-3303e10de66d: valid; 2.9 s; peak memory 10572 MiB.
2026-09-16T19:16:18Z INFO [2047/2201] d92a7217-e573-431d-ba96-163c54c268dc: valid; 4.4 s; peak memory 10572 MiB.
2026-09-16T19:16:21Z INFO [2048/2201] d93f71af-6713-4946-8588-610199898257: valid; 2.8 s; peak memory 10572 MiB.
2026-09-16T19:16:23Z INFO [2049/2201] d959751a-cb40-4ba6-b799-e9cbba3722b9: not valid; 1.6 s; peak memory 10572 MiB.
2026-09-16T19:16:37Z INFO [2050/2201] d960d0ff-bbd1-4866-b2fe-c5243b774005: valid; 14.8 s; peak memory 10572 MiB.
2026-09-16T19:16:38Z INFO [2050/2201] d960d0ff-bbd1-4866-b2fe-c5243b774005: checkpointed 66010 records.
2026-09-16T19:16:40Z INFO [2051/2201] d97e6e04-f669-47f8-8bf0-e7894672333f: not valid; 2.3 s; peak memory 10572 MiB.
2026-09-16T19:16:43Z INFO [2052/2201] d99066f5-1b86-46b0-a6c0-e0c03ba47f69: not valid; 2.3 s; peak memory 10572 MiB.
2026-09-16T19:16:44Z INFO [2053/2201] d9a0afc4-2889-46c5-a8dc-d777443bd276: not valid; 1.6 s; peak memory 10572 MiB.
2026-09-16T19:16:46Z INFO [2054/2201] d9a4fc57-8886-431b-bcf7-a75fc33020fe: valid; 1.4 s; peak memory 10572 MiB.
2026-09-16T19:17:26Z INFO [2055/2201] d9d0e6cf-2edf-4ec5-ad9e-56f4e017d8a8: valid; 40.3 s; peak memory 10572 MiB.
2026-09-16T19:17:29Z INFO [2056/2201] d9db4eef-24ce-4719-8d58-43816554d8da: valid; 2.8 s; peak memory 10572 MiB.
2026-09-16T19:17:37Z INFO [2057/2201] da221076-822d-4903-bfea-9816d81af95e: valid; 8.6 s; peak memory 10572 MiB.
2026-09-16T19:17:40Z INFO [2058/2201] da35f749-2b99-4a04-be80-797354baf356: valid; 2.5 s; peak memory 10572 MiB.
2026-09-16T19:17:42Z INFO [2059/2201] da6d5dfb-9b68-41e7-b0bb-ed55c39aafec: valid; 2.7 s; peak memory 10572 MiB.
2026-09-16T19:17:48Z INFO [2060/2201] da71e361-10a9-4cf4-aacc-63de89ce3def: valid; 5.7 s; peak memory 10572 MiB.
2026-09-16T19:17:49Z INFO [2061/2201] da883a3d-3f7f-4ba8-a6f9-4a6a0b160be8: valid; 1.1 s; peak memory 10572 MiB.
2026-09-16T19:17:50Z INFO [2062/2201] da99637d-3c78-4fe6-bcf6-d536781fe3f4: valid; 1.0 s; peak memory 10572 MiB.
2026-09-16T19:17:58Z INFO [2063/2201] da9f7901-b2ab-4a70-b858-c36c083a6ceb: valid; 8.1 s; peak memory 10572 MiB.
2026-09-16T19:18:00Z INFO [2064/2201] daa871f2-4c2d-42d9-b53a-3357fe2f6203: valid; 1.6 s; peak memory 10572 MiB.
2026-09-16T19:18:03Z INFO [2065/2201] daaa9aa7-3fa7-41ed-a887-a11bf74d29c7: valid; 2.6 s; peak memory 10572 MiB.
2026-09-16T19:18:07Z INFO [2066/2201] dac23212-b96f-431d-8ce6-51cb0b587fe5: valid; 4.8 s; peak memory 10572 MiB.
2026-09-16T19:18:16Z INFO [2067/2201] dac7082b-b07d-4f3b-a7eb-fdb8f7eb6667: valid; 8.3 s; peak memory 10572 MiB.
2026-09-16T19:18:17Z INFO [2068/2201] dacac250-123b-4b45-9e78-fee4bab58293: valid; 1.5 s; peak memory 10572 MiB.
2026-09-16T19:18:19Z INFO [2069/2201] dacd87a8-7f93-4b30-b8dd-eb8d32a266f8: valid; 2.2 s; peak memory 10572 MiB.
2026-09-16T19:18:21Z INFO [2070/2201] db00aee2-1de0-4b20-8a6a-4a5eb8848dbc: valid; 1.6 s; peak memory 10572 MiB.
2026-09-16T19:18:28Z INFO [2071/2201] db081108-2b81-4377-be66-279178820c5e: not valid; 7.2 s; peak memory 10572 MiB.
2026-09-16T19:18:30Z INFO [2072/2201] db094037-3815-47e3-8ff3-af69b841c7d1: valid; 2.0 s; peak memory 10572 MiB.
2026-09-16T19:18:32Z INFO [2073/2201] db3c08fd-2136-42dd-aa25-b3bae6544dfb: valid; 1.4 s; peak memory 10572 MiB.
2026-09-16T19:18:33Z INFO [2074/2201] db4464ad-d1a4-4d5c-90cf-1bac848cb2b0: valid; 1.2 s; peak memory 10572 MiB.
2026-09-16T19:18:34Z INFO [2075/2201] db538ea5-cd39-48a4-80bc-7bbbfb7131ff: valid; 1.4 s; peak memory 10572 MiB.
2026-09-16T19:18:36Z INFO [2076/2201] db767f95-57d5-44ce-9569-a6840683a731: valid; 1.5 s; peak memory 10572 MiB.
2026-09-16T19:18:38Z INFO [2077/2201] db948307-6984-41d1-bd24-319414fc3aba: valid; 2.4 s; peak memory 10572 MiB.
2026-09-16T19:18:40Z INFO [2078/2201] dbbe6170-e7e3-4741-a283-f27945eb3e13: valid; 2.2 s; peak memory 10572 MiB.
2026-09-16T19:18:42Z INFO [2079/2201] dbc6138f-ea5d-4f88-8dd5-73f483f8282f: valid; 2.2 s; peak memory 10572 MiB.
2026-09-16T19:18:46Z INFO [2080/2201] dbd6a96e-9760-4e0a-bb34-14c85aa58e5a: valid; 3.2 s; peak memory 10572 MiB.
2026-09-16T19:18:47Z INFO [2081/2201] dbe6556f-8c82-4049-a4e5-3b1a807012f3: valid; 1.6 s; peak memory 10572 MiB.
2026-09-16T19:18:59Z INFO [2082/2201] dbeb7c1a-88ac-460a-8d86-59dc1f5966e8: valid; 11.7 s; peak memory 10572 MiB.
2026-09-16T19:19:00Z INFO [2083/2201] dbf0d72e-33df-4380-9daa-82fde649170f: valid; 1.3 s; peak memory 10572 MiB.
2026-09-16T19:19:02Z INFO [2084/2201] dbfbf6c5-4bca-460e-a9c0-d42c320c811f: valid; 1.3 s; peak memory 10572 MiB.
2026-09-16T19:19:07Z INFO [2085/2201] dbfc5312-b05b-4a2e-95bc-dd19145347dd: valid; 5.1 s; peak memory 10572 MiB.
2026-09-16T19:19:11Z INFO [2086/2201] dc05de2b-cc5f-49f3-8d3d-dde50d33972e: valid; 4.7 s; peak memory 10572 MiB.
2026-09-16T19:19:17Z INFO [2087/2201] dc0f0616-2aab-46aa-9daa-9246d58de74c: not valid; 5.8 s; peak memory 10572 MiB.
2026-09-16T19:19:19Z INFO [2088/2201] dc2fe3f3-9487-4a80-bd82-9e74e176134b: valid; 2.2 s; peak memory 10572 MiB.
2026-09-16T19:19:21Z INFO [2089/2201] dc3579d8-f4aa-40c1-9354-4651cad32411: valid; 1.6 s; peak memory 10572 MiB.
2026-09-16T19:19:22Z INFO [2090/2201] dc390a7d-2239-4c80-af4d-4b3ccf02e81c: valid; 1.4 s; peak memory 10572 MiB.
2026-09-16T19:19:25Z INFO [2091/2201] dc47c724-dcdd-4ba5-be52-5c5e09230291: valid; 2.1 s; peak memory 10572 MiB.
2026-09-16T19:19:26Z INFO [2092/2201] dc646409-0d4b-44c5-b3a5-3787a5ceb8d3: valid; 1.6 s; peak memory 10572 MiB.
2026-09-16T19:19:28Z INFO [2093/2201] dc772bfd-a041-4fe6-8022-28d655692c4f: valid; 1.5 s; peak memory 10572 MiB.
2026-09-16T19:19:30Z INFO [2094/2201] dc98d0ad-b8af-44cd-baa8-1a697433caa0: not valid; 2.3 s; peak memory 10572 MiB.
2026-09-16T19:19:32Z INFO [2095/2201] dce28ceb-cec9-47bd-bc5e-40c783d71242: not valid; 1.7 s; peak memory 10572 MiB.
2026-09-16T19:19:47Z INFO [2096/2201] dcea9a6a-0feb-4158-b74d-dd4516b616e3: valid; 14.9 s; peak memory 10572 MiB.
2026-09-16T19:19:58Z INFO [2097/2201] dd45fe8e-b94b-48fe-a94c-99a289066300: valid; 11.0 s; peak memory 10572 MiB.
2026-09-16T19:20:00Z INFO [2098/2201] dd476ff4-197c-41fe-919d-2ee020aa1d42: valid; 2.7 s; peak memory 10572 MiB.
2026-09-16T19:20:02Z INFO [2099/2201] dd6f8985-14bc-43b4-ab1a-9358e890cbeb: valid; 1.3 s; peak memory 10572 MiB.
2026-09-16T19:20:04Z INFO [2100/2201] ddae6c98-71e8-4405-a255-a9f0f5112cf1: valid; 2.3 s; peak memory 10572 MiB.
2026-09-16T19:20:04Z INFO [2100/2201] ddae6c98-71e8-4405-a255-a9f0f5112cf1: checkpointed 66010 records.
2026-09-16T19:20:08Z INFO [2101/2201] ddaff387-2961-481f-916e-061a6aba611a: valid; 3.2 s; peak memory 10572 MiB.
2026-09-16T19:20:10Z INFO [2102/2201] ddbdaa2f-350f-4eb5-bc9d-29aac04daaac: valid; 2.1 s; peak memory 10572 MiB.
2026-09-16T19:20:13Z INFO [2103/2201] ddd4722e-2f26-485d-9dae-b4afe5c7400c: valid; 3.0 s; peak memory 10572 MiB.
2026-09-16T19:20:14Z INFO [2104/2201] ddfe481b-760d-4ec0-877c-d5abe377c6ad: valid; 1.4 s; peak memory 10572 MiB.
2026-09-16T19:20:15Z INFO [2105/2201] de17eae7-a85b-43d5-b9eb-65b0ec461093: not valid; 1.4 s; peak memory 10572 MiB.
2026-09-16T19:20:17Z INFO [2106/2201] de33c58b-d026-4cbd-8fb2-31d6b51f667f: valid; 2.0 s; peak memory 10572 MiB.
2026-09-16T19:20:26Z INFO [2107/2201] de491d08-a48a-4f05-8215-9bb1246bf251: valid; 8.7 s; peak memory 10572 MiB.
2026-09-16T19:20:28Z INFO [2108/2201] de4a92a2-65d7-4d39-adee-cbd0a31b227b: not valid; 1.8 s; peak memory 10572 MiB.
2026-09-16T19:20:34Z INFO [2109/2201] de774859-5443-4241-8913-7a35f87b5f43: valid; 5.6 s; peak memory 10572 MiB.
2026-09-16T19:20:37Z INFO [2110/2201] de96bbdc-eff3-4d7c-892f-a735e8c365ec: valid; 3.3 s; peak memory 10572 MiB.
2026-09-16T19:20:40Z INFO [2111/2201] debc04c6-5efa-4272-b31f-a7653fa80078: not valid; 3.5 s; peak memory 10572 MiB.
2026-09-16T19:20:43Z WARNING dedb6935-a90f-49dc-9627-6eb9c2607000: failed while opening the NWB file (ConstructError: (root/acquisition/_iblmic_audioSpectrogram/bands GroupBuilder {'attributes': {'colnames': array(['freq'], dtype=object), 'description': 'spectogram frequencies', 'namespace': 'core', 'neurodata_type': 'FrequencyBandsTable', 'object_id': 'e68584de-c316-4cc0-8a43-8b2dfa36ffb8'}, 'groups': {}, 'datasets': {'freq': root/acquisition/_iblmic_audioSpectrogram/bands/freq DatasetBuilder {'attributes': {'description': 'frequency value', 'namespace': 'hdmf-common', 'neurodata_type': 'VectorData', 'object_id': '4bb9b148-8085-41b2-8dea-176c48ec7c67'}, 'data': <HDF5 dataset "freq": shape (257,), type "<f4">}, 'id': root/acquisition/_iblmic_audioSpectrogram/bands/id DatasetBuilder {'attributes': {'namespace': 'hdmf-common', 'neurodata_type': 'ElementIdentifiers', 'object_id': '3a34933f-da50-416b-a490-efdf28e1e244'}, 'data': <HDF5 dataset "id": shape (257,), type "<i4">}}, 'links': {}}, "Could not construct FrequencyBandsTable object due to: column must have the same number of rows as 'id'"))
2026-09-16T19:20:58Z INFO [2113/2201] deefc07a-54ea-4b1a-81df-d847e90a73f1: valid; 15.4 s; peak memory 10572 MiB.
2026-09-16T19:21:13Z INFO [2114/2201] def3a47c-8a2a-4657-8c9e-5329ce39a484: valid; 15.2 s; peak memory 10572 MiB.
2026-09-16T19:21:26Z INFO [2115/2201] df8935a8-d27f-4dcd-9556-80edb2b71410: valid; 12.3 s; peak memory 10572 MiB.
2026-09-16T19:21:35Z INFO [2116/2201] df901d1e-780c-4d42-bc00-e121d3d12496: valid; 9.2 s; peak memory 10572 MiB.
2026-09-16T19:21:36Z INFO [2117/2201] dfa1abe5-aa6e-4821-a791-c4cd36147441: valid; 1.2 s; peak memory 10572 MiB.
2026-09-16T19:21:37Z INFO [2118/2201] dfabae2e-4b66-4592-ae84-a767f7e094a7: valid; 1.4 s; peak memory 10572 MiB.
2026-09-16T19:21:39Z INFO [2119/2201] dfbcda74-4150-4e9f-85b4-ad92f6046780: valid; 1.5 s; peak memory 10572 MiB.
2026-09-16T19:21:42Z INFO [2120/2201] dfbf6deb-ef0a-4ed2-a368-53c6b25cdbd5: valid; 2.8 s; peak memory 10572 MiB.
2026-09-16T19:21:45Z INFO [2121/2201] dfc19ac4-b8ce-4537-9fc8-45655dcf68ff: valid; 3.1 s; peak memory 10572 MiB.
2026-09-16T19:21:48Z INFO [2122/2201] dfceecae-bcfc-4da6-91bb-107a07c07a53: valid; 3.6 s; peak memory 10572 MiB.
2026-09-16T19:21:52Z INFO [2123/2201] dfcf8aa8-48f1-40cd-adf7-ef9b5c483f2d: valid; 4.0 s; peak memory 10572 MiB.
2026-09-16T19:22:15Z INFO [2124/2201] dfee61b6-61a3-4650-9985-b982f30cb421: valid; 22.4 s; peak memory 10572 MiB.
2026-09-16T19:22:32Z INFO [2125/2201] e00eb942-f06b-4ea2-a19e-7e57dce2de29: valid; 16.8 s; peak memory 10572 MiB.
2026-09-16T19:22:36Z INFO [2126/2201] e022a58a-3a51-4b6f-a0a0-8e0dc4c5264b: not valid; 4.4 s; peak memory 10572 MiB.
2026-09-16T19:22:39Z INFO [2127/2201] e041f963-5008-4ea6-b731-cecbf121989d: valid; 3.0 s; peak memory 10572 MiB.
2026-09-16T19:22:41Z INFO [2128/2201] e04f17fe-0206-47a9-a358-824866fd6312: valid; 1.5 s; peak memory 10572 MiB.
2026-09-16T19:22:59Z INFO [2129/2201] e0649c39-13ea-44e8-b013-fae8b5f726f4: valid; 18.4 s; peak memory 10572 MiB.
2026-09-16T19:23:01Z INFO [2130/2201] e08eec73-b024-438b-b409-1d5a41aa4ae8: not valid; 1.6 s; peak memory 10572 MiB.
2026-09-16T19:23:03Z INFO [2131/2201] e0984108-b7c0-4a9f-ba29-00673c6553dd: valid; 2.2 s; peak memory 10572 MiB.
2026-09-16T19:23:04Z INFO [2132/2201] e0b90398-2b1d-4811-ad5e-fd2d8ca7a338: valid; 1.5 s; peak memory 10572 MiB.
2026-09-16T19:23:06Z INFO [2133/2201] e0c0dcf6-cbbd-4b11-a9aa-7a7b2bf81c74: valid; 1.3 s; peak memory 10572 MiB.
2026-09-16T19:23:07Z INFO [2134/2201] e0dd320f-8815-4a3d-8436-2edb1fc80727: not valid; 1.9 s; peak memory 10572 MiB.
2026-09-16T19:23:07Z WARNING e0ee38a7-0739-4d21-ae45-ed72fac92a9b: failed while retrieving asset information from the DANDI API (NotFoundError: No such Dandiset: 001533)
2026-09-16T19:23:10Z INFO [2136/2201] e0f04a52-43b9-4f02-aa82-a1663d07017a: valid; 2.2 s; peak memory 10572 MiB.
2026-09-16T19:23:11Z INFO [2137/2201] e0f3d4b4-7bee-49ad-8725-fa56ace6aa5c: valid; 1.5 s; peak memory 10572 MiB.
2026-09-16T19:23:13Z INFO [2138/2201] e124d8f3-b44a-4156-b69f-15c6cbbe5624: not valid; 2.0 s; peak memory 10572 MiB.
2026-09-16T19:23:15Z INFO [2139/2201] e15c5929-8bc0-43fb-a824-94f3e190e624: valid; 1.4 s; peak memory 10572 MiB.
2026-09-16T19:23:17Z INFO [2140/2201] e180a0dd-a2fe-4084-bbd5-52ff041d7cf8: valid; 2.1 s; peak memory 10572 MiB.
2026-09-16T19:23:19Z WARNING e1b5087a-9ec7-4750-b138-fb3830072bdf: failed while opening the NWB file (ConstructError: (root/acquisition/_iblmic_audioSpectrogram/bands GroupBuilder {'attributes': {'colnames': array(['freq'], dtype=object), 'description': 'spectogram frequencies', 'namespace': 'core', 'neurodata_type': 'FrequencyBandsTable', 'object_id': '84fc76a3-d519-4336-b587-3d32eb637bcd'}, 'groups': {}, 'datasets': {'freq': root/acquisition/_iblmic_audioSpectrogram/bands/freq DatasetBuilder {'attributes': {'description': 'frequency value', 'namespace': 'hdmf-common', 'neurodata_type': 'VectorData', 'object_id': '4e50a740-fc25-4af1-a97c-42e1a72383ee'}, 'data': <HDF5 dataset "freq": shape (257,), type "<f4">}, 'id': root/acquisition/_iblmic_audioSpectrogram/bands/id DatasetBuilder {'attributes': {'namespace': 'hdmf-common', 'neurodata_type': 'ElementIdentifiers', 'object_id': '621f3ae9-54d5-44f6-8d99-3309ccca1270'}, 'data': <HDF5 dataset "id": shape (257,), type "<i4">}}, 'links': {}}, "Could not construct FrequencyBandsTable object due to: column must have the same number of rows as 'id'"))
2026-09-16T19:23:21Z INFO [2142/2201] e1b69a08-b1c0-47c1-8310-d1f4dcc9b399: valid; 2.3 s; peak memory 10572 MiB.
2026-09-16T19:23:24Z INFO [2143/2201] e1df5bcd-168b-4a90-ae79-e808e9f96d33: valid; 2.7 s; peak memory 10572 MiB.
2026-09-16T19:23:26Z INFO [2144/2201] e1e699b7-4648-4e98-a13b-0ed0572b6653: valid; 2.2 s; peak memory 10572 MiB.
2026-09-16T19:23:28Z INFO [2145/2201] e1eec6ee-6ead-4ef4-a551-708dbdbc12cb: valid; 1.6 s; peak memory 10572 MiB.
2026-09-16T19:23:29Z INFO [2146/2201] e1f09488-a7a8-49d2-92de-906cb341ff6c: valid; 1.5 s; peak memory 10572 MiB.
2026-09-16T19:23:34Z INFO [2147/2201] e2105cdf-c468-43fc-9d1f-824d6485e004: valid; 4.6 s; peak memory 10572 MiB.
2026-09-16T19:23:42Z INFO [2148/2201] e2140afc-eec3-4774-a60f-682bc851c45d: valid; 8.0 s; peak memory 10572 MiB.
2026-09-16T19:23:45Z INFO [2149/2201] e215defb-03d9-4dc9-bb3b-2532703fe96a: valid; 3.4 s; peak memory 10572 MiB.
2026-09-16T19:24:03Z INFO [2150/2201] e25961e4-34cf-4a14-9319-b4e3fb729909: valid; 18.2 s; peak memory 10572 MiB.
2026-09-16T19:24:04Z INFO [2150/2201] e25961e4-34cf-4a14-9319-b4e3fb729909: checkpointed 66010 records.
2026-09-16T19:24:07Z INFO [2151/2201] e265aa46-b336-44e8-887e-8201256665aa: not valid; 3.5 s; peak memory 10572 MiB.
2026-09-16T19:24:08Z INFO [2152/2201] e27e314a-6c39-453d-9894-c69e11bd731c: valid; 1.3 s; peak memory 10572 MiB.
2026-09-16T19:24:10Z INFO [2153/2201] e27f8353-5c4e-4a16-b28b-94ddba792b23: valid; 1.8 s; peak memory 10572 MiB.
2026-09-16T19:24:14Z INFO [2154/2201] e2a80a25-6ce8-45c7-abef-e1b0351c553a: valid; 3.6 s; peak memory 10572 MiB.
2026-09-16T19:24:16Z INFO [2155/2201] e2ae9888-d606-4702-80a1-58750f781bf0: not valid; 1.7 s; peak memory 10572 MiB.
2026-09-16T19:24:17Z INFO [2156/2201] e2bb24e8-21b0-498f-bf84-b8b36d7aab1b: valid; 1.4 s; peak memory 10572 MiB.
2026-09-16T19:24:56Z INFO [2157/2201] e2e5ca29-6ad5-4e3f-87e9-03d8212c9f7f: not valid; 38.8 s; peak memory 10572 MiB.
2026-09-16T19:24:57Z INFO [2158/2201] e2f518f3-cefd-4c45-a9d8-52324d5d6abd: valid; 1.1 s; peak memory 10572 MiB.
2026-09-16T19:24:59Z INFO [2159/2201] e328b195-5c78-4432-b8db-396a162bd3e8: valid; 2.0 s; peak memory 10572 MiB.
2026-09-16T19:25:00Z INFO [2160/2201] e3329ee6-bcb4-4dfb-b4ac-ee07133daf75: not valid; 1.6 s; peak memory 10572 MiB.
2026-09-16T19:25:05Z INFO [2161/2201] e33845fe-8d09-4cb0-8470-a799764122bb: valid; 4.8 s; peak memory 10572 MiB.
2026-09-16T19:25:08Z INFO [2162/2201] e36b21db-82cd-4bc3-9169-12a9d7b482b1: valid; 2.3 s; peak memory 10572 MiB.
2026-09-16T19:25:10Z INFO [2163/2201] e394ed4a-0161-4f26-98a8-e9943f5916a6: not valid; 2.0 s; peak memory 10572 MiB.
2026-09-16T19:25:11Z INFO [2164/2201] e3b1bc5e-62e9-4192-8938-383a42e5955d: valid; 1.4 s; peak memory 10572 MiB.
2026-09-16T19:25:12Z INFO [2165/2201] e3ffa4a8-daed-4901-8081-002d0d251888: valid; 1.4 s; peak memory 10572 MiB.
2026-09-16T19:25:14Z INFO [2166/2201] e3ffce1e-0f3e-427c-8dd4-1c4b27dd109b: valid; 2.2 s; peak memory 10572 MiB.
2026-09-16T19:25:16Z INFO [2167/2201] e4270e3e-c347-48bd-b865-e4252fea0551: valid; 1.3 s; peak memory 10572 MiB.
2026-09-16T19:25:19Z INFO [2168/2201] e43a4009-2c19-4817-b5e6-14549f06be2c: valid; 2.9 s; peak memory 10572 MiB.
2026-09-16T19:25:23Z INFO [2169/2201] e47238bf-194a-4e20-8adb-3f642cb18ac6: not valid; 4.2 s; peak memory 10572 MiB.
2026-09-16T19:25:24Z INFO [2170/2201] e4a4f090-e3ee-4c79-b41c-90e3507d6be0: valid; 1.4 s; peak memory 10572 MiB.
2026-09-16T19:25:27Z INFO [2171/2201] e4a6f74c-d5ef-4ee1-a20d-697a5c06a8a9: valid; 2.3 s; peak memory 10572 MiB.
2026-09-16T19:25:29Z INFO [2172/2201] e4cd717b-078e-4a83-9898-aee5955309bf: valid; 2.1 s; peak memory 10572 MiB.
2026-09-16T19:25:31Z WARNING e4d7baa8-3214-46b6-a263-656db51ba0bc: failed while opening the NWB file (ConstructError: (root/acquisition/_iblmic_audioSpectrogram/bands GroupBuilder {'attributes': {'colnames': array(['freq'], dtype=object), 'description': 'spectogram frequencies', 'namespace': 'core', 'neurodata_type': 'FrequencyBandsTable', 'object_id': 'cd14f2d9-db43-474d-b2d7-37b3278d88f4'}, 'groups': {}, 'datasets': {'freq': root/acquisition/_iblmic_audioSpectrogram/bands/freq DatasetBuilder {'attributes': {'description': 'frequency value', 'namespace': 'hdmf-common', 'neurodata_type': 'VectorData', 'object_id': '6f9bf3d9-79e6-4f83-948a-50f36cf39f7c'}, 'data': <HDF5 dataset "freq": shape (257,), type "<f4">}, 'id': root/acquisition/_iblmic_audioSpectrogram/bands/id DatasetBuilder {'attributes': {'namespace': 'hdmf-common', 'neurodata_type': 'ElementIdentifiers', 'object_id': '5c2da1c5-e3f6-45e0-919f-7dfe3734612f'}, 'data': <HDF5 dataset "id": shape (257,), type "<i4">}}, 'links': {}}, "Could not construct FrequencyBandsTable object due to: column must have the same number of rows as 'id'"))
2026-09-16T19:25:34Z INFO [2174/2201] e4dc5598-ad54-4406-882f-7a9fd36dd997: valid; 2.5 s; peak memory 10572 MiB.
2026-09-16T19:25:37Z INFO [2175/2201] e4e5bee3-f6fe-4b86-b45d-01a1a66f5762: valid; 2.9 s; peak memory 10572 MiB.
2026-09-16T19:25:40Z INFO [2176/2201] e4e5cd6c-190b-4c4b-a3bd-5f66ba2481d7: not valid; 3.4 s; peak memory 10572 MiB.
2026-09-16T19:25:43Z INFO [2177/2201] e4ebe8ff-b604-4931-9ad1-a8ae45a632f5: valid; 3.1 s; peak memory 10572 MiB.
2026-09-16T19:25:44Z INFO [2178/2201] e4fd53fe-dff3-4a38-b2d2-eeed27f1cc6b: valid; 1.4 s; peak memory 10572 MiB.
2026-09-16T19:25:47Z INFO [2179/2201] e509163f-3d2d-4e7c-8aac-477999644519: valid; 2.1 s; peak memory 10572 MiB.
2026-09-16T19:25:50Z INFO [2180/2201] e509def3-c111-4596-a157-17aa2839c7ad: valid; 3.4 s; peak memory 10572 MiB.
2026-09-16T19:26:09Z INFO [2181/2201] e50aa386-76e2-4739-97b3-2b8f35c628fa: valid; 19.1 s; peak memory 10572 MiB.
2026-09-16T19:26:10Z INFO [2182/2201] e5272bb2-c8d4-456b-af2d-959e43fcd981: valid; 1.5 s; peak memory 10572 MiB.
2026-09-16T19:26:25Z INFO [2183/2201] e5354b09-7ecc-497f-a4ab-d8a595c51e33: not valid; 14.3 s; peak memory 10572 MiB.
2026-09-16T19:26:27Z INFO [2184/2201] e535cf6c-62bd-4028-b802-2e91bbbd2035: valid; 2.3 s; peak memory 10572 MiB.
2026-09-16T19:26:29Z INFO [2185/2201] e542556f-14d2-49e3-be03-5a7d7784beff: not valid; 1.7 s; peak memory 10572 MiB.
2026-09-16T19:26:31Z INFO [2186/2201] e5699258-e803-4db1-8a93-7aa379f680cc: not valid; 1.7 s; peak memory 10572 MiB.
2026-09-16T19:26:40Z INFO [2187/2201] e56bf469-4f57-46c6-b3da-2d860b1de505: valid; 9.3 s; peak memory 10572 MiB.
2026-09-16T19:26:41Z INFO [2188/2201] e5a48b93-a1b7-488a-adfa-ebd667d68331: valid; 1.3 s; peak memory 10572 MiB.
2026-09-16T19:26:44Z INFO [2189/2201] e5b0e582-5c6a-45e9-a71c-80ad1e5b56d1: valid; 2.6 s; peak memory 10572 MiB.
2026-09-16T19:26:45Z INFO [2190/2201] e5db1564-90b4-422a-9a30-3a70014a948d: valid; 1.5 s; peak memory 10572 MiB.
2026-09-16T19:26:47Z WARNING e5db7a5e-d2a6-4bf1-bc0e-61fbd098b6c8: failed while opening the NWB file (ConstructError: (root/acquisition/_iblmic_audioSpectrogram/bands GroupBuilder {'attributes': {'colnames': array(['freq'], dtype=object), 'description': 'spectogram frequencies', 'namespace': 'core', 'neurodata_type': 'FrequencyBandsTable', 'object_id': '287ef172-19e0-4a12-9cd9-24a0ccbfcc24'}, 'groups': {}, 'datasets': {'freq': root/acquisition/_iblmic_audioSpectrogram/bands/freq DatasetBuilder {'attributes': {'description': 'frequency value', 'namespace': 'hdmf-common', 'neurodata_type': 'VectorData', 'object_id': '738bde4e-9440-42b9-96a7-526dbe667c32'}, 'data': <HDF5 dataset "freq": shape (257,), type "<f4">}, 'id': root/acquisition/_iblmic_audioSpectrogram/bands/id DatasetBuilder {'attributes': {'namespace': 'hdmf-common', 'neurodata_type': 'ElementIdentifiers', 'object_id': '7786cfd8-f63b-4654-a451-e85f247c82f1'}, 'data': <HDF5 dataset "id": shape (257,), type "<i4">}}, 'links': {}}, "Could not construct FrequencyBandsTable object due to: column must have the same number of rows as 'id'"))
2026-09-16T19:26:49Z INFO [2192/2201] e5e962bb-5323-41e7-ad44-3e8c81ff105e: valid; 1.4 s; peak memory 10572 MiB.
2026-09-16T19:26:50Z INFO [2193/2201] e6213aef-60cc-486a-810e-bff5fe2f3fbd: valid; 1.2 s; peak memory 10572 MiB.
2026-09-16T19:26:52Z INFO [2194/2201] e648aedd-fd89-4051-a80a-0e25b00fe351: valid; 1.8 s; peak memory 10572 MiB.
2026-09-16T19:26:56Z INFO [2195/2201] e648e11d-7e44-48bb-b677-ef45f2eedf27: valid; 4.1 s; peak memory 10572 MiB.
2026-09-16T19:26:59Z INFO [2196/2201] e649f909-d0fc-4430-b5c3-a90b0e2b5560: not valid; 3.0 s; peak memory 10572 MiB.
2026-09-16T19:27:01Z INFO [2197/2201] e718b721-85c2-4456-a53e-4329435e3b7b: valid; 2.2 s; peak memory 10572 MiB.
2026-09-16T19:27:05Z INFO [2198/2201] e71c30ff-c486-4ec6-8dba-b292413e11fe: not valid; 3.5 s; peak memory 10572 MiB.
2026-09-16T19:27:08Z INFO [2199/2201] e7220094-5455-4f7c-bea7-154fb4fe1bb5: valid; 3.0 s; peak memory 10572 MiB.
2026-09-16T19:27:10Z INFO [2200/2201] e72c83f6-0443-4d2f-93e9-5639adc15c31: valid; 2.0 s; peak memory 10572 MiB.
2026-09-16T19:27:10Z INFO [2200/2201] e72c83f6-0443-4d2f-93e9-5639adc15c31: checkpointed 66010 records.
2026-09-16T19:27:10Z WARNING e73c03a7-42ee-4ba7-a949-9d5cdf5cbcdd: failed while retrieving asset information from the DANDI API (NotFoundError: No asset at path 'sub-LG609/sub-LG609_ses-20250914_obj-1wd2gr3_ophys.nwb' in version 0.260915.2135. Verify the path is correct and the asset exists in this version. Use 'dandi ls' to list available assets.)
2026-09-16T19:27:11Z INFO Wrote 66010 records to /tmp/derivatives/content_id_to_valid_nwb_file.jsonl (2100 new, 101 failed) in 182.3 min (peak memory 10572 MiB).
