2026-10-01T18:21:06Z INFO Logging to /tmp/logs/refresh_2026-10-01T18-21-06Z.log.
2026-10-01T18:21:06Z INFO Refresh content-id-to-valid-nwb-file (base directory /tmp).
2026-10-01T18:21:09Z INFO Processing 2934 items (88010 already recorded).
2026-10-01T18:21:10Z INFO [1/2934] 3c8259ac-d6cb-4529-aedc-f710a2f8770e: valid; 1.6 s; peak memory 362 MiB.
2026-10-01T18:21:12Z INFO [2/2934] 3c8735bc-f9f9-48d6-b0e5-f5e532cf945b: valid; 1.3 s; peak memory 372 MiB.
2026-10-01T18:21:13Z INFO [3/2934] 3c875ec9-0748-4cd5-9a60-d8721130734e: not valid; 1.4 s; peak memory 384 MiB.
2026-10-01T18:21:16Z INFO [4/2934] 3cc53a3b-33c5-46ff-934b-bcbbd8b5ee1b: valid; 2.6 s; peak memory 391 MiB.
2026-10-01T18:21:17Z INFO [5/2934] 3d048a30-7772-4d33-b974-8d328671f15a: not valid; 1.1 s; peak memory 399 MiB.
2026-10-01T18:21:18Z INFO [6/2934] 3d19c221-55b0-4cc9-a5df-fb3f88b6c1bb: valid; 1.1 s; peak memory 410 MiB.
2026-10-01T18:21:19Z INFO [7/2934] 3d23544e-0ee9-4220-a73d-9dc49a9efd44: valid; 1.2 s; peak memory 423 MiB.
2026-10-01T18:21:20Z INFO [8/2934] 3d358a7f-ad17-487f-9074-64ec5fd654ea: valid; 0.8 s; peak memory 425 MiB.
2026-10-01T18:21:21Z INFO [9/2934] 3d421281-18e1-4dfe-acd4-c944929da2c0: not valid; 1.2 s; peak memory 428 MiB.
2026-10-01T18:21:22Z INFO [10/2934] 3d4db22e-207f-495f-8884-974b74e286aa: valid; 1.1 s; peak memory 432 MiB.
2026-10-01T18:21:23Z INFO [11/2934] 3d5c0e0d-44a2-437e-9897-dc37acbfca09: not valid; 0.8 s; peak memory 435 MiB.
2026-10-01T18:21:23Z WARNING 3d78a1e8-3e71-473f-9b07-e3a47053e46e: failed while retrieving asset information from the DANDI API (NotFoundError: No asset at path 'sub-455219/sub-455219_ses-20190806T143015_behavior+ecephys+ogen.nwb' in version 0.231012.2129. Verify the path is correct and the asset exists in this version. Use 'dandi ls' to list available assets.)
2026-10-01T18:21:24Z INFO [13/2934] 3da24f9a-0df4-4b7b-93ef-18b2b53b6310: valid; 0.7 s; peak memory 438 MiB.
2026-10-01T18:21:25Z INFO [14/2934] 3dae30dc-82d0-4a14-9858-08de8597de0d: not valid; 0.8 s; peak memory 441 MiB.
2026-10-01T18:21:25Z INFO [15/2934] 3db6473b-52d3-4399-bc4d-b8f3c024510f: valid; 0.9 s; peak memory 441 MiB.
2026-10-01T18:21:30Z INFO [16/2934] 3db77f64-ef1b-44f4-b4c7-ac2ba727eabc: not valid; 4.3 s; peak memory 448 MiB.
2026-10-01T18:21:31Z INFO [17/2934] 3dc9c6cb-930c-4489-9ac8-e3620bcb7973: valid; 0.8 s; peak memory 448 MiB.
2026-10-01T18:21:32Z INFO [18/2934] 3dd946e4-3efa-4245-889e-5b023fdd5f7c: not valid; 0.9 s; peak memory 449 MiB.
2026-10-01T18:21:33Z INFO [19/2934] 3ddc8e08-56e3-431a-af1b-e4da4e2a2a78: valid; 1.8 s; peak memory 449 MiB.
2026-10-01T18:21:34Z INFO [20/2934] 3ddeab07-f3c2-4c95-9242-d4f149ded6a7: valid; 1.2 s; peak memory 449 MiB.
2026-10-01T18:21:36Z INFO [21/2934] 3de15dda-da03-4709-8055-e25c365b2ea0: valid; 1.2 s; peak memory 452 MiB.
2026-10-01T18:21:36Z INFO [22/2934] 3e070493-1633-41ac-8587-2178a1d4b683: valid; 0.8 s; peak memory 454 MiB.
2026-10-01T18:21:38Z INFO [23/2934] 3e18f54a-5399-4d3e-ba3e-e16efad614e8: valid; 1.1 s; peak memory 467 MiB.
2026-10-01T18:21:38Z INFO [24/2934] 3e2ac72d-0686-410c-8f03-647782fe663d: valid; 0.8 s; peak memory 468 MiB.
2026-10-01T18:21:39Z INFO [25/2934] 3e37773b-1047-44f5-8790-985b416604f7: valid; 0.7 s; peak memory 471 MiB.
2026-10-01T18:21:41Z INFO [26/2934] 3e4dadaa-4ab7-40ab-bf97-4b1c55862fbf: valid; 1.9 s; peak memory 493 MiB.
2026-10-01T18:21:43Z INFO [27/2934] 3e56469f-617b-4c61-acbc-47cd92122c6d: valid; 1.5 s; peak memory 507 MiB.
2026-10-01T18:21:43Z INFO [28/2934] 3e5a0d4c-f211-4857-b22c-92d9cf6498ca: not valid; 0.9 s; peak memory 507 MiB.
2026-10-01T18:21:45Z INFO [29/2934] 3e5c87a8-f5d1-43fd-924e-4fb5bc86a3f3: valid; 1.7 s; peak memory 507 MiB.
2026-10-01T18:21:46Z INFO [30/2934] 3e68d85c-26c0-4128-8df6-2cd025e3a41d: valid; 1.4 s; peak memory 507 MiB.
2026-10-01T18:21:47Z INFO [31/2934] 3e6c237a-8496-4ad8-928e-77abe43a7c67: valid; 0.9 s; peak memory 507 MiB.
2026-10-01T18:21:48Z INFO [32/2934] 3e776d67-9208-48d0-95b7-d80710aa2e47: valid; 1.0 s; peak memory 507 MiB.
2026-10-01T18:21:49Z INFO [33/2934] 3e7d7b7a-b28a-456d-88fe-e57f1667944e: valid; 0.9 s; peak memory 508 MiB.
2026-10-01T18:21:51Z INFO [34/2934] 3e866ee3-5dc2-47a4-88c8-82a06ead2ce0: valid; 1.3 s; peak memory 521 MiB.
2026-10-01T18:21:51Z INFO [35/2934] 3e9725f7-a259-4e2e-b31d-f91a1a699d49: not valid; 0.7 s; peak memory 521 MiB.
2026-10-01T18:21:53Z INFO [36/2934] 3ea03e93-1837-41aa-9c10-bd8fda188fb0: valid; 2.2 s; peak memory 526 MiB.
2026-10-01T18:21:55Z INFO [37/2934] 3ea3b11c-0222-4224-8ed3-7affd9b7c9bf: not valid; 1.3 s; peak memory 534 MiB.
2026-10-01T18:22:12Z INFO [38/2934] 3eb6d09d-6696-4149-be0b-d4d035050fff: valid; 17.3 s; peak memory 570 MiB.
2026-10-01T18:22:14Z INFO [39/2934] 3ecc091d-50d0-4415-b9ee-574759fb4d62: valid; 2.0 s; peak memory 573 MiB.
2026-10-01T18:22:17Z INFO [40/2934] 3ecc838c-ca28-4921-b888-f3e41e9aca18: not valid; 3.5 s; peak memory 578 MiB.
2026-10-01T18:22:18Z INFO [41/2934] 3ecd1a01-63f4-486a-89e1-630e602fa188: valid; 0.8 s; peak memory 578 MiB.
2026-10-01T18:22:20Z INFO [42/2934] 3ed08314-f857-4401-9c56-e736da5a1ae5: valid; 2.1 s; peak memory 580 MiB.
2026-10-01T18:22:23Z INFO [43/2934] 3ed6a838-a363-4294-88f6-51f0a10ae7fc: valid; 2.6 s; peak memory 583 MiB.
2026-10-01T18:22:24Z INFO [44/2934] 3f00ab27-5f18-411c-81a0-631febda0588: valid; 1.2 s; peak memory 586 MiB.
2026-10-01T18:22:27Z INFO [45/2934] 3f0dd337-c0bf-40a2-bb5d-135ba2ecfd8c: not valid; 2.4 s; peak memory 590 MiB.
2026-10-01T18:22:27Z INFO [46/2934] 3f254515-e777-4391-a0b0-ecc9992cce1b: valid; 0.6 s; peak memory 590 MiB.
2026-10-01T18:22:28Z INFO [47/2934] 3f2dd23b-7360-4581-ada4-6947b96adc42: valid; 1.2 s; peak memory 598 MiB.
2026-10-01T18:22:29Z INFO [48/2934] 3f3e1bb8-fbf9-4ac0-a956-f1af9e682e4b: valid; 0.7 s; peak memory 602 MiB.
2026-10-01T18:22:30Z INFO [49/2934] 3f610054-41d1-419a-afb1-f627606b8d4c: not valid; 1.0 s; peak memory 607 MiB.
2026-10-01T18:22:33Z INFO [50/2934] 3f894e82-dfca-4781-a1fe-3ede73c83436: valid; 2.6 s; peak memory 608 MiB.
2026-10-01T18:22:33Z INFO [50/2934] 3f894e82-dfca-4781-a1fe-3ede73c83436: checkpointed 88010 records.
2026-10-01T18:22:34Z INFO [51/2934] 3f9d3ece-40ec-45ae-8946-7e6ba70afb16: not valid; 1.0 s; peak memory 608 MiB.
2026-10-01T18:22:35Z INFO [52/2934] 3fa62eff-9789-4e20-82c9-dd0f27f2002b: valid; 1.0 s; peak memory 608 MiB.
2026-10-01T18:22:49Z INFO [53/2934] 3fa807e8-91b6-4cdf-8a32-9e2672375a8a: valid; 13.8 s; peak memory 781 MiB.
2026-10-01T18:22:50Z INFO [54/2934] 3fd0548d-ea79-4be7-b681-d063fa6e6d4c: not valid; 0.9 s; peak memory 782 MiB.
2026-10-01T18:22:51Z WARNING 3fd70712-74ed-4382-8f2a-3f14da924260: failed while opening the NWB file (ConstructError: (root/acquisition/event_code_meanings GroupBuilder {'attributes': {'colnames': array(['value', 'meaning'], dtype=object), 'description': 'Mapping integer event codes to event labels', 'namespace': 'ndx-events', 'neurodata_type': 'MeaningsTable', 'object_id': 'be9b2740-4950-4e10-b0b4-2ba9d42505d7'}, 'groups': {}, 'datasets': {'id': root/acquisition/event_code_meanings/id DatasetBuilder {'attributes': {'namespace': 'hdmf-common', 'neurodata_type': 'ElementIdentifiers', 'object_id': '4e3f0ee5-bfaf-4511-99e4-7cf1d9438f44'}, 'data': <HDF5 dataset "id": shape (26,), type "<i8">}, 'meaning': root/acquisition/event_code_meanings/meaning DatasetBuilder {'attributes': {'description': 'The meaning of the value in the parent CategoricalVectorData object.', 'namespace': 'hdmf-experimental', 'neurodata_type': 'VectorData', 'object_id': 'b3368737-0b7e-48e7-94a8-074dc1e00692'}, 'data': <StrDataset for HDF5 dataset "meaning": shape (26,), type "|O">}, 'value': root/acquisition/event_code_meanings/value DatasetBuilder {'attributes': {'description': 'The value of the parent CategoricalVectorData object.', 'namespace': 'hdmf-experimental', 'neurodata_type': 'VectorData', 'object_id': 'e1255620-f007-4407-854f-8ebc48703088'}, 'data': <HDF5 dataset "value": shape (26,), type "<i8">}}, 'links': {}}, "Could not construct MeaningsTable object due to: MeaningsTable.__init__: missing argument 'target'"))
2026-10-01T18:22:54Z INFO [56/2934] 4003e643-ae53-4554-9ec9-1ef39435b6bc: valid; 2.7 s; peak memory 800 MiB.
2026-10-01T18:22:55Z INFO [57/2934] 40175fe8-52bd-42fc-94ef-16d26dee55b7: not valid; 1.5 s; peak memory 813 MiB.
2026-10-01T18:22:56Z INFO [58/2934] 40409ebb-4eb6-4af5-86d0-3ccb95f989bc: not valid; 0.8 s; peak memory 820 MiB.
2026-10-01T18:22:57Z INFO [59/2934] 4084978b-56a4-4c75-ab0a-67d6a670d129: not valid; 0.8 s; peak memory 827 MiB.
2026-10-01T18:22:59Z INFO [60/2934] 408c3a55-a0fc-4739-be2b-d81ab9dda794: valid; 2.5 s; peak memory 833 MiB.
2026-10-01T18:23:00Z INFO [61/2934] 40b57d82-f631-4b10-8ba8-a496e7641174: not valid; 0.9 s; peak memory 837 MiB.
2026-10-01T18:23:32Z INFO [62/2934] 40d84549-280a-4352-b660-ed57c7760ac4: valid; 31.9 s; peak memory 983 MiB.
2026-10-01T18:23:33Z INFO [63/2934] 40e2bee3-bbc4-4567-a885-9fdfb88deeaf: not valid; 0.8 s; peak memory 983 MiB.
2026-10-01T18:23:34Z WARNING 41256c60-99fd-4dab-863d-a769712615ee: failed while opening the NWB file (ConstructError: (root/acquisition/_iblmic_audioSpectrogram/bands GroupBuilder {'attributes': {'colnames': array(['freq'], dtype=object), 'description': 'spectogram frequencies', 'namespace': 'core', 'neurodata_type': 'FrequencyBandsTable', 'object_id': '133730ce-404d-43d1-9623-51b3b3460395'}, 'groups': {}, 'datasets': {'freq': root/acquisition/_iblmic_audioSpectrogram/bands/freq DatasetBuilder {'attributes': {'description': 'frequency value', 'namespace': 'hdmf-common', 'neurodata_type': 'VectorData', 'object_id': '33fb049b-2264-4a0f-a72c-fb5888ffd3da'}, 'data': <HDF5 dataset "freq": shape (257,), type "<f4">}, 'id': root/acquisition/_iblmic_audioSpectrogram/bands/id DatasetBuilder {'attributes': {'namespace': 'hdmf-common', 'neurodata_type': 'ElementIdentifiers', 'object_id': '5d2c405f-e6af-4622-aa53-5719b3b68d56'}, 'data': <HDF5 dataset "id": shape (257,), type "<i4">}}, 'links': {}}, "Could not construct FrequencyBandsTable object due to: column must have the same number of rows as 'id'"))
2026-10-01T18:23:36Z INFO [65/2934] 415a6e21-d5ba-4849-b1e6-9ae5d2b24bb7: valid; 1.6 s; peak memory 983 MiB.
2026-10-01T18:23:37Z INFO [66/2934] 41630b34-d3ad-4375-a00a-6c31a4880021: valid; 1.0 s; peak memory 983 MiB.
2026-10-01T18:23:38Z INFO [67/2934] 4166fd34-52c5-499d-baec-f3b43f1b4c91: valid; 1.4 s; peak memory 983 MiB.
2026-10-01T18:23:45Z INFO [68/2934] 41782cdb-48d3-4570-87ef-711904e86e30: valid; 6.9 s; peak memory 1020 MiB.
2026-10-01T18:23:46Z INFO [69/2934] 419311c9-492f-4d4d-a52b-01c518581b1c: valid; 0.8 s; peak memory 1021 MiB.
2026-10-01T18:23:46Z INFO [70/2934] 41b8dbb0-a56c-4784-87fe-2d467e08972c: valid; 0.5 s; peak memory 1022 MiB.
2026-10-01T18:23:47Z INFO [71/2934] 41cc8d59-6cb7-4862-a3e8-4c765c930838: not valid; 0.9 s; peak memory 1023 MiB.
2026-10-01T18:23:47Z WARNING 41de3608-d809-4b79-9e7f-86d296b1483a: failed while retrieving asset information from the DANDI API (NotFoundError: No such Dandiset: 000948)
2026-10-01T18:23:48Z INFO [73/2934] 41e2a617-0144-4e0a-8324-d9616fefedaf: valid; 0.9 s; peak memory 1024 MiB.
2026-10-01T18:23:49Z INFO [74/2934] 41f8dc66-5d35-4c86-8a70-612ffc44ac06: valid; 1.2 s; peak memory 1029 MiB.
2026-10-01T18:23:50Z INFO [75/2934] 4214513e-fb52-4fbe-9c38-5e6fe1bee669: valid; 0.8 s; peak memory 1031 MiB.
2026-10-01T18:23:51Z INFO [76/2934] 42167d5b-89a4-4d56-a54d-ac11a2813319: not valid; 0.9 s; peak memory 1031 MiB.
2026-10-01T18:23:52Z INFO [77/2934] 424c2066-bb7f-47b5-881c-e7c49c442840: not valid; 1.4 s; peak memory 1037 MiB.
2026-10-01T18:24:00Z INFO [78/2934] 4250c934-e7bc-46cd-8ad1-a684ffd2bdee: not valid; 7.2 s; peak memory 1056 MiB.
2026-10-01T18:24:00Z INFO [79/2934] 428e8725-bf5e-44af-83b4-1f49a6cd0d3c: valid; 0.6 s; peak memory 1056 MiB.
2026-10-01T18:24:01Z INFO [80/2934] 42a80043-afe2-424a-8be5-66c0fc8589d3: not valid; 0.8 s; peak memory 1057 MiB.
2026-10-01T18:24:02Z INFO [81/2934] 42aab72b-921b-4992-aef3-8b42a92a1035: valid; 1.4 s; peak memory 1058 MiB.
2026-10-01T18:24:05Z INFO [82/2934] 42ea03d0-c55f-43c4-9725-e5809b44aaad: valid; 2.3 s; peak memory 1059 MiB.
2026-10-01T18:24:06Z INFO [83/2934] 42f4f0eb-850a-4479-bc1b-cf5cc260fefa: valid; 1.4 s; peak memory 1059 MiB.
2026-10-01T18:24:07Z INFO [84/2934] 430c4239-cb0b-419d-b0a3-0ffc52448c8c: valid; 1.4 s; peak memory 1059 MiB.
2026-10-01T18:24:08Z INFO [85/2934] 4311dcc9-5b9b-4987-9247-ed9b292c1abe: valid; 0.9 s; peak memory 1059 MiB.
2026-10-01T18:24:19Z INFO [86/2934] 4312019f-2242-4685-bbfb-2b169b25590d: valid; 10.2 s; peak memory 1059 MiB.
2026-10-01T18:24:20Z INFO [87/2934] 431995ee-26b8-448e-8cef-309ad948dbae: valid; 1.1 s; peak memory 1059 MiB.
2026-10-01T18:24:26Z INFO [88/2934] 4323e4d6-3401-431a-b256-bb0b2437ac8d: valid; 6.6 s; peak memory 1085 MiB.
2026-10-01T18:24:28Z INFO [89/2934] 432603f7-8206-4001-9022-b261d3f95acd: not valid; 1.9 s; peak memory 1088 MiB.
2026-10-01T18:24:30Z INFO [90/2934] 432f18de-a43b-4297-915f-d94181b1495b: valid; 2.0 s; peak memory 1089 MiB.
2026-10-01T18:24:31Z INFO [91/2934] 434949dc-2df5-4b57-a741-6f90c7377d28: valid; 0.6 s; peak memory 1089 MiB.
2026-10-01T18:24:32Z INFO [92/2934] 43549262-2236-4b96-9192-b92ad0907ff5: valid; 0.9 s; peak memory 1089 MiB.
2026-10-01T18:24:33Z INFO [93/2934] 4356ced6-9989-4bb3-a135-9b35d3922ccb: valid; 1.4 s; peak memory 1089 MiB.
2026-10-01T18:24:35Z INFO [94/2934] 436aa5ea-249f-4aaf-8053-44216eccfc79: not valid; 2.0 s; peak memory 1089 MiB.
2026-10-01T18:24:36Z INFO [95/2934] 43798571-7456-481f-bf15-f3c145584d19: not valid; 0.9 s; peak memory 1089 MiB.
2026-10-01T18:24:38Z INFO [96/2934] 43cd2616-5cd7-4245-895c-91be1c1c7c7f: valid; 2.3 s; peak memory 1089 MiB.
2026-10-01T18:24:39Z WARNING 43d178e8-1a76-409d-a2ed-455617e9255a: failed while opening the NWB file (ConstructError: (root/acquisition/_iblmic_audioSpectrogram/bands GroupBuilder {'attributes': {'colnames': array(['freq'], dtype=object), 'description': 'spectogram frequencies', 'namespace': 'core', 'neurodata_type': 'FrequencyBandsTable', 'object_id': '3230b510-bcd4-48c8-a041-3c7b64fe195a'}, 'groups': {}, 'datasets': {'freq': root/acquisition/_iblmic_audioSpectrogram/bands/freq DatasetBuilder {'attributes': {'description': 'frequency value', 'namespace': 'hdmf-common', 'neurodata_type': 'VectorData', 'object_id': 'f846764c-c88e-4b64-8df1-d43b507f2e6f'}, 'data': <HDF5 dataset "freq": shape (257,), type "<f4">}, 'id': root/acquisition/_iblmic_audioSpectrogram/bands/id DatasetBuilder {'attributes': {'namespace': 'hdmf-common', 'neurodata_type': 'ElementIdentifiers', 'object_id': '8651ca1c-9d84-44ac-9e5a-9903516bacba'}, 'data': <HDF5 dataset "id": shape (257,), type "<i4">}}, 'links': {}}, "Could not construct FrequencyBandsTable object due to: column must have the same number of rows as 'id'"))
2026-10-01T18:24:40Z INFO [98/2934] 4417bbde-b4a3-43e4-b6eb-cee62cb11b00: not valid; 0.6 s; peak memory 1090 MiB.
2026-10-01T18:24:41Z INFO [99/2934] 4421a4c4-e3ad-49d6-b612-7e2104cbf65a: valid; 1.0 s; peak memory 1090 MiB.
2026-10-01T18:24:42Z INFO [100/2934] 44267169-4c23-4d06-bf25-2d73bdd37f36: valid; 0.8 s; peak memory 1090 MiB.
2026-10-01T18:24:42Z INFO [100/2934] 44267169-4c23-4d06-bf25-2d73bdd37f36: checkpointed 88010 records.
2026-10-01T18:24:44Z INFO [101/2934] 4440527d-913e-4b4f-90c0-7d150ce22648: valid; 1.7 s; peak memory 1090 MiB.
2026-10-01T18:24:45Z INFO [102/2934] 445163a3-9b7e-43e0-b76d-1149be03b03b: valid; 0.7 s; peak memory 1090 MiB.
2026-10-01T18:24:45Z INFO [103/2934] 446a98e6-cb21-4de0-bb7d-2230a1ef576d: valid; 0.7 s; peak memory 1090 MiB.
2026-10-01T18:24:47Z INFO [104/2934] 446dc862-7c02-4b92-9dcb-db80f5b0740c: valid; 1.4 s; peak memory 1090 MiB.
2026-10-01T18:24:48Z INFO [105/2934] 447ebbf7-18bc-435d-9a3e-f13a02c0ec06: not valid; 1.1 s; peak memory 1090 MiB.
2026-10-01T18:24:49Z INFO [106/2934] 448086b9-3aa6-430c-a08c-72a97b9611e6: valid; 0.8 s; peak memory 1090 MiB.
2026-10-01T18:24:50Z INFO [107/2934] 44857b91-56a3-459b-a01b-4cb774c66ed0: valid; 1.4 s; peak memory 1090 MiB.
2026-10-01T18:24:51Z INFO [108/2934] 448a1525-28bd-4ef9-be13-f4c703488670: valid; 1.0 s; peak memory 1090 MiB.
2026-10-01T18:24:53Z INFO [109/2934] 449fcf82-831b-4853-95ba-7ba8c6494356: valid; 1.8 s; peak memory 1090 MiB.
2026-10-01T18:24:53Z WARNING 44a6fc19-5e02-4f25-a425-82617414cb8a: failed while retrieving asset information from the DANDI API (NotFoundError: No such Dandiset: 000948)
2026-10-01T18:24:55Z INFO [111/2934] 44b9b58d-3a3f-45f9-b0e9-a63f6fa7f6e6: valid; 1.7 s; peak memory 1090 MiB.
2026-10-01T18:24:57Z INFO [112/2934] 44ca78eb-23f7-45df-806e-bdaa72afa175: valid; 2.1 s; peak memory 1090 MiB.
2026-10-01T18:24:59Z INFO [113/2934] 44cee177-cc98-43df-a111-42a97f9d4038: valid; 1.9 s; peak memory 1090 MiB.
2026-10-01T18:25:00Z INFO [114/2934] 44f15360-8c7d-442a-a7db-0e321bf49589: valid; 1.0 s; peak memory 1090 MiB.
2026-10-01T18:25:01Z INFO [115/2934] 44f1f26c-0b02-4e7c-aa9b-414b0dc4ea18: valid; 1.1 s; peak memory 1100 MiB.
2026-10-01T18:25:02Z INFO [116/2934] 44f3cb3d-ff29-4e5b-9ef7-ca9ceb19d37c: valid; 1.0 s; peak memory 1101 MiB.
2026-10-01T18:25:02Z INFO [117/2934] 450d1af2-f7b2-4691-9727-8b64242a5e1d: valid; 0.7 s; peak memory 1103 MiB.
2026-10-01T18:25:04Z INFO [118/2934] 451e6852-61b3-452d-ab96-8e922451b7f0: valid; 1.4 s; peak memory 1104 MiB.
2026-10-01T18:25:05Z INFO [119/2934] 452378ac-e4de-40ca-8bf0-700393ef14a9: not valid; 0.9 s; peak memory 1106 MiB.
2026-10-01T18:25:06Z INFO [120/2934] 456f0db1-8d19-47f8-ab8f-58714487c67b: valid; 1.1 s; peak memory 1109 MiB.
2026-10-01T18:25:13Z INFO [121/2934] 457c5246-9ecb-41f7-93e4-dfa193829437: valid; 7.1 s; peak memory 1129 MiB.
2026-10-01T18:25:14Z INFO [122/2934] 45b326b7-2fb1-4ad7-9e8c-816346785375: valid; 1.0 s; peak memory 1135 MiB.
2026-10-01T18:25:15Z INFO [123/2934] 45c935ad-b5b3-4337-84d0-90a614744305: not valid; 1.2 s; peak memory 1137 MiB.
2026-10-01T18:25:16Z INFO [124/2934] 45e434b0-c4ad-4564-89a4-ae7503fe63b4: valid; 1.4 s; peak memory 1140 MiB.
2026-10-01T18:25:18Z INFO [125/2934] 461af380-4b6a-459c-8b3f-a426ff2168e8: not valid; 1.2 s; peak memory 1142 MiB.
2026-10-01T18:25:18Z INFO [126/2934] 46383b23-8be3-4e77-8fec-493fdb5151ad: valid; 0.8 s; peak memory 1144 MiB.
2026-10-01T18:25:19Z INFO [127/2934] 4642fc89-1c7a-48cb-8f23-7d3af8b415c0: valid; 0.9 s; peak memory 1144 MiB.
2026-10-01T18:25:21Z INFO [128/2934] 466bfdc7-3349-4f16-bdc7-34328b4bc6fc: valid; 1.8 s; peak memory 1146 MiB.
2026-10-01T18:25:22Z INFO [129/2934] 46f89d0f-da4c-493d-bfea-ab3fc2266fa6: valid; 1.1 s; peak memory 1146 MiB.
2026-10-01T18:25:23Z INFO [130/2934] 47045bd8-7901-4334-b8b6-bdbc553b2e92: valid; 0.8 s; peak memory 1146 MiB.
2026-10-01T18:25:25Z INFO [131/2934] 470495fc-345a-489d-834e-c9a10e651418: valid; 1.6 s; peak memory 1146 MiB.
2026-10-01T18:25:33Z INFO [132/2934] 4709f353-7a30-4945-9219-4ea02282b61a: valid; 8.6 s; peak memory 1275 MiB.
2026-10-01T18:25:39Z INFO [133/2934] 471dfa8c-100f-4569-8a7a-a37896eeefd3: not valid; 6.2 s; peak memory 1275 MiB.
2026-10-01T18:25:41Z INFO [134/2934] 4726344e-3c05-4575-89f7-6a6bfdbe4c71: valid; 2.0 s; peak memory 1275 MiB.
2026-10-01T18:25:42Z INFO [135/2934] 472a966e-7b27-4e60-91bb-b703e352e688: valid; 0.5 s; peak memory 1275 MiB.
2026-10-01T18:25:43Z INFO [136/2934] 472aa851-7d02-431d-966c-80a081e1c09a: not valid; 0.8 s; peak memory 1275 MiB.
2026-10-01T18:25:44Z INFO [137/2934] 474416b6-bd38-46d8-84be-03162932ece6: valid; 0.9 s; peak memory 1275 MiB.
2026-10-01T18:25:45Z INFO [138/2934] 47613990-32db-4fe4-93a0-ae802a47cd4e: valid; 1.1 s; peak memory 1276 MiB.
2026-10-01T18:25:46Z INFO [139/2934] 4765735c-4f6b-47cf-aa4b-1fdbc9ca5830: valid; 1.7 s; peak memory 1282 MiB.
2026-10-01T18:25:49Z INFO [140/2934] 476e2a76-ce28-4e84-8afa-49ec9237804f: valid; 2.2 s; peak memory 1284 MiB.
2026-10-01T18:26:02Z INFO [141/2934] 477f905b-4db5-4e68-bd65-3a205ea38d22: valid; 13.5 s; peak memory 1299 MiB.
2026-10-01T18:26:03Z INFO [142/2934] 4782636d-3025-4293-8275-05a0bb10236b: valid; 1.0 s; peak memory 1299 MiB.
2026-10-01T18:26:04Z INFO [143/2934] 47a3ea7e-4f76-4eb1-8d7b-e58cef16fb76: not valid; 0.6 s; peak memory 1299 MiB.
2026-10-01T18:26:05Z INFO [144/2934] 480c9140-b007-476c-87c2-8cdd2beb72d0: not valid; 1.0 s; peak memory 1299 MiB.
2026-10-01T18:26:07Z INFO [145/2934] 480e0eb0-5712-44e0-8ed6-6759665b0653: not valid; 2.3 s; peak memory 1300 MiB.
2026-10-01T18:26:08Z INFO [146/2934] 481e91ed-9edc-4a65-9bbe-8a0716416b34: not valid; 1.1 s; peak memory 1300 MiB.
2026-10-01T18:26:09Z INFO [147/2934] 4846c218-70c6-4ca6-bb2e-90545418f991: valid; 0.7 s; peak memory 1300 MiB.
2026-10-01T18:26:10Z INFO [148/2934] 4875ae5e-d8cb-4539-8bed-cdd5daab5a85: valid; 1.5 s; peak memory 1300 MiB.
2026-10-01T18:26:11Z INFO [149/2934] 48a24850-2e5d-4e3f-9cc7-0a92afb1a762: valid; 0.6 s; peak memory 1300 MiB.
2026-10-01T18:26:12Z INFO [150/2934] 48a75d1f-c8bc-4586-9236-e73e591e8f17: valid; 1.1 s; peak memory 1300 MiB.
2026-10-01T18:26:13Z INFO [150/2934] 48a75d1f-c8bc-4586-9236-e73e591e8f17: checkpointed 88010 records.
2026-10-01T18:26:21Z INFO [151/2934] 48ed346f-4650-4e05-bec1-ca1f5ee5c26f: not valid; 8.8 s; peak memory 1319 MiB.
2026-10-01T18:26:22Z WARNING 49197923-815d-40ae-88be-8808cd7c6a8b: failed while opening the NWB file (ConstructError: (root/acquisition/event_code_meanings GroupBuilder {'attributes': {'colnames': array(['value', 'meaning'], dtype=object), 'description': 'Mapping integer event codes to event labels', 'namespace': 'ndx-events', 'neurodata_type': 'MeaningsTable', 'object_id': 'ba2db381-8cf3-4bb6-8e7d-15687f71f5a6'}, 'groups': {}, 'datasets': {'id': root/acquisition/event_code_meanings/id DatasetBuilder {'attributes': {'namespace': 'hdmf-common', 'neurodata_type': 'ElementIdentifiers', 'object_id': 'b013b48d-04e0-4207-81d0-52d863327bbe'}, 'data': <HDF5 dataset "id": shape (26,), type "<i8">}, 'meaning': root/acquisition/event_code_meanings/meaning DatasetBuilder {'attributes': {'description': 'The meaning of the value in the parent CategoricalVectorData object.', 'namespace': 'hdmf-experimental', 'neurodata_type': 'VectorData', 'object_id': '4dd4510a-8d0d-4169-8c68-96b6619dd0c5'}, 'data': <StrDataset for HDF5 dataset "meaning": shape (26,), type "|O">}, 'value': root/acquisition/event_code_meanings/value DatasetBuilder {'attributes': {'description': 'The value of the parent CategoricalVectorData object.', 'namespace': 'hdmf-experimental', 'neurodata_type': 'VectorData', 'object_id': '8d6614b6-dbc3-45b2-9811-9670aecd8b55'}, 'data': <HDF5 dataset "value": shape (26,), type "<i8">}}, 'links': {}}, "Could not construct MeaningsTable object due to: MeaningsTable.__init__: missing argument 'target'"))
2026-10-01T18:26:23Z INFO [153/2934] 49454080-1a7e-4eab-9ac1-374a59439a08: not valid; 0.8 s; peak memory 1323 MiB.
2026-10-01T18:26:24Z INFO [154/2934] 49905071-1222-41bb-92a5-f716c853ef70: valid; 0.7 s; peak memory 1326 MiB.
2026-10-01T18:26:26Z INFO [155/2934] 4995647e-ce3a-4fe2-8366-1c5d3ef3fa4b: valid; 1.7 s; peak memory 1333 MiB.
2026-10-01T18:26:27Z INFO [156/2934] 49a74081-3d54-463f-a2b9-a1079b348e09: not valid; 1.2 s; peak memory 1337 MiB.
2026-10-01T18:26:28Z INFO [157/2934] 49bdf925-efee-4940-a682-0c1e7c1d1fd5: valid; 1.6 s; peak memory 1340 MiB.
2026-10-01T18:26:29Z INFO [158/2934] 4a26f247-734d-4cc7-a5b5-421a23df4560: valid; 0.5 s; peak memory 1340 MiB.
2026-10-01T18:26:30Z INFO [159/2934] 4a83c2ec-289c-4d70-a521-e93c20d860b2: valid; 0.9 s; peak memory 1340 MiB.
2026-10-01T18:26:31Z INFO [160/2934] 4aa8814f-0179-4cbe-87db-2e1bf016e78c: not valid; 1.1 s; peak memory 1340 MiB.
2026-10-01T18:26:33Z INFO [161/2934] 4ab220d1-e65b-4b4e-a8fd-3bed73bb2756: valid; 1.8 s; peak memory 1340 MiB.
2026-10-01T18:26:34Z INFO [162/2934] 4ac17fa3-e7b3-4fb5-a6e9-81cd68b5565d: valid; 1.4 s; peak memory 1340 MiB.
2026-10-01T18:26:35Z INFO [163/2934] 4ad46f8e-151b-46e6-b36c-76ee35a15636: valid; 1.1 s; peak memory 1340 MiB.
2026-10-01T18:26:36Z INFO [164/2934] 4aef3e83-a933-453d-af1c-1090883aa72d: valid; 1.1 s; peak memory 1340 MiB.
2026-10-01T18:26:38Z INFO [165/2934] 4b19abb8-e9a6-4a14-9112-e1e08dca590e: valid; 1.6 s; peak memory 1340 MiB.
2026-10-01T18:26:39Z WARNING 4b50d5fd-d375-4d4e-bd31-12ccaacb02ee: failed while opening the NWB file (ConstructError: (root/acquisition/_iblmic_audioSpectrogram/bands GroupBuilder {'attributes': {'colnames': array(['freq'], dtype=object), 'description': 'spectogram frequencies', 'namespace': 'core', 'neurodata_type': 'FrequencyBandsTable', 'object_id': '02ea83b9-0c3d-465a-8684-5ea922e00378'}, 'groups': {}, 'datasets': {'freq': root/acquisition/_iblmic_audioSpectrogram/bands/freq DatasetBuilder {'attributes': {'description': 'frequency value', 'namespace': 'hdmf-common', 'neurodata_type': 'VectorData', 'object_id': '35e8f402-c446-4dc9-b011-b7c998c466d0'}, 'data': <HDF5 dataset "freq": shape (257,), type "<f4">}, 'id': root/acquisition/_iblmic_audioSpectrogram/bands/id DatasetBuilder {'attributes': {'namespace': 'hdmf-common', 'neurodata_type': 'ElementIdentifiers', 'object_id': '5786b7a3-fe09-470b-8a88-8132c3490d2a'}, 'data': <HDF5 dataset "id": shape (257,), type "<i4">}}, 'links': {}}, "Could not construct FrequencyBandsTable object due to: column must have the same number of rows as 'id'"))
2026-10-01T18:26:40Z INFO [167/2934] 4b67e5ce-7a2a-44af-89e7-7ba4fd750165: not valid; 1.0 s; peak memory 1340 MiB.
2026-10-01T18:26:41Z INFO [168/2934] 4b80c2a4-8a34-44cf-bb4e-50e7789aac3d: not valid; 1.4 s; peak memory 1340 MiB.
2026-10-01T18:26:43Z INFO [169/2934] 4b9e783e-eed4-4bc4-8d40-1d555ed64129: valid; 1.4 s; peak memory 1340 MiB.
2026-10-01T18:26:44Z INFO [170/2934] 4bb29904-bd86-498b-b812-110501cb84ff: valid; 1.2 s; peak memory 1340 MiB.
2026-10-01T18:26:45Z INFO [171/2934] 4bbd3891-cedf-4c33-b190-33faa8ab7da9: valid; 0.7 s; peak memory 1340 MiB.
2026-10-01T18:26:49Z INFO [172/2934] 4bccf9b1-3097-4e82-bd6a-d7b12c88eb11: valid; 4.0 s; peak memory 1367 MiB.
2026-10-01T18:26:50Z INFO [173/2934] 4c07d1a7-bc2c-4c74-a831-50e11d6706b8: valid; 1.5 s; peak memory 1369 MiB.
2026-10-01T18:26:52Z INFO [174/2934] 4c221055-dc7b-4d7a-99c4-50217f95afa4: valid; 1.8 s; peak memory 1380 MiB.
2026-10-01T18:26:56Z INFO [175/2934] 4c309f53-6a1e-422f-ba87-86af7a433e3e: not valid; 4.3 s; peak memory 1400 MiB.
2026-10-01T18:27:02Z INFO [176/2934] 4c8aa0c0-8c1a-4cab-802f-0330dfd45fac: valid; 6.0 s; peak memory 1454 MiB.
2026-10-01T18:27:03Z INFO [177/2934] 4cb68ca4-7ed5-4c1c-b43f-cd1bffa44b94: valid; 0.6 s; peak memory 1456 MiB.
2026-10-01T18:27:05Z INFO [178/2934] 4cbc8a2a-0d0c-44d4-a851-794d97addb52: valid; 2.1 s; peak memory 1459 MiB.
2026-10-01T18:27:06Z INFO [179/2934] 4cc9b143-7a7e-4a8b-b20a-c5e612bba9ed: valid; 0.9 s; peak memory 1459 MiB.
2026-10-01T18:27:07Z INFO [180/2934] 4cec1a41-e0ed-47c9-b9d2-ea8d1583dc74: valid; 0.8 s; peak memory 1459 MiB.
2026-10-01T18:27:07Z INFO [181/2934] 4cf68cdd-893a-4cfc-b58d-90352f2f27be: valid; 0.8 s; peak memory 1459 MiB.
2026-10-01T18:27:08Z INFO [182/2934] 4d04f408-4969-45a9-a199-f0346d154064: valid; 0.9 s; peak memory 1459 MiB.
2026-10-01T18:27:09Z WARNING 4d33bc4f-5777-4342-b645-bd4e27ce51f2: failed while opening the NWB file (ConstructError: (root/acquisition/event_code_meanings GroupBuilder {'attributes': {'colnames': array(['value', 'meaning'], dtype=object), 'description': 'Mapping integer event codes to event labels', 'namespace': 'ndx-events', 'neurodata_type': 'MeaningsTable', 'object_id': 'd03d85a8-2be2-4d0b-80f7-53ca11e9922c'}, 'groups': {}, 'datasets': {'id': root/acquisition/event_code_meanings/id DatasetBuilder {'attributes': {'namespace': 'hdmf-common', 'neurodata_type': 'ElementIdentifiers', 'object_id': '2c5e15b0-86fc-4312-862f-b5357955d709'}, 'data': <HDF5 dataset "id": shape (26,), type "<i8">}, 'meaning': root/acquisition/event_code_meanings/meaning DatasetBuilder {'attributes': {'description': 'The meaning of the value in the parent CategoricalVectorData object.', 'namespace': 'hdmf-experimental', 'neurodata_type': 'VectorData', 'object_id': 'b2db346d-8a36-4f2d-9408-8ccb3f077b53'}, 'data': <StrDataset for HDF5 dataset "meaning": shape (26,), type "|O">}, 'value': root/acquisition/event_code_meanings/value DatasetBuilder {'attributes': {'description': 'The value of the parent CategoricalVectorData object.', 'namespace': 'hdmf-experimental', 'neurodata_type': 'VectorData', 'object_id': 'ec1fcdb2-9ce5-4834-82ec-dd112e22efe7'}, 'data': <HDF5 dataset "value": shape (26,), type "<i8">}}, 'links': {}}, "Could not construct MeaningsTable object due to: MeaningsTable.__init__: missing argument 'target'"))
2026-10-01T18:27:20Z INFO [184/2934] 4d394aea-b38b-468b-88c3-336c27d16c08: valid; 11.2 s; peak memory 1459 MiB.
2026-10-01T18:27:21Z INFO [185/2934] 4d4f42c1-2e43-4415-a93e-6f0fce3fd051: valid; 0.9 s; peak memory 1459 MiB.
2026-10-01T18:27:22Z INFO [186/2934] 4d8c2213-a005-45cb-bbc8-0865e641e016: not valid; 1.1 s; peak memory 1459 MiB.
2026-10-01T18:27:24Z INFO [187/2934] 4dc64ed3-4a48-4e8c-968f-e334112f60cc: valid; 1.6 s; peak memory 1459 MiB.
2026-10-01T18:27:26Z INFO [188/2934] 4ddb3f33-f3a9-4707-976a-53a7600f8b66: not valid; 2.4 s; peak memory 1459 MiB.
2026-10-01T18:27:27Z INFO [189/2934] 4ddf020d-948c-4ce1-ac41-cdb050f046e6: valid; 0.9 s; peak memory 1459 MiB.
2026-10-01T18:27:28Z INFO [190/2934] 4de79a45-9711-43c5-a38b-d8ba53e9d018: valid; 0.8 s; peak memory 1459 MiB.
2026-10-01T18:27:29Z INFO [191/2934] 4debeb80-150a-4cb4-bef9-6207a6a88605: valid; 1.0 s; peak memory 1459 MiB.
2026-10-01T18:27:30Z INFO [192/2934] 4dee0d58-a1dd-4a7f-a509-6435a22a8cd6: valid; 1.2 s; peak memory 1459 MiB.
2026-10-01T18:27:31Z WARNING 4e0b7835-3bc1-42c1-b4db-3b2da49d9e02: failed while opening the NWB file (ConstructError: (root/acquisition/_iblmic_audioSpectrogram/bands GroupBuilder {'attributes': {'colnames': array(['freq'], dtype=object), 'description': 'spectogram frequencies', 'namespace': 'core', 'neurodata_type': 'FrequencyBandsTable', 'object_id': 'ac684fa2-b00e-4221-83c1-ff6ba3d052e1'}, 'groups': {}, 'datasets': {'freq': root/acquisition/_iblmic_audioSpectrogram/bands/freq DatasetBuilder {'attributes': {'description': 'frequency value', 'namespace': 'hdmf-common', 'neurodata_type': 'VectorData', 'object_id': 'da81853d-f211-4dcd-9886-a005a44c6c94'}, 'data': <HDF5 dataset "freq": shape (257,), type "<f4">}, 'id': root/acquisition/_iblmic_audioSpectrogram/bands/id DatasetBuilder {'attributes': {'namespace': 'hdmf-common', 'neurodata_type': 'ElementIdentifiers', 'object_id': '620eec48-07b3-4fcf-8f36-ad399d6545f5'}, 'data': <HDF5 dataset "id": shape (257,), type "<i4">}}, 'links': {}}, "Could not construct FrequencyBandsTable object due to: column must have the same number of rows as 'id'"))
2026-10-01T18:27:40Z INFO [194/2934] 4e1fa18b-5015-4b23-a79b-a7fe7e3530a1: valid; 8.5 s; peak memory 1459 MiB.
2026-10-01T18:27:41Z INFO [195/2934] 4e2a22cd-8ede-41d2-ae3f-b0ff350bf854: not valid; 0.9 s; peak memory 1459 MiB.
2026-10-01T18:27:42Z INFO [196/2934] 4e2a2b04-bed5-46b7-860c-1a32b4b2687d: valid; 1.4 s; peak memory 1459 MiB.
2026-10-01T18:27:43Z INFO [197/2934] 4e3a0384-9b62-4b9b-9842-f26e4a07c91e: valid; 0.9 s; peak memory 1459 MiB.
2026-10-01T18:27:44Z INFO [198/2934] 4e5791d2-bf7d-45a1-9090-2df53c933201: not valid; 0.9 s; peak memory 1459 MiB.
2026-10-01T18:27:45Z INFO [199/2934] 4e631582-62b6-4934-a47a-b0ec84b23df8: valid; 0.8 s; peak memory 1459 MiB.
2026-10-01T18:27:46Z INFO [200/2934] 4e98f772-254d-4003-a273-441405e91585: valid; 0.8 s; peak memory 1459 MiB.
2026-10-01T18:27:46Z INFO [200/2934] 4e98f772-254d-4003-a273-441405e91585: checkpointed 88010 records.
2026-10-01T18:27:47Z INFO [201/2934] 4ea5ab58-890e-4f35-b3f3-41f906a325b6: not valid; 0.9 s; peak memory 1461 MiB.
2026-10-01T18:27:48Z INFO [202/2934] 4eaecfd3-ac7f-4173-8b12-2ab69e9a68f4: not valid; 1.3 s; peak memory 1463 MiB.
2026-10-01T18:27:50Z INFO [203/2934] 4eb06e27-9cf6-4398-8a82-3cee1c06e669: valid; 1.7 s; peak memory 1464 MiB.
2026-10-01T18:27:51Z INFO [204/2934] 4ef15a14-9f56-459c-a57e-8e5a9ce490c5: valid; 1.0 s; peak memory 1465 MiB.
2026-10-01T18:27:52Z INFO [205/2934] 4f23ade6-dd16-44a5-b289-6a7ddab94d27: valid; 0.7 s; peak memory 1466 MiB.
2026-10-01T18:27:52Z INFO [206/2934] 4f2f1f6e-1184-444a-acd9-d0519b6cae4a: valid; 0.7 s; peak memory 1467 MiB.
2026-10-01T18:27:54Z INFO [207/2934] 4f9c9434-87ca-457b-86c7-cf97565b10ba: not valid; 1.9 s; peak memory 1468 MiB.
2026-10-01T18:27:56Z INFO [208/2934] 4fb5f338-e805-466b-9a06-919c124ecd6a: not valid; 1.2 s; peak memory 1468 MiB.
2026-10-01T18:27:58Z INFO [209/2934] 4fb802dc-318d-43ad-9191-48a6cb224b47: valid; 2.5 s; peak memory 1469 MiB.
2026-10-01T18:27:59Z INFO [210/2934] 4fe0f0bb-8aa0-49a6-8ea1-1fd4f6db67a3: valid; 0.7 s; peak memory 1470 MiB.
2026-10-01T18:28:01Z INFO [211/2934] 5004a755-5670-4afa-9ad9-90809413d541: not valid; 2.4 s; peak memory 1473 MiB.
2026-10-01T18:28:03Z INFO [212/2934] 504c5c9c-df3d-4add-a079-4d78af01993a: not valid; 1.8 s; peak memory 1477 MiB.
2026-10-01T18:28:05Z INFO [213/2934] 506cc160-d44b-47cb-b318-5b23a13301a9: valid; 1.9 s; peak memory 1478 MiB.
2026-10-01T18:28:06Z INFO [214/2934] 507da796-877d-4bc3-86a2-ee762c38d42d: valid; 0.9 s; peak memory 1478 MiB.
2026-10-01T18:28:06Z INFO [215/2934] 50970aaf-d1fc-405a-b4e8-544c9231e530: not valid; 0.8 s; peak memory 1478 MiB.
2026-10-01T18:28:07Z INFO [216/2934] 50de498e-b766-41a6-90b1-f178153f2c92: valid; 0.9 s; peak memory 1478 MiB.
2026-10-01T18:28:08Z INFO [217/2934] 50e9dfc8-b7a2-4fe9-bcfb-b5d7b2fde21b: not valid; 0.9 s; peak memory 1478 MiB.
2026-10-01T18:28:09Z INFO [218/2934] 50f85fa0-888a-453d-8d8f-ecae2ece9535: valid; 0.8 s; peak memory 1478 MiB.
2026-10-01T18:28:14Z INFO [219/2934] 51103896-6c77-44bd-85bc-3b550df94381: valid; 4.9 s; peak memory 1517 MiB.
2026-10-01T18:28:15Z INFO [220/2934] 5111017d-19b7-45db-9ce1-37c4949308a7: valid; 0.8 s; peak memory 1519 MiB.
2026-10-01T18:28:16Z INFO [221/2934] 51178c5a-b52f-4ea6-bb65-086a49890be0: valid; 0.7 s; peak memory 1521 MiB.
2026-10-01T18:28:16Z INFO [222/2934] 51229e52-ff22-4ec5-9d47-299b15ae077f: valid; 0.8 s; peak memory 1522 MiB.
2026-10-01T18:28:16Z WARNING 51272252-158e-48ba-ae47-9db4c5ef837c: failed while retrieving asset information from the DANDI API (NotFoundError: No such Dandiset: 001533)
2026-10-01T18:28:17Z INFO [224/2934] 51383af9-fcf6-40ba-8aae-25adc69e45f7: valid; 0.8 s; peak memory 1524 MiB.
2026-10-01T18:28:18Z INFO [225/2934] 513fe80c-b445-42c0-b580-525ce23c0435: valid; 0.8 s; peak memory 1526 MiB.
2026-10-01T18:28:19Z INFO [226/2934] 514c940a-046b-475e-ba79-d3c1ed3c8afd: not valid; 1.0 s; peak memory 1529 MiB.
2026-10-01T18:28:26Z INFO [227/2934] 5158bf58-b7b6-4459-8eb4-c661b8a8c28d: valid; 6.6 s; peak memory 1538 MiB.
2026-10-01T18:28:29Z INFO [228/2934] 515d4e10-fc3f-496d-897a-9845e71bf029: not valid; 3.2 s; peak memory 1604 MiB.
2026-10-01T18:28:30Z INFO [229/2934] 519869be-7fe7-462e-bbe4-e628459a4a6a: not valid; 0.8 s; peak memory 1604 MiB.
2026-10-01T18:28:32Z INFO [230/2934] 51a95f1c-e6f0-4057-8b44-053980ff46f2: valid; 2.1 s; peak memory 1604 MiB.
2026-10-01T18:28:33Z INFO [231/2934] 51d2b28a-fd8a-4ae2-a8d9-c6e531a09d83: not valid; 1.0 s; peak memory 1604 MiB.
2026-10-01T18:28:34Z INFO [232/2934] 51e16205-0c1c-4e09-b548-7470a1c7fd9f: valid; 1.2 s; peak memory 1604 MiB.
2026-10-01T18:28:35Z INFO [233/2934] 51e241c8-2407-43be-943a-638c35571380: valid; 1.0 s; peak memory 1615 MiB.
2026-10-01T18:28:36Z INFO [234/2934] 51f2c22d-1303-4c4e-9205-a6865f5f0312: valid; 0.8 s; peak memory 1617 MiB.
2026-10-01T18:28:37Z INFO [235/2934] 51fa2c7d-9770-4db0-a54e-89e4b76e9013: valid; 1.2 s; peak memory 1620 MiB.
2026-10-01T18:28:44Z INFO [236/2934] 520aa7d1-8765-41d8-9f88-3acc8bcd41c1: not valid; 7.5 s; peak memory 1662 MiB.
2026-10-01T18:28:45Z INFO [237/2934] 52269b5a-934a-41d0-a7e1-2ea3c5752056: valid; 0.6 s; peak memory 1662 MiB.
2026-10-01T18:28:46Z INFO [238/2934] 522b5a3c-ae42-40a7-a650-c2f023c54eda: valid; 1.3 s; peak memory 1662 MiB.
2026-10-01T18:28:47Z INFO [239/2934] 52645d55-ac12-41d0-80ef-46fb80cc6411: not valid; 1.0 s; peak memory 1662 MiB.
2026-10-01T18:28:48Z INFO [240/2934] 5270ee8f-7dfd-49c6-af1f-f0dd1bb37260: valid; 1.0 s; peak memory 1662 MiB.
2026-10-01T18:28:49Z INFO [241/2934] 527c24d2-5f3d-4391-baf6-a5fec38b9364: valid; 0.7 s; peak memory 1662 MiB.
2026-10-01T18:28:50Z INFO [242/2934] 52882f6c-ee5d-45b7-aa39-938724c38255: valid; 1.0 s; peak memory 1662 MiB.
2026-10-01T18:28:51Z INFO [243/2934] 52967553-dad6-47d6-b1f3-5163f000e7d0: not valid; 0.8 s; peak memory 1662 MiB.
2026-10-01T18:28:51Z INFO [244/2934] 52afea77-96fb-47ea-8793-23a26a964f41: valid; 0.6 s; peak memory 1662 MiB.
2026-10-01T18:28:53Z WARNING 52fb66d0-c222-4797-888e-3808e63d1cdc: failed while opening the NWB file (ConstructError: (root/acquisition/_iblmic_audioSpectrogram/bands GroupBuilder {'attributes': {'colnames': array(['freq'], dtype=object), 'description': 'spectogram frequencies', 'namespace': 'core', 'neurodata_type': 'FrequencyBandsTable', 'object_id': 'd19c5dfa-c1bb-49d8-9215-6f65da5548ac'}, 'groups': {}, 'datasets': {'freq': root/acquisition/_iblmic_audioSpectrogram/bands/freq DatasetBuilder {'attributes': {'description': 'frequency value', 'namespace': 'hdmf-common', 'neurodata_type': 'VectorData', 'object_id': '0394ff85-3ed5-4032-b9e5-5585978f56ab'}, 'data': <HDF5 dataset "freq": shape (257,), type "<f4">}, 'id': root/acquisition/_iblmic_audioSpectrogram/bands/id DatasetBuilder {'attributes': {'namespace': 'hdmf-common', 'neurodata_type': 'ElementIdentifiers', 'object_id': 'a5fa3682-a29f-4ba7-b026-0ee6e1e04dd9'}, 'data': <HDF5 dataset "id": shape (257,), type "<i4">}}, 'links': {}}, "Could not construct FrequencyBandsTable object due to: column must have the same number of rows as 'id'"))
2026-10-01T18:28:53Z WARNING 531d3c38-e7b1-4f40-9bc0-4b6e39f74e06: failed while retrieving asset information from the DANDI API (NotFoundError: No asset at path 'sub-healthy-simulated-lfp/sub-healthy-simulated-lfp_ses-9850_ecephys.nwb' in version 0.250327.2220. Verify the path is correct and the asset exists in this version. Use 'dandi ls' to list available assets.)
2026-10-01T18:28:53Z INFO [247/2934] 532e9d88-f75d-4100-a079-4b1c6418d0de: valid; 0.5 s; peak memory 1662 MiB.
2026-10-01T18:28:54Z INFO [248/2934] 533df802-4184-42be-8aa0-55aa75e6ec0b: valid; 1.1 s; peak memory 1662 MiB.
2026-10-01T18:29:00Z INFO [249/2934] 536569dc-f1bf-481d-804d-fa7463a22992: valid; 6.1 s; peak memory 1716 MiB.
2026-10-01T18:29:01Z INFO [250/2934] 53657d85-dca6-4b04-b13e-e698c9d7af8b: valid; 0.7 s; peak memory 1717 MiB.
2026-10-01T18:29:02Z INFO [250/2934] 53657d85-dca6-4b04-b13e-e698c9d7af8b: checkpointed 88010 records.
2026-10-01T18:29:03Z INFO [251/2934] 536d5702-3364-4714-854c-baee6431c77e: valid; 0.9 s; peak memory 1721 MiB.
2026-10-01T18:29:06Z INFO [252/2934] 537095bd-cf6b-46ce-8094-c67276909d55: valid; 3.0 s; peak memory 1729 MiB.
2026-10-01T18:29:07Z INFO [253/2934] 53736796-1991-49a7-9d9b-5cdea2c34208: valid; 1.8 s; peak memory 1735 MiB.
2026-10-01T18:29:09Z INFO [254/2934] 538c6f77-7a33-4c34-9b0a-3401d1bdda7e: not valid; 1.9 s; peak memory 1753 MiB.
2026-10-01T18:29:10Z INFO [255/2934] 53aa79dc-c5a9-488f-b288-b614d309d87c: valid; 1.3 s; peak memory 1779 MiB.
2026-10-01T18:29:18Z INFO [256/2934] 53e24dca-5e07-4a21-8e4d-633648cfd491: valid; 8.0 s; peak memory 1823 MiB.
2026-10-01T18:29:20Z INFO [257/2934] 540c2ff9-0cd4-4517-9c2e-38408d5e3744: valid; 1.5 s; peak memory 1825 MiB.
2026-10-01T18:29:21Z INFO [258/2934] 547186a9-3bf0-4795-b637-cf7c037d2ea2: valid; 1.1 s; peak memory 1825 MiB.
2026-10-01T18:29:22Z INFO [259/2934] 5480bc73-4149-4a26-95f0-939242ba2aba: valid; 0.8 s; peak memory 1825 MiB.
2026-10-01T18:29:23Z INFO [260/2934] 54ac2374-5d9f-4c81-9510-06f217974ca7: valid; 0.8 s; peak memory 1825 MiB.
2026-10-01T18:29:23Z INFO [261/2934] 54b27821-3dae-4a19-9863-e395ae3a6a8c: valid; 0.8 s; peak memory 1825 MiB.
2026-10-01T18:29:24Z INFO [262/2934] 54cf2a45-cf0e-48e9-9608-f21efb09f4d8: not valid; 1.1 s; peak memory 1825 MiB.
2026-10-01T18:29:25Z INFO [263/2934] 54de8503-13d9-48a3-b585-b319fb491e81: valid; 1.0 s; peak memory 1825 MiB.
2026-10-01T18:29:27Z INFO [264/2934] 552e3314-52e1-4cba-a275-2fb371275a8b: valid; 1.5 s; peak memory 1825 MiB.
2026-10-01T18:29:28Z INFO [265/2934] 5531db34-dab3-481c-8c2e-ebf8a9e72450: not valid; 1.0 s; peak memory 1825 MiB.
2026-10-01T18:29:32Z INFO [266/2934] 553f7480-d39a-447b-8982-4e5dcf004c46: valid; 4.4 s; peak memory 1825 MiB.
2026-10-01T18:29:33Z INFO [267/2934] 553fe8ac-74db-4320-8a18-bcd9be2fd28f: not valid; 0.8 s; peak memory 1825 MiB.
2026-10-01T18:29:34Z INFO [268/2934] 55456048-6bfb-409d-aa2c-bb52fad1f179: valid; 0.9 s; peak memory 1825 MiB.
2026-10-01T18:29:35Z INFO [269/2934] 55872b27-21d2-41cf-bb37-ddf10fbac0dc: valid; 0.8 s; peak memory 1825 MiB.
2026-10-01T18:29:36Z INFO [270/2934] 55a1ac80-5bfe-48b8-a583-46cfc63be448: valid; 1.3 s; peak memory 1831 MiB.
2026-10-01T18:29:40Z INFO [271/2934] 55f77ea4-6acc-4cbc-946f-e28109e41749: valid; 4.2 s; peak memory 1831 MiB.
2026-10-01T18:29:41Z INFO [272/2934] 5602c0cd-f52d-4c29-be39-82ad73e3469f: not valid; 0.9 s; peak memory 1831 MiB.
2026-10-01T18:29:45Z INFO [273/2934] 5603bc06-94f3-4081-96a6-5ea7111de4f6: not valid; 3.9 s; peak memory 1834 MiB.
2026-10-01T18:29:46Z INFO [274/2934] 56166913-9232-47b4-bfe0-d19e1d0a81a0: not valid; 0.8 s; peak memory 1834 MiB.
2026-10-01T18:29:47Z INFO [275/2934] 56240950-83bd-4e89-8cb3-334c7e6b0136: valid; 0.8 s; peak memory 1835 MiB.
2026-10-01T18:29:48Z INFO [276/2934] 56547283-571d-40e5-98be-9257cd1bccdc: valid; 0.7 s; peak memory 1835 MiB.
2026-10-01T18:29:49Z INFO [277/2934] 56559143-958f-4950-b970-06cd8794397a: valid; 1.0 s; peak memory 1835 MiB.
2026-10-01T18:29:50Z INFO [278/2934] 56643ca4-5fc2-4c7d-9fd6-0c1bcf96d273: valid; 1.9 s; peak memory 1835 MiB.
2026-10-01T18:29:59Z INFO [279/2934] 5669c29d-3362-4948-b846-9baa0cdd6fe6: valid; 8.1 s; peak memory 1835 MiB.
2026-10-01T18:30:00Z INFO [280/2934] 5675cb42-01d6-4d47-b672-901f6eb90647: valid; 1.2 s; peak memory 1839 MiB.
2026-10-01T18:30:01Z INFO [281/2934] 568fecd5-9236-40b2-a325-e51c8e17b3a8: valid; 0.8 s; peak memory 1839 MiB.
2026-10-01T18:30:01Z INFO [282/2934] 56a2fa72-6f7b-44f9-940f-adf6356bef51: valid; 0.8 s; peak memory 1839 MiB.
2026-10-01T18:30:02Z INFO [283/2934] 56bdcdba-818b-4bf1-856c-d4cab0e321b6: not valid; 0.9 s; peak memory 1839 MiB.
2026-10-01T18:30:10Z INFO [284/2934] 56e61a0c-065f-43ac-b2a9-d2056baf6ca3: valid; 7.5 s; peak memory 1873 MiB.
2026-10-01T18:30:12Z INFO [285/2934] 56fc6dc0-7fdf-48ad-86ed-c08e9355304e: valid; 1.8 s; peak memory 1875 MiB.
2026-10-01T18:30:12Z INFO [286/2934] 573a0d63-97af-40cc-83bd-b89441bf2b25: not valid; 0.8 s; peak memory 1876 MiB.
2026-10-01T18:30:13Z INFO [287/2934] 573fbd63-0254-4873-9a44-d1c2c9f2f41b: valid; 0.7 s; peak memory 1877 MiB.
2026-10-01T18:30:14Z INFO [288/2934] 57626edc-1ff0-4148-a73f-8bd1b4ce2f37: valid; 0.7 s; peak memory 1878 MiB.
2026-10-01T18:30:15Z INFO [289/2934] 576662a6-f9eb-407b-b86c-e16a7cde7f5b: not valid; 1.2 s; peak memory 1879 MiB.
2026-10-01T18:30:16Z INFO [290/2934] 577305e6-2274-42a8-9cbb-cdacf1c8278b: valid; 0.7 s; peak memory 1879 MiB.
2026-10-01T18:30:17Z INFO [291/2934] 5785f6b2-9bb8-4381-84c8-458d6121ec9c: valid; 1.4 s; peak memory 1881 MiB.
2026-10-01T18:30:18Z WARNING 57adee2a-ed48-4445-abe4-983436deb01d: failed while opening the NWB file (ConstructError: (root/acquisition/_iblmic_audioSpectrogram/bands GroupBuilder {'attributes': {'colnames': array(['freq'], dtype=object), 'description': 'spectogram frequencies', 'namespace': 'core', 'neurodata_type': 'FrequencyBandsTable', 'object_id': '28a2c090-8be7-44cb-be4e-33e2d6ebf7ee'}, 'groups': {}, 'datasets': {'freq': root/acquisition/_iblmic_audioSpectrogram/bands/freq DatasetBuilder {'attributes': {'description': 'frequency value', 'namespace': 'hdmf-common', 'neurodata_type': 'VectorData', 'object_id': '824a2c46-887d-4f81-a229-04d7c1dd5ce2'}, 'data': <HDF5 dataset "freq": shape (257,), type "<f4">}, 'id': root/acquisition/_iblmic_audioSpectrogram/bands/id DatasetBuilder {'attributes': {'namespace': 'hdmf-common', 'neurodata_type': 'ElementIdentifiers', 'object_id': 'd08091b6-84a4-4884-be64-3d3da9d0aec5'}, 'data': <HDF5 dataset "id": shape (257,), type "<i4">}}, 'links': {}}, "Could not construct FrequencyBandsTable object due to: column must have the same number of rows as 'id'"))
2026-10-01T18:30:19Z INFO [293/2934] 57d088f6-59f1-4b94-95c8-8ebc40d90041: not valid; 1.1 s; peak memory 1883 MiB.
2026-10-01T18:30:22Z INFO [294/2934] 57d1f32b-d6f3-4753-9f79-b658b3e94048: valid; 2.8 s; peak memory 1887 MiB.
2026-10-01T18:30:23Z INFO [295/2934] 57dc3f29-d6d6-4dbd-bb31-bca7865d335d: valid; 0.7 s; peak memory 1888 MiB.
2026-10-01T18:30:24Z INFO [296/2934] 57dda3d3-3c6d-4308-8c16-dbdfac6a2c42: valid; 0.8 s; peak memory 1889 MiB.
2026-10-01T18:30:24Z INFO [297/2934] 58214356-6cd2-4afb-aded-64ac464cd572: not valid; 0.7 s; peak memory 1891 MiB.
2026-10-01T18:30:26Z INFO [298/2934] 582a9cea-4551-41e4-9ee0-d2fff6d882cf: valid; 1.2 s; peak memory 1892 MiB.
2026-10-01T18:30:26Z INFO [299/2934] 583dd45d-513e-4c7b-81f6-a7ba68c6867f: valid; 0.6 s; peak memory 1894 MiB.
2026-10-01T18:30:27Z INFO [300/2934] 58434e48-9e66-456b-a3a2-09d6cd5b1fbd: valid; 0.6 s; peak memory 1894 MiB.
2026-10-01T18:30:28Z INFO [300/2934] 58434e48-9e66-456b-a3a2-09d6cd5b1fbd: checkpointed 88010 records.
2026-10-01T18:30:29Z INFO [301/2934] 5858ed0d-4dcf-48cc-9d07-2d30a18c7523: valid; 1.9 s; peak memory 1897 MiB.
2026-10-01T18:30:35Z INFO [302/2934] 585dc9d4-be9c-4244-8fa7-e64309019afc: valid; 5.1 s; peak memory 2090 MiB.
2026-10-01T18:30:35Z INFO [303/2934] 588b3e85-6366-46d8-ba76-1bf9306b2e38: valid; 0.7 s; peak memory 2090 MiB.
2026-10-01T18:30:37Z INFO [304/2934] 58932483-2937-4ac6-96b4-33f151a0dbf0: valid; 1.6 s; peak memory 2090 MiB.
2026-10-01T18:30:46Z INFO [305/2934] 58d74dcb-bb1e-4da2-b413-3c25589484a9: valid; 9.0 s; peak memory 2090 MiB.
2026-10-01T18:30:47Z INFO [306/2934] 58dd04d6-e5a3-4be4-90ea-c7f810587f70: not valid; 0.9 s; peak memory 2090 MiB.
2026-10-01T18:30:47Z INFO [307/2934] 58e1b642-eaaa-41a2-b0a7-63f0012214aa: valid; 0.7 s; peak memory 2090 MiB.
2026-10-01T18:30:48Z INFO [308/2934] 58f11053-e077-4b0e-9900-b88f1d2ae402: valid; 1.1 s; peak memory 2090 MiB.
2026-10-01T18:30:50Z INFO [309/2934] 595552bb-7d1d-40f0-89d6-00c392d5c496: valid; 1.8 s; peak memory 2090 MiB.
2026-10-01T18:30:51Z INFO [310/2934] 5958796f-42c5-4023-a94d-9db3cac8bf02: valid; 0.7 s; peak memory 2090 MiB.
2026-10-01T18:30:52Z INFO [311/2934] 59644c86-1fe6-4487-a405-6db2ba82b594: valid; 1.4 s; peak memory 2090 MiB.
2026-10-01T18:33:36Z INFO [312/2934] 59696622-e89c-46b5-baa7-cf5aaa95a353: valid; 163.6 s; peak memory 2469 MiB.
2026-10-01T18:33:40Z INFO [313/2934] 596c6ee8-3ce1-4611-bc65-57591a5356b6: valid; 3.6 s; peak memory 2469 MiB.
2026-10-01T18:33:40Z INFO [314/2934] 596f1162-31a8-44a7-a9a9-690c9bdd8463: valid; 0.8 s; peak memory 2469 MiB.
2026-10-01T18:33:51Z INFO [315/2934] 5970c9c4-fe7e-4d6f-9e7b-921c3e81aab6: valid; 11.0 s; peak memory 2469 MiB.
2026-10-01T18:33:52Z INFO [316/2934] 5984631d-73af-4042-913b-0350592f9ca5: not valid; 1.0 s; peak memory 2469 MiB.
2026-10-01T18:33:53Z INFO [317/2934] 598d33a1-c556-479a-8726-bdd34b7ceae8: not valid; 0.9 s; peak memory 2469 MiB.
2026-10-01T18:33:58Z INFO [318/2934] 598eb343-ab21-44fa-b933-2c9dbfaf2b1b: valid; 4.3 s; peak memory 2469 MiB.
2026-10-01T18:33:58Z INFO [319/2934] 599854b3-71ea-4108-bebd-3560fe94ab1c: valid; 0.7 s; peak memory 2469 MiB.
2026-10-01T18:33:59Z INFO [320/2934] 59a65eb4-e348-45c3-b963-c15507e8c51b: valid; 0.8 s; peak memory 2469 MiB.
2026-10-01T18:34:01Z INFO [321/2934] 59aea497-8ca5-4508-8349-718040bcac04: not valid; 2.2 s; peak memory 2469 MiB.
2026-10-01T18:34:03Z INFO [322/2934] 59b429bc-8988-45f8-9a99-880218ba0a90: not valid; 1.2 s; peak memory 2469 MiB.
2026-10-01T18:34:04Z WARNING 59d8b8ee-8631-41c5-90f2-5dd159a8e743: failed while opening the NWB file (ConstructError: (root/acquisition/_iblmic_audioSpectrogram/bands GroupBuilder {'attributes': {'colnames': array(['freq'], dtype=object), 'description': 'spectogram frequencies', 'namespace': 'core', 'neurodata_type': 'FrequencyBandsTable', 'object_id': 'c1c142b1-1664-4aa3-9f51-c2302c4a4235'}, 'groups': {}, 'datasets': {'freq': root/acquisition/_iblmic_audioSpectrogram/bands/freq DatasetBuilder {'attributes': {'description': 'frequency value', 'namespace': 'hdmf-common', 'neurodata_type': 'VectorData', 'object_id': 'f1f140dc-8851-4307-873e-a753201c9450'}, 'data': <HDF5 dataset "freq": shape (257,), type "<f4">}, 'id': root/acquisition/_iblmic_audioSpectrogram/bands/id DatasetBuilder {'attributes': {'namespace': 'hdmf-common', 'neurodata_type': 'ElementIdentifiers', 'object_id': 'd4c0da4c-4797-4afc-8eca-c4fda82b892c'}, 'data': <HDF5 dataset "id": shape (257,), type "<i4">}}, 'links': {}}, "Could not construct FrequencyBandsTable object due to: column must have the same number of rows as 'id'"))
2026-10-01T18:34:05Z INFO [324/2934] 59e61892-959d-49bb-9ba9-1e97cbbdda2e: valid; 1.4 s; peak memory 2469 MiB.
2026-10-01T18:34:06Z INFO [325/2934] 5a14b534-d3be-4bc7-92a8-5fdd9705c55f: valid; 1.1 s; peak memory 2469 MiB.
2026-10-01T18:34:07Z INFO [326/2934] 5a208e28-4455-443e-86f2-6d4e4c7dd23e: valid; 1.1 s; peak memory 2469 MiB.
2026-10-01T18:34:18Z INFO [327/2934] 5a20fb8c-21b3-415f-b72f-3a8d264de249: not valid; 10.9 s; peak memory 2522 MiB.
2026-10-01T18:35:02Z INFO [328/2934] 5a50d343-d93e-46fc-acf2-ab309397d59e: valid; 43.4 s; peak memory 2657 MiB.
2026-10-01T18:35:03Z INFO [329/2934] 5a59fe8f-0a9d-4f33-9d9f-eeb331182ea6: valid; 1.2 s; peak memory 2657 MiB.
2026-10-01T18:35:04Z INFO [330/2934] 5a61984e-d165-4950-8533-158d53652fce: not valid; 1.3 s; peak memory 2657 MiB.
2026-10-01T18:35:10Z INFO [331/2934] 5a6df229-40dc-4efe-a066-9dbfc7c4151d: not valid; 5.9 s; peak memory 2669 MiB.
2026-10-01T18:35:11Z INFO [332/2934] 5a7a2511-487c-49a8-8d88-9d14a36f40cc: not valid; 1.0 s; peak memory 2669 MiB.
2026-10-01T18:35:12Z INFO [333/2934] 5a7c31e7-32db-44c8-a668-ee704b6aa4dd: not valid; 1.1 s; peak memory 2669 MiB.
2026-10-01T18:35:13Z INFO [334/2934] 5a84cc44-b8b3-48b8-96e4-8faa66618511: not valid; 1.2 s; peak memory 2669 MiB.
2026-10-01T18:35:14Z INFO [335/2934] 5a9f4166-de11-49e5-a5f3-07e29584c619: not valid; 0.9 s; peak memory 2669 MiB.
2026-10-01T18:35:16Z INFO [336/2934] 5aad79c6-6157-48a0-8c0f-d21555b063f0: valid; 1.7 s; peak memory 2669 MiB.
2026-10-01T18:35:17Z INFO [337/2934] 5ad6e64f-2680-40e1-bca5-73d0d9203c03: valid; 1.0 s; peak memory 2669 MiB.
2026-10-01T18:35:18Z INFO [338/2934] 5ae628f5-64a0-4c69-8ad7-00cb47d4745d: not valid; 0.8 s; peak memory 2669 MiB.
2026-10-01T18:35:18Z INFO [339/2934] 5aed519c-baf0-46ee-9fc1-c4be42222df1: valid; 0.8 s; peak memory 2669 MiB.
2026-10-01T18:35:20Z INFO [340/2934] 5af727a3-4de8-49b2-ae20-8f2919e0a3c6: valid; 1.1 s; peak memory 2669 MiB.
2026-10-01T18:35:21Z INFO [341/2934] 5afa2520-04d5-4130-bee7-a364c0e65472: valid; 0.9 s; peak memory 2669 MiB.
2026-10-01T18:35:21Z INFO [342/2934] 5b193abb-78d4-4635-8729-17f9c647d9d7: valid; 0.9 s; peak memory 2669 MiB.
2026-10-01T18:35:23Z WARNING 5b1aaf12-f7fc-4d91-875e-411eff65526f: failed while opening the NWB file (ConstructError: (root/acquisition/event_code_meanings GroupBuilder {'attributes': {'colnames': array(['value', 'meaning'], dtype=object), 'description': 'Mapping integer event codes to event labels', 'namespace': 'ndx-events', 'neurodata_type': 'MeaningsTable', 'object_id': '1b3446b0-a02c-4c0b-a654-54e2e1f00c84'}, 'groups': {}, 'datasets': {'id': root/acquisition/event_code_meanings/id DatasetBuilder {'attributes': {'namespace': 'hdmf-common', 'neurodata_type': 'ElementIdentifiers', 'object_id': 'dcc15735-6a01-4523-a6ad-3ebb8a3a3dae'}, 'data': <HDF5 dataset "id": shape (26,), type "<i8">}, 'meaning': root/acquisition/event_code_meanings/meaning DatasetBuilder {'attributes': {'description': 'The meaning of the value in the parent CategoricalVectorData object.', 'namespace': 'hdmf-experimental', 'neurodata_type': 'VectorData', 'object_id': '092a25dd-ee1d-4685-aea5-5702e41467c1'}, 'data': <StrDataset for HDF5 dataset "meaning": shape (26,), type "|O">}, 'value': root/acquisition/event_code_meanings/value DatasetBuilder {'attributes': {'description': 'The value of the parent CategoricalVectorData object.', 'namespace': 'hdmf-experimental', 'neurodata_type': 'VectorData', 'object_id': '82f952f4-01a3-42fa-b7c2-001a3a1d2140'}, 'data': <HDF5 dataset "value": shape (26,), type "<i8">}}, 'links': {}}, "Could not construct MeaningsTable object due to: MeaningsTable.__init__: missing argument 'target'"))
2026-10-01T18:35:23Z INFO [344/2934] 5b28282d-a9de-430c-a92f-69f0ba5bd2e0: valid; 0.8 s; peak memory 2669 MiB.
2026-10-01T18:35:42Z INFO [345/2934] 5b2decd2-a3be-4c96-9146-f0cf8661a8e0: not valid; 18.8 s; peak memory 2671 MiB.
2026-10-01T18:35:46Z INFO [346/2934] 5b32a8fa-78c2-4846-aacf-a0d0de9ba83e: valid; 4.4 s; peak memory 2676 MiB.
2026-10-01T18:35:48Z INFO [347/2934] 5b341250-b3ab-4743-8b80-6425b3803027: valid; 1.3 s; peak memory 2676 MiB.
2026-10-01T18:35:49Z INFO [348/2934] 5b3a8694-9f4b-48fb-9722-01d7c9c1af7c: not valid; 0.9 s; peak memory 2676 MiB.
2026-10-01T18:35:50Z INFO [349/2934] 5b67c32a-dbbc-4807-ab24-bf6442cad066: valid; 1.8 s; peak memory 2676 MiB.
2026-10-01T18:35:51Z INFO [350/2934] 5b797718-5d48-4a6e-83a2-413513043901: valid; 0.8 s; peak memory 2676 MiB.
2026-10-01T18:35:52Z INFO [350/2934] 5b797718-5d48-4a6e-83a2-413513043901: checkpointed 88010 records.
2026-10-01T18:35:53Z WARNING 5b88901e-1871-4546-a4cc-26aeb45f73b6: failed while opening the NWB file (ConstructError: (root/acquisition/_iblmic_audioSpectrogram/bands GroupBuilder {'attributes': {'colnames': array(['freq'], dtype=object), 'description': 'spectogram frequencies', 'namespace': 'core', 'neurodata_type': 'FrequencyBandsTable', 'object_id': 'cb46e5ca-291d-4413-a4c5-e8ee6435177e'}, 'groups': {}, 'datasets': {'freq': root/acquisition/_iblmic_audioSpectrogram/bands/freq DatasetBuilder {'attributes': {'description': 'frequency value', 'namespace': 'hdmf-common', 'neurodata_type': 'VectorData', 'object_id': 'a1c014f7-06f0-4b65-9f80-fb711c02caab'}, 'data': <HDF5 dataset "freq": shape (257,), type "<f4">}, 'id': root/acquisition/_iblmic_audioSpectrogram/bands/id DatasetBuilder {'attributes': {'namespace': 'hdmf-common', 'neurodata_type': 'ElementIdentifiers', 'object_id': '3f363039-34b7-431c-8001-1178eff22f56'}, 'data': <HDF5 dataset "id": shape (257,), type "<i4">}}, 'links': {}}, "Could not construct FrequencyBandsTable object due to: column must have the same number of rows as 'id'"))
2026-10-01T18:35:57Z INFO [352/2934] 5bc34ef4-75a5-42ef-aa67-656487b669d3: valid; 4.0 s; peak memory 2676 MiB.
2026-10-01T18:35:58Z INFO [353/2934] 5bc5e87b-3909-4ae7-a7f9-be6027ac92b5: not valid; 0.8 s; peak memory 2676 MiB.
2026-10-01T18:35:59Z INFO [354/2934] 5bd1ae89-4cb0-4a8f-b639-0c9bc167c341: not valid; 0.9 s; peak memory 2676 MiB.
2026-10-01T18:36:03Z INFO [355/2934] 5bf7cf35-9039-4c62-827e-4941bb5db966: valid; 4.8 s; peak memory 2682 MiB.
2026-10-01T18:36:04Z INFO [356/2934] 5c04493c-7210-48e0-99ff-b836bb5f84a7: not valid; 0.7 s; peak memory 2683 MiB.
2026-10-01T18:36:05Z INFO [357/2934] 5c11cfcc-1870-4510-ab2d-23f9e3afd31a: valid; 0.6 s; peak memory 2685 MiB.
2026-10-01T18:36:06Z INFO [358/2934] 5c195b60-8a02-4437-9284-8b438763183e: valid; 1.0 s; peak memory 2691 MiB.
2026-10-01T18:36:07Z WARNING 5c2ba9f4-2c1e-4b06-8d61-cf4ee013383a: failed while opening the NWB file (ConstructError: (root/acquisition/_iblmic_audioSpectrogram/bands GroupBuilder {'attributes': {'colnames': array(['freq'], dtype=object), 'description': 'spectogram frequencies', 'namespace': 'core', 'neurodata_type': 'FrequencyBandsTable', 'object_id': 'adba8350-1493-4704-9984-fef2d4d01ab6'}, 'groups': {}, 'datasets': {'freq': root/acquisition/_iblmic_audioSpectrogram/bands/freq DatasetBuilder {'attributes': {'description': 'frequency value', 'namespace': 'hdmf-common', 'neurodata_type': 'VectorData', 'object_id': '9430a475-9564-4d5b-a672-80a0f647c54c'}, 'data': <HDF5 dataset "freq": shape (257,), type "<f4">}, 'id': root/acquisition/_iblmic_audioSpectrogram/bands/id DatasetBuilder {'attributes': {'namespace': 'hdmf-common', 'neurodata_type': 'ElementIdentifiers', 'object_id': 'eec35355-6661-4a3d-ad39-d9d9f068175a'}, 'data': <HDF5 dataset "id": shape (257,), type "<i4">}}, 'links': {}}, "Could not construct FrequencyBandsTable object due to: column must have the same number of rows as 'id'"))
2026-10-01T18:36:08Z INFO [360/2934] 5c5b1e76-51dc-4084-b918-a4211f865295: valid; 0.8 s; peak memory 2699 MiB.
2026-10-01T18:36:09Z INFO [361/2934] 5c657de1-5d5f-4368-ae5a-cf6979127932: not valid; 1.7 s; peak memory 2702 MiB.
2026-10-01T18:36:15Z INFO [362/2934] 5c6c0ad8-cbff-46b8-b5cf-e9832d4472ed: valid; 5.2 s; peak memory 2702 MiB.
2026-10-01T18:36:16Z INFO [363/2934] 5c891378-b025-4601-a4ee-8c6b47e6f10c: valid; 1.7 s; peak memory 2702 MiB.
2026-10-01T18:36:19Z INFO [364/2934] 5c98c955-fffd-40d1-a5f2-721c9f9791c5: not valid; 2.3 s; peak memory 2702 MiB.
2026-10-01T18:36:20Z INFO [365/2934] 5c9f76c0-1746-40c8-bcf7-9f4feb19ba8b: not valid; 1.1 s; peak memory 2702 MiB.
2026-10-01T18:36:21Z INFO [366/2934] 5caee47f-2aff-4566-b8b1-5fa9557ae110: valid; 1.1 s; peak memory 2702 MiB.
2026-10-01T18:36:21Z WARNING 5cf52887-edec-4dc6-9877-1b43b3671521: failed while retrieving asset information from the DANDI API (NotFoundError: No such Dandiset: 000477)
2026-10-01T18:36:22Z INFO [368/2934] 5d1e86c9-18ae-4631-b200-635ff4a7bcda: not valid; 0.9 s; peak memory 2702 MiB.
2026-10-01T18:36:22Z INFO [369/2934] 5d25399a-f2c6-4254-822f-d4ceb9eaef9f: valid; 0.7 s; peak memory 2702 MiB.
2026-10-01T18:36:23Z INFO [370/2934] 5d46fa6a-d17d-4b15-a1d2-8693c6b68d1c: valid; 0.7 s; peak memory 2702 MiB.
2026-10-01T18:36:24Z INFO [371/2934] 5d7b7e50-77e7-4f0a-b470-e882aeed2f73: valid; 0.5 s; peak memory 2702 MiB.
2026-10-01T18:36:24Z INFO [372/2934] 5d7e96c2-5c5b-4eb9-b86b-5d6ad4759f28: not valid; 0.8 s; peak memory 2702 MiB.
2026-10-01T18:36:26Z INFO [373/2934] 5d92aa22-5e94-428c-bb9e-c52b01cfed82: valid; 1.1 s; peak memory 2702 MiB.
2026-10-01T18:36:27Z INFO [374/2934] 5db520b6-be99-4bdd-8bca-f1ff3330b376: valid; 1.5 s; peak memory 2702 MiB.
2026-10-01T18:36:28Z INFO [375/2934] 5dba541b-9b35-4875-9eda-f3d679820fe8: not valid; 1.0 s; peak memory 2702 MiB.
2026-10-01T18:36:30Z INFO [376/2934] 5dc8b93b-2f5e-4703-ab9d-6a5a750f8482: valid; 1.7 s; peak memory 2708 MiB.
2026-10-01T18:36:31Z INFO [377/2934] 5dcae4a7-694e-48d1-bf7d-e522113d9227: not valid; 1.1 s; peak memory 2708 MiB.
2026-10-01T18:36:32Z INFO [378/2934] 5dce9bb7-46d7-4b94-889f-b353cb997b53: valid; 1.6 s; peak memory 2708 MiB.
2026-10-01T18:36:33Z INFO [379/2934] 5ded1845-9480-4f2f-b8ac-a99a9a98ecea: valid; 0.6 s; peak memory 2708 MiB.
2026-10-01T18:36:34Z INFO [380/2934] 5e3640fc-9263-4854-969d-de15148b3e0e: not valid; 1.4 s; peak memory 2708 MiB.
2026-10-01T18:36:35Z INFO [381/2934] 5e5d8b37-6f37-4546-84b2-1cd96562c0d5: valid; 0.7 s; peak memory 2708 MiB.
2026-10-01T18:36:39Z INFO [382/2934] 5e64d50d-6ae4-4ae5-beeb-2425a7deeab4: valid; 4.2 s; peak memory 2708 MiB.
2026-10-01T18:36:41Z INFO [383/2934] 5e75747d-e765-44d8-a98d-a63fa3bdf309: valid; 1.4 s; peak memory 2708 MiB.
2026-10-01T18:36:41Z INFO [384/2934] 5e80748c-38f9-406d-b1fb-2977b8272c02: valid; 0.8 s; peak memory 2708 MiB.
2026-10-01T18:36:42Z INFO [385/2934] 5e8efb02-7752-464b-8c08-f2d26e90d063: not valid; 1.0 s; peak memory 2708 MiB.
2026-10-01T18:36:43Z INFO [386/2934] 5e91c3ea-ed73-4873-855f-f9ceb4da61b7: valid; 0.7 s; peak memory 2708 MiB.
2026-10-01T18:36:44Z INFO [387/2934] 5ea1034b-197f-4ddc-88dc-f7da3bcd81e0: valid; 0.5 s; peak memory 2708 MiB.
2026-10-01T18:36:44Z INFO [388/2934] 5ed78e63-fe41-4db5-93c2-64d2920f1455: not valid; 0.9 s; peak memory 2711 MiB.
2026-10-01T18:36:47Z INFO [389/2934] 5ee1f295-d086-4580-9523-85cbcc1b4cd5: valid; 2.5 s; peak memory 2713 MiB.
2026-10-01T18:36:48Z INFO [390/2934] 5ee37177-b715-4d0d-92f7-40d06e900b22: valid; 0.8 s; peak memory 2715 MiB.
2026-10-01T18:36:49Z INFO [391/2934] 5f050b10-5fda-4dc5-96f7-3e6e78ee6edf: valid; 1.8 s; peak memory 2719 MiB.
2026-10-01T18:36:51Z INFO [392/2934] 5f134d27-77f9-413c-a659-f39764ceabf7: valid; 1.4 s; peak memory 2719 MiB.
2026-10-01T18:36:53Z INFO [393/2934] 5f165e9d-06ff-407c-8988-d85a0f4f00c9: valid; 2.5 s; peak memory 2719 MiB.
2026-10-01T18:36:54Z INFO [394/2934] 5f1e23d5-b736-445b-8dfb-11997dc32820: not valid; 1.1 s; peak memory 2719 MiB.
2026-10-01T18:36:55Z INFO [395/2934] 5f242d9d-f3d9-42ce-80e5-fd6d37f24ac2: valid; 0.4 s; peak memory 2719 MiB.
2026-10-01T18:36:57Z INFO [396/2934] 5f42a87e-bbee-4c06-851b-ceb929e49e0c: valid; 1.9 s; peak memory 2719 MiB.
2026-10-01T18:36:58Z INFO [397/2934] 5f4af17b-9fa9-46ea-b244-f268395cf61b: not valid; 1.0 s; peak memory 2719 MiB.
2026-10-01T18:36:58Z INFO [398/2934] 5f53b774-0941-4507-a146-b9da891a9623: valid; 0.6 s; peak memory 2719 MiB.
2026-10-01T18:37:00Z INFO [399/2934] 5f728e53-cb77-4d0e-932b-12e6de7ba31a: valid; 1.7 s; peak memory 2719 MiB.
2026-10-01T18:37:02Z INFO [400/2934] 5f750695-fe8f-4478-abe7-b983775ee128: valid; 1.7 s; peak memory 2719 MiB.
2026-10-01T18:37:02Z INFO [400/2934] 5f750695-fe8f-4478-abe7-b983775ee128: checkpointed 88010 records.
2026-10-01T18:37:10Z INFO [401/2934] 5f75cdae-8f07-4ccb-9ddc-ff23a6cd5d72: valid; 7.2 s; peak memory 2729 MiB.
2026-10-01T18:37:10Z INFO [402/2934] 5fb12648-5c3f-4dd8-8ea7-e1152e68a4dc: not valid; 0.7 s; peak memory 2733 MiB.
2026-10-01T18:37:12Z INFO [403/2934] 5fccd497-7f00-4f7f-bb68-3fbe53a15e53: valid; 2.1 s; peak memory 2737 MiB.
2026-10-01T18:37:22Z INFO [404/2934] 5fe77cf4-c783-4c71-878b-fd7468f06026: valid; 9.1 s; peak memory 2808 MiB.
2026-10-01T18:37:23Z INFO [405/2934] 5feddeed-7407-4eb5-91c9-0d600a9d8244: valid; 1.4 s; peak memory 2816 MiB.
2026-10-01T18:37:24Z INFO [406/2934] 6018b6ee-7c81-422b-9325-f55eb0541da8: valid; 1.0 s; peak memory 2826 MiB.
2026-10-01T18:37:30Z INFO [407/2934] 6024604c-64bc-404e-bb3a-74f35f382e77: valid; 5.9 s; peak memory 3032 MiB.
2026-10-01T18:37:32Z INFO [408/2934] 60249b59-72dc-4ed2-8a69-748b51e4b51b: not valid; 2.2 s; peak memory 3032 MiB.
2026-10-01T18:37:34Z INFO [409/2934] 60397ddd-f57c-4bbc-996e-56aa6d2f5db5: valid; 2.0 s; peak memory 3032 MiB.
2026-10-01T18:37:35Z INFO [410/2934] 6049c790-5117-4c99-9f2b-742f20b94d2e: valid; 0.7 s; peak memory 3032 MiB.
2026-10-01T18:37:35Z INFO [411/2934] 604b6b83-e7d0-425c-80ae-200669510959: valid; 0.7 s; peak memory 3032 MiB.
2026-10-01T18:37:50Z INFO [412/2934] 60518695-3425-4b62-9838-9c690a571e3b: valid; 14.5 s; peak memory 3136 MiB.
2026-10-01T18:37:54Z INFO [413/2934] 60763967-ccd3-41a8-a948-b95c8956d184: not valid; 4.3 s; peak memory 3140 MiB.
2026-10-01T18:37:55Z INFO [414/2934] 607edf99-1c4d-4a72-ac05-70ce32be8489: valid; 1.1 s; peak memory 3150 MiB.
2026-10-01T18:37:56Z INFO [415/2934] 608d7721-494c-47c5-a1bb-ae77c10336c4: valid; 0.8 s; peak memory 3152 MiB.
2026-10-01T18:37:57Z INFO [416/2934] 60d2fc1a-c978-44f9-88cc-6b9371d786af: valid; 1.1 s; peak memory 3158 MiB.
2026-10-01T18:37:58Z INFO [417/2934] 61205862-7715-4a5e-95bc-a191a401fdc8: not valid; 1.1 s; peak memory 3161 MiB.
2026-10-01T18:39:13Z INFO [418/2934] 612f958e-7511-4a4a-a13d-452bd6f68b15: valid; 74.9 s; peak memory 3357 MiB.
2026-10-01T18:39:17Z INFO [419/2934] 615e8ed9-881c-4b24-bb36-b752f18b1216: valid; 3.6 s; peak memory 3362 MiB.
2026-10-01T18:39:21Z INFO [420/2934] 616bcb92-b31f-4b4a-864d-8910e8205e99: valid; 4.0 s; peak memory 3642 MiB.
2026-10-01T18:39:23Z INFO [421/2934] 61783d12-ed33-43a0-a2e2-e51a3dc187c6: not valid; 2.1 s; peak memory 3642 MiB.
2026-10-01T18:39:24Z INFO [422/2934] 618972c5-2858-4a64-ad58-2a9aeb136469: valid; 0.9 s; peak memory 3642 MiB.
2026-10-01T18:39:25Z INFO [423/2934] 619de6da-5ea9-413e-88ee-155f5214f5af: not valid; 1.0 s; peak memory 3642 MiB.
2026-10-01T18:39:25Z WARNING 61a88511-5e9b-44ce-a1d0-8db61c961107: failed while retrieving asset information from the DANDI API (NotFoundError: No asset at path 'sub-parkinson-simulated-lfp/sub-parkinson-simulated-lfp_ses-4318_ecephys.nwb' in version 0.250327.2220. Verify the path is correct and the asset exists in this version. Use 'dandi ls' to list available assets.)
2026-10-01T18:39:33Z INFO [425/2934] 61b6bc32-b17e-439f-ba6f-b7c2f51cf981: valid; 8.4 s; peak memory 3642 MiB.
2026-10-01T18:39:34Z INFO [426/2934] 61e18f47-456e-4277-9140-2056b2a9b769: not valid; 0.8 s; peak memory 3642 MiB.
2026-10-01T18:39:39Z INFO [427/2934] 62077350-e140-4166-9421-1ecdc6833ff2: valid; 4.6 s; peak memory 3642 MiB.
2026-10-01T18:39:40Z INFO [428/2934] 6213c63d-0776-49fe-9ef7-ffefd32ad242: valid; 1.9 s; peak memory 3642 MiB.
2026-10-01T18:39:42Z INFO [429/2934] 622fb93e-f8de-4107-88f6-c4d39e0004f7: valid; 1.7 s; peak memory 3642 MiB.
2026-10-01T18:39:44Z INFO [430/2934] 62335356-e376-488e-aa34-f8871adfaf6a: valid; 2.2 s; peak memory 3642 MiB.
2026-10-01T18:39:45Z INFO [431/2934] 6235eeca-c9ed-4ed1-a137-b27353d29908: valid; 0.7 s; peak memory 3642 MiB.
2026-10-01T18:39:46Z INFO [432/2934] 62547922-0554-4578-a875-f03fe8ea51cf: valid; 0.7 s; peak memory 3642 MiB.
2026-10-01T18:39:48Z INFO [433/2934] 62625097-a9bc-4448-a6dc-f6f81c134055: valid; 2.0 s; peak memory 3642 MiB.
2026-10-01T18:39:49Z INFO [434/2934] 629ff24a-5508-4a71-8e87-5f7d71ac6086: not valid; 0.9 s; peak memory 3642 MiB.
2026-10-01T18:39:50Z INFO [435/2934] 62b451e7-cff1-415d-abc7-fad39aafb3f7: valid; 1.0 s; peak memory 3642 MiB.
2026-10-01T18:39:55Z INFO [436/2934] 62bb1601-61ca-4973-a1a5-15ffa39c88d1: valid; 5.7 s; peak memory 3642 MiB.
2026-10-01T18:39:57Z INFO [437/2934] 62c6e1fa-3c99-450d-9405-b27429e06e1f: valid; 1.1 s; peak memory 3647 MiB.
2026-10-01T18:39:57Z INFO [438/2934] 62d1ed85-49f7-4d39-ae40-c3d6c3255368: valid; 0.8 s; peak memory 3649 MiB.
2026-10-01T18:40:01Z INFO [439/2934] 62d3ea91-c810-4b97-8424-e07a41e8aa39: valid; 3.2 s; peak memory 3654 MiB.
2026-10-01T18:40:02Z INFO [440/2934] 62dd407f-e806-4ea1-831a-b4ebd0861db3: not valid; 1.0 s; peak memory 3654 MiB.
2026-10-01T18:40:03Z INFO [441/2934] 62e99f7d-5ef9-4ae8-9115-da4d71f0241b: valid; 1.2 s; peak memory 3657 MiB.
2026-10-01T18:40:04Z INFO [442/2934] 631055f1-8ea0-4917-b882-ecc28f1268f0: valid; 1.5 s; peak memory 3659 MiB.
2026-10-01T18:40:06Z INFO [443/2934] 633265c6-1cde-46a8-9ea6-cbd61ab07591: valid; 1.7 s; peak memory 3662 MiB.
2026-10-01T18:40:08Z INFO [444/2934] 63397e7b-1589-457e-8b25-e24eb2202826: valid; 2.3 s; peak memory 3671 MiB.
2026-10-01T18:40:09Z INFO [445/2934] 63508fff-be1a-4f0e-888b-c0acb9868615: not valid; 1.1 s; peak memory 3671 MiB.
2026-10-01T18:40:11Z INFO [446/2934] 6357b4c4-7c28-4183-a3cb-8423c085c3a0: valid; 1.8 s; peak memory 3671 MiB.
2026-10-01T18:40:13Z INFO [447/2934] 637257d2-7a3a-441e-ad8b-64e5caa2efc7: valid; 1.9 s; peak memory 3671 MiB.
2026-10-01T18:40:14Z INFO [448/2934] 63b817a9-4270-42bd-9800-dd368e9c06d7: valid; 0.8 s; peak memory 3671 MiB.
2026-10-01T18:40:15Z WARNING 63d50bec-4b34-4674-9204-d30ec0797e29: failed while opening the NWB file (ConstructError: (root/acquisition/event_code_meanings GroupBuilder {'attributes': {'colnames': array(['value', 'meaning'], dtype=object), 'description': 'Mapping integer event codes to event labels', 'namespace': 'ndx-events', 'neurodata_type': 'MeaningsTable', 'object_id': '8ec44344-7664-4d17-9ff4-cf63f8107264'}, 'groups': {}, 'datasets': {'id': root/acquisition/event_code_meanings/id DatasetBuilder {'attributes': {'namespace': 'hdmf-common', 'neurodata_type': 'ElementIdentifiers', 'object_id': '919cd71d-53e5-4235-a4ef-77b9b10d0e21'}, 'data': <HDF5 dataset "id": shape (26,), type "<i8">}, 'meaning': root/acquisition/event_code_meanings/meaning DatasetBuilder {'attributes': {'description': 'The meaning of the value in the parent CategoricalVectorData object.', 'namespace': 'hdmf-experimental', 'neurodata_type': 'VectorData', 'object_id': '5a1c2733-771b-4101-8691-847297b94fae'}, 'data': <StrDataset for HDF5 dataset "meaning": shape (26,), type "|O">}, 'value': root/acquisition/event_code_meanings/value DatasetBuilder {'attributes': {'description': 'The value of the parent CategoricalVectorData object.', 'namespace': 'hdmf-experimental', 'neurodata_type': 'VectorData', 'object_id': '901cc4ee-cb8e-4c1a-8e9f-cd4856e19b3e'}, 'data': <HDF5 dataset "value": shape (26,), type "<i8">}}, 'links': {}}, "Could not construct MeaningsTable object due to: MeaningsTable.__init__: missing argument 'target'"))
2026-10-01T18:40:22Z INFO [450/2934] 63d8171e-adb1-41ae-ab31-cb83acb1d7f6: valid; 7.2 s; peak memory 3672 MiB.
2026-10-01T18:40:23Z INFO [450/2934] 63d8171e-adb1-41ae-ab31-cb83acb1d7f6: checkpointed 88010 records.
2026-10-01T18:40:24Z INFO [451/2934] 63faa034-8a1c-4778-9a61-1efa8a71dc4c: valid; 1.0 s; peak memory 3672 MiB.
2026-10-01T18:40:33Z INFO [452/2934] 6414b7ea-96b4-4949-aff3-36899ec44380: valid; 9.2 s; peak memory 3763 MiB.
2026-10-01T18:40:34Z INFO [453/2934] 64223f9a-10eb-4abc-9033-4d9447a237d0: valid; 0.9 s; peak memory 3763 MiB.
2026-10-01T18:40:36Z INFO [454/2934] 6436110b-7180-4c2c-a188-d30e740c67e2: not valid; 2.7 s; peak memory 3763 MiB.
2026-10-01T18:40:37Z INFO [455/2934] 645319bd-ee87-43de-ab84-f3e02b740ada: valid; 0.8 s; peak memory 3763 MiB.
2026-10-01T18:40:38Z INFO [456/2934] 645e9387-7b57-4eeb-bc69-2b3511c586ad: not valid; 1.0 s; peak memory 3763 MiB.
2026-10-01T18:40:39Z INFO [457/2934] 6464c82b-313a-43dc-8027-f8bfa80758ab: valid; 0.6 s; peak memory 3763 MiB.
2026-10-01T18:40:40Z INFO [458/2934] 6468cf77-1f73-4f0f-86be-e40a1dbb8eb8: valid; 0.8 s; peak memory 3763 MiB.
2026-10-01T18:40:41Z INFO [459/2934] 64b7e2ad-9837-444e-a32b-e1af7cecd925: valid; 1.6 s; peak memory 3763 MiB.
2026-10-01T18:40:42Z INFO [460/2934] 64dd7d42-fd74-4a6a-99ed-2fe7de204841: not valid; 1.0 s; peak memory 3763 MiB.
2026-10-01T18:40:43Z INFO [461/2934] 65093633-0803-488b-9357-71dd7ee78ffb: valid; 0.8 s; peak memory 3763 MiB.
2026-10-01T18:40:44Z INFO [462/2934] 6516c00f-c2ab-421b-98c1-229cb24ed63f: not valid; 1.0 s; peak memory 3763 MiB.
2026-10-01T18:40:46Z INFO [463/2934] 6518341c-3346-4a00-9ce8-aba685440434: valid; 1.7 s; peak memory 3763 MiB.
2026-10-01T18:40:47Z INFO [464/2934] 6551422f-22c3-4346-850b-0d6eac5ae3a9: not valid; 0.8 s; peak memory 3763 MiB.
2026-10-01T18:40:47Z INFO [465/2934] 657dcb4f-5a9a-47ca-8d21-d4251d1e5f92: valid; 0.8 s; peak memory 3763 MiB.
2026-10-01T18:40:48Z INFO [466/2934] 65bef971-8db0-4132-a6f4-dcd9519f25ae: valid; 0.8 s; peak memory 3763 MiB.
2026-10-01T18:40:49Z INFO [467/2934] 65c1a0bf-35bb-4cd4-bacf-a9fe2a68aa5f: valid; 1.4 s; peak memory 3763 MiB.
2026-10-01T18:40:50Z INFO [468/2934] 65d19208-81b0-419c-831d-45afbea32cf0: not valid; 0.9 s; peak memory 3763 MiB.
2026-10-01T18:40:52Z INFO [469/2934] 65f3ef4d-3259-475c-8ecf-0dcc5747d4b9: valid; 2.0 s; peak memory 3763 MiB.
2026-10-01T18:40:53Z INFO [470/2934] 66133f4f-387a-43a9-82ca-8443cca5aa6f: not valid; 0.9 s; peak memory 3763 MiB.
2026-10-01T18:40:55Z INFO [471/2934] 6617a128-bbc7-4cc9-be28-66db976aab0c: not valid; 1.3 s; peak memory 3763 MiB.
2026-10-01T18:40:56Z INFO [472/2934] 661fd2b4-83f6-4edc-abfa-37f413f8a4fb: valid; 1.0 s; peak memory 3763 MiB.
2026-10-01T18:40:57Z INFO [473/2934] 66201fa4-3c79-4361-911e-02053bf6b23a: valid; 1.1 s; peak memory 3763 MiB.
2026-10-01T18:41:01Z INFO [474/2934] 664a5728-2ed9-4382-9d40-b03bf0222234: valid; 4.2 s; peak memory 3764 MiB.
2026-10-01T18:41:04Z INFO [475/2934] 665620f9-07df-4083-afe1-83c277234a71: valid; 3.6 s; peak memory 3768 MiB.
2026-10-01T18:41:05Z INFO [476/2934] 6661de3a-4198-4dc8-b03c-e29389c240b5: valid; 0.8 s; peak memory 3769 MiB.
2026-10-01T18:41:07Z INFO [477/2934] 66c07554-ca3f-4c12-b0cd-36bccde69348: valid; 1.4 s; peak memory 3770 MiB.
2026-10-01T18:41:07Z INFO [478/2934] 66c29832-9f67-452e-9418-d51259f59a3e: valid; 0.7 s; peak memory 3770 MiB.
2026-10-01T18:41:08Z INFO [479/2934] 66eab529-709e-458b-92cb-a8d13b9329bd: not valid; 0.9 s; peak memory 3770 MiB.
2026-10-01T18:41:11Z INFO [480/2934] 66fc2d60-9fa3-4118-9c64-105c4ac59d5a: not valid; 2.6 s; peak memory 3770 MiB.
2026-10-01T18:41:17Z INFO [481/2934] 675283b8-1aef-46ff-ac1a-4b1133ff72b2: valid; 6.2 s; peak memory 3838 MiB.
2026-10-01T18:41:19Z INFO [482/2934] 675b05c8-9138-4f2a-a99d-6c8dfe24d94c: valid; 1.9 s; peak memory 3840 MiB.
2026-10-01T18:41:20Z INFO [483/2934] 6763d4d5-5768-4ed3-99ae-c5046fed3b5a: valid; 0.8 s; peak memory 3841 MiB.
2026-10-01T18:41:21Z WARNING 676b5138-9391-4cda-a6cd-d83c7c961178: failed while opening the NWB file (ConstructError: (root/acquisition/_iblmic_audioSpectrogram/bands GroupBuilder {'attributes': {'colnames': array(['freq'], dtype=object), 'description': 'spectogram frequencies', 'namespace': 'core', 'neurodata_type': 'FrequencyBandsTable', 'object_id': 'f7989ad5-bd27-4d17-ba0e-1bc9794f774a'}, 'groups': {}, 'datasets': {'freq': root/acquisition/_iblmic_audioSpectrogram/bands/freq DatasetBuilder {'attributes': {'description': 'frequency value', 'namespace': 'hdmf-common', 'neurodata_type': 'VectorData', 'object_id': '622c491c-5f3d-4150-82ff-9192fabb8a5c'}, 'data': <HDF5 dataset "freq": shape (257,), type "<f4">}, 'id': root/acquisition/_iblmic_audioSpectrogram/bands/id DatasetBuilder {'attributes': {'namespace': 'hdmf-common', 'neurodata_type': 'ElementIdentifiers', 'object_id': '12dcba6b-bbeb-441a-bb42-ef2af10786d0'}, 'data': <HDF5 dataset "id": shape (257,), type "<i4">}}, 'links': {}}, "Could not construct FrequencyBandsTable object due to: column must have the same number of rows as 'id'"))
2026-10-01T18:41:23Z INFO [485/2934] 676cb7fd-e6c3-4a99-8cea-7d434afd05ae: valid; 2.0 s; peak memory 3845 MiB.
2026-10-01T18:41:32Z INFO [486/2934] 677dc9ef-825c-4124-b193-30142ba9ce0a: valid; 8.9 s; peak memory 3909 MiB.
2026-10-01T18:41:34Z INFO [487/2934] 6795f498-5696-43d0-890f-894f271f7648: valid; 2.1 s; peak memory 3910 MiB.
2026-10-01T18:41:36Z INFO [488/2934] 67a197e7-9fc9-40c8-ac62-7efaa017dd11: valid; 2.7 s; peak memory 3910 MiB.
2026-10-01T18:41:37Z INFO [489/2934] 67c6b216-423f-44e8-8315-b656142acd15: not valid; 1.0 s; peak memory 3910 MiB.
2026-10-01T18:41:39Z INFO [490/2934] 67d84ece-d564-40e1-aa1e-cd446268cf04: not valid; 1.2 s; peak memory 3910 MiB.
2026-10-01T18:41:39Z INFO [491/2934] 67d90d78-76ec-4e87-a06e-879acc3ab968: valid; 0.6 s; peak memory 3910 MiB.
2026-10-01T18:41:40Z INFO [492/2934] 67dc423c-1d0d-4381-abbd-e3a100ec7f48: valid; 0.8 s; peak memory 3910 MiB.
2026-10-01T18:41:41Z INFO [493/2934] 67e64922-adb3-4caa-81d0-e9496eeabddd: valid; 1.3 s; peak memory 3911 MiB.
2026-10-01T18:41:42Z INFO [494/2934] 67f9b243-8f0e-4a51-ac50-f966f2c8534d: valid; 1.1 s; peak memory 3911 MiB.
2026-10-01T18:41:43Z INFO [495/2934] 6804d1a3-0d5b-4b92-acb6-722fa0b52740: valid; 1.0 s; peak memory 3911 MiB.
2026-10-01T18:41:44Z INFO [496/2934] 6822399f-35f8-45d4-b344-29e78495f34d: valid; 0.8 s; peak memory 3911 MiB.
2026-10-01T18:41:47Z INFO [497/2934] 682fdb12-5bae-4b12-97f6-69e9e41623f1: valid; 2.8 s; peak memory 3911 MiB.
2026-10-01T18:41:48Z INFO [498/2934] 68659225-252d-4c33-aaee-fcbd226efeef: valid; 1.3 s; peak memory 3911 MiB.
2026-10-01T18:41:52Z INFO [499/2934] 688f3acc-a65b-4241-8e61-3f0a62188cb4: not valid; 3.6 s; peak memory 3927 MiB.
2026-10-01T18:41:52Z WARNING 68f7fae1-f649-41b7-b81d-2a7ccb87347e: failed while retrieving asset information from the DANDI API (NotFoundError: No asset at path 'sub-456774/sub-456774_ses-20191022T133136_behavior+ecephys+ogen.nwb' in version 0.231012.2129. Verify the path is correct and the asset exists in this version. Use 'dandi ls' to list available assets.)
2026-10-01T18:41:52Z INFO [500/2934] 68f7fae1-f649-41b7-b81d-2a7ccb87347e: checkpointed 88010 records.
2026-10-01T18:41:53Z INFO [501/2934] 691334c0-8e21-4337-acda-5e7ae35c2671: valid; 0.8 s; peak memory 3927 MiB.
2026-10-01T18:41:55Z INFO [502/2934] 6930dfa9-96ce-4429-a545-8de1e7c7449a: valid; 1.9 s; peak memory 3927 MiB.
2026-10-01T18:41:56Z INFO [503/2934] 6933ffe7-6daf-4a2a-800b-9aa5f2ee0276: valid; 0.7 s; peak memory 3927 MiB.
2026-10-01T18:41:57Z INFO [504/2934] 6937eca6-51ba-41c4-9147-08fd2fb98345: not valid; 0.8 s; peak memory 3927 MiB.
2026-10-01T18:41:58Z INFO [505/2934] 69561e3e-1035-4e48-942e-f88ea7cc247a: valid; 1.2 s; peak memory 3927 MiB.
2026-10-01T18:41:59Z INFO [506/2934] 69667d4a-a704-4b77-a101-2603bb0ff5ad: valid; 0.8 s; peak memory 3927 MiB.
2026-10-01T18:42:13Z INFO [507/2934] 699080f4-7b75-4e1f-b30c-360139d3618e: valid; 14.1 s; peak memory 3999 MiB.
2026-10-01T18:42:14Z INFO [508/2934] 69b0c4ab-f7a7-4756-bc8e-554ff8ab9f31: not valid; 1.3 s; peak memory 4000 MiB.
2026-10-01T18:42:15Z INFO [509/2934] 69b712fa-bb18-4f8e-988e-94eb3c5b4dd4: valid; 0.6 s; peak memory 4001 MiB.
2026-10-01T18:42:16Z INFO [510/2934] 69ed4876-d01c-4b2a-b32a-6bb7fa4f98c6: not valid; 1.0 s; peak memory 4005 MiB.
2026-10-01T18:42:16Z INFO [511/2934] 6a1df3a4-29f7-4348-b112-b798f987451e: valid; 0.8 s; peak memory 4007 MiB.
2026-10-01T18:42:24Z INFO [512/2934] 6a483ed1-d210-4e2a-87f5-c6422c80026d: not valid; 7.2 s; peak memory 4075 MiB.
2026-10-01T18:42:24Z INFO [513/2934] 6a63f6ba-a2c1-4f25-a526-ed5a0af2b2c6: valid; 0.7 s; peak memory 4077 MiB.
2026-10-01T18:42:25Z INFO [514/2934] 6a64fbae-3c95-48af-911c-453141956ee8: valid; 1.1 s; peak memory 4087 MiB.
2026-10-01T18:42:26Z INFO [515/2934] 6ab51a58-d1be-4b2b-96c7-44e2dbb81a5c: valid; 0.7 s; peak memory 4090 MiB.
2026-10-01T18:42:27Z INFO [516/2934] 6b3258c6-6781-4a56-82de-8d4644c916ed: valid; 1.2 s; peak memory 4098 MiB.
2026-10-01T18:42:28Z INFO [517/2934] 6b37a3ad-0ed7-44d5-9547-c27242da80f6: valid; 1.1 s; peak memory 4102 MiB.
2026-10-01T18:42:29Z INFO [518/2934] 6b393406-c311-40a8-a514-20352212e351: valid; 0.8 s; peak memory 4108 MiB.
2026-10-01T18:42:30Z INFO [519/2934] 6b4337d5-ef5a-44d1-8f3e-16aa083a20e9: valid; 1.0 s; peak memory 4108 MiB.
2026-10-01T18:42:33Z INFO [520/2934] 6b4ae9ad-6926-4b7c-a605-27e92f80d9a0: not valid; 2.6 s; peak memory 4116 MiB.
2026-10-01T18:42:34Z INFO [521/2934] 6b57dacb-609b-4bc9-b98b-38fb7b591bd7: valid; 0.8 s; peak memory 4118 MiB.
2026-10-01T18:42:35Z INFO [522/2934] 6b68c36f-c791-455b-8ccd-7213df04ab14: not valid; 1.0 s; peak memory 4123 MiB.
2026-10-01T18:42:36Z INFO [523/2934] 6b79b7b7-1a49-49bb-ba4b-e27d9f5671ac: valid; 1.5 s; peak memory 4134 MiB.
2026-10-01T18:42:37Z INFO [524/2934] 6b88d4a7-0e2f-4e74-b542-7c0112bd0a80: valid; 1.1 s; peak memory 4137 MiB.
2026-10-01T18:42:39Z INFO [525/2934] 6b8a6a46-1e31-4ea4-948a-86e3c3731adc: valid; 2.1 s; peak memory 4150 MiB.
2026-10-01T18:42:40Z INFO [526/2934] 6b9306c1-3158-4d8a-97a9-cd0bcb97ee97: valid; 0.7 s; peak memory 4154 MiB.
2026-10-01T18:42:42Z INFO [527/2934] 6b9e6609-7a3a-40c3-ba6e-9734995dc53b: valid; 1.5 s; peak memory 4157 MiB.
2026-10-01T18:42:42Z INFO [528/2934] 6bc3d764-c962-402b-8977-966f22ed0a83: valid; 0.6 s; peak memory 4157 MiB.
2026-10-01T18:42:43Z INFO [529/2934] 6bd804c1-f7ce-49ba-8487-eb53af078c58: not valid; 1.0 s; peak memory 4157 MiB.
2026-10-01T18:42:56Z INFO [530/2934] 6be0e08b-7c02-4bfb-8af0-d75afd98eb6c: not valid; 12.4 s; peak memory 4165 MiB.
2026-10-01T18:42:57Z INFO [531/2934] 6bf335b8-9071-49a5-b307-4246f76b2491: valid; 1.8 s; peak memory 4165 MiB.
2026-10-01T18:43:00Z INFO [532/2934] 6c09b29b-51b1-4329-a9ad-ac57fe9125ad: valid; 2.8 s; peak memory 4169 MiB.
2026-10-01T18:43:01Z INFO [533/2934] 6c2a838e-553e-46fd-95ed-a13712922dfe: valid; 1.0 s; peak memory 4171 MiB.
2026-10-01T18:43:03Z INFO [534/2934] 6c4114d3-5201-4801-8222-c1d5eb0fade1: valid; 1.4 s; peak memory 4174 MiB.
2026-10-01T18:43:04Z INFO [535/2934] 6c5190e5-5332-403f-b586-6d47ad447442: valid; 1.3 s; peak memory 4178 MiB.
2026-10-01T18:43:05Z INFO [536/2934] 6c88a6e4-520d-47b5-88ea-89cc7599a2cd: valid; 0.9 s; peak memory 4179 MiB.
2026-10-01T18:43:08Z INFO [537/2934] 6c9fcde0-c1b4-4cf2-8c19-06ed6baa8d4e: valid; 2.7 s; peak memory 4186 MiB.
2026-10-01T18:43:09Z INFO [538/2934] 6ca2944f-f00a-4227-bd4f-9785a1638865: valid; 1.2 s; peak memory 4187 MiB.
2026-10-01T18:43:13Z INFO [539/2934] 6cc2bbff-b919-4e87-b8dc-d50e798ce1b9: valid; 4.7 s; peak memory 4188 MiB.
2026-10-01T18:43:14Z INFO [540/2934] 6cca641e-5ade-41c4-867a-7a0957b0649a: valid; 0.7 s; peak memory 4188 MiB.
2026-10-01T18:43:18Z INFO [541/2934] 6d39f897-eb7a-4d64-9a95-ea4edcdd57be: valid; 3.5 s; peak memory 4198 MiB.
2026-10-01T18:43:18Z INFO [542/2934] 6d71af13-5d8d-4cba-a747-28429a65ec4b: valid; 0.7 s; peak memory 4198 MiB.
2026-10-01T18:43:19Z INFO [543/2934] 6d87b8e1-8867-4208-9f9b-3d3b3f392f37: valid; 0.6 s; peak memory 4199 MiB.
2026-10-01T18:44:23Z INFO [544/2934] 6da9eae0-0469-4ced-ad13-f691da357288: valid; 64.0 s; peak memory 4576 MiB.
2026-10-01T18:44:25Z INFO [545/2934] 6dae278d-e594-4791-ab88-73f79abade5f: valid; 1.8 s; peak memory 4576 MiB.
2026-10-01T18:44:26Z INFO [546/2934] 6daf96d2-d705-42be-b8e2-66977b3840bf: valid; 1.3 s; peak memory 4576 MiB.
2026-10-01T18:44:28Z INFO [547/2934] 6db28f9c-dc15-4de8-8fe4-da5650e46f67: valid; 2.1 s; peak memory 4576 MiB.
2026-10-01T18:44:30Z INFO [548/2934] 6dccd092-b8cb-42be-aff8-e05e3d4af29e: valid; 1.7 s; peak memory 4576 MiB.
2026-10-01T18:44:31Z INFO [549/2934] 6de20ff6-2924-4c0a-9a62-d7e976559ec4: not valid; 0.9 s; peak memory 4576 MiB.
2026-10-01T18:44:32Z INFO [550/2934] 6dff0302-020c-4289-90d0-67cf8ef74dd4: not valid; 1.4 s; peak memory 4576 MiB.
2026-10-01T18:44:33Z INFO [550/2934] 6dff0302-020c-4289-90d0-67cf8ef74dd4: checkpointed 88010 records.
2026-10-01T18:44:33Z INFO [551/2934] 6e52484b-19af-41e4-8c81-352ec14ffd1d: not valid; 0.7 s; peak memory 4576 MiB.
2026-10-01T18:44:36Z INFO [552/2934] 6e5eb3fd-0631-4394-847a-c3bdb4e70443: valid; 2.3 s; peak memory 4576 MiB.
2026-10-01T18:44:37Z INFO [553/2934] 6e65c942-d7f7-467f-a8bb-38a2ce613900: valid; 1.2 s; peak memory 4576 MiB.
2026-10-01T18:44:38Z INFO [554/2934] 6e9abd61-0ecd-4bdf-bfaf-c82702a5d03c: valid; 0.7 s; peak memory 4576 MiB.
2026-10-01T18:44:39Z INFO [555/2934] 6eae97fb-d0d4-4938-9313-a321d895bbe4: valid; 1.3 s; peak memory 4576 MiB.
2026-10-01T18:44:48Z INFO [556/2934] 6eb42ff6-5c3f-430e-8602-98f0e22ef104: not valid; 9.5 s; peak memory 4576 MiB.
2026-10-01T18:44:49Z INFO [557/2934] 6eee0167-6fda-4cc9-932f-d108e4f4b1ca: valid; 1.0 s; peak memory 4576 MiB.
2026-10-01T18:44:51Z INFO [558/2934] 6f107a6a-71e4-472a-8ce8-0f8194122db4: valid; 1.3 s; peak memory 4597 MiB.
2026-10-01T18:44:53Z INFO [559/2934] 6f1acca7-e5fb-4ecb-a4ca-176ec77dc641: not valid; 2.7 s; peak memory 4621 MiB.
2026-10-01T18:45:00Z INFO [560/2934] 6f3c3d82-4548-4293-9ddf-7f9316c833e5: not valid; 6.6 s; peak memory 4671 MiB.
2026-10-01T18:45:01Z INFO [561/2934] 6f6bcfed-0155-4bb3-891c-08d198621c92: valid; 0.7 s; peak memory 4672 MiB.
2026-10-01T18:45:01Z INFO [562/2934] 6f77cfb5-d0f5-42d0-9bec-80370143150a: not valid; 0.8 s; peak memory 4673 MiB.
2026-10-01T18:45:03Z INFO [563/2934] 6f7edcbb-d043-4bf6-9bbc-60dca095cab1: valid; 1.1 s; peak memory 4678 MiB.
2026-10-01T18:45:03Z INFO [564/2934] 6f81e758-d6dd-4389-8f2e-bbe341c172d9: not valid; 0.8 s; peak memory 4679 MiB.
2026-10-01T18:45:05Z INFO [565/2934] 6faf2178-78f0-4088-8456-f4594823543b: not valid; 1.7 s; peak memory 4682 MiB.
2026-10-01T18:45:06Z INFO [566/2934] 6fe35737-4dd1-4e54-9294-ec89240a910b: not valid; 0.9 s; peak memory 4683 MiB.
2026-10-01T18:45:11Z INFO [567/2934] 6fee8791-d75d-42ab-b567-701a27d58839: valid; 4.8 s; peak memory 4690 MiB.
2026-10-01T18:45:12Z INFO [568/2934] 6ff221fe-1e68-45a6-a9df-b4d36be99fd0: not valid; 0.9 s; peak memory 4692 MiB.
2026-10-01T18:45:12Z INFO [569/2934] 700aa7a9-4dfc-4b57-8564-ef92f22cb7c9: valid; 0.8 s; peak memory 4693 MiB.
2026-10-01T18:45:14Z INFO [570/2934] 700d8034-f3dc-4e6b-a6c6-481636ca3da1: valid; 1.1 s; peak memory 4695 MiB.
2026-10-01T18:45:15Z INFO [571/2934] 706870ea-90f4-45f6-9344-031f1a61dedb: not valid; 1.2 s; peak memory 4702 MiB.
2026-10-01T18:45:15Z INFO [572/2934] 7076359b-c805-4b07-a465-a29ce98bca98: valid; 0.4 s; peak memory 4703 MiB.
2026-10-01T18:45:16Z INFO [573/2934] 70a257fc-c676-4379-b5a4-308e3bb247b6: valid; 0.6 s; peak memory 4704 MiB.
2026-10-01T18:45:17Z INFO [574/2934] 70a43aae-6c56-43f9-ab0d-ef9eb73b367b: not valid; 1.0 s; peak memory 4705 MiB.
2026-10-01T18:45:17Z INFO [575/2934] 70b34fad-cd81-4b66-8ad0-50d2a3ec0144: valid; 0.7 s; peak memory 4705 MiB.
2026-10-01T18:45:19Z INFO [576/2934] 70c1a17d-9c4b-48f6-bd76-c9b3fd449f43: valid; 2.0 s; peak memory 4706 MiB.
2026-10-01T18:45:20Z INFO [577/2934] 70d56fac-9fef-41cd-a603-57ac5a33d619: not valid; 0.8 s; peak memory 4706 MiB.
2026-10-01T18:45:21Z INFO [578/2934] 70e03928-63d7-40c9-8dbb-f93f68de99db: valid; 0.7 s; peak memory 4706 MiB.
2026-10-01T18:45:22Z INFO [579/2934] 70e93889-b5b2-47b4-a4ef-021f6e6bf27e: valid; 1.3 s; peak memory 4706 MiB.
2026-10-01T18:45:24Z INFO [580/2934] 70ed33ce-d33b-4e3d-a451-a3da90857b3c: valid; 1.4 s; peak memory 4706 MiB.
2026-10-01T18:45:26Z INFO [581/2934] 70f207d3-6884-45ab-90a8-a93f18778434: valid; 2.2 s; peak memory 4706 MiB.
2026-10-01T18:45:26Z INFO [582/2934] 713914b9-c7d2-4de8-9b38-1d6b936c7d19: valid; 0.6 s; peak memory 4706 MiB.
2026-10-01T18:45:27Z INFO [583/2934] 714d1046-4b84-429d-bb8f-51819fe0ab98: not valid; 0.8 s; peak memory 4706 MiB.
2026-10-01T18:45:28Z INFO [584/2934] 7156e43a-1371-460e-9fd8-af48474013cb: not valid; 0.9 s; peak memory 4706 MiB.
2026-10-01T18:45:37Z INFO [585/2934] 71a4c0ae-cbc8-4863-8073-71723cf82b3c: valid; 8.7 s; peak memory 4767 MiB.
2026-10-01T18:45:38Z WARNING 71a6655a-fe98-4fc3-a90c-b772848cbcfd: failed while opening the NWB file (ConstructError: (root/acquisition/_iblmic_audioSpectrogram/bands GroupBuilder {'attributes': {'colnames': array(['freq'], dtype=object), 'description': 'spectogram frequencies', 'namespace': 'core', 'neurodata_type': 'FrequencyBandsTable', 'object_id': '46c8e97c-4b78-4b83-a1fb-23b1ec157c64'}, 'groups': {}, 'datasets': {'freq': root/acquisition/_iblmic_audioSpectrogram/bands/freq DatasetBuilder {'attributes': {'description': 'frequency value', 'namespace': 'hdmf-common', 'neurodata_type': 'VectorData', 'object_id': '6f26ce17-7b3a-4e89-9299-ba94210c9e7b'}, 'data': <HDF5 dataset "freq": shape (257,), type "<f4">}, 'id': root/acquisition/_iblmic_audioSpectrogram/bands/id DatasetBuilder {'attributes': {'namespace': 'hdmf-common', 'neurodata_type': 'ElementIdentifiers', 'object_id': '1e41345e-a8d8-4188-95e4-6da25aee804f'}, 'data': <HDF5 dataset "id": shape (257,), type "<i4">}}, 'links': {}}, "Could not construct FrequencyBandsTable object due to: column must have the same number of rows as 'id'"))
2026-10-01T18:45:39Z INFO [587/2934] 71bc9478-10bc-4e45-829a-97d4581cfc06: not valid; 1.2 s; peak memory 4767 MiB.
2026-10-01T18:46:10Z INFO [588/2934] 71c7969d-e8fe-4e0a-ba7e-60fec69e4f7a: valid; 31.2 s; peak memory 5456 MiB.
2026-10-01T18:46:12Z INFO [589/2934] 71d9044c-dd3a-4b63-bd4a-720318c75c80: valid; 1.6 s; peak memory 5465 MiB.
2026-10-01T18:46:13Z INFO [590/2934] 720608e1-9b21-40e7-9043-d32d8c43d69c: valid; 0.7 s; peak memory 5467 MiB.
2026-10-01T18:46:16Z INFO [591/2934] 72365717-530b-40f6-bd90-f29cfe645c30: valid; 3.3 s; peak memory 5472 MiB.
2026-10-01T18:46:17Z INFO [592/2934] 7247a4c0-37f9-4af2-870f-ddac91aa8458: valid; 0.8 s; peak memory 5472 MiB.
2026-10-01T18:46:20Z INFO [593/2934] 724be6ff-4ed6-476a-8e99-d7158fdaa15d: valid; 3.3 s; peak memory 5472 MiB.
2026-10-01T18:46:21Z INFO [594/2934] 7264fe6d-8244-45dd-9650-da4258ec0dca: valid; 1.1 s; peak memory 5472 MiB.
2026-10-01T18:46:22Z INFO [595/2934] 729a6311-0812-413c-9557-93d2b896d1ae: valid; 0.7 s; peak memory 5472 MiB.
2026-10-01T18:46:23Z INFO [596/2934] 72a9d8b8-f655-4593-a009-e88331bccabc: not valid; 1.0 s; peak memory 5472 MiB.
2026-10-01T18:46:24Z INFO [597/2934] 72cf8445-541d-46d9-8dd9-0a50b2f938df: valid; 1.5 s; peak memory 5472 MiB.
2026-10-01T18:46:26Z INFO [598/2934] 72d42ced-5e71-4a2b-8400-0793047990ff: valid; 1.1 s; peak memory 5472 MiB.
2026-10-01T18:46:27Z INFO [599/2934] 72d49fbf-bd03-4be6-871e-0326b76b1c63: valid; 1.0 s; peak memory 5472 MiB.
2026-10-01T18:46:27Z INFO [600/2934] 72e6ba44-d400-4ba8-98ec-3891f52363d5: valid; 0.8 s; peak memory 5472 MiB.
2026-10-01T18:46:28Z INFO [600/2934] 72e6ba44-d400-4ba8-98ec-3891f52363d5: checkpointed 88010 records.
2026-10-01T18:46:29Z INFO [601/2934] 730121eb-3d1a-4cab-a1f5-be9915ec71b1: not valid; 0.7 s; peak memory 5473 MiB.
2026-10-01T18:46:30Z INFO [602/2934] 73199700-4ed8-46b4-811a-22bf75b994c4: valid; 1.1 s; peak memory 5473 MiB.
2026-10-01T18:46:31Z INFO [603/2934] 731ec3bc-0746-4a79-a068-d5aa17e4d616: valid; 1.2 s; peak memory 5479 MiB.
2026-10-01T18:46:33Z INFO [604/2934] 734c8306-95d4-4303-8355-ee8a330ae080: valid; 1.5 s; peak memory 5479 MiB.
2026-10-01T18:46:33Z INFO [605/2934] 737184bf-7a17-4caa-b081-b3d5b0a9a9af: not valid; 0.7 s; peak memory 5479 MiB.
2026-10-01T18:46:34Z INFO [606/2934] 73c2a4ec-997f-4603-b02f-4b74b4fd6baa: valid; 1.3 s; peak memory 5479 MiB.
2026-10-01T18:46:42Z INFO [607/2934] 73c300e0-6a01-4c16-af8b-ccc4d1674866: valid; 7.5 s; peak memory 5508 MiB.
2026-10-01T18:46:43Z INFO [608/2934] 73ed9a2a-2865-4bcc-8c71-d26db0cca631: valid; 0.9 s; peak memory 5510 MiB.
2026-10-01T18:46:43Z INFO [609/2934] 73f6790a-4350-4edf-b67e-7a89ea0b781f: valid; 0.5 s; peak memory 5511 MiB.
2026-10-01T18:46:44Z INFO [610/2934] 74207c67-1e97-4d07-9297-c74804df9094: valid; 0.7 s; peak memory 5512 MiB.
2026-10-01T18:46:47Z INFO [611/2934] 74215b6d-14ac-41ef-96b8-8bd0cba604f6: not valid; 2.6 s; peak memory 5515 MiB.
2026-10-01T18:46:49Z INFO [612/2934] 743306ff-146d-4ffc-9644-bff0ea6efa0d: valid; 1.9 s; peak memory 5515 MiB.
2026-10-01T18:46:49Z INFO [613/2934] 74375872-687e-4b1a-9b36-cdd93cdcea2c: valid; 0.7 s; peak memory 5515 MiB.
2026-10-01T18:46:50Z INFO [614/2934] 743bbc20-f72e-4da4-a2d4-1da6445aabdc: not valid; 0.8 s; peak memory 5515 MiB.
2026-10-01T18:46:56Z INFO [615/2934] 744808dc-5848-4b26-84d1-8b2c2f80a4d6: valid; 6.0 s; peak memory 5516 MiB.
2026-10-01T18:47:00Z INFO [616/2934] 7449161e-62b8-4d8f-bc32-8e901e0e4c91: valid; 3.9 s; peak memory 5516 MiB.
2026-10-01T18:47:01Z INFO [617/2934] 745c136d-c9b6-4c8d-8277-82032a5cc1c7: valid; 1.0 s; peak memory 5516 MiB.
2026-10-01T18:47:02Z INFO [618/2934] 746097d2-ec03-43ec-8429-c349f02eee32: valid; 1.5 s; peak memory 5516 MiB.
2026-10-01T18:47:03Z INFO [619/2934] 74c46337-1bd3-438b-a6d7-849cbd729127: valid; 0.6 s; peak memory 5516 MiB.
2026-10-01T18:47:04Z INFO [620/2934] 74d6dae1-bb3e-4833-9e8d-fcf3ea96c2e6: valid; 0.7 s; peak memory 5516 MiB.
2026-10-01T18:47:06Z INFO [621/2934] 74ed3840-8ee0-495b-96ed-68993ee4191f: valid; 2.0 s; peak memory 5516 MiB.
2026-10-01T18:47:29Z INFO [622/2934] 74f143ab-121d-4cac-a62b-25bfcfa6a929: valid; 23.4 s; peak memory 5516 MiB.
2026-10-01T18:47:30Z INFO [623/2934] 74fec462-7ad6-4cd1-bfe0-6af93f109b81: valid; 0.8 s; peak memory 5516 MiB.
2026-10-01T18:47:34Z INFO [624/2934] 75218923-cd3d-4d41-9092-e45caaca70f5: valid; 4.5 s; peak memory 5516 MiB.
2026-10-01T18:47:35Z INFO [625/2934] 75456e58-f00d-450e-8e5f-1be107080ffa: valid; 0.8 s; peak memory 5516 MiB.
2026-10-01T18:47:36Z INFO [626/2934] 754db4f9-3549-482a-be14-ad60e7a7d577: valid; 0.7 s; peak memory 5516 MiB.
2026-10-01T18:47:37Z INFO [627/2934] 758ebcec-e200-4d79-8858-acbed1c9595e: not valid; 1.1 s; peak memory 5516 MiB.
2026-10-01T18:47:38Z INFO [628/2934] 75ae7a33-0aed-454d-ad07-8433bd32e6d3: valid; 0.6 s; peak memory 5516 MiB.
2026-10-01T18:47:39Z WARNING 75c081bd-41be-4d30-ace4-ff1555cac91c: failed while opening the NWB file (ConstructError: (root/acquisition/_iblmic_audioSpectrogram/bands GroupBuilder {'attributes': {'colnames': array(['freq'], dtype=object), 'description': 'spectogram frequencies', 'namespace': 'core', 'neurodata_type': 'FrequencyBandsTable', 'object_id': '04d8528f-72fc-4eaf-a86b-d1b6efed7eca'}, 'groups': {}, 'datasets': {'freq': root/acquisition/_iblmic_audioSpectrogram/bands/freq DatasetBuilder {'attributes': {'description': 'frequency value', 'namespace': 'hdmf-common', 'neurodata_type': 'VectorData', 'object_id': 'b8afd891-4e77-472c-a0c5-a5e68bb3e508'}, 'data': <HDF5 dataset "freq": shape (257,), type "<f4">}, 'id': root/acquisition/_iblmic_audioSpectrogram/bands/id DatasetBuilder {'attributes': {'namespace': 'hdmf-common', 'neurodata_type': 'ElementIdentifiers', 'object_id': '2164a04e-57b8-44c9-ab5c-78e8e80a256f'}, 'data': <HDF5 dataset "id": shape (257,), type "<i4">}}, 'links': {}}, "Could not construct FrequencyBandsTable object due to: column must have the same number of rows as 'id'"))
2026-10-01T18:47:40Z INFO [630/2934] 75cd60a7-b2c5-420e-8ee1-15c72873d638: valid; 1.5 s; peak memory 5516 MiB.
2026-10-01T18:47:41Z INFO [631/2934] 75f7e810-9f7c-449c-b9d7-65131624168f: not valid; 0.8 s; peak memory 5516 MiB.
2026-10-01T18:47:42Z INFO [632/2934] 761971d6-b10d-41d5-b0f1-7ba49b982e28: valid; 0.7 s; peak memory 5516 MiB.
2026-10-01T18:47:43Z INFO [633/2934] 763347d5-46ce-4b40-8c5f-e1dc000274c0: valid; 0.8 s; peak memory 5516 MiB.
2026-10-01T18:47:44Z INFO [634/2934] 764e5032-5e1f-40e1-b835-8775c8469c0e: valid; 1.1 s; peak memory 5516 MiB.
2026-10-01T18:47:45Z WARNING 768adb07-77b4-440c-88d0-4964eac900c1: failed while opening the NWB file (ConstructError: (root/acquisition/_iblmic_audioSpectrogram/bands GroupBuilder {'attributes': {'colnames': array(['freq'], dtype=object), 'description': 'spectogram frequencies', 'namespace': 'core', 'neurodata_type': 'FrequencyBandsTable', 'object_id': '90d1ae50-66fb-4e2c-b142-8d2ff7a04ce9'}, 'groups': {}, 'datasets': {'freq': root/acquisition/_iblmic_audioSpectrogram/bands/freq DatasetBuilder {'attributes': {'description': 'frequency value', 'namespace': 'hdmf-common', 'neurodata_type': 'VectorData', 'object_id': '865cda20-8ad9-47b1-bf87-5a736f41d3e4'}, 'data': <HDF5 dataset "freq": shape (257,), type "<f4">}, 'id': root/acquisition/_iblmic_audioSpectrogram/bands/id DatasetBuilder {'attributes': {'namespace': 'hdmf-common', 'neurodata_type': 'ElementIdentifiers', 'object_id': '9b96028f-70d7-45da-976a-1667b0b732c8'}, 'data': <HDF5 dataset "id": shape (257,), type "<i4">}}, 'links': {}}, "Could not construct FrequencyBandsTable object due to: column must have the same number of rows as 'id'"))
2026-10-01T18:47:47Z INFO [636/2934] 7698b278-2dab-4d95-9aed-c896d33de707: not valid; 2.5 s; peak memory 5516 MiB.
2026-10-01T18:47:48Z INFO [637/2934] 76a49eb3-8d58-4e83-9fbc-3d9e87582b16: valid; 1.1 s; peak memory 5516 MiB.
2026-10-01T18:47:53Z INFO [638/2934] 76ac4c99-228f-4ff2-a6a9-13be121f1e46: valid; 5.0 s; peak memory 5516 MiB.
2026-10-01T18:47:56Z INFO [639/2934] 76bc6f7f-0b5d-4f05-b3c7-55662ba14cca: valid; 2.9 s; peak memory 5516 MiB.
2026-10-01T18:47:57Z INFO [640/2934] 76d7f36a-69fd-49b1-ae07-bb04fb8928f4: valid; 0.9 s; peak memory 5516 MiB.
2026-10-01T18:48:00Z INFO [641/2934] 76ee8161-6ef2-45cc-8e5d-f054fb850bd7: valid; 2.6 s; peak memory 5516 MiB.
2026-10-01T18:48:01Z INFO [642/2934] 76f4a651-33cf-44d7-a31b-ef81b00473e3: valid; 1.7 s; peak memory 5516 MiB.
2026-10-01T18:48:04Z INFO [643/2934] 76f650de-29f4-4ef1-8e2c-1e64fed327de: valid; 2.2 s; peak memory 5516 MiB.
2026-10-01T18:48:05Z INFO [644/2934] 76f6dc94-a227-4f8d-ac86-7424c9d0fd52: not valid; 1.0 s; peak memory 5516 MiB.
2026-10-01T18:48:06Z INFO [645/2934] 76fe83a6-0fc1-44a1-bbc5-d50470db5b02: valid; 2.0 s; peak memory 5516 MiB.
2026-10-01T18:48:07Z INFO [646/2934] 77076945-6dc9-4781-a36e-ee1f86e002bc: valid; 1.0 s; peak memory 5516 MiB.
2026-10-01T18:48:09Z INFO [647/2934] 771d2943-6963-4e59-af00-a7cd70d0c925: valid; 1.0 s; peak memory 5516 MiB.
2026-10-01T18:48:10Z INFO [648/2934] 772cf6ff-b06c-4d18-ae25-383a2be43cc5: valid; 1.1 s; peak memory 5516 MiB.
2026-10-01T18:48:13Z INFO [649/2934] 77a18160-22cb-432d-bebd-089289645846: valid; 2.9 s; peak memory 5516 MiB.
2026-10-01T18:48:14Z INFO [650/2934] 77b1385e-3093-45a1-906e-e3785d6daa05: valid; 1.1 s; peak memory 5516 MiB.
2026-10-01T18:48:14Z INFO [650/2934] 77b1385e-3093-45a1-906e-e3785d6daa05: checkpointed 88010 records.
2026-10-01T18:48:16Z INFO [651/2934] 78065d02-0e7d-4929-8dc2-ceda399da129: valid; 1.2 s; peak memory 5516 MiB.
2026-10-01T18:48:17Z INFO [652/2934] 7852732c-2794-4498-84c6-74451ce19fb4: valid; 1.0 s; peak memory 5516 MiB.
2026-10-01T18:48:18Z INFO [653/2934] 78cf4e1a-cda0-4b13-a7c0-2a2279b8ef9f: valid; 1.2 s; peak memory 5516 MiB.
2026-10-01T18:48:19Z WARNING 78d439f3-124b-4e04-96ab-0f7525b908e3: failed while opening the NWB file (ConstructError: (root/acquisition/_iblmic_audioSpectrogram/bands GroupBuilder {'attributes': {'colnames': array(['freq'], dtype=object), 'description': 'spectogram frequencies', 'namespace': 'core', 'neurodata_type': 'FrequencyBandsTable', 'object_id': '96a2c132-9837-4a71-abca-566210f9d764'}, 'groups': {}, 'datasets': {'freq': root/acquisition/_iblmic_audioSpectrogram/bands/freq DatasetBuilder {'attributes': {'description': 'frequency value', 'namespace': 'hdmf-common', 'neurodata_type': 'VectorData', 'object_id': '3987e4f9-b312-4f5c-a221-d4b4c18c5c5a'}, 'data': <HDF5 dataset "freq": shape (257,), type "<f4">}, 'id': root/acquisition/_iblmic_audioSpectrogram/bands/id DatasetBuilder {'attributes': {'namespace': 'hdmf-common', 'neurodata_type': 'ElementIdentifiers', 'object_id': 'ea72416e-2ccc-4454-a1dc-e3ce32b3a8f1'}, 'data': <HDF5 dataset "id": shape (257,), type "<i4">}}, 'links': {}}, "Could not construct FrequencyBandsTable object due to: column must have the same number of rows as 'id'"))
2026-10-01T18:48:21Z INFO [655/2934] 7916d148-ced0-4b0d-bec2-38ec4b941341: valid; 2.0 s; peak memory 5516 MiB.
2026-10-01T18:48:22Z INFO [656/2934] 793ac0be-e1ff-475d-8d2c-95e2255c2e2a: valid; 0.9 s; peak memory 5516 MiB.
2026-10-01T18:48:23Z INFO [657/2934] 7944a3a4-bbc9-4f91-8ed5-74a6b5826295: valid; 1.8 s; peak memory 5516 MiB.
2026-10-01T18:48:24Z INFO [658/2934] 7958c49a-bd01-4665-a7e9-7c5d8b866b28: valid; 0.9 s; peak memory 5516 MiB.
2026-10-01T18:48:25Z INFO [659/2934] 795d6fd4-656c-4a60-90ca-e525474e1874: not valid; 0.9 s; peak memory 5516 MiB.
2026-10-01T18:48:26Z INFO [660/2934] 7967033d-4122-4c61-abfe-32d39e22fa56: not valid; 1.0 s; peak memory 5516 MiB.
2026-10-01T18:48:27Z INFO [661/2934] 79b63183-fca9-4bfa-9725-915e26a9c159: valid; 0.8 s; peak memory 5516 MiB.
2026-10-01T18:48:29Z INFO [662/2934] 79cafeb1-74c5-4761-ac02-9cb0735318ae: valid; 2.4 s; peak memory 5516 MiB.
2026-10-01T18:48:31Z WARNING 79df3fd5-b40a-4eca-a00b-8b310deb2c6b: failed while opening the NWB file (ConstructError: (root/acquisition/_iblmic_audioSpectrogram/bands GroupBuilder {'attributes': {'colnames': array(['freq'], dtype=object), 'description': 'spectogram frequencies', 'namespace': 'core', 'neurodata_type': 'FrequencyBandsTable', 'object_id': '8a0d2750-b09a-438c-b3dc-28d3864a54c4'}, 'groups': {}, 'datasets': {'freq': root/acquisition/_iblmic_audioSpectrogram/bands/freq DatasetBuilder {'attributes': {'description': 'frequency value', 'namespace': 'hdmf-common', 'neurodata_type': 'VectorData', 'object_id': '971a524e-9ab1-4a88-8f1a-035c10a41a3c'}, 'data': <HDF5 dataset "freq": shape (257,), type "<f4">}, 'id': root/acquisition/_iblmic_audioSpectrogram/bands/id DatasetBuilder {'attributes': {'namespace': 'hdmf-common', 'neurodata_type': 'ElementIdentifiers', 'object_id': 'b00a5089-5b20-4170-b209-1507fb199f94'}, 'data': <HDF5 dataset "id": shape (257,), type "<i4">}}, 'links': {}}, "Could not construct FrequencyBandsTable object due to: column must have the same number of rows as 'id'"))
2026-10-01T18:48:33Z INFO [664/2934] 7a0141b5-6513-4070-9f68-fd332e7e77c3: valid; 2.1 s; peak memory 5516 MiB.
2026-10-01T18:48:34Z INFO [665/2934] 7a06803c-81c2-4491-a7d2-b238b1602407: valid; 1.0 s; peak memory 5516 MiB.
2026-10-01T18:48:40Z INFO [666/2934] 7a771a8e-059b-426c-85fe-18148b8eeacc: valid; 6.9 s; peak memory 5516 MiB.
2026-10-01T18:48:41Z INFO [667/2934] 7a7b85ca-c8f1-4ba2-85af-7b9361e20f69: not valid; 1.0 s; peak memory 5516 MiB.
2026-10-01T18:48:43Z INFO [668/2934] 7a868c21-b781-4eac-b7ad-566abc804734: valid; 1.2 s; peak memory 5516 MiB.
2026-10-01T18:48:44Z INFO [669/2934] 7a99f1ec-5aa1-4add-a067-fd8fd10d3c45: valid; 1.2 s; peak memory 5516 MiB.
2026-10-01T18:48:46Z INFO [670/2934] 7a9ce8e6-e5dc-4a7d-b9ae-225c2af56002: valid; 2.1 s; peak memory 5516 MiB.
2026-10-01T18:48:48Z INFO [671/2934] 7aa33b20-a37f-4b18-9d76-30c600e558de: valid; 2.5 s; peak memory 5516 MiB.
2026-10-01T18:48:49Z INFO [672/2934] 7acb9e02-12d5-43fa-aa04-d6b245496a1f: not valid; 0.8 s; peak memory 5516 MiB.
2026-10-01T18:48:50Z INFO [673/2934] 7ad1b121-6751-4723-97a9-8d25e6d920b9: valid; 0.7 s; peak memory 5516 MiB.
2026-10-01T18:48:55Z INFO [674/2934] 7ad91ee2-6957-43e6-8896-1d819ed8add1: valid; 5.3 s; peak memory 5516 MiB.
2026-10-01T18:48:56Z INFO [675/2934] 7ae31ff1-49f5-40ca-845a-b235b2a98835: not valid; 0.9 s; peak memory 5516 MiB.
2026-10-01T18:48:57Z INFO [676/2934] 7ae67c10-e5ee-4474-932c-7465a8e8c0bb: valid; 1.1 s; peak memory 5516 MiB.
2026-10-01T18:48:58Z INFO [677/2934] 7aec19ee-7891-473c-a33e-7d193a32172f: valid; 0.8 s; peak memory 5516 MiB.
2026-10-01T18:48:59Z INFO [678/2934] 7b23e10b-0858-425e-8023-5c22c3325eae: valid; 1.5 s; peak memory 5516 MiB.
2026-10-01T18:49:00Z INFO [679/2934] 7b3ef6eb-7d88-4eb8-bedd-935d5f679658: not valid; 0.9 s; peak memory 5516 MiB.
2026-10-01T18:49:01Z INFO [680/2934] 7b40ff42-f5a3-48cf-b24e-c2912cb2bf97: not valid; 0.9 s; peak memory 5516 MiB.
2026-10-01T18:49:02Z INFO [681/2934] 7b4d4c2c-2e59-4a88-9834-0072c50d86c3: not valid; 0.9 s; peak memory 5516 MiB.
2026-10-01T18:49:03Z INFO [682/2934] 7b5e0fae-f331-415a-b5d2-ff3612a6e3df: valid; 1.1 s; peak memory 5516 MiB.
2026-10-01T18:49:04Z INFO [683/2934] 7b754781-cd12-4668-a0c7-4ab374b88872: valid; 1.1 s; peak memory 5516 MiB.
2026-10-01T18:49:09Z INFO [684/2934] 7b83de64-02a0-4886-957c-6d8d010931db: not valid; 4.3 s; peak memory 5516 MiB.
2026-10-01T18:49:11Z INFO [685/2934] 7bf79c14-2154-459f-b78c-a5586a83570c: valid; 2.0 s; peak memory 5516 MiB.
2026-10-01T18:49:12Z INFO [686/2934] 7c1efdfb-d48a-4857-bdb7-a2023959cd9a: valid; 1.1 s; peak memory 5516 MiB.
2026-10-01T18:49:12Z INFO [687/2934] 7c222ee4-8f42-4580-83f5-e88431054e1c: valid; 0.7 s; peak memory 5516 MiB.
2026-10-01T18:49:14Z INFO [688/2934] 7c29fc3b-0a01-4ec3-b8a0-8c50b3711b92: valid; 1.2 s; peak memory 5516 MiB.
2026-10-01T18:49:17Z INFO [689/2934] 7c4a1904-c93a-4748-b7bd-b78c85ce9671: valid; 3.0 s; peak memory 5516 MiB.
2026-10-01T18:49:18Z INFO [690/2934] 7c58c1a1-e5c0-4cfe-813a-a9492f23b006: not valid; 0.9 s; peak memory 5516 MiB.
2026-10-01T18:49:18Z INFO [691/2934] 7c63be44-26d7-412d-86a4-75d1fba11ceb: valid; 0.8 s; peak memory 5516 MiB.
2026-10-01T18:49:19Z INFO [692/2934] 7c9f3624-5864-4af7-9ad7-174ba085ede0: not valid; 1.1 s; peak memory 5516 MiB.
2026-10-01T18:49:20Z INFO [693/2934] 7cacc55c-2dd8-4ec8-a6fc-fca6f7664112: valid; 0.7 s; peak memory 5516 MiB.
2026-10-01T18:49:21Z INFO [694/2934] 7cad3274-5932-44ec-b2f5-a9ef70de51fe: valid; 1.3 s; peak memory 5516 MiB.
2026-10-01T18:49:22Z INFO [695/2934] 7ccbf504-540e-4e87-985b-f1eee48fe291: valid; 0.9 s; peak memory 5516 MiB.
2026-10-01T18:49:23Z WARNING 7cd3d1e3-8195-4d51-ad5f-0b78b41e9bda: failed while opening the NWB file (ConstructError: (root/acquisition/event_code_meanings GroupBuilder {'attributes': {'colnames': array(['value', 'meaning'], dtype=object), 'description': 'Mapping integer event codes to event labels', 'namespace': 'ndx-events', 'neurodata_type': 'MeaningsTable', 'object_id': '40947c1b-5fb3-431c-9f34-dfe5710ae132'}, 'groups': {}, 'datasets': {'id': root/acquisition/event_code_meanings/id DatasetBuilder {'attributes': {'namespace': 'hdmf-common', 'neurodata_type': 'ElementIdentifiers', 'object_id': '910fc2e2-53f8-4cfd-b47a-506f41a89a81'}, 'data': <HDF5 dataset "id": shape (26,), type "<i8">}, 'meaning': root/acquisition/event_code_meanings/meaning DatasetBuilder {'attributes': {'description': 'The meaning of the value in the parent CategoricalVectorData object.', 'namespace': 'hdmf-experimental', 'neurodata_type': 'VectorData', 'object_id': '1fd7de3f-c553-4a69-847c-159229b63594'}, 'data': <StrDataset for HDF5 dataset "meaning": shape (26,), type "|O">}, 'value': root/acquisition/event_code_meanings/value DatasetBuilder {'attributes': {'description': 'The value of the parent CategoricalVectorData object.', 'namespace': 'hdmf-experimental', 'neurodata_type': 'VectorData', 'object_id': 'a7a2eff7-a508-4db7-b831-d939eeecf267'}, 'data': <HDF5 dataset "value": shape (26,), type "<i8">}}, 'links': {}}, "Could not construct MeaningsTable object due to: MeaningsTable.__init__: missing argument 'target'"))
2026-10-01T18:49:24Z INFO [697/2934] 7ce51846-0557-41bb-9982-d24cf8f93d4c: valid; 1.0 s; peak memory 5516 MiB.
2026-10-01T18:49:25Z INFO [698/2934] 7ceeb9f5-9a30-4af4-81ca-4026dffd9f31: valid; 0.6 s; peak memory 5516 MiB.
2026-10-01T18:49:26Z INFO [699/2934] 7d05cf78-62cd-4862-95bf-2e5657f3b8dd: not valid; 1.5 s; peak memory 5516 MiB.
2026-10-01T18:49:27Z INFO [700/2934] 7d174457-049a-49e8-9278-c8bc981b70e5: not valid; 0.9 s; peak memory 5516 MiB.
2026-10-01T18:49:28Z INFO [700/2934] 7d174457-049a-49e8-9278-c8bc981b70e5: checkpointed 88010 records.
2026-10-01T18:49:29Z INFO [701/2934] 7d2147c3-5576-4b4d-ad12-8c9b16500b31: valid; 1.1 s; peak memory 5516 MiB.
2026-10-01T18:49:30Z INFO [702/2934] 7d24d980-8c53-4b6f-b077-d33519711614: valid; 1.4 s; peak memory 5516 MiB.
2026-10-01T18:49:31Z INFO [703/2934] 7d36c2e0-e6b7-4d5b-b498-af5383a15340: valid; 0.9 s; peak memory 5516 MiB.
2026-10-01T18:49:32Z INFO [704/2934] 7d36cf14-13ec-4580-9777-a06c3da772a1: valid; 0.8 s; peak memory 5516 MiB.
2026-10-01T18:49:33Z INFO [705/2934] 7d5a528d-e799-45f6-b2b9-1ace7b687604: valid; 0.8 s; peak memory 5516 MiB.
2026-10-01T18:49:35Z INFO [706/2934] 7d72f501-ca53-439c-aa7b-c8e03f4fd51e: not valid; 2.2 s; peak memory 5516 MiB.
2026-10-01T18:49:37Z INFO [707/2934] 7d77ba62-b259-47ca-b572-31aff2286ff8: not valid; 2.3 s; peak memory 5516 MiB.
2026-10-01T18:49:38Z INFO [708/2934] 7d816e12-39bb-487d-8062-1a1e8e6459ea: not valid; 0.8 s; peak memory 5516 MiB.
2026-10-01T18:49:42Z INFO [709/2934] 7d82213f-d71f-4857-b732-b9e6f9685e41: not valid; 3.6 s; peak memory 5516 MiB.
2026-10-01T18:49:44Z INFO [710/2934] 7d864cd0-cd50-4fc4-9f41-50e516c0f5df: valid; 2.5 s; peak memory 5516 MiB.
2026-10-01T18:49:45Z WARNING 7d866ad1-12d7-4ff7-b2dd-35a4e4717338: failed while opening the NWB file (ConstructError: (root/acquisition/_iblmic_audioSpectrogram/bands GroupBuilder {'attributes': {'colnames': array(['freq'], dtype=object), 'description': 'spectogram frequencies', 'namespace': 'core', 'neurodata_type': 'FrequencyBandsTable', 'object_id': '14d651d2-dc17-4538-8f15-1c23025e6eee'}, 'groups': {}, 'datasets': {'freq': root/acquisition/_iblmic_audioSpectrogram/bands/freq DatasetBuilder {'attributes': {'description': 'frequency value', 'namespace': 'hdmf-common', 'neurodata_type': 'VectorData', 'object_id': '4c60b3a8-a6b7-4950-9135-1838fc0a8436'}, 'data': <HDF5 dataset "freq": shape (257,), type "<f4">}, 'id': root/acquisition/_iblmic_audioSpectrogram/bands/id DatasetBuilder {'attributes': {'namespace': 'hdmf-common', 'neurodata_type': 'ElementIdentifiers', 'object_id': '3f4c7683-5cc2-4458-bea0-fb0ed7239a6f'}, 'data': <HDF5 dataset "id": shape (257,), type "<i4">}}, 'links': {}}, "Could not construct FrequencyBandsTable object due to: column must have the same number of rows as 'id'"))
2026-10-01T18:49:46Z INFO [712/2934] 7d87cfc8-9dcd-4151-a800-9a71237a9600: valid; 0.7 s; peak memory 5516 MiB.
2026-10-01T18:49:48Z INFO [713/2934] 7da73bff-ba7b-4a1f-9f32-86a49ac06c24: valid; 2.0 s; peak memory 5516 MiB.
2026-10-01T18:49:49Z INFO [714/2934] 7dcf4b30-d749-4eaa-91de-29a9c1ece54c: not valid; 0.8 s; peak memory 5516 MiB.
2026-10-01T18:49:50Z INFO [715/2934] 7de5528e-9da4-4065-bad7-9d4454b7ea12: not valid; 1.1 s; peak memory 5516 MiB.
2026-10-01T18:49:51Z INFO [716/2934] 7de6ba08-23fb-4d61-8fcd-8c964a28cc55: not valid; 1.1 s; peak memory 5516 MiB.
2026-10-01T18:49:52Z INFO [717/2934] 7e010c37-d954-474d-bc22-e2323faddbc1: valid; 0.7 s; peak memory 5516 MiB.
2026-10-01T18:49:55Z INFO [718/2934] 7e16255d-63d8-4e81-87fe-c58d4e55f5dd: valid; 3.2 s; peak memory 5516 MiB.
2026-10-01T18:49:56Z WARNING 7e181986-c103-4975-b3ca-12fbc4979d4d: failed while opening the NWB file (ConstructError: (root/acquisition/_iblmic_audioSpectrogram/bands GroupBuilder {'attributes': {'colnames': array(['freq'], dtype=object), 'description': 'spectogram frequencies', 'namespace': 'core', 'neurodata_type': 'FrequencyBandsTable', 'object_id': '6cae873d-0392-47a5-a4d8-2a41c90c1470'}, 'groups': {}, 'datasets': {'freq': root/acquisition/_iblmic_audioSpectrogram/bands/freq DatasetBuilder {'attributes': {'description': 'frequency value', 'namespace': 'hdmf-common', 'neurodata_type': 'VectorData', 'object_id': 'b085563f-73c6-4ec8-9cb4-deaee4f76a04'}, 'data': <HDF5 dataset "freq": shape (257,), type "<f4">}, 'id': root/acquisition/_iblmic_audioSpectrogram/bands/id DatasetBuilder {'attributes': {'namespace': 'hdmf-common', 'neurodata_type': 'ElementIdentifiers', 'object_id': '1fc1e883-f015-4db7-91fb-3b918b97596e'}, 'data': <HDF5 dataset "id": shape (257,), type "<i4">}}, 'links': {}}, "Could not construct FrequencyBandsTable object due to: column must have the same number of rows as 'id'"))
2026-10-01T18:50:03Z INFO [720/2934] 7e7c6570-cb33-40e6-bf38-735141c6007f: valid; 6.6 s; peak memory 5516 MiB.
2026-10-01T18:50:07Z INFO [721/2934] 7e9a0dbc-2fa3-42a0-a3fa-ede1cdfbd4e1: valid; 4.1 s; peak memory 5516 MiB.
2026-10-01T18:50:07Z INFO [722/2934] 7ea136a6-81c3-4340-a7d4-4b414254027d: valid; 0.7 s; peak memory 5516 MiB.
2026-10-01T18:50:08Z INFO [723/2934] 7eaf536e-8cff-4b0d-9b39-e50a888f0dd9: valid; 0.7 s; peak memory 5516 MiB.
2026-10-01T18:50:09Z INFO [724/2934] 7eb0c2e3-e6b0-459f-b082-42c7bd7e3314: valid; 0.7 s; peak memory 5516 MiB.
2026-10-01T18:50:11Z INFO [725/2934] 7ebcc02b-68d3-4934-b044-7c051888e373: valid; 2.3 s; peak memory 5516 MiB.
2026-10-01T18:50:12Z WARNING 7ee73791-703e-4420-9e2f-645fa4439b17: failed while opening the NWB file (ConstructError: (root/acquisition/event_code_meanings GroupBuilder {'attributes': {'colnames': array(['value', 'meaning'], dtype=object), 'description': 'Mapping integer event codes to event labels', 'namespace': 'ndx-events', 'neurodata_type': 'MeaningsTable', 'object_id': 'f356dc22-dedf-4ae6-9176-21a419cf3c52'}, 'groups': {}, 'datasets': {'id': root/acquisition/event_code_meanings/id DatasetBuilder {'attributes': {'namespace': 'hdmf-common', 'neurodata_type': 'ElementIdentifiers', 'object_id': 'a34f8501-97f7-46df-8330-211bea65f8c5'}, 'data': <HDF5 dataset "id": shape (26,), type "<i8">}, 'meaning': root/acquisition/event_code_meanings/meaning DatasetBuilder {'attributes': {'description': 'The meaning of the value in the parent CategoricalVectorData object.', 'namespace': 'hdmf-experimental', 'neurodata_type': 'VectorData', 'object_id': '2ed28c44-fc29-4502-b23b-ab6563814e13'}, 'data': <StrDataset for HDF5 dataset "meaning": shape (26,), type "|O">}, 'value': root/acquisition/event_code_meanings/value DatasetBuilder {'attributes': {'description': 'The value of the parent CategoricalVectorData object.', 'namespace': 'hdmf-experimental', 'neurodata_type': 'VectorData', 'object_id': '3be95b93-d853-4593-844b-c2aa3399f1cf'}, 'data': <HDF5 dataset "value": shape (26,), type "<i8">}}, 'links': {}}, "Could not construct MeaningsTable object due to: MeaningsTable.__init__: missing argument 'target'"))
2026-10-01T18:50:17Z INFO [727/2934] 7ee7bcab-ef7e-42a4-89e2-b6a7650c860c: valid; 4.9 s; peak memory 5516 MiB.
2026-10-01T18:50:18Z INFO [728/2934] 7f091be5-1e01-4c54-b75d-d98bbecaf4e6: valid; 1.2 s; peak memory 5516 MiB.
2026-10-01T18:50:19Z INFO [729/2934] 7f1bc277-6cda-44c8-be44-be94d8c714a3: valid; 0.9 s; peak memory 5516 MiB.
2026-10-01T18:50:20Z INFO [730/2934] 7f1f3434-67e7-45f8-95b3-eba34f07db9e: valid; 1.5 s; peak memory 5516 MiB.
2026-10-01T18:50:21Z INFO [731/2934] 7f205b3e-8d03-4321-ab6d-f962082497b7: valid; 0.6 s; peak memory 5516 MiB.
2026-10-01T18:50:22Z INFO [732/2934] 7f363274-f62c-4ec5-91ad-fe06b7d20969: valid; 1.1 s; peak memory 5516 MiB.
2026-10-01T18:50:23Z INFO [733/2934] 7f3780c1-b2da-492a-9029-ed31d61eca83: valid; 0.6 s; peak memory 5516 MiB.
2026-10-01T18:50:23Z INFO [734/2934] 7f506756-b10c-48c9-b23e-184294e60228: valid; 0.6 s; peak memory 5516 MiB.
2026-10-01T18:50:24Z INFO [735/2934] 7f89cb5d-b552-4358-a005-7f4fd363f320: valid; 1.1 s; peak memory 5516 MiB.
2026-10-01T18:50:25Z INFO [736/2934] 7fb38074-47a6-4079-afad-fa4773d992e4: not valid; 1.1 s; peak memory 5516 MiB.
2026-10-01T18:50:29Z INFO [737/2934] 7fcb4ac5-a1eb-44d2-92cb-73ae89172736: valid; 3.9 s; peak memory 5516 MiB.
2026-10-01T18:50:30Z INFO [738/2934] 7fe6b2bd-ddd9-4b0c-a99c-cb0c81b8c650: valid; 0.8 s; peak memory 5516 MiB.
2026-10-01T18:50:31Z INFO [739/2934] 7feb07dd-6022-4425-8c93-3a5fdfd969e0: valid; 0.7 s; peak memory 5516 MiB.
2026-10-01T18:50:32Z INFO [740/2934] 8010d1d4-d9ee-4588-9aff-8273826923e6: not valid; 1.2 s; peak memory 5516 MiB.
2026-10-01T18:50:33Z INFO [741/2934] 80205d3a-022a-440b-8716-8dd85ea6008c: valid; 0.6 s; peak memory 5516 MiB.
2026-10-01T18:50:33Z INFO [742/2934] 8023d743-dfd4-462c-b967-71c0a4bdf809: valid; 0.7 s; peak memory 5516 MiB.
2026-10-01T18:50:34Z WARNING 80325cc8-0bb5-4ad6-8d22-6108b40a21d7: failed while opening the NWB file (ConstructError: (root/acquisition/_iblmic_audioSpectrogram/bands GroupBuilder {'attributes': {'colnames': array(['freq'], dtype=object), 'description': 'spectogram frequencies', 'namespace': 'core', 'neurodata_type': 'FrequencyBandsTable', 'object_id': '616b2d5f-37c3-4d03-9736-01d4fc1e41ae'}, 'groups': {}, 'datasets': {'freq': root/acquisition/_iblmic_audioSpectrogram/bands/freq DatasetBuilder {'attributes': {'description': 'frequency value', 'namespace': 'hdmf-common', 'neurodata_type': 'VectorData', 'object_id': 'c0592f4b-37fd-4a31-9eb0-73acf0d64d40'}, 'data': <HDF5 dataset "freq": shape (257,), type "<f4">}, 'id': root/acquisition/_iblmic_audioSpectrogram/bands/id DatasetBuilder {'attributes': {'namespace': 'hdmf-common', 'neurodata_type': 'ElementIdentifiers', 'object_id': 'ffdc371f-f908-4ecc-80ce-ca08541434f4'}, 'data': <HDF5 dataset "id": shape (257,), type "<i4">}}, 'links': {}}, "Could not construct FrequencyBandsTable object due to: column must have the same number of rows as 'id'"))
2026-10-01T18:50:35Z INFO [744/2934] 8060ef04-d82b-4702-a2e3-db68e2ca2c02: valid; 0.8 s; peak memory 5516 MiB.
2026-10-01T18:50:36Z INFO [745/2934] 806d3020-72de-47d8-8507-48e8a6734002: valid; 0.6 s; peak memory 5516 MiB.
2026-10-01T18:50:37Z INFO [746/2934] 806e1819-e91d-4f84-a60b-e92948601eb8: valid; 1.0 s; peak memory 5516 MiB.
2026-10-01T18:50:45Z INFO [747/2934] 8075b03f-a187-4ad7-b287-c740f53c0636: not valid; 7.9 s; peak memory 5516 MiB.
2026-10-01T18:50:45Z INFO [748/2934] 8088cc58-e425-49c4-9da7-564dc9ba56b4: valid; 0.7 s; peak memory 5516 MiB.
2026-10-01T18:50:47Z INFO [749/2934] 80d39de6-4ed9-44f3-bdb1-4fed69dbed4d: valid; 1.4 s; peak memory 5516 MiB.
2026-10-01T18:50:48Z INFO [750/2934] 80ddc2aa-9ee3-4731-8966-e759518449c9: valid; 0.9 s; peak memory 5516 MiB.
2026-10-01T18:50:48Z INFO [750/2934] 80ddc2aa-9ee3-4731-8966-e759518449c9: checkpointed 88010 records.
2026-10-01T18:50:50Z INFO [751/2934] 80e01e1d-446e-4ffc-9fb0-b88b8d02730a: valid; 1.6 s; peak memory 5516 MiB.
2026-10-01T18:50:54Z INFO [752/2934] 80f73286-ab5e-419b-b6f2-84758f8677ad: not valid; 4.1 s; peak memory 5516 MiB.
2026-10-01T18:50:55Z INFO [753/2934] 80f7580a-e52a-4580-8e5c-36b64ea4125d: valid; 1.1 s; peak memory 5516 MiB.
2026-10-01T18:51:00Z INFO [754/2934] 810a1094-6484-4265-a578-69b5d0e26da0: valid; 5.3 s; peak memory 5516 MiB.
2026-10-01T18:51:01Z INFO [755/2934] 810bd906-f26d-4783-98ea-a338961be60d: valid; 0.5 s; peak memory 5516 MiB.
2026-10-01T18:51:03Z INFO [756/2934] 8125d47d-0665-42ac-8ff2-25512b4697d3: not valid; 2.0 s; peak memory 5516 MiB.
2026-10-01T18:51:04Z WARNING 81303dc2-dbeb-4c5d-8c56-48a7436a0bed: failed while opening the NWB file (ValueError: Cannot resolve included group spec 'electrodes' with data_type_inc 'ElectrodesTable' because a group spec with the same name already exists with data_type_inc 'DynamicTable', and data type 'DynamicTable' is not a child type of data type 'ElectrodesTable'.)
2026-10-01T18:51:05Z INFO [758/2934] 813fd92a-4a53-4032-ab2f-43a786f8f140: valid; 1.0 s; peak memory 5516 MiB.
2026-10-01T18:51:08Z INFO [759/2934] 817da801-7764-4fdd-bd5e-8f5a4a083853: not valid; 2.6 s; peak memory 5516 MiB.
2026-10-01T18:51:09Z INFO [760/2934] 818b79e2-0181-4da2-81ca-0aecc7ddcaa4: valid; 1.1 s; peak memory 5516 MiB.
2026-10-01T18:51:14Z INFO [761/2934] 818e85f4-caad-4751-a40f-656db977d4d7: valid; 5.4 s; peak memory 5516 MiB.
2026-10-01T18:51:16Z INFO [762/2934] 81a69936-796e-48d3-adc1-931dc0a19430: valid; 1.9 s; peak memory 5516 MiB.
2026-10-01T18:51:17Z INFO [763/2934] 81a7fade-6af6-4a7f-9b2a-406cf1dd5c2b: not valid; 0.8 s; peak memory 5516 MiB.
2026-10-01T18:51:19Z INFO [764/2934] 81b0e596-4bbf-4493-9be9-570a29d031e8: valid; 2.4 s; peak memory 5516 MiB.
2026-10-01T18:51:21Z INFO [765/2934] 81d691da-8fe6-460f-9798-6a75803df142: not valid; 1.5 s; peak memory 5516 MiB.
2026-10-01T18:51:22Z INFO [766/2934] 81dafe76-ec86-4df8-a829-df486ba4c31e: valid; 1.1 s; peak memory 5516 MiB.
2026-10-01T18:51:23Z INFO [767/2934] 81e3c1dc-3781-4e0b-acfa-0a05ce7cd789: valid; 1.2 s; peak memory 5516 MiB.
2026-10-01T18:51:24Z INFO [768/2934] 8215d912-5c73-4489-8df7-b7300bcbbb97: valid; 0.6 s; peak memory 5516 MiB.
2026-10-01T18:51:24Z INFO [769/2934] 822600f7-580b-4d17-8915-889022d6e637: valid; 0.7 s; peak memory 5516 MiB.
2026-10-01T18:51:25Z INFO [770/2934] 822709d8-34c5-42b7-b9d5-f1a24287e067: valid; 0.8 s; peak memory 5516 MiB.
2026-10-01T18:51:27Z INFO [771/2934] 823c4bc2-95b5-44e1-b50c-443680dd16fb: valid; 1.9 s; peak memory 5516 MiB.
2026-10-01T18:51:30Z INFO [772/2934] 825d2104-2fc4-486b-b78d-7eb1a73be0e6: valid; 3.0 s; peak memory 5516 MiB.
2026-10-01T18:51:35Z INFO [773/2934] 82d22c3b-aba3-47b1-ae47-e8aa25290669: valid; 5.0 s; peak memory 5516 MiB.
2026-10-01T18:51:39Z INFO [774/2934] 82f606f0-f838-4b60-81c3-51291e1597b1: valid; 3.5 s; peak memory 5516 MiB.
2026-10-01T18:51:41Z INFO [775/2934] 82fd7745-f3d6-4ed1-b27f-5f7a9222ae28: valid; 2.8 s; peak memory 5516 MiB.
2026-10-01T18:51:42Z INFO [776/2934] 83091edb-f7ee-42b7-9dab-e9b28895bb1e: not valid; 1.1 s; peak memory 5516 MiB.
2026-10-01T18:51:43Z INFO [777/2934] 832c37a2-39da-4449-9a37-f39e9fabc947: valid; 0.9 s; peak memory 5516 MiB.
2026-10-01T18:51:47Z INFO [778/2934] 83312e46-23d0-42af-ad68-a5a0940184c7: valid; 3.8 s; peak memory 5516 MiB.
2026-10-01T18:51:49Z INFO [779/2934] 8355ba57-2c8d-40c3-9d5c-5a1167211ece: valid; 1.8 s; peak memory 5516 MiB.
2026-10-01T18:51:50Z WARNING 83598ba6-38cd-42f0-9a2f-dededd9684c9: failed while opening the NWB file (ConstructError: (root/acquisition/_iblmic_audioSpectrogram/bands GroupBuilder {'attributes': {'colnames': array(['freq'], dtype=object), 'description': 'spectogram frequencies', 'namespace': 'core', 'neurodata_type': 'FrequencyBandsTable', 'object_id': '95364434-7e20-4ae3-96e3-2620bd393731'}, 'groups': {}, 'datasets': {'freq': root/acquisition/_iblmic_audioSpectrogram/bands/freq DatasetBuilder {'attributes': {'description': 'frequency value', 'namespace': 'hdmf-common', 'neurodata_type': 'VectorData', 'object_id': '05a0b47f-8f94-40bb-bffa-f1c11591985b'}, 'data': <HDF5 dataset "freq": shape (257,), type "<f4">}, 'id': root/acquisition/_iblmic_audioSpectrogram/bands/id DatasetBuilder {'attributes': {'namespace': 'hdmf-common', 'neurodata_type': 'ElementIdentifiers', 'object_id': '30e863e9-429e-4b15-94d4-4bbc4422784f'}, 'data': <HDF5 dataset "id": shape (257,), type "<i4">}}, 'links': {}}, "Could not construct FrequencyBandsTable object due to: column must have the same number of rows as 'id'"))
2026-10-01T18:51:51Z WARNING 837c78ef-7881-411a-8334-3f22030a2aa2: failed while opening the NWB file (ConstructError: (root/acquisition/_iblmic_audioSpectrogram/bands GroupBuilder {'attributes': {'colnames': array(['freq'], dtype=object), 'description': 'spectogram frequencies', 'namespace': 'core', 'neurodata_type': 'FrequencyBandsTable', 'object_id': 'c4c9d82b-1c97-4a53-a2a4-176a8333d50e'}, 'groups': {}, 'datasets': {'freq': root/acquisition/_iblmic_audioSpectrogram/bands/freq DatasetBuilder {'attributes': {'description': 'frequency value', 'namespace': 'hdmf-common', 'neurodata_type': 'VectorData', 'object_id': '1e31e874-fa8c-4fd5-af6d-e1bef860b4e9'}, 'data': <HDF5 dataset "freq": shape (257,), type "<f4">}, 'id': root/acquisition/_iblmic_audioSpectrogram/bands/id DatasetBuilder {'attributes': {'namespace': 'hdmf-common', 'neurodata_type': 'ElementIdentifiers', 'object_id': 'a635441a-9230-451c-abe6-69a7c769881c'}, 'data': <HDF5 dataset "id": shape (257,), type "<i4">}}, 'links': {}}, "Could not construct FrequencyBandsTable object due to: column must have the same number of rows as 'id'"))
2026-10-01T18:51:52Z INFO [782/2934] 83b826a4-ae0c-414b-9e9e-c169529e737c: valid; 0.7 s; peak memory 5516 MiB.
2026-10-01T18:51:53Z INFO [783/2934] 83c111cc-c459-46c6-98fd-b3423c3efc42: valid; 0.7 s; peak memory 5516 MiB.
2026-10-01T18:51:54Z INFO [784/2934] 83d9b443-c447-41e8-a8f7-5339e7727e35: not valid; 1.5 s; peak memory 5516 MiB.
2026-10-01T18:51:55Z WARNING 840a384f-c748-4f19-827f-42d4b7643df5: failed while opening the NWB file (ConstructError: (root/acquisition/event_code_meanings GroupBuilder {'attributes': {'colnames': array(['value', 'meaning'], dtype=object), 'description': 'Mapping integer event codes to event labels', 'namespace': 'ndx-events', 'neurodata_type': 'MeaningsTable', 'object_id': '335d51c1-1852-4086-9213-ffecf3bb9f32'}, 'groups': {}, 'datasets': {'id': root/acquisition/event_code_meanings/id DatasetBuilder {'attributes': {'namespace': 'hdmf-common', 'neurodata_type': 'ElementIdentifiers', 'object_id': 'dc298594-3ae2-4bb6-8031-c13f3eb806ce'}, 'data': <HDF5 dataset "id": shape (26,), type "<i8">}, 'meaning': root/acquisition/event_code_meanings/meaning DatasetBuilder {'attributes': {'description': 'The meaning of the value in the parent CategoricalVectorData object.', 'namespace': 'hdmf-experimental', 'neurodata_type': 'VectorData', 'object_id': 'f8afd68a-6252-4841-8638-4229b3fc167d'}, 'data': <StrDataset for HDF5 dataset "meaning": shape (26,), type "|O">}, 'value': root/acquisition/event_code_meanings/value DatasetBuilder {'attributes': {'description': 'The value of the parent CategoricalVectorData object.', 'namespace': 'hdmf-experimental', 'neurodata_type': 'VectorData', 'object_id': 'ef060014-7b12-4727-9b95-6525402768e9'}, 'data': <HDF5 dataset "value": shape (26,), type "<i8">}}, 'links': {}}, "Could not construct MeaningsTable object due to: MeaningsTable.__init__: missing argument 'target'"))
2026-10-01T18:51:56Z INFO [786/2934] 840ccbeb-a2c7-4422-a103-471b83d3dc38: valid; 0.5 s; peak memory 5516 MiB.
2026-10-01T18:51:57Z INFO [787/2934] 841998d4-0f0d-4c7e-b638-a68a2ed63f92: valid; 1.0 s; peak memory 5516 MiB.
2026-10-01T18:51:57Z INFO [788/2934] 841f968e-924f-46d2-b75c-bb0350d2705d: valid; 0.6 s; peak memory 5516 MiB.
2026-10-01T18:51:58Z INFO [789/2934] 84255da5-d946-4863-9949-0de984de504b: valid; 1.2 s; peak memory 5516 MiB.
2026-10-01T18:51:59Z INFO [790/2934] 842f5744-d5b3-404d-ad8b-014682a813d9: valid; 1.1 s; peak memory 5516 MiB.
2026-10-01T18:52:35Z INFO [791/2934] 843157e5-5839-40b5-aef0-9ac399714cfe: valid; 35.1 s; peak memory 5516 MiB.
2026-10-01T18:52:35Z INFO [792/2934] 8444951b-a4d3-44cd-beb6-2664f0a8472b: valid; 0.7 s; peak memory 5516 MiB.
2026-10-01T18:52:36Z INFO [793/2934] 844cc920-37ab-4c62-8445-3d257b4f9f33: valid; 1.0 s; peak memory 5516 MiB.
2026-10-01T18:52:38Z INFO [794/2934] 84731a76-70dc-47b0-943b-6940cf416073: valid; 1.4 s; peak memory 5516 MiB.
2026-10-01T18:52:39Z INFO [795/2934] 8492fc63-4f6f-4542-9f47-9b21303c1eeb: valid; 1.0 s; peak memory 5516 MiB.
2026-10-01T18:52:40Z INFO [796/2934] 849d4fc1-04d7-4327-9178-61501df94ce8: valid; 1.1 s; peak memory 5516 MiB.
2026-10-01T18:52:44Z INFO [797/2934] 84a7b2ee-73ba-4787-acd8-391955a70cbe: valid; 4.2 s; peak memory 5516 MiB.
2026-10-01T18:52:44Z WARNING 84b4b5ed-64c1-4e0d-8917-91fa77fcf70e: failed while retrieving asset information from the DANDI API (NotFoundError: No asset at path 'sub-parkinson-simulated-beta/sub-parkinson-simulated-beta_ses-8997_ecephys.nwb' in version 0.250327.2220. Verify the path is correct and the asset exists in this version. Use 'dandi ls' to list available assets.)
2026-10-01T18:52:45Z INFO [799/2934] 84ba657a-c633-4dcc-89f0-96ce2aad4ae6: valid; 1.1 s; peak memory 5516 MiB.
2026-10-01T18:52:50Z INFO [800/2934] 84ca9bbf-a8f3-4d43-a9f8-21911f124aef: not valid; 4.6 s; peak memory 5516 MiB.
2026-10-01T18:52:50Z INFO [800/2934] 84ca9bbf-a8f3-4d43-a9f8-21911f124aef: checkpointed 88010 records.
2026-10-01T18:52:52Z INFO [801/2934] 851009a4-5f1e-4ee7-aeb3-20f7dff5f72a: valid; 1.8 s; peak memory 5516 MiB.
2026-10-01T18:52:53Z INFO [802/2934] 854e8c25-cabf-459f-822d-bf73a44b95c1: not valid; 0.9 s; peak memory 5516 MiB.
2026-10-01T18:53:02Z INFO [803/2934] 855b6592-3f74-47d4-adbf-bb5060bcddfc: not valid; 9.5 s; peak memory 5516 MiB.
2026-10-01T18:53:07Z INFO [804/2934] 8562a0aa-e8db-4ce3-8aa6-15f92bc2bac2: valid; 4.3 s; peak memory 5516 MiB.
2026-10-01T18:53:09Z INFO [805/2934] 856ad0a5-28a5-4f75-a3bb-43bd4d0723cb: not valid; 1.9 s; peak memory 5516 MiB.
2026-10-01T18:53:10Z INFO [806/2934] 85a61968-d302-495d-9251-a9eed9ec473a: valid; 1.1 s; peak memory 5516 MiB.
2026-10-01T18:53:11Z INFO [807/2934] 85b08ad6-fc40-40ba-b62c-a1239790cc90: valid; 1.1 s; peak memory 5516 MiB.
2026-10-01T18:53:11Z INFO [808/2934] 85c185e2-6a19-447d-8963-fc603f55ab3c: valid; 0.7 s; peak memory 5516 MiB.
2026-10-01T18:53:15Z INFO [809/2934] 86230f50-c507-4e4a-a5d7-9ec5e9bb3d11: valid; 3.7 s; peak memory 5516 MiB.
2026-10-01T18:53:16Z INFO [810/2934] 86275a5b-6b75-40f0-a968-29a2c18cc342: valid; 0.7 s; peak memory 5516 MiB.
2026-10-01T18:53:17Z INFO [811/2934] 86459019-d042-47a5-bcf8-5dade3e514bc: valid; 0.9 s; peak memory 5516 MiB.
2026-10-01T18:53:20Z INFO [812/2934] 86513b2e-9bbf-4df5-9b6b-bc0d996bf45a: valid; 3.2 s; peak memory 5516 MiB.
2026-10-01T18:53:27Z INFO [813/2934] 867a0e2a-0514-4c7e-b64c-8874dc9cf017: valid; 6.6 s; peak memory 5516 MiB.
2026-10-01T18:53:27Z INFO [814/2934] 86aca684-74eb-452a-a0d9-8c3c57178be9: not valid; 0.9 s; peak memory 5516 MiB.
2026-10-01T18:53:36Z INFO [815/2934] 86b8097b-610d-4cfb-bec2-d43b3bce93fc: valid; 8.1 s; peak memory 5516 MiB.
2026-10-01T18:53:39Z INFO [816/2934] 86c69e9e-1232-446e-89e5-daba76d0f1cf: valid; 3.9 s; peak memory 5516 MiB.
2026-10-01T18:53:47Z INFO [817/2934] 86d573f2-d1b8-4261-a603-c662941ebd3f: valid; 7.1 s; peak memory 5516 MiB.
2026-10-01T18:53:49Z INFO [818/2934] 86e5c23c-d78d-499d-907d-b7a1fd32faf3: valid; 2.5 s; peak memory 5516 MiB.
2026-10-01T18:53:50Z INFO [819/2934] 86f001f2-e18e-4ea7-9bbf-c7239532095e: valid; 1.0 s; peak memory 5516 MiB.
2026-10-01T18:53:51Z INFO [820/2934] 86f8549b-e3e1-44ca-956c-dfbd162b2577: valid; 0.7 s; peak memory 5516 MiB.
2026-10-01T18:53:52Z INFO [821/2934] 86fad292-840b-41ee-934c-55905cd40cc6: valid; 1.1 s; peak memory 5516 MiB.
2026-10-01T18:53:53Z INFO [822/2934] 870b007e-4129-475c-9afe-d6d7e40e2f4f: not valid; 0.8 s; peak memory 5516 MiB.
2026-10-01T18:53:55Z INFO [823/2934] 870b48d0-5fda-4c21-a2c1-d79a3b0580c4: valid; 2.1 s; peak memory 5516 MiB.
2026-10-01T18:53:56Z INFO [824/2934] 871f4d41-d7e0-4951-a0e8-c28343ba1477: valid; 0.7 s; peak memory 5516 MiB.
2026-10-01T18:53:57Z INFO [825/2934] 8727ad88-554f-49de-95e1-a602d0a692a7: valid; 1.0 s; peak memory 5516 MiB.
2026-10-01T18:53:58Z WARNING 873a6b4f-6251-428d-b8b4-bf57ad091d38: failed while opening the NWB file (ValueError: Cannot resolve included group spec 'electrodes' with data_type_inc 'ElectrodesTable' because a group spec with the same name already exists with data_type_inc 'DynamicTable', and data type 'DynamicTable' is not a child type of data type 'ElectrodesTable'.)
2026-10-01T18:53:59Z WARNING 874d958f-aa77-40c2-a1cc-e4c763d66746: failed while opening the NWB file (ConstructError: (root/acquisition/_iblmic_audioSpectrogram/bands GroupBuilder {'attributes': {'colnames': array(['freq'], dtype=object), 'description': 'spectogram frequencies', 'namespace': 'core', 'neurodata_type': 'FrequencyBandsTable', 'object_id': '1d0e67c8-9fdc-4f4a-b516-4bf9cea49515'}, 'groups': {}, 'datasets': {'freq': root/acquisition/_iblmic_audioSpectrogram/bands/freq DatasetBuilder {'attributes': {'description': 'frequency value', 'namespace': 'hdmf-common', 'neurodata_type': 'VectorData', 'object_id': '53834129-89d1-4d5c-a977-2467e40221e9'}, 'data': <HDF5 dataset "freq": shape (257,), type "<f4">}, 'id': root/acquisition/_iblmic_audioSpectrogram/bands/id DatasetBuilder {'attributes': {'namespace': 'hdmf-common', 'neurodata_type': 'ElementIdentifiers', 'object_id': 'a2704e08-9d02-4dda-ab55-e5120216db9c'}, 'data': <HDF5 dataset "id": shape (257,), type "<i4">}}, 'links': {}}, "Could not construct FrequencyBandsTable object due to: column must have the same number of rows as 'id'"))
2026-10-01T18:54:00Z INFO [828/2934] 875b54ad-91bc-4ea5-b50c-16a74a5fa9c5: valid; 1.3 s; peak memory 5516 MiB.
2026-10-01T18:54:02Z INFO [829/2934] 876b701e-a5fc-4223-a214-ef9525db7cab: valid; 1.8 s; peak memory 5516 MiB.
2026-10-01T18:54:03Z INFO [830/2934] 877794de-1b24-47e9-b918-09e443311735: valid; 0.8 s; peak memory 5516 MiB.
2026-10-01T18:54:04Z INFO [831/2934] 878e05ef-0442-4c65-a9bc-484af94d2e1a: valid; 1.2 s; peak memory 5516 MiB.
2026-10-01T18:54:05Z INFO [832/2934] 87928f05-6a5e-4fc3-bf53-8998a0ab8bee: valid; 1.0 s; peak memory 5516 MiB.
2026-10-01T18:54:05Z INFO [833/2934] 87968b48-ee31-4f0e-a13b-e75c4730e55c: valid; 0.6 s; peak memory 5516 MiB.
2026-10-01T18:54:06Z INFO [834/2934] 879f4236-9128-4b45-9533-6318b4e8f7e6: valid; 1.0 s; peak memory 5516 MiB.
2026-10-01T18:54:07Z INFO [835/2934] 87a03b8e-7ad0-4e1c-b2e8-a41617be6498: valid; 1.0 s; peak memory 5516 MiB.
2026-10-01T18:54:09Z INFO [836/2934] 87f205ae-6675-4c03-a99c-705e28da2193: valid; 1.1 s; peak memory 5516 MiB.
2026-10-01T18:54:10Z INFO [837/2934] 880943c7-cd9d-4647-a16d-796765758b94: valid; 1.0 s; peak memory 5516 MiB.
2026-10-01T18:54:16Z INFO [838/2934] 8811ae6d-9a7d-4c6a-9e80-c40e5b3d8976: not valid; 6.0 s; peak memory 5516 MiB.
2026-10-01T18:54:21Z INFO [839/2934] 882b9da9-d5a1-4f80-a99e-33edb2557891: valid; 5.2 s; peak memory 5516 MiB.
2026-10-01T18:54:22Z INFO [840/2934] 885c736c-ef3c-43d9-a2a7-4900488d7d25: valid; 0.8 s; peak memory 5516 MiB.
2026-10-01T18:54:22Z INFO [841/2934] 885e6e4c-9758-4ea5-9a68-ea0eecef5542: valid; 0.8 s; peak memory 5516 MiB.
2026-10-01T18:54:23Z INFO [842/2934] 88642940-46c8-49a6-8bae-7b88e10cb3d3: valid; 1.0 s; peak memory 5516 MiB.
2026-10-01T18:54:24Z INFO [843/2934] 888a065f-1eba-4093-80aa-0f738912bfb0: valid; 0.9 s; peak memory 5516 MiB.
2026-10-01T18:54:25Z INFO [844/2934] 888c1c20-75e0-46e8-ae82-4f890d6ec3c5: not valid; 0.8 s; peak memory 5516 MiB.
2026-10-01T18:54:26Z INFO [845/2934] 88cc8575-ee29-463f-b866-c3b86db592cb: valid; 1.4 s; peak memory 5516 MiB.
2026-10-01T18:54:27Z INFO [846/2934] 88d34a74-854a-41f8-b263-5d1230b6bb8e: valid; 0.5 s; peak memory 5516 MiB.
2026-10-01T18:54:31Z INFO [847/2934] 88d59cd3-3043-46f6-a46b-bf59b7bfbcab: not valid; 3.9 s; peak memory 5516 MiB.
2026-10-01T18:54:32Z INFO [848/2934] 88e374dc-2185-428c-9747-2a7b663882f6: valid; 0.8 s; peak memory 5516 MiB.
2026-10-01T18:54:35Z INFO [849/2934] 893c6750-655a-4a4a-af62-20ef3353f542: not valid; 3.7 s; peak memory 5516 MiB.
2026-10-01T18:54:36Z INFO [850/2934] 8941608d-40d3-474b-a0e2-d944d6995157: valid; 0.6 s; peak memory 5516 MiB.
2026-10-01T18:54:36Z INFO [850/2934] 8941608d-40d3-474b-a0e2-d944d6995157: checkpointed 88010 records.
2026-10-01T18:54:38Z INFO [851/2934] 89440c1d-c264-4f24-b00f-c9d61026a1dd: valid; 1.1 s; peak memory 5516 MiB.
2026-10-01T18:54:38Z INFO [852/2934] 89460247-3220-43f6-a73c-1c4fdbce3997: not valid; 0.9 s; peak memory 5516 MiB.
2026-10-01T18:54:46Z INFO [853/2934] 896b4310-e28a-4410-8d55-33b91a9e1344: valid; 7.8 s; peak memory 5516 MiB.
2026-10-01T18:54:53Z INFO [854/2934] 89978fb1-2a85-455b-a3f7-ef016cbc7767: valid; 7.2 s; peak memory 5516 MiB.
2026-10-01T18:54:54Z INFO [855/2934] 89d9fcd3-fdf7-41e0-a21d-c1de3cec680d: valid; 0.7 s; peak memory 5516 MiB.
2026-10-01T18:54:55Z INFO [856/2934] 89e033fa-dbfd-41d0-97ad-6d35b03db0dd: valid; 0.9 s; peak memory 5516 MiB.
2026-10-01T18:54:57Z INFO [857/2934] 89e1c922-0550-429a-8bbe-b07c84c59634: valid; 1.5 s; peak memory 5516 MiB.
2026-10-01T18:54:58Z WARNING 8a15b142-345e-4d7b-9152-68bdb4372cad: failed while opening the NWB file (ValueError: Cannot resolve included group spec 'electrodes' with data_type_inc 'ElectrodesTable' because a group spec with the same name already exists with data_type_inc 'DynamicTable', and data type 'DynamicTable' is not a child type of data type 'ElectrodesTable'.)
2026-10-01T18:54:58Z INFO [859/2934] 8a1ce55a-46cf-4ae9-b931-1a74b7de643f: valid; 0.9 s; peak memory 5516 MiB.
2026-10-01T18:55:00Z INFO [860/2934] 8a1d8b93-88b9-4157-872f-9ed5ceac3b2b: valid; 1.4 s; peak memory 5516 MiB.
2026-10-01T18:55:03Z INFO [861/2934] 8a211408-f0b9-4873-bf2c-39c38bf48135: valid; 2.7 s; peak memory 5516 MiB.
2026-10-01T18:55:04Z INFO [862/2934] 8a2da370-e5c1-46b5-af2a-d28e6709171c: not valid; 1.1 s; peak memory 5516 MiB.
2026-10-01T18:55:05Z INFO [863/2934] 8a73f953-99d7-4c92-aa52-ea7411d6b198: not valid; 1.0 s; peak memory 5516 MiB.
2026-10-01T18:55:06Z INFO [864/2934] 8ab94920-8cea-4109-ae62-ae9d3499bb4d: valid; 1.6 s; peak memory 5516 MiB.
2026-10-01T18:55:07Z INFO [865/2934] 8ab955ad-3d5d-4f78-8230-cf4984d5afe6: valid; 1.0 s; peak memory 5516 MiB.
2026-10-01T18:55:08Z INFO [866/2934] 8b0be1ad-b572-4a99-aab2-2d9c03b8b6fd: valid; 1.1 s; peak memory 5516 MiB.
2026-10-01T18:55:09Z INFO [867/2934] 8b201499-3e74-48a5-84c0-1fb559128de2: valid; 0.8 s; peak memory 5516 MiB.
2026-10-01T18:55:10Z INFO [868/2934] 8b320548-24a7-4d4b-a41b-8b298f6c6ab6: not valid; 1.3 s; peak memory 5516 MiB.
2026-10-01T18:55:31Z INFO [869/2934] 8b59fb00-5a25-456c-a6b8-abbb37b67e36: not valid; 20.8 s; peak memory 5610 MiB.
2026-10-01T18:55:32Z INFO [870/2934] 8b5d7212-4e20-49ae-b150-71490a94058d: valid; 0.7 s; peak memory 5610 MiB.
2026-10-01T18:55:33Z INFO [871/2934] 8b809b28-149f-4285-ae72-0254c67766a2: valid; 1.5 s; peak memory 5610 MiB.
2026-10-01T18:55:34Z INFO [872/2934] 8b897e3b-38b8-4ccc-85e4-547de53dec2e: valid; 0.7 s; peak memory 5610 MiB.
2026-10-01T18:56:35Z INFO [873/2934] 8b8acc0a-b3d7-4f29-b994-32cca545f77d: valid; 61.3 s; peak memory 5610 MiB.
2026-10-01T18:56:38Z INFO [874/2934] 8bea4f09-3959-432c-9e3c-09e68d8081c7: valid; 2.4 s; peak memory 5610 MiB.
2026-10-01T18:56:39Z INFO [875/2934] 8c039132-0aac-476f-b5d7-3cfd7dc16db0: valid; 0.9 s; peak memory 5610 MiB.
2026-10-01T18:56:40Z INFO [876/2934] 8c329ca4-1565-4b61-a4aa-2aecd40d0c35: valid; 1.4 s; peak memory 5610 MiB.
2026-10-01T18:56:51Z INFO [877/2934] 8c38beb0-ccb4-4324-a6c8-7d861602d613: valid; 10.9 s; peak memory 5610 MiB.
2026-10-01T18:56:52Z WARNING 8c460b2e-1473-4271-88e7-71194406423d: failed while opening the NWB file (ConstructError: (root/acquisition/_iblmic_audioSpectrogram/bands GroupBuilder {'attributes': {'colnames': array(['freq'], dtype=object), 'description': 'spectogram frequencies', 'namespace': 'core', 'neurodata_type': 'FrequencyBandsTable', 'object_id': '8ca7e109-acb7-497a-bb12-c7353c5a1dd6'}, 'groups': {}, 'datasets': {'freq': root/acquisition/_iblmic_audioSpectrogram/bands/freq DatasetBuilder {'attributes': {'description': 'frequency value', 'namespace': 'hdmf-common', 'neurodata_type': 'VectorData', 'object_id': '3b75628f-f3b8-47f9-9470-d6cb3f0e804c'}, 'data': <HDF5 dataset "freq": shape (257,), type "<f4">}, 'id': root/acquisition/_iblmic_audioSpectrogram/bands/id DatasetBuilder {'attributes': {'namespace': 'hdmf-common', 'neurodata_type': 'ElementIdentifiers', 'object_id': 'd6a41a67-5450-44bf-9a9f-4e55b62e597e'}, 'data': <HDF5 dataset "id": shape (257,), type "<i4">}}, 'links': {}}, "Could not construct FrequencyBandsTable object due to: column must have the same number of rows as 'id'"))
2026-10-01T18:56:53Z INFO [879/2934] 8c5464a3-a767-44e5-a45d-a79639c8b8c9: valid; 1.6 s; peak memory 5610 MiB.
2026-10-01T18:56:54Z INFO [880/2934] 8c62e049-468e-4d7e-9740-bed6d94de861: valid; 0.7 s; peak memory 5610 MiB.
2026-10-01T18:56:56Z INFO [881/2934] 8c8e046f-35f0-4e4c-b691-460518e99658: valid; 1.3 s; peak memory 5610 MiB.
2026-10-01T18:56:57Z INFO [882/2934] 8c9521d7-e3d6-4962-b9cc-da52d85bd832: valid; 1.4 s; peak memory 5610 MiB.
2026-10-01T18:56:58Z INFO [883/2934] 8ca447f2-e240-456f-925d-d98e69e88080: not valid; 1.0 s; peak memory 5610 MiB.
2026-10-01T18:57:05Z INFO [884/2934] 8cc3bd6c-09e4-4631-a6a7-8d37fd7393e0: valid; 7.2 s; peak memory 5610 MiB.
2026-10-01T18:57:07Z INFO [885/2934] 8cd70d75-9997-4047-9462-0835b0bde731: valid; 1.9 s; peak memory 5610 MiB.
2026-10-01T18:57:08Z INFO [886/2934] 8cd79a81-b25f-42b9-a3c3-31a879d425b2: valid; 1.1 s; peak memory 5610 MiB.
2026-10-01T18:57:15Z INFO [887/2934] 8ce9d9ce-0ae5-48e8-b022-dbb082758e95: valid; 6.8 s; peak memory 5610 MiB.
2026-10-01T18:57:16Z INFO [888/2934] 8d255a83-d5e7-4ee0-8891-d01a049f3de1: not valid; 1.4 s; peak memory 5610 MiB.
2026-10-01T18:57:17Z INFO [889/2934] 8d25a1ab-fde0-4887-bb1c-b6c459da1c3a: valid; 0.9 s; peak memory 5610 MiB.
2026-10-01T18:57:18Z INFO [890/2934] 8d320b7f-310f-4ddd-8065-be067cb5829d: valid; 1.0 s; peak memory 5610 MiB.
2026-10-01T18:57:21Z INFO [891/2934] 8d38962f-8907-4155-93ae-68cbd7df23e5: valid; 2.7 s; peak memory 5610 MiB.
2026-10-01T18:57:22Z INFO [892/2934] 8d44d5c0-b53c-4a6a-835b-794777f4afcd: valid; 1.3 s; peak memory 5610 MiB.
2026-10-01T18:57:23Z INFO [893/2934] 8d7813f7-636d-42c4-86f3-2f238adaf655: valid; 0.9 s; peak memory 5610 MiB.
2026-10-01T18:57:24Z INFO [894/2934] 8d8e5f20-d2ec-4830-b5b0-a76955a10a7a: valid; 1.3 s; peak memory 5610 MiB.
2026-10-01T18:57:29Z INFO [895/2934] 8da00afb-c7d8-4a60-8201-d26eb36e35dc: valid; 4.7 s; peak memory 5610 MiB.
2026-10-01T18:57:30Z INFO [896/2934] 8db8c5b3-8859-438b-9b80-cad1097a7cee: valid; 1.0 s; peak memory 5610 MiB.
2026-10-01T18:57:31Z INFO [897/2934] 8dc8e2a5-8f5e-4055-abee-373eff7ad030: not valid; 0.8 s; peak memory 5610 MiB.
2026-10-01T18:57:44Z INFO [898/2934] 8e010dd7-bd43-4ead-8ff7-0ae0384b7fde: valid; 12.8 s; peak memory 5610 MiB.
2026-10-01T18:57:45Z WARNING 8e056d5b-5a79-4b2f-8258-368d41b76698: failed while opening the NWB file (ConstructError: (root/acquisition/_iblmic_audioSpectrogram/bands GroupBuilder {'attributes': {'colnames': array(['freq'], dtype=object), 'description': 'spectogram frequencies', 'namespace': 'core', 'neurodata_type': 'FrequencyBandsTable', 'object_id': '6417a56c-4a45-43b1-8b4b-b7f697e9c7cf'}, 'groups': {}, 'datasets': {'freq': root/acquisition/_iblmic_audioSpectrogram/bands/freq DatasetBuilder {'attributes': {'description': 'frequency value', 'namespace': 'hdmf-common', 'neurodata_type': 'VectorData', 'object_id': '46be47e8-0277-4c45-8846-3c24cd3c91ab'}, 'data': <HDF5 dataset "freq": shape (257,), type "<f4">}, 'id': root/acquisition/_iblmic_audioSpectrogram/bands/id DatasetBuilder {'attributes': {'namespace': 'hdmf-common', 'neurodata_type': 'ElementIdentifiers', 'object_id': 'ed3813e1-59c5-402c-bcec-4bb16bfa34a1'}, 'data': <HDF5 dataset "id": shape (257,), type "<i4">}}, 'links': {}}, "Could not construct FrequencyBandsTable object due to: column must have the same number of rows as 'id'"))
2026-10-01T18:57:47Z INFO [900/2934] 8e1364a5-b5e9-4080-8118-15f861351237: valid; 2.2 s; peak memory 5610 MiB.
2026-10-01T18:57:48Z INFO [900/2934] 8e1364a5-b5e9-4080-8118-15f861351237: checkpointed 88010 records.
2026-10-01T18:57:49Z INFO [901/2934] 8e51fbca-7598-440f-a5c0-5b753b128fe4: valid; 1.6 s; peak memory 5610 MiB.
2026-10-01T18:57:51Z INFO [902/2934] 8e53ad55-4ed1-4863-af9c-d47687e2a4e8: not valid; 1.2 s; peak memory 5610 MiB.
2026-10-01T18:57:51Z INFO [903/2934] 8e540a4a-b8a4-4b08-a73e-9d070621a091: valid; 0.7 s; peak memory 5610 MiB.
2026-10-01T18:57:52Z INFO [904/2934] 8e5531bc-3a99-4c68-b534-8a134c7bd37a: valid; 0.7 s; peak memory 5610 MiB.
2026-10-01T18:57:53Z INFO [905/2934] 8e61416e-e936-4be7-8929-418ddf1cd4e5: valid; 0.7 s; peak memory 5610 MiB.
2026-10-01T18:57:53Z INFO [906/2934] 8e6d157e-7bbe-41d7-8dab-c3480b735ec6: valid; 0.6 s; peak memory 5610 MiB.
2026-10-01T18:57:54Z INFO [907/2934] 8e75b80c-0703-43ac-92ed-c272692d684b: not valid; 0.7 s; peak memory 5610 MiB.
2026-10-01T18:57:55Z INFO [908/2934] 8eb2543b-9251-4c44-acdf-38a60cf3e96e: valid; 1.2 s; peak memory 5610 MiB.
2026-10-01T18:58:00Z INFO [909/2934] 8f1b909f-8958-44c1-a2aa-200d830d1d98: valid; 4.9 s; peak memory 5610 MiB.
2026-10-01T18:58:11Z INFO [910/2934] 8f301a2a-0864-4d71-9358-4978bae3f56f: valid; 11.4 s; peak memory 5610 MiB.
2026-10-01T18:58:39Z INFO [911/2934] 8f566722-5e1a-4901-a4a5-877968c4fb48: valid; 27.6 s; peak memory 5610 MiB.
2026-10-01T18:58:44Z INFO [912/2934] 8f69d345-5735-4ad8-9cfb-92273421be10: not valid; 4.7 s; peak memory 5610 MiB.
2026-10-01T18:58:46Z INFO [913/2934] 8f8fa1f7-8b63-49a1-91b0-8da3910e7c6b: not valid; 2.7 s; peak memory 5610 MiB.
2026-10-01T18:58:49Z INFO [914/2934] 8f9a9d3c-3d1c-4287-8501-e8e95eac7124: valid; 2.2 s; peak memory 5610 MiB.
2026-10-01T18:58:59Z INFO [915/2934] 8fa3cb11-16c7-49b8-a61d-632c1e8d5e80: valid; 10.8 s; peak memory 5610 MiB.
2026-10-01T18:59:01Z INFO [916/2934] 8fcd8326-0a06-4995-b1ad-a2d618fd703f: valid; 1.0 s; peak memory 5610 MiB.
2026-10-01T18:59:02Z WARNING 8fe98abc-23f1-416d-b3bb-bbbd5b4d9c4d: failed while opening the NWB file (ConstructError: (root/acquisition/_iblmic_audioSpectrogram/bands GroupBuilder {'attributes': {'colnames': array(['freq'], dtype=object), 'description': 'spectogram frequencies', 'namespace': 'core', 'neurodata_type': 'FrequencyBandsTable', 'object_id': 'd11a715b-07ff-4d72-9632-0e3193058eb2'}, 'groups': {}, 'datasets': {'freq': root/acquisition/_iblmic_audioSpectrogram/bands/freq DatasetBuilder {'attributes': {'description': 'frequency value', 'namespace': 'hdmf-common', 'neurodata_type': 'VectorData', 'object_id': 'dca88f85-d9bc-4138-bc01-5e14975bd62c'}, 'data': <HDF5 dataset "freq": shape (257,), type "<f4">}, 'id': root/acquisition/_iblmic_audioSpectrogram/bands/id DatasetBuilder {'attributes': {'namespace': 'hdmf-common', 'neurodata_type': 'ElementIdentifiers', 'object_id': '74b57855-f71c-4cdd-9f6c-36deada0e6e8'}, 'data': <HDF5 dataset "id": shape (257,), type "<i4">}}, 'links': {}}, "Could not construct FrequencyBandsTable object due to: column must have the same number of rows as 'id'"))
2026-10-01T18:59:03Z INFO [918/2934] 90348a0c-b89d-4c52-8316-d6d95ff9b510: not valid; 1.1 s; peak memory 5610 MiB.
2026-10-01T18:59:04Z INFO [919/2934] 905bdb55-236e-4d7d-ab73-0205b0c4b23f: valid; 0.8 s; peak memory 5610 MiB.
2026-10-01T18:59:05Z INFO [920/2934] 906289d1-8b24-4ac6-b062-089f37bdbeb0: not valid; 1.3 s; peak memory 5610 MiB.
2026-10-01T18:59:05Z INFO [921/2934] 909a2ff6-8cf3-4a8a-815c-859f35e60ee1: valid; 0.6 s; peak memory 5610 MiB.
2026-10-01T18:59:07Z INFO [922/2934] 90a8cc72-35ff-42af-aea3-8a56f06b7deb: valid; 1.1 s; peak memory 5610 MiB.
2026-10-01T18:59:08Z INFO [923/2934] 90dc4465-b5ee-4078-b298-9deb5eb6de84: valid; 1.4 s; peak memory 5610 MiB.
2026-10-01T18:59:10Z INFO [924/2934] 910d4258-b2f2-4e63-a39a-b90b54299879: not valid; 1.5 s; peak memory 5610 MiB.
2026-10-01T18:59:16Z INFO [925/2934] 9112c6ea-c657-4388-b6c9-7093df92bf13: not valid; 6.9 s; peak memory 5610 MiB.
2026-10-01T18:59:17Z INFO [926/2934] 912e963e-9a77-476d-aaf5-3562fe5ae6ee: valid; 0.7 s; peak memory 5610 MiB.
2026-10-01T18:59:24Z INFO [927/2934] 91371743-2459-485a-b2f3-419f254bc121: not valid; 6.5 s; peak memory 5610 MiB.
2026-10-01T18:59:24Z INFO [928/2934] 91561275-7c90-4f7f-ae71-1761399fa9d2: not valid; 0.6 s; peak memory 5610 MiB.
2026-10-01T18:59:25Z INFO [929/2934] 916104c7-8112-4e5a-8908-bda345548f46: valid; 1.3 s; peak memory 5610 MiB.
2026-10-01T18:59:28Z INFO [930/2934] 916d8e19-8261-4301-9ea7-4fd8b2e8ea9b: not valid; 2.5 s; peak memory 5610 MiB.
2026-10-01T18:59:29Z INFO [931/2934] 9172ead2-6d4d-458c-bc22-1453ff826fb1: not valid; 1.3 s; peak memory 5610 MiB.
2026-10-01T18:59:30Z INFO [932/2934] 919ac496-faf9-4aaf-8ab3-6b924d17099d: valid; 0.5 s; peak memory 5610 MiB.
2026-10-01T18:59:31Z INFO [933/2934] 91af3bad-acf4-4df1-8cfe-64fd23b419bd: valid; 1.1 s; peak memory 5610 MiB.
2026-10-01T18:59:31Z INFO [934/2934] 91f2c55e-6bcc-4d1e-9528-e5daaa714771: valid; 0.7 s; peak memory 5610 MiB.
2026-10-01T18:59:32Z INFO [935/2934] 91fb54f7-ebba-4d35-adcb-f566ae42a0bd: valid; 0.8 s; peak memory 5610 MiB.
2026-10-01T18:59:34Z INFO [936/2934] 92092974-7756-4155-9f77-032e19595ee2: valid; 1.6 s; peak memory 5610 MiB.
2026-10-01T18:59:34Z INFO [937/2934] 924b3316-dad3-4b88-b043-66e2f0aa697e: valid; 0.7 s; peak memory 5610 MiB.
2026-10-01T18:59:39Z INFO [938/2934] 925236b8-4589-41f8-bdca-9cc12136dee1: not valid; 4.5 s; peak memory 5610 MiB.
2026-10-01T18:59:40Z INFO [939/2934] 92579b25-f40b-403e-b959-eca16a880134: valid; 1.1 s; peak memory 5610 MiB.
2026-10-01T18:59:42Z INFO [940/2934] 927874e1-3f9a-4948-b725-3acd378cbb96: valid; 2.3 s; peak memory 5610 MiB.
2026-10-01T18:59:44Z INFO [941/2934] 92903bb2-99df-4eb3-ab0b-c8686ab3d6a7: valid; 1.2 s; peak memory 5610 MiB.
2026-10-01T18:59:45Z INFO [942/2934] 92987947-dbe2-43f6-af81-dbf6003c1dbc: valid; 1.0 s; peak memory 5610 MiB.
2026-10-01T18:59:45Z INFO [943/2934] 92993f6f-27a2-468c-bb28-e15f39dbfdb9: valid; 0.6 s; peak memory 5610 MiB.
2026-10-01T18:59:57Z INFO [944/2934] 92d91bcb-f147-47ac-a27e-d699e50995f4: valid; 12.2 s; peak memory 5610 MiB.
2026-10-01T18:59:59Z INFO [945/2934] 92f32eb0-89ee-45da-a6d6-e1f186df724b: valid; 1.8 s; peak memory 5610 MiB.
2026-10-01T19:00:00Z INFO [946/2934] 930c00fe-7aef-47c9-9351-dc473d87087d: valid; 0.8 s; peak memory 5610 MiB.
2026-10-01T19:00:02Z INFO [947/2934] 9321450b-931c-43da-9d75-1774f6e67076: valid; 1.8 s; peak memory 5610 MiB.
2026-10-01T19:00:03Z INFO [948/2934] 932699b6-1f1e-4cab-911d-4d89036a39f6: valid; 1.3 s; peak memory 5610 MiB.
2026-10-01T19:00:04Z INFO [949/2934] 934946a4-0dd5-4d40-9e44-1e4ab4244102: valid; 1.2 s; peak memory 5610 MiB.
2026-10-01T19:00:40Z INFO [950/2934] 934e4ec4-6a6f-40dd-aae8-8d674a97d632: not valid; 36.2 s; peak memory 5610 MiB.
2026-10-01T19:00:41Z INFO [950/2934] 934e4ec4-6a6f-40dd-aae8-8d674a97d632: checkpointed 88010 records.
2026-10-01T19:00:42Z INFO [951/2934] 935105d4-3995-4be2-b99d-07e77700817e: valid; 1.1 s; peak memory 5610 MiB.
2026-10-01T19:00:43Z INFO [952/2934] 93576426-c5bf-4f27-9548-7e1560aa6ef3: valid; 1.1 s; peak memory 5610 MiB.
2026-10-01T19:00:45Z INFO [953/2934] 935e79b5-cca0-44d3-9d25-b83586a8e0c1: not valid; 1.3 s; peak memory 5610 MiB.
2026-10-01T19:00:45Z INFO [954/2934] 93754807-2e09-45f7-b4d1-aad426278cde: valid; 0.8 s; peak memory 5610 MiB.
2026-10-01T19:00:46Z INFO [955/2934] 93c60749-edbf-4655-8880-4c39b447279b: valid; 0.7 s; peak memory 5610 MiB.
2026-10-01T19:00:47Z INFO [956/2934] 93c9c50a-6d69-4a90-a646-5e933e6d7e7f: valid; 1.1 s; peak memory 5610 MiB.
2026-10-01T19:00:49Z INFO [957/2934] 93e8c4e4-1213-4947-9be9-ae71341becde: valid; 1.6 s; peak memory 5610 MiB.
2026-10-01T19:00:51Z INFO [958/2934] 9419a57f-c8d2-4d0a-94ef-96891795b903: valid; 2.0 s; peak memory 5610 MiB.
2026-10-01T19:00:52Z INFO [959/2934] 942c1b59-aef2-4d7f-9613-8f4214c8ae80: not valid; 0.8 s; peak memory 5610 MiB.
2026-10-01T19:00:53Z INFO [960/2934] 94454105-c58d-40e2-85c1-24fbe38d1e1d: valid; 1.2 s; peak memory 5610 MiB.
2026-10-01T19:00:54Z WARNING 9486a288-0c20-4c16-aa4b-173bed1eae45: failed while opening the NWB file (ConstructError: (root/general/optogenetics/PatternedOptogeneticStimulusSite GroupBuilder {'attributes': {'effector': 'GUR-3/PRDX-2', 'namespace': 'ndx-patterned-ogen', 'neurodata_type': 'PatternedOptogeneticStimulusSite', 'object_id': '8e3ea371-c0ae-4a2d-b7e1-1ba437807206'}, 'groups': {}, 'datasets': {'description': root/general/optogenetics/PatternedOptogeneticStimulusSite/description DatasetBuilder {'attributes': {}, 'data': 'Scanning'}, 'excitation_lambda': root/general/optogenetics/PatternedOptogeneticStimulusSite/excitation_lambda DatasetBuilder {'attributes': {}, 'data': np.float64(850.0)}, 'location': root/general/optogenetics/PatternedOptogeneticStimulusSite/location DatasetBuilder {'attributes': {}, 'data': 'whole brain'}}, 'links': {'device': root/general/optogenetics/PatternedOptogeneticStimulusSite/device LinkBuilder {'builder': root/general/devices/OptogeneticDevice GroupBuilder {'attributes': {'description': '', 'namespace': 'core', 'neurodata_type': 'Device', 'object_id': '97b49e7f-819f-4c04-81f4-3af8da964cea'}, 'groups': {}, 'datasets': {}, 'links': {}}}, 'light_source': root/general/optogenetics/PatternedOptogeneticStimulusSite/light_source LinkBuilder {'builder': root/general/devices/AmplifiedLaser GroupBuilder {'attributes': {'description': 'For two-photon optogenetic targeting, we used an optical parametric amplifier (OPA; Light Conversion ORPHEUS) pumped by a femtosecond amplified laser (Light Conversion PHAROS).', 'filter_description': 'Short pass at 1040 nm', 'manufacturer': 'Light Conversion', 'model': 'ORPHEUS amplifier and PHAROS laser', 'namespace': 'ndx-patterned-ogen', 'neurodata_type': 'LightSource', 'object_id': 'bec8b5c5-51f3-43c3-abf6-251f87deb6be', 'peak_power_in_W': np.float64(0.0012), 'pulse_rate_in_Hz': np.float64(500000.0), 'stimulation_wavelength_in_nm': np.float64(850.0)}, 'groups': {}, 'datasets': {}, 'links': {}}}}}, "Could not construct PatternedOptogeneticStimulusSite object due to: CustomClassGenerator.set_init.<locals>.__init__: incorrect type for 'spatial_light_modulator' (got 'list', expected 'Device')"))
2026-10-01T19:00:56Z INFO [962/2934] 94927756-34b9-4ced-a73a-0f2a5d1c6f10: valid; 1.6 s; peak memory 5610 MiB.
2026-10-01T19:00:56Z INFO [963/2934] 94ce4982-5e18-4bf7-9421-be411feec9c1: valid; 0.7 s; peak memory 5610 MiB.
2026-10-01T19:00:57Z INFO [964/2934] 94d215f4-0dbd-4dcc-9812-931fabd80308: valid; 0.9 s; peak memory 5610 MiB.
2026-10-01T19:01:02Z INFO [965/2934] 94d226b3-1e4e-440a-9afc-e741e2cd6ee4: valid; 4.3 s; peak memory 5610 MiB.
2026-10-01T19:01:03Z INFO [966/2934] 9515860c-cd38-4a73-9ec2-4f5ed4d9bf48: valid; 1.0 s; peak memory 5610 MiB.
2026-10-01T19:01:04Z INFO [967/2934] 952a4a12-3084-4b2d-8ae7-2822aab95d06: not valid; 0.9 s; peak memory 5610 MiB.
2026-10-01T19:01:05Z INFO [968/2934] 953551bb-8b77-435e-994d-136592b6ae68: valid; 1.1 s; peak memory 5610 MiB.
2026-10-01T19:01:10Z INFO [969/2934] 95554395-00b7-47c7-bb92-22986242ab97: valid; 4.9 s; peak memory 5610 MiB.
2026-10-01T19:01:12Z INFO [970/2934] 9582f323-d5c6-4023-b969-61a88cab7f8a: valid; 1.9 s; peak memory 5610 MiB.
2026-10-01T19:01:12Z INFO [971/2934] 958a1544-4cab-429d-a8bb-cd44fd7ac3a6: valid; 0.6 s; peak memory 5610 MiB.
2026-10-01T19:01:13Z INFO [972/2934] 958f98fc-e815-45c6-bc9d-c24622c2cb37: valid; 0.7 s; peak memory 5610 MiB.
2026-10-01T19:01:16Z INFO [973/2934] 96008e90-5f5a-4fda-9c83-8a7b41da38d0: valid; 2.6 s; peak memory 5610 MiB.
2026-10-01T19:01:17Z INFO [974/2934] 9616e158-a725-4835-b415-58cb2c813d9a: not valid; 1.5 s; peak memory 5610 MiB.
2026-10-01T19:01:18Z INFO [975/2934] 9658ccb0-623e-4bac-9325-7b9d130c0362: valid; 0.9 s; peak memory 5610 MiB.
2026-10-01T19:01:20Z INFO [976/2934] 9662015c-7631-4985-91fd-216891c85aa3: valid; 2.5 s; peak memory 5610 MiB.
2026-10-01T19:01:24Z INFO [977/2934] 967a8fd9-f08c-40b1-87ee-436506056702: valid; 3.2 s; peak memory 5610 MiB.
2026-10-01T19:01:25Z INFO [978/2934] 96a01c3f-5a8d-4c56-bfaa-adcee37228dc: valid; 1.5 s; peak memory 5610 MiB.
2026-10-01T19:01:26Z INFO [979/2934] 96b0f93a-6153-4f1f-a2c5-3d85f5ee7a06: not valid; 0.9 s; peak memory 5610 MiB.
2026-10-01T19:01:27Z INFO [980/2934] 96b61703-5e3f-406f-9324-7f8a97d2db03: valid; 1.1 s; peak memory 5610 MiB.
2026-10-01T19:01:28Z INFO [981/2934] 96c65f1d-d62c-43b2-8ecc-7201e4b2637d: valid; 0.7 s; peak memory 5610 MiB.
2026-10-01T19:01:34Z INFO [982/2934] 96f934f1-7e0e-49c3-b7f2-0472101ab3e7: valid; 6.0 s; peak memory 5610 MiB.
2026-10-01T19:01:35Z INFO [983/2934] 9706a8df-20ab-4079-a87b-8d8ee3edada1: valid; 1.3 s; peak memory 5610 MiB.
2026-10-01T19:01:36Z INFO [984/2934] 9707bb2c-78e4-4073-9ea6-8a6d4bf30e46: not valid; 0.7 s; peak memory 5610 MiB.
2026-10-01T19:01:38Z INFO [985/2934] 9712d1ea-342b-4ac6-91ef-811eda608d72: valid; 2.3 s; peak memory 5610 MiB.
2026-10-01T19:01:41Z INFO [986/2934] 971a7288-6619-406f-8954-ae02ae8ee4ba: valid; 2.7 s; peak memory 5610 MiB.
2026-10-01T19:01:42Z INFO [987/2934] 9739468c-8e44-4f4f-b59f-1ab7004ff513: valid; 1.3 s; peak memory 5610 MiB.
2026-10-01T19:01:43Z INFO [988/2934] 973aa8a2-ab33-4426-9704-73ce4c0c07aa: not valid; 0.8 s; peak memory 5610 MiB.
2026-10-01T19:01:44Z INFO [989/2934] 9746d635-52c0-4b85-860a-a2b2c6e01df7: not valid; 0.9 s; peak memory 5610 MiB.
2026-10-01T19:01:55Z INFO [990/2934] 9768a8b7-553a-404a-a5ce-62effcd216d0: valid; 10.9 s; peak memory 5610 MiB.
2026-10-01T19:01:56Z INFO [991/2934] 97983dad-9019-4081-b798-9fe780df89ca: valid; 0.9 s; peak memory 5610 MiB.
2026-10-01T19:01:57Z INFO [992/2934] 979e9b8b-5fd4-463b-9d55-eb6632d29091: valid; 1.5 s; peak memory 5610 MiB.
2026-10-01T19:02:00Z INFO [993/2934] 97a22227-750b-4a69-9a8d-455c783d087b: valid; 3.1 s; peak memory 5610 MiB.
2026-10-01T19:02:09Z INFO [994/2934] 97bbe6d6-7619-40f5-80bb-c79ed985e735: valid; 8.8 s; peak memory 5610 MiB.
2026-10-01T19:02:11Z INFO [995/2934] 97e0ee85-ddd9-41d3-bd1c-3e3c566d080e: valid; 2.2 s; peak memory 5610 MiB.
2026-10-01T19:02:13Z INFO [996/2934] 97e2b090-de0f-4fb0-b759-1b7d4a55e292: not valid; 2.1 s; peak memory 5610 MiB.
2026-10-01T19:02:14Z INFO [997/2934] 97e39b26-f85c-4f5f-9d5e-08b2b8b2e142: valid; 0.4 s; peak memory 5610 MiB.
2026-10-01T19:02:28Z INFO [998/2934] 97ec40e6-29a4-44c7-9597-26a42d1aa51c: valid; 13.7 s; peak memory 5610 MiB.
2026-10-01T19:02:29Z INFO [999/2934] 97f37563-0d36-4a9a-94fb-95840b5f29de: not valid; 1.6 s; peak memory 5610 MiB.
2026-10-01T19:02:30Z INFO [1000/2934] 97f89de0-e88e-46b9-9b29-6fd390498f2d: not valid; 0.9 s; peak memory 5610 MiB.
2026-10-01T19:02:31Z INFO [1000/2934] 97f89de0-e88e-46b9-9b29-6fd390498f2d: checkpointed 88010 records.
2026-10-01T19:02:32Z INFO [1001/2934] 98208b0d-0f03-40d7-8f32-aedd9d6ae877: not valid; 1.0 s; peak memory 5610 MiB.
2026-10-01T19:02:33Z INFO [1002/2934] 98329311-4c95-4443-bc09-e1a9ba6b687f: valid; 0.9 s; peak memory 5610 MiB.
2026-10-01T19:02:34Z INFO [1003/2934] 9848e133-11b8-4376-bab2-874c13134dab: valid; 1.2 s; peak memory 5610 MiB.
2026-10-01T19:02:35Z INFO [1004/2934] 9854413d-ebfb-430b-9582-fd7fcd7c0fda: valid; 0.8 s; peak memory 5610 MiB.
2026-10-01T19:02:36Z INFO [1005/2934] 98769aff-088d-4bed-910a-ecdd9ee2ee6a: valid; 1.0 s; peak memory 5610 MiB.
2026-10-01T19:02:36Z INFO [1006/2934] 9877de0c-b367-4232-95c6-c4e71aa0fb5a: not valid; 0.9 s; peak memory 5610 MiB.
2026-10-01T19:02:37Z INFO [1007/2934] 987ba7a6-2460-42e6-8f24-6d061e30994c: valid; 0.8 s; peak memory 5610 MiB.
2026-10-01T19:02:39Z INFO [1008/2934] 988c1676-c49f-45a7-b348-921d81d0e38b: valid; 1.5 s; peak memory 5610 MiB.
2026-10-01T19:02:40Z WARNING 988ea2a6-161c-4e4a-a75d-5c80718277e4: failed while opening the NWB file (ConstructError: (root/acquisition/_iblmic_audioSpectrogram/bands GroupBuilder {'attributes': {'colnames': array(['freq'], dtype=object), 'description': 'spectogram frequencies', 'namespace': 'core', 'neurodata_type': 'FrequencyBandsTable', 'object_id': '29c957aa-9e11-451c-86af-65f38564205f'}, 'groups': {}, 'datasets': {'freq': root/acquisition/_iblmic_audioSpectrogram/bands/freq DatasetBuilder {'attributes': {'description': 'frequency value', 'namespace': 'hdmf-common', 'neurodata_type': 'VectorData', 'object_id': '72e6b817-3cfb-4f49-8155-843420d91b3b'}, 'data': <HDF5 dataset "freq": shape (257,), type "<f4">}, 'id': root/acquisition/_iblmic_audioSpectrogram/bands/id DatasetBuilder {'attributes': {'namespace': 'hdmf-common', 'neurodata_type': 'ElementIdentifiers', 'object_id': '489f3954-b135-4e6c-9240-6a7d8c03d268'}, 'data': <HDF5 dataset "id": shape (257,), type "<i4">}}, 'links': {}}, "Could not construct FrequencyBandsTable object due to: column must have the same number of rows as 'id'"))
2026-10-01T19:02:47Z INFO [1010/2934] 98f37ea6-63dd-4984-bb21-cd3692794c83: valid; 7.5 s; peak memory 5610 MiB.
2026-10-01T19:02:48Z INFO [1011/2934] 992982f6-bdcd-48ec-9f66-e43b6bf9d096: valid; 0.8 s; peak memory 5610 MiB.
2026-10-01T19:02:49Z INFO [1012/2934] 99384087-3e41-423a-af46-4c786eabdbee: valid; 1.1 s; peak memory 5610 MiB.
2026-10-01T19:02:52Z INFO [1013/2934] 9938ad26-9e74-4728-91b3-3a98ea126d21: valid; 2.2 s; peak memory 5610 MiB.
2026-10-01T19:02:52Z INFO [1014/2934] 99867a87-f97a-4aad-ac15-0ee563766174: valid; 0.9 s; peak memory 5610 MiB.
2026-10-01T19:02:55Z INFO [1015/2934] 9990c2e9-29e6-4f57-a279-d0e5e50e986c: valid; 2.6 s; peak memory 5610 MiB.
2026-10-01T19:02:56Z INFO [1016/2934] 9994142a-1752-4113-8c47-55a4321bc72c: valid; 1.1 s; peak memory 5610 MiB.
2026-10-01T19:02:57Z INFO [1017/2934] 99ad62dd-ed6e-4ed7-ae3f-ffd6d1681971: valid; 1.0 s; peak memory 5610 MiB.
2026-10-01T19:02:58Z INFO [1018/2934] 99c162b4-2b40-4e15-a03f-2e91e4c226c3: valid; 0.7 s; peak memory 5610 MiB.
2026-10-01T19:03:01Z INFO [1019/2934] 99e34312-e9e0-434b-8303-2fd6d706af1d: not valid; 3.6 s; peak memory 5610 MiB.
2026-10-01T19:03:05Z INFO [1020/2934] 99fcb334-b101-40b9-941f-e7c1f827118c: valid; 3.4 s; peak memory 5610 MiB.
2026-10-01T19:03:12Z INFO [1021/2934] 9a191982-9159-400f-858a-02b964ff97ad: valid; 7.2 s; peak memory 5610 MiB.
2026-10-01T19:03:14Z INFO [1022/2934] 9a39f143-fe42-4ecf-892e-ce7479913c05: valid; 1.7 s; peak memory 5610 MiB.
2026-10-01T19:03:14Z INFO [1023/2934] 9a3fd95b-c36e-4701-805f-1410ac8efb3a: valid; 0.6 s; peak memory 5610 MiB.
2026-10-01T19:03:15Z INFO [1024/2934] 9a659767-8a73-4f78-b936-e2bf79d5f38b: valid; 0.8 s; peak memory 5610 MiB.
2026-10-01T19:03:18Z INFO [1025/2934] 9a911d0e-8ae5-42c6-9fd4-bdd2b6c8f8d5: valid; 3.0 s; peak memory 5610 MiB.
2026-10-01T19:03:19Z WARNING 9aa1a40f-245b-4bac-afc1-23993d1a4038: failed while opening the NWB file (ConstructError: (root/acquisition/_iblmic_audioSpectrogram/bands GroupBuilder {'attributes': {'colnames': array(['freq'], dtype=object), 'description': 'spectogram frequencies', 'namespace': 'core', 'neurodata_type': 'FrequencyBandsTable', 'object_id': 'c3498379-248a-4907-aef5-a6621a537548'}, 'groups': {}, 'datasets': {'freq': root/acquisition/_iblmic_audioSpectrogram/bands/freq DatasetBuilder {'attributes': {'description': 'frequency value', 'namespace': 'hdmf-common', 'neurodata_type': 'VectorData', 'object_id': '61d5be57-73dc-4d1c-b9de-49b9861d7f2a'}, 'data': <HDF5 dataset "freq": shape (257,), type "<f4">}, 'id': root/acquisition/_iblmic_audioSpectrogram/bands/id DatasetBuilder {'attributes': {'namespace': 'hdmf-common', 'neurodata_type': 'ElementIdentifiers', 'object_id': 'e2f0ab12-6467-440e-a30e-f7f6ad2436ad'}, 'data': <HDF5 dataset "id": shape (257,), type "<i4">}}, 'links': {}}, "Could not construct FrequencyBandsTable object due to: column must have the same number of rows as 'id'"))
2026-10-01T19:03:21Z WARNING 9aa211cc-151c-4b55-a29d-2d83012f7719: failed while opening the NWB file (ConstructError: (root/general/optogenetics/PatternedOptogeneticStimulusSite GroupBuilder {'attributes': {'effector': 'GUR-3/PRDX-2', 'namespace': 'ndx-patterned-ogen', 'neurodata_type': 'PatternedOptogeneticStimulusSite', 'object_id': '581d2861-cbb8-4808-bf00-18552a8c2445'}, 'groups': {}, 'datasets': {'description': root/general/optogenetics/PatternedOptogeneticStimulusSite/description DatasetBuilder {'attributes': {}, 'data': 'Scanning'}, 'excitation_lambda': root/general/optogenetics/PatternedOptogeneticStimulusSite/excitation_lambda DatasetBuilder {'attributes': {}, 'data': np.float64(850.0)}, 'location': root/general/optogenetics/PatternedOptogeneticStimulusSite/location DatasetBuilder {'attributes': {}, 'data': 'whole brain'}}, 'links': {'device': root/general/optogenetics/PatternedOptogeneticStimulusSite/device LinkBuilder {'builder': root/general/devices/OptogeneticDevice GroupBuilder {'attributes': {'description': '', 'namespace': 'core', 'neurodata_type': 'Device', 'object_id': '00e202bd-b60c-4e9b-9950-f7eb7b0bcfde'}, 'groups': {}, 'datasets': {}, 'links': {}}}, 'light_source': root/general/optogenetics/PatternedOptogeneticStimulusSite/light_source LinkBuilder {'builder': root/general/devices/AmplifiedLaser GroupBuilder {'attributes': {'description': 'For two-photon optogenetic targeting, we used an optical parametric amplifier (OPA; Light Conversion ORPHEUS) pumped by a femtosecond amplified laser (Light Conversion PHAROS).', 'filter_description': 'Short pass at 1040 nm', 'manufacturer': 'Light Conversion', 'model': 'ORPHEUS amplifier and PHAROS laser', 'namespace': 'ndx-patterned-ogen', 'neurodata_type': 'LightSource', 'object_id': '468c628b-590c-43c0-a2c9-8fd8b4291197', 'peak_power_in_W': np.float64(0.0012), 'pulse_rate_in_Hz': np.float64(500000.0), 'stimulation_wavelength_in_nm': np.float64(850.0)}, 'groups': {}, 'datasets': {}, 'links': {}}}}}, "Could not construct PatternedOptogeneticStimulusSite object due to: CustomClassGenerator.set_init.<locals>.__init__: incorrect type for 'spatial_light_modulator' (got 'list', expected 'Device')"))
2026-10-01T19:03:22Z INFO [1028/2934] 9acebb4f-c219-45c1-929d-e8c5914388e2: valid; 1.0 s; peak memory 5610 MiB.
2026-10-01T19:03:23Z INFO [1029/2934] 9ad5e469-ef8e-4c25-b825-e668db4d398e: not valid; 0.9 s; peak memory 5610 MiB.
2026-10-01T19:03:23Z INFO [1030/2934] 9ae81efd-ae05-4fc2-9866-68878c5d383f: valid; 0.7 s; peak memory 5610 MiB.
2026-10-01T19:03:27Z INFO [1031/2934] 9af9549d-a77e-479f-8394-f33f090beb75: valid; 3.5 s; peak memory 5610 MiB.
2026-10-01T19:03:28Z INFO [1032/2934] 9af964c0-2a6a-436d-aa71-d4938972d21a: valid; 0.8 s; peak memory 5610 MiB.
2026-10-01T19:03:29Z INFO [1033/2934] 9b0e4a5d-ac3a-4665-9abd-328324c25c94: not valid; 1.1 s; peak memory 5610 MiB.
2026-10-01T19:03:30Z INFO [1034/2934] 9b1bd0f6-c784-42de-915b-974444fc67fe: valid; 1.1 s; peak memory 5610 MiB.
2026-10-01T19:03:31Z INFO [1035/2934] 9b1d5364-4232-43ed-82ef-28d14d42c3d7: valid; 0.7 s; peak memory 5610 MiB.
2026-10-01T19:03:34Z INFO [1036/2934] 9b4a84da-ea91-4316-9096-e6065fa88d1c: valid; 3.5 s; peak memory 5610 MiB.
2026-10-01T19:03:35Z INFO [1037/2934] 9b6e5c44-83db-4444-8378-83c459e278d7: valid; 0.7 s; peak memory 5610 MiB.
2026-10-01T19:03:36Z INFO [1038/2934] 9b8f1aaa-7c73-43c8-a0e8-82ef57a93ca6: valid; 1.0 s; peak memory 5610 MiB.
2026-10-01T19:03:37Z INFO [1039/2934] 9b92ca93-495d-4b6d-8ee0-cbeacb73cd25: valid; 1.2 s; peak memory 5610 MiB.
2026-10-01T19:03:38Z INFO [1040/2934] 9b999f10-a8b2-4581-982d-db1db6b22d1a: valid; 1.2 s; peak memory 5610 MiB.
2026-10-01T19:03:39Z INFO [1041/2934] 9b9dcaf0-6999-455a-9d7d-feeb0489f472: not valid; 1.2 s; peak memory 5610 MiB.
2026-10-01T19:03:40Z INFO [1042/2934] 9ba1ce02-6c65-4b62-ae1b-a8fc81677552: valid; 0.7 s; peak memory 5610 MiB.
2026-10-01T19:03:44Z INFO [1043/2934] 9ba640b2-c165-4a94-8772-60bc2229c348: valid; 3.3 s; peak memory 5610 MiB.
2026-10-01T19:03:45Z INFO [1044/2934] 9bb73ea0-e9d1-4d8b-8705-70f5e3bf0f0b: valid; 1.1 s; peak memory 5610 MiB.
2026-10-01T19:03:48Z INFO [1045/2934] 9bc04f3b-e38a-415e-b574-3364070be36a: not valid; 3.5 s; peak memory 5610 MiB.
2026-10-01T19:03:55Z INFO [1046/2934] 9be9f6b5-50fd-49c4-b8da-77a94a19e831: valid; 7.3 s; peak memory 5610 MiB.
2026-10-01T19:03:56Z INFO [1047/2934] 9bea1df6-e608-4200-bcdd-b949b6722c57: valid; 0.9 s; peak memory 5610 MiB.
2026-10-01T19:03:57Z INFO [1048/2934] 9c177be7-a254-4f26-beb3-17e2c99a8595: valid; 0.7 s; peak memory 5610 MiB.
2026-10-01T19:04:00Z INFO [1049/2934] 9c23498a-f4d9-44df-9cb7-468a15c321cb: valid; 2.6 s; peak memory 5610 MiB.
2026-10-01T19:04:12Z INFO [1050/2934] 9c3d03a1-1638-4e2e-934c-20d94fe1e171: valid; 12.4 s; peak memory 5610 MiB.
2026-10-01T19:04:13Z INFO [1050/2934] 9c3d03a1-1638-4e2e-934c-20d94fe1e171: checkpointed 88010 records.
2026-10-01T19:04:14Z INFO [1051/2934] 9c403d07-d1c3-437c-9c49-4cdbd255fdad: valid; 1.0 s; peak memory 5610 MiB.
2026-10-01T19:04:14Z INFO [1052/2934] 9c49f00e-6df9-4330-86d1-586353bbc071: valid; 0.7 s; peak memory 5610 MiB.
2026-10-01T19:04:15Z INFO [1053/2934] 9c50609f-dfac-4c7f-b61d-c4404a4e4c96: not valid; 1.0 s; peak memory 5610 MiB.
2026-10-01T19:04:16Z INFO [1054/2934] 9c757c99-54fb-4917-b55d-875b174edfda: not valid; 1.0 s; peak memory 5610 MiB.
2026-10-01T19:04:20Z INFO [1055/2934] 9c7e45b4-90d5-42f2-8f34-08245dad3d9c: valid; 3.3 s; peak memory 5610 MiB.
2026-10-01T19:04:21Z INFO [1056/2934] 9c86a6df-b4a5-4a9b-b5c0-0b32f9df83f2: valid; 0.8 s; peak memory 5610 MiB.
2026-10-01T19:04:27Z INFO [1057/2934] 9c89bffc-2abf-400c-baa2-3c4a64d4bb20: not valid; 6.5 s; peak memory 5610 MiB.
2026-10-01T19:04:28Z INFO [1058/2934] 9c98d697-583f-423b-bb55-51d08b86350f: valid; 0.7 s; peak memory 5610 MiB.
2026-10-01T19:04:29Z INFO [1059/2934] 9c99c76e-c225-4d96-b7cd-7c52d6fee10b: not valid; 1.6 s; peak memory 5610 MiB.
2026-10-01T19:04:32Z INFO [1060/2934] 9cbda80e-f6b7-4074-b864-e91821634ee6: valid; 2.6 s; peak memory 5610 MiB.
2026-10-01T19:04:33Z WARNING 9cc582e2-6223-4dae-a675-2548097e3f0a: failed while opening the NWB file (ConstructError: (root/acquisition/_iblmic_audioSpectrogram/bands GroupBuilder {'attributes': {'colnames': array(['freq'], dtype=object), 'description': 'spectogram frequencies', 'namespace': 'core', 'neurodata_type': 'FrequencyBandsTable', 'object_id': '0fc46902-306e-4509-94c1-f9a687c86b88'}, 'groups': {}, 'datasets': {'freq': root/acquisition/_iblmic_audioSpectrogram/bands/freq DatasetBuilder {'attributes': {'description': 'frequency value', 'namespace': 'hdmf-common', 'neurodata_type': 'VectorData', 'object_id': '7b7fa01f-f9a7-4f64-8883-1e3d346d5f48'}, 'data': <HDF5 dataset "freq": shape (257,), type "<f4">}, 'id': root/acquisition/_iblmic_audioSpectrogram/bands/id DatasetBuilder {'attributes': {'namespace': 'hdmf-common', 'neurodata_type': 'ElementIdentifiers', 'object_id': '67f89839-7576-4fd0-b286-c68506fde92b'}, 'data': <HDF5 dataset "id": shape (257,), type "<i4">}}, 'links': {}}, "Could not construct FrequencyBandsTable object due to: column must have the same number of rows as 'id'"))
2026-10-01T19:04:34Z INFO [1062/2934] 9cdf9480-b81b-4343-8293-b7b6583dad00: valid; 1.1 s; peak memory 5610 MiB.
2026-10-01T19:04:35Z INFO [1063/2934] 9d061400-9625-42e9-9e19-26879bb7369e: valid; 1.4 s; peak memory 5610 MiB.
2026-10-01T19:04:39Z INFO [1064/2934] 9d0ce2b8-a16a-4b47-9dc5-fbba71bb3064: valid; 3.5 s; peak memory 5610 MiB.
2026-10-01T19:04:41Z INFO [1065/2934] 9d0f2b8a-9d8a-4f1e-87dc-cfd624f34cf1: valid; 1.7 s; peak memory 5610 MiB.
2026-10-01T19:04:47Z INFO [1066/2934] 9d1e6c89-eb6f-46e3-a823-5a2aed3759ea: valid; 6.4 s; peak memory 5610 MiB.
2026-10-01T19:04:48Z INFO [1067/2934] 9d220a71-a90e-46c5-aa78-658521cc82bc: valid; 1.0 s; peak memory 5610 MiB.
2026-10-01T19:04:50Z INFO [1068/2934] 9d38c152-a94f-4c6d-b6f1-2f1e0ed9e836: valid; 1.6 s; peak memory 5610 MiB.
2026-10-01T19:04:51Z WARNING 9d3e0516-0511-476c-ac13-b2694b02e7cf: failed while opening the NWB file (ConstructError: (root/acquisition/event_code_meanings GroupBuilder {'attributes': {'colnames': array(['value', 'meaning'], dtype=object), 'description': 'Mapping integer event codes to event labels', 'namespace': 'ndx-events', 'neurodata_type': 'MeaningsTable', 'object_id': '174cd322-232a-4978-bc84-aed57110ef4d'}, 'groups': {}, 'datasets': {'id': root/acquisition/event_code_meanings/id DatasetBuilder {'attributes': {'namespace': 'hdmf-common', 'neurodata_type': 'ElementIdentifiers', 'object_id': 'dbb95d29-f666-4cfe-8ccb-ca5dd146e80b'}, 'data': <HDF5 dataset "id": shape (26,), type "<i8">}, 'meaning': root/acquisition/event_code_meanings/meaning DatasetBuilder {'attributes': {'description': 'The meaning of the value in the parent CategoricalVectorData object.', 'namespace': 'hdmf-experimental', 'neurodata_type': 'VectorData', 'object_id': 'dc442350-4910-4042-856c-0da507dec932'}, 'data': <StrDataset for HDF5 dataset "meaning": shape (26,), type "|O">}, 'value': root/acquisition/event_code_meanings/value DatasetBuilder {'attributes': {'description': 'The value of the parent CategoricalVectorData object.', 'namespace': 'hdmf-experimental', 'neurodata_type': 'VectorData', 'object_id': '8db1ab10-4e18-452c-b0ed-a3b6c2357b26'}, 'data': <HDF5 dataset "value": shape (26,), type "<i8">}}, 'links': {}}, "Could not construct MeaningsTable object due to: MeaningsTable.__init__: missing argument 'target'"))
2026-10-01T19:04:53Z INFO [1070/2934] 9d3e7e7f-f0bd-4ba4-9d4e-f8d2936da3e3: valid; 2.0 s; peak memory 5610 MiB.
2026-10-01T19:04:54Z INFO [1071/2934] 9d4026b7-e559-485a-a266-e5ad1f4cd552: valid; 0.7 s; peak memory 5610 MiB.
2026-10-01T19:04:55Z INFO [1072/2934] 9d4d5aea-7bd1-459f-9b9a-e8f7a8db7a79: valid; 0.8 s; peak memory 5610 MiB.
2026-10-01T19:04:56Z INFO [1073/2934] 9d557fc5-15c9-4fe2-a502-dc9417c310fe: valid; 1.2 s; peak memory 5610 MiB.
2026-10-01T19:04:58Z INFO [1074/2934] 9d67bf77-1cce-4f3f-8ff1-649f33f107a7: valid; 1.9 s; peak memory 5610 MiB.
2026-10-01T19:04:59Z INFO [1075/2934] 9de50b24-4cd1-43a0-b2fa-adc655af4b8c: valid; 1.7 s; peak memory 5610 MiB.
2026-10-01T19:05:01Z INFO [1076/2934] 9e16959a-71d0-4192-a6f7-53eeece43afd: valid; 1.6 s; peak memory 5610 MiB.
2026-10-01T19:05:03Z INFO [1077/2934] 9e182e3d-0e6f-4c10-b128-aa29a3bafb6c: valid; 1.6 s; peak memory 5610 MiB.
2026-10-01T19:05:07Z INFO [1078/2934] 9e2e8e4e-54e0-49e1-8311-9edd9ee4727e: valid; 4.0 s; peak memory 5610 MiB.
2026-10-01T19:05:07Z INFO [1079/2934] 9e605ff1-ac9e-49ce-b0a4-9c1bbc77f606: valid; 0.8 s; peak memory 5610 MiB.
2026-10-01T19:05:11Z INFO [1080/2934] 9e856a0d-0561-4a40-9fc7-98277ddd4648: valid; 3.3 s; peak memory 5610 MiB.
2026-10-01T19:05:13Z INFO [1081/2934] 9edfdbe4-fcf9-43d1-8f2c-89332bfb1e82: valid; 2.1 s; peak memory 5610 MiB.
2026-10-01T19:05:15Z INFO [1082/2934] 9ee1dd00-43f7-4c63-a831-6f0c76f7041b: valid; 1.7 s; peak memory 5610 MiB.
2026-10-01T19:05:15Z INFO [1083/2934] 9f098fcf-c118-4623-99bd-1b59a1faa4c3: valid; 0.5 s; peak memory 5610 MiB.
2026-10-01T19:05:19Z INFO [1084/2934] 9f7cb39f-86b7-49b5-be79-cc1626346a65: not valid; 3.8 s; peak memory 5610 MiB.
2026-10-01T19:05:20Z INFO [1085/2934] 9f97f080-750c-4710-a2ff-12090fa8cea0: valid; 0.7 s; peak memory 5610 MiB.
2026-10-01T19:05:20Z INFO [1086/2934] 9fa15c6a-986d-4151-a7bf-0556205aacc2: valid; 0.7 s; peak memory 5610 MiB.
2026-10-01T19:05:22Z WARNING 9fbacc3f-e3c2-4cd2-ad3c-f8cd9ed4d15b: failed while opening the NWB file (ConstructError: (root/acquisition/_iblmic_audioSpectrogram/bands GroupBuilder {'attributes': {'colnames': array(['freq'], dtype=object), 'description': 'spectogram frequencies', 'namespace': 'core', 'neurodata_type': 'FrequencyBandsTable', 'object_id': '015effb1-07b0-4caa-afff-1a02633df301'}, 'groups': {}, 'datasets': {'freq': root/acquisition/_iblmic_audioSpectrogram/bands/freq DatasetBuilder {'attributes': {'description': 'frequency value', 'namespace': 'hdmf-common', 'neurodata_type': 'VectorData', 'object_id': 'dacee5d2-b6df-440a-9e63-e75e07b7f49d'}, 'data': <HDF5 dataset "freq": shape (257,), type "<f4">}, 'id': root/acquisition/_iblmic_audioSpectrogram/bands/id DatasetBuilder {'attributes': {'namespace': 'hdmf-common', 'neurodata_type': 'ElementIdentifiers', 'object_id': 'f5e8ef5d-ee95-494d-8b90-ee123d3647e1'}, 'data': <HDF5 dataset "id": shape (257,), type "<i4">}}, 'links': {}}, "Could not construct FrequencyBandsTable object due to: column must have the same number of rows as 'id'"))
2026-10-01T19:05:23Z INFO [1088/2934] 9fbc8572-ce62-4dad-be37-2f4cf4c675d0: valid; 1.1 s; peak memory 5610 MiB.
2026-10-01T19:05:24Z INFO [1089/2934] 9fcc11f3-e3df-4f1f-9f1a-caca452ad7f7: not valid; 1.1 s; peak memory 5610 MiB.
2026-10-01T19:05:25Z INFO [1090/2934] a0136273-1e3c-4290-a5ad-df811ef25f1e: valid; 1.5 s; peak memory 5610 MiB.
2026-10-01T19:05:26Z INFO [1091/2934] a0160990-c01d-45de-830b-574214ee6ae9: valid; 0.7 s; peak memory 5610 MiB.
2026-10-01T19:05:27Z INFO [1092/2934] a03251a4-7d9b-4daf-903b-6919f5bf84b3: valid; 0.6 s; peak memory 5610 MiB.
2026-10-01T19:05:28Z INFO [1093/2934] a03e5e92-a468-4d6e-a20f-d02752eda6a7: valid; 1.0 s; peak memory 5610 MiB.
2026-10-01T19:05:29Z WARNING a0472cb6-40d1-40eb-aca6-0ce25f566417: failed while opening the NWB file (ConstructError: (root/acquisition/_iblmic_audioSpectrogram/bands GroupBuilder {'attributes': {'colnames': array(['freq'], dtype=object), 'description': 'spectogram frequencies', 'namespace': 'core', 'neurodata_type': 'FrequencyBandsTable', 'object_id': '03632ef2-11e9-4e64-b63e-bb546afc4919'}, 'groups': {}, 'datasets': {'freq': root/acquisition/_iblmic_audioSpectrogram/bands/freq DatasetBuilder {'attributes': {'description': 'frequency value', 'namespace': 'hdmf-common', 'neurodata_type': 'VectorData', 'object_id': '8edbfc85-3e19-48b2-a139-8ef8abf62f27'}, 'data': <HDF5 dataset "freq": shape (257,), type "<f4">}, 'id': root/acquisition/_iblmic_audioSpectrogram/bands/id DatasetBuilder {'attributes': {'namespace': 'hdmf-common', 'neurodata_type': 'ElementIdentifiers', 'object_id': '0e11b8d2-95f1-49a4-adfe-e6d6d2df7911'}, 'data': <HDF5 dataset "id": shape (257,), type "<i4">}}, 'links': {}}, "Could not construct FrequencyBandsTable object due to: column must have the same number of rows as 'id'"))
2026-10-01T19:05:35Z INFO [1095/2934] a0605a0d-06ec-4da0-85d4-cb53e286c0e6: valid; 6.1 s; peak memory 5610 MiB.
2026-10-01T19:05:36Z INFO [1096/2934] a076edca-be22-482b-b95f-87e7e4d7a431: valid; 1.1 s; peak memory 5610 MiB.
2026-10-01T19:05:38Z INFO [1097/2934] a077deb0-7b69-47af-885e-ee7018ee028c: valid; 2.5 s; peak memory 5610 MiB.
2026-10-01T19:05:39Z INFO [1098/2934] a07d31cf-c9cc-41dc-aa13-2d197604c8b9: valid; 1.0 s; peak memory 5610 MiB.
2026-10-01T19:05:41Z INFO [1099/2934] a08266d8-936e-4a29-ba45-54ecb0e552c3: valid; 1.3 s; peak memory 5610 MiB.
2026-10-01T19:05:42Z INFO [1100/2934] a0a3e59c-7782-4135-8dae-defbe41d5e33: valid; 1.2 s; peak memory 5610 MiB.
2026-10-01T19:05:43Z INFO [1100/2934] a0a3e59c-7782-4135-8dae-defbe41d5e33: checkpointed 88010 records.
2026-10-01T19:05:44Z INFO [1101/2934] a0bb27a3-54c2-412d-be69-1b60081677d6: valid; 1.1 s; peak memory 5610 MiB.
2026-10-01T19:05:45Z INFO [1102/2934] a0e5f4d1-6683-4617-9c74-d2f8ba2039f2: valid; 1.5 s; peak memory 5610 MiB.
2026-10-01T19:05:46Z INFO [1103/2934] a0e8931f-1f26-4efe-88b2-7e029e919b42: valid; 0.8 s; peak memory 5610 MiB.
2026-10-01T19:05:46Z INFO [1104/2934] a0ef43cd-24ab-4a25-8bf3-449e9e6b60d3: valid; 0.5 s; peak memory 5610 MiB.
2026-10-01T19:05:48Z INFO [1105/2934] a1018b65-2733-4727-8e9e-ea7b4c820ffa: valid; 2.0 s; peak memory 5610 MiB.
2026-10-01T19:05:50Z INFO [1106/2934] a1046639-1503-4adb-954f-fdae3a769c44: valid; 1.4 s; peak memory 5610 MiB.
2026-10-01T19:06:00Z INFO [1107/2934] a10ee1b4-d67b-4db0-ac39-e9d0be6176db: valid; 9.6 s; peak memory 5610 MiB.
2026-10-01T19:06:01Z INFO [1108/2934] a113d58b-b318-4021-a232-66b9be39c41f: valid; 1.1 s; peak memory 5610 MiB.
2026-10-01T19:06:02Z INFO [1109/2934] a1507965-2cbe-4426-9404-db62aaf6e773: valid; 1.5 s; peak memory 5610 MiB.
2026-10-01T19:06:03Z WARNING a1624d23-895c-4ad2-b0f6-78c9fa24d1a2: failed while opening the NWB file (ConstructError: (root/acquisition/event_code_meanings GroupBuilder {'attributes': {'colnames': array(['value', 'meaning'], dtype=object), 'description': 'Mapping integer event codes to event labels', 'namespace': 'ndx-events', 'neurodata_type': 'MeaningsTable', 'object_id': '1e973fab-d686-497b-a7e8-f4bdf483ffab'}, 'groups': {}, 'datasets': {'id': root/acquisition/event_code_meanings/id DatasetBuilder {'attributes': {'namespace': 'hdmf-common', 'neurodata_type': 'ElementIdentifiers', 'object_id': 'ce14f8e3-bd1d-4257-b9d7-14675ad48ba3'}, 'data': <HDF5 dataset "id": shape (26,), type "<i8">}, 'meaning': root/acquisition/event_code_meanings/meaning DatasetBuilder {'attributes': {'description': 'The meaning of the value in the parent CategoricalVectorData object.', 'namespace': 'hdmf-experimental', 'neurodata_type': 'VectorData', 'object_id': '64966d73-7ee5-4c91-b458-ae178f559f63'}, 'data': <StrDataset for HDF5 dataset "meaning": shape (26,), type "|O">}, 'value': root/acquisition/event_code_meanings/value DatasetBuilder {'attributes': {'description': 'The value of the parent CategoricalVectorData object.', 'namespace': 'hdmf-experimental', 'neurodata_type': 'VectorData', 'object_id': '771b1c7d-b3c5-4eea-bafb-d989c6ea2528'}, 'data': <HDF5 dataset "value": shape (26,), type "<i8">}}, 'links': {}}, "Could not construct MeaningsTable object due to: MeaningsTable.__init__: missing argument 'target'"))
2026-10-01T19:06:04Z INFO [1111/2934] a16861e5-0bfa-40fa-ac50-2e569f425dca: not valid; 0.8 s; peak memory 5610 MiB.
2026-10-01T19:06:13Z INFO [1112/2934] a1759193-690c-4aa6-aff8-f547336c6a7a: valid; 8.9 s; peak memory 5610 MiB.
2026-10-01T19:06:14Z INFO [1113/2934] a178936d-fde2-4cb5-bba2-06a5c4f8d5b7: valid; 1.1 s; peak memory 5610 MiB.
2026-10-01T19:06:15Z INFO [1114/2934] a185fe76-b4be-4400-bb9a-43e7607bfd7e: valid; 1.2 s; peak memory 5610 MiB.
2026-10-01T19:06:16Z INFO [1115/2934] a191a7cf-8a6b-4873-9dd7-21d830a3a03f: not valid; 1.3 s; peak memory 5610 MiB.
2026-10-01T19:06:20Z INFO [1116/2934] a196e5ed-b107-4b62-84a5-8c791ea82ed1: valid; 3.2 s; peak memory 5610 MiB.
2026-10-01T19:06:22Z INFO [1117/2934] a19b7f1b-555d-41cd-90ec-4658e612e1f6: valid; 2.4 s; peak memory 5610 MiB.
2026-10-01T19:06:23Z INFO [1118/2934] a1a3be95-7c1b-4cfe-a93e-32566660596a: valid; 0.6 s; peak memory 5610 MiB.
2026-10-01T19:06:23Z INFO [1119/2934] a1e7aff5-e0d0-4d14-8668-28007671d67a: valid; 0.5 s; peak memory 5610 MiB.
2026-10-01T19:06:24Z INFO [1120/2934] a2132edb-6fe9-47c6-9619-eca10d4cba80: valid; 1.2 s; peak memory 5610 MiB.
2026-10-01T19:06:28Z INFO [1121/2934] a21af6e1-924f-4917-aefd-17089b635911: valid; 3.6 s; peak memory 5610 MiB.
2026-10-01T19:06:39Z INFO [1122/2934] a223ef63-3996-4710-ac1a-52536ca83e52: valid; 10.9 s; peak memory 5610 MiB.
2026-10-01T19:06:41Z INFO [1123/2934] a22fab92-0000-4dbe-8062-8f473d2a90c7: valid; 1.7 s; peak memory 5610 MiB.
2026-10-01T19:06:42Z INFO [1124/2934] a23b0ac1-5a29-4c4b-83b0-49470aa5dcdc: valid; 1.7 s; peak memory 5610 MiB.
2026-10-01T19:06:43Z INFO [1125/2934] a2435515-d61a-443c-a899-d34517778fc6: valid; 1.1 s; peak memory 5610 MiB.
2026-10-01T19:06:45Z WARNING a25b4db8-945b-4838-a760-930dc984cc9d: failed while opening the NWB file (ConstructError: (root/acquisition/_iblmic_audioSpectrogram/bands GroupBuilder {'attributes': {'colnames': array(['freq'], dtype=object), 'description': 'spectogram frequencies', 'namespace': 'core', 'neurodata_type': 'FrequencyBandsTable', 'object_id': '6d9b3f4e-97ab-4589-89c6-319c9e17a00b'}, 'groups': {}, 'datasets': {'freq': root/acquisition/_iblmic_audioSpectrogram/bands/freq DatasetBuilder {'attributes': {'description': 'frequency value', 'namespace': 'hdmf-common', 'neurodata_type': 'VectorData', 'object_id': '21297203-56a6-497c-8690-daf206e69870'}, 'data': <HDF5 dataset "freq": shape (257,), type "<f4">}, 'id': root/acquisition/_iblmic_audioSpectrogram/bands/id DatasetBuilder {'attributes': {'namespace': 'hdmf-common', 'neurodata_type': 'ElementIdentifiers', 'object_id': '8024b47f-7f29-4c1b-a0d4-47f80a352024'}, 'data': <HDF5 dataset "id": shape (257,), type "<i4">}}, 'links': {}}, "Could not construct FrequencyBandsTable object due to: column must have the same number of rows as 'id'"))
2026-10-01T19:06:49Z INFO [1127/2934] a26ce522-bbc2-45c2-af1c-35afe524158d: not valid; 4.3 s; peak memory 5610 MiB.
2026-10-01T19:06:55Z INFO [1128/2934] a28b2e91-17bf-4ae2-ac02-898d5f2f9596: valid; 5.8 s; peak memory 5610 MiB.
2026-10-01T19:06:57Z INFO [1129/2934] a2903405-f989-4d1a-96f3-4571e8280858: valid; 2.3 s; peak memory 5610 MiB.
2026-10-01T19:07:01Z INFO [1130/2934] a2c50274-6a8b-4e65-8357-3255c53cf36b: valid; 3.8 s; peak memory 5610 MiB.
2026-10-01T19:07:02Z INFO [1131/2934] a2cbe91b-43e9-4e66-84dd-e11077e38837: valid; 0.9 s; peak memory 5610 MiB.
2026-10-01T19:07:03Z INFO [1132/2934] a2d979bd-3bd0-489f-bef9-c7d1fa69091b: valid; 0.9 s; peak memory 5610 MiB.
2026-10-01T19:07:06Z INFO [1133/2934] a2fc4a20-5118-48ea-9bf3-fb5060e51230: valid; 3.0 s; peak memory 5610 MiB.
2026-10-01T19:07:12Z INFO [1134/2934] a3122a4b-0035-4c2c-8d47-b067c32ab8fd: valid; 6.1 s; peak memory 5610 MiB.
2026-10-01T19:07:13Z INFO [1135/2934] a324e2d0-0d03-45b2-9286-37cb460ce69d: valid; 1.8 s; peak memory 5610 MiB.
2026-10-01T19:07:18Z INFO [1136/2934] a37b62ba-5849-480b-a843-49a2b0585363: valid; 4.6 s; peak memory 5610 MiB.
2026-10-01T19:07:19Z INFO [1137/2934] a3a83e4e-aef0-4705-a9a7-4d63e03ecc87: not valid; 1.1 s; peak memory 5610 MiB.
2026-10-01T19:07:23Z INFO [1138/2934] a3c019a9-56be-4bc3-b5f0-b8f351cf31a1: not valid; 3.7 s; peak memory 5610 MiB.
2026-10-01T19:07:23Z INFO [1139/2934] a3cd1f0f-324f-4707-b795-738458df2502: valid; 0.8 s; peak memory 5610 MiB.
2026-10-01T19:07:26Z INFO [1140/2934] a3cfeb6d-97b1-43ad-8bb0-8359644d2e67: valid; 2.2 s; peak memory 5610 MiB.
2026-10-01T19:07:28Z INFO [1141/2934] a3d1a087-9d08-4eff-9f7c-6e6891e00abb: valid; 2.7 s; peak memory 5610 MiB.
2026-10-01T19:07:29Z INFO [1142/2934] a4017622-ec09-43fa-996b-44d14178a3f2: valid; 1.1 s; peak memory 5610 MiB.
2026-10-01T19:07:34Z INFO [1143/2934] a40d75f2-2587-492a-9178-2ee69bfcd4ca: valid; 4.1 s; peak memory 5610 MiB.
2026-10-01T19:07:35Z INFO [1144/2934] a4116cda-59f3-4ccb-aece-184ecde6694a: valid; 1.0 s; peak memory 5610 MiB.
2026-10-01T19:07:35Z INFO [1145/2934] a440566b-541c-4a35-af3c-6b1e513f2b7e: not valid; 0.9 s; peak memory 5610 MiB.
2026-10-01T19:07:43Z INFO [1146/2934] a4424c04-6cfd-40f4-880c-e4ffa62ef082: valid; 7.1 s; peak memory 5610 MiB.
2026-10-01T19:07:45Z INFO [1147/2934] a45507db-a0e2-45bf-b9f8-65017345fb7d: not valid; 2.5 s; peak memory 5610 MiB.
2026-10-01T19:07:46Z WARNING a4a0e028-7743-4852-9221-32567e8a447a: failed while opening the NWB file (ConstructError: (root/acquisition/event_code_meanings GroupBuilder {'attributes': {'colnames': array(['value', 'meaning'], dtype=object), 'description': 'Mapping integer event codes to event labels', 'namespace': 'ndx-events', 'neurodata_type': 'MeaningsTable', 'object_id': 'f95ce111-4ca0-476f-9687-c52d67ac9050'}, 'groups': {}, 'datasets': {'id': root/acquisition/event_code_meanings/id DatasetBuilder {'attributes': {'namespace': 'hdmf-common', 'neurodata_type': 'ElementIdentifiers', 'object_id': '4e16d4b4-6fa6-4f3e-b1f6-146514c2f637'}, 'data': <HDF5 dataset "id": shape (26,), type "<i8">}, 'meaning': root/acquisition/event_code_meanings/meaning DatasetBuilder {'attributes': {'description': 'The meaning of the value in the parent CategoricalVectorData object.', 'namespace': 'hdmf-experimental', 'neurodata_type': 'VectorData', 'object_id': '42ead6a1-149d-4f90-b1cb-ff203612ca3e'}, 'data': <StrDataset for HDF5 dataset "meaning": shape (26,), type "|O">}, 'value': root/acquisition/event_code_meanings/value DatasetBuilder {'attributes': {'description': 'The value of the parent CategoricalVectorData object.', 'namespace': 'hdmf-experimental', 'neurodata_type': 'VectorData', 'object_id': '54d3d81c-73c0-463f-8118-35a826ba2807'}, 'data': <HDF5 dataset "value": shape (26,), type "<i8">}}, 'links': {}}, "Could not construct MeaningsTable object due to: MeaningsTable.__init__: missing argument 'target'"))
2026-10-01T19:07:47Z INFO [1149/2934] a4a87e15-c75b-4bfd-b7bd-a6499d212380: valid; 1.0 s; peak memory 5610 MiB.
2026-10-01T19:07:49Z INFO [1150/2934] a4a98520-8b82-4834-89e4-7ff6ecb88e42: valid; 1.5 s; peak memory 5610 MiB.
2026-10-01T19:07:49Z INFO [1150/2934] a4a98520-8b82-4834-89e4-7ff6ecb88e42: checkpointed 88010 records.
2026-10-01T19:07:51Z INFO [1151/2934] a4c83529-4bfb-4347-8e69-6da8ef97c9da: valid; 1.5 s; peak memory 5610 MiB.
2026-10-01T19:07:51Z INFO [1152/2934] a4ca1796-3783-4100-b4ef-0016e6cbfa76: valid; 0.7 s; peak memory 5610 MiB.
2026-10-01T19:07:51Z WARNING a516142a-e1d3-4c9b-befd-dc6a45a4b798: failed while retrieving asset information from the DANDI API (NotFoundError: No asset at path 'sub-parkinson-simulated-beta/sub-parkinson-simulated-beta_ses-4643_ecephys.nwb' in version 0.250327.2220. Verify the path is correct and the asset exists in this version. Use 'dandi ls' to list available assets.)
2026-10-01T19:07:51Z WARNING a535491c-e686-47fd-a5e6-cacc335e28fd: failed while retrieving asset information from the DANDI API (NotFoundError: No asset at path 'sub-parkinson-simulated-lfp/sub-parkinson-simulated-lfp_ses-8577_ecephys.nwb' in version 0.250327.2220. Verify the path is correct and the asset exists in this version. Use 'dandi ls' to list available assets.)
2026-10-01T19:07:53Z INFO [1155/2934] a5556234-7e8e-4433-a019-f0e180bfe933: not valid; 1.0 s; peak memory 5610 MiB.
2026-10-01T19:07:53Z INFO [1156/2934] a55a24bb-9cf5-4417-b820-da0b53880ce6: valid; 0.6 s; peak memory 5610 MiB.
2026-10-01T19:07:54Z WARNING a592892a-2871-464c-9e15-ac406eba29c3: failed while opening the NWB file (ValueError: Cannot resolve included group spec 'electrodes' with data_type_inc 'ElectrodesTable' because a group spec with the same name already exists with data_type_inc 'DynamicTable', and data type 'DynamicTable' is not a child type of data type 'ElectrodesTable'.)
2026-10-01T19:07:55Z INFO [1158/2934] a5a52a2f-51c9-4d9b-87f4-ba2a56e22c2e: not valid; 0.7 s; peak memory 5610 MiB.
2026-10-01T19:07:56Z INFO [1159/2934] a5a90873-3c3f-4a23-a3fb-e2d3d3860cdb: valid; 1.3 s; peak memory 5610 MiB.
2026-10-01T19:07:58Z INFO [1160/2934] a5b6635b-9b87-4ecd-92c4-a0f9189efcb3: valid; 1.7 s; peak memory 5610 MiB.
2026-10-01T19:07:59Z INFO [1161/2934] a5d23e98-13fc-4c4a-945b-706463a563c4: valid; 1.9 s; peak memory 5610 MiB.
2026-10-01T19:08:02Z INFO [1162/2934] a5e13c89-309f-4936-90ae-94a28159cb19: valid; 2.1 s; peak memory 5610 MiB.
2026-10-01T19:08:02Z INFO [1163/2934] a5f8f93e-2105-4183-941c-96d21f0b40b8: valid; 0.7 s; peak memory 5610 MiB.
2026-10-01T19:08:04Z INFO [1164/2934] a620cc86-150d-46c9-884b-6eb793a06062: valid; 2.0 s; peak memory 5610 MiB.
2026-10-01T19:08:05Z INFO [1165/2934] a657d1d2-6e6a-42b4-aeae-5b261af4462a: not valid; 1.1 s; peak memory 5610 MiB.
2026-10-01T19:08:06Z INFO [1166/2934] a665f3e4-7d99-45bd-af68-579581a9d3d7: not valid; 1.0 s; peak memory 5610 MiB.
2026-10-01T19:08:07Z INFO [1167/2934] a66b2c55-0873-4d14-b34d-cc4c4d671c2d: valid; 1.0 s; peak memory 5610 MiB.
2026-10-01T19:08:08Z INFO [1168/2934] a672fa90-9cb8-41e1-968d-2ee02467c2e2: valid; 0.7 s; peak memory 5610 MiB.
2026-10-01T19:08:09Z INFO [1169/2934] a6acb735-eeb0-4805-a90d-1eecfa1b33bd: not valid; 0.8 s; peak memory 5610 MiB.
2026-10-01T19:09:59Z INFO [1170/2934] a6c82f91-d65f-44e9-9af8-ad5a03362302: valid; 109.8 s; peak memory 5703 MiB.
2026-10-01T19:10:00Z INFO [1171/2934] a6db6d55-98fa-43ca-8370-f1e30cdb42c1: valid; 1.6 s; peak memory 5703 MiB.
2026-10-01T19:10:01Z INFO [1172/2934] a6e59265-997c-4562-a644-fccd99f8e360: not valid; 0.6 s; peak memory 5703 MiB.
2026-10-01T19:10:06Z INFO [1173/2934] a71ff365-606c-4878-96f8-890e307e4ffb: valid; 5.3 s; peak memory 5844 MiB.
2026-10-01T19:10:09Z INFO [1174/2934] a7416b55-866b-4910-ae8c-ddeeae7b08a5: not valid; 2.3 s; peak memory 5844 MiB.
2026-10-01T19:10:12Z INFO [1175/2934] a74a81ed-1472-4818-b0a3-91641ebd1c5b: valid; 3.2 s; peak memory 5844 MiB.
2026-10-01T19:10:13Z INFO [1176/2934] a78dd00e-6569-4275-abb6-3f793e959d2c: valid; 0.8 s; peak memory 5844 MiB.
2026-10-01T19:10:14Z WARNING a7a33267-bd6a-444c-a4b2-85db8372fe9d: failed while opening the NWB file (ConstructError: (root/acquisition/_iblmic_audioSpectrogram/bands GroupBuilder {'attributes': {'colnames': array(['freq'], dtype=object), 'description': 'spectogram frequencies', 'namespace': 'core', 'neurodata_type': 'FrequencyBandsTable', 'object_id': '1d00dcf0-1cfb-4206-b1fc-1f2c20eb8426'}, 'groups': {}, 'datasets': {'freq': root/acquisition/_iblmic_audioSpectrogram/bands/freq DatasetBuilder {'attributes': {'description': 'frequency value', 'namespace': 'hdmf-common', 'neurodata_type': 'VectorData', 'object_id': '7f47a92d-b815-4b04-a81f-024d00abdcba'}, 'data': <HDF5 dataset "freq": shape (257,), type "<f4">}, 'id': root/acquisition/_iblmic_audioSpectrogram/bands/id DatasetBuilder {'attributes': {'namespace': 'hdmf-common', 'neurodata_type': 'ElementIdentifiers', 'object_id': 'f76f19b5-c9f8-4973-adf6-95f08b6691cb'}, 'data': <HDF5 dataset "id": shape (257,), type "<i4">}}, 'links': {}}, "Could not construct FrequencyBandsTable object due to: column must have the same number of rows as 'id'"))
2026-10-01T19:10:20Z INFO [1178/2934] a7a775b8-45da-4db9-a6da-20eda54f3550: not valid; 6.4 s; peak memory 5844 MiB.
2026-10-01T19:10:21Z INFO [1179/2934] a7c0ea29-1066-4f0e-b31b-24d35944b6c7: valid; 0.9 s; peak memory 5844 MiB.
2026-10-01T19:10:30Z INFO [1180/2934] a7c49719-a32d-459d-9aa9-8558826d61d0: not valid; 8.6 s; peak memory 5844 MiB.
2026-10-01T19:10:31Z INFO [1181/2934] a7ecf6ca-db29-4a5c-ab50-4f481ac0a4dc: not valid; 0.8 s; peak memory 5844 MiB.
2026-10-01T19:10:32Z INFO [1182/2934] a7f22ff6-39c6-49be-a3b3-421c280d2a19: valid; 1.2 s; peak memory 5844 MiB.
2026-10-01T19:10:33Z INFO [1183/2934] a8007e8b-917d-48ae-8d4b-2da7f620fe12: valid; 0.8 s; peak memory 5844 MiB.
2026-10-01T19:10:36Z INFO [1184/2934] a82fc1f4-8f31-42bb-ace4-ab3627840ba2: not valid; 3.6 s; peak memory 5844 MiB.
2026-10-01T19:10:37Z INFO [1185/2934] a854250d-b037-4317-a8ec-017112fff60e: valid; 1.0 s; peak memory 5844 MiB.
2026-10-01T19:10:38Z INFO [1186/2934] a8a569d2-c65a-400e-ae5e-e45bdacdf6c1: valid; 1.2 s; peak memory 5844 MiB.
2026-10-01T19:10:39Z INFO [1187/2934] a8b2a979-63d0-48db-9621-81b8324d36fb: valid; 1.0 s; peak memory 5844 MiB.
2026-10-01T19:10:42Z INFO [1188/2934] a8b47c6d-b062-4a35-8db3-9af322e8c287: valid; 2.4 s; peak memory 5844 MiB.
2026-10-01T19:10:57Z INFO [1189/2934] a8f35ec9-e89a-4b30-b752-18e02ccf66e2: valid; 15.0 s; peak memory 5894 MiB.
2026-10-01T19:10:58Z WARNING a9017b7a-f020-4671-a031-d7d62b579871: failed while opening the NWB file (ConstructError: (root/general/optogenetics/PatternedOptogeneticStimulusSite GroupBuilder {'attributes': {'effector': 'GUR-3/PRDX-2', 'namespace': 'ndx-patterned-ogen', 'neurodata_type': 'PatternedOptogeneticStimulusSite', 'object_id': 'be0e0553-e6a6-4eb5-9ff2-4d713cbbe58f'}, 'groups': {}, 'datasets': {'description': root/general/optogenetics/PatternedOptogeneticStimulusSite/description DatasetBuilder {'attributes': {}, 'data': 'Scanning'}, 'excitation_lambda': root/general/optogenetics/PatternedOptogeneticStimulusSite/excitation_lambda DatasetBuilder {'attributes': {}, 'data': np.float64(850.0)}, 'location': root/general/optogenetics/PatternedOptogeneticStimulusSite/location DatasetBuilder {'attributes': {}, 'data': 'whole brain'}}, 'links': {'device': root/general/optogenetics/PatternedOptogeneticStimulusSite/device LinkBuilder {'builder': root/general/devices/OptogeneticDevice GroupBuilder {'attributes': {'description': '', 'namespace': 'core', 'neurodata_type': 'Device', 'object_id': 'ccc9752a-47f9-43ca-8723-df823b141d47'}, 'groups': {}, 'datasets': {}, 'links': {}}}, 'light_source': root/general/optogenetics/PatternedOptogeneticStimulusSite/light_source LinkBuilder {'builder': root/general/devices/AmplifiedLaser GroupBuilder {'attributes': {'description': 'For two-photon optogenetic targeting, we used an optical parametric amplifier (OPA; Light Conversion ORPHEUS) pumped by a femtosecond amplified laser (Light Conversion PHAROS).', 'filter_description': 'Short pass at 1040 nm', 'manufacturer': 'Light Conversion', 'model': 'ORPHEUS amplifier and PHAROS laser', 'namespace': 'ndx-patterned-ogen', 'neurodata_type': 'LightSource', 'object_id': 'd2dcfec3-2eb0-4cf7-83b2-391f42f5a61c', 'peak_power_in_W': np.float64(0.0012), 'pulse_rate_in_Hz': np.float64(500000.0), 'stimulation_wavelength_in_nm': np.float64(850.0)}, 'groups': {}, 'datasets': {}, 'links': {}}}}}, "Could not construct PatternedOptogeneticStimulusSite object due to: CustomClassGenerator.set_init.<locals>.__init__: incorrect type for 'spatial_light_modulator' (got 'list', expected 'Device')"))
2026-10-01T19:10:59Z INFO [1191/2934] a9570743-c387-48c7-b050-4efcc8bc3fe2: valid; 0.9 s; peak memory 5894 MiB.
2026-10-01T19:11:00Z INFO [1192/2934] a9597932-d002-4030-9e3a-de034395432b: valid; 0.7 s; peak memory 5894 MiB.
2026-10-01T19:11:01Z INFO [1193/2934] a98c5501-c260-458d-805c-6d96400d7c58: not valid; 0.7 s; peak memory 5894 MiB.
2026-10-01T19:11:02Z INFO [1194/2934] a9bb382e-613c-4dc2-8ea7-42f74dee5b92: valid; 1.6 s; peak memory 5894 MiB.
2026-10-01T19:11:05Z INFO [1195/2934] a9be37e3-d6f1-4875-ba4b-18e8a11fbab2: valid; 3.0 s; peak memory 5894 MiB.
2026-10-01T19:11:09Z INFO [1196/2934] a9c442e1-bf19-4965-8c19-26e70b7d08ce: not valid; 3.3 s; peak memory 5894 MiB.
2026-10-01T19:11:16Z INFO [1197/2934] a9d9f013-e6e5-4abb-9999-1994100a6587: valid; 7.0 s; peak memory 5899 MiB.
2026-10-01T19:11:16Z WARNING a9e931ea-5609-473b-843c-cd2f0b9cd264: failed while retrieving asset information from the DANDI API (NotFoundError: No asset at path 'sub-460436/sub-460436_ses-20200107T111633_behavior+ecephys+ogen.nwb' in version 0.231012.2129. Verify the path is correct and the asset exists in this version. Use 'dandi ls' to list available assets.)
2026-10-01T19:11:19Z INFO [1199/2934] a9f80366-3648-4f23-b433-f0704e37765f: not valid; 2.9 s; peak memory 5903 MiB.
2026-10-01T19:11:20Z INFO [1200/2934] aa16dc81-502d-4995-976e-e2f029614bbd: not valid; 0.8 s; peak memory 5903 MiB.
2026-10-01T19:11:20Z INFO [1200/2934] aa16dc81-502d-4995-976e-e2f029614bbd: checkpointed 88010 records.
2026-10-01T19:11:38Z INFO [1201/2934] aa387a38-1fbd-4c1e-b6a8-c7218d07b5f1: not valid; 17.7 s; peak memory 5903 MiB.
2026-10-01T19:11:40Z INFO [1202/2934] aa418393-1242-4bab-a11d-14f26b2e7ea9: valid; 2.5 s; peak memory 5903 MiB.
2026-10-01T19:11:41Z INFO [1203/2934] ab0da890-d33d-42e9-8e92-f6218a0a14ea: valid; 1.1 s; peak memory 5903 MiB.
2026-10-01T19:11:44Z INFO [1204/2934] ab11db8e-45eb-4208-9bab-b6d21465cd83: not valid; 2.6 s; peak memory 5903 MiB.
2026-10-01T19:11:45Z INFO [1205/2934] ab159b28-db03-4259-8c14-759a32a7e69d: not valid; 1.1 s; peak memory 5903 MiB.
2026-10-01T19:11:50Z INFO [1206/2934] ab22bf14-e38b-4de4-a761-0af7b431f3cd: valid; 5.3 s; peak memory 5903 MiB.
2026-10-01T19:12:10Z INFO [1207/2934] ab258568-44f7-4a90-8e33-509acaed5d19: valid; 19.6 s; peak memory 5952 MiB.
2026-10-01T19:12:11Z INFO [1208/2934] ab492d3f-0014-46a8-9af8-273897f28c1a: valid; 0.9 s; peak memory 5952 MiB.
2026-10-01T19:12:12Z INFO [1209/2934] ab84d0c9-ddd5-4b3a-a806-44ed5ba74c32: not valid; 0.9 s; peak memory 5952 MiB.
2026-10-01T19:12:13Z INFO [1210/2934] ab943ecd-e4a6-4c33-9165-0f9a44491d8d: valid; 1.0 s; peak memory 5952 MiB.
2026-10-01T19:12:14Z INFO [1211/2934] aba5dd0e-831e-4793-a356-26bcc1b5eb17: valid; 1.2 s; peak memory 5952 MiB.
2026-10-01T19:12:17Z INFO [1212/2934] abaad207-1d3d-4d07-bf84-2a9bf041be91: valid; 2.6 s; peak memory 5952 MiB.
2026-10-01T19:12:17Z INFO [1213/2934] abe08fad-c441-4476-bab1-d47d243eb4a0: not valid; 0.6 s; peak memory 5952 MiB.
2026-10-01T19:12:18Z INFO [1214/2934] ac03b6f5-c20b-4e15-9bdd-b186d0130211: valid; 0.8 s; peak memory 5952 MiB.
2026-10-01T19:12:19Z INFO [1215/2934] ac13b49d-977d-4f01-a113-3ea0aa4972d7: valid; 0.8 s; peak memory 5952 MiB.
2026-10-01T19:12:20Z INFO [1216/2934] ac4667d2-3171-4f30-ac71-4405b74ac095: not valid; 1.1 s; peak memory 5952 MiB.
2026-10-01T19:12:21Z INFO [1217/2934] ac474060-1820-4d86-962c-0568d1c24a19: valid; 0.9 s; peak memory 5952 MiB.
2026-10-01T19:12:23Z INFO [1218/2934] ac55b6a4-4da2-43f0-81ca-505047786cf4: valid; 2.1 s; peak memory 5952 MiB.
2026-10-01T19:12:25Z INFO [1219/2934] ac674ae2-d3a9-4ae2-ac93-665ffbe93552: valid; 2.2 s; peak memory 5952 MiB.
2026-10-01T19:12:27Z INFO [1220/2934] ac8165f8-413e-4855-85d7-cbb67b441b2e: not valid; 1.4 s; peak memory 5952 MiB.
2026-10-01T19:12:27Z INFO [1221/2934] aca649fe-539b-47a2-880c-978f19752651: valid; 0.5 s; peak memory 5952 MiB.
2026-10-01T19:12:27Z WARNING acc0eeb5-ca0e-4edb-81f2-a3ff84a9cf32: failed while retrieving asset information from the DANDI API (NotFoundError: No asset at path 'sub-parkinson-simulated-lfp/sub-parkinson-simulated-lfp_ses-7710_ecephys.nwb' in version 0.250327.2220. Verify the path is correct and the asset exists in this version. Use 'dandi ls' to list available assets.)
2026-10-01T19:12:29Z INFO [1223/2934] ace6e71b-2a7b-4450-b28a-8b55b222831f: not valid; 1.8 s; peak memory 5952 MiB.
2026-10-01T19:12:29Z INFO [1224/2934] acfb3c06-58ac-4d74-9e25-cfe39291985c: not valid; 0.5 s; peak memory 5952 MiB.
2026-10-01T19:12:30Z INFO [1225/2934] acfb7bd5-d54e-4109-b7bc-82251c62b5f8: valid; 1.0 s; peak memory 5952 MiB.
2026-10-01T19:12:31Z INFO [1226/2934] acfdf0cf-948d-4823-b77b-dd64fa4f52f8: not valid; 0.9 s; peak memory 5952 MiB.
2026-10-01T19:12:35Z INFO [1227/2934] ad34238c-82df-485c-ac6b-32a6199232ba: valid; 3.4 s; peak memory 5952 MiB.
2026-10-01T19:12:35Z INFO [1228/2934] ad369e44-780c-42f7-b80f-43cad04d05d0: not valid; 0.6 s; peak memory 5952 MiB.
2026-10-01T19:12:40Z INFO [1229/2934] ad4ae7b3-1864-40ca-a751-2ce7a75fc035: not valid; 5.2 s; peak memory 5952 MiB.
2026-10-01T19:12:42Z INFO [1230/2934] ad4ea335-37e1-4cee-ac3b-ba3071aa817c: valid; 1.9 s; peak memory 5952 MiB.
2026-10-01T19:12:44Z INFO [1231/2934] ad6db1df-f890-4c78-abd4-49848fa965a8: valid; 1.1 s; peak memory 5952 MiB.
2026-10-01T19:12:45Z INFO [1232/2934] ad748756-cd26-4479-b8e6-66833724397d: not valid; 1.1 s; peak memory 5952 MiB.
2026-10-01T19:12:45Z INFO [1233/2934] ad80b0c8-bc3d-48b7-86d1-6d6880c33894: valid; 0.9 s; peak memory 5952 MiB.
2026-10-01T19:12:47Z INFO [1234/2934] ad85f9b9-5689-4ba7-8813-87cf82ded263: valid; 1.1 s; peak memory 5952 MiB.
2026-10-01T19:12:48Z INFO [1235/2934] ada13d1e-72cd-4c39-8852-7149a9475da1: valid; 1.8 s; peak memory 5952 MiB.
2026-10-01T19:12:49Z INFO [1236/2934] add3ee58-65fb-44e6-b67f-82d7210088cd: valid; 1.0 s; peak memory 5952 MiB.
2026-10-01T19:12:54Z INFO [1237/2934] adea5988-4cb8-4bee-a5dc-466be490c4ab: valid; 4.3 s; peak memory 5952 MiB.
2026-10-01T19:12:57Z INFO [1238/2934] ae1c6a3e-e8a2-4588-9919-d338fc1ee88b: valid; 3.1 s; peak memory 5952 MiB.
2026-10-01T19:13:02Z INFO [1239/2934] ae37677a-757e-44f6-82c4-d656f41961c7: not valid; 5.1 s; peak memory 6026 MiB.
2026-10-01T19:13:05Z INFO [1240/2934] ae3d33f8-312f-4705-91d9-380e30d34317: valid; 3.2 s; peak memory 6026 MiB.
2026-10-01T19:13:12Z INFO [1241/2934] ae43af4a-be07-4014-b329-5c23734d88a1: valid; 7.2 s; peak memory 6028 MiB.
2026-10-01T19:13:13Z INFO [1242/2934] ae74d3c0-ca14-45a9-8326-c6e28ae18b90: valid; 0.8 s; peak memory 6028 MiB.
2026-10-01T19:13:16Z INFO [1243/2934] ae7fd98f-be46-4d0b-8ca5-5b7074a55c0e: valid; 2.4 s; peak memory 6032 MiB.
2026-10-01T19:13:17Z INFO [1244/2934] ae838da6-4685-48f5-a81c-1e69c27b358c: valid; 1.8 s; peak memory 6033 MiB.
2026-10-01T19:13:19Z INFO [1245/2934] aeabd13e-0b13-471e-b440-856bdebd2e2d: valid; 1.6 s; peak memory 6033 MiB.
2026-10-01T19:13:20Z INFO [1246/2934] aeb03140-3a63-4795-9f69-f11bf9a3357d: valid; 1.5 s; peak memory 6033 MiB.
2026-10-01T19:13:22Z INFO [1247/2934] aeb4c296-a8eb-4cce-b6b8-6974a9148e09: valid; 1.1 s; peak memory 6033 MiB.
2026-10-01T19:13:29Z INFO [1248/2934] aebcc367-7c14-4bcf-93b9-ae6cd951c69c: valid; 7.7 s; peak memory 6033 MiB.
2026-10-01T19:13:30Z INFO [1249/2934] aeec318f-9a1a-49cc-9a9a-c2f8974e7a5c: valid; 0.7 s; peak memory 6033 MiB.
2026-10-01T19:13:33Z INFO [1250/2934] aeef571b-85a5-4388-ae4c-2d54eb769cfd: valid; 2.9 s; peak memory 6033 MiB.
2026-10-01T19:13:33Z INFO [1250/2934] aeef571b-85a5-4388-ae4c-2d54eb769cfd: checkpointed 88010 records.
2026-10-01T19:13:35Z INFO [1251/2934] aef22381-e294-4a14-8fa4-9cddb22bc781: valid; 1.2 s; peak memory 6033 MiB.
2026-10-01T19:13:36Z INFO [1252/2934] af32e81b-ed72-43f5-965f-d1d812ce9430: valid; 1.2 s; peak memory 6033 MiB.
2026-10-01T19:13:37Z INFO [1253/2934] af35a827-8a71-4acd-9c89-79a1f3a5176d: not valid; 0.9 s; peak memory 6033 MiB.
2026-10-01T19:13:38Z INFO [1254/2934] af37851c-0804-4963-b22a-5aa5093bd618: valid; 1.3 s; peak memory 6033 MiB.
2026-10-01T19:13:39Z WARNING af41b6de-3629-418b-a3d8-190b56d469ed: failed while opening the NWB file (ConstructError: (root/acquisition/event_code_meanings GroupBuilder {'attributes': {'colnames': array(['value', 'meaning'], dtype=object), 'description': 'Mapping integer event codes to event labels', 'namespace': 'ndx-events', 'neurodata_type': 'MeaningsTable', 'object_id': '7dbfd85e-4141-469f-9250-7efca3061bb8'}, 'groups': {}, 'datasets': {'id': root/acquisition/event_code_meanings/id DatasetBuilder {'attributes': {'namespace': 'hdmf-common', 'neurodata_type': 'ElementIdentifiers', 'object_id': 'abe127c3-6038-4eb6-a5cb-b75b71b0843c'}, 'data': <HDF5 dataset "id": shape (26,), type "<i8">}, 'meaning': root/acquisition/event_code_meanings/meaning DatasetBuilder {'attributes': {'description': 'The meaning of the value in the parent CategoricalVectorData object.', 'namespace': 'hdmf-experimental', 'neurodata_type': 'VectorData', 'object_id': '1361ebdf-dd2c-4721-bb72-dbf852ca9cfc'}, 'data': <StrDataset for HDF5 dataset "meaning": shape (26,), type "|O">}, 'value': root/acquisition/event_code_meanings/value DatasetBuilder {'attributes': {'description': 'The value of the parent CategoricalVectorData object.', 'namespace': 'hdmf-experimental', 'neurodata_type': 'VectorData', 'object_id': 'c1f593a9-5837-4f8c-8186-17e099ccaa31'}, 'data': <HDF5 dataset "value": shape (26,), type "<i8">}}, 'links': {}}, "Could not construct MeaningsTable object due to: MeaningsTable.__init__: missing argument 'target'"))
2026-10-01T19:13:41Z INFO [1256/2934] af4220d5-ca58-49ff-b4b1-68eaf5ae3b8a: not valid; 2.2 s; peak memory 6033 MiB.
2026-10-01T19:13:42Z INFO [1257/2934] af6bfae2-3bf5-43d5-9110-d3accbcfa374: not valid; 0.7 s; peak memory 6033 MiB.
2026-10-01T19:13:47Z INFO [1258/2934] afac7900-f627-446e-b091-9e4521bb1529: valid; 5.0 s; peak memory 6051 MiB.
2026-10-01T19:13:50Z INFO [1259/2934] afc5366c-0a62-436c-ae0e-175f31653e65: valid; 3.1 s; peak memory 6054 MiB.
2026-10-01T19:13:51Z INFO [1260/2934] afc97769-3619-43cf-9b53-09febfe862a8: valid; 1.1 s; peak memory 6057 MiB.
2026-10-01T19:13:52Z INFO [1261/2934] afce97ac-2fe4-4a82-871c-ab9cce70c5c3: valid; 0.7 s; peak memory 6059 MiB.
2026-10-01T19:13:53Z INFO [1262/2934] afd6cd0b-2daf-4dda-a3fa-11a9ef25a7ea: valid; 1.3 s; peak memory 6061 MiB.
2026-10-01T19:13:55Z INFO [1263/2934] afdecce1-8ea6-4a2e-b60d-ca26b1405fb5: valid; 2.0 s; peak memory 6063 MiB.
2026-10-01T19:13:56Z INFO [1264/2934] b000daaf-5c07-4cc8-8b26-d23c57547851: not valid; 1.1 s; peak memory 6064 MiB.
2026-10-01T19:13:58Z INFO [1265/2934] b0203692-42d4-4805-8c03-4fec5e1b19f1: valid; 1.6 s; peak memory 6064 MiB.
2026-10-01T19:14:02Z INFO [1266/2934] b0222dc2-6372-4bf6-b542-90ae3577341d: valid; 3.5 s; peak memory 6064 MiB.
2026-10-01T19:14:03Z INFO [1267/2934] b03bbcf1-bbe8-421c-b3d8-9e35eb0f9f1f: valid; 1.9 s; peak memory 6064 MiB.
2026-10-01T19:14:09Z INFO [1268/2934] b05a33e2-f186-4c50-b975-818a16b7e126: valid; 5.6 s; peak memory 6064 MiB.
2026-10-01T19:14:10Z INFO [1269/2934] b05f216c-007f-4db9-ab72-ef24ec205b27: valid; 1.2 s; peak memory 6064 MiB.
2026-10-01T19:14:11Z INFO [1270/2934] b06709ed-fb10-451e-9c83-9194cd7776ec: valid; 1.2 s; peak memory 6064 MiB.
2026-10-01T19:14:12Z INFO [1271/2934] b06abb20-7f48-4b08-9ba6-c781f98b24c3: valid; 0.7 s; peak memory 6064 MiB.
2026-10-01T19:14:16Z INFO [1272/2934] b06b8fcb-e14f-426c-b5a8-2746a4681c6b: valid; 3.9 s; peak memory 6069 MiB.
2026-10-01T19:14:18Z INFO [1273/2934] b06cb810-f5a7-4e50-9054-481fef9ad32a: not valid; 2.1 s; peak memory 6083 MiB.
2026-10-01T19:14:23Z INFO [1274/2934] b08129ba-c925-4f7e-9573-7da2acd211b1: not valid; 5.1 s; peak memory 6155 MiB.
2026-10-01T19:14:24Z INFO [1275/2934] b0a40a25-a9e8-46b0-b870-2523e2aa3995: valid; 0.6 s; peak memory 6155 MiB.
2026-10-01T19:14:25Z INFO [1276/2934] b0c9fe1d-95b6-4ced-b2ee-9f81e06021a3: valid; 0.8 s; peak memory 6155 MiB.
2026-10-01T19:14:26Z INFO [1277/2934] b0d9de29-b835-49e7-a193-6953678c5180: not valid; 1.2 s; peak memory 6155 MiB.
2026-10-01T19:14:36Z INFO [1278/2934] b0f39041-79fd-411c-96df-1d7688a06d02: valid; 10.7 s; peak memory 6156 MiB.
2026-10-01T19:14:38Z INFO [1279/2934] b0fdefbe-154e-4d5f-9568-23a8fb4b046d: valid; 1.6 s; peak memory 6156 MiB.
2026-10-01T19:14:39Z INFO [1280/2934] b1229c5d-2b20-4690-8694-f0b3f8edb331: valid; 0.9 s; peak memory 6156 MiB.
2026-10-01T19:14:40Z INFO [1281/2934] b132b25f-231b-463e-b8dc-c3985fbcbb3e: valid; 1.5 s; peak memory 6156 MiB.
2026-10-01T19:14:41Z INFO [1282/2934] b160f42c-d13c-49b1-90f3-590283c4db8e: valid; 0.7 s; peak memory 6156 MiB.
2026-10-01T19:14:41Z WARNING b18985ee-068f-4762-b5d7-a50cda2dca66: failed while retrieving asset information from the DANDI API (NotFoundError: No such Dandiset: 001533)
2026-10-01T19:14:42Z INFO [1284/2934] b19c0d9e-ab10-48d0-8395-8bf05d6a0d29: not valid; 1.1 s; peak memory 6156 MiB.
2026-10-01T19:14:50Z INFO [1285/2934] b19de51b-39c1-4cc1-9d14-cb0d5e492281: valid; 8.0 s; peak memory 6159 MiB.
2026-10-01T19:14:56Z INFO [1286/2934] b1d668d5-d1a9-4c65-9273-463cf6dbdf7a: valid; 5.3 s; peak memory 6168 MiB.
2026-10-01T19:14:58Z INFO [1287/2934] b205d307-5c03-4d4b-ba78-c07efba44929: valid; 2.1 s; peak memory 6169 MiB.
2026-10-01T19:14:58Z INFO [1288/2934] b22b05e0-a304-402e-aeea-3df5e2f91949: valid; 0.9 s; peak memory 6169 MiB.
2026-10-01T19:15:00Z INFO [1289/2934] b23088c6-90c7-47e1-9111-03d790a524ad: not valid; 1.6 s; peak memory 6176 MiB.
2026-10-01T19:15:01Z INFO [1290/2934] b23157ef-27b3-49a9-bee4-41d295db7346: not valid; 1.0 s; peak memory 6176 MiB.
2026-10-01T19:15:02Z WARNING b277db4a-1ced-4737-9ca9-342509e86043: failed while opening the NWB file (ConstructError: (root/acquisition/_iblmic_audioSpectrogram/bands GroupBuilder {'attributes': {'colnames': array(['freq'], dtype=object), 'description': 'spectogram frequencies', 'namespace': 'core', 'neurodata_type': 'FrequencyBandsTable', 'object_id': '113b3f8f-046e-422d-9234-29029fc1fd85'}, 'groups': {}, 'datasets': {'freq': root/acquisition/_iblmic_audioSpectrogram/bands/freq DatasetBuilder {'attributes': {'description': 'frequency value', 'namespace': 'hdmf-common', 'neurodata_type': 'VectorData', 'object_id': 'c8e99850-7bc9-4277-a03f-2e6088a2471f'}, 'data': <HDF5 dataset "freq": shape (257,), type "<f4">}, 'id': root/acquisition/_iblmic_audioSpectrogram/bands/id DatasetBuilder {'attributes': {'namespace': 'hdmf-common', 'neurodata_type': 'ElementIdentifiers', 'object_id': '3d84faff-eee9-4504-97cd-d1d53e329f83'}, 'data': <HDF5 dataset "id": shape (257,), type "<i4">}}, 'links': {}}, "Could not construct FrequencyBandsTable object due to: column must have the same number of rows as 'id'"))
2026-10-01T19:15:04Z INFO [1292/2934] b27ffbbd-e040-46e8-995f-6cd02394a6d6: valid; 2.2 s; peak memory 6176 MiB.
2026-10-01T19:15:06Z WARNING b285cb1e-5aad-47cd-a98a-02477b9f92e2: failed while opening the NWB file (ConstructError: (root/acquisition/_iblmic_audioSpectrogram/bands GroupBuilder {'attributes': {'colnames': array(['freq'], dtype=object), 'description': 'spectogram frequencies', 'namespace': 'core', 'neurodata_type': 'FrequencyBandsTable', 'object_id': '5dcf0ee2-ffcc-4595-829e-dd8e4b7b91d0'}, 'groups': {}, 'datasets': {'freq': root/acquisition/_iblmic_audioSpectrogram/bands/freq DatasetBuilder {'attributes': {'description': 'frequency value', 'namespace': 'hdmf-common', 'neurodata_type': 'VectorData', 'object_id': 'c72095c0-c182-454f-a1c1-2899ca0ca319'}, 'data': <HDF5 dataset "freq": shape (257,), type "<f4">}, 'id': root/acquisition/_iblmic_audioSpectrogram/bands/id DatasetBuilder {'attributes': {'namespace': 'hdmf-common', 'neurodata_type': 'ElementIdentifiers', 'object_id': '46b23438-30db-4fea-9287-a66fab95cfbf'}, 'data': <HDF5 dataset "id": shape (257,), type "<i4">}}, 'links': {}}, "Could not construct FrequencyBandsTable object due to: column must have the same number of rows as 'id'"))
2026-10-01T19:15:14Z INFO [1294/2934] b2ca94e7-33ac-4790-a995-9b7dbaf2a204: valid; 8.0 s; peak memory 6204 MiB.
2026-10-01T19:15:21Z INFO [1295/2934] b2d2c57b-e871-4f41-a050-e7328d8b8d3e: valid; 6.9 s; peak memory 6222 MiB.
2026-10-01T19:15:22Z INFO [1296/2934] b2e32deb-424c-4e12-ae75-efd88e3c7d34: valid; 0.9 s; peak memory 6223 MiB.
2026-10-01T19:15:23Z INFO [1297/2934] b2ed082c-02f6-461c-aa3c-eea66a0bc1fb: valid; 1.1 s; peak memory 6224 MiB.
2026-10-01T19:15:24Z INFO [1298/2934] b30c52c3-469b-4aa5-a36c-a37c9403c501: valid; 1.2 s; peak memory 6225 MiB.
2026-10-01T19:15:26Z INFO [1299/2934] b325c20d-fd7f-45f9-8071-38c7ace7dfa5: not valid; 2.1 s; peak memory 6230 MiB.
2026-10-01T19:15:37Z INFO [1300/2934] b337efe7-5fa2-42e8-b998-d485c4f4e8d1: valid; 10.9 s; peak memory 6272 MiB.
2026-10-01T19:15:38Z INFO [1300/2934] b337efe7-5fa2-42e8-b998-d485c4f4e8d1: checkpointed 88010 records.
2026-10-01T19:15:45Z INFO [1301/2934] b3599535-f450-4e63-af1b-318429e58171: valid; 7.0 s; peak memory 6287 MiB.
2026-10-01T19:15:48Z INFO [1302/2934] b37451de-3ee6-433e-a058-80855b99e23e: not valid; 2.9 s; peak memory 6290 MiB.
2026-10-01T19:15:49Z INFO [1303/2934] b388a848-29e2-46dd-ad4f-28a573eaf7f6: valid; 1.2 s; peak memory 6290 MiB.
2026-10-01T19:15:51Z INFO [1304/2934] b3ecb09b-d50d-4d6f-b482-0ddd554daa06: not valid; 2.6 s; peak memory 6291 MiB.
2026-10-01T19:15:53Z INFO [1305/2934] b41be717-045a-402b-b1ef-7c8af4814d18: valid; 1.2 s; peak memory 6291 MiB.
2026-10-01T19:15:54Z INFO [1306/2934] b439840c-cfcc-490a-a86a-3b27f24265d1: valid; 1.5 s; peak memory 6291 MiB.
2026-10-01T19:15:55Z INFO [1307/2934] b4984f53-d47e-497d-b62e-631f902be663: not valid; 1.2 s; peak memory 6291 MiB.
2026-10-01T19:15:59Z INFO [1308/2934] b4cd1164-27a7-480f-bebf-61dfce07be90: valid; 3.2 s; peak memory 6291 MiB.
2026-10-01T19:16:02Z INFO [1309/2934] b4fb36e3-2352-488f-a50f-b632808a6376: not valid; 3.7 s; peak memory 6291 MiB.
2026-10-01T19:16:05Z INFO [1310/2934] b50c2dd4-ade1-4f81-830c-058588d04022: valid; 2.6 s; peak memory 6291 MiB.
2026-10-01T19:16:06Z INFO [1311/2934] b5191f87-7403-4255-b1a3-1d4480b2c7ae: not valid; 1.3 s; peak memory 6291 MiB.
2026-10-01T19:16:07Z INFO [1312/2934] b526587e-1c76-4024-8ba1-27086a105cb7: not valid; 1.1 s; peak memory 6291 MiB.
2026-10-01T19:16:09Z INFO [1313/2934] b52b3088-7b42-45be-87ce-e7922889a74a: valid; 1.9 s; peak memory 6291 MiB.
2026-10-01T19:16:10Z WARNING b52f1bf6-0cd0-4b07-8b8b-357c447fa39a: failed while opening the NWB file (ConstructError: (root/acquisition/_iblmic_audioSpectrogram/bands GroupBuilder {'attributes': {'colnames': array(['freq'], dtype=object), 'description': 'spectogram frequencies', 'namespace': 'core', 'neurodata_type': 'FrequencyBandsTable', 'object_id': 'b99fde8c-6b8d-4214-a92f-2f12f7ccb6ec'}, 'groups': {}, 'datasets': {'freq': root/acquisition/_iblmic_audioSpectrogram/bands/freq DatasetBuilder {'attributes': {'description': 'frequency value', 'namespace': 'hdmf-common', 'neurodata_type': 'VectorData', 'object_id': '377224a5-a195-4eca-845f-95677458e87d'}, 'data': <HDF5 dataset "freq": shape (257,), type "<f4">}, 'id': root/acquisition/_iblmic_audioSpectrogram/bands/id DatasetBuilder {'attributes': {'namespace': 'hdmf-common', 'neurodata_type': 'ElementIdentifiers', 'object_id': 'cf6bb9b4-050a-4b53-8fec-c50c5fc15221'}, 'data': <HDF5 dataset "id": shape (257,), type "<i4">}}, 'links': {}}, "Could not construct FrequencyBandsTable object due to: column must have the same number of rows as 'id'"))
2026-10-01T19:16:12Z INFO [1315/2934] b535ecd6-7b28-436b-8a28-924de7b55fbe: not valid; 1.8 s; peak memory 6291 MiB.
2026-10-01T19:16:15Z INFO [1316/2934] b53b7e5d-404f-4f77-a99c-a3ebb9439495: not valid; 3.1 s; peak memory 6291 MiB.
2026-10-01T19:16:16Z INFO [1317/2934] b53cf232-1ad2-4472-b577-51139ddbc134: valid; 0.9 s; peak memory 6291 MiB.
2026-10-01T19:16:17Z INFO [1318/2934] b573247b-f60c-49ca-af6a-bd0e08213dd5: valid; 1.2 s; peak memory 6291 MiB.
2026-10-01T19:16:18Z INFO [1319/2934] b5812f08-b451-4c78-a4ce-398e4205160d: valid; 0.8 s; peak memory 6291 MiB.
2026-10-01T19:16:20Z INFO [1320/2934] b588e1c9-4bdd-4e19-b59e-5c12c42aecdf: valid; 1.5 s; peak memory 6291 MiB.
2026-10-01T19:16:21Z INFO [1321/2934] b5bf5028-4629-461a-a260-632eb998b8e6: valid; 1.7 s; peak memory 6291 MiB.
2026-10-01T19:16:28Z INFO [1322/2934] b5d260b0-9d8e-4b28-8a0e-042f679efc01: valid; 6.2 s; peak memory 6291 MiB.
2026-10-01T19:16:29Z INFO [1323/2934] b601f5f6-e9e6-4097-911c-d0930313c7d7: valid; 1.0 s; peak memory 6291 MiB.
2026-10-01T19:16:29Z INFO [1324/2934] b617beb2-01b3-4e48-abf9-ee7c2e48c6a9: valid; 0.7 s; peak memory 6291 MiB.
2026-10-01T19:16:30Z INFO [1325/2934] b61cbca7-48bf-49fc-90ed-2ef0dad547f4: valid; 0.8 s; peak memory 6291 MiB.
2026-10-01T19:16:32Z INFO [1326/2934] b62ecaca-9963-4219-9af4-994515d01f28: valid; 2.3 s; peak memory 6291 MiB.
2026-10-01T19:16:34Z INFO [1327/2934] b63d07ad-b6b1-4f14-b9b3-dbc51434d463: not valid; 2.1 s; peak memory 6291 MiB.
2026-10-01T19:16:35Z INFO [1328/2934] b644aabb-69c2-4438-9efc-230a5f6cc816: valid; 1.0 s; peak memory 6291 MiB.
2026-10-01T19:16:37Z INFO [1329/2934] b653cdbc-7d26-4d0e-8b1b-9c6a63fbd523: valid; 1.8 s; peak memory 6291 MiB.
2026-10-01T19:16:39Z INFO [1330/2934] b65aa345-24d4-41c1-8575-c704b8680296: valid; 1.6 s; peak memory 6291 MiB.
2026-10-01T19:16:40Z INFO [1331/2934] b66b8f71-2d11-49ce-b2c6-b9b2554a2962: valid; 0.8 s; peak memory 6291 MiB.
2026-10-01T19:16:42Z INFO [1332/2934] b67e8a52-8b48-42da-972c-eb7f3be2e12b: valid; 2.7 s; peak memory 6291 MiB.
2026-10-01T19:16:56Z INFO [1333/2934] b6b475f5-2cd3-462f-a424-a8d863e608f4: valid; 14.0 s; peak memory 6342 MiB.
2026-10-01T19:17:08Z INFO [1334/2934] b6b6dfaa-5981-424e-8456-6e4811865918: valid; 11.8 s; peak memory 6366 MiB.
2026-10-01T19:17:09Z INFO [1335/2934] b6cc6cb6-6fd7-48a8-b3f4-43e8917e36bb: valid; 0.7 s; peak memory 6367 MiB.
2026-10-01T19:17:10Z INFO [1336/2934] b6eb6f6a-19eb-4e83-985f-da23000ee483: not valid; 0.7 s; peak memory 6368 MiB.
2026-10-01T19:17:14Z INFO [1337/2934] b726ed7f-42d7-467e-9ed8-335c1a9b5e1c: valid; 4.0 s; peak memory 6376 MiB.
2026-10-01T19:17:14Z INFO [1338/2934] b74abefd-d10e-43a7-9460-cc2085fcd334: valid; 0.7 s; peak memory 6377 MiB.
2026-10-01T19:17:26Z INFO [1339/2934] b75fb6f3-9144-4cd3-95d8-108a6dd47408: valid; 11.3 s; peak memory 6416 MiB.
2026-10-01T19:17:27Z INFO [1340/2934] b77197c6-bfc9-4f11-b13a-6da99e079379: valid; 1.4 s; peak memory 6419 MiB.
2026-10-01T19:17:28Z INFO [1341/2934] b77cd1e3-e002-4b11-8a67-d991f0c95764: valid; 1.0 s; peak memory 6430 MiB.
2026-10-01T19:17:32Z INFO [1342/2934] b77e499f-df62-4922-a11c-c4b77b40b379: not valid; 3.9 s; peak memory 6477 MiB.
2026-10-01T19:17:32Z INFO [1343/2934] b7801ff4-0847-4c94-b4bf-074a9c1b2714: not valid; 0.6 s; peak memory 6477 MiB.
2026-10-01T19:17:34Z INFO [1344/2934] b783f229-39ce-477a-ac98-44d3f307a05c: not valid; 1.0 s; peak memory 6483 MiB.
2026-10-01T19:17:34Z INFO [1345/2934] b786f774-caf6-4271-be7b-f9a83d71ebf1: valid; 0.7 s; peak memory 6483 MiB.
2026-10-01T19:17:35Z INFO [1346/2934] b791cccf-ea29-4274-ab4d-16335d9ad824: valid; 1.0 s; peak memory 6484 MiB.
2026-10-01T19:17:38Z INFO [1347/2934] b7997e0b-6819-490d-b92a-6ec5cd7d055d: valid; 2.9 s; peak memory 6487 MiB.
2026-10-01T19:17:39Z INFO [1348/2934] b7b47a84-afb0-417b-b9de-1109800ec050: valid; 0.8 s; peak memory 6487 MiB.
2026-10-01T19:17:41Z INFO [1349/2934] b82bd86b-0c52-45a0-99b3-542d8ebcd7ef: valid; 1.8 s; peak memory 6487 MiB.
2026-10-01T19:17:42Z INFO [1350/2934] b82ca5c1-bd67-4d03-853c-79fc75c0e977: valid; 1.3 s; peak memory 6487 MiB.
2026-10-01T19:17:43Z INFO [1350/2934] b82ca5c1-bd67-4d03-853c-79fc75c0e977: checkpointed 88010 records.
2026-10-01T19:17:48Z INFO [1351/2934] b82ecc0f-34ec-4fe1-92d9-243dd6b370a5: valid; 5.5 s; peak memory 6487 MiB.
2026-10-01T19:17:49Z INFO [1352/2934] b83bce73-c173-4eab-a37b-596fc3d66c90: valid; 1.0 s; peak memory 6487 MiB.
2026-10-01T19:17:50Z INFO [1353/2934] b83cbf27-0ea3-47e7-8c0c-0347226bb33b: valid; 1.4 s; peak memory 6487 MiB.
2026-10-01T19:17:52Z INFO [1354/2934] b85dd777-521e-4081-b8cf-892005504729: valid; 1.1 s; peak memory 6487 MiB.
2026-10-01T19:17:55Z INFO [1355/2934] b8627ccd-c907-4d20-b78c-f334ee64b570: valid; 2.9 s; peak memory 6487 MiB.
2026-10-01T19:17:57Z INFO [1356/2934] b86f74e4-eb68-4c4c-8026-1b6ca4b61a48: valid; 2.1 s; peak memory 6487 MiB.
2026-10-01T19:17:58Z INFO [1357/2934] b88dc40a-2d99-4fbc-a3e2-cf751723059d: valid; 1.4 s; peak memory 6487 MiB.
2026-10-01T19:17:59Z INFO [1358/2934] b8b9459b-c046-41c0-81ff-429900b27fb7: not valid; 1.0 s; peak memory 6487 MiB.
2026-10-01T19:18:00Z INFO [1359/2934] b8b966d2-3e1b-4376-b1a7-433f853e9c78: valid; 0.8 s; peak memory 6487 MiB.
2026-10-01T19:18:01Z INFO [1360/2934] b8ba0608-0eb8-479c-824f-a205ff0caf03: valid; 0.8 s; peak memory 6487 MiB.
2026-10-01T19:18:02Z INFO [1361/2934] b8ce8e71-62fc-4f92-8aa8-87f2164d293f: not valid; 1.1 s; peak memory 6487 MiB.
2026-10-01T19:18:03Z INFO [1362/2934] b8d57887-abdb-437e-b6c3-9ee49b1c7c29: valid; 1.3 s; peak memory 6487 MiB.
2026-10-01T19:18:05Z INFO [1363/2934] b8daf89b-246f-4c8d-9140-4ce53f5783d5: valid; 2.2 s; peak memory 6487 MiB.
2026-10-01T19:18:06Z INFO [1364/2934] b8e11635-8c4f-48c9-bb1e-66bb6ea0ac88: not valid; 0.7 s; peak memory 6487 MiB.
2026-10-01T19:18:07Z INFO [1365/2934] b902246a-f48a-4dbb-929c-45cac30cbc6c: valid; 0.8 s; peak memory 6487 MiB.
2026-10-01T19:18:07Z INFO [1366/2934] b90644f8-2c5a-467d-9f32-1096e0267615: not valid; 0.8 s; peak memory 6487 MiB.
2026-10-01T19:18:08Z INFO [1367/2934] b917b8dd-b2f5-441f-b813-714d1a53f03b: valid; 0.9 s; peak memory 6487 MiB.
2026-10-01T19:18:09Z INFO [1368/2934] b9265e8d-62d4-4f83-aacd-3a4dbaa9f684: valid; 0.8 s; peak memory 6487 MiB.
2026-10-01T19:18:10Z INFO [1369/2934] b94442ec-0705-4da5-92ff-f61cbfce0a67: valid; 1.2 s; peak memory 6487 MiB.
2026-10-01T19:18:24Z INFO [1370/2934] b96858a8-68d1-4765-9e87-518458e66576: valid; 14.1 s; peak memory 6501 MiB.
2026-10-01T19:18:25Z WARNING b99028ce-eb25-45c1-b4d9-57081b1767b1: failed while opening the NWB file (ConstructError: (root/acquisition/_iblmic_audioSpectrogram/bands GroupBuilder {'attributes': {'colnames': array(['freq'], dtype=object), 'description': 'spectogram frequencies', 'namespace': 'core', 'neurodata_type': 'FrequencyBandsTable', 'object_id': '3d2265b4-8332-45fc-9b21-f216adbdc473'}, 'groups': {}, 'datasets': {'freq': root/acquisition/_iblmic_audioSpectrogram/bands/freq DatasetBuilder {'attributes': {'description': 'frequency value', 'namespace': 'hdmf-common', 'neurodata_type': 'VectorData', 'object_id': '9e3a0aae-955d-48ee-9c16-10310de49e80'}, 'data': <HDF5 dataset "freq": shape (257,), type "<f4">}, 'id': root/acquisition/_iblmic_audioSpectrogram/bands/id DatasetBuilder {'attributes': {'namespace': 'hdmf-common', 'neurodata_type': 'ElementIdentifiers', 'object_id': 'a44967c8-9be2-4455-9ad6-91d0df7664dd'}, 'data': <HDF5 dataset "id": shape (257,), type "<i4">}}, 'links': {}}, "Could not construct FrequencyBandsTable object due to: column must have the same number of rows as 'id'"))
2026-10-01T19:18:32Z INFO [1372/2934] b998fc2a-1548-4ea6-9cf4-fb91a909bc38: valid; 6.4 s; peak memory 6533 MiB.
2026-10-01T19:18:34Z INFO [1373/2934] b9a5fdcf-1426-4c14-98fb-2810932a15d0: not valid; 2.3 s; peak memory 6535 MiB.
2026-10-01T19:18:35Z INFO [1374/2934] b9b2fac4-4039-40e3-8705-3ca6964c448c: valid; 0.8 s; peak memory 6535 MiB.
2026-10-01T19:18:36Z INFO [1375/2934] b9c1e96e-7cf8-4974-a090-4e1baa23f2f2: valid; 0.7 s; peak memory 6536 MiB.
2026-10-01T19:18:36Z INFO [1376/2934] b9d9e9b4-545c-449f-adcb-6511ec966fd2: valid; 0.7 s; peak memory 6537 MiB.
2026-10-01T19:18:40Z INFO [1377/2934] b9e1e6d3-aed1-4e69-8756-6eb7e7846906: valid; 3.3 s; peak memory 6541 MiB.
2026-10-01T19:18:47Z INFO [1378/2934] b9e7c4b8-435b-42de-8c7f-852ca8bb9351: not valid; 7.8 s; peak memory 6541 MiB.
2026-10-01T19:18:49Z INFO [1379/2934] ba2ffd8e-e00d-4323-b9c2-da957aa9dac4: valid; 1.4 s; peak memory 6541 MiB.
2026-10-01T19:18:50Z INFO [1380/2934] ba33a1f5-1782-4ec6-a05f-39c2a5ff7ecf: valid; 0.9 s; peak memory 6541 MiB.
2026-10-01T19:18:50Z INFO [1381/2934] ba3d89e2-727c-4195-8977-4e936e9c57f4: valid; 0.7 s; peak memory 6541 MiB.
2026-10-01T19:18:52Z INFO [1382/2934] ba5ed808-c868-4235-b93a-8034b791fa16: valid; 1.8 s; peak memory 6541 MiB.
2026-10-01T19:18:53Z INFO [1383/2934] ba630161-78cd-422e-b717-04a5858ad7b7: valid; 0.6 s; peak memory 6541 MiB.
2026-10-01T19:18:54Z INFO [1384/2934] ba827092-274d-4c87-933c-2e9b6a8c6db9: valid; 1.2 s; peak memory 6541 MiB.
2026-10-01T19:18:55Z INFO [1385/2934] ba9f8c0c-9328-4a01-acd3-d7fd3ed77e8b: valid; 1.0 s; peak memory 6541 MiB.
2026-10-01T19:18:59Z INFO [1386/2934] bac12f02-ad78-4c89-8555-b3bccc9d2129: valid; 4.4 s; peak memory 6676 MiB.
2026-10-01T19:19:01Z INFO [1387/2934] bacce6bc-7307-4af0-bf62-5c8c57cb4c5d: not valid; 2.0 s; peak memory 6676 MiB.
2026-10-01T19:19:03Z INFO [1388/2934] bae5e447-1cad-4f0c-a0ab-93c5331520db: valid; 2.1 s; peak memory 6676 MiB.
2026-10-01T19:19:04Z INFO [1389/2934] bae8a3f0-449c-4fe2-bfb6-ccc79efcd3f5: not valid; 1.0 s; peak memory 6676 MiB.
2026-10-01T19:19:06Z INFO [1390/2934] bae8ac95-c52c-44fc-88a9-49e8639cfe99: valid; 1.9 s; peak memory 6676 MiB.
2026-10-01T19:19:07Z INFO [1391/2934] baf3be8c-de88-4d02-befe-faa474ce9062: not valid; 0.9 s; peak memory 6676 MiB.
2026-10-01T19:19:14Z INFO [1392/2934] bafb19d8-1c34-4629-8cdd-2d23f40e41ce: valid; 6.8 s; peak memory 6676 MiB.
2026-10-01T19:19:15Z INFO [1393/2934] bb1fc91f-e2e6-4d10-b5cc-3e5867b38985: valid; 1.2 s; peak memory 6676 MiB.
2026-10-01T19:19:16Z INFO [1394/2934] bb2b6e3d-354f-450e-800f-4da8b91cd0b9: not valid; 0.9 s; peak memory 6676 MiB.
2026-10-01T19:19:20Z INFO [1395/2934] bb370a70-c60d-4cc0-8e6f-c0d10ed1e0b8: valid; 3.9 s; peak memory 6676 MiB.
2026-10-01T19:19:22Z INFO [1396/2934] bb3a45f7-7d9a-4c35-bf77-75932fe3cec1: valid; 1.8 s; peak memory 6676 MiB.
2026-10-01T19:19:22Z INFO [1397/2934] bb3c0d70-d7ab-4651-bf5e-261525b51dba: valid; 0.7 s; peak memory 6676 MiB.
2026-10-01T19:19:23Z INFO [1398/2934] bb52c337-065f-4d13-a388-548c7dda979f: valid; 0.7 s; peak memory 6676 MiB.
2026-10-01T19:19:28Z INFO [1399/2934] bb70bb6a-3a53-42bf-95fe-125bb4b812bc: not valid; 4.8 s; peak memory 6676 MiB.
2026-10-01T19:19:29Z INFO [1400/2934] bb7cb0e7-0b56-41e5-9b34-ad4c49ce571b: valid; 0.6 s; peak memory 6676 MiB.
2026-10-01T19:19:29Z INFO [1400/2934] bb7cb0e7-0b56-41e5-9b34-ad4c49ce571b: checkpointed 88010 records.
2026-10-01T19:19:36Z INFO [1401/2934] bb8634f2-9566-4ebd-986e-aace4e296639: valid; 6.3 s; peak memory 6676 MiB.
2026-10-01T19:19:37Z INFO [1402/2934] bb90ac89-fbfb-48ef-b3e9-088a3f979f07: valid; 1.1 s; peak memory 6676 MiB.
2026-10-01T19:19:37Z INFO [1403/2934] bbc28c44-f2d0-4022-9f2b-f8603590eb6c: valid; 0.7 s; peak memory 6676 MiB.
2026-10-01T19:19:38Z INFO [1404/2934] bbcc0491-56d3-4078-a9f0-a25915d36544: valid; 1.0 s; peak memory 6676 MiB.
2026-10-01T19:19:40Z INFO [1405/2934] bbe3bd7c-30db-4d43-a5ab-616dcfddf1db: valid; 1.9 s; peak memory 6676 MiB.
2026-10-01T19:19:43Z INFO [1406/2934] bbfe2d73-4bf9-4408-b482-e6c3e601e74d: valid; 2.3 s; peak memory 6676 MiB.
2026-10-01T19:19:43Z INFO [1407/2934] bc22ecaf-78b4-49d5-92e9-2351d40f54fd: valid; 0.6 s; peak memory 6676 MiB.
2026-10-01T19:19:50Z INFO [1408/2934] bc352fd3-f49f-43fb-8109-e5105f753c0e: valid; 6.6 s; peak memory 6676 MiB.
2026-10-01T19:19:51Z INFO [1409/2934] bc384417-16e0-4f67-b40c-783bdbbbde3e: valid; 0.7 s; peak memory 6676 MiB.
2026-10-01T19:19:52Z INFO [1410/2934] bc402184-db55-4909-914f-a3ba68195927: valid; 1.6 s; peak memory 6676 MiB.
2026-10-01T19:19:53Z INFO [1411/2934] bc572339-08a4-4569-ab61-70843fdd433f: valid; 0.9 s; peak memory 6676 MiB.
2026-10-01T19:19:55Z INFO [1412/2934] bc5fb1c1-6c5e-498c-8684-2eb974b5c213: valid; 1.9 s; peak memory 6676 MiB.
2026-10-01T19:19:56Z INFO [1413/2934] bc60141d-eec4-4860-b73a-ba810bc43db0: valid; 1.5 s; peak memory 6676 MiB.
2026-10-01T19:19:57Z INFO [1414/2934] bc63065d-e753-46aa-8b4c-7e84b79d36b6: not valid; 1.1 s; peak memory 6676 MiB.
2026-10-01T19:20:01Z INFO [1415/2934] bc7f61ab-1f0f-40f6-b843-e0aa1126d014: valid; 3.2 s; peak memory 6676 MiB.
2026-10-01T19:20:01Z WARNING bc7faf32-03bb-48d7-b210-3cb59eefec15: failed while retrieving asset information from the DANDI API (NotFoundError: No such Dandiset: 001533)
2026-10-01T19:20:02Z INFO [1417/2934] bcc2562f-1a32-4313-ad5e-97b43faa3981: valid; 1.1 s; peak memory 6676 MiB.
2026-10-01T19:20:02Z INFO [1418/2934] bcf097f8-6087-43f1-9fea-654b7ae299ce: not valid; 0.6 s; peak memory 6676 MiB.
2026-10-01T19:20:03Z INFO [1419/2934] bd0ffc9a-8cd4-4293-9c2e-4eedc83ac913: not valid; 0.8 s; peak memory 6676 MiB.
2026-10-01T19:20:04Z INFO [1420/2934] bd2a420d-8c43-472e-b193-0ace18cd9382: not valid; 0.9 s; peak memory 6676 MiB.
2026-10-01T19:20:05Z INFO [1421/2934] bd44024b-a5fc-4d08-9fad-9eab5f45427c: not valid; 1.5 s; peak memory 6676 MiB.
2026-10-01T19:20:06Z INFO [1422/2934] bd6b1248-029b-4456-a492-7ca261ceb637: not valid; 1.1 s; peak memory 6676 MiB.
2026-10-01T19:20:07Z INFO [1423/2934] bd8fe643-2fdd-447c-a102-500d53a018db: valid; 0.9 s; peak memory 6676 MiB.
2026-10-01T19:20:08Z INFO [1424/2934] bda42b32-9999-44d7-a898-e19465436edf: valid; 0.7 s; peak memory 6676 MiB.
2026-10-01T19:20:09Z INFO [1425/2934] bdc11802-5473-4af4-8179-83e5804f4987: valid; 0.9 s; peak memory 6676 MiB.
2026-10-01T19:20:11Z INFO [1426/2934] bdf1f5f4-2b84-4fbf-b56c-cc1c71d82f3f: valid; 1.9 s; peak memory 6676 MiB.
2026-10-01T19:20:12Z INFO [1427/2934] bdf64e07-59a7-4be0-94be-5890d0a8e81a: valid; 1.2 s; peak memory 6676 MiB.
2026-10-01T19:20:14Z INFO [1428/2934] be29182a-06c2-4e96-8172-3231c9a262dd: not valid; 2.1 s; peak memory 6676 MiB.
2026-10-01T19:20:16Z INFO [1429/2934] be32bd9c-d4ce-4c5b-9387-5811c52dc5b9: valid; 1.4 s; peak memory 6676 MiB.
2026-10-01T19:20:16Z INFO [1430/2934] be3332da-ddff-44ce-a118-93ce879fe1a8: valid; 0.8 s; peak memory 6676 MiB.
2026-10-01T19:20:18Z WARNING be33f2ec-fc35-494a-8a75-993a6f33398e: failed while opening the NWB file (ConstructError: (root/acquisition/_iblmic_audioSpectrogram/bands GroupBuilder {'attributes': {'colnames': array(['freq'], dtype=object), 'description': 'spectogram frequencies', 'namespace': 'core', 'neurodata_type': 'FrequencyBandsTable', 'object_id': '7fb105bf-df78-4daf-bc9a-b85a4012ad68'}, 'groups': {}, 'datasets': {'freq': root/acquisition/_iblmic_audioSpectrogram/bands/freq DatasetBuilder {'attributes': {'description': 'frequency value', 'namespace': 'hdmf-common', 'neurodata_type': 'VectorData', 'object_id': 'f115abac-ada6-4d21-8ff9-e18ab48b00b4'}, 'data': <HDF5 dataset "freq": shape (257,), type "<f4">}, 'id': root/acquisition/_iblmic_audioSpectrogram/bands/id DatasetBuilder {'attributes': {'namespace': 'hdmf-common', 'neurodata_type': 'ElementIdentifiers', 'object_id': 'a49ba31c-478d-446e-be7b-749b46cdb95b'}, 'data': <HDF5 dataset "id": shape (257,), type "<i4">}}, 'links': {}}, "Could not construct FrequencyBandsTable object due to: column must have the same number of rows as 'id'"))
2026-10-01T19:20:20Z INFO [1432/2934] be367522-78ec-4044-9ea7-178db7602f9b: valid; 2.4 s; peak memory 6676 MiB.
2026-10-01T19:20:21Z INFO [1433/2934] be5bc8bc-bc2e-4106-87b8-1ffa1504ec4d: valid; 0.6 s; peak memory 6676 MiB.
2026-10-01T19:20:21Z INFO [1434/2934] be8b9153-3c11-47b5-b8cc-e79c9ac04faa: valid; 0.9 s; peak memory 6676 MiB.
2026-10-01T19:20:22Z INFO [1435/2934] be93b967-e15b-4e9d-ab19-c4b94ebe4788: valid; 0.9 s; peak memory 6676 MiB.
2026-10-01T19:20:23Z WARNING bebf5823-5e6a-44dc-bd6c-f3be99be8197: failed while opening the NWB file (ConstructError: (root/acquisition/_iblmic_audioSpectrogram/bands GroupBuilder {'attributes': {'colnames': array(['freq'], dtype=object), 'description': 'spectogram frequencies', 'namespace': 'core', 'neurodata_type': 'FrequencyBandsTable', 'object_id': 'dd4cd740-eb57-4f24-95dd-775bce356c26'}, 'groups': {}, 'datasets': {'freq': root/acquisition/_iblmic_audioSpectrogram/bands/freq DatasetBuilder {'attributes': {'description': 'frequency value', 'namespace': 'hdmf-common', 'neurodata_type': 'VectorData', 'object_id': '86702078-a28b-49c3-8162-7394a62a1118'}, 'data': <HDF5 dataset "freq": shape (257,), type "<f4">}, 'id': root/acquisition/_iblmic_audioSpectrogram/bands/id DatasetBuilder {'attributes': {'namespace': 'hdmf-common', 'neurodata_type': 'ElementIdentifiers', 'object_id': '8c052531-8607-47be-906b-fcdc0eb58697'}, 'data': <HDF5 dataset "id": shape (257,), type "<i4">}}, 'links': {}}, "Could not construct FrequencyBandsTable object due to: column must have the same number of rows as 'id'"))
2026-10-01T19:20:25Z INFO [1437/2934] bec3a11d-e275-483f-8666-fb71e888b545: not valid; 1.6 s; peak memory 6676 MiB.
2026-10-01T19:20:26Z INFO [1438/2934] bec45d93-aaa1-4ef5-9145-b3fbc8279aea: not valid; 1.1 s; peak memory 6676 MiB.
2026-10-01T19:20:27Z INFO [1439/2934] becd0fc1-3b96-448b-a7ca-118b84802ec0: not valid; 0.8 s; peak memory 6676 MiB.
2026-10-01T19:20:28Z INFO [1440/2934] becd220c-b9e9-4983-a81c-b44c7d502651: valid; 0.6 s; peak memory 6676 MiB.
2026-10-01T19:20:28Z INFO [1441/2934] bed2ec96-2e5e-4039-bb0f-1d6aca93c4a5: valid; 0.8 s; peak memory 6676 MiB.
2026-10-01T19:20:29Z INFO [1442/2934] bf02c4da-d462-492d-987c-71623ad635a6: valid; 0.7 s; peak memory 6676 MiB.
2026-10-01T19:20:30Z INFO [1443/2934] bf1045ae-7e99-426a-9af7-71755dacc841: valid; 1.0 s; peak memory 6676 MiB.
2026-10-01T19:20:31Z INFO [1444/2934] bf3277db-e525-4493-aefc-6f4966abda7c: valid; 1.0 s; peak memory 6676 MiB.
2026-10-01T19:20:32Z INFO [1445/2934] bf9defd1-4f4d-4be1-b265-808d6f8da7da: valid; 1.5 s; peak memory 6676 MiB.
2026-10-01T19:20:33Z INFO [1446/2934] bfb5e550-53ab-4bda-87a2-ef8834921a9a: valid; 0.7 s; peak memory 6676 MiB.
2026-10-01T19:20:34Z INFO [1447/2934] bfbcfc92-1c0b-4384-80b3-65ee52581850: not valid; 0.9 s; peak memory 6676 MiB.
2026-10-01T19:20:35Z INFO [1448/2934] bfcc624d-34f5-4e66-9a41-b787324e9ea8: valid; 1.2 s; peak memory 6676 MiB.
2026-10-01T19:20:36Z INFO [1449/2934] bfe14a28-c909-4199-9a9d-5717bceb8f0c: valid; 1.1 s; peak memory 6676 MiB.
2026-10-01T19:20:37Z INFO [1450/2934] c006e164-3b2e-4868-a435-6a6e5870a98e: valid; 1.1 s; peak memory 6676 MiB.
2026-10-01T19:20:38Z INFO [1450/2934] c006e164-3b2e-4868-a435-6a6e5870a98e: checkpointed 88010 records.
2026-10-01T19:20:40Z INFO [1451/2934] c052c2c5-c675-40b8-bbb3-2cbdd0319d5e: valid; 1.5 s; peak memory 6676 MiB.
2026-10-01T19:20:40Z INFO [1452/2934] c05d8e3d-dadd-484c-ba34-3c7341a72b52: valid; 0.7 s; peak memory 6676 MiB.
2026-10-01T19:20:42Z INFO [1453/2934] c068b9da-6b03-468d-b45b-cc1dbe0bbb17: valid; 1.8 s; peak memory 6676 MiB.
2026-10-01T19:20:43Z INFO [1454/2934] c0866566-f19c-4074-a593-cbe54f179484: not valid; 1.1 s; peak memory 6676 MiB.
2026-10-01T19:20:45Z INFO [1455/2934] c0b3eed9-2e3e-4bbc-b874-ff19d068d897: valid; 2.2 s; peak memory 6676 MiB.
2026-10-01T19:20:47Z INFO [1456/2934] c0bb3941-b46f-44cf-96ad-5dbcacb7d8e0: valid; 1.7 s; peak memory 6676 MiB.
2026-10-01T19:20:48Z INFO [1457/2934] c0c679ac-8ac3-4ed2-8d74-47bfd83ef7a0: valid; 0.7 s; peak memory 6676 MiB.
2026-10-01T19:20:56Z INFO [1458/2934] c114be11-dce4-4236-aea6-3ddf2800380a: valid; 8.1 s; peak memory 6676 MiB.
2026-10-01T19:20:56Z INFO [1459/2934] c11a71cd-9974-4698-8c50-bd8cd7fab9d9: valid; 0.6 s; peak memory 6676 MiB.
2026-10-01T19:20:59Z INFO [1460/2934] c12e774c-7529-4d20-8fa7-4abf7fad1964: valid; 2.4 s; peak memory 6676 MiB.
2026-10-01T19:21:00Z INFO [1461/2934] c1559505-2b79-495d-a853-ca56ab6aa423: not valid; 1.0 s; peak memory 6676 MiB.
2026-10-01T19:21:04Z INFO [1462/2934] c170d596-f5d5-47fe-a2db-7120bfa69253: valid; 4.4 s; peak memory 6676 MiB.
2026-10-01T19:21:05Z INFO [1463/2934] c1831f02-b5f5-4fbb-b898-6db935255f8c: valid; 1.1 s; peak memory 6676 MiB.
2026-10-01T19:21:06Z INFO [1464/2934] c1b1e667-d6bf-4e25-9809-d355b8f066f4: valid; 1.2 s; peak memory 6676 MiB.
2026-10-01T19:21:08Z INFO [1465/2934] c1cfe4ae-3416-4a59-8cfd-ac4e6babef49: valid; 2.0 s; peak memory 6676 MiB.
2026-10-01T19:21:10Z INFO [1466/2934] c23a1cd4-272c-471c-b7a2-b9d4b16aee6e: valid; 1.8 s; peak memory 6676 MiB.
2026-10-01T19:21:12Z INFO [1467/2934] c25a6dcb-746f-404a-a394-da59698df037: valid; 2.3 s; peak memory 6676 MiB.
2026-10-01T19:21:14Z INFO [1468/2934] c2636d9e-b54c-4891-b26e-ca4f65f71f31: valid; 1.3 s; peak memory 6676 MiB.
2026-10-01T19:21:15Z INFO [1469/2934] c28d3892-529b-4743-8658-c9866b9e2fb3: not valid; 0.8 s; peak memory 6676 MiB.
2026-10-01T19:21:17Z INFO [1470/2934] c2969c02-fef3-4d95-a5c0-0e434ef33572: valid; 2.1 s; peak memory 6676 MiB.
2026-10-01T19:21:17Z INFO [1471/2934] c2b435d6-5e94-4a08-868d-b9f587814439: valid; 0.6 s; peak memory 6676 MiB.
2026-10-01T19:21:24Z INFO [1472/2934] c2c18bdc-3ccd-4cbe-ad6b-ba76d945a815: valid; 6.2 s; peak memory 6694 MiB.
2026-10-01T19:21:28Z INFO [1473/2934] c2dd0178-b371-46d6-9e87-b83731887487: valid; 4.9 s; peak memory 6694 MiB.
2026-10-01T19:21:29Z INFO [1474/2934] c31b51d7-b5a0-4864-8167-91128ab687ac: valid; 0.6 s; peak memory 6694 MiB.
2026-10-01T19:21:30Z INFO [1475/2934] c33c8419-492a-4345-a70e-661c10267f66: valid; 1.4 s; peak memory 6694 MiB.
2026-10-01T19:21:32Z INFO [1476/2934] c352d239-b70b-4d07-a712-7a7a27f40e86: not valid; 1.5 s; peak memory 6694 MiB.
2026-10-01T19:21:38Z INFO [1477/2934] c36e2153-b1f8-4bff-9799-3d547f9fa117: valid; 5.8 s; peak memory 6694 MiB.
2026-10-01T19:21:39Z INFO [1478/2934] c36f9a25-10a6-4517-9eac-49f613e50313: valid; 1.0 s; peak memory 6694 MiB.
2026-10-01T19:21:40Z INFO [1479/2934] c384c639-ce3a-4653-895f-204a8dd819e3: valid; 1.6 s; peak memory 6694 MiB.
2026-10-01T19:21:48Z INFO [1480/2934] c39a1128-6230-4d91-9969-db9ce61eefbe: not valid; 7.7 s; peak memory 6694 MiB.
2026-10-01T19:21:56Z INFO [1481/2934] c3c782db-548a-4166-8a26-cd47bfcc1e99: not valid; 7.6 s; peak memory 6694 MiB.
2026-10-01T19:21:56Z INFO [1482/2934] c3e8705b-8150-4bcc-b8f1-d2acf7376196: valid; 0.7 s; peak memory 6694 MiB.
2026-10-01T19:21:57Z INFO [1483/2934] c46128aa-69ca-4b10-8419-103d26a0e361: not valid; 0.9 s; peak memory 6694 MiB.
2026-10-01T19:21:58Z INFO [1484/2934] c4657bc1-ab74-4dac-9f68-71f2a8cc6d65: valid; 0.8 s; peak memory 6694 MiB.
2026-10-01T19:22:00Z INFO [1485/2934] c468c809-e3a5-4dbd-9c31-f1d5d6a5492a: not valid; 1.5 s; peak memory 6694 MiB.
2026-10-01T19:22:01Z INFO [1486/2934] c46a5d1a-5a8a-4f17-b2da-02285bece5a2: valid; 1.2 s; peak memory 6694 MiB.
2026-10-01T19:22:03Z INFO [1487/2934] c4a4b079-dc10-4297-85cb-344ecfcf639a: valid; 2.2 s; peak memory 6694 MiB.
2026-10-01T19:22:04Z INFO [1488/2934] c4b39527-8ae4-40f1-a350-d4e24b8568a7: valid; 0.8 s; peak memory 6694 MiB.
2026-10-01T19:22:10Z INFO [1489/2934] c4c15c8d-5d15-4f75-8b13-e8af2608aceb: valid; 6.4 s; peak memory 6694 MiB.
2026-10-01T19:22:12Z INFO [1490/2934] c4df2304-b9a5-4a70-8ea3-4b39cfba6659: valid; 1.5 s; peak memory 6694 MiB.
2026-10-01T19:22:13Z INFO [1491/2934] c4e96f88-a6b2-409a-af70-7e1c9503add8: valid; 1.2 s; peak memory 6694 MiB.
2026-10-01T19:22:14Z INFO [1492/2934] c4f1d59f-8316-49ef-95d6-8d4b28261c1f: valid; 0.7 s; peak memory 6694 MiB.
2026-10-01T19:22:15Z INFO [1493/2934] c506a391-f769-4812-87fc-2c20307580c6: valid; 1.7 s; peak memory 6694 MiB.
2026-10-01T19:22:16Z INFO [1494/2934] c5493640-d185-4bc3-a37f-1f3f58b711c5: valid; 0.8 s; peak memory 6694 MiB.
2026-10-01T19:22:17Z INFO [1495/2934] c56d6978-d8a9-4e9b-8ea8-5b7e936549df: valid; 0.8 s; peak memory 6694 MiB.
2026-10-01T19:22:19Z INFO [1496/2934] c56e41ad-b113-4f17-815f-630922b405ff: valid; 1.9 s; peak memory 6694 MiB.
2026-10-01T19:22:20Z INFO [1497/2934] c5872672-aa26-4c32-9ea4-ef505bd381fb: valid; 1.3 s; peak memory 6694 MiB.
2026-10-01T19:22:21Z INFO [1498/2934] c58c5def-1a72-48fd-a1cb-7a5e5899068c: valid; 0.7 s; peak memory 6694 MiB.
2026-10-01T19:22:22Z INFO [1499/2934] c598d975-bc96-4b32-82ac-eef7dc6356d0: valid; 1.1 s; peak memory 6694 MiB.
2026-10-01T19:22:24Z INFO [1500/2934] c5a87148-03e8-40cc-8b70-438a78f89a16: valid; 2.1 s; peak memory 6694 MiB.
2026-10-01T19:22:25Z INFO [1500/2934] c5a87148-03e8-40cc-8b70-438a78f89a16: checkpointed 88010 records.
2026-10-01T19:22:26Z INFO [1501/2934] c5c2d09c-5893-47ae-9ce1-0cd93a2ebdbd: valid; 1.1 s; peak memory 6694 MiB.
2026-10-01T19:22:27Z INFO [1502/2934] c5c3394b-b42d-4038-bf71-c6f263e85ffa: valid; 1.1 s; peak memory 6694 MiB.
2026-10-01T19:22:33Z INFO [1503/2934] c5d3337d-fd78-4a5a-8d5b-0223434588e2: valid; 5.9 s; peak memory 6694 MiB.
2026-10-01T19:22:34Z INFO [1504/2934] c5e8080f-6077-4df0-b46b-2c64b7b32a01: not valid; 1.0 s; peak memory 6694 MiB.
2026-10-01T19:22:35Z INFO [1505/2934] c5efa90b-1a7e-4b80-950b-86a2de9ef3bb: valid; 0.9 s; peak memory 6694 MiB.
2026-10-01T19:22:35Z INFO [1506/2934] c60a4838-c058-479c-a7ea-22506e7a4376: valid; 0.5 s; peak memory 6694 MiB.
2026-10-01T19:22:42Z INFO [1507/2934] c61ce132-d67a-49b5-941c-e19ac73017fb: valid; 7.4 s; peak memory 6694 MiB.
2026-10-01T19:22:44Z INFO [1508/2934] c62b65eb-001d-41e2-981d-ee540f9009f3: valid; 1.1 s; peak memory 6694 MiB.
2026-10-01T19:22:44Z INFO [1509/2934] c6385723-d2b7-4a31-9c87-1fb6c71b12f3: valid; 0.8 s; peak memory 6694 MiB.
2026-10-01T19:22:45Z INFO [1510/2934] c63a38e6-c629-48cd-9e7e-a7c436678804: not valid; 0.8 s; peak memory 6694 MiB.
2026-10-01T19:22:47Z INFO [1511/2934] c673addd-098e-4d9e-86a3-56ea3adf6870: valid; 1.7 s; peak memory 6694 MiB.
2026-10-01T19:22:48Z INFO [1512/2934] c69aa77e-2184-4808-b09e-b8e76bdf3240: valid; 1.4 s; peak memory 6694 MiB.
2026-10-01T19:22:52Z INFO [1513/2934] c6d6eb38-2dbc-47fd-95e4-b553aa88aba1: valid; 3.7 s; peak memory 6694 MiB.
2026-10-01T19:22:53Z INFO [1514/2934] c6d941f2-9d06-4fd9-b598-028e214c7b2e: valid; 0.8 s; peak memory 6694 MiB.
2026-10-01T19:22:54Z INFO [1515/2934] c70d441c-6d29-470d-a816-b5624e4649af: valid; 1.2 s; peak memory 6694 MiB.
2026-10-01T19:22:55Z INFO [1516/2934] c72c3aeb-a631-4fee-929d-ee3680cd9a0e: not valid; 0.8 s; peak memory 6694 MiB.
2026-10-01T19:22:56Z INFO [1517/2934] c7465a3f-af6b-4ad7-9e6c-adeeda76e1a1: valid; 1.0 s; peak memory 6694 MiB.
2026-10-01T19:22:57Z INFO [1518/2934] c748d9ea-3b8e-465d-901b-13960aa8acbc: not valid; 1.0 s; peak memory 6694 MiB.
2026-10-01T19:22:57Z WARNING c80f88dc-0595-43ef-a26e-dff6132d91c5: failed while retrieving asset information from the DANDI API (NotFoundError: No asset at path 'sub-parkinson-simulated-beta/sub-parkinson-simulated-beta_ses-750_ecephys.nwb' in version 0.250327.2220. Verify the path is correct and the asset exists in this version. Use 'dandi ls' to list available assets.)
2026-10-01T19:22:58Z INFO [1520/2934] c813bbca-e75a-465c-a323-cf7d1da4a240: not valid; 0.8 s; peak memory 6694 MiB.
2026-10-01T19:22:58Z INFO [1521/2934] c8289ea8-3d23-40fd-8a85-4455978c672f: valid; 0.7 s; peak memory 6694 MiB.
2026-10-01T19:23:00Z WARNING c890c0c3-ab10-465a-9be3-021c87714908: failed while opening the NWB file (ConstructError: (root/acquisition/_iblmic_audioSpectrogram/bands GroupBuilder {'attributes': {'colnames': array(['freq'], dtype=object), 'description': 'spectogram frequencies', 'namespace': 'core', 'neurodata_type': 'FrequencyBandsTable', 'object_id': 'da8bab5c-30f2-4bea-b19e-0c6094630c91'}, 'groups': {}, 'datasets': {'freq': root/acquisition/_iblmic_audioSpectrogram/bands/freq DatasetBuilder {'attributes': {'description': 'frequency value', 'namespace': 'hdmf-common', 'neurodata_type': 'VectorData', 'object_id': '01523bc6-567d-491f-b644-414d2cb8da52'}, 'data': <HDF5 dataset "freq": shape (257,), type "<f4">}, 'id': root/acquisition/_iblmic_audioSpectrogram/bands/id DatasetBuilder {'attributes': {'namespace': 'hdmf-common', 'neurodata_type': 'ElementIdentifiers', 'object_id': 'a4552a0c-3a3b-4d19-86c6-0710e5a5f102'}, 'data': <HDF5 dataset "id": shape (257,), type "<i4">}}, 'links': {}}, "Could not construct FrequencyBandsTable object due to: column must have the same number of rows as 'id'"))
2026-10-01T19:23:01Z INFO [1523/2934] c8f2bc83-bd60-4d1a-8665-4d33919c2ad9: valid; 1.8 s; peak memory 6694 MiB.
2026-10-01T19:23:03Z INFO [1524/2934] c9203184-b1e1-4425-ac7e-4818b6439329: valid; 1.1 s; peak memory 6694 MiB.
2026-10-01T19:23:03Z INFO [1525/2934] c924b080-5fda-42c6-825f-7bd10aba30ad: valid; 0.7 s; peak memory 6694 MiB.
2026-10-01T19:23:04Z INFO [1526/2934] c942a676-7d85-4a0f-9bd1-0e8c22a9abdc: not valid; 0.9 s; peak memory 6694 MiB.
2026-10-01T19:23:05Z INFO [1527/2934] c944fe16-c653-4214-9b18-0b68ab0b37af: valid; 1.1 s; peak memory 6694 MiB.
2026-10-01T19:23:15Z INFO [1528/2934] c98671b3-b858-4a90-8429-36a707dd75c9: valid; 9.6 s; peak memory 6770 MiB.
2026-10-01T19:23:16Z INFO [1529/2934] c9a65e16-52fb-4f47-9dc3-3eb3e2da4f84: valid; 0.7 s; peak memory 6770 MiB.
2026-10-01T19:23:32Z INFO [1530/2934] c9b67654-f659-48bf-a1df-22167e38c82b: not valid; 16.5 s; peak memory 6770 MiB.
2026-10-01T19:23:33Z INFO [1531/2934] c9f58fb1-fbe7-4ff0-a358-d7d096b183a5: not valid; 1.0 s; peak memory 6770 MiB.
2026-10-01T19:23:34Z INFO [1532/2934] c9fbef53-bd28-4535-8a6a-f4a433e66b96: not valid; 0.8 s; peak memory 6770 MiB.
2026-10-01T19:23:35Z INFO [1533/2934] ca17f075-1e02-46af-a5ef-a9c17233f5ff: valid; 0.9 s; peak memory 6770 MiB.
2026-10-01T19:23:36Z INFO [1534/2934] ca2c9ba3-8ee3-4bcb-8444-6fff5b7d2aa8: valid; 1.4 s; peak memory 6770 MiB.
2026-10-01T19:23:46Z INFO [1535/2934] ca4da2ab-c6bc-4218-9df2-2e36f5b9c4fa: valid; 10.0 s; peak memory 7095 MiB.
2026-10-01T19:23:47Z INFO [1536/2934] ca5ff2eb-c26f-49e1-98a3-295b6cd0011c: not valid; 0.8 s; peak memory 7095 MiB.
2026-10-01T19:23:48Z INFO [1537/2934] ca648cbd-922f-4fef-b77c-c48d51e32423: valid; 1.1 s; peak memory 7095 MiB.
2026-10-01T19:23:49Z INFO [1538/2934] ca868e97-97ac-4add-a056-0f519747fefc: valid; 0.8 s; peak memory 7095 MiB.
2026-10-01T19:23:51Z INFO [1539/2934] cafb7677-4c19-4e89-9cfa-ef745933ea56: valid; 1.6 s; peak memory 7095 MiB.
2026-10-01T19:23:52Z INFO [1540/2934] cb039e46-edec-4d8b-bc3a-4628ecedaaa0: not valid; 1.2 s; peak memory 7095 MiB.
2026-10-01T19:23:57Z INFO [1541/2934] cb16d469-0498-4a1e-b1a4-88a7691ead99: valid; 5.4 s; peak memory 7095 MiB.
2026-10-01T19:23:58Z INFO [1542/2934] cb570d8d-770b-4adb-8134-6be106dd5669: valid; 0.7 s; peak memory 7095 MiB.
2026-10-01T19:23:59Z INFO [1543/2934] cb5d57b7-6d21-41a9-a516-9e85a441e800: not valid; 1.4 s; peak memory 7095 MiB.
2026-10-01T19:24:01Z INFO [1544/2934] cb810186-7a12-4891-a5c5-a66cef8d92a5: valid; 1.7 s; peak memory 7095 MiB.
2026-10-01T19:24:03Z INFO [1545/2934] cb9a8da9-7e65-41ee-b334-6f9fe94651d3: valid; 1.8 s; peak memory 7095 MiB.
2026-10-01T19:24:07Z INFO [1546/2934] cba2032d-c77d-4132-bbc4-3319d5fbe9f1: valid; 4.2 s; peak memory 7095 MiB.
2026-10-01T19:24:13Z INFO [1547/2934] cbb30551-2551-42de-b68d-9d6674c35ef2: valid; 6.5 s; peak memory 7095 MiB.
2026-10-01T19:24:14Z INFO [1548/2934] cbbb8248-5bba-4e97-a643-c4b996589062: not valid; 0.9 s; peak memory 7095 MiB.
2026-10-01T19:24:15Z INFO [1549/2934] cc047dfe-47ac-4cb5-aa75-76d40f867162: not valid; 1.1 s; peak memory 7095 MiB.
2026-10-01T19:24:18Z INFO [1550/2934] cc62af91-2254-45be-ab01-2c3c4202b815: not valid; 2.6 s; peak memory 7095 MiB.
2026-10-01T19:24:19Z INFO [1550/2934] cc62af91-2254-45be-ab01-2c3c4202b815: checkpointed 88010 records.
2026-10-01T19:24:20Z INFO [1551/2934] ccb1652c-28a5-45df-a9f9-2ead920f3277: not valid; 1.0 s; peak memory 7095 MiB.
2026-10-01T19:24:21Z INFO [1552/2934] ccb852e3-a74b-43df-b157-7bff6efc0d02: valid; 1.2 s; peak memory 7095 MiB.
2026-10-01T19:24:22Z INFO [1553/2934] ccb8be39-92ad-42bc-8be9-8e0ae10f3d16: valid; 0.7 s; peak memory 7095 MiB.
2026-10-01T19:24:22Z INFO [1554/2934] ccbb01a5-4974-4363-8757-146412b17bbe: valid; 0.6 s; peak memory 7095 MiB.
2026-10-01T19:24:23Z INFO [1555/2934] ccc2ebcf-a63f-446c-ab76-aa19f9f887b8: valid; 1.1 s; peak memory 7095 MiB.
2026-10-01T19:24:25Z INFO [1556/2934] cd3521c8-77e7-4e53-a68f-b8f49b900ed8: valid; 1.4 s; peak memory 7095 MiB.
2026-10-01T19:24:25Z INFO [1557/2934] cd40b640-e39b-4f31-9be7-5522e83803f9: not valid; 0.6 s; peak memory 7095 MiB.
2026-10-01T19:24:26Z INFO [1558/2934] cd46a07d-08ee-4c25-94da-dedfc00b0659: not valid; 1.1 s; peak memory 7095 MiB.
2026-10-01T19:24:27Z WARNING cd54d8a1-adda-48cf-903c-3a3e3d29c3d5: failed while opening the NWB file (ConstructError: (root/acquisition/_iblmic_audioSpectrogram/bands GroupBuilder {'attributes': {'colnames': array(['freq'], dtype=object), 'description': 'spectogram frequencies', 'namespace': 'core', 'neurodata_type': 'FrequencyBandsTable', 'object_id': 'be0e5d2e-791d-4f68-ad67-5b117989a1bf'}, 'groups': {}, 'datasets': {'freq': root/acquisition/_iblmic_audioSpectrogram/bands/freq DatasetBuilder {'attributes': {'description': 'frequency value', 'namespace': 'hdmf-common', 'neurodata_type': 'VectorData', 'object_id': 'f755104d-0966-43f0-b02a-af696abd2d9d'}, 'data': <HDF5 dataset "freq": shape (257,), type "<f4">}, 'id': root/acquisition/_iblmic_audioSpectrogram/bands/id DatasetBuilder {'attributes': {'namespace': 'hdmf-common', 'neurodata_type': 'ElementIdentifiers', 'object_id': '2954c6a7-760e-4d90-aa2d-8eae8a05fc01'}, 'data': <HDF5 dataset "id": shape (257,), type "<i4">}}, 'links': {}}, "Could not construct FrequencyBandsTable object due to: column must have the same number of rows as 'id'"))
2026-10-01T19:24:30Z INFO [1560/2934] cd564891-82a7-4328-8547-a6fc924021d1: valid; 2.5 s; peak memory 7095 MiB.
2026-10-01T19:24:31Z INFO [1561/2934] cd81ebf4-af24-4292-b1e6-f8f938f7a232: valid; 1.5 s; peak memory 7095 MiB.
2026-10-01T19:24:33Z INFO [1562/2934] cd85d029-10f8-4c1d-9efe-2a88d8e4d3aa: not valid; 1.2 s; peak memory 7095 MiB.
2026-10-01T19:24:33Z INFO [1563/2934] cd9c11cb-d149-4f76-b312-b6d3d48355a8: valid; 0.8 s; peak memory 7095 MiB.
2026-10-01T19:24:35Z INFO [1564/2934] cdbddb02-5828-45bb-bfaf-4c04bb7e161a: valid; 1.2 s; peak memory 7095 MiB.
2026-10-01T19:24:36Z INFO [1565/2934] cdc6fac7-ba9f-4c89-852d-c2e7cf110a31: valid; 1.5 s; peak memory 7095 MiB.
2026-10-01T19:24:39Z INFO [1566/2934] cdce9f0e-fe25-471b-b6d9-f6c6cc994073: valid; 3.3 s; peak memory 7095 MiB.
2026-10-01T19:24:43Z INFO [1567/2934] cde41aba-1193-4880-acde-7f923db10a33: not valid; 4.1 s; peak memory 7095 MiB.
2026-10-01T19:24:44Z INFO [1568/2934] ce0310dc-a469-4c48-8e3d-2581aa4eba66: not valid; 0.8 s; peak memory 7095 MiB.
2026-10-01T19:24:45Z INFO [1569/2934] ce1e5dc2-aa9f-400a-9b7d-e730bdea8da1: valid; 1.2 s; peak memory 7095 MiB.
2026-10-01T19:24:46Z INFO [1570/2934] ce3f290a-0d5a-4863-9c1a-3bfa682e6bec: valid; 0.7 s; peak memory 7095 MiB.
2026-10-01T19:24:47Z INFO [1571/2934] ce3f611d-fa69-45e1-ba17-3a46215bbf5d: valid; 0.8 s; peak memory 7095 MiB.
2026-10-01T19:24:48Z INFO [1572/2934] ce666719-d28e-488e-a2fe-800665a42958: not valid; 0.9 s; peak memory 7095 MiB.
2026-10-01T19:24:49Z INFO [1573/2934] ce74d268-ca75-4d57-aa62-ff93fe04120e: not valid; 1.0 s; peak memory 7095 MiB.
2026-10-01T19:24:49Z INFO [1574/2934] ce7fd2b0-9371-4c8b-be4d-56da8e5f9934: valid; 0.7 s; peak memory 7095 MiB.
2026-10-01T19:24:51Z INFO [1575/2934] cea14734-21af-4bb0-a143-103ce9c98337: valid; 1.6 s; peak memory 7095 MiB.
2026-10-01T19:24:54Z INFO [1576/2934] ceb60da8-34e7-4918-9cc7-e4e8dd6375dc: valid; 2.5 s; peak memory 7095 MiB.
2026-10-01T19:24:54Z INFO [1577/2934] ceb8a471-8fd3-4975-b580-7351f4e3f50e: valid; 0.8 s; peak memory 7095 MiB.
2026-10-01T19:24:55Z INFO [1578/2934] cee02df1-f736-434d-8cd5-6301feada2cd: not valid; 1.0 s; peak memory 7095 MiB.
2026-10-01T19:24:56Z WARNING cefdf4a0-80fe-4c42-ac87-84f6700c73af: failed while opening the NWB file (ConstructError: (root/acquisition/_iblmic_audioSpectrogram/bands GroupBuilder {'attributes': {'colnames': array(['freq'], dtype=object), 'description': 'spectogram frequencies', 'namespace': 'core', 'neurodata_type': 'FrequencyBandsTable', 'object_id': '0ffc6101-65f9-4c71-a29e-05bcc38c273f'}, 'groups': {}, 'datasets': {'freq': root/acquisition/_iblmic_audioSpectrogram/bands/freq DatasetBuilder {'attributes': {'description': 'frequency value', 'namespace': 'hdmf-common', 'neurodata_type': 'VectorData', 'object_id': 'd0a9a058-b1cc-41c8-80ee-d18f11ab7a00'}, 'data': <HDF5 dataset "freq": shape (257,), type "<f4">}, 'id': root/acquisition/_iblmic_audioSpectrogram/bands/id DatasetBuilder {'attributes': {'namespace': 'hdmf-common', 'neurodata_type': 'ElementIdentifiers', 'object_id': '4142e014-495e-429d-8fd7-be9f6979254d'}, 'data': <HDF5 dataset "id": shape (257,), type "<i4">}}, 'links': {}}, "Could not construct FrequencyBandsTable object due to: column must have the same number of rows as 'id'"))
2026-10-01T19:24:57Z INFO [1580/2934] cf0bcace-4436-4d8b-afee-eca8339f2f70: not valid; 0.8 s; peak memory 7095 MiB.
2026-10-01T19:24:58Z INFO [1581/2934] cf1b0d75-a16d-415f-8031-53b6dd279a0a: valid; 1.0 s; peak memory 7095 MiB.
2026-10-01T19:24:59Z INFO [1582/2934] cf4e4e67-cce5-490f-b05e-a68a22102e57: valid; 0.6 s; peak memory 7095 MiB.
2026-10-01T19:25:00Z INFO [1583/2934] cf6cad48-b846-4b4c-841f-2ab3ef7ebc75: valid; 1.5 s; peak memory 7095 MiB.
2026-10-01T19:25:01Z INFO [1584/2934] cf86ac6d-27ac-4f69-b0b8-5880df807b6e: valid; 1.0 s; peak memory 7095 MiB.
2026-10-01T19:25:02Z INFO [1585/2934] cf88817a-2b24-4cde-90ef-21ccb91b43b8: valid; 0.7 s; peak memory 7095 MiB.
2026-10-01T19:25:03Z INFO [1586/2934] cfab72b7-7e4c-4cdf-af89-ee51e3bf5035: valid; 1.2 s; peak memory 7095 MiB.
2026-10-01T19:25:04Z INFO [1587/2934] cfb4c277-6452-4df6-b996-ec0722335588: valid; 0.7 s; peak memory 7095 MiB.
2026-10-01T19:25:07Z INFO [1588/2934] cfd8be62-80c0-4bbc-97a4-3ddc9d15f006: valid; 2.5 s; peak memory 7095 MiB.
2026-10-01T19:25:07Z INFO [1589/2934] cfe78e0c-7804-4877-9b97-eff1d9418bea: valid; 0.7 s; peak memory 7095 MiB.
2026-10-01T19:25:08Z INFO [1590/2934] cfef71ed-c21f-4a4d-be5b-4c60332d2555: valid; 0.9 s; peak memory 7095 MiB.
2026-10-01T19:25:09Z INFO [1591/2934] d01b813a-790b-4f1e-9811-1d6a33dbf144: valid; 0.8 s; peak memory 7095 MiB.
2026-10-01T19:25:12Z INFO [1592/2934] d038e915-b794-4bbc-ba8a-8d110573b5e0: valid; 2.6 s; peak memory 7095 MiB.
2026-10-01T19:25:16Z INFO [1593/2934] d09f4e75-71d8-4e5b-843a-864a621cb8a6: valid; 4.6 s; peak memory 7095 MiB.
2026-10-01T19:25:18Z INFO [1594/2934] d0a48715-5961-4478-b9ff-8dc2d3496c95: valid; 1.5 s; peak memory 7095 MiB.
2026-10-01T19:25:18Z INFO [1595/2934] d0c160db-3893-47a4-9915-563bab2ef01d: valid; 0.6 s; peak memory 7095 MiB.
2026-10-01T19:25:19Z INFO [1596/2934] d0d121d6-8eef-49a0-9986-26709d3f546b: valid; 0.7 s; peak memory 7095 MiB.
2026-10-01T19:25:20Z INFO [1597/2934] d0e01326-f64e-4c7d-bf52-4df08bc99cc8: not valid; 1.1 s; peak memory 7095 MiB.
2026-10-01T19:25:21Z INFO [1598/2934] d0ec2261-e1cc-4584-9a8e-9ad661fe3d58: not valid; 1.2 s; peak memory 7095 MiB.
2026-10-01T19:25:22Z INFO [1599/2934] d1040d0d-51d6-4eb7-a912-6aa9ea3fc751: valid; 0.9 s; peak memory 7095 MiB.
2026-10-01T19:25:26Z INFO [1600/2934] d10a4ec4-ab0b-4542-9a22-e926c1b3c508: valid; 3.4 s; peak memory 7095 MiB.
2026-10-01T19:25:26Z INFO [1600/2934] d10a4ec4-ab0b-4542-9a22-e926c1b3c508: checkpointed 88010 records.
2026-10-01T19:25:27Z INFO [1601/2934] d115c655-00a9-43fe-a698-3902e3a4e369: valid; 1.0 s; peak memory 7095 MiB.
2026-10-01T19:25:28Z INFO [1602/2934] d1181340-deef-44ee-9be6-413848674f8c: not valid; 0.7 s; peak memory 7095 MiB.
2026-10-01T19:25:29Z INFO [1603/2934] d14039ea-a870-437e-8e98-103c9ad819e9: valid; 0.8 s; peak memory 7095 MiB.
2026-10-01T19:25:30Z INFO [1604/2934] d14454c5-ee0b-4bc4-98ac-21ba2e420afe: not valid; 1.2 s; peak memory 7095 MiB.
2026-10-01T19:25:31Z INFO [1605/2934] d14adf7b-a126-4744-875c-c143c788bece: valid; 1.1 s; peak memory 7095 MiB.
2026-10-01T19:25:36Z INFO [1606/2934] d157a20c-d572-4b28-920c-5ef45b015fdb: valid; 5.2 s; peak memory 7095 MiB.
2026-10-01T19:25:37Z INFO [1607/2934] d1881293-15ea-43f0-9abf-fbf554e7de59: valid; 0.9 s; peak memory 7095 MiB.
2026-10-01T19:25:39Z INFO [1608/2934] d1a0cf3c-bc7e-4e0b-ae81-f25b0d405d0c: not valid; 1.7 s; peak memory 7095 MiB.
2026-10-01T19:25:40Z INFO [1609/2934] d1a3833e-a3a5-471c-960d-1e3688b000dd: valid; 1.2 s; peak memory 7095 MiB.
2026-10-01T19:25:43Z INFO [1610/2934] d1c040c8-4a8a-45ef-86b3-de8a5a3808a0: valid; 3.0 s; peak memory 7095 MiB.
2026-10-01T19:25:44Z WARNING d1c09597-ca29-43d8-9aa5-e64c02889dfd: failed while opening the NWB file (ConstructError: (root/acquisition/event_code_meanings GroupBuilder {'attributes': {'colnames': array(['value', 'meaning'], dtype=object), 'description': 'Mapping integer event codes to event labels', 'namespace': 'ndx-events', 'neurodata_type': 'MeaningsTable', 'object_id': 'c4cb9d7e-a744-4bc0-a9b9-2ceff6bd291c'}, 'groups': {}, 'datasets': {'id': root/acquisition/event_code_meanings/id DatasetBuilder {'attributes': {'namespace': 'hdmf-common', 'neurodata_type': 'ElementIdentifiers', 'object_id': 'c7dd10c5-391b-451e-a6d3-89c9d5188984'}, 'data': <HDF5 dataset "id": shape (26,), type "<i8">}, 'meaning': root/acquisition/event_code_meanings/meaning DatasetBuilder {'attributes': {'description': 'The meaning of the value in the parent CategoricalVectorData object.', 'namespace': 'hdmf-experimental', 'neurodata_type': 'VectorData', 'object_id': 'e0be8c3d-fb7f-4d72-801f-9710e3bd7166'}, 'data': <StrDataset for HDF5 dataset "meaning": shape (26,), type "|O">}, 'value': root/acquisition/event_code_meanings/value DatasetBuilder {'attributes': {'description': 'The value of the parent CategoricalVectorData object.', 'namespace': 'hdmf-experimental', 'neurodata_type': 'VectorData', 'object_id': '85bc041e-e8da-4c24-be3a-f0e42a46c6ce'}, 'data': <HDF5 dataset "value": shape (26,), type "<i8">}}, 'links': {}}, "Could not construct MeaningsTable object due to: MeaningsTable.__init__: missing argument 'target'"))
2026-10-01T19:25:45Z INFO [1612/2934] d1deb972-6941-4b51-bcfb-6458b45651af: valid; 0.9 s; peak memory 7095 MiB.
2026-10-01T19:25:46Z INFO [1613/2934] d1f11f7f-37bb-495b-98f2-08045aecdd99: valid; 0.8 s; peak memory 7095 MiB.
2026-10-01T19:25:48Z INFO [1614/2934] d1f50000-a76f-427c-a973-2f01914f12c0: valid; 1.9 s; peak memory 7095 MiB.
2026-10-01T19:25:50Z INFO [1615/2934] d1fb3728-f487-48c6-bb9d-bbf955097cd6: not valid; 1.9 s; peak memory 7095 MiB.
2026-10-01T19:25:50Z INFO [1616/2934] d2132eb4-09a4-4c33-bf84-1ff25d8abac1: valid; 0.8 s; peak memory 7095 MiB.
2026-10-01T19:25:51Z INFO [1617/2934] d21b0a73-2003-4001-8a30-27bc2536e94e: valid; 0.8 s; peak memory 7095 MiB.
2026-10-01T19:25:52Z INFO [1618/2934] d23a9044-727b-4c10-8f66-040564a61cb3: not valid; 0.9 s; peak memory 7095 MiB.
2026-10-01T19:25:53Z INFO [1619/2934] d23c3e2b-d7be-439a-9654-a0137819988d: valid; 0.7 s; peak memory 7095 MiB.
2026-10-01T19:25:54Z INFO [1620/2934] d26f3689-a7e1-4415-8fca-77908f3f1a8f: valid; 1.1 s; peak memory 7095 MiB.
2026-10-01T19:25:55Z INFO [1621/2934] d2801e30-8eb8-4ae8-9aad-80f09b2ce8d3: valid; 0.8 s; peak memory 7095 MiB.
2026-10-01T19:25:56Z INFO [1622/2934] d2832616-f546-44e2-9a00-3cf0785293d0: valid; 1.0 s; peak memory 7095 MiB.
2026-10-01T19:25:57Z INFO [1623/2934] d2e2c71d-8b66-4684-8440-d3bc8b4d4dbf: valid; 1.1 s; peak memory 7095 MiB.
2026-10-01T19:25:58Z INFO [1624/2934] d30459b5-6f40-4171-8c21-2523721517d6: valid; 0.9 s; peak memory 7095 MiB.
2026-10-01T19:25:59Z INFO [1625/2934] d3280717-2361-40b4-a1ac-9962c8307d4d: not valid; 1.0 s; peak memory 7095 MiB.
2026-10-01T19:26:09Z INFO [1626/2934] d37388ca-9b6f-4c76-b939-87cbe95c57e5: not valid; 10.5 s; peak memory 7095 MiB.
2026-10-01T19:26:12Z INFO [1627/2934] d3796663-895d-4a8e-bf3b-0b485c4e9330: valid; 2.6 s; peak memory 7095 MiB.
2026-10-01T19:26:12Z WARNING d384c332-2d03-40af-ab9b-19295a292774: failed while retrieving asset information from the DANDI API (NotFoundError: No asset at path 'sub-healthy-simulated-beta/sub-healthy-simulated-beta_ses-1983_ecephys.nwb' in version 0.250327.2220. Verify the path is correct and the asset exists in this version. Use 'dandi ls' to list available assets.)
2026-10-01T19:26:13Z INFO [1629/2934] d3ab6f6c-2a80-48e7-ad87-720e1ded11c2: not valid; 0.9 s; peak memory 7095 MiB.
2026-10-01T19:26:14Z INFO [1630/2934] d3cac82c-6552-464b-8d40-f0d312f6f2f5: valid; 0.8 s; peak memory 7095 MiB.
2026-10-01T19:26:15Z INFO [1631/2934] d3d60123-0b65-4c52-acb0-abf3e9c0e6f1: valid; 1.8 s; peak memory 7095 MiB.
2026-10-01T19:26:16Z INFO [1632/2934] d3db2459-f7d6-40e0-a293-96f053a51438: valid; 0.9 s; peak memory 7095 MiB.
2026-10-01T19:26:16Z WARNING d3f5e990-5552-4f4e-8fdb-4e39109fdb21: failed while retrieving asset information from the DANDI API (NotFoundError: No such Dandiset: 001269)
2026-10-01T19:26:16Z WARNING d3fd4cb7-9f31-4ec5-8061-dd5f849ff076: failed while retrieving asset information from the DANDI API (NotFoundError: No asset at path 'sub-parkinson-simulated-beta/sub-parkinson-simulated-beta_ses-3613_ecephys.nwb' in version 0.250327.2220. Verify the path is correct and the asset exists in this version. Use 'dandi ls' to list available assets.)
2026-10-01T19:26:17Z INFO [1635/2934] d403a419-3d7c-4ee6-8d62-e77caac14987: valid; 0.9 s; peak memory 7095 MiB.
2026-10-01T19:26:18Z INFO [1636/2934] d41c6838-9661-487f-a951-5478165e3124: valid; 1.1 s; peak memory 7095 MiB.
2026-10-01T19:26:21Z INFO [1637/2934] d436bc00-804e-4e98-99a9-6560e64278ca: valid; 2.5 s; peak memory 7095 MiB.
2026-10-01T19:26:22Z INFO [1638/2934] d45182eb-e64a-4613-89bd-112d0ba3f360: valid; 0.7 s; peak memory 7095 MiB.
2026-10-01T19:26:23Z INFO [1639/2934] d49bda33-0bfb-4a0d-b80f-9fdb9c3d771b: valid; 1.1 s; peak memory 7095 MiB.
2026-10-01T19:26:23Z WARNING d4b5dc39-e698-4c94-8e66-3fd0232443a6: failed while retrieving asset information from the DANDI API (NotFoundError: No such Dandiset: 000561)
2026-10-01T19:26:23Z INFO [1641/2934] d4c6a084-97fe-46cc-b912-9fa401496092: not valid; 0.8 s; peak memory 7095 MiB.
2026-10-01T19:26:25Z INFO [1642/2934] d4ce8df0-49c5-4259-93c8-759aff52ac8b: valid; 1.1 s; peak memory 7095 MiB.
2026-10-01T19:26:25Z INFO [1643/2934] d4d79a05-1f0e-45ad-985a-3967520e74be: valid; 0.7 s; peak memory 7095 MiB.
2026-10-01T19:26:26Z INFO [1644/2934] d4f07778-0eda-4713-9084-f3f6e87a473f: valid; 1.0 s; peak memory 7095 MiB.
2026-10-01T19:26:33Z INFO [1645/2934] d4f31e8b-06ba-45c5-b7fc-c530354ca7cd: valid; 6.8 s; peak memory 7095 MiB.
2026-10-01T19:26:38Z INFO [1646/2934] d53185ce-d6c3-4b36-b34d-14a08caaee2c: not valid; 4.9 s; peak memory 7095 MiB.
2026-10-01T19:26:41Z INFO [1647/2934] d53dff0f-a96f-497f-b0e6-467275c236a7: valid; 2.7 s; peak memory 7095 MiB.
2026-10-01T19:26:41Z INFO [1648/2934] d54de5c1-fd72-4461-b24b-bf83c59a0225: not valid; 0.7 s; peak memory 7095 MiB.
2026-10-01T19:26:44Z INFO [1649/2934] d58b04ef-9cbd-48be-aa13-086084f0ff47: valid; 2.9 s; peak memory 7095 MiB.
2026-10-01T19:26:46Z INFO [1650/2934] d58b75a2-bddc-417c-819f-aa4cd85dd270: valid; 1.8 s; peak memory 7095 MiB.
2026-10-01T19:26:47Z INFO [1650/2934] d58b75a2-bddc-417c-819f-aa4cd85dd270: checkpointed 88010 records.
2026-10-01T19:26:47Z INFO [1651/2934] d59fd781-8e90-423c-86bf-cd541a6ab428: valid; 0.7 s; peak memory 7095 MiB.
2026-10-01T19:26:49Z INFO [1652/2934] d5cad1c0-1a18-4b99-b7c8-21f236620617: valid; 2.2 s; peak memory 7095 MiB.
2026-10-01T19:26:51Z INFO [1653/2934] d5d05ae8-c72d-45f4-b24e-60d4f85f74d3: valid; 1.1 s; peak memory 7095 MiB.
2026-10-01T19:26:52Z INFO [1654/2934] d5d6579d-d507-4fe1-9548-80b10892dcf8: valid; 1.1 s; peak memory 7095 MiB.
2026-10-01T19:27:59Z INFO [1655/2934] d5d7aa08-3b95-4ae5-a50c-0d6e79477dea: valid; 67.3 s; peak memory 7095 MiB.
2026-10-01T19:28:00Z INFO [1656/2934] d5fa5bfc-8655-4022-8f16-79936aa032fa: not valid; 1.0 s; peak memory 7095 MiB.
2026-10-01T19:28:08Z INFO [1657/2934] d6251561-1492-4035-9869-56ffea92dfae: valid; 7.7 s; peak memory 7095 MiB.
2026-10-01T19:28:10Z INFO [1658/2934] d63bd86a-ffbf-4b95-8491-ced371b81f56: not valid; 2.0 s; peak memory 7095 MiB.
2026-10-01T19:28:18Z INFO [1659/2934] d63e0673-fa59-415f-a21b-8e62c9d7b63c: valid; 7.8 s; peak memory 7095 MiB.
2026-10-01T19:28:19Z INFO [1660/2934] d640c378-7025-4c3b-a334-169ec3df4f3f: not valid; 1.1 s; peak memory 7095 MiB.
2026-10-01T19:28:19Z WARNING d66651a7-f3a8-4235-80cf-2da4d9120933: failed while retrieving asset information from the DANDI API (NotFoundError: No asset at path 'sub-456772/sub-456772_ses-20191121T124405_behavior+ecephys+ogen.nwb' in version 0.231012.2129. Verify the path is correct and the asset exists in this version. Use 'dandi ls' to list available assets.)
2026-10-01T19:28:19Z INFO [1662/2934] d68187d1-c619-4622-a448-fb54f81257a5: valid; 0.8 s; peak memory 7095 MiB.
2026-10-01T19:28:22Z INFO [1663/2934] d6a6a624-adf7-4c70-9404-110159ef1265: valid; 2.9 s; peak memory 7095 MiB.
2026-10-01T19:28:23Z INFO [1664/2934] d6ad0576-a37f-49ad-84bb-3d34d138301f: not valid; 1.0 s; peak memory 7095 MiB.
2026-10-01T19:28:25Z INFO [1665/2934] d6bf3e77-400f-4ce8-9219-05b5f3426710: valid; 1.6 s; peak memory 7095 MiB.
2026-10-01T19:28:26Z INFO [1666/2934] d6bf5455-172b-4293-9b84-e6496526569e: not valid; 0.9 s; peak memory 7095 MiB.
2026-10-01T19:28:27Z INFO [1667/2934] d6cd4cd4-dac9-4bcb-bc73-97af0910ceaf: valid; 0.7 s; peak memory 7095 MiB.
2026-10-01T19:28:27Z INFO [1668/2934] d6d4753c-2619-4d11-8b09-3327320f7cc5: valid; 0.7 s; peak memory 7095 MiB.
2026-10-01T19:28:28Z INFO [1669/2934] d6e8f2fb-a07b-4db9-bf02-c65b1d631978: not valid; 0.9 s; peak memory 7095 MiB.
2026-10-01T19:28:31Z INFO [1670/2934] d701402b-4427-4944-9d39-bcf64f71ceaa: valid; 2.5 s; peak memory 7095 MiB.
2026-10-01T19:28:33Z INFO [1671/2934] d7084d7f-4bd7-416b-89dd-91175ed0d241: valid; 2.3 s; peak memory 7095 MiB.
2026-10-01T19:28:35Z INFO [1672/2934] d74977dd-1e69-49d1-8bdc-b8bc8478bc24: valid; 2.1 s; peak memory 7095 MiB.
2026-10-01T19:28:36Z INFO [1673/2934] d750db5e-7042-4347-bc05-6b101ec460e0: valid; 0.8 s; peak memory 7095 MiB.
2026-10-01T19:28:37Z INFO [1674/2934] d7780b35-e05b-49c1-a5ef-54d831c4283c: valid; 1.2 s; peak memory 7095 MiB.
2026-10-01T19:28:38Z INFO [1675/2934] d778bdbb-c930-4199-bd8f-b55c8b132ba2: valid; 1.0 s; peak memory 7095 MiB.
2026-10-01T19:28:39Z INFO [1676/2934] d78cd6d1-1ffd-4e6e-b7fe-ba65bcb78e6b: not valid; 0.7 s; peak memory 7095 MiB.
2026-10-01T19:28:44Z INFO [1677/2934] d7925ace-852f-4297-87a4-4d85f07c6a2d: valid; 5.8 s; peak memory 7095 MiB.
2026-10-01T19:28:45Z INFO [1678/2934] d79edb11-7d3a-45cf-a201-3f43867b30bf: not valid; 1.0 s; peak memory 7095 MiB.
2026-10-01T19:28:46Z INFO [1679/2934] d7a98bad-a5f9-4c43-9074-339fe9776979: not valid; 0.9 s; peak memory 7095 MiB.
2026-10-01T19:28:49Z INFO [1680/2934] d7c4090d-9708-421d-b18e-5234c4f1e298: not valid; 2.4 s; peak memory 7095 MiB.
2026-10-01T19:28:50Z INFO [1681/2934] d8222d03-b67c-42ae-bbcb-5cdb03218503: valid; 1.0 s; peak memory 7095 MiB.
2026-10-01T19:28:52Z INFO [1682/2934] d84c25ee-cc4a-4ca5-ad3f-80d1d0c9d567: valid; 1.8 s; peak memory 7095 MiB.
2026-10-01T19:28:56Z INFO [1683/2934] d84f8940-6d57-4974-bd10-06ea29b8b3bf: not valid; 4.1 s; peak memory 7095 MiB.
2026-10-01T19:29:00Z INFO [1684/2934] d8592811-ee53-4ee9-80ad-8fdd693c44e9: not valid; 4.7 s; peak memory 7095 MiB.
2026-10-01T19:29:01Z INFO [1685/2934] d8b32fc5-f803-443d-aef9-466c8366e90d: valid; 0.6 s; peak memory 7095 MiB.
2026-10-01T19:29:02Z INFO [1686/2934] d8cc4d35-b740-490e-80a9-bd5938883e53: valid; 0.7 s; peak memory 7095 MiB.
2026-10-01T19:29:02Z INFO [1687/2934] d8d53071-8199-41a0-a30f-3a623cfa66f5: valid; 0.6 s; peak memory 7095 MiB.
2026-10-01T19:29:03Z INFO [1688/2934] d91837a2-4ea5-4de5-bfbb-8d9d926f5ef7: valid; 1.1 s; peak memory 7095 MiB.
2026-10-01T19:29:05Z INFO [1689/2934] d91e01d6-7d59-4b8d-8eae-b94a80b5bfee: valid; 1.2 s; peak memory 7095 MiB.
2026-10-01T19:29:05Z INFO [1690/2934] d92222e4-7ddd-47e0-9301-25e4d9405446: valid; 0.7 s; peak memory 7095 MiB.
2026-10-01T19:29:07Z INFO [1691/2934] d9262bf0-56dc-446c-91b1-3070095e7ed9: valid; 1.7 s; peak memory 7095 MiB.
2026-10-01T19:29:08Z INFO [1692/2934] d93115cd-ff6c-4509-b880-125e2a822fa5: not valid; 0.8 s; peak memory 7095 MiB.
2026-10-01T19:29:09Z INFO [1693/2934] d938824a-d681-4c32-aa90-fcb45d745f31: valid; 1.5 s; peak memory 7095 MiB.
2026-10-01T19:29:12Z INFO [1694/2934] d943fa4a-db79-41e5-bd05-c1cf868f9f0c: valid; 2.6 s; peak memory 7095 MiB.
2026-10-01T19:29:13Z INFO [1695/2934] d9508b9b-a26c-41f2-b270-83e7b48684c6: not valid; 1.0 s; peak memory 7095 MiB.
2026-10-01T19:29:13Z INFO [1696/2934] d966e7bd-3f4f-486b-a89f-506558b8461b: valid; 0.6 s; peak memory 7095 MiB.
2026-10-01T19:29:15Z INFO [1697/2934] d9733512-b2f3-4307-905a-b38f0836c280: not valid; 1.4 s; peak memory 7095 MiB.
2026-10-01T19:29:16Z INFO [1698/2934] d983d65c-24d7-45fc-801f-f2792826ac4a: valid; 1.5 s; peak memory 7095 MiB.
2026-10-01T19:29:18Z INFO [1699/2934] d98993ae-d018-4f45-8661-adfaa36b991d: valid; 1.3 s; peak memory 7095 MiB.
2026-10-01T19:29:32Z INFO [1700/2934] d9a3c626-62d2-46d5-a588-d04df37c9de5: not valid; 14.8 s; peak memory 7095 MiB.
2026-10-01T19:29:33Z INFO [1700/2934] d9a3c626-62d2-46d5-a588-d04df37c9de5: checkpointed 88010 records.
2026-10-01T19:29:34Z INFO [1701/2934] d9aceba1-20d7-4f9b-b5c8-358e63265870: valid; 1.1 s; peak memory 7095 MiB.
2026-10-01T19:29:35Z INFO [1702/2934] d9ad096f-4559-4e48-8501-1a592bd70e74: valid; 0.7 s; peak memory 7095 MiB.
2026-10-01T19:29:36Z INFO [1703/2934] d9e16795-808a-4f69-9bd0-92b8b860c367: valid; 1.1 s; peak memory 7095 MiB.
2026-10-01T19:29:37Z INFO [1704/2934] d9e3f91f-2aa0-4964-8fe1-0c3aa5528c50: valid; 1.3 s; peak memory 7095 MiB.
2026-10-01T19:29:44Z INFO [1705/2934] da218404-ee0b-40dd-846a-8449b9bc4e38: valid; 7.0 s; peak memory 7095 MiB.
2026-10-01T19:29:47Z INFO [1706/2934] da375e64-18c9-47a9-98ec-0cfda1c90f90: valid; 3.0 s; peak memory 7095 MiB.
2026-10-01T19:29:48Z INFO [1707/2934] da3924a0-b2f5-4f02-95f4-5b31362eead0: valid; 0.7 s; peak memory 7095 MiB.
2026-10-01T19:29:50Z INFO [1708/2934] da5dd3f2-967a-48a8-bc44-636a22731471: valid; 2.2 s; peak memory 7095 MiB.
2026-10-01T19:29:51Z INFO [1709/2934] da851874-dcda-404b-b625-41efecf6db7b: valid; 0.6 s; peak memory 7095 MiB.
2026-10-01T19:29:52Z WARNING da9227d3-ff67-40d0-8015-1857ec84a816: failed while opening the NWB file (ConstructError: (root/acquisition/_iblmic_audioSpectrogram/bands GroupBuilder {'attributes': {'colnames': array(['freq'], dtype=object), 'description': 'spectogram frequencies', 'namespace': 'core', 'neurodata_type': 'FrequencyBandsTable', 'object_id': '8ec8c04c-4de4-4c35-8bad-e889fe440d4c'}, 'groups': {}, 'datasets': {'freq': root/acquisition/_iblmic_audioSpectrogram/bands/freq DatasetBuilder {'attributes': {'description': 'frequency value', 'namespace': 'hdmf-common', 'neurodata_type': 'VectorData', 'object_id': 'e77af5db-4246-499d-a9fb-73608e055877'}, 'data': <HDF5 dataset "freq": shape (257,), type "<f4">}, 'id': root/acquisition/_iblmic_audioSpectrogram/bands/id DatasetBuilder {'attributes': {'namespace': 'hdmf-common', 'neurodata_type': 'ElementIdentifiers', 'object_id': '93767fa1-db78-4e00-b567-593fc5dfe0bd'}, 'data': <HDF5 dataset "id": shape (257,), type "<i4">}}, 'links': {}}, "Could not construct FrequencyBandsTable object due to: column must have the same number of rows as 'id'"))
2026-10-01T19:29:52Z INFO [1711/2934] dab1083d-eb4c-4d15-aaaf-8bcc64bbdfd7: not valid; 0.8 s; peak memory 7095 MiB.
2026-10-01T19:29:53Z INFO [1712/2934] dadc33dd-4634-4a5b-926f-88252ea6df7d: valid; 0.7 s; peak memory 7095 MiB.
2026-10-01T19:29:54Z INFO [1713/2934] db257d33-f021-4a05-8ef7-3d2b1248f6f4: valid; 0.7 s; peak memory 7095 MiB.
2026-10-01T19:29:54Z INFO [1714/2934] db439647-962d-4c06-a011-f12989e3136e: valid; 0.6 s; peak memory 7095 MiB.
2026-10-01T19:29:55Z INFO [1715/2934] db452d96-8e96-4139-ad0d-84b193bbf3c3: not valid; 0.9 s; peak memory 7095 MiB.
2026-10-01T19:29:57Z INFO [1716/2934] db590bfe-80fc-4905-a827-e462456b2ec3: valid; 1.4 s; peak memory 7095 MiB.
2026-10-01T19:29:57Z INFO [1717/2934] db5927ce-464c-4ad2-88c1-c6e126b89b24: valid; 0.6 s; peak memory 7095 MiB.
2026-10-01T19:29:58Z INFO [1718/2934] db62db9a-94e2-4199-87b4-827d5caf049e: valid; 1.0 s; peak memory 7095 MiB.
2026-10-01T19:29:59Z INFO [1719/2934] db9e4a6f-db38-41b5-9579-c665f3f9c6e4: valid; 1.1 s; peak memory 7095 MiB.
2026-10-01T19:30:00Z INFO [1720/2934] dba3f24d-f21a-48d9-a3ee-140194c3cf25: valid; 1.1 s; peak memory 7095 MiB.
2026-10-01T19:30:02Z INFO [1721/2934] dbbcf24b-0ac2-4bf2-a123-2eb00bf24619: valid; 1.8 s; peak memory 7095 MiB.
2026-10-01T19:30:03Z INFO [1722/2934] dbcad234-7e59-4c87-aea0-355394369350: not valid; 0.8 s; peak memory 7095 MiB.
2026-10-01T19:30:04Z INFO [1723/2934] dbd31edc-124d-4462-9af2-69b7415a18a0: valid; 0.5 s; peak memory 7095 MiB.
2026-10-01T19:30:05Z INFO [1724/2934] dbd55e23-bddc-4b39-b251-e75833172b03: not valid; 1.0 s; peak memory 7095 MiB.
2026-10-01T19:30:06Z INFO [1725/2934] dbdec11b-03a4-4275-98bd-31d9992d6503: not valid; 1.0 s; peak memory 7095 MiB.
2026-10-01T19:30:06Z INFO [1726/2934] dc08676f-008d-41d4-8dfa-841d793cb6eb: valid; 0.7 s; peak memory 7095 MiB.
2026-10-01T19:30:07Z INFO [1727/2934] dc0dd7d3-4368-445b-93d4-7aebbcafd5a6: valid; 0.9 s; peak memory 7095 MiB.
2026-10-01T19:30:08Z INFO [1728/2934] dc0f394b-e7dd-42f9-bd0a-778c04344f42: valid; 1.0 s; peak memory 7095 MiB.
2026-10-01T19:30:09Z INFO [1729/2934] dc126f10-b4a8-4896-9e97-b6792e9975a3: valid; 0.6 s; peak memory 7095 MiB.
2026-10-01T19:30:11Z INFO [1730/2934] dc141591-23e7-4c1b-9894-f4bdd68660c4: not valid; 1.9 s; peak memory 7095 MiB.
2026-10-01T19:30:13Z INFO [1731/2934] dc16a61d-e962-471f-a78c-8ffb8f4bda19: not valid; 2.3 s; peak memory 7095 MiB.
2026-10-01T19:30:15Z INFO [1732/2934] dc41cd47-b464-41e8-aea1-226c675b89bb: valid; 2.5 s; peak memory 7095 MiB.
2026-10-01T19:30:17Z INFO [1733/2934] dc6fb8b8-816a-49cb-ae12-dbaf5f7da01f: not valid; 1.3 s; peak memory 7095 MiB.
2026-10-01T19:30:23Z INFO [1734/2934] dc82e9c7-84d5-4b6b-88c6-fe0b33ccdbf9: not valid; 6.1 s; peak memory 7095 MiB.
2026-10-01T19:30:36Z INFO [1735/2934] dc99524f-611f-494e-89cf-949309022122: not valid; 13.4 s; peak memory 7095 MiB.
2026-10-01T19:30:38Z WARNING dcbd3534-865e-4db8-8349-52b0d039606d: failed while opening the NWB file (ConstructError: (root/general/optogenetics/PatternedOptogeneticStimulusSite GroupBuilder {'attributes': {'effector': 'GUR-3/PRDX-2', 'namespace': 'ndx-patterned-ogen', 'neurodata_type': 'PatternedOptogeneticStimulusSite', 'object_id': '4cd8c925-0edc-44e2-8977-e64ba03a78f7'}, 'groups': {}, 'datasets': {'description': root/general/optogenetics/PatternedOptogeneticStimulusSite/description DatasetBuilder {'attributes': {}, 'data': 'Scanning'}, 'excitation_lambda': root/general/optogenetics/PatternedOptogeneticStimulusSite/excitation_lambda DatasetBuilder {'attributes': {}, 'data': np.float64(850.0)}, 'location': root/general/optogenetics/PatternedOptogeneticStimulusSite/location DatasetBuilder {'attributes': {}, 'data': 'whole brain'}}, 'links': {'device': root/general/optogenetics/PatternedOptogeneticStimulusSite/device LinkBuilder {'builder': root/general/devices/OptogeneticDevice GroupBuilder {'attributes': {'description': '', 'namespace': 'core', 'neurodata_type': 'Device', 'object_id': '07034ec6-902d-44a7-af50-56c76cb399ab'}, 'groups': {}, 'datasets': {}, 'links': {}}}, 'light_source': root/general/optogenetics/PatternedOptogeneticStimulusSite/light_source LinkBuilder {'builder': root/general/devices/AmplifiedLaser GroupBuilder {'attributes': {'description': 'For two-photon optogenetic targeting, we used an optical parametric amplifier (OPA; Light Conversion ORPHEUS) pumped by a femtosecond amplified laser (Light Conversion PHAROS).', 'filter_description': 'Short pass at 1040 nm', 'manufacturer': 'Light Conversion', 'model': 'ORPHEUS amplifier and PHAROS laser', 'namespace': 'ndx-patterned-ogen', 'neurodata_type': 'LightSource', 'object_id': '64736542-f2d9-4506-b924-0e2103b1ce56', 'peak_power_in_W': np.float64(0.0012), 'pulse_rate_in_Hz': np.float64(500000.0), 'stimulation_wavelength_in_nm': np.float64(850.0)}, 'groups': {}, 'datasets': {}, 'links': {}}}}}, "Could not construct PatternedOptogeneticStimulusSite object due to: CustomClassGenerator.set_init.<locals>.__init__: incorrect type for 'spatial_light_modulator' (got 'list', expected 'Device')"))
2026-10-01T19:30:39Z INFO [1737/2934] dcc89893-488d-4ad0-a44c-19cf04a5df06: valid; 1.6 s; peak memory 7095 MiB.
2026-10-01T19:30:41Z INFO [1738/2934] dcc8c977-6db8-438e-b026-7e8ea807ecac: valid; 2.1 s; peak memory 7095 MiB.
2026-10-01T19:30:44Z INFO [1739/2934] dd2321ba-e107-4043-bbfa-59a06afede0a: valid; 2.7 s; peak memory 7095 MiB.
2026-10-01T19:30:45Z INFO [1740/2934] dd261910-57f7-465d-a58a-da632c0bab47: valid; 0.7 s; peak memory 7095 MiB.
2026-10-01T19:30:47Z INFO [1741/2934] dd2ad621-156a-4ec2-8a4e-7b47e3d0b737: not valid; 1.9 s; peak memory 7095 MiB.
2026-10-01T19:30:49Z INFO [1742/2934] dd682364-6fba-43f1-ac98-c3347f697117: valid; 2.0 s; peak memory 7095 MiB.
2026-10-01T19:30:58Z INFO [1743/2934] dd7745c2-b840-4555-92ab-32b8f30dec24: valid; 9.1 s; peak memory 7095 MiB.
2026-10-01T19:30:59Z INFO [1744/2934] dd8e92bf-cc5b-42a8-9818-bcdbc7745725: valid; 1.4 s; peak memory 7095 MiB.
2026-10-01T19:31:01Z INFO [1745/2934] dde8b998-511e-4960-bda7-83dd763c6310: valid; 2.1 s; peak memory 7095 MiB.
2026-10-01T19:31:04Z INFO [1746/2934] ddf78884-5dd7-4c64-927c-9816d79da98d: valid; 2.3 s; peak memory 7095 MiB.
2026-10-01T19:31:09Z INFO [1747/2934] de096722-f12a-460d-a572-354092a36e8f: not valid; 5.8 s; peak memory 7095 MiB.
2026-10-01T19:31:09Z WARNING de0dedeb-9811-480c-92d5-956c8eb315e6: failed while retrieving asset information from the DANDI API (NotFoundError: No such Dandiset: 000561)
2026-10-01T19:31:10Z INFO [1749/2934] de486a28-825a-4756-b83a-3de7be691d11: valid; 0.8 s; peak memory 7095 MiB.
2026-10-01T19:31:15Z INFO [1750/2934] dedd4da6-ac91-4e2c-ab48-858555b651ed: valid; 4.4 s; peak memory 7095 MiB.
2026-10-01T19:31:15Z INFO [1750/2934] dedd4da6-ac91-4e2c-ab48-858555b651ed: checkpointed 88010 records.
2026-10-01T19:31:17Z INFO [1751/2934] dedfd612-4bac-41a2-89f2-dcf1032a47f2: valid; 1.3 s; peak memory 7095 MiB.
2026-10-01T19:32:00Z INFO [1752/2934] defdc491-60c4-4aa0-bc31-315c4287af27: valid; 43.8 s; peak memory 7095 MiB.
2026-10-01T19:32:02Z INFO [1753/2934] df10eb5f-842f-4c04-80ff-be3c487442e2: valid; 1.3 s; peak memory 7095 MiB.
2026-10-01T19:32:02Z INFO [1754/2934] df16f706-5c98-4f7e-8244-fef0737e19b6: valid; 0.7 s; peak memory 7095 MiB.
2026-10-01T19:32:06Z INFO [1755/2934] df4d0cd8-47c2-4a6c-bcea-3f48846ebfc5: not valid; 3.3 s; peak memory 7095 MiB.
2026-10-01T19:32:07Z INFO [1756/2934] df571ba9-9a17-400d-944d-7ab261215c7b: valid; 0.9 s; peak memory 7095 MiB.
2026-10-01T19:32:08Z INFO [1757/2934] df7d1cbf-b9c8-42f6-b006-42ff9c522bbf: not valid; 1.0 s; peak memory 7095 MiB.
2026-10-01T19:32:09Z INFO [1758/2934] df8f99e9-bad6-4447-8228-50930812796f: not valid; 1.0 s; peak memory 7095 MiB.
2026-10-01T19:32:10Z INFO [1759/2934] dfbfe3aa-69a7-452d-b7cd-ab5566277c23: valid; 1.1 s; peak memory 7095 MiB.
2026-10-01T19:32:11Z WARNING dfe790ea-f3af-43a4-8875-b23a8d599c54: failed while opening the NWB file (ConstructError: (root/acquisition/_iblmic_audioSpectrogram/bands GroupBuilder {'attributes': {'colnames': array(['freq'], dtype=object), 'description': 'spectogram frequencies', 'namespace': 'core', 'neurodata_type': 'FrequencyBandsTable', 'object_id': 'cb38e82c-3c1d-46ef-8326-87aa52fb9ef5'}, 'groups': {}, 'datasets': {'freq': root/acquisition/_iblmic_audioSpectrogram/bands/freq DatasetBuilder {'attributes': {'description': 'frequency value', 'namespace': 'hdmf-common', 'neurodata_type': 'VectorData', 'object_id': '291a1596-81ac-4e7e-8feb-9b9bdce1158a'}, 'data': <HDF5 dataset "freq": shape (257,), type "<f4">}, 'id': root/acquisition/_iblmic_audioSpectrogram/bands/id DatasetBuilder {'attributes': {'namespace': 'hdmf-common', 'neurodata_type': 'ElementIdentifiers', 'object_id': '9ff42930-d97a-4488-b4ca-694f020e089e'}, 'data': <HDF5 dataset "id": shape (257,), type "<i4">}}, 'links': {}}, "Could not construct FrequencyBandsTable object due to: column must have the same number of rows as 'id'"))
2026-10-01T19:32:12Z INFO [1761/2934] dfec6a6c-9efa-455f-9ada-a40d7cfe1a28: valid; 1.4 s; peak memory 7095 MiB.
2026-10-01T19:32:13Z INFO [1762/2934] e0023987-c644-4805-b4b1-cb292a44722e: valid; 1.2 s; peak memory 7095 MiB.
2026-10-01T19:32:14Z INFO [1763/2934] e049db47-e04f-4e2e-8913-d3cb17e152fd: valid; 0.6 s; peak memory 7095 MiB.
2026-10-01T19:32:16Z INFO [1764/2934] e0546a09-7771-465b-8917-e71a215e77f6: valid; 2.2 s; peak memory 7095 MiB.
2026-10-01T19:32:20Z INFO [1765/2934] e061cde5-7f29-4e5a-9115-06d1c306473a: valid; 4.0 s; peak memory 7095 MiB.
2026-10-01T19:32:26Z INFO [1766/2934] e0636827-60bb-4dcc-82a6-64a314b1601a: not valid; 5.5 s; peak memory 7095 MiB.
2026-10-01T19:32:27Z INFO [1767/2934] e0692922-2acb-4b07-8150-5a6c8925b0fb: valid; 1.2 s; peak memory 7095 MiB.
2026-10-01T19:32:28Z INFO [1768/2934] e0b4c63c-52b6-4532-b30b-e25a0895dbe7: valid; 0.9 s; peak memory 7095 MiB.
2026-10-01T19:32:28Z INFO [1769/2934] e0dfbf00-0757-4276-983f-c14bbd84d043: valid; 0.5 s; peak memory 7095 MiB.
2026-10-01T19:32:29Z INFO [1770/2934] e0f5ea94-9332-4572-98d3-a6bc0bb2fcf9: valid; 0.8 s; peak memory 7095 MiB.
2026-10-01T19:32:31Z INFO [1771/2934] e0fa848b-21c3-4d81-8544-6d4ef9fff31a: valid; 2.2 s; peak memory 7095 MiB.
2026-10-01T19:32:35Z INFO [1772/2934] e10e0fa9-6002-4d52-873c-62bdf3560c9f: not valid; 3.5 s; peak memory 7095 MiB.
2026-10-01T19:32:35Z INFO [1773/2934] e13ff5b5-9cb9-4ba0-8f6a-122ed24905fa: valid; 0.7 s; peak memory 7095 MiB.
2026-10-01T19:32:40Z INFO [1774/2934] e15e7ee0-c905-46a5-a22b-505ef4f37a2d: valid; 4.9 s; peak memory 7095 MiB.
2026-10-01T19:32:40Z WARNING e1722eae-227d-494e-931f-d0c1cca6e7b2: failed while retrieving asset information from the DANDI API (NotFoundError: No asset at path 'sub-EPCNHP1/sub-EPCNHP1_ses-2019-08-12-005_ecephys.nwb' in version 0.240701.1903. Verify the path is correct and the asset exists in this version. Use 'dandi ls' to list available assets.)
2026-10-01T19:32:42Z INFO [1776/2934] e18c57c5-b490-4213-a7f4-a61f9dd4bf7f: not valid; 1.3 s; peak memory 7095 MiB.
2026-10-01T19:32:44Z INFO [1777/2934] e1c38e83-2165-4ae8-801e-d7ff9844220e: not valid; 2.3 s; peak memory 7095 MiB.
2026-10-01T19:32:46Z INFO [1778/2934] e1dad25a-9308-4473-ae9b-02a9db4719f0: valid; 1.7 s; peak memory 7095 MiB.
2026-10-01T19:32:47Z INFO [1779/2934] e1ed3560-9f9b-44f1-b132-af1143bf2954: valid; 1.4 s; peak memory 7095 MiB.
2026-10-01T19:32:52Z INFO [1780/2934] e1eeb097-d1ff-4b81-98f4-89f7a9330734: valid; 4.8 s; peak memory 7095 MiB.
2026-10-01T19:33:02Z INFO [1781/2934] e2362766-cf13-4bfd-b8f6-9ab04e966b10: valid; 10.6 s; peak memory 7095 MiB.
2026-10-01T19:33:03Z INFO [1782/2934] e2397dd8-fb6d-4f75-9f4d-aee8663f07f4: valid; 1.0 s; peak memory 7095 MiB.
2026-10-01T19:33:06Z INFO [1783/2934] e23c765e-ae7d-4264-a2f0-0b9a3028e0a4: valid; 2.3 s; peak memory 7095 MiB.
2026-10-01T19:33:09Z INFO [1784/2934] e244f7c0-1cba-4eef-95d9-5c931b60abbb: not valid; 3.8 s; peak memory 7095 MiB.
2026-10-01T19:33:11Z INFO [1785/2934] e25061cf-0811-4670-a670-32a51d644e14: valid; 1.3 s; peak memory 7095 MiB.
2026-10-01T19:33:12Z INFO [1786/2934] e273e63d-830a-49b5-873d-70736965e4b6: valid; 0.8 s; peak memory 7095 MiB.
2026-10-01T19:33:12Z INFO [1787/2934] e2a410c8-0891-4e17-a4cd-41b0383a947e: valid; 0.9 s; peak memory 7095 MiB.
2026-10-01T19:33:13Z INFO [1788/2934] e2bddd37-603d-4272-b723-5c6410d3a4ce: valid; 0.9 s; peak memory 7095 MiB.
2026-10-01T19:33:14Z INFO [1789/2934] e2c36d41-0a80-4249-801b-8f6f00ee27a5: valid; 0.7 s; peak memory 7095 MiB.
2026-10-01T19:33:15Z INFO [1790/2934] e2cda1f0-3a4a-4cf7-8f37-6922131cb58a: valid; 1.1 s; peak memory 7095 MiB.
2026-10-01T19:33:17Z INFO [1791/2934] e2cfb7e6-399d-4c86-9328-31647e12d748: valid; 1.5 s; peak memory 7095 MiB.
2026-10-01T19:33:18Z WARNING e2da77b5-487b-4194-9c34-6ab665ddb6f7: failed while opening the NWB file (ConstructError: (root/acquisition/_iblmic_audioSpectrogram/bands GroupBuilder {'attributes': {'colnames': array(['freq'], dtype=object), 'description': 'spectogram frequencies', 'namespace': 'core', 'neurodata_type': 'FrequencyBandsTable', 'object_id': '12abca10-9f67-4599-8090-e0a10c90d14a'}, 'groups': {}, 'datasets': {'freq': root/acquisition/_iblmic_audioSpectrogram/bands/freq DatasetBuilder {'attributes': {'description': 'frequency value', 'namespace': 'hdmf-common', 'neurodata_type': 'VectorData', 'object_id': '0c101f15-75ed-4dce-8356-9a69b7d913df'}, 'data': <HDF5 dataset "freq": shape (257,), type "<f4">}, 'id': root/acquisition/_iblmic_audioSpectrogram/bands/id DatasetBuilder {'attributes': {'namespace': 'hdmf-common', 'neurodata_type': 'ElementIdentifiers', 'object_id': '15d966d4-b162-493a-8a35-df0d99c77322'}, 'data': <HDF5 dataset "id": shape (257,), type "<i4">}}, 'links': {}}, "Could not construct FrequencyBandsTable object due to: column must have the same number of rows as 'id'"))
2026-10-01T19:33:19Z INFO [1793/2934] e2e019e8-def3-4ceb-8175-a0c0f7ce1384: valid; 1.4 s; peak memory 7095 MiB.
2026-10-01T19:33:24Z INFO [1794/2934] e3036b37-95ec-44d4-a72e-a24f55d6a326: valid; 5.0 s; peak memory 7095 MiB.
2026-10-01T19:33:25Z INFO [1795/2934] e344a49b-4019-42d6-a182-a47852ff0dce: not valid; 0.8 s; peak memory 7095 MiB.
2026-10-01T19:33:28Z INFO [1796/2934] e34dbf68-c117-4b25-aea4-515c30991dd9: valid; 3.0 s; peak memory 7095 MiB.
2026-10-01T19:33:29Z INFO [1797/2934] e34e2692-3908-4fe3-8d9a-743a37da27cd: not valid; 0.8 s; peak memory 7095 MiB.
2026-10-01T19:33:30Z INFO [1798/2934] e374d907-dd85-4739-adf1-3e56ba974591: valid; 1.1 s; peak memory 7095 MiB.
2026-10-01T19:33:32Z INFO [1799/2934] e37b0549-7790-49c3-8b95-8f1bf747f41a: valid; 2.3 s; peak memory 7095 MiB.
2026-10-01T19:33:33Z INFO [1800/2934] e380cc15-af5c-43b5-8026-d17fec281123: valid; 0.7 s; peak memory 7095 MiB.
2026-10-01T19:33:34Z INFO [1800/2934] e380cc15-af5c-43b5-8026-d17fec281123: checkpointed 88010 records.
2026-10-01T19:33:36Z INFO [1801/2934] e399bd4d-f041-48cc-a437-6ab8dd90232f: valid; 2.8 s; peak memory 7095 MiB.
2026-10-01T19:33:37Z INFO [1802/2934] e399f1ec-4d65-4ae5-bf26-78ff8046f430: not valid; 0.8 s; peak memory 7095 MiB.
2026-10-01T19:33:38Z INFO [1803/2934] e3a2ff1b-5bcd-45ad-8caa-1b55f013b87a: valid; 1.1 s; peak memory 7095 MiB.
2026-10-01T19:33:40Z INFO [1804/2934] e3c04121-54ad-4d41-82fa-155462addda4: valid; 1.8 s; peak memory 7095 MiB.
2026-10-01T19:33:41Z INFO [1805/2934] e3c35cd0-1837-4dfe-b1b2-2bf87233b82f: not valid; 0.6 s; peak memory 7095 MiB.
2026-10-01T19:33:42Z INFO [1806/2934] e44e202b-862d-4a55-a870-5fb9626f1743: valid; 1.8 s; peak memory 7095 MiB.
2026-10-01T19:34:08Z INFO [1807/2934] e45ae3d1-3ec5-4852-be31-cab8307d71aa: valid; 25.1 s; peak memory 7095 MiB.
2026-10-01T19:34:11Z INFO [1808/2934] e47c41b0-a463-4c0f-b305-7269fc4b2575: valid; 2.9 s; peak memory 7095 MiB.
2026-10-01T19:34:11Z INFO [1809/2934] e4da7e96-18b6-4676-aa2e-843f4d7898ef: valid; 0.8 s; peak memory 7095 MiB.
2026-10-01T19:34:12Z INFO [1810/2934] e4df2f19-e531-40c3-bd30-2f768d524e07: not valid; 0.8 s; peak memory 7095 MiB.
2026-10-01T19:34:15Z INFO [1811/2934] e4e7f5aa-6b33-4283-bd01-d14a27d94db7: valid; 2.3 s; peak memory 7095 MiB.
2026-10-01T19:34:15Z INFO [1812/2934] e50f1074-a79a-4ae4-99c6-010faf503fd2: not valid; 0.8 s; peak memory 7095 MiB.
2026-10-01T19:34:16Z INFO [1813/2934] e51c8865-603e-4f6a-b3b0-13e9f125a764: valid; 0.7 s; peak memory 7095 MiB.
2026-10-01T19:34:22Z INFO [1814/2934] e51f13c4-e4ce-45ff-bd98-f9b8e1e65f4b: not valid; 6.1 s; peak memory 7095 MiB.
2026-10-01T19:34:24Z INFO [1815/2934] e52336b1-2aad-4215-b6ab-635829b907ab: valid; 1.7 s; peak memory 7095 MiB.
2026-10-01T19:34:34Z INFO [1816/2934] e52a258f-4f40-491b-a540-32cc728e5316: valid; 10.1 s; peak memory 7095 MiB.
2026-10-01T19:34:35Z INFO [1817/2934] e531ce08-164b-4e6b-a71c-12c09decc136: not valid; 0.7 s; peak memory 7095 MiB.
2026-10-01T19:34:41Z INFO [1818/2934] e539889e-9efe-4611-8a67-19af924a52e8: valid; 6.1 s; peak memory 7095 MiB.
2026-10-01T19:34:41Z INFO [1819/2934] e53db0fd-11d7-444a-9ca4-fabd918b40f1: valid; 0.7 s; peak memory 7095 MiB.
2026-10-01T19:34:42Z INFO [1820/2934] e53feb0d-79b3-4024-87d9-740c243cd107: not valid; 0.9 s; peak memory 7095 MiB.
2026-10-01T19:34:43Z INFO [1821/2934] e55d42a0-8c71-4b63-985c-585c56fe5010: valid; 0.8 s; peak memory 7095 MiB.
2026-10-01T19:34:45Z INFO [1822/2934] e57621cd-a254-4529-9ae0-eb2d27379698: valid; 1.7 s; peak memory 7095 MiB.
2026-10-01T19:34:46Z INFO [1823/2934] e59ecd1b-6b18-42e5-a9a0-e851deda4725: valid; 1.5 s; peak memory 7095 MiB.
2026-10-01T19:34:48Z INFO [1824/2934] e5ab0d56-7ac4-45a2-a56c-06a88be6df91: valid; 1.2 s; peak memory 7095 MiB.
2026-10-01T19:34:49Z INFO [1825/2934] e5e63223-c8d6-4fa4-be19-02c1870f88eb: valid; 1.2 s; peak memory 7095 MiB.
2026-10-01T19:34:50Z INFO [1826/2934] e5ec6cef-c604-4099-bbd7-a3ec22cc0a6b: valid; 1.3 s; peak memory 7095 MiB.
2026-10-01T19:34:51Z INFO [1827/2934] e607619e-aa26-41c5-b448-9b91bec3e0bd: not valid; 1.3 s; peak memory 7095 MiB.
2026-10-01T19:34:53Z INFO [1828/2934] e627178e-77f1-4876-9c32-88059117c6ed: valid; 1.3 s; peak memory 7095 MiB.
2026-10-01T19:34:54Z INFO [1829/2934] e642b69a-5e15-4616-a116-fed8cc887cb1: valid; 1.5 s; peak memory 7095 MiB.
2026-10-01T19:34:55Z INFO [1830/2934] e6452a3e-975c-4ad2-bdcf-438df975fc2c: valid; 1.2 s; peak memory 7095 MiB.
2026-10-01T19:34:57Z INFO [1831/2934] e669a9af-0501-4dcf-b99b-cff74ee0c30a: valid; 1.7 s; peak memory 7095 MiB.
2026-10-01T19:34:58Z INFO [1832/2934] e68493b9-8ae5-44e6-94c5-fac980efd587: valid; 0.6 s; peak memory 7095 MiB.
2026-10-01T19:34:58Z INFO [1833/2934] e6927d05-79fa-4424-9cb2-411b985a7d09: valid; 0.7 s; peak memory 7095 MiB.
2026-10-01T19:35:00Z INFO [1834/2934] e6e31ec6-4228-4edd-9d49-3a4680e971d0: valid; 1.2 s; peak memory 7095 MiB.
2026-10-01T19:35:08Z INFO [1835/2934] e70fbc1a-a4d7-44e3-90bf-17ebb3bcb294: valid; 8.5 s; peak memory 7095 MiB.
2026-10-01T19:35:09Z INFO [1836/2934] e7265af3-433a-4697-b221-33e23344dbe1: valid; 1.1 s; peak memory 7095 MiB.
2026-10-01T19:35:13Z INFO [1837/2934] e7269f7e-0b70-4b17-8f9e-5f3a8d78b539: valid; 3.8 s; peak memory 7095 MiB.
2026-10-01T19:35:14Z INFO [1838/2934] e770422c-d41c-4724-8f79-5a85d90b8b23: valid; 0.8 s; peak memory 7095 MiB.
2026-10-01T19:35:15Z INFO [1839/2934] e777570d-abe1-4d39-9774-5b45d2c1fac6: valid; 0.8 s; peak memory 7095 MiB.
2026-10-01T19:35:16Z INFO [1840/2934] e7aa4f88-89e7-41c5-99be-5c7d17734bc9: valid; 1.6 s; peak memory 7095 MiB.
2026-10-01T19:35:20Z INFO [1841/2934] e7e44bd7-c101-452c-8b18-ec4526e8db3e: not valid; 3.3 s; peak memory 7095 MiB.
2026-10-01T19:35:21Z INFO [1842/2934] e7e80fc0-5bb8-4e70-8e39-42d00feebc1f: valid; 1.6 s; peak memory 7095 MiB.
2026-10-01T19:35:23Z INFO [1843/2934] e7f92541-ce89-4884-96f9-615d2896a966: valid; 2.0 s; peak memory 7095 MiB.
2026-10-01T19:35:25Z INFO [1844/2934] e81324b2-5120-4b16-830c-2c5274c7e816: valid; 1.9 s; peak memory 7095 MiB.
2026-10-01T19:35:26Z INFO [1845/2934] e8345fc3-199e-466c-89b0-965784357341: valid; 1.0 s; peak memory 7095 MiB.
2026-10-01T19:35:28Z INFO [1846/2934] e8492931-c309-4e21-821d-afcc2d862c36: valid; 1.9 s; peak memory 7095 MiB.
2026-10-01T19:35:29Z INFO [1847/2934] e85a9271-44f3-47c0-8f86-18ed0fd5b113: valid; 0.8 s; peak memory 7095 MiB.
2026-10-01T19:35:30Z INFO [1848/2934] e8603e41-6b0f-48b7-accc-b7b6922f8284: not valid; 0.7 s; peak memory 7095 MiB.
2026-10-01T19:35:30Z INFO [1849/2934] e860abba-0f61-4bb6-8dd7-b39ecb432ae4: valid; 1.0 s; peak memory 7095 MiB.
2026-10-01T19:35:31Z INFO [1850/2934] e88158b5-885f-44d1-ba12-dd889c61f273: valid; 0.8 s; peak memory 7095 MiB.
2026-10-01T19:35:32Z INFO [1850/2934] e88158b5-885f-44d1-ba12-dd889c61f273: checkpointed 88010 records.
2026-10-01T19:35:34Z INFO [1851/2934] e8a0dfbd-23be-4c96-9931-659d3886aeec: valid; 1.6 s; peak memory 7095 MiB.
2026-10-01T19:35:35Z INFO [1852/2934] e8b2c0f4-5f50-4dd4-90f5-15b69b6a247d: valid; 1.4 s; peak memory 7095 MiB.
2026-10-01T19:35:36Z INFO [1853/2934] e8d6c449-9cd9-4295-9304-4bfa7a2cbf82: valid; 1.0 s; peak memory 7095 MiB.
2026-10-01T19:35:44Z INFO [1854/2934] e8de6b17-b3c7-437e-82ab-7c5c7e5cb50a: not valid; 8.5 s; peak memory 7095 MiB.
2026-10-01T19:36:04Z INFO [1855/2934] e8e48b05-863f-4a6b-b740-ac0f9aa36c5d: valid; 19.7 s; peak memory 7095 MiB.
2026-10-01T19:36:05Z INFO [1856/2934] e8fe3894-76fa-4595-9ece-b8f31a41f281: valid; 0.7 s; peak memory 7095 MiB.
2026-10-01T19:36:06Z INFO [1857/2934] e90debc8-4881-4c5a-93f7-2e4532cbbb7b: valid; 1.4 s; peak memory 7095 MiB.
2026-10-01T19:36:12Z INFO [1858/2934] e92239b1-900c-4850-9c68-7e2d42fc9bcf: not valid; 5.4 s; peak memory 7095 MiB.
2026-10-01T19:36:28Z INFO [1859/2934] e92829ca-13ec-4bc1-8119-43b60133b21e: valid; 16.0 s; peak memory 7095 MiB.
2026-10-01T19:36:29Z INFO [1860/2934] e9391b0c-6eb0-4845-b453-d03d8c568e8b: valid; 1.4 s; peak memory 7095 MiB.
2026-10-01T19:36:30Z INFO [1861/2934] e9467c20-291f-4f99-8707-4ba7a14c9601: not valid; 0.8 s; peak memory 7095 MiB.
2026-10-01T19:36:30Z INFO [1862/2934] e94a6bda-de09-4297-b2b4-ad143d909b78: valid; 0.6 s; peak memory 7095 MiB.
2026-10-01T19:36:31Z INFO [1863/2934] e950abd0-cff2-4951-8c06-ca135c763f18: not valid; 0.8 s; peak memory 7095 MiB.
2026-10-01T19:36:35Z INFO [1864/2934] e95b1f90-919d-4a15-be98-876d797e9b40: valid; 3.8 s; peak memory 7095 MiB.
2026-10-01T19:36:36Z INFO [1865/2934] e96d3abc-873f-4b4b-b997-41c74ddd916f: valid; 0.7 s; peak memory 7095 MiB.
2026-10-01T19:36:36Z INFO [1866/2934] e96f3b4e-2cc5-4d19-8cbd-969eb47fd162: valid; 0.7 s; peak memory 7095 MiB.
2026-10-01T19:36:38Z INFO [1867/2934] e976f4f4-9d95-4365-842b-3094cc17f3c1: valid; 1.8 s; peak memory 7095 MiB.
2026-10-01T19:36:39Z INFO [1868/2934] e9790f51-0b9a-4bc7-adab-8a8ad4ff4380: valid; 1.0 s; peak memory 7095 MiB.
2026-10-01T19:36:40Z INFO [1869/2934] e97c25e2-1d2d-4b1b-8af9-c4be299ba18a: valid; 0.7 s; peak memory 7095 MiB.
2026-10-01T19:36:41Z INFO [1870/2934] e97ecaea-ef1b-43ad-a290-96a052584847: valid; 0.7 s; peak memory 7095 MiB.
2026-10-01T19:36:42Z INFO [1871/2934] e988795f-e908-4261-bb37-11d95b2e93d4: valid; 1.0 s; peak memory 7095 MiB.
2026-10-01T19:36:43Z INFO [1872/2934] e990e613-8b8b-4369-9a99-76ab6aa5862c: not valid; 0.9 s; peak memory 7095 MiB.
2026-10-01T19:36:49Z INFO [1873/2934] e9924c54-4c1f-4609-8f84-c90637034287: valid; 6.7 s; peak memory 7095 MiB.
2026-10-01T19:36:50Z INFO [1874/2934] e9a96526-2cc6-46bf-acd2-442467d4f11a: valid; 0.7 s; peak memory 7095 MiB.
2026-10-01T19:36:51Z INFO [1875/2934] ea0950d7-8592-49b3-b76d-35bae6d0438f: valid; 0.9 s; peak memory 7095 MiB.
2026-10-01T19:36:52Z INFO [1876/2934] ea0b49a3-91d2-42c1-9483-81fc0dcd2602: valid; 0.7 s; peak memory 7095 MiB.
2026-10-01T19:36:53Z INFO [1877/2934] ea43002e-55b1-4af2-8d67-7d71ac6fb7c4: not valid; 1.8 s; peak memory 7095 MiB.
2026-10-01T19:36:54Z INFO [1878/2934] ea471159-6d49-474d-b994-6aa231fb8463: valid; 0.7 s; peak memory 7095 MiB.
2026-10-01T19:36:56Z INFO [1879/2934] ea55afc3-25b8-42a8-bd67-f0f45e3ec252: not valid; 2.2 s; peak memory 7095 MiB.
2026-10-01T19:36:59Z INFO [1880/2934] ea572562-6f1e-4d56-8dce-ffcd64b31c59: not valid; 3.1 s; peak memory 7095 MiB.
2026-10-01T19:37:01Z INFO [1881/2934] ea5d965b-1bf9-4b20-b2d8-52911f3df649: valid; 1.7 s; peak memory 7095 MiB.
2026-10-01T19:37:27Z INFO [1882/2934] ea650958-00fc-41ba-a446-22719c3f815c: valid; 25.7 s; peak memory 7095 MiB.
2026-10-01T19:37:28Z INFO [1883/2934] eaa356a0-0325-4460-ad3a-193c2c729edf: valid; 1.6 s; peak memory 7095 MiB.
2026-10-01T19:37:29Z INFO [1884/2934] eab4cbb2-9483-46c4-adbe-abe2dc0d1662: valid; 0.8 s; peak memory 7095 MiB.
2026-10-01T19:37:34Z INFO [1885/2934] eab6147f-b0da-453e-a6a9-44c1cad8c366: not valid; 5.4 s; peak memory 7095 MiB.
2026-10-01T19:37:37Z INFO [1886/2934] eac4fbaf-a0df-4f66-9c3e-c61af910f8cc: not valid; 2.9 s; peak memory 7095 MiB.
2026-10-01T19:37:39Z INFO [1887/2934] ead39248-a8ad-4a20-90e6-3111d82b753f: valid; 1.2 s; peak memory 7095 MiB.
2026-10-01T19:37:41Z INFO [1888/2934] ead92064-bae0-4823-a320-dcdb5cbfad30: valid; 2.5 s; peak memory 7095 MiB.
2026-10-01T19:37:42Z INFO [1889/2934] eb07e1f9-d80e-408d-92ea-bcc9926b4d60: not valid; 0.9 s; peak memory 7095 MiB.
2026-10-01T19:37:44Z INFO [1890/2934] eb3d3f84-ae58-483e-bcf5-91ea8353d49d: valid; 1.7 s; peak memory 7095 MiB.
2026-10-01T19:37:44Z INFO [1891/2934] eb3dd4a6-06f7-45ac-bdfa-3ae501dfe47c: valid; 0.7 s; peak memory 7095 MiB.
2026-10-01T19:37:45Z INFO [1892/2934] eb534a6f-b88c-46df-972d-d9dfac8dc9d3: valid; 0.8 s; peak memory 7095 MiB.
2026-10-01T19:37:46Z INFO [1893/2934] eb5933db-62b5-403a-bb69-d013b90c9def: valid; 0.7 s; peak memory 7095 MiB.
2026-10-01T19:37:54Z INFO [1894/2934] eb7c9f1d-8cf1-443f-9583-de93bd01e44e: valid; 8.6 s; peak memory 7095 MiB.
2026-10-01T19:38:09Z INFO [1895/2934] ebb31980-349e-4060-ba4d-a5816c145c44: valid; 15.0 s; peak memory 7095 MiB.
2026-10-01T19:38:17Z INFO [1896/2934] ebbb8348-d5c8-4378-aa1d-8ed7a9f4859a: not valid; 7.9 s; peak memory 7095 MiB.
2026-10-01T19:38:18Z INFO [1897/2934] ebc00df2-0881-4204-9901-b7a2e0a19df9: valid; 0.8 s; peak memory 7095 MiB.
2026-10-01T19:38:19Z INFO [1898/2934] ebcb9291-02a1-43d4-a71f-d2440c3e0bbf: valid; 1.5 s; peak memory 7095 MiB.
2026-10-01T19:38:24Z INFO [1899/2934] ebe9f638-8aef-4ccf-bde0-7d03657a06cd: not valid; 4.3 s; peak memory 7095 MiB.
2026-10-01T19:38:25Z INFO [1900/2934] ec1783b1-50f0-489b-bf22-14a49cc7cea3: valid; 1.6 s; peak memory 7095 MiB.
2026-10-01T19:38:26Z INFO [1900/2934] ec1783b1-50f0-489b-bf22-14a49cc7cea3: checkpointed 88010 records.
2026-10-01T19:38:27Z INFO [1901/2934] ec5ab31a-9c1c-4e71-908f-f966aaaa339c: valid; 1.1 s; peak memory 7095 MiB.
2026-10-01T19:38:28Z INFO [1902/2934] ec8ef499-e823-444f-bfb1-75f818e447dc: valid; 1.0 s; peak memory 7095 MiB.
2026-10-01T19:38:29Z INFO [1903/2934] ec97d40d-9a71-413a-b8f9-3c9dee319b43: not valid; 0.8 s; peak memory 7095 MiB.
2026-10-01T19:38:30Z INFO [1904/2934] ec9a4bb4-6410-44f1-bd7c-db661a2a1d72: not valid; 0.9 s; peak memory 7095 MiB.
2026-10-01T19:38:31Z INFO [1905/2934] ecb3f322-2405-4a10-b0ae-0a2b9ad33394: valid; 0.8 s; peak memory 7095 MiB.
2026-10-01T19:38:34Z INFO [1906/2934] ecb82322-5a2d-4ecf-89ca-60de3a558faf: not valid; 3.4 s; peak memory 7095 MiB.
2026-10-01T19:38:35Z INFO [1907/2934] ecbac08a-3243-412e-97fc-2821e87f3717: not valid; 0.9 s; peak memory 7095 MiB.
2026-10-01T19:38:36Z INFO [1908/2934] ecc352d5-581a-433b-a730-9e8ac18ab3fb: not valid; 0.8 s; peak memory 7095 MiB.
2026-10-01T19:38:37Z INFO [1909/2934] ecdc3fe3-207d-4f07-b4ee-aeddfb688f76: not valid; 0.8 s; peak memory 7095 MiB.
2026-10-01T19:38:37Z INFO [1910/2934] ece92b45-47a4-404f-a759-62cc280ec0b6: valid; 0.6 s; peak memory 7095 MiB.
2026-10-01T19:38:39Z INFO [1911/2934] ed055d07-337f-49d3-aa82-2bf48c6b4a88: valid; 1.3 s; peak memory 7095 MiB.
2026-10-01T19:38:40Z INFO [1912/2934] ed1005ec-937e-4fae-8ee0-7dc9a28e066e: valid; 1.0 s; peak memory 7095 MiB.
2026-10-01T19:38:41Z WARNING ed200ec8-1ab1-4099-94d0-a29745278f2b: failed while opening the NWB file (ConstructError: (root/acquisition/_iblmic_audioSpectrogram/bands GroupBuilder {'attributes': {'colnames': array(['freq'], dtype=object), 'description': 'spectogram frequencies', 'namespace': 'core', 'neurodata_type': 'FrequencyBandsTable', 'object_id': '7237162e-2cd8-4713-994a-603ca9e0ccc2'}, 'groups': {}, 'datasets': {'freq': root/acquisition/_iblmic_audioSpectrogram/bands/freq DatasetBuilder {'attributes': {'description': 'frequency value', 'namespace': 'hdmf-common', 'neurodata_type': 'VectorData', 'object_id': 'ad4d3a6f-c35d-47a5-9110-4b0f388a1fbb'}, 'data': <HDF5 dataset "freq": shape (257,), type "<f4">}, 'id': root/acquisition/_iblmic_audioSpectrogram/bands/id DatasetBuilder {'attributes': {'namespace': 'hdmf-common', 'neurodata_type': 'ElementIdentifiers', 'object_id': '30f9c7b2-1c80-4a96-80c9-c6bc4a0d3d79'}, 'data': <HDF5 dataset "id": shape (257,), type "<i4">}}, 'links': {}}, "Could not construct FrequencyBandsTable object due to: column must have the same number of rows as 'id'"))
2026-10-01T19:38:48Z INFO [1914/2934] ed22e264-aa8e-4d2e-8a31-2121d3071532: valid; 6.7 s; peak memory 7095 MiB.
2026-10-01T19:38:48Z INFO [1915/2934] ed308908-6756-4037-97bd-f37bb6abc15c: valid; 0.8 s; peak memory 7095 MiB.
2026-10-01T19:38:49Z INFO [1916/2934] ed311d05-2c72-451c-ad66-4d7142a6700d: valid; 0.8 s; peak memory 7095 MiB.
2026-10-01T19:38:51Z INFO [1917/2934] ed349345-80c3-4121-8495-05a740007a8a: valid; 1.9 s; peak memory 7095 MiB.
2026-10-01T19:38:55Z INFO [1918/2934] ed49e86a-7a2a-4ddd-bfdc-61dba3e3126a: valid; 4.1 s; peak memory 7095 MiB.
2026-10-01T19:39:02Z INFO [1919/2934] ed561b85-c833-4f81-b9f6-4c011e730b72: valid; 7.3 s; peak memory 7095 MiB.
2026-10-01T19:39:03Z INFO [1920/2934] ed7da395-5674-49ba-8d04-7355014a1aee: not valid; 0.8 s; peak memory 7095 MiB.
2026-10-01T19:39:04Z INFO [1921/2934] ed85aa41-ba53-4cd6-9b1f-02e56057cbf2: valid; 0.8 s; peak memory 7095 MiB.
2026-10-01T19:39:05Z INFO [1922/2934] eda77567-3712-49ef-8e6f-679b86da1056: valid; 1.0 s; peak memory 7095 MiB.
2026-10-01T19:39:06Z INFO [1923/2934] edb3ec04-8dcf-4743-9f58-dcdb4153300b: valid; 0.7 s; peak memory 7095 MiB.
2026-10-01T19:39:08Z INFO [1924/2934] edb557fe-4d4c-4f35-9ab9-c77050b7ec2d: not valid; 2.1 s; peak memory 7095 MiB.
2026-10-01T19:39:16Z INFO [1925/2934] edcb87eb-aa4f-42fd-a81c-0b4cf7e404e2: valid; 8.0 s; peak memory 7095 MiB.
2026-10-01T19:39:17Z INFO [1926/2934] edd8d511-be92-43f3-bff6-d427d70bc060: valid; 1.1 s; peak memory 7095 MiB.
2026-10-01T19:39:19Z INFO [1927/2934] edd90bdf-eee7-4fd5-9cc8-347901d50904: valid; 2.3 s; peak memory 7095 MiB.
2026-10-01T19:39:21Z INFO [1928/2934] edf633a5-a5c7-4046-94ec-539ff4556300: not valid; 1.9 s; peak memory 7095 MiB.
2026-10-01T19:39:25Z INFO [1929/2934] edf92f66-02c9-4dd5-bae6-21f4272505db: valid; 4.3 s; peak memory 7095 MiB.
2026-10-01T19:39:27Z INFO [1930/2934] ee06865c-48b0-4c65-83de-124b5983945f: valid; 1.1 s; peak memory 7095 MiB.
2026-10-01T19:39:27Z INFO [1931/2934] ee222894-8ed4-46ae-b5a5-1b58b33f22f7: not valid; 0.8 s; peak memory 7095 MiB.
2026-10-01T19:39:28Z INFO [1932/2934] ee3d1372-2717-46aa-8b50-04ceaf006519: valid; 0.5 s; peak memory 7095 MiB.
2026-10-01T19:39:32Z INFO [1933/2934] eec74eaf-0fd9-46dc-ba71-f66726111834: valid; 3.7 s; peak memory 7095 MiB.
2026-10-01T19:39:39Z INFO [1934/2934] ef270e28-0922-4b79-8dbb-14ae4451571f: not valid; 7.4 s; peak memory 7095 MiB.
2026-10-01T19:39:40Z INFO [1935/2934] ef43c173-919f-4375-9096-dccee0c3b5e3: valid; 0.7 s; peak memory 7095 MiB.
2026-10-01T19:39:41Z INFO [1936/2934] ef67c1f5-b016-40fe-a435-b4a8d2989759: valid; 1.2 s; peak memory 7095 MiB.
2026-10-01T19:39:42Z INFO [1937/2934] ef6f7116-9aae-4bcc-9b4a-20c95e5283fe: valid; 0.8 s; peak memory 7095 MiB.
2026-10-01T19:39:53Z INFO [1938/2934] ef7557c2-7109-4d8c-b55a-d847e71411ee: valid; 11.5 s; peak memory 7095 MiB.
2026-10-01T19:39:59Z INFO [1939/2934] ef7925f2-92a4-4b4a-bb40-d44d75815ae7: valid; 5.9 s; peak memory 7095 MiB.
2026-10-01T19:40:01Z INFO [1940/2934] efe04b07-97b0-42d2-9a75-8406cbf01d6f: valid; 1.4 s; peak memory 7095 MiB.
2026-10-01T19:40:01Z INFO [1941/2934] f009c3eb-7c9c-4984-ad63-124a76d3ac17: not valid; 0.9 s; peak memory 7095 MiB.
2026-10-01T19:40:06Z INFO [1942/2934] f00a4fcf-bfc0-45bf-8bb0-2249d7ad7eb0: valid; 4.6 s; peak memory 7095 MiB.
2026-10-01T19:40:07Z INFO [1943/2934] f00c9baf-3154-4241-b62e-ce3b5617988e: valid; 0.9 s; peak memory 7095 MiB.
2026-10-01T19:40:20Z INFO [1944/2934] f01afcce-ff14-49c6-8ea9-4c121f1860a4: valid; 13.1 s; peak memory 7095 MiB.
2026-10-01T19:40:29Z INFO [1945/2934] f02d08b3-7e9b-4902-8111-ca4904fccd0c: not valid; 9.2 s; peak memory 7095 MiB.
2026-10-01T19:40:30Z INFO [1946/2934] f03ade16-fda1-46a5-bab3-02348d7c1b3c: valid; 0.8 s; peak memory 7095 MiB.
2026-10-01T19:40:31Z INFO [1947/2934] f04f6ffb-30b8-4cba-81c3-81cb448e2eeb: valid; 0.8 s; peak memory 7095 MiB.
2026-10-01T19:40:31Z WARNING f06934e6-d291-4814-ac80-ef699cc4c217: failed while retrieving asset information from the DANDI API (NotFoundError: No such Dandiset: 001533)
2026-10-01T19:40:31Z INFO [1949/2934] f06a95f4-1404-42be-b9e6-e0e4dedc8f53: valid; 0.7 s; peak memory 7095 MiB.
2026-10-01T19:40:33Z INFO [1950/2934] f0898a92-8766-4342-a2d2-237fa5977cc5: valid; 1.2 s; peak memory 7095 MiB.
2026-10-01T19:40:33Z INFO [1950/2934] f0898a92-8766-4342-a2d2-237fa5977cc5: checkpointed 88010 records.
2026-10-01T19:40:34Z INFO [1951/2934] f08aafb4-9f46-42b9-ba65-dc4220a73797: not valid; 0.6 s; peak memory 7095 MiB.
2026-10-01T19:40:36Z INFO [1952/2934] f0932f38-0e3f-4408-a579-9b590d28fded: valid; 1.9 s; peak memory 7095 MiB.
2026-10-01T19:40:40Z INFO [1953/2934] f09b0238-d831-433e-9de2-67bb4cd3ac0e: valid; 4.0 s; peak memory 7095 MiB.
2026-10-01T19:40:41Z INFO [1954/2934] f0cc21a0-1e12-4b76-81fe-a63035c1a25c: valid; 1.3 s; peak memory 7095 MiB.
2026-10-01T19:40:41Z WARNING f0f5e490-06ce-4cae-ac1b-dc7812341cf4: failed while retrieving asset information from the DANDI API (NotFoundError: No asset at path 'sub-parkinson-simulated-lfp/sub-parkinson-simulated-lfp_ses-8535_ecephys.nwb' in version 0.250327.2220. Verify the path is correct and the asset exists in this version. Use 'dandi ls' to list available assets.)
2026-10-01T19:40:42Z INFO [1956/2934] f1065fdb-8144-4835-bd01-ac85e3ea4d17: not valid; 1.0 s; peak memory 7095 MiB.
2026-10-01T19:40:45Z INFO [1957/2934] f12b6cc2-3fce-4d01-8a66-a48d36c8f7aa: valid; 2.6 s; peak memory 7095 MiB.
2026-10-01T19:40:54Z INFO [1958/2934] f138bb83-4379-4cdb-ab08-e433866bb145: valid; 9.1 s; peak memory 7095 MiB.
2026-10-01T19:40:55Z INFO [1959/2934] f1472c0e-9345-4ffb-9e33-386fa44ca1c9: valid; 0.7 s; peak memory 7095 MiB.
2026-10-01T19:40:56Z INFO [1960/2934] f153290c-4490-4aaf-a023-64d314109839: valid; 1.9 s; peak memory 7095 MiB.
2026-10-01T19:40:58Z INFO [1961/2934] f164cb7a-90f6-44d0-800b-3e02d1d21075: not valid; 1.1 s; peak memory 7095 MiB.
2026-10-01T19:40:59Z INFO [1962/2934] f1abcc4a-d217-426e-9321-b494b475d90f: not valid; 1.4 s; peak memory 7095 MiB.
2026-10-01T19:41:00Z INFO [1963/2934] f1b51fa1-cd8a-4b19-a8fd-9bab56d30a5f: valid; 1.5 s; peak memory 7095 MiB.
2026-10-01T19:41:02Z INFO [1964/2934] f1b9809f-afd0-4eb5-8efe-db9ea56a4a8b: not valid; 2.0 s; peak memory 7095 MiB.
2026-10-01T19:41:05Z INFO [1965/2934] f1bf52ad-ce7f-49a3-a794-e41422af36ee: valid; 2.5 s; peak memory 7095 MiB.
2026-10-01T19:41:06Z INFO [1966/2934] f1ca2970-949a-409f-967b-a2b6ab43c887: valid; 0.8 s; peak memory 7095 MiB.
2026-10-01T19:41:07Z INFO [1967/2934] f1dc77f4-354b-4f80-9089-0f051f3479f8: not valid; 1.0 s; peak memory 7095 MiB.
2026-10-01T19:41:08Z INFO [1968/2934] f1dd9add-8d08-4e09-99e8-9d367e08fbae: valid; 1.2 s; peak memory 7095 MiB.
2026-10-01T19:41:09Z INFO [1969/2934] f1e81f1f-2fb2-477e-877d-94d151712950: valid; 0.9 s; peak memory 7095 MiB.
2026-10-01T19:41:12Z INFO [1970/2934] f1fc5992-e59d-4df7-8ba2-2764c0872406: not valid; 2.5 s; peak memory 7095 MiB.
2026-10-01T19:41:13Z INFO [1971/2934] f207b9cc-06b7-4239-8817-84999cb8b0fc: not valid; 1.9 s; peak memory 7095 MiB.
2026-10-01T19:41:18Z INFO [1972/2934] f20a521f-0983-465f-8b1f-8ae09e06f8f3: valid; 4.5 s; peak memory 7095 MiB.
2026-10-01T19:41:19Z WARNING f212c796-8c4c-484c-805c-4bd3789b8d63: failed while opening the NWB file (ConstructError: (root/acquisition/_iblmic_audioSpectrogram/bands GroupBuilder {'attributes': {'colnames': array(['freq'], dtype=object), 'description': 'spectogram frequencies', 'namespace': 'core', 'neurodata_type': 'FrequencyBandsTable', 'object_id': '5d81bd33-4cc8-4f8e-9d3b-a572949727d1'}, 'groups': {}, 'datasets': {'freq': root/acquisition/_iblmic_audioSpectrogram/bands/freq DatasetBuilder {'attributes': {'description': 'frequency value', 'namespace': 'hdmf-common', 'neurodata_type': 'VectorData', 'object_id': 'b814a9ff-4f01-44fa-b9b6-c714a625fb0f'}, 'data': <HDF5 dataset "freq": shape (257,), type "<f4">}, 'id': root/acquisition/_iblmic_audioSpectrogram/bands/id DatasetBuilder {'attributes': {'namespace': 'hdmf-common', 'neurodata_type': 'ElementIdentifiers', 'object_id': '15bf2052-c5fd-48ff-b8d5-6e0f6f81804f'}, 'data': <HDF5 dataset "id": shape (257,), type "<i4">}}, 'links': {}}, "Could not construct FrequencyBandsTable object due to: column must have the same number of rows as 'id'"))
2026-10-01T19:41:20Z INFO [1974/2934] f22ad9b7-e34b-4683-b0c3-497acd800177: not valid; 1.0 s; peak memory 7095 MiB.
2026-10-01T19:41:24Z INFO [1975/2934] f23e8438-33bb-42ec-a668-5d9f5ef83fe3: valid; 4.6 s; peak memory 7095 MiB.
2026-10-01T19:41:25Z INFO [1976/2934] f250308f-cc64-455d-8a49-59252c49b666: valid; 0.9 s; peak memory 7095 MiB.
2026-10-01T19:41:26Z INFO [1977/2934] f2531747-d44d-4ca6-9746-c1c4a29efcf9: not valid; 1.0 s; peak memory 7095 MiB.
2026-10-01T19:41:28Z INFO [1978/2934] f25efb7f-2421-491c-9c05-c7a26adab8fa: not valid; 1.8 s; peak memory 7095 MiB.
2026-10-01T19:41:30Z INFO [1979/2934] f266c1d3-e422-4a50-8352-2614acd2cccf: not valid; 1.9 s; peak memory 7095 MiB.
2026-10-01T19:41:31Z INFO [1980/2934] f2d62787-33f9-49e1-8454-65e3b10185da: not valid; 0.8 s; peak memory 7095 MiB.
2026-10-01T19:41:33Z INFO [1981/2934] f2e403eb-d3bc-44b0-8fa8-09c853e08dbf: valid; 1.8 s; peak memory 7095 MiB.
2026-10-01T19:41:37Z INFO [1982/2934] f2e4f79a-2c43-4bbe-8547-b954dc096738: not valid; 4.2 s; peak memory 7095 MiB.
2026-10-01T19:41:38Z INFO [1983/2934] f2e85a6e-de4c-47b1-9875-e374f9c997e4: valid; 0.9 s; peak memory 7095 MiB.
2026-10-01T19:42:01Z INFO [1984/2934] f2e90d07-581b-4aad-b90a-0da1b4f2a522: valid; 23.4 s; peak memory 7095 MiB.
2026-10-01T19:42:03Z INFO [1985/2934] f3169c19-60ab-4681-9471-6381c8bec8be: valid; 1.7 s; peak memory 7095 MiB.
2026-10-01T19:42:04Z INFO [1986/2934] f31e9adc-0349-4739-85b9-b3d0d3e65c28: valid; 1.3 s; peak memory 7095 MiB.
2026-10-01T19:42:06Z INFO [1987/2934] f3522b67-3172-4096-b662-abf8a935a267: valid; 1.2 s; peak memory 7095 MiB.
2026-10-01T19:42:07Z INFO [1988/2934] f35feeaa-d209-4f71-a21e-06869793a96e: valid; 1.9 s; peak memory 7095 MiB.
2026-10-01T19:42:10Z INFO [1989/2934] f38dd252-d160-4237-a4a0-34dd233ad85f: valid; 2.3 s; peak memory 7095 MiB.
2026-10-01T19:42:11Z WARNING f393b59d-01a0-42db-8662-1818b1d864c3: failed while opening the NWB file (ConstructError: (root/acquisition/_iblmic_audioSpectrogram/bands GroupBuilder {'attributes': {'colnames': array(['freq'], dtype=object), 'description': 'spectogram frequencies', 'namespace': 'core', 'neurodata_type': 'FrequencyBandsTable', 'object_id': 'f0d2a909-dcf7-4f6b-853b-b5d4e094a3bd'}, 'groups': {}, 'datasets': {'freq': root/acquisition/_iblmic_audioSpectrogram/bands/freq DatasetBuilder {'attributes': {'description': 'frequency value', 'namespace': 'hdmf-common', 'neurodata_type': 'VectorData', 'object_id': 'ae92f117-53c7-4338-a3ec-f4d8a74f66f9'}, 'data': <HDF5 dataset "freq": shape (257,), type "<f4">}, 'id': root/acquisition/_iblmic_audioSpectrogram/bands/id DatasetBuilder {'attributes': {'namespace': 'hdmf-common', 'neurodata_type': 'ElementIdentifiers', 'object_id': '24f8e905-d7a9-4a1b-b1e3-fa02dee013bc'}, 'data': <HDF5 dataset "id": shape (257,), type "<i4">}}, 'links': {}}, "Could not construct FrequencyBandsTable object due to: column must have the same number of rows as 'id'"))
2026-10-01T19:42:12Z WARNING f3a6b8b8-46d9-44b8-9f57-7deed119e7be: failed while opening the NWB file (ConstructError: (root/acquisition/_iblmic_audioSpectrogram/bands GroupBuilder {'attributes': {'colnames': array(['freq'], dtype=object), 'description': 'spectogram frequencies', 'namespace': 'core', 'neurodata_type': 'FrequencyBandsTable', 'object_id': '5d6655bc-73e6-4729-a9a2-09c9abdea98b'}, 'groups': {}, 'datasets': {'freq': root/acquisition/_iblmic_audioSpectrogram/bands/freq DatasetBuilder {'attributes': {'description': 'frequency value', 'namespace': 'hdmf-common', 'neurodata_type': 'VectorData', 'object_id': '63cc200d-9cb5-4b09-8f99-060bfde60f93'}, 'data': <HDF5 dataset "freq": shape (257,), type "<f4">}, 'id': root/acquisition/_iblmic_audioSpectrogram/bands/id DatasetBuilder {'attributes': {'namespace': 'hdmf-common', 'neurodata_type': 'ElementIdentifiers', 'object_id': 'ee3897b0-7d62-4b05-9538-57578ddb71e9'}, 'data': <HDF5 dataset "id": shape (257,), type "<i4">}}, 'links': {}}, "Could not construct FrequencyBandsTable object due to: column must have the same number of rows as 'id'"))
2026-10-01T19:42:12Z INFO [1992/2934] f3a9ac2d-24e6-430a-b5ae-a71483bccb10: not valid; 0.8 s; peak memory 7095 MiB.
2026-10-01T19:42:14Z INFO [1993/2934] f3ad293e-ed35-4907-9c7c-b1bb47d1dec0: valid; 1.1 s; peak memory 7095 MiB.
2026-10-01T19:42:15Z INFO [1994/2934] f3c51bf6-ebaa-4e75-9330-f5ea29ea5ce7: not valid; 1.2 s; peak memory 7095 MiB.
2026-10-01T19:42:15Z INFO [1995/2934] f3cda4fb-9c92-4c85-b61d-0bc438e12c63: valid; 0.7 s; peak memory 7095 MiB.
2026-10-01T19:42:22Z INFO [1996/2934] f46dbbf0-21c0-4a4c-9062-430ab2858983: valid; 6.2 s; peak memory 7095 MiB.
2026-10-01T19:42:22Z INFO [1997/2934] f48f3b81-266e-4285-8729-3e19015efa9f: valid; 0.6 s; peak memory 7095 MiB.
2026-10-01T19:42:29Z INFO [1998/2934] f491bfa5-d7c4-48d1-9295-59a1959b0fbb: valid; 7.1 s; peak memory 7095 MiB.
2026-10-01T19:42:31Z INFO [1999/2934] f4b84f9e-73b1-42cf-8f0b-52fe5aefe129: not valid; 1.3 s; peak memory 7095 MiB.
2026-10-01T19:42:33Z INFO [2000/2934] f50044a4-46ed-4c9c-95ea-930d98afe6a2: not valid; 2.0 s; peak memory 7095 MiB.
2026-10-01T19:42:33Z INFO [2000/2934] f50044a4-46ed-4c9c-95ea-930d98afe6a2: checkpointed 88010 records.
2026-10-01T19:42:40Z INFO [2001/2934] f500a504-2b74-4f46-8f18-c0abe924aa65: not valid; 7.0 s; peak memory 7095 MiB.
2026-10-01T19:42:42Z INFO [2002/2934] f51e1bc3-acd5-4091-98fe-583c0b285803: not valid; 1.3 s; peak memory 7095 MiB.
2026-10-01T19:42:42Z INFO [2003/2934] f51fead3-070e-4398-86b8-1d41ca7065bb: valid; 0.7 s; peak memory 7095 MiB.
2026-10-01T19:42:48Z INFO [2004/2934] f524c6b5-c97e-4b3f-8d74-439cf83d3dd9: valid; 5.8 s; peak memory 7095 MiB.
2026-10-01T19:42:49Z INFO [2005/2934] f5267be1-64b4-4568-8240-934be07f2760: not valid; 0.9 s; peak memory 7095 MiB.
2026-10-01T19:42:51Z INFO [2006/2934] f52a2dd0-7f96-4c84-8da5-b9422a56cdf4: valid; 1.8 s; peak memory 7095 MiB.
2026-10-01T19:42:52Z INFO [2007/2934] f57e3dfd-72cb-413e-a5ac-6f5c7757c7ec: valid; 0.8 s; peak memory 7095 MiB.
2026-10-01T19:42:53Z INFO [2008/2934] f58d031c-8582-41ab-b8c8-3bd1e1228513: valid; 0.9 s; peak memory 7095 MiB.
2026-10-01T19:42:54Z INFO [2009/2934] f58e475a-453b-423b-ae66-e28a12b2b008: valid; 1.8 s; peak memory 7095 MiB.
2026-10-01T19:42:55Z INFO [2010/2934] f58e5286-dbac-43c5-afca-4191ca62e5ea: not valid; 0.8 s; peak memory 7095 MiB.
2026-10-01T19:42:56Z INFO [2011/2934] f5b82321-878f-4629-9fb8-60a6ffefda8a: valid; 0.9 s; peak memory 7095 MiB.
2026-10-01T19:42:58Z INFO [2012/2934] f5b9d278-05df-4bd0-9717-c76c33c92c9a: valid; 2.1 s; peak memory 7095 MiB.
2026-10-01T19:42:59Z INFO [2013/2934] f5c0d9c2-746e-4c6f-a8b3-b5182f3fbfa1: valid; 1.2 s; peak memory 7095 MiB.
2026-10-01T19:43:01Z INFO [2014/2934] f5c330d0-45d8-4737-9dbc-245fb30797e0: valid; 1.8 s; peak memory 7095 MiB.
2026-10-01T19:43:02Z INFO [2015/2934] f5c87023-6950-4eb6-a9b7-3496e4f85b3c: valid; 0.8 s; peak memory 7095 MiB.
2026-10-01T19:43:03Z INFO [2016/2934] f5d0d1a8-c258-4d31-8685-6a6e3dc571e9: not valid; 1.0 s; peak memory 7095 MiB.
2026-10-01T19:43:04Z INFO [2017/2934] f5e97ce8-7816-4783-a6e8-1de436e15ad9: valid; 0.8 s; peak memory 7095 MiB.
2026-10-01T19:43:11Z INFO [2018/2934] f5f3bc95-a41a-4390-9c99-1a9b01be4699: valid; 7.1 s; peak memory 7095 MiB.
2026-10-01T19:43:18Z INFO [2019/2934] f64ef961-4e19-4f09-ba69-9cf1786d827d: valid; 6.6 s; peak memory 7095 MiB.
2026-10-01T19:43:20Z INFO [2020/2934] f65fd1ba-5bd6-4b72-8b95-6da8707087b1: not valid; 2.3 s; peak memory 7095 MiB.
2026-10-01T19:43:21Z INFO [2021/2934] f66b1c46-7363-4bab-a606-d96d8be52964: valid; 1.0 s; peak memory 7095 MiB.
2026-10-01T19:43:22Z INFO [2022/2934] f69b62b8-b319-4307-b419-db5b9fba23c8: valid; 1.0 s; peak memory 7095 MiB.
2026-10-01T19:43:23Z INFO [2023/2934] f6c52634-d52b-4a78-b1f5-6bf25d58ba1d: valid; 1.6 s; peak memory 7095 MiB.
2026-10-01T19:43:24Z INFO [2024/2934] f6c75a68-8faa-438e-a40b-9c9ab8cbf901: valid; 0.7 s; peak memory 7095 MiB.
2026-10-01T19:43:25Z INFO [2025/2934] f6d9ccc1-ae7b-40b7-937a-907805d8957c: not valid; 0.9 s; peak memory 7095 MiB.
2026-10-01T19:43:27Z INFO [2026/2934] f6e3fc67-0362-4e8e-a289-e404a38a354e: valid; 1.7 s; peak memory 7095 MiB.
2026-10-01T19:43:34Z INFO [2027/2934] f71cbecd-7d15-4aa1-8290-b71527111430: valid; 7.2 s; peak memory 7095 MiB.
2026-10-01T19:43:35Z INFO [2028/2934] f765d8f7-7710-4028-b207-8263f533344b: valid; 1.2 s; peak memory 7095 MiB.
2026-10-01T19:43:40Z INFO [2029/2934] f772dfc6-bfa8-4f3e-9f24-b565f81c0126: valid; 4.8 s; peak memory 7095 MiB.
2026-10-01T19:43:41Z WARNING f781f105-99b2-45aa-b7dc-fff09e6b48fb: failed while opening the NWB file (ConstructError: (root/acquisition/_iblmic_audioSpectrogram/bands GroupBuilder {'attributes': {'colnames': array(['freq'], dtype=object), 'description': 'spectogram frequencies', 'namespace': 'core', 'neurodata_type': 'FrequencyBandsTable', 'object_id': '8e958e47-f31d-45e4-9aaa-568c6977f2a3'}, 'groups': {}, 'datasets': {'freq': root/acquisition/_iblmic_audioSpectrogram/bands/freq DatasetBuilder {'attributes': {'description': 'frequency value', 'namespace': 'hdmf-common', 'neurodata_type': 'VectorData', 'object_id': '0ab9b14b-c416-4c38-86fb-6ead4df03b78'}, 'data': <HDF5 dataset "freq": shape (257,), type "<f4">}, 'id': root/acquisition/_iblmic_audioSpectrogram/bands/id DatasetBuilder {'attributes': {'namespace': 'hdmf-common', 'neurodata_type': 'ElementIdentifiers', 'object_id': '6b9cb069-ace8-4636-b596-a3a5c9768319'}, 'data': <HDF5 dataset "id": shape (257,), type "<i4">}}, 'links': {}}, "Could not construct FrequencyBandsTable object due to: column must have the same number of rows as 'id'"))
2026-10-01T19:43:54Z INFO [2031/2934] f7833b43-d5ff-41d8-a312-ea9a2ae6cc84: not valid; 13.1 s; peak memory 7095 MiB.
2026-10-01T19:43:55Z INFO [2032/2934] f7a0f857-cf88-4e06-a17c-5b688a28b7a8: not valid; 1.1 s; peak memory 7095 MiB.
2026-10-01T19:43:56Z INFO [2033/2934] f7a6031b-c021-483c-a40b-abf7f91c4902: valid; 1.2 s; peak memory 7095 MiB.
2026-10-01T19:43:57Z INFO [2034/2934] f7a8dfe0-6217-4eb0-bb76-5c21917d10dc: not valid; 1.2 s; peak memory 7095 MiB.
2026-10-01T19:43:58Z INFO [2035/2934] f7ae03c2-a809-431c-a054-e99049e9392c: valid; 1.2 s; peak memory 7095 MiB.
2026-10-01T19:44:03Z INFO [2036/2934] f7d06f66-8068-4d2b-ac1c-c11f11a8244e: valid; 4.7 s; peak memory 7095 MiB.
2026-10-01T19:44:04Z INFO [2037/2934] f7ddfe9c-9669-4742-867e-bc254e51b8fa: valid; 0.9 s; peak memory 7095 MiB.
2026-10-01T19:44:06Z INFO [2038/2934] f829cb85-e3e5-4e35-97a2-a97d99260a31: not valid; 1.9 s; peak memory 7095 MiB.
2026-10-01T19:44:12Z INFO [2039/2934] f859c935-a9a6-427b-b091-5ca4611a29fb: valid; 6.0 s; peak memory 7095 MiB.
2026-10-01T19:44:14Z INFO [2040/2934] f85f2470-1b48-457f-a9f9-c5363a8c4609: not valid; 2.2 s; peak memory 7095 MiB.
2026-10-01T19:44:15Z INFO [2041/2934] f8605c54-b767-49c1-9660-d5fad549d140: valid; 1.0 s; peak memory 7095 MiB.
2026-10-01T19:44:17Z INFO [2042/2934] f86b9be0-5802-43fb-b7f5-64f4c55110ef: valid; 1.6 s; peak memory 7095 MiB.
2026-10-01T19:44:17Z INFO [2043/2934] f86c1361-987d-4d0e-92e9-3c405cbfe5b6: not valid; 0.6 s; peak memory 7095 MiB.
2026-10-01T19:44:18Z INFO [2044/2934] f8814983-c794-4e7a-b4e6-4eb37d983bd2: valid; 0.8 s; peak memory 7095 MiB.
2026-10-01T19:44:19Z INFO [2045/2934] f8a85d50-688b-4286-b9d1-db90dea269fc: valid; 0.6 s; peak memory 7095 MiB.
2026-10-01T19:44:20Z INFO [2046/2934] f8c45a46-d5dd-4e27-866d-3452e180b246: not valid; 1.0 s; peak memory 7095 MiB.
2026-10-01T19:44:20Z INFO [2047/2934] f8d3bf19-54cd-4ae7-9c5d-a38d1730e59b: valid; 0.7 s; peak memory 7095 MiB.
2026-10-01T19:44:21Z INFO [2048/2934] f8db3d21-7eaf-4b67-8780-0606aeb48aad: not valid; 0.9 s; peak memory 7095 MiB.
2026-10-01T19:44:22Z INFO [2049/2934] f8e16a1a-401a-4562-8848-1eb7bfc79a6e: valid; 1.2 s; peak memory 7095 MiB.
2026-10-01T19:44:24Z INFO [2050/2934] f8eaf675-d3c4-435f-b1e6-ff6f54aaca2b: valid; 1.5 s; peak memory 7095 MiB.
2026-10-01T19:44:24Z INFO [2050/2934] f8eaf675-d3c4-435f-b1e6-ff6f54aaca2b: checkpointed 88010 records.
2026-10-01T19:44:27Z INFO [2051/2934] f8f209db-df7a-491b-88b2-f2769d78921c: not valid; 2.1 s; peak memory 7095 MiB.
2026-10-01T19:44:28Z INFO [2052/2934] f90f1d7f-6041-4cbd-b52e-5d231e819967: valid; 1.1 s; peak memory 7095 MiB.
2026-10-01T19:44:28Z INFO [2053/2934] f9141610-8f99-4d5a-a299-958cafd4862d: valid; 0.7 s; peak memory 7095 MiB.
2026-10-01T19:44:29Z INFO [2054/2934] f91c12ba-d34d-4af5-919c-901c65f2158f: valid; 1.1 s; peak memory 7095 MiB.
2026-10-01T19:44:30Z INFO [2055/2934] f91f400d-5bf9-46d9-bc06-716850c0e568: not valid; 1.0 s; peak memory 7095 MiB.
2026-10-01T19:44:46Z INFO [2056/2934] f93f1c8d-77cd-4378-a5c8-61559d034b94: not valid; 15.9 s; peak memory 7095 MiB.
2026-10-01T19:44:58Z INFO [2057/2934] f954890f-0dff-4880-9297-35932609abd2: valid; 11.2 s; peak memory 7095 MiB.
2026-10-01T19:45:08Z INFO [2058/2934] f9583287-ffd5-4d3b-874d-4ec292068c97: not valid; 10.0 s; peak memory 7095 MiB.
2026-10-01T19:45:09Z INFO [2059/2934] f95eb346-9b23-4bdb-b20e-b638044ce551: valid; 1.0 s; peak memory 7095 MiB.
2026-10-01T19:45:09Z INFO [2060/2934] f975680e-345a-4cc0-900c-c9311c2a6657: valid; 0.8 s; peak memory 7095 MiB.
2026-10-01T19:45:19Z INFO [2061/2934] f992abda-940d-45b3-9a0f-03904cf9d952: valid; 9.3 s; peak memory 7095 MiB.
2026-10-01T19:45:20Z INFO [2062/2934] f9aa9965-2bb3-481e-bb64-fb452ce8275e: not valid; 1.8 s; peak memory 7095 MiB.
2026-10-01T19:45:22Z INFO [2063/2934] f9b3a438-9635-4fca-bc17-24e2eaff62cd: not valid; 1.3 s; peak memory 7095 MiB.
2026-10-01T19:45:22Z INFO [2064/2934] f9b8ab9c-742d-4c92-9c7d-a157a2ef44e9: valid; 0.7 s; peak memory 7095 MiB.
2026-10-01T19:45:23Z INFO [2065/2934] f9c171db-1fc4-4c3e-83e1-d0d1da88827d: not valid; 0.9 s; peak memory 7095 MiB.
2026-10-01T19:45:24Z INFO [2066/2934] f9c444c0-e9cc-4ba8-881b-1baaeca0a8ff: valid; 0.6 s; peak memory 7095 MiB.
2026-10-01T19:45:25Z INFO [2067/2934] f9e0f5ef-5d6d-4876-a3b6-718b32d27d23: valid; 1.0 s; peak memory 7095 MiB.
2026-10-01T19:45:25Z WARNING f9e5e6d4-4605-4a4f-84b0-d60b769af258: failed while retrieving asset information from the DANDI API (NotFoundError: No such Dandiset: 001269)
2026-10-01T19:45:26Z INFO [2069/2934] f9e68813-605b-447c-95e8-9d403c2f4b31: valid; 1.4 s; peak memory 7095 MiB.
2026-10-01T19:45:27Z INFO [2070/2934] f9e910fb-5a39-41b8-9db4-17aaad0ce2f2: valid; 0.7 s; peak memory 7095 MiB.
2026-10-01T19:45:29Z INFO [2071/2934] f9f57579-61fb-4220-8305-96973701ff35: valid; 1.8 s; peak memory 7095 MiB.
2026-10-01T19:45:31Z INFO [2072/2934] fa06d28a-0ee4-4f5d-88c9-8215cb4495e2: valid; 1.5 s; peak memory 7095 MiB.
2026-10-01T19:45:31Z INFO [2073/2934] fa2393c4-a0a2-48f9-8a15-9fc6889d521b: valid; 0.8 s; peak memory 7095 MiB.
2026-10-01T19:45:35Z INFO [2074/2934] fa43569c-e0f0-4d63-a512-65db86f281b7: valid; 3.5 s; peak memory 7095 MiB.
2026-10-01T19:45:36Z INFO [2075/2934] fa48fc93-319b-47fd-b4ca-0cc4365f003c: valid; 1.4 s; peak memory 7095 MiB.
2026-10-01T19:45:37Z INFO [2076/2934] fa5356b1-c3de-457d-9f1b-524371543d2a: valid; 0.7 s; peak memory 7095 MiB.
2026-10-01T19:45:38Z INFO [2077/2934] fa7c76df-9c14-43dc-b00e-0612a11f1a85: valid; 0.7 s; peak memory 7095 MiB.
2026-10-01T19:45:39Z INFO [2078/2934] fa84b688-4d59-49cc-b14a-9975971a9d44: valid; 1.1 s; peak memory 7095 MiB.
2026-10-01T19:45:40Z INFO [2079/2934] fa9b984a-7286-4eb7-a621-d85cbd90669c: not valid; 1.2 s; peak memory 7095 MiB.
2026-10-01T19:45:45Z INFO [2080/2934] faa09ee0-9dd4-4be9-83bc-90b84145e6f2: valid; 5.0 s; peak memory 7095 MiB.
2026-10-01T19:45:47Z INFO [2081/2934] fac5d09d-7fcd-4512-8394-cf1d8d2a1ab1: valid; 1.9 s; peak memory 7095 MiB.
2026-10-01T19:45:48Z INFO [2082/2934] fae3fcb2-2e13-47c8-b31e-1c0ca22700cb: valid; 1.0 s; peak memory 7095 MiB.
2026-10-01T19:45:49Z INFO [2083/2934] fb10a36f-a5d0-4f97-b668-5cde8438aa0e: valid; 1.2 s; peak memory 7095 MiB.
2026-10-01T19:45:50Z INFO [2084/2934] fb1a6b0f-56d9-4e21-8c6f-512c3955b46e: valid; 1.2 s; peak memory 7095 MiB.
2026-10-01T19:45:51Z INFO [2085/2934] fb483587-4e91-4e12-b318-def28ea3d6bd: valid; 1.3 s; peak memory 7095 MiB.
2026-10-01T19:45:57Z INFO [2086/2934] fb4f9e8e-0fb2-49ce-9964-5c8574ccaa85: valid; 6.0 s; peak memory 7095 MiB.
2026-10-01T19:45:58Z INFO [2087/2934] fb629422-0a79-4ae6-a158-5e75208f5985: valid; 0.7 s; peak memory 7095 MiB.
2026-10-01T19:45:59Z INFO [2088/2934] fb7b6acc-3325-406c-92f7-f9e676c1032d: valid; 0.7 s; peak memory 7095 MiB.
2026-10-01T19:46:00Z INFO [2089/2934] fb7fd3c3-03ff-43e2-9916-b1afeb1ef48c: valid; 1.6 s; peak memory 7095 MiB.
2026-10-01T19:46:01Z INFO [2090/2934] fb8074e9-7865-43c8-a625-b12f159ae207: valid; 0.7 s; peak memory 7095 MiB.
2026-10-01T19:46:02Z INFO [2091/2934] fb8e50f0-f592-4524-a0d4-8c83dc772b62: valid; 0.7 s; peak memory 7095 MiB.
2026-10-01T19:47:44Z INFO [2092/2934] fba190ed-aa56-4ebd-9b0c-c20aa97e58e5: valid; 101.7 s; peak memory 7095 MiB.
2026-10-01T19:47:45Z INFO [2093/2934] fbaf43fd-e20d-43c8-aefa-d02374ed140d: valid; 1.4 s; peak memory 7095 MiB.
2026-10-01T19:47:46Z INFO [2094/2934] fbd978a0-abdf-40fa-b9a3-9e38d364c145: not valid; 0.9 s; peak memory 7095 MiB.
2026-10-01T19:47:47Z INFO [2095/2934] fbf292f5-cc02-43dd-8215-f2b4f20626ee: valid; 0.8 s; peak memory 7095 MiB.
2026-10-01T19:47:50Z INFO [2096/2934] fc2d7516-0a17-4128-ac2b-5cd33552117d: not valid; 3.9 s; peak memory 7095 MiB.
2026-10-01T19:47:52Z INFO [2097/2934] fc379bae-3df9-4d63-963c-cacc710a2c2a: valid; 1.6 s; peak memory 7095 MiB.
2026-10-01T19:47:53Z WARNING fc3fb2aa-9692-48e0-afa2-40da9d5afbd3: failed while opening the NWB file (ConstructError: (root/acquisition/_iblmic_audioSpectrogram/bands GroupBuilder {'attributes': {'colnames': array(['freq'], dtype=object), 'description': 'spectogram frequencies', 'namespace': 'core', 'neurodata_type': 'FrequencyBandsTable', 'object_id': '9f2cdf53-8a87-4b4d-8047-a45b7ccdb402'}, 'groups': {}, 'datasets': {'freq': root/acquisition/_iblmic_audioSpectrogram/bands/freq DatasetBuilder {'attributes': {'description': 'frequency value', 'namespace': 'hdmf-common', 'neurodata_type': 'VectorData', 'object_id': 'ab57ba72-3022-4715-90d9-67ba00fcd3e0'}, 'data': <HDF5 dataset "freq": shape (257,), type "<f4">}, 'id': root/acquisition/_iblmic_audioSpectrogram/bands/id DatasetBuilder {'attributes': {'namespace': 'hdmf-common', 'neurodata_type': 'ElementIdentifiers', 'object_id': '95108ec5-1a5d-4b79-aac5-caa82500a473'}, 'data': <HDF5 dataset "id": shape (257,), type "<i4">}}, 'links': {}}, "Could not construct FrequencyBandsTable object due to: column must have the same number of rows as 'id'"))
2026-10-01T19:47:54Z INFO [2099/2934] fc63e6a0-dbac-461d-86fd-6a71c611bf9b: valid; 1.1 s; peak memory 7095 MiB.
2026-10-01T19:47:55Z INFO [2100/2934] fca35d36-0d84-4a1d-818c-76fb04af5f03: valid; 0.5 s; peak memory 7095 MiB.
2026-10-01T19:47:55Z INFO [2100/2934] fca35d36-0d84-4a1d-818c-76fb04af5f03: checkpointed 88010 records.
2026-10-01T19:47:57Z INFO [2101/2934] fca97b97-f4b4-47e1-9521-93472611e9bf: valid; 1.9 s; peak memory 7095 MiB.
2026-10-01T19:47:58Z INFO [2102/2934] fcbcc4c8-2659-4bc0-bba5-ed50f37f06ce: valid; 0.7 s; peak memory 7095 MiB.
2026-10-01T19:47:59Z INFO [2103/2934] fcc006e7-5d54-4c50-b148-c096c8f66deb: not valid; 0.8 s; peak memory 7095 MiB.
2026-10-01T19:47:59Z INFO [2104/2934] fce8982a-17d9-4756-89f1-0b4f79dfc2df: not valid; 0.8 s; peak memory 7095 MiB.
2026-10-01T19:48:00Z INFO [2105/2934] fceaa454-cc7b-4325-999c-161aa9b2cf11: not valid; 1.0 s; peak memory 7095 MiB.
2026-10-01T19:48:10Z INFO [2106/2934] fd15543a-612a-4595-8b6d-f70f7d37193a: valid; 9.6 s; peak memory 7095 MiB.
2026-10-01T19:48:11Z WARNING fd1ad83b-7f87-4575-a414-72f4541876ad: failed while opening the NWB file (ConstructError: (root/acquisition/event_code_meanings GroupBuilder {'attributes': {'colnames': array(['value', 'meaning'], dtype=object), 'description': 'Mapping integer event codes to event labels', 'namespace': 'ndx-events', 'neurodata_type': 'MeaningsTable', 'object_id': 'ed2891b9-3ceb-48ad-a6ce-4081f810d6ab'}, 'groups': {}, 'datasets': {'id': root/acquisition/event_code_meanings/id DatasetBuilder {'attributes': {'namespace': 'hdmf-common', 'neurodata_type': 'ElementIdentifiers', 'object_id': '276c3682-6146-4b85-9ce6-4e4bff1bb3e7'}, 'data': <HDF5 dataset "id": shape (26,), type "<i8">}, 'meaning': root/acquisition/event_code_meanings/meaning DatasetBuilder {'attributes': {'description': 'The meaning of the value in the parent CategoricalVectorData object.', 'namespace': 'hdmf-experimental', 'neurodata_type': 'VectorData', 'object_id': 'b36dffb4-02ce-47bb-85b8-e2beea7adf27'}, 'data': <StrDataset for HDF5 dataset "meaning": shape (26,), type "|O">}, 'value': root/acquisition/event_code_meanings/value DatasetBuilder {'attributes': {'description': 'The value of the parent CategoricalVectorData object.', 'namespace': 'hdmf-experimental', 'neurodata_type': 'VectorData', 'object_id': 'c0b8fed7-471b-4a2c-9509-3d783345a4e9'}, 'data': <HDF5 dataset "value": shape (26,), type "<i8">}}, 'links': {}}, "Could not construct MeaningsTable object due to: MeaningsTable.__init__: missing argument 'target'"))
2026-10-01T19:48:14Z INFO [2108/2934] fd8d45fb-7e59-4396-8530-8a26965dc59d: valid; 2.7 s; peak memory 7095 MiB.
2026-10-01T19:48:15Z WARNING fd978fe4-4844-49c4-8a86-59e258a66027: failed while opening the NWB file (ConstructError: (root/acquisition/_iblmic_audioSpectrogram/bands GroupBuilder {'attributes': {'colnames': array(['freq'], dtype=object), 'description': 'spectogram frequencies', 'namespace': 'core', 'neurodata_type': 'FrequencyBandsTable', 'object_id': '7cac8526-1f3c-4785-b6cc-7f53b348c7a3'}, 'groups': {}, 'datasets': {'freq': root/acquisition/_iblmic_audioSpectrogram/bands/freq DatasetBuilder {'attributes': {'description': 'frequency value', 'namespace': 'hdmf-common', 'neurodata_type': 'VectorData', 'object_id': 'c1906591-9765-46bb-8e2f-b86f5110fdd8'}, 'data': <HDF5 dataset "freq": shape (257,), type "<f4">}, 'id': root/acquisition/_iblmic_audioSpectrogram/bands/id DatasetBuilder {'attributes': {'namespace': 'hdmf-common', 'neurodata_type': 'ElementIdentifiers', 'object_id': '5a823163-215d-4199-aa0c-a8662dc2331d'}, 'data': <HDF5 dataset "id": shape (257,), type "<i4">}}, 'links': {}}, "Could not construct FrequencyBandsTable object due to: column must have the same number of rows as 'id'"))
2026-10-01T19:48:16Z INFO [2110/2934] fd99cbf9-4eb5-419b-8eb1-4675bf079af5: valid; 1.1 s; peak memory 7095 MiB.
2026-10-01T19:48:17Z INFO [2111/2934] fdb3e7f5-f262-48e2-bc72-1ee58f925892: valid; 1.6 s; peak memory 7095 MiB.
2026-10-01T19:48:19Z INFO [2112/2934] fdb83c7c-a1e2-4306-8563-a74a52d74610: valid; 1.2 s; peak memory 7095 MiB.
2026-10-01T19:48:20Z INFO [2113/2934] fdc32b7d-448b-4e8b-9af1-b4208952c39f: valid; 1.0 s; peak memory 7095 MiB.
2026-10-01T19:48:21Z INFO [2114/2934] fdce3537-6777-4628-8d60-f27f196b57d6: valid; 0.9 s; peak memory 7095 MiB.
2026-10-01T19:48:21Z INFO [2115/2934] fddc092c-83a9-48df-a8af-e28e35ee9019: valid; 1.0 s; peak memory 7095 MiB.
2026-10-01T19:48:23Z INFO [2116/2934] fdf9b5fd-0a3c-417c-a719-26dfae1029e1: not valid; 1.5 s; peak memory 7095 MiB.
2026-10-01T19:48:24Z INFO [2117/2934] fdf9ce50-b43e-473a-a70a-798a4c73380f: not valid; 0.6 s; peak memory 7095 MiB.
2026-10-01T19:48:24Z INFO [2118/2934] fe1adaae-dc9f-44b2-9aff-e4ab3ce4dcd6: valid; 0.7 s; peak memory 7095 MiB.
2026-10-01T19:48:25Z INFO [2119/2934] fe271494-454a-422b-96c6-228140edd1ce: valid; 0.8 s; peak memory 7095 MiB.
2026-10-01T19:48:26Z INFO [2120/2934] fe315d3c-7d40-4535-8dff-a72f6be9d8ea: valid; 1.2 s; peak memory 7095 MiB.
2026-10-01T19:48:27Z INFO [2121/2934] fe398d54-f3b7-430b-a1b2-d51574da2597: valid; 0.9 s; peak memory 7095 MiB.
2026-10-01T19:48:28Z INFO [2122/2934] fe57e7f6-4caf-42d3-98dd-4e960ff8bc02: valid; 1.2 s; peak memory 7095 MiB.
2026-10-01T19:48:30Z INFO [2123/2934] fe723a59-bd98-465a-b0b4-969e4e7bf266: valid; 1.1 s; peak memory 7095 MiB.
2026-10-01T19:48:31Z WARNING fe7934bf-365d-4130-877b-cc2e66ca3a1a: failed while opening the NWB file (ConstructError: (root/acquisition/_iblmic_audioSpectrogram/bands GroupBuilder {'attributes': {'colnames': array(['freq'], dtype=object), 'description': 'spectogram frequencies', 'namespace': 'core', 'neurodata_type': 'FrequencyBandsTable', 'object_id': '479930e4-0f44-40c4-b51d-e814ae8d6b0b'}, 'groups': {}, 'datasets': {'freq': root/acquisition/_iblmic_audioSpectrogram/bands/freq DatasetBuilder {'attributes': {'description': 'frequency value', 'namespace': 'hdmf-common', 'neurodata_type': 'VectorData', 'object_id': 'f6a2d2a5-9a5b-465e-b276-3a1da9bd98a7'}, 'data': <HDF5 dataset "freq": shape (257,), type "<f4">}, 'id': root/acquisition/_iblmic_audioSpectrogram/bands/id DatasetBuilder {'attributes': {'namespace': 'hdmf-common', 'neurodata_type': 'ElementIdentifiers', 'object_id': '64f7553e-8b2c-4794-8167-91ce2d7c15ee'}, 'data': <HDF5 dataset "id": shape (257,), type "<i4">}}, 'links': {}}, "Could not construct FrequencyBandsTable object due to: column must have the same number of rows as 'id'"))
2026-10-01T19:48:33Z INFO [2125/2934] febd7a28-8802-47a9-831d-40fe80bee507: valid; 3.0 s; peak memory 7095 MiB.
2026-10-01T19:48:35Z INFO [2126/2934] fec04376-3cbc-4b5c-9912-0a76a523815b: valid; 1.8 s; peak memory 7095 MiB.
2026-10-01T19:48:39Z INFO [2127/2934] fecaa422-8e8b-4591-98d9-32de3c6e755f: valid; 4.1 s; peak memory 7095 MiB.
2026-10-01T19:48:40Z INFO [2128/2934] fed1f8d7-2bd1-4b89-b461-569736330794: valid; 0.7 s; peak memory 7095 MiB.
2026-10-01T19:48:41Z INFO [2129/2934] fefe9ff5-aaf8-4c33-bce6-cc227cd3d75f: not valid; 1.3 s; peak memory 7095 MiB.
2026-10-01T19:48:44Z INFO [2130/2934] ff008ca6-7912-4fd5-a2a3-73802eb066ba: valid; 2.9 s; peak memory 7095 MiB.
2026-10-01T19:48:49Z INFO [2131/2934] ff0f5fc9-5db3-4b4f-980f-888b25d9256a: not valid; 4.3 s; peak memory 7095 MiB.
2026-10-01T19:48:50Z INFO [2132/2934] ff2375b7-5725-401d-9525-00b8b86d195b: valid; 1.6 s; peak memory 7095 MiB.
2026-10-01T19:48:52Z INFO [2133/2934] ff600380-f310-4da2-85cb-6646ec384b52: valid; 1.4 s; peak memory 7095 MiB.
2026-10-01T19:48:53Z INFO [2134/2934] ff62d51d-7cbe-413d-92ee-bcb3441ec3d2: valid; 1.2 s; peak memory 7095 MiB.
2026-10-01T19:48:56Z INFO [2135/2934] ff78b18e-9a2f-4aa6-8ed8-d439f9071cbe: not valid; 3.6 s; peak memory 7095 MiB.
2026-10-01T19:48:59Z INFO [2136/2934] ff8b04a0-d585-44c9-8e12-da6942c7e127: valid; 2.2 s; peak memory 7095 MiB.
2026-10-01T19:48:59Z INFO [2137/2934] ffe07f17-0a36-4d2d-bddf-ff27744bfb02: valid; 0.7 s; peak memory 7095 MiB.
2026-10-01T19:49:00Z INFO [2138/2934] ffee8fdb-843e-4eea-8dc1-7421856b206f: not valid; 0.9 s; peak memory 7095 MiB.
2026-10-01T19:49:01Z INFO [2139/2934] fff952d2-5f22-4ab3-a5f8-1ce9fa87ac1d: valid; 0.9 s; peak memory 7095 MiB.
2026-10-01T19:49:02Z INFO [2140/2934] 00089114-fc52-4421-b143-a0e6d0b07ef2: valid; 0.7 s; peak memory 7095 MiB.
2026-10-01T19:49:03Z INFO [2141/2934] 002ff18b-5936-4c4c-b58c-635a17648fb9: valid; 1.1 s; peak memory 7095 MiB.
2026-10-01T19:49:04Z INFO [2142/2934] 0061f081-16c8-4db3-9fa4-304d89a01ab7: valid; 1.0 s; peak memory 7095 MiB.
2026-10-01T19:49:05Z INFO [2143/2934] 00894d24-559c-4d2a-8b48-fa9cea968337: valid; 1.2 s; peak memory 7095 MiB.
2026-10-01T19:49:06Z INFO [2144/2934] 008965e8-8403-4220-a3c8-3652d4c472c2: valid; 0.8 s; peak memory 7095 MiB.
2026-10-01T19:49:07Z INFO [2145/2934] 0099c228-ae9a-43e0-b277-72f8afd433fe: not valid; 1.0 s; peak memory 7095 MiB.
2026-10-01T19:49:08Z INFO [2146/2934] 00bf5167-91ec-48a6-a37c-0c9c18d1ee79: valid; 1.1 s; peak memory 7095 MiB.
2026-10-01T19:49:08Z INFO [2147/2934] 00c4f5f1-e55f-4d1c-8ec4-e67042fce602: valid; 0.5 s; peak memory 7095 MiB.
2026-10-01T19:49:11Z INFO [2148/2934] 00c8717f-e829-4e20-bbea-60373788ce6f: valid; 2.1 s; peak memory 7095 MiB.
2026-10-01T19:49:12Z INFO [2149/2934] 00e691c2-240d-4c00-9e27-56bbace57f41: valid; 1.8 s; peak memory 7095 MiB.
2026-10-01T19:49:13Z INFO [2150/2934] 0112c82d-28cd-4e84-bcb1-581b6be18b76: valid; 0.7 s; peak memory 7095 MiB.
2026-10-01T19:49:14Z INFO [2150/2934] 0112c82d-28cd-4e84-bcb1-581b6be18b76: checkpointed 88010 records.
2026-10-01T19:49:15Z INFO [2151/2934] 0137953b-9715-42b9-ad92-4ca42e42a1c7: valid; 1.5 s; peak memory 7095 MiB.
2026-10-01T19:49:19Z INFO [2152/2934] 01455c13-ea04-4896-b040-906432b9ef63: valid; 4.0 s; peak memory 7095 MiB.
2026-10-01T19:49:21Z INFO [2153/2934] 015b11f7-922d-48f7-886a-2a01ad5b1f32: valid; 2.1 s; peak memory 7095 MiB.
2026-10-01T19:49:28Z INFO [2154/2934] 01703fc3-81a6-46cb-ac57-ef4e0934f145: valid; 6.5 s; peak memory 7095 MiB.
2026-10-01T19:49:29Z INFO [2155/2934] 0187ab15-0b26-476d-9fff-f83f7d90d218: valid; 0.7 s; peak memory 7095 MiB.
2026-10-01T19:49:29Z INFO [2156/2934] 0189b748-a477-450c-b4b2-fbb5deb2e246: not valid; 0.8 s; peak memory 7095 MiB.
2026-10-01T19:49:30Z INFO [2157/2934] 0198d086-3da0-4044-b2f5-9f7be6e36bfb: not valid; 0.9 s; peak memory 7095 MiB.
2026-10-01T19:49:31Z INFO [2158/2934] 01b7b2c1-bacf-45b2-98f3-02e608b42a60: not valid; 0.7 s; peak memory 7095 MiB.
2026-10-01T19:49:34Z INFO [2159/2934] 01bd1f1f-74f1-4ae6-ae62-017aaf741944: valid; 2.7 s; peak memory 7095 MiB.
2026-10-01T19:49:35Z INFO [2160/2934] 01ce7d9a-ea3c-472c-a22c-b950b1ef716c: valid; 0.8 s; peak memory 7095 MiB.
2026-10-01T19:49:35Z INFO [2161/2934] 01d6dee1-420d-4ab3-9175-069849de1aff: valid; 0.8 s; peak memory 7095 MiB.
2026-10-01T19:49:43Z INFO [2162/2934] 01de7f8e-7b2d-4477-8830-2a17990c8f66: valid; 7.9 s; peak memory 7095 MiB.
2026-10-01T19:49:51Z INFO [2163/2934] 01e09b5d-49bd-467f-a1cd-cc257343862f: valid; 8.1 s; peak memory 7095 MiB.
2026-10-01T19:49:53Z INFO [2164/2934] 01f7ada2-783d-4247-abb7-31098f6091c0: valid; 1.2 s; peak memory 7095 MiB.
2026-10-01T19:49:54Z INFO [2165/2934] 02679639-ffe3-44fd-9506-b91c3824cdac: valid; 1.1 s; peak memory 7095 MiB.
2026-10-01T19:49:56Z INFO [2166/2934] 02689ee7-358b-478c-9fee-cca18b833dd2: valid; 2.0 s; peak memory 7095 MiB.
2026-10-01T19:50:03Z INFO [2167/2934] 0285657a-37e7-4365-a462-0341755b6b85: not valid; 7.2 s; peak memory 7095 MiB.
2026-10-01T19:50:04Z INFO [2168/2934] 029ab89f-e2af-4ff9-9ca2-8074de63141b: not valid; 0.9 s; peak memory 7095 MiB.
2026-10-01T19:50:13Z INFO [2169/2934] 02d96d32-7ff1-4415-844a-01c27d13dbea: valid; 9.0 s; peak memory 7095 MiB.
2026-10-01T19:50:14Z INFO [2170/2934] 02ead743-2864-4fc1-ad55-70b466c67674: valid; 1.0 s; peak memory 7095 MiB.
2026-10-01T19:50:16Z INFO [2171/2934] 02f25800-6ac7-4549-8b5e-fc6767f781de: not valid; 2.2 s; peak memory 7095 MiB.
2026-10-01T19:50:17Z INFO [2172/2934] 032c6e63-0187-446a-95e5-748b27a05348: valid; 0.7 s; peak memory 7095 MiB.
2026-10-01T19:50:22Z INFO [2173/2934] 032c847f-8bc6-4d43-9632-916ee20886d8: not valid; 4.9 s; peak memory 7095 MiB.
2026-10-01T19:50:23Z INFO [2174/2934] 03486f65-d823-49fc-a51b-9888fd0ad649: not valid; 1.3 s; peak memory 7095 MiB.
2026-10-01T19:50:24Z INFO [2175/2934] 034b547f-b54b-4217-8fa8-0ce3a2a1f805: not valid; 1.1 s; peak memory 7095 MiB.
2026-10-01T19:50:25Z WARNING 035f96b6-257b-4a96-a5d8-dad5d1183084: failed while opening the NWB file (ConstructError: (root/acquisition/event_code_meanings GroupBuilder {'attributes': {'colnames': array(['value', 'meaning'], dtype=object), 'description': 'Mapping integer event codes to event labels', 'namespace': 'ndx-events', 'neurodata_type': 'MeaningsTable', 'object_id': '183438ff-2cdd-4c75-b605-bcca185b3863'}, 'groups': {}, 'datasets': {'id': root/acquisition/event_code_meanings/id DatasetBuilder {'attributes': {'namespace': 'hdmf-common', 'neurodata_type': 'ElementIdentifiers', 'object_id': '29dee7bf-5735-45fc-bdc7-aef7fb10de6a'}, 'data': <HDF5 dataset "id": shape (26,), type "<i8">}, 'meaning': root/acquisition/event_code_meanings/meaning DatasetBuilder {'attributes': {'description': 'The meaning of the value in the parent CategoricalVectorData object.', 'namespace': 'hdmf-experimental', 'neurodata_type': 'VectorData', 'object_id': 'cd215ed6-1ed6-4c55-9366-6b952471c4ce'}, 'data': <StrDataset for HDF5 dataset "meaning": shape (26,), type "|O">}, 'value': root/acquisition/event_code_meanings/value DatasetBuilder {'attributes': {'description': 'The value of the parent CategoricalVectorData object.', 'namespace': 'hdmf-experimental', 'neurodata_type': 'VectorData', 'object_id': '4a66c597-90b9-42aa-a24d-02847c048c75'}, 'data': <HDF5 dataset "value": shape (26,), type "<i8">}}, 'links': {}}, "Could not construct MeaningsTable object due to: MeaningsTable.__init__: missing argument 'target'"))
2026-10-01T19:50:27Z INFO [2177/2934] 03609c51-88d9-4a35-8f4e-3cb797408e39: valid; 1.7 s; peak memory 7095 MiB.
2026-10-01T19:50:27Z INFO [2178/2934] 037195e3-3775-4b56-8240-6cf6ef00d2e5: valid; 0.7 s; peak memory 7095 MiB.
2026-10-01T19:50:30Z INFO [2179/2934] 03a35a51-c8f3-48e9-a6d4-0417a9c021c8: valid; 2.4 s; peak memory 7095 MiB.
2026-10-01T19:50:31Z INFO [2180/2934] 03d2c18b-3311-451d-b2d1-6689a1fbd3da: not valid; 0.8 s; peak memory 7095 MiB.
2026-10-01T19:50:35Z INFO [2181/2934] 03e89f9e-4b74-4e7e-8a31-39af761e9830: valid; 4.1 s; peak memory 7095 MiB.
2026-10-01T19:50:37Z INFO [2182/2934] 03f1d31b-5390-4afa-9e6e-5d9ce4529a0a: valid; 2.1 s; peak memory 7095 MiB.
2026-10-01T19:50:38Z INFO [2183/2934] 03f7b768-29de-428d-961f-37c59e487016: valid; 1.5 s; peak memory 7095 MiB.
2026-10-01T19:50:41Z INFO [2184/2934] 04441e4e-380f-4c41-8a2b-2cb57a144fa1: not valid; 2.1 s; peak memory 7095 MiB.
2026-10-01T19:50:44Z INFO [2185/2934] 044ba12b-21f5-4563-8135-984145b0870f: valid; 3.1 s; peak memory 7095 MiB.
2026-10-01T19:50:45Z INFO [2186/2934] 044d729e-470a-45a9-8041-858d2ba81bea: valid; 1.1 s; peak memory 7095 MiB.
2026-10-01T19:50:53Z INFO [2187/2934] 048b7400-a7c9-428d-8462-4e9a00398fec: valid; 8.1 s; peak memory 7095 MiB.
2026-10-01T19:50:55Z INFO [2188/2934] 04a943c1-f8c5-484b-860b-84a6a81dcc97: not valid; 2.4 s; peak memory 7095 MiB.
2026-10-01T19:50:56Z INFO [2189/2934] 04b61070-a91d-4aef-888e-7e2f17430b40: valid; 1.1 s; peak memory 7095 MiB.
2026-10-01T19:50:57Z INFO [2190/2934] 04eb2bea-b259-43bc-ae95-677eb91dee4a: valid; 0.8 s; peak memory 7095 MiB.
2026-10-01T19:51:00Z INFO [2191/2934] 04f9cdc8-4da5-4044-a4d7-bf0d950a6e9e: valid; 2.5 s; peak memory 7095 MiB.
2026-10-01T19:51:05Z INFO [2192/2934] 050ca71b-78ae-4b98-b4b2-178a02c12447: valid; 5.4 s; peak memory 7095 MiB.
2026-10-01T19:51:06Z INFO [2193/2934] 05129448-01e4-43c4-b3f6-e671138335f6: valid; 0.7 s; peak memory 7095 MiB.
2026-10-01T19:51:13Z INFO [2194/2934] 0518bd1a-43a9-4cdf-b4a7-8bbe1a2bfd68: valid; 6.7 s; peak memory 7095 MiB.
2026-10-01T19:51:15Z INFO [2195/2934] 0521975a-25ca-4623-a94e-c08dde11bc89: valid; 2.3 s; peak memory 7095 MiB.
2026-10-01T19:51:16Z INFO [2196/2934] 0574fbb2-7d9f-45fc-b58e-12ea3ad60886: valid; 0.8 s; peak memory 7095 MiB.
2026-10-01T19:51:18Z INFO [2197/2934] 058b45f5-9945-4a3d-a196-954b83be4841: valid; 1.9 s; peak memory 7095 MiB.
2026-10-01T19:51:18Z INFO [2198/2934] 059e94d0-150c-48dd-9e60-bd592c99ee8e: valid; 1.0 s; peak memory 7095 MiB.
2026-10-01T19:51:20Z INFO [2199/2934] 05dd73f7-1773-4e56-b233-387d617c6daa: not valid; 1.8 s; peak memory 7095 MiB.
2026-10-01T19:51:21Z INFO [2200/2934] 05fea2b5-63da-4556-bc1a-a4a047ea9f5c: valid; 1.0 s; peak memory 7095 MiB.
2026-10-01T19:51:22Z INFO [2200/2934] 05fea2b5-63da-4556-bc1a-a4a047ea9f5c: checkpointed 88010 records.
2026-10-01T19:51:24Z INFO [2201/2934] 061fc545-919d-47ba-802d-821fc3cc155e: valid; 2.5 s; peak memory 7095 MiB.
2026-10-01T19:51:26Z INFO [2202/2934] 062985d3-7a1b-4b63-9d27-b29d0707e83c: not valid; 1.7 s; peak memory 7095 MiB.
2026-10-01T19:51:27Z INFO [2203/2934] 06413fc4-40d2-4c8d-aa75-d1200a9dc090: valid; 0.7 s; peak memory 7095 MiB.
2026-10-01T19:51:28Z INFO [2204/2934] 06535891-a77f-4b02-a1bd-a203bbaa73f7: valid; 1.3 s; peak memory 7095 MiB.
2026-10-01T19:51:29Z INFO [2205/2934] 0658cad0-aa97-4fa7-a2a1-dd353d0c369e: not valid; 0.9 s; peak memory 7095 MiB.
2026-10-01T19:51:30Z INFO [2206/2934] 0665040c-bfdd-43e3-8bee-5ba7a6f390f7: valid; 0.7 s; peak memory 7095 MiB.
2026-10-01T19:51:31Z INFO [2207/2934] 06671af4-a1b9-4ba7-a154-7a2483f3ef8e: not valid; 1.0 s; peak memory 7095 MiB.
2026-10-01T19:51:32Z INFO [2208/2934] 0667b728-e0fc-4231-b716-1c57a5dc16de: not valid; 1.8 s; peak memory 7095 MiB.
2026-10-01T19:51:39Z INFO [2209/2934] 0680a1bd-225c-4167-a4d5-4d4ca7964516: valid; 7.0 s; peak memory 7095 MiB.
2026-10-01T19:51:40Z INFO [2210/2934] 068c460a-74f1-4438-8581-b56cf7102f00: not valid; 0.8 s; peak memory 7095 MiB.
2026-10-01T19:51:42Z INFO [2211/2934] 06ee9ed9-fe42-4fe9-9da0-1111f5dae210: valid; 1.5 s; peak memory 7095 MiB.
2026-10-01T19:51:43Z INFO [2212/2934] 0703541b-8cf3-41f4-8fdf-796c45241242: valid; 0.8 s; peak memory 7095 MiB.
2026-10-01T19:51:43Z INFO [2213/2934] 070abc4a-c7c0-403e-86ee-719c833044cb: not valid; 0.9 s; peak memory 7095 MiB.
2026-10-01T19:51:44Z INFO [2214/2934] 072c91d4-eb0c-47d9-a068-18012bda4c26: valid; 0.8 s; peak memory 7095 MiB.
2026-10-01T19:51:45Z INFO [2215/2934] 0732d342-ff83-4ff6-8e21-21f2b8919ba0: valid; 0.6 s; peak memory 7095 MiB.
2026-10-01T19:51:46Z INFO [2216/2934] 0760a455-21c5-4463-bb86-6c174e284f79: not valid; 1.1 s; peak memory 7095 MiB.
2026-10-01T19:51:47Z INFO [2217/2934] 07808c4a-3e38-4ca3-931d-31db2cbfc8f8: valid; 0.7 s; peak memory 7095 MiB.
2026-10-01T19:51:48Z INFO [2218/2934] 07a35fd4-e5b6-468a-b0d8-dd262a94d96c: valid; 1.1 s; peak memory 7095 MiB.
2026-10-01T19:51:49Z INFO [2219/2934] 07ad2676-5b0f-432c-bd0b-676ac5a21a46: valid; 0.8 s; peak memory 7095 MiB.
2026-10-01T19:51:50Z INFO [2220/2934] 07c6ff3b-d21a-42d1-836d-27bda754e5d4: valid; 1.0 s; peak memory 7095 MiB.
2026-10-01T19:51:51Z INFO [2221/2934] 07e31ac8-14de-4438-8c4d-8b88d2cd8431: valid; 1.3 s; peak memory 7095 MiB.
2026-10-01T19:51:52Z INFO [2222/2934] 07fb9613-ee58-44c0-88b2-ebebe334c74a: not valid; 0.9 s; peak memory 7095 MiB.
2026-10-01T19:51:53Z INFO [2223/2934] 08263532-e2de-4646-8b3f-b3c7536e9b8d: not valid; 1.2 s; peak memory 7095 MiB.
2026-10-01T19:51:54Z INFO [2224/2934] 082c2ca5-2a6f-4af8-b233-66b8b3de7430: valid; 0.7 s; peak memory 7095 MiB.
2026-10-01T19:51:54Z INFO [2225/2934] 0847dcf6-8ae0-427d-bb78-f255eab04ea8: valid; 0.8 s; peak memory 7095 MiB.
2026-10-01T19:51:57Z INFO [2226/2934] 084a6a70-c5cc-4d92-bd6f-673c50793448: valid; 2.2 s; peak memory 7095 MiB.
2026-10-01T19:52:00Z INFO [2227/2934] 084f25dd-6e48-4991-bc88-23fe5262e935: valid; 3.1 s; peak memory 7095 MiB.
2026-10-01T19:52:02Z INFO [2228/2934] 086b4a2e-8585-41c6-94dd-5d191cddf3cf: valid; 2.1 s; peak memory 7095 MiB.
2026-10-01T19:52:03Z INFO [2229/2934] 087f0098-7b45-4862-97bb-f2c2bf0794a2: not valid; 1.6 s; peak memory 7095 MiB.
2026-10-01T19:52:04Z INFO [2230/2934] 08824780-0d03-4647-96bc-43123411d864: valid; 1.0 s; peak memory 7095 MiB.
2026-10-01T19:52:06Z INFO [2231/2934] 08b1b1cd-54bd-4d10-ac39-de7faa79c0a7: valid; 1.2 s; peak memory 7095 MiB.
2026-10-01T19:52:16Z INFO [2232/2934] 08df56d3-4366-49c1-8a1f-af4f91230c7c: not valid; 10.0 s; peak memory 7095 MiB.
2026-10-01T19:52:16Z INFO [2233/2934] 08eacf58-75b4-4b54-8f7a-6d3e10d0814c: not valid; 0.8 s; peak memory 7095 MiB.
2026-10-01T19:52:18Z INFO [2234/2934] 08f514e8-09a5-4eb9-9166-f29abebdcd36: valid; 2.0 s; peak memory 7095 MiB.
2026-10-01T19:52:19Z INFO [2235/2934] 090b6f85-b60b-4dc2-9c9a-8ec4bd9ca4a7: valid; 0.8 s; peak memory 7095 MiB.
2026-10-01T19:52:20Z INFO [2236/2934] 090e253e-ccb4-49a6-ac22-4aec0f842982: valid; 0.8 s; peak memory 7095 MiB.
2026-10-01T19:52:22Z INFO [2237/2934] 091a7f8e-9a52-4f0d-bc4d-768a95034856: valid; 2.0 s; peak memory 7095 MiB.
2026-10-01T19:52:23Z WARNING 093b31a5-45d9-40dd-a37b-4b75f4d3d591: failed while opening the NWB file (ValueError: Cannot resolve included group spec 'electrodes' with data_type_inc 'ElectrodesTable' because a group spec with the same name already exists with data_type_inc 'DynamicTable', and data type 'DynamicTable' is not a child type of data type 'ElectrodesTable'.)
2026-10-01T19:52:24Z INFO [2239/2934] 095f77f7-2d8d-40ea-9972-3b898b24c80d: valid; 0.7 s; peak memory 7095 MiB.
2026-10-01T19:52:26Z INFO [2240/2934] 099d602c-13be-4ceb-8366-f9b3011e27b6: not valid; 2.0 s; peak memory 7095 MiB.
2026-10-01T19:52:27Z INFO [2241/2934] 09a6dbc8-53a0-45a9-baf4-16d3dd192546: valid; 1.0 s; peak memory 7095 MiB.
2026-10-01T19:52:27Z INFO [2242/2934] 09de0f99-89fb-4131-882e-0febe13e39bf: not valid; 0.7 s; peak memory 7095 MiB.
2026-10-01T19:52:29Z INFO [2243/2934] 09de58b4-cf2d-41c1-8e1c-85183a948c13: valid; 1.6 s; peak memory 7095 MiB.
2026-10-01T19:52:30Z INFO [2244/2934] 09e74c10-3a67-46e4-a7ff-17c5a5c11b28: valid; 1.0 s; peak memory 7095 MiB.
2026-10-01T19:52:30Z INFO [2245/2934] 09fd9a37-c0ee-4f7e-b78f-f97afe71a2ca: valid; 0.5 s; peak memory 7095 MiB.
2026-10-01T19:52:31Z INFO [2246/2934] 0a1f1282-b547-4549-b41c-b98d815442eb: valid; 0.8 s; peak memory 7095 MiB.
2026-10-01T19:52:34Z INFO [2247/2934] 0a3a6b09-d8f7-44b1-8942-c426e8d553d4: valid; 3.2 s; peak memory 7095 MiB.
2026-10-01T19:52:36Z INFO [2248/2934] 0a6adf7f-a0dc-4864-8b8f-997231b48cd6: valid; 1.4 s; peak memory 7095 MiB.
2026-10-01T19:52:37Z INFO [2249/2934] 0a7d6a63-5447-44d8-8ffc-80950b659ea9: not valid; 1.2 s; peak memory 7095 MiB.
2026-10-01T19:52:37Z WARNING 0a919f3b-88e3-48d5-8a72-45599d2a22c9: failed while retrieving asset information from the DANDI API (NotFoundError: No asset at path 'sub-healthy-simulated-lfp/sub-healthy-simulated-lfp_ses-4627_ecephys.nwb' in version 0.250327.2220. Verify the path is correct and the asset exists in this version. Use 'dandi ls' to list available assets.)
2026-10-01T19:52:38Z INFO [2250/2934] 0a919f3b-88e3-48d5-8a72-45599d2a22c9: checkpointed 88010 records.
2026-10-01T19:52:40Z INFO [2251/2934] 0aa93a72-22fe-463c-928b-6f7557b4951c: not valid; 2.1 s; peak memory 7095 MiB.
2026-10-01T19:52:40Z INFO [2252/2934] 0aab6c86-5ed7-42e0-be6f-65f4fdcbfb1e: valid; 0.5 s; peak memory 7095 MiB.
2026-10-01T19:52:41Z INFO [2253/2934] 0ab332db-b126-419e-88e6-46945edd8595: valid; 0.7 s; peak memory 7095 MiB.
2026-10-01T19:52:42Z INFO [2254/2934] 0acc1af5-64e2-4766-95a8-697a4fe74e2c: valid; 1.1 s; peak memory 7095 MiB.
2026-10-01T19:52:44Z INFO [2255/2934] 0acdcfd9-54bf-482f-9688-621bebd3ee57: valid; 1.6 s; peak memory 7095 MiB.
2026-10-01T19:52:44Z INFO [2256/2934] 0ae161d3-5e6f-466e-8051-5112fb878858: not valid; 0.6 s; peak memory 7095 MiB.
2026-10-01T19:52:49Z INFO [2257/2934] 0ae31c37-4b7a-44f1-886d-b3beb6758d25: valid; 4.2 s; peak memory 7095 MiB.
2026-10-01T19:52:51Z INFO [2258/2934] 0b0be866-eb10-4f8d-8c99-a0c13964dfc7: valid; 2.0 s; peak memory 7095 MiB.
2026-10-01T19:52:52Z INFO [2259/2934] 0b9c5c84-b1f0-49a2-8e18-0ff8ca1d817e: valid; 1.7 s; peak memory 7095 MiB.
2026-10-01T19:52:54Z INFO [2260/2934] 0ba5fa82-233c-45db-a35b-b3e482f9c94a: valid; 1.5 s; peak memory 7095 MiB.
2026-10-01T19:52:55Z INFO [2261/2934] 0baae0a6-e853-4d2e-8fb5-90b84aee9051: valid; 1.1 s; peak memory 7095 MiB.
2026-10-01T19:52:59Z INFO [2262/2934] 0bd77bd0-0bc3-4cdf-a23a-baf47ba1768e: valid; 4.3 s; peak memory 7095 MiB.
2026-10-01T19:53:02Z INFO [2263/2934] 0bda082b-aeef-462c-9f86-edcebc22f9e6: not valid; 2.6 s; peak memory 7095 MiB.
2026-10-01T19:53:08Z INFO [2264/2934] 0bfd6ba1-22d6-44b2-a28c-e7c1f0d9fcc7: valid; 6.4 s; peak memory 7095 MiB.
2026-10-01T19:53:10Z INFO [2265/2934] 0c030329-7868-4d30-b1f6-9e7ec6325044: valid; 2.1 s; peak memory 7095 MiB.
2026-10-01T19:53:15Z INFO [2266/2934] 0c13b2d2-34dc-454f-ac25-379e462997b5: valid; 4.2 s; peak memory 7095 MiB.
2026-10-01T19:53:17Z INFO [2267/2934] 0c1b990f-88bd-451d-ba9b-e2a01b9afac3: valid; 2.7 s; peak memory 7095 MiB.
2026-10-01T19:53:18Z INFO [2268/2934] 0c5176e3-f9cf-4d53-8970-c2264f6c2983: valid; 1.1 s; peak memory 7095 MiB.
2026-10-01T19:53:21Z INFO [2269/2934] 0c7a36e4-c73f-4750-8c69-9bafeb8d7f28: valid; 2.9 s; peak memory 7095 MiB.
2026-10-01T19:53:22Z INFO [2270/2934] 0c901eea-2676-4eec-a96f-1e064041317f: valid; 0.7 s; peak memory 7095 MiB.
2026-10-01T19:53:23Z INFO [2271/2934] 0cdda2e2-e39a-4189-94dc-ddc454d95b2f: valid; 0.7 s; peak memory 7095 MiB.
2026-10-01T19:53:24Z INFO [2272/2934] 0cf4969b-4f42-4326-87b5-0429049f7e8c: not valid; 1.0 s; peak memory 7095 MiB.
2026-10-01T19:53:24Z INFO [2273/2934] 0cf4fff1-39c7-479d-b70d-b4c221f0f5e7: valid; 0.7 s; peak memory 7095 MiB.
2026-10-01T19:53:25Z INFO [2274/2934] 0d123a76-a878-4216-9f7f-75f7785e0a4d: valid; 1.0 s; peak memory 7095 MiB.
2026-10-01T19:53:26Z INFO [2275/2934] 0d1bd147-1c59-4676-a197-6164e3946330: valid; 1.1 s; peak memory 7095 MiB.
2026-10-01T19:53:36Z INFO [2276/2934] 0d47e9da-475d-4340-a644-c27caa081f7a: valid; 9.7 s; peak memory 7095 MiB.
2026-10-01T19:53:37Z INFO [2277/2934] 0d512565-2470-4c51-9c85-bdbb9851a089: valid; 1.0 s; peak memory 7095 MiB.
2026-10-01T19:53:38Z INFO [2278/2934] 0d542714-0091-46c8-a9e1-eef754a12a8e: not valid; 0.8 s; peak memory 7095 MiB.
2026-10-01T19:53:39Z WARNING 0d603a1e-d4e6-49de-a9ac-28bfd11b6634: failed while opening the NWB file (ConstructError: (root/acquisition/_iblmic_audioSpectrogram/bands GroupBuilder {'attributes': {'colnames': array(['freq'], dtype=object), 'description': 'spectogram frequencies', 'namespace': 'core', 'neurodata_type': 'FrequencyBandsTable', 'object_id': '4dd9fa69-d16c-4cb6-bbb3-0a7cca140009'}, 'groups': {}, 'datasets': {'freq': root/acquisition/_iblmic_audioSpectrogram/bands/freq DatasetBuilder {'attributes': {'description': 'frequency value', 'namespace': 'hdmf-common', 'neurodata_type': 'VectorData', 'object_id': '12cc828f-dd0d-482b-b2ae-bdb9323712bd'}, 'data': <HDF5 dataset "freq": shape (257,), type "<f4">}, 'id': root/acquisition/_iblmic_audioSpectrogram/bands/id DatasetBuilder {'attributes': {'namespace': 'hdmf-common', 'neurodata_type': 'ElementIdentifiers', 'object_id': '1ce81adc-4113-4e33-b396-b1cfe8fa2ff3'}, 'data': <HDF5 dataset "id": shape (257,), type "<i4">}}, 'links': {}}, "Could not construct FrequencyBandsTable object due to: column must have the same number of rows as 'id'"))
2026-10-01T19:53:41Z INFO [2280/2934] 0d66aa89-5d96-4f06-af3c-4f503ef7efdb: valid; 2.0 s; peak memory 7095 MiB.
2026-10-01T19:53:42Z INFO [2281/2934] 0d6fbcda-d871-483e-8cd4-1da3814c2c37: valid; 1.2 s; peak memory 7095 MiB.
2026-10-01T19:53:43Z INFO [2282/2934] 0d7619c4-fe50-435b-858d-376a6018ddcb: valid; 0.6 s; peak memory 7095 MiB.
2026-10-01T19:53:44Z INFO [2283/2934] 0d89ae74-e525-47c5-b34f-e4c2ecb13626: not valid; 1.2 s; peak memory 7095 MiB.
2026-10-01T19:53:45Z INFO [2284/2934] 0da20c32-94f6-447f-955f-407db6793377: valid; 1.2 s; peak memory 7095 MiB.
2026-10-01T19:53:47Z INFO [2285/2934] 0dd51959-8d18-431e-94f0-d93b856e6efe: valid; 1.9 s; peak memory 7095 MiB.
2026-10-01T19:53:48Z WARNING 0df37527-4c01-4962-8bba-114cf3b69cad: failed while opening the NWB file (ConstructError: (root/acquisition/event_code_meanings GroupBuilder {'attributes': {'colnames': array(['value', 'meaning'], dtype=object), 'description': 'Mapping integer event codes to event labels', 'namespace': 'ndx-events', 'neurodata_type': 'MeaningsTable', 'object_id': '1b6231a3-f487-449e-8972-45c01f6d411f'}, 'groups': {}, 'datasets': {'id': root/acquisition/event_code_meanings/id DatasetBuilder {'attributes': {'namespace': 'hdmf-common', 'neurodata_type': 'ElementIdentifiers', 'object_id': 'ca92652a-4dd2-46bd-921f-c479964c0b2a'}, 'data': <HDF5 dataset "id": shape (26,), type "<i8">}, 'meaning': root/acquisition/event_code_meanings/meaning DatasetBuilder {'attributes': {'description': 'The meaning of the value in the parent CategoricalVectorData object.', 'namespace': 'hdmf-experimental', 'neurodata_type': 'VectorData', 'object_id': '1b965509-bca8-4432-800a-4a8b00c4e123'}, 'data': <StrDataset for HDF5 dataset "meaning": shape (26,), type "|O">}, 'value': root/acquisition/event_code_meanings/value DatasetBuilder {'attributes': {'description': 'The value of the parent CategoricalVectorData object.', 'namespace': 'hdmf-experimental', 'neurodata_type': 'VectorData', 'object_id': 'e5ad99b7-28cb-45e1-b954-cf406ea4dcd6'}, 'data': <HDF5 dataset "value": shape (26,), type "<i8">}}, 'links': {}}, "Could not construct MeaningsTable object due to: MeaningsTable.__init__: missing argument 'target'"))
2026-10-01T19:53:50Z INFO [2287/2934] 0e004039-bd9a-4c15-b407-6f61a243af58: not valid; 1.4 s; peak memory 7095 MiB.
2026-10-01T19:53:54Z INFO [2288/2934] 0e01ee3a-9550-4910-bb6f-e9a6cc2ea06a: valid; 4.7 s; peak memory 7095 MiB.
2026-10-01T19:53:55Z INFO [2289/2934] 0e145d76-b8ba-4613-a145-488a3efe55fb: valid; 0.6 s; peak memory 7095 MiB.
2026-10-01T19:53:57Z INFO [2290/2934] 0e1b609c-7313-4c2c-ad22-e887927c331b: not valid; 2.1 s; peak memory 7095 MiB.
2026-10-01T19:54:00Z INFO [2291/2934] 0e256bfb-a2ca-4c8a-b138-b2002adbd095: valid; 3.1 s; peak memory 7095 MiB.
2026-10-01T19:54:01Z INFO [2292/2934] 0e27e934-4bd4-4cdb-b516-7c3b9d8894ac: valid; 0.8 s; peak memory 7095 MiB.
2026-10-01T19:54:02Z INFO [2293/2934] 0e3c54c3-f32d-4407-b65c-5efdb513538b: not valid; 0.9 s; peak memory 7095 MiB.
2026-10-01T19:54:03Z INFO [2294/2934] 0e5dafc9-376f-4109-9de3-efbfb95f60c0: not valid; 1.1 s; peak memory 7095 MiB.
2026-10-01T19:54:04Z INFO [2295/2934] 0e5f0496-911b-4e48-9164-bb1b61900f6f: valid; 0.7 s; peak memory 7095 MiB.
2026-10-01T19:54:05Z INFO [2296/2934] 0e6d52f5-7768-4610-801d-c1f2c2b3c6bf: valid; 1.3 s; peak memory 7095 MiB.
2026-10-01T19:54:06Z WARNING 0e7decda-a167-47b6-aa61-9dc1d111d24d: failed while opening the NWB file (ConstructError: (root/acquisition/_iblmic_audioSpectrogram/bands GroupBuilder {'attributes': {'colnames': array(['freq'], dtype=object), 'description': 'spectogram frequencies', 'namespace': 'core', 'neurodata_type': 'FrequencyBandsTable', 'object_id': '5a83c739-3c27-4e4d-81eb-c2a1a59aa603'}, 'groups': {}, 'datasets': {'freq': root/acquisition/_iblmic_audioSpectrogram/bands/freq DatasetBuilder {'attributes': {'description': 'frequency value', 'namespace': 'hdmf-common', 'neurodata_type': 'VectorData', 'object_id': 'dfc06728-c858-47ef-94b0-4881972039b1'}, 'data': <HDF5 dataset "freq": shape (257,), type "<f4">}, 'id': root/acquisition/_iblmic_audioSpectrogram/bands/id DatasetBuilder {'attributes': {'namespace': 'hdmf-common', 'neurodata_type': 'ElementIdentifiers', 'object_id': 'cbaa0974-ce12-4bab-ad81-76c92a2b1172'}, 'data': <HDF5 dataset "id": shape (257,), type "<i4">}}, 'links': {}}, "Could not construct FrequencyBandsTable object due to: column must have the same number of rows as 'id'"))
2026-10-01T19:54:07Z INFO [2298/2934] 0e9acede-9bb8-44fb-bbd5-de4f4c7dcccc: valid; 1.2 s; peak memory 7095 MiB.
2026-10-01T19:54:08Z INFO [2299/2934] 0ed1529d-0034-466e-afc8-18054dabf8ec: valid; 1.2 s; peak memory 7095 MiB.
2026-10-01T19:54:10Z INFO [2300/2934] 0f1de305-c69d-4fd4-a9fd-0a8daf0c6d64: not valid; 2.1 s; peak memory 7095 MiB.
2026-10-01T19:54:11Z INFO [2300/2934] 0f1de305-c69d-4fd4-a9fd-0a8daf0c6d64: checkpointed 88010 records.
2026-10-01T19:54:15Z INFO [2301/2934] 0f28fc4b-284d-45f4-83fe-93815e49d369: valid; 3.6 s; peak memory 7095 MiB.
2026-10-01T19:54:20Z INFO [2302/2934] 0ff0d439-b8ae-4c01-b65d-936d9ab147da: valid; 5.4 s; peak memory 7095 MiB.
2026-10-01T19:54:21Z INFO [2303/2934] 1013868e-9607-41aa-b31d-c3fde3ccd5c3: valid; 0.8 s; peak memory 7095 MiB.
2026-10-01T19:54:23Z INFO [2304/2934] 10176dd9-4e42-42bc-a895-33e1f57045bd: valid; 2.2 s; peak memory 7095 MiB.
2026-10-01T19:54:24Z INFO [2305/2934] 1032f546-b78e-4559-9e6f-786e72234b2a: valid; 1.1 s; peak memory 7095 MiB.
2026-10-01T19:54:25Z INFO [2306/2934] 106ef575-9f5f-4bfe-95cc-d34f6f7e8b56: valid; 1.0 s; peak memory 7095 MiB.
2026-10-01T19:54:26Z INFO [2307/2934] 108433fb-8e5c-4497-b4d8-219774211f1d: valid; 1.3 s; peak memory 7095 MiB.
2026-10-01T19:54:29Z INFO [2308/2934] 108e0efe-b0f8-42b0-b14b-10275214f5d0: not valid; 2.7 s; peak memory 7095 MiB.
2026-10-01T19:54:34Z INFO [2309/2934] 10960743-67cb-4d5d-985e-5f1b9c845d8e: valid; 5.0 s; peak memory 7095 MiB.
2026-10-01T19:54:35Z INFO [2310/2934] 10b0152d-2b92-4d97-99fd-2c50cbcb4c23: not valid; 0.5 s; peak memory 7095 MiB.
2026-10-01T19:54:36Z INFO [2311/2934] 10c6e45b-d943-4c4d-9de8-f0bff4a50471: valid; 1.0 s; peak memory 7095 MiB.
2026-10-01T19:54:37Z INFO [2312/2934] 10de875e-b1d7-47da-9bd2-cfb5c292e0d2: valid; 1.1 s; peak memory 7095 MiB.
2026-10-01T19:54:43Z INFO [2313/2934] 10f8478e-ceee-4c50-b29b-0039ef950a7c: valid; 6.5 s; peak memory 7095 MiB.
2026-10-01T19:54:45Z INFO [2314/2934] 11045516-508f-44ae-b345-58cebfed246a: valid; 1.5 s; peak memory 7095 MiB.
2026-10-01T19:54:46Z INFO [2315/2934] 11106ef4-3662-4973-befd-6bd9812795be: valid; 1.7 s; peak memory 7095 MiB.
2026-10-01T19:54:47Z INFO [2316/2934] 111304a1-5ce3-4a7c-a563-cfec189dd38a: valid; 0.9 s; peak memory 7095 MiB.
2026-10-01T19:54:48Z INFO [2317/2934] 112027b8-dee4-4405-b53d-c51ebf42c4cd: valid; 1.0 s; peak memory 7095 MiB.
2026-10-01T19:55:05Z INFO [2318/2934] 11267189-3cba-4b5d-87d6-773891df217e: valid; 16.4 s; peak memory 7095 MiB.
2026-10-01T19:55:12Z INFO [2319/2934] 112db2b9-a749-49b7-a0ec-c4b4bc83567d: valid; 7.4 s; peak memory 7095 MiB.
2026-10-01T19:55:14Z INFO [2320/2934] 113e742f-9777-4bf5-8831-51004d8043a6: valid; 2.0 s; peak memory 7095 MiB.
2026-10-01T19:55:15Z INFO [2321/2934] 11892db0-359d-4f16-abad-b27b736627af: not valid; 0.9 s; peak memory 7095 MiB.
2026-10-01T19:55:29Z INFO [2322/2934] 118facfa-e315-44cb-88f9-8ccc93091c7e: valid; 14.3 s; peak memory 7095 MiB.
2026-10-01T19:55:30Z INFO [2323/2934] 11bd4c0c-0a0f-469d-9968-62498bd90f55: valid; 1.0 s; peak memory 7095 MiB.
2026-10-01T19:55:32Z INFO [2324/2934] 11d14893-9454-4cc7-9ba5-0be5df042f5f: valid; 1.3 s; peak memory 7095 MiB.
2026-10-01T19:55:32Z INFO [2325/2934] 11d98058-d9a7-4e6d-9cb1-17602b5620a2: valid; 0.9 s; peak memory 7095 MiB.
2026-10-01T19:55:34Z INFO [2326/2934] 12468de5-44f4-4be9-909f-c5292358f30e: valid; 1.1 s; peak memory 7095 MiB.
2026-10-01T19:55:41Z INFO [2327/2934] 12787ac6-b561-4b56-8118-935e1dcb43e0: valid; 7.2 s; peak memory 7095 MiB.
2026-10-01T19:55:42Z INFO [2328/2934] 129cfd69-27fa-47de-a177-5438a4959bdd: valid; 0.8 s; peak memory 7095 MiB.
2026-10-01T19:55:42Z INFO [2329/2934] 12a03be7-9425-4e0c-b320-3f3687f83ccc: valid; 0.8 s; peak memory 7095 MiB.
2026-10-01T19:55:43Z INFO [2330/2934] 12a83e59-5394-451b-be66-ca0a9ba42b56: not valid; 1.1 s; peak memory 7095 MiB.
2026-10-01T19:55:44Z INFO [2331/2934] 12b9f0c0-fdf2-4fb2-ac74-d6836501a766: not valid; 0.9 s; peak memory 7095 MiB.
2026-10-01T19:55:45Z INFO [2332/2934] 12c4fb2d-d310-47d1-ad51-fea7cc73766c: not valid; 0.9 s; peak memory 7095 MiB.
2026-10-01T19:55:46Z INFO [2333/2934] 12f09d4b-6f25-4c4b-995f-b3931945cd76: not valid; 0.6 s; peak memory 7095 MiB.
2026-10-01T19:55:47Z INFO [2334/2934] 12f5c039-dbca-4eae-8aca-d7614e1d95f3: valid; 1.1 s; peak memory 7095 MiB.
2026-10-01T19:55:51Z INFO [2335/2934] 12f77be0-812d-4353-8b66-a640b0ca2a06: valid; 4.6 s; peak memory 7095 MiB.
2026-10-01T19:55:52Z INFO [2336/2934] 13024d94-7df4-43e6-9a54-a977cfa13b34: not valid; 0.7 s; peak memory 7095 MiB.
2026-10-01T19:55:53Z INFO [2337/2934] 130646b4-c7bd-471b-b229-3e4f94aeabb7: valid; 1.0 s; peak memory 7095 MiB.
2026-10-01T19:55:54Z INFO [2338/2934] 1321c20e-db14-405f-9591-0583bbc92e39: valid; 0.9 s; peak memory 7095 MiB.
2026-10-01T19:55:56Z WARNING 132eaf76-8cf3-42a4-8642-5d3d37d3856b: failed while opening the NWB file (ConstructError: (root/acquisition/_iblmic_audioSpectrogram/bands GroupBuilder {'attributes': {'colnames': array(['freq'], dtype=object), 'description': 'spectogram frequencies', 'namespace': 'core', 'neurodata_type': 'FrequencyBandsTable', 'object_id': '86cb2b09-fdf8-4d65-bf03-450ad934e9c3'}, 'groups': {}, 'datasets': {'freq': root/acquisition/_iblmic_audioSpectrogram/bands/freq DatasetBuilder {'attributes': {'description': 'frequency value', 'namespace': 'hdmf-common', 'neurodata_type': 'VectorData', 'object_id': '7d9f6787-2ef9-4d15-b332-843de0a0dfe9'}, 'data': <HDF5 dataset "freq": shape (257,), type "<f4">}, 'id': root/acquisition/_iblmic_audioSpectrogram/bands/id DatasetBuilder {'attributes': {'namespace': 'hdmf-common', 'neurodata_type': 'ElementIdentifiers', 'object_id': 'ebcbae94-6e89-4144-b749-b1b712da5c48'}, 'data': <HDF5 dataset "id": shape (257,), type "<i4">}}, 'links': {}}, "Could not construct FrequencyBandsTable object due to: column must have the same number of rows as 'id'"))
2026-10-01T19:55:57Z INFO [2340/2934] 133c1411-c600-4e55-8593-82db6f31723c: valid; 1.3 s; peak memory 7095 MiB.
2026-10-01T19:55:57Z INFO [2341/2934] 134d680b-7e70-49aa-ae10-31e92c6069f2: valid; 0.6 s; peak memory 7095 MiB.
2026-10-01T19:55:59Z INFO [2342/2934] 13589910-fdea-4251-b090-730b3ddcbbde: not valid; 1.3 s; peak memory 7095 MiB.
2026-10-01T19:56:00Z INFO [2343/2934] 1376f73e-f672-49b6-a3f3-932612bab56a: valid; 1.0 s; peak memory 7095 MiB.
2026-10-01T19:56:03Z INFO [2344/2934] 1378594b-45be-4a66-a4c8-a9ad750bdcfb: not valid; 3.4 s; peak memory 7095 MiB.
2026-10-01T19:56:04Z INFO [2345/2934] 13a3e65f-0572-4b7c-8c74-371812bef9ef: valid; 1.0 s; peak memory 7095 MiB.
2026-10-01T19:56:05Z INFO [2346/2934] 13b5513b-8127-4993-9072-05c65889fd28: valid; 0.8 s; peak memory 7095 MiB.
2026-10-01T19:56:22Z INFO [2347/2934] 13b8add1-6ea1-410c-8aca-a8ac8d0358d3: not valid; 17.3 s; peak memory 7095 MiB.
2026-10-01T19:56:23Z INFO [2348/2934] 13c8cd5b-bb6a-4a21-945a-023a0ed64e7b: not valid; 0.8 s; peak memory 7095 MiB.
2026-10-01T19:56:25Z INFO [2349/2934] 13d09544-3a58-4e30-9de7-685cc81c9de6: valid; 2.0 s; peak memory 7095 MiB.
2026-10-01T19:56:26Z INFO [2350/2934] 13d2fbfd-2fc0-4abb-b604-dbe21b58a569: valid; 1.4 s; peak memory 7095 MiB.
2026-10-01T19:56:27Z INFO [2350/2934] 13d2fbfd-2fc0-4abb-b604-dbe21b58a569: checkpointed 88010 records.
2026-10-01T19:56:28Z INFO [2351/2934] 13d7952d-8a31-4933-a2dc-7bab2ddf9d16: valid; 0.6 s; peak memory 7095 MiB.
2026-10-01T19:56:36Z INFO [2352/2934] 13e48d67-f189-448e-bae2-b8bad7689b59: valid; 8.4 s; peak memory 7095 MiB.
2026-10-01T19:56:39Z INFO [2353/2934] 13fa3c8f-7ebd-4710-8924-a355bca4462a: valid; 3.3 s; peak memory 7095 MiB.
2026-10-01T19:56:41Z INFO [2354/2934] 1414c3e9-c103-4063-9bd2-388d77afe285: not valid; 1.2 s; peak memory 7095 MiB.
2026-10-01T19:56:42Z INFO [2355/2934] 143e2f23-23bd-410d-9296-d1fbfc695ea4: valid; 1.6 s; peak memory 7095 MiB.
2026-10-01T19:56:43Z INFO [2356/2934] 1476802c-c5c2-46cc-b5ba-754a96015f2e: valid; 1.0 s; peak memory 7095 MiB.
2026-10-01T19:56:44Z INFO [2357/2934] 1484b539-74b2-4252-bd75-c1bc895e41b4: valid; 0.7 s; peak memory 7095 MiB.
2026-10-01T19:56:45Z INFO [2358/2934] 148591a6-5df4-4520-858a-2569912d573f: not valid; 1.2 s; peak memory 7095 MiB.
2026-10-01T19:56:46Z INFO [2359/2934] 14fbfd5d-2078-477e-bfec-a85879f8beb6: valid; 0.7 s; peak memory 7095 MiB.
2026-10-01T19:56:47Z INFO [2360/2934] 1509aa15-0aa0-4e57-9173-934e1da39953: valid; 0.9 s; peak memory 7095 MiB.
2026-10-01T19:56:47Z INFO [2361/2934] 152731e1-ac2a-486d-a068-af4ac03d77f0: valid; 0.8 s; peak memory 7095 MiB.
2026-10-01T19:56:49Z INFO [2362/2934] 153023d9-1c2d-4c1b-bc60-80b1e20628c8: valid; 1.6 s; peak memory 7095 MiB.
2026-10-01T19:56:51Z INFO [2363/2934] 155299e5-eba2-4250-9c55-a438ecf96f94: valid; 1.7 s; peak memory 7095 MiB.
2026-10-01T19:56:55Z INFO [2364/2934] 15535d20-57b6-430b-9e4a-d6c23154c350: valid; 3.8 s; peak memory 7095 MiB.
2026-10-01T19:56:56Z INFO [2365/2934] 159aef24-86b1-4233-b4cd-66bff3e03f01: not valid; 1.0 s; peak memory 7095 MiB.
2026-10-01T19:56:57Z INFO [2366/2934] 15e5b5e4-8aaf-486b-a894-f6ac3503ca65: not valid; 1.0 s; peak memory 7095 MiB.
2026-10-01T19:57:04Z INFO [2367/2934] 15fd4e4f-bf4f-43cc-8cff-83cb173671d7: valid; 7.6 s; peak memory 7095 MiB.
2026-10-01T19:57:05Z INFO [2368/2934] 16086e11-0d7f-450c-a22b-0839f3ecc7e2: valid; 1.2 s; peak memory 7095 MiB.
2026-10-01T19:57:06Z INFO [2369/2934] 163ec935-b32b-45a2-b6da-f150ed19c282: valid; 0.6 s; peak memory 7095 MiB.
2026-10-01T19:57:07Z INFO [2370/2934] 1665d3c2-ddb7-42f2-bcaf-e81de0131ff1: valid; 0.6 s; peak memory 7095 MiB.
2026-10-01T19:57:08Z INFO [2371/2934] 169051da-cc29-4f68-a4b8-83e105e83957: valid; 1.1 s; peak memory 7095 MiB.
2026-10-01T19:57:09Z INFO [2372/2934] 1698f7ff-d15a-42eb-a8c6-42a9a52d2a49: valid; 0.8 s; peak memory 7095 MiB.
2026-10-01T19:57:10Z INFO [2373/2934] 16a7f6b6-88c2-4de3-b7f6-70fe794f8678: valid; 1.8 s; peak memory 7095 MiB.
2026-10-01T19:57:16Z INFO [2374/2934] 16ad2a0f-f7df-4a2a-9c9d-bca41623e156: valid; 5.8 s; peak memory 7095 MiB.
2026-10-01T19:57:18Z INFO [2375/2934] 16b90068-e5e5-4ee3-9af8-f450f45aac99: not valid; 2.2 s; peak memory 7095 MiB.
2026-10-01T19:57:19Z INFO [2376/2934] 16e239e3-34e2-4ffd-8243-9824561ff753: valid; 1.1 s; peak memory 7095 MiB.
2026-10-01T19:57:24Z INFO [2377/2934] 170c3264-6079-4680-9c7a-b0cfb441f091: valid; 5.0 s; peak memory 7095 MiB.
2026-10-01T19:57:33Z INFO [2378/2934] 170efdf4-4259-410f-9c45-4fe6d7f6d0ae: valid; 8.6 s; peak memory 7095 MiB.
2026-10-01T19:57:34Z INFO [2379/2934] 171b79ea-be0c-46e1-991c-4d5e4eeb1098: valid; 1.0 s; peak memory 7095 MiB.
2026-10-01T19:57:35Z INFO [2380/2934] 17248754-e223-4396-bd90-99446fa725d8: valid; 1.3 s; peak memory 7095 MiB.
2026-10-01T19:57:37Z INFO [2381/2934] 176fab1b-7cca-44b7-8731-2891470d0e66: not valid; 1.2 s; peak memory 7095 MiB.
2026-10-01T19:57:37Z WARNING 178466fd-b12b-4b6e-86ec-68f26981837c: failed while retrieving asset information from the DANDI API (NotFoundError: No asset at path 'sub-parkinson-simulated-lfp/sub-parkinson-simulated-lfp_ses-4058_ecephys.nwb' in version 0.250327.2220. Verify the path is correct and the asset exists in this version. Use 'dandi ls' to list available assets.)
2026-10-01T19:57:48Z INFO [2383/2934] 17aa53c4-d636-463b-b776-13ca93d7a342: valid; 11.0 s; peak memory 7095 MiB.
2026-10-01T19:57:49Z INFO [2384/2934] 17de0664-f9dd-4ea6-8d4a-f30f12232a20: valid; 1.8 s; peak memory 7095 MiB.
2026-10-01T19:57:55Z INFO [2385/2934] 17e33045-68e3-4a09-91db-054a67ba606e: valid; 5.4 s; peak memory 7095 MiB.
2026-10-01T19:57:56Z WARNING 17fa186a-91b0-49e4-9fb9-e433b5e4ffca: failed while opening the NWB file (ConstructError: (root/acquisition/_iblmic_audioSpectrogram/bands GroupBuilder {'attributes': {'colnames': array(['freq'], dtype=object), 'description': 'spectogram frequencies', 'namespace': 'core', 'neurodata_type': 'FrequencyBandsTable', 'object_id': '5a316826-a148-4436-b45d-88b4afd60935'}, 'groups': {}, 'datasets': {'freq': root/acquisition/_iblmic_audioSpectrogram/bands/freq DatasetBuilder {'attributes': {'description': 'frequency value', 'namespace': 'hdmf-common', 'neurodata_type': 'VectorData', 'object_id': '410d0da0-9158-4d30-80b8-311560359bfc'}, 'data': <HDF5 dataset "freq": shape (257,), type "<f4">}, 'id': root/acquisition/_iblmic_audioSpectrogram/bands/id DatasetBuilder {'attributes': {'namespace': 'hdmf-common', 'neurodata_type': 'ElementIdentifiers', 'object_id': '4a95def0-580e-4dba-b46c-f5423cace6e2'}, 'data': <HDF5 dataset "id": shape (257,), type "<i4">}}, 'links': {}}, "Could not construct FrequencyBandsTable object due to: column must have the same number of rows as 'id'"))
2026-10-01T19:57:57Z INFO [2387/2934] 17fbd859-db2a-4fc8-b1f1-1681df016953: valid; 0.8 s; peak memory 7095 MiB.
2026-10-01T19:57:58Z INFO [2388/2934] 17fc613a-63c2-4024-aa72-448571c39b91: not valid; 1.0 s; peak memory 7095 MiB.
2026-10-01T19:58:01Z INFO [2389/2934] 183a47b8-0621-4af2-880d-8c72e5148bd8: valid; 3.2 s; peak memory 7095 MiB.
2026-10-01T19:58:02Z INFO [2390/2934] 185bb3c5-b7fe-499a-a0e2-d5701e557c12: not valid; 1.4 s; peak memory 7095 MiB.
2026-10-01T19:58:03Z INFO [2391/2934] 18602d93-3a78-4ccd-9929-063422564bff: valid; 0.8 s; peak memory 7095 MiB.
2026-10-01T19:58:04Z INFO [2392/2934] 18d07e38-deaf-4882-adc2-0fda4c1f4ac1: valid; 0.6 s; peak memory 7095 MiB.
2026-10-01T19:58:05Z INFO [2393/2934] 18e88675-1a5a-4475-9983-fc00816c25bb: valid; 1.2 s; peak memory 7095 MiB.
2026-10-01T19:58:06Z INFO [2394/2934] 190c3c13-38da-4eab-aa6e-814067cda32c: valid; 1.0 s; peak memory 7095 MiB.
2026-10-01T19:58:07Z INFO [2395/2934] 19232a01-c631-40d1-b9b5-3ab0338dc899: valid; 0.7 s; peak memory 7095 MiB.
2026-10-01T19:58:07Z INFO [2396/2934] 192d0b2e-6b87-40cf-8716-9cf401d3542c: valid; 0.7 s; peak memory 7095 MiB.
2026-10-01T19:58:11Z INFO [2397/2934] 1933393b-035d-41c0-ba4f-d201e5c892c8: valid; 3.9 s; peak memory 7095 MiB.
2026-10-01T19:58:12Z INFO [2398/2934] 194d5de2-64bf-4fbd-bcf8-4b63684a3e94: valid; 1.2 s; peak memory 7095 MiB.
2026-10-01T19:58:14Z INFO [2399/2934] 198e5281-a5ea-43e4-a92f-d5b8b7fdae8a: valid; 1.7 s; peak memory 7095 MiB.
2026-10-01T19:58:18Z INFO [2400/2934] 1996f8c8-376d-4568-b04c-99c963050f3a: valid; 4.1 s; peak memory 7095 MiB.
2026-10-01T19:58:19Z INFO [2400/2934] 1996f8c8-376d-4568-b04c-99c963050f3a: checkpointed 88010 records.
2026-10-01T19:58:20Z WARNING 19b948fe-069e-4da8-b7c8-3cbc7dc5cf79: failed while opening the NWB file (ConstructError: (root/acquisition/event_code_meanings GroupBuilder {'attributes': {'colnames': array(['value', 'meaning'], dtype=object), 'description': 'Mapping integer event codes to event labels', 'namespace': 'ndx-events', 'neurodata_type': 'MeaningsTable', 'object_id': 'd786aba6-f1e2-47ab-b278-fe9738d8666d'}, 'groups': {}, 'datasets': {'id': root/acquisition/event_code_meanings/id DatasetBuilder {'attributes': {'namespace': 'hdmf-common', 'neurodata_type': 'ElementIdentifiers', 'object_id': '39493d17-389b-4b5b-b7d6-877acb6a41f6'}, 'data': <HDF5 dataset "id": shape (26,), type "<i8">}, 'meaning': root/acquisition/event_code_meanings/meaning DatasetBuilder {'attributes': {'description': 'The meaning of the value in the parent CategoricalVectorData object.', 'namespace': 'hdmf-experimental', 'neurodata_type': 'VectorData', 'object_id': '36a43e73-77d8-437f-9dc8-fef311c09875'}, 'data': <StrDataset for HDF5 dataset "meaning": shape (26,), type "|O">}, 'value': root/acquisition/event_code_meanings/value DatasetBuilder {'attributes': {'description': 'The value of the parent CategoricalVectorData object.', 'namespace': 'hdmf-experimental', 'neurodata_type': 'VectorData', 'object_id': '1982de0b-d8cd-4beb-9cac-ceb561813a8a'}, 'data': <HDF5 dataset "value": shape (26,), type "<i8">}}, 'links': {}}, "Could not construct MeaningsTable object due to: MeaningsTable.__init__: missing argument 'target'"))
2026-10-01T19:58:21Z INFO [2402/2934] 19bc3c64-97de-47d7-8fed-583c276ddc7e: valid; 1.3 s; peak memory 7095 MiB.
2026-10-01T19:58:22Z INFO [2403/2934] 19c307ab-926c-41dd-8f07-f73afbaeea8e: valid; 0.8 s; peak memory 7095 MiB.
2026-10-01T19:58:24Z INFO [2404/2934] 19d8d7d3-9543-4f17-9948-b1b0bfc3d309: valid; 2.0 s; peak memory 7095 MiB.
2026-10-01T19:58:30Z INFO [2405/2934] 19d94025-4eeb-44fc-8117-5e406658e7ce: valid; 5.6 s; peak memory 7095 MiB.
2026-10-01T19:58:31Z INFO [2406/2934] 19e41f6e-fb74-46f5-9044-7428d8b317d0: valid; 1.6 s; peak memory 7095 MiB.
2026-10-01T19:58:32Z INFO [2407/2934] 19f1451d-cb68-4484-b34f-e951738ecfcd: not valid; 0.8 s; peak memory 7095 MiB.
2026-10-01T19:58:38Z INFO [2408/2934] 1a2636d1-4874-4dda-88f7-f75941575787: valid; 6.0 s; peak memory 7095 MiB.
2026-10-01T19:58:39Z INFO [2409/2934] 1a26742b-9f07-4757-ad96-8539a9035f07: not valid; 1.0 s; peak memory 7095 MiB.
2026-10-01T19:59:40Z INFO [2410/2934] 1a28a55c-959a-43e4-9552-14c3e9ca6668: valid; 60.9 s; peak memory 7095 MiB.
2026-10-01T19:59:41Z INFO [2411/2934] 1a2ef7c8-6a66-441f-9869-3ebc61608ef4: valid; 0.9 s; peak memory 7095 MiB.
2026-10-01T19:59:42Z INFO [2412/2934] 1a3738f0-bb5c-4760-85db-2d6abb0c08d4: not valid; 1.1 s; peak memory 7095 MiB.
2026-10-01T19:59:46Z INFO [2413/2934] 1a60f386-ac3b-4c83-9e92-8692f0c1bce5: not valid; 3.9 s; peak memory 7095 MiB.
2026-10-01T19:59:47Z WARNING 1aa8a025-0504-4f16-a5ef-6f9fae627dbc: failed while opening the NWB file (ConstructError: (root/acquisition/_iblmic_audioSpectrogram/bands GroupBuilder {'attributes': {'colnames': array(['freq'], dtype=object), 'description': 'spectogram frequencies', 'namespace': 'core', 'neurodata_type': 'FrequencyBandsTable', 'object_id': '22163fa9-0e95-4d5f-9860-0d2ffbddc511'}, 'groups': {}, 'datasets': {'freq': root/acquisition/_iblmic_audioSpectrogram/bands/freq DatasetBuilder {'attributes': {'description': 'frequency value', 'namespace': 'hdmf-common', 'neurodata_type': 'VectorData', 'object_id': '745703e7-26ad-4471-bae8-19aa4dc8ee95'}, 'data': <HDF5 dataset "freq": shape (257,), type "<f4">}, 'id': root/acquisition/_iblmic_audioSpectrogram/bands/id DatasetBuilder {'attributes': {'namespace': 'hdmf-common', 'neurodata_type': 'ElementIdentifiers', 'object_id': '12fb05d3-9fff-4507-a0e6-57b1c4a42700'}, 'data': <HDF5 dataset "id": shape (257,), type "<i4">}}, 'links': {}}, "Could not construct FrequencyBandsTable object due to: column must have the same number of rows as 'id'"))
2026-10-01T19:59:48Z INFO [2415/2934] 1ac09a5c-14c1-4af7-997b-2c7e769ae492: valid; 0.8 s; peak memory 7095 MiB.
2026-10-01T19:59:49Z WARNING 1acc329d-ad46-4bba-9c12-83e8835f5a3a: failed while opening the NWB file (ConstructError: (root/acquisition/_iblmic_audioSpectrogram/bands GroupBuilder {'attributes': {'colnames': array(['freq'], dtype=object), 'description': 'spectogram frequencies', 'namespace': 'core', 'neurodata_type': 'FrequencyBandsTable', 'object_id': 'df6e76cd-df7b-4541-8d19-a1add1f26c69'}, 'groups': {}, 'datasets': {'freq': root/acquisition/_iblmic_audioSpectrogram/bands/freq DatasetBuilder {'attributes': {'description': 'frequency value', 'namespace': 'hdmf-common', 'neurodata_type': 'VectorData', 'object_id': 'dfacb481-4515-4639-b7f6-28694bdbe5d1'}, 'data': <HDF5 dataset "freq": shape (257,), type "<f4">}, 'id': root/acquisition/_iblmic_audioSpectrogram/bands/id DatasetBuilder {'attributes': {'namespace': 'hdmf-common', 'neurodata_type': 'ElementIdentifiers', 'object_id': 'f7fc3d93-643e-4dc2-8db8-670a97c57c2e'}, 'data': <HDF5 dataset "id": shape (257,), type "<i4">}}, 'links': {}}, "Could not construct FrequencyBandsTable object due to: column must have the same number of rows as 'id'"))
2026-10-01T19:59:53Z INFO [2417/2934] 1afbccdb-bc6e-4b4f-97ec-1f4b65ea9f13: valid; 4.0 s; peak memory 7095 MiB.
2026-10-01T19:59:59Z INFO [2418/2934] 1b014dc5-4fe0-46c2-b9f0-ce7d0cb92c96: valid; 6.4 s; peak memory 7095 MiB.
2026-10-01T20:00:00Z INFO [2419/2934] 1b064b6d-fe03-44bf-a759-6e72fdd45a33: valid; 0.7 s; peak memory 7095 MiB.
2026-10-01T20:00:00Z INFO [2420/2934] 1b07703f-ce62-469c-bd41-c9f44a41b84a: valid; 0.4 s; peak memory 7095 MiB.
2026-10-01T20:00:06Z INFO [2421/2934] 1b22c9d4-9ea3-491f-9302-341911ebaac8: valid; 5.9 s; peak memory 7095 MiB.
2026-10-01T20:00:07Z INFO [2422/2934] 1b22e9c7-3357-45c3-a8e0-eda9a70a672c: valid; 0.7 s; peak memory 7095 MiB.
2026-10-01T20:00:08Z INFO [2423/2934] 1b468764-9ab8-4c3a-91ca-e2cac3ed4c08: not valid; 1.2 s; peak memory 7095 MiB.
2026-10-01T20:00:10Z INFO [2424/2934] 1b83cc76-0112-411d-a982-e985330dfaef: valid; 2.1 s; peak memory 7095 MiB.
2026-10-01T20:00:11Z INFO [2425/2934] 1bbbc773-6456-436d-8252-02559d8538cf: not valid; 0.6 s; peak memory 7095 MiB.
2026-10-01T20:00:12Z INFO [2426/2934] 1c249fb2-f9fc-40cd-a58a-f7a16ea3e25a: valid; 1.1 s; peak memory 7095 MiB.
2026-10-01T20:00:14Z INFO [2427/2934] 1c4be155-744e-4d0f-843c-056928f34566: valid; 1.7 s; peak memory 7095 MiB.
2026-10-01T20:00:14Z INFO [2428/2934] 1c501d0b-9949-4b14-9ec0-2f3559ee9dfb: valid; 0.6 s; peak memory 7095 MiB.
2026-10-01T20:00:15Z INFO [2429/2934] 1c9411ed-1474-44b8-ac18-09e66e7ce1dd: valid; 1.2 s; peak memory 7095 MiB.
2026-10-01T20:00:20Z INFO [2430/2934] 1c97e9d6-c2df-4d15-b497-4eaa982b3e05: valid; 4.6 s; peak memory 7095 MiB.
2026-10-01T20:00:21Z INFO [2431/2934] 1ca9d08a-b586-4327-9b4d-598e4e7369d5: valid; 0.5 s; peak memory 7095 MiB.
2026-10-01T20:00:24Z INFO [2432/2934] 1cacc1b2-9584-4d83-963a-0d5e1b271cbc: not valid; 3.1 s; peak memory 7095 MiB.
2026-10-01T20:00:24Z INFO [2433/2934] 1d096fff-57f0-4e32-8456-4a6f5f178198: valid; 0.7 s; peak memory 7095 MiB.
2026-10-01T20:00:26Z INFO [2434/2934] 1d14f0bc-ee95-4670-b243-94aa96e0bc5b: valid; 1.2 s; peak memory 7095 MiB.
2026-10-01T20:00:27Z INFO [2435/2934] 1d1a2418-583d-4d09-a6f4-39572d0f5e5f: valid; 1.8 s; peak memory 7095 MiB.
2026-10-01T20:00:30Z INFO [2436/2934] 1d4880dc-cea5-4af2-8f34-0a5b4b0e499b: valid; 2.7 s; peak memory 7095 MiB.
2026-10-01T20:00:31Z INFO [2437/2934] 1d63fd3f-93d3-4b98-a7c0-352ab8b15696: valid; 0.5 s; peak memory 7095 MiB.
2026-10-01T20:00:31Z INFO [2438/2934] 1d7687e2-a853-4b01-a0de-d5ee6569bce0: valid; 0.7 s; peak memory 7095 MiB.
2026-10-01T20:00:32Z WARNING 1d81e38f-d27d-47a3-a40b-eb4edbd4d26a: failed while opening the NWB file (ConstructError: (root/general/optogenetics/PatternedOptogeneticStimulusSite GroupBuilder {'attributes': {'effector': 'GUR-3/PRDX-2', 'namespace': 'ndx-patterned-ogen', 'neurodata_type': 'PatternedOptogeneticStimulusSite', 'object_id': 'c9e73867-ece7-4faf-a7a4-f3e3e9cfd61a'}, 'groups': {}, 'datasets': {'description': root/general/optogenetics/PatternedOptogeneticStimulusSite/description DatasetBuilder {'attributes': {}, 'data': 'Scanning'}, 'excitation_lambda': root/general/optogenetics/PatternedOptogeneticStimulusSite/excitation_lambda DatasetBuilder {'attributes': {}, 'data': np.float64(850.0)}, 'location': root/general/optogenetics/PatternedOptogeneticStimulusSite/location DatasetBuilder {'attributes': {}, 'data': 'whole brain'}}, 'links': {'device': root/general/optogenetics/PatternedOptogeneticStimulusSite/device LinkBuilder {'builder': root/general/devices/OptogeneticDevice GroupBuilder {'attributes': {'description': '', 'namespace': 'core', 'neurodata_type': 'Device', 'object_id': '041dd9d9-c92e-415c-9a6e-9dd701e0c587'}, 'groups': {}, 'datasets': {}, 'links': {}}}, 'light_source': root/general/optogenetics/PatternedOptogeneticStimulusSite/light_source LinkBuilder {'builder': root/general/devices/AmplifiedLaser GroupBuilder {'attributes': {'description': 'For two-photon optogenetic targeting, we used an optical parametric amplifier (OPA; Light Conversion ORPHEUS) pumped by a femtosecond amplified laser (Light Conversion PHAROS).', 'filter_description': 'Short pass at 1040 nm', 'manufacturer': 'Light Conversion', 'model': 'ORPHEUS amplifier and PHAROS laser', 'namespace': 'ndx-patterned-ogen', 'neurodata_type': 'LightSource', 'object_id': '8a6ff968-f9e8-4568-98cc-c2237f4ad3c8', 'peak_power_in_W': np.float64(0.0012), 'pulse_rate_in_Hz': np.float64(500000.0), 'stimulation_wavelength_in_nm': np.float64(850.0)}, 'groups': {}, 'datasets': {}, 'links': {}}}}}, "Could not construct PatternedOptogeneticStimulusSite object due to: CustomClassGenerator.set_init.<locals>.__init__: incorrect type for 'spatial_light_modulator' (got 'list', expected 'Device')"))
2026-10-01T20:00:34Z INFO [2440/2934] 1da64437-cb43-4177-9b33-e2a1d06b1db7: valid; 1.4 s; peak memory 7095 MiB.
2026-10-01T20:00:35Z INFO [2441/2934] 1db760f1-ca5b-44a6-80ba-d583d0545521: valid; 0.7 s; peak memory 7095 MiB.
2026-10-01T20:00:36Z INFO [2442/2934] 1dd0870c-294e-4af4-874d-3fc51b5ade12: valid; 1.0 s; peak memory 7095 MiB.
2026-10-01T20:00:36Z INFO [2443/2934] 1de0ba3f-ca5b-4aa3-995f-1861e0d53204: valid; 0.9 s; peak memory 7095 MiB.
2026-10-01T20:00:38Z INFO [2444/2934] 1dece3a2-c977-4907-8641-f9d00e6481fa: not valid; 1.1 s; peak memory 7095 MiB.
2026-10-01T20:00:40Z INFO [2445/2934] 1e19f169-8ff3-4a0b-835f-c7d473b69a2f: valid; 2.2 s; peak memory 7095 MiB.
2026-10-01T20:00:58Z INFO [2446/2934] 1e22306a-7a15-40a1-8154-ecd719274f46: valid; 18.4 s; peak memory 7095 MiB.
2026-10-01T20:00:59Z INFO [2447/2934] 1e364d96-2839-43c5-a225-85616d9ec902: not valid; 1.2 s; peak memory 7095 MiB.
2026-10-01T20:01:00Z INFO [2448/2934] 1e364e47-9d64-4541-b5a7-58f6a0b1c315: not valid; 0.9 s; peak memory 7095 MiB.
2026-10-01T20:01:01Z INFO [2449/2934] 1e4851e1-1404-447b-9f5c-f346ec0b1a2d: valid; 1.1 s; peak memory 7095 MiB.
2026-10-01T20:01:03Z INFO [2450/2934] 1e67c8a5-b907-41f8-810e-dd37cc9d0e32: valid; 1.3 s; peak memory 7095 MiB.
2026-10-01T20:01:03Z INFO [2450/2934] 1e67c8a5-b907-41f8-810e-dd37cc9d0e32: checkpointed 88010 records.
2026-10-01T20:01:07Z INFO [2451/2934] 1e7a45ed-1b03-4a52-8627-06c256959273: not valid; 3.4 s; peak memory 7095 MiB.
2026-10-01T20:01:07Z WARNING 1e822754-92e4-4230-89a5-6a07a2840351: failed while retrieving asset information from the DANDI API (NotFoundError: No such Dandiset: 000948)
2026-10-01T20:01:08Z INFO [2453/2934] 1e9457a6-9f1c-443d-b1ef-3ea2463e47c4: valid; 1.4 s; peak memory 7095 MiB.
2026-10-01T20:01:15Z INFO [2454/2934] 1ee40837-1b3c-4de4-9045-7b1e200c382d: valid; 7.3 s; peak memory 7095 MiB.
2026-10-01T20:01:25Z INFO [2455/2934] 1efe268e-8181-4afc-867c-3d86b1f0c574: valid; 10.1 s; peak memory 7095 MiB.
2026-10-01T20:01:26Z INFO [2456/2934] 1f50b095-0b23-4a8b-af14-e25688b8b67a: not valid; 0.9 s; peak memory 7095 MiB.
2026-10-01T20:01:28Z INFO [2457/2934] 1f73ba66-c14d-4978-ba7f-ba52936eca9f: valid; 1.7 s; peak memory 7095 MiB.
2026-10-01T20:01:35Z INFO [2458/2934] 1fbae529-6293-4c8e-8fd5-a79899772713: valid; 6.9 s; peak memory 7095 MiB.
2026-10-01T20:01:38Z INFO [2459/2934] 1fd8a0fd-ccc1-4491-8e73-1a65439abdc3: valid; 3.6 s; peak memory 7095 MiB.
2026-10-01T20:01:40Z INFO [2460/2934] 1fe83791-11c3-4307-850c-07b39cffb87b: valid; 1.4 s; peak memory 7095 MiB.
2026-10-01T20:01:45Z INFO [2461/2934] 1ffa073b-773c-435f-bb50-a39f691879f1: valid; 5.6 s; peak memory 7095 MiB.
2026-10-01T20:01:46Z INFO [2462/2934] 1ffceb51-1a5d-43fb-97d0-2ffeec1b897a: valid; 0.7 s; peak memory 7095 MiB.
2026-10-01T20:01:47Z INFO [2463/2934] 200d69a3-8cab-4765-b5db-939a4f7259fe: valid; 0.9 s; peak memory 7095 MiB.
2026-10-01T20:01:49Z INFO [2464/2934] 201fd883-b4c6-482a-9f60-4a5b6744299f: valid; 2.1 s; peak memory 7095 MiB.
2026-10-01T20:01:50Z INFO [2465/2934] 20493081-a21c-438a-ab9d-0fb4b447a4a7: not valid; 1.2 s; peak memory 7095 MiB.
2026-10-01T20:01:52Z INFO [2466/2934] 2049bc82-9046-41f8-8e96-1879d5a4c26e: valid; 1.3 s; peak memory 7095 MiB.
2026-10-01T20:01:52Z INFO [2467/2934] 2067c79d-707f-40a2-ac59-4807fc7ff817: valid; 0.9 s; peak memory 7095 MiB.
2026-10-01T20:01:56Z INFO [2468/2934] 209ea635-9aa0-46bd-b145-adb6a3219015: valid; 3.4 s; peak memory 7095 MiB.
2026-10-01T20:01:57Z INFO [2469/2934] 20ca7112-dc0e-4ac2-802f-9c3ba55854e4: valid; 0.9 s; peak memory 7095 MiB.
2026-10-01T20:01:58Z INFO [2470/2934] 20d6be14-d2e5-4080-ab7b-c06a4aa51b96: valid; 1.3 s; peak memory 7095 MiB.
2026-10-01T20:02:02Z INFO [2471/2934] 20df3241-ea75-411d-a4e0-2c527763dda6: valid; 3.6 s; peak memory 7095 MiB.
2026-10-01T20:02:03Z INFO [2472/2934] 20f98db4-e05d-449d-8358-826936fbe7f0: not valid; 1.1 s; peak memory 7095 MiB.
2026-10-01T20:02:05Z INFO [2473/2934] 21087e10-c348-455d-a730-b3b466bd859c: valid; 2.1 s; peak memory 7095 MiB.
2026-10-01T20:02:05Z INFO [2474/2934] 212e6063-bc76-4f5e-b63b-2e689ae0c086: valid; 0.7 s; peak memory 7095 MiB.
2026-10-01T20:02:06Z INFO [2475/2934] 21323157-215f-4e64-9b1e-50c261ffdd88: not valid; 0.9 s; peak memory 7095 MiB.
2026-10-01T20:02:07Z INFO [2476/2934] 2146e18f-a605-4b3f-a521-690c478219c4: valid; 0.7 s; peak memory 7095 MiB.
2026-10-01T20:02:09Z INFO [2477/2934] 218249e9-39fd-4813-baf4-f00789ac3972: not valid; 2.3 s; peak memory 7095 MiB.
2026-10-01T20:02:10Z INFO [2478/2934] 219d2bee-92f0-4f97-a4f4-046c07af6b69: not valid; 1.1 s; peak memory 7095 MiB.
2026-10-01T20:02:12Z INFO [2479/2934] 219d76be-41ce-4d5f-8132-ea388f3438e1: valid; 1.0 s; peak memory 7095 MiB.
2026-10-01T20:02:17Z INFO [2480/2934] 21a437f6-40e9-4b2b-9fbd-003dc969e850: valid; 5.8 s; peak memory 7095 MiB.
2026-10-01T20:02:21Z INFO [2481/2934] 21eaeeea-a54b-41fe-a809-fcb5a9dedf81: valid; 3.6 s; peak memory 7095 MiB.
2026-10-01T20:02:22Z WARNING 21f4264e-b58c-42ab-b7b4-e87ab1bf7ad8: failed while opening the NWB file (ConstructError: (root/acquisition/_iblmic_audioSpectrogram/bands GroupBuilder {'attributes': {'colnames': array(['freq'], dtype=object), 'description': 'spectogram frequencies', 'namespace': 'core', 'neurodata_type': 'FrequencyBandsTable', 'object_id': '3ea26b5e-9104-4c0c-add7-46ac000b3dcd'}, 'groups': {}, 'datasets': {'freq': root/acquisition/_iblmic_audioSpectrogram/bands/freq DatasetBuilder {'attributes': {'description': 'frequency value', 'namespace': 'hdmf-common', 'neurodata_type': 'VectorData', 'object_id': '3673bf34-5cc0-4580-a6f5-5ab092558a50'}, 'data': <HDF5 dataset "freq": shape (257,), type "<f4">}, 'id': root/acquisition/_iblmic_audioSpectrogram/bands/id DatasetBuilder {'attributes': {'namespace': 'hdmf-common', 'neurodata_type': 'ElementIdentifiers', 'object_id': 'ce793d5a-74ad-49ab-be6b-b8945e44d510'}, 'data': <HDF5 dataset "id": shape (257,), type "<i4">}}, 'links': {}}, "Could not construct FrequencyBandsTable object due to: column must have the same number of rows as 'id'"))
2026-10-01T20:02:23Z INFO [2483/2934] 220f1ecb-c8c3-47bb-b1e5-4a40d0bc8cf8: not valid; 0.8 s; peak memory 7095 MiB.
2026-10-01T20:02:23Z INFO [2484/2934] 2220658d-de50-419c-bb3c-412d755bae28: not valid; 0.8 s; peak memory 7095 MiB.
2026-10-01T20:02:23Z WARNING 224f39c2-c08d-48a3-8eb2-9c7ad3c93383: failed while retrieving asset information from the DANDI API (NotFoundError: No asset at path 'sub-parkinson-simulated-beta/sub-parkinson-simulated-beta_ses-5387_ecephys.nwb' in version 0.250327.2220. Verify the path is correct and the asset exists in this version. Use 'dandi ls' to list available assets.)
2026-10-01T20:02:24Z INFO [2486/2934] 22604fa8-928d-4373-bda3-075d8d09e9d4: valid; 0.8 s; peak memory 7095 MiB.
2026-10-01T20:02:25Z INFO [2487/2934] 22627eb6-39b9-4bd0-9079-b71cd549d3a8: valid; 0.5 s; peak memory 7095 MiB.
2026-10-01T20:02:26Z INFO [2488/2934] 2288a0b0-5247-4bf6-9c71-72d2d914122a: valid; 1.3 s; peak memory 7095 MiB.
2026-10-01T20:02:27Z INFO [2489/2934] 2292f3aa-e7f8-40f9-95bf-35f66f557cd7: not valid; 1.1 s; peak memory 7095 MiB.
2026-10-01T20:02:28Z INFO [2490/2934] 2297a7cf-820f-4aac-8edb-c122165d4de2: valid; 0.8 s; peak memory 7095 MiB.
2026-10-01T20:02:29Z INFO [2491/2934] 2298561c-41c6-4b28-968a-cb1a1ead14b2: valid; 0.6 s; peak memory 7095 MiB.
2026-10-01T20:02:29Z INFO [2492/2934] 229f062c-57ac-49ff-a9f2-fc9db5a4c07b: valid; 0.6 s; peak memory 7095 MiB.
2026-10-01T20:02:30Z INFO [2493/2934] 22a2729c-2c1d-4a23-acc2-acad9c33190b: not valid; 1.0 s; peak memory 7095 MiB.
2026-10-01T20:02:31Z INFO [2494/2934] 22bec976-88ec-47a2-82df-ade82815fda6: valid; 0.6 s; peak memory 7095 MiB.
2026-10-01T20:02:32Z INFO [2495/2934] 22c01e08-242d-43ac-994d-0eb8d59164b3: valid; 1.1 s; peak memory 7095 MiB.
2026-10-01T20:02:33Z INFO [2496/2934] 22d4f45d-23db-440c-bdd0-7e743b318e43: valid; 1.0 s; peak memory 7095 MiB.
2026-10-01T20:02:36Z INFO [2497/2934] 2300dd65-d430-489f-8c5f-983d89b2ae5b: valid; 3.1 s; peak memory 7095 MiB.
2026-10-01T20:02:36Z WARNING 233cbdd2-54c2-40ba-924f-1244b6592ad2: failed while retrieving asset information from the DANDI API (NotFoundError: No such Dandiset: 000948)
2026-10-01T20:02:37Z INFO [2499/2934] 233ed3fc-b368-4ea5-9d2d-b08014938c41: valid; 0.9 s; peak memory 7095 MiB.
2026-10-01T20:02:39Z INFO [2500/2934] 2344355e-409b-438c-ae38-ff4ca9b740e0: valid; 1.7 s; peak memory 7095 MiB.
2026-10-01T20:02:39Z INFO [2500/2934] 2344355e-409b-438c-ae38-ff4ca9b740e0: checkpointed 88010 records.
2026-10-01T20:02:40Z INFO [2501/2934] 235b1bce-e26e-40e1-a529-a540d1d7c864: valid; 0.7 s; peak memory 7095 MiB.
2026-10-01T20:02:41Z INFO [2502/2934] 235f5fe9-7d88-4bb3-9531-7ca447a6f0e0: not valid; 0.9 s; peak memory 7095 MiB.
2026-10-01T20:03:14Z INFO [2503/2934] 23823e6e-4e60-4552-8bd6-de6ad9bcdfa2: valid; 33.4 s; peak memory 7095 MiB.
2026-10-01T20:03:15Z INFO [2504/2934] 2394d3d8-43c7-4978-b716-a1d844cf6362: not valid; 0.9 s; peak memory 7095 MiB.
2026-10-01T20:03:16Z INFO [2505/2934] 23972d00-366f-4e0b-94fb-2eace2edeabe: valid; 0.7 s; peak memory 7095 MiB.
2026-10-01T20:03:17Z INFO [2506/2934] 23b55740-5884-4740-942a-cfd14e2fe17f: not valid; 1.0 s; peak memory 7095 MiB.
2026-10-01T20:03:18Z INFO [2507/2934] 23c2ddb7-9f36-46c0-b375-db6d6b57e647: not valid; 1.0 s; peak memory 7095 MiB.
2026-10-01T20:03:19Z INFO [2508/2934] 23e569fa-ab8b-4824-884c-a4cedec1842e: valid; 1.1 s; peak memory 7095 MiB.
2026-10-01T20:03:22Z INFO [2509/2934] 23fea3ca-6790-4610-9938-47056f7014c6: valid; 2.5 s; peak memory 7095 MiB.
2026-10-01T20:03:23Z INFO [2510/2934] 246621ca-0c96-49db-8aa2-5aa763916307: valid; 1.1 s; peak memory 7095 MiB.
2026-10-01T20:03:24Z INFO [2511/2934] 249b9f15-4984-4b1f-8a3c-394ebdca3418: not valid; 0.8 s; peak memory 7095 MiB.
2026-10-01T20:03:25Z INFO [2512/2934] 249f561c-b9ae-49d7-a140-f35f2835c2c9: valid; 1.0 s; peak memory 7095 MiB.
2026-10-01T20:03:26Z INFO [2513/2934] 24d390df-f765-4cbd-9c3e-18f4f0df7746: valid; 1.7 s; peak memory 7095 MiB.
2026-10-01T20:03:27Z INFO [2514/2934] 24d7a9b2-a970-4fd7-951f-7f41c20d369e: valid; 1.1 s; peak memory 7095 MiB.
2026-10-01T20:03:41Z INFO [2515/2934] 24fe8d4e-f2ac-49be-b719-d5691e88a512: valid; 13.3 s; peak memory 7095 MiB.
2026-10-01T20:03:42Z INFO [2516/2934] 2504499a-740d-47ab-804d-0da95150a47f: valid; 1.7 s; peak memory 7095 MiB.
2026-10-01T20:03:44Z INFO [2517/2934] 2523f31c-b2fb-4e9a-b3f0-5eb69b19a768: valid; 1.2 s; peak memory 7095 MiB.
2026-10-01T20:03:45Z INFO [2518/2934] 2524e7c0-df30-4195-a85b-8881886aaf1d: not valid; 1.0 s; peak memory 7095 MiB.
2026-10-01T20:03:46Z INFO [2519/2934] 252d1c6d-d7cc-46cc-a15f-bd3194d617d1: valid; 1.7 s; peak memory 7095 MiB.
2026-10-01T20:03:47Z INFO [2520/2934] 25350d26-5222-4b8e-aa94-964b31cb0d34: valid; 0.9 s; peak memory 7095 MiB.
2026-10-01T20:03:49Z INFO [2521/2934] 25474ab8-8de7-477b-886c-771631037709: not valid; 2.1 s; peak memory 7095 MiB.
2026-10-01T20:03:51Z INFO [2522/2934] 25568fef-967a-4c65-9577-707aba324e89: valid; 2.0 s; peak memory 7095 MiB.
2026-10-01T20:03:52Z INFO [2523/2934] 255ae28d-775f-4768-a8fa-e789a92c16c6: valid; 0.9 s; peak memory 7095 MiB.
2026-10-01T20:03:53Z INFO [2524/2934] 25707efa-a05f-45c6-8abb-34600b31b5c3: valid; 1.0 s; peak memory 7095 MiB.
2026-10-01T20:03:54Z INFO [2525/2934] 2576d27e-156c-47bc-94b5-3d4b150b7204: valid; 1.1 s; peak memory 7095 MiB.
2026-10-01T20:04:01Z INFO [2526/2934] 2592183b-52f9-4e5b-b5f7-65b427437017: valid; 7.1 s; peak memory 7095 MiB.
2026-10-01T20:04:05Z INFO [2527/2934] 25aab993-6522-48d9-8c58-17d8a248b000: valid; 3.2 s; peak memory 7095 MiB.
2026-10-01T20:04:06Z INFO [2528/2934] 25b65edb-4d09-497c-8ed7-917831b5bbfc: valid; 1.1 s; peak memory 7095 MiB.
2026-10-01T20:04:07Z INFO [2529/2934] 25eca034-ebe3-46ad-9c40-cb8e2d591ab0: valid; 1.0 s; peak memory 7095 MiB.
2026-10-01T20:04:07Z INFO [2530/2934] 25ed0fb6-ba33-4b2e-8216-7af876de020c: valid; 0.6 s; peak memory 7095 MiB.
2026-10-01T20:04:09Z INFO [2531/2934] 26110193-31d6-44b8-a462-f11d8d76365b: valid; 1.5 s; peak memory 7095 MiB.
2026-10-01T20:04:10Z INFO [2532/2934] 262868bc-4bc0-46a3-9b05-03e34680f71e: valid; 0.9 s; peak memory 7095 MiB.
2026-10-01T20:04:25Z INFO [2533/2934] 269dcc7d-3f0f-47e1-a6f1-d8c4d15e69b9: valid; 15.1 s; peak memory 7095 MiB.
2026-10-01T20:04:27Z INFO [2534/2934] 26de1d07-60fb-4b2e-a6cb-376cb60cca99: valid; 1.9 s; peak memory 7095 MiB.
2026-10-01T20:04:27Z INFO [2535/2934] 26e98d39-8443-4e1f-bb92-416e76114eb8: valid; 0.7 s; peak memory 7095 MiB.
2026-10-01T20:04:28Z INFO [2536/2934] 26fed483-572a-441b-b3d4-e5f4b55e7fdb: valid; 0.6 s; peak memory 7095 MiB.
2026-10-01T20:04:33Z INFO [2537/2934] 2733b82a-7ca8-422a-80f8-4040b39cc0f7: valid; 4.6 s; peak memory 7095 MiB.
2026-10-01T20:04:54Z INFO [2538/2934] 27357b13-68ee-46ac-a6af-765261447281: not valid; 21.6 s; peak memory 7095 MiB.
2026-10-01T20:04:55Z INFO [2539/2934] 2741d42d-8d31-4195-b8b1-a5704b960c59: not valid; 1.0 s; peak memory 7095 MiB.
2026-10-01T20:04:57Z INFO [2540/2934] 275a2a23-f11c-4f13-b6bd-6108c12ae3c6: not valid; 2.1 s; peak memory 7095 MiB.
2026-10-01T20:04:58Z INFO [2541/2934] 27759fae-820a-4447-ab8f-afcc0eca121c: valid; 1.0 s; peak memory 7095 MiB.
2026-10-01T20:05:03Z INFO [2542/2934] 27799512-8d9f-486c-a3f4-a14d05e721ac: valid; 4.6 s; peak memory 7095 MiB.
2026-10-01T20:05:04Z INFO [2543/2934] 278cda9f-3d70-4518-8732-26fdcaf44eb4: valid; 0.7 s; peak memory 7095 MiB.
2026-10-01T20:05:05Z INFO [2544/2934] 27ae3565-1452-4916-b001-175ba22749c7: not valid; 1.1 s; peak memory 7095 MiB.
2026-10-01T20:05:06Z INFO [2545/2934] 27bf876c-ec97-4322-8940-6a1702fe96e6: valid; 0.7 s; peak memory 7095 MiB.
2026-10-01T20:05:09Z INFO [2546/2934] 27c5adb8-12d5-4715-936d-b7dc5e89884e: valid; 3.1 s; peak memory 7095 MiB.
2026-10-01T20:05:10Z INFO [2547/2934] 27daf006-8da0-4272-9d18-d30a24c84657: valid; 1.8 s; peak memory 7095 MiB.
2026-10-01T20:05:12Z INFO [2548/2934] 27e469e1-6c6f-4727-b2b5-d14cfa9d1b95: valid; 1.4 s; peak memory 7095 MiB.
2026-10-01T20:05:13Z INFO [2549/2934] 27e8a74c-1d6e-48ec-8ee1-2389eebe5c96: valid; 0.7 s; peak memory 7095 MiB.
2026-10-01T20:05:15Z INFO [2550/2934] 2800477a-b102-4b8a-b9a9-1f014a577c2b: valid; 2.2 s; peak memory 7095 MiB.
2026-10-01T20:05:15Z INFO [2550/2934] 2800477a-b102-4b8a-b9a9-1f014a577c2b: checkpointed 88010 records.
2026-10-01T20:05:27Z INFO [2551/2934] 280082fb-a8f8-4fca-a24d-e340bc8451e6: valid; 11.8 s; peak memory 7095 MiB.
2026-10-01T20:05:28Z INFO [2552/2934] 280c560f-d41d-4dd4-8970-94dcaa8484f2: valid; 0.8 s; peak memory 7095 MiB.
2026-10-01T20:05:30Z INFO [2553/2934] 281361a5-19a2-4c1f-84a4-48394db7edc1: valid; 2.3 s; peak memory 7095 MiB.
2026-10-01T20:05:31Z INFO [2554/2934] 283e45f7-8812-4897-89eb-4e2a9c572764: valid; 0.7 s; peak memory 7095 MiB.
2026-10-01T20:05:36Z INFO [2555/2934] 2842cfbc-4753-408d-909d-db2bc8a26fa4: valid; 4.9 s; peak memory 7095 MiB.
2026-10-01T20:05:38Z INFO [2556/2934] 2842fbfd-a478-4023-b9f4-c48f5c2ef33e: valid; 2.1 s; peak memory 7095 MiB.
2026-10-01T20:05:39Z INFO [2557/2934] 286710ce-1d44-4b2a-9664-9017f9995c3f: valid; 1.2 s; peak memory 7095 MiB.
2026-10-01T20:05:41Z INFO [2558/2934] 28726863-1210-4547-a375-49ae5c62eaf0: not valid; 2.2 s; peak memory 7095 MiB.
2026-10-01T20:05:42Z INFO [2559/2934] 289b0741-1d71-4451-88ee-21cb0ee9c8c3: not valid; 0.9 s; peak memory 7095 MiB.
2026-10-01T20:05:44Z INFO [2560/2934] 28ac1d84-425a-4ba5-8370-f3ae78e5692d: valid; 1.6 s; peak memory 7095 MiB.
2026-10-01T20:05:46Z INFO [2561/2934] 28aeb9e5-1648-4bc3-a4f9-011ad244ff91: valid; 2.5 s; peak memory 7095 MiB.
2026-10-01T20:05:47Z INFO [2562/2934] 28dc3efe-c5fe-4403-ba2d-2dfa6846af23: valid; 1.1 s; peak memory 7095 MiB.
2026-10-01T20:05:48Z INFO [2563/2934] 28e6ca84-6587-4cfe-8e57-bf91ce83d614: valid; 0.6 s; peak memory 7095 MiB.
2026-10-01T20:05:49Z INFO [2564/2934] 28eddbd2-9f31-44f0-bfbc-4bff402e5912: valid; 1.0 s; peak memory 7095 MiB.
2026-10-01T20:05:50Z INFO [2565/2934] 290c99d0-2af8-46be-ad54-794806c2d541: valid; 0.8 s; peak memory 7095 MiB.
2026-10-01T20:05:51Z INFO [2566/2934] 2912231e-3d97-4c12-aeb7-b114315e4d93: valid; 1.1 s; peak memory 7095 MiB.
2026-10-01T20:05:53Z INFO [2567/2934] 2916691e-f123-4dbb-91d2-a52862068a8b: not valid; 1.5 s; peak memory 7095 MiB.
2026-10-01T20:05:54Z INFO [2568/2934] 291cfd62-514e-4a2c-a9d5-d4a1afc5d4f8: not valid; 1.7 s; peak memory 7095 MiB.
2026-10-01T20:05:54Z WARNING 292b97fc-1349-48c2-9a1a-2ffa2f5eaa83: failed while retrieving asset information from the DANDI API (NotFoundError: No asset at path 'sub-460432/sub-460432_ses-20191220T140433_behavior+ecephys+ogen.nwb' in version 0.231012.2129. Verify the path is correct and the asset exists in this version. Use 'dandi ls' to list available assets.)
2026-10-01T20:05:55Z INFO [2570/2934] 295325e4-b256-4367-be89-55bfda462474: valid; 0.6 s; peak memory 7095 MiB.
2026-10-01T20:05:56Z INFO [2571/2934] 29559b94-6290-463f-b993-a295cec47419: valid; 1.0 s; peak memory 7095 MiB.
2026-10-01T20:05:57Z INFO [2572/2934] 295b22fa-dca4-465f-89c8-c2cd91f56e5e: not valid; 0.9 s; peak memory 7095 MiB.
2026-10-01T20:05:58Z INFO [2573/2934] 296315da-58db-485e-ada5-2e98a85bb47b: not valid; 1.0 s; peak memory 7095 MiB.
2026-10-01T20:05:59Z INFO [2574/2934] 29892268-b096-467b-bf06-60b7bc4278db: valid; 1.0 s; peak memory 7095 MiB.
2026-10-01T20:06:00Z INFO [2575/2934] 298f78d6-0fe3-44ad-a3be-74ba5c875188: valid; 1.1 s; peak memory 7095 MiB.
2026-10-01T20:06:01Z INFO [2576/2934] 298ffe2d-e0da-4235-9091-c0c26ecd4d60: valid; 1.0 s; peak memory 7095 MiB.
2026-10-01T20:06:02Z INFO [2577/2934] 2996eaac-2f42-4f22-803d-88db2e6ece49: valid; 1.2 s; peak memory 7095 MiB.
2026-10-01T20:06:03Z INFO [2578/2934] 2996fe38-d7b4-469f-9a2b-7a4b540bc3b7: valid; 1.1 s; peak memory 7095 MiB.
2026-10-01T20:06:05Z INFO [2579/2934] 29a8af65-e674-47a6-b567-2db42cff4459: valid; 1.7 s; peak memory 7095 MiB.
2026-10-01T20:06:06Z INFO [2580/2934] 29accd9f-fc09-4b68-97c4-3aa2db09e474: not valid; 1.2 s; peak memory 7095 MiB.
2026-10-01T20:06:07Z INFO [2581/2934] 29b885d3-106d-48f8-8330-1d89aeb4dbb3: not valid; 0.5 s; peak memory 7095 MiB.
2026-10-01T20:06:14Z INFO [2582/2934] 29c0f7a8-d767-4f06-a7f0-dc70fb6277b3: valid; 7.1 s; peak memory 7095 MiB.
2026-10-01T20:06:16Z INFO [2583/2934] 29e73edd-904b-4bd4-93c3-8134657ded95: valid; 2.0 s; peak memory 7095 MiB.
2026-10-01T20:06:19Z INFO [2584/2934] 29f17e05-e230-4798-a877-675c771491b9: valid; 3.3 s; peak memory 7095 MiB.
2026-10-01T20:06:20Z INFO [2585/2934] 2a0157d5-75e0-45f0-925e-990bf99ef85d: valid; 0.8 s; peak memory 7095 MiB.
2026-10-01T20:06:21Z INFO [2586/2934] 2a0a96ce-d0cc-4f02-ad2f-54739d012da3: not valid; 1.0 s; peak memory 7095 MiB.
2026-10-01T20:06:23Z INFO [2587/2934] 2a0f8236-7cc8-4085-87d2-b7dae5fd9cab: not valid; 1.9 s; peak memory 7095 MiB.
2026-10-01T20:06:24Z INFO [2588/2934] 2a7ad2ae-e8a2-4d7f-bfb7-0d9c6cc6649f: valid; 1.3 s; peak memory 7095 MiB.
2026-10-01T20:06:27Z INFO [2589/2934] 2a7f1d0c-0d4a-4f7c-b7d3-5e59f1ee6ea1: not valid; 2.8 s; peak memory 7095 MiB.
2026-10-01T20:06:34Z INFO [2590/2934] 2aa40a1d-36a6-4a9e-a7ff-84c67f489da2: not valid; 6.9 s; peak memory 7095 MiB.
2026-10-01T20:06:34Z INFO [2591/2934] 2ab5814f-b88d-4c14-ab2f-aa00c7488cc8: not valid; 0.8 s; peak memory 7095 MiB.
2026-10-01T20:06:36Z INFO [2592/2934] 2abb0ce5-9101-4e1a-a5fa-2d866dc0e2e7: valid; 1.2 s; peak memory 7095 MiB.
2026-10-01T20:06:43Z INFO [2593/2934] 2ad6ab42-4830-4bc6-a9c1-a51d8cc57b8e: valid; 7.9 s; peak memory 7095 MiB.
2026-10-01T20:06:45Z INFO [2594/2934] 2af47335-19f3-40de-886b-cf413d4e7699: valid; 1.6 s; peak memory 7095 MiB.
2026-10-01T20:06:50Z INFO [2595/2934] 2b055097-1a4b-4d7f-973a-bce96c08c723: valid; 5.0 s; peak memory 7095 MiB.
2026-10-01T20:06:51Z INFO [2596/2934] 2b0ad90c-1602-48cf-b5bd-4600ad921cdb: not valid; 1.0 s; peak memory 7095 MiB.
2026-10-01T20:06:53Z INFO [2597/2934] 2b0d94a6-c19e-43a0-ae2f-140938115ccb: valid; 2.2 s; peak memory 7095 MiB.
2026-10-01T20:06:55Z INFO [2598/2934] 2b2a08b7-30b6-430e-84bb-e57c2c176c25: valid; 1.2 s; peak memory 7095 MiB.
2026-10-01T20:06:56Z INFO [2599/2934] 2b3614e8-f617-4f0b-844d-7e1373ec839f: not valid; 1.1 s; peak memory 7095 MiB.
2026-10-01T20:06:58Z INFO [2600/2934] 2b3630dd-ae67-4acd-b508-bac12c868785: valid; 2.6 s; peak memory 7095 MiB.
2026-10-01T20:06:59Z INFO [2600/2934] 2b3630dd-ae67-4acd-b508-bac12c868785: checkpointed 88010 records.
2026-10-01T20:07:01Z INFO [2601/2934] 2b3d7395-937e-4f91-a00e-1effbb68708e: valid; 2.6 s; peak memory 7095 MiB.
2026-10-01T20:07:03Z INFO [2602/2934] 2b62ae3c-602c-46fd-a163-1cfebd6501da: valid; 1.1 s; peak memory 7095 MiB.
2026-10-01T20:07:04Z INFO [2603/2934] 2b6633e2-6c40-46ee-9c0f-d9184903c79b: valid; 1.7 s; peak memory 7095 MiB.
2026-10-01T20:07:06Z INFO [2604/2934] 2b668f21-3e17-445b-9d8a-234e18d96f69: valid; 1.4 s; peak memory 7095 MiB.
2026-10-01T20:07:07Z INFO [2605/2934] 2b7c6777-9080-41b7-9189-716de4c14588: valid; 1.1 s; peak memory 7095 MiB.
2026-10-01T20:07:07Z INFO [2606/2934] 2b9a3f7d-dbcd-4a8a-b549-b4effddeb128: not valid; 0.8 s; peak memory 7095 MiB.
2026-10-01T20:07:30Z INFO [2607/2934] 2bb119d2-3463-49bd-9f1b-fe9179fec5b6: valid; 22.1 s; peak memory 7133 MiB.
2026-10-01T20:07:31Z INFO [2608/2934] 2bc87f97-1c9c-442c-8227-06fe1de6bf2e: valid; 1.2 s; peak memory 7144 MiB.
2026-10-01T20:07:32Z WARNING 2bd5c068-806b-4b37-9821-2857122f29b9: failed while opening the NWB file (ConstructError: (root/acquisition/_iblmic_audioSpectrogram/bands GroupBuilder {'attributes': {'colnames': array(['freq'], dtype=object), 'description': 'spectogram frequencies', 'namespace': 'core', 'neurodata_type': 'FrequencyBandsTable', 'object_id': '9733bd08-5869-4113-9a89-e1a562bb2f11'}, 'groups': {}, 'datasets': {'freq': root/acquisition/_iblmic_audioSpectrogram/bands/freq DatasetBuilder {'attributes': {'description': 'frequency value', 'namespace': 'hdmf-common', 'neurodata_type': 'VectorData', 'object_id': 'b324d3ec-e243-448d-8048-70e4ba5bb1ff'}, 'data': <HDF5 dataset "freq": shape (257,), type "<f4">}, 'id': root/acquisition/_iblmic_audioSpectrogram/bands/id DatasetBuilder {'attributes': {'namespace': 'hdmf-common', 'neurodata_type': 'ElementIdentifiers', 'object_id': '0a781b8d-659f-4e66-b83d-f23a652c7496'}, 'data': <HDF5 dataset "id": shape (257,), type "<i4">}}, 'links': {}}, "Could not construct FrequencyBandsTable object due to: column must have the same number of rows as 'id'"))
2026-10-01T20:07:33Z INFO [2610/2934] 2bda7bcf-9853-48f0-9f93-3c50c817068d: valid; 1.1 s; peak memory 7160 MiB.
2026-10-01T20:07:34Z INFO [2611/2934] 2c5941d5-1de4-4420-b93d-21813f9bd973: not valid; 1.7 s; peak memory 7162 MiB.
2026-10-01T20:07:36Z WARNING 2c89571a-cef2-497a-8485-30487a7bcb46: failed while opening the NWB file (ConstructError: (root/acquisition/_iblmic_audioSpectrogram/bands GroupBuilder {'attributes': {'colnames': array(['freq'], dtype=object), 'description': 'spectogram frequencies', 'namespace': 'core', 'neurodata_type': 'FrequencyBandsTable', 'object_id': '809bbaaa-3596-4647-9695-623437c3624e'}, 'groups': {}, 'datasets': {'freq': root/acquisition/_iblmic_audioSpectrogram/bands/freq DatasetBuilder {'attributes': {'description': 'frequency value', 'namespace': 'hdmf-common', 'neurodata_type': 'VectorData', 'object_id': '491a4ec9-56af-4e7f-b34d-f2bd32e08e21'}, 'data': <HDF5 dataset "freq": shape (257,), type "<f4">}, 'id': root/acquisition/_iblmic_audioSpectrogram/bands/id DatasetBuilder {'attributes': {'namespace': 'hdmf-common', 'neurodata_type': 'ElementIdentifiers', 'object_id': '82491609-1bc4-44cf-8330-040e561a8813'}, 'data': <HDF5 dataset "id": shape (257,), type "<i4">}}, 'links': {}}, "Could not construct FrequencyBandsTable object due to: column must have the same number of rows as 'id'"))
2026-10-01T20:07:49Z INFO [2613/2934] 2ca9e2d8-4dd5-4e08-ad94-6c6a44606d84: valid; 13.1 s; peak memory 7163 MiB.
2026-10-01T20:07:50Z INFO [2614/2934] 2cb45716-3577-4e8a-b999-c0f46728514b: valid; 1.0 s; peak memory 7163 MiB.
2026-10-01T20:07:57Z INFO [2615/2934] 2cbf5c40-eaa7-41be-a181-642c80821e65: valid; 7.5 s; peak memory 7163 MiB.
2026-10-01T20:07:58Z INFO [2616/2934] 2cc23f03-1425-4617-84e4-ca75aeb3c1ba: valid; 1.0 s; peak memory 7163 MiB.
2026-10-01T20:07:59Z INFO [2617/2934] 2cc80da7-d299-4010-bc14-0e7d9427d2dd: valid; 1.2 s; peak memory 7165 MiB.
2026-10-01T20:08:02Z INFO [2618/2934] 2cebfae6-03e7-41cf-87e2-e89e4c43ec88: valid; 2.3 s; peak memory 7167 MiB.
2026-10-01T20:08:02Z INFO [2619/2934] 2cfe781f-8142-4bd7-bb96-4a779811f3d9: valid; 0.7 s; peak memory 7168 MiB.
2026-10-01T20:08:03Z INFO [2620/2934] 2d07e5d3-372d-4bdf-a544-0a3258036cb1: not valid; 1.1 s; peak memory 7170 MiB.
2026-10-01T20:08:04Z INFO [2621/2934] 2d23c45e-d830-42cc-a5ec-df4a10ca1e56: valid; 0.7 s; peak memory 7170 MiB.
2026-10-01T20:08:06Z INFO [2622/2934] 2d340ea0-235b-4889-ada2-51c6d4b2fba3: valid; 2.2 s; peak memory 7172 MiB.
2026-10-01T20:08:07Z INFO [2623/2934] 2d362fdd-d26f-4daf-9732-cc61be2126fd: valid; 0.5 s; peak memory 7172 MiB.
2026-10-01T20:08:07Z INFO [2624/2934] 2d38ffbc-634a-4595-ae1d-006d564959f1: valid; 0.5 s; peak memory 7172 MiB.
2026-10-01T20:08:07Z WARNING 2d69a8c9-a9e6-46c0-9916-80f6db36feef: failed while retrieving asset information from the DANDI API (NotFoundError: No asset at path 'sub-healthy-simulated-lfp/sub-healthy-simulated-lfp_ses-1654_ecephys.nwb' in version 0.250327.2220. Verify the path is correct and the asset exists in this version. Use 'dandi ls' to list available assets.)
2026-10-01T20:08:09Z INFO [2626/2934] 2d76d818-6424-472d-8561-1457eacc5e92: valid; 1.3 s; peak memory 7173 MiB.
2026-10-01T20:08:10Z INFO [2627/2934] 2d86892e-918b-4515-b4ea-672d3fea56cd: not valid; 0.9 s; peak memory 7174 MiB.
2026-10-01T20:08:10Z INFO [2628/2934] 2d8fca9b-ad6f-4205-b9f0-e8f550e7451b: valid; 0.8 s; peak memory 7175 MiB.
2026-10-01T20:08:11Z INFO [2629/2934] 2da572b9-bd29-4afa-a6db-63094b2ff17d: not valid; 0.9 s; peak memory 7176 MiB.
2026-10-01T20:08:13Z INFO [2630/2934] 2da67a81-34ae-44e6-ad59-7d6fcbb5c5ca: valid; 1.5 s; peak memory 7176 MiB.
2026-10-01T20:08:14Z INFO [2631/2934] 2db68dc4-d0ef-4610-9567-9ec03ddc7970: valid; 1.5 s; peak memory 7178 MiB.
2026-10-01T20:08:15Z INFO [2632/2934] 2dbd0e77-fc98-4b16-99d5-86e763a959f6: not valid; 0.9 s; peak memory 7179 MiB.
2026-10-01T20:08:18Z INFO [2633/2934] 2dc1af3f-6a62-4737-8147-350f83f0d140: not valid; 2.8 s; peak memory 7220 MiB.
2026-10-01T20:08:19Z INFO [2634/2934] 2dd43d28-720f-47e5-862c-b2d8ba38292a: valid; 0.7 s; peak memory 7220 MiB.
2026-10-01T20:08:20Z WARNING 2dec5081-4516-4c2d-adc6-b18d0bb577c5: failed while opening the NWB file (ConstructError: (root/acquisition/_iblmic_audioSpectrogram/bands GroupBuilder {'attributes': {'colnames': array(['freq'], dtype=object), 'description': 'spectogram frequencies', 'namespace': 'core', 'neurodata_type': 'FrequencyBandsTable', 'object_id': '1e61f4cf-1f1c-4966-9c6f-fdfaaf4aa3fb'}, 'groups': {}, 'datasets': {'freq': root/acquisition/_iblmic_audioSpectrogram/bands/freq DatasetBuilder {'attributes': {'description': 'frequency value', 'namespace': 'hdmf-common', 'neurodata_type': 'VectorData', 'object_id': 'f3290367-2b7f-4f72-9d70-3a6ea65db074'}, 'data': <HDF5 dataset "freq": shape (257,), type "<f4">}, 'id': root/acquisition/_iblmic_audioSpectrogram/bands/id DatasetBuilder {'attributes': {'namespace': 'hdmf-common', 'neurodata_type': 'ElementIdentifiers', 'object_id': '9f9de17a-1d96-48c2-8ef0-75af04b5c80c'}, 'data': <HDF5 dataset "id": shape (257,), type "<i4">}}, 'links': {}}, "Could not construct FrequencyBandsTable object due to: column must have the same number of rows as 'id'"))
2026-10-01T20:08:20Z INFO [2636/2934] 2e043ed8-c164-416f-869b-3ba02870b03c: valid; 0.6 s; peak memory 7220 MiB.
2026-10-01T20:08:21Z INFO [2637/2934] 2e22f88b-5769-4187-afa7-c5f5be937ac4: valid; 1.1 s; peak memory 7220 MiB.
2026-10-01T20:08:23Z WARNING 2e4aee61-6608-4b01-927a-5cec62f05a2d: failed while opening the NWB file (ConstructError: (root/acquisition/_iblmic_audioSpectrogram/bands GroupBuilder {'attributes': {'colnames': array(['freq'], dtype=object), 'description': 'spectogram frequencies', 'namespace': 'core', 'neurodata_type': 'FrequencyBandsTable', 'object_id': '5fbb5748-686e-408b-9166-717d47752ec9'}, 'groups': {}, 'datasets': {'freq': root/acquisition/_iblmic_audioSpectrogram/bands/freq DatasetBuilder {'attributes': {'description': 'frequency value', 'namespace': 'hdmf-common', 'neurodata_type': 'VectorData', 'object_id': 'cab500d4-4e1f-4be4-8ad5-d4dd53dfb542'}, 'data': <HDF5 dataset "freq": shape (257,), type "<f4">}, 'id': root/acquisition/_iblmic_audioSpectrogram/bands/id DatasetBuilder {'attributes': {'namespace': 'hdmf-common', 'neurodata_type': 'ElementIdentifiers', 'object_id': 'cb3d25f7-926d-4188-bec1-4c3098784975'}, 'data': <HDF5 dataset "id": shape (257,), type "<i4">}}, 'links': {}}, "Could not construct FrequencyBandsTable object due to: column must have the same number of rows as 'id'"))
2026-10-01T20:08:24Z INFO [2639/2934] 2e4d6af6-6722-4c88-8fd9-5e936ac7fe17: valid; 1.1 s; peak memory 7220 MiB.
2026-10-01T20:08:24Z INFO [2640/2934] 2e6a9459-c1c2-4336-b4d6-30804dd554df: valid; 0.7 s; peak memory 7220 MiB.
2026-10-01T20:08:25Z INFO [2641/2934] 2e6f3768-2d81-4a13-bf32-2aae98169cc5: valid; 0.8 s; peak memory 7220 MiB.
2026-10-01T20:08:26Z INFO [2642/2934] 2e86cddc-a112-4399-a9ea-d0f591ab2c2b: valid; 0.8 s; peak memory 7220 MiB.
2026-10-01T20:08:27Z INFO [2643/2934] 2e8af9fc-4202-44ab-a545-7ec19ff61a2c: valid; 1.2 s; peak memory 7220 MiB.
2026-10-01T20:08:28Z WARNING 2ebe8fba-3f71-4ed5-88e3-0d357c7eab11: failed while opening the NWB file (ConstructError: (root/acquisition/_iblmic_audioSpectrogram/bands GroupBuilder {'attributes': {'colnames': array(['freq'], dtype=object), 'description': 'spectogram frequencies', 'namespace': 'core', 'neurodata_type': 'FrequencyBandsTable', 'object_id': '0742535c-0a9d-496b-81e4-6d257e1ff37f'}, 'groups': {}, 'datasets': {'freq': root/acquisition/_iblmic_audioSpectrogram/bands/freq DatasetBuilder {'attributes': {'description': 'frequency value', 'namespace': 'hdmf-common', 'neurodata_type': 'VectorData', 'object_id': '2b97aa9f-6e0e-4437-a919-a651774aa972'}, 'data': <HDF5 dataset "freq": shape (257,), type "<f4">}, 'id': root/acquisition/_iblmic_audioSpectrogram/bands/id DatasetBuilder {'attributes': {'namespace': 'hdmf-common', 'neurodata_type': 'ElementIdentifiers', 'object_id': 'cfe42ba1-7a0e-4255-aeb0-7250ec1742b6'}, 'data': <HDF5 dataset "id": shape (257,), type "<i4">}}, 'links': {}}, "Could not construct FrequencyBandsTable object due to: column must have the same number of rows as 'id'"))
2026-10-01T20:08:29Z INFO [2645/2934] 2ef03ad4-11b0-44b9-a1ad-538957e1f3ba: valid; 1.1 s; peak memory 7220 MiB.
2026-10-01T20:08:30Z INFO [2646/2934] 2f05d786-5af2-4e12-8b82-2d800eb3302d: valid; 0.7 s; peak memory 7221 MiB.
2026-10-01T20:08:31Z INFO [2647/2934] 2f249527-957a-4032-a9ba-bc3223742528: valid; 1.1 s; peak memory 7223 MiB.
2026-10-01T20:08:32Z INFO [2648/2934] 2f37f9e9-e13e-426a-9d8b-3dbc271f0a90: not valid; 0.8 s; peak memory 7224 MiB.
2026-10-01T20:08:33Z INFO [2649/2934] 2f492998-15e5-4315-812e-e18b3dd791f8: valid; 1.0 s; peak memory 7225 MiB.
2026-10-01T20:08:34Z INFO [2650/2934] 2f5aca3e-5e66-4e28-a151-1f5a49dc0205: valid; 1.1 s; peak memory 7227 MiB.
2026-10-01T20:08:35Z INFO [2650/2934] 2f5aca3e-5e66-4e28-a151-1f5a49dc0205: checkpointed 88010 records.
2026-10-01T20:08:39Z INFO [2651/2934] 2f81ad03-1547-4ae0-8425-9a7105c3cccc: valid; 4.4 s; peak memory 7247 MiB.
2026-10-01T20:08:43Z INFO [2652/2934] 2f98eefb-2ee5-40fc-b5c9-9caa84d05f7a: valid; 4.1 s; peak memory 7252 MiB.
2026-10-01T20:08:44Z INFO [2653/2934] 2f9a5a86-8224-4bc0-8184-1645ae7c57e6: not valid; 0.8 s; peak memory 7253 MiB.
2026-10-01T20:08:45Z INFO [2654/2934] 2fdc3bda-5636-4ead-bb97-02c0a5e3e2bd: valid; 0.7 s; peak memory 7254 MiB.
2026-10-01T20:08:47Z INFO [2655/2934] 2fe61031-bcab-4ce1-b9af-ed9e02279174: valid; 2.1 s; peak memory 7255 MiB.
2026-10-01T20:08:48Z INFO [2656/2934] 304ee64c-727c-4437-aeb9-ed680d527d3b: not valid; 1.2 s; peak memory 7255 MiB.
2026-10-01T20:08:49Z INFO [2657/2934] 305a9ab5-58d1-46b9-a30a-a9e8b0389a3b: not valid; 1.0 s; peak memory 7255 MiB.
2026-10-01T20:08:49Z WARNING 3086f3c2-4853-45e0-9f75-0497bba64dd2: failed while retrieving asset information from the DANDI API (NotFoundError: No asset at path 'sub-parkinson-simulated-beta/sub-parkinson-simulated-beta_ses-2139_ecephys.nwb' in version 0.250327.2220. Verify the path is correct and the asset exists in this version. Use 'dandi ls' to list available assets.)
2026-10-01T20:08:50Z INFO [2659/2934] 30ff62c8-7e74-4363-95c7-27510bf39016: valid; 0.6 s; peak memory 7255 MiB.
2026-10-01T20:08:50Z INFO [2660/2934] 3122cbbd-696c-4a2a-9697-0a2f12dff29a: valid; 0.7 s; peak memory 7255 MiB.
2026-10-01T20:08:52Z INFO [2661/2934] 3123ea9d-661f-458c-8983-f1752ef681cc: valid; 1.3 s; peak memory 7255 MiB.
2026-10-01T20:08:53Z INFO [2662/2934] 31415351-9c46-4942-8842-d8cb85f2bb9b: valid; 1.4 s; peak memory 7255 MiB.
2026-10-01T20:08:55Z INFO [2663/2934] 3153527d-0aea-4525-a769-1c0da9a00731: valid; 1.4 s; peak memory 7255 MiB.
2026-10-01T20:08:55Z INFO [2664/2934] 317e1c3a-d75d-4dfb-b156-43c485747524: valid; 0.9 s; peak memory 7255 MiB.
2026-10-01T20:08:56Z INFO [2665/2934] 31c0139f-70ac-47de-bd7e-bf24a823a860: not valid; 1.0 s; peak memory 7255 MiB.
2026-10-01T20:09:00Z INFO [2666/2934] 31c14ef8-faf2-4ce4-a09d-1af1467e152f: valid; 3.4 s; peak memory 7255 MiB.
2026-10-01T20:09:02Z INFO [2667/2934] 31f4b8aa-59cb-4a46-bd7d-df9011015c40: not valid; 1.8 s; peak memory 7255 MiB.
2026-10-01T20:09:04Z INFO [2668/2934] 31f72a58-3d57-4c9c-a410-445d876ab7fd: valid; 1.9 s; peak memory 7255 MiB.
2026-10-01T20:09:05Z INFO [2669/2934] 3211f1da-2182-44b3-8877-ccd3d9402eef: not valid; 1.0 s; peak memory 7255 MiB.
2026-10-01T20:09:07Z INFO [2670/2934] 32123d7b-545c-48d8-ad45-9181e24e1f63: valid; 1.9 s; peak memory 7255 MiB.
2026-10-01T20:09:11Z INFO [2671/2934] 32179907-8078-458b-bc19-60ecc3bfba88: valid; 4.3 s; peak memory 7255 MiB.
2026-10-01T20:09:12Z INFO [2672/2934] 3231b612-97ec-491a-aa04-4098e1921f38: valid; 0.8 s; peak memory 7255 MiB.
2026-10-01T20:09:13Z INFO [2673/2934] 323e8022-2da0-4e0b-9060-be50e6e8751f: valid; 1.1 s; peak memory 7255 MiB.
2026-10-01T20:09:13Z WARNING 32477c93-8568-4ba2-b429-59c0d811b596: failed while retrieving asset information from the DANDI API (NotFoundError: No asset at path 'sub-05/sub-05_ses-20170706T115300_obj-1m3bzkg_behavior+ecephys.nwb' in version 0.250815.1108. Verify the path is correct and the asset exists in this version. Use 'dandi ls' to list available assets.)
2026-10-01T20:09:15Z INFO [2675/2934] 327ab8c4-a649-451e-a8b8-faf064d6d793: valid; 1.8 s; peak memory 7255 MiB.
2026-10-01T20:09:19Z INFO [2676/2934] 32833bbb-a71f-4112-98ba-32cfa298ba33: valid; 4.2 s; peak memory 7255 MiB.
2026-10-01T20:09:22Z INFO [2677/2934] 3285c9f3-d523-421d-950d-cc626e58e9a2: valid; 2.8 s; peak memory 7255 MiB.
2026-10-01T20:09:23Z INFO [2678/2934] 328a19bc-ac47-4aba-a843-1f5e1c530fa4: valid; 1.6 s; peak memory 7255 MiB.
2026-10-01T20:09:25Z INFO [2679/2934] 32951fb5-feeb-45b6-b9b0-68ef1508c581: valid; 1.5 s; peak memory 7255 MiB.
2026-10-01T20:09:26Z INFO [2680/2934] 33097f80-56b5-4e18-9b4b-b2db49233196: valid; 1.5 s; peak memory 7255 MiB.
2026-10-01T20:09:27Z INFO [2681/2934] 330d0d0e-367f-4edb-8cc4-34bdbcf5d51b: valid; 1.1 s; peak memory 7255 MiB.
2026-10-01T20:09:28Z INFO [2682/2934] 330fee2e-a6c5-4539-bc3a-6cb0c44a37e9: valid; 0.7 s; peak memory 7255 MiB.
2026-10-01T20:09:29Z INFO [2683/2934] 33136f82-ab78-4e60-bd83-4d5f91bc204e: valid; 1.2 s; peak memory 7255 MiB.
2026-10-01T20:09:31Z INFO [2684/2934] 33222c0e-0eff-4148-8f1f-f14fcabff9af: not valid; 2.1 s; peak memory 7255 MiB.
2026-10-01T20:09:33Z INFO [2685/2934] 333ea67c-f05e-4544-81f7-b1d63ae32aed: valid; 2.2 s; peak memory 7255 MiB.
2026-10-01T20:09:35Z INFO [2686/2934] 335342a8-406c-497f-8ff6-c00dc98986fc: valid; 1.9 s; peak memory 7255 MiB.
2026-10-01T20:09:36Z INFO [2687/2934] 33709cdf-a4cc-442c-84fe-520d1e2d424a: not valid; 0.9 s; peak memory 7255 MiB.
2026-10-01T20:09:38Z INFO [2688/2934] 33721b95-05f3-45ae-8a25-e65be61ba56e: valid; 1.8 s; peak memory 7255 MiB.
2026-10-01T20:09:39Z INFO [2689/2934] 33880ecb-41cc-4cd9-983c-dcf211e793c0: valid; 1.1 s; peak memory 7255 MiB.
2026-10-01T20:09:41Z INFO [2690/2934] 33904fd6-f445-4775-88bd-001ef7320871: not valid; 1.5 s; peak memory 7255 MiB.
2026-10-01T20:09:41Z INFO [2691/2934] 33a9b63b-c7c5-434e-8421-4a691a554379: valid; 0.6 s; peak memory 7255 MiB.
2026-10-01T20:09:42Z INFO [2692/2934] 33b67749-f064-407e-966c-8690724d23df: not valid; 1.3 s; peak memory 7255 MiB.
2026-10-01T20:09:44Z INFO [2693/2934] 33f674b5-f046-4a0d-82a0-dd5d5425f74b: valid; 1.6 s; peak memory 7255 MiB.
2026-10-01T20:09:46Z INFO [2694/2934] 3403cd46-6f25-4c34-b219-dcd326996d78: valid; 2.0 s; peak memory 7273 MiB.
2026-10-01T20:09:47Z INFO [2695/2934] 3421b325-dcfe-40de-b4ee-1ee71af14ba4: valid; 0.6 s; peak memory 7273 MiB.
2026-10-01T20:09:49Z INFO [2696/2934] 343e1091-c5bc-4e32-8772-1a5c400fa881: valid; 1.9 s; peak memory 7273 MiB.
2026-10-01T20:09:49Z INFO [2697/2934] 3460038e-8ea4-4b2e-97cf-1e75fb1a78b4: valid; 0.8 s; peak memory 7273 MiB.
2026-10-01T20:09:58Z INFO [2698/2934] 3468ffe7-1b07-4496-8974-bfed09a9eede: not valid; 8.7 s; peak memory 7273 MiB.
2026-10-01T20:09:58Z WARNING 34749a0f-df6c-4cf4-bc83-c784f3aa66be: failed while retrieving asset information from the DANDI API (NotFoundError: No asset at path 'sub-R6/sub-R6_ses-20200207T210000_ophys.nwb' in version 0.260415.1712. Verify the path is correct and the asset exists in this version. Use 'dandi ls' to list available assets.)
2026-10-01T20:09:59Z INFO [2700/2934] 3488d697-479f-4e09-a34f-41751f385d32: valid; 0.8 s; peak memory 7273 MiB.
2026-10-01T20:09:59Z INFO [2700/2934] 3488d697-479f-4e09-a34f-41751f385d32: checkpointed 88010 records.
2026-10-01T20:10:00Z INFO [2701/2934] 349228d7-2fdc-4a10-b0dd-7c97f499f776: not valid; 0.6 s; peak memory 7273 MiB.
2026-10-01T20:10:01Z INFO [2702/2934] 3493aa74-a016-42b1-b1cc-3d0826e70c6d: valid; 1.0 s; peak memory 7273 MiB.
2026-10-01T20:10:02Z INFO [2703/2934] 34978998-25af-402a-b1f7-b8792d673c42: valid; 0.5 s; peak memory 7273 MiB.
2026-10-01T20:10:03Z INFO [2704/2934] 34aa118b-b9f3-4d42-b0c7-b9e737195b1f: valid; 0.9 s; peak memory 7273 MiB.
2026-10-01T20:10:07Z INFO [2705/2934] 34b18dd4-4473-46a9-9437-1faa14f6f1c9: valid; 4.0 s; peak memory 7273 MiB.
2026-10-01T20:10:07Z INFO [2706/2934] 34c3452c-fc97-4a61-8d10-40cd7f031fd7: not valid; 0.6 s; peak memory 7273 MiB.
2026-10-01T20:10:09Z INFO [2707/2934] 34ca0eec-df9e-459a-881c-c4e8f32ea7a4: not valid; 2.1 s; peak memory 7273 MiB.
2026-10-01T20:10:10Z INFO [2708/2934] 34ec4e0e-117f-4a71-af5b-7fd1ad9bf3b6: valid; 0.8 s; peak memory 7273 MiB.
2026-10-01T20:10:14Z INFO [2709/2934] 34fffa6e-922f-4c99-b2ae-beb047e653c1: valid; 3.6 s; peak memory 7273 MiB.
2026-10-01T20:10:15Z INFO [2710/2934] 35234b2e-6423-45c3-b636-96e0b0226659: valid; 1.2 s; peak memory 7273 MiB.
2026-10-01T20:10:17Z INFO [2711/2934] 3524ffa6-bf6d-4b3e-a0bf-224a3f2b3176: valid; 2.5 s; peak memory 7273 MiB.
2026-10-01T20:10:18Z INFO [2712/2934] 35568b28-728f-414b-9690-7a2e4afc14b0: not valid; 0.9 s; peak memory 7273 MiB.
2026-10-01T20:10:29Z INFO [2713/2934] 357a06c4-d78a-4b8f-8e76-c57d169b2a0e: valid; 10.3 s; peak memory 7273 MiB.
2026-10-01T20:10:30Z INFO [2714/2934] 359da8e8-3033-4046-86e3-1d4bf64f06fe: valid; 1.4 s; peak memory 7273 MiB.
2026-10-01T20:10:31Z INFO [2715/2934] 35bc39fb-e5b2-431f-8cce-1ca2c1385d79: not valid; 0.6 s; peak memory 7273 MiB.
2026-10-01T20:10:31Z INFO [2716/2934] 35c0d338-1f69-40c5-aa7f-c91e922d4d05: valid; 0.7 s; peak memory 7273 MiB.
2026-10-01T20:10:38Z INFO [2717/2934] 35c90c32-5c24-48e5-9c8f-6c3123594992: not valid; 7.1 s; peak memory 7273 MiB.
2026-10-01T20:10:40Z INFO [2718/2934] 35cc3676-e374-48bc-bc41-94d7f50b430f: valid; 1.2 s; peak memory 7273 MiB.
2026-10-01T20:10:41Z INFO [2719/2934] 35ee41dd-f918-46ec-8ecf-4b0a4ed631c4: not valid; 1.0 s; peak memory 7273 MiB.
2026-10-01T20:10:41Z INFO [2720/2934] 36043f55-6e4d-4207-bec8-621c02b5b22e: valid; 0.8 s; peak memory 7273 MiB.
2026-10-01T20:10:42Z INFO [2721/2934] 36264def-3efb-4b87-80bb-59858af79796: valid; 0.6 s; peak memory 7273 MiB.
2026-10-01T20:10:43Z INFO [2722/2934] 364a4d45-8505-4aed-b600-162641cce12a: valid; 1.1 s; peak memory 7273 MiB.
2026-10-01T20:10:44Z INFO [2723/2934] 3659c8b1-6194-46a8-8633-a4fba2606013: valid; 1.2 s; peak memory 7273 MiB.
2026-10-01T20:10:45Z INFO [2724/2934] 365a6420-d696-4967-94f4-2536633e49fe: valid; 0.7 s; peak memory 7273 MiB.
2026-10-01T20:10:46Z INFO [2725/2934] 36612fac-06a6-4d40-b23b-233a03db4ad8: valid; 0.6 s; peak memory 7273 MiB.
2026-10-01T20:10:46Z INFO [2726/2934] 36aa6862-03ac-4f6a-9164-b9614d177db3: valid; 0.7 s; peak memory 7273 MiB.
2026-10-01T20:10:47Z INFO [2727/2934] 36c6b792-07ee-4b0d-9511-c6b0e34b528a: valid; 0.6 s; peak memory 7273 MiB.
2026-10-01T20:10:48Z INFO [2728/2934] 36dc601f-7da0-4518-8a83-2584def254ef: valid; 1.0 s; peak memory 7273 MiB.
2026-10-01T20:10:49Z INFO [2729/2934] 36e5f8bc-fb89-4407-9172-66764f55aa45: valid; 0.8 s; peak memory 7273 MiB.
2026-10-01T20:10:51Z INFO [2730/2934] 370bf777-252e-4b44-9648-1b3a5bd8cee1: not valid; 1.8 s; peak memory 7273 MiB.
2026-10-01T20:10:51Z INFO [2731/2934] 3717d1d3-e0d5-4615-b138-50064c9135e0: not valid; 0.9 s; peak memory 7273 MiB.
2026-10-01T20:10:54Z INFO [2732/2934] 376b4aa5-9d3d-4e3f-9127-a0f6f4d54b6d: not valid; 2.1 s; peak memory 7273 MiB.
2026-10-01T20:10:54Z INFO [2733/2934] 37b0282f-7173-4087-b087-6b8fe6fbb366: valid; 0.7 s; peak memory 7273 MiB.
2026-10-01T20:10:55Z INFO [2734/2934] 37bd1e8e-bdec-4a83-949e-01b9a1cf63f7: not valid; 0.8 s; peak memory 7273 MiB.
2026-10-01T20:10:57Z INFO [2735/2934] 37f2f924-4bfc-4305-8a84-3288c4fa3620: not valid; 2.2 s; peak memory 7273 MiB.
2026-10-01T20:11:12Z INFO [2736/2934] 380c464a-bdaa-4bd0-9abd-32254c38c907: not valid; 14.2 s; peak memory 7273 MiB.
2026-10-01T20:11:13Z INFO [2737/2934] 38176f4d-b14b-4aa0-804b-e519a610da53: valid; 1.3 s; peak memory 7273 MiB.
2026-10-01T20:11:14Z INFO [2738/2934] 3827dc07-eb62-4661-ba55-c2505d225e58: valid; 0.8 s; peak memory 7273 MiB.
2026-10-01T20:11:18Z INFO [2739/2934] 3831b0b7-7b33-4578-bf15-a17b0e9d0c10: valid; 4.6 s; peak memory 7273 MiB.
2026-10-01T20:11:19Z INFO [2740/2934] 38391008-f54f-4feb-889e-817e7cab85d0: not valid; 0.8 s; peak memory 7273 MiB.
2026-10-01T20:11:21Z INFO [2741/2934] 38429028-9351-45b3-b416-280ac7ded534: valid; 1.6 s; peak memory 7273 MiB.
2026-10-01T20:11:23Z INFO [2742/2934] 3851a2e7-ffc4-402f-9d64-49658b94f96c: valid; 2.6 s; peak memory 7273 MiB.
2026-10-01T20:11:25Z INFO [2743/2934] 38673b91-b0d1-40b2-9a3d-1a22cde994f3: valid; 1.4 s; peak memory 7273 MiB.
2026-10-01T20:11:25Z INFO [2744/2934] 38a14ce1-b5d0-49e7-98b2-34b5d054b77d: valid; 0.7 s; peak memory 7273 MiB.
2026-10-01T20:11:27Z INFO [2745/2934] 38a2ad6e-db29-4fae-ac76-f393a8923b4c: valid; 2.1 s; peak memory 7273 MiB.
2026-10-01T20:11:27Z WARNING 38dd880a-05ac-454c-b92c-a55b63033be8: failed while retrieving asset information from the DANDI API (NotFoundError: No asset at path 'sub-LG449/sub-LG449_ses-LG449-20250331_obj-1bp89qo_ophys.nwb' in version 0.260915.2135. Verify the path is correct and the asset exists in this version. Use 'dandi ls' to list available assets.)
2026-10-01T20:11:29Z WARNING 38f0bc61-24ef-4cd6-b074-86719209fb3f: failed while opening the NWB file (ConstructError: (root/acquisition/_iblmic_audioSpectrogram/bands GroupBuilder {'attributes': {'colnames': array(['freq'], dtype=object), 'description': 'spectogram frequencies', 'namespace': 'core', 'neurodata_type': 'FrequencyBandsTable', 'object_id': '5d464521-5912-4bc3-bdbc-cb62671ed379'}, 'groups': {}, 'datasets': {'freq': root/acquisition/_iblmic_audioSpectrogram/bands/freq DatasetBuilder {'attributes': {'description': 'frequency value', 'namespace': 'hdmf-common', 'neurodata_type': 'VectorData', 'object_id': 'ea50920a-fedd-45a2-8994-641b743638c0'}, 'data': <HDF5 dataset "freq": shape (257,), type "<f4">}, 'id': root/acquisition/_iblmic_audioSpectrogram/bands/id DatasetBuilder {'attributes': {'namespace': 'hdmf-common', 'neurodata_type': 'ElementIdentifiers', 'object_id': 'ea9e3a31-3507-46a5-bc7e-6956157e7cff'}, 'data': <HDF5 dataset "id": shape (257,), type "<i4">}}, 'links': {}}, "Could not construct FrequencyBandsTable object due to: column must have the same number of rows as 'id'"))
2026-10-01T20:11:30Z INFO [2748/2934] 38f9aac8-fbdc-4a1f-b30b-a62d5c2007a6: valid; 1.3 s; peak memory 7273 MiB.
2026-10-01T20:11:33Z INFO [2749/2934] 391a603b-ca39-4456-a91b-fc30e30ff263: not valid; 2.5 s; peak memory 7273 MiB.
2026-10-01T20:11:34Z INFO [2750/2934] 391d9b2f-87b4-4491-8ff2-fe577df97ed0: valid; 1.7 s; peak memory 7273 MiB.
2026-10-01T20:11:35Z INFO [2750/2934] 391d9b2f-87b4-4491-8ff2-fe577df97ed0: checkpointed 88010 records.
2026-10-01T20:11:38Z INFO [2751/2934] 394f15f5-c39a-462e-9ad3-f95179d91798: valid; 3.2 s; peak memory 7273 MiB.
2026-10-01T20:11:40Z INFO [2752/2934] 39960121-0e26-4481-8f2a-925389a35691: valid; 1.9 s; peak memory 7273 MiB.
2026-10-01T20:11:42Z INFO [2753/2934] 39c06eec-7987-4cc3-9d90-0702c2cc20fb: valid; 1.4 s; peak memory 7273 MiB.
2026-10-01T20:11:43Z INFO [2754/2934] 39ffde0f-0cac-4def-9d1e-d8f04c8daef4: valid; 1.1 s; peak memory 7273 MiB.
2026-10-01T20:11:45Z INFO [2755/2934] 3a082845-4130-4fed-b6f7-4c17fe9a7d17: valid; 1.9 s; peak memory 7273 MiB.
2026-10-01T20:11:46Z WARNING 3a0cdacb-610c-4bbe-812e-b44f2aa3f275: failed while opening the NWB file (ConstructError: (root/acquisition/_iblmic_audioSpectrogram/bands GroupBuilder {'attributes': {'colnames': array(['freq'], dtype=object), 'description': 'spectogram frequencies', 'namespace': 'core', 'neurodata_type': 'FrequencyBandsTable', 'object_id': 'aebbd4fd-bf7e-4ce5-9018-7041c44e0bb9'}, 'groups': {}, 'datasets': {'freq': root/acquisition/_iblmic_audioSpectrogram/bands/freq DatasetBuilder {'attributes': {'description': 'frequency value', 'namespace': 'hdmf-common', 'neurodata_type': 'VectorData', 'object_id': '6c194572-2776-4733-9d7c-4bec022d5085'}, 'data': <HDF5 dataset "freq": shape (257,), type "<f4">}, 'id': root/acquisition/_iblmic_audioSpectrogram/bands/id DatasetBuilder {'attributes': {'namespace': 'hdmf-common', 'neurodata_type': 'ElementIdentifiers', 'object_id': 'f553148f-b659-4159-8870-226ee4230bcb'}, 'data': <HDF5 dataset "id": shape (257,), type "<i4">}}, 'links': {}}, "Could not construct FrequencyBandsTable object due to: column must have the same number of rows as 'id'"))
2026-10-01T20:11:46Z INFO [2757/2934] 3a29280f-75db-4631-8930-8a8611798e0c: valid; 0.7 s; peak memory 7273 MiB.
2026-10-01T20:11:47Z INFO [2758/2934] 3a3d9dbf-c128-49e5-b1a9-1aad65745490: not valid; 0.9 s; peak memory 7273 MiB.
2026-10-01T20:11:48Z INFO [2759/2934] 3a53b106-6494-4faa-9732-dcb9ad89408f: valid; 1.2 s; peak memory 7273 MiB.
2026-10-01T20:11:51Z INFO [2760/2934] 3a9bf7c7-e2a9-4443-aab8-0ca309861f47: valid; 3.0 s; peak memory 7273 MiB.
2026-10-01T20:11:52Z INFO [2761/2934] 3abc6238-aa60-449b-b4d9-9a79b9eb3a4c: valid; 1.1 s; peak memory 7273 MiB.
2026-10-01T20:11:53Z INFO [2762/2934] 3abdea77-bb9b-400e-9700-c329a249bb36: not valid; 0.9 s; peak memory 7273 MiB.
2026-10-01T20:11:54Z INFO [2763/2934] 3b2a5f23-dc34-491a-9eb6-86d083f425be: not valid; 0.9 s; peak memory 7273 MiB.
2026-10-01T20:11:55Z INFO [2764/2934] 3b318d8e-d7bb-457f-821c-7d9631109cfc: not valid; 1.0 s; peak memory 7273 MiB.
2026-10-01T20:11:56Z INFO [2765/2934] 3b428864-e527-43ce-9c69-9c89a6937395: valid; 0.8 s; peak memory 7273 MiB.
2026-10-01T20:11:58Z INFO [2766/2934] 3b4bed27-a77c-4f01-aecf-68da178dcaab: valid; 1.8 s; peak memory 7273 MiB.
2026-10-01T20:12:00Z INFO [2767/2934] 3b70e5bc-5961-410c-9dac-9bdb7e5d8d0a: valid; 2.0 s; peak memory 7273 MiB.
2026-10-01T20:12:02Z INFO [2768/2934] 3baf2a89-88bf-412a-8f4b-2c140351735e: valid; 1.7 s; peak memory 7273 MiB.
2026-10-01T20:12:03Z INFO [2769/2934] 3bbc835c-ef96-4990-92fc-ff114762b601: not valid; 1.2 s; peak memory 7273 MiB.
2026-10-01T20:12:03Z INFO [2770/2934] 3c1dd84e-1a22-4f99-ac9c-3c6bccf6b822: valid; 0.7 s; peak memory 7273 MiB.
2026-10-01T20:12:10Z INFO [2771/2934] 3c423f32-7900-4ce7-9fe0-d976d416884a: valid; 7.0 s; peak memory 7273 MiB.
2026-10-01T20:12:12Z INFO [2772/2934] 3c4d9d76-4b38-44dc-8819-73f8a0569586: valid; 1.2 s; peak memory 7273 MiB.
2026-10-01T20:12:15Z INFO [2773/2934] 3c652142-3bbb-4d59-822c-efaa477dfe7b: not valid; 3.3 s; peak memory 7273 MiB.
2026-10-01T20:12:16Z INFO [2774/2934] 3c888eb7-36f9-4bde-9974-5236944cac1e: not valid; 0.7 s; peak memory 7273 MiB.
2026-10-01T20:12:17Z INFO [2775/2934] 3c8a333f-2de7-4428-9388-f13db963c057: valid; 1.0 s; peak memory 7273 MiB.
2026-10-01T20:12:19Z INFO [2776/2934] 3ca95ca4-48ab-4d38-a402-36c94768cfbb: valid; 1.9 s; peak memory 7273 MiB.
2026-10-01T20:12:20Z INFO [2777/2934] 3cb302b5-2944-4161-8c45-63a9f01771a6: valid; 1.0 s; peak memory 7273 MiB.
2026-10-01T20:12:21Z INFO [2778/2934] 3ccb36d9-0986-4640-a46e-81c28630222a: valid; 1.2 s; peak memory 7273 MiB.
2026-10-01T20:13:23Z INFO [2779/2934] 3cef3f6c-31d3-41d5-bd88-876d2bea85ec: not valid; 62.0 s; peak memory 7273 MiB.
2026-10-01T20:13:24Z INFO [2780/2934] 3cf9b992-ce86-48ad-9c10-6731ad2c9721: not valid; 1.3 s; peak memory 7273 MiB.
2026-10-01T20:13:26Z INFO [2781/2934] 3cfd5bba-3794-40fe-a3fe-a1c322956bd9: valid; 1.4 s; peak memory 7273 MiB.
2026-10-01T20:13:27Z INFO [2782/2934] 3d029fb4-719b-490d-8144-ef7757665677: not valid; 1.7 s; peak memory 7273 MiB.
2026-10-01T20:13:28Z INFO [2783/2934] 3d0fae1f-d777-4e06-b241-e161ca52d396: valid; 1.1 s; peak memory 7273 MiB.
2026-10-01T20:13:29Z INFO [2784/2934] 3d2b04eb-ac63-4a22-9a5b-342f48e77b9b: not valid; 0.9 s; peak memory 7273 MiB.
2026-10-01T20:13:30Z INFO [2785/2934] 3d41b082-a6d3-4a61-b9d4-527805e211f0: not valid; 0.8 s; peak memory 7273 MiB.
2026-10-01T20:13:31Z INFO [2786/2934] 3d675377-886c-4032-a8e0-8a1f527d2797: valid; 1.2 s; peak memory 7273 MiB.
2026-10-01T20:13:33Z INFO [2787/2934] 3d9f76f0-db51-42cd-b027-0505db406f15: valid; 1.7 s; peak memory 7273 MiB.
2026-10-01T20:13:34Z INFO [2788/2934] 3dc193bf-e2a0-47e1-ae11-ae3d9cf34636: valid; 1.0 s; peak memory 7273 MiB.
2026-10-01T20:13:35Z INFO [2789/2934] 3dd0e694-21ef-4756-8610-70f8659afbec: valid; 1.1 s; peak memory 7273 MiB.
2026-10-01T20:13:36Z INFO [2790/2934] 3dd8c886-b15d-44ee-bbd9-35aef9388650: not valid; 0.7 s; peak memory 7273 MiB.
2026-10-01T20:13:37Z INFO [2791/2934] 3de525e7-6888-4ab1-8f99-8aedc981eee3: valid; 0.8 s; peak memory 7273 MiB.
2026-10-01T20:13:38Z INFO [2792/2934] 3e047bad-49da-4c43-94e3-3fc089507159: valid; 1.1 s; peak memory 7273 MiB.
2026-10-01T20:13:39Z INFO [2793/2934] 3e150f44-3c71-4dd4-8c0d-515bc940c431: valid; 1.1 s; peak memory 7273 MiB.
2026-10-01T20:13:40Z INFO [2794/2934] 3e2a2e6c-6bd0-41f0-9397-e438294f209e: valid; 1.3 s; peak memory 7273 MiB.
2026-10-01T20:13:49Z INFO [2795/2934] 3e2effc6-9a68-45af-810f-524948c7aa33: valid; 9.0 s; peak memory 7273 MiB.
2026-10-01T20:13:56Z INFO [2796/2934] 3e36cf5f-3979-496c-89b6-6034ca77cb72: valid; 7.0 s; peak memory 7273 MiB.
2026-10-01T20:13:59Z INFO [2797/2934] 3e415bdf-52fc-45d8-91b7-8457716f6292: valid; 2.5 s; peak memory 7273 MiB.
2026-10-01T20:13:59Z INFO [2798/2934] 3e6fd686-347d-404f-b0e2-cb56a5fdabe3: valid; 0.9 s; peak memory 7273 MiB.
2026-10-01T20:13:59Z WARNING 3ecc5083-edbc-46dc-83e0-7175d63f7e65: failed while retrieving asset information from the DANDI API (NotFoundError: No asset at path 'sub-R4/sub-R4_ses-20190904T210000_behavior+ophys.nwb' in version 0.260415.1712. Verify the path is correct and the asset exists in this version. Use 'dandi ls' to list available assets.)
2026-10-01T20:14:00Z INFO [2800/2934] 3ed5e47e-c3ea-4db7-a0f1-6aa454110492: valid; 0.8 s; peak memory 7273 MiB.
2026-10-01T20:14:01Z INFO [2800/2934] 3ed5e47e-c3ea-4db7-a0f1-6aa454110492: checkpointed 88010 records.
2026-10-01T20:14:02Z INFO [2801/2934] 3ed61fa5-2c1d-4464-89e2-71bfe95e3512: valid; 1.3 s; peak memory 7273 MiB.
2026-10-01T20:14:04Z WARNING 3ed9c8d6-7e92-4be2-a830-2dc1d218bfb7: failed while opening the NWB file (ConstructError: (root/acquisition/_iblmic_audioSpectrogram/bands GroupBuilder {'attributes': {'colnames': array(['freq'], dtype=object), 'description': 'spectogram frequencies', 'namespace': 'core', 'neurodata_type': 'FrequencyBandsTable', 'object_id': 'd9e00609-cff5-4ee0-95dc-307738942591'}, 'groups': {}, 'datasets': {'freq': root/acquisition/_iblmic_audioSpectrogram/bands/freq DatasetBuilder {'attributes': {'description': 'frequency value', 'namespace': 'hdmf-common', 'neurodata_type': 'VectorData', 'object_id': 'cbed74d0-8e74-48df-aa5c-a7027420f5c3'}, 'data': <HDF5 dataset "freq": shape (257,), type "<f4">}, 'id': root/acquisition/_iblmic_audioSpectrogram/bands/id DatasetBuilder {'attributes': {'namespace': 'hdmf-common', 'neurodata_type': 'ElementIdentifiers', 'object_id': 'dad20518-a337-4b44-a53d-da78b2171ee4'}, 'data': <HDF5 dataset "id": shape (257,), type "<i4">}}, 'links': {}}, "Could not construct FrequencyBandsTable object due to: column must have the same number of rows as 'id'"))
2026-10-01T20:14:11Z INFO [2803/2934] 3ee56119-c943-4630-b147-c0b556292e58: valid; 7.3 s; peak memory 7273 MiB.
2026-10-01T20:14:12Z INFO [2804/2934] 3ee9b220-0bae-4058-bdc7-f7896b0b3f61: valid; 1.0 s; peak memory 7273 MiB.
2026-10-01T20:14:13Z INFO [2805/2934] 3f121e3d-a720-443d-960c-0fa3a6dddad9: not valid; 0.9 s; peak memory 7273 MiB.
2026-10-01T20:14:22Z INFO [2806/2934] 3f19f8e9-4ae8-4bf3-884a-dbc838500d81: valid; 8.7 s; peak memory 7279 MiB.
2026-10-01T20:14:23Z INFO [2807/2934] 3f24a172-d296-416f-8920-d6c8cfb3237c: not valid; 1.0 s; peak memory 7279 MiB.
2026-10-01T20:14:23Z INFO [2808/2934] 3f4a164d-617c-4482-b687-b8db72e5e621: not valid; 0.8 s; peak memory 7279 MiB.
2026-10-01T20:14:23Z WARNING 3f4f440b-b7ca-45b9-a559-977baaa0ead9: failed while retrieving asset information from the DANDI API (NotFoundError: No such Dandiset: 000948)
2026-10-01T20:14:30Z INFO [2810/2934] 3f5e2e53-60c3-4b46-a90e-64d3714e8c6a: valid; 6.7 s; peak memory 7279 MiB.
2026-10-01T20:14:35Z INFO [2811/2934] 3f6a14f1-0a56-41c7-be8b-0f34f5ed9c27: valid; 4.5 s; peak memory 7279 MiB.
2026-10-01T20:14:40Z INFO [2812/2934] 3f81ce23-cc0a-494e-9991-e11589c76dd0: valid; 5.6 s; peak memory 7279 MiB.
2026-10-01T20:14:42Z INFO [2813/2934] 3f9bed29-3f7e-4001-a288-a864c4eebc2c: not valid; 1.9 s; peak memory 7279 MiB.
2026-10-01T20:14:47Z INFO [2814/2934] 3fb9fb3a-ccab-4dc6-9429-81c340b60d76: valid; 5.2 s; peak memory 7279 MiB.
2026-10-01T20:14:48Z INFO [2815/2934] 3fcf9018-34a9-427a-9a05-cc0854d8ced2: valid; 0.9 s; peak memory 7279 MiB.
2026-10-01T20:14:51Z INFO [2816/2934] 3fdf7885-93da-4341-afb1-b730a87a7c11: valid; 2.6 s; peak memory 7279 MiB.
2026-10-01T20:14:54Z INFO [2817/2934] 40177c59-4983-42d2-8fe4-bcdb4cbb2d60: valid; 3.3 s; peak memory 7279 MiB.
2026-10-01T20:14:55Z INFO [2818/2934] 403eb1fd-2228-4505-ba5c-94bf47a60701: valid; 0.8 s; peak memory 7279 MiB.
2026-10-01T20:14:56Z INFO [2819/2934] 40b4116d-3246-48e3-acba-165c624bfb94: valid; 0.8 s; peak memory 7279 MiB.
2026-10-01T20:14:57Z INFO [2820/2934] 4104f698-35a4-40cb-aed4-1366b6750493: not valid; 1.2 s; peak memory 7279 MiB.
2026-10-01T20:14:58Z INFO [2821/2934] 41228d27-8b4b-4657-9624-c7580c678225: valid; 0.7 s; peak memory 7279 MiB.
2026-10-01T20:14:58Z INFO [2822/2934] 413af475-ef53-45cb-9465-4cba72907c33: valid; 0.6 s; peak memory 7279 MiB.
2026-10-01T20:14:59Z INFO [2823/2934] 41615284-645f-4dc0-b6ae-0cc4657d365d: valid; 1.1 s; peak memory 7279 MiB.
2026-10-01T20:15:00Z INFO [2824/2934] 416da869-2e80-44a9-a1fb-0425c986dda6: valid; 1.1 s; peak memory 7279 MiB.
2026-10-01T20:15:04Z INFO [2825/2934] 4174a999-3a06-4828-ad80-c54059393e84: valid; 3.5 s; peak memory 7279 MiB.
2026-10-01T20:15:06Z INFO [2826/2934] 41827a82-bb65-44e5-b112-e0a6de494f39: valid; 2.0 s; peak memory 7279 MiB.
2026-10-01T20:15:09Z INFO [2827/2934] 418470d0-04a9-4696-b08f-eb5523c7aa3f: not valid; 3.0 s; peak memory 7279 MiB.
2026-10-01T20:15:12Z INFO [2828/2934] 41979836-80b4-42b3-853b-d8de96a31a43: valid; 3.1 s; peak memory 7279 MiB.
2026-10-01T20:15:14Z INFO [2829/2934] 41a26e74-f1ac-4dc2-8d83-06c46e42d232: valid; 2.1 s; peak memory 7279 MiB.
2026-10-01T20:15:15Z INFO [2830/2934] 41a766ae-068e-44ba-ab87-8b4501723256: valid; 0.8 s; peak memory 7279 MiB.
2026-10-01T20:15:16Z INFO [2831/2934] 41d50a15-8019-4994-8673-b7b194b52541: valid; 0.8 s; peak memory 7279 MiB.
2026-10-01T20:15:22Z INFO [2832/2934] 421d4a9e-c16b-488d-9188-6f5e5dc57277: valid; 6.1 s; peak memory 7279 MiB.
2026-10-01T20:15:23Z INFO [2833/2934] 424cf3a7-2ee1-493c-a09f-12ddcc932c51: valid; 1.0 s; peak memory 7279 MiB.
2026-10-01T20:15:24Z INFO [2834/2934] 4271e3d3-b4a0-46dd-b3cb-90e8229f1a35: valid; 1.5 s; peak memory 7279 MiB.
2026-10-01T20:15:27Z INFO [2835/2934] 42853b1d-bc34-44e6-8582-5950b9021fea: valid; 2.7 s; peak memory 7279 MiB.
2026-10-01T20:15:28Z INFO [2836/2934] 42a0fd91-421f-452d-bb3e-f7048785ccbb: valid; 1.1 s; peak memory 7279 MiB.
2026-10-01T20:15:30Z INFO [2837/2934] 42a31009-efe5-42c0-993b-111915dc2cf7: valid; 1.3 s; peak memory 7279 MiB.
2026-10-01T20:15:32Z INFO [2838/2934] 42a53691-24e7-4bac-afd4-4400cceede68: valid; 2.8 s; peak memory 7279 MiB.
2026-10-01T20:15:34Z INFO [2839/2934] 42b331e9-e573-4c6f-afb0-7e89da444d6b: valid; 1.5 s; peak memory 7279 MiB.
2026-10-01T20:15:35Z INFO [2840/2934] 42d2081f-b324-4de5-bd22-72b43eb4c80d: valid; 0.9 s; peak memory 7279 MiB.
2026-10-01T20:15:35Z INFO [2841/2934] 42d730ca-714a-4e44-871c-9aaa0ace99c4: valid; 0.5 s; peak memory 7279 MiB.
2026-10-01T20:15:36Z INFO [2842/2934] 42e2a258-6a7e-4938-9834-fd849da90b92: valid; 0.7 s; peak memory 7279 MiB.
2026-10-01T20:15:37Z INFO [2843/2934] 42f873cf-2d61-4497-b89e-262d517b3ca8: not valid; 1.0 s; peak memory 7279 MiB.
2026-10-01T20:15:39Z INFO [2844/2934] 43110c37-832c-4b8e-8821-72cca9d254ee: not valid; 1.7 s; peak memory 7279 MiB.
2026-10-01T20:15:39Z INFO [2845/2934] 4348772a-d483-4d1e-a0f1-52b422bd265e: valid; 0.7 s; peak memory 7279 MiB.
2026-10-01T20:15:46Z INFO [2846/2934] 435dc91b-5435-4201-bf24-ea534038a76f: valid; 6.2 s; peak memory 7279 MiB.
2026-10-01T20:15:47Z INFO [2847/2934] 436191b8-bc4d-4229-8991-b69cefba6a9c: not valid; 1.8 s; peak memory 7279 MiB.
2026-10-01T20:15:53Z INFO [2848/2934] 436e448b-ae1a-43e6-b069-622f36f9533e: valid; 5.8 s; peak memory 7279 MiB.
2026-10-01T20:15:56Z INFO [2849/2934] 437a662a-7669-444e-bdf3-8b33cea9aeaf: valid; 2.4 s; peak memory 7279 MiB.
2026-10-01T20:15:56Z INFO [2850/2934] 4392a5d3-a559-403c-baff-9c4bf9e8ddc3: valid; 0.7 s; peak memory 7279 MiB.
2026-10-01T20:15:57Z INFO [2850/2934] 4392a5d3-a559-403c-baff-9c4bf9e8ddc3: checkpointed 88010 records.
2026-10-01T20:15:57Z INFO [2851/2934] 43ad1821-eb8a-4206-897e-655862d92012: valid; 0.6 s; peak memory 7279 MiB.
2026-10-01T20:15:59Z INFO [2852/2934] 43b0d986-3d86-4e99-9820-72cac9c47f60: not valid; 1.8 s; peak memory 7279 MiB.
2026-10-01T20:16:00Z INFO [2853/2934] 43bdd104-f9e7-48a4-a71a-eb3501b62b45: not valid; 0.8 s; peak memory 7279 MiB.
2026-10-01T20:16:01Z INFO [2854/2934] 43c7f908-6cdb-4ba3-9e89-1af5d3991c81: valid; 0.7 s; peak memory 7279 MiB.
2026-10-01T20:16:03Z INFO [2855/2934] 43ddb77c-7bb8-4885-bb15-bdd40e65d528: valid; 1.8 s; peak memory 7279 MiB.
2026-10-01T20:16:04Z INFO [2856/2934] 4405ed5a-8f24-46e6-b9e3-804ccf5588d0: valid; 1.8 s; peak memory 7279 MiB.
2026-10-01T20:16:06Z INFO [2857/2934] 44102d12-dfc8-4c62-8c7e-10187b7468e4: valid; 2.0 s; peak memory 7279 MiB.
2026-10-01T20:16:07Z INFO [2858/2934] 441b8c8a-33c7-4dae-934f-86c2a9e8ee00: not valid; 0.8 s; peak memory 7279 MiB.
2026-10-01T20:16:08Z INFO [2859/2934] 44835a87-dcd4-4962-a2de-2c69142333dc: not valid; 0.6 s; peak memory 7279 MiB.
2026-10-01T20:16:09Z INFO [2860/2934] 4484f84a-31f4-4a92-be13-df382d89a5c1: valid; 1.2 s; peak memory 7279 MiB.
2026-10-01T20:16:16Z INFO [2861/2934] 44985962-eaed-41e5-ac5e-bf7f797a69a7: valid; 7.5 s; peak memory 7279 MiB.
2026-10-01T20:16:18Z INFO [2862/2934] 454cd52a-0c0b-42b0-aff3-31ca46771c40: valid; 1.1 s; peak memory 7279 MiB.
2026-10-01T20:16:18Z INFO [2863/2934] 4587cb61-1719-4fa1-b38a-64511c822b98: not valid; 0.8 s; peak memory 7279 MiB.
2026-10-01T20:16:21Z INFO [2864/2934] 459f8b76-4372-4c3e-a3f0-019dd792229a: valid; 2.9 s; peak memory 7279 MiB.
2026-10-01T20:16:22Z INFO [2865/2934] 45a01563-a18a-46d5-a818-50e45b2c53e7: valid; 0.8 s; peak memory 7279 MiB.
2026-10-01T20:16:32Z INFO [2866/2934] 45b28658-9d76-4811-85de-a401394f3a43: valid; 9.5 s; peak memory 7279 MiB.
2026-10-01T20:16:33Z INFO [2867/2934] 45cd9c01-1202-4dc0-b1d5-451518365ebc: not valid; 1.5 s; peak memory 7279 MiB.
2026-10-01T20:16:34Z INFO [2868/2934] 45e6f498-b203-475e-aec9-e1f4f82659f9: valid; 0.7 s; peak memory 7279 MiB.
2026-10-01T20:16:36Z INFO [2869/2934] 45e8b5f7-8ffc-4e3c-87e7-a3f6b66c8bd2: valid; 2.0 s; peak memory 7279 MiB.
2026-10-01T20:16:37Z INFO [2870/2934] 45f46cd5-b054-4fc6-b880-ce51ce884af6: not valid; 1.1 s; peak memory 7279 MiB.
2026-10-01T20:16:38Z INFO [2871/2934] 45fb9355-c88f-4bb8-b387-bf7913e40ead: valid; 1.1 s; peak memory 7279 MiB.
2026-10-01T20:16:39Z INFO [2872/2934] 46053ea6-990c-4bc7-b59c-348ceff0d6e5: not valid; 1.3 s; peak memory 7279 MiB.
2026-10-01T20:16:41Z INFO [2873/2934] 463766fa-17f0-4ead-b567-ca8e09d28871: valid; 1.3 s; peak memory 7279 MiB.
2026-10-01T20:16:41Z INFO [2874/2934] 4647c86f-95ce-48fb-86d7-45be7b65419c: valid; 0.7 s; peak memory 7279 MiB.
2026-10-01T20:16:42Z INFO [2875/2934] 464ef246-193b-40bb-9727-dd155716a9fa: valid; 1.1 s; peak memory 7279 MiB.
2026-10-01T20:16:45Z INFO [2876/2934] 465915c9-036f-44b0-a3a9-9d6d2f0039d5: not valid; 2.2 s; peak memory 7279 MiB.
2026-10-01T20:16:45Z INFO [2877/2934] 466e78c5-575e-4102-9e58-06de512dd620: not valid; 0.5 s; peak memory 7279 MiB.
2026-10-01T20:16:46Z INFO [2878/2934] 4670859a-001b-48b6-a447-1a804545821b: not valid; 1.1 s; peak memory 7279 MiB.
2026-10-01T20:16:47Z INFO [2879/2934] 46860229-cc72-4039-abd2-70c1945ae8d7: valid; 1.2 s; peak memory 7279 MiB.
2026-10-01T20:16:48Z INFO [2880/2934] 468f4efa-a6b1-4de1-8ae2-e3466d8531f6: valid; 0.6 s; peak memory 7279 MiB.
2026-10-01T20:16:49Z INFO [2881/2934] 46a41a28-104a-40bd-bfcc-1c155a5caad5: valid; 0.6 s; peak memory 7279 MiB.
2026-10-01T20:16:50Z WARNING 46b67334-8dd5-46f5-b3ef-0b3e0a27289f: failed while opening the NWB file (ConstructError: (root/acquisition/_iblmic_audioSpectrogram/bands GroupBuilder {'attributes': {'colnames': array(['freq'], dtype=object), 'description': 'spectogram frequencies', 'namespace': 'core', 'neurodata_type': 'FrequencyBandsTable', 'object_id': '93df1446-7142-4081-afe6-73cfc99acc9c'}, 'groups': {}, 'datasets': {'freq': root/acquisition/_iblmic_audioSpectrogram/bands/freq DatasetBuilder {'attributes': {'description': 'frequency value', 'namespace': 'hdmf-common', 'neurodata_type': 'VectorData', 'object_id': 'b37f86d8-d959-4d34-a8a6-cb947242466c'}, 'data': <HDF5 dataset "freq": shape (257,), type "<f4">}, 'id': root/acquisition/_iblmic_audioSpectrogram/bands/id DatasetBuilder {'attributes': {'namespace': 'hdmf-common', 'neurodata_type': 'ElementIdentifiers', 'object_id': '45fef34d-55a9-4d2c-8144-ab04a0b10193'}, 'data': <HDF5 dataset "id": shape (257,), type "<i4">}}, 'links': {}}, "Could not construct FrequencyBandsTable object due to: column must have the same number of rows as 'id'"))
2026-10-01T20:16:51Z INFO [2883/2934] 46cc2b16-4f0a-4a7a-8671-6d3d6bc3d8a8: valid; 1.1 s; peak memory 7279 MiB.
2026-10-01T20:16:55Z INFO [2884/2934] 4738e1ea-ac8d-4fe9-b9e8-54ebcf5f33f2: valid; 4.5 s; peak memory 7279 MiB.
2026-10-01T20:16:57Z INFO [2885/2934] 4798ca80-e75f-4713-94fe-bc1a006e1392: valid; 1.3 s; peak memory 7279 MiB.
2026-10-01T20:17:01Z INFO [2886/2934] 47a619c4-adcb-4104-ad6a-d0c27d24f1f5: not valid; 4.9 s; peak memory 7279 MiB.
2026-10-01T20:17:09Z INFO [2887/2934] 47b12468-c487-4eb0-8fd9-83f1d2111a47: valid; 7.4 s; peak memory 7279 MiB.
2026-10-01T20:17:11Z INFO [2888/2934] 47b6697f-9a80-4fdc-87a7-ec436be2205f: valid; 1.7 s; peak memory 7279 MiB.
2026-10-01T20:17:12Z INFO [2889/2934] 47c420fd-8faa-43d6-95d2-d8f85dd95d96: not valid; 1.1 s; peak memory 7279 MiB.
2026-10-01T20:17:13Z INFO [2890/2934] 47ea5070-10c5-4017-82bc-74f7e2736eff: valid; 1.0 s; peak memory 7279 MiB.
2026-10-01T20:17:14Z INFO [2891/2934] 47f6d6e1-e9e7-4912-b38c-f4138c69957b: valid; 1.2 s; peak memory 7279 MiB.
2026-10-01T20:17:16Z INFO [2892/2934] 4801d717-697b-4873-8842-ee0d73cce560: valid; 2.6 s; peak memory 7279 MiB.
2026-10-01T20:17:17Z INFO [2893/2934] 481aa2f4-c6d0-4693-96d2-1eb6c20a158f: not valid; 0.8 s; peak memory 7279 MiB.
2026-10-01T20:17:19Z INFO [2894/2934] 481ac16e-e760-4910-a9a1-8f52829a195f: valid; 1.5 s; peak memory 7279 MiB.
2026-10-01T20:17:20Z INFO [2895/2934] 483425d8-e1f7-42e1-a5dd-3e97870b4343: valid; 1.4 s; peak memory 7279 MiB.
2026-10-01T20:17:22Z INFO [2896/2934] 4840d3dc-6cf1-4500-98d5-87e6ff1b2a3e: valid; 1.5 s; peak memory 7279 MiB.
2026-10-01T20:17:23Z INFO [2897/2934] 4843c66d-bfd2-4921-b737-4ef3f2600ed1: valid; 1.2 s; peak memory 7279 MiB.
2026-10-01T20:17:24Z INFO [2898/2934] 4868c391-1605-4842-9615-52c99af366a2: not valid; 0.9 s; peak memory 7279 MiB.
2026-10-01T20:17:29Z INFO [2899/2934] 489ef131-30c8-40ef-9a4c-b4c9829d99ee: valid; 5.6 s; peak memory 7368 MiB.
2026-10-01T20:17:31Z INFO [2900/2934] 48a9e5f5-d00c-4eec-a05f-727b26d5f7cd: not valid; 1.2 s; peak memory 7368 MiB.
2026-10-01T20:17:31Z INFO [2900/2934] 48a9e5f5-d00c-4eec-a05f-727b26d5f7cd: checkpointed 88010 records.
2026-10-01T20:17:51Z INFO [2901/2934] 48af4bf9-94ac-4e6b-9a8a-cb93e1742d12: valid; 19.9 s; peak memory 7881 MiB.
2026-10-01T20:17:52Z INFO [2902/2934] 48b04e67-00d7-4976-8a56-8b80332d1908: valid; 0.7 s; peak memory 7881 MiB.
2026-10-01T20:17:53Z INFO [2903/2934] 48b8bd98-b071-4858-b4a7-91b02121960c: valid; 0.8 s; peak memory 7881 MiB.
2026-10-01T20:17:53Z INFO [2904/2934] 48cb0159-9b94-4427-b3f4-167a54b0b941: not valid; 0.8 s; peak memory 7881 MiB.
2026-10-01T20:17:58Z INFO [2905/2934] 48cb1845-c528-4a3f-a78b-a583f0e05707: valid; 5.0 s; peak memory 7881 MiB.
2026-10-01T20:17:59Z INFO [2906/2934] 48cd5628-5500-4851-b0be-fa2737e8b40a: valid; 0.7 s; peak memory 7881 MiB.
2026-10-01T20:18:00Z INFO [2907/2934] 48dd19ba-d4c2-4e06-9243-09eb5090774f: not valid; 1.2 s; peak memory 7881 MiB.
2026-10-01T20:18:02Z INFO [2908/2934] 48de7d79-e80d-4b55-afbb-6b929f3166c3: valid; 1.8 s; peak memory 7881 MiB.
2026-10-01T20:18:04Z INFO [2909/2934] 48ea159c-a37c-49ad-9fc8-a478769bc6a5: valid; 2.1 s; peak memory 7881 MiB.
2026-10-01T20:18:05Z INFO [2910/2934] 48f40aac-a5c7-4cc3-995e-a2646a982a9e: valid; 1.2 s; peak memory 7881 MiB.
2026-10-01T20:18:06Z INFO [2911/2934] 48f87ca6-469c-4677-9239-b692e14e0156: valid; 0.8 s; peak memory 7881 MiB.
2026-10-01T20:18:07Z INFO [2912/2934] 49197ff4-6ea6-46a5-8c96-8be09484b70e: not valid; 1.1 s; peak memory 7881 MiB.
2026-10-01T20:18:08Z INFO [2913/2934] 49305e34-771a-4e11-becc-a491e7374f3b: valid; 1.1 s; peak memory 7881 MiB.
2026-10-01T20:18:09Z INFO [2914/2934] 49310d62-6393-45f0-b38c-fb43c01abddd: not valid; 0.7 s; peak memory 7881 MiB.
2026-10-01T20:18:11Z INFO [2915/2934] 4967f34e-4b36-447b-b836-8ec74b81e39b: not valid; 2.4 s; peak memory 7881 MiB.
2026-10-01T20:18:12Z INFO [2916/2934] 496cbe40-8030-482b-a908-7fe29c0b84df: valid; 1.0 s; peak memory 7881 MiB.
2026-10-01T20:18:13Z WARNING 499451d1-230b-4683-aaa7-64a7c17b2370: failed while opening the NWB file (ValueError: Cannot resolve included group spec 'electrodes' with data_type_inc 'ElectrodesTable' because a group spec with the same name already exists with data_type_inc 'DynamicTable', and data type 'DynamicTable' is not a child type of data type 'ElectrodesTable'.)
2026-10-01T20:18:17Z INFO [2918/2934] 49b7b09f-fd58-489d-ad8a-91155f9c5b5a: valid; 3.4 s; peak memory 7881 MiB.
2026-10-01T20:18:17Z INFO [2919/2934] 49c2db9b-e59a-4df4-a8fc-1eb721ff81ab: not valid; 0.6 s; peak memory 7881 MiB.
2026-10-01T20:18:20Z INFO [2920/2934] 4a1010ab-0c14-46d2-8b16-742a951e67a3: not valid; 2.8 s; peak memory 7881 MiB.
2026-10-01T20:18:21Z INFO [2921/2934] 4a1445ed-8a21-4353-9958-852c7fd882be: valid; 1.0 s; peak memory 7881 MiB.
2026-10-01T20:18:22Z INFO [2922/2934] 4a3e1af9-805a-43f2-afe8-cbd4d3eae83e: valid; 0.8 s; peak memory 7881 MiB.
2026-10-01T20:18:23Z INFO [2923/2934] 4a4128e8-a0c9-4c91-81b6-af7728f52336: valid; 0.9 s; peak memory 7881 MiB.
2026-10-01T20:18:24Z INFO [2924/2934] 4a45eeec-935c-475f-bbef-f64d63172dff: not valid; 0.9 s; peak memory 7881 MiB.
2026-10-01T20:18:24Z INFO [2925/2934] 4abf9373-b09b-4d5e-b9e4-82014989f7c1: valid; 0.7 s; peak memory 7881 MiB.
2026-10-01T20:18:26Z INFO [2926/2934] 4acbb448-78ec-4751-93d1-001ef5db8995: not valid; 1.2 s; peak memory 7881 MiB.
2026-10-01T20:18:28Z INFO [2927/2934] 4b04f10e-aa99-4e18-b7e3-0b91d046a8c8: not valid; 2.2 s; peak memory 7881 MiB.
2026-10-01T20:18:30Z INFO [2928/2934] 4b11e53e-c2ea-49b0-afbb-10ae7e910066: valid; 2.1 s; peak memory 7881 MiB.
2026-10-01T20:18:31Z INFO [2929/2934] 4b1ae5c8-76b6-4d0d-b299-8f65c80a5150: valid; 0.8 s; peak memory 7881 MiB.
2026-10-01T20:18:32Z INFO [2930/2934] 4b20995b-07bc-4afa-b049-af60aa0eebef: valid; 0.9 s; peak memory 7881 MiB.
2026-10-01T20:18:38Z INFO [2931/2934] 4b42930b-7a4e-44e8-8887-d4ea1fd46a7b: not valid; 6.1 s; peak memory 7881 MiB.
2026-10-01T20:18:45Z INFO [2932/2934] 4b50bb28-970b-4d49-98c4-f09023f760cd: valid; 7.3 s; peak memory 7974 MiB.
2026-10-01T20:18:46Z INFO [2933/2934] 4b773745-d5d0-47ba-947e-10ced395a93d: valid; 0.8 s; peak memory 7974 MiB.
2026-10-01T20:18:53Z INFO [2934/2934] 4b96c60f-84ab-40f3-88c7-3152ecdf357c: valid; 6.7 s; peak memory 7974 MiB.
2026-10-01T20:18:53Z INFO Wrote 88010 records to /tmp/derivatives/content_id_to_valid_nwb_file.jsonl (2800 new, 134 failed) in 117.7 min (peak memory 7974 MiB).
