2026-10-04T08:45:24Z INFO Logging to /tmp/logs/update_2026-10-04T08-45-24Z.log.
2026-10-04T08:45:24Z INFO Update content-id-to-valid-nwb-file (base directory /tmp).
2026-10-04T08:45:27Z INFO Processing 2500 items (106010 already recorded).
2026-10-04T08:45:28Z INFO [1/2500] 3ecdb92b-8817-4b53-8ac6-878237068a25: valid; 1.2 s; peak memory 373 MiB.
2026-10-04T08:45:41Z INFO [2/2500] 3ece77e2-015f-4327-8380-3a4e1172fb78: valid; 13.2 s; peak memory 630 MiB.
2026-10-04T08:45:43Z INFO [3/2500] 3eceda2a-a7b3-43ba-94b4-87599f7b776d: valid; 1.5 s; peak memory 630 MiB.
2026-10-04T08:45:45Z INFO [4/2500] 3ed009d6-6d4a-4f41-ac44-18717fb08911: valid; 2.0 s; peak memory 630 MiB.
2026-10-04T08:45:46Z INFO [5/2500] 3ed041ca-2b06-4764-92cd-4bc53855e7ed: valid; 0.9 s; peak memory 630 MiB.
2026-10-04T08:45:46Z INFO [6/2500] 3ed09cf0-34e1-4053-9d0f-023bf4722a5e: valid; 0.8 s; peak memory 630 MiB.
2026-10-04T08:45:52Z INFO [7/2500] 3ed127ff-601c-4114-b0ab-f46151a4fcea: valid; 5.7 s; peak memory 649 MiB.
2026-10-04T08:46:04Z INFO [8/2500] 3ed14291-3cc8-4498-822d-7a828a843904: valid; 11.4 s; peak memory 695 MiB.
2026-10-04T08:46:05Z INFO [9/2500] 3ed17d1f-8777-4982-9fea-7716d8555319: valid; 1.7 s; peak memory 708 MiB.
2026-10-04T08:46:06Z INFO [10/2500] 3ed2ad39-8f02-4dba-af95-cb25ce62cd54: valid; 0.8 s; peak memory 710 MiB.
2026-10-04T08:46:07Z INFO [11/2500] 3ed2ca98-6545-4626-b4a2-3d2e1ec18856: valid; 1.0 s; peak memory 713 MiB.
2026-10-04T08:46:08Z INFO [12/2500] 3ed321b3-307f-458e-9591-4d1ea0165e8d: valid; 1.0 s; peak memory 713 MiB.
2026-10-04T08:46:09Z INFO [13/2500] 3ed34ea3-22f0-499a-b0c1-d01162c4f862: valid; 0.8 s; peak memory 714 MiB.
2026-10-04T08:46:10Z INFO [14/2500] 3ed512e2-ab18-42fc-b23c-d043cff75591: valid; 1.5 s; peak memory 746 MiB.
2026-10-04T08:46:11Z INFO [15/2500] 3ed51d89-095e-4daa-84c7-fb6f12998357: valid; 0.8 s; peak memory 746 MiB.
2026-10-04T08:46:12Z INFO [16/2500] 3ed69f72-0a5f-4ed3-89c9-0725e40733f6: not valid; 1.2 s; peak memory 746 MiB.
2026-10-04T08:46:14Z INFO [17/2500] 3ed6da26-7462-47b4-8f63-81244f4502e3: valid; 1.8 s; peak memory 747 MiB.
2026-10-04T08:46:16Z INFO [18/2500] 3ed6f14f-0758-4213-b992-da48eff73e90: valid; 2.0 s; peak memory 761 MiB.
2026-10-04T08:46:19Z INFO [19/2500] 3ed737a8-9790-4be9-9779-9a99402fa020: valid; 2.7 s; peak memory 764 MiB.
2026-10-04T08:46:24Z INFO [20/2500] 3ed7d26e-adae-40af-8105-f9f0c3491bcd: valid; 5.2 s; peak memory 764 MiB.
2026-10-04T08:46:25Z WARNING 3ed7dbd3-3dd0-43d3-9f11-e756a5c6124e: failed while opening the NWB file (ConstructError: (root/acquisition/_iblmic_audioSpectrogram/bands GroupBuilder {'attributes': {'colnames': array(['freq'], dtype=object), 'description': 'spectogram frequencies', 'namespace': 'core', 'neurodata_type': 'FrequencyBandsTable', 'object_id': 'e9b0f2f0-a9d5-44fa-aebf-160ff334b887'}, 'groups': {}, 'datasets': {'freq': root/acquisition/_iblmic_audioSpectrogram/bands/freq DatasetBuilder {'attributes': {'description': 'frequency value', 'namespace': 'hdmf-common', 'neurodata_type': 'VectorData', 'object_id': '7987b5f4-930c-48de-a37e-c3d7966de725'}, 'data': <HDF5 dataset "freq": shape (257,), type "<f4">}, 'id': root/acquisition/_iblmic_audioSpectrogram/bands/id DatasetBuilder {'attributes': {'namespace': 'hdmf-common', 'neurodata_type': 'ElementIdentifiers', 'object_id': '555f82bc-0b3e-4d9c-85d0-7b9df3ac96d0'}, 'data': <HDF5 dataset "id": shape (257,), type "<i4">}}, 'links': {}}, "Could not construct FrequencyBandsTable object due to: column must have the same number of rows as 'id'"))
2026-10-04T08:46:26Z INFO [22/2500] 3ed7fd6f-5cfc-4860-bf16-633e3202789f: valid; 0.8 s; peak memory 764 MiB.
2026-10-04T08:46:27Z INFO [23/2500] 3ed85468-c020-4c48-821d-5794c990f06c: valid; 1.2 s; peak memory 764 MiB.
2026-10-04T08:46:28Z INFO [24/2500] 3ed8d05e-98fc-4c39-9567-e2f38c4f6932: valid; 1.1 s; peak memory 764 MiB.
2026-10-04T08:46:29Z WARNING 3ed92593-5848-41ec-a5f5-aa7ed8769be7: failed while opening the NWB file (ConstructError: (root/acquisition/_iblmic_audioSpectrogram/bands GroupBuilder {'attributes': {'colnames': array(['freq'], dtype=object), 'description': 'spectogram frequencies', 'namespace': 'core', 'neurodata_type': 'FrequencyBandsTable', 'object_id': '317b2a98-7915-4ae8-a49a-ed080c5baa85'}, 'groups': {}, 'datasets': {'freq': root/acquisition/_iblmic_audioSpectrogram/bands/freq DatasetBuilder {'attributes': {'description': 'frequency value', 'namespace': 'hdmf-common', 'neurodata_type': 'VectorData', 'object_id': 'dbe3be68-3053-445e-825d-24ffc119e386'}, 'data': <HDF5 dataset "freq": shape (257,), type "<f4">}, 'id': root/acquisition/_iblmic_audioSpectrogram/bands/id DatasetBuilder {'attributes': {'namespace': 'hdmf-common', 'neurodata_type': 'ElementIdentifiers', 'object_id': 'de249b81-b0bd-4398-a725-c9b33a655861'}, 'data': <HDF5 dataset "id": shape (257,), type "<i4">}}, 'links': {}}, "Could not construct FrequencyBandsTable object due to: column must have the same number of rows as 'id'"))
2026-10-04T08:46:31Z INFO [26/2500] 3ed97390-5795-41df-8ee7-e76d5a174569: valid; 1.3 s; peak memory 764 MiB.
2026-10-04T08:46:35Z INFO [27/2500] 3ed9ce28-a5ff-4ff3-a777-b91ea72e078a: not valid; 4.6 s; peak memory 764 MiB.
2026-10-04T08:46:36Z INFO [28/2500] 3eda2e52-69df-44a4-b7f4-63215912d95b: not valid; 0.9 s; peak memory 764 MiB.
2026-10-04T08:46:37Z INFO [29/2500] 3edac450-f3a3-412f-bfe8-f23d1e0a9e03: not valid; 1.1 s; peak memory 764 MiB.
2026-10-04T08:46:39Z INFO [30/2500] 3edb0e9b-5f8c-411e-86ab-cf6d6763d70c: valid; 1.3 s; peak memory 764 MiB.
2026-10-04T08:46:40Z INFO [31/2500] 3edba4e5-51b5-48df-bed0-242287ed002c: valid; 1.0 s; peak memory 764 MiB.
2026-10-04T08:46:41Z INFO [32/2500] 3edbc262-9615-4f4e-8b05-d971aa75ee09: not valid; 1.0 s; peak memory 764 MiB.
2026-10-04T08:46:42Z INFO [33/2500] 3edcb13a-1bd2-4d48-b1c4-6a5d702c886f: not valid; 1.2 s; peak memory 764 MiB.
2026-10-04T08:46:42Z INFO [34/2500] 3edda483-24ba-4c66-84a4-57da5d6fe442: valid; 0.7 s; peak memory 764 MiB.
2026-10-04T08:46:45Z INFO [35/2500] 3edde9bc-1d0e-4c8a-8b43-3908f73da11d: valid; 3.0 s; peak memory 764 MiB.
2026-10-04T08:46:47Z WARNING 3ede13f3-977c-4b64-ac47-5ccd782d0e61: failed while opening the NWB file (ConstructError: (root/acquisition/_iblmic_audioSpectrogram/bands GroupBuilder {'attributes': {'colnames': array(['freq'], dtype=object), 'description': 'spectogram frequencies', 'namespace': 'core', 'neurodata_type': 'FrequencyBandsTable', 'object_id': '4694e5e8-d9a3-4337-b3dd-ce5cabbcd722'}, 'groups': {}, 'datasets': {'freq': root/acquisition/_iblmic_audioSpectrogram/bands/freq DatasetBuilder {'attributes': {'description': 'frequency value', 'namespace': 'hdmf-common', 'neurodata_type': 'VectorData', 'object_id': '18b3119c-eb90-4a47-853b-e8538326d466'}, 'data': <HDF5 dataset "freq": shape (257,), type "<f4">}, 'id': root/acquisition/_iblmic_audioSpectrogram/bands/id DatasetBuilder {'attributes': {'namespace': 'hdmf-common', 'neurodata_type': 'ElementIdentifiers', 'object_id': '314aa697-ac79-4bba-818f-f3cc99bf7b9c'}, 'data': <HDF5 dataset "id": shape (257,), type "<i4">}}, 'links': {}}, "Could not construct FrequencyBandsTable object due to: column must have the same number of rows as 'id'"))
2026-10-04T08:46:48Z INFO [37/2500] 3ede5ce6-eb0f-401f-8207-765fab6d01a5: valid; 1.5 s; peak memory 764 MiB.
2026-10-04T08:46:49Z INFO [38/2500] 3ede7af5-01ae-4bc4-917a-4aa43fc9527f: not valid; 1.0 s; peak memory 764 MiB.
2026-10-04T08:46:50Z INFO [39/2500] 3edebd4f-18d3-4a40-8680-87ca38844cec: valid; 0.9 s; peak memory 764 MiB.
2026-10-04T08:46:53Z INFO [40/2500] 3edf5511-1b1d-460c-a02e-76e9bfd5e032: not valid; 3.1 s; peak memory 764 MiB.
2026-10-04T08:46:54Z INFO [41/2500] 3edfa6a2-b90b-4e2e-ad3d-2db674dd2ecb: valid; 0.7 s; peak memory 764 MiB.
2026-10-04T08:46:55Z INFO [42/2500] 3ee09b7c-9894-4fce-bf4e-d4ee38f746ba: not valid; 0.9 s; peak memory 764 MiB.
2026-10-04T08:46:56Z INFO [43/2500] 3ee1a5fd-d31e-4e64-bc72-8a95e0f39a74: not valid; 0.8 s; peak memory 764 MiB.
2026-10-04T08:46:57Z INFO [44/2500] 3ee1c0ff-196e-472d-bbca-08da1ce57666: valid; 1.8 s; peak memory 764 MiB.
2026-10-04T08:46:59Z INFO [45/2500] 3ee1e2c3-1c35-4301-acfb-9349792cb8e9: valid; 1.3 s; peak memory 764 MiB.
2026-10-04T08:47:00Z INFO [46/2500] 3ee1f190-c9cf-48f2-aa1b-c243258902d8: valid; 1.5 s; peak memory 764 MiB.
2026-10-04T08:47:01Z INFO [47/2500] 3ee235a4-7554-4cff-b9d8-2aaf3fec4b1e: valid; 0.9 s; peak memory 764 MiB.
2026-10-04T08:47:16Z INFO [48/2500] 3ee2e4d0-d3ab-4c71-87a9-7f3be48cf7c1: valid; 15.2 s; peak memory 764 MiB.
2026-10-04T08:47:17Z INFO [49/2500] 3ee31228-fda0-4d58-9322-7c38b720fa11: valid; 0.7 s; peak memory 764 MiB.
2026-10-04T08:47:20Z INFO [50/2500] 3ee372cd-5d0c-4c7c-8d7f-4db3fb208e0a: valid; 3.1 s; peak memory 767 MiB.
2026-10-04T08:47:21Z INFO [50/2500] 3ee372cd-5d0c-4c7c-8d7f-4db3fb208e0a: checkpointed 106060 records.
2026-10-04T08:47:22Z INFO [51/2500] 3ee3ef56-dc04-4ec1-959f-fa46257cd607: valid; 1.5 s; peak memory 776 MiB.
2026-10-04T08:47:25Z INFO [52/2500] 3ee42317-767d-4135-844a-96a8ec7ad56b: valid; 2.7 s; peak memory 776 MiB.
2026-10-04T08:47:26Z INFO [53/2500] 3ee435c5-4c98-4631-8ecb-ad09cf01fba4: valid; 0.9 s; peak memory 777 MiB.
2026-10-04T08:47:27Z INFO [54/2500] 3ee443cf-f41c-4fb0-a5c4-875f937dcecb: valid; 1.6 s; peak memory 779 MiB.
2026-10-04T08:47:29Z INFO [55/2500] 3ee49576-c17a-4610-a0ce-78825e4b8013: not valid; 1.5 s; peak memory 781 MiB.
2026-10-04T08:47:30Z INFO [56/2500] 3ee4eee8-2bb9-425e-b8fe-91f238d379b8: not valid; 1.2 s; peak memory 797 MiB.
2026-10-04T08:47:36Z INFO [57/2500] 3ee5119b-ca06-49c9-9bd6-3461a43ec130: valid; 6.2 s; peak memory 818 MiB.
2026-10-04T08:47:38Z INFO [58/2500] 3ee5322a-2041-4520-96d9-a146d6197073: not valid; 1.2 s; peak memory 821 MiB.
2026-10-04T08:47:39Z INFO [59/2500] 3ee65e1c-4927-47ee-8a84-ae11f8704491: valid; 1.6 s; peak memory 824 MiB.
2026-10-04T08:47:40Z INFO [60/2500] 3ee6af5a-2a1f-477e-b70b-cd8c1b69a317: not valid; 1.2 s; peak memory 824 MiB.
2026-10-04T08:47:42Z INFO [61/2500] 3ee6d13e-63d9-4aca-8dd8-6105110ad0c3: valid; 1.2 s; peak memory 824 MiB.
2026-10-04T08:47:43Z INFO [62/2500] 3ee79f93-7ae3-437f-aa23-0c77ae6f7631: valid; 1.0 s; peak memory 824 MiB.
2026-10-04T08:47:44Z INFO [63/2500] 3ee809c4-e620-43f3-9032-553499afec23: valid; 1.6 s; peak memory 824 MiB.
2026-10-04T08:47:46Z INFO [64/2500] 3ee854b0-fc29-4582-8109-e15b94e8420e: valid; 1.5 s; peak memory 824 MiB.
2026-10-04T08:47:48Z INFO [65/2500] 3ee87796-2094-4d9e-b70e-5d49c9e81e21: valid; 1.9 s; peak memory 826 MiB.
2026-10-04T08:47:49Z INFO [66/2500] 3ee9519c-d6b7-4737-ae05-9a2d9e8d8bc5: not valid; 1.1 s; peak memory 826 MiB.
2026-10-04T08:47:54Z INFO [67/2500] 3ee9c6e9-8053-42eb-b9b9-d39648103c0a: valid; 5.5 s; peak memory 855 MiB.
2026-10-04T08:47:55Z INFO [68/2500] 3ee9fc90-e82e-4107-96c8-9bca1cc5eabf: not valid; 0.9 s; peak memory 859 MiB.
2026-10-04T08:47:56Z INFO [69/2500] 3eea83df-56a4-49a0-9d0d-6df717545716: valid; 0.9 s; peak memory 863 MiB.
2026-10-04T08:47:58Z INFO [70/2500] 3eeabd5c-face-4eaf-8968-f6dbbf321e88: valid; 1.9 s; peak memory 872 MiB.
2026-10-04T08:48:00Z INFO [71/2500] 3eeae5c0-9b63-42db-a96b-b59b0b2c5c02: valid; 1.9 s; peak memory 884 MiB.
2026-10-04T08:48:02Z INFO [72/2500] 3eeaf84f-5312-4b37-b8fa-5a44808bc67f: valid; 1.7 s; peak memory 896 MiB.
2026-10-04T08:48:03Z INFO [73/2500] 3eeb1b36-30a4-4d09-8398-bb9ba11772a4: valid; 1.4 s; peak memory 897 MiB.
2026-10-04T08:48:08Z INFO [74/2500] 3eeb3025-62bc-4d5e-9be9-29e3d3e4e57c: valid; 4.9 s; peak memory 897 MiB.
2026-10-04T08:48:10Z INFO [75/2500] 3eeb4087-03e0-4628-bf25-2a9ebb802e14: valid; 1.8 s; peak memory 897 MiB.
2026-10-04T08:48:11Z INFO [76/2500] 3eec5b40-1299-4b31-bb79-9295a147f6d4: valid; 0.7 s; peak memory 897 MiB.
2026-10-04T08:48:12Z INFO [77/2500] 3eecbcb9-2559-4468-bcdb-13221509108b: valid; 1.2 s; peak memory 897 MiB.
2026-10-04T08:48:13Z WARNING 3eed7602-c2fc-4aff-9af4-5460a2b06796: failed while opening the NWB file (ConstructError: (root/acquisition/_iblmic_audioSpectrogram/bands GroupBuilder {'attributes': {'colnames': array(['freq'], dtype=object), 'description': 'spectogram frequencies', 'namespace': 'core', 'neurodata_type': 'FrequencyBandsTable', 'object_id': '36c5d729-ed0f-4bb0-9eed-029059f8f031'}, 'groups': {}, 'datasets': {'freq': root/acquisition/_iblmic_audioSpectrogram/bands/freq DatasetBuilder {'attributes': {'description': 'frequency value', 'namespace': 'hdmf-common', 'neurodata_type': 'VectorData', 'object_id': 'f81b26a9-ed8f-4844-83fd-2be036352a9b'}, 'data': <HDF5 dataset "freq": shape (257,), type "<f4">}, 'id': root/acquisition/_iblmic_audioSpectrogram/bands/id DatasetBuilder {'attributes': {'namespace': 'hdmf-common', 'neurodata_type': 'ElementIdentifiers', 'object_id': '78b9ec7c-d05f-4f3a-86e4-cc67a60881f7'}, 'data': <HDF5 dataset "id": shape (257,), type "<i4">}}, 'links': {}}, "Could not construct FrequencyBandsTable object due to: column must have the same number of rows as 'id'"))
2026-10-04T08:48:22Z INFO [79/2500] 3eef37a7-de37-482e-a914-158ad5e11e7f: valid; 8.9 s; peak memory 943 MiB.
2026-10-04T08:48:24Z INFO [80/2500] 3eef9a84-db15-4826-965f-65d2a9bdc7d5: valid; 1.8 s; peak memory 946 MiB.
2026-10-04T08:48:35Z INFO [81/2500] 3eefc88e-f43f-4b4e-a8ef-8e233322d3f1: not valid; 11.5 s; peak memory 1137 MiB.
2026-10-04T08:48:36Z INFO [82/2500] 3eefddf6-4237-4e94-83d9-fc27ee0c5048: valid; 0.7 s; peak memory 1138 MiB.
2026-10-04T08:48:36Z INFO [83/2500] 3ef03c9e-7c7e-4850-970f-125e0c914785: valid; 0.5 s; peak memory 1138 MiB.
2026-10-04T08:48:37Z INFO [84/2500] 3ef11c01-cc44-4700-8c2e-2b4af8c2b7c8: valid; 0.9 s; peak memory 1138 MiB.
2026-10-04T08:48:38Z INFO [85/2500] 3ef1b3fe-4a73-46bb-abff-c006ce08af42: not valid; 1.0 s; peak memory 1138 MiB.
2026-10-04T08:48:39Z INFO [86/2500] 3ef1bae1-d239-488f-b1ad-dff2cf1778d0: valid; 0.8 s; peak memory 1138 MiB.
2026-10-04T08:48:40Z INFO [87/2500] 3ef1caea-1a45-4d73-b8e0-e992130c0024: valid; 1.2 s; peak memory 1140 MiB.
2026-10-04T08:48:43Z INFO [88/2500] 3ef24920-df4d-44cd-b230-742dae52c754: valid; 2.2 s; peak memory 1142 MiB.
2026-10-04T08:48:44Z INFO [89/2500] 3ef29715-cdb9-4a09-b798-30a51ea09ea7: valid; 1.6 s; peak memory 1142 MiB.
2026-10-04T08:48:46Z INFO [90/2500] 3ef346df-ad98-4344-bc58-f572972f1610: valid; 1.9 s; peak memory 1142 MiB.
2026-10-04T08:48:49Z INFO [91/2500] 3ef778b9-fba9-4e2c-92bd-2ee098f2e2f6: not valid; 2.9 s; peak memory 1142 MiB.
2026-10-04T08:48:50Z INFO [92/2500] 3ef860bd-bb59-4caf-bffc-c34965034b8d: valid; 0.7 s; peak memory 1143 MiB.
2026-10-04T08:48:52Z INFO [93/2500] 3ef88d9d-5edd-4571-98d0-8830d25b24fb: not valid; 2.5 s; peak memory 1143 MiB.
2026-10-04T08:48:53Z INFO [94/2500] 3ef8f09c-c9db-45ba-918c-b832f877426e: valid; 0.6 s; peak memory 1143 MiB.
2026-10-04T08:48:55Z INFO [95/2500] 3ef9dff2-90a1-45b7-85aa-a4b5f0cf060a: valid; 2.1 s; peak memory 1143 MiB.
2026-10-04T08:48:56Z INFO [96/2500] 3efa9357-cb54-4fe1-8ed3-fa104eb5988c: not valid; 1.1 s; peak memory 1143 MiB.
2026-10-04T08:48:58Z INFO [97/2500] 3efbe12d-bb42-4be2-ab34-5974530bf253: not valid; 2.1 s; peak memory 1143 MiB.
2026-10-04T08:49:00Z INFO [98/2500] 3efd1f4f-3ca9-4d70-bcf6-c810353a0d9a: valid; 1.9 s; peak memory 1143 MiB.
2026-10-04T08:49:02Z INFO [99/2500] 3efd7ea4-9e9b-478f-bd5c-5594d369f505: valid; 1.6 s; peak memory 1143 MiB.
2026-10-04T08:49:02Z INFO [100/2500] 3efef937-5e8a-43f9-9e84-4754397da976: valid; 0.8 s; peak memory 1143 MiB.
2026-10-04T08:49:03Z INFO [100/2500] 3efef937-5e8a-43f9-9e84-4754397da976: checkpointed 106110 records.
2026-10-04T08:49:04Z INFO [101/2500] 3eff57c7-707b-4e80-aa15-66831f337a0a: valid; 0.8 s; peak memory 1143 MiB.
2026-10-04T08:49:06Z INFO [102/2500] 3effa91f-a00c-4ec8-b6bc-4d000b8c0154: valid; 1.8 s; peak memory 1143 MiB.
2026-10-04T08:49:09Z INFO [103/2500] 3f005f4a-793e-417f-ad8f-72af676c6346: valid; 3.3 s; peak memory 1143 MiB.
2026-10-04T08:49:10Z INFO [104/2500] 3f00dbfb-25b9-4464-aaaa-e3becc4f1aa8: valid; 1.2 s; peak memory 1143 MiB.
2026-10-04T08:49:11Z INFO [105/2500] 3f010e2a-77c1-403a-b870-6915adad9406: valid; 0.7 s; peak memory 1143 MiB.
2026-10-04T08:49:12Z INFO [106/2500] 3f0166a8-1dac-44d6-8125-5b15eefc2587: valid; 0.8 s; peak memory 1143 MiB.
2026-10-04T08:49:14Z INFO [107/2500] 3f017c00-27be-40b2-928b-5796dcb389cc: valid; 2.4 s; peak memory 1143 MiB.
2026-10-04T08:49:15Z INFO [108/2500] 3f019937-5458-4248-b715-8ff3a6b6ec9f: valid; 0.9 s; peak memory 1143 MiB.
2026-10-04T08:49:17Z INFO [109/2500] 3f01dd87-41e2-4431-a781-b6eba69b7dbe: valid; 1.7 s; peak memory 1143 MiB.
2026-10-04T08:49:18Z INFO [110/2500] 3f037a81-83ad-4e36-ac43-204f21f67b44: valid; 1.1 s; peak memory 1143 MiB.
2026-10-04T08:49:20Z INFO [111/2500] 3f045331-df62-4424-bab1-5455b418b3a0: not valid; 2.6 s; peak memory 1143 MiB.
2026-10-04T08:49:21Z INFO [112/2500] 3f0459e9-2cf8-40bc-a8f0-df7a873bb1b0: not valid; 0.9 s; peak memory 1143 MiB.
2026-10-04T08:49:22Z INFO [113/2500] 3f045c2e-d9da-4778-9ed0-b4267017ff6c: valid; 0.5 s; peak memory 1143 MiB.
2026-10-04T08:49:23Z INFO [114/2500] 3f04cd67-2805-486d-ab48-ddb9722a7a2e: valid; 0.9 s; peak memory 1143 MiB.
2026-10-04T08:49:23Z INFO [115/2500] 3f05759c-18de-4e88-bfc9-cebf1f0f0e32: valid; 0.8 s; peak memory 1143 MiB.
2026-10-04T08:49:25Z INFO [116/2500] 3f064586-2103-4c31-abb9-ec48662eb667: valid; 1.4 s; peak memory 1143 MiB.
2026-10-04T08:49:29Z INFO [117/2500] 3f065ae0-6839-4574-be9f-ab1a4fe4c1dc: valid; 3.8 s; peak memory 1221 MiB.
2026-10-04T08:49:31Z INFO [118/2500] 3f06b7d0-f46c-42a5-afac-61d960306b51: valid; 2.1 s; peak memory 1224 MiB.
2026-10-04T08:49:32Z INFO [119/2500] 3f06c56f-4e82-4bee-875c-e454f074e0bf: valid; 1.2 s; peak memory 1224 MiB.
2026-10-04T08:49:33Z INFO [120/2500] 3f070dc0-d865-4e0e-ac68-4fd128641286: valid; 0.8 s; peak memory 1224 MiB.
2026-10-04T08:49:34Z INFO [121/2500] 3f0723a2-7e15-40d8-9352-d680f4b9cfd2: not valid; 1.3 s; peak memory 1224 MiB.
2026-10-04T08:49:34Z INFO [122/2500] 3f074c09-fae9-42b4-ac45-7e78107c27d8: valid; 0.5 s; peak memory 1224 MiB.
2026-10-04T08:49:36Z INFO [123/2500] 3f07917a-060e-483e-9886-a22a4b57502d: valid; 1.2 s; peak memory 1224 MiB.
2026-10-04T08:49:37Z INFO [124/2500] 3f07b7e3-a0e2-4b6c-ab0d-306d5d782895: not valid; 1.2 s; peak memory 1224 MiB.
2026-10-04T08:49:37Z INFO [125/2500] 3f086cc1-62f0-4dd5-bb92-918a3785118a: valid; 0.7 s; peak memory 1224 MiB.
2026-10-04T08:49:39Z INFO [126/2500] 3f096314-dbef-4162-9825-5ce6a41ae9b1: not valid; 1.0 s; peak memory 1224 MiB.
2026-10-04T08:49:39Z INFO [127/2500] 3f098368-dc3b-448e-8d02-8754f7e5fdb5: valid; 0.9 s; peak memory 1224 MiB.
2026-10-04T08:49:41Z WARNING 3f09b72d-3ab8-44f5-bdca-61033b55c69c: failed while opening the NWB file (ConstructError: (root/acquisition/_iblmic_audioSpectrogram/bands GroupBuilder {'attributes': {'colnames': array(['freq'], dtype=object), 'description': 'spectogram frequencies', 'namespace': 'core', 'neurodata_type': 'FrequencyBandsTable', 'object_id': 'b780df39-418a-4667-9053-28f78c8b6372'}, 'groups': {}, 'datasets': {'freq': root/acquisition/_iblmic_audioSpectrogram/bands/freq DatasetBuilder {'attributes': {'description': 'frequency value', 'namespace': 'hdmf-common', 'neurodata_type': 'VectorData', 'object_id': '93a8b4a0-300c-4870-8794-2bff5c2d4c2e'}, 'data': <HDF5 dataset "freq": shape (257,), type "<f4">}, 'id': root/acquisition/_iblmic_audioSpectrogram/bands/id DatasetBuilder {'attributes': {'namespace': 'hdmf-common', 'neurodata_type': 'ElementIdentifiers', 'object_id': 'e818327d-5156-41b1-99b2-29dc26c1731a'}, 'data': <HDF5 dataset "id": shape (257,), type "<i4">}}, 'links': {}}, "Could not construct FrequencyBandsTable object due to: column must have the same number of rows as 'id'"))
2026-10-04T08:49:43Z INFO [129/2500] 3f09f5c5-43c5-4831-ad65-54bbdb21e859: valid; 2.1 s; peak memory 1224 MiB.
2026-10-04T08:49:46Z INFO [130/2500] 3f0a6365-54bb-4d61-95b3-11578e8aa8bb: not valid; 2.8 s; peak memory 1266 MiB.
2026-10-04T08:49:55Z INFO [131/2500] 3f0a7eb8-dea2-4e94-a511-9e1834935e8b: not valid; 9.4 s; peak memory 1313 MiB.
2026-10-04T08:50:02Z INFO [132/2500] 3f0abe23-9ebf-43d5-95a0-158677a12e1d: valid; 7.4 s; peak memory 1313 MiB.
2026-10-04T08:50:03Z WARNING 3f0b9da9-6cf9-49a3-a9b7-f2bd1eef65a2: failed while opening the NWB file (ConstructError: (root/acquisition/event_code_meanings GroupBuilder {'attributes': {'colnames': array(['value', 'meaning'], dtype=object), 'description': 'Mapping integer event codes to event labels', 'namespace': 'ndx-events', 'neurodata_type': 'MeaningsTable', 'object_id': '82cf1877-a59f-4182-b8da-361ede0213cf'}, 'groups': {}, 'datasets': {'id': root/acquisition/event_code_meanings/id DatasetBuilder {'attributes': {'namespace': 'hdmf-common', 'neurodata_type': 'ElementIdentifiers', 'object_id': 'd3332165-acdf-464a-af6d-2ff3b74b946c'}, 'data': <HDF5 dataset "id": shape (26,), type "<i8">}, 'meaning': root/acquisition/event_code_meanings/meaning DatasetBuilder {'attributes': {'description': 'The meaning of the value in the parent CategoricalVectorData object.', 'namespace': 'hdmf-experimental', 'neurodata_type': 'VectorData', 'object_id': 'ed7bfc98-7dfb-491a-b35d-d0ae5014b591'}, 'data': <StrDataset for HDF5 dataset "meaning": shape (26,), type "|O">}, 'value': root/acquisition/event_code_meanings/value DatasetBuilder {'attributes': {'description': 'The value of the parent CategoricalVectorData object.', 'namespace': 'hdmf-experimental', 'neurodata_type': 'VectorData', 'object_id': 'b61dbd8e-63c1-487d-8bc4-fb382d4788f2'}, 'data': <HDF5 dataset "value": shape (26,), type "<i8">}}, 'links': {}}, "Could not construct MeaningsTable object due to: MeaningsTable.__init__: missing argument 'target'"))
2026-10-04T08:50:05Z INFO [134/2500] 3f0bb888-332a-4c4f-92ea-55d7798dc11b: not valid; 1.5 s; peak memory 1319 MiB.
2026-10-04T08:50:06Z INFO [135/2500] 3f0bf930-322b-4e3e-9922-aa6faab60712: valid; 1.2 s; peak memory 1319 MiB.
2026-10-04T08:50:14Z INFO [136/2500] 3f0bfcc8-71ee-4c38-ab8d-e4634db52ed3: valid; 7.6 s; peak memory 1358 MiB.
2026-10-04T08:50:15Z INFO [137/2500] 3f0c2c7d-a35b-4a16-a944-7b1d7f5de81e: valid; 1.2 s; peak memory 1369 MiB.
2026-10-04T08:50:16Z INFO [138/2500] 3f0cfa5c-0942-48f3-8365-42c0712ebc37: valid; 1.0 s; peak memory 1372 MiB.
2026-10-04T08:50:17Z INFO [139/2500] 3f0d1f19-89a2-4eb7-9e70-5a39245cb137: not valid; 0.8 s; peak memory 1376 MiB.
2026-10-04T08:50:18Z INFO [140/2500] 3f0d28b3-da53-4d38-91ed-c3905021c536: valid; 1.5 s; peak memory 1383 MiB.
2026-10-04T08:50:27Z INFO [141/2500] 3f0d3495-3d64-4fbe-bc84-77a7b77839ce: valid; 8.2 s; peak memory 1410 MiB.
2026-10-04T08:50:32Z INFO [142/2500] 3f0d761d-5bb7-4a3e-aa3f-39942fdf1f3d: valid; 5.0 s; peak memory 1455 MiB.
2026-10-04T08:50:33Z INFO [143/2500] 3f0d7621-52a0-435a-aa93-65be6454a290: valid; 1.5 s; peak memory 1464 MiB.
2026-10-04T08:50:34Z INFO [144/2500] 3f0e7bca-4ab5-4def-a270-f12d931c0c41: valid; 1.0 s; peak memory 1467 MiB.
2026-10-04T08:50:35Z INFO [145/2500] 3f0e8b3a-d911-4405-93ed-72e3cdf60c05: valid; 0.6 s; peak memory 1468 MiB.
2026-10-04T08:50:35Z INFO [146/2500] 3f0efe5d-7b09-4a98-ab2a-91740d7dcdb4: valid; 0.8 s; peak memory 1468 MiB.
2026-10-04T08:50:36Z INFO [147/2500] 3f0f2d61-8f61-4106-89b1-5e045f881050: not valid; 0.8 s; peak memory 1468 MiB.
2026-10-04T08:50:38Z INFO [148/2500] 3f0fcb73-edb5-47e7-b872-a4a59600c537: valid; 2.2 s; peak memory 1468 MiB.
2026-10-04T08:50:40Z INFO [149/2500] 3f10bb30-2843-4cca-83b6-969297c7ae4f: valid; 1.9 s; peak memory 1468 MiB.
2026-10-04T08:50:41Z INFO [150/2500] 3f10e9a9-7173-4c15-a978-f802cddf7252: not valid; 1.1 s; peak memory 1468 MiB.
2026-10-04T08:50:42Z INFO [150/2500] 3f10e9a9-7173-4c15-a978-f802cddf7252: checkpointed 106160 records.
2026-10-04T08:50:56Z INFO [151/2500] 3f117c66-f953-4c71-939d-b5305334746b: valid; 13.8 s; peak memory 1553 MiB.
2026-10-04T08:50:58Z WARNING 3f119967-1fe5-4776-bb6d-b7fc53977a79: failed while opening the NWB file (ConstructError: (root/general/optogenetics/PatternedOptogeneticStimulusSite GroupBuilder {'attributes': {'effector': 'GUR-3/PRDX-2', 'namespace': 'ndx-patterned-ogen', 'neurodata_type': 'PatternedOptogeneticStimulusSite', 'object_id': 'ac812e1d-a903-47c7-be7d-a92a5b638dca'}, 'groups': {}, 'datasets': {'description': root/general/optogenetics/PatternedOptogeneticStimulusSite/description DatasetBuilder {'attributes': {}, 'data': 'Scanning'}, 'excitation_lambda': root/general/optogenetics/PatternedOptogeneticStimulusSite/excitation_lambda DatasetBuilder {'attributes': {}, 'data': np.float64(850.0)}, 'location': root/general/optogenetics/PatternedOptogeneticStimulusSite/location DatasetBuilder {'attributes': {}, 'data': 'whole brain'}}, 'links': {'device': root/general/optogenetics/PatternedOptogeneticStimulusSite/device LinkBuilder {'builder': root/general/devices/OptogeneticDevice GroupBuilder {'attributes': {'description': '', 'namespace': 'core', 'neurodata_type': 'Device', 'object_id': '974d80c2-73ef-4fc1-8d6e-5a8d902f07ee'}, 'groups': {}, 'datasets': {}, 'links': {}}}, 'light_source': root/general/optogenetics/PatternedOptogeneticStimulusSite/light_source LinkBuilder {'builder': root/general/devices/AmplifiedLaser GroupBuilder {'attributes': {'description': 'For two-photon optogenetic targeting, we used an optical parametric amplifier (OPA; Light Conversion ORPHEUS) pumped by a femtosecond amplified laser (Light Conversion PHAROS).', 'filter_description': 'Short pass at 1040 nm', 'manufacturer': 'Light Conversion', 'model': 'ORPHEUS amplifier and PHAROS laser', 'namespace': 'ndx-patterned-ogen', 'neurodata_type': 'LightSource', 'object_id': '2cfc6b1a-95d0-46ed-8223-69589c9c269a', 'peak_power_in_W': np.float64(0.0012), 'pulse_rate_in_Hz': np.float64(500000.0), 'stimulation_wavelength_in_nm': np.float64(850.0)}, 'groups': {}, 'datasets': {}, 'links': {}}}}}, "Could not construct PatternedOptogeneticStimulusSite object due to: CustomClassGenerator.set_init.<locals>.__init__: incorrect type for 'spatial_light_modulator' (got 'list', expected 'Device')"))
2026-10-04T08:51:00Z INFO [153/2500] 3f12d6ae-d5e8-4c70-8841-aa493e751088: not valid; 1.9 s; peak memory 1562 MiB.
2026-10-04T08:51:02Z INFO [154/2500] 3f1306ca-3bfd-4ec9-8d55-8ad2e9b0269e: valid; 2.5 s; peak memory 1577 MiB.
2026-10-04T08:51:04Z INFO [155/2500] 3f13f7b1-a51a-48b9-885e-d2a3b8902dd1: valid; 1.4 s; peak memory 1587 MiB.
2026-10-04T08:51:06Z INFO [156/2500] 3f140ec8-f9db-409f-a647-5985c92e62f6: valid; 2.0 s; peak memory 1590 MiB.
2026-10-04T08:51:10Z INFO [157/2500] 3f14d603-209a-4ca5-bb4d-9d92ec6d5030: valid; 4.5 s; peak memory 1603 MiB.
2026-10-04T08:51:11Z INFO [158/2500] 3f14f9af-4624-4493-8d46-ba20ed83efc2: valid; 0.7 s; peak memory 1605 MiB.
2026-10-04T08:51:12Z INFO [159/2500] 3f161649-7a47-48d3-aab5-99d2cf954fab: valid; 1.4 s; peak memory 1614 MiB.
2026-10-04T08:51:15Z INFO [160/2500] 3f162d7c-1a2f-4f47-a926-36e30821eeea: valid; 2.5 s; peak memory 1624 MiB.
2026-10-04T08:51:18Z INFO [161/2500] 3f163cd7-3a1e-46dd-990b-21bcdc26567f: valid; 3.2 s; peak memory 1709 MiB.
2026-10-04T08:51:26Z INFO [162/2500] 3f16e637-1225-42e6-9f59-fc1bbf9aaacd: valid; 8.1 s; peak memory 1714 MiB.
2026-10-04T08:51:27Z INFO [163/2500] 3f171c76-d2ba-414b-9092-0e0be4d1a6a2: not valid; 0.9 s; peak memory 1716 MiB.
2026-10-04T08:51:27Z INFO [164/2500] 3f17f6f5-cb4b-4e12-a395-2063fa08357f: valid; 0.6 s; peak memory 1717 MiB.
2026-10-04T08:51:33Z INFO [165/2500] 3f185d01-0c1a-455c-87e1-ca97b570df1b: valid; 5.8 s; peak memory 1817 MiB.
2026-10-04T08:51:36Z INFO [166/2500] 3f189550-2258-4d75-be2a-7435071340e0: not valid; 2.8 s; peak memory 1817 MiB.
2026-10-04T08:51:38Z INFO [167/2500] 3f18b2bc-ee53-491f-a384-b0b487f82ede: valid; 1.7 s; peak memory 1817 MiB.
2026-10-04T08:51:39Z INFO [168/2500] 3f18e33f-1bcb-48d3-9b78-8519e50c1a25: valid; 1.0 s; peak memory 1817 MiB.
2026-10-04T08:51:47Z INFO [169/2500] 3f18ec4c-6dbb-435c-80d0-ee2a8cd6521c: valid; 8.3 s; peak memory 1840 MiB.
2026-10-04T08:51:49Z INFO [170/2500] 3f191405-9bea-48d0-9ebb-1bd3211d24a1: valid; 1.9 s; peak memory 1844 MiB.
2026-10-04T08:52:02Z INFO [171/2500] 3f19b2b2-dde4-4f0b-bf3a-f9fee007c367: valid; 12.8 s; peak memory 1984 MiB.
2026-10-04T08:52:08Z INFO [172/2500] 3f19bca0-3a9b-4a0f-b927-3445e16828f3: valid; 6.6 s; peak memory 2072 MiB.
2026-10-04T08:52:10Z INFO [173/2500] 3f1a892b-c6d0-4676-bbb8-f0747e26411c: not valid; 1.5 s; peak memory 2076 MiB.
2026-10-04T08:52:12Z INFO [174/2500] 3f1af0bd-62a2-4406-8ce3-9c6465e885fc: valid; 1.8 s; peak memory 2085 MiB.
2026-10-04T08:52:21Z INFO [175/2500] 3f1b3653-b84d-4730-8cd4-afd683037636: valid; 9.4 s; peak memory 2167 MiB.
2026-10-04T08:52:22Z INFO [176/2500] 3f1b5f39-0abc-4f10-90f2-51ca08a8433d: not valid; 1.4 s; peak memory 2171 MiB.
2026-10-04T08:52:23Z INFO [177/2500] 3f1b9e70-9afc-4d82-b378-d39e67c2ed7e: valid; 0.9 s; peak memory 2173 MiB.
2026-10-04T08:52:24Z INFO [178/2500] 3f1bbe92-5cb0-4ac0-8989-6938b49f6041: valid; 0.8 s; peak memory 2173 MiB.
2026-10-04T08:52:25Z WARNING 3f1bc79d-ca9d-4f76-9360-7c75deed9c4a: failed while opening the NWB file (ConstructError: (root/acquisition/_iblmic_audioSpectrogram/bands GroupBuilder {'attributes': {'colnames': array(['freq'], dtype=object), 'description': 'spectogram frequencies', 'namespace': 'core', 'neurodata_type': 'FrequencyBandsTable', 'object_id': 'd2a2b4d0-8f8a-4efe-ba20-47aa19bc79ea'}, 'groups': {}, 'datasets': {'freq': root/acquisition/_iblmic_audioSpectrogram/bands/freq DatasetBuilder {'attributes': {'description': 'frequency value', 'namespace': 'hdmf-common', 'neurodata_type': 'VectorData', 'object_id': '8660076f-bc30-4d08-b31f-38d1b9523b78'}, 'data': <HDF5 dataset "freq": shape (257,), type "<f4">}, 'id': root/acquisition/_iblmic_audioSpectrogram/bands/id DatasetBuilder {'attributes': {'namespace': 'hdmf-common', 'neurodata_type': 'ElementIdentifiers', 'object_id': '112b50d5-15b9-4dcc-a670-1194b907427e'}, 'data': <HDF5 dataset "id": shape (257,), type "<i4">}}, 'links': {}}, "Could not construct FrequencyBandsTable object due to: column must have the same number of rows as 'id'"))
2026-10-04T08:52:26Z WARNING 3f1ca6f1-d86e-4ab4-b4c5-668c75910b05: failed while opening the NWB file (ConstructError: (root/acquisition/_iblmic_audioSpectrogram/bands GroupBuilder {'attributes': {'colnames': array(['freq'], dtype=object), 'description': 'spectogram frequencies', 'namespace': 'core', 'neurodata_type': 'FrequencyBandsTable', 'object_id': 'b9c9dbb7-0148-4717-9d55-2c93fb63d6c6'}, 'groups': {}, 'datasets': {'freq': root/acquisition/_iblmic_audioSpectrogram/bands/freq DatasetBuilder {'attributes': {'description': 'frequency value', 'namespace': 'hdmf-common', 'neurodata_type': 'VectorData', 'object_id': 'a90992f1-9ed3-4227-b995-ce67a14ff22c'}, 'data': <HDF5 dataset "freq": shape (257,), type "<f4">}, 'id': root/acquisition/_iblmic_audioSpectrogram/bands/id DatasetBuilder {'attributes': {'namespace': 'hdmf-common', 'neurodata_type': 'ElementIdentifiers', 'object_id': '4c86a363-fbb3-4027-b808-f53ad9d12dee'}, 'data': <HDF5 dataset "id": shape (257,), type "<i4">}}, 'links': {}}, "Could not construct FrequencyBandsTable object due to: column must have the same number of rows as 'id'"))
2026-10-04T08:52:31Z INFO [181/2500] 3f1cb9ac-9022-4ee6-9067-a0ec57645856: valid; 4.3 s; peak memory 2190 MiB.
2026-10-04T08:52:32Z INFO [182/2500] 3f1cdc44-6058-4128-ade5-0af61ae09408: valid; 1.6 s; peak memory 2193 MiB.
2026-10-04T08:52:34Z INFO [183/2500] 3f1ce467-18bf-4445-8598-709f74045979: valid; 1.6 s; peak memory 2193 MiB.
2026-10-04T08:52:38Z INFO [184/2500] 3f1dbb45-bc17-408d-9dc3-be9446d89a95: valid; 4.5 s; peak memory 2193 MiB.
2026-10-04T08:52:42Z INFO [185/2500] 3f1e0c05-3b74-4dff-a999-f48aae27c056: valid; 3.5 s; peak memory 2193 MiB.
2026-10-04T08:52:43Z INFO [186/2500] 3f1e44b1-baf6-4d0d-afe6-290db3dec743: not valid; 1.2 s; peak memory 2193 MiB.
2026-10-04T08:52:45Z INFO [187/2500] 3f1e60b0-0d58-4291-9a58-47f0b36a7e71: valid; 1.9 s; peak memory 2193 MiB.
2026-10-04T08:52:46Z INFO [188/2500] 3f1e7bd7-d73d-404e-b3d0-aebbd216532d: valid; 0.8 s; peak memory 2193 MiB.
2026-10-04T08:52:47Z INFO [189/2500] 3f1e7db3-81b0-4968-b7c7-4924e22adacc: valid; 1.5 s; peak memory 2193 MiB.
2026-10-04T08:52:48Z INFO [190/2500] 3f1f870a-b373-4193-bbd1-2fbb57351e41: not valid; 1.1 s; peak memory 2193 MiB.
2026-10-04T08:53:10Z INFO [191/2500] 3f203945-c81b-466f-b4af-a246aae694e9: not valid; 22.2 s; peak memory 2193 MiB.
2026-10-04T08:53:11Z INFO [192/2500] 3f208125-fabe-47ff-9e6e-cc44c7cc63cf: valid; 1.0 s; peak memory 2193 MiB.
2026-10-04T08:53:13Z INFO [193/2500] 3f209a48-9cd8-4424-baa9-5f37c598f003: valid; 1.2 s; peak memory 2193 MiB.
2026-10-04T08:53:17Z INFO [194/2500] 3f20f655-a981-4809-9e0f-6760348ff7cd: valid; 4.8 s; peak memory 2193 MiB.
2026-10-04T08:53:18Z INFO [195/2500] 3f210137-c40f-4803-8122-644e2e2005f2: valid; 0.8 s; peak memory 2193 MiB.
2026-10-04T08:53:20Z INFO [196/2500] 3f212d96-9173-405c-8bb1-2b363e82715d: valid; 1.4 s; peak memory 2193 MiB.
2026-10-04T08:53:34Z INFO [197/2500] 3f2134ec-ab8c-4d79-95d2-445b55e0eb6a: valid; 14.1 s; peak memory 2193 MiB.
2026-10-04T08:53:35Z INFO [198/2500] 3f221fe5-4284-42ab-9e8b-7d1e70ea2d27: valid; 1.2 s; peak memory 2193 MiB.
2026-10-04T08:53:36Z INFO [199/2500] 3f2232f9-5095-476f-a210-87ef56aa17bb: valid; 0.9 s; peak memory 2193 MiB.
2026-10-04T08:53:39Z INFO [200/2500] 3f228e96-1b5f-4d8c-ad2f-db9757a44c7f: valid; 3.3 s; peak memory 2193 MiB.
2026-10-04T08:53:40Z INFO [200/2500] 3f228e96-1b5f-4d8c-ad2f-db9757a44c7f: checkpointed 106210 records.
2026-10-04T08:53:41Z INFO [201/2500] 3f233c3c-48db-4254-b1fa-3f3c2f830c04: valid; 0.8 s; peak memory 2193 MiB.
2026-10-04T08:53:47Z INFO [202/2500] 3f247f5d-a674-4a78-8577-59f4dced44de: valid; 6.1 s; peak memory 2193 MiB.
2026-10-04T08:53:49Z INFO [203/2500] 3f258e38-7a5d-4e91-9dbc-8d92d081d4ea: valid; 2.3 s; peak memory 2193 MiB.
2026-10-04T08:53:50Z INFO [204/2500] 3f262be2-9f5c-4b62-9f40-ad0bfbcaad55: not valid; 1.0 s; peak memory 2193 MiB.
2026-10-04T08:54:00Z INFO [205/2500] 3f26bc60-70a8-4433-b660-8aad89a46269: valid; 9.6 s; peak memory 2193 MiB.
2026-10-04T08:54:01Z INFO [206/2500] 3f2798e4-d887-4ee9-bd99-65043156cb3d: valid; 1.5 s; peak memory 2193 MiB.
2026-10-04T08:54:02Z INFO [207/2500] 3f27adfb-38be-4adc-b84c-878b4413f659: valid; 0.8 s; peak memory 2193 MiB.
2026-10-04T08:54:03Z INFO [208/2500] 3f27d5f1-33d0-488a-be03-788af2c4f8a0: not valid; 1.4 s; peak memory 2193 MiB.
2026-10-04T08:54:04Z INFO [209/2500] 3f2821f6-df4c-44f2-96f6-5a6b6457063a: not valid; 0.8 s; peak memory 2193 MiB.
2026-10-04T08:54:09Z INFO [210/2500] 3f2883f5-dde5-45b4-831c-af0876a4429f: valid; 4.5 s; peak memory 2193 MiB.
2026-10-04T08:54:10Z INFO [211/2500] 3f2900f9-9441-4aad-ae26-277e707d4e6b: not valid; 1.4 s; peak memory 2193 MiB.
2026-10-04T08:54:11Z INFO [212/2500] 3f295d3e-9b8b-4915-8a4f-e91fdcf6a081: valid; 0.9 s; peak memory 2193 MiB.
2026-10-04T08:54:16Z INFO [213/2500] 3f2b522d-8023-4a15-8624-4af94cee84a6: valid; 4.6 s; peak memory 2193 MiB.
2026-10-04T08:54:16Z INFO [214/2500] 3f2b55b4-4521-4a53-bfbb-05531d040589: valid; 0.8 s; peak memory 2193 MiB.
2026-10-04T08:54:17Z INFO [215/2500] 3f2c335f-b4df-4876-9366-256bca7895bc: not valid; 0.9 s; peak memory 2193 MiB.
2026-10-04T08:54:18Z INFO [216/2500] 3f2d5665-eda9-4b66-92f1-266582294be2: not valid; 0.9 s; peak memory 2193 MiB.
2026-10-04T08:54:20Z INFO [217/2500] 3f2e7008-507b-49c2-beda-9a81c8068438: valid; 1.4 s; peak memory 2193 MiB.
2026-10-04T08:54:21Z INFO [218/2500] 3f2f2e69-0bb3-422e-a12a-a4aef5998c92: not valid; 1.0 s; peak memory 2193 MiB.
2026-10-04T08:54:21Z WARNING 3f2f8674-c1b8-4bb0-9604-7a628ffed4a7: failed while retrieving asset information from the DANDI API (NotFoundError: No asset at path 'sub-parkinson-simulated-beta/sub-parkinson-simulated-beta_ses-3438_ecephys.nwb' in version 0.250327.2220. Verify the path is correct and the asset exists in this version. Use 'dandi ls' to list available assets.)
2026-10-04T08:54:22Z INFO [220/2500] 3f2f8c09-5eff-4591-944c-37428ab8617c: not valid; 0.9 s; peak memory 2193 MiB.
2026-10-04T08:54:23Z INFO [221/2500] 3f2fa022-9c6d-4737-bd4d-7df0ec338715: not valid; 1.0 s; peak memory 2193 MiB.
2026-10-04T08:54:24Z INFO [222/2500] 3f2fa5a2-501e-4ab7-84b2-826636545109: valid; 1.8 s; peak memory 2193 MiB.
2026-10-04T08:54:27Z INFO [223/2500] 3f2fcbbc-ebf5-4d62-80e0-510b17088994: valid; 2.1 s; peak memory 2193 MiB.
2026-10-04T08:54:29Z INFO [224/2500] 3f2fd7d9-98a1-4db5-a7da-6a4412a61660: valid; 2.0 s; peak memory 2193 MiB.
2026-10-04T08:54:30Z INFO [225/2500] 3f306d0f-1a83-4e8e-9bb7-15e640beb886: valid; 1.1 s; peak memory 2193 MiB.
2026-10-04T08:54:50Z INFO [226/2500] 3f30fc0e-8728-4472-b4bb-9bc03b217270: not valid; 19.9 s; peak memory 3217 MiB.
2026-10-04T08:54:50Z INFO [227/2500] 3f32058e-0b57-47cd-aee3-fb43c86f6749: valid; 0.8 s; peak memory 3217 MiB.
2026-10-04T08:54:52Z INFO [228/2500] 3f32058f-cfd9-40af-9bb5-25c1f0ea0f21: valid; 1.5 s; peak memory 3217 MiB.
2026-10-04T08:54:53Z INFO [229/2500] 3f3278c9-77a0-47db-9034-cfed628f1c4c: not valid; 1.1 s; peak memory 3217 MiB.
2026-10-04T08:54:54Z INFO [230/2500] 3f329f85-8e86-4694-abe2-6a9a87cdba31: valid; 0.6 s; peak memory 3217 MiB.
2026-10-04T08:55:01Z INFO [231/2500] 3f32f2f5-3f8d-43ba-a725-3f2f5203221b: valid; 7.5 s; peak memory 3217 MiB.
2026-10-04T08:55:07Z INFO [232/2500] 3f330a5c-aa80-467e-9581-e2e1b46807cb: valid; 5.9 s; peak memory 3217 MiB.
2026-10-04T08:55:08Z INFO [233/2500] 3f331b76-d20b-4e80-b223-c18d14709872: valid; 1.1 s; peak memory 3217 MiB.
2026-10-04T08:55:09Z INFO [234/2500] 3f336034-bf77-4b22-babd-d38823767ea6: valid; 0.8 s; peak memory 3217 MiB.
2026-10-04T08:55:19Z INFO [235/2500] 3f34b32d-b179-4800-89e7-88208644e69a: valid; 10.0 s; peak memory 3217 MiB.
2026-10-04T08:55:20Z INFO [236/2500] 3f356b2b-bfc6-4619-86de-405165bd804d: valid; 0.7 s; peak memory 3217 MiB.
2026-10-04T08:55:22Z INFO [237/2500] 3f35a6f3-a12f-4c13-9253-e064c189059a: valid; 2.0 s; peak memory 3217 MiB.
2026-10-04T08:55:23Z INFO [238/2500] 3f35ced4-d80a-4fff-841e-3357fc34a66b: valid; 1.3 s; peak memory 3217 MiB.
2026-10-04T08:55:24Z INFO [239/2500] 3f364b1b-20e2-4966-8162-efcc359080e8: valid; 1.0 s; peak memory 3217 MiB.
2026-10-04T08:55:25Z INFO [240/2500] 3f371ba1-8727-49f8-be24-f041e2079119: valid; 1.0 s; peak memory 3217 MiB.
2026-10-04T08:55:26Z INFO [241/2500] 3f376046-ac96-43d3-b78f-bb55b8d1b9af: valid; 1.3 s; peak memory 3217 MiB.
2026-10-04T08:55:28Z INFO [242/2500] 3f377635-486e-4b06-bbbf-e2e6ff91eb35: valid; 1.5 s; peak memory 3217 MiB.
2026-10-04T08:55:29Z INFO [243/2500] 3f38ce75-7bd5-4c2e-a8ff-0996a7300a65: valid; 0.7 s; peak memory 3217 MiB.
2026-10-04T08:55:29Z INFO [244/2500] 3f39a558-fa72-4bf2-9b83-683c6b3dc842: valid; 0.7 s; peak memory 3217 MiB.
2026-10-04T08:55:29Z WARNING 3f39b079-bd8d-4924-a677-390b2e91edd5: failed while retrieving asset information from the DANDI API (NotFoundError: No such Dandiset: 001269)
2026-10-04T08:55:38Z INFO [246/2500] 3f39f678-b380-4cad-a767-2db597c7a0d3: valid; 8.4 s; peak memory 3217 MiB.
2026-10-04T08:55:39Z INFO [247/2500] 3f3acc00-f432-427e-83b8-9bdc33763684: not valid; 1.0 s; peak memory 3217 MiB.
2026-10-04T08:55:40Z INFO [248/2500] 3f3ad28c-a994-410c-b1d4-70bfe0fcc53f: valid; 1.2 s; peak memory 3217 MiB.
2026-10-04T08:55:41Z INFO [249/2500] 3f3b09ce-7c88-4ff5-807e-b70cfbd50e9b: valid; 1.4 s; peak memory 3217 MiB.
2026-10-04T08:55:46Z INFO [250/2500] 3f3b3217-6b4e-4dfe-9c3c-51ca448a0bc7: valid; 4.3 s; peak memory 3217 MiB.
2026-10-04T08:55:46Z INFO [250/2500] 3f3b3217-6b4e-4dfe-9c3c-51ca448a0bc7: checkpointed 106260 records.
2026-10-04T08:55:47Z INFO [251/2500] 3f3b6174-3d1c-45fa-b48f-33b1d086b9cc: not valid; 1.1 s; peak memory 3217 MiB.
2026-10-04T08:55:49Z INFO [252/2500] 3f3c0a40-78a3-4c1e-90c3-4f825563f3fb: valid; 1.4 s; peak memory 3217 MiB.
2026-10-04T08:55:58Z INFO [253/2500] 3f3c545f-fe1b-4dc3-ad2e-935d2df157ce: valid; 9.6 s; peak memory 3217 MiB.
2026-10-04T08:56:00Z INFO [254/2500] 3f3d2a0c-a544-4264-93ae-b8db9c0967b5: not valid; 1.1 s; peak memory 3217 MiB.
2026-10-04T08:56:01Z INFO [255/2500] 3f3e07d6-597f-4d2a-8674-424fae7b192e: valid; 1.7 s; peak memory 3217 MiB.
2026-10-04T08:56:02Z INFO [256/2500] 3f3e0c15-e1b0-4e3c-97cb-9fdf1faa7d59: not valid; 1.2 s; peak memory 3217 MiB.
2026-10-04T08:56:03Z INFO [257/2500] 3f3e4b48-35f9-4023-a76b-b0047938d110: valid; 0.7 s; peak memory 3217 MiB.
2026-10-04T08:56:05Z INFO [258/2500] 3f3eee3b-eb0f-4ce0-996e-6ed78c527d22: valid; 1.9 s; peak memory 3217 MiB.
2026-10-04T08:56:06Z INFO [259/2500] 3f3f6f32-fec7-481f-9f55-7d9291faac7d: not valid; 1.2 s; peak memory 3217 MiB.
2026-10-04T08:56:06Z WARNING 3f4009f8-8c62-4c50-a866-67f19542d4ac: failed while retrieving asset information from the DANDI API (NotFoundError: No asset at path 'sub-ZS062/sub-ZS062_ses-behavior-ZS062-2021-04-28-17-53-01.nwb' in version 0.260928.2230. Verify the path is correct and the asset exists in this version. Use 'dandi ls' to list available assets.)
2026-10-04T08:56:07Z INFO [261/2500] 3f40466f-ecaf-41e0-bf9b-74e5559df851: valid; 0.8 s; peak memory 3217 MiB.
2026-10-04T08:56:13Z INFO [262/2500] 3f408786-a5e0-4619-b43b-bbb81dc83387: not valid; 5.4 s; peak memory 3217 MiB.
2026-10-04T08:56:13Z INFO [263/2500] 3f415689-1764-4473-9080-160cd5f36951: valid; 0.9 s; peak memory 3217 MiB.
2026-10-04T08:56:15Z INFO [264/2500] 3f417e86-49cf-413e-acee-56fb19db95f6: valid; 1.2 s; peak memory 3217 MiB.
2026-10-04T08:56:16Z INFO [265/2500] 3f418299-c374-427a-bb34-b7afc95f2617: not valid; 1.0 s; peak memory 3217 MiB.
2026-10-04T08:56:17Z INFO [266/2500] 3f41a40c-7c5d-48a0-afe3-40758b2df207: valid; 1.3 s; peak memory 3217 MiB.
2026-10-04T08:56:18Z INFO [267/2500] 3f41c661-dad4-4c97-bd17-a4748adfcac6: valid; 0.8 s; peak memory 3217 MiB.
2026-10-04T08:56:19Z INFO [268/2500] 3f41dd9f-5fad-493c-bd4a-3806f99dabb8: not valid; 1.7 s; peak memory 3217 MiB.
2026-10-04T08:56:22Z INFO [269/2500] 3f423e4b-cecc-45d8-a1b5-3361121f1660: valid; 2.2 s; peak memory 3217 MiB.
2026-10-04T08:56:24Z INFO [270/2500] 3f42b9be-4e8e-4aea-8f19-1b6bb78fd61d: valid; 2.0 s; peak memory 3217 MiB.
2026-10-04T08:56:25Z INFO [271/2500] 3f42d282-bd78-4e36-82a2-6dcc6894933b: valid; 1.3 s; peak memory 3217 MiB.
2026-10-04T08:56:27Z INFO [272/2500] 3f435d50-74a6-4575-b95e-a200833cbfca: not valid; 2.3 s; peak memory 3217 MiB.
2026-10-04T08:56:28Z INFO [273/2500] 3f4364fc-c932-4d9d-95e3-70870386eead: valid; 0.6 s; peak memory 3217 MiB.
2026-10-04T08:56:29Z INFO [274/2500] 3f439e0d-1879-440b-a4c2-020d1d4865ff: valid; 1.1 s; peak memory 3217 MiB.
2026-10-04T08:56:30Z INFO [275/2500] 3f43cf16-c9db-4073-95fb-9cc7e662d713: valid; 0.8 s; peak memory 3217 MiB.
2026-10-04T08:56:31Z INFO [276/2500] 3f43fbe4-0d33-4f76-a866-4f7652b574ec: not valid; 1.0 s; peak memory 3217 MiB.
2026-10-04T08:56:31Z WARNING 3f441c1e-0ea1-4138-93ae-ce0830e71747: failed while retrieving asset information from the DANDI API (NotFoundError: No asset at path 'sub-parkinson-simulated-beta/sub-parkinson-simulated-beta_ses-412_ecephys.nwb' in version 0.250327.2220. Verify the path is correct and the asset exists in this version. Use 'dandi ls' to list available assets.)
2026-10-04T08:56:32Z INFO [278/2500] 3f442ac6-7d18-4f16-a8ab-49ddef28b4f9: valid; 1.3 s; peak memory 3217 MiB.
2026-10-04T08:56:33Z INFO [279/2500] 3f44a803-7c3a-4f74-9243-3c6a7d49f9e7: valid; 0.9 s; peak memory 3217 MiB.
2026-10-04T08:56:34Z INFO [280/2500] 3f44b6f5-b056-451a-a7ef-25ae2909c237: valid; 1.2 s; peak memory 3217 MiB.
2026-10-04T08:56:35Z INFO [281/2500] 3f44f55c-4907-4fc5-a6b8-a10481bffd62: valid; 1.2 s; peak memory 3217 MiB.
2026-10-04T08:56:36Z INFO [282/2500] 3f450e69-bc38-4da0-80cf-7af61dbc4872: valid; 0.5 s; peak memory 3217 MiB.
2026-10-04T08:56:38Z INFO [283/2500] 3f455be3-ea4f-4c5e-8826-0f867c522adb: valid; 2.0 s; peak memory 3217 MiB.
2026-10-04T08:56:49Z INFO [284/2500] 3f45db4b-83b6-4416-826a-ef1030c86e2b: valid; 11.6 s; peak memory 3217 MiB.
2026-10-04T08:56:50Z WARNING 3f46d9d9-0c7a-480c-b104-e8b17bf01205: failed while opening the NWB file (ConstructError: (root/acquisition/_iblmic_audioSpectrogram/bands GroupBuilder {'attributes': {'colnames': array(['freq'], dtype=object), 'description': 'spectogram frequencies', 'namespace': 'core', 'neurodata_type': 'FrequencyBandsTable', 'object_id': 'e8e7db24-1422-4ca4-ba5c-b767d26e813c'}, 'groups': {}, 'datasets': {'freq': root/acquisition/_iblmic_audioSpectrogram/bands/freq DatasetBuilder {'attributes': {'description': 'frequency value', 'namespace': 'hdmf-common', 'neurodata_type': 'VectorData', 'object_id': '967d363f-96bc-485c-bbe0-d0d0556579c5'}, 'data': <HDF5 dataset "freq": shape (257,), type "<f4">}, 'id': root/acquisition/_iblmic_audioSpectrogram/bands/id DatasetBuilder {'attributes': {'namespace': 'hdmf-common', 'neurodata_type': 'ElementIdentifiers', 'object_id': 'bea7d1d7-6c21-4499-811f-eaadc4a15d6e'}, 'data': <HDF5 dataset "id": shape (257,), type "<i4">}}, 'links': {}}, "Could not construct FrequencyBandsTable object due to: column must have the same number of rows as 'id'"))
2026-10-04T08:56:55Z INFO [286/2500] 3f47227d-4739-493a-a7dd-91ede85fffbb: valid; 4.6 s; peak memory 3217 MiB.
2026-10-04T08:56:56Z INFO [287/2500] 3f4734b1-14fb-4e1a-896f-888771d41318: valid; 0.6 s; peak memory 3217 MiB.
2026-10-04T08:56:57Z INFO [288/2500] 3f479699-6379-44df-9ee0-3479bdcff993: valid; 1.2 s; peak memory 3217 MiB.
2026-10-04T08:56:58Z INFO [289/2500] 3f47a697-7ed4-491a-8cda-37225e86936c: valid; 1.5 s; peak memory 3217 MiB.
2026-10-04T08:56:59Z INFO [290/2500] 3f47b4a5-502d-4bf5-8618-a3450d338901: valid; 0.8 s; peak memory 3217 MiB.
2026-10-04T08:57:00Z INFO [291/2500] 3f489298-7911-46a9-af4f-a45beb8fb6a1: not valid; 1.0 s; peak memory 3217 MiB.
2026-10-04T08:57:02Z INFO [292/2500] 3f48bd88-7ca6-4d79-b383-c64ed159e06d: valid; 2.0 s; peak memory 3217 MiB.
2026-10-04T08:57:10Z INFO [293/2500] 3f48c20e-c746-4748-8a71-704316f44bc7: valid; 7.6 s; peak memory 3217 MiB.
2026-10-04T08:57:12Z INFO [294/2500] 3f491dd6-7a0c-4552-b718-a24ddc5bc29c: valid; 2.1 s; peak memory 3217 MiB.
2026-10-04T08:57:20Z INFO [295/2500] 3f49266c-d2d4-4033-8b99-4cf4f0fb646f: valid; 7.7 s; peak memory 3217 MiB.
2026-10-04T08:57:21Z INFO [296/2500] 3f49554a-a5bb-4ae2-80b4-c33299ba6a7b: valid; 1.2 s; peak memory 3217 MiB.
2026-10-04T08:57:22Z INFO [297/2500] 3f49adf3-a657-4323-a938-713cb50e99fa: valid; 1.3 s; peak memory 3217 MiB.
2026-10-04T08:57:23Z INFO [298/2500] 3f49d1ed-fa20-472b-9d1a-ff9b26995944: valid; 0.7 s; peak memory 3217 MiB.
2026-10-04T08:57:25Z INFO [299/2500] 3f49d660-7642-414d-b363-153849110115: valid; 2.2 s; peak memory 3217 MiB.
2026-10-04T08:57:26Z INFO [300/2500] 3f4aaf1e-22a2-4b4c-a01b-a8e4e6cfac3e: valid; 0.7 s; peak memory 3217 MiB.
2026-10-04T08:57:27Z INFO [300/2500] 3f4aaf1e-22a2-4b4c-a01b-a8e4e6cfac3e: checkpointed 106310 records.
2026-10-04T08:57:27Z INFO [301/2500] 3f4ac16f-837c-4f70-8efa-b028273bed64: valid; 0.8 s; peak memory 3217 MiB.
2026-10-04T08:57:29Z WARNING 3f4c4db2-1e92-4232-b017-fdee03484279: failed while opening the NWB file (ConstructError: (root/acquisition/_iblmic_audioSpectrogram/bands GroupBuilder {'attributes': {'colnames': array(['freq'], dtype=object), 'description': 'spectogram frequencies', 'namespace': 'core', 'neurodata_type': 'FrequencyBandsTable', 'object_id': '80b8ecc1-e616-47e0-ad2a-3b966fea373c'}, 'groups': {}, 'datasets': {'freq': root/acquisition/_iblmic_audioSpectrogram/bands/freq DatasetBuilder {'attributes': {'description': 'frequency value', 'namespace': 'hdmf-common', 'neurodata_type': 'VectorData', 'object_id': 'bad15c53-c309-4d35-8b5b-1b9f6c468798'}, 'data': <HDF5 dataset "freq": shape (257,), type "<f4">}, 'id': root/acquisition/_iblmic_audioSpectrogram/bands/id DatasetBuilder {'attributes': {'namespace': 'hdmf-common', 'neurodata_type': 'ElementIdentifiers', 'object_id': '104df4a7-6ac5-4c29-a6af-c722f89b129c'}, 'data': <HDF5 dataset "id": shape (257,), type "<i4">}}, 'links': {}}, "Could not construct FrequencyBandsTable object due to: column must have the same number of rows as 'id'"))
2026-10-04T08:57:29Z INFO [303/2500] 3f4c8ad9-6cd1-401d-a949-dea0811608e4: valid; 0.9 s; peak memory 3217 MiB.
2026-10-04T08:57:30Z INFO [304/2500] 3f4cd382-aa38-4bf0-89c8-68af4eed5216: valid; 0.7 s; peak memory 3217 MiB.
2026-10-04T08:57:35Z INFO [305/2500] 3f4d3053-c3df-45c0-85f1-816054997643: valid; 4.8 s; peak memory 3217 MiB.
2026-10-04T08:57:36Z INFO [306/2500] 3f4d3795-e48b-429e-951f-91f3f3ba077f: valid; 0.7 s; peak memory 3217 MiB.
2026-10-04T08:58:06Z INFO [307/2500] 3f4e2819-6359-4610-be64-106d8d20948d: valid; 30.1 s; peak memory 3533 MiB.
2026-10-04T08:58:07Z INFO [308/2500] 3f4e8807-3783-4075-a933-0dcab78c18f0: valid; 0.8 s; peak memory 3533 MiB.
2026-10-04T08:58:08Z INFO [309/2500] 3f4f63e5-0b75-4134-bd62-a68ae032f4b0: valid; 1.3 s; peak memory 3533 MiB.
2026-10-04T08:58:09Z INFO [310/2500] 3f506a48-496b-43c3-b42c-a4b5534f3927: valid; 0.8 s; peak memory 3533 MiB.
2026-10-04T08:58:10Z INFO [311/2500] 3f513e0d-3d65-40f9-9d7d-e648c5ad829f: valid; 1.1 s; peak memory 3533 MiB.
2026-10-04T08:58:11Z INFO [312/2500] 3f520ad7-b81a-4182-8005-a38723c28115: valid; 1.2 s; peak memory 3533 MiB.
2026-10-04T08:58:12Z INFO [313/2500] 3f52dd97-8182-4bf2-831f-524658d84793: not valid; 1.0 s; peak memory 3533 MiB.
2026-10-04T08:58:20Z INFO [314/2500] 3f52f157-b2b8-4f8d-a3a1-5dc9199dd420: valid; 7.7 s; peak memory 3546 MiB.
2026-10-04T08:58:21Z INFO [315/2500] 3f53c31b-0126-4aaf-b3a8-d3fcb264de77: valid; 1.2 s; peak memory 3555 MiB.
2026-10-04T08:58:22Z WARNING 3f53d74d-68af-460a-9c8c-3d9e51e56504: failed while opening the NWB file (ConstructError: (root/acquisition/_iblmic_audioSpectrogram/bands GroupBuilder {'attributes': {'colnames': array(['freq'], dtype=object), 'description': 'spectogram frequencies', 'namespace': 'core', 'neurodata_type': 'FrequencyBandsTable', 'object_id': '373bb240-f25f-4be2-b449-1cb7e83c3149'}, 'groups': {}, 'datasets': {'freq': root/acquisition/_iblmic_audioSpectrogram/bands/freq DatasetBuilder {'attributes': {'description': 'frequency value', 'namespace': 'hdmf-common', 'neurodata_type': 'VectorData', 'object_id': '4cecd187-3c43-4001-8e2b-14a41762d9a3'}, 'data': <HDF5 dataset "freq": shape (257,), type "<f4">}, 'id': root/acquisition/_iblmic_audioSpectrogram/bands/id DatasetBuilder {'attributes': {'namespace': 'hdmf-common', 'neurodata_type': 'ElementIdentifiers', 'object_id': '94f31fb6-126e-40b9-9ff1-0e7ff8f92abc'}, 'data': <HDF5 dataset "id": shape (257,), type "<i4">}}, 'links': {}}, "Could not construct FrequencyBandsTable object due to: column must have the same number of rows as 'id'"))
2026-10-04T08:58:23Z INFO [317/2500] 3f5410c7-b574-4543-847d-2b56d39def52: not valid; 1.0 s; peak memory 3558 MiB.
2026-10-04T08:58:25Z INFO [318/2500] 3f54200f-23cd-4cf6-afa6-42a92db5d466: valid; 1.7 s; peak memory 3566 MiB.
2026-10-04T08:58:27Z INFO [319/2500] 3f5425ce-fbfe-4b1e-9e7a-54efcd71fc6c: valid; 2.1 s; peak memory 3569 MiB.
2026-10-04T08:58:29Z INFO [320/2500] 3f549480-6582-4802-bd78-aeaa80d61350: not valid; 2.4 s; peak memory 3569 MiB.
2026-10-04T08:58:31Z INFO [321/2500] 3f559418-fe13-4603-891a-7bc24c5a6b22: valid; 1.6 s; peak memory 3569 MiB.
2026-10-04T08:58:33Z INFO [322/2500] 3f55bf06-7eb1-4550-98ae-cd91796a3949: valid; 1.9 s; peak memory 3569 MiB.
2026-10-04T08:58:34Z WARNING 3f56430b-bdd5-4fd1-9980-8e68f4304240: failed while opening the NWB file (ConstructError: (root/acquisition/_iblmic_audioSpectrogram/bands GroupBuilder {'attributes': {'colnames': array(['freq'], dtype=object), 'description': 'spectogram frequencies', 'namespace': 'core', 'neurodata_type': 'FrequencyBandsTable', 'object_id': 'ca5746dc-3ef1-4c63-a5fe-889fe266c8c6'}, 'groups': {}, 'datasets': {'freq': root/acquisition/_iblmic_audioSpectrogram/bands/freq DatasetBuilder {'attributes': {'description': 'frequency value', 'namespace': 'hdmf-common', 'neurodata_type': 'VectorData', 'object_id': 'dcbf1a82-cd1c-444d-adc0-cfb84d7aa210'}, 'data': <HDF5 dataset "freq": shape (257,), type "<f4">}, 'id': root/acquisition/_iblmic_audioSpectrogram/bands/id DatasetBuilder {'attributes': {'namespace': 'hdmf-common', 'neurodata_type': 'ElementIdentifiers', 'object_id': '295b468b-6b2a-4137-97bc-338d5d5acfc1'}, 'data': <HDF5 dataset "id": shape (257,), type "<i4">}}, 'links': {}}, "Could not construct FrequencyBandsTable object due to: column must have the same number of rows as 'id'"))
2026-10-04T08:58:42Z INFO [324/2500] 3f567df9-b6b8-4157-9187-6655c682e9df: valid; 8.1 s; peak memory 3578 MiB.
2026-10-04T08:58:44Z INFO [325/2500] 3f56d744-ccba-49a4-b4c2-485a5c648355: not valid; 2.1 s; peak memory 3578 MiB.
2026-10-04T08:58:45Z INFO [326/2500] 3f575c0a-ab64-47a3-aa4c-dd6d85aa9b40: valid; 0.7 s; peak memory 3578 MiB.
2026-10-04T08:58:46Z INFO [327/2500] 3f57fe55-24a4-447f-a816-b000120c57e6: valid; 0.9 s; peak memory 3578 MiB.
2026-10-04T08:58:46Z WARNING 3f581625-9576-4b2b-9441-002609236c68: failed while retrieving asset information from the DANDI API (NotFoundError: No such Dandiset: 001533)
2026-10-04T08:58:47Z WARNING 3f586cba-2898-47d2-b58e-a2db2cefbed8: failed while opening the NWB file (ConstructError: (root/acquisition/_iblmic_audioSpectrogram/bands GroupBuilder {'attributes': {'colnames': array(['freq'], dtype=object), 'description': 'spectogram frequencies', 'namespace': 'core', 'neurodata_type': 'FrequencyBandsTable', 'object_id': '94d8d165-6364-4af5-9781-e210c12320c3'}, 'groups': {}, 'datasets': {'freq': root/acquisition/_iblmic_audioSpectrogram/bands/freq DatasetBuilder {'attributes': {'description': 'frequency value', 'namespace': 'hdmf-common', 'neurodata_type': 'VectorData', 'object_id': 'da596a81-4322-4155-b159-fdda1d4d5ee2'}, 'data': <HDF5 dataset "freq": shape (257,), type "<f4">}, 'id': root/acquisition/_iblmic_audioSpectrogram/bands/id DatasetBuilder {'attributes': {'namespace': 'hdmf-common', 'neurodata_type': 'ElementIdentifiers', 'object_id': 'e5ecb713-771f-4fdf-9f5a-7e67f6f1c682'}, 'data': <HDF5 dataset "id": shape (257,), type "<i4">}}, 'links': {}}, "Could not construct FrequencyBandsTable object due to: column must have the same number of rows as 'id'"))
2026-10-04T08:58:48Z INFO [330/2500] 3f58c6b7-585e-45d1-aa3f-509a90a4aab6: valid; 1.2 s; peak memory 3579 MiB.
2026-10-04T08:58:53Z INFO [331/2500] 3f592f28-c986-42bb-b084-41df88c2a8ae: valid; 5.4 s; peak memory 3586 MiB.
2026-10-04T08:58:56Z INFO [332/2500] 3f59413d-e187-4e63-bfad-77bbbad29b7f: valid; 2.3 s; peak memory 3588 MiB.
2026-10-04T08:58:57Z INFO [333/2500] 3f594924-42f8-4391-8bde-a20911e99d4e: valid; 1.6 s; peak memory 3590 MiB.
2026-10-04T08:58:58Z INFO [334/2500] 3f59bdce-55dd-4c9d-803b-47e6d41d68dd: valid; 0.9 s; peak memory 3590 MiB.
2026-10-04T08:59:04Z INFO [335/2500] 3f59ebc4-ff16-40f3-a7b2-775781d0472e: valid; 6.0 s; peak memory 3612 MiB.
2026-10-04T08:59:13Z INFO [336/2500] 3f5bd3fc-3421-49ef-b655-d81771986cc6: not valid; 9.3 s; peak memory 3634 MiB.
2026-10-04T08:59:15Z INFO [337/2500] 3f5bfced-311f-46b6-8dcc-7785a0c8753e: valid; 1.6 s; peak memory 3634 MiB.
2026-10-04T08:59:16Z INFO [338/2500] 3f5c274a-1df5-4734-8340-c5ea261b0b78: valid; 1.2 s; peak memory 3634 MiB.
2026-10-04T08:59:19Z INFO [339/2500] 3f5c353e-76ea-47ad-89e5-70004960b0e4: not valid; 2.4 s; peak memory 3636 MiB.
2026-10-04T08:59:20Z INFO [340/2500] 3f5c9f9a-e326-4bb9-868a-14cfcca5ea2a: not valid; 1.3 s; peak memory 3639 MiB.
2026-10-04T08:59:21Z INFO [341/2500] 3f5cb855-450d-4ad4-aa23-d8e3b8bca755: valid; 0.9 s; peak memory 3640 MiB.
2026-10-04T08:59:22Z INFO [342/2500] 3f5d0394-2465-4586-a6e4-632f4985b7f6: valid; 1.2 s; peak memory 3640 MiB.
2026-10-04T08:59:23Z INFO [343/2500] 3f5de459-8033-4f61-893d-4866e49c5d51: valid; 0.7 s; peak memory 3640 MiB.
2026-10-04T08:59:24Z INFO [344/2500] 3f5e5106-61e1-423e-b790-55cd32d095c0: not valid; 1.7 s; peak memory 3640 MiB.
2026-10-04T08:59:25Z INFO [345/2500] 3f5e521d-8018-4858-b9e3-c779db2beb05: valid; 0.8 s; peak memory 3641 MiB.
2026-10-04T08:59:26Z INFO [346/2500] 3f5e67be-692c-43f1-84dd-1f5029514c4b: valid; 1.2 s; peak memory 3642 MiB.
2026-10-04T08:59:28Z INFO [347/2500] 3f5e713e-e6da-4efd-a7a0-e53fda29e3c3: valid; 1.3 s; peak memory 3642 MiB.
2026-10-04T08:59:29Z INFO [348/2500] 3f5eb7c2-621e-4c15-b705-a8f45556e8a1: valid; 1.4 s; peak memory 3643 MiB.
2026-10-04T08:59:29Z WARNING 3f5f46a2-a91e-4560-862f-60fbf54270d3: failed while retrieving asset information from the DANDI API (NotFoundError: No such Dandiset: 001269)
2026-10-04T08:59:30Z INFO [350/2500] 3f5fe7e8-9bd3-4831-bbd4-920de8532483: not valid; 0.8 s; peak memory 3644 MiB.
2026-10-04T08:59:31Z INFO [350/2500] 3f5fe7e8-9bd3-4831-bbd4-920de8532483: checkpointed 106360 records.
2026-10-04T08:59:32Z INFO [351/2500] 3f6015e9-7604-4594-93cc-a9ddb5e4b3d8: not valid; 0.9 s; peak memory 3647 MiB.
2026-10-04T08:59:32Z INFO [352/2500] 3f602bef-7689-4f56-b1d1-eb6e6c89f6f1: valid; 0.7 s; peak memory 3647 MiB.
2026-10-04T08:59:39Z INFO [353/2500] 3f60be41-8a24-42cf-9a4c-6aa10fcda5db: valid; 6.2 s; peak memory 3672 MiB.
2026-10-04T08:59:43Z INFO [354/2500] 3f610823-ed76-4fbd-8cc9-46a5bcc7ebbb: valid; 4.8 s; peak memory 3690 MiB.
2026-10-04T08:59:44Z INFO [355/2500] 3f61edbd-03f9-4d2a-8bbd-871cbe108fe2: not valid; 1.0 s; peak memory 3690 MiB.
2026-10-04T08:59:45Z INFO [356/2500] 3f6290b5-6344-4b68-b1df-f6b1b0136315: valid; 0.9 s; peak memory 3691 MiB.
2026-10-04T08:59:47Z INFO [357/2500] 3f629867-a13f-4a1d-b4e7-8c00cb9ebd3d: valid; 1.9 s; peak memory 3692 MiB.
2026-10-04T08:59:48Z INFO [358/2500] 3f631026-ada6-4397-bf69-7cfa40a89728: valid; 1.2 s; peak memory 3692 MiB.
2026-10-04T08:59:50Z WARNING 3f633045-0548-40cb-a2a4-04f2f9e1552f: failed while opening the NWB file (ConstructError: (root/acquisition/event_code_meanings GroupBuilder {'attributes': {'colnames': array(['value', 'meaning'], dtype=object), 'description': 'Mapping integer event codes to event labels', 'namespace': 'ndx-events', 'neurodata_type': 'MeaningsTable', 'object_id': 'f2684207-d905-40f1-a891-0d9a4ba270f0'}, 'groups': {}, 'datasets': {'id': root/acquisition/event_code_meanings/id DatasetBuilder {'attributes': {'namespace': 'hdmf-common', 'neurodata_type': 'ElementIdentifiers', 'object_id': '28675e04-84ba-461b-8e80-0e66c0966da4'}, 'data': <HDF5 dataset "id": shape (26,), type "<i8">}, 'meaning': root/acquisition/event_code_meanings/meaning DatasetBuilder {'attributes': {'description': 'The meaning of the value in the parent CategoricalVectorData object.', 'namespace': 'hdmf-experimental', 'neurodata_type': 'VectorData', 'object_id': 'f74a64d9-4c15-459f-896e-48c78875b76b'}, 'data': <StrDataset for HDF5 dataset "meaning": shape (26,), type "|O">}, 'value': root/acquisition/event_code_meanings/value DatasetBuilder {'attributes': {'description': 'The value of the parent CategoricalVectorData object.', 'namespace': 'hdmf-experimental', 'neurodata_type': 'VectorData', 'object_id': '31240d36-a05e-4fcf-876c-57de83bfd848'}, 'data': <HDF5 dataset "value": shape (26,), type "<i8">}}, 'links': {}}, "Could not construct MeaningsTable object due to: MeaningsTable.__init__: missing argument 'target'"))
2026-10-04T08:59:51Z INFO [360/2500] 3f63d2d8-d973-4179-a55e-22be47ff3d17: valid; 0.9 s; peak memory 3692 MiB.
2026-10-04T08:59:52Z INFO [361/2500] 3f654730-1a2d-4356-a995-53209d5437d5: not valid; 0.9 s; peak memory 3692 MiB.
2026-10-04T08:59:52Z INFO [362/2500] 3f657ef0-ab58-4d71-b367-d73103fee35e: valid; 0.8 s; peak memory 3692 MiB.
2026-10-04T09:00:03Z INFO [363/2500] 3f66006c-2baf-4b42-aa40-b4a2eb77ac2c: valid; 10.4 s; peak memory 3823 MiB.
2026-10-04T09:00:09Z INFO [364/2500] 3f6621ac-364d-43aa-b456-d786a229f802: valid; 6.0 s; peak memory 3823 MiB.
2026-10-04T09:00:11Z INFO [365/2500] 3f6635c6-083f-49ef-95f6-d195d643b1d7: valid; 2.4 s; peak memory 3824 MiB.
2026-10-04T09:00:13Z WARNING 3f66869a-3b93-44b8-9b35-9d06bc0992b8: failed while opening the NWB file (ConstructError: (root/acquisition/_iblmic_audioSpectrogram/bands GroupBuilder {'attributes': {'colnames': array(['freq'], dtype=object), 'description': 'spectogram frequencies', 'namespace': 'core', 'neurodata_type': 'FrequencyBandsTable', 'object_id': '5548db33-69ae-4c7a-85f0-afcd3a9bf098'}, 'groups': {}, 'datasets': {'freq': root/acquisition/_iblmic_audioSpectrogram/bands/freq DatasetBuilder {'attributes': {'description': 'frequency value', 'namespace': 'hdmf-common', 'neurodata_type': 'VectorData', 'object_id': '051560f1-aa89-40df-ad47-1cb700818f9c'}, 'data': <HDF5 dataset "freq": shape (257,), type "<f4">}, 'id': root/acquisition/_iblmic_audioSpectrogram/bands/id DatasetBuilder {'attributes': {'namespace': 'hdmf-common', 'neurodata_type': 'ElementIdentifiers', 'object_id': 'd5d3097c-d123-4d00-9bec-4f94de2fbeb5'}, 'data': <HDF5 dataset "id": shape (257,), type "<i4">}}, 'links': {}}, "Could not construct FrequencyBandsTable object due to: column must have the same number of rows as 'id'"))
2026-10-04T09:00:14Z INFO [367/2500] 3f668912-e114-4511-9892-0ea57c061e0d: valid; 1.3 s; peak memory 3824 MiB.
2026-10-04T09:00:17Z INFO [368/2500] 3f66fc61-183f-48b3-a1be-f91a8724a97d: valid; 3.0 s; peak memory 3824 MiB.
2026-10-04T09:00:18Z INFO [369/2500] 3f673a97-1ac3-47cc-a4af-d21528c67613: valid; 1.5 s; peak memory 3824 MiB.
2026-10-04T09:00:19Z INFO [370/2500] 3f676837-5311-465f-abe3-44d98cc915d7: not valid; 0.6 s; peak memory 3824 MiB.
2026-10-04T09:00:20Z INFO [371/2500] 3f6833e5-f5f1-40ab-943b-37c336be0808: valid; 1.3 s; peak memory 3824 MiB.
2026-10-04T09:00:22Z WARNING 3f68398b-4506-4114-914e-2e5efa4911c0: failed while opening the NWB file (ConstructError: (root/acquisition/_iblmic_audioSpectrogram/bands GroupBuilder {'attributes': {'colnames': array(['freq'], dtype=object), 'description': 'spectogram frequencies', 'namespace': 'core', 'neurodata_type': 'FrequencyBandsTable', 'object_id': '2e0ea24f-9a6c-4059-b618-860d5aa7291f'}, 'groups': {}, 'datasets': {'freq': root/acquisition/_iblmic_audioSpectrogram/bands/freq DatasetBuilder {'attributes': {'description': 'frequency value', 'namespace': 'hdmf-common', 'neurodata_type': 'VectorData', 'object_id': '610ce6fa-eea1-4b3e-a49b-b1db5d9e4589'}, 'data': <HDF5 dataset "freq": shape (257,), type "<f4">}, 'id': root/acquisition/_iblmic_audioSpectrogram/bands/id DatasetBuilder {'attributes': {'namespace': 'hdmf-common', 'neurodata_type': 'ElementIdentifiers', 'object_id': '60a514e8-c862-4d67-a78b-1b62e92cb312'}, 'data': <HDF5 dataset "id": shape (257,), type "<i4">}}, 'links': {}}, "Could not construct FrequencyBandsTable object due to: column must have the same number of rows as 'id'"))
2026-10-04T09:00:24Z INFO [373/2500] 3f68b95b-899a-4a81-b4ab-caea7eb2a43e: valid; 2.1 s; peak memory 3824 MiB.
2026-10-04T09:00:26Z INFO [374/2500] 3f68d150-d78a-471d-ac7a-350a1b21021a: valid; 2.2 s; peak memory 3824 MiB.
2026-10-04T09:00:29Z INFO [375/2500] 3f6958dc-6598-4956-9ed9-5ed3b3464981: not valid; 3.4 s; peak memory 3824 MiB.
2026-10-04T09:00:30Z INFO [376/2500] 3f69b7da-5381-41fa-9ef2-4e4c0dd00b47: not valid; 0.8 s; peak memory 3824 MiB.
2026-10-04T09:00:38Z INFO [377/2500] 3f6a103f-6cc6-49b8-b171-bcecbb7d900d: valid; 7.9 s; peak memory 3824 MiB.
2026-10-04T09:00:40Z INFO [378/2500] 3f6a5dcb-f6e5-47d8-869e-d170ccba27b6: valid; 1.6 s; peak memory 3824 MiB.
2026-10-04T09:00:43Z INFO [379/2500] 3f6a9f17-28a3-4aa9-9a52-f4cf7c9848dc: valid; 3.4 s; peak memory 3824 MiB.
2026-10-04T09:00:44Z INFO [380/2500] 3f6b2e4a-d3ef-4915-b601-9c461e8e2897: valid; 1.3 s; peak memory 3824 MiB.
2026-10-04T09:00:46Z WARNING 3f6b68cc-4e38-4b80-8daa-8a866c391c4b: failed while opening the NWB file (ConstructError: (root/acquisition/_iblmic_audioSpectrogram/bands GroupBuilder {'attributes': {'colnames': array(['freq'], dtype=object), 'description': 'spectogram frequencies', 'namespace': 'core', 'neurodata_type': 'FrequencyBandsTable', 'object_id': 'fb696c3b-d60f-4385-92f9-879ec505f4a1'}, 'groups': {}, 'datasets': {'freq': root/acquisition/_iblmic_audioSpectrogram/bands/freq DatasetBuilder {'attributes': {'description': 'frequency value', 'namespace': 'hdmf-common', 'neurodata_type': 'VectorData', 'object_id': '2fa54046-1da5-4b46-9576-ab437136ab6c'}, 'data': <HDF5 dataset "freq": shape (257,), type "<f4">}, 'id': root/acquisition/_iblmic_audioSpectrogram/bands/id DatasetBuilder {'attributes': {'namespace': 'hdmf-common', 'neurodata_type': 'ElementIdentifiers', 'object_id': '83600403-0789-4311-ae4a-32caa7175123'}, 'data': <HDF5 dataset "id": shape (257,), type "<i4">}}, 'links': {}}, "Could not construct FrequencyBandsTable object due to: column must have the same number of rows as 'id'"))
2026-10-04T09:00:52Z INFO [382/2500] 3f6b7a4c-d905-456d-b08d-9bce0f4d80b3: valid; 6.1 s; peak memory 3824 MiB.
2026-10-04T09:01:17Z INFO [383/2500] 3f6bb7c7-9964-469d-a2f6-813808e42330: valid; 25.1 s; peak memory 3892 MiB.
2026-10-04T09:01:18Z WARNING 3f6d3e30-2692-42ad-81f3-f01c49f08d4e: failed while opening the NWB file (ConstructError: (root/acquisition/_iblmic_audioSpectrogram/bands GroupBuilder {'attributes': {'colnames': array(['freq'], dtype=object), 'description': 'spectogram frequencies', 'namespace': 'core', 'neurodata_type': 'FrequencyBandsTable', 'object_id': '74e267c0-d23e-442e-b17d-c07006a1db9c'}, 'groups': {}, 'datasets': {'freq': root/acquisition/_iblmic_audioSpectrogram/bands/freq DatasetBuilder {'attributes': {'description': 'frequency value', 'namespace': 'hdmf-common', 'neurodata_type': 'VectorData', 'object_id': '9a6f1e9c-1b85-478e-93e6-c059d66d395a'}, 'data': <HDF5 dataset "freq": shape (257,), type "<f4">}, 'id': root/acquisition/_iblmic_audioSpectrogram/bands/id DatasetBuilder {'attributes': {'namespace': 'hdmf-common', 'neurodata_type': 'ElementIdentifiers', 'object_id': '7f28a7ec-eb37-4c79-b018-f83442ededeb'}, 'data': <HDF5 dataset "id": shape (257,), type "<i4">}}, 'links': {}}, "Could not construct FrequencyBandsTable object due to: column must have the same number of rows as 'id'"))
2026-10-04T09:01:19Z INFO [385/2500] 3f6d4686-34cd-4fda-88aa-8b946bd9baa7: not valid; 1.0 s; peak memory 3905 MiB.
2026-10-04T09:01:20Z INFO [386/2500] 3f6d55f3-0869-468b-8372-4bff06177928: valid; 1.3 s; peak memory 3909 MiB.
2026-10-04T09:01:21Z INFO [387/2500] 3f6d7012-6f4c-419b-9139-5a518b24bec0: valid; 1.2 s; peak memory 3916 MiB.
2026-10-04T09:01:26Z INFO [388/2500] 3f6d7a44-038f-468f-b6a4-eb929a7f986b: valid; 4.5 s; peak memory 3962 MiB.
2026-10-04T09:01:27Z INFO [389/2500] 3f6e543b-600e-42c0-9d35-9105731c8c0c: valid; 1.1 s; peak memory 3973 MiB.
2026-10-04T09:01:32Z INFO [390/2500] 3f6e615d-2dee-4553-a185-902a99c40f7c: valid; 5.2 s; peak memory 3978 MiB.
2026-10-04T09:01:33Z INFO [391/2500] 3f6e7983-d298-4b31-94ce-c3e8a601ffcc: not valid; 0.9 s; peak memory 3978 MiB.
2026-10-04T09:01:34Z INFO [392/2500] 3f6f0a27-e651-4037-8de2-97d17c1cbb7e: valid; 0.8 s; peak memory 3978 MiB.
2026-10-04T09:01:35Z INFO [393/2500] 3f6fff33-d883-43f0-a7d6-a997209abaa2: valid; 1.0 s; peak memory 3978 MiB.
2026-10-04T09:01:37Z INFO [394/2500] 3f70685c-a967-4af8-81cb-24df56c03db5: valid; 1.9 s; peak memory 3978 MiB.
2026-10-04T09:01:38Z INFO [395/2500] 3f70a38e-1929-4a8e-92e5-8e2aaa416c77: valid; 1.5 s; peak memory 3978 MiB.
2026-10-04T09:01:40Z INFO [396/2500] 3f71480d-0ade-4f41-8c86-85855ed311cf: valid; 1.4 s; peak memory 3978 MiB.
2026-10-04T09:01:41Z INFO [397/2500] 3f7180cc-7340-4296-8adc-2edbd91945a2: valid; 1.2 s; peak memory 3978 MiB.
2026-10-04T09:01:42Z INFO [398/2500] 3f71a0b3-68f8-47dd-afe8-8973eb24269e: valid; 0.8 s; peak memory 3978 MiB.
2026-10-04T09:01:45Z INFO [399/2500] 3f732027-ba50-4b1f-992e-e1a925f1e8a0: valid; 3.1 s; peak memory 3978 MiB.
2026-10-04T09:01:47Z INFO [400/2500] 3f736eb1-2049-41a5-959e-be04c459a4ed: valid; 2.2 s; peak memory 3978 MiB.
2026-10-04T09:01:48Z INFO [400/2500] 3f736eb1-2049-41a5-959e-be04c459a4ed: checkpointed 106410 records.
2026-10-04T09:01:48Z INFO [401/2500] 3f741e63-c815-451d-9f4a-8a8a0b48c564: valid; 0.9 s; peak memory 3978 MiB.
2026-10-04T09:01:50Z WARNING 3f74310a-a3e4-4e1a-80a9-622a5ab96fb2: failed while opening the NWB file (ConstructError: (root/acquisition/_iblmic_audioSpectrogram/bands GroupBuilder {'attributes': {'colnames': array(['freq'], dtype=object), 'description': 'spectogram frequencies', 'namespace': 'core', 'neurodata_type': 'FrequencyBandsTable', 'object_id': '4e57b256-de35-4f85-baae-8a87000258fc'}, 'groups': {}, 'datasets': {'freq': root/acquisition/_iblmic_audioSpectrogram/bands/freq DatasetBuilder {'attributes': {'description': 'frequency value', 'namespace': 'hdmf-common', 'neurodata_type': 'VectorData', 'object_id': 'd568b215-2fd5-484d-8fcf-842e9083c3a9'}, 'data': <HDF5 dataset "freq": shape (257,), type "<f4">}, 'id': root/acquisition/_iblmic_audioSpectrogram/bands/id DatasetBuilder {'attributes': {'namespace': 'hdmf-common', 'neurodata_type': 'ElementIdentifiers', 'object_id': '6666abca-6061-4bc8-bf4f-09e245f16206'}, 'data': <HDF5 dataset "id": shape (257,), type "<i4">}}, 'links': {}}, "Could not construct FrequencyBandsTable object due to: column must have the same number of rows as 'id'"))
2026-10-04T09:01:51Z INFO [403/2500] 3f743426-65ae-4474-b56a-8cc26f77861a: valid; 1.0 s; peak memory 3978 MiB.
2026-10-04T09:01:53Z INFO [404/2500] 3f75745c-59bf-4511-be53-83ae4bca415e: not valid; 1.8 s; peak memory 3978 MiB.
2026-10-04T09:01:54Z INFO [405/2500] 3f766342-203e-4fbc-a559-5f104a930c1d: valid; 1.7 s; peak memory 3978 MiB.
2026-10-04T09:01:55Z INFO [406/2500] 3f767ae5-1824-42b7-8060-a2ada5330753: valid; 0.9 s; peak memory 3978 MiB.
2026-10-04T09:01:57Z INFO [407/2500] 3f76a9bf-06ce-4450-b662-653cf134ff40: valid; 1.6 s; peak memory 3978 MiB.
2026-10-04T09:02:02Z INFO [408/2500] 3f7712f6-d06e-40c8-a69c-165b5061e29f: valid; 5.5 s; peak memory 3978 MiB.
2026-10-04T09:02:03Z INFO [409/2500] 3f776c6d-6d0d-459b-a26c-12a1b9ac6f7a: valid; 0.9 s; peak memory 3978 MiB.
2026-10-04T09:02:05Z INFO [410/2500] 3f78070c-c65f-4f5f-a014-a1225df6c535: valid; 1.5 s; peak memory 3978 MiB.
2026-10-04T09:02:06Z INFO [411/2500] 3f78b50d-2f44-4028-ac7a-ef00a8b19fba: valid; 1.4 s; peak memory 3978 MiB.
2026-10-04T09:02:08Z INFO [412/2500] 3f78e88e-02d1-4ba8-ac54-17da3004f98a: valid; 1.9 s; peak memory 3978 MiB.
2026-10-04T09:02:17Z INFO [413/2500] 3f7988b3-84e9-4ba6-91fa-6382179e381c: valid; 9.5 s; peak memory 4044 MiB.
2026-10-04T09:02:18Z INFO [414/2500] 3f7a216e-c1a3-4a79-818b-19f0dd15178b: not valid; 0.9 s; peak memory 4044 MiB.
2026-10-04T09:02:19Z INFO [415/2500] 3f7a3b2a-42a4-492d-a9af-119000e2e37d: not valid; 0.8 s; peak memory 4044 MiB.
2026-10-04T09:02:20Z INFO [416/2500] 3f7aa65c-4352-4411-8d1e-69563af331fc: valid; 0.7 s; peak memory 4044 MiB.
2026-10-04T09:02:21Z INFO [417/2500] 3f7aedcc-2b54-4517-b43a-0b719818ff9c: valid; 0.9 s; peak memory 4044 MiB.
2026-10-04T09:02:22Z INFO [418/2500] 3f7b88c1-90c5-41d1-b322-49b7b8195a70: valid; 1.0 s; peak memory 4044 MiB.
2026-10-04T09:02:23Z INFO [419/2500] 3f7bc427-8cd6-4d18-85d9-4af6f0fdeb3a: valid; 1.3 s; peak memory 4044 MiB.
2026-10-04T09:02:24Z INFO [420/2500] 3f7bf0c9-0975-41d2-8cc1-70309fc3cfb7: valid; 0.9 s; peak memory 4044 MiB.
2026-10-04T09:02:25Z INFO [421/2500] 3f7bf29a-0e4f-49b8-a4f8-ac58a5f848ab: valid; 1.1 s; peak memory 4044 MiB.
2026-10-04T09:02:27Z INFO [422/2500] 3f7c1000-2d24-43ee-bd0d-4532ea08ed7e: valid; 2.4 s; peak memory 4044 MiB.
2026-10-04T09:03:15Z INFO [423/2500] 3f7d77e0-17ef-441b-8bec-182c11478de3: valid; 47.3 s; peak memory 4140 MiB.
2026-10-04T09:03:25Z INFO [424/2500] 3f7da8e9-8284-4983-86f5-5c82e93d1640: valid; 10.3 s; peak memory 4169 MiB.
2026-10-04T09:03:31Z INFO [425/2500] 3f7db5c9-e069-4cf9-8f9a-61815a8df850: valid; 5.5 s; peak memory 4202 MiB.
2026-10-04T09:03:31Z INFO [426/2500] 3f7db7db-35c2-4839-800d-f2417d40057e: not valid; 0.6 s; peak memory 4206 MiB.
2026-10-04T09:03:32Z INFO [427/2500] 3f7eda3f-bd48-4484-903d-9f2d9d914d60: valid; 1.2 s; peak memory 4209 MiB.
2026-10-04T09:03:34Z INFO [428/2500] 3f7eecde-32ce-4fcb-8229-922c7a20e041: valid; 1.3 s; peak memory 4209 MiB.
2026-10-04T09:03:35Z INFO [429/2500] 3f7f0874-8466-48aa-bead-eb753ff6e3c6: valid; 1.3 s; peak memory 4214 MiB.
2026-10-04T09:03:37Z INFO [430/2500] 3f7fb5a7-1e5d-4a3c-bb4a-389e03a4ee92: valid; 2.4 s; peak memory 4214 MiB.
2026-10-04T09:03:39Z INFO [431/2500] 3f7ff3c5-7f25-4254-a11b-f3f4cb4490c0: valid; 1.3 s; peak memory 4230 MiB.
2026-10-04T09:03:40Z INFO [432/2500] 3f801dfe-4367-4a5c-85db-3581fd814153: not valid; 1.6 s; peak memory 4230 MiB.
2026-10-04T09:03:43Z INFO [433/2500] 3f80410e-a873-4e66-93b8-1efcf955d5d0: not valid; 2.4 s; peak memory 4240 MiB.
2026-10-04T09:03:44Z INFO [434/2500] 3f806e20-46a4-4415-9ab9-e82f1d1389c6: valid; 1.7 s; peak memory 4246 MiB.
2026-10-04T09:03:46Z INFO [435/2500] 3f80c32c-5230-4d49-b285-9c4167cd6e73: valid; 2.0 s; peak memory 4248 MiB.
2026-10-04T09:03:51Z INFO [436/2500] 3f80fd0e-d05f-4191-b961-414a771cedf2: valid; 4.8 s; peak memory 4248 MiB.
2026-10-04T09:03:52Z INFO [437/2500] 3f816952-f066-4a2a-af76-30657f620c67: valid; 0.8 s; peak memory 4248 MiB.
2026-10-04T09:03:54Z INFO [438/2500] 3f825017-6198-421a-acb9-03849a8d2c1c: not valid; 2.3 s; peak memory 4248 MiB.
2026-10-04T09:03:56Z INFO [439/2500] 3f82519b-5cc9-4aca-b589-1fd7ce6943bb: valid; 1.6 s; peak memory 4248 MiB.
2026-10-04T09:03:57Z INFO [440/2500] 3f829a6b-660d-4e8f-970b-eab03a7d3f70: not valid; 1.1 s; peak memory 4248 MiB.
2026-10-04T09:03:59Z INFO [441/2500] 3f8383b8-8028-4c1f-bd67-a977d6295373: valid; 1.9 s; peak memory 4248 MiB.
2026-10-04T09:04:00Z INFO [442/2500] 3f83e8b5-39de-496b-a939-c8e6273c563f: not valid; 1.0 s; peak memory 4248 MiB.
2026-10-04T09:04:01Z INFO [443/2500] 3f868e51-cb5e-4a7f-a29f-b218be494371: valid; 0.7 s; peak memory 4248 MiB.
2026-10-04T09:04:02Z INFO [444/2500] 3f868ffe-77ea-4db6-8610-f843cd4cc631: valid; 1.1 s; peak memory 4248 MiB.
2026-10-04T09:04:03Z INFO [445/2500] 3f86b236-438a-42f5-89f4-687a3d342018: valid; 1.4 s; peak memory 4248 MiB.
2026-10-04T09:04:04Z INFO [446/2500] 3f872a56-880e-4895-be4b-515e638c9c8b: valid; 1.2 s; peak memory 4248 MiB.
2026-10-04T09:04:12Z INFO [447/2500] 3f874bc6-613d-4e33-853d-b24e2a8b11fd: valid; 8.0 s; peak memory 4248 MiB.
2026-10-04T09:04:14Z INFO [448/2500] 3f87a415-7ce4-4429-9d06-45779f563df2: not valid; 1.5 s; peak memory 4248 MiB.
2026-10-04T09:04:17Z INFO [449/2500] 3f881859-4941-4fe3-9ddb-ab439ba425e4: valid; 2.9 s; peak memory 4248 MiB.
2026-10-04T09:04:26Z INFO [450/2500] 3f8996b0-bcb3-40c1-9bdc-9f55d2c94a66: valid; 9.0 s; peak memory 4374 MiB.
2026-10-04T09:04:27Z INFO [450/2500] 3f8996b0-bcb3-40c1-9bdc-9f55d2c94a66: checkpointed 106460 records.
2026-10-04T09:04:30Z INFO [451/2500] 3f89b315-ce9c-4329-acd0-da236adb6bfe: not valid; 3.8 s; peak memory 4374 MiB.
2026-10-04T09:04:32Z INFO [452/2500] 3f89c118-e426-4aaf-94fc-83a062bddeeb: valid; 1.9 s; peak memory 4374 MiB.
2026-10-04T09:04:33Z INFO [453/2500] 3f89c946-050e-4902-8dd6-6cd840839ce0: not valid; 0.9 s; peak memory 4374 MiB.
2026-10-04T09:04:34Z INFO [454/2500] 3f89ef6b-c106-4c8b-812d-97f6bbecb602: valid; 1.2 s; peak memory 4374 MiB.
2026-10-04T09:04:36Z INFO [455/2500] 3f8a9aa5-2ad7-4cc7-bed2-4aae93a3f5f4: valid; 1.3 s; peak memory 4374 MiB.
2026-10-04T09:04:37Z INFO [456/2500] 3f8aa7fe-59fd-420a-8ef5-2ce7168e5dc1: not valid; 1.0 s; peak memory 4374 MiB.
2026-10-04T09:04:37Z INFO [457/2500] 3f8b51b5-4d4a-476c-a37e-474064623098: valid; 0.7 s; peak memory 4374 MiB.
2026-10-04T09:04:38Z INFO [458/2500] 3f8b7cd3-2c59-45e2-a13c-688738ead910: not valid; 1.0 s; peak memory 4374 MiB.
2026-10-04T09:04:39Z INFO [459/2500] 3f8b84fd-0c15-4150-8170-c05b2dc176ec: not valid; 0.9 s; peak memory 4374 MiB.
2026-10-04T09:04:41Z INFO [460/2500] 3f8bbedf-8013-4bb3-94d3-ff5c73061013: not valid; 1.8 s; peak memory 4375 MiB.
2026-10-04T09:04:42Z INFO [461/2500] 3f8bbf33-7f8e-482a-8219-c39fd3711630: valid; 0.6 s; peak memory 4375 MiB.
2026-10-04T09:04:42Z INFO [462/2500] 3f8c1a28-723b-4b7a-8edd-b6e2f46d6702: valid; 0.8 s; peak memory 4375 MiB.
2026-10-04T09:04:44Z INFO [463/2500] 3f8ca6fd-bb9f-4913-ab1d-b9525c0a8110: not valid; 1.4 s; peak memory 4375 MiB.
2026-10-04T09:04:45Z INFO [464/2500] 3f8cdcf9-ea2c-4112-86f2-616faec9d46a: valid; 1.3 s; peak memory 4375 MiB.
2026-10-04T09:04:46Z INFO [465/2500] 3f8d097b-7404-4665-88a1-d05c153bb435: valid; 1.3 s; peak memory 4375 MiB.
2026-10-04T09:04:55Z INFO [466/2500] 3f8d9973-1e8e-47ab-b73f-009d31d6fca5: not valid; 9.0 s; peak memory 4394 MiB.
2026-10-04T09:04:56Z INFO [467/2500] 3f8e66d6-5a7c-4df7-a25e-2fba015725da: not valid; 0.5 s; peak memory 4394 MiB.
2026-10-04T09:04:57Z INFO [468/2500] 3f8ed64e-76d4-4800-9806-7bc591e373d6: valid; 0.7 s; peak memory 4394 MiB.
2026-10-04T09:04:59Z INFO [469/2500] 3f8f2460-d20b-474a-b3e1-c96a4ab94608: valid; 2.0 s; peak memory 4394 MiB.
2026-10-04T09:05:00Z INFO [470/2500] 3f8f24f0-771b-439e-b04a-0fb4dafbe325: valid; 0.8 s; peak memory 4394 MiB.
2026-10-04T09:05:02Z INFO [471/2500] 3f8fb487-76ca-469f-89f3-a3af1ea5ad5f: valid; 2.8 s; peak memory 4394 MiB.
2026-10-04T09:05:03Z INFO [472/2500] 3f8fe793-7d19-4296-af76-7ae96970cca6: valid; 0.8 s; peak memory 4394 MiB.
2026-10-04T09:05:05Z INFO [473/2500] 3f900fa2-f050-46d8-8a2a-03d6eecdac5c: valid; 2.3 s; peak memory 4394 MiB.
2026-10-04T09:05:08Z INFO [474/2500] 3f907def-2ade-4c01-8343-7eb68bc65e82: not valid; 2.8 s; peak memory 4394 MiB.
2026-10-04T09:05:13Z INFO [475/2500] 3f90b818-6f53-4f33-a226-1c947e2239c7: not valid; 4.5 s; peak memory 4394 MiB.
2026-10-04T09:05:14Z INFO [476/2500] 3f90b8af-1ee7-4055-bd08-793d5f43df85: valid; 0.8 s; peak memory 4394 MiB.
2026-10-04T09:05:15Z INFO [477/2500] 3f90de78-7170-4a5c-8808-8c236cda1706: valid; 1.6 s; peak memory 4394 MiB.
2026-10-04T09:05:16Z INFO [478/2500] 3f910f90-b691-4574-808b-7745d2e065c0: valid; 1.0 s; peak memory 4394 MiB.
2026-10-04T09:05:18Z INFO [479/2500] 3f913c3d-70c2-4f0b-8cb8-42f748764574: valid; 1.3 s; peak memory 4394 MiB.
2026-10-04T09:05:18Z INFO [480/2500] 3f916e21-24eb-4819-9126-6cd44b72113f: valid; 0.8 s; peak memory 4394 MiB.
2026-10-04T09:05:19Z INFO [481/2500] 3f91af8c-5ff9-4814-bebb-8ea047576709: valid; 0.9 s; peak memory 4394 MiB.
2026-10-04T09:05:21Z INFO [482/2500] 3f91d0f3-4482-40d1-a46f-2f6cecb2cee6: valid; 1.4 s; peak memory 4394 MiB.
2026-10-04T09:05:22Z INFO [483/2500] 3f91e8f6-561b-4ad3-a2b3-cab7a0918d2d: valid; 1.8 s; peak memory 4394 MiB.
2026-10-04T09:05:32Z INFO [484/2500] 3f924fa1-fcd1-4056-a3ad-21050f9921f0: valid; 9.6 s; peak memory 4394 MiB.
2026-10-04T09:05:34Z INFO [485/2500] 3f92ac64-7b11-4384-8d47-ff94f6b1e058: not valid; 1.8 s; peak memory 4394 MiB.
2026-10-04T09:05:35Z INFO [486/2500] 3f93485c-b347-4074-9155-e95079e49321: not valid; 1.0 s; peak memory 4394 MiB.
2026-10-04T09:05:37Z INFO [487/2500] 3f934b84-8beb-4a22-a0ca-272f53b13b26: valid; 2.0 s; peak memory 4394 MiB.
2026-10-04T09:05:39Z INFO [488/2500] 3f94341c-ac53-461e-9544-5d75d14f9faa: valid; 2.2 s; peak memory 4394 MiB.
2026-10-04T09:05:40Z INFO [489/2500] 3f944ee0-baf1-4523-88ea-fc7fdf43d6b5: not valid; 0.9 s; peak memory 4394 MiB.
2026-10-04T09:05:42Z INFO [490/2500] 3f946446-b769-44d9-ac99-f4e0c2ec397f: valid; 2.1 s; peak memory 4394 MiB.
2026-10-04T09:05:43Z WARNING 3f951914-ac5a-4b60-bb96-7956ef80b68d: failed while opening the NWB file (ConstructError: (root/acquisition/_iblmic_audioSpectrogram/bands GroupBuilder {'attributes': {'colnames': array(['freq'], dtype=object), 'description': 'spectogram frequencies', 'namespace': 'core', 'neurodata_type': 'FrequencyBandsTable', 'object_id': '000bd2e0-2435-46e3-84d5-4ab3d657eff9'}, 'groups': {}, 'datasets': {'freq': root/acquisition/_iblmic_audioSpectrogram/bands/freq DatasetBuilder {'attributes': {'description': 'frequency value', 'namespace': 'hdmf-common', 'neurodata_type': 'VectorData', 'object_id': 'e1fe17ce-079f-4398-9f51-25919e7c4790'}, 'data': <HDF5 dataset "freq": shape (257,), type "<f4">}, 'id': root/acquisition/_iblmic_audioSpectrogram/bands/id DatasetBuilder {'attributes': {'namespace': 'hdmf-common', 'neurodata_type': 'ElementIdentifiers', 'object_id': 'c766b6a8-b745-4327-b524-8367dd84865e'}, 'data': <HDF5 dataset "id": shape (257,), type "<i4">}}, 'links': {}}, "Could not construct FrequencyBandsTable object due to: column must have the same number of rows as 'id'"))
2026-10-04T09:05:44Z INFO [492/2500] 3f9528a5-0c36-4430-b672-f11dc9f68a6c: not valid; 0.9 s; peak memory 4394 MiB.
2026-10-04T09:05:45Z INFO [493/2500] 3f9548d3-7969-4ccd-a781-fb3745bd227c: not valid; 0.9 s; peak memory 4394 MiB.
2026-10-04T09:05:50Z INFO [494/2500] 3f956d0c-5dce-46a7-b39c-d0eb29beecdf: valid; 5.4 s; peak memory 4394 MiB.
2026-10-04T09:05:52Z INFO [495/2500] 3f957f23-7917-4d57-b027-b49a14bdbde0: valid; 1.4 s; peak memory 4394 MiB.
2026-10-04T09:05:53Z INFO [496/2500] 3f9586bf-3d53-47ad-b806-8693557b04cf: not valid; 1.1 s; peak memory 4394 MiB.
2026-10-04T09:05:54Z INFO [497/2500] 3f95b6e2-b057-465b-b774-0f564128ed16: not valid; 0.9 s; peak memory 4394 MiB.
2026-10-04T09:05:54Z INFO [498/2500] 3f96101d-188d-4ac7-9795-c2ee403882ed: valid; 0.7 s; peak memory 4394 MiB.
2026-10-04T09:05:55Z INFO [499/2500] 3f965f30-b029-42a4-939c-30ecbf8dc6d4: valid; 0.6 s; peak memory 4394 MiB.
2026-10-04T09:05:56Z INFO [500/2500] 3f96672a-d57e-4bb1-842d-19c31cbdc3a4: valid; 1.2 s; peak memory 4394 MiB.
2026-10-04T09:05:57Z INFO [500/2500] 3f96672a-d57e-4bb1-842d-19c31cbdc3a4: checkpointed 106510 records.
2026-10-04T09:05:58Z INFO [501/2500] 3f966849-34c5-4aa0-a093-cab489dae16c: valid; 1.1 s; peak memory 4394 MiB.
2026-10-04T09:05:59Z INFO [502/2500] 3f96766a-305d-4e40-a23b-198ee7d74e9b: valid; 1.2 s; peak memory 4394 MiB.
2026-10-04T09:06:02Z INFO [503/2500] 3f971502-9f3a-4f4e-876c-a0efdc229481: valid; 3.0 s; peak memory 4394 MiB.
2026-10-04T09:06:03Z INFO [504/2500] 3f976c9e-68cc-4a99-9a0f-11c5084c99e3: valid; 1.2 s; peak memory 4394 MiB.
2026-10-04T09:06:04Z INFO [505/2500] 3f978fe4-1790-40a9-9665-f0a262abe907: not valid; 0.9 s; peak memory 4394 MiB.
2026-10-04T09:06:06Z INFO [506/2500] 3f984f39-0d4e-4cbd-a9df-18657a28934e: valid; 1.4 s; peak memory 4404 MiB.
2026-10-04T09:06:07Z INFO [507/2500] 3f988838-9f77-4c42-a7a1-528b8d9af011: valid; 0.9 s; peak memory 4404 MiB.
2026-10-04T09:06:07Z INFO [508/2500] 3f988918-9e59-4d86-bf24-9102bf9a6d08: valid; 0.6 s; peak memory 4404 MiB.
2026-10-04T09:06:08Z INFO [509/2500] 3f989230-0abe-49bd-adc5-7fbb4ecd184e: not valid; 1.2 s; peak memory 4404 MiB.
2026-10-04T09:06:12Z INFO [510/2500] 3f98c45e-48f0-4ff5-befb-501bc6f81d4e: not valid; 3.9 s; peak memory 4550 MiB.
2026-10-04T09:06:14Z INFO [511/2500] 3f98fd00-e259-46b3-813b-3fb3b51bea08: not valid; 1.4 s; peak memory 4550 MiB.
2026-10-04T09:06:15Z INFO [512/2500] 3f997f9d-98c9-431d-b33c-1dec20a1ce6a: valid; 1.4 s; peak memory 4550 MiB.
2026-10-04T09:06:16Z INFO [513/2500] 3f99e756-3bdf-4c0b-9ad7-f747ccfde75b: valid; 1.3 s; peak memory 4550 MiB.
2026-10-04T09:06:17Z INFO [514/2500] 3f99e7d3-8c21-4c5a-be28-c9d772a603d5: not valid; 0.9 s; peak memory 4550 MiB.
2026-10-04T09:08:44Z INFO [515/2500] 3f9a10a5-f32b-488e-85cc-8c239abb734a: valid; 146.8 s; peak memory 4899 MiB.
2026-10-04T09:08:45Z INFO [516/2500] 3f9a3e6c-ceea-4d97-a01d-4d77814a9e34: valid; 1.0 s; peak memory 4901 MiB.
2026-10-04T09:08:52Z INFO [517/2500] 3f9b2b16-1007-477f-9e3e-5b865d24d400: valid; 6.9 s; peak memory 4959 MiB.
2026-10-04T09:09:08Z INFO [518/2500] 3f9b7cf3-6775-4657-9473-57e7fa4d752c: valid; 15.7 s; peak memory 5157 MiB.
2026-10-04T09:09:09Z INFO [519/2500] 3f9b7ec1-d3cd-4d13-ba37-0289d007bef2: valid; 1.5 s; peak memory 5157 MiB.
2026-10-04T09:09:11Z INFO [520/2500] 3f9b9a7f-87ad-406b-88f0-0b9a3ce68f36: valid; 1.6 s; peak memory 5157 MiB.
2026-10-04T09:09:12Z INFO [521/2500] 3f9bd4f0-b2e8-4177-b820-789bbbf589ef: valid; 1.6 s; peak memory 5158 MiB.
2026-10-04T09:09:13Z INFO [522/2500] 3f9c1bfd-b25e-4d68-b306-e8c58314441f: valid; 1.0 s; peak memory 5158 MiB.
2026-10-04T09:09:14Z INFO [523/2500] 3f9c2873-4c7e-4766-8ce3-066ec594f7f3: valid; 0.8 s; peak memory 5158 MiB.
2026-10-04T09:09:16Z INFO [524/2500] 3f9c3d2c-6e3b-406e-9f6a-6b34955e837b: valid; 1.4 s; peak memory 5158 MiB.
2026-10-04T09:09:18Z INFO [525/2500] 3f9cce95-fa63-467a-9971-35a8dde76c48: not valid; 2.3 s; peak memory 5158 MiB.
2026-10-04T09:09:19Z INFO [526/2500] 3f9ddeaf-190d-4349-ad0b-ba343000a027: valid; 0.9 s; peak memory 5158 MiB.
2026-10-04T09:09:26Z INFO [527/2500] 3f9e6eca-1b7a-4878-a541-278f2a964c12: valid; 6.7 s; peak memory 5327 MiB.
2026-10-04T09:09:27Z INFO [528/2500] 3f9e9757-5e50-43d2-9889-4e6d7a59ed15: valid; 1.4 s; peak memory 5327 MiB.
2026-10-04T09:09:28Z INFO [529/2500] 3f9ead6a-3a25-413d-96c1-38d29eb43781: not valid; 1.0 s; peak memory 5327 MiB.
2026-10-04T09:09:29Z INFO [530/2500] 3f9eb3cd-6bd5-4f4b-9929-81023b026d57: not valid; 1.0 s; peak memory 5327 MiB.
2026-10-04T09:09:31Z INFO [531/2500] 3f9eb5e2-2adb-4dc9-9e6a-36553512fb13: valid; 1.8 s; peak memory 5327 MiB.
2026-10-04T09:09:32Z INFO [532/2500] 3f9f0884-6c57-449d-a4fc-032c6b4f4253: valid; 1.0 s; peak memory 5327 MiB.
2026-10-04T09:09:35Z INFO [533/2500] 3f9fa49b-8b43-481e-b99a-7b00f95c9750: not valid; 3.0 s; peak memory 5327 MiB.
2026-10-04T09:09:36Z WARNING 3f9fb03a-189c-4bd5-87c4-27a47be80fe9: failed while opening the NWB file (ConstructError: (root/acquisition/_iblmic_audioSpectrogram/bands GroupBuilder {'attributes': {'colnames': array(['freq'], dtype=object), 'description': 'spectogram frequencies', 'namespace': 'core', 'neurodata_type': 'FrequencyBandsTable', 'object_id': '003c67a9-66a6-4847-94b2-e90103113ce6'}, 'groups': {}, 'datasets': {'freq': root/acquisition/_iblmic_audioSpectrogram/bands/freq DatasetBuilder {'attributes': {'description': 'frequency value', 'namespace': 'hdmf-common', 'neurodata_type': 'VectorData', 'object_id': 'd0e7a2d8-ee49-4a8a-a705-c98a6ed739e8'}, 'data': <HDF5 dataset "freq": shape (257,), type "<f4">}, 'id': root/acquisition/_iblmic_audioSpectrogram/bands/id DatasetBuilder {'attributes': {'namespace': 'hdmf-common', 'neurodata_type': 'ElementIdentifiers', 'object_id': '71464210-30f0-4d4b-880d-4d1197b903f6'}, 'data': <HDF5 dataset "id": shape (257,), type "<i4">}}, 'links': {}}, "Could not construct FrequencyBandsTable object due to: column must have the same number of rows as 'id'"))
2026-10-04T09:09:38Z INFO [535/2500] 3fa041c5-06f3-443e-982b-33ea4bb529c6: valid; 1.8 s; peak memory 5327 MiB.
2026-10-04T09:09:39Z INFO [536/2500] 3fa052b9-e9e4-471a-9963-cd6f89755015: not valid; 1.4 s; peak memory 5327 MiB.
2026-10-04T09:09:41Z INFO [537/2500] 3fa08e2e-30e7-4393-a873-04db9c40585d: valid; 1.5 s; peak memory 5327 MiB.
2026-10-04T09:09:42Z INFO [538/2500] 3fa0f1f0-5698-476d-80c5-9fa6ff8353db: valid; 0.8 s; peak memory 5327 MiB.
2026-10-04T09:09:43Z INFO [539/2500] 3fa17446-194e-484f-86b0-aeeb595ec29d: valid; 1.3 s; peak memory 5327 MiB.
2026-10-04T09:09:44Z INFO [540/2500] 3fa21d77-4dee-401d-b401-8120689bfd55: valid; 1.0 s; peak memory 5327 MiB.
2026-10-04T09:09:44Z WARNING 3fa291c3-b50e-4a29-9008-6078ade40905: failed while retrieving asset information from the DANDI API (NotFoundError: No asset at path 'sub-MS12/sub-MS12_ses-Peter-MS12-170718-101720-concat_behavior+ecephys.nwb' in version 0.250624.0444. Verify the path is correct and the asset exists in this version. Use 'dandi ls' to list available assets.)
2026-10-04T09:09:46Z INFO [542/2500] 3fa3b681-84ca-48ba-a043-0a06ba872305: valid; 1.7 s; peak memory 5327 MiB.
2026-10-04T09:09:46Z INFO [543/2500] 3fa4f2d2-87f2-4de8-be39-1ee084420755: valid; 0.7 s; peak memory 5327 MiB.
2026-10-04T09:09:47Z INFO [544/2500] 3fa502ca-40b8-4e2f-92c9-2040809b02cb: valid; 1.1 s; peak memory 5327 MiB.
2026-10-04T09:09:58Z INFO [545/2500] 3fa513eb-6f53-45ef-b860-06cfd9291b3d: valid; 10.5 s; peak memory 5327 MiB.
2026-10-04T09:10:01Z INFO [546/2500] 3fa5236f-3add-4dea-bb91-594736b6bc6a: valid; 2.7 s; peak memory 5327 MiB.
2026-10-04T09:10:02Z INFO [547/2500] 3fa54eeb-dce1-493c-b58b-c0b402ab7168: valid; 1.1 s; peak memory 5327 MiB.
2026-10-04T09:10:06Z INFO [548/2500] 3fa59997-b2b9-4763-827d-0b2701348e58: valid; 4.4 s; peak memory 5327 MiB.
2026-10-04T09:10:08Z INFO [549/2500] 3fa6d657-aa61-4295-8910-b2ffe12416ea: valid; 1.9 s; peak memory 5327 MiB.
2026-10-04T09:10:15Z INFO [550/2500] 3fa78563-a8f1-41f9-ad66-6fce3dfdf38f: valid; 7.4 s; peak memory 5327 MiB.
2026-10-04T09:10:16Z INFO [550/2500] 3fa78563-a8f1-41f9-ad66-6fce3dfdf38f: checkpointed 106560 records.
2026-10-04T09:10:17Z INFO [551/2500] 3fa80f23-bd03-4ff0-b036-207344d73eb1: not valid; 0.9 s; peak memory 5327 MiB.
2026-10-04T09:10:19Z INFO [552/2500] 3fa88c8d-65bb-44db-b588-2bb97906fa70: valid; 2.3 s; peak memory 5327 MiB.
2026-10-04T09:10:20Z INFO [553/2500] 3fa8f938-a0ea-4e3a-93ae-c4f65a856836: valid; 0.7 s; peak memory 5327 MiB.
2026-10-04T09:10:21Z INFO [554/2500] 3fa931e2-6edc-4452-83c7-e63843b3c67e: valid; 0.8 s; peak memory 5327 MiB.
2026-10-04T09:10:28Z INFO [555/2500] 3fa93a50-38bc-4e33-abf0-3bb7c3e7f469: valid; 7.3 s; peak memory 5327 MiB.
2026-10-04T09:10:29Z INFO [556/2500] 3fa969db-6efa-4a97-9296-4403778bde31: valid; 1.1 s; peak memory 5327 MiB.
2026-10-04T09:10:31Z INFO [557/2500] 3faa9c9b-21ce-4850-80ca-995def6b1322: valid; 2.0 s; peak memory 5327 MiB.
2026-10-04T09:10:32Z INFO [558/2500] 3faad357-6cfe-4811-ac1a-12d2e9d7e9c8: valid; 0.9 s; peak memory 5327 MiB.
2026-10-04T09:10:33Z INFO [559/2500] 3fab0999-edab-4735-9903-507a29f10e27: valid; 0.8 s; peak memory 5327 MiB.
2026-10-04T09:10:45Z INFO [560/2500] 3fab0f5c-065b-416b-b2b8-a2f565019edf: valid; 12.4 s; peak memory 5346 MiB.
2026-10-04T09:10:48Z INFO [561/2500] 3fab38e7-400d-4c39-a7f5-baae9e5cc36c: valid; 2.7 s; peak memory 5346 MiB.
2026-10-04T09:10:49Z INFO [562/2500] 3fabc49c-4d98-4040-ab8a-7e9f444b94f8: valid; 1.2 s; peak memory 5346 MiB.
2026-10-04T09:10:51Z WARNING 3fabcca0-4026-4db9-984c-e34904fcbc8d: failed while opening the NWB file (ConstructError: (root/acquisition/_iblmic_audioSpectrogram/bands GroupBuilder {'attributes': {'colnames': array(['freq'], dtype=object), 'description': 'spectogram frequencies', 'namespace': 'core', 'neurodata_type': 'FrequencyBandsTable', 'object_id': '67af3c85-18e4-471b-98e3-3994437da5a2'}, 'groups': {}, 'datasets': {'freq': root/acquisition/_iblmic_audioSpectrogram/bands/freq DatasetBuilder {'attributes': {'description': 'frequency value', 'namespace': 'hdmf-common', 'neurodata_type': 'VectorData', 'object_id': '4e746918-65c6-45bf-b144-59e4d202b254'}, 'data': <HDF5 dataset "freq": shape (257,), type "<f4">}, 'id': root/acquisition/_iblmic_audioSpectrogram/bands/id DatasetBuilder {'attributes': {'namespace': 'hdmf-common', 'neurodata_type': 'ElementIdentifiers', 'object_id': '976f8cef-e21d-4624-b802-3c8c0f3ed62e'}, 'data': <HDF5 dataset "id": shape (257,), type "<i4">}}, 'links': {}}, "Could not construct FrequencyBandsTable object due to: column must have the same number of rows as 'id'"))
2026-10-04T09:10:52Z INFO [564/2500] 3fac4b08-67c3-44c3-9126-6219e31d752b: valid; 0.8 s; peak memory 5346 MiB.
2026-10-04T09:10:53Z INFO [565/2500] 3fac831e-eefe-409a-98fc-184d1b0ab2b5: valid; 1.9 s; peak memory 5346 MiB.
2026-10-04T09:10:54Z INFO [566/2500] 3fac9832-f86d-468e-95b6-2fcd6ca0d00e: not valid; 1.0 s; peak memory 5346 MiB.
2026-10-04T09:10:56Z INFO [567/2500] 3fad09d5-9844-4649-b318-b534713b409e: valid; 1.4 s; peak memory 5346 MiB.
2026-10-04T09:10:57Z INFO [568/2500] 3fad6dce-a6f3-4719-ad3a-4d6bc2445df0: valid; 0.9 s; peak memory 5346 MiB.
2026-10-04T09:10:58Z INFO [569/2500] 3fad7665-6f7a-4311-ac14-feb92a69d142: valid; 1.4 s; peak memory 5346 MiB.
2026-10-04T09:11:00Z INFO [570/2500] 3fae92ed-8a15-4e79-9c8a-366d4ad838d5: valid; 2.1 s; peak memory 5346 MiB.
2026-10-04T09:11:01Z INFO [571/2500] 3faf1b15-dd76-457e-81f1-f71e871db8ed: valid; 0.8 s; peak memory 5346 MiB.
2026-10-04T09:11:02Z INFO [572/2500] 3faf607a-c7bb-4a1e-9e8e-0d0cf3664874: valid; 0.7 s; peak memory 5346 MiB.
2026-10-04T09:11:03Z INFO [573/2500] 3faf7ec7-69d0-48b3-9b3a-619a49b4794d: valid; 1.3 s; peak memory 5346 MiB.
2026-10-04T09:11:05Z INFO [574/2500] 3fb081a4-d762-4fa1-8bf1-5d58de3c951f: valid; 1.5 s; peak memory 5346 MiB.
2026-10-04T09:11:08Z INFO [575/2500] 3fb09bf0-3e45-4d9a-899a-d1d141206f59: valid; 3.6 s; peak memory 5346 MiB.
2026-10-04T09:11:09Z INFO [576/2500] 3fb0caea-d6cf-45c5-8f31-8caffbb3a346: valid; 0.8 s; peak memory 5346 MiB.
2026-10-04T09:11:10Z INFO [577/2500] 3fb11b44-4920-4e10-a654-713203709115: valid; 0.7 s; peak memory 5346 MiB.
2026-10-04T09:11:12Z INFO [578/2500] 3fb135c4-cab8-4cf3-89a5-b010a533e525: valid; 1.9 s; peak memory 5346 MiB.
2026-10-04T09:11:18Z INFO [579/2500] 3fb17183-6944-4c97-b45f-cb8f2b360f40: valid; 6.0 s; peak memory 5346 MiB.
2026-10-04T09:11:19Z INFO [580/2500] 3fb18030-2807-48ef-ba98-ad3e17e1d907: valid; 1.1 s; peak memory 5346 MiB.
2026-10-04T09:11:20Z INFO [581/2500] 3fb1a635-ab98-4d4b-9689-bfe92ef89150: valid; 0.8 s; peak memory 5346 MiB.
2026-10-04T09:11:20Z INFO [582/2500] 3fb1a8ef-5c7b-4d09-85a2-2718646dfe69: valid; 0.8 s; peak memory 5346 MiB.
2026-10-04T09:11:21Z INFO [583/2500] 3fb27f44-285c-43b3-ac29-5b5d8a439281: valid; 0.8 s; peak memory 5346 MiB.
2026-10-04T09:11:22Z INFO [584/2500] 3fb2c85c-faac-4163-8906-cb89530e7008: valid; 0.8 s; peak memory 5346 MiB.
2026-10-04T09:11:23Z INFO [585/2500] 3fb2c8b9-26db-47c0-86c2-9594678a8263: valid; 0.8 s; peak memory 5346 MiB.
2026-10-04T09:11:24Z INFO [586/2500] 3fb3d237-99b8-467d-8be4-42d1dfa9c416: not valid; 0.7 s; peak memory 5346 MiB.
2026-10-04T09:11:27Z INFO [587/2500] 3fb4f9a6-01ef-4ce2-95fb-d8771390ec35: valid; 3.4 s; peak memory 5346 MiB.
2026-10-04T09:11:29Z INFO [588/2500] 3fb5fdf9-f4ff-4b0d-ae92-bb234ab1b34a: valid; 1.6 s; peak memory 5346 MiB.
2026-10-04T09:11:31Z INFO [589/2500] 3fb6bf2a-275f-4a32-92c4-3670cea94192: valid; 2.3 s; peak memory 5346 MiB.
2026-10-04T09:11:34Z INFO [590/2500] 3fb70e17-d901-4e06-90e7-786c5251944a: valid; 2.9 s; peak memory 5346 MiB.
2026-10-04T09:11:34Z INFO [591/2500] 3fb795a3-6054-42ca-9690-a156025b64ec: valid; 0.6 s; peak memory 5346 MiB.
2026-10-04T09:11:36Z INFO [592/2500] 3fb7aa6d-3a30-47bc-ba7d-413ec4e7657a: not valid; 1.5 s; peak memory 5346 MiB.
2026-10-04T09:11:37Z INFO [593/2500] 3fb86556-3743-48d5-9d9d-46e9ae473248: valid; 1.1 s; peak memory 5346 MiB.
2026-10-04T09:11:38Z INFO [594/2500] 3fb97555-129a-4ddc-a40c-426c38b54cae: valid; 1.2 s; peak memory 5346 MiB.
2026-10-04T09:11:40Z INFO [595/2500] 3fb9dfc9-a88f-46e5-8973-326fa6613928: valid; 1.7 s; peak memory 5346 MiB.
2026-10-04T09:11:41Z INFO [596/2500] 3fb9fee9-f2ec-4bc3-b448-c526e87f74ed: valid; 0.8 s; peak memory 5346 MiB.
2026-10-04T09:11:45Z INFO [597/2500] 3fbaed63-d4ca-4130-967f-66262c940b3b: valid; 4.6 s; peak memory 5346 MiB.
2026-10-04T09:11:47Z INFO [598/2500] 3fbb00f1-c348-4b60-b9de-424d842a5778: not valid; 1.3 s; peak memory 5346 MiB.
2026-10-04T09:11:48Z INFO [599/2500] 3fbb6ec0-e979-44e8-9efe-1c277c5e8a55: valid; 1.2 s; peak memory 5346 MiB.
2026-10-04T09:11:49Z INFO [600/2500] 3fbbb386-4842-4293-b88c-8b75470c6eae: valid; 1.4 s; peak memory 5346 MiB.
2026-10-04T09:11:50Z INFO [600/2500] 3fbbb386-4842-4293-b88c-8b75470c6eae: checkpointed 106610 records.
2026-10-04T09:11:51Z INFO [601/2500] 3fbc65f7-0e6b-4a2f-9ae3-805aa1405024: valid; 1.1 s; peak memory 5346 MiB.
2026-10-04T09:11:52Z INFO [602/2500] 3fbc9f89-3a4f-4753-8e9f-d4ab79581dea: valid; 0.7 s; peak memory 5346 MiB.
2026-10-04T09:11:53Z INFO [603/2500] 3fbe0b90-aa22-4b65-9229-e8cb1f64cff5: valid; 0.9 s; peak memory 5346 MiB.
2026-10-04T09:11:57Z INFO [604/2500] 3fbe449c-cdf4-45f6-aa54-a93a659652d0: valid; 4.5 s; peak memory 5346 MiB.
2026-10-04T09:11:58Z INFO [605/2500] 3fbef588-4bc0-4b3c-8b04-0bca8c167779: valid; 0.8 s; peak memory 5346 MiB.
2026-10-04T09:11:59Z INFO [606/2500] 3fbf1c30-735a-45d9-b505-2cf58ed2f32e: valid; 1.3 s; peak memory 5346 MiB.
2026-10-04T09:12:00Z INFO [607/2500] 3fbf5e2e-d99c-4d21-9611-4ab712d979a1: valid; 0.8 s; peak memory 5346 MiB.
2026-10-04T09:12:01Z INFO [608/2500] 3fbfe256-89c6-478f-b947-3c91e9a8fdbb: not valid; 1.3 s; peak memory 5346 MiB.
2026-10-04T09:12:04Z INFO [609/2500] 3fc04348-1d09-4501-8b69-13f9c9647a57: valid; 2.3 s; peak memory 5346 MiB.
2026-10-04T09:12:09Z INFO [610/2500] 3fc155d7-3ad5-4044-bc8f-7589aa846f80: valid; 5.7 s; peak memory 5346 MiB.
2026-10-04T09:12:12Z INFO [611/2500] 3fc1a344-fcbd-4695-be2b-d58d0ba5d8d2: not valid; 2.3 s; peak memory 5346 MiB.
2026-10-04T09:12:13Z INFO [612/2500] 3fc27a39-f26f-4f99-aca4-309bf99c5c29: not valid; 1.0 s; peak memory 5346 MiB.
2026-10-04T09:12:15Z INFO [613/2500] 3fc27fec-8512-4806-ac91-03c897c0a567: valid; 2.1 s; peak memory 5346 MiB.
2026-10-04T09:12:16Z INFO [614/2500] 3fc47649-b9d5-4a8f-a96b-e694eea921c5: valid; 1.7 s; peak memory 5346 MiB.
2026-10-04T09:12:17Z INFO [615/2500] 3fc4b229-b47e-42df-a904-0befbc5bc055: not valid; 0.9 s; peak memory 5346 MiB.
2026-10-04T09:12:18Z INFO [616/2500] 3fc4fa27-3ecc-49f3-ab94-2794efa6307e: not valid; 1.1 s; peak memory 5346 MiB.
2026-10-04T09:12:19Z INFO [617/2500] 3fc500ae-272e-4a98-af5d-3ff2f7c00001: valid; 0.9 s; peak memory 5346 MiB.
2026-10-04T09:12:20Z INFO [618/2500] 3fc525d0-7482-42f9-b0ed-1fd1ead8a7d9: valid; 1.1 s; peak memory 5346 MiB.
2026-10-04T09:12:29Z INFO [619/2500] 3fc57248-c0b9-4c52-b13b-711e143ee91c: not valid; 9.1 s; peak memory 5346 MiB.
2026-10-04T09:12:31Z INFO [620/2500] 3fc7c813-151b-443f-95ae-8990078ebe3f: valid; 1.6 s; peak memory 5346 MiB.
2026-10-04T09:12:34Z INFO [621/2500] 3fc7fd3a-c507-479d-a45a-6aad85a50abb: valid; 2.9 s; peak memory 5346 MiB.
2026-10-04T09:12:38Z INFO [622/2500] 3fc84a0a-fa48-4209-91a4-57d550901b61: valid; 3.8 s; peak memory 5346 MiB.
2026-10-04T09:12:39Z INFO [623/2500] 3fc84dcf-d912-486f-a548-b4b2dbb55878: valid; 1.3 s; peak memory 5346 MiB.
2026-10-04T09:12:41Z INFO [624/2500] 3fc86c8d-86d8-406e-adda-9cf0dbd98624: valid; 2.0 s; peak memory 5346 MiB.
2026-10-04T09:12:42Z INFO [625/2500] 3fc9042d-ef65-473b-a878-864157a9bbb7: not valid; 1.4 s; peak memory 5346 MiB.
2026-10-04T09:12:44Z INFO [626/2500] 3fc9a3b3-c894-4104-92d4-c25a2546c5aa: valid; 1.7 s; peak memory 5346 MiB.
2026-10-04T09:12:45Z INFO [627/2500] 3fc9af1f-609f-41aa-a7bc-64b99ef3fc54: valid; 1.5 s; peak memory 5346 MiB.
2026-10-04T09:12:47Z INFO [628/2500] 3fc9e42f-e4fb-4595-bc22-24c3a1f685c6: not valid; 1.5 s; peak memory 5346 MiB.
2026-10-04T09:12:48Z INFO [629/2500] 3fca3cab-e27e-4b94-a786-e68c059f3dfc: valid; 1.1 s; peak memory 5346 MiB.
2026-10-04T09:12:50Z INFO [630/2500] 3fca412f-f2f1-4d6d-8568-bdee6b334a82: valid; 1.9 s; peak memory 5346 MiB.
2026-10-04T09:12:51Z INFO [631/2500] 3fcaffaa-649f-4bf7-9069-fe2b32c5126f: valid; 1.2 s; peak memory 5346 MiB.
2026-10-04T09:12:54Z INFO [632/2500] 3fcb3642-661d-471e-be86-1cc67f5614f5: not valid; 2.4 s; peak memory 5346 MiB.
2026-10-04T09:12:54Z INFO [633/2500] 3fcb4e81-9732-4dee-bf42-d0afe43c0b2e: valid; 0.5 s; peak memory 5346 MiB.
2026-10-04T09:12:55Z INFO [634/2500] 3fcba058-e4d8-47ff-92b5-f7e02ecad1fe: valid; 0.8 s; peak memory 5346 MiB.
2026-10-04T09:12:55Z WARNING 3fcbe76b-bdb5-49fd-a1d2-a125ae760f9e: failed while retrieving asset information from the DANDI API (NotFoundError: No asset at path 'sub-healthy-simulated-lfp/sub-healthy-simulated-lfp_ses-9639_ecephys.nwb' in version 0.250327.2220. Verify the path is correct and the asset exists in this version. Use 'dandi ls' to list available assets.)
2026-10-04T09:12:55Z WARNING 3fcbe841-ecd6-40b9-8c40-dc862bc47421: failed while retrieving asset information from the DANDI API (NotFoundError: No asset at path '409828_2018-12-11_16-12-21.nwb.zarr' in version draft. Verify the path is correct and the asset exists in this version. Use 'dandi ls' to list available assets.)
2026-10-04T09:12:56Z INFO [637/2500] 3fcc83e0-890b-4dba-9f19-09f792631e82: not valid; 0.9 s; peak memory 5346 MiB.
2026-10-04T09:12:57Z INFO [638/2500] 3fccc2b3-bb3e-4c74-b318-b542e281ffea: valid; 0.9 s; peak memory 5346 MiB.
2026-10-04T09:12:59Z INFO [639/2500] 3fccf608-605a-4212-8ca0-a2d903b13f29: not valid; 2.1 s; peak memory 5346 MiB.
2026-10-04T09:13:00Z INFO [640/2500] 3fcdc62c-d73d-4d59-b0aa-1ba662b7a92e: valid; 0.6 s; peak memory 5346 MiB.
2026-10-04T09:13:01Z INFO [641/2500] 3fce0764-939c-4776-b35a-221866865cc5: not valid; 1.0 s; peak memory 5346 MiB.
2026-10-04T09:13:03Z INFO [642/2500] 3fce3d8d-c47c-4afc-9380-2bb7483a8057: not valid; 2.4 s; peak memory 5346 MiB.
2026-10-04T09:13:06Z INFO [643/2500] 3fceace7-baeb-436f-9fbe-254021529b16: valid; 2.8 s; peak memory 5346 MiB.
2026-10-04T09:13:06Z WARNING 3fcf1611-bdaf-497c-90e2-b21d2a1b7e32: failed while retrieving asset information from the DANDI API (NotFoundError: No asset at path 'sub-healthy-simulated-beta/sub-healthy-simulated-beta_ses-7227_ecephys.nwb' in version 0.250327.2220. Verify the path is correct and the asset exists in this version. Use 'dandi ls' to list available assets.)
2026-10-04T09:13:07Z INFO [645/2500] 3fcf37bb-ec9e-451d-9b9d-f0bb8978307d: not valid; 1.7 s; peak memory 5346 MiB.
2026-10-04T09:13:08Z INFO [646/2500] 3fd029de-33f7-422d-9cf1-567c8f6dc528: valid; 0.8 s; peak memory 5346 MiB.
2026-10-04T09:13:15Z INFO [647/2500] 3fd0fabc-dd76-4275-a052-03334e063474: not valid; 6.7 s; peak memory 5346 MiB.
2026-10-04T09:13:16Z INFO [648/2500] 3fd1407b-e8ed-4a76-b79f-37535d37f766: valid; 0.8 s; peak memory 5346 MiB.
2026-10-04T09:13:17Z INFO [649/2500] 3fd2de1a-8e3d-44e4-889e-fe55bcfdfa0d: valid; 1.4 s; peak memory 5346 MiB.
2026-10-04T09:13:26Z INFO [650/2500] 3fd32270-9528-4156-8c70-9b3ce3338729: valid; 9.0 s; peak memory 5346 MiB.
2026-10-04T09:13:27Z INFO [650/2500] 3fd32270-9528-4156-8c70-9b3ce3338729: checkpointed 106660 records.
2026-10-04T09:13:28Z INFO [651/2500] 3fd33216-7d4f-4a42-a8bc-db1a0185e773: valid; 0.7 s; peak memory 5346 MiB.
2026-10-04T09:13:28Z INFO [652/2500] 3fd44515-0111-4b1b-b20e-8e63d410aa53: valid; 0.8 s; peak memory 5346 MiB.
2026-10-04T09:13:30Z INFO [653/2500] 3fd45525-61eb-4228-9c41-434554594a49: not valid; 1.4 s; peak memory 5346 MiB.
2026-10-04T09:13:31Z INFO [654/2500] 3fd4b95d-2c55-4290-9d57-c94e4be94a71: not valid; 1.0 s; peak memory 5346 MiB.
2026-10-04T09:13:37Z INFO [655/2500] 3fd4d853-0c83-46dc-8fa9-d7b93236a7bb: not valid; 6.6 s; peak memory 5346 MiB.
2026-10-04T09:13:38Z INFO [656/2500] 3fd4fc7e-b6ce-4c31-accf-e285c421834f: valid; 0.7 s; peak memory 5346 MiB.
2026-10-04T09:13:38Z WARNING 3fd51291-4044-4747-ab6a-7659ac88cc09: failed while retrieving asset information from the DANDI API (NotFoundError: No asset at path 'sub-749624/sub-749624_ses-behavior-749624-2025-01-04-12-44-49.nwb' in version 0.260928.2230. Verify the path is correct and the asset exists in this version. Use 'dandi ls' to list available assets.)
2026-10-04T09:13:39Z INFO [658/2500] 3fd53502-17b0-4ad4-a6d3-2c17d91be282: valid; 1.0 s; peak memory 5346 MiB.
2026-10-04T09:13:40Z INFO [659/2500] 3fd6572b-6980-4571-90d6-073fbb1797eb: not valid; 1.2 s; peak memory 5346 MiB.
2026-10-04T09:13:43Z INFO [660/2500] 3fd664e8-4aea-4a09-a3e3-28b00d58fb46: valid; 2.1 s; peak memory 5346 MiB.
2026-10-04T09:13:51Z INFO [661/2500] 3fd6a25f-f6ad-4f9e-ac0a-e6703203e37c: valid; 8.1 s; peak memory 5346 MiB.
2026-10-04T09:13:59Z INFO [662/2500] 3fd73471-3e81-4129-b521-1f196517e28e: valid; 8.0 s; peak memory 5346 MiB.
2026-10-04T09:14:00Z INFO [663/2500] 3fd7988e-2abe-479e-9517-1eed358d2816: valid; 1.6 s; peak memory 5346 MiB.
2026-10-04T09:14:02Z INFO [664/2500] 3fd80335-9dfd-4d81-9aa2-c536b8a91d88: valid; 1.9 s; peak memory 5346 MiB.
2026-10-04T09:14:03Z INFO [665/2500] 3fd8458d-f0c3-40cf-80e1-79b7945c767a: valid; 1.2 s; peak memory 5346 MiB.
2026-10-04T09:14:04Z INFO [666/2500] 3fd87f9a-342c-42da-950e-f8056e186f2e: valid; 0.8 s; peak memory 5346 MiB.
2026-10-04T09:14:06Z INFO [667/2500] 3fd88081-70a6-4309-9fc9-9b1002160efd: valid; 2.0 s; peak memory 5346 MiB.
2026-10-04T09:14:07Z INFO [668/2500] 3fd8bb63-0d07-46a6-a4c1-7671f6c289ad: not valid; 1.1 s; peak memory 5346 MiB.
2026-10-04T09:14:09Z INFO [669/2500] 3fd8c2c5-390e-41c6-a6ef-d94cfeb9439f: valid; 1.7 s; peak memory 5346 MiB.
2026-10-04T09:14:10Z INFO [670/2500] 3fd8ce16-752a-43be-a871-c96f0a23d10d: valid; 1.5 s; peak memory 5346 MiB.
2026-10-04T09:14:12Z INFO [671/2500] 3fd8e001-027a-4a39-8737-a9a3ca671e0b: not valid; 1.4 s; peak memory 5346 MiB.
2026-10-04T09:14:16Z INFO [672/2500] 3fd8fc82-a87c-428a-9a48-79b7c97f99d6: valid; 4.6 s; peak memory 5346 MiB.
2026-10-04T09:14:17Z INFO [673/2500] 3fd92433-5043-4385-a152-ad10ff78e883: not valid; 0.8 s; peak memory 5346 MiB.
2026-10-04T09:14:18Z INFO [674/2500] 3fd974d5-262c-4416-98d6-dc5f8e3554b3: valid; 1.1 s; peak memory 5346 MiB.
2026-10-04T09:14:19Z INFO [675/2500] 3fd9b983-3c9e-4b0a-96db-2fd0c4cb4205: valid; 0.7 s; peak memory 5346 MiB.
2026-10-04T09:14:20Z INFO [676/2500] 3fd9f784-bb8d-4017-86d7-8b955410c438: valid; 0.8 s; peak memory 5346 MiB.
2026-10-04T09:14:21Z INFO [677/2500] 3fda2d08-0761-48bd-805c-e3fb99d185ba: valid; 1.1 s; peak memory 5346 MiB.
2026-10-04T09:14:26Z INFO [678/2500] 3fdad805-d3a3-4253-8616-9be64318e6c6: valid; 4.8 s; peak memory 5346 MiB.
2026-10-04T09:14:26Z INFO [679/2500] 3fdaf7a0-f651-4347-bc7d-9ad7fc34ac3e: valid; 0.8 s; peak memory 5346 MiB.
2026-10-04T09:14:27Z INFO [680/2500] 3fdbb0e0-976b-4ef2-8a08-68ea9531c649: not valid; 0.9 s; peak memory 5346 MiB.
2026-10-04T09:14:28Z INFO [681/2500] 3fdbe90b-49bc-48ca-a506-c72a57b244f3: valid; 0.8 s; peak memory 5346 MiB.
2026-10-04T09:14:39Z INFO [682/2500] 3fdc1576-0d46-4430-9a2b-d1701d905977: valid; 11.2 s; peak memory 5346 MiB.
2026-10-04T09:14:41Z INFO [683/2500] 3fdc331f-67df-4fac-9385-6f333e1befa7: valid; 1.2 s; peak memory 5346 MiB.
2026-10-04T09:14:41Z INFO [684/2500] 3fddaf55-6ed5-44c8-b6a7-c79909f09b44: valid; 0.8 s; peak memory 5346 MiB.
2026-10-04T09:14:52Z INFO [685/2500] 3fdf30aa-9a6c-45c2-af61-fd0376bf5513: valid; 10.9 s; peak memory 5346 MiB.
2026-10-04T09:14:53Z INFO [686/2500] 3fdfabf9-a985-471f-b8ce-74df8a58931a: valid; 0.9 s; peak memory 5346 MiB.
2026-10-04T09:14:54Z INFO [687/2500] 3fe0bf3b-5b80-42f6-879a-d737a9060194: not valid; 0.9 s; peak memory 5346 MiB.
2026-10-04T09:14:55Z INFO [688/2500] 3fe1a18b-cd12-4d34-bd60-a99fa4cc37b6: valid; 0.9 s; peak memory 5346 MiB.
2026-10-04T09:15:02Z INFO [689/2500] 3fe275d3-6034-424b-9424-c88ecb29fb23: valid; 7.2 s; peak memory 5346 MiB.
2026-10-04T09:15:03Z INFO [690/2500] 3fe386ee-421c-4145-a2c7-9e5cee180c65: valid; 0.7 s; peak memory 5346 MiB.
2026-10-04T09:15:04Z INFO [691/2500] 3fe394af-9dad-45cb-88cb-d17425c82d2c: valid; 0.7 s; peak memory 5346 MiB.
2026-10-04T09:15:05Z INFO [692/2500] 3fe3dfe6-3710-4dad-b078-b9e0eddc60fe: valid; 1.4 s; peak memory 5346 MiB.
2026-10-04T09:15:06Z INFO [693/2500] 3fe3e19b-004f-4446-b839-7046bebb57b0: valid; 1.3 s; peak memory 5346 MiB.
2026-10-04T09:15:07Z INFO [694/2500] 3fe46cf4-055d-461b-ae1c-16ff7b2a6471: not valid; 0.9 s; peak memory 5346 MiB.
2026-10-04T09:15:08Z INFO [695/2500] 3fe48db7-bf78-4f01-a31d-4c1bc890931a: valid; 0.7 s; peak memory 5346 MiB.
2026-10-04T09:15:09Z INFO [696/2500] 3fe49d8f-a24d-4119-b101-d8c39c4d7c65: valid; 1.2 s; peak memory 5346 MiB.
2026-10-04T09:15:10Z INFO [697/2500] 3fe4dbe4-42c8-4972-b06b-663ee43e84a8: valid; 1.3 s; peak memory 5346 MiB.
2026-10-04T09:15:12Z INFO [698/2500] 3fe4e20d-7e63-43ff-8624-c6c34bbf35d9: valid; 1.6 s; peak memory 5346 MiB.
2026-10-04T09:15:14Z INFO [699/2500] 3fe4eb07-cb6c-4cca-9eda-a1bd831b05a7: not valid; 2.4 s; peak memory 5346 MiB.
2026-10-04T09:15:16Z INFO [700/2500] 3fe54995-5bc7-44ff-95ac-2f4b0dbf4b4a: valid; 1.4 s; peak memory 5346 MiB.
2026-10-04T09:15:17Z INFO [700/2500] 3fe54995-5bc7-44ff-95ac-2f4b0dbf4b4a: checkpointed 106710 records.
2026-10-04T09:15:18Z INFO [701/2500] 3fe55d2f-12aa-4cf9-9381-887f0c794cd3: valid; 1.9 s; peak memory 5346 MiB.
2026-10-04T09:15:19Z INFO [702/2500] 3fe60296-ab26-49d0-9a83-8f901e56d8d4: valid; 0.8 s; peak memory 5346 MiB.
2026-10-04T09:15:20Z INFO [703/2500] 3fe69766-4f47-42f4-8c17-9f7990768fe8: valid; 1.0 s; peak memory 5346 MiB.
2026-10-04T09:15:22Z INFO [704/2500] 3fe6e55b-1800-4460-85d6-acf18fdfb14d: valid; 2.0 s; peak memory 5346 MiB.
2026-10-04T09:15:23Z INFO [705/2500] 3fe6fdbd-cf8f-4435-b2a3-44dc047c14b1: valid; 1.0 s; peak memory 5346 MiB.
2026-10-04T09:15:24Z INFO [706/2500] 3fe82143-8326-4d71-8a9f-c69973bc2194: valid; 0.9 s; peak memory 5346 MiB.
2026-10-04T09:15:27Z INFO [707/2500] 3fe93cb6-74bd-47cd-9908-8f61a003c24a: valid; 3.0 s; peak memory 5346 MiB.
2026-10-04T09:15:34Z INFO [708/2500] 3fe97371-07f7-44c4-8391-2da33f80152d: valid; 6.3 s; peak memory 5346 MiB.
2026-10-04T09:15:34Z INFO [709/2500] 3fea4122-7e4f-49bb-8fd6-e1c78bea38a1: valid; 0.9 s; peak memory 5346 MiB.
2026-10-04T09:15:37Z INFO [710/2500] 3feab76b-eaa8-4b64-92d2-2a54738638ce: valid; 3.0 s; peak memory 5346 MiB.
2026-10-04T09:15:39Z WARNING 3feae9a2-58da-477d-a4ab-3fb164128577: failed while opening the NWB file (ConstructError: (root/acquisition/_iblmic_audioSpectrogram/bands GroupBuilder {'attributes': {'colnames': array(['freq'], dtype=object), 'description': 'spectogram frequencies', 'namespace': 'core', 'neurodata_type': 'FrequencyBandsTable', 'object_id': '19d5357e-1ef2-42c5-9311-37dc1ffd0dc8'}, 'groups': {}, 'datasets': {'freq': root/acquisition/_iblmic_audioSpectrogram/bands/freq DatasetBuilder {'attributes': {'description': 'frequency value', 'namespace': 'hdmf-common', 'neurodata_type': 'VectorData', 'object_id': 'c79d91d9-f2e7-4a7b-9839-a79640e57e3e'}, 'data': <HDF5 dataset "freq": shape (257,), type "<f4">}, 'id': root/acquisition/_iblmic_audioSpectrogram/bands/id DatasetBuilder {'attributes': {'namespace': 'hdmf-common', 'neurodata_type': 'ElementIdentifiers', 'object_id': 'c596594b-2ed0-413c-98ff-870639c5d04a'}, 'data': <HDF5 dataset "id": shape (257,), type "<i4">}}, 'links': {}}, "Could not construct FrequencyBandsTable object due to: column must have the same number of rows as 'id'"))
2026-10-04T09:15:40Z WARNING 3feb03dd-081c-47e2-943e-06e92ef09bf2: failed while opening the NWB file (ConstructError: (root/acquisition/_iblmic_audioSpectrogram/bands GroupBuilder {'attributes': {'colnames': array(['freq'], dtype=object), 'description': 'spectogram frequencies', 'namespace': 'core', 'neurodata_type': 'FrequencyBandsTable', 'object_id': 'ba29085c-7fe0-4a3f-8248-cfe97c7be217'}, 'groups': {}, 'datasets': {'freq': root/acquisition/_iblmic_audioSpectrogram/bands/freq DatasetBuilder {'attributes': {'description': 'frequency value', 'namespace': 'hdmf-common', 'neurodata_type': 'VectorData', 'object_id': '7fbdb270-9871-4bce-8443-6a45411cad67'}, 'data': <HDF5 dataset "freq": shape (257,), type "<f4">}, 'id': root/acquisition/_iblmic_audioSpectrogram/bands/id DatasetBuilder {'attributes': {'namespace': 'hdmf-common', 'neurodata_type': 'ElementIdentifiers', 'object_id': 'b2a164a3-4fd2-4ef5-b0a5-5b5722f544c7'}, 'data': <HDF5 dataset "id": shape (257,), type "<i4">}}, 'links': {}}, "Could not construct FrequencyBandsTable object due to: column must have the same number of rows as 'id'"))
2026-10-04T09:15:41Z INFO [713/2500] 3feb547b-8b4e-4cb6-8028-5424c3f879b1: valid; 0.8 s; peak memory 5346 MiB.
2026-10-04T09:15:42Z INFO [714/2500] 3febb360-5a92-4055-b34e-b9fdecdee965: valid; 1.5 s; peak memory 5346 MiB.
2026-10-04T09:15:43Z INFO [715/2500] 3febbcfb-025f-440d-bf58-91d3e23703d0: valid; 1.2 s; peak memory 5346 MiB.
2026-10-04T09:15:46Z INFO [716/2500] 3fec4414-1513-44df-8abe-22187dc1fda3: valid; 2.6 s; peak memory 5346 MiB.
2026-10-04T09:15:47Z INFO [717/2500] 3fec57bc-ca6b-4c5b-986f-4d508ea80d92: not valid; 0.9 s; peak memory 5346 MiB.
2026-10-04T09:15:48Z INFO [718/2500] 3feca540-29bf-4653-b7e7-1b1b3c99907f: valid; 1.5 s; peak memory 5346 MiB.
2026-10-04T09:15:51Z INFO [719/2500] 3fed5749-f476-4b1a-9523-6ed3797f2d00: not valid; 2.4 s; peak memory 5346 MiB.
2026-10-04T09:15:52Z INFO [720/2500] 3fed6a90-e490-41cd-b8e8-e59863a44482: valid; 1.5 s; peak memory 5346 MiB.
2026-10-04T09:15:54Z INFO [721/2500] 3fedfc07-4943-4937-86fb-48952ce61af9: valid; 1.3 s; peak memory 5346 MiB.
2026-10-04T09:15:54Z INFO [722/2500] 3fee2456-f2bb-4e34-b6a6-6fb7aed87e43: not valid; 0.7 s; peak memory 5346 MiB.
2026-10-04T09:15:56Z INFO [723/2500] 3fee2b0d-1efa-4092-b53f-fd2ee0932bd5: valid; 1.3 s; peak memory 5346 MiB.
2026-10-04T09:15:58Z INFO [724/2500] 3fee3468-ec90-408f-824f-01bd4248abca: valid; 1.9 s; peak memory 5346 MiB.
2026-10-04T09:15:59Z INFO [725/2500] 3fee3c72-fbf9-47e2-b656-ffd6f0c32c92: not valid; 1.2 s; peak memory 5346 MiB.
2026-10-04T09:16:00Z INFO [726/2500] 3feea4c2-3d49-4438-9185-eee313baaae4: valid; 1.3 s; peak memory 5346 MiB.
2026-10-04T09:16:02Z INFO [727/2500] 3fef00be-07ae-4e96-8af9-e5b8b3e15902: not valid; 1.7 s; peak memory 5346 MiB.
2026-10-04T09:16:03Z INFO [728/2500] 3fef8ecd-be8c-44c8-8335-20b12ef28e79: not valid; 0.9 s; peak memory 5346 MiB.
2026-10-04T09:16:03Z INFO [729/2500] 3ff0a210-9d9f-4758-83cb-8fe284da5011: valid; 0.7 s; peak memory 5346 MiB.
2026-10-04T09:16:06Z INFO [730/2500] 3ff0c206-4b72-4f33-afdb-f2855d020d67: not valid; 2.8 s; peak memory 5346 MiB.
2026-10-04T09:16:08Z INFO [731/2500] 3ff0e955-ba8f-47ae-a705-bbdbf7d3d5c0: not valid; 1.9 s; peak memory 5346 MiB.
2026-10-04T09:16:09Z INFO [732/2500] 3ff0f818-2f55-4c97-b4fb-a3ca03c2b877: valid; 1.5 s; peak memory 5346 MiB.
2026-10-04T09:16:11Z INFO [733/2500] 3ff18b5c-071a-426d-96b5-7c3aaa9a5e5d: valid; 2.0 s; peak memory 5346 MiB.
2026-10-04T09:16:12Z INFO [734/2500] 3ff1f088-212a-4616-8958-1d1ccac02991: valid; 0.6 s; peak memory 5346 MiB.
2026-10-04T09:16:13Z INFO [735/2500] 3ff2816e-2745-4b3b-a77b-1aa78f72afd9: valid; 1.4 s; peak memory 5346 MiB.
2026-10-04T09:16:15Z WARNING 3ff37aa0-f54d-4c4d-b8f1-2b064dbf50f1: failed while opening the NWB file (ConstructError: (root/acquisition/_iblmic_audioSpectrogram/bands GroupBuilder {'attributes': {'colnames': array(['freq'], dtype=object), 'description': 'spectogram frequencies', 'namespace': 'core', 'neurodata_type': 'FrequencyBandsTable', 'object_id': '913ba864-0604-48c4-86ec-69862d957d70'}, 'groups': {}, 'datasets': {'freq': root/acquisition/_iblmic_audioSpectrogram/bands/freq DatasetBuilder {'attributes': {'description': 'frequency value', 'namespace': 'hdmf-common', 'neurodata_type': 'VectorData', 'object_id': '12ecc89f-1ead-408f-9e93-9b5e9a585cbb'}, 'data': <HDF5 dataset "freq": shape (257,), type "<f4">}, 'id': root/acquisition/_iblmic_audioSpectrogram/bands/id DatasetBuilder {'attributes': {'namespace': 'hdmf-common', 'neurodata_type': 'ElementIdentifiers', 'object_id': 'b16f360a-48aa-47cf-b2f5-3a9c6db033b0'}, 'data': <HDF5 dataset "id": shape (257,), type "<i4">}}, 'links': {}}, "Could not construct FrequencyBandsTable object due to: column must have the same number of rows as 'id'"))
2026-10-04T09:16:16Z INFO [737/2500] 3ff3dd71-7a3f-4809-93eb-d6e245dca976: valid; 1.2 s; peak memory 5346 MiB.
2026-10-04T09:16:17Z INFO [738/2500] 3ff4e491-4962-4e4f-aef3-71ee394af4ad: valid; 0.8 s; peak memory 5346 MiB.
2026-10-04T09:16:19Z INFO [739/2500] 3ff5288e-2fb8-45a2-8591-62d0414d95ab: valid; 1.9 s; peak memory 5346 MiB.
2026-10-04T09:16:24Z INFO [740/2500] 3ff63bd8-b19b-4ce8-ac67-deccc44fcde2: valid; 5.7 s; peak memory 5346 MiB.
2026-10-04T09:16:25Z INFO [741/2500] 3ff652a9-a977-4971-947c-d1c7a23d24fc: valid; 1.2 s; peak memory 5346 MiB.
2026-10-04T09:16:28Z INFO [742/2500] 3ff689ce-9003-4339-8d07-e9c089fd0ba6: valid; 3.0 s; peak memory 5346 MiB.
2026-10-04T09:16:30Z INFO [743/2500] 3ff6b1a1-35c3-4678-bb67-2321d2244b62: valid; 2.0 s; peak memory 5346 MiB.
2026-10-04T09:16:33Z INFO [744/2500] 3ff76cd3-ca46-4233-b78f-694f9bf6fce2: valid; 2.7 s; peak memory 5346 MiB.
2026-10-04T09:16:35Z INFO [745/2500] 3ff79cf5-cddb-476c-96de-10a4d7a78bbb: valid; 1.9 s; peak memory 5346 MiB.
2026-10-04T09:16:36Z INFO [746/2500] 3ff9a3b8-5061-4314-b518-906c3168327e: valid; 0.8 s; peak memory 5346 MiB.
2026-10-04T09:16:37Z INFO [747/2500] 3ffa20c0-17d4-4184-a6a2-061b39b61d39: valid; 0.9 s; peak memory 5346 MiB.
2026-10-04T09:16:38Z WARNING 3ffa8e4d-513d-4ab4-92ff-c22f912f482d: failed while opening the NWB file (ConstructError: (root/acquisition/_iblmic_audioSpectrogram/bands GroupBuilder {'attributes': {'colnames': array(['freq'], dtype=object), 'description': 'spectogram frequencies', 'namespace': 'core', 'neurodata_type': 'FrequencyBandsTable', 'object_id': '959b20bc-78e6-4bb9-9d8a-3247893b557e'}, 'groups': {}, 'datasets': {'freq': root/acquisition/_iblmic_audioSpectrogram/bands/freq DatasetBuilder {'attributes': {'description': 'frequency value', 'namespace': 'hdmf-common', 'neurodata_type': 'VectorData', 'object_id': '80975e75-ca05-47dc-b4ab-ad61c4146abc'}, 'data': <HDF5 dataset "freq": shape (257,), type "<f4">}, 'id': root/acquisition/_iblmic_audioSpectrogram/bands/id DatasetBuilder {'attributes': {'namespace': 'hdmf-common', 'neurodata_type': 'ElementIdentifiers', 'object_id': 'f5d8fc0c-3fdf-4dc2-93fd-e15cefaaa21b'}, 'data': <HDF5 dataset "id": shape (257,), type "<i4">}}, 'links': {}}, "Could not construct FrequencyBandsTable object due to: column must have the same number of rows as 'id'"))
2026-10-04T09:16:39Z INFO [749/2500] 3ffaab0e-71af-4334-9d13-2ef98d6fc91d: valid; 1.3 s; peak memory 5346 MiB.
2026-10-04T09:16:50Z INFO [750/2500] 3ffacba6-4a2b-4fbf-9398-8466a8f376a4: valid; 10.5 s; peak memory 5346 MiB.
2026-10-04T09:16:50Z INFO [750/2500] 3ffacba6-4a2b-4fbf-9398-8466a8f376a4: checkpointed 106760 records.
2026-10-04T09:16:51Z INFO [751/2500] 3ffcc0ec-310c-47b4-82dc-c4141432a865: valid; 0.8 s; peak memory 5346 MiB.
2026-10-04T09:16:53Z INFO [752/2500] 3ffd91ea-94c3-4b33-a2d2-789e45a807ae: not valid; 1.8 s; peak memory 5346 MiB.
2026-10-04T09:16:54Z INFO [753/2500] 3ffdbc97-8cf4-4e4f-b2f4-dae74270103f: valid; 0.8 s; peak memory 5346 MiB.
2026-10-04T09:16:55Z INFO [754/2500] 3ffe16cb-fe25-433c-8f28-50e1b2e4ba25: not valid; 1.3 s; peak memory 5346 MiB.
2026-10-04T09:16:56Z INFO [755/2500] 3ffe476b-452f-4da6-910a-db2f10b65789: valid; 1.2 s; peak memory 5346 MiB.
2026-10-04T09:16:57Z INFO [756/2500] 3ffef993-9347-42c9-aaab-a001a0912abc: valid; 0.8 s; peak memory 5346 MiB.
2026-10-04T09:17:00Z WARNING 3fff5cd2-7805-4f59-b060-044bb5b4adf1: failed while opening the NWB file (ConstructError: (root/acquisition/_iblmic_audioSpectrogram/bands GroupBuilder {'attributes': {'colnames': array(['freq'], dtype=object), 'description': 'spectogram frequencies', 'namespace': 'core', 'neurodata_type': 'FrequencyBandsTable', 'object_id': '335a1500-b574-42d1-8715-a78e18b80307'}, 'groups': {}, 'datasets': {'freq': root/acquisition/_iblmic_audioSpectrogram/bands/freq DatasetBuilder {'attributes': {'description': 'frequency value', 'namespace': 'hdmf-common', 'neurodata_type': 'VectorData', 'object_id': 'ec543e44-762c-452c-b284-3a697ade1ff0'}, 'data': <HDF5 dataset "freq": shape (257,), type "<f4">}, 'id': root/acquisition/_iblmic_audioSpectrogram/bands/id DatasetBuilder {'attributes': {'namespace': 'hdmf-common', 'neurodata_type': 'ElementIdentifiers', 'object_id': '9ac7ee3f-f6ad-4b93-8776-1668e9e4c72e'}, 'data': <HDF5 dataset "id": shape (257,), type "<i4">}}, 'links': {}}, "Could not construct FrequencyBandsTable object due to: column must have the same number of rows as 'id'"))
2026-10-04T09:17:01Z INFO [758/2500] 3fff8547-b45c-4ae8-966d-74a9348ae020: valid; 1.3 s; peak memory 5346 MiB.
2026-10-04T09:17:02Z INFO [759/2500] 400008b2-65b1-4a4f-aca5-45f718d2a09a: valid; 0.8 s; peak memory 5346 MiB.
2026-10-04T09:17:09Z INFO [760/2500] 40008f2f-f595-418c-98c6-24da91dfd378: valid; 7.3 s; peak memory 5346 MiB.
2026-10-04T09:17:10Z INFO [761/2500] 40010d96-fe17-49f9-a25e-db0c8f9df7d8: not valid; 1.5 s; peak memory 5346 MiB.
2026-10-04T09:17:11Z INFO [762/2500] 4001733b-d6a9-4b40-9cd2-91b78aa4510d: not valid; 1.0 s; peak memory 5346 MiB.
2026-10-04T09:17:12Z INFO [763/2500] 40017751-cda3-4f89-b55d-f6efd7ae9f2e: not valid; 0.9 s; peak memory 5346 MiB.
2026-10-04T09:17:14Z INFO [764/2500] 4001a6fd-41b7-42af-9164-2dc50d707929: valid; 1.2 s; peak memory 5346 MiB.
2026-10-04T09:17:16Z INFO [765/2500] 4001ba18-9b10-49bc-acfb-c3f34bf3369b: valid; 2.5 s; peak memory 5346 MiB.
2026-10-04T09:17:17Z INFO [766/2500] 4001dbf9-b2e7-4949-9d32-8807f6b9f5ff: valid; 0.8 s; peak memory 5346 MiB.
2026-10-04T09:17:18Z INFO [767/2500] 40028ec4-87ef-4662-9748-87469c92565f: valid; 0.8 s; peak memory 5346 MiB.
2026-10-04T09:17:19Z INFO [768/2500] 4002e85b-6bf9-4291-89d8-867ad0ede640: not valid; 0.9 s; peak memory 5346 MiB.
2026-10-04T09:17:19Z INFO [769/2500] 4003145c-2041-400c-aa3f-95e214bc26c4: valid; 0.8 s; peak memory 5346 MiB.
2026-10-04T09:17:21Z INFO [770/2500] 40034c5b-8b74-4528-a84f-0e732e852130: valid; 1.7 s; peak memory 5346 MiB.
2026-10-04T09:17:23Z INFO [771/2500] 40037d0a-06c5-44f8-a028-b908679f3a79: valid; 1.4 s; peak memory 5346 MiB.
2026-10-04T09:17:24Z INFO [772/2500] 40045c03-cc93-448d-990a-66b42b270789: not valid; 1.7 s; peak memory 5346 MiB.
2026-10-04T09:17:26Z INFO [773/2500] 40047214-77ee-4e27-be71-46793f73be65: valid; 1.3 s; peak memory 5346 MiB.
2026-10-04T09:17:26Z INFO [774/2500] 4004e41f-22e8-4a10-b305-aecb0571d0da: valid; 0.7 s; peak memory 5346 MiB.
2026-10-04T09:17:28Z INFO [775/2500] 400556cd-f2a3-4b6d-9499-2c9b2ddfb29e: not valid; 1.8 s; peak memory 5346 MiB.
2026-10-04T09:17:29Z INFO [776/2500] 4005a9fe-34c6-4eb5-a1db-b78e67909632: valid; 1.1 s; peak memory 5346 MiB.
2026-10-04T09:17:30Z INFO [777/2500] 4005cf2c-7e97-4f2c-a6d8-08584f603ece: not valid; 0.9 s; peak memory 5346 MiB.
2026-10-04T09:17:31Z INFO [778/2500] 4006582c-3c87-4036-a0b0-523008e650fc: valid; 1.3 s; peak memory 5346 MiB.
2026-10-04T09:17:34Z INFO [779/2500] 4006912e-fa56-4855-8d91-675d6c2e5b1d: not valid; 2.5 s; peak memory 5346 MiB.
2026-10-04T09:17:35Z INFO [780/2500] 4006eacd-fd3e-42bc-a9dd-60b0d1258c37: valid; 0.9 s; peak memory 5346 MiB.
2026-10-04T09:17:36Z INFO [781/2500] 400780fa-9802-49fa-b61c-757fa82e598e: valid; 1.0 s; peak memory 5346 MiB.
2026-10-04T09:17:38Z INFO [782/2500] 4008ea4b-e3d2-49b5-b705-32a1c319e6b0: valid; 1.8 s; peak memory 5346 MiB.
2026-10-04T09:17:43Z INFO [783/2500] 4009007c-a0ab-4610-9d57-911b8f4c09fc: valid; 5.0 s; peak memory 5346 MiB.
2026-10-04T09:17:44Z INFO [784/2500] 400902cd-3d94-43ed-8d49-fd67757de6bc: valid; 1.8 s; peak memory 5346 MiB.
2026-10-04T09:18:15Z INFO [785/2500] 4009a233-876e-43e1-8a2c-5cb98e6efcec: not valid; 30.3 s; peak memory 5346 MiB.
2026-10-04T09:18:16Z WARNING 400a5bf3-5f79-4faa-badc-7c06b0ef177a: failed while opening the NWB file (ConstructError: (root/acquisition/_iblmic_audioSpectrogram/bands GroupBuilder {'attributes': {'colnames': array(['freq'], dtype=object), 'description': 'spectogram frequencies', 'namespace': 'core', 'neurodata_type': 'FrequencyBandsTable', 'object_id': 'a4e2e4f6-a88f-43e1-9430-b4d97be81b8a'}, 'groups': {}, 'datasets': {'freq': root/acquisition/_iblmic_audioSpectrogram/bands/freq DatasetBuilder {'attributes': {'description': 'frequency value', 'namespace': 'hdmf-common', 'neurodata_type': 'VectorData', 'object_id': '1b3965ed-1df6-4af7-9b09-21b574980986'}, 'data': <HDF5 dataset "freq": shape (257,), type "<f4">}, 'id': root/acquisition/_iblmic_audioSpectrogram/bands/id DatasetBuilder {'attributes': {'namespace': 'hdmf-common', 'neurodata_type': 'ElementIdentifiers', 'object_id': 'b709160c-338d-4c18-8131-0e38d0e54130'}, 'data': <HDF5 dataset "id": shape (257,), type "<i4">}}, 'links': {}}, "Could not construct FrequencyBandsTable object due to: column must have the same number of rows as 'id'"))
2026-10-04T09:18:18Z INFO [787/2500] 400ac1a6-2888-4b83-b597-36cf0c11888b: valid; 1.3 s; peak memory 5346 MiB.
2026-10-04T09:18:20Z INFO [788/2500] 400ad79b-697a-4a0d-a967-e5352c41905e: valid; 2.1 s; peak memory 5346 MiB.
2026-10-04T09:18:21Z INFO [789/2500] 400b451a-235b-4058-ac42-e1f2fa83cb97: valid; 0.9 s; peak memory 5346 MiB.
2026-10-04T09:18:33Z INFO [790/2500] 400bc835-03a2-4430-9553-d1ca894f32b9: valid; 12.9 s; peak memory 5346 MiB.
2026-10-04T09:18:35Z INFO [791/2500] 400bcf0e-4c8a-4c2b-94f8-d5f5318f1cc9: not valid; 1.9 s; peak memory 5346 MiB.
2026-10-04T09:18:37Z INFO [792/2500] 400c3d48-493b-4184-ae38-b211a88887eb: valid; 1.3 s; peak memory 5346 MiB.
2026-10-04T09:18:38Z INFO [793/2500] 400c977e-9205-4123-bdcb-c7b27ab59473: not valid; 0.9 s; peak memory 5346 MiB.
2026-10-04T09:18:39Z INFO [794/2500] 400cd98d-4f36-453f-9cc1-3cd592bed967: valid; 1.5 s; peak memory 5346 MiB.
2026-10-04T09:18:40Z INFO [795/2500] 400d4622-ead7-4f8c-ba95-2feab6dc3382: valid; 0.6 s; peak memory 5346 MiB.
2026-10-04T09:18:42Z INFO [796/2500] 400d5c86-86c2-4c84-8260-1a9ad0ec1cb0: valid; 2.3 s; peak memory 5346 MiB.
2026-10-04T09:18:43Z INFO [797/2500] 400dd3cd-175b-4051-8ef5-1307818e71a4: valid; 0.7 s; peak memory 5346 MiB.
2026-10-04T09:18:44Z INFO [798/2500] 400e3b5c-1326-488c-917c-0d1c0283fbec: valid; 1.1 s; peak memory 5346 MiB.
2026-10-04T09:18:46Z INFO [799/2500] 400e6357-1d0a-4448-9357-fdc170a7d635: valid; 2.1 s; peak memory 5346 MiB.
2026-10-04T09:18:48Z INFO [800/2500] 400f027c-f8f9-4d6d-bf05-1075e026f28b: not valid; 1.8 s; peak memory 5346 MiB.
2026-10-04T09:18:48Z INFO [800/2500] 400f027c-f8f9-4d6d-bf05-1075e026f28b: checkpointed 106810 records.
2026-10-04T09:18:49Z INFO [801/2500] 400f4af2-e113-4d8b-8c84-ff31b7ec1034: valid; 0.8 s; peak memory 5346 MiB.
2026-10-04T09:18:51Z INFO [802/2500] 400f8592-72bb-49c6-99f3-9bc93a0b7fa4: valid; 1.9 s; peak memory 5346 MiB.
2026-10-04T09:18:53Z INFO [803/2500] 400fa744-72f4-4389-a2bc-fa9ae27ba92d: not valid; 1.7 s; peak memory 5346 MiB.
2026-10-04T09:18:54Z INFO [804/2500] 400fdf75-656f-4efa-8445-a06fbe141282: valid; 0.8 s; peak memory 5346 MiB.
2026-10-04T09:18:54Z INFO [805/2500] 40102726-79d6-4022-9c6c-0006c759b2f2: valid; 0.8 s; peak memory 5346 MiB.
2026-10-04T09:18:55Z INFO [806/2500] 4010da21-86ff-41b2-8b79-c0b949ed3f93: valid; 0.8 s; peak memory 5346 MiB.
2026-10-04T09:18:57Z INFO [807/2500] 40119369-9343-4899-a98c-7675cc31feda: valid; 1.3 s; peak memory 5346 MiB.
2026-10-04T09:19:03Z INFO [808/2500] 401212d9-0544-4c92-be74-c13acc7e36e8: valid; 6.1 s; peak memory 5346 MiB.
2026-10-04T09:19:04Z INFO [809/2500] 4012528b-bf15-4dfb-a412-069be0876953: valid; 1.3 s; peak memory 5346 MiB.
2026-10-04T09:19:06Z INFO [810/2500] 4014025a-06e5-4317-8eca-3e20d60d09e7: valid; 2.2 s; peak memory 5346 MiB.
2026-10-04T09:19:07Z INFO [811/2500] 4014ec37-b59b-4a9b-a920-d571248157da: valid; 0.8 s; peak memory 5346 MiB.
2026-10-04T09:19:08Z INFO [812/2500] 401501f6-645a-423b-92d5-e85c541dceb2: valid; 1.4 s; peak memory 5346 MiB.
2026-10-04T09:19:13Z INFO [813/2500] 4015b2af-a1dd-4b1f-af59-6ff4ef28c172: valid; 4.2 s; peak memory 5346 MiB.
2026-10-04T09:19:14Z INFO [814/2500] 40165070-5470-47ce-80ff-84c55ca51a90: not valid; 1.6 s; peak memory 5346 MiB.
2026-10-04T09:19:15Z INFO [815/2500] 4016ad6c-1106-4e42-82d3-2b48fcf1a568: not valid; 0.9 s; peak memory 5346 MiB.
2026-10-04T09:19:16Z INFO [816/2500] 4016d40f-2110-432d-b88b-563c811bd37e: valid; 1.1 s; peak memory 5346 MiB.
2026-10-04T09:19:26Z INFO [817/2500] 4017d07a-be81-43f5-99ac-8af80ca5794a: valid; 9.8 s; peak memory 5346 MiB.
2026-10-04T09:19:27Z WARNING 401801d0-e67c-4330-9c30-fd6b49260e25: failed while opening the NWB file (ConstructError: (root/acquisition/event_code_meanings GroupBuilder {'attributes': {'colnames': array(['value', 'meaning'], dtype=object), 'description': 'Mapping integer event codes to event labels', 'namespace': 'ndx-events', 'neurodata_type': 'MeaningsTable', 'object_id': '930276c4-3094-42d1-a608-ac840233505f'}, 'groups': {}, 'datasets': {'id': root/acquisition/event_code_meanings/id DatasetBuilder {'attributes': {'namespace': 'hdmf-common', 'neurodata_type': 'ElementIdentifiers', 'object_id': 'a0e9d672-10d5-4a5c-83e4-f8da353dcf57'}, 'data': <HDF5 dataset "id": shape (26,), type "<i8">}, 'meaning': root/acquisition/event_code_meanings/meaning DatasetBuilder {'attributes': {'description': 'The meaning of the value in the parent CategoricalVectorData object.', 'namespace': 'hdmf-experimental', 'neurodata_type': 'VectorData', 'object_id': '9fbc257b-3846-4c8a-8566-0f544d579f92'}, 'data': <StrDataset for HDF5 dataset "meaning": shape (26,), type "|O">}, 'value': root/acquisition/event_code_meanings/value DatasetBuilder {'attributes': {'description': 'The value of the parent CategoricalVectorData object.', 'namespace': 'hdmf-experimental', 'neurodata_type': 'VectorData', 'object_id': '02f918f4-48dc-4c7d-8b4c-528d1da0fdc3'}, 'data': <HDF5 dataset "value": shape (26,), type "<i8">}}, 'links': {}}, "Could not construct MeaningsTable object due to: MeaningsTable.__init__: missing argument 'target'"))
2026-10-04T09:19:30Z INFO [819/2500] 401808e4-bffc-41c0-8160-ba355a9f1207: not valid; 2.6 s; peak memory 5346 MiB.
2026-10-04T09:19:30Z INFO [820/2500] 40181646-cd05-4cbe-afd2-ad10569b091a: valid; 0.8 s; peak memory 5346 MiB.
2026-10-04T09:19:32Z INFO [821/2500] 4018283f-0ca0-467f-9d5d-08dec3ab53f1: not valid; 1.1 s; peak memory 5346 MiB.
2026-10-04T09:19:33Z INFO [822/2500] 40190ba3-aeb3-4a23-b6ad-9a9a1d9a79f1: valid; 1.7 s; peak memory 5346 MiB.
2026-10-04T09:19:34Z INFO [823/2500] 40192553-7c5c-4429-89cf-6debc6c52d51: valid; 0.8 s; peak memory 5346 MiB.
2026-10-04T09:19:36Z INFO [824/2500] 40198eac-742d-4f21-8fae-10787ebb5495: valid; 1.8 s; peak memory 5346 MiB.
2026-10-04T09:19:37Z INFO [825/2500] 401a78cc-2a23-43d3-8ad2-ed841bcdaa77: valid; 1.1 s; peak memory 5346 MiB.
2026-10-04T09:19:38Z INFO [826/2500] 401a83c5-e0f4-4395-befc-501aae64b5c3: valid; 0.9 s; peak memory 5346 MiB.
2026-10-04T09:19:39Z INFO [827/2500] 401a98b4-7785-453a-9838-8638f2ff7c83: valid; 0.8 s; peak memory 5346 MiB.
2026-10-04T09:19:40Z INFO [828/2500] 401af263-8de9-4847-beee-d3c1e1dab1fc: valid; 1.6 s; peak memory 5346 MiB.
2026-10-04T09:19:41Z INFO [829/2500] 401c1315-2436-4bd3-9046-1e941d188662: valid; 0.7 s; peak memory 5346 MiB.
2026-10-04T09:19:42Z INFO [830/2500] 401c2c54-e232-49d1-9981-0d7aa3e92043: valid; 0.8 s; peak memory 5346 MiB.
2026-10-04T09:19:46Z INFO [831/2500] 401c2d39-22c4-4945-9895-b13990e64bef: not valid; 3.7 s; peak memory 5346 MiB.
2026-10-04T09:19:47Z WARNING 401c2f91-6609-429e-8881-d0f7c68ed5c1: failed while opening the NWB file (ConstructError: (root/acquisition/_iblmic_audioSpectrogram/bands GroupBuilder {'attributes': {'colnames': array(['freq'], dtype=object), 'description': 'spectogram frequencies', 'namespace': 'core', 'neurodata_type': 'FrequencyBandsTable', 'object_id': '665fdfe8-561c-4717-a289-9494dac3980c'}, 'groups': {}, 'datasets': {'freq': root/acquisition/_iblmic_audioSpectrogram/bands/freq DatasetBuilder {'attributes': {'description': 'frequency value', 'namespace': 'hdmf-common', 'neurodata_type': 'VectorData', 'object_id': 'fa093549-9523-411f-8b86-3c99e0888334'}, 'data': <HDF5 dataset "freq": shape (257,), type "<f4">}, 'id': root/acquisition/_iblmic_audioSpectrogram/bands/id DatasetBuilder {'attributes': {'namespace': 'hdmf-common', 'neurodata_type': 'ElementIdentifiers', 'object_id': '39891eb4-4724-47aa-9517-5bb7c27d9d07'}, 'data': <HDF5 dataset "id": shape (257,), type "<i4">}}, 'links': {}}, "Could not construct FrequencyBandsTable object due to: column must have the same number of rows as 'id'"))
2026-10-04T09:19:48Z INFO [833/2500] 401c33df-dbca-4272-a67f-38b54aa289ef: valid; 1.7 s; peak memory 5346 MiB.
2026-10-04T09:19:50Z INFO [834/2500] 401c9e7d-d7e2-40b4-8057-f935ad179bcb: valid; 1.4 s; peak memory 5346 MiB.
2026-10-04T09:19:51Z INFO [835/2500] 401ce5df-a8b0-4d2a-97c3-9f6d3100c053: valid; 1.3 s; peak memory 5346 MiB.
2026-10-04T09:19:52Z INFO [836/2500] 401cf8af-8425-4dbf-a268-d99e9904b986: not valid; 0.9 s; peak memory 5346 MiB.
2026-10-04T09:19:52Z INFO [837/2500] 401dad5e-37be-4c92-a3f0-46cd8e1f645c: valid; 0.7 s; peak memory 5346 MiB.
2026-10-04T09:19:53Z INFO [838/2500] 401db600-2e91-443b-b5d7-10ee1fd5fc07: valid; 0.8 s; peak memory 5346 MiB.
2026-10-04T09:19:54Z INFO [839/2500] 401e115b-e40d-41a9-b22e-53c11fb9788a: not valid; 0.9 s; peak memory 5346 MiB.
2026-10-04T09:19:56Z INFO [840/2500] 401f27ea-092d-4881-a064-f06261a8f485: valid; 1.5 s; peak memory 5346 MiB.
2026-10-04T09:19:57Z INFO [841/2500] 402035e7-ce35-47ff-af30-16ecfbcc6bf0: valid; 0.8 s; peak memory 5346 MiB.
2026-10-04T09:19:57Z INFO [842/2500] 40207dd0-ec5c-4caa-8650-db079bb71bcb: valid; 0.8 s; peak memory 5346 MiB.
2026-10-04T09:19:58Z INFO [843/2500] 40212060-357e-48a6-bc64-d6d2822471d7: valid; 0.5 s; peak memory 5346 MiB.
2026-10-04T09:20:02Z INFO [844/2500] 40237020-8843-4a1d-b9ed-8272430afd44: valid; 4.4 s; peak memory 5346 MiB.
2026-10-04T09:20:10Z INFO [845/2500] 4023df42-4c6c-4de3-99ff-8fd61c8eab7d: valid; 7.5 s; peak memory 5346 MiB.
2026-10-04T09:20:11Z INFO [846/2500] 40244018-4bcd-4cf8-ac2a-0786173e8ecb: valid; 1.5 s; peak memory 5346 MiB.
2026-10-04T09:20:12Z INFO [847/2500] 40251ae8-5260-44b5-b7b7-20edb48f370a: valid; 0.6 s; peak memory 5346 MiB.
2026-10-04T09:20:13Z INFO [848/2500] 40259674-1a50-4d9d-8c1b-17421fff10dd: valid; 0.8 s; peak memory 5346 MiB.
2026-10-04T09:20:13Z INFO [849/2500] 40259b43-e2b2-454a-9069-2154e547dc28: valid; 0.7 s; peak memory 5346 MiB.
2026-10-04T09:20:16Z INFO [850/2500] 4025e277-65e2-4157-bce6-98e81eb6b3f0: not valid; 2.4 s; peak memory 5346 MiB.
2026-10-04T09:20:17Z INFO [850/2500] 4025e277-65e2-4157-bce6-98e81eb6b3f0: checkpointed 106860 records.
2026-10-04T09:20:18Z INFO [851/2500] 40273a8d-0b7e-4f43-8c40-091b9af33fc9: not valid; 1.5 s; peak memory 5346 MiB.
2026-10-04T09:20:23Z INFO [852/2500] 40280c2f-5922-49d4-9e41-c7269501ef52: valid; 4.7 s; peak memory 5346 MiB.
2026-10-04T09:20:25Z INFO [853/2500] 4028e238-a6ee-47a8-8d46-6b638982ab22: valid; 2.1 s; peak memory 5346 MiB.
2026-10-04T09:20:26Z WARNING 402921cb-8caf-48f7-9ff7-58ba0377d9e8: failed while opening the NWB file (ConstructError: (root/acquisition/_iblmic_audioSpectrogram/bands GroupBuilder {'attributes': {'colnames': array(['freq'], dtype=object), 'description': 'spectogram frequencies', 'namespace': 'core', 'neurodata_type': 'FrequencyBandsTable', 'object_id': '3702d106-3b5a-4c73-b398-8269cd33444e'}, 'groups': {}, 'datasets': {'freq': root/acquisition/_iblmic_audioSpectrogram/bands/freq DatasetBuilder {'attributes': {'description': 'frequency value', 'namespace': 'hdmf-common', 'neurodata_type': 'VectorData', 'object_id': 'c6769fd8-f63d-467a-a68e-a5bd5c6da66b'}, 'data': <HDF5 dataset "freq": shape (257,), type "<f4">}, 'id': root/acquisition/_iblmic_audioSpectrogram/bands/id DatasetBuilder {'attributes': {'namespace': 'hdmf-common', 'neurodata_type': 'ElementIdentifiers', 'object_id': 'fa61527d-fb75-4ad5-9a17-83933892dd80'}, 'data': <HDF5 dataset "id": shape (257,), type "<i4">}}, 'links': {}}, "Could not construct FrequencyBandsTable object due to: column must have the same number of rows as 'id'"))
2026-10-04T09:20:27Z INFO [855/2500] 40293261-8624-45e5-b05b-d5eba98c21cc: valid; 1.2 s; peak memory 5346 MiB.
2026-10-04T09:20:31Z INFO [856/2500] 4029455b-d65d-4fe8-b311-e8272e645525: valid; 3.4 s; peak memory 5346 MiB.
2026-10-04T09:20:31Z INFO [857/2500] 402a180b-a19b-4145-b65c-2bae99386661: not valid; 0.9 s; peak memory 5346 MiB.
2026-10-04T09:20:33Z WARNING 402a4390-1eee-4aea-acc2-e0a3d965bcd5: failed while opening the NWB file (ConstructError: (root/acquisition/_iblmic_audioSpectrogram/bands GroupBuilder {'attributes': {'colnames': array(['freq'], dtype=object), 'description': 'spectogram frequencies', 'namespace': 'core', 'neurodata_type': 'FrequencyBandsTable', 'object_id': 'c2b6a824-5ddf-4f73-b2f5-a97f4a6d317d'}, 'groups': {}, 'datasets': {'freq': root/acquisition/_iblmic_audioSpectrogram/bands/freq DatasetBuilder {'attributes': {'description': 'frequency value', 'namespace': 'hdmf-common', 'neurodata_type': 'VectorData', 'object_id': '43d4cdcd-75cb-4009-adf2-865837f0c273'}, 'data': <HDF5 dataset "freq": shape (257,), type "<f4">}, 'id': root/acquisition/_iblmic_audioSpectrogram/bands/id DatasetBuilder {'attributes': {'namespace': 'hdmf-common', 'neurodata_type': 'ElementIdentifiers', 'object_id': '6d948183-e9ac-4be4-a415-067ae179bd46'}, 'data': <HDF5 dataset "id": shape (257,), type "<i4">}}, 'links': {}}, "Could not construct FrequencyBandsTable object due to: column must have the same number of rows as 'id'"))
2026-10-04T09:20:34Z INFO [859/2500] 402a5c9d-1784-40d3-8e35-f8b4acdf65ff: valid; 0.9 s; peak memory 5346 MiB.
2026-10-04T09:20:35Z INFO [860/2500] 402a9935-5775-4ee9-be64-7cf4155fc5ff: valid; 1.1 s; peak memory 5346 MiB.
2026-10-04T09:20:35Z INFO [861/2500] 402b0c21-8911-4a4d-91ee-306806ee4e90: valid; 0.8 s; peak memory 5346 MiB.
2026-10-04T09:20:36Z INFO [862/2500] 402b79bc-0474-4940-bce1-10a464f8eeed: valid; 0.9 s; peak memory 5346 MiB.
2026-10-04T09:20:38Z INFO [863/2500] 402b9990-4fb5-4641-8307-5e75a55f2171: valid; 1.3 s; peak memory 5346 MiB.
2026-10-04T09:20:39Z WARNING 402c70bb-6649-4aa7-93f8-5fb4469489a4: failed while opening the NWB file (ConstructError: (root/acquisition/_iblmic_audioSpectrogram/bands GroupBuilder {'attributes': {'colnames': array(['freq'], dtype=object), 'description': 'spectogram frequencies', 'namespace': 'core', 'neurodata_type': 'FrequencyBandsTable', 'object_id': '665d0b7b-916d-45f4-b31d-17904e558c4e'}, 'groups': {}, 'datasets': {'freq': root/acquisition/_iblmic_audioSpectrogram/bands/freq DatasetBuilder {'attributes': {'description': 'frequency value', 'namespace': 'hdmf-common', 'neurodata_type': 'VectorData', 'object_id': 'e4e224ee-a5ef-43a0-9db0-fc1181a3f62b'}, 'data': <HDF5 dataset "freq": shape (257,), type "<f4">}, 'id': root/acquisition/_iblmic_audioSpectrogram/bands/id DatasetBuilder {'attributes': {'namespace': 'hdmf-common', 'neurodata_type': 'ElementIdentifiers', 'object_id': '178df654-e6e5-4a73-ad74-a30d7176ef10'}, 'data': <HDF5 dataset "id": shape (257,), type "<i4">}}, 'links': {}}, "Could not construct FrequencyBandsTable object due to: column must have the same number of rows as 'id'"))
2026-10-04T09:20:40Z INFO [865/2500] 402d98ff-09ef-4525-b78e-77d8e2a043ff: not valid; 0.9 s; peak memory 5346 MiB.
2026-10-04T09:20:43Z INFO [866/2500] 402e119c-4463-4559-ad9b-898a594ba564: valid; 2.7 s; peak memory 5346 MiB.
2026-10-04T09:20:44Z INFO [867/2500] 402ee93d-2d40-40b7-9c3d-23ec1003851f: not valid; 1.4 s; peak memory 5346 MiB.
2026-10-04T09:20:47Z INFO [868/2500] 402f8ac3-c9dd-4f50-8c74-98b4c1084e54: valid; 2.5 s; peak memory 5346 MiB.
2026-10-04T09:20:51Z INFO [869/2500] 402fa986-02f9-4fd6-9472-5cf51b364887: valid; 4.8 s; peak memory 5346 MiB.
2026-10-04T09:20:56Z INFO [870/2500] 402fd8a2-4f50-49ec-a2d0-b2ca0b58ac60: not valid; 4.6 s; peak memory 5346 MiB.
2026-10-04T09:20:58Z INFO [871/2500] 403017b0-6b82-4106-8b6f-ff2a0a0212a5: valid; 1.5 s; peak memory 5346 MiB.
2026-10-04T09:21:17Z INFO [872/2500] 403049dd-7c68-499d-9f61-7013bc016622: not valid; 19.8 s; peak memory 5346 MiB.
2026-10-04T09:21:19Z INFO [873/2500] 403062f2-2c25-4607-8923-aaf07584a0e1: valid; 1.8 s; peak memory 5346 MiB.
2026-10-04T09:21:22Z INFO [874/2500] 4030d572-2683-4ff5-8bac-6f5c747f382e: not valid; 2.7 s; peak memory 5346 MiB.
2026-10-04T09:21:24Z INFO [875/2500] 4031598c-ed9c-4e1d-8462-2b19aa58fe56: valid; 1.9 s; peak memory 5346 MiB.
2026-10-04T09:21:26Z INFO [876/2500] 40315ce5-03e0-4793-8d8a-09a213968a12: valid; 1.8 s; peak memory 5346 MiB.
2026-10-04T09:21:27Z INFO [877/2500] 40316c61-4102-4478-9685-adb3c1e4e029: valid; 1.7 s; peak memory 5346 MiB.
2026-10-04T09:21:29Z INFO [878/2500] 4031a2d8-44d1-44dc-8642-18fe95f3f1af: not valid; 1.3 s; peak memory 5346 MiB.
2026-10-04T09:21:29Z INFO [879/2500] 4032001f-f18d-45cb-b271-08f85b844132: not valid; 0.9 s; peak memory 5346 MiB.
2026-10-04T09:21:37Z INFO [880/2500] 4032db16-9793-4e8b-bff1-9f69f9a2bf62: valid; 7.0 s; peak memory 5346 MiB.
2026-10-04T09:21:39Z INFO [881/2500] 4032ea2f-8b8d-40c5-b592-c1e935388918: not valid; 2.3 s; peak memory 5346 MiB.
2026-10-04T09:21:40Z INFO [882/2500] 40340828-c85c-4380-8f11-5672d231d742: not valid; 1.3 s; peak memory 5346 MiB.
2026-10-04T09:21:41Z INFO [883/2500] 403440ad-66dd-41ac-bdea-c67b90877c20: not valid; 1.3 s; peak memory 5346 MiB.
2026-10-04T09:21:43Z INFO [884/2500] 4034ac84-731d-4d53-b753-c02fa1cfa13c: valid; 1.6 s; peak memory 5346 MiB.
2026-10-04T09:21:57Z INFO [885/2500] 4034ee55-8af1-4e94-9ac5-9b85abc4ddcc: valid; 14.1 s; peak memory 5346 MiB.
2026-10-04T09:21:58Z INFO [886/2500] 403569d2-8db5-4010-9670-a346ce7637ad: not valid; 0.9 s; peak memory 5346 MiB.
2026-10-04T09:22:00Z INFO [887/2500] 4035d4fa-3f07-4cea-9934-a741c0c48625: valid; 2.0 s; peak memory 5346 MiB.
2026-10-04T09:22:02Z INFO [888/2500] 4036ca6b-acfb-461b-8b56-aa0fcbc3c536: not valid; 1.8 s; peak memory 5346 MiB.
2026-10-04T09:22:03Z INFO [889/2500] 4036dd1b-72ca-4a04-b3e7-f832167b573d: valid; 1.1 s; peak memory 5346 MiB.
2026-10-04T09:22:08Z INFO [890/2500] 403730b3-79fa-4f6a-a174-580b65b7a54d: valid; 4.9 s; peak memory 5346 MiB.
2026-10-04T09:22:09Z INFO [891/2500] 40374452-dcfd-4fa3-ae3d-f9dba87f3ee6: valid; 1.3 s; peak memory 5346 MiB.
2026-10-04T09:22:11Z WARNING 40375b6b-e3b3-4fe3-b2cb-8b73026cb16a: failed while opening the NWB file (ConstructError: (root/general/optogenetics/PatternedOptogeneticStimulusSite GroupBuilder {'attributes': {'effector': 'GUR-3/PRDX-2', 'namespace': 'ndx-patterned-ogen', 'neurodata_type': 'PatternedOptogeneticStimulusSite', 'object_id': '245e99df-dda0-4715-9d8b-e1586dac7f0d'}, 'groups': {}, 'datasets': {'description': root/general/optogenetics/PatternedOptogeneticStimulusSite/description DatasetBuilder {'attributes': {}, 'data': 'Scanning'}, 'excitation_lambda': root/general/optogenetics/PatternedOptogeneticStimulusSite/excitation_lambda DatasetBuilder {'attributes': {}, 'data': np.float64(850.0)}, 'location': root/general/optogenetics/PatternedOptogeneticStimulusSite/location DatasetBuilder {'attributes': {}, 'data': 'whole brain'}}, 'links': {'device': root/general/optogenetics/PatternedOptogeneticStimulusSite/device LinkBuilder {'builder': root/general/devices/OptogeneticDevice GroupBuilder {'attributes': {'description': '', 'namespace': 'core', 'neurodata_type': 'Device', 'object_id': '5373729c-9e82-451a-bf9f-eaf7350c91f7'}, 'groups': {}, 'datasets': {}, 'links': {}}}, 'light_source': root/general/optogenetics/PatternedOptogeneticStimulusSite/light_source LinkBuilder {'builder': root/general/devices/AmplifiedLaser GroupBuilder {'attributes': {'description': 'For two-photon optogenetic targeting, we used an optical parametric amplifier (OPA; Light Conversion ORPHEUS) pumped by a femtosecond amplified laser (Light Conversion PHAROS).', 'filter_description': 'Short pass at 1040 nm', 'manufacturer': 'Light Conversion', 'model': 'ORPHEUS amplifier and PHAROS laser', 'namespace': 'ndx-patterned-ogen', 'neurodata_type': 'LightSource', 'object_id': 'fa21139c-33f0-42ff-b07d-d2d54cd5f317', 'peak_power_in_W': np.float64(0.0012), 'pulse_rate_in_Hz': np.float64(500000.0), 'stimulation_wavelength_in_nm': np.float64(850.0)}, 'groups': {}, 'datasets': {}, 'links': {}}}}}, "Could not construct PatternedOptogeneticStimulusSite object due to: CustomClassGenerator.set_init.<locals>.__init__: incorrect type for 'spatial_light_modulator' (got 'list', expected 'Device')"))
2026-10-04T09:22:12Z INFO [893/2500] 4038cf21-acb0-474e-8dcb-fb0c14dde307: valid; 0.9 s; peak memory 5346 MiB.
2026-10-04T09:22:12Z WARNING 40396636-c680-4d19-86ad-a7e85912b74f: failed while retrieving asset information from the DANDI API (NotFoundError: No such Dandiset: 000948)
2026-10-04T09:22:14Z INFO [895/2500] 4039918a-923e-41bc-81dd-be2476028882: not valid; 1.6 s; peak memory 5346 MiB.
2026-10-04T09:22:15Z INFO [896/2500] 4039ad4c-a2ef-4db0-8419-2ea8f98d5168: valid; 1.5 s; peak memory 5346 MiB.
2026-10-04T09:22:21Z INFO [897/2500] 4039ccee-6a91-45c5-a571-3295bace6a5d: valid; 6.1 s; peak memory 5346 MiB.
2026-10-04T09:22:27Z INFO [898/2500] 403a40b0-ed6e-4225-b4d7-38cca700b8b8: not valid; 5.7 s; peak memory 5346 MiB.
2026-10-04T09:22:28Z INFO [899/2500] 403a58a3-f8d7-4ff2-8662-ebbebc82b3bd: valid; 0.7 s; peak memory 5346 MiB.
2026-10-04T09:22:29Z INFO [900/2500] 403a6790-d2f3-4bc5-b016-db96aa080169: valid; 1.3 s; peak memory 5346 MiB.
2026-10-04T09:22:30Z INFO [900/2500] 403a6790-d2f3-4bc5-b016-db96aa080169: checkpointed 106910 records.
2026-10-04T09:22:31Z INFO [901/2500] 403abdd5-b9ba-43cf-adea-567dfa5461e8: valid; 1.5 s; peak memory 5346 MiB.
2026-10-04T09:22:52Z INFO [902/2500] 403af0b8-ed56-4b88-989c-44dc14dfbbd5: not valid; 20.7 s; peak memory 5346 MiB.
2026-10-04T09:22:54Z INFO [903/2500] 403b21b5-36a7-4401-9bce-d104d7305f6a: valid; 1.7 s; peak memory 5346 MiB.
2026-10-04T09:22:55Z INFO [904/2500] 403bb75d-6d89-4ec8-acac-02400ac2487f: not valid; 0.9 s; peak memory 5346 MiB.
2026-10-04T09:22:55Z INFO [905/2500] 403be4a7-2464-439a-939f-820ed5944365: valid; 0.9 s; peak memory 5346 MiB.
2026-10-04T09:22:58Z INFO [906/2500] 403c33d1-f868-47da-8d43-d2c823404253: valid; 2.9 s; peak memory 5346 MiB.
2026-10-04T09:22:59Z INFO [907/2500] 403c5ce3-c3bd-4cab-a7a6-19ada84b018b: not valid; 0.9 s; peak memory 5346 MiB.
2026-10-04T09:23:03Z INFO [908/2500] 403d6a82-47da-433f-83e8-71601f401553: valid; 4.1 s; peak memory 5346 MiB.
2026-10-04T09:23:06Z INFO [909/2500] 403e27c2-e305-40a4-8042-49c6138a490e: valid; 2.4 s; peak memory 5346 MiB.
2026-10-04T09:23:07Z INFO [910/2500] 403ee761-abe7-4982-9349-e4b44c9d400e: valid; 0.9 s; peak memory 5346 MiB.
2026-10-04T09:23:09Z INFO [911/2500] 403f17bb-5fd9-428a-862e-3b1cea101506: valid; 2.6 s; peak memory 5346 MiB.
2026-10-04T09:23:11Z INFO [912/2500] 40405ff8-24d4-4172-af23-60e9fd35d29f: valid; 2.2 s; peak memory 5346 MiB.
2026-10-04T09:23:15Z INFO [913/2500] 4040c62d-0c6e-4b94-9dda-19ebb36bcdf4: valid; 3.2 s; peak memory 5346 MiB.
2026-10-04T09:23:19Z INFO [914/2500] 4040e83b-3c88-4781-b21c-e48451312406: valid; 3.9 s; peak memory 5346 MiB.
2026-10-04T09:23:21Z INFO [915/2500] 404157ee-62c9-49ee-9931-a157a35c7e2f: valid; 2.3 s; peak memory 5346 MiB.
2026-10-04T09:23:23Z INFO [916/2500] 4043183a-c02b-4c2a-aecf-759900dc654c: valid; 1.6 s; peak memory 5346 MiB.
2026-10-04T09:23:29Z INFO [917/2500] 40435ff8-4b2d-4a89-ba69-6965bfb52cd0: valid; 6.5 s; peak memory 5346 MiB.
2026-10-04T09:23:30Z INFO [918/2500] 4043bd3c-b4f2-482c-abe0-d1cf208f490c: not valid; 0.7 s; peak memory 5346 MiB.
2026-10-04T09:23:30Z INFO [919/2500] 4043bf36-624f-441f-9f9b-6b6d0346cc44: valid; 0.8 s; peak memory 5346 MiB.
2026-10-04T09:23:32Z INFO [920/2500] 4043e44f-1568-4709-b9ab-0f8af5ae8beb: valid; 1.3 s; peak memory 5346 MiB.
2026-10-04T09:23:33Z INFO [921/2500] 404462f5-0f2e-4e44-9c27-a0fcaad7a88e: valid; 0.8 s; peak memory 5346 MiB.
2026-10-04T09:23:34Z INFO [922/2500] 4044abfd-f201-46d8-8a42-ac12cc4a6656: valid; 1.3 s; peak memory 5346 MiB.
2026-10-04T09:23:35Z INFO [923/2500] 40454126-c4dc-4c4c-a8b0-5239bb6a3bf5: valid; 1.0 s; peak memory 5346 MiB.
2026-10-04T09:23:36Z INFO [924/2500] 40461300-189f-4e5d-883a-9c3c942226cc: not valid; 0.9 s; peak memory 5346 MiB.
2026-10-04T09:23:43Z INFO [925/2500] 404614e1-03b5-471c-923c-b780019fac13: valid; 7.0 s; peak memory 5346 MiB.
2026-10-04T09:23:46Z INFO [926/2500] 40464948-1d0c-49ed-92eb-e79161b6d94d: valid; 3.1 s; peak memory 5346 MiB.
2026-10-04T09:23:47Z INFO [927/2500] 404650fc-991f-42c1-8f4e-e38b84eb0233: valid; 1.6 s; peak memory 5346 MiB.
2026-10-04T09:23:48Z INFO [928/2500] 4047a4a4-1298-4d2c-8c37-65fa8c621634: valid; 0.9 s; peak memory 5346 MiB.
2026-10-04T09:23:50Z INFO [929/2500] 4047baf4-4c68-463f-9ae1-d97410164397: valid; 1.6 s; peak memory 5346 MiB.
2026-10-04T09:23:51Z INFO [930/2500] 404839d3-5a88-4e26-b17d-f08951bbcf88: not valid; 1.3 s; peak memory 5346 MiB.
2026-10-04T09:23:52Z INFO [931/2500] 4048a44a-9c48-4201-aaa6-04275ce11d2b: valid; 1.3 s; peak memory 5346 MiB.
2026-10-04T09:24:03Z INFO [932/2500] 40494734-04ad-4700-9fa7-f9acc064a454: not valid; 11.0 s; peak memory 5346 MiB.
2026-10-04T09:24:11Z INFO [933/2500] 4049ad46-2e4b-4234-b6fe-a37095c011a5: valid; 7.2 s; peak memory 5346 MiB.
2026-10-04T09:24:13Z INFO [934/2500] 4049f1b3-fa31-4ada-ba9e-85d6f86c5467: valid; 2.1 s; peak memory 5346 MiB.
2026-10-04T09:24:14Z INFO [935/2500] 404a6fac-b2d2-4323-9dce-b1b56f0ed197: valid; 0.9 s; peak memory 5346 MiB.
2026-10-04T09:24:15Z INFO [936/2500] 404abf7f-74f0-4128-b316-bf559a266767: valid; 1.6 s; peak memory 5346 MiB.
2026-10-04T09:24:16Z WARNING 404b100d-1037-4b5f-a446-515048654b5b: failed while opening the NWB file (ConstructError: (root/acquisition/_iblmic_audioSpectrogram/bands GroupBuilder {'attributes': {'colnames': array(['freq'], dtype=object), 'description': 'spectogram frequencies', 'namespace': 'core', 'neurodata_type': 'FrequencyBandsTable', 'object_id': 'd4577a5f-8e8e-45dc-b1b4-136e5e24053a'}, 'groups': {}, 'datasets': {'freq': root/acquisition/_iblmic_audioSpectrogram/bands/freq DatasetBuilder {'attributes': {'description': 'frequency value', 'namespace': 'hdmf-common', 'neurodata_type': 'VectorData', 'object_id': '2d50e18a-d224-4f7f-bbb5-7e3da73555c0'}, 'data': <HDF5 dataset "freq": shape (257,), type "<f4">}, 'id': root/acquisition/_iblmic_audioSpectrogram/bands/id DatasetBuilder {'attributes': {'namespace': 'hdmf-common', 'neurodata_type': 'ElementIdentifiers', 'object_id': 'e19c4fc0-a713-4647-b2b8-a868e3182a47'}, 'data': <HDF5 dataset "id": shape (257,), type "<i4">}}, 'links': {}}, "Could not construct FrequencyBandsTable object due to: column must have the same number of rows as 'id'"))
2026-10-04T09:24:18Z WARNING 404c20ff-3cd7-43a7-a36c-8379cbe9e373: failed while opening the NWB file (ConstructError: (root/acquisition/_iblmic_audioSpectrogram/bands GroupBuilder {'attributes': {'colnames': array(['freq'], dtype=object), 'description': 'spectogram frequencies', 'namespace': 'core', 'neurodata_type': 'FrequencyBandsTable', 'object_id': 'a7aad7ee-59c6-4335-8b92-43954cf94b99'}, 'groups': {}, 'datasets': {'freq': root/acquisition/_iblmic_audioSpectrogram/bands/freq DatasetBuilder {'attributes': {'description': 'frequency value', 'namespace': 'hdmf-common', 'neurodata_type': 'VectorData', 'object_id': '22f8d03d-9179-4819-8fda-8ec9e96b801d'}, 'data': <HDF5 dataset "freq": shape (257,), type "<f4">}, 'id': root/acquisition/_iblmic_audioSpectrogram/bands/id DatasetBuilder {'attributes': {'namespace': 'hdmf-common', 'neurodata_type': 'ElementIdentifiers', 'object_id': '9c3fb3a4-f038-4a06-84e8-1a6e17355630'}, 'data': <HDF5 dataset "id": shape (257,), type "<i4">}}, 'links': {}}, "Could not construct FrequencyBandsTable object due to: column must have the same number of rows as 'id'"))
2026-10-04T09:24:18Z INFO [939/2500] 404c9487-37c8-4bd5-9ee1-5875d1e4de95: valid; 0.7 s; peak memory 5346 MiB.
2026-10-04T09:24:19Z INFO [940/2500] 404d51b3-f9ac-425b-aba5-e1ef76f1899a: valid; 1.2 s; peak memory 5346 MiB.
2026-10-04T09:24:20Z INFO [941/2500] 404dbbf3-c98d-46d3-929d-af7512c767df: not valid; 0.6 s; peak memory 5346 MiB.
2026-10-04T09:24:22Z INFO [942/2500] 404ed980-abbc-4fe2-8cd2-b3ba747cb7ec: not valid; 1.5 s; peak memory 5346 MiB.
2026-10-04T09:24:26Z INFO [943/2500] 404efa41-97a9-42ed-8c73-28fa4f09ba89: valid; 4.0 s; peak memory 5346 MiB.
2026-10-04T09:25:16Z INFO [944/2500] 404f882a-02c3-400f-b4d6-61772802d386: not valid; 50.3 s; peak memory 5346 MiB.
2026-10-04T09:25:17Z INFO [945/2500] 404f9c5d-3e59-465e-acb0-6a5364952412: valid; 0.8 s; peak memory 5346 MiB.
2026-10-04T09:25:18Z INFO [946/2500] 404fd5d0-4203-435a-9a9a-b74a5337e623: valid; 1.7 s; peak memory 5346 MiB.
2026-10-04T09:25:20Z INFO [947/2500] 405069ba-38e7-47f4-a5ff-f6974bdbbb81: valid; 1.1 s; peak memory 5346 MiB.
2026-10-04T09:25:20Z WARNING 40509790-5b44-4892-94b1-7a97428333ef: failed while retrieving asset information from the DANDI API (NotFoundError: No asset at path 'sub-EPCNHP1/sub-EPCNHP1_ses-2019-12-17-010_ecephys.nwb' in version 0.240701.1903. Verify the path is correct and the asset exists in this version. Use 'dandi ls' to list available assets.)
2026-10-04T09:25:21Z INFO [949/2500] 40510750-8bd0-4c94-8b99-219eb87b486f: valid; 1.4 s; peak memory 5346 MiB.
2026-10-04T09:25:23Z INFO [950/2500] 4051688d-9e2b-4869-9b49-1f4b4b710110: valid; 1.9 s; peak memory 5346 MiB.
2026-10-04T09:25:24Z INFO [950/2500] 4051688d-9e2b-4869-9b49-1f4b4b710110: checkpointed 106960 records.
2026-10-04T09:25:28Z INFO [951/2500] 40520746-d534-432b-bddc-3ec4c2d7d5d1: not valid; 4.1 s; peak memory 5346 MiB.
2026-10-04T09:25:29Z INFO [952/2500] 405226a5-001d-49ed-ba31-9c0c99693551: not valid; 0.9 s; peak memory 5346 MiB.
2026-10-04T09:25:29Z INFO [953/2500] 40529cf2-1e55-42ba-bae4-580389f01129: valid; 0.6 s; peak memory 5346 MiB.
2026-10-04T09:25:37Z INFO [954/2500] 40537476-561a-4606-9408-6337189ad0f2: valid; 8.0 s; peak memory 5346 MiB.
2026-10-04T09:25:39Z INFO [955/2500] 405410f0-a6b0-4aac-8d93-48b70e0d7971: not valid; 2.2 s; peak memory 5346 MiB.
2026-10-04T09:25:44Z INFO [956/2500] 40545025-8aaa-4cc2-bf3e-6a553404564d: valid; 4.2 s; peak memory 5346 MiB.
2026-10-04T09:25:50Z INFO [957/2500] 40550f72-bc6b-44ca-9efa-50cbbfbc208c: valid; 6.6 s; peak memory 5346 MiB.
2026-10-04T09:25:52Z INFO [958/2500] 4055cc15-771d-4e7f-82b7-d251b38d42ee: valid; 1.8 s; peak memory 5346 MiB.
2026-10-04T09:25:55Z INFO [959/2500] 4055d21d-1459-48e2-9d42-bf0eba9acc0b: valid; 2.6 s; peak memory 5346 MiB.
2026-10-04T09:25:57Z INFO [960/2500] 405603cf-ef7a-4869-8ce6-cead4d9a2fe0: not valid; 2.4 s; peak memory 5346 MiB.
2026-10-04T09:26:03Z INFO [961/2500] 40560895-dcc9-4166-8f33-327404285470: valid; 6.1 s; peak memory 5346 MiB.
2026-10-04T09:26:04Z INFO [962/2500] 4056449b-3fc6-4971-9e8e-cf9d0fe9b235: valid; 1.1 s; peak memory 5346 MiB.
2026-10-04T09:26:05Z INFO [963/2500] 405653e3-f597-489b-8c84-d7ff73ac22c3: not valid; 1.1 s; peak memory 5346 MiB.
2026-10-04T09:26:06Z INFO [964/2500] 4056779e-ccc6-46e3-be31-dd88d22a9f28: not valid; 0.8 s; peak memory 5346 MiB.
2026-10-04T09:26:12Z INFO [965/2500] 4057f05f-196c-4c89-a989-7141c2337831: valid; 5.2 s; peak memory 5346 MiB.
2026-10-04T09:26:12Z INFO [966/2500] 4057f254-dea3-496d-bd16-b5353a21d316: valid; 0.9 s; peak memory 5346 MiB.
2026-10-04T09:26:13Z INFO [967/2500] 40584bf2-87be-4ae5-853c-5e966ae7a72b: valid; 1.1 s; peak memory 5346 MiB.
2026-10-04T09:26:17Z INFO [968/2500] 4059047e-69a1-4124-8518-a8bd310ee625: not valid; 3.1 s; peak memory 5346 MiB.
2026-10-04T09:26:18Z INFO [969/2500] 40599874-3511-47e9-8a39-b9e97c45db70: valid; 1.2 s; peak memory 5346 MiB.
2026-10-04T09:26:19Z INFO [970/2500] 4059a64c-2897-4061-8ecc-9b7fa20d5b37: not valid; 0.9 s; peak memory 5346 MiB.
2026-10-04T09:26:19Z INFO [971/2500] 4059c4ce-9163-47c6-a001-96c403b98880: valid; 0.7 s; peak memory 5346 MiB.
2026-10-04T09:26:25Z INFO [972/2500] 4059d68b-2bf8-4db6-8539-2e9f1fada6d5: valid; 5.8 s; peak memory 5461 MiB.
2026-10-04T09:26:38Z INFO [973/2500] 405a3891-2e1a-48ad-8bef-493c5023dfde: valid; 12.5 s; peak memory 5461 MiB.
2026-10-04T09:26:38Z INFO [974/2500] 405a4352-f636-48b6-873c-a9c61995953a: valid; 0.7 s; peak memory 5461 MiB.
2026-10-04T09:26:43Z INFO [975/2500] 405a6036-465c-49ba-a33d-b5f7f0a8a92e: valid; 4.6 s; peak memory 5461 MiB.
2026-10-04T09:26:44Z INFO [976/2500] 405aaa91-52fd-4945-8bb3-3c98e6cee1e7: valid; 1.1 s; peak memory 5461 MiB.
2026-10-04T09:26:45Z INFO [977/2500] 405ab933-12ec-4dbd-923b-dd8f2a35c857: valid; 1.3 s; peak memory 5461 MiB.
2026-10-04T09:26:46Z INFO [978/2500] 405af47f-0a04-4c99-b410-1f744ee96de1: valid; 1.0 s; peak memory 5463 MiB.
2026-10-04T09:26:48Z WARNING 405c17c4-be5d-47a7-a48c-c8462c78dd5d: failed while opening the NWB file (ConstructError: (root/acquisition/_iblmic_audioSpectrogram/bands GroupBuilder {'attributes': {'colnames': array(['freq'], dtype=object), 'description': 'spectogram frequencies', 'namespace': 'core', 'neurodata_type': 'FrequencyBandsTable', 'object_id': 'bde40049-605f-44a2-946d-a7aef681a0dc'}, 'groups': {}, 'datasets': {'freq': root/acquisition/_iblmic_audioSpectrogram/bands/freq DatasetBuilder {'attributes': {'description': 'frequency value', 'namespace': 'hdmf-common', 'neurodata_type': 'VectorData', 'object_id': '85bf2279-c50b-4484-8275-e351b0454880'}, 'data': <HDF5 dataset "freq": shape (257,), type "<f4">}, 'id': root/acquisition/_iblmic_audioSpectrogram/bands/id DatasetBuilder {'attributes': {'namespace': 'hdmf-common', 'neurodata_type': 'ElementIdentifiers', 'object_id': '1831b112-ac52-4a26-8e08-145359a0119c'}, 'data': <HDF5 dataset "id": shape (257,), type "<i4">}}, 'links': {}}, "Could not construct FrequencyBandsTable object due to: column must have the same number of rows as 'id'"))
2026-10-04T09:26:48Z WARNING 405c1916-9ad8-4362-bdbb-12adfc564a04: failed while retrieving asset information from the DANDI API (NotFoundError: No asset at path 'sub-ZS062/sub-ZS062_ses-behavior-ZS062-2021-04-06-18-46-42.nwb' in version 0.260928.2230. Verify the path is correct and the asset exists in this version. Use 'dandi ls' to list available assets.)
2026-10-04T09:26:48Z INFO [981/2500] 405cc68a-1795-4a75-895f-34cc7387cdce: valid; 0.6 s; peak memory 5465 MiB.
2026-10-04T09:26:51Z INFO [982/2500] 405d7d1d-a843-43ab-8f9b-b61ebfd7b3d5: valid; 2.5 s; peak memory 5467 MiB.
2026-10-04T09:26:52Z INFO [983/2500] 405d8821-7497-4b9c-a2c5-a9cce60a2507: valid; 0.7 s; peak memory 5468 MiB.
2026-10-04T09:26:52Z INFO [984/2500] 405ded16-b8cb-46b5-a25b-7db1c2df0cf8: not valid; 0.7 s; peak memory 5469 MiB.
2026-10-04T09:26:54Z INFO [985/2500] 405e0d9a-0605-475b-8c85-d4eee804810b: not valid; 1.3 s; peak memory 5472 MiB.
2026-10-04T09:26:54Z INFO [986/2500] 405e9253-affd-4199-a946-6042c254aaa5: not valid; 0.6 s; peak memory 5472 MiB.
2026-10-04T09:27:00Z INFO [987/2500] 405f3d6d-5bda-4925-975d-b00d81719818: valid; 5.8 s; peak memory 5488 MiB.
2026-10-04T09:27:01Z INFO [988/2500] 405f6d8e-e764-495f-9454-f155b0f03d17: valid; 0.8 s; peak memory 5489 MiB.
2026-10-04T09:27:02Z INFO [989/2500] 405fa6a0-8051-43b1-b648-72fcc1d61699: valid; 1.0 s; peak memory 5491 MiB.
2026-10-04T09:27:05Z INFO [990/2500] 40600321-c850-4191-99d1-0abcffe589d9: not valid; 2.8 s; peak memory 5494 MiB.
2026-10-04T09:27:09Z INFO [991/2500] 406040f5-2bcb-40ed-97ef-3297d1dc6ca2: valid; 4.6 s; peak memory 5499 MiB.
2026-10-04T09:27:11Z INFO [992/2500] 4060474d-15a8-4312-add8-b10e63162cc7: valid; 1.2 s; peak memory 5499 MiB.
2026-10-04T09:27:11Z INFO [993/2500] 40608581-ffe6-4716-b7ae-c24cd2ea6c36: valid; 0.7 s; peak memory 5499 MiB.
2026-10-04T09:27:13Z INFO [994/2500] 4060bac3-b8f2-4814-8bee-7427651ef074: valid; 1.9 s; peak memory 5499 MiB.
2026-10-04T09:27:14Z INFO [995/2500] 40615864-4c16-4d44-bb3c-be8e10c76904: not valid; 1.2 s; peak memory 5499 MiB.
2026-10-04T09:27:15Z INFO [996/2500] 40616a87-b3d5-40aa-b42c-c1fa15030120: not valid; 0.9 s; peak memory 5499 MiB.
2026-10-04T09:28:22Z INFO [997/2500] 40624d98-456d-455c-b922-a3186ae73a7a: not valid; 66.6 s; peak memory 6021 MiB.
2026-10-04T09:28:24Z INFO [998/2500] 406251b1-8ffd-4d98-b5d9-b2cf4d2cd8c6: not valid; 2.0 s; peak memory 6023 MiB.
2026-10-04T09:28:29Z INFO [999/2500] 406266b0-9544-4342-bb52-874d11b38a7e: valid; 4.9 s; peak memory 6039 MiB.
2026-10-04T09:28:29Z INFO [1000/2500] 4063abaf-a4eb-4e1a-a610-8b5ffe042d86: not valid; 0.9 s; peak memory 6040 MiB.
2026-10-04T09:28:30Z INFO [1000/2500] 4063abaf-a4eb-4e1a-a610-8b5ffe042d86: checkpointed 107010 records.
2026-10-04T09:28:31Z INFO [1001/2500] 4063d7ae-c67b-46a0-8358-7d6504613ac2: valid; 0.8 s; peak memory 6042 MiB.
2026-10-04T09:28:32Z INFO [1002/2500] 4063faac-0960-47dc-bfb4-f363833b2625: not valid; 1.0 s; peak memory 6044 MiB.
2026-10-04T09:28:34Z INFO [1003/2500] 40642748-ba2d-4595-a9d4-1d177355ffc5: valid; 2.2 s; peak memory 6045 MiB.
2026-10-04T09:28:47Z INFO [1004/2500] 40644385-d4a8-41fb-9826-e58dbe5ac133: valid; 12.3 s; peak memory 6052 MiB.
2026-10-04T09:28:48Z INFO [1005/2500] 4064d2ed-283f-48fd-9d9b-556fc3782b57: valid; 1.0 s; peak memory 6054 MiB.
2026-10-04T09:28:52Z INFO [1006/2500] 4065805e-c2a2-4377-8a86-df094353b96b: valid; 4.6 s; peak memory 6063 MiB.
2026-10-04T09:28:53Z INFO [1007/2500] 4065a338-497a-43d5-ac54-2f611e1526ab: valid; 0.8 s; peak memory 6064 MiB.
2026-10-04T09:28:54Z INFO [1008/2500] 4065a7b9-193e-4baa-839e-e741fbe34d8b: valid; 0.6 s; peak memory 6065 MiB.
2026-10-04T09:28:55Z INFO [1009/2500] 40660d63-7df3-44ea-88c0-9b8e73da079c: valid; 1.0 s; peak memory 6066 MiB.
2026-10-04T09:29:03Z INFO [1010/2500] 40660f75-2a1a-4403-a9d5-8e45169deb2a: valid; 8.2 s; peak memory 6093 MiB.
2026-10-04T09:29:06Z INFO [1011/2500] 40661cae-9a21-4601-b20d-600362b677cf: valid; 2.8 s; peak memory 6096 MiB.
2026-10-04T09:29:07Z INFO [1012/2500] 4066816a-512c-428f-8b66-6c9fb8cef410: not valid; 1.8 s; peak memory 6096 MiB.
2026-10-04T09:29:08Z WARNING 4066f77b-2bb2-4eeb-8acc-05544ece5cee: failed while retrieving asset information from the DANDI API (NotFoundError: No asset at path 'sub-parkinson-simulated-lfp/sub-parkinson-simulated-lfp_ses-2225_ecephys.nwb' in version 0.250327.2220. Verify the path is correct and the asset exists in this version. Use 'dandi ls' to list available assets.)
2026-10-04T09:29:09Z INFO [1014/2500] 40676110-0969-4445-b617-fe1711190176: valid; 1.7 s; peak memory 6096 MiB.
2026-10-04T09:29:11Z INFO [1015/2500] 4068707f-3581-4b5f-ac32-38bb5b0613e5: valid; 1.3 s; peak memory 6096 MiB.
2026-10-04T09:29:11Z INFO [1016/2500] 4068bec5-666d-4783-b323-8d2d05a6cb0e: valid; 0.6 s; peak memory 6096 MiB.
2026-10-04T09:29:22Z INFO [1017/2500] 4069567e-9fe3-4015-b85a-75ab0997c549: valid; 10.7 s; peak memory 6096 MiB.
2026-10-04T09:29:27Z INFO [1018/2500] 4069770e-4ce5-44ab-a153-66dfacb348e3: valid; 5.2 s; peak memory 6127 MiB.
2026-10-04T09:29:42Z INFO [1019/2500] 40697bef-2183-46cc-bd42-17e64ec44fe4: valid; 15.2 s; peak memory 6145 MiB.
2026-10-04T09:29:43Z INFO [1020/2500] 40697ff6-6590-4d17-8a1c-358359863b8e: not valid; 1.0 s; peak memory 6145 MiB.
2026-10-04T09:29:44Z INFO [1021/2500] 4069bad4-ccc2-4528-aa42-c2d3f2af0a14: valid; 1.1 s; peak memory 6146 MiB.
2026-10-04T09:29:44Z WARNING 406a373a-617a-4cad-a021-4cb2719117c8: failed while retrieving asset information from the DANDI API (NotFoundError: No asset at path 'sub-ZS059/sub-ZS059_ses-behavior-ZS059-2021-04-20-14-50-03.nwb' in version 0.260928.2230. Verify the path is correct and the asset exists in this version. Use 'dandi ls' to list available assets.)
2026-10-04T09:29:45Z INFO [1023/2500] 406a4af7-ee20-43c9-9a0b-ca95733e6ecf: not valid; 1.0 s; peak memory 6146 MiB.
2026-10-04T09:29:59Z INFO [1024/2500] 406a5ada-84fd-4d72-806e-f4643d91cb63: valid; 13.3 s; peak memory 6180 MiB.
2026-10-04T09:30:01Z INFO [1025/2500] 406a6ca6-3456-460c-becf-92c947ad75f8: valid; 2.3 s; peak memory 6182 MiB.
2026-10-04T09:30:02Z INFO [1026/2500] 406a6ce9-abb9-4307-a184-858bda2df93b: not valid; 0.9 s; peak memory 6182 MiB.
2026-10-04T09:30:04Z INFO [1027/2500] 406b3b03-db7b-4e7c-945e-09fda51ce777: valid; 1.6 s; peak memory 6182 MiB.
2026-10-04T09:30:04Z INFO [1028/2500] 406be9b3-c1f3-4265-acd2-9f61d9775eb0: valid; 0.8 s; peak memory 6182 MiB.
2026-10-04T09:30:06Z INFO [1029/2500] 406c580f-6cba-43d4-abc9-df5bef24a20c: valid; 1.3 s; peak memory 6182 MiB.
2026-10-04T09:30:08Z INFO [1030/2500] 406d167c-7d6b-42c0-8818-0fab36680f7b: valid; 1.8 s; peak memory 6182 MiB.
2026-10-04T09:30:10Z INFO [1031/2500] 406d433f-367e-43cd-8c38-b3ee532f4ccb: valid; 2.1 s; peak memory 6182 MiB.
2026-10-04T09:30:11Z INFO [1032/2500] 406daa06-62bc-41ac-8a36-1fdcca481998: valid; 1.8 s; peak memory 6182 MiB.
2026-10-04T09:30:13Z INFO [1033/2500] 406e2766-fdcb-4a36-8b79-c62e2f32c564: valid; 1.3 s; peak memory 6182 MiB.
2026-10-04T09:30:14Z INFO [1034/2500] 406eb467-484f-4b0b-8ae9-c2ff476e3d16: valid; 1.3 s; peak memory 6182 MiB.
2026-10-04T09:30:15Z INFO [1035/2500] 406edc87-d1fd-4f8d-b6c1-6ae9f3f907ba: valid; 0.7 s; peak memory 6182 MiB.
2026-10-04T09:30:16Z INFO [1036/2500] 406effba-2d6a-437a-927a-0d62013cee19: valid; 0.9 s; peak memory 6182 MiB.
2026-10-04T09:30:17Z INFO [1037/2500] 406fc5d7-4f09-40c6-8a0f-2a005e628f60: valid; 1.7 s; peak memory 6182 MiB.
2026-10-04T09:30:18Z INFO [1038/2500] 406fe0ee-9299-4a68-a21e-173e827cbda2: valid; 0.6 s; peak memory 6182 MiB.
2026-10-04T09:30:21Z INFO [1039/2500] 406feca8-9859-49c0-85dd-530896438179: not valid; 2.8 s; peak memory 6182 MiB.
2026-10-04T09:30:21Z INFO [1040/2500] 4070070a-9201-46f5-a2b1-11d0f8273b1d: valid; 0.8 s; peak memory 6182 MiB.
2026-10-04T09:30:22Z INFO [1041/2500] 40705b8d-59eb-4266-853e-fb05322c6646: valid; 0.8 s; peak memory 6182 MiB.
2026-10-04T09:30:24Z INFO [1042/2500] 4070b438-4d99-49d3-ad5d-bd490d10c54d: valid; 2.0 s; peak memory 6182 MiB.
2026-10-04T09:30:27Z INFO [1043/2500] 4071ad72-7446-4134-b3fb-0d14485d6927: valid; 2.6 s; peak memory 6182 MiB.
2026-10-04T09:30:28Z INFO [1044/2500] 4071b4e5-7b5c-49f5-81fd-c06fe730fab0: valid; 0.7 s; peak memory 6182 MiB.
2026-10-04T09:30:29Z WARNING 4071dc4d-e6f7-4dd6-bd69-9760deb56ff0: failed while opening the NWB file (ConstructError: (root/acquisition/event_code_meanings GroupBuilder {'attributes': {'colnames': array(['value', 'meaning'], dtype=object), 'description': 'Mapping integer event codes to event labels', 'namespace': 'ndx-events', 'neurodata_type': 'MeaningsTable', 'object_id': '50055d21-09d8-418f-9939-2cf9a1412641'}, 'groups': {}, 'datasets': {'id': root/acquisition/event_code_meanings/id DatasetBuilder {'attributes': {'namespace': 'hdmf-common', 'neurodata_type': 'ElementIdentifiers', 'object_id': 'f1f90eb8-621e-4550-a0eb-0628139c44b5'}, 'data': <HDF5 dataset "id": shape (26,), type "<i8">}, 'meaning': root/acquisition/event_code_meanings/meaning DatasetBuilder {'attributes': {'description': 'The meaning of the value in the parent CategoricalVectorData object.', 'namespace': 'hdmf-experimental', 'neurodata_type': 'VectorData', 'object_id': 'e260836a-4786-43cb-8388-8dc1f68293f6'}, 'data': <StrDataset for HDF5 dataset "meaning": shape (26,), type "|O">}, 'value': root/acquisition/event_code_meanings/value DatasetBuilder {'attributes': {'description': 'The value of the parent CategoricalVectorData object.', 'namespace': 'hdmf-experimental', 'neurodata_type': 'VectorData', 'object_id': '9f09982f-085a-40d4-a7e4-58028836b46a'}, 'data': <HDF5 dataset "value": shape (26,), type "<i8">}}, 'links': {}}, "Could not construct MeaningsTable object due to: MeaningsTable.__init__: missing argument 'target'"))
2026-10-04T09:30:35Z INFO [1046/2500] 4071fc26-80a9-4de6-9361-b7be52027277: valid; 6.8 s; peak memory 6337 MiB.
2026-10-04T09:30:37Z INFO [1047/2500] 40721233-7765-49ff-9e8b-351a1a647243: valid; 1.6 s; peak memory 6337 MiB.
2026-10-04T09:30:38Z INFO [1048/2500] 4072f165-6862-45c3-a18c-7246214e4ca2: valid; 0.7 s; peak memory 6337 MiB.
2026-10-04T09:30:39Z INFO [1049/2500] 4073f7f7-7d5a-4ff8-a4a3-4b75556fb369: not valid; 1.2 s; peak memory 6337 MiB.
2026-10-04T09:30:43Z INFO [1050/2500] 40744b07-f818-44cf-a357-9031e4599bcd: not valid; 3.6 s; peak memory 6337 MiB.
2026-10-04T09:30:43Z INFO [1050/2500] 40744b07-f818-44cf-a357-9031e4599bcd: checkpointed 107060 records.
2026-10-04T09:30:44Z INFO [1051/2500] 4074b492-50d4-44aa-9f69-6f4f0e0aa358: valid; 0.9 s; peak memory 6337 MiB.
2026-10-04T09:30:54Z INFO [1052/2500] 40757a16-db39-4b37-862f-504cf2fcc4e0: valid; 9.4 s; peak memory 6337 MiB.
2026-10-04T09:30:54Z INFO [1053/2500] 4075817b-7a93-4aa0-bb67-c18b8efa89e8: valid; 0.9 s; peak memory 6337 MiB.
2026-10-04T09:30:56Z INFO [1054/2500] 4075adfe-3e0b-4bcb-9a85-2fd5b02b5152: valid; 1.3 s; peak memory 6348 MiB.
2026-10-04T09:30:57Z INFO [1055/2500] 4075e42b-b5b5-4115-b6cf-efcfcae55e6e: valid; 1.7 s; peak memory 6348 MiB.
2026-10-04T09:31:00Z INFO [1056/2500] 407600e4-f339-4f3b-a6b7-cd84540b8f31: valid; 2.4 s; peak memory 6348 MiB.
2026-10-04T09:31:01Z INFO [1057/2500] 40767235-6a82-4634-848c-8afc8b8e0156: valid; 0.8 s; peak memory 6348 MiB.
2026-10-04T09:31:02Z INFO [1058/2500] 4076ef6c-ee5f-4b30-9ac7-cd563ebb4517: valid; 1.3 s; peak memory 6348 MiB.
2026-10-04T09:31:02Z INFO [1059/2500] 40778232-1e9f-45cd-978a-8c84018a5f68: valid; 0.5 s; peak memory 6348 MiB.
2026-10-04T09:31:04Z INFO [1060/2500] 4077a5c2-5235-4432-ad20-ab0d503ca0c9: valid; 1.3 s; peak memory 6348 MiB.
2026-10-04T09:31:05Z INFO [1061/2500] 4077c44b-05ff-4199-8ccc-1e10c49635b6: valid; 1.3 s; peak memory 6348 MiB.
2026-10-04T09:31:07Z INFO [1062/2500] 4078a04e-80bf-40dd-8554-602bb1d34c3d: valid; 1.8 s; peak memory 6348 MiB.
2026-10-04T09:31:09Z INFO [1063/2500] 4078a687-79cd-44df-b744-9c5e432ecba5: valid; 1.7 s; peak memory 6348 MiB.
2026-10-04T09:31:14Z INFO [1064/2500] 40792c8b-4c7a-4798-a3ce-7a43d60b3871: valid; 5.5 s; peak memory 6348 MiB.
2026-10-04T09:31:20Z INFO [1065/2500] 407a4141-acce-4306-abd0-d830066925de: valid; 6.3 s; peak memory 6348 MiB.
2026-10-04T09:31:27Z INFO [1066/2500] 407aa0c8-508c-4fc9-b9de-d23a6d668d6c: valid; 6.4 s; peak memory 6348 MiB.
2026-10-04T09:31:29Z INFO [1067/2500] 407acdfb-9a0b-4d6d-b341-231bff471d8c: valid; 2.3 s; peak memory 6348 MiB.
2026-10-04T09:31:30Z INFO [1068/2500] 407b405f-ad8a-4198-bb93-7812bccaa07d: valid; 1.3 s; peak memory 6348 MiB.
2026-10-04T09:31:31Z INFO [1069/2500] 407ba5ad-4814-41c3-8e1f-e672c7cdf188: valid; 0.9 s; peak memory 6348 MiB.
2026-10-04T09:31:34Z INFO [1070/2500] 407bbbde-43ee-49a3-8396-5cd8be23ab27: valid; 2.5 s; peak memory 6348 MiB.
2026-10-04T09:31:35Z INFO [1071/2500] 407bff80-d5b5-4995-b1c9-c79c0dc90165: valid; 0.8 s; peak memory 6348 MiB.
2026-10-04T09:31:36Z INFO [1072/2500] 407d543c-3ad3-4c52-899e-374ff17e384b: valid; 1.6 s; peak memory 6348 MiB.
2026-10-04T09:31:37Z INFO [1073/2500] 407f484a-1539-4cfa-9e5c-28b060fb2128: not valid; 1.0 s; peak memory 6348 MiB.
2026-10-04T09:31:38Z INFO [1074/2500] 408056a2-0136-46c2-91be-0df6fe784dc6: valid; 0.9 s; peak memory 6348 MiB.
2026-10-04T09:31:39Z INFO [1075/2500] 40806bf7-e436-4f39-9504-01ac8d4f5262: not valid; 1.1 s; peak memory 6348 MiB.
2026-10-04T09:31:44Z INFO [1076/2500] 4080a3e3-5cbe-4186-9ba8-a4ec64b8ea10: valid; 5.0 s; peak memory 6348 MiB.
2026-10-04T09:31:47Z INFO [1077/2500] 4080a46e-9059-4f52-a343-d0fdc6f6c15a: valid; 2.9 s; peak memory 6348 MiB.
2026-10-04T09:31:50Z INFO [1078/2500] 4080c4aa-9e56-4a8e-9fc2-4c61660064f9: valid; 2.6 s; peak memory 6348 MiB.
2026-10-04T09:31:52Z INFO [1079/2500] 4081042a-7c20-4974-93df-f084b69d5b19: valid; 2.0 s; peak memory 6348 MiB.
2026-10-04T09:31:53Z INFO [1080/2500] 40811b92-495e-47ac-a3d9-fe15bec3e5f2: not valid; 1.1 s; peak memory 6348 MiB.
2026-10-04T09:31:53Z WARNING 40813dbc-d6a2-41ae-b25e-ba11cb1726d3: failed while retrieving asset information from the DANDI API (NotFoundError: No asset at path 'sub-parkinson-simulated-beta/sub-parkinson-simulated-beta_ses-7781_ecephys.nwb' in version 0.250327.2220. Verify the path is correct and the asset exists in this version. Use 'dandi ls' to list available assets.)
2026-10-04T09:31:53Z INFO [1082/2500] 40816671-7e71-4c2b-b13a-60cac84e0561: valid; 0.6 s; peak memory 6348 MiB.
2026-10-04T09:31:55Z INFO [1083/2500] 408200d6-9286-4862-8bb1-02d2b62c4cf4: valid; 1.2 s; peak memory 6348 MiB.
2026-10-04T09:31:55Z INFO [1084/2500] 4082392a-b346-4891-bd45-6a6b4249c9a1: not valid; 0.8 s; peak memory 6348 MiB.
2026-10-04T09:31:59Z INFO [1085/2500] 40823f17-841e-488b-9272-3e7349532529: valid; 3.3 s; peak memory 6348 MiB.
2026-10-04T09:32:00Z INFO [1086/2500] 4082b0fa-06a1-4eb4-abfa-162fde7da4bf: valid; 0.9 s; peak memory 6348 MiB.
2026-10-04T09:32:01Z INFO [1087/2500] 40834061-18cc-489b-b6a2-7048222b5873: valid; 1.7 s; peak memory 6348 MiB.
2026-10-04T09:32:03Z INFO [1088/2500] 40847481-4d04-4e7c-ac06-72acf0ce280e: valid; 1.6 s; peak memory 6348 MiB.
2026-10-04T09:32:04Z INFO [1089/2500] 4084dbf2-b9f6-4d34-80f5-c346b7151c77: not valid; 1.1 s; peak memory 6348 MiB.
2026-10-04T09:32:10Z INFO [1090/2500] 408623a5-9988-4173-9af9-9190ad2d7dec: valid; 5.4 s; peak memory 6348 MiB.
2026-10-04T09:32:13Z INFO [1091/2500] 4086a7dd-1ddf-4270-a5a5-984439e7ae97: valid; 3.7 s; peak memory 6348 MiB.
2026-10-04T09:32:15Z INFO [1092/2500] 40872bff-a0d1-46f2-89c1-4de59f0e6201: valid; 1.8 s; peak memory 6348 MiB.
2026-10-04T09:32:17Z INFO [1093/2500] 40883cac-66cf-4544-80bc-3e06b0f564cf: not valid; 1.7 s; peak memory 6348 MiB.
2026-10-04T09:32:18Z INFO [1094/2500] 4088ace4-b27a-4ac1-b79a-e41b0dea3ad2: valid; 1.4 s; peak memory 6348 MiB.
2026-10-04T09:32:19Z INFO [1095/2500] 40897bba-2219-4972-97b5-d52fae566f10: valid; 0.7 s; peak memory 6348 MiB.
2026-10-04T09:32:20Z INFO [1096/2500] 408a4d6b-dc56-4cd4-a97f-cede00556b23: valid; 0.7 s; peak memory 6348 MiB.
2026-10-04T09:32:21Z INFO [1097/2500] 408a62c7-9dd5-4b09-8e2d-6ce9c707aed2: valid; 1.1 s; peak memory 6348 MiB.
2026-10-04T09:32:22Z INFO [1098/2500] 408a722e-e22c-41fe-bdfe-a0b1405cba97: not valid; 1.0 s; peak memory 6348 MiB.
2026-10-04T09:32:23Z INFO [1099/2500] 408c2b06-cfff-413e-93fe-927608363364: valid; 1.2 s; peak memory 6348 MiB.
2026-10-04T09:32:26Z INFO [1100/2500] 408c2e26-31f8-4e33-ab96-fc39b2e8a55b: not valid; 3.3 s; peak memory 6350 MiB.
2026-10-04T09:32:27Z INFO [1100/2500] 408c2e26-31f8-4e33-ab96-fc39b2e8a55b: checkpointed 107110 records.
2026-10-04T09:32:28Z INFO [1101/2500] 408c3a00-a663-4f72-8525-e7dd9c1b8b1a: valid; 0.7 s; peak memory 6350 MiB.
2026-10-04T09:32:28Z INFO [1102/2500] 408c74ef-be6e-45e9-8a77-c98307a9c589: valid; 0.8 s; peak memory 6350 MiB.
2026-10-04T09:32:30Z INFO [1103/2500] 408c9b93-4185-4e5d-bf84-5e79c65572c9: valid; 1.3 s; peak memory 6351 MiB.
2026-10-04T09:32:31Z INFO [1104/2500] 408cd7bd-cc7d-4c51-87fc-36f413d27d50: valid; 1.2 s; peak memory 6351 MiB.
2026-10-04T09:32:47Z INFO [1105/2500] 408d3688-4c50-4b9b-9eb2-4c4a09cd28f0: valid; 16.0 s; peak memory 6449 MiB.
2026-10-04T09:32:48Z INFO [1106/2500] 408da0b0-717d-44e9-865c-b2018f0e1956: valid; 0.8 s; peak memory 6450 MiB.
2026-10-04T09:32:50Z INFO [1107/2500] 408da48f-47b0-4f85-aa9c-b445dabb83a3: valid; 2.2 s; peak memory 6455 MiB.
2026-10-04T09:32:59Z INFO [1108/2500] 408db56a-d495-4f6e-bd5c-b3bd987126df: not valid; 8.7 s; peak memory 6486 MiB.
2026-10-04T09:33:00Z INFO [1109/2500] 408dbc74-d47d-4a13-8711-ed0fceab52a3: valid; 1.0 s; peak memory 6486 MiB.
2026-10-04T09:33:00Z INFO [1110/2500] 408e8623-e991-499c-8039-7b67e86457d8: valid; 0.7 s; peak memory 6486 MiB.
2026-10-04T09:33:08Z INFO [1111/2500] 408eaeb7-7aff-4488-b48f-08116220f872: valid; 7.7 s; peak memory 6499 MiB.
2026-10-04T09:33:09Z INFO [1112/2500] 408edde4-6593-43bc-8719-5e150a5bc762: not valid; 0.9 s; peak memory 6500 MiB.
2026-10-04T09:33:10Z INFO [1113/2500] 408efb1b-dfe6-495c-ae2a-f925342e3408: valid; 1.2 s; peak memory 6507 MiB.
2026-10-04T09:33:11Z INFO [1114/2500] 408f3dd5-580d-41a1-a877-de5398ab63ee: not valid; 1.1 s; peak memory 6508 MiB.
2026-10-04T09:33:21Z INFO [1115/2500] 408f647f-f3e9-4611-bc31-85d6dfa38d5a: valid; 10.0 s; peak memory 6570 MiB.
2026-10-04T09:33:22Z INFO [1116/2500] 408f7976-6cf0-4cd8-9921-f88cfcb419d1: not valid; 1.3 s; peak memory 6575 MiB.
2026-10-04T09:33:23Z INFO [1117/2500] 408fcbbc-d298-4ce7-b1a0-7ee998a89d97: not valid; 0.8 s; peak memory 6576 MiB.
2026-10-04T09:33:26Z INFO [1118/2500] 4090830d-7a3b-4352-9e02-86b0d6c23864: not valid; 2.7 s; peak memory 6577 MiB.
2026-10-04T09:33:27Z INFO [1119/2500] 4090f2eb-b6b3-4767-a80f-246f01f3f08f: not valid; 0.9 s; peak memory 6579 MiB.
2026-10-04T09:33:28Z INFO [1120/2500] 40916b0a-885c-4dc0-9a9e-88c8dfccb2da: valid; 0.8 s; peak memory 6579 MiB.
2026-10-04T09:33:34Z INFO [1121/2500] 4091713e-b5fb-4229-a0cc-0c6584a2d6ef: valid; 6.1 s; peak memory 6595 MiB.
2026-10-04T09:33:35Z INFO [1122/2500] 4091efbc-8463-40c2-a1f7-71c223db8846: valid; 1.3 s; peak memory 6596 MiB.
2026-10-04T09:33:37Z WARNING 40920db9-ba5a-48ae-b43d-d39ac3c450bf: failed while opening the NWB file (ConstructError: (root/acquisition/event_code_meanings GroupBuilder {'attributes': {'colnames': array(['value', 'meaning'], dtype=object), 'description': 'Mapping integer event codes to event labels', 'namespace': 'ndx-events', 'neurodata_type': 'MeaningsTable', 'object_id': 'f18d5d4f-8890-4e17-8cf9-c28352d6430c'}, 'groups': {}, 'datasets': {'id': root/acquisition/event_code_meanings/id DatasetBuilder {'attributes': {'namespace': 'hdmf-common', 'neurodata_type': 'ElementIdentifiers', 'object_id': '8a39aa28-f95c-4fbc-badf-ed54811a2cfd'}, 'data': <HDF5 dataset "id": shape (26,), type "<i8">}, 'meaning': root/acquisition/event_code_meanings/meaning DatasetBuilder {'attributes': {'description': 'The meaning of the value in the parent CategoricalVectorData object.', 'namespace': 'hdmf-experimental', 'neurodata_type': 'VectorData', 'object_id': '651aad6f-6f9f-4001-a96a-e5ca765d1587'}, 'data': <StrDataset for HDF5 dataset "meaning": shape (26,), type "|O">}, 'value': root/acquisition/event_code_meanings/value DatasetBuilder {'attributes': {'description': 'The value of the parent CategoricalVectorData object.', 'namespace': 'hdmf-experimental', 'neurodata_type': 'VectorData', 'object_id': '3cb7b754-5b19-47e2-9acd-d0c62ebbb540'}, 'data': <HDF5 dataset "value": shape (26,), type "<i8">}}, 'links': {}}, "Could not construct MeaningsTable object due to: MeaningsTable.__init__: missing argument 'target'"))
2026-10-04T09:33:37Z INFO [1124/2500] 40923849-6e1f-4ee9-84b7-956f47c4fde1: valid; 0.7 s; peak memory 6596 MiB.
2026-10-04T09:33:42Z INFO [1125/2500] 409272dc-5c56-4d48-90bd-f3472b85ce54: valid; 5.2 s; peak memory 6596 MiB.
2026-10-04T09:33:45Z INFO [1126/2500] 40932596-a8ae-4349-85dc-2d4406081170: valid; 2.2 s; peak memory 6596 MiB.
2026-10-04T09:33:50Z INFO [1127/2500] 40933e00-7f9e-43a0-9a2e-2e8679078860: valid; 4.9 s; peak memory 6596 MiB.
2026-10-04T09:33:51Z INFO [1128/2500] 40939a81-866d-48c1-b91d-41c5a59fd8db: not valid; 1.9 s; peak memory 6596 MiB.
2026-10-04T09:33:53Z INFO [1129/2500] 4093b7b4-0b23-4c57-bea6-8d637b5229e2: valid; 1.7 s; peak memory 6596 MiB.
2026-10-04T09:33:55Z INFO [1130/2500] 409469ec-259d-4171-9508-8db760d39288: valid; 1.4 s; peak memory 6596 MiB.
2026-10-04T09:33:56Z INFO [1131/2500] 4094c9bc-be5e-4aa9-920e-397c657c36b0: not valid; 1.3 s; peak memory 6596 MiB.
2026-10-04T09:33:57Z INFO [1132/2500] 409527c1-84e2-43c3-bd1d-26770fecb55e: not valid; 1.2 s; peak memory 6596 MiB.
2026-10-04T09:33:58Z INFO [1133/2500] 40954436-24eb-44d8-9cec-2607cfaceaab: not valid; 1.1 s; peak memory 6596 MiB.
2026-10-04T09:34:05Z INFO [1134/2500] 4095a33c-c903-44a3-b175-d79d14f715f8: valid; 7.0 s; peak memory 6710 MiB.
2026-10-04T09:34:07Z INFO [1135/2500] 4095bf3c-94e6-486e-ab58-d0677bba3fd5: valid; 1.8 s; peak memory 6710 MiB.
2026-10-04T09:34:08Z INFO [1136/2500] 409628d4-d857-4215-98e5-7968bc50566a: valid; 0.9 s; peak memory 6710 MiB.
2026-10-04T09:34:11Z INFO [1137/2500] 40968477-0d70-4c0a-b933-53fb4b36e728: valid; 3.1 s; peak memory 6710 MiB.
2026-10-04T09:34:12Z INFO [1138/2500] 4096a999-a4ff-4306-adce-df3ce8f8c9af: valid; 0.9 s; peak memory 6710 MiB.
2026-10-04T09:34:13Z INFO [1139/2500] 4096e294-9cb0-4318-a09d-955aa4a99623: valid; 0.9 s; peak memory 6710 MiB.
2026-10-04T09:34:15Z INFO [1140/2500] 40975d35-9870-4567-94a2-434e5d219124: not valid; 2.4 s; peak memory 6743 MiB.
2026-10-04T09:34:18Z INFO [1141/2500] 4097de26-ca89-4377-8d9d-85f5b6c32a7e: valid; 3.0 s; peak memory 6743 MiB.
2026-10-04T09:34:19Z INFO [1142/2500] 40981458-e59f-4fb2-bcd9-67091a11c0c5: not valid; 0.9 s; peak memory 6743 MiB.
2026-10-04T09:34:21Z INFO [1143/2500] 409992b7-2223-4f71-b3ed-770ee985cfb9: valid; 1.5 s; peak memory 6743 MiB.
2026-10-04T09:34:21Z INFO [1144/2500] 40999587-4d93-407e-bbe9-5240ccd7b80c: valid; 0.7 s; peak memory 6743 MiB.
2026-10-04T09:34:28Z INFO [1145/2500] 4099a27f-5803-41dd-9fa1-d3f8dcc59dbf: valid; 6.5 s; peak memory 6743 MiB.
2026-10-04T09:34:29Z INFO [1146/2500] 4099f2c3-6d1a-4a0b-b42e-f0ffd4ae58e1: not valid; 1.1 s; peak memory 6743 MiB.
2026-10-04T09:34:30Z INFO [1147/2500] 4099fe17-c343-466a-b6b9-dccb02e7802c: valid; 0.9 s; peak memory 6743 MiB.
2026-10-04T09:34:35Z INFO [1148/2500] 409b019d-8f34-4582-a6f0-86b336ee24ae: valid; 4.6 s; peak memory 6743 MiB.
2026-10-04T09:34:42Z INFO [1149/2500] 409c0e95-6054-4e2b-b07b-e3be96cccbf2: valid; 7.1 s; peak memory 6768 MiB.
2026-10-04T09:34:49Z INFO [1150/2500] 409c1fcd-d39f-477b-a1d7-3ac9837cc142: valid; 7.2 s; peak memory 6785 MiB.
2026-10-04T09:34:50Z INFO [1150/2500] 409c1fcd-d39f-477b-a1d7-3ac9837cc142: checkpointed 107160 records.
2026-10-04T09:34:50Z INFO [1151/2500] 409c723a-8c26-4253-b13d-be454e6f5409: valid; 0.8 s; peak memory 6787 MiB.
2026-10-04T09:34:52Z INFO [1152/2500] 409d2593-c071-4fa8-97e7-cdab4840b13e: valid; 1.4 s; peak memory 6789 MiB.
2026-10-04T09:34:53Z INFO [1153/2500] 409d314e-d47e-480a-b5d5-81cbb83e8135: valid; 0.8 s; peak memory 6789 MiB.
2026-10-04T09:34:54Z INFO [1154/2500] 409d77c7-ad09-419b-b99c-50001569ff38: valid; 1.8 s; peak memory 6789 MiB.
2026-10-04T09:34:55Z INFO [1155/2500] 409e7c1e-780b-4fbd-812c-d033f791b322: valid; 0.6 s; peak memory 6789 MiB.
2026-10-04T09:34:57Z INFO [1156/2500] 409ebf12-046b-40e0-ba44-21c4efcfd3b5: valid; 1.7 s; peak memory 6789 MiB.
2026-10-04T09:34:58Z INFO [1157/2500] 409ec2e2-3bbb-4166-ba6c-2f41438ed32c: valid; 0.7 s; peak memory 6789 MiB.
2026-10-04T09:34:59Z INFO [1158/2500] 409ed58e-9c2a-4377-8617-a4a077b267e1: not valid; 1.2 s; peak memory 6789 MiB.
2026-10-04T09:35:00Z INFO [1159/2500] 409ff91c-5595-4ceb-97d9-90d624699fe1: valid; 1.1 s; peak memory 6789 MiB.
2026-10-04T09:35:00Z INFO [1160/2500] 40a011ac-7fe0-4052-82ba-37af42fa0a11: valid; 0.6 s; peak memory 6789 MiB.
2026-10-04T09:35:01Z INFO [1161/2500] 40a0989f-4804-4a82-81d5-90bef73b2a3e: valid; 0.7 s; peak memory 6789 MiB.
2026-10-04T09:35:03Z INFO [1162/2500] 40a0b6fe-2bff-4eee-af21-74a3977f44ab: valid; 1.8 s; peak memory 6789 MiB.
2026-10-04T09:35:04Z INFO [1163/2500] 40a220f3-ddf1-4ec0-8997-3e1579ebacfe: valid; 1.2 s; peak memory 6789 MiB.
2026-10-04T09:35:05Z INFO [1164/2500] 40a239e2-a334-4668-8bc4-995f44af4579: valid; 0.9 s; peak memory 6789 MiB.
2026-10-04T09:35:06Z INFO [1165/2500] 40a383c1-52cb-4d58-9efc-b60573653dd9: valid; 0.7 s; peak memory 6789 MiB.
2026-10-04T09:35:06Z INFO [1166/2500] 40a3fe46-47c8-4007-a5cc-15a39db06589: valid; 0.8 s; peak memory 6789 MiB.
2026-10-04T09:35:08Z INFO [1167/2500] 40a49504-953f-4d4f-bb7e-aea6438b4fd5: valid; 1.4 s; peak memory 6789 MiB.
2026-10-04T09:35:09Z INFO [1168/2500] 40a4d549-e03c-48f3-a95c-e9fd7d0f896a: valid; 0.7 s; peak memory 6789 MiB.
2026-10-04T09:35:09Z INFO [1169/2500] 40a4f57a-ee62-4e0b-b3db-f80a61754f77: valid; 0.8 s; peak memory 6789 MiB.
2026-10-04T09:35:11Z INFO [1170/2500] 40a5e07e-cd31-4cb2-8755-e342ca329f3c: not valid; 1.8 s; peak memory 6789 MiB.
2026-10-04T09:35:13Z INFO [1171/2500] 40a65bf1-e38e-45a8-a8c2-19d18153183e: valid; 2.0 s; peak memory 6789 MiB.
2026-10-04T09:35:14Z INFO [1172/2500] 40a757e0-6f89-409c-b2da-37710bbd440e: valid; 0.7 s; peak memory 6789 MiB.
2026-10-04T09:35:14Z INFO [1173/2500] 40a76751-db1f-4b60-a1e3-39d30c4d43cd: valid; 0.8 s; peak memory 6789 MiB.
2026-10-04T09:35:16Z INFO [1174/2500] 40a78aec-62e4-4f2f-bd94-3a2cd8758c95: not valid; 1.8 s; peak memory 6789 MiB.
2026-10-04T09:35:17Z INFO [1175/2500] 40a7ce81-063a-4e5d-902d-cdf58ffd0082: not valid; 0.9 s; peak memory 6789 MiB.
2026-10-04T09:35:17Z WARNING 40a81d4f-9c4c-4e96-8d88-cdd35a69a5d2: failed while retrieving asset information from the DANDI API (NotFoundError: No asset at path 'sub-ZS060/sub-ZS060_ses-behavior-ZS060-2021-03-30-16-13-03.nwb' in version 0.260928.2230. Verify the path is correct and the asset exists in this version. Use 'dandi ls' to list available assets.)
2026-10-04T09:35:20Z INFO [1177/2500] 40a82002-9dc3-4b64-bf39-d44d55629513: not valid; 2.3 s; peak memory 6789 MiB.
2026-10-04T09:35:20Z INFO [1178/2500] 40a86975-f1f9-4f15-9658-e9a16ffb5224: valid; 0.9 s; peak memory 6789 MiB.
2026-10-04T09:35:22Z INFO [1179/2500] 40a89150-00e7-470a-8ff4-d9dfbc3ce198: valid; 1.1 s; peak memory 6789 MiB.
2026-10-04T09:35:23Z INFO [1180/2500] 40a9b43e-4195-44d4-9689-349931433145: not valid; 1.0 s; peak memory 6789 MiB.
2026-10-04T09:35:24Z INFO [1181/2500] 40aafa14-4c00-4c57-bc40-e48b30723194: valid; 1.3 s; peak memory 6789 MiB.
2026-10-04T09:35:25Z INFO [1182/2500] 40ab83dd-e4ad-45c4-84e1-539edca79888: valid; 0.7 s; peak memory 6789 MiB.
2026-10-04T09:35:27Z INFO [1183/2500] 40ab8e52-f784-47a4-953e-5b58d7a5595b: valid; 2.5 s; peak memory 6789 MiB.
2026-10-04T09:35:29Z INFO [1184/2500] 40ac6fd2-03cd-4a39-a344-5d5d36786b29: valid; 2.1 s; peak memory 6789 MiB.
2026-10-04T09:35:30Z INFO [1185/2500] 40ac712f-a4f3-4ef5-981a-8da81ea6e0a5: valid; 1.1 s; peak memory 6789 MiB.
2026-10-04T09:35:31Z INFO [1186/2500] 40ad52a1-11b0-4b6f-aff0-82f8a839c8a0: valid; 0.8 s; peak memory 6789 MiB.
2026-10-04T09:35:32Z INFO [1187/2500] 40ad6f9c-7adb-449c-8d5f-b39953eff372: valid; 0.8 s; peak memory 6789 MiB.
2026-10-04T09:35:40Z INFO [1188/2500] 40ad74f3-9136-441d-bae9-962e8eb2addf: valid; 8.6 s; peak memory 6789 MiB.
2026-10-04T09:36:48Z INFO [1189/2500] 40ad7634-79c6-435b-9ce4-9946ec37e58c: valid; 67.7 s; peak memory 7181 MiB.
2026-10-04T09:36:50Z INFO [1190/2500] 40ad8084-83ca-417f-9226-501ba2d9e80f: valid; 1.3 s; peak memory 7181 MiB.
2026-10-04T09:36:50Z INFO [1191/2500] 40adcd8f-8480-4ee7-a072-bc3f64dd070f: valid; 1.0 s; peak memory 7181 MiB.
2026-10-04T09:36:52Z INFO [1192/2500] 40ae436b-a474-4080-b527-894e7edc11ec: valid; 1.4 s; peak memory 7181 MiB.
2026-10-04T09:36:53Z INFO [1193/2500] 40ae6d42-ee5d-469f-a121-a05fe669b3e2: not valid; 1.3 s; peak memory 7181 MiB.
2026-10-04T09:37:02Z INFO [1194/2500] 40aef687-9166-4f62-894c-d610bdeee001: valid; 8.7 s; peak memory 7181 MiB.
2026-10-04T09:37:02Z INFO [1195/2500] 40af48fb-0414-4e50-b54f-a84fde573045: valid; 0.7 s; peak memory 7181 MiB.
2026-10-04T09:37:04Z INFO [1196/2500] 40af6854-9a0a-4353-8dce-71fde7acecf3: not valid; 1.2 s; peak memory 7181 MiB.
2026-10-04T09:37:05Z INFO [1197/2500] 40b01812-e617-4694-b107-7a87baf3415e: valid; 1.2 s; peak memory 7181 MiB.
2026-10-04T09:37:06Z INFO [1198/2500] 40b06091-fa3e-4cc8-8560-ca9245bb69a9: valid; 1.2 s; peak memory 7181 MiB.
2026-10-04T09:37:08Z INFO [1199/2500] 40b08f7b-e398-48c9-a939-53216e357adb: not valid; 2.0 s; peak memory 7181 MiB.
2026-10-04T09:37:10Z INFO [1200/2500] 40b0d34e-ca12-40ca-969c-1162a2f90e5f: valid; 2.0 s; peak memory 7181 MiB.
2026-10-04T09:37:11Z INFO [1200/2500] 40b0d34e-ca12-40ca-969c-1162a2f90e5f: checkpointed 107210 records.
2026-10-04T09:37:12Z INFO [1201/2500] 40b0f675-2d19-4081-8766-caa1a3be8369: valid; 1.2 s; peak memory 7181 MiB.
2026-10-04T09:37:15Z INFO [1202/2500] 40b118fe-e683-4605-ad97-3ca442ce22f8: not valid; 2.8 s; peak memory 7181 MiB.
2026-10-04T09:37:16Z INFO [1203/2500] 40b1e077-30f0-469d-b465-08db8cc4b462: valid; 1.4 s; peak memory 7181 MiB.
2026-10-04T09:37:17Z INFO [1204/2500] 40b30c7b-0855-4fe3-89bf-360d4708a62c: not valid; 1.2 s; peak memory 7181 MiB.
2026-10-04T09:37:20Z INFO [1205/2500] 40b3ce78-c0e9-495f-9438-510f8de2df03: valid; 2.6 s; peak memory 7181 MiB.
2026-10-04T09:37:21Z INFO [1206/2500] 40b45022-1c4d-42c3-9416-2edb35dd1a17: not valid; 0.9 s; peak memory 7181 MiB.
2026-10-04T09:37:23Z INFO [1207/2500] 40b46abc-cadb-4201-9072-cae401d4cfe3: valid; 1.9 s; peak memory 7181 MiB.
2026-10-04T09:37:24Z INFO [1208/2500] 40b4e78d-cdc2-437f-9090-ed8354742a5d: not valid; 1.1 s; peak memory 7181 MiB.
2026-10-04T09:37:25Z INFO [1209/2500] 40b50c24-162f-4dfc-a609-daf11d61b4f2: valid; 1.4 s; peak memory 7181 MiB.
2026-10-04T09:37:26Z INFO [1210/2500] 40b5362f-7538-4096-99f5-e2cd919fc27d: valid; 0.8 s; peak memory 7181 MiB.
2026-10-04T09:37:27Z INFO [1211/2500] 40b5fba7-db97-4a53-9d9a-e949daeab58f: not valid; 1.1 s; peak memory 7181 MiB.
2026-10-04T09:37:29Z INFO [1212/2500] 40b625fa-31be-40ff-99ce-867bd06bf7ac: not valid; 1.3 s; peak memory 7181 MiB.
2026-10-04T09:37:29Z WARNING 40b70656-2fc8-4230-9e85-56f4b7d76d86: failed while retrieving asset information from the DANDI API (NotFoundError: No asset at path 'sub-parkinson-simulated-beta/sub-parkinson-simulated-beta_ses-5065_ecephys.nwb' in version 0.250327.2220. Verify the path is correct and the asset exists in this version. Use 'dandi ls' to list available assets.)
2026-10-04T09:37:30Z INFO [1214/2500] 40b76f96-a5b4-4b9b-8246-bc18502a5653: not valid; 0.9 s; peak memory 7181 MiB.
2026-10-04T09:37:31Z INFO [1215/2500] 40b7bc8a-c75e-4450-b518-bc751f0ed56a: not valid; 1.7 s; peak memory 7181 MiB.
2026-10-04T09:37:32Z INFO [1216/2500] 40b83666-5b9d-4031-9068-195e9290fab2: valid; 0.9 s; peak memory 7181 MiB.
2026-10-04T09:37:33Z INFO [1217/2500] 40b84f8e-b723-4dab-bf82-4ce1209fd92e: valid; 1.0 s; peak memory 7181 MiB.
2026-10-04T09:37:37Z INFO [1218/2500] 40b87b04-182b-46a3-b370-b94512bf84d0: valid; 3.8 s; peak memory 7181 MiB.
2026-10-04T09:37:38Z INFO [1219/2500] 40b890c5-8482-48d3-abd6-b1530036bb7c: valid; 1.4 s; peak memory 7181 MiB.
2026-10-04T09:37:46Z INFO [1220/2500] 40b8a198-73a0-4d97-93b3-0be4f1b85104: valid; 7.6 s; peak memory 7234 MiB.
2026-10-04T09:37:46Z WARNING 40b8f485-e87f-4dcc-8884-e0f52f3d7480: failed while retrieving asset information from the DANDI API (NotFoundError: No asset at path 'sub-LG609/sub-LG609_ses-LG609-20250909_obj-1cn9hbi_ophys.nwb' in version 0.260915.2135. Verify the path is correct and the asset exists in this version. Use 'dandi ls' to list available assets.)
2026-10-04T09:37:50Z INFO [1222/2500] 40b90ebf-7340-4cae-97c4-e4469b6e2d55: valid; 4.0 s; peak memory 7248 MiB.
2026-10-04T09:37:51Z INFO [1223/2500] 40b9138d-6616-4e35-9fd3-0e7eff91db88: valid; 0.8 s; peak memory 7251 MiB.
2026-10-04T09:37:53Z INFO [1224/2500] 40b9ab7a-b6d8-4414-8e3a-f4d55dc94a51: valid; 1.7 s; peak memory 7255 MiB.
2026-10-04T09:37:54Z WARNING 40b9ad51-e06c-4287-bb8c-2dffff1535db: failed while opening the NWB file (ConstructError: (root/acquisition/_iblmic_audioSpectrogram/bands GroupBuilder {'attributes': {'colnames': array(['freq'], dtype=object), 'description': 'spectogram frequencies', 'namespace': 'core', 'neurodata_type': 'FrequencyBandsTable', 'object_id': '5dfe01d0-7521-46ef-af8d-8795f450f33b'}, 'groups': {}, 'datasets': {'freq': root/acquisition/_iblmic_audioSpectrogram/bands/freq DatasetBuilder {'attributes': {'description': 'frequency value', 'namespace': 'hdmf-common', 'neurodata_type': 'VectorData', 'object_id': 'cdd524c6-e59a-4e4d-91fd-6fac69b58bb6'}, 'data': <HDF5 dataset "freq": shape (257,), type "<f4">}, 'id': root/acquisition/_iblmic_audioSpectrogram/bands/id DatasetBuilder {'attributes': {'namespace': 'hdmf-common', 'neurodata_type': 'ElementIdentifiers', 'object_id': '1696e19d-d3db-4dee-8bca-09a2f1eb4515'}, 'data': <HDF5 dataset "id": shape (257,), type "<i4">}}, 'links': {}}, "Could not construct FrequencyBandsTable object due to: column must have the same number of rows as 'id'"))
2026-10-04T09:37:55Z INFO [1226/2500] 40b9d9e9-156b-4966-b6f3-02819ffa54b0: valid; 1.3 s; peak memory 7258 MiB.
2026-10-04T09:37:56Z INFO [1227/2500] 40ba0492-553d-4e19-b757-89215b98d6c4: valid; 0.8 s; peak memory 7260 MiB.
2026-10-04T09:37:58Z INFO [1228/2500] 40baf5cc-064a-4a0b-81c4-64467c34f9d7: valid; 2.0 s; peak memory 7264 MiB.
2026-10-04T09:37:59Z INFO [1229/2500] 40bb4596-67a8-4a19-8a79-75f4af7b5fc5: valid; 1.2 s; peak memory 7274 MiB.
2026-10-04T09:38:00Z INFO [1230/2500] 40bca10b-d928-4a02-accd-cbbfe52b287c: not valid; 0.9 s; peak memory 7277 MiB.
2026-10-04T09:38:02Z INFO [1231/2500] 40bd1436-ddf6-4c7a-946b-c69d395138ff: valid; 1.3 s; peak memory 7280 MiB.
2026-10-04T09:38:03Z INFO [1232/2500] 40bd74fe-1bb0-4616-a298-43f850c9e62a: valid; 1.1 s; peak memory 7282 MiB.
2026-10-04T09:38:03Z INFO [1233/2500] 40bd9061-511e-4e81-9a32-9d4ad8d410f7: valid; 0.8 s; peak memory 7285 MiB.
2026-10-04T09:38:04Z INFO [1234/2500] 40bda4e2-6f59-4c02-bf67-bfa20c4a9471: valid; 0.6 s; peak memory 7286 MiB.
2026-10-04T09:38:05Z INFO [1235/2500] 40be00f7-db7c-4ae2-b770-3fe11e82d85e: not valid; 0.9 s; peak memory 7289 MiB.
2026-10-04T09:38:10Z INFO [1236/2500] 40be72c6-70b5-4e8f-ba7a-345803dc9702: valid; 5.4 s; peak memory 7313 MiB.
2026-10-04T09:38:12Z INFO [1237/2500] 40bf62d8-5a17-49fb-841f-145fda9730f5: not valid; 1.9 s; peak memory 7322 MiB.
2026-10-04T09:38:13Z INFO [1238/2500] 40bf7791-e4cd-45b8-929b-30aca7f67c28: valid; 0.7 s; peak memory 7322 MiB.
2026-10-04T09:38:16Z INFO [1239/2500] 40bf9f8f-5adf-4f76-aca5-b58feba16e46: valid; 2.9 s; peak memory 7324 MiB.
2026-10-04T09:38:17Z INFO [1240/2500] 40bfc9f7-b0e6-4ebf-8f3c-ad0991d79194: valid; 0.9 s; peak memory 7324 MiB.
2026-10-04T09:38:18Z INFO [1241/2500] 40bff950-198d-4bcf-97d2-c0889a4c5cb1: valid; 1.3 s; peak memory 7324 MiB.
2026-10-04T09:38:19Z INFO [1242/2500] 40c00edc-9d9f-468a-870c-f1a764939247: valid; 0.9 s; peak memory 7324 MiB.
2026-10-04T09:38:20Z INFO [1243/2500] 40c0f01f-4e54-4489-91b5-8e442bf346b9: valid; 1.3 s; peak memory 7324 MiB.
2026-10-04T09:38:21Z INFO [1244/2500] 40c0fe7c-f248-4996-bd7b-845a8750996d: valid; 1.2 s; peak memory 7324 MiB.
2026-10-04T09:38:23Z INFO [1245/2500] 40c18492-8298-4953-8491-876ecf8ea52a: valid; 1.6 s; peak memory 7324 MiB.
2026-10-04T09:38:26Z INFO [1246/2500] 40c18caa-da96-43fc-af32-8f412c5e52e2: not valid; 2.5 s; peak memory 7324 MiB.
2026-10-04T09:38:27Z INFO [1247/2500] 40c1aa2e-33b6-4549-9d40-2ce9cdc5ffa7: valid; 1.6 s; peak memory 7324 MiB.
2026-10-04T09:38:29Z INFO [1248/2500] 40c1d8c1-e786-4148-a049-a5a68b181aac: valid; 1.3 s; peak memory 7324 MiB.
2026-10-04T09:38:34Z INFO [1249/2500] 40c38f72-d4a9-496f-b400-55c1146adc2a: valid; 5.7 s; peak memory 7324 MiB.
2026-10-04T09:38:35Z INFO [1250/2500] 40c4b3c1-c6f8-4b44-8c6d-b08a91fd0e3b: valid; 1.0 s; peak memory 7324 MiB.
2026-10-04T09:38:36Z INFO [1250/2500] 40c4b3c1-c6f8-4b44-8c6d-b08a91fd0e3b: checkpointed 107260 records.
2026-10-04T09:38:37Z INFO [1251/2500] 40c626de-f637-4ee3-8fa9-877d52e8f539: valid; 0.6 s; peak memory 7324 MiB.
2026-10-04T09:38:37Z INFO [1252/2500] 40c66180-60d4-4075-bc4b-e6a5343616c6: valid; 0.7 s; peak memory 7324 MiB.
2026-10-04T09:38:38Z INFO [1253/2500] 40c66542-b5c2-41e6-84e0-3739686dae51: valid; 0.7 s; peak memory 7324 MiB.
2026-10-04T09:38:39Z INFO [1254/2500] 40c6b52c-a5cb-4c7e-8d35-f02897941d91: not valid; 1.1 s; peak memory 7324 MiB.
2026-10-04T09:38:40Z INFO [1255/2500] 40c7c367-9c5d-40bc-9df5-66c46cd2d360: not valid; 1.1 s; peak memory 7324 MiB.
2026-10-04T09:38:41Z INFO [1256/2500] 40c7d354-efac-47d6-8c48-854eddf0d989: valid; 1.0 s; peak memory 7324 MiB.
2026-10-04T09:38:42Z INFO [1257/2500] 40c81fce-aa04-44f1-b096-52e541118ee1: not valid; 1.3 s; peak memory 7324 MiB.
2026-10-04T09:38:43Z INFO [1258/2500] 40c88898-c254-4883-8cc4-efed26c30aed: not valid; 1.1 s; peak memory 7324 MiB.
2026-10-04T09:38:45Z INFO [1259/2500] 40c88f5d-5c34-40ee-b71e-f8fcdd8817a5: not valid; 1.6 s; peak memory 7324 MiB.
2026-10-04T09:38:46Z INFO [1260/2500] 40c8966a-4300-4341-a0a0-4240fc271669: not valid; 1.2 s; peak memory 7324 MiB.
2026-10-04T09:38:48Z INFO [1261/2500] 40c98249-0a1f-41a8-ad9a-1ac0421bfbc1: valid; 1.6 s; peak memory 7324 MiB.
2026-10-04T09:38:49Z INFO [1262/2500] 40c9bb89-0686-4014-8ac2-39c5f90d3418: not valid; 0.9 s; peak memory 7324 MiB.
2026-10-04T09:38:49Z INFO [1263/2500] 40c9d007-35b7-49d9-8251-044e21f63f6b: not valid; 0.6 s; peak memory 7324 MiB.
2026-10-04T09:38:51Z INFO [1264/2500] 40ca7209-5d7e-475a-9ec8-6650c91bb61a: valid; 1.6 s; peak memory 7324 MiB.
2026-10-04T09:38:52Z WARNING 40cac2dc-ba1e-4c8b-be9d-161525ec3f30: failed while opening the NWB file (ConstructError: (root/acquisition/_iblmic_audioSpectrogram/bands GroupBuilder {'attributes': {'colnames': array(['freq'], dtype=object), 'description': 'spectogram frequencies', 'namespace': 'core', 'neurodata_type': 'FrequencyBandsTable', 'object_id': '1525e749-3f60-40e9-9e0e-3fa63968a568'}, 'groups': {}, 'datasets': {'freq': root/acquisition/_iblmic_audioSpectrogram/bands/freq DatasetBuilder {'attributes': {'description': 'frequency value', 'namespace': 'hdmf-common', 'neurodata_type': 'VectorData', 'object_id': '0ad01b9c-7d21-4ade-909c-9f131bfd9b2f'}, 'data': <HDF5 dataset "freq": shape (257,), type "<f4">}, 'id': root/acquisition/_iblmic_audioSpectrogram/bands/id DatasetBuilder {'attributes': {'namespace': 'hdmf-common', 'neurodata_type': 'ElementIdentifiers', 'object_id': '4f1d453a-3904-464f-b107-085c33c763e8'}, 'data': <HDF5 dataset "id": shape (257,), type "<i4">}}, 'links': {}}, "Could not construct FrequencyBandsTable object due to: column must have the same number of rows as 'id'"))
2026-10-04T09:38:54Z INFO [1266/2500] 40cb022c-977a-4f32-a893-93d1b91b12e4: valid; 1.3 s; peak memory 7324 MiB.
2026-10-04T09:38:55Z INFO [1267/2500] 40cb9e60-ead3-454a-81b9-13191ddac5c0: valid; 1.3 s; peak memory 7324 MiB.
2026-10-04T09:38:59Z INFO [1268/2500] 40cbae89-be3a-4d99-b059-f43ed3735ebd: valid; 4.2 s; peak memory 7352 MiB.
2026-10-04T09:39:00Z INFO [1269/2500] 40cbb23e-da94-4b99-adfa-0ce4e93e522a: not valid; 1.4 s; peak memory 7357 MiB.
2026-10-04T09:39:04Z INFO [1270/2500] 40cbc041-620e-4730-afdb-11457fc7490a: not valid; 3.1 s; peak memory 7361 MiB.
2026-10-04T09:40:06Z INFO [1271/2500] 40cbd77c-1e8e-459d-a498-0e193fc89696: valid; 62.3 s; peak memory 8455 MiB.
2026-10-04T09:40:07Z INFO [1272/2500] 40cc1238-7231-4191-946e-98391319706b: valid; 0.7 s; peak memory 8455 MiB.
2026-10-04T09:40:08Z INFO [1273/2500] 40cc53d1-1044-4496-be26-093047bd5160: valid; 1.5 s; peak memory 8455 MiB.
2026-10-04T09:40:11Z INFO [1274/2500] 40ccc6cc-8b59-4566-8637-f220deccebe9: not valid; 2.7 s; peak memory 8455 MiB.
2026-10-04T09:40:13Z INFO [1275/2500] 40ccca36-79e9-4c10-822b-8811d8f4b7ef: valid; 2.0 s; peak memory 8455 MiB.
2026-10-04T09:40:14Z WARNING 40cd0e69-9416-4029-a164-0a050e0aa1bc: failed while opening the NWB file (ConstructError: (root/acquisition/_iblmic_audioSpectrogram/bands GroupBuilder {'attributes': {'colnames': array(['freq'], dtype=object), 'description': 'spectogram frequencies', 'namespace': 'core', 'neurodata_type': 'FrequencyBandsTable', 'object_id': 'e902a2d4-a9f1-4594-af4c-e43ee24f5c5f'}, 'groups': {}, 'datasets': {'freq': root/acquisition/_iblmic_audioSpectrogram/bands/freq DatasetBuilder {'attributes': {'description': 'frequency value', 'namespace': 'hdmf-common', 'neurodata_type': 'VectorData', 'object_id': 'f6f50563-af3c-4452-bede-db35d1b35ffa'}, 'data': <HDF5 dataset "freq": shape (257,), type "<f4">}, 'id': root/acquisition/_iblmic_audioSpectrogram/bands/id DatasetBuilder {'attributes': {'namespace': 'hdmf-common', 'neurodata_type': 'ElementIdentifiers', 'object_id': '5f5368a6-23bc-4420-98ed-b021887df33b'}, 'data': <HDF5 dataset "id": shape (257,), type "<i4">}}, 'links': {}}, "Could not construct FrequencyBandsTable object due to: column must have the same number of rows as 'id'"))
2026-10-04T09:40:15Z INFO [1277/2500] 40cd2705-b8b8-4c2b-8d15-13ca5f9f2fea: valid; 0.8 s; peak memory 8455 MiB.
2026-10-04T09:40:19Z INFO [1278/2500] 40cd3cec-d47c-4ec1-9fca-118ed728c759: valid; 4.0 s; peak memory 8455 MiB.
2026-10-04T09:40:21Z INFO [1279/2500] 40cd565e-d9fd-4cdd-98a0-71b4f79210a2: not valid; 1.7 s; peak memory 8455 MiB.
2026-10-04T09:40:21Z INFO [1280/2500] 40ce5279-e0c6-499c-bcfe-d79914ffd9d4: valid; 0.5 s; peak memory 8455 MiB.
2026-10-04T09:40:22Z INFO [1281/2500] 40ce5ff6-8d95-4a69-a58e-fcbfcba36306: not valid; 1.0 s; peak memory 8455 MiB.
2026-10-04T09:40:24Z INFO [1282/2500] 40ce6930-2d48-4e6e-ac26-1f1500fa59cb: valid; 1.6 s; peak memory 8455 MiB.
2026-10-04T09:40:26Z INFO [1283/2500] 40ced6c4-d7f5-4055-bb94-ecb43b1d5f33: valid; 1.7 s; peak memory 8455 MiB.
2026-10-04T09:40:26Z INFO [1284/2500] 40cf05ee-4b0c-40ba-998d-d1215b98cd30: valid; 0.8 s; peak memory 8455 MiB.
2026-10-04T09:40:29Z INFO [1285/2500] 40cf781e-a9ad-42f7-95e2-0c799803135f: not valid; 3.0 s; peak memory 8455 MiB.
2026-10-04T09:40:32Z INFO [1286/2500] 40d0a64c-b85a-4afc-b576-483c1582de51: valid; 2.2 s; peak memory 8455 MiB.
2026-10-04T09:40:34Z INFO [1287/2500] 40d0bf90-c015-420f-b25e-5f44584ad178: not valid; 2.3 s; peak memory 8455 MiB.
2026-10-04T09:40:35Z INFO [1288/2500] 40d0f224-1912-4a2d-adc6-c89b6e58a727: valid; 0.7 s; peak memory 8455 MiB.
2026-10-04T09:40:42Z INFO [1289/2500] 40d15097-63bf-4308-832a-44bb15f4a3bd: valid; 7.1 s; peak memory 8455 MiB.
2026-10-04T09:40:53Z INFO [1290/2500] 40d1e26c-8981-46cf-ab80-5557ec8d1783: valid; 11.1 s; peak memory 8455 MiB.
2026-10-04T09:40:54Z INFO [1291/2500] 40d2b959-720c-4039-bd4b-9a2bb8870b89: valid; 1.0 s; peak memory 8455 MiB.
2026-10-04T09:40:55Z INFO [1292/2500] 40d476bf-6d86-4a72-8fce-77af3a96c51f: not valid; 1.2 s; peak memory 8455 MiB.
2026-10-04T09:40:57Z INFO [1293/2500] 40d4cffd-b1b0-4a0a-88ef-a9f6c27daa51: not valid; 1.5 s; peak memory 8455 MiB.
2026-10-04T09:40:58Z INFO [1294/2500] 40d55f7e-ddcb-439f-b405-0d9525f487bf: not valid; 1.2 s; peak memory 8455 MiB.
2026-10-04T09:40:59Z INFO [1295/2500] 40d581d9-c9c6-4172-9e71-166455ff0411: valid; 1.3 s; peak memory 8455 MiB.
2026-10-04T09:41:00Z INFO [1296/2500] 40d59576-c139-4066-a804-a82779eb9fd1: valid; 0.8 s; peak memory 8455 MiB.
2026-10-04T09:41:06Z INFO [1297/2500] 40d5d964-6f2f-423a-8374-aa8444d36ec6: valid; 6.0 s; peak memory 8455 MiB.
2026-10-04T09:41:08Z INFO [1298/2500] 40d61e8b-d2ce-4001-bf20-0092d1e5bae3: valid; 1.8 s; peak memory 8455 MiB.
2026-10-04T09:41:12Z INFO [1299/2500] 40d69562-389a-421d-8f1b-c445b496dacc: valid; 4.2 s; peak memory 8455 MiB.
2026-10-04T09:41:13Z INFO [1300/2500] 40d72896-219c-4b89-8230-5bbf3dfae537: valid; 0.8 s; peak memory 8455 MiB.
2026-10-04T09:41:13Z INFO [1300/2500] 40d72896-219c-4b89-8230-5bbf3dfae537: checkpointed 107310 records.
2026-10-04T09:41:19Z INFO [1301/2500] 40d734a9-6a4a-4e65-bf5d-fd6c78b2c849: valid; 5.5 s; peak memory 8455 MiB.
2026-10-04T09:41:20Z INFO [1302/2500] 40d79ac7-c1f4-4313-a803-78458245d661: not valid; 1.4 s; peak memory 8455 MiB.
2026-10-04T09:41:23Z INFO [1303/2500] 40d7f442-8923-4dd5-87cb-af432218c083: valid; 2.6 s; peak memory 8455 MiB.
2026-10-04T09:41:25Z INFO [1304/2500] 40d7fd7d-aa7a-41ed-85cc-757db9a77ac1: valid; 2.2 s; peak memory 8455 MiB.
2026-10-04T09:41:26Z INFO [1305/2500] 40d861d5-49dc-41a7-806e-8598394742fd: not valid; 1.2 s; peak memory 8455 MiB.
2026-10-04T09:41:27Z INFO [1306/2500] 40d8978f-7dcd-4542-a576-da73d83b87e8: not valid; 1.0 s; peak memory 8455 MiB.
2026-10-04T09:41:31Z INFO [1307/2500] 40d89de6-9f69-443d-835a-f6a1023b1c15: valid; 3.7 s; peak memory 8455 MiB.
2026-10-04T09:41:36Z INFO [1308/2500] 40d9460b-9307-44f7-80be-fd5ca26daa99: valid; 4.8 s; peak memory 8455 MiB.
2026-10-04T09:41:38Z INFO [1309/2500] 40d9a579-d200-430b-bd85-df91427d7f06: valid; 1.9 s; peak memory 8455 MiB.
2026-10-04T09:41:39Z INFO [1310/2500] 40d9f5a9-540b-4849-8310-04e05b11f111: valid; 1.2 s; peak memory 8455 MiB.
2026-10-04T09:41:54Z INFO [1311/2500] 40da35cc-7736-46fa-b857-d167a33b89b7: not valid; 15.0 s; peak memory 8455 MiB.
2026-10-04T09:41:56Z INFO [1312/2500] 40da4db9-3023-47d7-9c8a-345224cd538b: valid; 2.0 s; peak memory 8455 MiB.
2026-10-04T09:41:57Z INFO [1313/2500] 40db5111-8ef5-4d0a-9afb-5a4fd9057f82: not valid; 1.1 s; peak memory 8455 MiB.
2026-10-04T09:41:58Z INFO [1314/2500] 40dbfca1-5353-46de-88e9-336aea4c145f: valid; 0.8 s; peak memory 8455 MiB.
2026-10-04T09:41:59Z INFO [1315/2500] 40dc0616-ddc4-4d1f-b46e-ca6ead576bea: valid; 1.7 s; peak memory 8455 MiB.
2026-10-04T09:42:00Z INFO [1316/2500] 40dc38ed-5eb2-445e-9cf5-e7c4e5eb3eee: valid; 0.8 s; peak memory 8455 MiB.
2026-10-04T09:42:02Z INFO [1317/2500] 40dcd52a-e120-4ec7-af64-f8c33c892244: valid; 1.8 s; peak memory 8455 MiB.
2026-10-04T09:42:05Z INFO [1318/2500] 40dce04a-5ce7-4d3f-bc41-7acc753c50c4: valid; 2.8 s; peak memory 8455 MiB.
2026-10-04T09:42:07Z INFO [1319/2500] 40dd1310-5c4d-412c-8fc0-8beb2bc5538a: valid; 1.7 s; peak memory 8455 MiB.
2026-10-04T09:42:08Z INFO [1320/2500] 40dd17fe-965c-426a-83a4-004bdfd038ab: valid; 1.7 s; peak memory 8455 MiB.
2026-10-04T09:42:09Z INFO [1321/2500] 40dd66e8-7e6e-4bb3-b440-a3007c3419e1: valid; 0.7 s; peak memory 8455 MiB.
2026-10-04T09:42:10Z INFO [1322/2500] 40dd8e2b-407f-4a39-bd71-6b377f2ecc80: not valid; 1.2 s; peak memory 8455 MiB.
2026-10-04T09:42:11Z INFO [1323/2500] 40ddd4c2-cb6e-47bd-8037-df6a45711da1: valid; 0.8 s; peak memory 8455 MiB.
2026-10-04T09:42:11Z WARNING 40de593e-dd33-4985-9e26-2f5b764dfade: failed while retrieving asset information from the DANDI API (NotFoundError: No asset at path 'sub-714626/sub-714626_ses-1327655771_probe-0_ecephys.nwb' in version 0.250311.2145. Verify the path is correct and the asset exists in this version. Use 'dandi ls' to list available assets.)
2026-10-04T09:42:12Z INFO [1325/2500] 40deb917-a54b-4e5d-9e27-6f81060f2a31: valid; 0.8 s; peak memory 8455 MiB.
2026-10-04T09:42:14Z INFO [1326/2500] 40df0893-5ed1-43f4-bd66-c87f3ce62409: valid; 2.5 s; peak memory 8455 MiB.
2026-10-04T09:42:15Z INFO [1327/2500] 40df2f42-f073-443c-b879-dda4b7a0b9ae: not valid; 0.9 s; peak memory 8455 MiB.
2026-10-04T09:42:25Z INFO [1328/2500] 40df4909-fea2-4d80-b33e-ea3d38eba5b6: valid; 10.4 s; peak memory 8455 MiB.
2026-10-04T09:42:27Z INFO [1329/2500] 40df83a9-e900-41f4-a310-f3636fb8b1e7: valid; 1.2 s; peak memory 8455 MiB.
2026-10-04T09:42:32Z INFO [1330/2500] 40dfdd6f-d0bb-435e-8264-895d97c36bfd: valid; 5.2 s; peak memory 8455 MiB.
2026-10-04T09:42:33Z INFO [1331/2500] 40dfe770-410e-4b03-8009-34109dbccd06: valid; 0.9 s; peak memory 8455 MiB.
2026-10-04T09:42:34Z INFO [1332/2500] 40dffb9c-9bcf-47e5-8b17-29dd5d539167: valid; 1.4 s; peak memory 8455 MiB.
2026-10-04T09:42:44Z INFO [1333/2500] 40e00c51-f4ef-4ce0-91d3-4ace0a2f4829: not valid; 10.3 s; peak memory 8455 MiB.
2026-10-04T09:42:45Z INFO [1334/2500] 40e0b046-3fbb-4a21-a4ee-8eda6049aed6: valid; 0.8 s; peak memory 8455 MiB.
2026-10-04T09:42:46Z INFO [1335/2500] 40e0ded2-ac7e-46a0-8f9a-d32d997091e4: valid; 0.8 s; peak memory 8455 MiB.
2026-10-04T09:42:48Z INFO [1336/2500] 40e1a463-5eea-46c2-81a6-3ad74546ae55: valid; 1.6 s; peak memory 8455 MiB.
2026-10-04T09:42:49Z INFO [1337/2500] 40e1de67-0296-4662-918a-25977c1cb07f: valid; 1.7 s; peak memory 8455 MiB.
2026-10-04T09:43:00Z INFO [1338/2500] 40e2080b-261a-4cf5-b87a-d767ac2d4399: not valid; 10.7 s; peak memory 8455 MiB.
2026-10-04T09:43:01Z INFO [1339/2500] 40e2f8f1-53f7-4380-aee5-01ffbf4a2495: valid; 1.1 s; peak memory 8455 MiB.
2026-10-04T09:43:02Z INFO [1340/2500] 40e35517-9316-4393-823a-4ed584507677: valid; 1.5 s; peak memory 8490 MiB.
2026-10-04T09:43:05Z INFO [1341/2500] 40e37916-7636-40ea-b50c-472bafa6b878: valid; 2.7 s; peak memory 8490 MiB.
2026-10-04T09:43:06Z INFO [1342/2500] 40e399b6-cf18-4b7d-bc9f-e70d944150f9: not valid; 1.1 s; peak memory 8492 MiB.
2026-10-04T09:43:07Z INFO [1343/2500] 40e3ddb5-3a78-4095-841e-d64977655799: valid; 0.9 s; peak memory 8492 MiB.
2026-10-04T09:43:09Z INFO [1344/2500] 40e41bdc-3e63-4909-bfb0-64681cb88839: valid; 1.6 s; peak memory 8492 MiB.
2026-10-04T09:43:10Z INFO [1345/2500] 40e45f90-7f8b-4226-afc1-171d6375fc56: not valid; 1.0 s; peak memory 8492 MiB.
2026-10-04T09:43:10Z INFO [1346/2500] 40e4665b-b2c2-421b-82b7-e3e815c5a289: valid; 0.7 s; peak memory 8492 MiB.
2026-10-04T09:43:13Z INFO [1347/2500] 40e4f9ca-282d-4055-a9ce-45cedaaf47bb: valid; 2.7 s; peak memory 8492 MiB.
2026-10-04T09:43:15Z INFO [1348/2500] 40e52536-dabe-4b51-860c-40e70d97beee: valid; 2.1 s; peak memory 8492 MiB.
2026-10-04T09:43:17Z INFO [1349/2500] 40e52f7d-65a1-4418-ba60-cd4cba70b8d7: valid; 2.2 s; peak memory 8492 MiB.
2026-10-04T09:43:18Z INFO [1350/2500] 40e5a0a5-51b5-4110-b205-1c15eafd6843: not valid; 1.0 s; peak memory 8492 MiB.
2026-10-04T09:43:19Z INFO [1350/2500] 40e5a0a5-51b5-4110-b205-1c15eafd6843: checkpointed 107360 records.
2026-10-04T09:43:21Z INFO [1351/2500] 40e62d0d-c867-465e-88d0-35fa988530e0: valid; 1.8 s; peak memory 8492 MiB.
2026-10-04T09:43:22Z INFO [1352/2500] 40e6376a-4593-4299-b3f6-7aef45ae4d44: valid; 0.9 s; peak memory 8492 MiB.
2026-10-04T09:43:23Z INFO [1353/2500] 40e684ef-cfd7-45bc-b88d-19984c9850f9: valid; 1.6 s; peak memory 8492 MiB.
2026-10-04T09:43:25Z INFO [1354/2500] 40e6ffe2-95e4-4ecf-a5cd-4624573dc1f6: valid; 1.6 s; peak memory 8492 MiB.
2026-10-04T09:43:28Z INFO [1355/2500] 40e7260d-52bc-4228-aded-2bed2d05c2b3: valid; 3.4 s; peak memory 8510 MiB.
2026-10-04T09:43:32Z INFO [1356/2500] 40e799d1-999e-4754-b682-6bb79e208492: valid; 3.8 s; peak memory 8510 MiB.
2026-10-04T09:43:33Z INFO [1357/2500] 40e7bd7b-5625-474c-8101-f614d27b259b: not valid; 1.0 s; peak memory 8510 MiB.
2026-10-04T09:43:35Z INFO [1358/2500] 40e7c261-f3be-4af6-9fa5-035556f0e3ea: valid; 1.7 s; peak memory 8510 MiB.
2026-10-04T09:43:36Z INFO [1359/2500] 40e7d2c9-1291-4f7a-98e0-8a594b1abc93: valid; 0.8 s; peak memory 8510 MiB.
2026-10-04T09:43:37Z INFO [1360/2500] 40e807c6-f800-4531-adf7-45fda2b13269: not valid; 1.1 s; peak memory 8510 MiB.
2026-10-04T09:43:37Z INFO [1361/2500] 40e883e2-f31e-41e6-9816-ede77d38540b: not valid; 0.6 s; peak memory 8510 MiB.
2026-10-04T09:43:38Z INFO [1362/2500] 40ea913c-32be-4b9b-988b-60b7362f7df5: valid; 0.8 s; peak memory 8510 MiB.
2026-10-04T09:43:39Z INFO [1363/2500] 40eab330-4b9d-4914-afb5-2b622ce744d2: valid; 1.2 s; peak memory 8510 MiB.
2026-10-04T09:44:03Z INFO [1364/2500] 40eb159a-3fc4-4bca-8740-4fdfe469861b: not valid; 23.5 s; peak memory 8510 MiB.
2026-10-04T09:44:04Z INFO [1365/2500] 40ec037b-849c-4edc-8eaf-8e14503fa748: valid; 0.9 s; peak memory 8510 MiB.
2026-10-04T09:44:05Z WARNING 40ec09e0-4bf4-47be-b7bb-527771c23e50: failed while opening the NWB file (ConstructError: (root/acquisition/event_code_meanings GroupBuilder {'attributes': {'colnames': array(['value', 'meaning'], dtype=object), 'description': 'Mapping integer event codes to event labels', 'namespace': 'ndx-events', 'neurodata_type': 'MeaningsTable', 'object_id': '2338ec13-25aa-4200-845d-cb2ab5c3cbe7'}, 'groups': {}, 'datasets': {'id': root/acquisition/event_code_meanings/id DatasetBuilder {'attributes': {'namespace': 'hdmf-common', 'neurodata_type': 'ElementIdentifiers', 'object_id': '971f42e9-7b81-4feb-8c3f-7b365720859d'}, 'data': <HDF5 dataset "id": shape (26,), type "<i8">}, 'meaning': root/acquisition/event_code_meanings/meaning DatasetBuilder {'attributes': {'description': 'The meaning of the value in the parent CategoricalVectorData object.', 'namespace': 'hdmf-experimental', 'neurodata_type': 'VectorData', 'object_id': 'b5bfba2c-9bfd-4fbe-af0f-b3d9a81028ae'}, 'data': <StrDataset for HDF5 dataset "meaning": shape (26,), type "|O">}, 'value': root/acquisition/event_code_meanings/value DatasetBuilder {'attributes': {'description': 'The value of the parent CategoricalVectorData object.', 'namespace': 'hdmf-experimental', 'neurodata_type': 'VectorData', 'object_id': '8b3ecac6-38fa-4022-b8da-aec9cb80dd5d'}, 'data': <HDF5 dataset "value": shape (26,), type "<i8">}}, 'links': {}}, "Could not construct MeaningsTable object due to: MeaningsTable.__init__: missing argument 'target'"))
2026-10-04T09:44:09Z INFO [1367/2500] 40ece2b4-edaa-4c1e-8f82-93b7e2b07b60: valid; 4.2 s; peak memory 8510 MiB.
2026-10-04T09:44:10Z INFO [1368/2500] 40ed6c72-9791-4a19-8891-65d1fe5c8c15: valid; 1.3 s; peak memory 8510 MiB.
2026-10-04T09:44:13Z INFO [1369/2500] 40ed8223-0b68-4673-bea4-386d038b1be2: valid; 2.3 s; peak memory 8510 MiB.
2026-10-04T09:44:14Z INFO [1370/2500] 40eda076-8100-4c43-aab7-8b19b276cd9e: valid; 1.4 s; peak memory 8510 MiB.
2026-10-04T09:44:15Z INFO [1371/2500] 40edbfa8-99f4-48ed-a29a-7f6508c2c342: valid; 1.5 s; peak memory 8510 MiB.
2026-10-04T09:44:16Z INFO [1372/2500] 40edc854-5a12-4d82-8996-1849dd10f9b5: valid; 0.9 s; peak memory 8510 MiB.
2026-10-04T09:44:18Z INFO [1373/2500] 40ede2ba-ef48-4e25-adfa-ed5e3696290d: valid; 1.2 s; peak memory 8510 MiB.
2026-10-04T09:44:19Z INFO [1374/2500] 40ee1d84-b011-4b26-b9f1-4a824771045e: valid; 1.7 s; peak memory 8510 MiB.
2026-10-04T09:44:19Z WARNING 40eeb86d-4992-4ddc-a400-eddf644815dd: failed while retrieving asset information from the DANDI API (NotFoundError: No asset at path 'sub-EPCNHP1/sub-EPCNHP1_ses-2019-09-23-001_ecephys.nwb' in version 0.240701.1903. Verify the path is correct and the asset exists in this version. Use 'dandi ls' to list available assets.)
2026-10-04T09:44:21Z INFO [1376/2500] 40eed083-69b6-460a-b501-fc6318db5aca: valid; 1.2 s; peak memory 8510 MiB.
2026-10-04T09:44:22Z INFO [1377/2500] 40eed3a6-0080-4859-8da6-d52775f8f846: valid; 1.4 s; peak memory 8510 MiB.
2026-10-04T09:44:23Z INFO [1378/2500] 40eedf41-16af-41c9-8501-bfafbf3d81bc: not valid; 1.1 s; peak memory 8510 MiB.
2026-10-04T09:44:26Z INFO [1379/2500] 40eee9de-0e22-4a35-b772-6c7f904d34fa: valid; 2.6 s; peak memory 8510 MiB.
2026-10-04T09:44:27Z INFO [1380/2500] 40ef616b-9385-41e0-8b54-7578e682bad5: not valid; 1.0 s; peak memory 8510 MiB.
2026-10-04T09:44:29Z INFO [1381/2500] 40ef84e8-9ce7-4542-a288-71f820e407ac: valid; 1.9 s; peak memory 8510 MiB.
2026-10-04T09:44:44Z INFO [1382/2500] 40f005a1-8b9d-436c-969e-3997cc6854d6: valid; 14.9 s; peak memory 8510 MiB.
2026-10-04T09:44:44Z INFO [1383/2500] 40f084df-36f5-47be-b622-1191bb1e9379: valid; 0.9 s; peak memory 8510 MiB.
2026-10-04T09:44:45Z INFO [1384/2500] 40f10dc5-92b2-4d3a-b348-b973e06a5ab3: not valid; 1.0 s; peak memory 8510 MiB.
2026-10-04T09:44:47Z INFO [1385/2500] 40f16ccf-ba55-41d9-9504-4315fd8c7512: not valid; 1.2 s; peak memory 8510 MiB.
2026-10-04T09:44:48Z INFO [1386/2500] 40f191ee-8973-41db-a60e-1c274d6af32b: not valid; 1.2 s; peak memory 8510 MiB.
2026-10-04T09:44:49Z WARNING 40f1cc0a-d0cc-412e-b2db-1b973d2d59b9: failed while opening the NWB file (ConstructError: (root/acquisition/_iblmic_audioSpectrogram/bands GroupBuilder {'attributes': {'colnames': array(['freq'], dtype=object), 'description': 'spectogram frequencies', 'namespace': 'core', 'neurodata_type': 'FrequencyBandsTable', 'object_id': '0bfa4d22-7f13-41e4-94f4-ec9e72ac27c9'}, 'groups': {}, 'datasets': {'freq': root/acquisition/_iblmic_audioSpectrogram/bands/freq DatasetBuilder {'attributes': {'description': 'frequency value', 'namespace': 'hdmf-common', 'neurodata_type': 'VectorData', 'object_id': 'e8388d4c-88b0-4977-9414-221e85758277'}, 'data': <HDF5 dataset "freq": shape (257,), type "<f4">}, 'id': root/acquisition/_iblmic_audioSpectrogram/bands/id DatasetBuilder {'attributes': {'namespace': 'hdmf-common', 'neurodata_type': 'ElementIdentifiers', 'object_id': 'b3800f86-beea-4bc6-b344-23ed198bc3b9'}, 'data': <HDF5 dataset "id": shape (257,), type "<i4">}}, 'links': {}}, "Could not construct FrequencyBandsTable object due to: column must have the same number of rows as 'id'"))
2026-10-04T09:44:52Z INFO [1388/2500] 40f1dbfd-d276-45d1-80e7-ebba0ec00845: valid; 3.2 s; peak memory 8515 MiB.
2026-10-04T09:44:57Z INFO [1389/2500] 40f291df-e4ba-4866-9e9c-b6da97b4d65f: valid; 4.6 s; peak memory 8545 MiB.
2026-10-04T09:45:00Z INFO [1390/2500] 40f2fcde-38a9-4970-9927-ae675042c766: not valid; 2.6 s; peak memory 8556 MiB.
2026-10-04T09:45:02Z INFO [1391/2500] 40f41cf1-c14a-4c1d-a4ea-d0b2270e823b: valid; 2.4 s; peak memory 8559 MiB.
2026-10-04T09:45:07Z INFO [1392/2500] 40f4a57f-dcf8-424c-95ea-1d418fa45489: valid; 5.3 s; peak memory 8559 MiB.
2026-10-04T09:45:08Z INFO [1393/2500] 40f4ea97-6e05-48c4-b148-e4f29d9ab10a: not valid; 1.0 s; peak memory 8559 MiB.
2026-10-04T09:45:10Z INFO [1394/2500] 40f51deb-833e-43a8-bbb5-2dbab014f5ef: valid; 1.2 s; peak memory 8559 MiB.
2026-10-04T09:45:15Z INFO [1395/2500] 40f5686f-b02a-4bfd-8874-2f5265a3fe3d: valid; 5.2 s; peak memory 8559 MiB.
2026-10-04T09:45:16Z INFO [1396/2500] 40f57986-def2-406f-8137-ec6a3eb60958: not valid; 1.2 s; peak memory 8559 MiB.
2026-10-04T09:45:17Z INFO [1397/2500] 40f58e10-6882-4abc-8f8c-18561bc8fd1b: valid; 0.7 s; peak memory 8559 MiB.
2026-10-04T09:45:18Z INFO [1398/2500] 40f61c2d-8ba9-449f-94b1-a2f2ffbc1cb1: valid; 1.8 s; peak memory 8559 MiB.
2026-10-04T09:45:22Z INFO [1399/2500] 40f6856b-46b1-4531-9fb3-62c74e132a3d: valid; 3.5 s; peak memory 8559 MiB.
2026-10-04T09:45:23Z INFO [1400/2500] 40f69446-96a0-4987-b80f-b52b9a66ae72: valid; 0.7 s; peak memory 8559 MiB.
2026-10-04T09:45:23Z INFO [1400/2500] 40f69446-96a0-4987-b80f-b52b9a66ae72: checkpointed 107410 records.
2026-10-04T09:45:25Z INFO [1401/2500] 40f6dd5c-efdb-42bc-84d0-51c68da78a83: valid; 1.2 s; peak memory 8559 MiB.
2026-10-04T09:45:36Z INFO [1402/2500] 40f8002e-5888-4d08-b78b-86e3e5527fd6: not valid; 11.3 s; peak memory 8559 MiB.
2026-10-04T09:45:40Z INFO [1403/2500] 40f84f03-cc67-414a-a00d-cfa35fcc7aa2: valid; 4.0 s; peak memory 8559 MiB.
2026-10-04T09:45:41Z INFO [1404/2500] 40f85c0e-0294-42d5-9829-5b51ac4978a1: valid; 0.8 s; peak memory 8559 MiB.
2026-10-04T09:45:43Z INFO [1405/2500] 40f89f3e-368c-435e-be6d-28af994445e9: valid; 2.1 s; peak memory 8559 MiB.
2026-10-04T09:45:44Z INFO [1406/2500] 40f9081d-cf35-449e-b99f-9b5f2b345d7b: valid; 1.2 s; peak memory 8559 MiB.
2026-10-04T09:45:46Z INFO [1407/2500] 40f97e9b-ead1-4eee-b0fb-1e6746a3a2ab: valid; 2.0 s; peak memory 8559 MiB.
2026-10-04T09:45:47Z INFO [1408/2500] 40f9a341-ce92-49ec-ad6e-c5223bcf5fb9: not valid; 1.0 s; peak memory 8559 MiB.
2026-10-04T09:45:51Z INFO [1409/2500] 40f9abc6-a4a2-438b-b414-e3de1a412262: not valid; 4.0 s; peak memory 8559 MiB.
2026-10-04T09:45:52Z WARNING 40fa2eb6-a73b-4008-ba75-5a5913293d9c: failed while opening the NWB file (ConstructError: (root/acquisition/_iblmic_audioSpectrogram/bands GroupBuilder {'attributes': {'colnames': array(['freq'], dtype=object), 'description': 'spectogram frequencies', 'namespace': 'core', 'neurodata_type': 'FrequencyBandsTable', 'object_id': '27ed3fb0-e218-4cd7-bc11-a251fe2b4663'}, 'groups': {}, 'datasets': {'freq': root/acquisition/_iblmic_audioSpectrogram/bands/freq DatasetBuilder {'attributes': {'description': 'frequency value', 'namespace': 'hdmf-common', 'neurodata_type': 'VectorData', 'object_id': '65aa7794-d46a-419e-a4e3-6bd9a866ccf0'}, 'data': <HDF5 dataset "freq": shape (257,), type "<f4">}, 'id': root/acquisition/_iblmic_audioSpectrogram/bands/id DatasetBuilder {'attributes': {'namespace': 'hdmf-common', 'neurodata_type': 'ElementIdentifiers', 'object_id': '60dab22c-ba83-4f2a-b640-5c1923ad23e8'}, 'data': <HDF5 dataset "id": shape (257,), type "<i4">}}, 'links': {}}, "Could not construct FrequencyBandsTable object due to: column must have the same number of rows as 'id'"))
2026-10-04T09:45:53Z INFO [1411/2500] 40fa4cb4-abe5-4e9c-9f9d-32aca0558f93: valid; 0.8 s; peak memory 8559 MiB.
2026-10-04T09:45:54Z INFO [1412/2500] 40fb340b-1a24-4849-9900-84b572b732bb: not valid; 1.1 s; peak memory 8559 MiB.
2026-10-04T09:45:56Z INFO [1413/2500] 40fbc502-7f29-43b7-b977-17af3fdde463: valid; 1.8 s; peak memory 8559 MiB.
2026-10-04T09:45:58Z INFO [1414/2500] 40fc5a90-824a-4af9-bd4e-6258825ec0fb: not valid; 1.4 s; peak memory 8559 MiB.
2026-10-04T09:45:59Z INFO [1415/2500] 40fc7ace-9cd4-4695-8a04-4e6b833f6f4a: valid; 1.9 s; peak memory 8559 MiB.
2026-10-04T09:46:01Z INFO [1416/2500] 40fc80cb-84d9-410a-a4dd-02983a0530ff: valid; 2.0 s; peak memory 8559 MiB.
2026-10-04T09:46:03Z INFO [1417/2500] 40fd0287-988a-4b7b-9527-bed08303f98a: valid; 1.9 s; peak memory 8559 MiB.
2026-10-04T09:46:04Z INFO [1418/2500] 40fd1556-4e54-493f-8c3c-c5b27c7858a7: not valid; 1.1 s; peak memory 8559 MiB.
2026-10-04T09:46:07Z INFO [1419/2500] 40fd82ae-9667-4d3b-b2f9-1ed4e6810981: not valid; 2.2 s; peak memory 8559 MiB.
2026-10-04T09:46:08Z INFO [1420/2500] 40fe7754-f314-46de-a691-c38ccade76a8: valid; 1.5 s; peak memory 8559 MiB.
2026-10-04T09:46:09Z INFO [1421/2500] 40feed04-1381-49bb-ab1f-0a21a8baab89: valid; 1.3 s; peak memory 8559 MiB.
2026-10-04T09:46:11Z INFO [1422/2500] 40ff4a40-d26c-4c4d-a29a-578ba1ca6a4a: valid; 1.9 s; peak memory 8559 MiB.
2026-10-04T09:46:14Z INFO [1423/2500] 40ff5689-f7e3-4a1f-8e0b-cd8fc574b0d1: valid; 2.9 s; peak memory 8559 MiB.
2026-10-04T09:46:15Z INFO [1424/2500] 40fff543-0472-4244-aa21-7ee7d29a5753: valid; 0.7 s; peak memory 8559 MiB.
2026-10-04T09:46:22Z INFO [1425/2500] 41008ff2-8217-4853-b78b-090499f391b0: valid; 7.1 s; peak memory 8559 MiB.
2026-10-04T09:46:23Z INFO [1426/2500] 4100f260-827c-416c-a662-3e416b5248e5: valid; 1.0 s; peak memory 8559 MiB.
2026-10-04T09:46:24Z INFO [1427/2500] 4101c92b-c18e-4b23-a35d-dd30984440b6: not valid; 0.8 s; peak memory 8559 MiB.
2026-10-04T09:46:25Z INFO [1428/2500] 41032d79-9f4b-4945-9ff5-8858192b0adf: valid; 1.1 s; peak memory 8559 MiB.
2026-10-04T09:46:26Z INFO [1429/2500] 4103a61c-4902-49e6-b46d-828ce488bc51: not valid; 0.9 s; peak memory 8559 MiB.
2026-10-04T09:46:29Z INFO [1430/2500] 4103f403-19c2-45e5-ad75-dafd26aaf2ff: valid; 3.0 s; peak memory 8559 MiB.
2026-10-04T09:46:30Z INFO [1431/2500] 41041564-f6a1-4cce-be48-a1fd6127344a: valid; 0.8 s; peak memory 8559 MiB.
2026-10-04T09:46:30Z INFO [1432/2500] 41049fdb-8e81-4534-9ae2-d83f19c4df81: valid; 0.6 s; peak memory 8559 MiB.
2026-10-04T09:46:36Z INFO [1433/2500] 41051abe-f4bb-4bc8-b440-511a01acb351: valid; 5.8 s; peak memory 8559 MiB.
2026-10-04T09:46:37Z INFO [1434/2500] 410559e7-c1d9-4675-9c10-50cd487d2289: valid; 1.0 s; peak memory 8559 MiB.
2026-10-04T09:46:38Z INFO [1435/2500] 4105daae-34ab-4840-9e00-e64c5fb67ba4: valid; 0.8 s; peak memory 8559 MiB.
2026-10-04T09:46:41Z INFO [1436/2500] 41064d67-21c4-4da4-a5fe-7e2dd0f408a3: valid; 3.2 s; peak memory 8559 MiB.
2026-10-04T09:46:43Z INFO [1437/2500] 41066f66-755b-4c8b-9ec7-ad164c672af5: valid; 1.9 s; peak memory 8559 MiB.
2026-10-04T09:46:51Z INFO [1438/2500] 4106994c-52ab-4fd5-802b-7d15cdce4c10: valid; 8.4 s; peak memory 8559 MiB.
2026-10-04T09:46:52Z INFO [1439/2500] 4107820d-0d36-4db6-8a8e-b60d924c8352: valid; 1.3 s; peak memory 8559 MiB.
2026-10-04T09:46:54Z INFO [1440/2500] 4107f48c-9512-4d9f-bf66-1542be42050e: valid; 1.2 s; peak memory 8559 MiB.
2026-10-04T09:46:54Z INFO [1441/2500] 41086bbb-ce02-4e31-9dfd-f85d74122cd4: valid; 0.7 s; peak memory 8559 MiB.
2026-10-04T09:46:58Z INFO [1442/2500] 4108ee9e-46db-4701-a2c8-f17687d6f85f: valid; 3.5 s; peak memory 8559 MiB.
2026-10-04T09:46:58Z INFO [1443/2500] 4109c3ec-03d2-495b-ada2-9952dcc0d90a: valid; 0.7 s; peak memory 8559 MiB.
2026-10-04T09:47:05Z INFO [1444/2500] 4109ec53-2358-4396-8a99-d9bba74d88bc: not valid; 6.9 s; peak memory 8559 MiB.
2026-10-04T09:47:06Z INFO [1445/2500] 410a559f-5a24-4fe1-8f22-2b624f9fe6b5: not valid; 1.0 s; peak memory 8559 MiB.
2026-10-04T09:47:07Z INFO [1446/2500] 410a6cd9-5e0f-4643-acf8-bc33ec3dc64e: valid; 0.9 s; peak memory 8559 MiB.
2026-10-04T09:47:13Z INFO [1447/2500] 410a7088-5c54-49de-bfb2-10234d9f7f17: valid; 5.7 s; peak memory 8559 MiB.
2026-10-04T09:47:18Z INFO [1448/2500] 410bfc25-d2c6-4aee-ad97-59b26a0247fe: not valid; 5.5 s; peak memory 8559 MiB.
2026-10-04T09:47:19Z INFO [1449/2500] 410c613b-aabe-4dce-b772-98aa7c688b93: valid; 0.8 s; peak memory 8559 MiB.
2026-10-04T09:47:28Z INFO [1450/2500] 410c6f72-9828-40bd-800f-c53d0d136bd9: valid; 8.5 s; peak memory 8559 MiB.
2026-10-04T09:47:29Z INFO [1450/2500] 410c6f72-9828-40bd-800f-c53d0d136bd9: checkpointed 107460 records.
2026-10-04T09:47:30Z INFO [1451/2500] 410ce5da-63e4-4fb6-85a1-b5047b008d87: not valid; 1.2 s; peak memory 8559 MiB.
2026-10-04T09:47:31Z INFO [1452/2500] 410d6044-4a75-4e47-bf09-5423631f8a8c: not valid; 1.1 s; peak memory 8559 MiB.
2026-10-04T09:47:32Z INFO [1453/2500] 410d86c8-c419-46a0-b79f-f2721a7c35f6: valid; 0.9 s; peak memory 8559 MiB.
2026-10-04T09:47:32Z INFO [1454/2500] 410e3bb2-9fb5-4552-a9a0-c2d5c40cab2e: valid; 0.7 s; peak memory 8559 MiB.
2026-10-04T09:47:33Z INFO [1455/2500] 410e7882-dc16-40d5-93f4-87119d955ac0: not valid; 0.9 s; peak memory 8559 MiB.
2026-10-04T09:47:35Z INFO [1456/2500] 410ea054-17a6-433f-a615-67e57402c957: not valid; 1.4 s; peak memory 8559 MiB.
2026-10-04T09:47:36Z INFO [1457/2500] 410ec536-22c2-42a5-a88f-e90e23d7d29d: valid; 0.9 s; peak memory 8559 MiB.
2026-10-04T09:47:37Z INFO [1458/2500] 410ecc3d-a670-4161-bb89-b0123bc9faa2: valid; 1.6 s; peak memory 8559 MiB.
2026-10-04T09:47:38Z INFO [1459/2500] 410f1dfb-4149-4cbd-8dc6-5978e6f355bd: valid; 0.9 s; peak memory 8559 MiB.
2026-10-04T09:47:39Z INFO [1460/2500] 410f3790-385d-4ed2-87e0-ff0d9d13c14a: valid; 1.1 s; peak memory 8559 MiB.
2026-10-04T09:47:44Z INFO [1461/2500] 410f8099-d65d-4df1-ab05-3707c6ce9e07: not valid; 5.2 s; peak memory 8559 MiB.
2026-10-04T09:47:47Z INFO [1462/2500] 410fa6e2-534a-45a0-8d22-eaacfde04a67: valid; 2.3 s; peak memory 8559 MiB.
2026-10-04T09:47:48Z INFO [1463/2500] 410fc125-1ab3-4ab8-9626-296f258c4081: valid; 1.0 s; peak memory 8559 MiB.
2026-10-04T09:47:48Z INFO [1464/2500] 410ff715-0548-4598-8414-85ad02d2eb92: not valid; 0.8 s; peak memory 8559 MiB.
2026-10-04T09:47:48Z WARNING 41100f45-f7cd-4b80-9e66-cbfa285636aa: failed while retrieving asset information from the DANDI API (NotFoundError: No asset at path 'sub-healthy-simulated-lfp/sub-healthy-simulated-lfp_ses-9494_ecephys.nwb' in version 0.250327.2220. Verify the path is correct and the asset exists in this version. Use 'dandi ls' to list available assets.)
2026-10-04T09:47:49Z WARNING 41107720-5902-4b57-9c5d-bdf7f8531571: failed while retrieving asset information from the DANDI API (NotFoundError: No asset at path 'sub-669489/sub-669489_ses-behavior-669489-2023-07-04-14-24-45.nwb' in version 0.260928.2230. Verify the path is correct and the asset exists in this version. Use 'dandi ls' to list available assets.)
2026-10-04T09:47:49Z INFO [1467/2500] 4110ff53-73f1-4fa8-b2fc-db92c830a6c6: valid; 0.8 s; peak memory 8559 MiB.
2026-10-04T09:47:50Z INFO [1468/2500] 41112906-6857-4c4e-be75-eac3773e6a51: not valid; 0.7 s; peak memory 8559 MiB.
2026-10-04T09:47:53Z INFO [1469/2500] 41114a74-e53e-4763-ba6c-4841dac31c2e: valid; 3.0 s; peak memory 8559 MiB.
2026-10-04T09:47:55Z WARNING 411151bd-e1bf-4e6f-9f3d-2abba63399d2: failed while opening the NWB file (ConstructError: (root/acquisition/_iblmic_audioSpectrogram/bands GroupBuilder {'attributes': {'colnames': array(['freq'], dtype=object), 'description': 'spectogram frequencies', 'namespace': 'core', 'neurodata_type': 'FrequencyBandsTable', 'object_id': '9e88143b-ac22-4438-a20c-56b54190680e'}, 'groups': {}, 'datasets': {'freq': root/acquisition/_iblmic_audioSpectrogram/bands/freq DatasetBuilder {'attributes': {'description': 'frequency value', 'namespace': 'hdmf-common', 'neurodata_type': 'VectorData', 'object_id': 'bd8ddef2-dcf8-4aff-8fd3-9f2f5964b27c'}, 'data': <HDF5 dataset "freq": shape (257,), type "<f4">}, 'id': root/acquisition/_iblmic_audioSpectrogram/bands/id DatasetBuilder {'attributes': {'namespace': 'hdmf-common', 'neurodata_type': 'ElementIdentifiers', 'object_id': '90f00731-6a4e-4efc-8caa-949b5e9f7328'}, 'data': <HDF5 dataset "id": shape (257,), type "<i4">}}, 'links': {}}, "Could not construct FrequencyBandsTable object due to: column must have the same number of rows as 'id'"))
2026-10-04T09:47:56Z INFO [1471/2500] 4111905c-e878-4161-9d6f-f1e4c309333a: not valid; 1.1 s; peak memory 8559 MiB.
2026-10-04T09:47:57Z INFO [1472/2500] 41127209-4707-4eda-af39-38daa4b89475: valid; 1.2 s; peak memory 8559 MiB.
2026-10-04T09:47:58Z INFO [1473/2500] 41129e2f-383c-4b8b-917f-4b61a4eee0a5: not valid; 1.1 s; peak memory 8559 MiB.
2026-10-04T09:47:59Z INFO [1474/2500] 4113ff6b-661e-436d-8bf9-61bee7c69b76: valid; 0.9 s; peak memory 8559 MiB.
2026-10-04T09:48:00Z INFO [1475/2500] 41140b66-e8e1-4834-81b7-de03966bce20: not valid; 1.0 s; peak memory 8559 MiB.
2026-10-04T09:48:01Z INFO [1476/2500] 41144edc-3f7a-482c-895d-6d4375f57c2a: not valid; 1.1 s; peak memory 8559 MiB.
2026-10-04T09:48:02Z INFO [1477/2500] 4114931a-70f0-431f-99ea-d509242ddf8e: valid; 1.2 s; peak memory 8559 MiB.
2026-10-04T09:48:03Z INFO [1478/2500] 4114cdaf-eecc-44ba-8929-9b9ca4b3a8d6: not valid; 0.9 s; peak memory 8559 MiB.
2026-10-04T09:48:05Z INFO [1479/2500] 4114d74d-4406-4cd4-a41a-c12d4e769a0f: valid; 2.2 s; peak memory 8559 MiB.
2026-10-04T09:48:07Z INFO [1480/2500] 4114db80-1bf5-4cbf-a4e0-1f193e11bc30: valid; 1.9 s; peak memory 8559 MiB.
2026-10-04T09:48:08Z INFO [1481/2500] 4115a76b-1c0f-48ae-88d2-5a2b7a0dffd5: valid; 1.0 s; peak memory 8559 MiB.
2026-10-04T09:48:19Z INFO [1482/2500] 4115faee-36ad-4a16-97c8-f2cf0003fbcb: valid; 10.4 s; peak memory 8559 MiB.
2026-10-04T09:48:19Z INFO [1483/2500] 41166ae1-03bc-4c73-8680-fc147f0d5731: valid; 0.8 s; peak memory 8559 MiB.
2026-10-04T09:48:23Z INFO [1484/2500] 411707d8-a35d-48c0-8be3-9b2326dccbc1: valid; 3.6 s; peak memory 8559 MiB.
2026-10-04T09:48:23Z WARNING 41174b2b-eb35-4a12-8a9c-e1759f23798f: failed while retrieving asset information from the DANDI API (NotFoundError: No such Dandiset: 000561)
2026-10-04T09:48:24Z INFO [1486/2500] 411820cd-33a5-4c36-9bc7-81afafba668a: valid; 1.2 s; peak memory 8559 MiB.
2026-10-04T09:48:27Z INFO [1487/2500] 41185935-0131-4687-95cc-572604104a0c: valid; 2.9 s; peak memory 8559 MiB.
2026-10-04T09:48:29Z INFO [1488/2500] 41187a8e-172c-41f9-96cc-a4a253c55eee: valid; 2.0 s; peak memory 8559 MiB.
2026-10-04T09:48:30Z INFO [1489/2500] 4118fdb7-4010-4b55-91c2-7e2bc92588ce: valid; 0.9 s; peak memory 8559 MiB.
2026-10-04T09:48:30Z INFO [1490/2500] 41196c0d-600c-4669-a1e5-f290733b63b0: valid; 0.5 s; peak memory 8559 MiB.
2026-10-04T09:48:31Z INFO [1491/2500] 41197d13-62a8-43ce-8779-b5f8ce730061: valid; 0.6 s; peak memory 8559 MiB.
2026-10-04T09:48:32Z INFO [1492/2500] 41198de2-3c79-4981-9944-5fb61a293877: valid; 1.1 s; peak memory 8559 MiB.
2026-10-04T09:48:33Z INFO [1493/2500] 4119a374-627a-44dc-9b72-826130ce3806: not valid; 1.0 s; peak memory 8559 MiB.
2026-10-04T09:48:34Z INFO [1494/2500] 411a6f7b-2113-40df-8076-0b98ca30e007: not valid; 0.9 s; peak memory 8559 MiB.
2026-10-04T09:48:35Z INFO [1495/2500] 411a8865-60f6-4984-8b92-6301c5babdf9: valid; 0.7 s; peak memory 8559 MiB.
2026-10-04T09:48:36Z INFO [1496/2500] 411abfe9-2103-45e5-b3f0-7e6d452c6227: valid; 0.9 s; peak memory 8559 MiB.
2026-10-04T09:48:37Z INFO [1497/2500] 411ad191-4fb8-4972-9ae2-16d47b86aa8f: not valid; 1.0 s; peak memory 8559 MiB.
2026-10-04T09:48:37Z INFO [1498/2500] 411af500-8787-47ca-b172-d8f062de17d2: valid; 0.7 s; peak memory 8559 MiB.
2026-10-04T09:48:38Z INFO [1499/2500] 411b155b-9628-46d7-9c91-cd11dbc6331b: valid; 0.7 s; peak memory 8559 MiB.
2026-10-04T09:48:39Z INFO [1500/2500] 411b1cdd-14fa-4443-9a54-946fb5672692: not valid; 1.2 s; peak memory 8559 MiB.
2026-10-04T09:48:40Z INFO [1500/2500] 411b1cdd-14fa-4443-9a54-946fb5672692: checkpointed 107510 records.
2026-10-04T09:48:41Z INFO [1501/2500] 411b332b-fa3d-4d16-930c-f2ca520a82f8: valid; 0.8 s; peak memory 8559 MiB.
2026-10-04T09:48:42Z INFO [1502/2500] 411b4e42-a60b-4abe-a92e-cd28f4861945: valid; 1.6 s; peak memory 8559 MiB.
2026-10-04T09:48:46Z INFO [1503/2500] 411be970-9564-4f96-8c30-7088a197c0d5: valid; 3.4 s; peak memory 8559 MiB.
2026-10-04T09:48:47Z INFO [1504/2500] 411c546c-de13-4fec-921e-460b35989343: not valid; 0.7 s; peak memory 8559 MiB.
2026-10-04T09:48:48Z INFO [1505/2500] 411c6be7-cd82-47cd-acbe-2f156023966b: valid; 1.3 s; peak memory 8559 MiB.
2026-10-04T09:48:49Z INFO [1506/2500] 411d31f3-6690-4b06-a6e5-ede4fdc7c31c: valid; 0.9 s; peak memory 8559 MiB.
2026-10-04T09:48:50Z INFO [1507/2500] 411d8753-e0d9-48b3-b198-41cd9f08ff04: valid; 0.9 s; peak memory 8559 MiB.
2026-10-04T09:48:53Z INFO [1508/2500] 411daae1-0626-4b34-8334-49bb7da045ce: valid; 3.2 s; peak memory 8559 MiB.
2026-10-04T09:49:03Z INFO [1509/2500] 411f0229-8ad8-46ae-bb89-a2e9a4593d24: not valid; 10.1 s; peak memory 8559 MiB.
2026-10-04T09:49:04Z INFO [1510/2500] 411f76d2-eb49-4774-a91a-72fb3e95fb85: valid; 0.9 s; peak memory 8559 MiB.
2026-10-04T09:49:05Z INFO [1511/2500] 411f9c40-c253-4db0-b39b-97ed5e78b10c: valid; 1.6 s; peak memory 8559 MiB.
2026-10-04T09:49:07Z INFO [1512/2500] 41200410-356a-441d-b42e-a2d55a01aa6f: valid; 1.5 s; peak memory 8559 MiB.
2026-10-04T09:49:08Z INFO [1513/2500] 41203bb3-326e-4861-a3cc-4de1130f86ea: valid; 0.8 s; peak memory 8559 MiB.
2026-10-04T09:49:22Z INFO [1514/2500] 4120c525-e869-448a-bf88-7837cae72d76: valid; 14.4 s; peak memory 8559 MiB.
2026-10-04T09:49:24Z INFO [1515/2500] 412115cb-961e-4861-b2ed-0fe46722ae41: valid; 2.2 s; peak memory 8559 MiB.
2026-10-04T09:49:32Z INFO [1516/2500] 4121c0eb-678c-4ee9-8c96-925a82b762c0: valid; 7.3 s; peak memory 8559 MiB.
2026-10-04T09:49:34Z INFO [1517/2500] 4122009c-8ccd-46a5-a976-fbaf396554d9: valid; 2.2 s; peak memory 8559 MiB.
2026-10-04T09:49:44Z INFO [1518/2500] 41225926-b243-43ea-bea9-149d49e4a4b7: valid; 10.5 s; peak memory 8559 MiB.
2026-10-04T09:49:46Z INFO [1519/2500] 41227c7f-7aaf-4466-a8ce-de19dfaa4c01: valid; 1.7 s; peak memory 8559 MiB.
2026-10-04T09:49:48Z INFO [1520/2500] 41238aab-8ce3-4180-b6f2-2cbfc6e327d3: valid; 2.1 s; peak memory 8559 MiB.
2026-10-04T09:49:49Z WARNING 41238b38-2308-4ae7-acd5-e866a5cafa7c: failed while opening the NWB file (ConstructError: (root/acquisition/_iblmic_audioSpectrogram/bands GroupBuilder {'attributes': {'colnames': array(['freq'], dtype=object), 'description': 'spectogram frequencies', 'namespace': 'core', 'neurodata_type': 'FrequencyBandsTable', 'object_id': '16a4cf31-8ec4-4a45-8d75-d6fd68ee8962'}, 'groups': {}, 'datasets': {'freq': root/acquisition/_iblmic_audioSpectrogram/bands/freq DatasetBuilder {'attributes': {'description': 'frequency value', 'namespace': 'hdmf-common', 'neurodata_type': 'VectorData', 'object_id': '51ee3b0d-ffeb-4b4c-993e-31d1a4a03655'}, 'data': <HDF5 dataset "freq": shape (257,), type "<f4">}, 'id': root/acquisition/_iblmic_audioSpectrogram/bands/id DatasetBuilder {'attributes': {'namespace': 'hdmf-common', 'neurodata_type': 'ElementIdentifiers', 'object_id': '6e85b8b4-9f57-4409-b600-f7e2e5ac4280'}, 'data': <HDF5 dataset "id": shape (257,), type "<i4">}}, 'links': {}}, "Could not construct FrequencyBandsTable object due to: column must have the same number of rows as 'id'"))
2026-10-04T09:49:51Z INFO [1522/2500] 41248df6-a5de-4a3a-827d-904e16a425de: valid; 1.6 s; peak memory 8559 MiB.
2026-10-04T09:49:54Z INFO [1523/2500] 4124b018-b40a-4c94-80ac-a884fe6f8ddf: valid; 3.1 s; peak memory 8559 MiB.
2026-10-04T09:49:57Z INFO [1524/2500] 4124dec3-9a1a-4183-813b-cf98b6ce6327: valid; 2.5 s; peak memory 8559 MiB.
2026-10-04T09:49:59Z INFO [1525/2500] 4124e3b5-fef0-4b13-a8a4-866d32f09047: valid; 2.0 s; peak memory 8559 MiB.
2026-10-04T09:50:00Z INFO [1526/2500] 4125bdbb-4068-4ab1-80cd-ea080c2fd972: not valid; 1.1 s; peak memory 8559 MiB.
2026-10-04T09:50:00Z WARNING 4126ac7b-f8ed-4771-8b7c-7681fdf1ea89: failed while retrieving asset information from the DANDI API (NotFoundError: No such Dandiset: 001533)
2026-10-04T09:50:02Z INFO [1528/2500] 41274e1c-db9d-47e7-bdbb-a8871e99e592: valid; 2.0 s; peak memory 8559 MiB.
2026-10-04T09:50:04Z INFO [1529/2500] 41274f56-84d8-4507-bb7f-a06bcfb6c401: valid; 1.8 s; peak memory 8559 MiB.
2026-10-04T09:50:05Z INFO [1530/2500] 41279d07-fc78-4648-ad8c-284a4b9209db: valid; 1.1 s; peak memory 8559 MiB.
2026-10-04T09:50:06Z INFO [1531/2500] 4127c1bd-531e-49dd-9b52-b3574a074d20: valid; 0.9 s; peak memory 8559 MiB.
2026-10-04T09:50:06Z INFO [1532/2500] 4127faa1-aae6-46ec-8624-f57896bb63ef: valid; 0.7 s; peak memory 8559 MiB.
2026-10-04T09:50:07Z INFO [1533/2500] 41286a97-5720-4e30-a038-29ac34f421d0: valid; 0.6 s; peak memory 8559 MiB.
2026-10-04T09:50:08Z INFO [1534/2500] 41288579-4120-4670-9741-c78bc4e9d4a3: valid; 0.8 s; peak memory 8559 MiB.
2026-10-04T09:50:10Z INFO [1535/2500] 4128fd05-acc4-4443-b1b8-46e7ecf0bb34: not valid; 2.3 s; peak memory 8559 MiB.
2026-10-04T09:50:11Z INFO [1536/2500] 412a18f8-8d39-4a37-8b3c-229ccc477d1d: valid; 1.1 s; peak memory 8559 MiB.
2026-10-04T09:50:11Z INFO [1537/2500] 412a393e-2c44-4549-8850-0fb454f25a8f: valid; 0.5 s; peak memory 8559 MiB.
2026-10-04T09:50:16Z INFO [1538/2500] 412a4866-f010-462a-86a7-9b286fc8a961: valid; 5.0 s; peak memory 8559 MiB.
2026-10-04T09:50:17Z INFO [1539/2500] 412a6412-d107-42ad-910a-5765e0e2984b: valid; 0.7 s; peak memory 8559 MiB.
2026-10-04T09:50:18Z INFO [1540/2500] 412aeb86-9941-41e5-a873-2ee2729baa12: not valid; 1.1 s; peak memory 8559 MiB.
2026-10-04T09:50:19Z INFO [1541/2500] 412b25e4-1261-4f70-908a-435c38cbafa6: valid; 1.2 s; peak memory 8559 MiB.
2026-10-04T09:50:20Z INFO [1542/2500] 412c2bd8-90eb-4799-9dd2-31215c3acbd5: valid; 0.8 s; peak memory 8559 MiB.
2026-10-04T09:50:22Z INFO [1543/2500] 412c4a94-7196-48dd-8739-0effa393e9fb: valid; 1.6 s; peak memory 8559 MiB.
2026-10-04T09:50:26Z INFO [1544/2500] 412c55d2-6946-437b-bf70-5a4519722611: not valid; 4.7 s; peak memory 8559 MiB.
2026-10-04T09:50:27Z INFO [1545/2500] 412c86da-5e27-462d-ba09-d3a570554388: not valid; 0.9 s; peak memory 8559 MiB.
2026-10-04T09:50:28Z INFO [1546/2500] 412ce0d9-b16d-494d-be04-ab6cb7e10285: valid; 0.8 s; peak memory 8559 MiB.
2026-10-04T09:50:29Z INFO [1547/2500] 412d3c1e-e07c-459a-a3d6-653f97e2870f: not valid; 1.3 s; peak memory 8559 MiB.
2026-10-04T09:50:31Z INFO [1548/2500] 412d457d-c2a1-4b2a-875e-b4de1c5cd131: valid; 1.8 s; peak memory 8559 MiB.
2026-10-04T09:50:32Z INFO [1549/2500] 412d4e9d-628d-4077-8865-ece0045b9b7b: valid; 1.2 s; peak memory 8559 MiB.
2026-10-04T09:50:33Z INFO [1550/2500] 412e2999-d2df-42ea-8613-51a4c7c39550: not valid; 1.0 s; peak memory 8559 MiB.
2026-10-04T09:50:34Z INFO [1550/2500] 412e2999-d2df-42ea-8613-51a4c7c39550: checkpointed 107560 records.
2026-10-04T09:50:36Z WARNING 412e7893-b8b4-49e7-af58-57ae5dec807e: failed while opening the NWB file (ConstructError: (root/acquisition/_iblmic_audioSpectrogram/bands GroupBuilder {'attributes': {'colnames': array(['freq'], dtype=object), 'description': 'spectogram frequencies', 'namespace': 'core', 'neurodata_type': 'FrequencyBandsTable', 'object_id': 'c85aed25-f4c7-43a0-b11a-06f26f834d09'}, 'groups': {}, 'datasets': {'freq': root/acquisition/_iblmic_audioSpectrogram/bands/freq DatasetBuilder {'attributes': {'description': 'frequency value', 'namespace': 'hdmf-common', 'neurodata_type': 'VectorData', 'object_id': 'ebc92148-8d94-4001-ba5c-3b222a1381df'}, 'data': <HDF5 dataset "freq": shape (257,), type "<f4">}, 'id': root/acquisition/_iblmic_audioSpectrogram/bands/id DatasetBuilder {'attributes': {'namespace': 'hdmf-common', 'neurodata_type': 'ElementIdentifiers', 'object_id': '02768fc5-ac6a-4f05-aa33-a031cf263f54'}, 'data': <HDF5 dataset "id": shape (257,), type "<i4">}}, 'links': {}}, "Could not construct FrequencyBandsTable object due to: column must have the same number of rows as 'id'"))
2026-10-04T09:50:36Z WARNING 412e9f06-242f-47ca-b53a-81d7b223193f: failed while retrieving asset information from the DANDI API (NotFoundError: No such Dandiset: 000948)
2026-10-04T09:50:37Z INFO [1553/2500] 412f0209-3dee-4368-bf13-38b524415c63: not valid; 1.6 s; peak memory 8559 MiB.
2026-10-04T09:50:38Z INFO [1554/2500] 412f5586-7b10-4675-a413-eba3b078f6b9: not valid; 0.9 s; peak memory 8559 MiB.
2026-10-04T09:50:47Z INFO [1555/2500] 412f5912-341e-485c-ba8f-3de3a64430b5: valid; 8.6 s; peak memory 8559 MiB.
2026-10-04T09:50:58Z INFO [1556/2500] 412f973e-5b1a-4153-b3ed-81e703877166: valid; 11.3 s; peak memory 8559 MiB.
2026-10-04T09:50:59Z INFO [1557/2500] 412fc4b1-bb44-428f-afbc-ab7dd91d5a83: valid; 0.7 s; peak memory 8559 MiB.
2026-10-04T09:51:00Z INFO [1558/2500] 41306701-6c31-4a77-8288-1154ea45782d: not valid; 1.1 s; peak memory 8559 MiB.
2026-10-04T09:51:03Z INFO [1559/2500] 41310b91-a689-4348-a5cf-8843198c8584: valid; 3.3 s; peak memory 8559 MiB.
2026-10-04T09:51:04Z INFO [1560/2500] 413125eb-4cc8-4fc0-870a-0f5d91270a4e: valid; 0.9 s; peak memory 8559 MiB.
2026-10-04T09:51:05Z INFO [1561/2500] 4131ae55-9add-4bbb-ace8-f090fb32fc0b: valid; 1.1 s; peak memory 8559 MiB.
2026-10-04T09:51:08Z INFO [1562/2500] 4131feca-6bd2-4ff2-81e3-f2fee90a314e: valid; 3.1 s; peak memory 8559 MiB.
2026-10-04T09:51:09Z INFO [1563/2500] 41327b5b-dfd6-4f35-a4d1-3c3fee57ecfe: valid; 1.3 s; peak memory 8559 MiB.
2026-10-04T09:51:10Z INFO [1564/2500] 4132a3ef-e3cf-4eb9-93c0-fb58b53d2a86: valid; 1.1 s; peak memory 8559 MiB.
2026-10-04T09:51:11Z INFO [1565/2500] 4132ed17-4d44-4ab7-93c8-7ef83c91948e: valid; 0.9 s; peak memory 8559 MiB.
2026-10-04T09:51:12Z INFO [1566/2500] 41335987-c808-4bc8-b34e-399a1a13bb6b: valid; 0.8 s; peak memory 8559 MiB.
2026-10-04T09:51:13Z INFO [1567/2500] 41335a4c-ac82-4179-bd61-c24ed47ff948: valid; 0.8 s; peak memory 8559 MiB.
2026-10-04T09:51:20Z INFO [1568/2500] 4133b3ef-c528-4215-8bea-c64e4b821221: valid; 7.5 s; peak memory 8559 MiB.
2026-10-04T09:51:22Z INFO [1569/2500] 41341c9f-3c76-431e-8d1e-cd1080a80ec5: valid; 2.1 s; peak memory 8559 MiB.
2026-10-04T09:51:23Z INFO [1570/2500] 413457ca-bc11-4d6f-8eef-1856aeca44ed: valid; 0.7 s; peak memory 8559 MiB.
2026-10-04T09:51:24Z INFO [1571/2500] 4134e19d-0ee7-48ba-8377-f16e6e8d63e6: valid; 1.4 s; peak memory 8559 MiB.
2026-10-04T09:51:25Z WARNING 4135689a-da06-4ef3-b951-e148f9b7de75: failed while retrieving asset information from the DANDI API (NotFoundError: No asset at path 'sub-449141/sub-449141_ses-20190531T161406_behavior+ecephys+ogen.nwb' in version 0.231012.2129. Verify the path is correct and the asset exists in this version. Use 'dandi ls' to list available assets.)
2026-10-04T09:51:25Z INFO [1573/2500] 4135840a-a421-401c-9170-658438e5f894: valid; 0.8 s; peak memory 8559 MiB.
2026-10-04T09:51:27Z INFO [1574/2500] 413584c1-f42b-4582-abaa-04ea825f3094: valid; 1.6 s; peak memory 8559 MiB.
2026-10-04T09:51:28Z INFO [1575/2500] 4135fc03-1589-4d65-b97c-c74b5f7099b4: not valid; 1.1 s; peak memory 8559 MiB.
2026-10-04T09:51:29Z INFO [1576/2500] 413632c1-a29d-43fe-84d5-57a9fc33cbf0: valid; 0.7 s; peak memory 8559 MiB.
2026-10-04T09:51:31Z INFO [1577/2500] 413640bc-a1cc-42e7-b5c7-66faeeddcb75: valid; 2.0 s; peak memory 8559 MiB.
2026-10-04T09:51:32Z INFO [1578/2500] 41374d8d-f719-42fc-ad19-0b1c0cf3b009: valid; 1.4 s; peak memory 8559 MiB.
2026-10-04T09:51:33Z INFO [1579/2500] 41379605-95ce-45d9-b289-8af21b2e9dde: not valid; 1.3 s; peak memory 8559 MiB.
2026-10-04T09:51:35Z INFO [1580/2500] 41380d2d-fbe3-4680-b4a2-94dfae88f9e8: valid; 1.9 s; peak memory 8559 MiB.
2026-10-04T09:51:38Z INFO [1581/2500] 41382f10-794a-4b0a-bc81-4c91db64a28d: valid; 2.7 s; peak memory 8559 MiB.
2026-10-04T09:51:48Z INFO [1582/2500] 413882a7-ac7c-411b-9408-e9970abbb57a: not valid; 10.1 s; peak memory 8559 MiB.
2026-10-04T09:51:50Z INFO [1583/2500] 4138a66a-f801-47e7-9933-bb29b2a9a9aa: valid; 1.5 s; peak memory 8559 MiB.
2026-10-04T09:51:52Z INFO [1584/2500] 4138b7ef-2775-4435-ac4c-476eedac49fb: valid; 2.1 s; peak memory 8559 MiB.
2026-10-04T09:51:53Z INFO [1585/2500] 4138f21c-4082-42f6-8c8e-3306ad473d23: valid; 1.2 s; peak memory 8559 MiB.
2026-10-04T09:51:56Z INFO [1586/2500] 41396984-1b6c-402c-bd2a-28ece67ee21d: valid; 2.8 s; peak memory 8559 MiB.
2026-10-04T09:51:57Z INFO [1587/2500] 41397841-b953-41ea-aed8-1b578243f351: not valid; 1.1 s; peak memory 8559 MiB.
2026-10-04T09:51:58Z INFO [1588/2500] 4139812d-e5e5-461e-bc49-aba7e3830324: valid; 0.7 s; peak memory 8559 MiB.
2026-10-04T09:51:59Z INFO [1589/2500] 413a0a82-182a-41d4-b751-04df3b2a4589: not valid; 1.3 s; peak memory 8559 MiB.
2026-10-04T09:52:00Z INFO [1590/2500] 413a4572-4f9f-4ba2-9c77-243726694124: valid; 1.2 s; peak memory 8559 MiB.
2026-10-04T09:52:05Z INFO [1591/2500] 413a51c7-e562-454d-a27f-942a7baa97b9: valid; 4.6 s; peak memory 8559 MiB.
2026-10-04T09:52:06Z INFO [1592/2500] 413ad1de-d000-4d46-bfc7-e1ec4825d15a: not valid; 1.1 s; peak memory 8559 MiB.
2026-10-04T09:52:07Z INFO [1593/2500] 413af846-5ce4-4d6d-94ec-3f41cac09614: not valid; 1.4 s; peak memory 8559 MiB.
2026-10-04T09:52:15Z INFO [1594/2500] 413b5de8-70c5-4672-9eb1-64a8c9a1a23f: not valid; 7.6 s; peak memory 8559 MiB.
2026-10-04T09:52:16Z INFO [1595/2500] 413b6573-b11e-448f-a4ce-225d775f22de: not valid; 1.5 s; peak memory 8559 MiB.
2026-10-04T09:52:18Z INFO [1596/2500] 413b9ea3-848e-4e82-b795-4f136e147fad: not valid; 1.5 s; peak memory 8559 MiB.
2026-10-04T09:52:19Z INFO [1597/2500] 413c5448-8d1d-4a0d-bbc3-af6db2f167cf: valid; 1.5 s; peak memory 8559 MiB.
2026-10-04T09:52:20Z INFO [1598/2500] 413ca279-4d03-433d-add8-9ed3e56c8091: valid; 0.8 s; peak memory 8559 MiB.
2026-10-04T09:52:22Z INFO [1599/2500] 413cc001-1faa-446e-ae46-a6631a870659: valid; 2.1 s; peak memory 8559 MiB.
2026-10-04T09:52:23Z INFO [1600/2500] 413d77cc-3083-4afd-9e6b-8a8d5f6fe8ea: not valid; 0.8 s; peak memory 8559 MiB.
2026-10-04T09:52:24Z INFO [1600/2500] 413d77cc-3083-4afd-9e6b-8a8d5f6fe8ea: checkpointed 107610 records.
2026-10-04T09:52:32Z INFO [1601/2500] 413da50c-f57d-474e-a0ff-3979ea126785: valid; 8.5 s; peak memory 8559 MiB.
2026-10-04T09:52:33Z WARNING 413db2cf-8857-4d4b-8667-720e635ced99: failed while opening the NWB file (ConstructError: (root/acquisition/_iblmic_audioSpectrogram/bands GroupBuilder {'attributes': {'colnames': array(['freq'], dtype=object), 'description': 'spectogram frequencies', 'namespace': 'core', 'neurodata_type': 'FrequencyBandsTable', 'object_id': '897b8e7d-5f72-4f39-999e-f5f62e17bf54'}, 'groups': {}, 'datasets': {'freq': root/acquisition/_iblmic_audioSpectrogram/bands/freq DatasetBuilder {'attributes': {'description': 'frequency value', 'namespace': 'hdmf-common', 'neurodata_type': 'VectorData', 'object_id': '3178031a-014c-46d0-85f8-9cc5d9bf0e92'}, 'data': <HDF5 dataset "freq": shape (257,), type "<f4">}, 'id': root/acquisition/_iblmic_audioSpectrogram/bands/id DatasetBuilder {'attributes': {'namespace': 'hdmf-common', 'neurodata_type': 'ElementIdentifiers', 'object_id': '81867a50-dbf0-4a82-aec5-ea34e8c32110'}, 'data': <HDF5 dataset "id": shape (257,), type "<i4">}}, 'links': {}}, "Could not construct FrequencyBandsTable object due to: column must have the same number of rows as 'id'"))
2026-10-04T09:52:35Z INFO [1603/2500] 413dc6c3-367d-43b6-81b1-7a4990536740: valid; 2.2 s; peak memory 8559 MiB.
2026-10-04T09:52:51Z INFO [1604/2500] 413e61e7-ff95-4207-b798-995048401c7e: valid; 15.3 s; peak memory 8559 MiB.
2026-10-04T09:53:06Z INFO [1605/2500] 41400518-7bbc-434e-bcc5-37df76bbcda3: valid; 15.2 s; peak memory 8559 MiB.
2026-10-04T09:53:07Z INFO [1606/2500] 41406021-f13d-4b7f-80ef-018920bd4319: valid; 1.1 s; peak memory 8559 MiB.
2026-10-04T09:53:17Z INFO [1607/2500] 41414f37-e237-40d2-9511-d42f21cc12c3: valid; 10.4 s; peak memory 8559 MiB.
2026-10-04T09:53:19Z INFO [1608/2500] 4141cc69-54b3-4ae0-8d17-d1e6854cab8f: not valid; 1.9 s; peak memory 8559 MiB.
2026-10-04T09:53:22Z INFO [1609/2500] 41429df2-6a3f-4206-b8f4-33fe00e3a30a: valid; 2.7 s; peak memory 8559 MiB.
2026-10-04T09:53:24Z INFO [1610/2500] 4143fa39-f36f-4a94-886f-e11472c2d179: valid; 1.6 s; peak memory 8559 MiB.
2026-10-04T09:53:31Z INFO [1611/2500] 414418aa-8dd3-47da-91f5-732c2c0afc4e: valid; 7.4 s; peak memory 8559 MiB.
2026-10-04T09:53:37Z INFO [1612/2500] 4144992c-4d3a-4f9c-bd2b-d8dde595331d: not valid; 5.9 s; peak memory 8559 MiB.
2026-10-04T09:53:39Z INFO [1613/2500] 4144a657-7390-439e-9fb4-07b90f3f3918: valid; 1.9 s; peak memory 8559 MiB.
2026-10-04T09:53:40Z INFO [1614/2500] 4144fd81-30e6-422f-be2d-ca60c1f48bdf: valid; 1.4 s; peak memory 8559 MiB.
2026-10-04T09:53:41Z INFO [1615/2500] 41452b64-9d80-4f68-90e3-e0fc9e624dc5: valid; 1.0 s; peak memory 8559 MiB.
2026-10-04T09:53:46Z INFO [1616/2500] 41457d13-4461-4727-87ef-d9d2bbdf1444: valid; 5.1 s; peak memory 8559 MiB.
2026-10-04T09:53:47Z INFO [1617/2500] 41464b4c-c9a4-4d2f-b5e0-621771c5e2b2: not valid; 1.1 s; peak memory 8559 MiB.
2026-10-04T09:53:49Z INFO [1618/2500] 41470860-db15-4fde-bc2e-8bbba68227a4: not valid; 1.1 s; peak memory 8559 MiB.
2026-10-04T09:53:50Z INFO [1619/2500] 4147678e-c445-452d-beb2-71dbcf2c20d3: valid; 1.2 s; peak memory 8559 MiB.
2026-10-04T09:53:51Z INFO [1620/2500] 41476879-999e-4c37-80d9-7dcf373ac682: valid; 1.0 s; peak memory 8559 MiB.
2026-10-04T09:53:54Z INFO [1621/2500] 41477a7e-b2dd-4c36-b72a-d8ebc38b15e1: valid; 3.1 s; peak memory 8559 MiB.
2026-10-04T09:53:55Z INFO [1622/2500] 4147c009-b291-41cb-a286-65dc511a268b: valid; 1.4 s; peak memory 8559 MiB.
2026-10-04T09:53:56Z INFO [1623/2500] 4147fe23-e6e7-4732-906f-1b20dca0cbc2: valid; 1.1 s; peak memory 8559 MiB.
2026-10-04T09:53:58Z INFO [1624/2500] 4148423e-533f-4d58-a4b3-4003848e42d0: valid; 1.8 s; peak memory 8559 MiB.
2026-10-04T09:54:00Z INFO [1625/2500] 4148f0dd-0872-4e77-92c8-6f2867fec547: valid; 2.0 s; peak memory 8559 MiB.
2026-10-04T09:54:01Z INFO [1626/2500] 41492042-605b-4be2-9082-37d0d96b6201: valid; 0.8 s; peak memory 8559 MiB.
2026-10-04T09:54:02Z INFO [1627/2500] 4149494e-f0cd-4abc-ac47-caf6d1c57d07: valid; 1.4 s; peak memory 8559 MiB.
2026-10-04T09:54:03Z INFO [1628/2500] 4149514c-e2f4-4598-a18a-a1ce8e385d65: not valid; 1.2 s; peak memory 8559 MiB.
2026-10-04T09:54:05Z INFO [1629/2500] 414986b0-8d0d-4355-87c0-2230681378b6: valid; 1.2 s; peak memory 8559 MiB.
2026-10-04T09:54:08Z INFO [1630/2500] 4149c6d0-ec7f-470f-8abf-92c9072ab07d: valid; 3.4 s; peak memory 8559 MiB.
2026-10-04T09:54:10Z INFO [1631/2500] 4149e8a0-a740-46d8-b9cf-c1a7839e9e09: valid; 1.7 s; peak memory 8559 MiB.
2026-10-04T09:54:13Z INFO [1632/2500] 414b613e-3beb-4e4f-8e2a-5eb60556b00b: valid; 3.0 s; peak memory 8559 MiB.
2026-10-04T09:54:14Z INFO [1633/2500] 414b6d84-3e5a-4c16-a4bd-4ffed11a52fb: not valid; 0.9 s; peak memory 8559 MiB.
2026-10-04T09:54:19Z INFO [1634/2500] 414bd123-6609-4c45-9f1b-6468e956de0b: valid; 5.6 s; peak memory 8559 MiB.
2026-10-04T09:54:22Z INFO [1635/2500] 414c2050-567c-44a5-bbaf-ed8afa9b6bb2: valid; 2.7 s; peak memory 8559 MiB.
2026-10-04T09:54:23Z INFO [1636/2500] 414c318a-2314-4426-a261-225a7c1f83de: not valid; 1.0 s; peak memory 8559 MiB.
2026-10-04T09:54:24Z INFO [1637/2500] 414c8947-1592-4e32-88f1-443f239e5cee: valid; 1.4 s; peak memory 8559 MiB.
2026-10-04T09:54:26Z INFO [1638/2500] 414d2c41-c33f-4d4d-b963-ac41f5368b8b: not valid; 1.3 s; peak memory 8559 MiB.
2026-10-04T09:54:27Z INFO [1639/2500] 414d6e81-20bf-4475-a4be-543684e255ba: valid; 0.9 s; peak memory 8559 MiB.
2026-10-04T09:54:28Z INFO [1640/2500] 414d88ec-6328-43c8-8219-6296a0894fc8: valid; 1.1 s; peak memory 8559 MiB.
2026-10-04T09:54:29Z INFO [1641/2500] 414d9bfe-b9df-4351-8db8-e41e83c4f19b: valid; 1.3 s; peak memory 8559 MiB.
2026-10-04T09:54:30Z INFO [1642/2500] 414db217-9252-479f-a728-bf92b88ee359: not valid; 1.2 s; peak memory 8559 MiB.
2026-10-04T09:54:35Z INFO [1643/2500] 414e3f37-21fe-40cd-ab16-813b43675345: valid; 4.7 s; peak memory 8559 MiB.
2026-10-04T09:54:37Z INFO [1644/2500] 414e65ca-5d31-42bc-836c-2aca20590eca: valid; 1.7 s; peak memory 8559 MiB.
2026-10-04T09:54:37Z INFO [1645/2500] 414e6d91-b778-404a-b288-c9baa133674a: valid; 0.6 s; peak memory 8559 MiB.
2026-10-04T09:54:45Z INFO [1646/2500] 414e9383-3988-4642-826f-e8b1b3c075a6: valid; 7.5 s; peak memory 8559 MiB.
2026-10-04T09:54:46Z INFO [1647/2500] 414eb4d5-343f-4584-93c2-e0a5dec8f796: valid; 1.4 s; peak memory 8559 MiB.
2026-10-04T09:54:50Z INFO [1648/2500] 414f9ad5-59f4-4ba0-a811-22d99355f97d: valid; 4.2 s; peak memory 8559 MiB.
2026-10-04T09:54:51Z INFO [1649/2500] 41503bf8-5456-4467-99ba-81a73a56eac5: valid; 0.8 s; peak memory 8559 MiB.
2026-10-04T09:55:03Z INFO [1650/2500] 41510def-f6b7-4ebf-9b92-b0d3a3f71c05: not valid; 11.9 s; peak memory 8559 MiB.
2026-10-04T09:55:04Z INFO [1650/2500] 41510def-f6b7-4ebf-9b92-b0d3a3f71c05: checkpointed 107660 records.
2026-10-04T09:55:12Z INFO [1651/2500] 4151a1c1-50e6-4d20-b8e1-aeedb72a0136: valid; 8.5 s; peak memory 8559 MiB.
2026-10-04T09:55:13Z INFO [1652/2500] 4152025b-5e37-4c0c-8003-1edd3bc53255: valid; 1.0 s; peak memory 8559 MiB.
2026-10-04T09:55:16Z INFO [1653/2500] 41520bf6-9e80-4957-979e-9416ac33588b: not valid; 2.5 s; peak memory 8559 MiB.
2026-10-04T09:55:17Z WARNING 41535758-ed5d-4c80-a3e8-1c878da2835d: failed while opening the NWB file (ConstructError: (root/acquisition/_iblmic_audioSpectrogram/bands GroupBuilder {'attributes': {'colnames': array(['freq'], dtype=object), 'description': 'spectogram frequencies', 'namespace': 'core', 'neurodata_type': 'FrequencyBandsTable', 'object_id': '3a2c1e1f-5452-44b3-afd6-184018965036'}, 'groups': {}, 'datasets': {'freq': root/acquisition/_iblmic_audioSpectrogram/bands/freq DatasetBuilder {'attributes': {'description': 'frequency value', 'namespace': 'hdmf-common', 'neurodata_type': 'VectorData', 'object_id': 'f3284c72-f698-491d-ac90-b588e8ea3e54'}, 'data': <HDF5 dataset "freq": shape (257,), type "<f4">}, 'id': root/acquisition/_iblmic_audioSpectrogram/bands/id DatasetBuilder {'attributes': {'namespace': 'hdmf-common', 'neurodata_type': 'ElementIdentifiers', 'object_id': '1d36b5f8-e6e5-45d7-88a8-06442bc297f0'}, 'data': <HDF5 dataset "id": shape (257,), type "<i4">}}, 'links': {}}, "Could not construct FrequencyBandsTable object due to: column must have the same number of rows as 'id'"))
2026-10-04T09:55:17Z WARNING 41546b3d-7adb-4d52-89fe-fa85646c1449: failed while retrieving asset information from the DANDI API (NotFoundError: No such Dandiset: 001533)
2026-10-04T09:55:18Z INFO [1656/2500] 4154b5f9-a982-4b52-bc2a-4eba379fc5fb: valid; 1.0 s; peak memory 8559 MiB.
2026-10-04T09:55:21Z INFO [1657/2500] 4154c0dc-b159-4c49-860b-5f77f8697a14: not valid; 2.9 s; peak memory 8559 MiB.
2026-10-04T09:55:22Z INFO [1658/2500] 41555c68-1be8-4fe5-ab20-a77ddd5120d1: valid; 0.7 s; peak memory 8559 MiB.
2026-10-04T09:55:24Z INFO [1659/2500] 41558135-4ce3-4e19-b905-e24416c91c6b: not valid; 1.9 s; peak memory 8559 MiB.
2026-10-04T09:55:24Z INFO [1660/2500] 4155c790-3966-4be9-a608-97308290db29: valid; 0.7 s; peak memory 8559 MiB.
2026-10-04T09:55:25Z INFO [1661/2500] 4155e2fd-b48d-4a32-b233-69de99fd6160: valid; 0.8 s; peak memory 8559 MiB.
2026-10-04T09:55:28Z INFO [1662/2500] 4155f09e-5f4b-4e8e-9c3c-648d5953b02a: not valid; 2.6 s; peak memory 8559 MiB.
2026-10-04T09:55:29Z INFO [1663/2500] 41561644-1d9e-4dee-92df-0dbfb1d699ca: valid; 0.9 s; peak memory 8559 MiB.
2026-10-04T09:55:31Z INFO [1664/2500] 41567d08-e752-4b48-a299-222e55b2cfa2: valid; 2.4 s; peak memory 8559 MiB.
2026-10-04T09:55:32Z INFO [1665/2500] 4156eb17-7bbd-4540-9f8b-dc94b3d9e487: valid; 0.9 s; peak memory 8559 MiB.
2026-10-04T09:55:39Z INFO [1666/2500] 41577cc2-d861-423f-9722-711ec9048a19: valid; 6.8 s; peak memory 8559 MiB.
2026-10-04T09:55:40Z INFO [1667/2500] 41577f21-eabb-46bf-9e7e-208940833ac3: not valid; 1.5 s; peak memory 8559 MiB.
2026-10-04T09:55:42Z INFO [1668/2500] 4158118e-46c5-4cd8-9009-7633e7bff03e: valid; 1.4 s; peak memory 8559 MiB.
2026-10-04T09:55:46Z INFO [1669/2500] 4158332f-9883-432e-a4c7-cfaae4b96955: valid; 4.7 s; peak memory 8559 MiB.
2026-10-04T09:55:47Z INFO [1670/2500] 41583574-fc5d-4c01-8d2b-c600a8484176: valid; 1.2 s; peak memory 8559 MiB.
2026-10-04T09:55:49Z INFO [1671/2500] 41585b36-c96b-4fe1-97b3-b3ca8e43f2a8: valid; 1.7 s; peak memory 8559 MiB.
2026-10-04T09:55:51Z INFO [1672/2500] 41589f1b-8c4e-4516-a50c-23248c796694: valid; 1.6 s; peak memory 8559 MiB.
2026-10-04T09:55:52Z INFO [1673/2500] 415958ab-38cc-4d34-9a7c-367adac78a3c: valid; 0.9 s; peak memory 8559 MiB.
2026-10-04T09:55:53Z INFO [1674/2500] 415963fb-8672-470a-92b9-9146465ed9e6: not valid; 1.1 s; peak memory 8559 MiB.
2026-10-04T09:55:55Z INFO [1675/2500] 4159c3b8-7fa5-49ca-8da0-6f3df67e83f4: valid; 2.0 s; peak memory 8559 MiB.
2026-10-04T09:55:56Z INFO [1676/2500] 4159e90e-dded-4162-9e28-195e6497b15b: valid; 0.9 s; peak memory 8559 MiB.
2026-10-04T09:55:57Z INFO [1677/2500] 4159ed59-bc47-4bc2-bbcf-4ffd755365d5: valid; 1.4 s; peak memory 8559 MiB.
2026-10-04T09:55:58Z INFO [1678/2500] 415a2451-f82f-4c60-a82c-e8881463fcfa: valid; 1.3 s; peak memory 8559 MiB.
2026-10-04T09:56:00Z INFO [1679/2500] 415a6e69-4d8a-4381-b8c3-d2ae84f66c21: valid; 1.2 s; peak memory 8559 MiB.
2026-10-04T09:56:00Z INFO [1680/2500] 415aebf4-7c7b-495f-a7af-179d70f66e02: valid; 0.8 s; peak memory 8559 MiB.
2026-10-04T09:56:05Z INFO [1681/2500] 415b289a-4eae-4149-8613-74fee81fb415: valid; 4.4 s; peak memory 8559 MiB.
2026-10-04T09:56:10Z INFO [1682/2500] 415bd2e0-45f6-44f5-9b6a-13d7b042c1b8: valid; 5.1 s; peak memory 8559 MiB.
2026-10-04T09:56:11Z INFO [1683/2500] 415c1dc9-7161-41c5-8459-5623e955dde4: valid; 0.7 s; peak memory 8559 MiB.
2026-10-04T09:56:11Z INFO [1684/2500] 415c85fa-a2c8-4a0d-89e9-664268948868: not valid; 0.9 s; peak memory 8559 MiB.
2026-10-04T09:56:20Z INFO [1685/2500] 415caf1c-179c-49c8-a37e-e03627d7bb40: not valid; 8.9 s; peak memory 8559 MiB.
2026-10-04T09:56:27Z INFO [1686/2500] 415d31c2-9a11-4dee-bc27-5c60c30068e1: valid; 6.6 s; peak memory 8559 MiB.
2026-10-04T09:56:29Z INFO [1687/2500] 415d4415-f33c-40e6-8656-8f1399c15539: not valid; 2.1 s; peak memory 8559 MiB.
2026-10-04T09:56:31Z INFO [1688/2500] 415d7cf1-5f01-4ec8-8013-5b93424abacb: valid; 1.9 s; peak memory 8559 MiB.
2026-10-04T09:56:32Z INFO [1689/2500] 415e08e1-2d65-489e-924e-281ee479574e: valid; 1.1 s; peak memory 8559 MiB.
2026-10-04T09:56:33Z INFO [1690/2500] 415e950e-603f-4363-916e-7bffa48c3210: valid; 0.9 s; peak memory 8559 MiB.
2026-10-04T09:56:34Z INFO [1691/2500] 415f16ec-81b6-49c6-a468-f48828677319: not valid; 1.0 s; peak memory 8559 MiB.
2026-10-04T09:56:35Z INFO [1692/2500] 415f8e91-fe29-424d-a418-2821d0aba0a9: valid; 1.3 s; peak memory 8559 MiB.
2026-10-04T09:56:36Z INFO [1693/2500] 415f9d5b-47bb-4651-93ac-6facd67a87cf: valid; 0.9 s; peak memory 8559 MiB.
2026-10-04T09:56:37Z INFO [1694/2500] 415fe258-343c-4574-9d7f-7831746572af: valid; 0.8 s; peak memory 8559 MiB.
2026-10-04T09:56:38Z INFO [1695/2500] 41601afc-a455-43d4-800b-4a32ae2d03a3: valid; 0.9 s; peak memory 8559 MiB.
2026-10-04T09:56:41Z INFO [1696/2500] 41604af0-6d9f-4bc2-a1dd-d8cf9b25720a: not valid; 2.8 s; peak memory 8559 MiB.
2026-10-04T09:57:14Z INFO [1697/2500] 41608bda-e655-4a80-8e40-a41bce9d32dd: valid; 33.8 s; peak memory 8559 MiB.
2026-10-04T09:57:16Z INFO [1698/2500] 41609d95-74b9-46a6-aa77-02018bb49f29: valid; 1.6 s; peak memory 8559 MiB.
2026-10-04T09:57:17Z INFO [1699/2500] 4160f9df-8f1c-4fed-b25c-2ae55cde6ab8: valid; 1.1 s; peak memory 8559 MiB.
2026-10-04T09:57:21Z INFO [1700/2500] 41612591-b975-4d64-93e8-1b791bc6185d: valid; 4.2 s; peak memory 8559 MiB.
2026-10-04T09:57:22Z INFO [1700/2500] 41612591-b975-4d64-93e8-1b791bc6185d: checkpointed 107710 records.
2026-10-04T09:57:24Z INFO [1701/2500] 41615db4-fce4-4185-828b-f3ae9baec9e9: valid; 2.1 s; peak memory 8559 MiB.
2026-10-04T09:57:26Z INFO [1702/2500] 4161ad26-6a08-4039-98f9-76ce2d83326d: valid; 2.0 s; peak memory 8559 MiB.
2026-10-04T09:57:27Z INFO [1703/2500] 41627dc4-b1f3-43d9-b807-38a3a18421c2: valid; 0.8 s; peak memory 8559 MiB.
2026-10-04T09:57:28Z INFO [1704/2500] 4163301e-b637-4f34-905e-47c41a380573: valid; 1.4 s; peak memory 8559 MiB.
2026-10-04T09:57:32Z INFO [1705/2500] 4163973c-c68f-4245-96aa-3f37ef8de7f0: not valid; 3.1 s; peak memory 8559 MiB.
2026-10-04T09:57:33Z INFO [1706/2500] 4163c7c7-80aa-4e26-8293-b6051d082903: valid; 1.4 s; peak memory 8559 MiB.
2026-10-04T09:57:35Z INFO [1707/2500] 4164008d-491f-4494-8e38-cde638e0aa1c: valid; 1.6 s; peak memory 8559 MiB.
2026-10-04T09:57:35Z INFO [1708/2500] 416466d8-a4f1-442f-a133-84e46ec9fb5b: valid; 0.9 s; peak memory 8559 MiB.
2026-10-04T09:57:37Z INFO [1709/2500] 4164b112-1f06-472f-956e-ad9353ca87f3: valid; 1.2 s; peak memory 8559 MiB.
2026-10-04T09:57:40Z INFO [1710/2500] 4165920d-2181-452c-8cc5-15b60d235855: valid; 3.8 s; peak memory 8559 MiB.
2026-10-04T09:57:49Z INFO [1711/2500] 416640ed-d1fa-47b5-8fb2-f7501c7e8c27: valid; 8.7 s; peak memory 8559 MiB.
2026-10-04T09:57:50Z INFO [1712/2500] 4167ef15-fe3a-4485-881b-f6b9ec0eb3c7: valid; 0.8 s; peak memory 8559 MiB.
2026-10-04T09:57:56Z INFO [1713/2500] 4168031d-eeb4-4707-b8a6-4d892929ee6e: not valid; 5.9 s; peak memory 8559 MiB.
2026-10-04T09:57:57Z INFO [1714/2500] 41694af5-d5c7-40c8-941c-1855fcf164b0: valid; 1.3 s; peak memory 8559 MiB.
2026-10-04T09:57:58Z INFO [1715/2500] 41698f13-bc62-4576-a1ac-3a56f98bceb3: valid; 0.8 s; peak memory 8559 MiB.
2026-10-04T09:58:00Z INFO [1716/2500] 416a5069-9800-4121-ae80-d42228a8ecfd: valid; 1.6 s; peak memory 8559 MiB.
2026-10-04T09:58:02Z INFO [1717/2500] 416a5189-2693-4275-af95-e60c1d9d6b89: valid; 2.5 s; peak memory 8559 MiB.
2026-10-04T09:58:03Z WARNING 416bbb7a-6e67-4556-9a42-a5a148a40fb1: failed while opening the NWB file (ValueError: Cannot resolve included group spec 'electrodes' with data_type_inc 'ElectrodesTable' because a group spec with the same name already exists with data_type_inc 'DynamicTable', and data type 'DynamicTable' is not a child type of data type 'ElectrodesTable'.)
2026-10-04T09:58:04Z INFO [1719/2500] 416bd8a4-107b-41f8-8e9c-dfd045b06a13: not valid; 1.2 s; peak memory 8559 MiB.
2026-10-04T09:58:05Z INFO [1720/2500] 416c11df-d0fa-4443-98e8-765cb7b5ca09: not valid; 1.2 s; peak memory 8559 MiB.
2026-10-04T09:58:06Z INFO [1721/2500] 416c235e-7045-4ed5-9fe9-b6b96dcbea5c: valid; 0.7 s; peak memory 8559 MiB.
2026-10-04T09:58:07Z INFO [1722/2500] 416c4612-0b11-4f1e-9c16-23b17b64e709: valid; 0.8 s; peak memory 8559 MiB.
2026-10-04T09:58:08Z INFO [1723/2500] 416d0f47-ed4f-418a-8d00-89d96804718b: valid; 1.3 s; peak memory 8559 MiB.
2026-10-04T09:58:10Z INFO [1724/2500] 416d10cb-f3f0-4161-977e-71319dada3ec: valid; 1.7 s; peak memory 8559 MiB.
2026-10-04T09:58:11Z INFO [1725/2500] 416d9170-5c1f-4e0e-adfd-802d4967b5bf: valid; 1.4 s; peak memory 8559 MiB.
2026-10-04T09:58:13Z INFO [1726/2500] 416dc95d-f436-49f6-b370-f468ad09d231: not valid; 1.2 s; peak memory 8559 MiB.
2026-10-04T09:58:14Z INFO [1727/2500] 4170dd18-dad1-4ed3-b73a-ac013972b846: valid; 1.9 s; peak memory 8559 MiB.
2026-10-04T09:58:16Z INFO [1728/2500] 41710184-e691-4fbe-bdea-8cd121ba261c: valid; 1.4 s; peak memory 8559 MiB.
2026-10-04T09:58:17Z INFO [1729/2500] 4171316f-eda9-48c0-b226-4c05f362a04f: valid; 1.1 s; peak memory 8559 MiB.
2026-10-04T09:58:26Z INFO [1730/2500] 41715d0f-8b4c-4d6b-b30e-cfdf5052441b: valid; 8.7 s; peak memory 8559 MiB.
2026-10-04T09:58:27Z INFO [1731/2500] 4171c1eb-357c-413e-b36a-444ed651a915: not valid; 1.0 s; peak memory 8559 MiB.
2026-10-04T09:58:37Z INFO [1732/2500] 4171e2ce-eea4-4fb3-bf31-51c46269957e: valid; 10.4 s; peak memory 8559 MiB.
2026-10-04T09:58:39Z INFO [1733/2500] 4171ee23-f896-4089-b07f-a4cbc67db4a1: valid; 1.6 s; peak memory 8559 MiB.
2026-10-04T09:58:40Z INFO [1734/2500] 4172220b-0715-4451-995e-3c26e86b9375: valid; 1.7 s; peak memory 8559 MiB.
2026-10-04T09:58:42Z INFO [1735/2500] 41723599-2a84-4e72-8426-fcb30a94dd11: valid; 1.1 s; peak memory 8559 MiB.
2026-10-04T09:58:43Z INFO [1736/2500] 4172491c-df7e-4021-8517-fb8c00f15588: not valid; 1.1 s; peak memory 8559 MiB.
2026-10-04T09:58:45Z INFO [1737/2500] 41727272-5b89-4a31-b8b0-d4968d377ab7: not valid; 2.6 s; peak memory 8559 MiB.
2026-10-04T09:58:46Z INFO [1738/2500] 4172cfac-3189-43d3-b0fb-a0ac5e51d662: not valid; 1.1 s; peak memory 8559 MiB.
2026-10-04T09:58:54Z INFO [1739/2500] 41733b15-9d97-44e5-8a86-1d79f8eaa74d: valid; 8.0 s; peak memory 8617 MiB.
2026-10-04T09:58:56Z INFO [1740/2500] 417398b4-60fd-4fa0-9531-6f18324e6c48: valid; 1.2 s; peak memory 8617 MiB.
2026-10-04T09:58:57Z INFO [1741/2500] 4173f39a-05bf-4f48-94e0-5666b57a8bba: not valid; 1.3 s; peak memory 8617 MiB.
2026-10-04T09:59:00Z INFO [1742/2500] 41744993-72b4-4dc9-a671-2d6fcefee763: valid; 2.7 s; peak memory 8617 MiB.
2026-10-04T09:59:02Z INFO [1743/2500] 4175cc90-74f1-4af7-b0b9-e13e0c39f6b8: not valid; 2.8 s; peak memory 8617 MiB.
2026-10-04T09:59:03Z INFO [1744/2500] 4175cde3-de4c-4af5-bd97-1044ce3da475: valid; 0.7 s; peak memory 8617 MiB.
2026-10-04T09:59:09Z INFO [1745/2500] 4175f7f8-dd4a-4bfc-a03b-d234791a18ad: valid; 6.2 s; peak memory 8617 MiB.
2026-10-04T09:59:10Z INFO [1746/2500] 41763a1e-ad2b-4751-9f56-e8711837794b: valid; 1.1 s; peak memory 8617 MiB.
2026-10-04T09:59:12Z INFO [1747/2500] 41764e24-8c10-46ce-8eb8-be1a4983eabe: valid; 1.3 s; peak memory 8617 MiB.
2026-10-04T09:59:12Z INFO [1748/2500] 41770d34-c258-4f3f-8f04-cab96ae57c90: valid; 0.8 s; peak memory 8617 MiB.
2026-10-04T09:59:14Z INFO [1749/2500] 417793af-ed77-47ac-b171-e1b74911759b: not valid; 1.7 s; peak memory 8617 MiB.
2026-10-04T09:59:15Z INFO [1750/2500] 4177a945-125d-40a8-b6ad-133894da38b7: not valid; 1.1 s; peak memory 8617 MiB.
2026-10-04T09:59:16Z INFO [1750/2500] 4177a945-125d-40a8-b6ad-133894da38b7: checkpointed 107760 records.
2026-10-04T09:59:17Z INFO [1751/2500] 4177c0f9-9c69-4026-a1b2-528f487a8c92: valid; 0.9 s; peak memory 8617 MiB.
2026-10-04T09:59:18Z INFO [1752/2500] 4177fb47-79db-449b-9848-3402f41a39cd: valid; 1.3 s; peak memory 8617 MiB.
2026-10-04T09:59:19Z INFO [1753/2500] 41789314-4896-44f3-9f4d-5b8589d83aee: valid; 1.3 s; peak memory 8617 MiB.
2026-10-04T09:59:21Z INFO [1754/2500] 417a512c-ea05-4529-829f-2712c33542d7: valid; 1.2 s; peak memory 8617 MiB.
2026-10-04T09:59:23Z INFO [1755/2500] 417a7355-80be-4c68-a90a-b07d2cab5504: valid; 2.3 s; peak memory 8617 MiB.
2026-10-04T09:59:24Z INFO [1756/2500] 417a9dc3-c0d9-4446-a48d-0b9d1fcff7aa: valid; 1.0 s; peak memory 8617 MiB.
2026-10-04T09:59:26Z INFO [1757/2500] 417ac9a6-01b0-482b-b5a7-faefc52aba1a: valid; 2.0 s; peak memory 8617 MiB.
2026-10-04T09:59:27Z INFO [1758/2500] 417ade3f-a174-4880-8dde-c38acc869267: valid; 1.1 s; peak memory 8617 MiB.
2026-10-04T09:59:28Z INFO [1759/2500] 417bf581-ac91-4c7a-bb1d-edc4657846c6: not valid; 0.9 s; peak memory 8617 MiB.
2026-10-04T09:59:36Z INFO [1760/2500] 417c3bcb-435c-4935-9efa-77812a6b5162: valid; 7.8 s; peak memory 8617 MiB.
2026-10-04T09:59:44Z INFO [1761/2500] 417cfe9b-07da-4b4b-9a0d-761757204f1e: valid; 8.0 s; peak memory 8617 MiB.
2026-10-04T09:59:52Z INFO [1762/2500] 417e08ed-41ed-4bba-b00e-f1cec1d06946: valid; 8.0 s; peak memory 8617 MiB.
2026-10-04T09:59:53Z INFO [1763/2500] 417e222b-9ab8-48ff-b5b8-a2fe39f2eb30: not valid; 1.6 s; peak memory 8617 MiB.
2026-10-04T09:59:54Z INFO [1764/2500] 417e42f8-98b6-45bc-9f1b-6e9f3c6498ea: valid; 0.8 s; peak memory 8617 MiB.
2026-10-04T09:59:58Z INFO [1765/2500] 417e9007-6f1c-49f0-ac9f-5820e956bce2: valid; 4.0 s; peak memory 8617 MiB.
2026-10-04T09:59:59Z WARNING 417ec4d9-01f8-4f75-a0dc-70b11382c1d3: failed while opening the NWB file (ConstructError: (root/acquisition/_iblmic_audioSpectrogram/bands GroupBuilder {'attributes': {'colnames': array(['freq'], dtype=object), 'description': 'spectogram frequencies', 'namespace': 'core', 'neurodata_type': 'FrequencyBandsTable', 'object_id': 'c0ae778a-7371-491f-ba56-4eb570a2520a'}, 'groups': {}, 'datasets': {'freq': root/acquisition/_iblmic_audioSpectrogram/bands/freq DatasetBuilder {'attributes': {'description': 'frequency value', 'namespace': 'hdmf-common', 'neurodata_type': 'VectorData', 'object_id': '638c9845-007b-49fe-b70c-ee1ff7c1fef2'}, 'data': <HDF5 dataset "freq": shape (257,), type "<f4">}, 'id': root/acquisition/_iblmic_audioSpectrogram/bands/id DatasetBuilder {'attributes': {'namespace': 'hdmf-common', 'neurodata_type': 'ElementIdentifiers', 'object_id': 'f17d9dee-1c9b-4912-a6a7-3cee720630a7'}, 'data': <HDF5 dataset "id": shape (257,), type "<i4">}}, 'links': {}}, "Could not construct FrequencyBandsTable object due to: column must have the same number of rows as 'id'"))
2026-10-04T10:00:01Z INFO [1767/2500] 417f06f8-bf2f-40b1-9670-73479a69b850: valid; 1.8 s; peak memory 8617 MiB.
2026-10-04T10:00:02Z INFO [1768/2500] 417f4ad5-edf9-4602-9c5b-4816b14ee3af: valid; 0.9 s; peak memory 8617 MiB.
2026-10-04T10:00:08Z INFO [1769/2500] 417f8608-1336-45ef-a322-949bd32cdd47: not valid; 6.1 s; peak memory 8617 MiB.
2026-10-04T10:00:09Z INFO [1770/2500] 4180009b-ac54-4dec-8448-283910f9cdf7: valid; 0.9 s; peak memory 8617 MiB.
2026-10-04T10:00:10Z INFO [1771/2500] 41801297-d7a6-4243-a374-88b5a6029d5e: not valid; 1.0 s; peak memory 8617 MiB.
2026-10-04T10:00:11Z INFO [1772/2500] 41804daa-6a5d-4cef-8e14-efc94cd44115: not valid; 1.1 s; peak memory 8617 MiB.
2026-10-04T10:00:12Z INFO [1773/2500] 41805805-2d37-4b5b-8e28-04c75acc5a6e: valid; 0.7 s; peak memory 8617 MiB.
2026-10-04T10:00:12Z INFO [1774/2500] 4180cabf-c54a-4177-b128-d2742e8c0ce3: not valid; 0.8 s; peak memory 8617 MiB.
2026-10-04T10:00:13Z INFO [1775/2500] 4180ed6a-2336-48e6-914b-a4e76d1cb3d1: valid; 0.9 s; peak memory 8617 MiB.
2026-10-04T10:00:14Z INFO [1776/2500] 4180f465-2fad-4d9a-ad64-258b0ebf12fb: not valid; 0.9 s; peak memory 8617 MiB.
2026-10-04T10:00:15Z INFO [1777/2500] 41810e42-e6cf-41b6-bb52-34aef9eeaec9: valid; 1.0 s; peak memory 8617 MiB.
2026-10-04T10:00:15Z WARNING 41818c29-4d80-492c-9d31-951c2b03f1dc: failed while retrieving asset information from the DANDI API (NotFoundError: No asset at path 'sub-parkinson-simulated-beta/sub-parkinson-simulated-beta_ses-5809_ecephys.nwb' in version 0.250327.2220. Verify the path is correct and the asset exists in this version. Use 'dandi ls' to list available assets.)
2026-10-04T10:00:15Z WARNING 4181db63-de9f-4e8a-b309-daad528e7ba6: failed while retrieving asset information from the DANDI API (NotFoundError: No asset at path 'sub-parkinson-simulated-lfp/sub-parkinson-simulated-lfp_ses-4786_ecephys.nwb' in version 0.250327.2220. Verify the path is correct and the asset exists in this version. Use 'dandi ls' to list available assets.)
2026-10-04T10:00:16Z INFO [1780/2500] 41836c39-30b4-407b-895a-1e1175229567: valid; 0.8 s; peak memory 8617 MiB.
2026-10-04T10:00:21Z INFO [1781/2500] 41838687-6f13-4e30-bdb8-58a84b5769e2: valid; 4.6 s; peak memory 8617 MiB.
2026-10-04T10:00:21Z INFO [1782/2500] 41849b92-ddbc-48cd-8663-00b56c6669c5: valid; 0.6 s; peak memory 8617 MiB.
2026-10-04T10:00:28Z INFO [1783/2500] 41852a0f-0707-4ec7-9ca0-337209999e79: valid; 6.4 s; peak memory 8617 MiB.
2026-10-04T10:00:35Z INFO [1784/2500] 4185ad19-4045-4529-ace2-514108ddc143: valid; 7.6 s; peak memory 8617 MiB.
2026-10-04T10:00:37Z WARNING 4186030d-4d14-4af7-a255-608bfd9a26a7: failed while opening the NWB file (ValueError: Cannot resolve included group spec 'electrodes' with data_type_inc 'ElectrodesTable' because a group spec with the same name already exists with data_type_inc 'DynamicTable', and data type 'DynamicTable' is not a child type of data type 'ElectrodesTable'.)
2026-10-04T10:00:41Z INFO [1786/2500] 41860962-11a1-4f99-a854-d5b729f958b6: valid; 4.4 s; peak memory 8617 MiB.
2026-10-04T10:00:43Z INFO [1787/2500] 4186390b-66e7-4534-b20c-3f285ab0dc9e: not valid; 2.1 s; peak memory 8617 MiB.
2026-10-04T10:00:45Z INFO [1788/2500] 41868152-9d1f-4201-bfbb-cc8afd8a1b2c: valid; 1.8 s; peak memory 8617 MiB.
2026-10-04T10:00:55Z INFO [1789/2500] 4186a01e-5941-457a-a675-69fc0b45345f: valid; 10.3 s; peak memory 8617 MiB.
2026-10-04T10:00:57Z INFO [1790/2500] 4186a3aa-2d2d-4cb1-a962-7eb6a25903a0: valid; 1.7 s; peak memory 8617 MiB.
2026-10-04T10:01:00Z INFO [1791/2500] 418720ad-7754-42f5-9af6-8f31a5b6df69: not valid; 2.4 s; peak memory 8617 MiB.
2026-10-04T10:01:01Z INFO [1792/2500] 4187b4c5-08d9-4b66-9a3a-d0d3f12881de: valid; 1.2 s; peak memory 8617 MiB.
2026-10-04T10:01:02Z INFO [1793/2500] 4187b5a5-b124-4f8e-b96e-f2a83cbb5543: not valid; 1.6 s; peak memory 8617 MiB.
2026-10-04T10:01:03Z INFO [1794/2500] 4188a4a5-a3f3-4cc0-8a66-db529f9fcee2: valid; 1.0 s; peak memory 8617 MiB.
2026-10-04T10:01:05Z INFO [1795/2500] 41896f41-e3eb-4b84-b2db-82370bfe2fc6: valid; 1.7 s; peak memory 8617 MiB.
2026-10-04T10:01:05Z WARNING 4189fd90-7d6d-4172-9ed1-782ecc39fe89: failed while retrieving asset information from the DANDI API (NotFoundError: No asset at path 'sub-A3716/sub-A3716_behavior+ecephys.nwb' in version 0.260512.1701. Verify the path is correct and the asset exists in this version. Use 'dandi ls' to list available assets.)
2026-10-04T10:01:08Z INFO [1797/2500] 418a5704-111c-4315-8be9-45c690713bb4: valid; 2.6 s; peak memory 8617 MiB.
2026-10-04T10:01:09Z INFO [1798/2500] 418b0d91-e1d9-4528-8f84-e586f63c485f: valid; 1.2 s; peak memory 8617 MiB.
2026-10-04T10:01:11Z INFO [1799/2500] 418b11ae-cf96-4ce6-81a0-878bf3c48d03: not valid; 2.3 s; peak memory 8617 MiB.
2026-10-04T10:01:13Z INFO [1800/2500] 418b1b55-0296-48c2-9c90-3c9177c44ebf: valid; 1.9 s; peak memory 8617 MiB.
2026-10-04T10:01:14Z INFO [1800/2500] 418b1b55-0296-48c2-9c90-3c9177c44ebf: checkpointed 107810 records.
2026-10-04T10:01:15Z INFO [1801/2500] 418b83de-9289-429a-aeba-24ac0b198b8e: not valid; 1.1 s; peak memory 8617 MiB.
2026-10-04T10:01:16Z INFO [1802/2500] 418b9474-be1d-49a4-97b9-f7aae80a124f: valid; 0.9 s; peak memory 8617 MiB.
2026-10-04T10:01:18Z INFO [1803/2500] 418c0a9d-d94f-4823-ae1d-1f4db3a16b48: not valid; 1.6 s; peak memory 8617 MiB.
2026-10-04T10:01:21Z INFO [1804/2500] 418c3eb5-e733-485a-9655-39ae778736c4: valid; 3.4 s; peak memory 8617 MiB.
2026-10-04T10:01:22Z INFO [1805/2500] 418d404f-223b-4f7b-9dfb-bc5e675f1c17: valid; 0.7 s; peak memory 8617 MiB.
2026-10-04T10:01:23Z INFO [1806/2500] 418d5ae8-f85f-4c51-8963-6c7f3257dd03: valid; 1.4 s; peak memory 8617 MiB.
2026-10-04T10:01:24Z INFO [1807/2500] 418d882e-e4cf-42fa-b79f-ef5e7f3da97f: valid; 0.9 s; peak memory 8617 MiB.
2026-10-04T10:01:24Z WARNING 418dcc2d-bd58-41c7-b4c4-f7d6571408ea: failed while retrieving asset information from the DANDI API (NotFoundError: No such Dandiset: 000948)
2026-10-04T10:01:25Z INFO [1809/2500] 418e8796-b892-434a-8e8a-db2f971bd47c: valid; 1.0 s; peak memory 8617 MiB.
2026-10-04T10:01:26Z INFO [1810/2500] 418ee2d0-2b41-4bd5-b7b3-34dd39d6c08b: valid; 0.8 s; peak memory 8617 MiB.
2026-10-04T10:01:27Z WARNING 4190014d-8514-40e6-a20f-911bb1f53924: failed while opening the NWB file (ConstructError: (root/acquisition/event_code_meanings GroupBuilder {'attributes': {'colnames': array(['value', 'meaning'], dtype=object), 'description': 'Mapping integer event codes to event labels', 'namespace': 'ndx-events', 'neurodata_type': 'MeaningsTable', 'object_id': 'a9539f08-3cd2-4616-962e-69291b09741e'}, 'groups': {}, 'datasets': {'id': root/acquisition/event_code_meanings/id DatasetBuilder {'attributes': {'namespace': 'hdmf-common', 'neurodata_type': 'ElementIdentifiers', 'object_id': '17c4046e-9890-49b9-930b-15de5a1973b8'}, 'data': <HDF5 dataset "id": shape (26,), type "<i8">}, 'meaning': root/acquisition/event_code_meanings/meaning DatasetBuilder {'attributes': {'description': 'The meaning of the value in the parent CategoricalVectorData object.', 'namespace': 'hdmf-experimental', 'neurodata_type': 'VectorData', 'object_id': '7ea0038e-e566-44cd-87f0-3edbffd6826d'}, 'data': <StrDataset for HDF5 dataset "meaning": shape (26,), type "|O">}, 'value': root/acquisition/event_code_meanings/value DatasetBuilder {'attributes': {'description': 'The value of the parent CategoricalVectorData object.', 'namespace': 'hdmf-experimental', 'neurodata_type': 'VectorData', 'object_id': 'c2dbbe96-a527-4fd4-803a-ca5429aac0b9'}, 'data': <HDF5 dataset "value": shape (26,), type "<i8">}}, 'links': {}}, "Could not construct MeaningsTable object due to: MeaningsTable.__init__: missing argument 'target'"))
2026-10-04T10:01:28Z INFO [1812/2500] 4190eb91-aeb6-427a-923a-a239094a889f: not valid; 0.9 s; peak memory 8617 MiB.
2026-10-04T10:01:29Z INFO [1813/2500] 41912a38-9868-40dc-8e99-fae1c3c97ad0: valid; 1.0 s; peak memory 8617 MiB.
2026-10-04T10:01:36Z INFO [1814/2500] 41913767-d234-457d-8e35-d5e601fbaf12: valid; 7.0 s; peak memory 8617 MiB.
2026-10-04T10:01:37Z INFO [1815/2500] 41917878-5508-4179-9dcb-e84f50ca8fff: valid; 0.9 s; peak memory 8617 MiB.
2026-10-04T10:01:41Z INFO [1816/2500] 4191cc39-b37f-4646-b465-22e6f50adcc1: valid; 4.1 s; peak memory 8617 MiB.
2026-10-04T10:01:43Z WARNING 41927585-3c63-4d47-9ac7-e08d1955b9ef: failed while opening the NWB file (ConstructError: (root/acquisition/_iblmic_audioSpectrogram/bands GroupBuilder {'attributes': {'colnames': array(['freq'], dtype=object), 'description': 'spectogram frequencies', 'namespace': 'core', 'neurodata_type': 'FrequencyBandsTable', 'object_id': '175eec1f-b9d1-4be6-a2d2-8219218b79ce'}, 'groups': {}, 'datasets': {'freq': root/acquisition/_iblmic_audioSpectrogram/bands/freq DatasetBuilder {'attributes': {'description': 'frequency value', 'namespace': 'hdmf-common', 'neurodata_type': 'VectorData', 'object_id': '8553ab3d-9eac-4834-945c-811c20f9b705'}, 'data': <HDF5 dataset "freq": shape (257,), type "<f4">}, 'id': root/acquisition/_iblmic_audioSpectrogram/bands/id DatasetBuilder {'attributes': {'namespace': 'hdmf-common', 'neurodata_type': 'ElementIdentifiers', 'object_id': '46e76aa3-8cc1-4f54-bc9b-ddef0d440b34'}, 'data': <HDF5 dataset "id": shape (257,), type "<i4">}}, 'links': {}}, "Could not construct FrequencyBandsTable object due to: column must have the same number of rows as 'id'"))
2026-10-04T10:01:44Z INFO [1818/2500] 4192ae5c-01ba-4450-b7a0-4966a055539c: valid; 0.9 s; peak memory 8617 MiB.
2026-10-04T10:01:45Z INFO [1819/2500] 4192dbcc-aad8-4d35-9189-ee873b284223: valid; 0.9 s; peak memory 8617 MiB.
2026-10-04T10:01:46Z INFO [1820/2500] 41933099-5679-4aa2-a562-7d0bb7c98707: not valid; 1.2 s; peak memory 8617 MiB.
2026-10-04T10:01:47Z INFO [1821/2500] 419486f0-4831-407e-8e29-f5a6c7f90c81: valid; 0.8 s; peak memory 8617 MiB.
2026-10-04T10:01:49Z INFO [1822/2500] 419547d5-89c3-4153-a557-fa52065a3589: not valid; 2.2 s; peak memory 8617 MiB.
2026-10-04T10:01:50Z INFO [1823/2500] 41956ee1-2056-4cbf-81be-59afbc7d65ef: valid; 1.2 s; peak memory 8617 MiB.
2026-10-04T10:01:52Z INFO [1824/2500] 41956fb5-270c-41c5-b86d-2c4cdad400c2: valid; 2.1 s; peak memory 8617 MiB.
2026-10-04T10:02:16Z INFO [1825/2500] 4195c710-5753-4fa5-bc85-fcb41cbc0b8d: valid; 24.1 s; peak memory 9231 MiB.
2026-10-04T10:02:18Z INFO [1826/2500] 419670dd-d671-4fa3-8f03-fc70578d839d: valid; 1.9 s; peak memory 9231 MiB.
2026-10-04T10:02:19Z INFO [1827/2500] 41967d34-36fb-48f6-9b32-de4cf75e592e: valid; 1.3 s; peak memory 9231 MiB.
2026-10-04T10:02:21Z INFO [1828/2500] 4197657b-c388-4224-8310-69b8620cdadf: valid; 1.4 s; peak memory 9231 MiB.
2026-10-04T10:02:23Z INFO [1829/2500] 41987a03-fa0a-47f4-8d42-517abb669cce: valid; 2.3 s; peak memory 9231 MiB.
2026-10-04T10:02:25Z INFO [1830/2500] 4198c98a-f3c3-4e0f-907c-64b26aac085a: not valid; 1.6 s; peak memory 9231 MiB.
2026-10-04T10:02:27Z INFO [1831/2500] 4199a98a-48cb-4567-8482-3b5522d4411f: valid; 2.3 s; peak memory 9231 MiB.
2026-10-04T10:02:29Z INFO [1832/2500] 4199b7aa-37a2-4d5a-8743-855bf5bda3b6: valid; 1.9 s; peak memory 9231 MiB.
2026-10-04T10:02:30Z INFO [1833/2500] 4199bf47-fd4e-4ee7-a28a-ff812a6a857e: valid; 0.9 s; peak memory 9231 MiB.
2026-10-04T10:02:31Z INFO [1834/2500] 419a2b73-8282-4aa2-ad51-01fe1f1a5607: valid; 0.8 s; peak memory 9231 MiB.
2026-10-04T10:02:31Z INFO [1835/2500] 419a829c-bb1f-4e7a-a721-be64376c1c54: valid; 0.9 s; peak memory 9231 MiB.
2026-10-04T10:02:32Z INFO [1836/2500] 419b0014-239a-46af-86ed-8f24a860b990: not valid; 0.9 s; peak memory 9231 MiB.
2026-10-04T10:02:33Z INFO [1837/2500] 419b38a8-80f0-4784-8de4-2d1496163420: not valid; 1.1 s; peak memory 9231 MiB.
2026-10-04T10:02:34Z INFO [1838/2500] 419b4b4e-6546-4189-bf92-8477f87464e9: not valid; 1.1 s; peak memory 9231 MiB.
2026-10-04T10:02:35Z INFO [1839/2500] 419b8f2f-a54d-4302-9403-4392900244cd: valid; 0.9 s; peak memory 9231 MiB.
2026-10-04T10:02:36Z INFO [1840/2500] 419be602-bf5d-479a-8d6b-16132c7ac9b3: valid; 0.8 s; peak memory 9231 MiB.
2026-10-04T10:02:37Z INFO [1841/2500] 419bee56-555c-4741-96f4-a80374286fd8: valid; 0.7 s; peak memory 9231 MiB.
2026-10-04T10:02:39Z INFO [1842/2500] 419c2f3a-d054-43e2-b4b1-4791ed642834: valid; 1.8 s; peak memory 9231 MiB.
2026-10-04T10:02:39Z INFO [1843/2500] 419c41fa-8671-47fe-9b3b-531f85377c86: valid; 0.8 s; peak memory 9231 MiB.
2026-10-04T10:02:41Z INFO [1844/2500] 419ca876-86e4-408a-8cba-546824196aed: valid; 1.9 s; peak memory 9231 MiB.
2026-10-04T10:02:43Z INFO [1845/2500] 419d0b1a-c939-4d60-b35c-3285eb20905f: valid; 1.3 s; peak memory 9231 MiB.
2026-10-04T10:02:44Z INFO [1846/2500] 419d5673-8c56-4a03-a2d1-cf5db83ccce1: not valid; 0.9 s; peak memory 9231 MiB.
2026-10-04T10:02:45Z INFO [1847/2500] 419d6a73-de51-46d2-95d3-f4f483988c26: not valid; 1.1 s; peak memory 9231 MiB.
2026-10-04T10:02:46Z INFO [1848/2500] 419de6a2-022f-4c86-95b0-8bf45ab1d19e: valid; 1.0 s; peak memory 9231 MiB.
2026-10-04T10:02:53Z INFO [1849/2500] 419e5148-d2f3-4aae-9f57-eeac1eab4116: valid; 6.9 s; peak memory 9231 MiB.
2026-10-04T10:03:09Z INFO [1850/2500] 419e7c53-122b-4ad2-a077-0a153a7eae5a: not valid; 16.4 s; peak memory 9231 MiB.
2026-10-04T10:03:10Z INFO [1850/2500] 419e7c53-122b-4ad2-a077-0a153a7eae5a: checkpointed 107860 records.
2026-10-04T10:03:11Z INFO [1851/2500] 419ede57-b79f-4550-8b1e-6cf8a67a707c: valid; 0.7 s; peak memory 9231 MiB.
2026-10-04T10:03:20Z INFO [1852/2500] 419f15e0-5533-49ac-8f24-0c819aa151f7: not valid; 9.2 s; peak memory 9231 MiB.
2026-10-04T10:03:21Z INFO [1853/2500] 419f655d-e248-4c4f-afab-b45800dd99a7: valid; 0.8 s; peak memory 9231 MiB.
2026-10-04T10:03:22Z INFO [1854/2500] 419fbc6e-eea3-4671-b16c-65922fb5357c: not valid; 1.4 s; peak memory 9231 MiB.
2026-10-04T10:03:23Z INFO [1855/2500] 41a01df8-75fd-4cb0-8b6e-1de7d796a8cc: valid; 1.4 s; peak memory 9231 MiB.
2026-10-04T10:03:25Z INFO [1856/2500] 41a02123-8811-4378-a99d-411e22df6841: valid; 1.6 s; peak memory 9231 MiB.
2026-10-04T10:03:26Z INFO [1857/2500] 41a023bd-7a00-458b-9ff3-ac629346ce13: valid; 0.9 s; peak memory 9231 MiB.
2026-10-04T10:03:31Z INFO [1858/2500] 41a107d4-5de4-4c73-a1ee-a677dfbb7df2: valid; 4.9 s; peak memory 9231 MiB.
2026-10-04T10:03:32Z INFO [1859/2500] 41a1ad28-2f45-486b-85a4-7ca272d1ad4e: not valid; 1.1 s; peak memory 9231 MiB.
2026-10-04T10:03:34Z INFO [1860/2500] 41a1cd8c-bfe8-450e-b91b-ff14d932aab8: valid; 2.6 s; peak memory 9231 MiB.
2026-10-04T10:03:37Z WARNING 41a1dfea-505c-4d79-bd0c-6eee5b62dc7c: failed while opening the NWB file (ConstructError: (root/general/optogenetics/PatternedOptogeneticStimulusSite GroupBuilder {'attributes': {'effector': 'GUR-3/PRDX-2', 'namespace': 'ndx-patterned-ogen', 'neurodata_type': 'PatternedOptogeneticStimulusSite', 'object_id': 'a3ef45c7-8e7a-4df1-b410-3e4aa468e3fe'}, 'groups': {}, 'datasets': {'description': root/general/optogenetics/PatternedOptogeneticStimulusSite/description DatasetBuilder {'attributes': {}, 'data': 'Scanning'}, 'excitation_lambda': root/general/optogenetics/PatternedOptogeneticStimulusSite/excitation_lambda DatasetBuilder {'attributes': {}, 'data': np.float64(850.0)}, 'location': root/general/optogenetics/PatternedOptogeneticStimulusSite/location DatasetBuilder {'attributes': {}, 'data': 'whole brain'}}, 'links': {'device': root/general/optogenetics/PatternedOptogeneticStimulusSite/device LinkBuilder {'builder': root/general/devices/OptogeneticDevice GroupBuilder {'attributes': {'description': '', 'namespace': 'core', 'neurodata_type': 'Device', 'object_id': '3bd37b2f-d5b4-433e-8f81-727420e2deb7'}, 'groups': {}, 'datasets': {}, 'links': {}}}, 'light_source': root/general/optogenetics/PatternedOptogeneticStimulusSite/light_source LinkBuilder {'builder': root/general/devices/AmplifiedLaser GroupBuilder {'attributes': {'description': 'For two-photon optogenetic targeting, we used an optical parametric amplifier (OPA; Light Conversion ORPHEUS) pumped by a femtosecond amplified laser (Light Conversion PHAROS).', 'filter_description': 'Short pass at 1040 nm', 'manufacturer': 'Light Conversion', 'model': 'ORPHEUS amplifier and PHAROS laser', 'namespace': 'ndx-patterned-ogen', 'neurodata_type': 'LightSource', 'object_id': '598cd939-fb26-4987-902a-7f4536073583', 'peak_power_in_W': np.float64(0.0012), 'pulse_rate_in_Hz': np.float64(500000.0), 'stimulation_wavelength_in_nm': np.float64(850.0)}, 'groups': {}, 'datasets': {}, 'links': {}}}}}, "Could not construct PatternedOptogeneticStimulusSite object due to: CustomClassGenerator.set_init.<locals>.__init__: incorrect type for 'spatial_light_modulator' (got 'list', expected 'Device')"))
2026-10-04T10:03:39Z INFO [1862/2500] 41a2a0e3-37dc-41b0-80e1-365a66dadf21: valid; 1.9 s; peak memory 9231 MiB.
2026-10-04T10:03:40Z INFO [1863/2500] 41a3017a-e895-4e18-ba84-2283d7c17336: valid; 1.1 s; peak memory 9231 MiB.
2026-10-04T10:03:41Z INFO [1864/2500] 41a377e6-676e-48ff-bbc2-162b6c87b393: valid; 1.4 s; peak memory 9231 MiB.
2026-10-04T10:03:42Z INFO [1865/2500] 41a3970b-722b-4ce9-bc96-95b03ef21f81: valid; 1.3 s; peak memory 9231 MiB.
2026-10-04T10:03:44Z WARNING 41a3f95f-88f8-4bd4-80c4-7b64b58714da: failed while opening the NWB file (ConstructError: (root/acquisition/_iblmic_audioSpectrogram/bands GroupBuilder {'attributes': {'colnames': array(['freq'], dtype=object), 'description': 'spectogram frequencies', 'namespace': 'core', 'neurodata_type': 'FrequencyBandsTable', 'object_id': 'fc14ae85-2d79-429c-9116-a584dfb494e0'}, 'groups': {}, 'datasets': {'freq': root/acquisition/_iblmic_audioSpectrogram/bands/freq DatasetBuilder {'attributes': {'description': 'frequency value', 'namespace': 'hdmf-common', 'neurodata_type': 'VectorData', 'object_id': 'fd726a21-7a8d-44d5-b8c7-134048fae535'}, 'data': <HDF5 dataset "freq": shape (257,), type "<f4">}, 'id': root/acquisition/_iblmic_audioSpectrogram/bands/id DatasetBuilder {'attributes': {'namespace': 'hdmf-common', 'neurodata_type': 'ElementIdentifiers', 'object_id': 'c30b6201-5ce3-42c5-9df8-3c0ef9591902'}, 'data': <HDF5 dataset "id": shape (257,), type "<i4">}}, 'links': {}}, "Could not construct FrequencyBandsTable object due to: column must have the same number of rows as 'id'"))
2026-10-04T10:03:48Z INFO [1867/2500] 41a415bd-1207-4589-a389-7bee0d8de354: valid; 4.9 s; peak memory 9231 MiB.
2026-10-04T10:03:50Z INFO [1868/2500] 41a4bfed-5059-44b8-bb47-1ac69a29c84b: valid; 1.5 s; peak memory 9231 MiB.
2026-10-04T10:03:51Z INFO [1869/2500] 41a4f7f9-3deb-4c52-a436-8ad0be49d311: valid; 0.9 s; peak memory 9231 MiB.
2026-10-04T10:03:53Z INFO [1870/2500] 41a50b18-0b50-46bd-a97a-7483d0b0c225: not valid; 2.4 s; peak memory 9231 MiB.
2026-10-04T10:03:55Z INFO [1871/2500] 41a5bca4-8987-4763-9bca-71cfb6996802: valid; 1.4 s; peak memory 9231 MiB.
2026-10-04T10:03:56Z INFO [1872/2500] 41a5f2c6-3926-417a-b90e-e0afb2664282: valid; 1.1 s; peak memory 9231 MiB.
2026-10-04T10:03:57Z INFO [1873/2500] 41a63c7e-19bc-42aa-abb2-b5b166fff6b4: valid; 1.3 s; peak memory 9231 MiB.
2026-10-04T10:03:59Z INFO [1874/2500] 41a648ae-42b2-48b6-a873-696b269be2ea: not valid; 1.4 s; peak memory 9231 MiB.
2026-10-04T10:03:59Z INFO [1875/2500] 41a69233-5098-4e89-a2b8-c86274132752: valid; 0.8 s; peak memory 9231 MiB.
2026-10-04T10:04:00Z INFO [1876/2500] 41a6ba87-c27f-4778-95a0-e186afd5f9d8: valid; 1.0 s; peak memory 9231 MiB.
2026-10-04T10:04:01Z INFO [1877/2500] 41a6c2f9-528a-412a-b102-e2bad40310dc: valid; 0.9 s; peak memory 9231 MiB.
2026-10-04T10:04:02Z WARNING 41a72878-511e-4c72-9b11-e928450f9d37: failed while opening the NWB file (ConstructError: (root/acquisition/_iblmic_audioSpectrogram/bands GroupBuilder {'attributes': {'colnames': array(['freq'], dtype=object), 'description': 'spectogram frequencies', 'namespace': 'core', 'neurodata_type': 'FrequencyBandsTable', 'object_id': 'cb18bc7e-bbc5-4040-bb7c-4465ab28b111'}, 'groups': {}, 'datasets': {'freq': root/acquisition/_iblmic_audioSpectrogram/bands/freq DatasetBuilder {'attributes': {'description': 'frequency value', 'namespace': 'hdmf-common', 'neurodata_type': 'VectorData', 'object_id': '2b6ddd68-3eba-4a98-8f4f-0945625276ff'}, 'data': <HDF5 dataset "freq": shape (257,), type "<f4">}, 'id': root/acquisition/_iblmic_audioSpectrogram/bands/id DatasetBuilder {'attributes': {'namespace': 'hdmf-common', 'neurodata_type': 'ElementIdentifiers', 'object_id': 'a38fb038-9b59-4e7c-95e6-cf51a3fd8a67'}, 'data': <HDF5 dataset "id": shape (257,), type "<i4">}}, 'links': {}}, "Could not construct FrequencyBandsTable object due to: column must have the same number of rows as 'id'"))
2026-10-04T10:04:03Z INFO [1879/2500] 41a730dd-2da9-45c7-9374-a6c9e62cadb6: valid; 0.7 s; peak memory 9231 MiB.
2026-10-04T10:04:05Z INFO [1880/2500] 41a7ae3b-7ad1-4743-9fa5-9a7c6a62d76b: not valid; 2.2 s; peak memory 9231 MiB.
2026-10-04T10:04:06Z INFO [1881/2500] 41a7b903-b5c5-46c0-b14f-a0b02087d8e2: valid; 0.9 s; peak memory 9231 MiB.
2026-10-04T10:04:08Z INFO [1882/2500] 41a7f11f-cddb-46b4-9cf0-1335c2f0b181: not valid; 1.6 s; peak memory 9231 MiB.
2026-10-04T10:04:09Z INFO [1883/2500] 41a83842-fa76-4fc1-9167-5b079adf9bd5: not valid; 1.0 s; peak memory 9231 MiB.
2026-10-04T10:04:10Z INFO [1884/2500] 41a867e1-a2fb-4f1d-a55c-58114ded6b33: valid; 1.2 s; peak memory 9231 MiB.
2026-10-04T10:04:11Z INFO [1885/2500] 41a87a73-34c7-4547-b927-0a77626719a3: valid; 1.2 s; peak memory 9231 MiB.
2026-10-04T10:04:12Z INFO [1886/2500] 41a87c2e-d8d4-45b6-bdf3-f191ed4da5b8: valid; 0.9 s; peak memory 9231 MiB.
2026-10-04T10:04:20Z INFO [1887/2500] 41a88113-7a97-4fa6-b398-11a20a427a57: valid; 7.4 s; peak memory 9231 MiB.
2026-10-04T10:04:20Z INFO [1888/2500] 41a88274-582a-4933-a92b-b4df36042f17: not valid; 0.9 s; peak memory 9231 MiB.
2026-10-04T10:04:23Z INFO [1889/2500] 41a96616-1699-43c5-a919-ede2c173cbb9: valid; 2.8 s; peak memory 9231 MiB.
2026-10-04T10:04:24Z INFO [1890/2500] 41a97ea0-9d72-4cda-a848-96f73a88e9d5: not valid; 1.2 s; peak memory 9231 MiB.
2026-10-04T10:04:25Z INFO [1891/2500] 41a99cdd-ef71-4419-a621-2345f47402ac: valid; 0.8 s; peak memory 9231 MiB.
2026-10-04T10:04:28Z INFO [1892/2500] 41a9ab09-c841-4495-991b-9f82b8204725: valid; 2.4 s; peak memory 9231 MiB.
2026-10-04T10:04:28Z WARNING 41a9ca9f-9e7b-4b7d-a272-a04d89a264f3: failed while retrieving asset information from the DANDI API (NotFoundError: No such Dandiset: 000948)
2026-10-04T10:04:28Z INFO [1894/2500] 41a9e7ee-de22-4789-96e2-3a53df4810be: valid; 0.6 s; peak memory 9231 MiB.
2026-10-04T10:04:30Z INFO [1895/2500] 41aa58c7-5d61-4c9c-aa31-cffd76da2f2c: valid; 1.8 s; peak memory 9231 MiB.
2026-10-04T10:04:31Z INFO [1896/2500] 41aa89f0-c2ec-49d3-95be-a047dd2538ee: valid; 0.8 s; peak memory 9231 MiB.
2026-10-04T10:04:32Z INFO [1897/2500] 41aac1e9-1477-42be-8e2e-01c3e76c0ab1: not valid; 0.7 s; peak memory 9231 MiB.
2026-10-04T10:04:33Z INFO [1898/2500] 41ab63c5-7c90-4ca6-8a0c-b3f8081981a3: valid; 1.6 s; peak memory 9231 MiB.
2026-10-04T10:04:34Z INFO [1899/2500] 41ac255a-d10f-49e4-a05a-d99cf59445fa: not valid; 1.3 s; peak memory 9231 MiB.
2026-10-04T10:04:35Z INFO [1900/2500] 41ac8c76-10de-42f0-b824-ee02082a8c11: valid; 0.9 s; peak memory 9231 MiB.
2026-10-04T10:04:36Z INFO [1900/2500] 41ac8c76-10de-42f0-b824-ee02082a8c11: checkpointed 107910 records.
2026-10-04T10:04:37Z INFO [1901/2500] 41aca539-b351-40fd-8c38-7e4442ff75ca: valid; 1.0 s; peak memory 9231 MiB.
2026-10-04T10:04:41Z INFO [1902/2500] 41acf188-7041-4cfd-9040-ce0cc53790dd: valid; 3.5 s; peak memory 9231 MiB.
2026-10-04T10:04:43Z INFO [1903/2500] 41acf48b-8176-47db-b23e-38dd45f0cd03: valid; 2.1 s; peak memory 9231 MiB.
2026-10-04T10:04:46Z INFO [1904/2500] 41ad69aa-51bf-42b7-94d9-7c05e8795fa1: valid; 3.2 s; peak memory 9231 MiB.
2026-10-04T10:04:47Z INFO [1905/2500] 41adb33c-7c6c-42c4-ae02-8b6d42fef8fd: valid; 0.9 s; peak memory 9231 MiB.
2026-10-04T10:04:48Z INFO [1906/2500] 41ae14d3-28d2-4b10-964d-abdd1ee98c5c: not valid; 0.9 s; peak memory 9231 MiB.
2026-10-04T10:04:49Z INFO [1907/2500] 41ae67fc-0930-4339-b2cb-7c03e9d56c98: valid; 1.7 s; peak memory 9231 MiB.
2026-10-04T10:04:51Z INFO [1908/2500] 41ae9ec8-cc94-4f0c-bee1-95d85611c2ca: valid; 1.6 s; peak memory 9231 MiB.
2026-10-04T10:04:52Z INFO [1909/2500] 41afb8f1-e2c6-44b4-837f-49f619e3b185: not valid; 1.0 s; peak memory 9231 MiB.
2026-10-04T10:04:53Z INFO [1910/2500] 41b0a985-1dee-40c9-a334-06f3110b87da: valid; 0.9 s; peak memory 9231 MiB.
2026-10-04T10:04:54Z INFO [1911/2500] 41b0c622-30f0-41b6-ad6b-ecda6a9e76c5: valid; 1.4 s; peak memory 9231 MiB.
2026-10-04T10:04:56Z INFO [1912/2500] 41b1526f-98f3-4282-b544-a7d4638de64c: not valid; 1.7 s; peak memory 9231 MiB.
2026-10-04T10:04:58Z INFO [1913/2500] 41b186a2-9fb5-41e9-931a-2539cf4689a8: valid; 2.1 s; peak memory 9231 MiB.
2026-10-04T10:04:59Z INFO [1914/2500] 41b1b45c-2596-4bb0-98ce-072c78dd38a5: valid; 0.7 s; peak memory 9231 MiB.
2026-10-04T10:05:00Z INFO [1915/2500] 41b27802-168b-4ccf-9bac-fa72889d36b5: valid; 0.9 s; peak memory 9231 MiB.
2026-10-04T10:05:00Z INFO [1916/2500] 41b2a1a9-c7e7-4f9d-aa37-0350abeefeba: valid; 0.6 s; peak memory 9231 MiB.
2026-10-04T10:05:02Z INFO [1917/2500] 41b2aa02-d328-436f-82e5-e064a9376793: valid; 1.3 s; peak memory 9231 MiB.
2026-10-04T10:05:03Z INFO [1918/2500] 41b2cbba-9c7d-467c-903b-1bad4ea1293b: valid; 1.2 s; peak memory 9231 MiB.
2026-10-04T10:05:05Z INFO [1919/2500] 41b30634-c3f3-4b30-a827-7400e3d1d8b2: not valid; 1.7 s; peak memory 9231 MiB.
2026-10-04T10:05:11Z INFO [1920/2500] 41b31993-5ae7-43bb-8fc2-fd6ad334c9d7: valid; 6.1 s; peak memory 9231 MiB.
2026-10-04T10:05:12Z INFO [1921/2500] 41b360af-89ba-42d7-8c1a-d86ab3198477: not valid; 1.3 s; peak memory 9231 MiB.
2026-10-04T10:05:13Z INFO [1922/2500] 41b3670b-124f-4d82-8291-29e72f00ec1e: valid; 1.1 s; peak memory 9231 MiB.
2026-10-04T10:05:14Z INFO [1923/2500] 41b373ae-a840-45ef-a429-20ce4bb6c414: valid; 0.7 s; peak memory 9231 MiB.
2026-10-04T10:05:28Z INFO [1924/2500] 41b409fb-3ce9-425f-a7aa-3765f0b1b8ea: valid; 14.1 s; peak memory 9231 MiB.
2026-10-04T10:05:36Z INFO [1925/2500] 41b417d2-2168-419e-8347-ebe5cb1d57b1: valid; 8.1 s; peak memory 9231 MiB.
2026-10-04T10:05:37Z INFO [1926/2500] 41b48296-9244-4ea3-8a0f-5f8e75790f5e: not valid; 1.0 s; peak memory 9231 MiB.
2026-10-04T10:05:38Z INFO [1927/2500] 41b49073-c1a5-47cf-b2f4-bf3fbf54b54f: valid; 0.9 s; peak memory 9231 MiB.
2026-10-04T10:05:40Z INFO [1928/2500] 41b4a54a-5005-43d9-aaa1-65680568d2af: valid; 2.1 s; peak memory 9231 MiB.
2026-10-04T10:05:42Z INFO [1929/2500] 41b4ca91-4c77-4367-a158-52499339ca4f: not valid; 2.2 s; peak memory 9231 MiB.
2026-10-04T10:05:43Z INFO [1930/2500] 41b5080d-7954-4df0-a4fd-24d0dcaffc0f: not valid; 1.2 s; peak memory 9231 MiB.
2026-10-04T10:05:45Z INFO [1931/2500] 41b51c92-ceaf-401d-9bd1-01163b8825d9: not valid; 1.1 s; peak memory 9231 MiB.
2026-10-04T10:05:45Z INFO [1932/2500] 41b522a5-90aa-43e7-89d0-83a7e0dde6a2: valid; 0.9 s; peak memory 9231 MiB.
2026-10-04T10:05:46Z INFO [1933/2500] 41b530d9-7f35-414a-a472-955514291c72: valid; 0.7 s; peak memory 9231 MiB.
2026-10-04T10:05:47Z INFO [1934/2500] 41b5430b-3063-4081-b189-e30ff4628e30: valid; 1.1 s; peak memory 9231 MiB.
2026-10-04T10:05:48Z INFO [1935/2500] 41b575f4-1ae9-4c63-b9f2-0ea668f33b48: valid; 1.2 s; peak memory 9231 MiB.
2026-10-04T10:05:50Z INFO [1936/2500] 41b73c2a-5cfe-4167-beda-942b725c15ad: valid; 1.9 s; peak memory 9231 MiB.
2026-10-04T10:05:51Z INFO [1937/2500] 41b774cd-e1e3-41f1-8632-90c954bb8dc5: valid; 1.0 s; peak memory 9231 MiB.
2026-10-04T10:05:53Z INFO [1938/2500] 41b798a7-0f8d-4acf-9803-a5f047bbb973: valid; 1.9 s; peak memory 9231 MiB.
2026-10-04T10:05:53Z WARNING 41b8ac9f-9df2-4292-ad23-02ec694e2120: failed while retrieving asset information from the DANDI API (NotFoundError: No asset at path 'sub-R2/sub-R2_ses-training-day1_obj-mnqp7z_behavior+ophys.nwb' in version 0.260415.1712. Verify the path is correct and the asset exists in this version. Use 'dandi ls' to list available assets.)
2026-10-04T10:05:53Z WARNING 41b98509-3cb3-4304-937a-16aa9e54bf8b: failed while retrieving asset information from the DANDI API (NotFoundError: No asset at path 'sub-ZS062/sub-ZS062_ses-behavior-ZS062-2021-04-23-17-27-03.nwb' in version 0.260928.2230. Verify the path is correct and the asset exists in this version. Use 'dandi ls' to list available assets.)
2026-10-04T10:05:54Z INFO [1941/2500] 41ba1a53-4397-425a-998f-505005e9fcac: valid; 0.8 s; peak memory 9231 MiB.
2026-10-04T10:05:55Z INFO [1942/2500] 41ba2ccf-9d4d-4773-8212-54c77fdbc5b2: valid; 0.8 s; peak memory 9231 MiB.
2026-10-04T10:05:57Z INFO [1943/2500] 41baa904-9d3d-4715-a106-0b7b044221c7: valid; 2.0 s; peak memory 9231 MiB.
2026-10-04T10:06:11Z INFO [1944/2500] 41bb1d04-47d2-46e0-b3c5-d9d002cd6b34: valid; 13.7 s; peak memory 9231 MiB.
2026-10-04T10:06:11Z INFO [1945/2500] 41bb910c-317e-4bfe-af05-a2798817c6c5: valid; 0.8 s; peak memory 9231 MiB.
2026-10-04T10:06:12Z INFO [1946/2500] 41bc1d74-cc85-49d0-a356-303203a20def: valid; 0.9 s; peak memory 9231 MiB.
2026-10-04T10:06:13Z INFO [1947/2500] 41bc6343-ae3f-4ae1-b773-fe8fdb374e79: not valid; 1.0 s; peak memory 9231 MiB.
2026-10-04T10:06:19Z INFO [1948/2500] 41bd593e-a7bb-4c4f-a831-71aaea96ca6d: not valid; 5.2 s; peak memory 9231 MiB.
2026-10-04T10:06:27Z INFO [1949/2500] 41bf3a4b-ea1e-409b-b3f6-829569680bdc: valid; 8.7 s; peak memory 9231 MiB.
2026-10-04T10:06:28Z INFO [1950/2500] 41bf51f8-f8bd-4d24-94b7-a4423ed73a33: not valid; 0.7 s; peak memory 9231 MiB.
2026-10-04T10:06:29Z INFO [1950/2500] 41bf51f8-f8bd-4d24-94b7-a4423ed73a33: checkpointed 107960 records.
2026-10-04T10:06:30Z INFO [1951/2500] 41bf7926-ef1c-4c57-8199-7370afccee01: valid; 0.9 s; peak memory 9231 MiB.
2026-10-04T10:06:30Z INFO [1952/2500] 41c040e3-753c-46f6-86f6-2a0aebc43261: valid; 0.5 s; peak memory 9231 MiB.
2026-10-04T10:06:31Z INFO [1953/2500] 41c06edf-b2d4-4b4e-9e11-32abf5e57a0e: not valid; 1.4 s; peak memory 9231 MiB.
2026-10-04T10:06:32Z INFO [1954/2500] 41c1b8b4-1e46-4245-8dff-6cce33fe72b7: valid; 0.9 s; peak memory 9231 MiB.
2026-10-04T10:06:36Z INFO [1955/2500] 41c2c3f8-312b-46d8-80f3-d91b98bcee47: valid; 4.0 s; peak memory 9231 MiB.
2026-10-04T10:06:45Z INFO [1956/2500] 41c2c893-0a3f-49b0-b81c-4edb7516b5eb: valid; 9.0 s; peak memory 9231 MiB.
2026-10-04T10:06:48Z INFO [1957/2500] 41c31382-a825-4d2b-a827-8de36d15b327: valid; 2.7 s; peak memory 9231 MiB.
2026-10-04T10:06:49Z INFO [1958/2500] 41c36086-bb9c-403f-882b-ecb847ab884b: valid; 0.9 s; peak memory 9231 MiB.
2026-10-04T10:06:50Z INFO [1959/2500] 41c39bf0-5ae5-42cc-a5fb-581485e91936: valid; 0.7 s; peak memory 9231 MiB.
2026-10-04T10:06:51Z INFO [1960/2500] 41c47e91-c60b-4123-8c19-9fd8eef0b656: valid; 1.6 s; peak memory 9231 MiB.
2026-10-04T10:06:52Z INFO [1961/2500] 41c5227e-60f8-4a1e-8b52-0def83207f93: not valid; 1.0 s; peak memory 9231 MiB.
2026-10-04T10:06:53Z INFO [1962/2500] 41c53dab-0f6f-4716-a6f5-f87bb2c424b3: valid; 0.8 s; peak memory 9231 MiB.
2026-10-04T10:06:54Z INFO [1963/2500] 41c57e6d-5247-4d3e-817c-11ad5c5e6e58: not valid; 1.3 s; peak memory 9231 MiB.
2026-10-04T10:07:02Z INFO [1964/2500] 41c613af-f028-4916-b90f-8b7b44f7e468: not valid; 8.3 s; peak memory 9231 MiB.
2026-10-04T10:07:04Z INFO [1965/2500] 41c671a2-e51b-4950-8d39-4b26b7509b85: valid; 1.3 s; peak memory 9231 MiB.
2026-10-04T10:07:05Z INFO [1966/2500] 41c6cf79-910c-4fb6-81a3-fde04aec7a28: valid; 1.0 s; peak memory 9231 MiB.
2026-10-04T10:07:06Z INFO [1967/2500] 41c6d2e6-0c03-4886-a512-097a2cb19541: valid; 1.3 s; peak memory 9231 MiB.
2026-10-04T10:07:07Z INFO [1968/2500] 41c6dee9-9101-474f-a291-4c44e978f53c: valid; 0.9 s; peak memory 9231 MiB.
2026-10-04T10:07:09Z WARNING 41c74009-dc44-4956-a6dc-46c6ecd89dc9: failed while opening the NWB file (ConstructError: (root/acquisition/event_code_meanings GroupBuilder {'attributes': {'colnames': array(['value', 'meaning'], dtype=object), 'description': 'Mapping integer event codes to event labels', 'namespace': 'ndx-events', 'neurodata_type': 'MeaningsTable', 'object_id': 'ef7a80a6-c8ef-4a8f-876a-78daf8d03718'}, 'groups': {}, 'datasets': {'id': root/acquisition/event_code_meanings/id DatasetBuilder {'attributes': {'namespace': 'hdmf-common', 'neurodata_type': 'ElementIdentifiers', 'object_id': '3029e7be-5eec-4c43-ad85-18b2991091fe'}, 'data': <HDF5 dataset "id": shape (26,), type "<i8">}, 'meaning': root/acquisition/event_code_meanings/meaning DatasetBuilder {'attributes': {'description': 'The meaning of the value in the parent CategoricalVectorData object.', 'namespace': 'hdmf-experimental', 'neurodata_type': 'VectorData', 'object_id': '30639e66-1527-4463-9465-89e2c9efe16b'}, 'data': <StrDataset for HDF5 dataset "meaning": shape (26,), type "|O">}, 'value': root/acquisition/event_code_meanings/value DatasetBuilder {'attributes': {'description': 'The value of the parent CategoricalVectorData object.', 'namespace': 'hdmf-experimental', 'neurodata_type': 'VectorData', 'object_id': 'c3ca96a0-7620-4991-a670-b98aa5a9a141'}, 'data': <HDF5 dataset "value": shape (26,), type "<i8">}}, 'links': {}}, "Could not construct MeaningsTable object due to: MeaningsTable.__init__: missing argument 'target'"))
2026-10-04T10:07:12Z INFO [1970/2500] 41c747f8-709f-49a9-9553-6923b37f088b: valid; 3.6 s; peak memory 9231 MiB.
2026-10-04T10:07:15Z INFO [1971/2500] 41c799a5-9102-436e-a227-d83fa509e074: valid; 2.5 s; peak memory 9231 MiB.
2026-10-04T10:07:16Z INFO [1972/2500] 41c84275-795d-4e3d-a4cb-36cd128f1dbb: valid; 1.3 s; peak memory 9231 MiB.
2026-10-04T10:07:17Z INFO [1973/2500] 41c851df-e32b-438e-bdde-0ecea42120b1: valid; 1.2 s; peak memory 9231 MiB.
2026-10-04T10:07:18Z INFO [1974/2500] 41c86677-e17a-4367-a679-e6d035a841ec: not valid; 1.1 s; peak memory 9231 MiB.
2026-10-04T10:07:20Z INFO [1975/2500] 41c8a306-b1d9-4e7d-a5b6-18772704f004: valid; 1.9 s; peak memory 9231 MiB.
2026-10-04T10:07:21Z INFO [1976/2500] 41c921ad-694a-47fb-9eb0-7789fc2e02f9: not valid; 1.0 s; peak memory 9231 MiB.
2026-10-04T10:07:22Z INFO [1977/2500] 41c99445-3ce4-4bb2-a4e0-2c32283b283a: valid; 1.0 s; peak memory 9231 MiB.
2026-10-04T10:07:23Z INFO [1978/2500] 41ca0fcb-3a8e-4e17-8393-1d5ac6e5c03d: valid; 0.8 s; peak memory 9231 MiB.
2026-10-04T10:07:24Z INFO [1979/2500] 41caa376-655a-4534-a450-3f357f780ada: not valid; 1.2 s; peak memory 9231 MiB.
2026-10-04T10:07:25Z INFO [1980/2500] 41cb0078-5476-4cf7-9c9e-3e4ccc547248: not valid; 1.1 s; peak memory 9231 MiB.
2026-10-04T10:07:32Z INFO [1981/2500] 41cb2013-f8eb-4b5e-8dae-85c1db7e614e: valid; 7.0 s; peak memory 9231 MiB.
2026-10-04T10:07:34Z INFO [1982/2500] 41cc115a-740a-44c5-bf23-3827cf333ac6: valid; 1.5 s; peak memory 9231 MiB.
2026-10-04T10:07:36Z INFO [1983/2500] 41cc2f80-3ed0-47e9-93a8-2eb7d12dd158: valid; 2.3 s; peak memory 9231 MiB.
2026-10-04T10:07:46Z INFO [1984/2500] 41cc57aa-fb7f-4a4e-a9b1-c10ab46ffb78: valid; 9.9 s; peak memory 9231 MiB.
2026-10-04T10:07:48Z INFO [1985/2500] 41ccb13a-16f5-41c5-9880-fc187dc7fb16: valid; 2.0 s; peak memory 9231 MiB.
2026-10-04T10:07:50Z INFO [1986/2500] 41cd2381-dac2-45ee-b307-0b2012a5f249: valid; 1.9 s; peak memory 9231 MiB.
2026-10-04T10:07:51Z INFO [1987/2500] 41cdfb1a-62fd-4186-8520-dd3fb9de5441: not valid; 0.8 s; peak memory 9231 MiB.
2026-10-04T10:07:56Z INFO [1988/2500] 41ceaa6b-6026-4278-b31f-62fd5c8e42ac: valid; 5.3 s; peak memory 9231 MiB.
2026-10-04T10:07:57Z INFO [1989/2500] 41ceb63f-18a1-457e-bb27-b1ac35d00eb2: not valid; 1.1 s; peak memory 9231 MiB.
2026-10-04T10:07:58Z INFO [1990/2500] 41cee94a-86f0-4453-ba26-fafd1cd9ec29: valid; 1.0 s; peak memory 9231 MiB.
2026-10-04T10:07:59Z INFO [1991/2500] 41cf3d02-b5f4-4a68-bd5e-42723c52e697: valid; 0.5 s; peak memory 9231 MiB.
2026-10-04T10:08:00Z INFO [1992/2500] 41d1240a-5cae-4295-8df0-9101a3bc35ca: valid; 1.3 s; peak memory 9231 MiB.
2026-10-04T10:08:01Z INFO [1993/2500] 41d15886-cc54-4505-aadc-dbabde1f6802: not valid; 1.2 s; peak memory 9231 MiB.
2026-10-04T10:08:02Z INFO [1994/2500] 41d188c0-c706-42fc-8662-82aac1e632c3: valid; 0.9 s; peak memory 9231 MiB.
2026-10-04T10:08:03Z INFO [1995/2500] 41d1c03a-d149-4e22-97a4-40763769c276: valid; 1.2 s; peak memory 9231 MiB.
2026-10-04T10:08:05Z INFO [1996/2500] 41d28313-ac2a-4b7a-af1d-5677a3af51fe: valid; 1.5 s; peak memory 9231 MiB.
2026-10-04T10:08:06Z INFO [1997/2500] 41d29241-eaaf-45b7-97a1-a94127cc0274: not valid; 1.1 s; peak memory 9231 MiB.
2026-10-04T10:08:13Z INFO [1998/2500] 41d2cc43-b4ae-4ad5-b40f-1e8340465427: valid; 6.6 s; peak memory 9231 MiB.
2026-10-04T10:08:14Z INFO [1999/2500] 41d316ff-fdfc-43f5-8943-9da9ed454270: not valid; 1.2 s; peak memory 9231 MiB.
2026-10-04T10:08:15Z INFO [2000/2500] 41d3218b-9f03-44fe-91c4-86ec38979252: valid; 1.2 s; peak memory 9231 MiB.
2026-10-04T10:08:16Z INFO [2000/2500] 41d3218b-9f03-44fe-91c4-86ec38979252: checkpointed 108010 records.
2026-10-04T10:08:16Z WARNING 41d32d69-8d6a-4f2d-a0ba-f0648bfc2a4e: failed while retrieving asset information from the DANDI API (NotFoundError: No asset at path 'sub-parkinson-simulated-lfp/sub-parkinson-simulated-lfp_ses-7140_ecephys.nwb' in version 0.250327.2220. Verify the path is correct and the asset exists in this version. Use 'dandi ls' to list available assets.)
2026-10-04T10:08:17Z INFO [2002/2500] 41d3f0f9-3346-4564-bb8e-dbe508beddc1: valid; 1.3 s; peak memory 9231 MiB.
2026-10-04T10:08:18Z INFO [2003/2500] 41d4763f-80b1-40a3-a27a-89c3c4ae8bd2: valid; 0.8 s; peak memory 9231 MiB.
2026-10-04T10:08:19Z INFO [2004/2500] 41d480ba-27c4-40cf-8651-6b2007114610: valid; 1.3 s; peak memory 9231 MiB.
2026-10-04T10:08:21Z INFO [2005/2500] 41d487aa-6eea-41b4-b61b-7ee9a1d1eedf: valid; 1.3 s; peak memory 9231 MiB.
2026-10-04T10:08:22Z INFO [2006/2500] 41d4976c-92a2-4fbc-9201-d5cdf04ba179: valid; 1.6 s; peak memory 9231 MiB.
2026-10-04T10:08:30Z INFO [2007/2500] 41d51d44-259d-4d7f-9727-21ab2ecda7a8: not valid; 7.6 s; peak memory 9231 MiB.
2026-10-04T10:08:31Z INFO [2008/2500] 41d55cfa-d05c-4a9f-b830-5eb4171c3d4b: valid; 1.2 s; peak memory 9231 MiB.
2026-10-04T10:08:32Z INFO [2009/2500] 41d572d8-af28-4dc5-81ae-b125691a62bd: valid; 0.7 s; peak memory 9231 MiB.
2026-10-04T10:08:33Z INFO [2010/2500] 41d6127d-b6bb-40e8-b39c-9923b24fb238: valid; 0.9 s; peak memory 9231 MiB.
2026-10-04T10:08:34Z INFO [2011/2500] 41d62c77-8a2b-41b2-911c-1bca5f95e852: valid; 1.0 s; peak memory 9231 MiB.
2026-10-04T10:08:35Z WARNING 41d67eed-0001-46d7-8207-adf3545a06d0: failed while opening the NWB file (ConstructError: (root/acquisition/_iblmic_audioSpectrogram/bands GroupBuilder {'attributes': {'colnames': array(['freq'], dtype=object), 'description': 'spectogram frequencies', 'namespace': 'core', 'neurodata_type': 'FrequencyBandsTable', 'object_id': '96bc20c0-96f4-4947-bcd2-2b65b6678c9f'}, 'groups': {}, 'datasets': {'freq': root/acquisition/_iblmic_audioSpectrogram/bands/freq DatasetBuilder {'attributes': {'description': 'frequency value', 'namespace': 'hdmf-common', 'neurodata_type': 'VectorData', 'object_id': '8ff05181-e57e-43c5-b347-127594f03a38'}, 'data': <HDF5 dataset "freq": shape (257,), type "<f4">}, 'id': root/acquisition/_iblmic_audioSpectrogram/bands/id DatasetBuilder {'attributes': {'namespace': 'hdmf-common', 'neurodata_type': 'ElementIdentifiers', 'object_id': 'e5bc4ec9-dccb-4d35-9ebe-b0b0ac42b18b'}, 'data': <HDF5 dataset "id": shape (257,), type "<i4">}}, 'links': {}}, "Could not construct FrequencyBandsTable object due to: column must have the same number of rows as 'id'"))
2026-10-04T10:08:36Z INFO [2013/2500] 41d70ef9-8c7b-4dcb-93aa-0fd307646b3d: valid; 1.0 s; peak memory 9231 MiB.
2026-10-04T10:08:46Z INFO [2014/2500] 41d7c2aa-aa03-48c4-ab63-cc1b2c234431: valid; 10.6 s; peak memory 9231 MiB.
2026-10-04T10:08:47Z INFO [2015/2500] 41d8bc53-1c18-4977-9485-83a8ef0506bf: not valid; 1.0 s; peak memory 9231 MiB.
2026-10-04T10:08:57Z INFO [2016/2500] 41d8e5b5-9fd5-4829-8a3f-6e3c2af6b2dc: valid; 9.2 s; peak memory 9231 MiB.
2026-10-04T10:08:59Z INFO [2017/2500] 41d92a40-9bce-47e7-a387-4d4063a34ce7: valid; 2.1 s; peak memory 9231 MiB.
2026-10-04T10:09:00Z INFO [2018/2500] 41d99642-4917-42ff-9bf0-86c2d7a5b846: valid; 1.6 s; peak memory 9231 MiB.
2026-10-04T10:09:00Z WARNING 41d9bfab-6dad-4700-8309-09ee830dd4e0: failed while retrieving asset information from the DANDI API (NotFoundError: No such Dandiset: 001269)
2026-10-04T10:09:04Z INFO [2020/2500] 41d9ee61-9d18-45df-aac5-60babf74f6b4: valid; 3.7 s; peak memory 9231 MiB.
2026-10-04T10:09:06Z INFO [2021/2500] 41da7a55-4dfb-480d-ae3c-daa991609016: valid; 1.6 s; peak memory 9231 MiB.
2026-10-04T10:09:06Z INFO [2022/2500] 41db3d3e-aba2-4ea4-b0e4-90c964b5754e: valid; 0.9 s; peak memory 9231 MiB.
2026-10-04T10:09:07Z INFO [2023/2500] 41db7cfc-48b4-4a3a-9e8f-af84cbca15a4: not valid; 0.9 s; peak memory 9231 MiB.
2026-10-04T10:09:11Z INFO [2024/2500] 41dba227-0dbf-4971-a079-4d0bef4d5371: not valid; 3.2 s; peak memory 9231 MiB.
2026-10-04T10:09:12Z INFO [2025/2500] 41dbc6ed-4eb2-43db-a38e-dbc46d72990b: valid; 1.0 s; peak memory 9231 MiB.
2026-10-04T10:09:13Z INFO [2026/2500] 41dc177d-bd35-4d86-85c4-eff5ff3dee73: not valid; 1.2 s; peak memory 9231 MiB.
2026-10-04T10:09:15Z INFO [2027/2500] 41dc5ead-1175-444d-84bd-1a80aeddac95: valid; 2.7 s; peak memory 9231 MiB.
2026-10-04T10:09:17Z INFO [2028/2500] 41dcdf66-d25a-4429-afb2-4a2a02ae1fad: valid; 1.3 s; peak memory 9231 MiB.
2026-10-04T10:09:18Z INFO [2029/2500] 41dd8f87-4aca-44f8-a5f4-c19266348c8e: valid; 1.0 s; peak memory 9231 MiB.
2026-10-04T10:09:19Z INFO [2030/2500] 41de25e3-9ba5-4979-a82a-352a48f5a95f: not valid; 1.1 s; peak memory 9231 MiB.
2026-10-04T10:09:21Z INFO [2031/2500] 41dfbd1f-8ada-47cd-a095-669743840497: valid; 1.9 s; peak memory 9231 MiB.
2026-10-04T10:09:23Z INFO [2032/2500] 41e00a14-bfa1-40b9-9814-e04babe1bacc: valid; 2.5 s; peak memory 9231 MiB.
2026-10-04T10:09:24Z INFO [2033/2500] 41e0728c-c161-4cdd-8701-371b2e405151: valid; 0.6 s; peak memory 9231 MiB.
2026-10-04T10:09:24Z INFO [2034/2500] 41e0e65d-2f43-441b-bf26-27b7e900a4e1: valid; 0.7 s; peak memory 9231 MiB.
2026-10-04T10:09:25Z INFO [2035/2500] 41e15c52-d34d-4146-a449-2374595bbc83: valid; 0.8 s; peak memory 9231 MiB.
2026-10-04T10:09:36Z INFO [2036/2500] 41e1de09-0a10-478b-842f-d27d0344f1da: valid; 10.8 s; peak memory 9231 MiB.
2026-10-04T10:09:37Z INFO [2037/2500] 41e1f714-d1e1-45eb-b8ff-9f0bf0378f74: valid; 0.9 s; peak memory 9231 MiB.
2026-10-04T10:09:44Z INFO [2038/2500] 41e20797-243e-42d7-bf5c-0e4c50531311: valid; 7.1 s; peak memory 9231 MiB.
2026-10-04T10:09:45Z INFO [2039/2500] 41e24988-ca32-4369-8d45-056d8fcd6112: valid; 0.8 s; peak memory 9231 MiB.
2026-10-04T10:09:46Z INFO [2040/2500] 41e25ba8-22c2-46b0-a039-43762618f226: valid; 0.8 s; peak memory 9231 MiB.
2026-10-04T10:09:47Z INFO [2041/2500] 41e2d4db-ff29-4853-8f05-226a63878509: valid; 1.3 s; peak memory 9231 MiB.
2026-10-04T10:09:50Z INFO [2042/2500] 41e442c9-1d96-4dc2-867a-c1425787e272: valid; 3.1 s; peak memory 9231 MiB.
2026-10-04T10:09:51Z INFO [2043/2500] 41e466d7-61c1-48e6-9778-6e7a5e78c16d: valid; 1.2 s; peak memory 9231 MiB.
2026-10-04T10:09:53Z INFO [2044/2500] 41e4c736-9d4d-4e07-9dd3-953f757781bb: valid; 1.3 s; peak memory 9231 MiB.
2026-10-04T10:09:53Z INFO [2045/2500] 41e5ccac-3fc2-44f0-9bfd-feca736c0fa9: valid; 0.7 s; peak memory 9231 MiB.
2026-10-04T10:09:56Z INFO [2046/2500] 41e5d500-016c-4fa2-8a35-b7b8cb29d1df: valid; 2.7 s; peak memory 9231 MiB.
2026-10-04T10:09:57Z INFO [2047/2500] 41e5df49-aa9c-4ecf-9103-dff017059566: not valid; 0.9 s; peak memory 9231 MiB.
2026-10-04T10:09:59Z INFO [2048/2500] 41e5f340-f10e-42fb-b9c4-7c073c514843: valid; 1.9 s; peak memory 9231 MiB.
2026-10-04T10:10:01Z INFO [2049/2500] 41e64dec-082b-45b0-be27-7ff0aa42aac3: valid; 1.7 s; peak memory 9231 MiB.
2026-10-04T10:10:02Z INFO [2050/2500] 41e6b194-559e-46fb-92bf-6d31b3cc82d4: valid; 0.9 s; peak memory 9231 MiB.
2026-10-04T10:10:02Z INFO [2050/2500] 41e6b194-559e-46fb-92bf-6d31b3cc82d4: checkpointed 108060 records.
2026-10-04T10:10:03Z INFO [2051/2500] 41e6b3b9-0b83-43b9-9f46-b8a11671ae85: valid; 0.9 s; peak memory 9231 MiB.
2026-10-04T10:10:04Z INFO [2052/2500] 41e6df6f-b9ad-4ce8-a025-0aacd587366b: valid; 0.8 s; peak memory 9231 MiB.
2026-10-04T10:10:06Z INFO [2053/2500] 41e83d44-7092-41fd-a4b9-7399d491ecd3: valid; 2.3 s; peak memory 9231 MiB.
2026-10-04T10:10:07Z INFO [2054/2500] 41e88e87-9cd5-42de-b028-21b455dd71d1: valid; 0.9 s; peak memory 9231 MiB.
2026-10-04T10:10:08Z INFO [2055/2500] 41e99179-5ce8-4ae8-b8ac-7bd3d70d6d46: valid; 0.8 s; peak memory 9231 MiB.
2026-10-04T10:10:10Z INFO [2056/2500] 41ea511b-d127-41ce-b9bc-4a9284fad224: valid; 1.9 s; peak memory 9231 MiB.
2026-10-04T10:10:11Z INFO [2057/2500] 41ea8b4e-8afa-419e-aebe-b3c7198db223: valid; 1.4 s; peak memory 9231 MiB.
2026-10-04T10:10:12Z INFO [2058/2500] 41eaa854-80ad-4db7-9fbb-bec7750baa97: valid; 1.2 s; peak memory 9231 MiB.
2026-10-04T10:10:22Z INFO [2059/2500] 41eab0ff-42d6-4463-b293-b9f06b07be66: valid; 9.3 s; peak memory 9231 MiB.
2026-10-04T10:10:23Z INFO [2060/2500] 41eb0202-4e75-4983-877c-331ad8152251: valid; 1.5 s; peak memory 9231 MiB.
2026-10-04T10:10:25Z INFO [2061/2500] 41ec437a-0db7-411f-8e37-fa81d8c4e886: not valid; 1.7 s; peak memory 9231 MiB.
2026-10-04T10:10:25Z WARNING 41ecf8c3-bc7b-47b4-8d9a-0132e16fe138: failed while retrieving asset information from the DANDI API (NotFoundError: No asset at path 'sub-R2/sub-R2_ses-20190216T210000_behavior+ophys.nwb' in version 0.260415.1712. Verify the path is correct and the asset exists in this version. Use 'dandi ls' to list available assets.)
2026-10-04T10:10:26Z INFO [2063/2500] 41ed2fce-265e-4578-9552-60e14c6ddbca: not valid; 1.3 s; peak memory 9231 MiB.
2026-10-04T10:10:27Z INFO [2064/2500] 41ed97e7-e6b5-4d0a-a8dd-3904e53ce85b: valid; 0.9 s; peak memory 9231 MiB.
2026-10-04T10:10:28Z INFO [2065/2500] 41ee3502-697f-4367-8da3-e6a5b45ced06: valid; 0.9 s; peak memory 9231 MiB.
2026-10-04T10:10:29Z INFO [2066/2500] 41ef3e60-ff5d-4f8b-a148-62806429505c: valid; 1.4 s; peak memory 9231 MiB.
2026-10-04T10:10:34Z INFO [2067/2500] 41ef3e66-aebc-4828-85a9-c4a9a0bd6304: not valid; 4.4 s; peak memory 9231 MiB.
2026-10-04T10:10:37Z INFO [2068/2500] 41ef9380-bb65-4c4c-85b7-80e0183faeb6: valid; 3.4 s; peak memory 9231 MiB.
2026-10-04T10:10:39Z INFO [2069/2500] 41f01b26-1918-405c-9878-84a018aadc0a: valid; 2.1 s; peak memory 9231 MiB.
2026-10-04T10:10:41Z INFO [2070/2500] 41f096db-fb24-43b7-b80b-a66ede477791: valid; 1.3 s; peak memory 9231 MiB.
2026-10-04T10:10:42Z INFO [2071/2500] 41f0ac85-477f-4473-92b7-27dfa23b7670: valid; 1.3 s; peak memory 9231 MiB.
2026-10-04T10:10:43Z INFO [2072/2500] 41f0d534-7794-4bac-b76f-5a788a89ff85: valid; 0.8 s; peak memory 9231 MiB.
2026-10-04T10:10:48Z INFO [2073/2500] 41f0d62f-7105-403a-8c54-59c4b293c83e: not valid; 5.7 s; peak memory 9231 MiB.
2026-10-04T10:10:50Z INFO [2074/2500] 41f19daf-9c91-40df-ac0c-ca8e05e2fd3b: valid; 1.7 s; peak memory 9231 MiB.
2026-10-04T10:10:52Z INFO [2075/2500] 41f29809-50d8-4a0f-939d-0250660fe90d: valid; 1.9 s; peak memory 9231 MiB.
2026-10-04T10:10:55Z INFO [2076/2500] 41f35892-de3c-49b0-81d0-a662a7c309ee: valid; 3.3 s; peak memory 9231 MiB.
2026-10-04T10:10:57Z INFO [2077/2500] 41f35c71-927b-489f-9116-be74eae1abc6: valid; 1.5 s; peak memory 9231 MiB.
2026-10-04T10:11:04Z INFO [2078/2500] 41f36455-1483-4435-8f86-f18634db56fe: valid; 6.9 s; peak memory 9231 MiB.
2026-10-04T10:11:06Z WARNING 41f39160-c819-48e4-8dd9-00922deb0eec: failed while opening the NWB file (ConstructError: (root/acquisition/_iblmic_audioSpectrogram/bands GroupBuilder {'attributes': {'colnames': array(['freq'], dtype=object), 'description': 'spectogram frequencies', 'namespace': 'core', 'neurodata_type': 'FrequencyBandsTable', 'object_id': 'caefe83b-09ce-4d5f-a7e7-8d6fb91bb18b'}, 'groups': {}, 'datasets': {'freq': root/acquisition/_iblmic_audioSpectrogram/bands/freq DatasetBuilder {'attributes': {'description': 'frequency value', 'namespace': 'hdmf-common', 'neurodata_type': 'VectorData', 'object_id': '9d9e3346-3581-4e32-bbcc-70aea6dc5625'}, 'data': <HDF5 dataset "freq": shape (257,), type "<f4">}, 'id': root/acquisition/_iblmic_audioSpectrogram/bands/id DatasetBuilder {'attributes': {'namespace': 'hdmf-common', 'neurodata_type': 'ElementIdentifiers', 'object_id': '41a971f0-63c0-4966-a645-dcb34fb30aa1'}, 'data': <HDF5 dataset "id": shape (257,), type "<i4">}}, 'links': {}}, "Could not construct FrequencyBandsTable object due to: column must have the same number of rows as 'id'"))
2026-10-04T10:11:06Z INFO [2080/2500] 41f3ac45-c645-4245-aa87-57440a4ff582: valid; 0.8 s; peak memory 9231 MiB.
2026-10-04T10:11:08Z INFO [2081/2500] 41f42e89-c12c-4d3e-a176-bfd81ad16b57: valid; 1.7 s; peak memory 9231 MiB.
2026-10-04T10:11:09Z INFO [2082/2500] 41f44dd6-ab98-424f-a336-8be7433cf469: valid; 0.9 s; peak memory 9231 MiB.
2026-10-04T10:11:10Z INFO [2083/2500] 41f453ca-d450-4267-ad6e-53c2faf2a0b5: not valid; 1.0 s; peak memory 9231 MiB.
2026-10-04T10:11:11Z INFO [2084/2500] 41f46c9f-c477-45bf-8de8-22aac4b90a6a: valid; 0.6 s; peak memory 9231 MiB.
2026-10-04T10:11:13Z INFO [2085/2500] 41f484a4-5ff1-460b-82c8-40d469b02d59: valid; 2.1 s; peak memory 9231 MiB.
2026-10-04T10:11:14Z INFO [2086/2500] 41f52e12-802c-49c9-b2b5-de0e5f4d4a1a: valid; 1.7 s; peak memory 9231 MiB.
2026-10-04T10:11:16Z INFO [2087/2500] 41f53669-63dd-472a-8295-9db053c1ddf9: valid; 2.0 s; peak memory 9231 MiB.
2026-10-04T10:11:16Z WARNING 41f53f8c-5ae2-4b49-a4f9-2f6ccac30f93: failed while retrieving asset information from the DANDI API (NotFoundError: No asset at path 'sub-456772/sub-456772_ses-20191121T124405_behavior+ecephys+ogen.nwb' in version 0.231012.2129. Verify the path is correct and the asset exists in this version. Use 'dandi ls' to list available assets.)
2026-10-04T10:11:17Z INFO [2089/2500] 41f55fab-2c2b-429f-b544-9dd11ee7a7ab: not valid; 1.1 s; peak memory 9231 MiB.
2026-10-04T10:11:19Z INFO [2090/2500] 41f57345-5bbe-47da-ac5d-7ba339f5aca3: valid; 1.3 s; peak memory 9231 MiB.
2026-10-04T10:11:20Z INFO [2091/2500] 41f58a06-2c04-4d74-a59a-e9f816037d1e: valid; 0.7 s; peak memory 9231 MiB.
2026-10-04T10:11:20Z INFO [2092/2500] 41f60b27-a76f-419b-97d2-f998ac0ff908: valid; 0.9 s; peak memory 9231 MiB.
2026-10-04T10:11:21Z INFO [2093/2500] 41f6be5c-cd8f-4058-b1ab-9362d5a0c913: not valid; 1.0 s; peak memory 9231 MiB.
2026-10-04T10:11:27Z INFO [2094/2500] 41f6bfde-0efb-43ab-b05c-aff05811fd6d: valid; 5.2 s; peak memory 9231 MiB.
2026-10-04T10:11:28Z INFO [2095/2500] 41f74b39-4b55-4a2c-95e7-44a5dfa3d763: valid; 1.4 s; peak memory 9231 MiB.
2026-10-04T10:11:29Z INFO [2096/2500] 41f7539a-8d6e-40d3-9e2c-a14f0dd91f50: valid; 1.4 s; peak memory 9231 MiB.
2026-10-04T10:11:30Z INFO [2097/2500] 41f7f76f-9838-4b4c-a9b4-d722c45dad0c: valid; 0.8 s; peak memory 9231 MiB.
2026-10-04T10:11:36Z INFO [2098/2500] 41f87127-b132-4282-935a-4d4e91a30430: valid; 6.1 s; peak memory 9231 MiB.
2026-10-04T10:11:38Z INFO [2099/2500] 41f894af-8739-46a7-8bc3-8ea3a0d77950: valid; 1.3 s; peak memory 9231 MiB.
2026-10-04T10:11:38Z INFO [2100/2500] 41f8a1d9-603d-460c-a2e1-094b2c98b834: valid; 0.8 s; peak memory 9231 MiB.
2026-10-04T10:11:39Z INFO [2100/2500] 41f8a1d9-603d-460c-a2e1-094b2c98b834: checkpointed 108110 records.
2026-10-04T10:11:41Z INFO [2101/2500] 41f92cbf-8430-46c5-86ac-17c068a80080: valid; 1.3 s; peak memory 9231 MiB.
2026-10-04T10:11:42Z INFO [2102/2500] 41f98088-6518-4793-b0db-dac2dabe729e: valid; 1.8 s; peak memory 9231 MiB.
2026-10-04T10:11:43Z INFO [2103/2500] 41fa37d3-0240-43c8-a887-56d534474d34: valid; 0.8 s; peak memory 9231 MiB.
2026-10-04T10:11:44Z INFO [2104/2500] 41fa8c60-7d18-4e85-980f-984943c40988: valid; 0.8 s; peak memory 9231 MiB.
2026-10-04T10:11:45Z INFO [2105/2500] 41fa9971-3c82-4f81-8172-9aa4c4a5f881: valid; 0.6 s; peak memory 9231 MiB.
2026-10-04T10:11:45Z INFO [2106/2500] 41fb1c44-5f86-4a2a-b848-44366dd1702d: valid; 0.8 s; peak memory 9231 MiB.
2026-10-04T10:11:46Z INFO [2107/2500] 41fb5d09-3571-4438-bbb3-7f5f71673e04: valid; 0.7 s; peak memory 9231 MiB.
2026-10-04T10:11:47Z INFO [2108/2500] 41fba37c-23be-4ab0-9430-d66c8e76d6c5: valid; 1.0 s; peak memory 9231 MiB.
2026-10-04T10:11:48Z WARNING 41fc2034-0222-4794-9601-ba9303d679c0: failed while opening the NWB file (ConstructError: (root/acquisition/_iblmic_audioSpectrogram/bands GroupBuilder {'attributes': {'colnames': array(['freq'], dtype=object), 'description': 'spectogram frequencies', 'namespace': 'core', 'neurodata_type': 'FrequencyBandsTable', 'object_id': '5a778fdd-fa56-462f-af9a-a1a93541a3aa'}, 'groups': {}, 'datasets': {'freq': root/acquisition/_iblmic_audioSpectrogram/bands/freq DatasetBuilder {'attributes': {'description': 'frequency value', 'namespace': 'hdmf-common', 'neurodata_type': 'VectorData', 'object_id': 'cb786ad0-2cd5-4018-ac60-9480ed4eb686'}, 'data': <HDF5 dataset "freq": shape (257,), type "<f4">}, 'id': root/acquisition/_iblmic_audioSpectrogram/bands/id DatasetBuilder {'attributes': {'namespace': 'hdmf-common', 'neurodata_type': 'ElementIdentifiers', 'object_id': '190dfea9-54d3-43a4-8c0a-4312994613a0'}, 'data': <HDF5 dataset "id": shape (257,), type "<i4">}}, 'links': {}}, "Could not construct FrequencyBandsTable object due to: column must have the same number of rows as 'id'"))
2026-10-04T10:11:52Z INFO [2110/2500] 41fdd21e-c6ac-497f-850f-312a849ad3f9: valid; 3.3 s; peak memory 9231 MiB.
2026-10-04T10:11:53Z INFO [2111/2500] 41ff1755-470d-4689-8f18-154e7742f4e3: valid; 1.8 s; peak memory 9231 MiB.
2026-10-04T10:11:55Z INFO [2112/2500] 41ff69ef-fdc6-443d-92af-5811482a7445: valid; 1.1 s; peak memory 9231 MiB.
2026-10-04T10:11:56Z INFO [2113/2500] 41fffc6b-95f0-4448-8155-75a193264f1d: valid; 1.3 s; peak memory 9231 MiB.
2026-10-04T10:11:57Z WARNING 4200342c-5bc1-4a99-bc9b-6e12ae4c810e: failed while opening the NWB file (ConstructError: (root/acquisition/_iblmic_audioSpectrogram/bands GroupBuilder {'attributes': {'colnames': array(['freq'], dtype=object), 'description': 'spectogram frequencies', 'namespace': 'core', 'neurodata_type': 'FrequencyBandsTable', 'object_id': '30891edf-d8e6-4b2a-b29c-e436685d2be7'}, 'groups': {}, 'datasets': {'freq': root/acquisition/_iblmic_audioSpectrogram/bands/freq DatasetBuilder {'attributes': {'description': 'frequency value', 'namespace': 'hdmf-common', 'neurodata_type': 'VectorData', 'object_id': '3c633daa-8108-419c-943d-18bbd05a88f8'}, 'data': <HDF5 dataset "freq": shape (257,), type "<f4">}, 'id': root/acquisition/_iblmic_audioSpectrogram/bands/id DatasetBuilder {'attributes': {'namespace': 'hdmf-common', 'neurodata_type': 'ElementIdentifiers', 'object_id': 'fb06cb44-e88c-4444-a120-3da71b54d945'}, 'data': <HDF5 dataset "id": shape (257,), type "<i4">}}, 'links': {}}, "Could not construct FrequencyBandsTable object due to: column must have the same number of rows as 'id'"))
2026-10-04T10:11:58Z INFO [2115/2500] 42003720-f1f5-4731-8d82-c80c0eb7e577: valid; 1.0 s; peak memory 9231 MiB.
2026-10-04T10:11:59Z INFO [2116/2500] 4200e439-cc09-4638-b841-b9f3b5c1182a: valid; 1.4 s; peak memory 9231 MiB.
2026-10-04T10:12:03Z INFO [2117/2500] 4200e5f7-3bc9-4db7-9391-c6b7ea58b403: valid; 3.8 s; peak memory 9231 MiB.
2026-10-04T10:12:05Z INFO [2118/2500] 42020b74-2606-455b-a672-057c13ecc12a: valid; 1.5 s; peak memory 9231 MiB.
2026-10-04T10:12:07Z INFO [2119/2500] 4202259a-14a0-4a3d-8507-e7561f34a55f: valid; 2.4 s; peak memory 9231 MiB.
2026-10-04T10:12:08Z INFO [2120/2500] 42026610-39a6-42d7-9dc7-044b6e64fae5: valid; 0.9 s; peak memory 9231 MiB.
2026-10-04T10:12:10Z INFO [2121/2500] 4203ac85-8ca5-4aef-828f-a33de3db2bf4: valid; 1.9 s; peak memory 9231 MiB.
2026-10-04T10:12:11Z INFO [2122/2500] 4203c4a2-c777-4bc2-974e-c5c2ebf3f323: valid; 0.9 s; peak memory 9231 MiB.
2026-10-04T10:12:12Z INFO [2123/2500] 420440c5-6481-45e7-8d98-8596178d6d81: valid; 1.2 s; peak memory 9231 MiB.
2026-10-04T10:12:13Z INFO [2124/2500] 42044a26-3e98-49ae-b7c3-97449412701e: not valid; 0.9 s; peak memory 9231 MiB.
2026-10-04T10:12:14Z INFO [2125/2500] 42048c77-40c1-447f-b171-55c9b180e104: valid; 1.2 s; peak memory 9231 MiB.
2026-10-04T10:12:19Z INFO [2126/2500] 420504fe-3b3d-45bd-b5a0-22f890a87eca: not valid; 4.7 s; peak memory 9231 MiB.
2026-10-04T10:12:24Z INFO [2127/2500] 42050cae-0ac6-4e9a-921f-97e6f25c8af5: valid; 4.8 s; peak memory 9231 MiB.
2026-10-04T10:12:25Z INFO [2128/2500] 4206ae06-08d9-4d65-b1e9-80657f398abc: valid; 1.8 s; peak memory 9231 MiB.
2026-10-04T10:12:26Z INFO [2129/2500] 42086c55-5c58-4582-8c30-35183e2ec45a: not valid; 0.8 s; peak memory 9231 MiB.
2026-10-04T10:12:28Z INFO [2130/2500] 4208dd41-7931-42d8-9a8e-86e99bcbf661: valid; 2.1 s; peak memory 9231 MiB.
2026-10-04T10:12:29Z INFO [2131/2500] 4208fc9e-860a-4955-8958-41f2c360a456: valid; 0.7 s; peak memory 9231 MiB.
2026-10-04T10:12:31Z INFO [2132/2500] 420904d5-acc8-4e04-85d2-38f2c114593c: valid; 2.0 s; peak memory 9231 MiB.
2026-10-04T10:12:38Z INFO [2133/2500] 4209543f-104d-47c6-91b1-d364f98e9a4a: valid; 6.7 s; peak memory 9231 MiB.
2026-10-04T10:12:40Z INFO [2134/2500] 420a82b4-c127-4218-936b-c5d52d443843: valid; 1.8 s; peak memory 9231 MiB.
2026-10-04T10:12:41Z WARNING 420aee7b-4186-47ea-b440-20189af7f610: failed while opening the NWB file (ConstructError: (root/acquisition/_iblmic_audioSpectrogram/bands GroupBuilder {'attributes': {'colnames': array(['freq'], dtype=object), 'description': 'spectogram frequencies', 'namespace': 'core', 'neurodata_type': 'FrequencyBandsTable', 'object_id': 'b0ff666e-6eb0-4798-b6e4-ec97936eea1b'}, 'groups': {}, 'datasets': {'freq': root/acquisition/_iblmic_audioSpectrogram/bands/freq DatasetBuilder {'attributes': {'description': 'frequency value', 'namespace': 'hdmf-common', 'neurodata_type': 'VectorData', 'object_id': '54c1899e-8c81-4f89-b399-4c19fc4c2458'}, 'data': <HDF5 dataset "freq": shape (257,), type "<f4">}, 'id': root/acquisition/_iblmic_audioSpectrogram/bands/id DatasetBuilder {'attributes': {'namespace': 'hdmf-common', 'neurodata_type': 'ElementIdentifiers', 'object_id': '07c6ecfd-a442-4f75-af33-3df246996ccf'}, 'data': <HDF5 dataset "id": shape (257,), type "<i4">}}, 'links': {}}, "Could not construct FrequencyBandsTable object due to: column must have the same number of rows as 'id'"))
2026-10-04T10:12:42Z INFO [2136/2500] 420b10bc-3606-458b-b242-41ad78c164f3: valid; 0.9 s; peak memory 9231 MiB.
2026-10-04T10:12:43Z WARNING 420b434d-d0cf-4dc0-a08d-b7d1f95b4c5b: failed while opening the NWB file (ConstructError: (root/acquisition/_iblmic_audioSpectrogram/bands GroupBuilder {'attributes': {'colnames': array(['freq'], dtype=object), 'description': 'spectogram frequencies', 'namespace': 'core', 'neurodata_type': 'FrequencyBandsTable', 'object_id': '19da0f58-dfc2-4126-a08d-91c90dd6c158'}, 'groups': {}, 'datasets': {'freq': root/acquisition/_iblmic_audioSpectrogram/bands/freq DatasetBuilder {'attributes': {'description': 'frequency value', 'namespace': 'hdmf-common', 'neurodata_type': 'VectorData', 'object_id': '51f16e33-9ab7-4bbf-826e-bfd95640f400'}, 'data': <HDF5 dataset "freq": shape (257,), type "<f4">}, 'id': root/acquisition/_iblmic_audioSpectrogram/bands/id DatasetBuilder {'attributes': {'namespace': 'hdmf-common', 'neurodata_type': 'ElementIdentifiers', 'object_id': '1348cc56-24c9-47a1-8036-f81628417e53'}, 'data': <HDF5 dataset "id": shape (257,), type "<i4">}}, 'links': {}}, "Could not construct FrequencyBandsTable object due to: column must have the same number of rows as 'id'"))
2026-10-04T10:12:44Z WARNING 420c0bd6-a4a5-4c62-af26-babab1778fcd: failed while opening the NWB file (ConstructError: (root/acquisition/_iblmic_audioSpectrogram/bands GroupBuilder {'attributes': {'colnames': array(['freq'], dtype=object), 'description': 'spectogram frequencies', 'namespace': 'core', 'neurodata_type': 'FrequencyBandsTable', 'object_id': 'ddd7d121-98d2-4163-8f32-b2288d26d238'}, 'groups': {}, 'datasets': {'freq': root/acquisition/_iblmic_audioSpectrogram/bands/freq DatasetBuilder {'attributes': {'description': 'frequency value', 'namespace': 'hdmf-common', 'neurodata_type': 'VectorData', 'object_id': '9be71740-27ad-4af0-9f29-87f93858f432'}, 'data': <HDF5 dataset "freq": shape (257,), type "<f4">}, 'id': root/acquisition/_iblmic_audioSpectrogram/bands/id DatasetBuilder {'attributes': {'namespace': 'hdmf-common', 'neurodata_type': 'ElementIdentifiers', 'object_id': '245404f0-1d77-48fd-a743-b31523a9dc77'}, 'data': <HDF5 dataset "id": shape (257,), type "<i4">}}, 'links': {}}, "Could not construct FrequencyBandsTable object due to: column must have the same number of rows as 'id'"))
2026-10-04T10:12:44Z WARNING 420c546b-0773-4d9f-9940-ca5795ee830a: failed while retrieving asset information from the DANDI API (NotFoundError: No asset at path 'sub-LG615/sub-LG615_ses-20250916_obj-1s76ws9_ophys.nwb' in version 0.260915.2135. Verify the path is correct and the asset exists in this version. Use 'dandi ls' to list available assets.)
2026-10-04T10:12:52Z INFO [2140/2500] 420c904b-d28d-4f07-8af0-10ccf63e94bc: not valid; 8.0 s; peak memory 9231 MiB.
2026-10-04T10:13:03Z INFO [2141/2500] 420ccfb1-4332-48e8-8ae3-fff9b7282af0: valid; 10.7 s; peak memory 9231 MiB.
2026-10-04T10:13:04Z INFO [2142/2500] 420d1fac-da90-436b-a879-34698dd58124: valid; 1.0 s; peak memory 9231 MiB.
2026-10-04T10:13:06Z INFO [2143/2500] 420d224f-32f4-47a0-8470-e5c4b657b7df: valid; 1.8 s; peak memory 9231 MiB.
2026-10-04T10:13:09Z INFO [2144/2500] 420d9645-86ab-473c-a03d-abda1f0cf0a6: valid; 3.2 s; peak memory 9231 MiB.
2026-10-04T10:13:10Z WARNING 420e7e6a-8cb2-4ab0-a11f-0f64b1ec3761: failed while opening the NWB file (ConstructError: (root/acquisition/_iblmic_audioSpectrogram/bands GroupBuilder {'attributes': {'colnames': array(['freq'], dtype=object), 'description': 'spectogram frequencies', 'namespace': 'core', 'neurodata_type': 'FrequencyBandsTable', 'object_id': '55d8a40a-9efe-4c82-ac86-4b3d07f61a66'}, 'groups': {}, 'datasets': {'freq': root/acquisition/_iblmic_audioSpectrogram/bands/freq DatasetBuilder {'attributes': {'description': 'frequency value', 'namespace': 'hdmf-common', 'neurodata_type': 'VectorData', 'object_id': '90d6da49-95fc-4572-a7f9-60a4d4a3a553'}, 'data': <HDF5 dataset "freq": shape (257,), type "<f4">}, 'id': root/acquisition/_iblmic_audioSpectrogram/bands/id DatasetBuilder {'attributes': {'namespace': 'hdmf-common', 'neurodata_type': 'ElementIdentifiers', 'object_id': '3ecc1852-ddba-42ce-a90c-46533207656f'}, 'data': <HDF5 dataset "id": shape (257,), type "<i4">}}, 'links': {}}, "Could not construct FrequencyBandsTable object due to: column must have the same number of rows as 'id'"))
2026-10-04T10:13:12Z INFO [2146/2500] 420ece64-9fce-4399-9c33-150292b3674f: valid; 1.0 s; peak memory 9231 MiB.
2026-10-04T10:13:22Z INFO [2147/2500] 420ff343-c900-451b-9b3a-27ac44ce434b: valid; 10.3 s; peak memory 9231 MiB.
2026-10-04T10:13:24Z INFO [2148/2500] 421181d0-285d-40eb-805d-13f00a657d5a: valid; 2.1 s; peak memory 9231 MiB.
2026-10-04T10:13:25Z INFO [2149/2500] 4211b254-45dd-49f5-a967-2793045251f6: valid; 1.0 s; peak memory 9231 MiB.
2026-10-04T10:13:32Z INFO [2150/2500] 42123688-0276-4bc9-b2d0-604b2bbf1b77: valid; 7.3 s; peak memory 9231 MiB.
2026-10-04T10:13:33Z INFO [2150/2500] 42123688-0276-4bc9-b2d0-604b2bbf1b77: checkpointed 108160 records.
2026-10-04T10:13:34Z INFO [2151/2500] 4212fb99-61f2-4c4b-a5d3-655f733d5833: valid; 1.1 s; peak memory 9231 MiB.
2026-10-04T10:13:37Z INFO [2152/2500] 4214cd66-c6cc-40e1-8884-163a6cde5fb3: valid; 2.5 s; peak memory 9231 MiB.
2026-10-04T10:13:38Z INFO [2153/2500] 4214ecd6-b3e4-4026-bf12-db0abef57316: not valid; 1.3 s; peak memory 9231 MiB.
2026-10-04T10:13:39Z INFO [2154/2500] 4214efad-b55d-4b84-b1dc-d5d852de74f0: valid; 0.9 s; peak memory 9231 MiB.
2026-10-04T10:13:40Z INFO [2155/2500] 4215858f-cf16-4c58-94f9-3347ececc89f: valid; 1.3 s; peak memory 9231 MiB.
2026-10-04T10:13:42Z INFO [2156/2500] 42159a6c-f5f0-4eea-8f9e-3dea2a755ab2: valid; 1.7 s; peak memory 9231 MiB.
2026-10-04T10:13:43Z INFO [2157/2500] 421632ef-0a57-4545-bdf0-70eb96228c35: valid; 1.2 s; peak memory 9231 MiB.
2026-10-04T10:13:44Z INFO [2158/2500] 4216523b-193b-4e0b-8705-bea06ebf936d: valid; 1.4 s; peak memory 9231 MiB.
2026-10-04T10:13:44Z WARNING 42168183-f5b9-447b-a9cc-7bc8f9752489: failed while retrieving asset information from the DANDI API (NotFoundError: No asset at path 'sub-LG449/sub-LG449_ses-20250331_obj-3imvb3_ophys.nwb' in version 0.260915.2135. Verify the path is correct and the asset exists in this version. Use 'dandi ls' to list available assets.)
2026-10-04T10:13:48Z INFO [2160/2500] 4216c4b3-7da5-431e-9bf0-ef0b810027c5: valid; 3.8 s; peak memory 9231 MiB.
2026-10-04T10:13:50Z INFO [2161/2500] 42180d4d-a5a7-41a5-984e-28bb662cc7a1: valid; 1.6 s; peak memory 9231 MiB.
2026-10-04T10:13:55Z INFO [2162/2500] 4218a19b-64b5-4d18-8ce6-3e27bda3ec89: not valid; 5.5 s; peak memory 9231 MiB.
2026-10-04T10:13:57Z INFO [2163/2500] 4218d2d0-c0b2-4724-a7cc-66600a8005d1: valid; 1.4 s; peak memory 9231 MiB.
2026-10-04T10:13:58Z INFO [2164/2500] 42199040-cf10-42d1-a459-94a44ecdae38: valid; 1.0 s; peak memory 9231 MiB.
2026-10-04T10:13:59Z INFO [2165/2500] 4219e645-73b4-4710-88f4-6e6395846389: valid; 0.9 s; peak memory 9231 MiB.
2026-10-04T10:13:59Z INFO [2166/2500] 421a3ea9-8f3b-4ccd-b54f-5374b3bf0064: valid; 0.7 s; peak memory 9231 MiB.
2026-10-04T10:14:07Z INFO [2167/2500] 421a666d-520f-4416-bc73-4d352eb407bc: valid; 7.4 s; peak memory 9231 MiB.
2026-10-04T10:14:09Z INFO [2168/2500] 421ad9e8-dbaf-411a-8241-e465bba0d7db: valid; 1.7 s; peak memory 9231 MiB.
2026-10-04T10:14:10Z INFO [2169/2500] 421b10d5-aa8b-4b73-be6e-04e173b4504e: valid; 1.9 s; peak memory 9231 MiB.
2026-10-04T10:14:14Z INFO [2170/2500] 421c1069-1b88-4e07-a5ca-6f6aa42f87b9: not valid; 3.4 s; peak memory 9231 MiB.
2026-10-04T10:14:16Z INFO [2171/2500] 421c3338-084a-4d37-a131-c5e51a1bc5f1: valid; 1.7 s; peak memory 9231 MiB.
2026-10-04T10:14:18Z INFO [2172/2500] 421c79b4-cbcf-4448-b585-e5ee2d5db2a1: valid; 2.3 s; peak memory 9231 MiB.
2026-10-04T10:14:19Z INFO [2173/2500] 421ce4ba-50cc-4d94-8863-4cc3ce30ab7f: valid; 1.1 s; peak memory 9231 MiB.
2026-10-04T10:14:22Z INFO [2174/2500] 421dac8e-fe60-41bf-9126-b26c32b7c12f: valid; 3.5 s; peak memory 9231 MiB.
2026-10-04T10:14:31Z INFO [2175/2500] 421dd1c3-1b67-456d-a0dd-a35c0ad7c35b: valid; 8.6 s; peak memory 9231 MiB.
2026-10-04T10:14:33Z INFO [2176/2500] 421dd2d3-668a-4efc-819a-938a60f54a77: valid; 2.3 s; peak memory 9231 MiB.
2026-10-04T10:14:40Z INFO [2177/2500] 421dd89c-0188-44e5-9f30-7883a4c3e038: not valid; 6.4 s; peak memory 9231 MiB.
2026-10-04T10:14:43Z INFO [2178/2500] 421e6caf-e268-4ce7-90f5-c46f87b4cdb2: valid; 3.6 s; peak memory 9231 MiB.
2026-10-04T10:14:44Z INFO [2179/2500] 421ead95-cd02-45b6-8d56-d8c6fed28da4: valid; 0.8 s; peak memory 9231 MiB.
2026-10-04T10:14:45Z INFO [2180/2500] 421ec3f8-3f6f-4513-be4a-15966b5b7026: valid; 1.0 s; peak memory 9231 MiB.
2026-10-04T10:14:51Z INFO [2181/2500] 421f105e-4979-4df3-82e9-a70c10eeb0c7: valid; 6.3 s; peak memory 9231 MiB.
2026-10-04T10:14:52Z INFO [2182/2500] 421f9424-a333-47d1-b0c2-c4066f914a76: valid; 0.8 s; peak memory 9231 MiB.
2026-10-04T10:14:53Z INFO [2183/2500] 42200eff-88b5-4108-9a0e-faf4233fc031: not valid; 1.0 s; peak memory 9231 MiB.
2026-10-04T10:14:55Z INFO [2184/2500] 42202ca5-fbe1-4269-8ed5-c5dffd93139d: valid; 1.3 s; peak memory 9231 MiB.
2026-10-04T10:14:56Z INFO [2185/2500] 42206d3d-0c51-45da-8ed1-877798923406: valid; 1.2 s; peak memory 9231 MiB.
2026-10-04T10:15:08Z INFO [2186/2500] 422106b7-1b8f-4eaf-8a2f-b85d16980d33: valid; 12.4 s; peak memory 9231 MiB.
2026-10-04T10:15:10Z INFO [2187/2500] 4221acd3-d956-4b48-9273-847a366714bf: valid; 1.5 s; peak memory 9231 MiB.
2026-10-04T10:15:11Z INFO [2188/2500] 4221b983-fcc2-4c47-924d-272f2df3d926: valid; 1.5 s; peak memory 9231 MiB.
2026-10-04T10:15:15Z INFO [2189/2500] 4222906f-5d80-4949-b92f-3c48baf5319a: not valid; 4.2 s; peak memory 9231 MiB.
2026-10-04T10:15:18Z INFO [2190/2500] 4222a6aa-4ab0-4e6c-8ee1-b12060c4c14a: not valid; 2.5 s; peak memory 9231 MiB.
2026-10-04T10:15:22Z INFO [2191/2500] 4223280d-13ab-484d-9cbc-ccd4f1f655e5: valid; 4.1 s; peak memory 9231 MiB.
2026-10-04T10:15:23Z INFO [2192/2500] 42236c08-e7a6-4b2c-ae0a-888f9dd11e79: not valid; 1.1 s; peak memory 9231 MiB.
2026-10-04T10:15:25Z INFO [2193/2500] 4224141b-2052-44ec-bc89-3aeedf4ba82b: valid; 1.8 s; peak memory 9231 MiB.
2026-10-04T10:15:27Z INFO [2194/2500] 4224f2c1-8f1a-4a69-b384-d67e13808c25: valid; 2.1 s; peak memory 9231 MiB.
2026-10-04T10:15:28Z INFO [2195/2500] 42255b8d-e88b-4a05-8628-3e6ca3e8c05a: not valid; 1.0 s; peak memory 9231 MiB.
2026-10-04T10:15:34Z INFO [2196/2500] 42257704-d0fb-47a8-951c-92db56131d46: not valid; 5.8 s; peak memory 9231 MiB.
2026-10-04T10:15:38Z INFO [2197/2500] 4225a5ff-06df-4d2d-a263-66f34d5d5bda: valid; 4.4 s; peak memory 9231 MiB.
2026-10-04T10:15:39Z INFO [2198/2500] 4227884a-2569-4f01-ab46-1c906aa89b28: not valid; 1.4 s; peak memory 9231 MiB.
2026-10-04T10:15:41Z INFO [2199/2500] 42284672-ee11-45ba-8a85-0d725e2f7a5e: valid; 1.4 s; peak memory 9231 MiB.
2026-10-04T10:15:43Z INFO [2200/2500] 42285262-cedd-45d9-8dff-8bd988bdbcce: valid; 2.7 s; peak memory 9231 MiB.
2026-10-04T10:15:44Z INFO [2200/2500] 42285262-cedd-45d9-8dff-8bd988bdbcce: checkpointed 108210 records.
2026-10-04T10:15:45Z INFO [2201/2500] 4228ce76-5c68-4982-b868-0d2df15f48ab: valid; 1.0 s; peak memory 9231 MiB.
2026-10-04T10:15:45Z WARNING 42292301-3bc0-49b2-bf26-3b0bfaa38b07: failed while retrieving asset information from the DANDI API (NotFoundError: No such Dandiset: 001533)
2026-10-04T10:15:54Z INFO [2203/2500] 422956d9-0d48-484e-b79a-ad2563008e51: valid; 8.9 s; peak memory 9231 MiB.
2026-10-04T10:15:57Z INFO [2204/2500] 4229d198-4138-48bb-8334-2ef68013a98f: not valid; 3.0 s; peak memory 9231 MiB.
2026-10-04T10:15:58Z INFO [2205/2500] 422a6a2b-6e8f-4158-9287-1eede7f84b8c: not valid; 1.0 s; peak memory 9231 MiB.
2026-10-04T10:16:00Z INFO [2206/2500] 422ad0d6-1307-4916-bcc8-4f4f055173ea: valid; 1.2 s; peak memory 9231 MiB.
2026-10-04T10:16:02Z INFO [2207/2500] 422bda01-3601-4f85-abd1-1426a80ea61b: valid; 2.7 s; peak memory 9231 MiB.
2026-10-04T10:16:03Z INFO [2208/2500] 422c164f-8aee-418c-81fd-8fd1f0d01750: not valid; 1.0 s; peak memory 9231 MiB.
2026-10-04T10:16:04Z INFO [2209/2500] 422c6d91-1496-456f-a0e6-b50e80cd0bb4: not valid; 0.6 s; peak memory 9231 MiB.
2026-10-04T10:16:06Z INFO [2210/2500] 422ca20f-2bf0-405f-86de-1f3c23be59be: valid; 2.5 s; peak memory 9231 MiB.
2026-10-04T10:16:08Z INFO [2211/2500] 422d1197-bc60-495d-97b4-20cb48cf053d: valid; 1.4 s; peak memory 9231 MiB.
2026-10-04T10:16:09Z INFO [2212/2500] 422d63c1-4244-4ca0-94b8-103851007b9b: valid; 1.4 s; peak memory 9231 MiB.
2026-10-04T10:16:11Z INFO [2213/2500] 422d797e-db1c-4d3a-a241-1a8b10de852c: valid; 1.4 s; peak memory 9231 MiB.
2026-10-04T10:16:12Z INFO [2214/2500] 422e79e5-0293-4c58-a5ec-f29e182a5c3e: valid; 1.7 s; peak memory 9231 MiB.
2026-10-04T10:16:14Z INFO [2215/2500] 422e8078-dd95-4b1c-8ffd-ed52439f9810: not valid; 1.6 s; peak memory 9231 MiB.
2026-10-04T10:16:15Z INFO [2216/2500] 422eea1d-d733-4b17-b8ff-aa6edda5ee8f: not valid; 1.2 s; peak memory 9231 MiB.
2026-10-04T10:16:16Z INFO [2217/2500] 422f5c1b-8786-406b-9437-2b137b8d4cc6: valid; 0.7 s; peak memory 9231 MiB.
2026-10-04T10:16:21Z INFO [2218/2500] 422fb58a-bef1-4cdd-9f8b-f4a8b2b4bf06: valid; 4.9 s; peak memory 9231 MiB.
2026-10-04T10:16:22Z INFO [2219/2500] 422fbaca-288b-4f83-af12-adc38f880036: not valid; 1.7 s; peak memory 9231 MiB.
2026-10-04T10:16:24Z INFO [2220/2500] 42311e94-d231-44ec-a7de-fcd1011486a4: valid; 1.3 s; peak memory 9231 MiB.
2026-10-04T10:16:25Z INFO [2221/2500] 4231ba30-35b9-4aca-81b8-690564a7fc49: not valid; 1.3 s; peak memory 9231 MiB.
2026-10-04T10:16:27Z WARNING 42326a12-9e35-4fe9-8cc9-70b3ec8657fa: failed while opening the NWB file (ConstructError: (root/acquisition/_iblmic_audioSpectrogram/bands GroupBuilder {'attributes': {'colnames': array(['freq'], dtype=object), 'description': 'spectogram frequencies', 'namespace': 'core', 'neurodata_type': 'FrequencyBandsTable', 'object_id': '34a76054-95c7-4c48-8668-e11f0f444b45'}, 'groups': {}, 'datasets': {'freq': root/acquisition/_iblmic_audioSpectrogram/bands/freq DatasetBuilder {'attributes': {'description': 'frequency value', 'namespace': 'hdmf-common', 'neurodata_type': 'VectorData', 'object_id': '4c544aab-8f69-4588-bd9b-4d2e1eaca54a'}, 'data': <HDF5 dataset "freq": shape (257,), type "<f4">}, 'id': root/acquisition/_iblmic_audioSpectrogram/bands/id DatasetBuilder {'attributes': {'namespace': 'hdmf-common', 'neurodata_type': 'ElementIdentifiers', 'object_id': 'd708f758-eb0c-483e-8b3e-8dc0b13971cc'}, 'data': <HDF5 dataset "id": shape (257,), type "<i4">}}, 'links': {}}, "Could not construct FrequencyBandsTable object due to: column must have the same number of rows as 'id'"))
2026-10-04T10:16:28Z INFO [2223/2500] 42326ab9-b963-42f5-a50a-63338eea1062: valid; 1.0 s; peak memory 9231 MiB.
2026-10-04T10:16:29Z INFO [2224/2500] 4232dda1-c9f1-47cc-8547-c6eea206543a: valid; 1.7 s; peak memory 9231 MiB.
2026-10-04T10:16:31Z INFO [2225/2500] 42337471-d80e-4fac-a073-dba71b1aad74: valid; 1.9 s; peak memory 9231 MiB.
2026-10-04T10:16:34Z INFO [2226/2500] 42349000-1d1b-4cc9-867e-ae9e6691fe0f: not valid; 2.7 s; peak memory 9231 MiB.
2026-10-04T10:16:35Z INFO [2227/2500] 42351e18-5aa4-48e4-b085-2e33a981ac32: valid; 1.0 s; peak memory 9231 MiB.
2026-10-04T10:16:36Z INFO [2228/2500] 4235c9cf-a0c6-4786-8de2-1a358b269457: valid; 1.1 s; peak memory 9231 MiB.
2026-10-04T10:16:36Z WARNING 4235d170-430d-42d8-9c68-2f8329910eab: failed while retrieving asset information from the DANDI API (NotFoundError: No such Dandiset: 000561)
2026-10-04T10:16:38Z INFO [2230/2500] 4235d9ef-cba3-48b3-8cdb-fcc117c989c8: valid; 1.8 s; peak memory 9231 MiB.
2026-10-04T10:16:40Z INFO [2231/2500] 4235e918-7ad9-48ea-b3e7-8b7ebe2e76c4: not valid; 2.5 s; peak memory 9231 MiB.
2026-10-04T10:16:42Z INFO [2232/2500] 4236486b-386e-417b-85e7-69094965c917: valid; 2.0 s; peak memory 9231 MiB.
2026-10-04T10:16:43Z INFO [2233/2500] 4236725c-729d-475d-8a5c-313c90acc2fc: valid; 0.9 s; peak memory 9231 MiB.
2026-10-04T10:16:44Z INFO [2234/2500] 42369937-dcfe-4b4b-b79f-f5c8cfb5e33b: valid; 0.7 s; peak memory 9231 MiB.
2026-10-04T10:16:53Z INFO [2235/2500] 423748d2-83da-4157-948e-a1bfd8600dca: not valid; 9.5 s; peak memory 9231 MiB.
2026-10-04T10:16:55Z INFO [2236/2500] 4237f748-0d41-4be7-8d5a-73f77ca14c44: valid; 1.5 s; peak memory 9231 MiB.
2026-10-04T10:16:57Z INFO [2237/2500] 42380fbd-1eba-4de9-9ca4-cc77170a5bc3: valid; 2.1 s; peak memory 9231 MiB.
2026-10-04T10:16:59Z INFO [2238/2500] 4238caaa-93bb-4b36-8321-3fab37f0a304: valid; 2.3 s; peak memory 9231 MiB.
2026-10-04T10:17:04Z INFO [2239/2500] 4238e0b6-ba49-4503-b6b6-f835f3ae03d8: valid; 4.4 s; peak memory 9231 MiB.
2026-10-04T10:17:05Z INFO [2240/2500] 4239c27c-3322-450a-a747-7c4add524de6: valid; 1.9 s; peak memory 9231 MiB.
2026-10-04T10:17:06Z INFO [2241/2500] 423a1631-fe83-4e2a-bc02-89ffbd5bf73f: valid; 0.9 s; peak memory 9231 MiB.
2026-10-04T10:17:07Z INFO [2242/2500] 423a9661-9e34-45a4-90ad-dad86ffedbdb: valid; 0.9 s; peak memory 9231 MiB.
2026-10-04T10:17:08Z INFO [2243/2500] 423c1cd7-eed9-4fa2-9fc0-916ff1e1938f: not valid; 1.0 s; peak memory 9231 MiB.
2026-10-04T10:17:09Z INFO [2244/2500] 423c7599-c9ad-41c9-9038-199d30152023: not valid; 1.0 s; peak memory 9231 MiB.
2026-10-04T10:17:11Z INFO [2245/2500] 423d8444-70fb-44da-8f73-45531c517d94: valid; 2.0 s; peak memory 9231 MiB.
2026-10-04T10:17:12Z WARNING 423e13e1-4362-4b3e-8265-537aff03c13c: failed while opening the NWB file (ConstructError: (root/acquisition/_iblmic_audioSpectrogram/bands GroupBuilder {'attributes': {'colnames': array(['freq'], dtype=object), 'description': 'spectogram frequencies', 'namespace': 'core', 'neurodata_type': 'FrequencyBandsTable', 'object_id': '1e886eed-b349-45e8-958f-6fdeff40716c'}, 'groups': {}, 'datasets': {'freq': root/acquisition/_iblmic_audioSpectrogram/bands/freq DatasetBuilder {'attributes': {'description': 'frequency value', 'namespace': 'hdmf-common', 'neurodata_type': 'VectorData', 'object_id': '7f1df5c4-b76b-4bf4-9319-8a8e42079fa8'}, 'data': <HDF5 dataset "freq": shape (257,), type "<f4">}, 'id': root/acquisition/_iblmic_audioSpectrogram/bands/id DatasetBuilder {'attributes': {'namespace': 'hdmf-common', 'neurodata_type': 'ElementIdentifiers', 'object_id': '72ab1e9a-063f-4aa2-97e5-70dfb57e6f3f'}, 'data': <HDF5 dataset "id": shape (257,), type "<i4">}}, 'links': {}}, "Could not construct FrequencyBandsTable object due to: column must have the same number of rows as 'id'"))
2026-10-04T10:17:14Z INFO [2247/2500] 423e2fb1-6d5b-4f67-a7c5-4d3012ce0d37: not valid; 1.1 s; peak memory 9231 MiB.
2026-10-04T10:17:14Z INFO [2248/2500] 423fc45c-6ba3-4ead-981c-13be606312bd: valid; 0.9 s; peak memory 9231 MiB.
2026-10-04T10:17:19Z INFO [2249/2500] 424021ce-3492-45ee-a09f-d56f2df7ca96: valid; 4.3 s; peak memory 9231 MiB.
2026-10-04T10:17:20Z INFO [2250/2500] 424070a3-d587-4e53-93c2-f283df5b47ef: valid; 1.4 s; peak memory 9231 MiB.
2026-10-04T10:17:21Z INFO [2250/2500] 424070a3-d587-4e53-93c2-f283df5b47ef: checkpointed 108260 records.
2026-10-04T10:17:22Z INFO [2251/2500] 42407e26-2b58-47b9-8008-f71f0b541e62: not valid; 1.3 s; peak memory 9231 MiB.
2026-10-04T10:17:23Z INFO [2252/2500] 42414015-be6e-406f-90ca-7ac3018dab72: not valid; 1.1 s; peak memory 9231 MiB.
2026-10-04T10:17:24Z INFO [2253/2500] 42414c77-ff72-446e-92db-5470ddd70892: valid; 1.2 s; peak memory 9231 MiB.
2026-10-04T10:17:34Z INFO [2254/2500] 42415a3d-7e7e-4bd2-9645-585b340f75e1: valid; 9.5 s; peak memory 9231 MiB.
2026-10-04T10:17:35Z INFO [2255/2500] 42415d1d-0cd6-420a-a6be-2da289b78197: not valid; 1.1 s; peak memory 9231 MiB.
2026-10-04T10:17:38Z INFO [2256/2500] 4241a8c2-d740-476c-832a-002fe4a3770f: valid; 3.2 s; peak memory 9231 MiB.
2026-10-04T10:17:39Z INFO [2257/2500] 4241d56d-53e4-44d3-8b07-921ff255d6fe: not valid; 1.1 s; peak memory 9231 MiB.
2026-10-04T10:17:40Z INFO [2258/2500] 424240f5-373f-4507-a4a7-ecf98c928526: valid; 0.8 s; peak memory 9231 MiB.
2026-10-04T10:17:42Z INFO [2259/2500] 42428081-5b88-482f-8395-8b0c5a78e024: valid; 2.0 s; peak memory 9231 MiB.
2026-10-04T10:17:42Z WARNING 424280d6-3b27-4cb8-93c1-21ec421c919f: failed while retrieving asset information from the DANDI API (NotFoundError: No asset at path 'sub-449141/sub-449141_ses-20190531T161406_behavior+ecephys+ogen.nwb' in version 0.231012.2129. Verify the path is correct and the asset exists in this version. Use 'dandi ls' to list available assets.)
2026-10-04T10:17:45Z INFO [2261/2500] 42429ce0-76f5-481a-b325-d50796a4df92: valid; 2.4 s; peak memory 9231 MiB.
2026-10-04T10:17:46Z INFO [2262/2500] 424312e0-3530-4edf-a8b0-52190c419eea: valid; 1.3 s; peak memory 9231 MiB.
2026-10-04T10:17:47Z INFO [2263/2500] 424387c5-be9d-483f-ad8f-e815706a4ac2: not valid; 1.4 s; peak memory 9231 MiB.
2026-10-04T10:17:49Z INFO [2264/2500] 42439681-8d15-4277-9e75-9ce21de7a41f: valid; 2.0 s; peak memory 9231 MiB.
2026-10-04T10:17:50Z INFO [2265/2500] 4243d7b8-7e06-4cea-9b52-e5cb29f17cec: valid; 0.7 s; peak memory 9231 MiB.
2026-10-04T10:17:56Z INFO [2266/2500] 4245314e-7b74-40bc-ad8c-e55458b90378: valid; 6.3 s; peak memory 9231 MiB.
2026-10-04T10:18:14Z INFO [2267/2500] 42455559-b1cb-4cce-82ed-9209953cbed6: valid; 17.4 s; peak memory 9231 MiB.
2026-10-04T10:18:16Z INFO [2268/2500] 424586e1-a1b3-4bdd-b242-67440367e814: valid; 2.0 s; peak memory 9231 MiB.
2026-10-04T10:18:17Z INFO [2269/2500] 424706b2-668f-49a1-b4a7-35abb4da4bac: valid; 1.5 s; peak memory 9231 MiB.
2026-10-04T10:18:19Z INFO [2270/2500] 424727ad-2c5a-415e-af5f-a4cc6612d2b9: valid; 1.5 s; peak memory 9231 MiB.
2026-10-04T10:18:21Z INFO [2271/2500] 42478aee-68ce-482f-b6c8-8137b65f632a: valid; 2.6 s; peak memory 9231 MiB.
2026-10-04T10:18:23Z INFO [2272/2500] 4248161d-386e-4d2e-99f0-50861b4cb483: valid; 1.2 s; peak memory 9231 MiB.
2026-10-04T10:18:25Z INFO [2273/2500] 42481855-fa06-4d66-9d18-2ab0450ff238: valid; 2.0 s; peak memory 9231 MiB.
2026-10-04T10:18:25Z INFO [2274/2500] 4248c9d2-13fa-473d-a9eb-0e2439916931: valid; 0.6 s; peak memory 9231 MiB.
2026-10-04T10:20:05Z INFO [2275/2500] 42493878-ca4b-4295-ac9e-fb85d5e8db35: valid; 99.8 s; peak memory 9231 MiB.
2026-10-04T10:20:07Z INFO [2276/2500] 424a544d-5677-4c08-a0d6-8c8d80b0916b: valid; 1.7 s; peak memory 9231 MiB.
2026-10-04T10:20:09Z INFO [2277/2500] 424a70cc-7ef5-4f3b-a032-c04d3d0c6b1d: valid; 2.7 s; peak memory 9231 MiB.
2026-10-04T10:20:11Z INFO [2278/2500] 424b2371-f6b8-4df3-9cb5-108574cbaa65: valid; 1.3 s; peak memory 9231 MiB.
2026-10-04T10:20:12Z INFO [2279/2500] 424b69fc-d15d-47f3-8195-44a359c4f606: valid; 1.1 s; peak memory 9231 MiB.
2026-10-04T10:20:13Z INFO [2280/2500] 424c1d6e-fca1-4aad-bfce-a5cbe5144ba9: valid; 1.3 s; peak memory 9231 MiB.
2026-10-04T10:20:16Z INFO [2281/2500] 424c607b-e317-48f4-9fb1-6c58d62c1f38: valid; 2.8 s; peak memory 9231 MiB.
2026-10-04T10:20:17Z WARNING 424c98cd-737b-4be4-ba63-5d7af40e315f: failed while opening the NWB file (ConstructError: (root/acquisition/event_code_meanings GroupBuilder {'attributes': {'colnames': array(['value', 'meaning'], dtype=object), 'description': 'Mapping integer event codes to event labels', 'namespace': 'ndx-events', 'neurodata_type': 'MeaningsTable', 'object_id': '5647c806-6ae9-427c-bbae-4b8017e46b17'}, 'groups': {}, 'datasets': {'id': root/acquisition/event_code_meanings/id DatasetBuilder {'attributes': {'namespace': 'hdmf-common', 'neurodata_type': 'ElementIdentifiers', 'object_id': '77b0d117-eb1b-4ba8-bbce-777eb5a0eb0a'}, 'data': <HDF5 dataset "id": shape (26,), type "<i8">}, 'meaning': root/acquisition/event_code_meanings/meaning DatasetBuilder {'attributes': {'description': 'The meaning of the value in the parent CategoricalVectorData object.', 'namespace': 'hdmf-experimental', 'neurodata_type': 'VectorData', 'object_id': '47559f43-add5-4172-983a-7fa806a19c3d'}, 'data': <StrDataset for HDF5 dataset "meaning": shape (26,), type "|O">}, 'value': root/acquisition/event_code_meanings/value DatasetBuilder {'attributes': {'description': 'The value of the parent CategoricalVectorData object.', 'namespace': 'hdmf-experimental', 'neurodata_type': 'VectorData', 'object_id': '4658fdcf-da2e-4b30-b95d-027ee246b2b3'}, 'data': <HDF5 dataset "value": shape (26,), type "<i8">}}, 'links': {}}, "Could not construct MeaningsTable object due to: MeaningsTable.__init__: missing argument 'target'"))
2026-10-04T10:20:18Z INFO [2283/2500] 424cc5ea-417d-4252-b412-8288c92d3359: valid; 1.5 s; peak memory 9231 MiB.
2026-10-04T10:20:20Z INFO [2284/2500] 424cd77f-e421-4a08-a175-a806bd30fdea: not valid; 1.4 s; peak memory 9231 MiB.
2026-10-04T10:20:23Z INFO [2285/2500] 424edca4-7add-49f8-a7a6-f62f0012bcb5: valid; 2.9 s; peak memory 9231 MiB.
2026-10-04T10:20:25Z INFO [2286/2500] 424eef2f-5190-4116-aa5a-85358fe0eed5: valid; 2.0 s; peak memory 9231 MiB.
2026-10-04T10:20:26Z INFO [2287/2500] 424ef292-4087-45b4-bff6-9dedd0b59eb7: not valid; 1.1 s; peak memory 9231 MiB.
2026-10-04T10:20:28Z INFO [2288/2500] 424f2faf-5b8c-4043-af0e-2d8d1e6b03dd: valid; 1.8 s; peak memory 9231 MiB.
2026-10-04T10:20:29Z INFO [2289/2500] 424fd27e-1596-4fdc-ba25-75fe3801b9d1: valid; 1.3 s; peak memory 9231 MiB.
2026-10-04T10:20:32Z INFO [2290/2500] 424fd68b-6910-4c7b-b98a-e0573d4b1130: valid; 3.1 s; peak memory 9231 MiB.
2026-10-04T10:20:38Z INFO [2291/2500] 4250579f-7f37-4d2b-94fb-7381fcbb6bf9: valid; 5.9 s; peak memory 9231 MiB.
2026-10-04T10:20:40Z INFO [2292/2500] 4250ac3c-b128-4f33-b4c4-b54bcd020edf: valid; 2.1 s; peak memory 9231 MiB.
2026-10-04T10:20:41Z INFO [2293/2500] 42514e9a-617a-49a8-aecf-55511cca1d58: not valid; 1.0 s; peak memory 9231 MiB.
2026-10-04T10:20:43Z INFO [2294/2500] 42522294-0a4c-4df2-a8af-581252e27d55: valid; 1.6 s; peak memory 9231 MiB.
2026-10-04T10:20:44Z INFO [2295/2500] 4252c7a3-a781-4b4b-b2b7-9b0c6cf0e228: valid; 1.8 s; peak memory 9231 MiB.
2026-10-04T10:20:46Z INFO [2296/2500] 42532870-a8c2-458d-89d9-146b6d118527: not valid; 1.6 s; peak memory 9231 MiB.
2026-10-04T10:20:47Z INFO [2297/2500] 42541b8b-8bd7-4c1e-9dae-12e55405250e: valid; 0.9 s; peak memory 9231 MiB.
2026-10-04T10:20:51Z INFO [2298/2500] 4255c687-2c9c-4ffc-83b6-08157b521931: valid; 3.7 s; peak memory 9231 MiB.
2026-10-04T10:20:53Z INFO [2299/2500] 4255d911-06b6-4d4c-a503-4965e0548995: valid; 2.6 s; peak memory 9231 MiB.
2026-10-04T10:20:54Z INFO [2300/2500] 4255dc3b-55ad-47be-a13f-343bda1077f7: not valid; 0.9 s; peak memory 9231 MiB.
2026-10-04T10:20:55Z INFO [2300/2500] 4255dc3b-55ad-47be-a13f-343bda1077f7: checkpointed 108310 records.
2026-10-04T10:20:57Z INFO [2301/2500] 42563b8d-bc47-4223-b0f0-51ab8e981cea: valid; 1.7 s; peak memory 9231 MiB.
2026-10-04T10:21:03Z INFO [2302/2500] 42564ed0-dba1-4e1a-ad06-f79dd2ddece9: valid; 6.8 s; peak memory 9231 MiB.
2026-10-04T10:21:05Z INFO [2303/2500] 42570a1d-0c64-4390-8e66-ad9067386827: valid; 1.6 s; peak memory 9231 MiB.
2026-10-04T10:21:06Z INFO [2304/2500] 425720b3-e367-484f-847a-a20b91b04eb6: valid; 1.3 s; peak memory 9231 MiB.
2026-10-04T10:21:07Z INFO [2305/2500] 42573ef7-bbc0-461e-8194-df8ec8d22bbd: valid; 0.9 s; peak memory 9231 MiB.
2026-10-04T10:21:08Z INFO [2306/2500] 425798d8-10a0-415e-9366-9c4595fcbf98: valid; 0.7 s; peak memory 9231 MiB.
2026-10-04T10:21:11Z INFO [2307/2500] 42579c90-f278-4e58-96a3-06d5e3e7b7eb: valid; 2.6 s; peak memory 9231 MiB.
2026-10-04T10:21:26Z INFO [2308/2500] 4257b710-a228-408b-b96c-c2e4c63e4db2: valid; 15.4 s; peak memory 9231 MiB.
2026-10-04T10:21:27Z INFO [2309/2500] 4257d15c-9a49-46b1-b8ce-a0b23a4af4a2: valid; 1.3 s; peak memory 9231 MiB.
2026-10-04T10:21:28Z INFO [2310/2500] 425873ab-a121-401b-afb3-dd5f0c1378aa: not valid; 1.2 s; peak memory 9231 MiB.
2026-10-04T10:21:30Z INFO [2311/2500] 425909a4-e161-4cf4-a086-bd502e1f5863: valid; 1.6 s; peak memory 9231 MiB.
2026-10-04T10:21:35Z INFO [2312/2500] 4259a023-67c6-4d75-8ba3-53e5abadd1be: not valid; 5.3 s; peak memory 9231 MiB.
2026-10-04T10:21:36Z INFO [2313/2500] 4259bf57-7175-4bac-8844-3033b05facb8: not valid; 0.9 s; peak memory 9231 MiB.
2026-10-04T10:21:38Z INFO [2314/2500] 425a4c16-7a2c-4ce9-9dd7-b80e11296605: valid; 1.7 s; peak memory 9231 MiB.
2026-10-04T10:21:39Z INFO [2315/2500] 425a99d0-c23f-4176-af4f-ac76de4b12fd: valid; 0.8 s; peak memory 9231 MiB.
2026-10-04T10:21:40Z INFO [2316/2500] 425aad55-d400-463c-8b21-cdea9bfadac2: valid; 1.4 s; peak memory 9231 MiB.
2026-10-04T10:21:42Z INFO [2317/2500] 425ab2da-dcfa-48db-9a40-0e05ffefdb57: valid; 1.4 s; peak memory 9231 MiB.
2026-10-04T10:21:45Z INFO [2318/2500] 425ae2ca-1833-4403-a070-43c87423196b: not valid; 3.0 s; peak memory 9231 MiB.
2026-10-04T10:21:47Z INFO [2319/2500] 425b7f01-65c5-4355-a7b7-6820f37869e0: valid; 1.9 s; peak memory 9231 MiB.
2026-10-04T10:21:48Z INFO [2320/2500] 425c0cd7-1179-44ee-94c5-44335ab35b13: valid; 1.8 s; peak memory 9231 MiB.
2026-10-04T10:21:49Z INFO [2321/2500] 425c899b-28f7-42df-b1bb-6a7f5e353889: not valid; 1.0 s; peak memory 9231 MiB.
2026-10-04T10:21:56Z INFO [2322/2500] 425cb7f2-03b3-491a-bf53-3f85ea690563: valid; 6.2 s; peak memory 9231 MiB.
2026-10-04T10:21:57Z INFO [2323/2500] 425cff4d-57e1-4eb2-a7f7-bb3bff8f2cef: valid; 1.1 s; peak memory 9231 MiB.
2026-10-04T10:21:59Z INFO [2324/2500] 425d8c07-dbd8-40ed-ace0-3b7e2afafac7: valid; 2.2 s; peak memory 9231 MiB.
2026-10-04T10:22:00Z INFO [2325/2500] 425e1ad4-afe4-46d1-b852-5b8de023163b: valid; 1.4 s; peak memory 9231 MiB.
2026-10-04T10:22:15Z INFO [2326/2500] 425e3809-bf71-4193-a16a-7cd4bb0fc48e: valid; 15.1 s; peak memory 9231 MiB.
2026-10-04T10:22:18Z INFO [2327/2500] 425e71b1-1578-4dbf-b3d7-318743fd1f3b: valid; 2.9 s; peak memory 9231 MiB.
2026-10-04T10:22:23Z INFO [2328/2500] 425e736c-7f8c-4627-bbb4-19b1711571ec: not valid; 4.9 s; peak memory 9231 MiB.
2026-10-04T10:22:26Z INFO [2329/2500] 425e922a-80bf-4467-bc35-aca553ce553f: not valid; 2.8 s; peak memory 9231 MiB.
2026-10-04T10:22:29Z INFO [2330/2500] 425ed9fb-c5cf-491f-ad80-be4a77ecfae5: not valid; 2.7 s; peak memory 9231 MiB.
2026-10-04T10:22:30Z INFO [2331/2500] 425f3f17-aaab-4e6b-ae09-dd1d9549f8cb: not valid; 1.1 s; peak memory 9231 MiB.
2026-10-04T10:22:39Z INFO [2332/2500] 425f8ccc-e123-4285-96f3-cd52ec248d7b: valid; 8.8 s; peak memory 9231 MiB.
2026-10-04T10:22:41Z INFO [2333/2500] 42602187-4fbd-4d41-9789-247f65ea567d: not valid; 1.8 s; peak memory 9231 MiB.
2026-10-04T10:22:42Z INFO [2334/2500] 42616ada-99f9-4afc-ab99-28ae25de72d4: valid; 1.3 s; peak memory 9231 MiB.
2026-10-04T10:22:43Z INFO [2335/2500] 4261b039-8ddd-4ef6-83d4-7858d9a3d19b: valid; 0.9 s; peak memory 9231 MiB.
2026-10-04T10:22:46Z INFO [2336/2500] 4261de00-275b-455c-abdd-4727d2ff14e2: valid; 3.4 s; peak memory 9231 MiB.
2026-10-04T10:22:47Z INFO [2337/2500] 4261ef95-a161-4055-8633-c40fb3cfcac2: valid; 1.0 s; peak memory 9231 MiB.
2026-10-04T10:22:48Z INFO [2338/2500] 4262349d-06d4-4e8d-9ae1-562942b567a8: not valid; 1.0 s; peak memory 9231 MiB.
2026-10-04T10:22:56Z INFO [2339/2500] 4262dc98-b8ce-4ab8-901e-83cd2805cd67: valid; 7.7 s; peak memory 9231 MiB.
2026-10-04T10:22:57Z INFO [2340/2500] 42643af9-112b-4798-aa24-79cc474462bb: valid; 1.1 s; peak memory 9231 MiB.
2026-10-04T10:22:58Z INFO [2341/2500] 426479d0-d50e-4e64-a24b-9b10c427ac39: valid; 0.6 s; peak memory 9231 MiB.
2026-10-04T10:22:59Z INFO [2342/2500] 42649e7e-b3a0-419c-9c41-1e7c7afe9584: valid; 1.1 s; peak memory 9231 MiB.
2026-10-04T10:23:00Z INFO [2343/2500] 4264f105-f26a-47dd-8cd0-8f3e85e2d40b: valid; 1.2 s; peak memory 9231 MiB.
2026-10-04T10:23:00Z WARNING 4264f783-3c06-4914-a0d8-37033d44d214: failed while retrieving asset information from the DANDI API (NotFoundError: No asset at path 'sub-ZS059/sub-ZS059_ses-behavior-ZS059-2021-04-04-15-23-14.nwb' in version 0.260928.2230. Verify the path is correct and the asset exists in this version. Use 'dandi ls' to list available assets.)
2026-10-04T10:23:05Z INFO [2345/2500] 426698c4-6b6c-4c94-bcee-3cff834c4e00: valid; 4.9 s; peak memory 9231 MiB.
2026-10-04T10:23:09Z INFO [2346/2500] 426736ac-928b-4a72-be96-3fe6e11efa08: valid; 3.7 s; peak memory 9231 MiB.
2026-10-04T10:23:11Z INFO [2347/2500] 4267b938-0cb8-4c18-a6e3-27be06e316c5: not valid; 2.6 s; peak memory 9231 MiB.
2026-10-04T10:23:14Z INFO [2348/2500] 4267d4ac-72b7-4db0-b3e7-76b1d7bb3df4: valid; 2.5 s; peak memory 9231 MiB.
2026-10-04T10:23:37Z INFO [2349/2500] 4267e2b9-557e-40f7-980f-6e88fd2b1edb: not valid; 23.3 s; peak memory 9231 MiB.
2026-10-04T10:23:39Z INFO [2350/2500] 4267e473-e66f-4a1f-a26f-14e468a8e5f8: valid; 1.6 s; peak memory 9231 MiB.
2026-10-04T10:23:40Z INFO [2350/2500] 4267e473-e66f-4a1f-a26f-14e468a8e5f8: checkpointed 108360 records.
2026-10-04T10:23:40Z INFO [2351/2500] 42685670-b1bf-41e1-8a13-cbc524d05881: valid; 0.6 s; peak memory 9231 MiB.
2026-10-04T10:23:41Z INFO [2352/2500] 4268673b-ccde-433c-89d0-8f9c935612a8: not valid; 1.0 s; peak memory 9231 MiB.
2026-10-04T10:23:43Z INFO [2353/2500] 42687429-5436-4ecf-897c-b5e9e0b37b37: valid; 1.3 s; peak memory 9231 MiB.
2026-10-04T10:23:44Z INFO [2354/2500] 42694913-e4f2-45a2-9854-4fcb71b8a3ed: not valid; 1.7 s; peak memory 9231 MiB.
2026-10-04T10:23:45Z INFO [2355/2500] 426a225b-02ba-47ac-b95d-760c1cc480dc: not valid; 1.1 s; peak memory 9231 MiB.
2026-10-04T10:23:46Z INFO [2356/2500] 426a779e-f569-4dba-8cee-4a40b2968531: not valid; 0.9 s; peak memory 9231 MiB.
2026-10-04T10:23:47Z INFO [2357/2500] 426abba5-a9d0-4c04-9974-0d3e05dc7d20: not valid; 0.9 s; peak memory 9231 MiB.
2026-10-04T10:23:48Z INFO [2358/2500] 426afcd8-57f1-45e6-9575-045d4d8d73f9: valid; 0.9 s; peak memory 9231 MiB.
2026-10-04T10:23:50Z INFO [2359/2500] 426bd113-e2b9-496b-889d-ec4a7dd20663: valid; 1.6 s; peak memory 9231 MiB.
2026-10-04T10:23:52Z INFO [2360/2500] 426bfaf0-a90f-4dc8-b8d9-fd48fde4fcfe: valid; 2.5 s; peak memory 9231 MiB.
2026-10-04T10:23:55Z INFO [2361/2500] 426c8dc6-ce3f-486f-8792-5171b1850a47: not valid; 2.8 s; peak memory 9231 MiB.
2026-10-04T10:23:56Z INFO [2362/2500] 426cdabb-2f78-498a-9d30-d856047136da: valid; 0.8 s; peak memory 9231 MiB.
2026-10-04T10:23:57Z INFO [2363/2500] 426d1b91-2b50-4b14-8d70-420b44347598: valid; 1.0 s; peak memory 9231 MiB.
2026-10-04T10:23:58Z INFO [2364/2500] 426d7e24-2d65-4d25-9c31-cade34901d3b: valid; 1.4 s; peak memory 9231 MiB.
2026-10-04T10:23:59Z INFO [2365/2500] 426dac48-cf1f-4489-8817-dffad68f10a8: valid; 1.2 s; peak memory 9231 MiB.
2026-10-04T10:24:02Z INFO [2366/2500] 426de179-38b3-445f-bab1-7605d3a95fa6: not valid; 2.3 s; peak memory 9231 MiB.
2026-10-04T10:24:02Z INFO [2367/2500] 426e8b95-388f-4f48-963b-798a40eeb529: not valid; 0.7 s; peak memory 9231 MiB.
2026-10-04T10:24:04Z INFO [2368/2500] 426f4e17-731b-4c0b-a01b-c1522c4aa297: valid; 1.7 s; peak memory 9231 MiB.
2026-10-04T10:24:05Z INFO [2369/2500] 426f50bf-33c2-45a3-9c8e-d600bf74b937: valid; 1.3 s; peak memory 9231 MiB.
2026-10-04T10:24:06Z INFO [2370/2500] 426fc841-41be-407e-9deb-60cbb0512528: valid; 1.1 s; peak memory 9231 MiB.
2026-10-04T10:24:09Z INFO [2371/2500] 42719351-183c-4ae1-a4e7-03906affa2e8: not valid; 2.1 s; peak memory 9231 MiB.
2026-10-04T10:24:10Z INFO [2372/2500] 4271ba40-b496-4742-9c57-db5de56e7c94: not valid; 1.1 s; peak memory 9231 MiB.
2026-10-04T10:24:11Z INFO [2373/2500] 4271c03a-dc70-4864-867b-346fa64bdad5: valid; 1.1 s; peak memory 9231 MiB.
2026-10-04T10:24:15Z INFO [2374/2500] 4271e391-08e8-4178-8df5-ff32fa705c1e: valid; 3.8 s; peak memory 9231 MiB.
2026-10-04T10:24:16Z INFO [2375/2500] 42739d51-1b9b-4bd5-9638-3b06316ad8d2: valid; 1.2 s; peak memory 9231 MiB.
2026-10-04T10:24:16Z WARNING 42742661-b202-4b05-ad30-97a5147e4197: failed while retrieving asset information from the DANDI API (NotFoundError: No asset at path 'sub-669492/sub-669492_ses-behavior-669492-2023-06-29-18-28-17.nwb' in version 0.260928.2230. Verify the path is correct and the asset exists in this version. Use 'dandi ls' to list available assets.)
2026-10-04T10:24:17Z INFO [2377/2500] 427444bf-3434-41ad-b31e-461d67ede056: not valid; 1.0 s; peak memory 9231 MiB.
2026-10-04T10:24:18Z INFO [2378/2500] 42747c5f-0455-4708-85e1-0cecb0b4f4c3: valid; 0.6 s; peak memory 9231 MiB.
2026-10-04T10:24:18Z INFO [2379/2500] 4274d851-b189-454e-8542-7445a7028ec6: valid; 0.7 s; peak memory 9231 MiB.
2026-10-04T10:24:19Z INFO [2380/2500] 427502af-8928-4ea5-a98d-b746b8866f82: valid; 0.8 s; peak memory 9231 MiB.
2026-10-04T10:24:22Z INFO [2381/2500] 42750b1d-feac-46dc-8915-a15520bdffe4: valid; 2.7 s; peak memory 9231 MiB.
2026-10-04T10:24:28Z INFO [2382/2500] 42757b25-3f6b-4e06-91f0-0a7625a8d748: not valid; 6.2 s; peak memory 9231 MiB.
2026-10-04T10:24:30Z INFO [2383/2500] 427580fa-716a-4f54-94b8-bca588ed9c02: valid; 1.7 s; peak memory 9231 MiB.
2026-10-04T10:24:32Z INFO [2384/2500] 42758346-b3e6-4a85-9b6a-e04ecaece181: valid; 2.2 s; peak memory 9231 MiB.
2026-10-04T10:24:33Z INFO [2385/2500] 427843e7-e021-4cbe-8e95-e807a81fb35b: valid; 0.8 s; peak memory 9231 MiB.
2026-10-04T10:24:33Z INFO [2386/2500] 42792b2a-9f38-4a00-9aa8-71788081b03b: not valid; 0.6 s; peak memory 9231 MiB.
2026-10-04T10:24:35Z INFO [2387/2500] 42796665-7b6b-4e3d-a82d-6c0bf3f6e8e5: valid; 1.7 s; peak memory 9231 MiB.
2026-10-04T10:24:36Z INFO [2388/2500] 427ada90-ed0b-44bb-bb53-bcdd72b2e0da: valid; 1.2 s; peak memory 9231 MiB.
2026-10-04T10:24:37Z INFO [2389/2500] 427afc6d-b06e-4102-9c17-9c7087615746: not valid; 1.0 s; peak memory 9231 MiB.
2026-10-04T10:24:39Z INFO [2390/2500] 427b4f43-9803-41d1-b617-dc7cd2f2833a: valid; 1.8 s; peak memory 9231 MiB.
2026-10-04T10:24:40Z WARNING 427c4bfb-6cd4-437e-9896-4f2c54cb8cda: failed while opening the NWB file (ConstructError: (root/acquisition/event_code_meanings GroupBuilder {'attributes': {'colnames': array(['value', 'meaning'], dtype=object), 'description': 'Mapping integer event codes to event labels', 'namespace': 'ndx-events', 'neurodata_type': 'MeaningsTable', 'object_id': '9ee353a0-e2bd-4476-8241-82503706e8ab'}, 'groups': {}, 'datasets': {'id': root/acquisition/event_code_meanings/id DatasetBuilder {'attributes': {'namespace': 'hdmf-common', 'neurodata_type': 'ElementIdentifiers', 'object_id': '38c9f231-9463-4b0f-aaf1-2a110097c246'}, 'data': <HDF5 dataset "id": shape (26,), type "<i8">}, 'meaning': root/acquisition/event_code_meanings/meaning DatasetBuilder {'attributes': {'description': 'The meaning of the value in the parent CategoricalVectorData object.', 'namespace': 'hdmf-experimental', 'neurodata_type': 'VectorData', 'object_id': '2d07d94c-315e-4110-aa4f-047f8db78047'}, 'data': <StrDataset for HDF5 dataset "meaning": shape (26,), type "|O">}, 'value': root/acquisition/event_code_meanings/value DatasetBuilder {'attributes': {'description': 'The value of the parent CategoricalVectorData object.', 'namespace': 'hdmf-experimental', 'neurodata_type': 'VectorData', 'object_id': 'd808a821-1a5a-41ca-8266-d3aee85ea8ff'}, 'data': <HDF5 dataset "value": shape (26,), type "<i8">}}, 'links': {}}, "Could not construct MeaningsTable object due to: MeaningsTable.__init__: missing argument 'target'"))
2026-10-04T10:24:41Z INFO [2392/2500] 427c60d8-5acb-414a-9b93-06defc54b930: valid; 1.3 s; peak memory 9231 MiB.
2026-10-04T10:24:43Z INFO [2393/2500] 427d60d9-c130-42a1-8116-50ea4c3217c2: valid; 1.2 s; peak memory 9231 MiB.
2026-10-04T10:24:44Z INFO [2394/2500] 427e9b7d-4009-44c8-8b39-62c374b39e3c: valid; 1.3 s; peak memory 9231 MiB.
2026-10-04T10:24:46Z INFO [2395/2500] 427f499c-e5d7-4092-a088-f60bebf28e61: valid; 2.2 s; peak memory 9231 MiB.
2026-10-04T10:24:47Z INFO [2396/2500] 427f72e9-a110-4032-9ab8-ddb13a336fa4: valid; 0.8 s; peak memory 9231 MiB.
2026-10-04T10:24:48Z INFO [2397/2500] 42802b3b-bb44-4361-bbca-860342b99aa3: valid; 1.4 s; peak memory 9231 MiB.
2026-10-04T10:24:50Z INFO [2398/2500] 4280cbb9-b0bd-4878-a33f-ebccb4da1ef2: valid; 1.8 s; peak memory 9231 MiB.
2026-10-04T10:24:51Z INFO [2399/2500] 4280d0fc-83d1-45d9-b01e-b0c51838e2ee: valid; 0.8 s; peak memory 9231 MiB.
2026-10-04T10:24:52Z INFO [2400/2500] 4280edf4-3339-4a8e-8d65-f639e913015d: valid; 1.4 s; peak memory 9231 MiB.
2026-10-04T10:24:53Z INFO [2400/2500] 4280edf4-3339-4a8e-8d65-f639e913015d: checkpointed 108410 records.
2026-10-04T10:24:54Z INFO [2401/2500] 428112ab-69d3-4df9-971b-f0bef05083de: not valid; 0.9 s; peak memory 9231 MiB.
2026-10-04T10:24:54Z WARNING 428151c9-0db4-4d26-804f-94907bb89e7a: failed while retrieving asset information from the DANDI API (NotFoundError: No such Dandiset: 000948)
2026-10-04T10:24:55Z INFO [2403/2500] 42816eda-591f-4074-80b5-601ae1bb1635: not valid; 1.2 s; peak memory 9231 MiB.
2026-10-04T10:25:00Z INFO [2404/2500] 42819e40-2395-4876-a5f1-ba6811459fd0: valid; 4.4 s; peak memory 9231 MiB.
2026-10-04T10:25:01Z INFO [2405/2500] 4281eb92-966a-4077-b8a8-e01814c496d1: valid; 1.4 s; peak memory 9231 MiB.
2026-10-04T10:25:02Z INFO [2406/2500] 42820f69-b6ef-4092-944f-d24d3ebc0b88: valid; 0.8 s; peak memory 9231 MiB.
2026-10-04T10:25:03Z INFO [2407/2500] 42825493-6404-4be8-a22d-d146a6eec3ef: valid; 1.1 s; peak memory 9231 MiB.
2026-10-04T10:25:04Z INFO [2408/2500] 42829986-f1b7-443f-8a0d-4f07d43ba759: valid; 1.5 s; peak memory 9231 MiB.
2026-10-04T10:25:05Z INFO [2409/2500] 428345c4-a58d-4e75-b36d-1e55918736b2: valid; 0.7 s; peak memory 9231 MiB.
2026-10-04T10:25:07Z INFO [2410/2500] 42837bf2-1d06-4b57-9e48-a111ca4438f7: valid; 1.8 s; peak memory 9231 MiB.
2026-10-04T10:25:08Z INFO [2411/2500] 4283a409-a581-4503-885c-c8b4ef767575: not valid; 1.1 s; peak memory 9231 MiB.
2026-10-04T10:25:09Z INFO [2412/2500] 42845335-d29d-4e84-bbab-91607a08ae9d: not valid; 1.3 s; peak memory 9231 MiB.
2026-10-04T10:25:10Z INFO [2413/2500] 4284dcbd-ce2f-45d0-bac2-b7805b4b00ba: valid; 0.8 s; peak memory 9231 MiB.
2026-10-04T10:25:11Z INFO [2414/2500] 4284f3a0-f1d5-43ec-9f6b-1e1e3c468d0b: not valid; 1.0 s; peak memory 9231 MiB.
2026-10-04T10:25:12Z INFO [2415/2500] 4285415e-95f1-49b5-934d-06401d22bd1e: valid; 0.8 s; peak memory 9231 MiB.
2026-10-04T10:25:14Z INFO [2416/2500] 42854fcc-65a0-4b3b-a05c-356f2a0b7d05: valid; 2.0 s; peak memory 9231 MiB.
2026-10-04T10:25:15Z INFO [2417/2500] 428598db-8006-4eb7-9baa-d9f2168c0e14: valid; 1.0 s; peak memory 9231 MiB.
2026-10-04T10:25:21Z INFO [2418/2500] 4285c7d4-b1ee-4653-af79-bb4707fad686: valid; 5.6 s; peak memory 9231 MiB.
2026-10-04T10:25:28Z INFO [2419/2500] 42861411-2270-4a17-98e5-a466a6589f7b: valid; 7.4 s; peak memory 9231 MiB.
2026-10-04T10:25:29Z INFO [2420/2500] 42863464-aa82-4d7a-9fbf-a299066db0ad: valid; 1.3 s; peak memory 9231 MiB.
2026-10-04T10:25:32Z INFO [2421/2500] 42869f15-5083-4a44-a2bd-75225e821a3e: valid; 2.7 s; peak memory 9231 MiB.
2026-10-04T10:25:33Z INFO [2422/2500] 4286dcca-5d11-4779-ba4a-7952508f8482: valid; 1.2 s; peak memory 9231 MiB.
2026-10-04T10:25:34Z INFO [2423/2500] 4286fa7a-5d7b-49db-bc5c-9429bbfcbcb8: not valid; 1.2 s; peak memory 9231 MiB.
2026-10-04T10:25:35Z INFO [2424/2500] 4286fdd3-de2f-41a9-9435-45d623950493: valid; 0.6 s; peak memory 9231 MiB.
2026-10-04T10:25:39Z INFO [2425/2500] 428770bc-cc34-412c-815b-05c36ad90885: valid; 3.7 s; peak memory 9231 MiB.
2026-10-04T10:25:40Z INFO [2426/2500] 4287e37d-dd82-40ad-9858-3c3a1b136a12: valid; 1.2 s; peak memory 9231 MiB.
2026-10-04T10:25:41Z INFO [2427/2500] 428823c1-d9ea-4957-975c-a7e38840c889: valid; 0.8 s; peak memory 9231 MiB.
2026-10-04T10:25:41Z INFO [2428/2500] 428883d7-fd8e-48b0-b2fc-715ac2055090: valid; 0.8 s; peak memory 9231 MiB.
2026-10-04T10:25:43Z INFO [2429/2500] 4288de34-da3b-416f-8b78-7754cf205c41: not valid; 1.2 s; peak memory 9231 MiB.
2026-10-04T10:25:44Z INFO [2430/2500] 4288e9f4-0ae0-48f0-b66b-bb01bfc98d80: not valid; 0.9 s; peak memory 9231 MiB.
2026-10-04T10:25:55Z INFO [2431/2500] 428960c1-477d-497f-a896-2968d7a02035: valid; 11.9 s; peak memory 9231 MiB.
2026-10-04T10:25:58Z INFO [2432/2500] 4289666a-6e81-490a-a03b-6587445dcaa1: not valid; 2.3 s; peak memory 9231 MiB.
2026-10-04T10:26:02Z INFO [2433/2500] 4289a84e-e088-42fc-993e-cd1b2ec94ea8: valid; 4.6 s; peak memory 9231 MiB.
2026-10-04T10:26:03Z INFO [2434/2500] 428ace64-bdfe-448a-9b64-d5057ce60f06: valid; 0.9 s; peak memory 9231 MiB.
2026-10-04T10:26:07Z INFO [2435/2500] 428aedfa-d2c5-44bf-a447-5edc1d52fef3: valid; 3.8 s; peak memory 9231 MiB.
2026-10-04T10:26:08Z INFO [2436/2500] 428b141c-b3e7-4f58-9721-3062e213c224: not valid; 0.9 s; peak memory 9231 MiB.
2026-10-04T10:26:10Z INFO [2437/2500] 428b4a6b-dbf8-4a2a-9604-6a87493364ac: not valid; 2.2 s; peak memory 9231 MiB.
2026-10-04T10:26:11Z INFO [2438/2500] 428b9174-54f9-4b52-852c-cd3599d9a0e2: valid; 1.0 s; peak memory 9231 MiB.
2026-10-04T10:26:14Z INFO [2439/2500] 428cbd56-b6ae-4663-b543-28316f009617: valid; 2.3 s; peak memory 9231 MiB.
2026-10-04T10:26:24Z INFO [2440/2500] 428cd4cb-6334-47ae-937f-3eade70d1908: valid; 10.7 s; peak memory 9231 MiB.
2026-10-04T10:26:26Z INFO [2441/2500] 428d1147-1df8-47dd-97cb-8e13e9357758: valid; 1.3 s; peak memory 9231 MiB.
2026-10-04T10:26:26Z INFO [2442/2500] 428d137f-548f-4ec8-bd48-26db8adc2613: valid; 0.8 s; peak memory 9231 MiB.
2026-10-04T10:26:28Z INFO [2443/2500] 428d2333-44c8-473c-bc15-9344ec604ba9: valid; 1.4 s; peak memory 9231 MiB.
2026-10-04T10:26:30Z INFO [2444/2500] 428dd62d-1797-45c6-9aaa-ec7bbc0f7a31: not valid; 2.0 s; peak memory 9231 MiB.
2026-10-04T10:26:31Z INFO [2445/2500] 428df188-7668-43fd-89b3-438b1102db44: valid; 1.2 s; peak memory 9231 MiB.
2026-10-04T10:26:32Z INFO [2446/2500] 428e0d37-0ab7-45f0-8194-29b933b20a7e: valid; 0.9 s; peak memory 9231 MiB.
2026-10-04T10:26:33Z INFO [2447/2500] 428efa0b-d690-49b8-9462-947caf7c931d: valid; 1.3 s; peak memory 9231 MiB.
2026-10-04T10:26:35Z INFO [2448/2500] 42903713-acfe-4d50-84f3-ae9effd9757b: valid; 1.4 s; peak memory 9231 MiB.
2026-10-04T10:26:36Z INFO [2449/2500] 42919388-fe6c-437f-a6d5-79651826839a: not valid; 1.5 s; peak memory 9231 MiB.
2026-10-04T10:26:37Z INFO [2450/2500] 429384ff-f754-45de-8564-608ba3094704: valid; 0.9 s; peak memory 9231 MiB.
2026-10-04T10:26:38Z INFO [2450/2500] 429384ff-f754-45de-8564-608ba3094704: checkpointed 108460 records.
2026-10-04T10:26:40Z INFO [2451/2500] 4293dcff-9bf4-4773-96ac-b3609fecd38a: valid; 1.7 s; peak memory 9231 MiB.
2026-10-04T10:26:40Z INFO [2452/2500] 429495c4-50d2-4774-86fa-e2c929255abb: valid; 0.6 s; peak memory 9231 MiB.
2026-10-04T10:26:41Z INFO [2453/2500] 4294a170-47d9-4ef8-86af-21067b552706: not valid; 1.2 s; peak memory 9231 MiB.
2026-10-04T10:26:50Z INFO [2454/2500] 4294c1dc-722f-4dfc-984e-41e1e99740c5: valid; 8.7 s; peak memory 9231 MiB.
2026-10-04T10:26:52Z INFO [2455/2500] 4294df3d-c51f-4903-ab49-2f4506cb671c: valid; 2.3 s; peak memory 9231 MiB.
2026-10-04T10:26:57Z INFO [2456/2500] 4295dbe6-be81-4acd-8d39-bca7af84b194: not valid; 4.1 s; peak memory 9231 MiB.
2026-10-04T10:27:01Z INFO [2457/2500] 42969e43-d830-4e4f-be01-ef34ff22b66b: not valid; 4.5 s; peak memory 9231 MiB.
2026-10-04T10:27:02Z INFO [2458/2500] 4296f506-4d39-4ae1-af31-80b98dcb1cc1: valid; 0.8 s; peak memory 9231 MiB.
2026-10-04T10:27:03Z INFO [2459/2500] 42973f07-bad6-4c10-8a56-295546678950: not valid; 1.5 s; peak memory 9231 MiB.
2026-10-04T10:27:10Z INFO [2460/2500] 4297a7b0-beea-49fe-b558-14eb4af501b5: valid; 6.7 s; peak memory 9231 MiB.
2026-10-04T10:27:11Z INFO [2461/2500] 42984c5c-5fb8-4218-af06-eb2992921103: valid; 0.6 s; peak memory 9231 MiB.
2026-10-04T10:27:12Z INFO [2462/2500] 42984f4c-5744-46a7-ab62-18f56c85a84f: valid; 1.6 s; peak memory 9231 MiB.
2026-10-04T10:27:14Z INFO [2463/2500] 4298d99e-900e-4176-8461-cbb298475b3e: valid; 1.4 s; peak memory 9231 MiB.
2026-10-04T10:27:16Z INFO [2464/2500] 4298e52e-6e3a-4591-b6eb-7f0fd661236f: valid; 2.0 s; peak memory 9231 MiB.
2026-10-04T10:27:17Z INFO [2465/2500] 4299c480-6337-4b07-9813-a83e7c475c38: valid; 1.4 s; peak memory 9231 MiB.
2026-10-04T10:27:27Z INFO [2466/2500] 429a2e11-09c3-4e66-8731-dd3929fe67e5: valid; 10.3 s; peak memory 9231 MiB.
2026-10-04T10:27:28Z INFO [2467/2500] 429a9dd2-c6bd-4c49-b14b-b64fb2bdbde8: valid; 0.8 s; peak memory 9231 MiB.
2026-10-04T10:27:30Z INFO [2468/2500] 429aac56-243d-4d8e-8901-9f2c13aafa0f: valid; 2.5 s; peak memory 9231 MiB.
2026-10-04T10:27:31Z WARNING 429ad8b4-d300-47c6-8725-fe0af68d079d: failed while retrieving asset information from the DANDI API (NotFoundError: No asset at path 'sub-699462/sub-699462_ses-behavior-699462-2024-01-12-11-40-23.nwb' in version 0.260928.2230. Verify the path is correct and the asset exists in this version. Use 'dandi ls' to list available assets.)
2026-10-04T10:27:32Z INFO [2470/2500] 429ae5f7-2986-4300-b71b-7d1e79f94d36: not valid; 1.0 s; peak memory 9231 MiB.
2026-10-04T10:27:33Z INFO [2471/2500] 429b1cda-c852-4e85-9411-4d8bd7e8ee6e: not valid; 1.0 s; peak memory 9231 MiB.
2026-10-04T10:27:34Z INFO [2472/2500] 429b9db9-199d-4e02-a9a5-ad088d3fbdc0: valid; 1.6 s; peak memory 9231 MiB.
2026-10-04T10:27:35Z INFO [2473/2500] 429baaad-a057-411d-8957-8460947aef73: not valid; 1.1 s; peak memory 9231 MiB.
2026-10-04T10:27:37Z INFO [2474/2500] 429c52e7-06c3-43ee-ac5d-aabd454e9151: valid; 1.6 s; peak memory 9231 MiB.
2026-10-04T10:27:39Z INFO [2475/2500] 429d5017-74b9-40e6-a3c8-f0b0ed10eaaf: valid; 1.7 s; peak memory 9231 MiB.
2026-10-04T10:27:40Z WARNING 429df001-ce46-41e1-a8ec-3a3b73dd202c: failed while opening the NWB file (ConstructError: (root/acquisition/event_code_meanings GroupBuilder {'attributes': {'colnames': array(['value', 'meaning'], dtype=object), 'description': 'Mapping integer event codes to event labels', 'namespace': 'ndx-events', 'neurodata_type': 'MeaningsTable', 'object_id': 'eac376a9-ca9a-4f14-8b95-845d728f6aa2'}, 'groups': {}, 'datasets': {'id': root/acquisition/event_code_meanings/id DatasetBuilder {'attributes': {'namespace': 'hdmf-common', 'neurodata_type': 'ElementIdentifiers', 'object_id': '31e8c6dc-a7aa-49ca-b887-b65915c1bfd3'}, 'data': <HDF5 dataset "id": shape (26,), type "<i8">}, 'meaning': root/acquisition/event_code_meanings/meaning DatasetBuilder {'attributes': {'description': 'The meaning of the value in the parent CategoricalVectorData object.', 'namespace': 'hdmf-experimental', 'neurodata_type': 'VectorData', 'object_id': '9511a2e6-c786-45c4-ba97-f386294d3f57'}, 'data': <StrDataset for HDF5 dataset "meaning": shape (26,), type "|O">}, 'value': root/acquisition/event_code_meanings/value DatasetBuilder {'attributes': {'description': 'The value of the parent CategoricalVectorData object.', 'namespace': 'hdmf-experimental', 'neurodata_type': 'VectorData', 'object_id': 'eeb3331a-5f15-48a1-aa48-fc7daafc4617'}, 'data': <HDF5 dataset "value": shape (26,), type "<i8">}}, 'links': {}}, "Could not construct MeaningsTable object due to: MeaningsTable.__init__: missing argument 'target'"))
2026-10-04T10:27:40Z INFO [2477/2500] 429e26ba-8574-489d-86eb-3fea6fbde780: valid; 0.7 s; peak memory 9231 MiB.
2026-10-04T10:27:41Z INFO [2478/2500] 429e327a-85cc-4d6e-af06-6a8a5cd0e899: valid; 0.6 s; peak memory 9231 MiB.
2026-10-04T10:27:44Z INFO [2479/2500] 429e4250-84f6-4da2-802a-789d8f5e7941: not valid; 3.0 s; peak memory 9231 MiB.
2026-10-04T10:27:45Z INFO [2480/2500] 429e4c0a-b50e-45b0-9a27-ab62d194bd8f: valid; 1.3 s; peak memory 9231 MiB.
2026-10-04T10:28:03Z INFO [2481/2500] 429eb95f-aa71-4bd6-b097-d414083fc924: not valid; 18.0 s; peak memory 9231 MiB.
2026-10-04T10:28:13Z INFO [2482/2500] 429f4695-bf01-4359-a0d9-3f9b221b95da: valid; 9.8 s; peak memory 9231 MiB.
2026-10-04T10:28:14Z INFO [2483/2500] 429fb49f-969d-491f-85db-ceccd78a184d: not valid; 1.2 s; peak memory 9231 MiB.
2026-10-04T10:28:15Z INFO [2484/2500] 429fc537-ca99-4430-b1a1-1c83383f06c1: not valid; 1.2 s; peak memory 9231 MiB.
2026-10-04T10:28:18Z INFO [2485/2500] 429fda3a-f5e4-4788-a17c-4480b8547fb2: not valid; 3.0 s; peak memory 9231 MiB.
2026-10-04T10:28:20Z INFO [2486/2500] 42a0afb6-7604-4d36-9810-09206d07322d: valid; 2.2 s; peak memory 9231 MiB.
2026-10-04T10:28:22Z WARNING 42a0fccc-6843-4e0a-a85b-4daa13e42977: failed while opening the NWB file (ConstructError: (root/acquisition/_iblmic_audioSpectrogram/bands GroupBuilder {'attributes': {'colnames': array(['freq'], dtype=object), 'description': 'spectogram frequencies', 'namespace': 'core', 'neurodata_type': 'FrequencyBandsTable', 'object_id': '61ef15e9-8dbf-4f40-bcaf-cacc00f86b61'}, 'groups': {}, 'datasets': {'freq': root/acquisition/_iblmic_audioSpectrogram/bands/freq DatasetBuilder {'attributes': {'description': 'frequency value', 'namespace': 'hdmf-common', 'neurodata_type': 'VectorData', 'object_id': '40b0ab93-9bf5-4ec7-a346-a9ad76403a12'}, 'data': <HDF5 dataset "freq": shape (257,), type "<f4">}, 'id': root/acquisition/_iblmic_audioSpectrogram/bands/id DatasetBuilder {'attributes': {'namespace': 'hdmf-common', 'neurodata_type': 'ElementIdentifiers', 'object_id': '846b5744-9e6b-4f3f-a6f2-c424e9fdba8a'}, 'data': <HDF5 dataset "id": shape (257,), type "<i4">}}, 'links': {}}, "Could not construct FrequencyBandsTable object due to: column must have the same number of rows as 'id'"))
2026-10-04T10:28:23Z WARNING 42a1a00e-0c11-4a58-9e8e-a36d275424c9: failed while opening the NWB file (ConstructError: (root/acquisition/event_code_meanings GroupBuilder {'attributes': {'colnames': array(['value', 'meaning'], dtype=object), 'description': 'Mapping integer event codes to event labels', 'namespace': 'ndx-events', 'neurodata_type': 'MeaningsTable', 'object_id': 'af25aa31-4d71-4f8b-a0ab-4951a4fc758b'}, 'groups': {}, 'datasets': {'id': root/acquisition/event_code_meanings/id DatasetBuilder {'attributes': {'namespace': 'hdmf-common', 'neurodata_type': 'ElementIdentifiers', 'object_id': '4e0728b7-d383-4383-b531-457aee9df5a4'}, 'data': <HDF5 dataset "id": shape (26,), type "<i8">}, 'meaning': root/acquisition/event_code_meanings/meaning DatasetBuilder {'attributes': {'description': 'The meaning of the value in the parent CategoricalVectorData object.', 'namespace': 'hdmf-experimental', 'neurodata_type': 'VectorData', 'object_id': 'af51fd4c-cf2f-4f2d-af20-58cb9ee729e6'}, 'data': <StrDataset for HDF5 dataset "meaning": shape (26,), type "|O">}, 'value': root/acquisition/event_code_meanings/value DatasetBuilder {'attributes': {'description': 'The value of the parent CategoricalVectorData object.', 'namespace': 'hdmf-experimental', 'neurodata_type': 'VectorData', 'object_id': '6bbdad3a-eda9-4d91-ba38-74d395fd7094'}, 'data': <HDF5 dataset "value": shape (26,), type "<i8">}}, 'links': {}}, "Could not construct MeaningsTable object due to: MeaningsTable.__init__: missing argument 'target'"))
2026-10-04T10:28:24Z INFO [2489/2500] 42a1b7ce-20a2-486e-9717-ebb7142bc762: not valid; 0.9 s; peak memory 9231 MiB.
2026-10-04T10:28:25Z INFO [2490/2500] 42a2338c-91f3-4b7c-b287-f2766dd0efbc: valid; 0.8 s; peak memory 9231 MiB.
2026-10-04T10:28:27Z INFO [2491/2500] 42a239d4-c87e-40a2-81aa-7cf5aad4fcc1: not valid; 2.0 s; peak memory 9231 MiB.
2026-10-04T10:28:30Z INFO [2492/2500] 42a30353-a270-4b18-aec2-7d8cdae0b666: valid; 3.1 s; peak memory 9231 MiB.
2026-10-04T10:28:30Z INFO [2493/2500] 42a3099f-2c04-4693-936d-5deb0b6a79e7: valid; 0.6 s; peak memory 9231 MiB.
2026-10-04T10:28:31Z INFO [2494/2500] 42a396fa-96d1-4b4f-a3a1-6d62f119f407: valid; 0.6 s; peak memory 9231 MiB.
2026-10-04T10:28:33Z INFO [2495/2500] 42a3ed44-1826-4369-b8d6-f737134b21c7: valid; 1.6 s; peak memory 9231 MiB.
2026-10-04T10:28:34Z INFO [2496/2500] 42a417b1-b06a-443f-bab4-0e557b47f68d: not valid; 1.8 s; peak memory 9231 MiB.
2026-10-04T10:28:37Z INFO [2497/2500] 42a4c74c-5e17-4d54-9a84-a3ecd5e67936: valid; 2.5 s; peak memory 9231 MiB.
2026-10-04T10:28:38Z INFO [2498/2500] 42a4e4ee-fc0c-4db3-8005-b8365b13345a: valid; 1.4 s; peak memory 9231 MiB.
2026-10-04T10:28:43Z INFO [2499/2500] 42a56cab-6483-40c0-980b-8e3e75926ec0: valid; 4.7 s; peak memory 9231 MiB.
2026-10-04T10:28:45Z INFO [2500/2500] 42a5a0b3-6864-4423-90b8-fb73d300654e: valid; 2.3 s; peak memory 9231 MiB.
2026-10-04T10:28:46Z INFO [2500/2500] 42a5a0b3-6864-4423-90b8-fb73d300654e: checkpointed 108510 records.
2026-10-04T10:28:47Z INFO Wrote 108510 records to /tmp/derivatives/content_id_to_valid_nwb_file.jsonl (2376 new, 124 failed) in 103.3 min (peak memory 9231 MiB).
