2026-10-06T11:00:29Z INFO Logging to /tmp/logs/update_2026-10-06T11-00-29Z.log.
2026-10-06T11:00:29Z INFO Update content-id-to-valid-nwb-file (base directory /tmp).
2026-10-06T11:00:32Z INFO Processing 2500 items (141010 already recorded).
2026-10-06T11:00:34Z INFO [1/2500] 74d7fa95-250c-466a-acb4-95ce8593fff1: valid; 2.4 s; peak memory 413 MiB.
2026-10-06T11:00:36Z INFO [2/2500] 74d880f7-001e-47aa-bfbb-e939e3889128: valid; 1.5 s; peak memory 415 MiB.
2026-10-06T11:00:38Z INFO [3/2500] 74d90347-f334-40eb-a75c-e8df4d7f8bcb: valid; 2.3 s; peak memory 416 MiB.
2026-10-06T11:00:41Z INFO [4/2500] 74d99c77-13b2-45aa-8766-31625d794fe2: valid; 2.9 s; peak memory 430 MiB.
2026-10-06T11:01:54Z INFO [5/2500] 74d9d280-98ff-4d80-895d-be1c860b3efc: not valid; 73.6 s; peak memory 752 MiB.
2026-10-06T11:01:57Z INFO [6/2500] 74d9e10c-d490-48c1-99c9-8079687dd786: valid; 2.3 s; peak memory 760 MiB.
2026-10-06T11:01:58Z INFO [7/2500] 74da1a12-520d-48f5-8bae-f4a213b8030b: not valid; 1.5 s; peak memory 764 MiB.
2026-10-06T11:02:00Z INFO [8/2500] 74da5418-29a1-42f1-9178-0aa7d1fc4d66: valid; 1.8 s; peak memory 776 MiB.
2026-10-06T11:02:01Z INFO [9/2500] 74da8cf3-ed88-4578-b3d4-f5eac24af5c1: not valid; 1.5 s; peak memory 779 MiB.
2026-10-06T11:02:03Z INFO [10/2500] 74dc0e7e-ba90-42f7-b5fc-bc17c25b4719: valid; 1.6 s; peak memory 791 MiB.
2026-10-06T11:02:14Z INFO [11/2500] 74dc3ecd-0eb4-4066-9332-278ea8dfe970: valid; 11.1 s; peak memory 803 MiB.
2026-10-06T11:02:19Z INFO [12/2500] 74dc63c4-3cb7-4ac7-999e-175f8e803fba: valid; 5.3 s; peak memory 807 MiB.
2026-10-06T11:02:21Z INFO [13/2500] 74dcbbba-2a39-49a4-94d7-1e96054acc14: valid; 1.3 s; peak memory 808 MiB.
2026-10-06T11:02:22Z WARNING 74dd0ee4-921b-4707-b5d9-491bd08e54cc: failed while opening the NWB file (ConstructError: (root/acquisition/_iblmic_audioSpectrogram/bands GroupBuilder {'attributes': {'colnames': array(['freq'], dtype=object), 'description': 'spectogram frequencies', 'namespace': 'core', 'neurodata_type': 'FrequencyBandsTable', 'object_id': 'd8c0d936-6d37-4500-bc78-ceb4f9e3725e'}, 'groups': {}, 'datasets': {'freq': root/acquisition/_iblmic_audioSpectrogram/bands/freq DatasetBuilder {'attributes': {'description': 'frequency value', 'namespace': 'hdmf-common', 'neurodata_type': 'VectorData', 'object_id': 'c40f3b62-d827-443e-a4d6-951e57c326c9'}, 'data': <HDF5 dataset "freq": shape (257,), type "<f4">}, 'id': root/acquisition/_iblmic_audioSpectrogram/bands/id DatasetBuilder {'attributes': {'namespace': 'hdmf-common', 'neurodata_type': 'ElementIdentifiers', 'object_id': '0e7bf1e4-cc0d-49a6-817d-745f4e4b7793'}, 'data': <HDF5 dataset "id": shape (257,), type "<i4">}}, 'links': {}}, "Could not construct FrequencyBandsTable object due to: column must have the same number of rows as 'id'"))
2026-10-06T11:02:24Z INFO [15/2500] 74dd50aa-e8e3-463e-9836-f08f9a7dd170: valid; 1.6 s; peak memory 811 MiB.
2026-10-06T11:02:27Z INFO [16/2500] 74dd826f-393b-4938-ae8e-5ed0bac76de1: valid; 2.7 s; peak memory 813 MiB.
2026-10-06T11:02:28Z INFO [17/2500] 74dd8654-bc11-4c53-b426-06607a212fd9: valid; 1.6 s; peak memory 814 MiB.
2026-10-06T11:02:43Z INFO [18/2500] 74ddcd47-6149-431a-ab62-d0fd8c7e3436: not valid; 14.9 s; peak memory 872 MiB.
2026-10-06T11:02:45Z WARNING 74de176d-3a86-479d-9825-0605bf7ea68c: failed while opening the NWB file (ConstructError: (root/acquisition/_iblmic_audioSpectrogram/bands GroupBuilder {'attributes': {'colnames': array(['freq'], dtype=object), 'description': 'spectogram frequencies', 'namespace': 'core', 'neurodata_type': 'FrequencyBandsTable', 'object_id': '73c95f2d-6e03-478d-85be-9173939987ac'}, 'groups': {}, 'datasets': {'freq': root/acquisition/_iblmic_audioSpectrogram/bands/freq DatasetBuilder {'attributes': {'description': 'frequency value', 'namespace': 'hdmf-common', 'neurodata_type': 'VectorData', 'object_id': 'c667a3f1-3457-4874-ac4c-1e30089a7d27'}, 'data': <HDF5 dataset "freq": shape (257,), type "<f4">}, 'id': root/acquisition/_iblmic_audioSpectrogram/bands/id DatasetBuilder {'attributes': {'namespace': 'hdmf-common', 'neurodata_type': 'ElementIdentifiers', 'object_id': '49b23b1f-9ca5-49fd-8986-182e9f30d090'}, 'data': <HDF5 dataset "id": shape (257,), type "<i4">}}, 'links': {}}, "Could not construct FrequencyBandsTable object due to: column must have the same number of rows as 'id'"))
2026-10-06T11:02:46Z INFO [20/2500] 74de7bc1-4a8d-4b6c-96e3-35cbc498e638: valid; 1.2 s; peak memory 879 MiB.
2026-10-06T11:02:47Z INFO [21/2500] 74deb0a5-db9a-4746-9242-7a7283a976db: valid; 1.1 s; peak memory 880 MiB.
2026-10-06T11:02:50Z INFO [22/2500] 74e113bc-8fbd-4568-9762-be30369ebb23: valid; 2.7 s; peak memory 899 MiB.
2026-10-06T11:02:51Z INFO [23/2500] 74e117ce-a210-4d54-91fe-c6d7f5e0ebe9: valid; 1.4 s; peak memory 899 MiB.
2026-10-06T11:03:00Z INFO [24/2500] 74e120ac-6e8d-4d0f-9807-48ab5dfb3470: valid; 8.5 s; peak memory 899 MiB.
2026-10-06T11:03:02Z INFO [25/2500] 74e15f51-3bee-4bf9-96b8-09896ae34e30: valid; 1.8 s; peak memory 899 MiB.
2026-10-06T11:03:09Z INFO [26/2500] 74e16d2c-1c9d-4277-a09d-d5b576313af6: valid; 7.3 s; peak memory 900 MiB.
2026-10-06T11:03:20Z INFO [27/2500] 74e18ebe-15be-4631-ac98-bcd74b720e98: valid; 10.9 s; peak memory 912 MiB.
2026-10-06T11:03:22Z INFO [28/2500] 74e1a371-28ce-4e88-a0a7-5b61ebbbe91b: valid; 2.2 s; peak memory 912 MiB.
2026-10-06T11:03:24Z INFO [29/2500] 74e21d22-810f-4487-9d19-bb03e7ad6a27: valid; 1.8 s; peak memory 912 MiB.
2026-10-06T11:03:26Z INFO [30/2500] 74e2c9b7-a672-4332-883d-af99a71a2478: valid; 1.8 s; peak memory 912 MiB.
2026-10-06T11:03:27Z INFO [31/2500] 74e2cdf1-3279-4474-8897-c599a754b8cc: valid; 1.2 s; peak memory 912 MiB.
2026-10-06T11:03:28Z INFO [32/2500] 74e321b9-6d7f-48dd-8158-e52cc15c5a16: valid; 1.3 s; peak memory 912 MiB.
2026-10-06T11:03:44Z INFO [33/2500] 74e37448-1aaf-492f-98d1-cc9b730fa15f: valid; 15.3 s; peak memory 922 MiB.
2026-10-06T11:03:45Z INFO [34/2500] 74e3d53c-4e13-4950-9776-085f6e19eab6: valid; 1.2 s; peak memory 922 MiB.
2026-10-06T11:03:47Z INFO [35/2500] 74e42788-d6e7-49b2-bb88-777e6a9f8c64: valid; 2.2 s; peak memory 923 MiB.
2026-10-06T11:04:27Z INFO [36/2500] 74e4d158-4dcf-404a-af14-8235960becd9: valid; 40.5 s; peak memory 1080 MiB.
2026-10-06T11:04:29Z INFO [37/2500] 74e602a4-22bd-4f44-83fd-7f1869731ab1: valid; 1.8 s; peak memory 1080 MiB.
2026-10-06T11:04:32Z INFO [38/2500] 74e66cb9-49a4-4556-9009-2d0d1e794cf8: valid; 2.3 s; peak memory 1084 MiB.
2026-10-06T11:04:47Z INFO [39/2500] 74e79528-dd88-44e7-a24e-ed35d08f8390: not valid; 15.9 s; peak memory 1184 MiB.
2026-10-06T11:04:49Z INFO [40/2500] 74e7e8dc-cf17-42d0-a18c-af67c0d095c3: valid; 1.2 s; peak memory 1184 MiB.
2026-10-06T11:04:50Z INFO [41/2500] 74e7f87c-d618-4543-ba23-9b6c5ca61fdd: valid; 1.2 s; peak memory 1186 MiB.
2026-10-06T11:04:51Z INFO [42/2500] 74e8c59a-0d47-4e61-8d78-bb22abea94c5: not valid; 1.3 s; peak memory 1189 MiB.
2026-10-06T11:04:52Z INFO [43/2500] 74e8d671-7137-4fea-bbdd-df30887bfe20: valid; 1.3 s; peak memory 1190 MiB.
2026-10-06T11:04:54Z INFO [44/2500] 74e9612b-6b32-40fc-8b32-6738f2ae08dc: valid; 1.8 s; peak memory 1201 MiB.
2026-10-06T11:04:56Z INFO [45/2500] 74e96e9d-d6e7-441e-b843-f50ae3d5d9fe: valid; 2.1 s; peak memory 1205 MiB.
2026-10-06T11:04:58Z INFO [46/2500] 74e9f29b-5d68-458d-849b-b4be30a53c4a: not valid; 1.3 s; peak memory 1205 MiB.
2026-10-06T11:04:59Z INFO [47/2500] 74eadfa7-9f90-4f05-8658-e12155daede3: valid; 1.7 s; peak memory 1205 MiB.
2026-10-06T11:05:01Z INFO [48/2500] 74eb4ffb-b37b-4435-8c29-91d8837c7625: not valid; 1.8 s; peak memory 1205 MiB.
2026-10-06T11:05:04Z INFO [49/2500] 74ebcb00-cceb-46d0-8d83-739e1fa51b49: valid; 2.4 s; peak memory 1205 MiB.
2026-10-06T11:05:14Z INFO [50/2500] 74ec1809-d9bb-4f66-8507-2157592cd9f6: valid; 10.7 s; peak memory 1205 MiB.
2026-10-06T11:05:15Z INFO [50/2500] 74ec1809-d9bb-4f66-8507-2157592cd9f6: checkpointed 141060 records.
2026-10-06T11:05:17Z INFO [51/2500] 74ec35aa-a7b9-4742-b41d-d29a254bab6e: valid; 1.2 s; peak memory 1205 MiB.
2026-10-06T11:05:18Z INFO [52/2500] 74eca43b-6f91-4a83-b764-0b838ee9199a: valid; 1.5 s; peak memory 1205 MiB.
2026-10-06T11:05:20Z INFO [53/2500] 74ecb9bd-36c2-4c0e-98aa-700cbcfa1468: valid; 1.9 s; peak memory 1205 MiB.
2026-10-06T11:05:28Z INFO [54/2500] 74ed8319-5d53-4273-908f-09f61a498e44: valid; 7.9 s; peak memory 1205 MiB.
2026-10-06T11:05:29Z INFO [55/2500] 74ee0c0c-0775-4963-af3d-2981cb908226: valid; 1.4 s; peak memory 1205 MiB.
2026-10-06T11:05:48Z INFO [56/2500] 74ee1338-8c60-4c78-8b01-b093b5a7c5dd: valid; 18.9 s; peak memory 1205 MiB.
2026-10-06T11:05:55Z INFO [57/2500] 74ee29b9-2f8e-4194-b263-e15a5dbe4a11: valid; 6.6 s; peak memory 1205 MiB.
2026-10-06T11:05:56Z INFO [58/2500] 74ee50d9-61c9-4079-ad1c-965d9d49bb9c: not valid; 1.3 s; peak memory 1205 MiB.
2026-10-06T11:06:00Z INFO [59/2500] 74eeb3ef-2d85-475f-9a71-fe7c6b76594a: valid; 3.9 s; peak memory 1205 MiB.
2026-10-06T11:06:02Z INFO [60/2500] 74eed4d0-79e3-4a53-bea7-3b301c065533: valid; 2.4 s; peak memory 1205 MiB.
2026-10-06T11:06:04Z WARNING 74eef2c8-fea9-4637-ae2c-2817d9eba00e: failed while opening the NWB file (ConstructError: (root/acquisition/_iblmic_audioSpectrogram/bands GroupBuilder {'attributes': {'colnames': array(['freq'], dtype=object), 'description': 'spectogram frequencies', 'namespace': 'core', 'neurodata_type': 'FrequencyBandsTable', 'object_id': '9c7ce29e-a54e-4cca-85ca-4cbf8878976c'}, 'groups': {}, 'datasets': {'freq': root/acquisition/_iblmic_audioSpectrogram/bands/freq DatasetBuilder {'attributes': {'description': 'frequency value', 'namespace': 'hdmf-common', 'neurodata_type': 'VectorData', 'object_id': '5d765c44-665f-4d93-ba38-0018d9800bee'}, 'data': <HDF5 dataset "freq": shape (257,), type "<f4">}, 'id': root/acquisition/_iblmic_audioSpectrogram/bands/id DatasetBuilder {'attributes': {'namespace': 'hdmf-common', 'neurodata_type': 'ElementIdentifiers', 'object_id': 'f996b93a-d303-4a38-83de-3ea265e81ddb'}, 'data': <HDF5 dataset "id": shape (257,), type "<i4">}}, 'links': {}}, "Could not construct FrequencyBandsTable object due to: column must have the same number of rows as 'id'"))
2026-10-06T11:06:06Z INFO [62/2500] 74ef34e1-b849-4b0e-bd46-f25fbd102369: valid; 1.8 s; peak memory 1205 MiB.
2026-10-06T11:06:07Z INFO [63/2500] 74efa443-73c5-42ed-9c22-39db12d3343e: valid; 1.2 s; peak memory 1205 MiB.
2026-10-06T11:06:07Z WARNING 74f0701d-b964-47d0-b81e-0c8f86dadd22: failed while retrieving asset information from the DANDI API (NotFoundError: No asset at path 'sub-healthy-simulated-beta/sub-healthy-simulated-beta_ses-769_ecephys.nwb' in version 0.250327.2220. Verify the path is correct and the asset exists in this version. Use 'dandi ls' to list available assets.)
2026-10-06T11:06:08Z INFO [65/2500] 74f0a1ed-95e9-4e91-a886-ebc84ba8c45a: valid; 1.2 s; peak memory 1205 MiB.
2026-10-06T11:06:11Z INFO [66/2500] 74f0d8f0-c091-4721-8e2d-09fb37dc7eb8: valid; 2.3 s; peak memory 1205 MiB.
2026-10-06T11:06:12Z INFO [67/2500] 74f10462-d768-455c-b96f-1d732305ce94: valid; 1.3 s; peak memory 1205 MiB.
2026-10-06T11:06:47Z INFO [68/2500] 74f17d9c-84c5-4323-9ab8-d5254d934804: not valid; 35.0 s; peak memory 2250 MiB.
2026-10-06T11:06:57Z INFO [69/2500] 74f1b061-0a1c-4afb-8495-0ee0e55eea26: valid; 10.0 s; peak memory 2250 MiB.
2026-10-06T11:06:59Z INFO [70/2500] 74f1da60-b0bf-4e08-b3b6-24a229b05fef: not valid; 1.6 s; peak memory 2250 MiB.
2026-10-06T11:07:09Z INFO [71/2500] 74f2187f-c5a8-457e-8914-018c334d5085: valid; 11.0 s; peak memory 2250 MiB.
2026-10-06T11:07:11Z INFO [72/2500] 74f2216f-79ad-477a-b65c-587720f89f07: valid; 1.1 s; peak memory 2250 MiB.
2026-10-06T11:07:12Z INFO [73/2500] 74f24f17-4217-4cb6-8586-8db7a95ccb54: not valid; 1.6 s; peak memory 2250 MiB.
2026-10-06T11:07:14Z INFO [74/2500] 74f25491-6ebc-46b9-a5eb-c1d48529e30e: valid; 2.0 s; peak memory 2250 MiB.
2026-10-06T11:07:15Z INFO [75/2500] 74f26148-af06-49b4-aa84-f581ac37be3e: valid; 1.1 s; peak memory 2250 MiB.
2026-10-06T11:07:17Z INFO [76/2500] 74f27c26-9c27-4dac-a752-499e9d3ca49b: valid; 2.1 s; peak memory 2250 MiB.
2026-10-06T11:07:20Z INFO [77/2500] 74f2bad9-289a-43ed-ad22-f04bff9b94b7: valid; 2.4 s; peak memory 2250 MiB.
2026-10-06T11:07:33Z INFO [78/2500] 74f2cb12-040d-4fc1-bcb5-c2f5a92abf82: not valid; 13.0 s; peak memory 2250 MiB.
2026-10-06T11:07:35Z INFO [79/2500] 74f2da4b-387c-424f-a2f9-5dcbd66811f2: not valid; 2.6 s; peak memory 2250 MiB.
2026-10-06T11:07:37Z INFO [80/2500] 74f31fdf-fa45-4b17-94cb-45d7b8f9ef53: valid; 1.6 s; peak memory 2250 MiB.
2026-10-06T11:07:37Z WARNING 74f33325-e473-4f99-874f-f7617995bfb8: failed while retrieving asset information from the DANDI API (NotFoundError: No such Dandiset: 001533)
2026-10-06T11:07:39Z INFO [82/2500] 74f34ed8-4a7b-4097-9bee-283679edebbf: valid; 1.9 s; peak memory 2250 MiB.
2026-10-06T11:07:40Z INFO [83/2500] 74f467fe-c5dd-4397-b838-f6f27cfad0f6: not valid; 1.2 s; peak memory 2250 MiB.
2026-10-06T11:07:50Z INFO [84/2500] 74f48eaa-696e-42c2-b27b-95697742c94f: valid; 9.8 s; peak memory 2250 MiB.
2026-10-06T11:07:52Z INFO [85/2500] 74f4b9da-0bb9-440d-b8af-24e16ae74538: valid; 2.1 s; peak memory 2250 MiB.
2026-10-06T11:07:52Z WARNING 74f4f51a-9a54-437d-a97a-e5073ab7ce47: failed while retrieving asset information from the DANDI API (NotFoundError: No such Dandiset: 000948)
2026-10-06T11:07:54Z INFO [87/2500] 74f50453-e98a-4498-aa4f-1af9b72bed07: valid; 1.6 s; peak memory 2250 MiB.
2026-10-06T11:07:55Z INFO [88/2500] 74f55fd5-ddfe-48f1-9538-36a2fea731a5: valid; 1.6 s; peak memory 2250 MiB.
2026-10-06T11:07:57Z INFO [89/2500] 74f5d832-3596-4904-9966-771bbb0a4933: valid; 2.0 s; peak memory 2250 MiB.
2026-10-06T11:08:01Z INFO [90/2500] 74f61d21-7822-4ba7-b721-307934b728d8: valid; 3.6 s; peak memory 2250 MiB.
2026-10-06T11:08:10Z INFO [91/2500] 74f6a7fa-af24-48f6-8147-57c47a28b719: not valid; 9.0 s; peak memory 2250 MiB.
2026-10-06T11:08:12Z INFO [92/2500] 74f6e6e2-1b3b-48ae-aed8-e48613e3830b: valid; 1.7 s; peak memory 2250 MiB.
2026-10-06T11:08:15Z INFO [93/2500] 74f6ec3f-b382-495d-95d8-e2e88955ae50: not valid; 2.9 s; peak memory 2250 MiB.
2026-10-06T11:08:33Z INFO [94/2500] 74f6f2f6-0ce9-452e-9a66-fc128311739d: valid; 18.1 s; peak memory 2250 MiB.
2026-10-06T11:08:34Z INFO [95/2500] 74f71359-7cb5-4c4f-b354-409bbca8581d: not valid; 1.7 s; peak memory 2250 MiB.
2026-10-06T11:08:46Z INFO [96/2500] 74f73d5f-5037-4ccf-9285-4ac2d250e17e: valid; 11.2 s; peak memory 2250 MiB.
2026-10-06T11:08:47Z INFO [97/2500] 74f76288-d4ba-4957-8dfb-b3895837414b: valid; 1.8 s; peak memory 2250 MiB.
2026-10-06T11:08:49Z INFO [98/2500] 74f7de56-3406-4aa9-b293-ca5b34b6fb90: valid; 1.3 s; peak memory 2250 MiB.
2026-10-06T11:08:50Z INFO [99/2500] 74f861eb-953e-4534-8e2b-2accae7bed47: valid; 1.7 s; peak memory 2250 MiB.
2026-10-06T11:08:53Z INFO [100/2500] 74f9e1b1-0622-4ef6-9023-52d55bc390e2: valid; 2.3 s; peak memory 2250 MiB.
2026-10-06T11:08:54Z INFO [100/2500] 74f9e1b1-0622-4ef6-9023-52d55bc390e2: checkpointed 141110 records.
2026-10-06T11:08:58Z INFO [101/2500] 74f9e515-9802-4ead-996c-72caaddd62b7: not valid; 4.0 s; peak memory 2250 MiB.
2026-10-06T11:09:00Z INFO [102/2500] 74fa6a8f-dccf-4616-aa00-3dc4305e76e7: valid; 1.9 s; peak memory 2250 MiB.
2026-10-06T11:09:01Z INFO [103/2500] 74fbfc99-cc5c-4c44-bb5a-287ca94e3f06: not valid; 1.5 s; peak memory 2250 MiB.
2026-10-06T11:09:03Z INFO [104/2500] 74fc1c23-1885-40cc-b14c-918139ef8df8: not valid; 1.6 s; peak memory 2250 MiB.
2026-10-06T11:09:05Z INFO [105/2500] 74fc619b-fff3-4cd7-833c-741f44bccca2: valid; 2.2 s; peak memory 2250 MiB.
2026-10-06T11:09:09Z INFO [106/2500] 74fcd2c3-1a10-4ad8-9129-a4d35065a965: valid; 4.3 s; peak memory 2250 MiB.
2026-10-06T11:09:11Z INFO [107/2500] 74fce6a1-c8bb-46c0-9703-ca1ee6c3b42b: valid; 1.5 s; peak memory 2250 MiB.
2026-10-06T11:09:12Z INFO [108/2500] 74fcf8cf-ed5b-4892-8951-77294bb4efb6: valid; 1.2 s; peak memory 2250 MiB.
2026-10-06T11:09:13Z INFO [109/2500] 74fd17d9-3476-40de-8217-5a6dc380cd07: valid; 1.3 s; peak memory 2250 MiB.
2026-10-06T11:09:16Z INFO [110/2500] 74fd3600-90dc-4025-9ef3-81042d4e3f3a: valid; 2.5 s; peak memory 2250 MiB.
2026-10-06T11:09:18Z INFO [111/2500] 74fe4c22-ebd6-4d51-9e43-ad23fd853a43: valid; 2.1 s; peak memory 2250 MiB.
2026-10-06T11:09:28Z INFO [112/2500] 74fe9be6-3ddd-45b8-9d0c-3bc9c040c03e: valid; 10.2 s; peak memory 2250 MiB.
2026-10-06T11:09:30Z INFO [113/2500] 74ff0753-8718-492a-a378-b80a9586a0d7: not valid; 1.7 s; peak memory 2250 MiB.
2026-10-06T11:09:31Z INFO [114/2500] 74ff3b14-8046-4420-b9f5-03d3886a75fe: not valid; 1.6 s; peak memory 2250 MiB.
2026-10-06T11:09:34Z INFO [115/2500] 74ffcbf2-39af-44d4-8271-c0035ed47d65: not valid; 3.0 s; peak memory 2250 MiB.
2026-10-06T11:09:36Z INFO [116/2500] 74ffe1bb-c797-46d6-a5b6-b528d146c7d6: valid; 1.6 s; peak memory 2250 MiB.
2026-10-06T11:09:38Z INFO [117/2500] 7500aa93-5c02-43d1-9f55-6569cec35796: valid; 1.9 s; peak memory 2250 MiB.
2026-10-06T11:09:39Z INFO [118/2500] 75012036-7823-4dad-acbb-2f9e247c8911: valid; 1.3 s; peak memory 2250 MiB.
2026-10-06T11:09:41Z INFO [119/2500] 75016031-e0a8-439a-bc46-cc96a9c15170: valid; 1.6 s; peak memory 2250 MiB.
2026-10-06T11:09:45Z INFO [120/2500] 75030c91-fb80-4d6e-b223-77122cb746fe: not valid; 4.4 s; peak memory 2250 MiB.
2026-10-06T11:09:47Z INFO [121/2500] 750342a8-0813-40c9-a857-b16a2d9be4b4: valid; 1.8 s; peak memory 2250 MiB.
2026-10-06T11:09:49Z INFO [122/2500] 7503587c-2ccf-47cf-877a-107fb5d4023e: valid; 1.8 s; peak memory 2250 MiB.
2026-10-06T11:09:51Z WARNING 75037019-d051-4ebb-9ab1-0e49389e8836: failed while opening the NWB file (ConstructError: (root/acquisition/_iblmic_audioSpectrogram/bands GroupBuilder {'attributes': {'colnames': array(['freq'], dtype=object), 'description': 'spectogram frequencies', 'namespace': 'core', 'neurodata_type': 'FrequencyBandsTable', 'object_id': '1bf3031a-fea9-431a-9a11-1bdb481c0668'}, 'groups': {}, 'datasets': {'freq': root/acquisition/_iblmic_audioSpectrogram/bands/freq DatasetBuilder {'attributes': {'description': 'frequency value', 'namespace': 'hdmf-common', 'neurodata_type': 'VectorData', 'object_id': '365262d2-6d27-45a0-ab99-7c0a225b5747'}, 'data': <HDF5 dataset "freq": shape (257,), type "<f4">}, 'id': root/acquisition/_iblmic_audioSpectrogram/bands/id DatasetBuilder {'attributes': {'namespace': 'hdmf-common', 'neurodata_type': 'ElementIdentifiers', 'object_id': '51e85c6c-1127-4a34-a8ca-890b870a87a3'}, 'data': <HDF5 dataset "id": shape (257,), type "<i4">}}, 'links': {}}, "Could not construct FrequencyBandsTable object due to: column must have the same number of rows as 'id'"))
2026-10-06T11:09:51Z INFO [124/2500] 75039738-676c-4c33-a321-af903e83c713: valid; 0.9 s; peak memory 2250 MiB.
2026-10-06T11:09:54Z INFO [125/2500] 75042eeb-b859-4145-bfbe-d647957a5b24: valid; 2.7 s; peak memory 2250 MiB.
2026-10-06T11:10:17Z INFO [126/2500] 750446c9-eebc-4268-b96b-f93d3f0e7d1f: valid; 22.7 s; peak memory 2250 MiB.
2026-10-06T11:10:22Z INFO [127/2500] 7504a20c-31be-4048-9f9e-d45f269c5e89: valid; 5.5 s; peak memory 2250 MiB.
2026-10-06T11:10:24Z INFO [128/2500] 7504bec4-3a0b-45e1-af05-14f3362d7dd9: not valid; 1.3 s; peak memory 2250 MiB.
2026-10-06T11:10:26Z INFO [129/2500] 75050928-c0c0-459a-875c-898ced9c9bab: valid; 2.7 s; peak memory 2250 MiB.
2026-10-06T11:10:28Z INFO [130/2500] 75051ce1-1297-4617-a4c0-92f2ebf70ed3: valid; 1.7 s; peak memory 2250 MiB.
2026-10-06T11:10:32Z INFO [131/2500] 7505d090-6413-4b1d-9cee-248264961d90: valid; 3.6 s; peak memory 2250 MiB.
2026-10-06T11:10:34Z INFO [132/2500] 7506083e-175b-43ed-a99f-d45b6f08f0c4: not valid; 2.2 s; peak memory 2250 MiB.
2026-10-06T11:10:35Z INFO [133/2500] 7506f5a9-0340-40df-878a-ec083cce6b3d: not valid; 1.3 s; peak memory 2250 MiB.
2026-10-06T11:10:37Z INFO [134/2500] 75071610-5c0d-4f5b-bcc9-0c23f921679d: valid; 2.0 s; peak memory 2250 MiB.
2026-10-06T11:10:39Z INFO [135/2500] 75075ccd-1a15-4494-9230-a352e45ca57a: valid; 1.3 s; peak memory 2250 MiB.
2026-10-06T11:10:40Z INFO [136/2500] 7507b316-62f9-421d-9ace-06b55760bbd5: valid; 1.7 s; peak memory 2250 MiB.
2026-10-06T11:10:41Z INFO [137/2500] 7507ebb4-2784-43e4-867a-483a02e54588: not valid; 1.2 s; peak memory 2250 MiB.
2026-10-06T11:10:43Z INFO [138/2500] 75082570-4214-4d8d-966b-3dbd1bb94c09: valid; 1.4 s; peak memory 2250 MiB.
2026-10-06T11:10:44Z INFO [139/2500] 75093417-f985-4714-b4e2-c76531d08da1: valid; 1.3 s; peak memory 2250 MiB.
2026-10-06T11:10:46Z INFO [140/2500] 7509372d-52fe-481a-bdc1-395bfe2e27b7: valid; 1.8 s; peak memory 2250 MiB.
2026-10-06T11:10:47Z INFO [141/2500] 75095943-2775-4dfe-8d98-ba520e37424e: valid; 1.2 s; peak memory 2250 MiB.
2026-10-06T11:10:54Z INFO [142/2500] 75096c65-01aa-49bc-98cf-634f2a09f96a: valid; 6.6 s; peak memory 2250 MiB.
2026-10-06T11:10:55Z INFO [143/2500] 7509775b-324a-4fd7-abd3-1fc60641bf55: valid; 1.2 s; peak memory 2250 MiB.
2026-10-06T11:10:57Z INFO [144/2500] 750978d3-e689-4159-bea8-af408e67ed42: valid; 2.2 s; peak memory 2250 MiB.
2026-10-06T11:11:00Z INFO [145/2500] 7509f328-356b-4a25-82b9-6ac4649ad328: valid; 2.4 s; peak memory 2250 MiB.
2026-10-06T11:11:01Z INFO [146/2500] 750a3e48-501b-46ac-8b15-6d0e16427e31: valid; 1.2 s; peak memory 2250 MiB.
2026-10-06T11:11:04Z INFO [147/2500] 750bba60-a0a6-4a19-8644-dab34237f1c1: valid; 2.7 s; peak memory 2250 MiB.
2026-10-06T11:11:12Z INFO [148/2500] 750c2413-4df8-4471-a5b2-011cb617447c: valid; 8.7 s; peak memory 2250 MiB.
2026-10-06T11:11:14Z INFO [149/2500] 750c5aa1-2017-4e4d-bdc8-080200ced56f: valid; 1.4 s; peak memory 2250 MiB.
2026-10-06T11:11:15Z INFO [150/2500] 750cf39d-766b-43ab-a0cf-4e264526aa94: not valid; 1.8 s; peak memory 2250 MiB.
2026-10-06T11:11:17Z INFO [150/2500] 750cf39d-766b-43ab-a0cf-4e264526aa94: checkpointed 141160 records.
2026-10-06T11:11:18Z INFO [151/2500] 750d1c70-e995-47fa-8771-1cc695daa4c2: valid; 1.2 s; peak memory 2250 MiB.
2026-10-06T11:11:19Z INFO [152/2500] 750d43be-b718-4050-ab2b-5f0d4245d237: valid; 1.8 s; peak memory 2250 MiB.
2026-10-06T11:11:21Z INFO [153/2500] 750e73e5-14fc-4e04-a96e-9ad2390e60b8: valid; 1.3 s; peak memory 2250 MiB.
2026-10-06T11:11:22Z INFO [154/2500] 750ea2cb-22d1-4669-848d-32f173b214e8: not valid; 1.4 s; peak memory 2250 MiB.
2026-10-06T11:11:23Z INFO [155/2500] 750f1716-f999-4dc6-bc1f-b06ed042a490: valid; 1.3 s; peak memory 2250 MiB.
2026-10-06T11:11:24Z WARNING 751075d6-7d6f-43b0-ab2d-d5236f4e6f86: failed while retrieving asset information from the DANDI API (NotFoundError: No asset at path 'sub-ZS062/sub-ZS062_ses-behavior-ZS062-2021-05-09-17-15-10.nwb' in version 0.260928.2230. Verify the path is correct and the asset exists in this version. Use 'dandi ls' to list available assets.)
2026-10-06T11:11:25Z INFO [157/2500] 7510bfe9-0175-4444-88cc-2841a80af5e5: not valid; 1.3 s; peak memory 2250 MiB.
2026-10-06T11:11:26Z INFO [158/2500] 7510c9a7-ff97-48d4-94f0-02c22649211b: valid; 1.2 s; peak memory 2250 MiB.
2026-10-06T11:11:28Z WARNING 7511e990-a7af-4eba-af17-bcc7c5679612: failed while opening the NWB file (ConstructError: (root/acquisition/event_code_meanings GroupBuilder {'attributes': {'colnames': array(['value', 'meaning'], dtype=object), 'description': 'Mapping integer event codes to event labels', 'namespace': 'ndx-events', 'neurodata_type': 'MeaningsTable', 'object_id': '336e796e-4788-48b8-ba2f-96a030c56ec6'}, 'groups': {}, 'datasets': {'id': root/acquisition/event_code_meanings/id DatasetBuilder {'attributes': {'namespace': 'hdmf-common', 'neurodata_type': 'ElementIdentifiers', 'object_id': '4fb795c5-1114-4ae7-a61a-440adee6fce1'}, 'data': <HDF5 dataset "id": shape (26,), type "<i8">}, 'meaning': root/acquisition/event_code_meanings/meaning DatasetBuilder {'attributes': {'description': 'The meaning of the value in the parent CategoricalVectorData object.', 'namespace': 'hdmf-experimental', 'neurodata_type': 'VectorData', 'object_id': '626f5d94-60e9-4c14-b868-05ea9b1057fc'}, 'data': <StrDataset for HDF5 dataset "meaning": shape (26,), type "|O">}, 'value': root/acquisition/event_code_meanings/value DatasetBuilder {'attributes': {'description': 'The value of the parent CategoricalVectorData object.', 'namespace': 'hdmf-experimental', 'neurodata_type': 'VectorData', 'object_id': '6cd895ee-d3d9-4704-838e-581f818435a2'}, 'data': <HDF5 dataset "value": shape (26,), type "<i8">}}, 'links': {}}, "Could not construct MeaningsTable object due to: MeaningsTable.__init__: missing argument 'target'"))
2026-10-06T11:11:36Z INFO [160/2500] 75120f3c-c476-4eae-99e5-e8567beb2d6f: valid; 8.0 s; peak memory 2250 MiB.
2026-10-06T11:11:37Z INFO [161/2500] 75121c4f-84b3-41c4-8bf3-ca4eff646ab5: not valid; 1.0 s; peak memory 2250 MiB.
2026-10-06T11:11:39Z INFO [162/2500] 7512a1ef-ced0-4ffb-83f1-43482080b98b: valid; 2.0 s; peak memory 2250 MiB.
2026-10-06T11:11:40Z INFO [163/2500] 7512d6f6-730b-444b-a380-0dfcc0688850: valid; 1.1 s; peak memory 2250 MiB.
2026-10-06T11:11:48Z INFO [164/2500] 751316d7-26a8-4ad3-9f43-6f9b65c1918e: valid; 8.3 s; peak memory 2250 MiB.
2026-10-06T11:11:57Z INFO [165/2500] 751346a9-feaf-424c-ada8-ef3bb00a9e4a: valid; 8.1 s; peak memory 2250 MiB.
2026-10-06T11:11:58Z INFO [166/2500] 75135a20-d488-40b6-b46a-59b6d2077120: valid; 1.2 s; peak memory 2250 MiB.
2026-10-06T11:12:04Z INFO [167/2500] 7513b958-0db9-480d-8ef6-c7f9ab63d0ba: valid; 6.7 s; peak memory 2250 MiB.
2026-10-06T11:12:06Z INFO [168/2500] 7513e458-2b08-4c40-a315-6502acf9e469: valid; 1.7 s; peak memory 2250 MiB.
2026-10-06T11:12:08Z INFO [169/2500] 75142161-7c3f-4147-9873-2b7e343698ae: not valid; 1.4 s; peak memory 2250 MiB.
2026-10-06T11:12:10Z INFO [170/2500] 75144a29-8fef-48d6-9308-c45c8604481c: valid; 1.9 s; peak memory 2250 MiB.
2026-10-06T11:12:11Z INFO [171/2500] 75148ec6-7ec4-4585-a07e-f708bdce46fb: valid; 1.5 s; peak memory 2250 MiB.
2026-10-06T11:12:12Z INFO [172/2500] 7514cf0c-48ae-432c-9a11-32f275b63b02: not valid; 1.4 s; peak memory 2252 MiB.
2026-10-06T11:12:14Z INFO [173/2500] 75156acc-30e6-4904-a457-cf7cb1587e93: valid; 1.3 s; peak memory 2252 MiB.
2026-10-06T11:12:16Z INFO [174/2500] 75158cb8-d755-4d20-81af-a1c775badd77: valid; 2.1 s; peak memory 2262 MiB.
2026-10-06T11:12:18Z INFO [175/2500] 751590ab-b05a-4765-b27b-45193ed829a6: valid; 2.3 s; peak memory 2262 MiB.
2026-10-06T11:12:20Z INFO [176/2500] 7515ddd4-41d6-4e42-9d66-4e917b111096: valid; 2.1 s; peak memory 2262 MiB.
2026-10-06T11:12:26Z INFO [177/2500] 7515e916-caea-4753-af05-040db77114c5: valid; 5.8 s; peak memory 2262 MiB.
2026-10-06T11:12:28Z INFO [178/2500] 75160b84-c12b-43c1-a8dc-b27e4f828b96: valid; 1.6 s; peak memory 2262 MiB.
2026-10-06T11:12:29Z INFO [179/2500] 7516de07-f6e8-402a-8385-4c20c310318f: valid; 1.2 s; peak memory 2262 MiB.
2026-10-06T11:12:30Z INFO [180/2500] 7516eaf7-88cd-4ca1-b259-576ee6a1054a: valid; 1.2 s; peak memory 2262 MiB.
2026-10-06T11:12:36Z INFO [181/2500] 75170945-65d5-4a38-8111-ef68abe1b5f9: not valid; 5.6 s; peak memory 2262 MiB.
2026-10-06T11:12:37Z INFO [182/2500] 75179308-ac7d-4c2f-84e1-c60ef1c51319: valid; 1.4 s; peak memory 2262 MiB.
2026-10-06T11:12:39Z INFO [183/2500] 7517b388-0494-42a4-87bd-c6d8e9a4d5b9: valid; 2.1 s; peak memory 2262 MiB.
2026-10-06T11:12:41Z INFO [184/2500] 751826a5-ddb2-4c08-a66d-066503f103ad: not valid; 1.4 s; peak memory 2263 MiB.
2026-10-06T11:12:41Z INFO [185/2500] 751829dd-0c26-4872-b24d-ef5061bd8f40: valid; 1.0 s; peak memory 2263 MiB.
2026-10-06T11:12:43Z INFO [186/2500] 7518b29d-c0db-46a4-b7ef-4b256b0d644e: valid; 1.2 s; peak memory 2263 MiB.
2026-10-06T11:12:45Z INFO [187/2500] 75196855-5e1d-455e-b663-61c1fcb0fb88: valid; 2.3 s; peak memory 2263 MiB.
2026-10-06T11:12:55Z INFO [188/2500] 75196c9a-d7b4-4d3b-8f8b-07c7d8c26564: valid; 10.1 s; peak memory 2263 MiB.
2026-10-06T11:12:56Z INFO [189/2500] 75197ed7-19b7-4b0e-b6a3-a608237a4532: valid; 1.2 s; peak memory 2263 MiB.
2026-10-06T11:12:57Z INFO [190/2500] 75198180-f6a8-49f7-b712-ffd1a34c20d0: valid; 1.1 s; peak memory 2263 MiB.
2026-10-06T11:13:05Z INFO [191/2500] 7519bf6a-e3b3-439b-b2dc-57dbfcb31fee: valid; 8.0 s; peak memory 2263 MiB.
2026-10-06T11:13:07Z INFO [192/2500] 751a4f8b-c966-4c0b-ad8a-d0f210b063e8: valid; 1.6 s; peak memory 2263 MiB.
2026-10-06T11:13:09Z INFO [193/2500] 751ab042-6692-4697-a790-76635c659ae6: valid; 1.9 s; peak memory 2263 MiB.
2026-10-06T11:13:10Z INFO [194/2500] 751adde9-f3c2-4604-8981-c205df05fa22: valid; 1.7 s; peak memory 2263 MiB.
2026-10-06T11:13:12Z INFO [195/2500] 751b3cd6-4ee0-405e-9c44-39b3f22987c6: not valid; 1.6 s; peak memory 2263 MiB.
2026-10-06T11:13:13Z INFO [196/2500] 751b85db-06ba-495a-8e6e-de72eb010e85: valid; 1.2 s; peak memory 2263 MiB.
2026-10-06T11:13:16Z INFO [197/2500] 751c0d0b-4194-4de4-b0be-0313b971d656: valid; 2.4 s; peak memory 2264 MiB.
2026-10-06T11:13:17Z INFO [198/2500] 751c4560-f077-43ad-a39a-fb68ebb22a79: valid; 1.5 s; peak memory 2265 MiB.
2026-10-06T11:13:22Z INFO [199/2500] 751c75d2-2b69-4900-96ea-fe3f11a9f0bc: not valid; 5.1 s; peak memory 2271 MiB.
2026-10-06T11:13:23Z INFO [200/2500] 751c956b-3676-4d6a-a72a-a74c899e017a: valid; 1.0 s; peak memory 2272 MiB.
2026-10-06T11:13:24Z INFO [200/2500] 751c956b-3676-4d6a-a72a-a74c899e017a: checkpointed 141210 records.
2026-10-06T11:13:26Z INFO [201/2500] 751d8b8b-d777-4829-abe3-e50a20f8ed8d: valid; 1.3 s; peak memory 2274 MiB.
2026-10-06T11:13:27Z INFO [202/2500] 751dce07-cb76-493c-b2b7-9cf6a1aa1434: not valid; 1.2 s; peak memory 2274 MiB.
2026-10-06T11:13:28Z INFO [203/2500] 751e394e-3981-4a36-a3c3-5129770f85d5: valid; 1.2 s; peak memory 2274 MiB.
2026-10-06T11:13:44Z INFO [204/2500] 751e4c51-17b7-4594-b1ae-874bb74075fe: valid; 16.3 s; peak memory 2289 MiB.
2026-10-06T11:13:48Z INFO [205/2500] 751ed4d6-6180-45e2-8cb6-1691db095c74: not valid; 3.7 s; peak memory 2289 MiB.
2026-10-06T11:14:03Z INFO [206/2500] 751eec9b-b02a-4f5f-911d-a2cea5dde6be: valid; 15.0 s; peak memory 2325 MiB.
2026-10-06T11:14:05Z INFO [207/2500] 751fc10c-5fdd-4287-9772-bffa5f0c135a: not valid; 1.5 s; peak memory 2328 MiB.
2026-10-06T11:14:07Z INFO [208/2500] 751fec7e-619d-424d-b2a2-a597e2bc6518: valid; 2.0 s; peak memory 2340 MiB.
2026-10-06T11:14:16Z INFO [209/2500] 75202e42-fa61-4b66-b111-e2f867e85178: valid; 9.7 s; peak memory 2368 MiB.
2026-10-06T11:14:18Z INFO [210/2500] 75204d2a-0232-43c4-8be6-236ef3556d68: valid; 1.7 s; peak memory 2376 MiB.
2026-10-06T11:14:18Z WARNING 752103c2-1143-4f8c-9d7b-576c14b26eea: failed while retrieving asset information from the DANDI API (NotFoundError: No asset at path 'sub-784806/sub-784806_ses-behavior-784806-2025-06-18-13-39-50.nwb' in version 0.260928.2230. Verify the path is correct and the asset exists in this version. Use 'dandi ls' to list available assets.)
2026-10-06T11:14:19Z INFO [212/2500] 75212f23-9a21-4673-88a6-e511ea3d0a06: valid; 1.3 s; peak memory 2381 MiB.
2026-10-06T11:14:21Z INFO [213/2500] 75213082-6ca5-423a-8ba1-a8e556370af6: valid; 1.6 s; peak memory 2385 MiB.
2026-10-06T11:14:23Z INFO [214/2500] 75213c87-fca1-4bff-b9f9-f73e85d9577d: valid; 2.4 s; peak memory 2403 MiB.
2026-10-06T11:14:33Z INFO [215/2500] 7521aa3a-e40a-4a93-81cf-685a742b481e: valid; 9.3 s; peak memory 2465 MiB.
2026-10-06T11:14:36Z INFO [216/2500] 7521ffe1-7bda-4c18-b184-2b61df19f929: not valid; 3.4 s; peak memory 2477 MiB.
2026-10-06T11:14:39Z INFO [217/2500] 75241566-b7ab-4f63-a7cf-387f2f5c3211: not valid; 2.8 s; peak memory 2477 MiB.
2026-10-06T11:14:49Z INFO [218/2500] 7524588a-eb15-4b2f-820e-1f1224cd126e: valid; 10.0 s; peak memory 2837 MiB.
2026-10-06T11:14:51Z INFO [219/2500] 752473d8-7425-4244-9144-0861b75ee37e: valid; 1.8 s; peak memory 2837 MiB.
2026-10-06T11:14:52Z INFO [220/2500] 752499fa-9d38-452a-b855-c8eae3374512: valid; 1.0 s; peak memory 2837 MiB.
2026-10-06T11:14:54Z INFO [221/2500] 7524c3ee-c9de-451c-a2e5-9df9cf6cde3e: valid; 1.8 s; peak memory 2837 MiB.
2026-10-06T11:14:55Z INFO [222/2500] 752543a6-9afb-4fbc-bfc4-aa21b5b11bd9: valid; 1.0 s; peak memory 2837 MiB.
2026-10-06T11:14:56Z INFO [223/2500] 75254894-a1e0-49e2-88fb-7e42f439878b: valid; 1.0 s; peak memory 2837 MiB.
2026-10-06T11:14:58Z INFO [224/2500] 7525589c-eb33-44ba-b2de-bab23cc4438d: valid; 2.5 s; peak memory 2837 MiB.
2026-10-06T11:15:05Z INFO [225/2500] 75257edf-9e65-40f6-969a-2a0a2a581c90: valid; 6.9 s; peak memory 2837 MiB.
2026-10-06T11:15:06Z INFO [226/2500] 75258296-60cb-4f69-b8b9-6397dc174560: valid; 1.5 s; peak memory 2837 MiB.
2026-10-06T11:15:09Z INFO [227/2500] 7525a4ac-3c38-4e87-9f74-1422111c6560: valid; 2.3 s; peak memory 2837 MiB.
2026-10-06T11:15:13Z INFO [228/2500] 7526166d-1f37-4a3a-b9c7-aac30b79173b: valid; 4.7 s; peak memory 2837 MiB.
2026-10-06T11:15:15Z INFO [229/2500] 75264d0d-065f-4142-b250-c0e087000512: valid; 1.7 s; peak memory 2837 MiB.
2026-10-06T11:15:17Z INFO [230/2500] 752666f7-ec5f-4348-9cbc-23543cb4974d: valid; 1.8 s; peak memory 2837 MiB.
2026-10-06T11:15:26Z INFO [231/2500] 7527074d-8b13-4a82-978f-dbb5132a8d92: valid; 9.3 s; peak memory 2837 MiB.
2026-10-06T11:15:28Z WARNING 75270822-32da-4288-b959-ca285f8bfbae: failed while opening the NWB file (ConstructError: (root/acquisition/event_code_meanings GroupBuilder {'attributes': {'colnames': array(['value', 'meaning'], dtype=object), 'description': 'Mapping integer event codes to event labels', 'namespace': 'ndx-events', 'neurodata_type': 'MeaningsTable', 'object_id': '6061776c-412a-471f-a735-56fcf423a897'}, 'groups': {}, 'datasets': {'id': root/acquisition/event_code_meanings/id DatasetBuilder {'attributes': {'namespace': 'hdmf-common', 'neurodata_type': 'ElementIdentifiers', 'object_id': 'c4dd8fea-c700-4787-bcf6-f58603612908'}, 'data': <HDF5 dataset "id": shape (26,), type "<i8">}, 'meaning': root/acquisition/event_code_meanings/meaning DatasetBuilder {'attributes': {'description': 'The meaning of the value in the parent CategoricalVectorData object.', 'namespace': 'hdmf-experimental', 'neurodata_type': 'VectorData', 'object_id': '58691f2d-ef19-4251-a49d-64660e74b711'}, 'data': <StrDataset for HDF5 dataset "meaning": shape (26,), type "|O">}, 'value': root/acquisition/event_code_meanings/value DatasetBuilder {'attributes': {'description': 'The value of the parent CategoricalVectorData object.', 'namespace': 'hdmf-experimental', 'neurodata_type': 'VectorData', 'object_id': 'e0a2a1ae-870e-42a1-922f-28d702dfa84b'}, 'data': <HDF5 dataset "value": shape (26,), type "<i8">}}, 'links': {}}, "Could not construct MeaningsTable object due to: MeaningsTable.__init__: missing argument 'target'"))
2026-10-06T11:15:28Z WARNING 7527594a-39bf-424c-87ef-786f0e8f31e3: failed while retrieving asset information from the DANDI API (NotFoundError: No such Dandiset: 000732)
2026-10-06T11:15:29Z INFO [234/2500] 75279b00-a109-4973-bc6f-77c5f4eea37c: valid; 1.1 s; peak memory 2837 MiB.
2026-10-06T11:15:31Z INFO [235/2500] 7527f989-1880-47e8-874b-4812dbd3d107: valid; 1.7 s; peak memory 2837 MiB.
2026-10-06T11:15:32Z INFO [236/2500] 75285cec-4eda-485c-9e80-38b325f559ae: valid; 1.2 s; peak memory 2837 MiB.
2026-10-06T11:15:36Z INFO [237/2500] 75287c82-7a54-4a1d-9290-9e90a42ead02: valid; 3.8 s; peak memory 2837 MiB.
2026-10-06T11:15:37Z INFO [238/2500] 75288ae9-ad3d-4c83-b7cf-4d0b09aea275: valid; 1.4 s; peak memory 2837 MiB.
2026-10-06T11:15:40Z INFO [239/2500] 7528b5f7-7705-424d-bfdf-854240286003: valid; 3.1 s; peak memory 2837 MiB.
2026-10-06T11:15:42Z INFO [240/2500] 7528f684-b3bb-4e45-8512-db8a39b52918: not valid; 1.4 s; peak memory 2837 MiB.
2026-10-06T11:15:43Z INFO [241/2500] 75290a7c-4e4d-42de-bb0b-4453aacf451a: valid; 1.3 s; peak memory 2837 MiB.
2026-10-06T11:15:45Z INFO [242/2500] 75292b8d-6862-4672-8d2e-a68f79688d12: not valid; 1.6 s; peak memory 2837 MiB.
2026-10-06T11:15:47Z INFO [243/2500] 75297e52-728c-4ac2-985e-e6779b4bb393: valid; 1.9 s; peak memory 2837 MiB.
2026-10-06T11:15:47Z WARNING 752ad734-e645-42b7-a75b-970923762248: failed while retrieving asset information from the DANDI API (NotFoundError: No asset at path 'sub-F3/sub-F3_ses-TD1NoShock.nwb' in version 0.260902.1724. Verify the path is correct and the asset exists in this version. Use 'dandi ls' to list available assets.)
2026-10-06T11:15:48Z INFO [245/2500] 752b83aa-db35-4d56-9997-9394a30fd16a: valid; 1.5 s; peak memory 2837 MiB.
2026-10-06T11:15:52Z INFO [246/2500] 752ba4fb-eaae-403f-ba45-b2647263ef49: valid; 3.5 s; peak memory 2837 MiB.
2026-10-06T11:15:54Z INFO [247/2500] 752bee94-31f1-4eb4-ad45-894ca2f6e327: valid; 2.4 s; peak memory 2837 MiB.
2026-10-06T11:15:57Z INFO [248/2500] 752c2ba4-91d2-422d-8fb5-2cfae594ba3b: not valid; 2.9 s; peak memory 2837 MiB.
2026-10-06T11:15:58Z INFO [249/2500] 752c5f14-bd94-48bf-9ffb-ca3b1f91c83d: valid; 1.1 s; peak memory 2837 MiB.
2026-10-06T11:16:00Z INFO [250/2500] 752c6aa9-1593-407f-86a6-86634e3a1b10: valid; 1.3 s; peak memory 2837 MiB.
2026-10-06T11:16:01Z INFO [250/2500] 752c6aa9-1593-407f-86a6-86634e3a1b10: checkpointed 141260 records.
2026-10-06T11:16:02Z INFO [251/2500] 752cf881-f3a8-4abd-9fba-9952fbf9bb30: valid; 1.1 s; peak memory 2837 MiB.
2026-10-06T11:16:05Z INFO [252/2500] 752d4992-bf91-41ea-b6d4-089bfafef655: not valid; 3.7 s; peak memory 2837 MiB.
2026-10-06T11:16:06Z INFO [253/2500] 752d6af4-b3b5-4eb7-b938-af1464ff53f3: valid; 0.9 s; peak memory 2837 MiB.
2026-10-06T11:16:08Z INFO [254/2500] 752db767-a50c-455d-ae55-a6636aef85ae: valid; 1.9 s; peak memory 2837 MiB.
2026-10-06T11:16:10Z INFO [255/2500] 752e19aa-1937-4f18-a9a5-66f422afeb4a: valid; 1.7 s; peak memory 2837 MiB.
2026-10-06T11:16:13Z INFO [256/2500] 752f78c7-dcd3-4fe4-8354-789ba412c4a9: valid; 2.9 s; peak memory 2837 MiB.
2026-10-06T11:16:14Z INFO [257/2500] 7530283a-5f15-4241-a153-333cbac99a3c: valid; 1.2 s; peak memory 2837 MiB.
2026-10-06T11:16:15Z INFO [258/2500] 7531e28f-8e27-4b23-8d63-6167faccf583: not valid; 1.4 s; peak memory 2837 MiB.
2026-10-06T11:16:17Z INFO [259/2500] 7531fdc8-9d55-41ef-a7f3-fa753b0e5292: valid; 1.9 s; peak memory 2837 MiB.
2026-10-06T11:16:19Z INFO [260/2500] 7532b3e7-db22-4409-97c0-f76e64cd1d79: not valid; 1.5 s; peak memory 2837 MiB.
2026-10-06T11:16:20Z INFO [261/2500] 7532c141-56e1-4e02-949a-9223f4a9cb0d: valid; 1.1 s; peak memory 2837 MiB.
2026-10-06T11:16:21Z INFO [262/2500] 753304cb-95fe-4ba7-a7c6-af2145cfa0ba: not valid; 1.5 s; peak memory 2837 MiB.
2026-10-06T11:16:23Z INFO [263/2500] 753332f7-d5eb-4b72-82fc-29b648e099e6: valid; 1.3 s; peak memory 2837 MiB.
2026-10-06T11:16:32Z INFO [264/2500] 75337d97-8b93-43a4-8ab2-5cffdef07572: not valid; 9.7 s; peak memory 2861 MiB.
2026-10-06T11:16:36Z INFO [265/2500] 7533e952-acdb-4b46-8136-33efaf7f079c: valid; 3.9 s; peak memory 2870 MiB.
2026-10-06T11:16:40Z INFO [266/2500] 7533f66b-e991-465e-8dee-fc4eb00c603c: not valid; 3.2 s; peak memory 2878 MiB.
2026-10-06T11:16:42Z INFO [267/2500] 7534c0d4-a068-4afb-a879-06befc19f43a: valid; 2.5 s; peak memory 2888 MiB.
2026-10-06T11:16:44Z INFO [268/2500] 7534d237-0049-4467-a12e-0279332c5f98: valid; 1.8 s; peak memory 2895 MiB.
2026-10-06T11:16:46Z INFO [269/2500] 75358f9b-cfb0-464b-a2b0-f98180a17cc9: valid; 1.8 s; peak memory 2901 MiB.
2026-10-06T11:16:51Z INFO [270/2500] 7535b8c7-9fbc-4419-b735-f4c78b6346ae: not valid; 5.7 s; peak memory 2905 MiB.
2026-10-06T11:16:53Z INFO [271/2500] 75361517-2cfd-42a5-b69b-4fd29e1f5807: not valid; 1.3 s; peak memory 2905 MiB.
2026-10-06T11:16:55Z INFO [272/2500] 75365233-7520-40bb-a689-030ee9f74d45: valid; 2.4 s; peak memory 2905 MiB.
2026-10-06T11:16:55Z WARNING 75366a77-f32e-4795-a486-e5c526cd05c3: failed while retrieving asset information from the DANDI API (NotFoundError: No asset at path 'sub-parkinson-simulated-lfp/sub-parkinson-simulated-lfp_ses-6147_ecephys.nwb' in version 0.250327.2220. Verify the path is correct and the asset exists in this version. Use 'dandi ls' to list available assets.)
2026-10-06T11:16:57Z WARNING 7536bea9-8161-4e02-99ad-f39bd61a0ec2: failed while opening the NWB file (ConstructError: (root/acquisition/_iblmic_audioSpectrogram/bands GroupBuilder {'attributes': {'colnames': array(['freq'], dtype=object), 'description': 'spectogram frequencies', 'namespace': 'core', 'neurodata_type': 'FrequencyBandsTable', 'object_id': '1f9c4f44-240b-4452-9928-f7efa0cb0420'}, 'groups': {}, 'datasets': {'freq': root/acquisition/_iblmic_audioSpectrogram/bands/freq DatasetBuilder {'attributes': {'description': 'frequency value', 'namespace': 'hdmf-common', 'neurodata_type': 'VectorData', 'object_id': '99cb0a23-6eff-42ee-9090-7e954e2726a8'}, 'data': <HDF5 dataset "freq": shape (257,), type "<f4">}, 'id': root/acquisition/_iblmic_audioSpectrogram/bands/id DatasetBuilder {'attributes': {'namespace': 'hdmf-common', 'neurodata_type': 'ElementIdentifiers', 'object_id': '0aefa5ad-ac6a-41dc-bdec-abc072c6677a'}, 'data': <HDF5 dataset "id": shape (257,), type "<i4">}}, 'links': {}}, "Could not construct FrequencyBandsTable object due to: column must have the same number of rows as 'id'"))
2026-10-06T11:16:59Z INFO [275/2500] 75373383-3243-45b0-982a-b554ed8b7fca: valid; 1.8 s; peak memory 2905 MiB.
2026-10-06T11:17:00Z INFO [276/2500] 7537a2e9-aaff-43d8-82a4-679979478ed1: valid; 1.2 s; peak memory 2905 MiB.
2026-10-06T11:17:01Z INFO [277/2500] 7538ddcf-cd04-483c-ac17-b1173e61eb65: not valid; 1.5 s; peak memory 2905 MiB.
2026-10-06T11:17:03Z INFO [278/2500] 75393c5c-c8a3-4d81-8ce3-3179382e5009: valid; 1.9 s; peak memory 2905 MiB.
2026-10-06T11:17:05Z INFO [279/2500] 75394050-04fe-42bc-8f5c-cd73884bff4a: not valid; 1.4 s; peak memory 2905 MiB.
2026-10-06T11:17:07Z INFO [280/2500] 7539dafb-8444-4099-8d87-895390938c2d: valid; 2.2 s; peak memory 2905 MiB.
2026-10-06T11:17:08Z INFO [281/2500] 7539fcf8-c214-4ff2-9466-246e8ae2a8c4: valid; 1.0 s; peak memory 2905 MiB.
2026-10-06T11:17:09Z INFO [282/2500] 753aae72-561b-4cec-a2f2-c383196a1c1b: valid; 1.6 s; peak memory 2905 MiB.
2026-10-06T11:17:11Z WARNING 753ababa-7c6f-46e3-9803-9d9284473edd: failed while opening the NWB file (ConstructError: (root/acquisition/_iblmic_audioSpectrogram/bands GroupBuilder {'attributes': {'colnames': array(['freq'], dtype=object), 'description': 'spectogram frequencies', 'namespace': 'core', 'neurodata_type': 'FrequencyBandsTable', 'object_id': '83725330-f188-4cbc-b14e-1f9270fa9c72'}, 'groups': {}, 'datasets': {'freq': root/acquisition/_iblmic_audioSpectrogram/bands/freq DatasetBuilder {'attributes': {'description': 'frequency value', 'namespace': 'hdmf-common', 'neurodata_type': 'VectorData', 'object_id': 'a9847827-4a26-40c5-aa38-4f22f5a0ea83'}, 'data': <HDF5 dataset "freq": shape (257,), type "<f4">}, 'id': root/acquisition/_iblmic_audioSpectrogram/bands/id DatasetBuilder {'attributes': {'namespace': 'hdmf-common', 'neurodata_type': 'ElementIdentifiers', 'object_id': '0fb32f5e-a0fd-41fe-ba1d-e240f459dd21'}, 'data': <HDF5 dataset "id": shape (257,), type "<i4">}}, 'links': {}}, "Could not construct FrequencyBandsTable object due to: column must have the same number of rows as 'id'"))
2026-10-06T11:17:13Z INFO [284/2500] 753acf4d-bf26-44f4-8649-4cce8cc841b0: valid; 2.2 s; peak memory 2910 MiB.
2026-10-06T11:17:23Z INFO [285/2500] 753af55f-4012-433d-8693-00b6c12413ab: valid; 10.0 s; peak memory 3297 MiB.
2026-10-06T11:17:26Z INFO [286/2500] 753b6335-ed7f-4107-aca5-89cbb8aaf3e6: valid; 2.8 s; peak memory 3297 MiB.
2026-10-06T11:17:27Z INFO [287/2500] 753c0f4e-f955-406a-8911-d57edc9e9f00: valid; 1.2 s; peak memory 3297 MiB.
2026-10-06T11:17:28Z INFO [288/2500] 753c362f-b5ae-44a7-908c-ba695091485b: valid; 1.3 s; peak memory 3297 MiB.
2026-10-06T11:17:29Z INFO [289/2500] 753c7821-b654-4221-9421-744d243dd671: valid; 1.0 s; peak memory 3297 MiB.
2026-10-06T11:17:32Z INFO [290/2500] 753d7c9e-360d-42eb-8c09-1fb414a71f1b: valid; 2.1 s; peak memory 3297 MiB.
2026-10-06T11:17:33Z INFO [291/2500] 753db498-ca8f-49aa-9865-e200eb0a18e1: valid; 1.2 s; peak memory 3297 MiB.
2026-10-06T11:17:35Z INFO [292/2500] 753dbd9f-b510-401c-95f3-4f5921b2d7e8: valid; 2.5 s; peak memory 3297 MiB.
2026-10-06T11:17:37Z INFO [293/2500] 753dd791-09eb-47fa-a474-df674ef42bc6: valid; 1.8 s; peak memory 3297 MiB.
2026-10-06T11:17:39Z INFO [294/2500] 753de828-c3c1-4d0b-b092-2c5d231e98a5: valid; 2.1 s; peak memory 3297 MiB.
2026-10-06T11:17:42Z INFO [295/2500] 753f4c88-a71f-4a7f-afe0-4ec26fe34e88: valid; 2.4 s; peak memory 3297 MiB.
2026-10-06T11:17:43Z INFO [296/2500] 75400206-55ef-41f8-ae2e-f4a1c8bfa29f: valid; 1.6 s; peak memory 3297 MiB.
2026-10-06T11:17:45Z INFO [297/2500] 754042de-c264-4d53-8fde-586ff4992177: valid; 1.9 s; peak memory 3297 MiB.
2026-10-06T11:17:46Z INFO [298/2500] 7541321d-bf88-4ea6-958f-f26ec4fca9e6: valid; 0.9 s; peak memory 3297 MiB.
2026-10-06T11:17:48Z INFO [299/2500] 75419f5c-674c-45d0-9963-e4ea3b2c64f4: valid; 2.1 s; peak memory 3297 MiB.
2026-10-06T11:17:51Z INFO [300/2500] 75424f55-8425-4de4-bd4a-40b5b6873bda: valid; 2.8 s; peak memory 3297 MiB.
2026-10-06T11:17:52Z INFO [300/2500] 75424f55-8425-4de4-bd4a-40b5b6873bda: checkpointed 141310 records.
2026-10-06T11:17:54Z INFO [301/2500] 7542fa3a-4ef2-4e22-97ef-5fe14f43292d: not valid; 1.6 s; peak memory 3297 MiB.
2026-10-06T11:17:55Z INFO [302/2500] 754302e5-2a16-4f69-b0d2-af7ec4148398: not valid; 1.2 s; peak memory 3297 MiB.
2026-10-06T11:17:56Z INFO [303/2500] 7543402b-8c53-4c0d-a64f-886b5027788e: valid; 1.7 s; peak memory 3297 MiB.
2026-10-06T11:17:57Z INFO [304/2500] 754391d4-fd29-47f8-a026-3f82fdfaa99b: valid; 0.9 s; peak memory 3297 MiB.
2026-10-06T11:17:58Z INFO [305/2500] 75439d8b-cca6-48cb-9280-804405aa161d: valid; 1.1 s; peak memory 3297 MiB.
2026-10-06T11:18:00Z INFO [306/2500] 7543c9a3-537c-4d10-beed-c4e6a013c180: valid; 1.2 s; peak memory 3297 MiB.
2026-10-06T11:18:01Z INFO [307/2500] 754534a5-553d-4793-8fb7-5c2e273d1e22: valid; 1.5 s; peak memory 3297 MiB.
2026-10-06T11:18:04Z WARNING 7545b921-3565-433c-b071-50b7f82eb28f: failed while opening the NWB file (ConstructError: (root/acquisition/_iblmic_audioSpectrogram/bands GroupBuilder {'attributes': {'colnames': array(['freq'], dtype=object), 'description': 'spectogram frequencies', 'namespace': 'core', 'neurodata_type': 'FrequencyBandsTable', 'object_id': '24e3f08c-cc7a-4108-aab3-2e61cdb60b33'}, 'groups': {}, 'datasets': {'freq': root/acquisition/_iblmic_audioSpectrogram/bands/freq DatasetBuilder {'attributes': {'description': 'frequency value', 'namespace': 'hdmf-common', 'neurodata_type': 'VectorData', 'object_id': '95241fa3-1071-4598-9303-46494e4b9c85'}, 'data': <HDF5 dataset "freq": shape (257,), type "<f4">}, 'id': root/acquisition/_iblmic_audioSpectrogram/bands/id DatasetBuilder {'attributes': {'namespace': 'hdmf-common', 'neurodata_type': 'ElementIdentifiers', 'object_id': 'c49803d4-4854-4b93-a9de-15df39da2772'}, 'data': <HDF5 dataset "id": shape (257,), type "<i4">}}, 'links': {}}, "Could not construct FrequencyBandsTable object due to: column must have the same number of rows as 'id'"))
2026-10-06T11:18:05Z INFO [309/2500] 7545d0ab-e118-48d7-a85e-a95d0f21da98: valid; 1.2 s; peak memory 3297 MiB.
2026-10-06T11:18:07Z INFO [310/2500] 75461cbe-9f8a-463b-99a0-5173f8381b93: valid; 2.0 s; peak memory 3297 MiB.
2026-10-06T11:18:09Z INFO [311/2500] 754627c9-3e55-4377-9acf-97328ef85789: valid; 1.2 s; peak memory 3297 MiB.
2026-10-06T11:18:15Z INFO [312/2500] 75465200-2059-434a-8c46-f656d973d120: not valid; 6.9 s; peak memory 3324 MiB.
2026-10-06T11:18:21Z INFO [313/2500] 75470513-637a-4bd2-a84a-b47b39bba09f: not valid; 5.9 s; peak memory 3331 MiB.
2026-10-06T11:18:23Z INFO [314/2500] 75470d41-edcc-4f3d-9397-5bc52c06c805: not valid; 1.3 s; peak memory 3333 MiB.
2026-10-06T11:18:24Z INFO [315/2500] 754752da-6255-404b-be3b-7c37a3168a8c: not valid; 1.3 s; peak memory 3333 MiB.
2026-10-06T11:18:26Z INFO [316/2500] 75478c52-f139-4da3-a5a1-8a818a407954: not valid; 2.1 s; peak memory 3333 MiB.
2026-10-06T11:18:33Z INFO [317/2500] 7547b7ae-26e7-4616-a77c-69be0e06e0e1: valid; 6.8 s; peak memory 3338 MiB.
2026-10-06T11:19:04Z INFO [318/2500] 75487c8d-8f8f-4f3d-9f7a-c9af9dec0fe1: not valid; 31.0 s; peak memory 3410 MiB.
2026-10-06T11:19:05Z WARNING 754925de-f24c-4fc6-aaa7-1b56648d62cd: failed while opening the NWB file (ConstructError: (root/acquisition/_iblmic_audioSpectrogram/bands GroupBuilder {'attributes': {'colnames': array(['freq'], dtype=object), 'description': 'spectogram frequencies', 'namespace': 'core', 'neurodata_type': 'FrequencyBandsTable', 'object_id': 'c8cca013-b0dc-46fa-a52e-64274f938d79'}, 'groups': {}, 'datasets': {'freq': root/acquisition/_iblmic_audioSpectrogram/bands/freq DatasetBuilder {'attributes': {'description': 'frequency value', 'namespace': 'hdmf-common', 'neurodata_type': 'VectorData', 'object_id': '16d0cd8d-89a2-41fb-8ec5-f0291174bf76'}, 'data': <HDF5 dataset "freq": shape (257,), type "<f4">}, 'id': root/acquisition/_iblmic_audioSpectrogram/bands/id DatasetBuilder {'attributes': {'namespace': 'hdmf-common', 'neurodata_type': 'ElementIdentifiers', 'object_id': 'ebc3ab67-4075-4036-b29d-b3b4162ec3db'}, 'data': <HDF5 dataset "id": shape (257,), type "<i4">}}, 'links': {}}, "Could not construct FrequencyBandsTable object due to: column must have the same number of rows as 'id'"))
2026-10-06T11:19:07Z INFO [320/2500] 754a296e-02e0-4879-bac2-8ee5594b560e: valid; 1.6 s; peak memory 3426 MiB.
2026-10-06T11:19:09Z INFO [321/2500] 754b679c-92c0-43fe-9660-70949b0fddec: not valid; 1.4 s; peak memory 3431 MiB.
2026-10-06T11:19:12Z INFO [322/2500] 754bacf3-e17c-4bd3-abf8-87a188e08874: not valid; 3.0 s; peak memory 3448 MiB.
2026-10-06T11:19:14Z INFO [323/2500] 754c9447-8ebc-473e-a98f-9779ab004cfc: valid; 2.0 s; peak memory 3471 MiB.
2026-10-06T11:19:41Z INFO [324/2500] 754ce21f-756a-4b92-ab98-2163cf265f1b: not valid; 27.2 s; peak memory 3570 MiB.
2026-10-06T11:19:43Z INFO [325/2500] 754ceaba-d32d-4e30-b7d9-6fed938f3e06: valid; 1.9 s; peak memory 3570 MiB.
2026-10-06T11:19:56Z INFO [326/2500] 754d2e7e-4269-4e48-8dae-e17a50076743: valid; 13.7 s; peak memory 3606 MiB.
2026-10-06T11:19:57Z INFO [327/2500] 754e1c73-d17a-4709-8d92-bd8e45479097: valid; 1.1 s; peak memory 3608 MiB.
2026-10-06T11:20:00Z INFO [328/2500] 754e372c-9155-4550-9513-9057a5c10eca: valid; 2.5 s; peak memory 3611 MiB.
2026-10-06T11:20:12Z INFO [329/2500] 754ee856-c84b-4a82-95ad-839e7fcdaefd: valid; 11.7 s; peak memory 3823 MiB.
2026-10-06T11:20:28Z INFO [330/2500] 754feac4-9cd6-443a-9e53-8499eef7c135: valid; 16.0 s; peak memory 3823 MiB.
2026-10-06T11:20:29Z INFO [331/2500] 75500e6f-cbdb-42c9-b381-4e26198775d4: not valid; 1.4 s; peak memory 3823 MiB.
2026-10-06T11:20:30Z INFO [332/2500] 75518530-aaed-4170-bb34-1b5bf1d9c7e9: valid; 1.1 s; peak memory 3823 MiB.
2026-10-06T11:20:32Z INFO [333/2500] 7551f921-815b-4fd0-9669-634113a3bb56: valid; 1.7 s; peak memory 3823 MiB.
2026-10-06T11:20:42Z INFO [334/2500] 75525096-e9cb-4385-86d9-a69afd581d05: valid; 9.8 s; peak memory 3967 MiB.
2026-10-06T11:20:45Z INFO [335/2500] 75533a8c-8866-4d63-a2d3-72f7b0780f0c: not valid; 3.0 s; peak memory 3967 MiB.
2026-10-06T11:20:50Z INFO [336/2500] 7553eb62-eac3-4a35-ae70-bbf0d352fc23: not valid; 5.1 s; peak memory 3993 MiB.
2026-10-06T11:20:58Z INFO [337/2500] 75546b79-b17f-4339-a3aa-7585c9705e70: valid; 8.5 s; peak memory 4030 MiB.
2026-10-06T11:21:00Z INFO [338/2500] 7554d8c0-50ce-44c6-9a67-a8f4c8230e18: valid; 1.7 s; peak memory 4032 MiB.
2026-10-06T11:21:02Z INFO [339/2500] 7554dc1d-1dbf-47a1-9c1b-0b721cc84e3c: not valid; 1.8 s; peak memory 4033 MiB.
2026-10-06T11:21:05Z INFO [340/2500] 75557e7d-5cf4-4872-a599-c516994b6d33: valid; 3.3 s; peak memory 4033 MiB.
2026-10-06T11:21:06Z INFO [341/2500] 7555f4b6-7713-44f4-af58-ce4e3bf7dd9c: valid; 1.2 s; peak memory 4033 MiB.
2026-10-06T11:21:08Z INFO [342/2500] 7555f584-f5e2-4b40-8609-991f99623b6f: valid; 2.1 s; peak memory 4033 MiB.
2026-10-06T11:21:15Z INFO [343/2500] 755612ff-d1a7-44cc-b4ec-746bcc129009: valid; 6.7 s; peak memory 4033 MiB.
2026-10-06T11:21:17Z INFO [344/2500] 7556694e-2f7c-4fd0-84e9-468e62e34c7f: valid; 1.7 s; peak memory 4033 MiB.
2026-10-06T11:21:22Z INFO [345/2500] 7556c0cc-1ac5-4748-83a6-f4006af685bf: not valid; 5.5 s; peak memory 4033 MiB.
2026-10-06T11:21:23Z INFO [346/2500] 7556d897-28dd-42d5-8f19-3403f947ccc6: valid; 1.2 s; peak memory 4033 MiB.
2026-10-06T11:21:25Z INFO [347/2500] 7556ec1f-fc0b-4771-82c2-486583b19b28: valid; 1.2 s; peak memory 4033 MiB.
2026-10-06T11:21:27Z INFO [348/2500] 75575843-a32c-4cb0-9472-6b95815ce892: valid; 1.9 s; peak memory 4033 MiB.
2026-10-06T11:21:28Z INFO [349/2500] 7557b670-7645-4c83-bf33-dba33015598c: not valid; 1.5 s; peak memory 4033 MiB.
2026-10-06T11:21:30Z INFO [350/2500] 75580553-63a8-4ff8-85bb-6aee2be4c7a4: valid; 1.6 s; peak memory 4033 MiB.
2026-10-06T11:21:31Z INFO [350/2500] 75580553-63a8-4ff8-85bb-6aee2be4c7a4: checkpointed 141360 records.
2026-10-06T11:21:33Z INFO [351/2500] 75581f8d-5a4b-4de4-9231-6ff18b46a46f: valid; 2.4 s; peak memory 4033 MiB.
2026-10-06T11:21:34Z INFO [352/2500] 7558c01e-9916-4b29-92bb-fe3eef79cfca: valid; 1.2 s; peak memory 4033 MiB.
2026-10-06T11:21:35Z INFO [353/2500] 7559265d-ba9a-4602-97f0-ea2bbb68803a: valid; 1.2 s; peak memory 4033 MiB.
2026-10-06T11:21:38Z INFO [354/2500] 755a6973-ceae-4d4d-a0b8-3e13276f3653: valid; 2.4 s; peak memory 4033 MiB.
2026-10-06T11:21:40Z INFO [355/2500] 755b8daa-42dc-4ffe-b20f-bd9aade50b58: valid; 2.2 s; peak memory 4033 MiB.
2026-10-06T11:21:56Z INFO [356/2500] 755bc401-dfbe-471f-affd-fabd2f8b9cf8: valid; 16.1 s; peak memory 4033 MiB.
2026-10-06T11:21:58Z INFO [357/2500] 755c6318-f322-4611-9a2d-d1f12a638fea: not valid; 1.6 s; peak memory 4033 MiB.
2026-10-06T11:22:03Z INFO [358/2500] 755c7b0b-aac8-4e0d-9ca6-6e1950b58d77: valid; 5.7 s; peak memory 4033 MiB.
2026-10-06T11:22:05Z INFO [359/2500] 755cb00b-9b37-49ae-931a-579c0f53b12f: valid; 1.3 s; peak memory 4033 MiB.
2026-10-06T11:22:06Z INFO [360/2500] 755d1828-cbe6-481f-9350-7bfe81e4a641: valid; 1.1 s; peak memory 4033 MiB.
2026-10-06T11:22:06Z WARNING 755d46c0-9414-4801-b158-5d1dbda85299: failed while retrieving asset information from the DANDI API (NotFoundError: No asset at path 'sub-LG609/sub-LG609_ses-20250909_obj-yq0y4b_ophys.nwb' in version 0.260915.2135. Verify the path is correct and the asset exists in this version. Use 'dandi ls' to list available assets.)
2026-10-06T11:22:07Z INFO [362/2500] 755d73a5-a347-4c8a-b2ab-6379abc5f451: valid; 1.1 s; peak memory 4033 MiB.
2026-10-06T11:22:08Z INFO [363/2500] 755dd88d-cf3c-4626-a02e-03464a01af63: valid; 1.3 s; peak memory 4033 MiB.
2026-10-06T11:22:10Z INFO [364/2500] 755e7432-a600-4b7b-a965-674704eec571: valid; 1.9 s; peak memory 4033 MiB.
2026-10-06T11:22:12Z INFO [365/2500] 755e9278-a82e-4c72-943e-f304fea728b3: not valid; 1.5 s; peak memory 4033 MiB.
2026-10-06T11:22:15Z INFO [366/2500] 755f4f69-55c2-4e8b-b824-6231d1a37e71: valid; 3.5 s; peak memory 4033 MiB.
2026-10-06T11:22:16Z INFO [367/2500] 755fe5a7-fe74-4fe1-8874-6b2ed6e56d75: valid; 1.2 s; peak memory 4033 MiB.
2026-10-06T11:22:18Z INFO [368/2500] 7560037c-e90a-4947-a3d6-a3b45ec6f7c8: valid; 1.1 s; peak memory 4033 MiB.
2026-10-06T11:22:23Z INFO [369/2500] 756042a4-0dbd-4d86-853e-e661cfa1d343: valid; 5.1 s; peak memory 4033 MiB.
2026-10-06T11:22:24Z INFO [370/2500] 7560aa63-f530-4780-95dc-a9bcb9dc47d8: valid; 1.2 s; peak memory 4033 MiB.
2026-10-06T11:22:35Z INFO [371/2500] 7560bfe3-7206-4bd6-852c-4052886815f2: valid; 10.8 s; peak memory 4033 MiB.
2026-10-06T11:22:37Z INFO [372/2500] 756176e7-c36e-4f78-b419-40a140ca2235: valid; 2.6 s; peak memory 4033 MiB.
2026-10-06T11:22:38Z INFO [373/2500] 7561955a-6cbc-469c-ac52-df4cd0337729: valid; 1.1 s; peak memory 4033 MiB.
2026-10-06T11:22:42Z INFO [374/2500] 75619a5a-1ac7-4096-8905-35203c4f5e54: valid; 3.7 s; peak memory 4033 MiB.
2026-10-06T11:22:43Z INFO [375/2500] 7561f260-4b74-40e0-af80-8e4139000e32: valid; 1.1 s; peak memory 4033 MiB.
2026-10-06T11:22:45Z INFO [376/2500] 7561f278-c7e7-4580-82a3-107733e9653b: not valid; 1.6 s; peak memory 4033 MiB.
2026-10-06T11:22:46Z INFO [377/2500] 756216ee-39ac-4a7b-bca5-c8a40f2bfa6b: valid; 1.5 s; peak memory 4033 MiB.
2026-10-06T11:22:48Z INFO [378/2500] 75624119-4805-4d57-a3bc-ac142c9b4f97: valid; 1.4 s; peak memory 4033 MiB.
2026-10-06T11:22:56Z INFO [379/2500] 7562c7f9-5774-4b23-89e0-50b3a6e18f4e: valid; 8.3 s; peak memory 4033 MiB.
2026-10-06T11:22:58Z INFO [380/2500] 7562cadc-df01-4ebc-a0cb-79e20bafb1a5: valid; 2.4 s; peak memory 4033 MiB.
2026-10-06T11:22:59Z WARNING 7563fcab-fbda-4810-972e-323fb3f7b34e: failed while retrieving asset information from the DANDI API (NotFoundError: No such Dandiset: 000948)
2026-10-06T11:23:01Z INFO [382/2500] 75647e79-9665-4087-8a67-7574c6b5815e: valid; 2.3 s; peak memory 4033 MiB.
2026-10-06T11:23:10Z INFO [383/2500] 7564db1f-86bb-4771-9708-fba93e78b45a: valid; 8.8 s; peak memory 4069 MiB.
2026-10-06T11:23:12Z INFO [384/2500] 7565d3fe-000f-4337-a322-526a1d2b177f: valid; 2.7 s; peak memory 4076 MiB.
2026-10-06T11:23:14Z WARNING 756681db-afc5-40ba-8aac-489fdec68cbd: failed while opening the NWB file (ConstructError: (root/acquisition/_iblmic_audioSpectrogram/bands GroupBuilder {'attributes': {'colnames': array(['freq'], dtype=object), 'description': 'spectogram frequencies', 'namespace': 'core', 'neurodata_type': 'FrequencyBandsTable', 'object_id': 'aa3a1b97-5752-4f5d-a02e-66d437347a35'}, 'groups': {}, 'datasets': {'freq': root/acquisition/_iblmic_audioSpectrogram/bands/freq DatasetBuilder {'attributes': {'description': 'frequency value', 'namespace': 'hdmf-common', 'neurodata_type': 'VectorData', 'object_id': '0105e1a6-a121-4576-850b-763c53702a4d'}, 'data': <HDF5 dataset "freq": shape (257,), type "<f4">}, 'id': root/acquisition/_iblmic_audioSpectrogram/bands/id DatasetBuilder {'attributes': {'namespace': 'hdmf-common', 'neurodata_type': 'ElementIdentifiers', 'object_id': '3d11a886-95f0-4ee9-b9e4-c1bbed8f0a70'}, 'data': <HDF5 dataset "id": shape (257,), type "<i4">}}, 'links': {}}, "Could not construct FrequencyBandsTable object due to: column must have the same number of rows as 'id'"))
2026-10-06T11:23:16Z INFO [386/2500] 75669bcd-a65c-4fde-a69f-2044f434e9d1: valid; 1.8 s; peak memory 4076 MiB.
2026-10-06T11:23:18Z INFO [387/2500] 7566b257-5960-4c10-978e-b3d9f3d64723: valid; 2.2 s; peak memory 4076 MiB.
2026-10-06T11:23:34Z INFO [388/2500] 756714de-24cb-4d6e-8b7b-a873f5c36e96: not valid; 16.3 s; peak memory 4076 MiB.
2026-10-06T11:23:43Z INFO [389/2500] 7567e0c4-416a-4085-a6f2-1a2a85778774: valid; 9.0 s; peak memory 4091 MiB.
2026-10-06T11:23:45Z INFO [390/2500] 7567fc00-ace4-4071-8b2a-371b7cb5fb78: valid; 1.6 s; peak memory 4094 MiB.
2026-10-06T11:23:46Z INFO [391/2500] 75691f2d-7ccb-4334-805e-f4d48e34c993: not valid; 1.4 s; peak memory 4098 MiB.
2026-10-06T11:23:48Z INFO [392/2500] 75693058-77a6-42ef-869b-82a3fcdd786b: valid; 1.3 s; peak memory 4101 MiB.
2026-10-06T11:23:59Z INFO [393/2500] 75695f96-1ede-44e6-9d81-7998719e12ab: valid; 11.3 s; peak memory 4112 MiB.
2026-10-06T11:24:00Z INFO [394/2500] 7569efcb-2b0d-4719-ba3b-f7c61ae81a89: valid; 0.9 s; peak memory 4112 MiB.
2026-10-06T11:24:08Z INFO [395/2500] 756a087f-694e-49eb-a78a-21cafa4d7589: valid; 8.0 s; peak memory 4127 MiB.
2026-10-06T11:24:09Z INFO [396/2500] 756a5ffd-526c-4784-b8cf-52406c10e680: not valid; 1.3 s; peak memory 4128 MiB.
2026-10-06T11:24:11Z INFO [397/2500] 756a6adb-7b8c-466c-a653-8d33a1201dcd: valid; 2.0 s; peak memory 4129 MiB.
2026-10-06T11:24:13Z INFO [398/2500] 756a882f-37b2-415e-a9bc-3e0139718943: not valid; 1.5 s; peak memory 4129 MiB.
2026-10-06T11:24:14Z INFO [399/2500] 756ab622-cc38-4090-b24a-48facc2ba86d: valid; 1.5 s; peak memory 4131 MiB.
2026-10-06T11:24:15Z INFO [400/2500] 756af4b0-4ec9-4280-b67e-1dad2e659234: not valid; 1.0 s; peak memory 4131 MiB.
2026-10-06T11:24:16Z INFO [400/2500] 756af4b0-4ec9-4280-b67e-1dad2e659234: checkpointed 141410 records.
2026-10-06T11:24:21Z INFO [401/2500] 756b7f66-a61a-45cb-8658-60553a128782: valid; 4.8 s; peak memory 4139 MiB.
2026-10-06T11:24:23Z INFO [402/2500] 756bb660-a591-4f2b-91b7-b40793a70ab0: not valid; 2.0 s; peak memory 4143 MiB.
2026-10-06T11:24:25Z INFO [403/2500] 756bd670-383b-43fe-873f-7128f53911e7: valid; 2.4 s; peak memory 4148 MiB.
2026-10-06T11:24:27Z INFO [404/2500] 756c2fe5-a807-41c5-9e2f-487a10b6d1a4: not valid; 1.3 s; peak memory 4149 MiB.
2026-10-06T11:24:28Z INFO [405/2500] 756c3a5a-86d9-408d-abf1-73c7ebf39f6a: valid; 1.2 s; peak memory 4151 MiB.
2026-10-06T11:24:29Z INFO [406/2500] 756cb480-4279-4c1a-811c-b64d737c6868: valid; 1.1 s; peak memory 4151 MiB.
2026-10-06T11:24:44Z INFO [407/2500] 756d15ff-7797-46b0-bd19-377fe1f56cef: valid; 14.8 s; peak memory 4197 MiB.
2026-10-06T11:24:45Z INFO [408/2500] 756d53b1-a40e-4360-a718-c42464a86621: valid; 1.2 s; peak memory 4197 MiB.
2026-10-06T11:24:46Z INFO [409/2500] 756d79dd-c2b5-45df-9021-b5c7e270bb89: not valid; 1.5 s; peak memory 4205 MiB.
2026-10-06T11:24:48Z INFO [410/2500] 756da060-c4d6-4d99-a6a0-5fae39debfea: valid; 1.3 s; peak memory 4207 MiB.
2026-10-06T11:24:49Z INFO [411/2500] 756f8db6-62c9-4b4f-a43d-875991582f5b: valid; 1.6 s; peak memory 4210 MiB.
2026-10-06T11:24:52Z INFO [412/2500] 756ffc77-0d86-4550-9a67-fee05c197014: valid; 2.9 s; peak memory 4210 MiB.
2026-10-06T11:24:55Z INFO [413/2500] 7570a029-383f-4c60-89c0-d3d672791249: not valid; 2.5 s; peak memory 4210 MiB.
2026-10-06T11:24:56Z INFO [414/2500] 75710bc5-310d-4434-a0c8-3f42d357556f: valid; 1.2 s; peak memory 4210 MiB.
2026-10-06T11:24:58Z INFO [415/2500] 7571583c-06e0-4ca6-a800-6d041727f685: valid; 1.7 s; peak memory 4210 MiB.
2026-10-06T11:24:59Z WARNING 7572445d-551d-4ae8-89f2-d0ffe87dcffe: failed while opening the NWB file (ConstructError: (root/acquisition/_iblmic_audioSpectrogram/bands GroupBuilder {'attributes': {'colnames': array(['freq'], dtype=object), 'description': 'spectogram frequencies', 'namespace': 'core', 'neurodata_type': 'FrequencyBandsTable', 'object_id': '23d8b4e8-2b18-48fd-a5ea-963d5ac5e80d'}, 'groups': {}, 'datasets': {'freq': root/acquisition/_iblmic_audioSpectrogram/bands/freq DatasetBuilder {'attributes': {'description': 'frequency value', 'namespace': 'hdmf-common', 'neurodata_type': 'VectorData', 'object_id': '685cde8d-f757-42f8-92d8-b0b75ccff6d8'}, 'data': <HDF5 dataset "freq": shape (257,), type "<f4">}, 'id': root/acquisition/_iblmic_audioSpectrogram/bands/id DatasetBuilder {'attributes': {'namespace': 'hdmf-common', 'neurodata_type': 'ElementIdentifiers', 'object_id': 'd3d7dc37-034e-4d65-b0c4-ec4fabb6be9c'}, 'data': <HDF5 dataset "id": shape (257,), type "<i4">}}, 'links': {}}, "Could not construct FrequencyBandsTable object due to: column must have the same number of rows as 'id'"))
2026-10-06T11:25:01Z INFO [417/2500] 757260ad-3862-4c84-8150-45f287294b8a: valid; 2.0 s; peak memory 4210 MiB.
2026-10-06T11:25:03Z INFO [418/2500] 75727987-5c38-434c-816d-b1904c97e297: valid; 1.6 s; peak memory 4210 MiB.
2026-10-06T11:25:06Z INFO [419/2500] 7573a86f-090c-4663-a250-c9ac6b4dd0be: not valid; 3.4 s; peak memory 4210 MiB.
2026-10-06T11:25:10Z INFO [420/2500] 7574159a-d886-4da5-8533-78f9a31f7dfc: not valid; 3.5 s; peak memory 4210 MiB.
2026-10-06T11:25:11Z INFO [421/2500] 75743914-63a9-4b5e-920d-6dc36737260b: not valid; 1.6 s; peak memory 4210 MiB.
2026-10-06T11:25:14Z INFO [422/2500] 75748cb5-238b-493f-937e-b165509d604b: valid; 2.6 s; peak memory 4220 MiB.
2026-10-06T11:25:23Z INFO [423/2500] 75749cd6-d2f0-4081-bb3d-ef7a5d53f2c7: valid; 9.4 s; peak memory 4232 MiB.
2026-10-06T11:25:24Z INFO [424/2500] 7575280b-e8bc-48db-8e21-7523696ec222: valid; 1.0 s; peak memory 4233 MiB.
2026-10-06T11:26:00Z INFO [425/2500] 75754e31-d994-4280-ace6-7033a54a7721: valid; 36.2 s; peak memory 4353 MiB.
2026-10-06T11:26:02Z INFO [426/2500] 75781c11-356d-4548-bb40-11fe7283f47d: not valid; 1.3 s; peak memory 4353 MiB.
2026-10-06T11:26:03Z INFO [427/2500] 757833d2-fb1b-4829-a9b8-334630fd5474: not valid; 1.5 s; peak memory 4353 MiB.
2026-10-06T11:26:06Z INFO [428/2500] 7578d5fc-3f41-4fce-a615-a78374b87690: valid; 2.7 s; peak memory 4353 MiB.
2026-10-06T11:26:07Z INFO [429/2500] 7579886b-76a2-4814-989b-65e60172ae9f: valid; 1.2 s; peak memory 4353 MiB.
2026-10-06T11:26:09Z INFO [430/2500] 757a49f5-b5fc-4b38-b7b5-20f00ee78d2c: valid; 2.3 s; peak memory 4353 MiB.
2026-10-06T11:26:10Z WARNING 757a80a1-537f-4673-abe3-4bb2eca520cb: failed while retrieving asset information from the DANDI API (NotFoundError: No asset at path 'sub-F2/sub-F2_ses-20190413T210000_behavior+ophys.nwb' in version 0.260415.1712. Verify the path is correct and the asset exists in this version. Use 'dandi ls' to list available assets.)
2026-10-06T11:26:13Z INFO [432/2500] 757aa55f-920d-4901-9452-d158ed6e32d3: valid; 3.4 s; peak memory 4353 MiB.
2026-10-06T11:26:14Z INFO [433/2500] 757aad90-03ba-4763-b570-dde96f49b278: valid; 1.1 s; peak memory 4353 MiB.
2026-10-06T11:26:16Z INFO [434/2500] 757af657-15c4-4f7b-9b85-20b2b09eeefc: valid; 2.2 s; peak memory 4353 MiB.
2026-10-06T11:26:18Z INFO [435/2500] 757af8ce-3c75-42d0-b7ac-8de4d23dec47: valid; 1.7 s; peak memory 4353 MiB.
2026-10-06T11:26:32Z INFO [436/2500] 757b510a-99a5-4e02-b737-3a9b66b98fbf: valid; 13.8 s; peak memory 4493 MiB.
2026-10-06T11:26:34Z INFO [437/2500] 757b8795-8641-4532-8f57-ca0fd76d0894: valid; 1.6 s; peak memory 4493 MiB.
2026-10-06T11:26:36Z INFO [438/2500] 757c23e4-087d-4649-b02e-8c43f57bb0aa: valid; 2.3 s; peak memory 4493 MiB.
2026-10-06T11:26:37Z INFO [439/2500] 757cc0f9-b2c6-4fbc-8a9d-0492b01f94d6: valid; 1.4 s; peak memory 4501 MiB.
2026-10-06T11:26:44Z INFO [440/2500] 757cc440-03fa-4a10-96e2-c3922f9a0757: valid; 6.2 s; peak memory 4553 MiB.
2026-10-06T11:26:45Z INFO [441/2500] 757d21bc-af68-4654-833c-781bedc676f0: valid; 1.5 s; peak memory 4558 MiB.
2026-10-06T11:26:48Z INFO [442/2500] 757d3a34-65b6-4021-9d3d-dc58997c3785: valid; 2.6 s; peak memory 4561 MiB.
2026-10-06T11:26:49Z WARNING 757d9f93-7508-48f8-94ff-d59d4e3983f5: failed while opening the NWB file (ConstructError: (root/acquisition/_iblmic_audioSpectrogram/bands GroupBuilder {'attributes': {'colnames': array(['freq'], dtype=object), 'description': 'spectogram frequencies', 'namespace': 'core', 'neurodata_type': 'FrequencyBandsTable', 'object_id': '5f75e1f3-2621-4481-9f2e-f1e6e0b48b9e'}, 'groups': {}, 'datasets': {'freq': root/acquisition/_iblmic_audioSpectrogram/bands/freq DatasetBuilder {'attributes': {'description': 'frequency value', 'namespace': 'hdmf-common', 'neurodata_type': 'VectorData', 'object_id': '7e8847ed-c5a5-4bea-9dca-5235e989cafc'}, 'data': <HDF5 dataset "freq": shape (257,), type "<f4">}, 'id': root/acquisition/_iblmic_audioSpectrogram/bands/id DatasetBuilder {'attributes': {'namespace': 'hdmf-common', 'neurodata_type': 'ElementIdentifiers', 'object_id': '59777875-0518-4dbf-8148-7bf6711fb3c7'}, 'data': <HDF5 dataset "id": shape (257,), type "<i4">}}, 'links': {}}, "Could not construct FrequencyBandsTable object due to: column must have the same number of rows as 'id'"))
2026-10-06T11:26:51Z INFO [444/2500] 757da284-4663-42c3-8f60-5e28bdbf9e99: valid; 1.8 s; peak memory 4561 MiB.
2026-10-06T11:26:52Z INFO [445/2500] 757de713-1556-4a79-a9f5-70823e93bfe6: not valid; 1.3 s; peak memory 4561 MiB.
2026-10-06T11:26:54Z INFO [446/2500] 757df1f6-c139-4462-bdaa-55c02f69d65f: not valid; 1.5 s; peak memory 4561 MiB.
2026-10-06T11:26:56Z INFO [447/2500] 757e305e-9494-4e85-b90d-5b07d1b16ddb: valid; 2.4 s; peak memory 4562 MiB.
2026-10-06T11:26:57Z INFO [448/2500] 757e4216-ed03-4552-8bf0-e8347293567a: valid; 1.1 s; peak memory 4562 MiB.
2026-10-06T11:27:00Z INFO [449/2500] 757e7098-5aea-49fc-9946-1e92c4455686: valid; 2.3 s; peak memory 4562 MiB.
2026-10-06T11:27:02Z INFO [450/2500] 757e9221-78ad-4798-8568-c8bce537595d: valid; 2.3 s; peak memory 4562 MiB.
2026-10-06T11:27:03Z INFO [450/2500] 757e9221-78ad-4798-8568-c8bce537595d: checkpointed 141460 records.
2026-10-06T11:27:05Z INFO [451/2500] 757f9eae-6c30-430a-b0ed-30b8208a949c: valid; 1.6 s; peak memory 4562 MiB.
2026-10-06T11:27:06Z INFO [452/2500] 757fa087-767e-48a8-9286-4f2944810786: valid; 1.6 s; peak memory 4562 MiB.
2026-10-06T11:27:08Z INFO [453/2500] 757fdb8f-b0cf-4a69-b7c1-b7a5e61630bc: not valid; 1.4 s; peak memory 4562 MiB.
2026-10-06T11:27:09Z INFO [454/2500] 75801632-48f8-4522-ab84-53723747d424: valid; 1.8 s; peak memory 4562 MiB.
2026-10-06T11:27:11Z INFO [455/2500] 758208ae-0ceb-4ba8-93e7-5b9f4e7c4ce7: valid; 1.2 s; peak memory 4562 MiB.
2026-10-06T11:27:12Z INFO [456/2500] 75838229-6898-4deb-9e63-cf88f9170d73: valid; 1.0 s; peak memory 4562 MiB.
2026-10-06T11:27:13Z INFO [457/2500] 7584cf9a-7543-4e93-95c9-52fc6063cb87: not valid; 1.6 s; peak memory 4562 MiB.
2026-10-06T11:27:15Z INFO [458/2500] 7585bfaf-8341-471d-8aca-40052384c79a: not valid; 1.4 s; peak memory 4562 MiB.
2026-10-06T11:27:39Z INFO [459/2500] 7585dbb6-414a-488e-a23d-216673442902: not valid; 24.8 s; peak memory 4567 MiB.
2026-10-06T11:27:41Z INFO [460/2500] 7585f6f0-4fc8-466c-89b6-eb82779d7e2d: valid; 1.2 s; peak memory 4568 MiB.
2026-10-06T11:27:42Z INFO [461/2500] 7586829e-55dd-4113-b9e3-83aa07b62e08: valid; 1.8 s; peak memory 4569 MiB.
2026-10-06T11:27:44Z INFO [462/2500] 75868ef4-9b16-4cc6-9dae-42852f921fb0: not valid; 1.5 s; peak memory 4570 MiB.
2026-10-06T11:27:46Z INFO [463/2500] 7586f17e-c588-46be-8244-10e21faf3a4a: valid; 2.6 s; peak memory 4572 MiB.
2026-10-06T11:27:48Z INFO [464/2500] 75874ca3-b6eb-4194-92be-a0747b14fa81: not valid; 1.8 s; peak memory 4574 MiB.
2026-10-06T11:28:03Z INFO [465/2500] 7587577c-c208-438d-9246-8e12c720a91b: valid; 14.6 s; peak memory 4950 MiB.
2026-10-06T11:28:04Z INFO [466/2500] 758778ff-6b97-4830-bf7d-b0371296db5d: valid; 1.1 s; peak memory 4950 MiB.
2026-10-06T11:28:09Z INFO [467/2500] 7587a39a-c747-4619-8d0b-ba2631d28e73: valid; 4.8 s; peak memory 4950 MiB.
2026-10-06T11:28:10Z INFO [468/2500] 7588215e-847d-4cb8-985c-a44a484d55d8: not valid; 1.3 s; peak memory 4950 MiB.
2026-10-06T11:28:12Z INFO [469/2500] 7588538d-25c8-4922-a86c-a52939baf5ec: valid; 1.8 s; peak memory 4950 MiB.
2026-10-06T11:28:14Z INFO [470/2500] 7588843d-591a-46ac-ab95-2742f383d531: valid; 1.9 s; peak memory 4950 MiB.
2026-10-06T11:28:15Z INFO [471/2500] 758904b2-dc45-4226-9f78-747c0aa442f2: not valid; 1.8 s; peak memory 4950 MiB.
2026-10-06T11:28:17Z INFO [472/2500] 758976e8-a72c-4a95-88e9-18f705235991: not valid; 1.4 s; peak memory 4950 MiB.
2026-10-06T11:28:20Z INFO [473/2500] 7589f34f-f42e-4316-90b7-eb33bd830df8: valid; 2.6 s; peak memory 4950 MiB.
2026-10-06T11:28:22Z INFO [474/2500] 758a0417-de63-47f5-98a9-e13c547bede6: valid; 2.3 s; peak memory 4950 MiB.
2026-10-06T11:28:25Z INFO [475/2500] 758a62a1-4c79-4c75-82eb-c5ace324abac: not valid; 3.1 s; peak memory 4950 MiB.
2026-10-06T11:28:27Z INFO [476/2500] 758a70b2-88cc-4b67-b529-1bc89558b47f: valid; 2.4 s; peak memory 4950 MiB.
2026-10-06T11:28:28Z INFO [477/2500] 758a70fc-e7bd-47ec-9b0f-3226d9118ef8: valid; 1.1 s; peak memory 4950 MiB.
2026-10-06T11:28:38Z INFO [478/2500] 758ac6da-ead8-46ff-bf64-16514aee9329: valid; 9.9 s; peak memory 4950 MiB.
2026-10-06T11:28:39Z INFO [479/2500] 758aefac-67ba-40b2-8d24-2fdf7c4d5194: valid; 1.2 s; peak memory 4950 MiB.
2026-10-06T11:28:41Z INFO [480/2500] 758b76fc-3cad-4288-aa37-385351b8db46: not valid; 1.7 s; peak memory 4950 MiB.
2026-10-06T11:28:42Z INFO [481/2500] 758bbdee-faa9-4da9-9a0f-fe6b60b5ee6b: valid; 1.2 s; peak memory 4950 MiB.
2026-10-06T11:28:44Z WARNING 758c7eff-7ea7-43db-b821-a41ba4c4a53f: failed while opening the NWB file (ConstructError: (root/acquisition/_iblmic_audioSpectrogram/bands GroupBuilder {'attributes': {'colnames': array(['freq'], dtype=object), 'description': 'spectogram frequencies', 'namespace': 'core', 'neurodata_type': 'FrequencyBandsTable', 'object_id': '52d2a909-8ce4-49ee-81ba-aee6e362a05f'}, 'groups': {}, 'datasets': {'freq': root/acquisition/_iblmic_audioSpectrogram/bands/freq DatasetBuilder {'attributes': {'description': 'frequency value', 'namespace': 'hdmf-common', 'neurodata_type': 'VectorData', 'object_id': '51757f8e-bc5d-4c90-b992-16073873743b'}, 'data': <HDF5 dataset "freq": shape (257,), type "<f4">}, 'id': root/acquisition/_iblmic_audioSpectrogram/bands/id DatasetBuilder {'attributes': {'namespace': 'hdmf-common', 'neurodata_type': 'ElementIdentifiers', 'object_id': '054e2734-52ac-47ed-afe4-82e1b33d22ca'}, 'data': <HDF5 dataset "id": shape (257,), type "<i4">}}, 'links': {}}, "Could not construct FrequencyBandsTable object due to: column must have the same number of rows as 'id'"))
2026-10-06T11:28:46Z INFO [483/2500] 758d3e21-97ec-4d02-80ff-a7bae0342633: valid; 2.2 s; peak memory 4950 MiB.
2026-10-06T11:28:47Z INFO [484/2500] 758dfd82-2925-476d-85b0-9da095ee60bc: valid; 1.1 s; peak memory 4950 MiB.
2026-10-06T11:28:49Z INFO [485/2500] 758e1b6e-4caf-443a-aba5-6adad819a069: valid; 1.7 s; peak memory 4950 MiB.
2026-10-06T11:28:50Z INFO [486/2500] 7590f5c9-c41b-4eb1-bbc9-1e71bd7fde47: not valid; 1.1 s; peak memory 4950 MiB.
2026-10-06T11:28:55Z INFO [487/2500] 759101b3-3380-4419-8ee9-a8655ee39d0c: not valid; 4.7 s; peak memory 4950 MiB.
2026-10-06T11:28:56Z INFO [488/2500] 75914f0b-c06f-467b-8c0b-bef76bc454b5: valid; 1.2 s; peak memory 4950 MiB.
2026-10-06T11:28:58Z INFO [489/2500] 75919be3-a934-488c-90c4-3deedb9b1ad3: not valid; 1.8 s; peak memory 4960 MiB.
2026-10-06T11:29:01Z INFO [490/2500] 7591a791-4dcc-4e2b-81f5-42a81d36380c: valid; 3.8 s; peak memory 4963 MiB.
2026-10-06T11:29:02Z INFO [491/2500] 7591b845-237d-43f5-a32e-fbd55aa7439f: valid; 1.1 s; peak memory 4963 MiB.
2026-10-06T11:29:04Z INFO [492/2500] 7592b656-b820-4cd9-9a5f-0758438c3050: not valid; 1.7 s; peak memory 4963 MiB.
2026-10-06T11:29:05Z INFO [493/2500] 7592bad2-dcb4-48ec-bb8a-76ac16469d8b: valid; 1.2 s; peak memory 4963 MiB.
2026-10-06T11:29:07Z INFO [494/2500] 7592e550-a86e-4baf-a405-afd6b5122676: valid; 1.8 s; peak memory 4963 MiB.
2026-10-06T11:29:11Z INFO [495/2500] 759353bc-687d-474b-9694-52684d46d83a: valid; 3.5 s; peak memory 4963 MiB.
2026-10-06T11:29:12Z INFO [496/2500] 7593575c-6e73-43a7-9e76-34cf5e1d643e: not valid; 1.5 s; peak memory 4963 MiB.
2026-10-06T11:29:14Z INFO [497/2500] 759358b5-ba8b-4f91-abca-a7bb8ab627a3: valid; 2.1 s; peak memory 4963 MiB.
2026-10-06T11:29:19Z INFO [498/2500] 7593ba94-7958-44f4-a31f-6f1152da9687: valid; 4.7 s; peak memory 4963 MiB.
2026-10-06T11:29:20Z INFO [499/2500] 7593e69c-ee85-48b6-8121-e720f0fc2522: valid; 1.3 s; peak memory 4963 MiB.
2026-10-06T11:29:22Z INFO [500/2500] 7594be40-bb17-41b6-91da-6cf69b6ddb35: not valid; 1.9 s; peak memory 4963 MiB.
2026-10-06T11:29:23Z INFO [500/2500] 7594be40-bb17-41b6-91da-6cf69b6ddb35: checkpointed 141510 records.
2026-10-06T11:29:25Z INFO [501/2500] 7594e4df-a8c4-447a-a357-915d9155921b: valid; 1.9 s; peak memory 4963 MiB.
2026-10-06T11:29:27Z INFO [502/2500] 7595059a-5f7e-46da-92c2-35b373afc251: valid; 2.3 s; peak memory 4963 MiB.
2026-10-06T11:29:29Z INFO [503/2500] 75950f26-eca3-41e5-b63c-a16a72ff1acb: valid; 1.7 s; peak memory 4963 MiB.
2026-10-06T11:29:36Z INFO [504/2500] 7596436d-decb-4ce0-83d8-f0c3c00a570b: valid; 6.5 s; peak memory 4967 MiB.
2026-10-06T11:29:37Z INFO [505/2500] 759734cc-9023-4566-bd6d-c09d45c0065f: valid; 1.7 s; peak memory 4967 MiB.
2026-10-06T11:29:38Z INFO [506/2500] 75977d88-8d7b-451d-bc8e-c0e052771a44: valid; 0.9 s; peak memory 4967 MiB.
2026-10-06T11:29:45Z INFO [507/2500] 7597ec3d-2a1a-46a1-befc-7372e77bfc78: not valid; 6.3 s; peak memory 4971 MiB.
2026-10-06T11:29:46Z INFO [508/2500] 7598761c-3b88-4be4-afe0-bb94314653ba: valid; 1.3 s; peak memory 4972 MiB.
2026-10-06T11:29:48Z INFO [509/2500] 7598ad69-f025-4852-bb06-b82701566a4c: valid; 2.3 s; peak memory 4973 MiB.
2026-10-06T11:29:50Z INFO [510/2500] 7598d150-638b-4ac9-8d3c-5dda1792b863: valid; 1.5 s; peak memory 4974 MiB.
2026-10-06T11:29:51Z INFO [511/2500] 75999294-6539-4ee4-aca5-3a0a6029b835: valid; 1.6 s; peak memory 4974 MiB.
2026-10-06T11:29:52Z INFO [512/2500] 7599b8fc-48d3-4a6b-9a47-1c0767c9318a: valid; 1.4 s; peak memory 4975 MiB.
2026-10-06T11:29:54Z INFO [513/2500] 759a15c8-e69f-49cb-a955-6023260c2d8f: valid; 1.2 s; peak memory 4976 MiB.
2026-10-06T11:29:56Z INFO [514/2500] 759a91ad-4bc7-41e8-8f8d-cb95ee480eb7: valid; 1.9 s; peak memory 4992 MiB.
2026-10-06T11:30:01Z INFO [515/2500] 759b439b-cb9f-470e-9782-3a274180b212: not valid; 5.7 s; peak memory 4994 MiB.
2026-10-06T11:30:03Z INFO [516/2500] 759be5d9-3cb2-4f5a-8357-824775e7d35a: valid; 1.3 s; peak memory 4995 MiB.
2026-10-06T11:30:04Z INFO [517/2500] 759ce9da-a257-4514-8fad-0e6580ff9590: valid; 1.7 s; peak memory 4998 MiB.
2026-10-06T11:30:06Z INFO [518/2500] 759cebbc-9371-485f-8494-7536ddfb619f: not valid; 1.5 s; peak memory 4999 MiB.
2026-10-06T11:30:07Z INFO [519/2500] 759d1159-5ec8-4aed-baea-c06f61ab4c02: valid; 1.1 s; peak memory 5000 MiB.
2026-10-06T11:30:24Z INFO [520/2500] 759d3286-24d2-4545-b5e1-62feac7f95bd: not valid; 17.2 s; peak memory 5097 MiB.
2026-10-06T11:30:25Z INFO [521/2500] 759d7178-014d-4f1d-aa27-2cbb502a5598: valid; 1.1 s; peak memory 5099 MiB.
2026-10-06T11:30:27Z INFO [522/2500] 759e1069-445f-4c52-ad07-2ff9ae6d7bee: valid; 1.5 s; peak memory 5109 MiB.
2026-10-06T11:30:29Z INFO [523/2500] 759f0889-a9c6-493f-a380-2bbc5e07363b: not valid; 2.0 s; peak memory 5110 MiB.
2026-10-06T11:30:30Z INFO [524/2500] 759f0c7f-177e-4393-b9b0-f8431cce2919: valid; 1.0 s; peak memory 5110 MiB.
2026-10-06T11:30:32Z INFO [525/2500] 759f67d8-f020-459a-a5fb-c739462bb490: valid; 1.8 s; peak memory 5110 MiB.
2026-10-06T11:30:33Z INFO [526/2500] 759f822e-d54b-4e4a-8836-44d04c0a347f: valid; 1.1 s; peak memory 5110 MiB.
2026-10-06T11:30:33Z WARNING 759f8784-2b30-4b19-aed2-9ba1cb8d904f: failed while retrieving asset information from the DANDI API (NotFoundError: No such Dandiset: 001533)
2026-10-06T11:30:35Z INFO [528/2500] 759ffc57-96f3-49dd-800a-863d4f5132aa: valid; 1.9 s; peak memory 5110 MiB.
2026-10-06T11:30:37Z INFO [529/2500] 75a0049f-662c-4a50-b54e-334a9880d995: valid; 2.3 s; peak memory 5110 MiB.
2026-10-06T11:30:37Z WARNING 75a0b8e0-2eed-4691-88de-79ec8aea2f17: failed while retrieving asset information from the DANDI API (NotFoundError: No such Dandiset: 000561)
2026-10-06T11:30:39Z INFO [531/2500] 75a0e8a3-5907-4e76-ab49-8b0779811d91: valid; 1.7 s; peak memory 5110 MiB.
2026-10-06T11:30:40Z INFO [532/2500] 75a11988-37e2-4ccb-9df7-dbd8add2d42d: not valid; 1.6 s; peak memory 5110 MiB.
2026-10-06T11:30:43Z INFO [533/2500] 75a13888-2fdf-4e6b-8c3c-751e60d3876d: valid; 2.3 s; peak memory 5110 MiB.
2026-10-06T11:30:49Z INFO [534/2500] 75a14b2b-05f2-4bb1-abcb-e2af85579af2: valid; 6.7 s; peak memory 5131 MiB.
2026-10-06T11:30:53Z INFO [535/2500] 75a16183-d0b8-4c95-bd04-b817deb150cd: valid; 3.4 s; peak memory 5131 MiB.
2026-10-06T11:30:54Z INFO [536/2500] 75a1ee84-13f8-49c9-aa9b-2d89099a380d: valid; 1.2 s; peak memory 5131 MiB.
2026-10-06T11:30:56Z INFO [537/2500] 75a2ff95-b1aa-4678-90fb-d1dd488b3f96: valid; 1.6 s; peak memory 5131 MiB.
2026-10-06T11:30:57Z INFO [538/2500] 75a322b3-0872-4108-bfba-63c1f700cbaa: not valid; 1.5 s; peak memory 5131 MiB.
2026-10-06T11:30:59Z INFO [539/2500] 75a356ee-6a20-4713-8381-c9a1244572a1: valid; 1.7 s; peak memory 5131 MiB.
2026-10-06T11:31:00Z INFO [540/2500] 75a36f81-ccae-4356-8c2f-56ef40c37476: valid; 1.4 s; peak memory 5131 MiB.
2026-10-06T11:31:01Z INFO [541/2500] 75a37a96-cfb5-4358-860d-8cacd9082888: not valid; 1.1 s; peak memory 5131 MiB.
2026-10-06T11:31:03Z INFO [542/2500] 75a37f9b-0bdd-4e63-8303-459bbf97b744: not valid; 1.6 s; peak memory 5131 MiB.
2026-10-06T11:31:04Z INFO [543/2500] 75a42c69-84b2-4b52-be9a-f0f1e5c738bb: valid; 1.1 s; peak memory 5131 MiB.
2026-10-06T11:31:07Z INFO [544/2500] 75a4385a-ff9c-4491-aa17-8c47a46c465d: not valid; 2.6 s; peak memory 5131 MiB.
2026-10-06T11:31:09Z INFO [545/2500] 75a5fd7d-85f0-494e-8d68-951de24ec550: valid; 2.6 s; peak memory 5131 MiB.
2026-10-06T11:31:10Z INFO [546/2500] 75a6629c-6128-4509-983a-2a56af25e7fc: valid; 1.2 s; peak memory 5131 MiB.
2026-10-06T11:31:12Z INFO [547/2500] 75a740a8-f4be-4ad5-bc84-b81bd5720adb: valid; 1.9 s; peak memory 5131 MiB.
2026-10-06T11:31:14Z INFO [548/2500] 75a867cf-1472-4219-92e5-2ba55833d32d: not valid; 1.8 s; peak memory 5149 MiB.
2026-10-06T11:31:16Z INFO [549/2500] 75a8c41a-870a-4508-b887-a406ff322078: not valid; 1.8 s; peak memory 5149 MiB.
2026-10-06T11:31:23Z INFO [550/2500] 75aa2ac1-77d2-4d09-887a-cfe5dd43edb8: valid; 6.9 s; peak memory 5180 MiB.
2026-10-06T11:31:24Z INFO [550/2500] 75aa2ac1-77d2-4d09-887a-cfe5dd43edb8: checkpointed 141560 records.
2026-10-06T11:31:25Z INFO [551/2500] 75aa2b66-6aa4-4b45-bde2-5666eb761214: valid; 0.9 s; peak memory 5182 MiB.
2026-10-06T11:31:29Z INFO [552/2500] 75aa553f-62e4-4191-af99-6c1be7eb46e6: valid; 4.6 s; peak memory 5189 MiB.
2026-10-06T11:31:33Z INFO [553/2500] 75aaa4d4-7861-4fa6-a088-e7271b784b60: valid; 3.6 s; peak memory 5196 MiB.
2026-10-06T11:31:35Z INFO [554/2500] 75ab555b-2a7c-4445-8e2b-003defa376d0: valid; 2.3 s; peak memory 5201 MiB.
2026-10-06T11:31:37Z INFO [555/2500] 75acd1d0-41e9-47be-8f06-a5af71be8cce: not valid; 1.5 s; peak memory 5201 MiB.
2026-10-06T11:31:38Z INFO [556/2500] 75ae25a7-5e41-4a03-81ca-69d5c5bf3f70: not valid; 1.4 s; peak memory 5201 MiB.
2026-10-06T11:31:39Z INFO [557/2500] 75ae64e8-1375-48a8-9f22-011a0a00b67b: not valid; 1.3 s; peak memory 5201 MiB.
2026-10-06T11:31:41Z INFO [558/2500] 75af2b26-e0c4-4cee-9796-a3a36ae099bb: valid; 1.9 s; peak memory 5201 MiB.
2026-10-06T11:31:43Z INFO [559/2500] 75af4386-71d3-47b6-b4aa-5caf5813afd3: valid; 1.8 s; peak memory 5201 MiB.
2026-10-06T11:31:45Z INFO [560/2500] 75af6025-5d1b-4899-ba8a-6b8c1dfa7c75: not valid; 1.6 s; peak memory 5201 MiB.
2026-10-06T11:31:46Z INFO [561/2500] 75af7627-45e2-46ac-85c3-09d3ef9af555: not valid; 1.5 s; peak memory 5201 MiB.
2026-10-06T11:31:47Z INFO [562/2500] 75b06fea-1488-4215-b6ee-e30ae6db2cca: valid; 1.1 s; peak memory 5201 MiB.
2026-10-06T11:31:49Z INFO [563/2500] 75b13674-f13e-4b0b-b7e5-33cf0ffcc5ab: valid; 2.1 s; peak memory 5201 MiB.
2026-10-06T11:31:51Z INFO [564/2500] 75b175df-8868-49a0-b672-c847778150ae: valid; 1.7 s; peak memory 5201 MiB.
2026-10-06T11:31:52Z INFO [565/2500] 75b1ebbd-1d29-4ae6-81e2-450725fdb956: valid; 1.0 s; peak memory 5201 MiB.
2026-10-06T11:31:53Z INFO [566/2500] 75b23f91-4f94-47d4-bbfb-6562b0688951: valid; 1.2 s; peak memory 5201 MiB.
2026-10-06T11:31:55Z INFO [567/2500] 75b373cb-0b49-445a-84fd-6f570c26891b: valid; 1.2 s; peak memory 5202 MiB.
2026-10-06T11:31:56Z INFO [568/2500] 75b451fb-a3c9-4025-80d2-9fbf6ee14bb0: valid; 1.5 s; peak memory 5204 MiB.
2026-10-06T11:32:00Z INFO [569/2500] 75b52ace-cea5-4f8f-97b5-3b7f32f94523: valid; 4.0 s; peak memory 5215 MiB.
2026-10-06T11:32:02Z INFO [570/2500] 75b55ee1-4cab-4d78-b4e1-6311cbd29228: not valid; 1.8 s; peak memory 5216 MiB.
2026-10-06T11:32:06Z INFO [571/2500] 75b5d8d7-54a2-4c73-9e90-a9f70f878bd4: valid; 4.1 s; peak memory 5216 MiB.
2026-10-06T11:32:07Z INFO [572/2500] 75b74928-5867-4edb-8f13-21fb007078e7: valid; 1.0 s; peak memory 5216 MiB.
2026-10-06T11:32:12Z INFO [573/2500] 75b7e908-94ae-40d6-a2bb-c67b347bea74: not valid; 4.9 s; peak memory 5221 MiB.
2026-10-06T11:32:14Z INFO [574/2500] 75b82ec1-69d8-4d66-b099-358e9685d491: valid; 1.7 s; peak memory 5225 MiB.
2026-10-06T11:32:15Z INFO [575/2500] 75b85c73-fba9-4993-82c5-aeeae3eddf0e: valid; 1.2 s; peak memory 5225 MiB.
2026-10-06T11:32:16Z INFO [576/2500] 75b8a918-f6ff-425d-9629-b87d0bc24444: valid; 1.2 s; peak memory 5225 MiB.
2026-10-06T11:32:18Z INFO [577/2500] 75b95207-48d2-4408-9222-83cd6a5436ae: valid; 1.7 s; peak memory 5226 MiB.
2026-10-06T11:32:32Z INFO [578/2500] 75b9b0ea-e8fd-4903-8c62-4a1bc509ce87: valid; 14.0 s; peak memory 5458 MiB.
2026-10-06T11:32:32Z WARNING 75b9c052-bbf0-498e-a1ac-ca78a0fb5d89: failed while retrieving asset information from the DANDI API (NotFoundError: No such Dandiset: 001269)
2026-10-06T11:32:33Z INFO [580/2500] 75bab9fe-66f0-4d65-94b5-c5896724c407: valid; 1.1 s; peak memory 5458 MiB.
2026-10-06T11:32:34Z INFO [581/2500] 75bb4132-bf3d-4cf9-ad50-dccd244aa726: not valid; 1.5 s; peak memory 5458 MiB.
2026-10-06T11:32:36Z INFO [582/2500] 75bb7406-3635-4e39-9a94-2fad63df2b1a: not valid; 1.9 s; peak memory 5458 MiB.
2026-10-06T11:33:19Z INFO [583/2500] 75bb80f8-a37b-4658-a6c6-35946c86b6e9: valid; 43.1 s; peak memory 6484 MiB.
2026-10-06T11:33:20Z INFO [584/2500] 75bb94e3-09ed-4d1a-928a-faa349d580f0: valid; 1.0 s; peak memory 6484 MiB.
2026-10-06T11:33:23Z INFO [585/2500] 75bc2d9e-eea2-4e3f-9a7a-baf452940131: valid; 2.6 s; peak memory 6484 MiB.
2026-10-06T11:33:24Z INFO [586/2500] 75bd3b5e-3fba-4848-98b7-796699a84b88: valid; 1.2 s; peak memory 6484 MiB.
2026-10-06T11:33:31Z INFO [587/2500] 75bd88ec-f71e-4a06-970f-de8b3e521458: valid; 7.1 s; peak memory 6484 MiB.
2026-10-06T11:33:32Z INFO [588/2500] 75be6d34-427f-416e-8a37-1414c3a147e2: valid; 1.0 s; peak memory 6484 MiB.
2026-10-06T11:33:33Z INFO [589/2500] 75becf39-3844-4742-9de3-53226f08d407: valid; 1.1 s; peak memory 6484 MiB.
2026-10-06T11:33:41Z INFO [590/2500] 75bf4f4b-6e25-44d6-8ee8-e1fc85bacf3d: valid; 8.1 s; peak memory 6492 MiB.
2026-10-06T11:33:43Z INFO [591/2500] 75bf83ba-cc9a-4663-8288-509533195e92: not valid; 1.4 s; peak memory 6492 MiB.
2026-10-06T11:33:44Z INFO [592/2500] 75c13c83-a78c-4e72-a3d7-6243c998489e: not valid; 1.5 s; peak memory 6492 MiB.
2026-10-06T11:33:46Z INFO [593/2500] 75c14c9c-3fc0-4f7e-ba4c-a1331d2b0e76: not valid; 1.3 s; peak memory 6492 MiB.
2026-10-06T11:33:47Z INFO [594/2500] 75c23069-9fcd-4503-9b46-c135e5466793: valid; 1.1 s; peak memory 6492 MiB.
2026-10-06T11:33:52Z INFO [595/2500] 75c24af8-5dfe-4f6c-9cb3-4eea9f68cece: valid; 5.6 s; peak memory 6492 MiB.
2026-10-06T11:35:41Z INFO [596/2500] 75c33e23-04d1-4bea-b1b7-efa8d3686ff9: valid; 108.4 s; peak memory 6824 MiB.
2026-10-06T11:35:47Z INFO [597/2500] 75c37b54-5225-4c18-a1da-44b4ad4f0f35: valid; 6.1 s; peak memory 6824 MiB.
2026-10-06T11:35:59Z INFO [598/2500] 75c3b8d3-8599-4b8e-9142-1d83dff9c0ad: valid; 12.0 s; peak memory 6904 MiB.
2026-10-06T11:36:03Z INFO [599/2500] 75c3e38d-c502-46ab-9e15-dcc416809e14: valid; 4.2 s; peak memory 6904 MiB.
2026-10-06T11:36:04Z INFO [600/2500] 75c4386d-37d2-4085-8789-7b10dd9667e9: valid; 1.3 s; peak memory 6904 MiB.
2026-10-06T11:36:05Z INFO [600/2500] 75c4386d-37d2-4085-8789-7b10dd9667e9: checkpointed 141610 records.
2026-10-06T11:36:08Z INFO [601/2500] 75c47523-9eef-429b-a1ab-0c850ec23641: valid; 3.0 s; peak memory 6905 MiB.
2026-10-06T11:36:10Z INFO [602/2500] 75c4ba3e-ff79-4919-b790-334c355f0215: valid; 2.0 s; peak memory 6905 MiB.
2026-10-06T11:36:20Z INFO [603/2500] 75c4da16-7667-4fd4-abc2-b6d23ff590d0: not valid; 9.3 s; peak memory 6922 MiB.
2026-10-06T11:36:21Z INFO [604/2500] 75c4f80f-8516-4d12-92c4-0ae115710c0f: valid; 1.2 s; peak memory 6923 MiB.
2026-10-06T11:36:23Z INFO [605/2500] 75c50b0c-5513-4a62-8821-03857f5e70a8: valid; 2.2 s; peak memory 6932 MiB.
2026-10-06T11:36:24Z INFO [606/2500] 75c5176b-6f01-4133-9eba-f0d511612da0: valid; 1.2 s; peak memory 6933 MiB.
2026-10-06T11:36:33Z INFO [607/2500] 75c53b12-7e0d-4af4-b8bb-76e83864e1bd: valid; 8.3 s; peak memory 6965 MiB.
2026-10-06T11:36:35Z INFO [608/2500] 75c58aaf-3497-42c3-9dec-a0a051ba0ee7: valid; 2.5 s; peak memory 6967 MiB.
2026-10-06T11:36:37Z INFO [609/2500] 75c59c89-d886-4820-8642-6400ebfa2322: valid; 2.3 s; peak memory 6967 MiB.
2026-10-06T11:36:38Z WARNING 75c5a5ab-5dc2-4aaf-bdb0-69bf41e7eb0a: failed while retrieving asset information from the DANDI API (NotFoundError: No asset at path 'sub-08/sub-08_ses-20170113T121400_behavior+ecephys.nwb' in version 0.250815.1108. Verify the path is correct and the asset exists in this version. Use 'dandi ls' to list available assets.)
2026-10-06T11:36:40Z INFO [611/2500] 75c5b0c0-2298-4d67-b2b8-0bd679df6730: valid; 2.0 s; peak memory 6967 MiB.
2026-10-06T11:36:40Z WARNING 75c61832-b9a6-48cd-88b2-ff36d8685df2: failed while retrieving asset information from the DANDI API (NotFoundError: No asset at path 'sub-parkinson-simulated-lfp/sub-parkinson-simulated-lfp_ses-8695_ecephys.nwb' in version 0.250327.2220. Verify the path is correct and the asset exists in this version. Use 'dandi ls' to list available assets.)
2026-10-06T11:36:41Z INFO [613/2500] 75c66401-eba5-46cb-abed-eafe6fcb1a82: not valid; 1.4 s; peak memory 6967 MiB.
2026-10-06T11:36:48Z INFO [614/2500] 75c6fe43-7e21-4b31-9f71-9b716452d125: valid; 7.2 s; peak memory 6978 MiB.
2026-10-06T11:36:50Z INFO [615/2500] 75c73c9e-48ba-4333-a925-1b1d253d4dfc: valid; 1.2 s; peak memory 6979 MiB.
2026-10-06T11:36:51Z INFO [616/2500] 75c78812-8baf-415b-86c0-4e4d4551402e: valid; 1.2 s; peak memory 6980 MiB.
2026-10-06T11:36:52Z INFO [617/2500] 75c7939b-9180-4ead-b422-e4f2cf77dfcf: valid; 1.2 s; peak memory 6980 MiB.
2026-10-06T11:36:54Z INFO [618/2500] 75c82d5c-ab01-4e1f-a52d-d0d951ede7b0: not valid; 2.0 s; peak memory 6982 MiB.
2026-10-06T11:36:56Z INFO [619/2500] 75c865a2-b1fd-47ff-877d-8f401bb0c1f5: not valid; 2.0 s; peak memory 6982 MiB.
2026-10-06T11:36:58Z INFO [620/2500] 75c87ec5-65c6-4897-a6ea-6ec02df35424: valid; 2.0 s; peak memory 6982 MiB.
2026-10-06T11:37:13Z INFO [621/2500] 75c8875c-f265-4f25-930e-a561706792d7: valid; 14.6 s; peak memory 6993 MiB.
2026-10-06T11:37:14Z INFO [622/2500] 75c9082d-c5f8-44b4-b6bb-7dae222876ec: not valid; 1.2 s; peak memory 6994 MiB.
2026-10-06T11:37:16Z INFO [623/2500] 75c92793-f664-4318-b44d-106dfac7c624: valid; 2.3 s; peak memory 6996 MiB.
2026-10-06T11:37:18Z INFO [624/2500] 75c94253-3385-4b89-97dd-d8c5610a98f6: valid; 1.8 s; peak memory 6998 MiB.
2026-10-06T11:37:19Z INFO [625/2500] 75c9a2ab-2df2-41c3-98cf-0e3c00e3292b: valid; 1.2 s; peak memory 6999 MiB.
2026-10-06T11:37:21Z INFO [626/2500] 75c9bf0e-cf24-4052-a9dc-d114336c2a6d: valid; 1.9 s; peak memory 7000 MiB.
2026-10-06T11:37:23Z INFO [627/2500] 75c9ff27-cab6-43cc-845d-9c3fdb9fccae: not valid; 2.4 s; peak memory 7005 MiB.
2026-10-06T11:37:25Z WARNING 75cab695-cb2b-4c2c-886c-76057fe93ad8: failed while opening the NWB file (ConstructError: (root/acquisition/_iblmic_audioSpectrogram/bands GroupBuilder {'attributes': {'colnames': array(['freq'], dtype=object), 'description': 'spectogram frequencies', 'namespace': 'core', 'neurodata_type': 'FrequencyBandsTable', 'object_id': 'e1abc823-0b98-4dda-b40c-6e5463c4ee12'}, 'groups': {}, 'datasets': {'freq': root/acquisition/_iblmic_audioSpectrogram/bands/freq DatasetBuilder {'attributes': {'description': 'frequency value', 'namespace': 'hdmf-common', 'neurodata_type': 'VectorData', 'object_id': '51920c04-8b38-4e07-86ec-cf74ef94d38c'}, 'data': <HDF5 dataset "freq": shape (257,), type "<f4">}, 'id': root/acquisition/_iblmic_audioSpectrogram/bands/id DatasetBuilder {'attributes': {'namespace': 'hdmf-common', 'neurodata_type': 'ElementIdentifiers', 'object_id': '8370b81c-b9de-4cf0-9946-d03648d076db'}, 'data': <HDF5 dataset "id": shape (257,), type "<i4">}}, 'links': {}}, "Could not construct FrequencyBandsTable object due to: column must have the same number of rows as 'id'"))
2026-10-06T11:37:28Z INFO [629/2500] 75cb6ca8-4d74-4e78-8468-14f80318190f: valid; 2.6 s; peak memory 7007 MiB.
2026-10-06T11:37:29Z INFO [630/2500] 75cc05f9-e3d4-404b-9698-a473c063eebf: valid; 1.7 s; peak memory 7008 MiB.
2026-10-06T11:37:31Z INFO [631/2500] 75cce342-3723-4278-ba3d-4eb2f43d87f2: not valid; 1.9 s; peak memory 7009 MiB.
2026-10-06T11:37:34Z INFO [632/2500] 75cd463c-02e0-4c96-9fc8-a2676692a3f9: valid; 2.3 s; peak memory 7012 MiB.
2026-10-06T11:37:36Z INFO [633/2500] 75cdaadc-0c7d-477b-83c1-ee7a8b6a8175: valid; 1.9 s; peak memory 7017 MiB.
2026-10-06T11:37:37Z INFO [634/2500] 75ce2b97-40ff-4feb-ba43-c4cf8d0b16c2: valid; 1.8 s; peak memory 7021 MiB.
2026-10-06T11:37:39Z INFO [635/2500] 75ce4b75-5569-4ac3-9231-a0e1fc50bed6: not valid; 1.4 s; peak memory 7022 MiB.
2026-10-06T11:37:41Z INFO [636/2500] 75ceab4e-4277-4697-a500-c30fd13a03de: not valid; 2.0 s; peak memory 7023 MiB.
2026-10-06T11:37:43Z INFO [637/2500] 75cebe4c-07b2-4944-87a3-f331eb7cd518: valid; 2.2 s; peak memory 7023 MiB.
2026-10-06T11:37:44Z INFO [638/2500] 75cedee1-de65-4ff1-9bfd-005bcd0a415f: valid; 1.2 s; peak memory 7023 MiB.
2026-10-06T11:37:45Z INFO [639/2500] 75cf5b47-fa97-40d7-83fe-50b16d9c702f: valid; 1.2 s; peak memory 7023 MiB.
2026-10-06T11:38:17Z INFO [640/2500] 75cf9c6f-89ba-43be-8b37-a579dabeb94c: valid; 32.0 s; peak memory 7052 MiB.
2026-10-06T11:38:19Z INFO [641/2500] 75d1032d-bdc1-4d70-8cf0-a33e3b671df8: valid; 1.3 s; peak memory 7053 MiB.
2026-10-06T11:38:20Z INFO [642/2500] 75d10de5-ff75-4cb5-a7f6-caa881d27bab: valid; 1.1 s; peak memory 7054 MiB.
2026-10-06T11:38:22Z INFO [643/2500] 75d1a3b5-508c-47e8-803d-8f76c20f5121: valid; 1.9 s; peak memory 7072 MiB.
2026-10-06T11:38:23Z INFO [644/2500] 75d1ca75-e8bf-4a9f-9604-f609070fa513: valid; 1.2 s; peak memory 7072 MiB.
2026-10-06T11:38:24Z INFO [645/2500] 75d1cdba-6465-4d27-9404-896d15c038fc: valid; 1.3 s; peak memory 7072 MiB.
2026-10-06T11:38:26Z INFO [646/2500] 75d1d712-239e-4612-9b4d-b443f6ba78dc: valid; 1.5 s; peak memory 7072 MiB.
2026-10-06T11:38:40Z INFO [647/2500] 75d20786-ed51-45e4-99ad-273fb9ed6407: valid; 14.1 s; peak memory 7221 MiB.
2026-10-06T11:38:42Z INFO [648/2500] 75d236f7-6e66-481c-a6b6-31a8e38d6b9a: valid; 2.0 s; peak memory 7221 MiB.
2026-10-06T11:38:43Z INFO [649/2500] 75d29599-6d7c-4d3b-bbac-fcdcae58f669: not valid; 1.4 s; peak memory 7221 MiB.
2026-10-06T11:38:45Z INFO [650/2500] 75d2cf4a-3d3b-4ada-b339-fd6bcfad6970: valid; 1.8 s; peak memory 7221 MiB.
2026-10-06T11:38:46Z INFO [650/2500] 75d2cf4a-3d3b-4ada-b339-fd6bcfad6970: checkpointed 141660 records.
2026-10-06T11:38:47Z INFO [651/2500] 75d304c3-a288-47e9-978e-6354e2047dfa: valid; 1.0 s; peak memory 7221 MiB.
2026-10-06T11:38:49Z INFO [652/2500] 75d41219-c3fd-47a2-bd28-d066d3a499db: not valid; 2.0 s; peak memory 7221 MiB.
2026-10-06T11:38:51Z INFO [653/2500] 75d416c8-b6af-49f0-bb49-d718f12365e1: valid; 2.1 s; peak memory 7221 MiB.
2026-10-06T11:38:56Z INFO [654/2500] 75d4e286-634f-45e8-98d1-af1128990f9c: not valid; 5.1 s; peak memory 7222 MiB.
2026-10-06T11:38:57Z INFO [655/2500] 75d56032-5bd0-448f-afe6-3c521a5c0d44: valid; 1.3 s; peak memory 7222 MiB.
2026-10-06T11:38:59Z INFO [656/2500] 75d56a5f-293b-49ea-9934-532f14b956a4: valid; 1.9 s; peak memory 7222 MiB.
2026-10-06T11:39:01Z INFO [657/2500] 75d58c06-4939-48f9-8a0b-552cd7cca42f: valid; 1.5 s; peak memory 7222 MiB.
2026-10-06T11:39:08Z INFO [658/2500] 75d613ce-5e8b-48b4-834b-a24cc9f95bbf: valid; 7.3 s; peak memory 7367 MiB.
2026-10-06T11:39:09Z INFO [659/2500] 75d61eab-5d17-4908-a064-5bc275524ca3: valid; 0.9 s; peak memory 7367 MiB.
2026-10-06T11:39:16Z INFO [660/2500] 75d639e3-2d98-4c52-8255-239f01d41029: valid; 6.6 s; peak memory 7367 MiB.
2026-10-06T11:39:24Z INFO [661/2500] 75d6fd07-c284-4fd1-936b-81067ffd323a: valid; 8.0 s; peak memory 7367 MiB.
2026-10-06T11:39:25Z INFO [662/2500] 75d77130-1274-4b0c-a2d9-ff0424ed9525: valid; 1.8 s; peak memory 7367 MiB.
2026-10-06T11:39:27Z INFO [663/2500] 75d8bf3d-ce0b-48a9-aabc-8d01ff387b1e: not valid; 1.3 s; peak memory 7367 MiB.
2026-10-06T11:39:29Z INFO [664/2500] 75d905d9-f9fc-4014-bbd1-5d3d6392f78e: valid; 2.2 s; peak memory 7367 MiB.
2026-10-06T11:39:31Z INFO [665/2500] 75d961cd-de5e-458d-a480-aa371a9b0479: valid; 1.9 s; peak memory 7367 MiB.
2026-10-06T11:40:32Z INFO [666/2500] 75d9d091-e7db-47d1-aac4-d41133e29393: not valid; 61.0 s; peak memory 7724 MiB.
2026-10-06T11:40:35Z INFO [667/2500] 75da0ce6-465f-4c71-8236-66e5aafc3c82: not valid; 2.7 s; peak memory 7728 MiB.
2026-10-06T11:40:36Z INFO [668/2500] 75da25db-8c5a-4947-8402-86a48a387f74: valid; 1.5 s; peak memory 7730 MiB.
2026-10-06T11:40:37Z INFO [669/2500] 75da30d3-7ea6-4d5a-87d3-9667341209f6: valid; 0.8 s; peak memory 7731 MiB.
2026-10-06T11:40:38Z INFO [670/2500] 75da522d-71b9-432a-bae5-631b11b6828c: valid; 1.0 s; peak memory 7732 MiB.
2026-10-06T11:40:42Z INFO [671/2500] 75da9713-ccc3-4841-af77-5e22970809e4: not valid; 3.6 s; peak memory 7735 MiB.
2026-10-06T11:40:43Z INFO [672/2500] 75dbfd65-b16b-476a-970b-e684f7174de0: valid; 1.2 s; peak memory 7735 MiB.
2026-10-06T11:40:45Z INFO [673/2500] 75dcf7e4-fff1-4891-91d6-1fc34347bf28: valid; 2.0 s; peak memory 7755 MiB.
2026-10-06T11:40:46Z INFO [674/2500] 75dd42ae-9e94-47a2-bc41-30891e67b6a2: not valid; 1.3 s; peak memory 7755 MiB.
2026-10-06T11:40:47Z INFO [675/2500] 75dd5555-1a01-46a6-a372-e39730b76941: valid; 1.2 s; peak memory 7755 MiB.
2026-10-06T11:40:49Z INFO [676/2500] 75dde248-4374-42fb-8a42-57663ed1c471: not valid; 1.5 s; peak memory 7755 MiB.
2026-10-06T11:40:53Z INFO [677/2500] 75de177d-22d2-4555-a2df-4642cce74123: valid; 4.3 s; peak memory 7758 MiB.
2026-10-06T11:40:54Z INFO [678/2500] 75de7361-6f3e-4fc4-9a7c-55839ba0079b: valid; 1.2 s; peak memory 7759 MiB.
2026-10-06T11:40:55Z INFO [679/2500] 75ded414-8d8b-4aa0-85a6-ca84cb9c1503: valid; 1.2 s; peak memory 7760 MiB.
2026-10-06T11:41:06Z INFO [680/2500] 75df11ed-c1a0-4090-87bd-698107116449: valid; 10.4 s; peak memory 7784 MiB.
2026-10-06T11:41:08Z INFO [681/2500] 75df47b4-1733-4330-bb0c-2a5277776627: not valid; 1.8 s; peak memory 7788 MiB.
2026-10-06T11:41:10Z INFO [682/2500] 75e0262d-641e-4c86-9fdb-6603a946b917: valid; 2.1 s; peak memory 7788 MiB.
2026-10-06T11:41:11Z INFO [683/2500] 75e06336-85b3-4159-ad16-896c8814eee1: valid; 1.6 s; peak memory 7788 MiB.
2026-10-06T11:41:14Z INFO [684/2500] 75e09048-720a-44d3-bd39-e40296041a18: valid; 2.8 s; peak memory 7788 MiB.
2026-10-06T11:41:16Z INFO [685/2500] 75e0b75a-cedb-480d-9201-f099306284a9: not valid; 1.6 s; peak memory 7788 MiB.
2026-10-06T11:41:17Z INFO [686/2500] 75e0d66f-46da-459e-82c8-f3dc3789eba5: valid; 1.1 s; peak memory 7788 MiB.
2026-10-06T11:41:18Z INFO [687/2500] 75e25032-ba6e-4d89-bcf4-275060afc8bc: not valid; 1.4 s; peak memory 7788 MiB.
2026-10-06T11:41:21Z INFO [688/2500] 75e333df-d2dc-4d44-8cb4-be7741a417e7: valid; 2.3 s; peak memory 7788 MiB.
2026-10-06T11:41:21Z WARNING 75e3716b-5a62-489d-a930-05d5665b09ae: failed while retrieving asset information from the DANDI API (NotFoundError: No asset at path 'sub-EPCNHP2/sub-EPCNHP2_ses-2021-03-01-002_ecephys.nwb' in version 0.240701.1903. Verify the path is correct and the asset exists in this version. Use 'dandi ls' to list available assets.)
2026-10-06T11:41:22Z INFO [690/2500] 75e3f5dc-084d-42cb-ae9f-138b94621ba4: valid; 1.2 s; peak memory 7788 MiB.
2026-10-06T11:41:23Z INFO [691/2500] 75e466c8-bffc-40ea-a96e-71ae2727791c: valid; 1.2 s; peak memory 7788 MiB.
2026-10-06T11:41:24Z INFO [692/2500] 75e49440-4f13-41b3-87fe-c8c9b52cdd98: valid; 1.1 s; peak memory 7788 MiB.
2026-10-06T11:41:34Z INFO [693/2500] 75e4a39c-214c-4318-8f50-2a9df4de87a8: valid; 9.4 s; peak memory 7815 MiB.
2026-10-06T11:41:35Z INFO [694/2500] 75e5cd8c-96bf-4d8f-925a-d003179e6a1f: valid; 1.0 s; peak memory 7817 MiB.
2026-10-06T11:41:41Z INFO [695/2500] 75e6bde2-df54-4395-8d11-9d8984a7aa0d: valid; 5.9 s; peak memory 7847 MiB.
2026-10-06T11:41:52Z INFO [696/2500] 75e6e9d7-bb46-4a7c-b0c5-8a0b0f71566a: valid; 11.8 s; peak memory 7875 MiB.
2026-10-06T11:41:54Z INFO [697/2500] 75e70b6d-b3b9-4635-8e61-6f6d5a16c237: valid; 1.2 s; peak memory 7875 MiB.
2026-10-06T11:41:55Z INFO [698/2500] 75e764da-47e7-4408-b39d-a4bc0f55a2f6: not valid; 1.2 s; peak memory 7875 MiB.
2026-10-06T11:41:56Z INFO [699/2500] 75e7bca7-b5a9-47d0-9039-569462f2894e: valid; 1.2 s; peak memory 7875 MiB.
2026-10-06T11:41:58Z INFO [700/2500] 75e7fe84-f126-471d-939f-5dba0e580dce: valid; 1.8 s; peak memory 7875 MiB.
2026-10-06T11:41:59Z INFO [700/2500] 75e7fe84-f126-471d-939f-5dba0e580dce: checkpointed 141710 records.
2026-10-06T11:42:00Z INFO [701/2500] 75e899b8-d5ec-493f-9436-c8a960066c71: valid; 1.1 s; peak memory 7875 MiB.
2026-10-06T11:42:02Z INFO [702/2500] 75e8aa43-3173-48c0-a57b-89fc2dcbb4d6: valid; 1.7 s; peak memory 7875 MiB.
2026-10-06T11:42:04Z INFO [703/2500] 75e8aba7-f2f9-472a-bbd3-efcbe4580186: valid; 1.7 s; peak memory 7875 MiB.
2026-10-06T11:42:06Z INFO [704/2500] 75e93a30-06d1-4377-ac24-e439b70138bf: valid; 2.8 s; peak memory 7875 MiB.
2026-10-06T11:42:08Z INFO [705/2500] 75e9c6ae-5ade-4881-9c5a-3fa955f4fce3: valid; 1.3 s; peak memory 7875 MiB.
2026-10-06T11:42:09Z INFO [706/2500] 75ea224a-9b35-4950-af0d-ee762895b8d6: valid; 1.1 s; peak memory 7875 MiB.
2026-10-06T11:42:10Z INFO [707/2500] 75ea2c12-7784-4f46-9615-56fbb9bbc756: valid; 1.3 s; peak memory 7875 MiB.
2026-10-06T11:42:12Z INFO [708/2500] 75ea85ab-5cfc-43de-bb0e-e73ed858f00e: valid; 1.8 s; peak memory 7875 MiB.
2026-10-06T11:42:13Z INFO [709/2500] 75eb0859-a169-4c4b-ba3f-07df65392153: valid; 1.6 s; peak memory 7875 MiB.
2026-10-06T11:42:17Z INFO [710/2500] 75eb19f1-0fd3-4c3b-b9ae-bedb684c7f7c: valid; 3.3 s; peak memory 7875 MiB.
2026-10-06T11:42:18Z WARNING 75eb1fe0-8605-489f-887b-6b9ac1929a74: failed while opening the NWB file (ConstructError: (root/acquisition/_iblmic_audioSpectrogram/bands GroupBuilder {'attributes': {'colnames': array(['freq'], dtype=object), 'description': 'spectogram frequencies', 'namespace': 'core', 'neurodata_type': 'FrequencyBandsTable', 'object_id': '257186b2-1c38-4290-a663-66e53cd6ce75'}, 'groups': {}, 'datasets': {'freq': root/acquisition/_iblmic_audioSpectrogram/bands/freq DatasetBuilder {'attributes': {'description': 'frequency value', 'namespace': 'hdmf-common', 'neurodata_type': 'VectorData', 'object_id': '2ff0a4be-e41c-4277-b7c1-b67433f0ac99'}, 'data': <HDF5 dataset "freq": shape (257,), type "<f4">}, 'id': root/acquisition/_iblmic_audioSpectrogram/bands/id DatasetBuilder {'attributes': {'namespace': 'hdmf-common', 'neurodata_type': 'ElementIdentifiers', 'object_id': '97c95296-2f1c-4735-97d5-51f20dc5924b'}, 'data': <HDF5 dataset "id": shape (257,), type "<i4">}}, 'links': {}}, "Could not construct FrequencyBandsTable object due to: column must have the same number of rows as 'id'"))
2026-10-06T11:42:19Z INFO [712/2500] 75ec3199-a438-4712-ad86-5ae9e9f117ca: valid; 1.2 s; peak memory 7875 MiB.
2026-10-06T11:42:37Z INFO [713/2500] 75ece51f-b09b-4a32-afd5-6025483dcf32: valid; 17.7 s; peak memory 7875 MiB.
2026-10-06T11:42:38Z INFO [714/2500] 75ed295f-a7ee-468e-96c5-f246792fdbe3: valid; 1.3 s; peak memory 7875 MiB.
2026-10-06T11:42:40Z WARNING 75eddb69-52dc-422d-a951-4f2293508b19: failed while opening the NWB file (ConstructError: (root/acquisition/event_code_meanings GroupBuilder {'attributes': {'colnames': array(['value', 'meaning'], dtype=object), 'description': 'Mapping integer event codes to event labels', 'namespace': 'ndx-events', 'neurodata_type': 'MeaningsTable', 'object_id': '68cb0357-52c0-4c3e-b756-f9e8cef5b48e'}, 'groups': {}, 'datasets': {'id': root/acquisition/event_code_meanings/id DatasetBuilder {'attributes': {'namespace': 'hdmf-common', 'neurodata_type': 'ElementIdentifiers', 'object_id': 'aa45caa6-846c-460b-a09e-1449470d5507'}, 'data': <HDF5 dataset "id": shape (26,), type "<i8">}, 'meaning': root/acquisition/event_code_meanings/meaning DatasetBuilder {'attributes': {'description': 'The meaning of the value in the parent CategoricalVectorData object.', 'namespace': 'hdmf-experimental', 'neurodata_type': 'VectorData', 'object_id': '7b2768da-7753-4f34-957e-c9439288db95'}, 'data': <StrDataset for HDF5 dataset "meaning": shape (26,), type "|O">}, 'value': root/acquisition/event_code_meanings/value DatasetBuilder {'attributes': {'description': 'The value of the parent CategoricalVectorData object.', 'namespace': 'hdmf-experimental', 'neurodata_type': 'VectorData', 'object_id': 'fdc4fa2e-159d-4112-aa08-c766d17a1879'}, 'data': <HDF5 dataset "value": shape (26,), type "<i8">}}, 'links': {}}, "Could not construct MeaningsTable object due to: MeaningsTable.__init__: missing argument 'target'"))
2026-10-06T11:42:41Z INFO [716/2500] 75ee2a64-39d3-4574-8507-1cc79ae20641: valid; 1.0 s; peak memory 7875 MiB.
2026-10-06T11:42:50Z INFO [717/2500] 75ef7646-bbc1-4662-9cae-de22f2b86bc8: valid; 9.0 s; peak memory 7899 MiB.
2026-10-06T11:42:51Z INFO [718/2500] 75ef9e83-6c29-4c86-8e92-8ec0a5a01293: valid; 1.5 s; peak memory 7901 MiB.
2026-10-06T11:42:53Z INFO [719/2500] 75efc83d-bee4-4400-92d4-e1cbc729f312: valid; 1.7 s; peak memory 7903 MiB.
2026-10-06T11:42:55Z INFO [720/2500] 75f03414-e5c5-46f4-9460-d216b724be0b: not valid; 1.7 s; peak memory 7903 MiB.
2026-10-06T11:42:56Z INFO [721/2500] 75f08d8f-39ac-4946-afaf-5a17037318e4: valid; 0.9 s; peak memory 7903 MiB.
2026-10-06T11:42:57Z WARNING 75f0f048-0a69-490a-ac8b-9f14e5d0d7e9: failed while opening the NWB file (ConstructError: (root/acquisition/_iblmic_audioSpectrogram/bands GroupBuilder {'attributes': {'colnames': array(['freq'], dtype=object), 'description': 'spectogram frequencies', 'namespace': 'core', 'neurodata_type': 'FrequencyBandsTable', 'object_id': 'f42b1d17-aae5-444d-b979-56233dd67288'}, 'groups': {}, 'datasets': {'freq': root/acquisition/_iblmic_audioSpectrogram/bands/freq DatasetBuilder {'attributes': {'description': 'frequency value', 'namespace': 'hdmf-common', 'neurodata_type': 'VectorData', 'object_id': '0761f5d5-16ff-4d9a-81b0-369b2ad5c820'}, 'data': <HDF5 dataset "freq": shape (257,), type "<f4">}, 'id': root/acquisition/_iblmic_audioSpectrogram/bands/id DatasetBuilder {'attributes': {'namespace': 'hdmf-common', 'neurodata_type': 'ElementIdentifiers', 'object_id': '2ae8e1f2-dbb9-4b4c-83f3-33ee08212551'}, 'data': <HDF5 dataset "id": shape (257,), type "<i4">}}, 'links': {}}, "Could not construct FrequencyBandsTable object due to: column must have the same number of rows as 'id'"))
2026-10-06T11:42:59Z WARNING 75f130ea-8893-4e9b-997d-edbb365779ea: failed while opening the NWB file (ConstructError: (root/acquisition/_iblmic_audioSpectrogram/bands GroupBuilder {'attributes': {'colnames': array(['freq'], dtype=object), 'description': 'spectogram frequencies', 'namespace': 'core', 'neurodata_type': 'FrequencyBandsTable', 'object_id': '8e23f341-944e-424e-a3ae-fd414eea508c'}, 'groups': {}, 'datasets': {'freq': root/acquisition/_iblmic_audioSpectrogram/bands/freq DatasetBuilder {'attributes': {'description': 'frequency value', 'namespace': 'hdmf-common', 'neurodata_type': 'VectorData', 'object_id': '801dabaa-f7bd-4e28-ab39-3044baacbf1b'}, 'data': <HDF5 dataset "freq": shape (257,), type "<f4">}, 'id': root/acquisition/_iblmic_audioSpectrogram/bands/id DatasetBuilder {'attributes': {'namespace': 'hdmf-common', 'neurodata_type': 'ElementIdentifiers', 'object_id': 'ff88ee61-c0f0-479f-9521-5e5f0d4d7b4c'}, 'data': <HDF5 dataset "id": shape (257,), type "<i4">}}, 'links': {}}, "Could not construct FrequencyBandsTable object due to: column must have the same number of rows as 'id'"))
2026-10-06T11:43:02Z INFO [724/2500] 75f33b18-8d25-4887-ac57-7ee3a8282037: not valid; 3.3 s; peak memory 7903 MiB.
2026-10-06T11:43:03Z INFO [725/2500] 75f35dd8-13ef-4f99-811b-0d4acffd2bf6: not valid; 1.2 s; peak memory 7903 MiB.
2026-10-06T11:43:11Z INFO [726/2500] 75f36ccd-f7ef-4a47-b6d7-5e431fcbdd54: valid; 7.3 s; peak memory 7925 MiB.
2026-10-06T11:43:13Z INFO [727/2500] 75f37a72-fb2c-4de0-a554-4a7e8463e8a6: valid; 1.9 s; peak memory 7927 MiB.
2026-10-06T11:43:14Z INFO [728/2500] 75f4165a-3e64-4e0f-bc6b-361443612990: valid; 1.8 s; peak memory 7927 MiB.
2026-10-06T11:43:16Z INFO [729/2500] 75f48d0f-e147-46f5-af03-c469c98d7a16: not valid; 1.4 s; peak memory 7927 MiB.
2026-10-06T11:43:18Z INFO [730/2500] 75f4ea2d-9ba6-4274-908b-a759be4fe48c: valid; 2.0 s; peak memory 7927 MiB.
2026-10-06T11:43:20Z INFO [731/2500] 75f527b2-727e-4150-b2f0-851bf86cc04a: valid; 2.2 s; peak memory 7927 MiB.
2026-10-06T11:43:27Z INFO [732/2500] 75f587b1-a2e2-42b2-9d97-1f8c9eae5308: valid; 7.3 s; peak memory 8086 MiB.
2026-10-06T11:43:29Z INFO [733/2500] 75f5c10d-7945-4578-8b93-6734febd41a8: not valid; 1.4 s; peak memory 8086 MiB.
2026-10-06T11:43:30Z INFO [734/2500] 75f63869-1186-49cd-aa48-fcd96fc2e2cb: valid; 1.7 s; peak memory 8086 MiB.
2026-10-06T11:43:32Z INFO [735/2500] 75f68fee-0a97-4bd1-8a6c-b3074699ba9d: valid; 1.8 s; peak memory 8086 MiB.
2026-10-06T11:43:34Z WARNING 75f71316-19b3-4e43-a8bf-7ead66719229: failed while opening the NWB file (ConstructError: (root/acquisition/event_code_meanings GroupBuilder {'attributes': {'colnames': array(['value', 'meaning'], dtype=object), 'description': 'Mapping integer event codes to event labels', 'namespace': 'ndx-events', 'neurodata_type': 'MeaningsTable', 'object_id': 'c76ce8ed-bf21-419a-b3a9-d044a1e7eee7'}, 'groups': {}, 'datasets': {'id': root/acquisition/event_code_meanings/id DatasetBuilder {'attributes': {'namespace': 'hdmf-common', 'neurodata_type': 'ElementIdentifiers', 'object_id': '44b25888-a494-4014-83d6-42d6fee8967f'}, 'data': <HDF5 dataset "id": shape (26,), type "<i8">}, 'meaning': root/acquisition/event_code_meanings/meaning DatasetBuilder {'attributes': {'description': 'The meaning of the value in the parent CategoricalVectorData object.', 'namespace': 'hdmf-experimental', 'neurodata_type': 'VectorData', 'object_id': 'e7f99650-4548-4578-8d79-46cb5d808107'}, 'data': <StrDataset for HDF5 dataset "meaning": shape (26,), type "|O">}, 'value': root/acquisition/event_code_meanings/value DatasetBuilder {'attributes': {'description': 'The value of the parent CategoricalVectorData object.', 'namespace': 'hdmf-experimental', 'neurodata_type': 'VectorData', 'object_id': '636405e3-6f26-4c51-ae1f-91e7f33dfcc4'}, 'data': <HDF5 dataset "value": shape (26,), type "<i8">}}, 'links': {}}, "Could not construct MeaningsTable object due to: MeaningsTable.__init__: missing argument 'target'"))
2026-10-06T11:43:35Z INFO [737/2500] 75f728b7-1409-4277-a2e0-5b7ca036d3ba: not valid; 1.3 s; peak memory 8086 MiB.
2026-10-06T11:43:37Z INFO [738/2500] 75f73075-3b63-43f1-98af-fa1c450fbc59: valid; 1.5 s; peak memory 8086 MiB.
2026-10-06T11:43:44Z INFO [739/2500] 75f78a2f-778a-470b-98d7-bb20ac122ba7: valid; 7.3 s; peak memory 8086 MiB.
2026-10-06T11:43:45Z INFO [740/2500] 75f7cd82-85eb-460c-80e5-ecd2cd25f60b: valid; 1.5 s; peak memory 8086 MiB.
2026-10-06T11:43:47Z INFO [741/2500] 75f7e967-1651-4e63-a86c-f52f570d4200: valid; 1.2 s; peak memory 8086 MiB.
2026-10-06T11:43:49Z INFO [742/2500] 75f7fca1-e27d-40ae-b88e-02bf70080e78: valid; 2.2 s; peak memory 8086 MiB.
2026-10-06T11:43:56Z INFO [743/2500] 75f808c4-601c-41ea-81e6-fd8f5a8f0c1c: valid; 7.5 s; peak memory 8095 MiB.
2026-10-06T11:43:57Z INFO [744/2500] 75f898a4-8426-4009-8358-f3ad85643c6a: not valid; 1.2 s; peak memory 8098 MiB.
2026-10-06T11:44:01Z INFO [745/2500] 75f8caef-e19c-4ccd-a687-b39467e6e022: not valid; 3.0 s; peak memory 8109 MiB.
2026-10-06T11:44:06Z INFO [746/2500] 75f8f540-46ff-4bba-8c21-4860f73bfd21: not valid; 5.0 s; peak memory 8119 MiB.
2026-10-06T11:44:07Z INFO [747/2500] 75fa080f-8e4b-47ab-a466-50d0af96af73: valid; 1.3 s; peak memory 8121 MiB.
2026-10-06T11:44:15Z INFO [748/2500] 75fa6635-22d9-4319-9e90-99608564a3c5: valid; 7.7 s; peak memory 8180 MiB.
2026-10-06T11:44:18Z INFO [749/2500] 75fbbf4c-ee82-47e9-ba81-f8107b65e168: valid; 3.6 s; peak memory 8188 MiB.
2026-10-06T11:44:19Z INFO [750/2500] 75fbbfe5-6035-4d8f-8d44-21f26da78e0f: not valid; 1.3 s; peak memory 8193 MiB.
2026-10-06T11:44:21Z INFO [750/2500] 75fbbfe5-6035-4d8f-8d44-21f26da78e0f: checkpointed 141760 records.
2026-10-06T11:44:22Z INFO [751/2500] 75fbcba4-b961-48c0-9f60-abd9329f2345: valid; 1.1 s; peak memory 8195 MiB.
2026-10-06T11:44:26Z INFO [752/2500] 75fc14d7-ed80-4968-8267-2ff131a562b6: not valid; 4.1 s; peak memory 8210 MiB.
2026-10-06T11:44:28Z INFO [753/2500] 75fc9b78-0def-4d2f-beee-f3a5bfb9d953: valid; 2.1 s; peak memory 8210 MiB.
2026-10-06T11:44:31Z INFO [754/2500] 75fcf3a3-5cb1-42d8-a6d4-53de7d743757: valid; 2.5 s; peak memory 8210 MiB.
2026-10-06T11:44:32Z INFO [755/2500] 75fd650f-852a-44ff-9c38-57ed950c2221: valid; 1.3 s; peak memory 8210 MiB.
2026-10-06T11:44:33Z INFO [756/2500] 75fe1975-c713-4710-a625-4606c4a56071: not valid; 1.6 s; peak memory 8210 MiB.
2026-10-06T11:44:35Z INFO [757/2500] 75fe4b84-4337-4031-8979-acf8bcf52012: not valid; 1.6 s; peak memory 8210 MiB.
2026-10-06T11:44:36Z INFO [758/2500] 75fe63c2-fe61-4483-9119-33028ba12c34: valid; 1.4 s; peak memory 8210 MiB.
2026-10-06T11:44:37Z INFO [759/2500] 75feab94-8433-4187-81dc-b6a759a125e8: valid; 1.1 s; peak memory 8210 MiB.
2026-10-06T11:44:41Z INFO [760/2500] 75fecad2-6f92-49bf-83bf-b761c941044d: valid; 3.5 s; peak memory 8210 MiB.
2026-10-06T11:44:52Z INFO [761/2500] 75ff18a0-25bf-4a71-93c8-e5a8149bedf3: valid; 11.2 s; peak memory 8214 MiB.
2026-10-06T11:44:53Z INFO [762/2500] 75ff1b26-0573-47b0-914a-7eb71c59df94: valid; 1.3 s; peak memory 8214 MiB.
2026-10-06T11:44:55Z INFO [763/2500] 75ff7e88-d7c9-4368-93d7-ae5a9f3a11c6: not valid; 1.8 s; peak memory 8218 MiB.
2026-10-06T11:44:57Z INFO [764/2500] 75ff880e-814a-4760-beb1-d0d487137935: valid; 1.5 s; peak memory 8218 MiB.
2026-10-06T11:44:59Z INFO [765/2500] 76012498-e0ae-48b5-8b8e-58112e3c55a8: not valid; 2.1 s; peak memory 8219 MiB.
2026-10-06T11:45:00Z INFO [766/2500] 76014185-7d0f-4cd9-8a51-8118ae540c45: valid; 1.0 s; peak memory 8219 MiB.
2026-10-06T11:45:02Z INFO [767/2500] 7601735f-5b0c-4d2e-938f-53f131953fbf: valid; 1.7 s; peak memory 8219 MiB.
2026-10-06T11:45:03Z INFO [768/2500] 76017383-af77-49c4-bf23-436167c81398: valid; 1.6 s; peak memory 8219 MiB.
2026-10-06T11:45:05Z INFO [769/2500] 76018d65-db50-4bbc-8e76-e6ebf79d10b0: valid; 1.6 s; peak memory 8219 MiB.
2026-10-06T11:45:08Z INFO [770/2500] 7601d53b-bcd0-4c68-9dbc-78750636f963: not valid; 3.2 s; peak memory 8223 MiB.
2026-10-06T11:46:32Z INFO [771/2500] 7601f18d-c32a-4448-8dbf-b6e8ef46eac0: not valid; 83.8 s; peak memory 8824 MiB.
2026-10-06T11:46:33Z INFO [772/2500] 76027cde-7cba-4090-85e9-156f43d1ae34: valid; 1.7 s; peak memory 8824 MiB.
2026-10-06T11:46:35Z INFO [773/2500] 76027d0b-5668-4f93-9dd1-9c00ef2ae853: valid; 2.2 s; peak memory 8824 MiB.
2026-10-06T11:46:38Z INFO [774/2500] 7602889c-3c1b-467c-b694-40e85ed4eb0b: valid; 2.6 s; peak memory 8825 MiB.
2026-10-06T11:46:48Z INFO [775/2500] 76034a05-1e93-42e5-86f6-2da2b94383b0: not valid; 9.6 s; peak memory 8871 MiB.
2026-10-06T11:46:49Z INFO [776/2500] 76035a92-5407-449b-ace6-7b70dd053f37: valid; 1.3 s; peak memory 8871 MiB.
2026-10-06T11:46:52Z INFO [777/2500] 7604df33-40c1-44a1-bb35-cf225b30eaec: valid; 2.6 s; peak memory 8871 MiB.
2026-10-06T11:46:54Z INFO [778/2500] 760639f0-a440-4e6f-90a6-8481d56d29dd: not valid; 2.1 s; peak memory 8871 MiB.
2026-10-06T11:46:55Z INFO [779/2500] 76076372-e694-4873-89ad-f1984092dbae: valid; 1.2 s; peak memory 8871 MiB.
2026-10-06T11:46:56Z INFO [780/2500] 7608bead-815a-4c77-957b-fefb0cbb0b64: valid; 1.2 s; peak memory 8871 MiB.
2026-10-06T11:46:58Z INFO [781/2500] 7608ef28-1798-48a0-8573-bd2734f9fe8a: valid; 1.9 s; peak memory 8871 MiB.
2026-10-06T11:47:00Z INFO [782/2500] 7609b874-48da-40ac-b594-7acc65f5d6e8: valid; 1.8 s; peak memory 8871 MiB.
2026-10-06T11:47:01Z INFO [783/2500] 760a8e0d-6717-48f6-9503-76e1c330ae60: valid; 1.3 s; peak memory 8871 MiB.
2026-10-06T11:47:02Z INFO [784/2500] 760aab91-db1c-495d-bb01-377a5b7758b2: valid; 1.5 s; peak memory 8871 MiB.
2026-10-06T11:47:04Z INFO [785/2500] 760b2670-a9fe-40a5-bf22-5934e5c8baba: valid; 1.2 s; peak memory 8871 MiB.
2026-10-06T11:47:05Z INFO [786/2500] 760b7c12-2960-4468-aaa5-bc383b8cbb47: valid; 1.3 s; peak memory 8871 MiB.
2026-10-06T11:47:06Z INFO [787/2500] 760c4dc5-d5a5-405f-8f92-df79eed7648a: valid; 0.8 s; peak memory 8871 MiB.
2026-10-06T11:47:07Z INFO [788/2500] 760c71d0-2f89-451b-af08-3ee91ca75529: valid; 1.6 s; peak memory 8871 MiB.
2026-10-06T11:47:09Z INFO [789/2500] 760d0e3d-a015-4c0a-970c-02356c180d03: valid; 1.1 s; peak memory 8871 MiB.
2026-10-06T11:47:17Z INFO [790/2500] 760d1049-bc54-49a3-b9e6-c73543aa256f: valid; 8.4 s; peak memory 8890 MiB.
2026-10-06T11:47:20Z INFO [791/2500] 760e8f1c-0dc4-4483-8e90-e03b82683543: not valid; 3.4 s; peak memory 8895 MiB.
2026-10-06T11:47:24Z INFO [792/2500] 760e9d4b-64d6-45e6-8adb-d7d650940401: not valid; 3.6 s; peak memory 8900 MiB.
2026-10-06T11:47:25Z INFO [793/2500] 760f807f-d865-4b65-bc02-a55b47435ddf: valid; 1.1 s; peak memory 8900 MiB.
2026-10-06T11:47:32Z INFO [794/2500] 760fe107-3a9f-428a-bbdc-fa4ef7721d83: valid; 6.6 s; peak memory 8962 MiB.
2026-10-06T11:47:33Z INFO [795/2500] 760ff8a6-a7b4-42ec-a7c0-74d49fa35f61: valid; 1.7 s; peak memory 8962 MiB.
2026-10-06T11:47:35Z INFO [796/2500] 7611ed3f-296a-480a-a750-7dc2e985bc6c: valid; 1.7 s; peak memory 8962 MiB.
2026-10-06T11:47:37Z INFO [797/2500] 761219b6-5e4c-44e3-af6d-e08e6ccfbdc1: valid; 1.5 s; peak memory 8962 MiB.
2026-10-06T11:47:38Z INFO [798/2500] 76127dcd-0fda-4967-808e-25c578afc8ce: valid; 1.3 s; peak memory 8962 MiB.
2026-10-06T11:47:40Z INFO [799/2500] 761298c8-2987-48bc-89b8-fa2dc9c7c8c5: valid; 2.2 s; peak memory 8967 MiB.
2026-10-06T11:47:42Z INFO [800/2500] 7612aa04-4ae7-48dc-9cd0-8d6d5932e259: valid; 2.2 s; peak memory 8977 MiB.
2026-10-06T11:47:43Z INFO [800/2500] 7612aa04-4ae7-48dc-9cd0-8d6d5932e259: checkpointed 141810 records.
2026-10-06T11:47:45Z INFO [801/2500] 761329c5-8b23-45b3-a0aa-5931fa76c0a7: valid; 1.6 s; peak memory 8989 MiB.
2026-10-06T11:47:47Z INFO [802/2500] 7613d013-83ac-4742-a397-9faa65de39a9: valid; 2.4 s; peak memory 8991 MiB.
2026-10-06T11:47:48Z INFO [803/2500] 7614df17-92a6-457e-a0ef-2d107ab6ef1c: valid; 1.1 s; peak memory 8991 MiB.
2026-10-06T11:47:59Z INFO [804/2500] 76150fd0-407f-4529-8422-4692272bcb44: valid; 10.2 s; peak memory 8992 MiB.
2026-10-06T11:48:00Z INFO [805/2500] 76168a6f-4d50-4d43-9cfa-be085d0afb35: valid; 1.3 s; peak memory 8992 MiB.
2026-10-06T11:48:01Z INFO [806/2500] 7617d3b5-ba23-482e-9053-fffb532511cf: valid; 1.2 s; peak memory 8992 MiB.
2026-10-06T11:48:03Z INFO [807/2500] 7618157d-0481-4cf2-97d0-793bc4e01343: valid; 1.7 s; peak memory 8992 MiB.
2026-10-06T11:48:08Z INFO [808/2500] 7618954c-02b5-48e6-a92e-47959443c5c4: not valid; 5.1 s; peak memory 8992 MiB.
2026-10-06T11:48:09Z INFO [809/2500] 7618ddf2-3965-4c89-bed8-7a1b3789b636: valid; 1.6 s; peak memory 8992 MiB.
2026-10-06T11:48:11Z INFO [810/2500] 7618e4ae-33d1-4ad5-bc1e-d838b1dbda0c: valid; 1.7 s; peak memory 8992 MiB.
2026-10-06T11:48:13Z INFO [811/2500] 76190bfe-b9d8-4392-978f-1d8cf443b5f6: not valid; 1.4 s; peak memory 8993 MiB.
2026-10-06T11:48:14Z INFO [812/2500] 76195f1d-1f83-4e2d-a7ae-cb379e27cc10: valid; 1.5 s; peak memory 8996 MiB.
2026-10-06T11:48:24Z INFO [813/2500] 7619985a-3557-45f7-893b-d1770a1ebb05: valid; 9.8 s; peak memory 9050 MiB.
2026-10-06T11:48:27Z INFO [814/2500] 761a1905-98bf-41a3-bb4e-a3c3493b1a1c: valid; 3.4 s; peak memory 9054 MiB.
2026-10-06T11:48:28Z INFO [815/2500] 761aaaa4-ce33-4703-96b6-4f7f53840510: valid; 1.0 s; peak memory 9054 MiB.
2026-10-06T11:48:35Z INFO [816/2500] 761b39f7-8b5d-4029-a857-5f70afee6111: valid; 6.9 s; peak memory 9054 MiB.
2026-10-06T11:48:38Z INFO [817/2500] 761b7201-2915-4cd7-a71b-007b423b63b5: valid; 3.1 s; peak memory 9054 MiB.
2026-10-06T11:48:40Z INFO [818/2500] 761c12d4-7433-46d7-a011-92a980601ac2: valid; 1.7 s; peak memory 9054 MiB.
2026-10-06T11:48:42Z INFO [819/2500] 761c13a8-6188-4f89-ab5b-9fe3635b1ee4: valid; 1.8 s; peak memory 9054 MiB.
2026-10-06T11:48:43Z INFO [820/2500] 761c9b07-9e8b-4d68-8c93-2b569e67af0e: valid; 1.5 s; peak memory 9054 MiB.
2026-10-06T11:48:48Z INFO [821/2500] 761d6938-ab24-4a74-883f-0b9ea334f637: valid; 5.0 s; peak memory 9054 MiB.
2026-10-06T11:48:50Z INFO [822/2500] 761e1dd1-bd09-4b12-bd23-5b945f92a561: not valid; 1.3 s; peak memory 9054 MiB.
2026-10-06T11:48:51Z INFO [823/2500] 761e47da-80e7-418b-89ad-fcda9b794a2b: valid; 1.1 s; peak memory 9054 MiB.
2026-10-06T11:48:52Z INFO [824/2500] 761e632c-a1a9-4070-9f1b-a2f01c3f847e: valid; 1.5 s; peak memory 9054 MiB.
2026-10-06T11:48:57Z INFO [825/2500] 761ef2ae-2c40-457c-9459-806aad9594aa: valid; 5.1 s; peak memory 9054 MiB.
2026-10-06T11:49:10Z INFO [826/2500] 761f3712-2e35-4e62-b78b-bbd5b572a351: valid; 12.6 s; peak memory 9195 MiB.
2026-10-06T11:49:12Z INFO [827/2500] 761f5fa5-8982-4144-a540-5aa5ec6aa1ec: valid; 2.3 s; peak memory 9195 MiB.
2026-10-06T11:49:13Z INFO [828/2500] 761f9303-e8ca-4d51-885b-0dfbb9c0fdc8: valid; 1.0 s; peak memory 9195 MiB.
2026-10-06T11:49:14Z INFO [829/2500] 761fbab2-4102-4288-9a6e-7e1382788c88: not valid; 0.9 s; peak memory 9195 MiB.
2026-10-06T11:49:15Z INFO [830/2500] 76205a6d-3a60-40fb-99fc-f2d4f193db59: not valid; 1.3 s; peak memory 9195 MiB.
2026-10-06T11:49:16Z INFO [831/2500] 7620d410-7212-4e8f-8f12-48ffcaa0857b: valid; 1.1 s; peak memory 9195 MiB.
2026-10-06T11:49:18Z INFO [832/2500] 7620e815-303b-4438-a25a-ce6aa3a010ec: valid; 1.2 s; peak memory 9195 MiB.
2026-10-06T11:49:20Z INFO [833/2500] 762176fb-507f-4469-a208-efafa6425ea8: valid; 1.9 s; peak memory 9195 MiB.
2026-10-06T11:49:21Z INFO [834/2500] 7622200d-ebc2-4498-bf1a-c7fa8f330e6a: valid; 1.4 s; peak memory 9195 MiB.
2026-10-06T11:49:22Z INFO [835/2500] 7622dd20-ae33-45e8-a8ff-26103bc40df6: valid; 1.2 s; peak memory 9195 MiB.
2026-10-06T11:49:26Z INFO [836/2500] 7622fcc9-503b-4ede-8b9b-26fadfe82c89: not valid; 3.4 s; peak memory 9195 MiB.
2026-10-06T11:49:33Z INFO [837/2500] 762312ab-48c7-4796-8a38-a1bf37e89c15: valid; 7.0 s; peak memory 9195 MiB.
2026-10-06T11:49:34Z WARNING 76231b99-58e8-4fbd-8dbe-66e2483734bc: failed while opening the NWB file (ConstructError: (root/acquisition/_iblmic_audioSpectrogram/bands GroupBuilder {'attributes': {'colnames': array(['freq'], dtype=object), 'description': 'spectogram frequencies', 'namespace': 'core', 'neurodata_type': 'FrequencyBandsTable', 'object_id': '39c31b15-8329-4906-9043-14ee4a2877b5'}, 'groups': {}, 'datasets': {'freq': root/acquisition/_iblmic_audioSpectrogram/bands/freq DatasetBuilder {'attributes': {'description': 'frequency value', 'namespace': 'hdmf-common', 'neurodata_type': 'VectorData', 'object_id': 'f743199e-50d5-4883-8c32-a01f01f1cc92'}, 'data': <HDF5 dataset "freq": shape (257,), type "<f4">}, 'id': root/acquisition/_iblmic_audioSpectrogram/bands/id DatasetBuilder {'attributes': {'namespace': 'hdmf-common', 'neurodata_type': 'ElementIdentifiers', 'object_id': 'd20500be-811c-4f68-a27f-dce4a59420c4'}, 'data': <HDF5 dataset "id": shape (257,), type "<i4">}}, 'links': {}}, "Could not construct FrequencyBandsTable object due to: column must have the same number of rows as 'id'"))
2026-10-06T11:49:39Z INFO [839/2500] 762396d3-d910-43a9-b238-659120fc9d1d: valid; 4.8 s; peak memory 9195 MiB.
2026-10-06T11:49:40Z INFO [840/2500] 76250496-428e-4a7d-864d-b717982242a0: valid; 1.1 s; peak memory 9195 MiB.
2026-10-06T11:51:24Z INFO [841/2500] 7625a9ed-7ea0-4d12-8a6d-d3c6379f4688: valid; 103.7 s; peak memory 9450 MiB.
2026-10-06T11:51:26Z INFO [842/2500] 76263024-a2a2-425d-9233-af4974c6cb26: valid; 2.4 s; peak memory 9450 MiB.
2026-10-06T11:51:38Z INFO [843/2500] 76263a08-3e93-4f71-bcf2-2af378c4bf83: valid; 11.5 s; peak memory 9450 MiB.
2026-10-06T11:51:39Z INFO [844/2500] 762663e4-34f3-4b1e-987c-b10da53c2f70: valid; 1.2 s; peak memory 9450 MiB.
2026-10-06T11:52:53Z INFO [845/2500] 7626ba5b-bc98-47da-95b1-1627758f6eef: valid; 73.9 s; peak memory 9682 MiB.
2026-10-06T11:52:55Z INFO [846/2500] 7626d48a-f5c6-469e-acdc-21aacaa97586: valid; 1.9 s; peak memory 9682 MiB.
2026-10-06T11:52:58Z INFO [847/2500] 76275bd9-0687-4754-ab9c-9f48e1d2a0e6: valid; 3.4 s; peak memory 9682 MiB.
2026-10-06T11:53:05Z INFO [848/2500] 76278590-6833-4475-980f-3493846c45d8: valid; 7.0 s; peak memory 9682 MiB.
2026-10-06T11:53:08Z INFO [849/2500] 7628279d-34f6-40e8-a459-62192c117b8b: not valid; 3.1 s; peak memory 9682 MiB.
2026-10-06T11:53:09Z INFO [850/2500] 7628b159-d993-47d9-bba8-18992551490d: valid; 1.3 s; peak memory 9682 MiB.
2026-10-06T11:53:10Z INFO [850/2500] 7628b159-d993-47d9-bba8-18992551490d: checkpointed 141860 records.
2026-10-06T11:53:12Z INFO [851/2500] 7628c73c-cfc9-4754-9991-10507f643773: not valid; 1.2 s; peak memory 9682 MiB.
2026-10-06T11:53:13Z INFO [852/2500] 7628de1d-d5bf-4ae6-a6ed-8da6121156c8: valid; 1.2 s; peak memory 9682 MiB.
2026-10-06T11:53:17Z INFO [853/2500] 762932a2-4d1a-41cb-9938-2c3f1891cb05: valid; 3.9 s; peak memory 9682 MiB.
2026-10-06T11:53:18Z INFO [854/2500] 76293601-0302-4946-8e65-c5f4ee003fcd: valid; 1.4 s; peak memory 9682 MiB.
2026-10-06T11:53:24Z INFO [855/2500] 7629434f-12d6-4d62-b197-3600dd4bc183: valid; 5.9 s; peak memory 9682 MiB.
2026-10-06T11:53:25Z INFO [856/2500] 7629d367-0b75-4932-806b-7d862c0ab01c: valid; 1.0 s; peak memory 9682 MiB.
2026-10-06T11:53:27Z INFO [857/2500] 7629ece7-71bc-4b20-8335-dfe22efa2db6: not valid; 1.5 s; peak memory 9682 MiB.
2026-10-06T11:53:28Z INFO [858/2500] 7629fc77-80b7-4e5f-94be-5791ae1b1c3c: valid; 1.2 s; peak memory 9682 MiB.
2026-10-06T11:53:29Z INFO [859/2500] 762aac15-b019-44bb-8cd8-7c8933e865a5: valid; 1.5 s; peak memory 9682 MiB.
2026-10-06T11:53:31Z INFO [860/2500] 762b1f55-6bdb-4903-970d-37af9e841d21: valid; 1.9 s; peak memory 9682 MiB.
2026-10-06T11:53:41Z INFO [861/2500] 762b3203-2516-4b58-b853-45b2cd0ef24b: valid; 9.8 s; peak memory 9781 MiB.
2026-10-06T11:53:43Z INFO [862/2500] 762b51cc-5a98-403b-a765-41f667b5ca3e: valid; 2.0 s; peak memory 9781 MiB.
2026-10-06T11:53:51Z INFO [863/2500] 762b6965-accd-4454-b180-8b118dfffceb: valid; 8.3 s; peak memory 9781 MiB.
2026-10-06T11:53:56Z INFO [864/2500] 762b8352-6ba3-4512-8232-2c7f1f34c1a7: valid; 5.3 s; peak memory 9844 MiB.
2026-10-06T11:54:01Z INFO [865/2500] 762b83a9-6226-47c8-b8dd-890729e145b9: valid; 4.5 s; peak memory 9844 MiB.
2026-10-06T11:54:03Z INFO [866/2500] 762c0f1f-d7be-4ab9-8254-a99c60ae884c: valid; 2.0 s; peak memory 9844 MiB.
2026-10-06T11:54:04Z INFO [867/2500] 762c9a6d-70f8-45a5-9146-e4178d94fb3e: not valid; 1.5 s; peak memory 9844 MiB.
2026-10-06T11:54:06Z INFO [868/2500] 762d13a0-0bd5-428d-be6f-c2e6ad2d048a: valid; 2.0 s; peak memory 9844 MiB.
2026-10-06T11:54:08Z INFO [869/2500] 762d1454-a89f-4939-8a3f-7896c2244be6: valid; 1.5 s; peak memory 9844 MiB.
2026-10-06T11:54:10Z INFO [870/2500] 76303af1-b0e8-4630-94ad-9cdf6340c931: valid; 2.0 s; peak memory 9844 MiB.
2026-10-06T11:54:12Z INFO [871/2500] 76305766-0594-412f-adc8-bb43c363f835: valid; 1.8 s; peak memory 9844 MiB.
2026-10-06T11:54:13Z INFO [872/2500] 7630ff93-adba-4951-9608-fa47664fa256: valid; 1.0 s; peak memory 9844 MiB.
2026-10-06T11:54:14Z INFO [873/2500] 76310aab-684f-432d-8198-918b06614c03: valid; 1.1 s; peak memory 9844 MiB.
2026-10-06T11:54:15Z INFO [874/2500] 76317065-d3ec-495a-9b16-1a2a36621110: not valid; 1.3 s; peak memory 9844 MiB.
2026-10-06T11:54:17Z INFO [875/2500] 76317ef2-b429-4fc5-8b4c-448da1c74729: valid; 1.6 s; peak memory 9844 MiB.
2026-10-06T11:54:36Z INFO [876/2500] 7631addf-a1bc-4983-8ea6-b5b3bec4211a: valid; 19.0 s; peak memory 9895 MiB.
2026-10-06T11:54:37Z INFO [877/2500] 76327e96-2f73-447f-9e69-3881086e4487: valid; 1.3 s; peak memory 9895 MiB.
2026-10-06T11:54:38Z INFO [878/2500] 7632ac5c-c33d-4a9e-8460-be4750b42425: valid; 0.9 s; peak memory 9895 MiB.
2026-10-06T11:54:41Z INFO [879/2500] 76331f12-a4d1-47ac-8d19-c3244b30f6df: valid; 2.6 s; peak memory 9897 MiB.
2026-10-06T11:54:44Z INFO [880/2500] 7633804e-eda0-4b50-909c-533eb225439c: not valid; 3.4 s; peak memory 9913 MiB.
2026-10-06T11:54:45Z INFO [881/2500] 7633b33f-a72f-4983-bb7b-0d7849c894d8: not valid; 1.4 s; peak memory 9913 MiB.
2026-10-06T11:54:47Z INFO [882/2500] 76341970-0d83-42bf-913f-7e1663fb5a63: not valid; 1.2 s; peak memory 9913 MiB.
2026-10-06T11:55:00Z INFO [883/2500] 76341f1e-abc1-48ca-b781-283454d82edd: valid; 13.2 s; peak memory 9957 MiB.
2026-10-06T11:55:01Z INFO [884/2500] 7634560b-de01-4362-8ac9-c3e31da002f2: valid; 1.1 s; peak memory 9959 MiB.
2026-10-06T11:55:03Z INFO [885/2500] 763466e8-d515-42fa-ad9c-3f5ea6c1f7bf: valid; 1.8 s; peak memory 9968 MiB.
2026-10-06T11:55:04Z INFO [886/2500] 763497b7-c9cb-48dc-8caa-96f568f36a88: valid; 1.4 s; peak memory 9968 MiB.
2026-10-06T11:55:06Z INFO [887/2500] 7634a46a-caf0-41bf-be82-e7d6c00c3011: valid; 1.8 s; peak memory 9970 MiB.
2026-10-06T11:55:09Z INFO [888/2500] 7634be79-2bbe-4749-8e6a-edb8e743918c: valid; 2.7 s; peak memory 9973 MiB.
2026-10-06T11:55:10Z INFO [889/2500] 7635604f-d3b8-4c4c-aba8-9ae23e75115e: valid; 1.1 s; peak memory 9975 MiB.
2026-10-06T11:55:13Z INFO [890/2500] 7635c881-722e-4b66-821b-7b643ad490a9: valid; 3.9 s; peak memory 9983 MiB.
2026-10-06T11:55:15Z INFO [891/2500] 7635cd1f-5070-4692-a634-76d421c94367: valid; 1.2 s; peak memory 9983 MiB.
2026-10-06T11:55:17Z INFO [892/2500] 76370560-009f-4e17-83d4-dc4ac07fd6e2: valid; 2.5 s; peak memory 9983 MiB.
2026-10-06T11:55:17Z WARNING 7637a486-1a5d-4c65-9be0-f91f8e75a635: failed while retrieving asset information from the DANDI API (NotFoundError: No asset at path 'my_dandiset_upload/091526_Experiment1_EM.nwb' in version draft. Verify the path is correct and the asset exists in this version. Use 'dandi ls' to list available assets.)
2026-10-06T11:55:19Z INFO [894/2500] 763915ec-74b7-49ee-812d-b44bad121f91: valid; 1.9 s; peak memory 9983 MiB.
2026-10-06T11:55:21Z INFO [895/2500] 76396f53-d210-4b3d-90f8-2d64d9321b33: valid; 2.0 s; peak memory 9983 MiB.
2026-10-06T11:55:36Z INFO [896/2500] 763a9451-6eeb-41e8-91ed-55569533e7fd: valid; 14.6 s; peak memory 9983 MiB.
2026-10-06T11:55:38Z INFO [897/2500] 763c2c0f-9f17-40ba-aea8-9c848d191785: not valid; 2.3 s; peak memory 9983 MiB.
2026-10-06T11:55:39Z INFO [898/2500] 763c54ad-6de8-47b1-948d-b0d29f514d6e: valid; 1.2 s; peak memory 9983 MiB.
2026-10-06T11:55:40Z INFO [899/2500] 763cc217-6b13-402c-b8e2-4088d2598623: valid; 1.2 s; peak memory 9983 MiB.
2026-10-06T11:55:43Z INFO [900/2500] 763dcfec-779c-4e9b-b090-e89c30f26f42: valid; 2.4 s; peak memory 9983 MiB.
2026-10-06T11:55:44Z INFO [900/2500] 763dcfec-779c-4e9b-b090-e89c30f26f42: checkpointed 141910 records.
2026-10-06T11:55:46Z INFO [901/2500] 763de3ad-4e6e-4430-aaf2-4dff67cfcdc5: valid; 2.2 s; peak memory 9983 MiB.
2026-10-06T11:55:50Z INFO [902/2500] 763ea749-abb7-4947-8253-910c74ca6e48: valid; 3.9 s; peak memory 9983 MiB.
2026-10-06T11:55:52Z INFO [903/2500] 763ede1a-1b75-408e-909a-188d2f2fdb0a: valid; 2.2 s; peak memory 9983 MiB.
2026-10-06T11:55:54Z INFO [904/2500] 76403c92-ae9f-40d5-b981-eb083d6630ef: not valid; 1.5 s; peak memory 9983 MiB.
2026-10-06T11:55:55Z INFO [905/2500] 76409a83-f5a4-4f12-80ec-76b86eafc002: not valid; 1.5 s; peak memory 9983 MiB.
2026-10-06T11:55:58Z INFO [906/2500] 76409ba9-919d-4cb1-8bc5-f25f52ae5c8d: not valid; 3.2 s; peak memory 9983 MiB.
2026-10-06T11:55:59Z INFO [907/2500] 7640c153-1f6c-47c5-885a-0224d3595ae2: valid; 1.1 s; peak memory 9983 MiB.
2026-10-06T11:56:01Z INFO [908/2500] 7642785d-d905-4154-ab7e-a6490a06337d: valid; 1.2 s; peak memory 9983 MiB.
2026-10-06T11:56:14Z INFO [909/2500] 764289e0-61dc-4455-ab7e-0cd8e4bc4fec: valid; 13.2 s; peak memory 9983 MiB.
2026-10-06T11:56:15Z INFO [910/2500] 7642ef01-edf5-4c2a-a2ed-30ac7ba86649: valid; 0.9 s; peak memory 9983 MiB.
2026-10-06T11:56:18Z INFO [911/2500] 764359cf-6fa8-4060-843f-1123a8deeda5: valid; 2.7 s; peak memory 9983 MiB.
2026-10-06T11:56:20Z INFO [912/2500] 764365d7-d19f-4c98-9b57-98fe350869dc: valid; 2.0 s; peak memory 9983 MiB.
2026-10-06T11:56:23Z INFO [913/2500] 7643c7ea-437e-4e88-8f35-d0ebf6334bb9: not valid; 3.2 s; peak memory 9983 MiB.
2026-10-06T11:56:25Z INFO [914/2500] 7643f48a-1686-45d6-9099-b7becd8748ac: valid; 2.3 s; peak memory 9983 MiB.
2026-10-06T11:56:28Z INFO [915/2500] 7644342b-d770-4d42-8073-a0c35a7f45d9: valid; 3.2 s; peak memory 9983 MiB.
2026-10-06T11:56:31Z INFO [916/2500] 7644be24-9cfb-4738-8fee-4860d8d300ed: valid; 2.8 s; peak memory 9983 MiB.
2026-10-06T11:56:33Z INFO [917/2500] 7644c989-b7f6-4b4a-9297-8fc9d62c0623: not valid; 1.4 s; peak memory 9983 MiB.
2026-10-06T11:56:38Z INFO [918/2500] 7644d734-d091-431c-bd2f-4e7e3c644151: valid; 5.9 s; peak memory 9983 MiB.
2026-10-06T11:56:41Z INFO [919/2500] 7645173b-e9ea-41cd-a4a1-8ce9970a16d3: valid; 2.7 s; peak memory 9983 MiB.
2026-10-06T11:56:42Z INFO [920/2500] 7645677d-2a63-42ea-848b-af3254839f6c: valid; 1.1 s; peak memory 9983 MiB.
2026-10-06T11:56:43Z INFO [921/2500] 7645bd4a-26e0-4eb6-84d6-333246baaaa0: valid; 1.1 s; peak memory 9983 MiB.
2026-10-06T11:56:46Z INFO [922/2500] 76463702-5a02-4b10-b9de-388b8a85abb0: not valid; 3.2 s; peak memory 9983 MiB.
2026-10-06T11:56:47Z INFO [923/2500] 7646e981-24c9-44ba-a815-47fb29b6662f: valid; 0.9 s; peak memory 9983 MiB.
2026-10-06T11:56:49Z INFO [924/2500] 7647c4f2-4543-41b9-b093-14560b0ffed1: valid; 1.2 s; peak memory 9983 MiB.
2026-10-06T11:56:58Z INFO [925/2500] 76481755-f8d5-4ac8-8023-fb7a283db0ad: valid; 9.3 s; peak memory 9983 MiB.
2026-10-06T11:57:00Z INFO [926/2500] 7648ed47-3eea-4f6a-84d7-c782208a63c2: valid; 2.1 s; peak memory 9983 MiB.
2026-10-06T11:57:07Z INFO [927/2500] 7648f8b2-c945-43ba-8abf-b32e43a8b343: valid; 6.6 s; peak memory 9983 MiB.
2026-10-06T11:57:08Z INFO [928/2500] 76491b69-4fdb-42ea-b8ca-90ba81dc5f16: valid; 1.7 s; peak memory 9983 MiB.
2026-10-06T11:57:10Z INFO [929/2500] 76491d05-2c47-40dc-947b-a29736dec7b6: not valid; 1.9 s; peak memory 9983 MiB.
2026-10-06T11:57:11Z INFO [930/2500] 76498ba3-b383-4f59-a808-7bae246b5201: valid; 1.2 s; peak memory 9983 MiB.
2026-10-06T11:57:27Z INFO [931/2500] 7649a17b-8152-45b4-9059-00380f8ed0ec: not valid; 15.3 s; peak memory 9983 MiB.
2026-10-06T11:58:12Z INFO [932/2500] 764a244d-4d2e-456f-adfd-6a3e2d3d4bdc: valid; 45.0 s; peak memory 9983 MiB.
2026-10-06T11:58:13Z INFO [933/2500] 764a5b31-b01f-4c32-bde7-2bb745cf6c76: valid; 1.7 s; peak memory 9983 MiB.
2026-10-06T11:58:15Z INFO [934/2500] 764ad7d8-6ed1-4b35-923e-5d4a85e2d353: valid; 2.0 s; peak memory 9983 MiB.
2026-10-06T11:58:17Z INFO [935/2500] 764b1fae-425c-4c52-9bf4-64ac4ad2d964: valid; 1.8 s; peak memory 9983 MiB.
2026-10-06T11:58:19Z INFO [936/2500] 764b2256-74d3-4ed7-a4ca-aea142650f7c: valid; 1.9 s; peak memory 9983 MiB.
2026-10-06T11:58:21Z INFO [937/2500] 764b629e-e6eb-4658-8f0a-b3afb4622a82: valid; 2.0 s; peak memory 9983 MiB.
2026-10-06T11:58:25Z INFO [938/2500] 764c8200-07c3-4790-a299-1c267d583aca: valid; 3.9 s; peak memory 9983 MiB.
2026-10-06T11:58:34Z INFO [939/2500] 764d9196-6aa9-4896-a728-018cb0147eab: not valid; 8.8 s; peak memory 9983 MiB.
2026-10-06T11:58:35Z INFO [940/2500] 764d91c1-fd0f-4caf-9871-585220f81961: valid; 1.1 s; peak memory 9983 MiB.
2026-10-06T11:58:36Z INFO [941/2500] 764de754-f7dd-41ba-bff1-7e8208ecfed4: valid; 1.4 s; peak memory 9983 MiB.
2026-10-06T11:58:48Z INFO [942/2500] 764e4dfd-1112-42e6-b41b-c442669ebf25: valid; 12.1 s; peak memory 9983 MiB.
2026-10-06T11:58:51Z INFO [943/2500] 764eca10-4a71-4282-bc24-3c0452378d21: valid; 2.1 s; peak memory 9983 MiB.
2026-10-06T11:58:52Z INFO [944/2500] 764f302d-0569-48c2-a72f-fee2f9062f0f: valid; 1.9 s; peak memory 9983 MiB.
2026-10-06T11:58:55Z INFO [945/2500] 764fa62d-bf64-444c-8af5-46f8c8383dbc: valid; 2.3 s; peak memory 9983 MiB.
2026-10-06T11:58:57Z INFO [946/2500] 764fadb5-4bb8-4168-9bb5-93890c37f618: valid; 1.7 s; peak memory 9983 MiB.
2026-10-06T11:58:59Z INFO [947/2500] 764fbcd9-634c-4f8c-8d7a-04e8045c9530: valid; 2.7 s; peak memory 9983 MiB.
2026-10-06T11:59:00Z INFO [948/2500] 76502bc1-421c-4e32-96d0-4dd418cec068: valid; 1.2 s; peak memory 9983 MiB.
2026-10-06T11:59:04Z INFO [949/2500] 76514a87-d822-45fc-96e8-58a214103fbd: valid; 3.4 s; peak memory 9983 MiB.
2026-10-06T11:59:06Z INFO [950/2500] 76518747-68f8-40a9-9299-ba77c4710c9d: valid; 2.2 s; peak memory 9983 MiB.
2026-10-06T11:59:07Z INFO [950/2500] 76518747-68f8-40a9-9299-ba77c4710c9d: checkpointed 141960 records.
2026-10-06T11:59:08Z INFO [951/2500] 7652b232-b359-4dbb-9334-bd23cf50d7d2: not valid; 1.4 s; peak memory 9983 MiB.
2026-10-06T11:59:10Z INFO [952/2500] 76532c29-bfa8-49fe-b858-7be8418215ba: valid; 1.6 s; peak memory 9983 MiB.
2026-10-06T11:59:13Z INFO [953/2500] 76535630-5742-4648-8cc4-f6c365f805f1: valid; 3.1 s; peak memory 9983 MiB.
2026-10-06T11:59:15Z INFO [954/2500] 7653998b-810c-48ea-99ac-c0cc7639d5c6: valid; 2.3 s; peak memory 9983 MiB.
2026-10-06T11:59:17Z INFO [955/2500] 7653d71d-abbe-4f3b-ba6d-dcef713d7ce9: valid; 1.9 s; peak memory 9983 MiB.
2026-10-06T11:59:19Z INFO [956/2500] 7655547b-e0a6-4c8a-9bda-aff351063394: valid; 1.2 s; peak memory 9983 MiB.
2026-10-06T11:59:21Z INFO [957/2500] 76558a47-bdbb-45dd-b731-195c9b7a3e46: valid; 2.1 s; peak memory 9983 MiB.
2026-10-06T11:59:30Z INFO [958/2500] 76562bf2-b59b-4f27-98cc-115fc638c9d6: valid; 9.1 s; peak memory 9983 MiB.
2026-10-06T11:59:31Z INFO [959/2500] 76576a4b-0a3f-43b3-ba93-4c3098cbca8d: valid; 1.1 s; peak memory 9983 MiB.
2026-10-06T11:59:32Z INFO [960/2500] 7657aa6b-fd77-40b4-bdbd-d529c421f56b: valid; 1.3 s; peak memory 9983 MiB.
2026-10-06T11:59:35Z INFO [961/2500] 765963cc-3139-4ea8-afc8-4507c9a796e1: valid; 2.7 s; peak memory 9983 MiB.
2026-10-06T11:59:37Z INFO [962/2500] 7659b673-d42d-419e-97cf-f26d3e228e26: valid; 1.6 s; peak memory 9983 MiB.
2026-10-06T11:59:38Z WARNING 765a67e1-ecfe-4aff-b945-dff24ba529d8: failed while opening the NWB file (ValueError: Cannot resolve included group spec 'electrodes' with data_type_inc 'ElectrodesTable' because a group spec with the same name already exists with data_type_inc 'DynamicTable', and data type 'DynamicTable' is not a child type of data type 'ElectrodesTable'.)
2026-10-06T11:59:39Z INFO [964/2500] 765b8e66-8119-4ec3-b989-08a2ba93b57d: not valid; 1.3 s; peak memory 9983 MiB.
2026-10-06T11:59:40Z INFO [965/2500] 765be44b-12da-4eb0-a01b-27fd0e684a43: valid; 1.1 s; peak memory 9983 MiB.
2026-10-06T11:59:40Z WARNING 765c1f8e-9877-4bb1-bdf1-5c52843047d8: failed while retrieving asset information from the DANDI API (NotFoundError: No asset at path 'sub-719667/sub-719667_ses-1333741475_probe-2_ecephys.nwb' in version 0.250311.2145. Verify the path is correct and the asset exists in this version. Use 'dandi ls' to list available assets.)
2026-10-06T11:59:42Z INFO [967/2500] 765c7276-07dd-45f6-b05e-2747f5ea6829: valid; 1.2 s; peak memory 9983 MiB.
2026-10-06T11:59:45Z INFO [968/2500] 765cf976-3304-44c7-8aa5-fc6b8c9ab897: valid; 3.1 s; peak memory 9983 MiB.
2026-10-06T11:59:46Z INFO [969/2500] 765d15bc-420c-4ef0-a804-7e6d48d146fa: valid; 1.0 s; peak memory 9983 MiB.
2026-10-06T11:59:46Z WARNING 765d3765-ba79-4d7a-844c-00dcf4aeace5: failed while retrieving asset information from the DANDI API (NotFoundError: No asset at path 'sub-parkinson-simulated-beta/sub-parkinson-simulated-beta_ses-9374_ecephys.nwb' in version 0.250327.2220. Verify the path is correct and the asset exists in this version. Use 'dandi ls' to list available assets.)
2026-10-06T11:59:47Z INFO [971/2500] 765e988e-f1cf-4c0a-85a6-02ca1663ae63: valid; 1.3 s; peak memory 9983 MiB.
2026-10-06T11:59:49Z INFO [972/2500] 765e9ac2-1abe-436e-bb84-82b622c32740: valid; 1.4 s; peak memory 9983 MiB.
2026-10-06T11:59:50Z INFO [973/2500] 765ed047-e158-4edf-80b3-da39cf461301: valid; 1.0 s; peak memory 9983 MiB.
2026-10-06T11:59:51Z INFO [974/2500] 765f0230-9c65-4ac8-87a2-7e1af66a3d24: valid; 1.1 s; peak memory 9983 MiB.
2026-10-06T11:59:52Z INFO [975/2500] 765f0c97-527c-414a-b851-b0b39c9a0da2: valid; 1.7 s; peak memory 9983 MiB.
2026-10-06T11:59:53Z WARNING 765fd50b-6fa8-433e-9d9b-6033409b1c7e: failed while retrieving asset information from the DANDI API (NotFoundError: No asset at path 'sub-R6/sub-R6_ses-20200209T210000_obj-1ouyda4_behavior+ophys.nwb' in version 0.260415.1712. Verify the path is correct and the asset exists in this version. Use 'dandi ls' to list available assets.)
2026-10-06T11:59:54Z INFO [977/2500] 766026e1-4792-4009-89b3-c36b56a57e14: not valid; 1.3 s; peak memory 9983 MiB.
2026-10-06T11:59:56Z INFO [978/2500] 766044b6-a9e7-41f7-9223-a0ee005bd767: not valid; 1.8 s; peak memory 9983 MiB.
2026-10-06T11:59:58Z INFO [979/2500] 7660a582-d9e1-47ed-a4ee-948010f83b29: not valid; 1.8 s; peak memory 9983 MiB.
2026-10-06T11:59:59Z INFO [980/2500] 7660feb7-eeae-463e-8efb-9c62b1db5838: not valid; 1.5 s; peak memory 9983 MiB.
2026-10-06T12:00:03Z INFO [981/2500] 7661fe9c-8a67-4839-a3b7-78800ad9c87c: valid; 4.1 s; peak memory 9983 MiB.
2026-10-06T12:00:05Z INFO [982/2500] 76627677-2df3-4c0b-ada3-133896ad4d22: valid; 1.6 s; peak memory 9983 MiB.
2026-10-06T12:00:06Z INFO [983/2500] 76637885-f882-4abb-897d-eeb2f3327108: valid; 1.8 s; peak memory 9983 MiB.
2026-10-06T12:00:08Z INFO [984/2500] 76643a45-1c13-4fda-967d-3c3f24b2b290: valid; 1.1 s; peak memory 9983 MiB.
2026-10-06T12:00:10Z INFO [985/2500] 76655d1e-5c14-420a-8c8d-191b78740a5a: valid; 2.5 s; peak memory 9983 MiB.
2026-10-06T12:00:11Z INFO [986/2500] 76659895-5a9e-41a7-af00-c5cab9fc6a3e: not valid; 1.4 s; peak memory 9983 MiB.
2026-10-06T12:00:13Z INFO [987/2500] 7665fe97-4955-4e89-a666-93f4b29e2b25: valid; 1.6 s; peak memory 9983 MiB.
2026-10-06T12:00:14Z INFO [988/2500] 7666101d-3145-4475-bfcb-f13fa8b7881a: not valid; 0.9 s; peak memory 9983 MiB.
2026-10-06T12:00:16Z INFO [989/2500] 76665e9a-d8aa-434b-9ca2-95ffaf1323ad: valid; 1.6 s; peak memory 9983 MiB.
2026-10-06T12:00:17Z INFO [990/2500] 76666439-21ef-48f9-9f41-60e118864f28: valid; 1.7 s; peak memory 9983 MiB.
2026-10-06T12:00:22Z INFO [991/2500] 76671f3f-fb40-4839-a868-8e4e4f236ac4: valid; 4.5 s; peak memory 9983 MiB.
2026-10-06T12:00:24Z INFO [992/2500] 7667c721-ce73-4b02-9bca-fa391158fbfe: not valid; 1.7 s; peak memory 9983 MiB.
2026-10-06T12:00:27Z INFO [993/2500] 7668b8ee-87b3-4331-ab0e-87b7c6100640: valid; 3.8 s; peak memory 9983 MiB.
2026-10-06T12:00:29Z INFO [994/2500] 7668fb8a-8a04-4d12-8115-a873c3e28c89: valid; 1.3 s; peak memory 9983 MiB.
2026-10-06T12:00:30Z INFO [995/2500] 76691c70-02b9-4e5a-ba7a-4eeeba72fc3d: not valid; 1.6 s; peak memory 9983 MiB.
2026-10-06T12:00:32Z INFO [996/2500] 766942fa-7923-4c39-8c09-738b6424497d: valid; 1.5 s; peak memory 9983 MiB.
2026-10-06T12:00:33Z INFO [997/2500] 7669531a-e744-4b5d-998e-58b3875d9d08: valid; 1.5 s; peak memory 9983 MiB.
2026-10-06T12:00:34Z INFO [998/2500] 7669e9c7-ef06-4d07-89c6-6fe85a390f09: valid; 0.9 s; peak memory 9983 MiB.
2026-10-06T12:00:35Z INFO [999/2500] 766b2d7b-67bd-4123-a2c7-58eb5da27b2e: valid; 1.2 s; peak memory 9983 MiB.
2026-10-06T12:00:45Z INFO [1000/2500] 766b5f26-765e-4d7c-93b6-43418362103a: not valid; 9.3 s; peak memory 9983 MiB.
2026-10-06T12:00:46Z INFO [1000/2500] 766b5f26-765e-4d7c-93b6-43418362103a: checkpointed 142010 records.
2026-10-06T12:00:48Z INFO [1001/2500] 766b72cc-e41c-419e-9962-3f6e3922b9ce: valid; 1.8 s; peak memory 9983 MiB.
2026-10-06T12:00:50Z INFO [1002/2500] 766b80c0-e225-4fe3-af09-f90b978dabd5: valid; 2.8 s; peak memory 9983 MiB.
2026-10-06T12:00:54Z INFO [1003/2500] 766bc325-416b-4c7e-8584-fd4beaafd227: valid; 3.5 s; peak memory 9983 MiB.
2026-10-06T12:00:55Z INFO [1004/2500] 766bfdb7-43f8-4321-8a51-637405d7c206: valid; 1.3 s; peak memory 9983 MiB.
2026-10-06T12:00:57Z INFO [1005/2500] 766ce505-a9a3-45d3-b0e7-523d5c12baa0: not valid; 1.3 s; peak memory 9983 MiB.
2026-10-06T12:00:58Z INFO [1006/2500] 766d011c-8492-4a6b-ad3b-fc96e26803f8: not valid; 1.4 s; peak memory 9983 MiB.
2026-10-06T12:01:00Z INFO [1007/2500] 766e2d6f-7ba1-4f21-9ae6-5bdb31bfaad5: valid; 2.1 s; peak memory 9983 MiB.
2026-10-06T12:01:03Z INFO [1008/2500] 766e2e87-55c2-4683-bdc4-3442f15d43ea: valid; 2.5 s; peak memory 9983 MiB.
2026-10-06T12:01:04Z INFO [1009/2500] 766e3143-f8d7-4b8e-a9a0-626e663ab37b: valid; 1.2 s; peak memory 9983 MiB.
2026-10-06T12:01:06Z INFO [1010/2500] 766e826a-b683-49cb-9e67-daffd9bd4942: not valid; 2.2 s; peak memory 9983 MiB.
2026-10-06T12:01:07Z INFO [1011/2500] 766ee555-c29d-42de-84bb-22322f55c372: valid; 1.2 s; peak memory 9983 MiB.
2026-10-06T12:01:09Z INFO [1012/2500] 766f0dc1-c2bb-47f6-8abd-dd520e4ecb48: not valid; 1.6 s; peak memory 9983 MiB.
2026-10-06T12:01:10Z INFO [1013/2500] 766f34af-672f-4ee0-b9bc-031fe5b9560b: valid; 1.6 s; peak memory 9983 MiB.
2026-10-06T12:01:11Z INFO [1014/2500] 766fa073-eb2a-437c-b02b-cf762c45d705: valid; 1.2 s; peak memory 9983 MiB.
2026-10-06T12:01:13Z INFO [1015/2500] 766feb26-df8c-46f9-a33b-32fc1485d179: not valid; 1.6 s; peak memory 9983 MiB.
2026-10-06T12:01:15Z INFO [1016/2500] 767007a3-4998-4dac-8d96-6bf0eb8e2fe6: valid; 1.5 s; peak memory 9983 MiB.
2026-10-06T12:01:20Z INFO [1017/2500] 76704075-8f45-4379-a22a-ed3556be996f: not valid; 5.5 s; peak memory 9983 MiB.
2026-10-06T12:01:22Z INFO [1018/2500] 7671020b-5d70-45f6-9ffd-ddf10604eba8: not valid; 1.5 s; peak memory 9983 MiB.
2026-10-06T12:01:23Z INFO [1019/2500] 7671a9be-250b-4027-9eba-3afe5cb3752c: valid; 1.2 s; peak memory 9983 MiB.
2026-10-06T12:01:23Z WARNING 7671e910-459e-40c0-b24b-d8190a4408f1: failed while retrieving asset information from the DANDI API (NotFoundError: No asset at path 'sub-R1/sub-R1_ses-20190209T210000_obj-bxnk6r_behavior+ophys.nwb' in version 0.260415.1712. Verify the path is correct and the asset exists in this version. Use 'dandi ls' to list available assets.)
2026-10-06T12:01:25Z INFO [1021/2500] 7671eda3-3450-459a-ad05-85f1cf8a39e1: valid; 1.9 s; peak memory 9983 MiB.
2026-10-06T12:01:28Z INFO [1022/2500] 7672d854-d8f6-4a1d-85ec-37be838e16ac: not valid; 3.1 s; peak memory 9983 MiB.
2026-10-06T12:01:32Z INFO [1023/2500] 76738375-0a10-4c4e-aff8-77213f8b27a7: valid; 4.1 s; peak memory 9983 MiB.
2026-10-06T12:01:34Z INFO [1024/2500] 7673e2c7-adde-478e-bd53-05caba115379: valid; 2.4 s; peak memory 9983 MiB.
2026-10-06T12:01:37Z INFO [1025/2500] 76742c59-3965-470b-944f-5a25817364eb: valid; 2.6 s; peak memory 9983 MiB.
2026-10-06T12:01:40Z INFO [1026/2500] 76745cba-4e0b-4219-83b5-00e420e04597: valid; 2.6 s; peak memory 9983 MiB.
2026-10-06T12:01:43Z INFO [1027/2500] 7674b84d-8273-4bcd-9f72-ba474ae034b2: not valid; 3.4 s; peak memory 9983 MiB.
2026-10-06T12:01:45Z INFO [1028/2500] 7674d9be-3a57-451b-94eb-264dc5929c67: valid; 1.8 s; peak memory 9983 MiB.
2026-10-06T12:01:48Z INFO [1029/2500] 76761553-e479-4c83-a02d-fb3a16485848: valid; 3.5 s; peak memory 9983 MiB.
2026-10-06T12:01:50Z INFO [1030/2500] 76768b15-b0f8-4478-8025-c4e1df43a2a3: not valid; 1.3 s; peak memory 9983 MiB.
2026-10-06T12:01:51Z INFO [1031/2500] 7676c38f-dd5c-46f9-975f-67f97f1f92f7: not valid; 1.3 s; peak memory 9983 MiB.
2026-10-06T12:01:54Z INFO [1032/2500] 76771d62-f218-42d0-8b10-990599779524: valid; 2.8 s; peak memory 9983 MiB.
2026-10-06T12:01:54Z WARNING 76773094-4993-463c-a10e-69e9bc11d32d: failed while retrieving asset information from the DANDI API (NotFoundError: No asset at path 'sub-parkinson-simulated-lfp/sub-parkinson-simulated-lfp_ses-9499_ecephys.nwb' in version 0.250327.2220. Verify the path is correct and the asset exists in this version. Use 'dandi ls' to list available assets.)
2026-10-06T12:01:55Z INFO [1034/2500] 76783bf0-c991-4eec-9ca3-1fbcfdda1dbc: valid; 1.1 s; peak memory 9983 MiB.
2026-10-06T12:01:57Z INFO [1035/2500] 76789746-4564-46c4-b273-c67454858787: valid; 1.6 s; peak memory 9983 MiB.
2026-10-06T12:02:21Z INFO [1036/2500] 7678a440-71cc-441f-9fc2-898511937120: not valid; 24.0 s; peak memory 9983 MiB.
2026-10-06T12:02:23Z INFO [1037/2500] 76794ba7-c343-49f8-b44e-ae4932da726c: valid; 2.1 s; peak memory 9983 MiB.
2026-10-06T12:02:25Z INFO [1038/2500] 76794f56-dd83-4612-8e98-20de21c57e72: valid; 2.5 s; peak memory 9983 MiB.
2026-10-06T12:02:27Z INFO [1039/2500] 7679f3b1-bda0-4277-90e9-4af26aa7e2f0: valid; 1.6 s; peak memory 9983 MiB.
2026-10-06T12:02:29Z INFO [1040/2500] 767a5c18-f3d9-41aa-a17c-054df9336e10: not valid; 1.6 s; peak memory 9983 MiB.
2026-10-06T12:02:30Z INFO [1041/2500] 767a6f6c-595a-41b9-bb3e-daef420af069: valid; 1.5 s; peak memory 9983 MiB.
2026-10-06T12:02:32Z INFO [1042/2500] 767a9542-d676-43c7-a4a6-0190f1ae73c8: not valid; 1.6 s; peak memory 9983 MiB.
2026-10-06T12:02:33Z INFO [1043/2500] 767b28cb-1713-41ab-93fd-c625dcdd0f60: valid; 1.2 s; peak memory 9983 MiB.
2026-10-06T12:02:35Z INFO [1044/2500] 767b86d2-1bad-4ca4-8075-7e44f35b0b84: valid; 1.8 s; peak memory 9983 MiB.
2026-10-06T12:02:36Z INFO [1045/2500] 767bc62e-4ed1-4732-a13c-8b36404ccbd4: not valid; 1.5 s; peak memory 9983 MiB.
2026-10-06T12:02:37Z INFO [1046/2500] 767bd4d2-84be-47c4-9da2-c922a171f7b4: valid; 0.9 s; peak memory 9983 MiB.
2026-10-06T12:02:38Z INFO [1047/2500] 767bfff7-1ff3-446b-b985-43f3f469b94f: not valid; 1.4 s; peak memory 9983 MiB.
2026-10-06T12:02:39Z INFO [1048/2500] 767c107e-9ccd-49ba-9c22-1571e3b6aeca: valid; 1.0 s; peak memory 9983 MiB.
2026-10-06T12:02:40Z INFO [1049/2500] 767c8428-f9eb-4fd2-9198-b95a46ec9278: valid; 1.1 s; peak memory 9983 MiB.
2026-10-06T12:02:42Z INFO [1050/2500] 767c8e66-969f-4cf7-8938-e7b07335709d: valid; 1.7 s; peak memory 9983 MiB.
2026-10-06T12:02:43Z INFO [1050/2500] 767c8e66-969f-4cf7-8938-e7b07335709d: checkpointed 142060 records.
2026-10-06T12:02:47Z INFO [1051/2500] 767cbf25-11f4-4c24-915d-d2a8e3601252: not valid; 4.0 s; peak memory 9983 MiB.
2026-10-06T12:02:55Z INFO [1052/2500] 767da96e-7468-45b6-9c5e-b091731f3009: valid; 8.3 s; peak memory 9983 MiB.
2026-10-06T12:02:57Z INFO [1053/2500] 767dc625-1114-4ff5-aa0b-b7d63f5c7f6b: valid; 1.5 s; peak memory 9983 MiB.
2026-10-06T12:02:58Z INFO [1054/2500] 767de49e-b4f4-4020-b108-8334035d790d: not valid; 1.3 s; peak memory 9983 MiB.
2026-10-06T12:03:00Z WARNING 767e2d68-ec4b-4d86-8f6b-a6b235fbf673: failed while opening the NWB file (ConstructError: (root/acquisition/_iblmic_audioSpectrogram/bands GroupBuilder {'attributes': {'colnames': array(['freq'], dtype=object), 'description': 'spectogram frequencies', 'namespace': 'core', 'neurodata_type': 'FrequencyBandsTable', 'object_id': 'f4f20b36-67a8-4cf0-882c-d199274d0360'}, 'groups': {}, 'datasets': {'freq': root/acquisition/_iblmic_audioSpectrogram/bands/freq DatasetBuilder {'attributes': {'description': 'frequency value', 'namespace': 'hdmf-common', 'neurodata_type': 'VectorData', 'object_id': 'c00bbb9c-6c92-4749-a753-ad17d02e64b9'}, 'data': <HDF5 dataset "freq": shape (257,), type "<f4">}, 'id': root/acquisition/_iblmic_audioSpectrogram/bands/id DatasetBuilder {'attributes': {'namespace': 'hdmf-common', 'neurodata_type': 'ElementIdentifiers', 'object_id': 'ac1bf993-4e11-4a9a-ae49-a01b478784fc'}, 'data': <HDF5 dataset "id": shape (257,), type "<i4">}}, 'links': {}}, "Could not construct FrequencyBandsTable object due to: column must have the same number of rows as 'id'"))
2026-10-06T12:03:06Z INFO [1056/2500] 767e8076-386b-42f3-8830-2a340c5d8fb9: valid; 6.2 s; peak memory 9983 MiB.
2026-10-06T12:03:07Z INFO [1057/2500] 767edbb4-8b77-49bb-b026-dede6df62742: valid; 1.1 s; peak memory 9983 MiB.
2026-10-06T12:03:08Z INFO [1058/2500] 767f148b-eadb-46c7-863c-e9b61583ba38: valid; 1.0 s; peak memory 9983 MiB.
2026-10-06T12:03:10Z INFO [1059/2500] 767f2453-c526-4d8c-9c8c-093b1eb3c056: not valid; 1.7 s; peak memory 9983 MiB.
2026-10-06T12:03:12Z INFO [1060/2500] 767f48ff-f7c3-4d89-9939-1ede0d2ffa41: valid; 2.0 s; peak memory 9983 MiB.
2026-10-06T12:03:13Z INFO [1061/2500] 767f9a95-eeab-49b1-9a0d-a963c5597d7a: not valid; 1.4 s; peak memory 9983 MiB.
2026-10-06T12:03:14Z INFO [1062/2500] 767fb4d8-03c1-4c1b-8cc3-a4193ad31b81: valid; 1.0 s; peak memory 9983 MiB.
2026-10-06T12:03:16Z INFO [1063/2500] 767fd09f-062d-4c6d-97ca-9b25d31cfd22: valid; 2.2 s; peak memory 9983 MiB.
2026-10-06T12:03:18Z INFO [1064/2500] 76801eb2-2619-498f-a07b-f88a2e4eb2b2: valid; 1.5 s; peak memory 9983 MiB.
2026-10-06T12:03:20Z INFO [1065/2500] 7680ceb8-8334-4899-8519-701815fbd1c2: valid; 1.8 s; peak memory 9983 MiB.
2026-10-06T12:04:16Z INFO [1066/2500] 76811231-10da-4ba6-86b4-8b45214d8fd4: valid; 56.1 s; peak memory 9999 MiB.
2026-10-06T12:04:17Z INFO [1067/2500] 76814e0f-2e52-4a67-82ca-bd9a06d52d73: valid; 1.6 s; peak memory 9999 MiB.
2026-10-06T12:04:18Z INFO [1068/2500] 7681a254-492c-40c8-a220-425ee46f78e0: not valid; 0.9 s; peak memory 9999 MiB.
2026-10-06T12:04:19Z INFO [1069/2500] 7681b0c8-90dd-4523-b575-de1070e6dd2f: valid; 1.1 s; peak memory 9999 MiB.
2026-10-06T12:04:21Z INFO [1070/2500] 7682fb65-6f1f-4474-b022-31da467822d0: not valid; 2.0 s; peak memory 9999 MiB.
2026-10-06T12:04:31Z INFO [1071/2500] 76843742-7ed4-437c-8138-6764df59706d: not valid; 9.7 s; peak memory 10001 MiB.
2026-10-06T12:04:34Z INFO [1072/2500] 76843d97-2b1a-4bf7-806e-96ae2231e1e5: valid; 2.8 s; peak memory 10006 MiB.
2026-10-06T12:04:35Z WARNING 76858a3e-9814-4d05-9b61-67d7e596b8e4: failed while opening the NWB file (ConstructError: (root/acquisition/_iblmic_audioSpectrogram/bands GroupBuilder {'attributes': {'colnames': array(['freq'], dtype=object), 'description': 'spectogram frequencies', 'namespace': 'core', 'neurodata_type': 'FrequencyBandsTable', 'object_id': 'b5e29c7e-28a6-482e-a9ce-6f74bad497b2'}, 'groups': {}, 'datasets': {'freq': root/acquisition/_iblmic_audioSpectrogram/bands/freq DatasetBuilder {'attributes': {'description': 'frequency value', 'namespace': 'hdmf-common', 'neurodata_type': 'VectorData', 'object_id': '0466b39d-9311-41ce-a90b-10ea3914c968'}, 'data': <HDF5 dataset "freq": shape (257,), type "<f4">}, 'id': root/acquisition/_iblmic_audioSpectrogram/bands/id DatasetBuilder {'attributes': {'namespace': 'hdmf-common', 'neurodata_type': 'ElementIdentifiers', 'object_id': '2e7de930-dacd-4061-bbfa-e79781048006'}, 'data': <HDF5 dataset "id": shape (257,), type "<i4">}}, 'links': {}}, "Could not construct FrequencyBandsTable object due to: column must have the same number of rows as 'id'"))
2026-10-06T12:04:37Z INFO [1074/2500] 7685a7e2-e2ef-48a8-8a2b-71820da5833d: valid; 1.3 s; peak memory 10006 MiB.
2026-10-06T12:04:41Z INFO [1075/2500] 7685e74d-1d63-4c7a-a7d9-56738ade5b68: valid; 4.0 s; peak memory 10006 MiB.
2026-10-06T12:04:42Z INFO [1076/2500] 76866bd3-08cd-4028-af31-a430ae7e6049: valid; 1.7 s; peak memory 10006 MiB.
2026-10-06T12:04:52Z INFO [1077/2500] 7686e214-ad58-4e14-a9ba-b0f3521b21b6: valid; 9.7 s; peak memory 10006 MiB.
2026-10-06T12:05:23Z INFO [1078/2500] 7686f739-40e7-494d-82cc-f6b1bf20d7e2: not valid; 31.1 s; peak memory 10006 MiB.
2026-10-06T12:05:28Z INFO [1079/2500] 76875ff2-1cc9-46a6-8364-48bdd413fd10: valid; 4.7 s; peak memory 10006 MiB.
2026-10-06T12:05:29Z INFO [1080/2500] 7687684f-7fc9-4f3d-9a2f-48840422d697: valid; 1.2 s; peak memory 10006 MiB.
2026-10-06T12:05:40Z INFO [1081/2500] 7687a509-0531-4e05-9ccc-a78050b04c58: valid; 11.0 s; peak memory 10006 MiB.
2026-10-06T12:05:41Z INFO [1082/2500] 7687d25f-a1d5-4007-9e13-53ca5aa01ec1: valid; 1.2 s; peak memory 10006 MiB.
2026-10-06T12:05:42Z INFO [1083/2500] 7688e443-2a41-471d-a23e-b360e05679b4: not valid; 1.3 s; peak memory 10006 MiB.
2026-10-06T12:05:44Z INFO [1084/2500] 7688ff9d-9fd9-413e-8e54-8e17efc5c074: valid; 1.2 s; peak memory 10006 MiB.
2026-10-06T12:05:45Z INFO [1085/2500] 76894f69-6c12-43fb-8e85-628dba0adb2c: not valid; 1.2 s; peak memory 10006 MiB.
2026-10-06T12:06:00Z INFO [1086/2500] 7689528e-7d2d-4af3-a242-c9b1c88b168e: valid; 14.7 s; peak memory 10006 MiB.
2026-10-06T12:06:01Z INFO [1087/2500] 768989f6-2abe-4563-ba5d-b3c6decfdc66: not valid; 1.6 s; peak memory 10006 MiB.
2026-10-06T12:06:07Z INFO [1088/2500] 768ab0ad-f606-49d2-a14b-cfaf006a720d: valid; 6.1 s; peak memory 10006 MiB.
2026-10-06T12:06:08Z INFO [1089/2500] 768ac088-dd02-4538-89a1-7d98c84826f3: valid; 0.9 s; peak memory 10006 MiB.
2026-10-06T12:06:10Z INFO [1090/2500] 768c4cea-320f-462f-bd59-4d1d3fe11425: not valid; 1.5 s; peak memory 10006 MiB.
2026-10-06T12:06:12Z INFO [1091/2500] 768c5306-16a9-4fbe-a60e-5d14e94d2c78: valid; 2.5 s; peak memory 10006 MiB.
2026-10-06T12:06:14Z WARNING 768c9214-8a33-43f2-af3f-35fd4a11e253: failed while opening the NWB file (ConstructError: (root/acquisition/_iblmic_audioSpectrogram/bands GroupBuilder {'attributes': {'colnames': array(['freq'], dtype=object), 'description': 'spectogram frequencies', 'namespace': 'core', 'neurodata_type': 'FrequencyBandsTable', 'object_id': 'a8d394ef-c08f-4de2-a00f-01cf7b3296cb'}, 'groups': {}, 'datasets': {'freq': root/acquisition/_iblmic_audioSpectrogram/bands/freq DatasetBuilder {'attributes': {'description': 'frequency value', 'namespace': 'hdmf-common', 'neurodata_type': 'VectorData', 'object_id': 'bbe59d19-dddc-45ed-9778-56983b33ac94'}, 'data': <HDF5 dataset "freq": shape (257,), type "<f4">}, 'id': root/acquisition/_iblmic_audioSpectrogram/bands/id DatasetBuilder {'attributes': {'namespace': 'hdmf-common', 'neurodata_type': 'ElementIdentifiers', 'object_id': '06e85e11-f309-4016-a811-c0abc466b7bb'}, 'data': <HDF5 dataset "id": shape (257,), type "<i4">}}, 'links': {}}, "Could not construct FrequencyBandsTable object due to: column must have the same number of rows as 'id'"))
2026-10-06T12:06:15Z INFO [1093/2500] 768db24f-6e5d-457e-9a6d-8d9c41ad3147: valid; 1.5 s; peak memory 10006 MiB.
2026-10-06T12:06:17Z INFO [1094/2500] 768e1cbc-0b57-4f83-ba20-c4571daba286: valid; 1.2 s; peak memory 10006 MiB.
2026-10-06T12:06:25Z INFO [1095/2500] 768e2b7e-37c6-4ed9-90e0-cc9f47a6b4f6: valid; 8.9 s; peak memory 10006 MiB.
2026-10-06T12:06:27Z INFO [1096/2500] 768e89d2-9f72-493b-a469-a16c1bc605c7: not valid; 1.5 s; peak memory 10006 MiB.
2026-10-06T12:06:28Z INFO [1097/2500] 768ea539-8e2c-416d-8be7-2f808bbd2f84: not valid; 1.3 s; peak memory 10006 MiB.
2026-10-06T12:06:30Z INFO [1098/2500] 768f5d7e-9239-40f0-a934-59cddc8dffb3: valid; 1.7 s; peak memory 10006 MiB.
2026-10-06T12:06:31Z INFO [1099/2500] 768fb859-b5af-4b86-a64c-fb21adfb08a1: valid; 1.3 s; peak memory 10006 MiB.
2026-10-06T12:06:32Z INFO [1100/2500] 769095ed-f597-44d2-9fdd-156e2ae574b4: valid; 1.2 s; peak memory 10006 MiB.
2026-10-06T12:06:34Z INFO [1100/2500] 769095ed-f597-44d2-9fdd-156e2ae574b4: checkpointed 142110 records.
2026-10-06T12:06:35Z INFO [1101/2500] 7690c1ff-f914-46c5-ae48-de7d3c648e41: valid; 1.1 s; peak memory 10006 MiB.
2026-10-06T12:06:36Z INFO [1102/2500] 7690ebd2-2281-4728-bdfc-bbf299acf632: valid; 1.8 s; peak memory 10006 MiB.
2026-10-06T12:06:39Z INFO [1103/2500] 7691899e-e81f-43e6-924b-8efc98dafd64: valid; 2.7 s; peak memory 10006 MiB.
2026-10-06T12:06:48Z INFO [1104/2500] 7692ba5d-d008-4d37-94ff-5875438b5065: valid; 8.7 s; peak memory 10006 MiB.
2026-10-06T12:06:56Z INFO [1105/2500] 7692f568-7e17-45e0-92fc-2f723ea8fd6a: valid; 8.0 s; peak memory 10006 MiB.
2026-10-06T12:06:57Z INFO [1106/2500] 76937601-9fbd-48bd-9e5f-059e144c30e3: valid; 1.5 s; peak memory 10006 MiB.
2026-10-06T12:06:59Z INFO [1107/2500] 7693832b-e0d4-41da-a048-0710268c2b4c: valid; 1.8 s; peak memory 10006 MiB.
2026-10-06T12:07:00Z INFO [1108/2500] 7693e3bc-1047-452b-b99d-70295512bc69: valid; 1.2 s; peak memory 10006 MiB.
2026-10-06T12:07:02Z INFO [1109/2500] 76947b20-2690-426f-9698-1a666717b33d: not valid; 1.4 s; peak memory 10006 MiB.
2026-10-06T12:07:04Z INFO [1110/2500] 76947c97-2886-4d13-ae24-0f9cdf2d5009: valid; 1.9 s; peak memory 10006 MiB.
2026-10-06T12:07:05Z INFO [1111/2500] 7694bfcf-d508-40cd-b163-a733a9439a92: valid; 1.0 s; peak memory 10006 MiB.
2026-10-06T12:07:06Z INFO [1112/2500] 7695d620-c245-4e9c-a417-864f8e12ead5: not valid; 1.5 s; peak memory 10006 MiB.
2026-10-06T12:07:08Z INFO [1113/2500] 7695ee05-9332-4e3b-ad35-492dd88c50c4: valid; 1.5 s; peak memory 10006 MiB.
2026-10-06T12:07:09Z INFO [1114/2500] 7696372e-5db7-4651-b989-426e6a0562b7: valid; 1.3 s; peak memory 10006 MiB.
2026-10-06T12:07:27Z INFO [1115/2500] 76966b55-339e-4d87-9eca-aaceebd1be0d: valid; 17.9 s; peak memory 10006 MiB.
2026-10-06T12:07:28Z INFO [1116/2500] 76969474-0b39-42fc-b78a-644485dcbb41: valid; 1.2 s; peak memory 10006 MiB.
2026-10-06T12:07:31Z INFO [1117/2500] 7696c6f7-8764-492a-888a-32788af560aa: not valid; 2.8 s; peak memory 10006 MiB.
2026-10-06T12:07:33Z INFO [1118/2500] 76970b3d-46e6-4601-b1d7-804cc4d9b8c1: valid; 2.2 s; peak memory 10006 MiB.
2026-10-06T12:07:34Z INFO [1119/2500] 769830e2-70a8-4590-bb52-a2acb7061005: valid; 1.2 s; peak memory 10006 MiB.
2026-10-06T12:07:36Z INFO [1120/2500] 76988259-8a9c-4ea9-8b16-4974964384eb: not valid; 1.5 s; peak memory 10006 MiB.
2026-10-06T12:07:37Z INFO [1121/2500] 76999ed8-4106-4528-a640-4c83ca34e7d0: valid; 1.1 s; peak memory 10006 MiB.
2026-10-06T12:07:39Z INFO [1122/2500] 7699d95e-459e-45e5-8963-5a103414bc14: valid; 1.7 s; peak memory 10006 MiB.
2026-10-06T12:07:41Z INFO [1123/2500] 769a74ea-1cef-4784-b7a3-4433985f5d80: valid; 1.8 s; peak memory 10006 MiB.
2026-10-06T12:07:42Z INFO [1124/2500] 769b3c40-68c9-479b-928b-d362b28454a2: valid; 1.1 s; peak memory 10006 MiB.
2026-10-06T12:07:43Z INFO [1125/2500] 769b902d-b33c-4375-ac58-930a853ab0ea: valid; 0.9 s; peak memory 10006 MiB.
2026-10-06T12:07:45Z INFO [1126/2500] 769b9942-04ff-41f9-b346-00698e1d5808: valid; 2.1 s; peak memory 10006 MiB.
2026-10-06T12:07:46Z INFO [1127/2500] 769bd1c5-1c8b-468e-bec0-65f4c9f9c46c: valid; 1.7 s; peak memory 10006 MiB.
2026-10-06T12:07:48Z INFO [1128/2500] 769cd67b-2e4c-4666-88f5-79e07b6d4953: valid; 1.8 s; peak memory 10006 MiB.
2026-10-06T12:07:50Z INFO [1129/2500] 769d4e8e-079c-4370-84ad-3c3bde5bb119: valid; 2.0 s; peak memory 10006 MiB.
2026-10-06T12:07:51Z INFO [1130/2500] 769d8ae7-ad23-4478-b732-868435fc5fef: not valid; 0.9 s; peak memory 10006 MiB.
2026-10-06T12:07:56Z INFO [1131/2500] 769db03e-ee75-4d51-b2ae-ef5049a51cd3: valid; 5.2 s; peak memory 10006 MiB.
2026-10-06T12:08:09Z INFO [1132/2500] 769e071d-4d36-45bd-8e29-1a90b1fac2d7: valid; 12.5 s; peak memory 10006 MiB.
2026-10-06T12:08:10Z INFO [1133/2500] 769e3a9a-48db-462e-aaf8-5acd7da59c15: valid; 1.1 s; peak memory 10006 MiB.
2026-10-06T12:08:12Z INFO [1134/2500] 769e53ab-44c9-4949-99b8-61aa6caad0b2: valid; 2.3 s; peak memory 10006 MiB.
2026-10-06T12:08:13Z INFO [1135/2500] 769e8c1f-384b-45aa-9245-4031325cc741: valid; 1.3 s; peak memory 10006 MiB.
2026-10-06T12:08:17Z INFO [1136/2500] 769f1643-e1b0-4fcf-9199-161d80bba897: valid; 3.8 s; peak memory 10006 MiB.
2026-10-06T12:08:30Z INFO [1137/2500] 769f75c9-1c89-4fe1-a3a9-e16833e6d71f: valid; 12.4 s; peak memory 10006 MiB.
2026-10-06T12:08:31Z INFO [1138/2500] 769f9d4b-cb33-42ef-8323-5e3ab7817081: valid; 1.6 s; peak memory 10006 MiB.
2026-10-06T12:08:33Z INFO [1139/2500] 76a0448b-b7b3-4e28-94fa-5e4b077cf569: valid; 2.0 s; peak memory 10006 MiB.
2026-10-06T12:08:35Z INFO [1140/2500] 76a14f8a-a48c-4278-89cc-2a0b85ad8491: valid; 2.0 s; peak memory 10006 MiB.
2026-10-06T12:09:07Z INFO [1141/2500] 76a213b2-e0f6-4f35-8962-af9e262a5192: valid; 32.2 s; peak memory 10006 MiB.
2026-10-06T12:09:09Z INFO [1142/2500] 76a29b1d-1834-4721-9c93-e683c49874cb: valid; 1.4 s; peak memory 10006 MiB.
2026-10-06T12:09:10Z INFO [1143/2500] 76a2ac73-400b-46a0-b150-1df1bb747ba6: valid; 1.3 s; peak memory 10006 MiB.
2026-10-06T12:09:14Z INFO [1144/2500] 76a2ae52-3cbb-45da-b16f-afba6f0247fe: not valid; 3.9 s; peak memory 10006 MiB.
2026-10-06T12:09:15Z INFO [1145/2500] 76a3206c-4821-4378-aaf5-a21ff134d328: not valid; 0.9 s; peak memory 10006 MiB.
2026-10-06T12:09:18Z INFO [1146/2500] 76a340c2-aa83-46d8-b176-0234913e3fa6: valid; 3.3 s; peak memory 10006 MiB.
2026-10-06T12:09:36Z INFO [1147/2500] 76a354a3-f68d-4353-b86a-ca5d7b4c5b9a: not valid; 17.8 s; peak memory 10006 MiB.
2026-10-06T12:09:38Z INFO [1148/2500] 76a39193-84ce-4ac8-933f-5d3b85f5417e: valid; 1.9 s; peak memory 10006 MiB.
2026-10-06T12:09:41Z INFO [1149/2500] 76a3998c-b148-4ead-a9e4-76798b335a5b: not valid; 3.2 s; peak memory 10006 MiB.
2026-10-06T12:09:47Z INFO [1150/2500] 76a463aa-a004-493a-a03f-6e121f900c1f: not valid; 5.5 s; peak memory 10006 MiB.
2026-10-06T12:09:48Z INFO [1150/2500] 76a463aa-a004-493a-a03f-6e121f900c1f: checkpointed 142160 records.
2026-10-06T12:09:49Z INFO [1151/2500] 76a475c4-1cd8-45ec-8ee2-33594a371340: valid; 1.2 s; peak memory 10006 MiB.
2026-10-06T12:09:50Z INFO [1152/2500] 76a51bc1-8542-4819-85db-a1bf35e1e09a: not valid; 1.4 s; peak memory 10006 MiB.
2026-10-06T12:09:52Z INFO [1153/2500] 76a53aca-c20d-4a0c-8556-f1b9158aa005: valid; 2.0 s; peak memory 10006 MiB.
2026-10-06T12:10:00Z INFO [1154/2500] 76a5aed3-02c0-4280-a275-0a0dd567d8bf: valid; 7.5 s; peak memory 10006 MiB.
2026-10-06T12:10:01Z INFO [1155/2500] 76a5b6d4-4c46-4cbf-9ad2-43c7b038371d: valid; 1.7 s; peak memory 10006 MiB.
2026-10-06T12:10:03Z INFO [1156/2500] 76a6889a-4d6b-4298-a328-343fa5178f2f: valid; 1.2 s; peak memory 10006 MiB.
2026-10-06T12:10:04Z INFO [1157/2500] 76a6a9ab-617e-4a31-9590-c8f2ee55f32f: valid; 1.3 s; peak memory 10006 MiB.
2026-10-06T12:10:11Z INFO [1158/2500] 76a6f0e2-0396-4596-887f-d5d3bb38dd98: valid; 7.4 s; peak memory 10006 MiB.
2026-10-06T12:10:12Z INFO [1159/2500] 76a71fd1-45dc-42c2-ab3a-ad81055eebfd: valid; 1.0 s; peak memory 10006 MiB.
2026-10-06T12:10:14Z INFO [1160/2500] 76a7347b-f02f-4772-8414-1670d0ec7211: valid; 1.2 s; peak memory 10006 MiB.
2026-10-06T12:10:16Z INFO [1161/2500] 76a7fe30-0d26-4e23-97e0-e946a28a7bdc: valid; 2.2 s; peak memory 10006 MiB.
2026-10-06T12:10:17Z INFO [1162/2500] 76a86a8f-75ae-4f4d-957f-5123ffe5b548: not valid; 1.0 s; peak memory 10006 MiB.
2026-10-06T12:10:19Z INFO [1163/2500] 76a87975-4ae5-4ca9-9261-d559dc837a90: valid; 2.0 s; peak memory 10006 MiB.
2026-10-06T12:10:19Z WARNING 76a9126d-14b6-4675-9262-784f8812e5e6: failed while retrieving asset information from the DANDI API (NotFoundError: No asset at path 'sub-ZS060/sub-ZS060_ses-behavior-ZS060-2021-03-24-15-40-00.nwb' in version 0.260928.2230. Verify the path is correct and the asset exists in this version. Use 'dandi ls' to list available assets.)
2026-10-06T12:10:22Z INFO [1165/2500] 76a9751f-aec1-4184-b1b2-13c22290f2c0: not valid; 3.2 s; peak memory 10006 MiB.
2026-10-06T12:10:24Z INFO [1166/2500] 76aa8735-a807-478d-b5e2-a6b7e4fc7e49: valid; 2.2 s; peak memory 10006 MiB.
2026-10-06T12:10:26Z INFO [1167/2500] 76aaf9bc-3557-4c33-8058-3358f031e4c0: valid; 1.5 s; peak memory 10006 MiB.
2026-10-06T12:10:27Z INFO [1168/2500] 76ab064b-3c5e-4308-b9e8-972b761a4259: valid; 1.3 s; peak memory 10006 MiB.
2026-10-06T12:10:30Z INFO [1169/2500] 76ab303e-595e-4729-ab7f-45fadd249c47: valid; 2.5 s; peak memory 10006 MiB.
2026-10-06T12:10:32Z INFO [1170/2500] 76ac33d4-d1b0-4dc8-8193-187bf20683f6: valid; 2.4 s; peak memory 10006 MiB.
2026-10-06T12:10:34Z INFO [1171/2500] 76adc4f2-c70f-4f96-b02b-57328f5534b3: valid; 2.3 s; peak memory 10006 MiB.
2026-10-06T12:10:45Z INFO [1172/2500] 76addd0b-40fe-4ee0-958a-ac29c32af7cd: valid; 10.6 s; peak memory 10006 MiB.
2026-10-06T12:10:46Z INFO [1173/2500] 76adf131-1ee3-47fb-9556-2f61f8c7c37c: valid; 1.2 s; peak memory 10006 MiB.
2026-10-06T12:10:48Z INFO [1174/2500] 76ae8b3e-54d1-4614-a24e-4cce6bf1ee40: valid; 2.3 s; peak memory 10006 MiB.
2026-10-06T12:10:50Z INFO [1175/2500] 76aea87d-9be2-44a0-9302-bef39934271d: valid; 1.2 s; peak memory 10006 MiB.
2026-10-06T12:10:51Z INFO [1176/2500] 76aed124-4356-4a9c-9fd3-a84537bd742f: not valid; 1.3 s; peak memory 10006 MiB.
2026-10-06T12:10:53Z WARNING 76aefbae-df80-4c93-839a-2aabf9c87456: failed while opening the NWB file (ConstructError: (root/acquisition/_iblmic_audioSpectrogram/bands GroupBuilder {'attributes': {'colnames': array(['freq'], dtype=object), 'description': 'spectogram frequencies', 'namespace': 'core', 'neurodata_type': 'FrequencyBandsTable', 'object_id': '4039124e-9b8a-40b6-94ab-bb6f6303d2cb'}, 'groups': {}, 'datasets': {'freq': root/acquisition/_iblmic_audioSpectrogram/bands/freq DatasetBuilder {'attributes': {'description': 'frequency value', 'namespace': 'hdmf-common', 'neurodata_type': 'VectorData', 'object_id': '98b089ff-fc7c-4158-9a7b-82a3614a1bb5'}, 'data': <HDF5 dataset "freq": shape (257,), type "<f4">}, 'id': root/acquisition/_iblmic_audioSpectrogram/bands/id DatasetBuilder {'attributes': {'namespace': 'hdmf-common', 'neurodata_type': 'ElementIdentifiers', 'object_id': '7be70a21-a102-4c7f-951f-1e71b4de0735'}, 'data': <HDF5 dataset "id": shape (257,), type "<i4">}}, 'links': {}}, "Could not construct FrequencyBandsTable object due to: column must have the same number of rows as 'id'"))
2026-10-06T12:11:07Z INFO [1178/2500] 76af12dc-efdb-4034-8658-3122d46c6ac1: not valid; 14.1 s; peak memory 10006 MiB.
2026-10-06T12:11:08Z INFO [1179/2500] 76af4997-23ce-405a-b57d-1455cdcb929c: not valid; 1.6 s; peak memory 10006 MiB.
2026-10-06T12:11:10Z INFO [1180/2500] 76afde39-798d-4c89-8222-1723e39464b0: not valid; 1.3 s; peak memory 10006 MiB.
2026-10-06T12:11:27Z INFO [1181/2500] 76affd44-8f48-4d51-bfd4-66cbd95faf1e: valid; 17.6 s; peak memory 10006 MiB.
2026-10-06T12:11:29Z INFO [1182/2500] 76b01458-1b78-400e-9e84-c8520b59209e: valid; 1.3 s; peak memory 10006 MiB.
2026-10-06T12:11:30Z INFO [1183/2500] 76b0420b-df9e-4c32-849e-8dca418feeef: valid; 1.2 s; peak memory 10006 MiB.
2026-10-06T12:11:31Z INFO [1184/2500] 76b07f49-13ef-4447-9355-88137aabaedb: valid; 1.3 s; peak memory 10006 MiB.
2026-10-06T12:11:32Z INFO [1185/2500] 76b1134f-2fa5-4818-a19f-cb65eb4baa10: valid; 0.9 s; peak memory 10006 MiB.
2026-10-06T12:11:34Z INFO [1186/2500] 76b12613-95ff-4cc6-8cbf-c5bb6732f99b: valid; 1.9 s; peak memory 10006 MiB.
2026-10-06T12:11:36Z INFO [1187/2500] 76b12c31-d857-479a-bee0-b3d104c21cfb: valid; 2.4 s; peak memory 10006 MiB.
2026-10-06T12:11:38Z INFO [1188/2500] 76b1661c-8ad4-46fa-a839-ca3b860a53ed: valid; 2.3 s; peak memory 10006 MiB.
2026-10-06T12:11:41Z INFO [1189/2500] 76b1d183-03fb-47f0-a3f9-b7fdc9d0afaa: valid; 2.6 s; peak memory 10006 MiB.
2026-10-06T12:11:42Z INFO [1190/2500] 76b1d75f-1c40-4ad4-8680-23b779bedb87: valid; 1.4 s; peak memory 10006 MiB.
2026-10-06T12:11:44Z INFO [1191/2500] 76b263d0-929f-4a81-86d4-b05d80d4da37: valid; 1.5 s; peak memory 10006 MiB.
2026-10-06T12:11:46Z INFO [1192/2500] 76b2a092-c930-4c9c-959d-462ed40506ab: valid; 2.2 s; peak memory 10006 MiB.
2026-10-06T12:11:47Z INFO [1193/2500] 76b43945-8b11-4437-9e16-bfc9a7b39243: valid; 1.4 s; peak memory 10006 MiB.
2026-10-06T12:11:50Z INFO [1194/2500] 76b495a9-5017-4ec2-b779-8dd3717bffbb: valid; 2.2 s; peak memory 10006 MiB.
2026-10-06T12:11:51Z INFO [1195/2500] 76b4c354-9368-48b9-8f2f-e1487adfaade: valid; 1.2 s; peak memory 10006 MiB.
2026-10-06T12:11:52Z INFO [1196/2500] 76b58fb6-ac9f-4757-b3fe-2b60f570701c: valid; 1.2 s; peak memory 10006 MiB.
2026-10-06T12:11:56Z INFO [1197/2500] 76b5c74c-82bd-4759-a165-d2947f3da56b: valid; 3.7 s; peak memory 10006 MiB.
2026-10-06T12:11:58Z INFO [1198/2500] 76b638d5-38ed-4dbd-9df5-c82dd9943aa5: valid; 2.2 s; peak memory 10006 MiB.
2026-10-06T12:12:00Z INFO [1199/2500] 76b734ca-6ef8-4b53-9341-8e9bd974f700: not valid; 2.0 s; peak memory 10006 MiB.
2026-10-06T12:12:01Z INFO [1200/2500] 76b7cd89-3277-4411-b31f-8b5cfa0a6827: valid; 1.5 s; peak memory 10006 MiB.
2026-10-06T12:12:03Z INFO [1200/2500] 76b7cd89-3277-4411-b31f-8b5cfa0a6827: checkpointed 142210 records.
2026-10-06T12:12:05Z INFO [1201/2500] 76b81116-fb83-4d81-b28f-1ffe1e6660be: valid; 2.2 s; peak memory 10006 MiB.
2026-10-06T12:12:07Z INFO [1202/2500] 76b814c9-8bb1-4016-bf8e-f167446d901f: valid; 1.8 s; peak memory 10006 MiB.
2026-10-06T12:12:13Z INFO [1203/2500] 76b839c9-6a29-4f79-b7e7-ba4973bcba7f: valid; 6.8 s; peak memory 10006 MiB.
2026-10-06T12:12:18Z INFO [1204/2500] 76b89c6b-2f5c-451a-be30-6becbfeb038c: not valid; 4.5 s; peak memory 10006 MiB.
2026-10-06T12:12:24Z INFO [1205/2500] 76b8a8e6-6909-4c21-bd8e-8ad008d8f7f7: valid; 5.8 s; peak memory 10006 MiB.
2026-10-06T12:12:26Z INFO [1206/2500] 76b8b945-0315-473b-8864-c72891bd1426: valid; 1.9 s; peak memory 10006 MiB.
2026-10-06T12:12:26Z WARNING 76b926ac-676a-4007-83b4-4a97737ab8fb: failed while retrieving asset information from the DANDI API (NotFoundError: No asset at path 'sub-ZS061/sub-ZS061_ses-behavior-ZS061-2021-04-09-18-19-29.nwb' in version 0.260928.2230. Verify the path is correct and the asset exists in this version. Use 'dandi ls' to list available assets.)
2026-10-06T12:12:38Z INFO [1208/2500] 76b98e17-6785-4acf-82c5-5cbfc75430f1: valid; 12.6 s; peak memory 10006 MiB.
2026-10-06T12:12:39Z INFO [1209/2500] 76b9ad3b-0370-4079-9d11-fc6e6a156820: valid; 1.1 s; peak memory 10006 MiB.
2026-10-06T12:12:41Z INFO [1210/2500] 76b9d2ce-3b7a-4b75-ba07-8b693e4f7502: valid; 1.7 s; peak memory 10006 MiB.
2026-10-06T12:12:43Z INFO [1211/2500] 76b9e8ec-f2dd-4406-8cd7-ab99f46a86dc: valid; 1.5 s; peak memory 10006 MiB.
2026-10-06T12:12:53Z INFO [1212/2500] 76bad415-c50e-474c-8146-0f695bb656ca: valid; 10.2 s; peak memory 10006 MiB.
2026-10-06T12:12:54Z INFO [1213/2500] 76bae2c6-b0b1-4139-b353-a471aa8ad63f: valid; 1.1 s; peak memory 10006 MiB.
2026-10-06T12:12:56Z INFO [1214/2500] 76bb8df3-40a1-4d1f-b203-11bb02b99aeb: valid; 1.9 s; peak memory 10006 MiB.
2026-10-06T12:13:00Z INFO [1215/2500] 76bba533-c696-4f69-a80a-e7893b02f5bf: not valid; 3.8 s; peak memory 10006 MiB.
2026-10-06T12:13:02Z INFO [1216/2500] 76bbaa86-30d7-48b1-91dc-e44b43962d0f: valid; 2.2 s; peak memory 10006 MiB.
2026-10-06T12:13:03Z INFO [1217/2500] 76bdb126-b3a6-4c98-bbb1-a443388db391: valid; 1.7 s; peak memory 10006 MiB.
2026-10-06T12:13:05Z INFO [1218/2500] 76be8e8a-c902-43ac-8c39-66bfed5aa567: valid; 1.9 s; peak memory 10006 MiB.
2026-10-06T12:13:07Z INFO [1219/2500] 76bea0f2-9b3b-4ba6-99f8-fcd17f87b495: valid; 1.2 s; peak memory 10006 MiB.
2026-10-06T12:13:08Z INFO [1220/2500] 76bed660-06a0-4739-99ed-01de307fad70: valid; 1.4 s; peak memory 10006 MiB.
2026-10-06T12:13:10Z INFO [1221/2500] 76bf0f44-d6a3-4667-ab5b-670f65159552: valid; 1.5 s; peak memory 10006 MiB.
2026-10-06T12:13:11Z INFO [1222/2500] 76bf6f13-dd64-47eb-9540-c03855ab7ecf: not valid; 1.5 s; peak memory 10006 MiB.
2026-10-06T12:13:11Z WARNING 76bf9b0b-d91c-40ae-be8f-ce90b58d8ec7: failed while retrieving asset information from the DANDI API (NotFoundError: No asset at path 'sub-parkinson-simulated-lfp/sub-parkinson-simulated-lfp_ses-1773_ecephys.nwb' in version 0.250327.2220. Verify the path is correct and the asset exists in this version. Use 'dandi ls' to list available assets.)
2026-10-06T12:13:12Z INFO [1224/2500] 76bfdb48-2b8e-4d27-ae3e-1fd45292f71b: valid; 1.2 s; peak memory 10006 MiB.
2026-10-06T12:13:41Z INFO [1225/2500] 76bfe2db-40e3-4eac-b5c7-facb33a6d53e: valid; 28.7 s; peak memory 10006 MiB.
2026-10-06T12:13:41Z WARNING 76bff2c3-b295-4698-a77f-e0bfdc40f382: failed while retrieving asset information from the DANDI API (NotFoundError: No asset at path 'sub-449141/sub-449141_ses-20190530T173316_behavior+ecephys+ogen.nwb' in version 0.231012.2129. Verify the path is correct and the asset exists in this version. Use 'dandi ls' to list available assets.)
2026-10-06T12:13:43Z INFO [1227/2500] 76c053a7-a814-4722-b5c3-2eebfeb14c4a: valid; 1.9 s; peak memory 10006 MiB.
2026-10-06T12:13:51Z INFO [1228/2500] 76c0923d-2706-4615-b3a5-f2c897d5d999: valid; 7.4 s; peak memory 10006 MiB.
2026-10-06T12:13:52Z INFO [1229/2500] 76c0eeb7-bf7a-42a9-971b-8889c077a75c: not valid; 1.5 s; peak memory 10006 MiB.
2026-10-06T12:13:53Z INFO [1230/2500] 76c167df-e79e-4ffc-8e0e-bf0ff1212693: valid; 1.3 s; peak memory 10006 MiB.
2026-10-06T12:13:55Z INFO [1231/2500] 76c28a12-4eed-49b3-bef8-1b2d81b643c4: not valid; 1.6 s; peak memory 10006 MiB.
2026-10-06T12:13:56Z INFO [1232/2500] 76c2d860-0a22-464e-9264-c8e251a85674: valid; 1.4 s; peak memory 10006 MiB.
2026-10-06T12:13:58Z INFO [1233/2500] 76c2f72c-b0a1-4198-898d-559dc8650f42: valid; 1.2 s; peak memory 10006 MiB.
2026-10-06T12:14:23Z INFO [1234/2500] 76c401c5-9e7a-4fb8-929e-f0fa51de434b: valid; 25.3 s; peak memory 10006 MiB.
2026-10-06T12:14:24Z INFO [1235/2500] 76c43363-ea5e-4314-8611-ed814393ebe9: valid; 0.9 s; peak memory 10006 MiB.
2026-10-06T12:14:26Z INFO [1236/2500] 76c4418a-9039-4d4b-9888-bca982b914b6: valid; 1.9 s; peak memory 10006 MiB.
2026-10-06T12:14:27Z INFO [1237/2500] 76c471ff-c200-401c-9d96-aabd5c10acb3: valid; 1.0 s; peak memory 10006 MiB.
2026-10-06T12:14:28Z INFO [1238/2500] 76c4f052-5650-4419-b180-098e74e82c5e: valid; 1.3 s; peak memory 10006 MiB.
2026-10-06T12:14:29Z INFO [1239/2500] 76c537eb-4816-443c-ac3f-32c47a1badcb: valid; 1.1 s; peak memory 10006 MiB.
2026-10-06T12:14:41Z INFO [1240/2500] 76c55b41-d7ee-47b8-b0c2-a3dd85e7a0b8: not valid; 12.0 s; peak memory 10006 MiB.
2026-10-06T12:14:43Z INFO [1241/2500] 76c5d31a-f7e3-4e02-bccb-eb139cdc1142: valid; 1.7 s; peak memory 10006 MiB.
2026-10-06T12:14:44Z INFO [1242/2500] 76c66c87-f0e9-4e4a-9227-c561a75ebeb0: valid; 1.3 s; peak memory 10006 MiB.
2026-10-06T12:14:46Z INFO [1243/2500] 76c77dd6-3bd6-4b75-9fe3-b21e2a4d524c: not valid; 2.4 s; peak memory 10006 MiB.
2026-10-06T12:14:48Z INFO [1244/2500] 76c7a873-893f-485c-9093-7950ccd94769: not valid; 1.1 s; peak memory 10006 MiB.
2026-10-06T12:14:49Z INFO [1245/2500] 76c8ddf1-5acd-4f4f-b57f-6f4630fb4c54: valid; 1.8 s; peak memory 10006 MiB.
2026-10-06T12:14:51Z INFO [1246/2500] 76c92b5f-9ee9-46ac-b812-f1682037a2c5: not valid; 1.8 s; peak memory 10006 MiB.
2026-10-06T12:14:54Z INFO [1247/2500] 76ca187a-667c-4e35-9b79-e7d664b57043: valid; 2.7 s; peak memory 10006 MiB.
2026-10-06T12:14:58Z INFO [1248/2500] 76cae961-078a-4bc4-99e5-3e9c62c4db8c: valid; 3.7 s; peak memory 10006 MiB.
2026-10-06T12:15:02Z INFO [1249/2500] 76cb81eb-21c0-4257-b65e-ddf203a577f9: not valid; 4.3 s; peak memory 10006 MiB.
2026-10-06T12:15:06Z INFO [1250/2500] 76cb82c1-e070-49ea-8712-fee4469bc6d8: not valid; 4.4 s; peak memory 10006 MiB.
2026-10-06T12:15:07Z INFO [1250/2500] 76cb82c1-e070-49ea-8712-fee4469bc6d8: checkpointed 142260 records.
2026-10-06T12:15:09Z INFO [1251/2500] 76cb9e43-8313-4ed9-a6fb-c49132c8db86: not valid; 1.5 s; peak memory 10006 MiB.
2026-10-06T12:15:11Z INFO [1252/2500] 76cbdd55-3ec4-4506-ada4-12dbfdfcf34d: not valid; 2.4 s; peak memory 10006 MiB.
2026-10-06T12:15:24Z INFO [1253/2500] 76cc86f1-d549-45b8-9bf7-ad6e1f908414: valid; 12.8 s; peak memory 10006 MiB.
2026-10-06T12:15:28Z INFO [1254/2500] 76cc901d-c1cb-4e94-933d-d1f6cf237a28: valid; 3.7 s; peak memory 10006 MiB.
2026-10-06T12:15:30Z INFO [1255/2500] 76cc974c-f8b9-450a-aad2-50135f0ee99a: valid; 1.9 s; peak memory 10006 MiB.
2026-10-06T12:15:31Z INFO [1256/2500] 76cc991b-2b2b-4827-a515-d7d8a41bc09d: valid; 1.1 s; peak memory 10006 MiB.
2026-10-06T12:15:32Z INFO [1257/2500] 76cc9c46-6f44-4dc2-9019-b66891271b23: valid; 1.2 s; peak memory 10006 MiB.
2026-10-06T12:15:33Z INFO [1258/2500] 76cd2692-0c8d-4ff0-a8ef-9c85a99cb858: valid; 1.3 s; peak memory 10006 MiB.
2026-10-06T12:15:34Z INFO [1259/2500] 76cd7880-a861-4002-9aeb-30fc8cf9bb99: valid; 1.1 s; peak memory 10006 MiB.
2026-10-06T12:15:36Z INFO [1260/2500] 76cd7a32-c5a6-4458-8886-3b76b754df62: valid; 1.6 s; peak memory 10006 MiB.
2026-10-06T12:15:38Z WARNING 76cd89d2-d489-4e3e-bafe-be7a19705eb6: failed while opening the NWB file (ConstructError: (root/acquisition/_iblmic_audioSpectrogram/bands GroupBuilder {'attributes': {'colnames': array(['freq'], dtype=object), 'description': 'spectogram frequencies', 'namespace': 'core', 'neurodata_type': 'FrequencyBandsTable', 'object_id': '4f4007ed-f9e4-4663-a349-66f4648e530f'}, 'groups': {}, 'datasets': {'freq': root/acquisition/_iblmic_audioSpectrogram/bands/freq DatasetBuilder {'attributes': {'description': 'frequency value', 'namespace': 'hdmf-common', 'neurodata_type': 'VectorData', 'object_id': 'b6bd7f2a-bff2-4974-9e4d-d519b58f3a6d'}, 'data': <HDF5 dataset "freq": shape (257,), type "<f4">}, 'id': root/acquisition/_iblmic_audioSpectrogram/bands/id DatasetBuilder {'attributes': {'namespace': 'hdmf-common', 'neurodata_type': 'ElementIdentifiers', 'object_id': '646856e7-8591-4d40-912a-2a942b405a63'}, 'data': <HDF5 dataset "id": shape (257,), type "<i4">}}, 'links': {}}, "Could not construct FrequencyBandsTable object due to: column must have the same number of rows as 'id'"))
2026-10-06T12:15:40Z INFO [1262/2500] 76cd8c34-a5e8-4ffd-a2f8-8813cab286fc: not valid; 2.1 s; peak memory 10006 MiB.
2026-10-06T12:15:42Z WARNING 76cdc839-f00f-4e97-9cfa-888619dea1bf: failed while opening the NWB file (ConstructError: (root/acquisition/_iblmic_audioSpectrogram/bands GroupBuilder {'attributes': {'colnames': array(['freq'], dtype=object), 'description': 'spectogram frequencies', 'namespace': 'core', 'neurodata_type': 'FrequencyBandsTable', 'object_id': 'cd77b69f-c1f3-464d-94dc-2264aedb7cb0'}, 'groups': {}, 'datasets': {'freq': root/acquisition/_iblmic_audioSpectrogram/bands/freq DatasetBuilder {'attributes': {'description': 'frequency value', 'namespace': 'hdmf-common', 'neurodata_type': 'VectorData', 'object_id': '54c249a2-1030-400b-a815-73f454b91a0f'}, 'data': <HDF5 dataset "freq": shape (257,), type "<f4">}, 'id': root/acquisition/_iblmic_audioSpectrogram/bands/id DatasetBuilder {'attributes': {'namespace': 'hdmf-common', 'neurodata_type': 'ElementIdentifiers', 'object_id': '43e9a6f5-903e-45ea-b4da-ef94dae1e98d'}, 'data': <HDF5 dataset "id": shape (257,), type "<i4">}}, 'links': {}}, "Could not construct FrequencyBandsTable object due to: column must have the same number of rows as 'id'"))
2026-10-06T12:15:43Z INFO [1264/2500] 76cdd454-a8f9-4bbb-9294-cd6251d497c1: valid; 1.2 s; peak memory 10006 MiB.
2026-10-06T12:15:47Z INFO [1265/2500] 76cddda0-35e8-4d41-a179-85ea6c422647: not valid; 3.7 s; peak memory 10006 MiB.
2026-10-06T12:15:53Z INFO [1266/2500] 76cde1a2-a0ac-4624-bdd8-101a57d95923: valid; 6.3 s; peak memory 10006 MiB.
2026-10-06T12:15:55Z INFO [1267/2500] 76cde82b-52f3-4bda-9086-64ef8ea57be1: valid; 1.7 s; peak memory 10006 MiB.
2026-10-06T12:15:56Z INFO [1268/2500] 76ce22e0-7bad-4b65-9891-1c41ee73725a: valid; 1.7 s; peak memory 10006 MiB.
2026-10-06T12:15:58Z INFO [1269/2500] 76cebc59-7396-467b-85e4-031ea9d73926: valid; 1.3 s; peak memory 10006 MiB.
2026-10-06T12:15:59Z INFO [1270/2500] 76ced0ac-6f3f-4f5c-8940-43059721a10c: not valid; 1.6 s; peak memory 10006 MiB.
2026-10-06T12:16:00Z INFO [1271/2500] 76cf64ea-a463-49d5-a0ae-a3440d733830: not valid; 1.2 s; peak memory 10006 MiB.
2026-10-06T12:16:03Z INFO [1272/2500] 76cfae02-a2b1-41cb-a9a5-e50228ffb06e: valid; 2.2 s; peak memory 10006 MiB.
2026-10-06T12:16:05Z INFO [1273/2500] 76d0aa06-f5e3-4e17-b115-f1b3e8c5d5fe: valid; 1.8 s; peak memory 10006 MiB.
2026-10-06T12:16:06Z INFO [1274/2500] 76d13e65-64ae-4a0c-9600-b57c712fb9f2: valid; 1.2 s; peak memory 10006 MiB.
2026-10-06T12:16:07Z INFO [1275/2500] 76d1c001-8fcd-4083-b406-ba103467deb5: valid; 1.2 s; peak memory 10006 MiB.
2026-10-06T12:16:08Z INFO [1276/2500] 76d1c1d4-f60e-4297-b8e0-79da5b84f93d: not valid; 1.4 s; peak memory 10006 MiB.
2026-10-06T12:16:12Z INFO [1277/2500] 76d255fe-7331-4299-999c-9f046f497525: not valid; 3.7 s; peak memory 10006 MiB.
2026-10-06T12:16:14Z INFO [1278/2500] 76d2e1fa-8c0f-4ee9-989c-d5eb156576a9: valid; 2.1 s; peak memory 10006 MiB.
2026-10-06T12:16:18Z INFO [1279/2500] 76d3360c-2e50-4596-8c71-6420a6a1697b: not valid; 3.7 s; peak memory 10006 MiB.
2026-10-06T12:16:20Z INFO [1280/2500] 76d35fdd-66d1-4c15-b32c-353431384e60: valid; 1.7 s; peak memory 10006 MiB.
2026-10-06T12:16:21Z INFO [1281/2500] 76d3dfa1-42dd-4503-9c1a-92e18df16f27: not valid; 1.5 s; peak memory 10006 MiB.
2026-10-06T12:16:22Z INFO [1282/2500] 76d405af-3eac-4b4c-aa99-6a0a7c610ec4: valid; 1.3 s; peak memory 10006 MiB.
2026-10-06T12:16:24Z INFO [1283/2500] 76d4798b-7036-430d-9434-2d3cf9bc843f: not valid; 1.5 s; peak memory 10006 MiB.
2026-10-06T12:16:25Z INFO [1284/2500] 76d5c5d0-5054-461e-88be-68300ca90a88: valid; 0.9 s; peak memory 10006 MiB.
2026-10-06T12:16:27Z INFO [1285/2500] 76d5eb98-b488-4b4b-86b6-e92fee8883e4: not valid; 2.2 s; peak memory 10006 MiB.
2026-10-06T12:16:31Z INFO [1286/2500] 76d601f2-e56e-4b19-9fda-b3dcfbb7060a: valid; 4.1 s; peak memory 10006 MiB.
2026-10-06T12:16:34Z INFO [1287/2500] 76d657c0-45e3-4afa-b1f8-78c4d2fd8adc: not valid; 2.9 s; peak memory 10006 MiB.
2026-10-06T12:16:49Z INFO [1288/2500] 76d65d05-4af0-4242-bb2a-8e7ae4c885b3: valid; 14.6 s; peak memory 10006 MiB.
2026-10-06T12:16:50Z INFO [1289/2500] 76d67e00-ed3f-40f5-b6a0-927735b88618: valid; 1.3 s; peak memory 10006 MiB.
2026-10-06T12:16:51Z INFO [1290/2500] 76d6eb22-614b-433a-a6ea-539a0701a049: valid; 1.2 s; peak memory 10006 MiB.
2026-10-06T12:16:54Z INFO [1291/2500] 76d85680-504f-4188-a64d-b83d87fff5aa: valid; 3.3 s; peak memory 10006 MiB.
2026-10-06T12:17:02Z INFO [1292/2500] 76d85982-39fa-4d21-a157-2352191cfe65: valid; 7.3 s; peak memory 10006 MiB.
2026-10-06T12:17:03Z INFO [1293/2500] 76d8aeee-7c1b-4d8c-939d-ab06a9917ab0: not valid; 1.6 s; peak memory 10006 MiB.
2026-10-06T12:17:05Z INFO [1294/2500] 76d8ba83-71de-45e0-98b0-3a0ce05aa53a: valid; 2.1 s; peak memory 10006 MiB.
2026-10-06T12:17:07Z INFO [1295/2500] 76d975ac-ea83-4094-837c-a89e80f32f96: valid; 1.2 s; peak memory 10006 MiB.
2026-10-06T12:17:09Z INFO [1296/2500] 76da0dff-620c-44c4-a1f8-e1b7ab7c3163: valid; 2.1 s; peak memory 10006 MiB.
2026-10-06T12:17:10Z INFO [1297/2500] 76da3cd7-c250-45f6-8143-b06c4c003818: valid; 1.6 s; peak memory 10006 MiB.
2026-10-06T12:17:12Z INFO [1298/2500] 76dbb551-6706-488e-a931-095ca62150f9: valid; 1.8 s; peak memory 10006 MiB.
2026-10-06T12:17:14Z INFO [1299/2500] 76dd34b4-bcb9-4cf5-9669-673c39818ba7: valid; 1.8 s; peak memory 10006 MiB.
2026-10-06T12:17:14Z WARNING 76dddb24-e3ed-40e8-bdb6-a1accfa0bc7a: failed while retrieving asset information from the DANDI API (NotFoundError: No asset at path 'sub-healthy-simulated-lfp/sub-healthy-simulated-lfp_ses-3753_ecephys.nwb' in version 0.250327.2220. Verify the path is correct and the asset exists in this version. Use 'dandi ls' to list available assets.)
2026-10-06T12:17:15Z INFO [1300/2500] 76dddb24-e3ed-40e8-bdb6-a1accfa0bc7a: checkpointed 142310 records.
2026-10-06T12:17:22Z INFO [1301/2500] 76dddc54-99c4-49f6-bdf7-8fe82799fe61: valid; 6.7 s; peak memory 10006 MiB.
2026-10-06T12:17:23Z INFO [1302/2500] 76deb2b2-904d-4740-8676-ecb1fef5508d: valid; 1.6 s; peak memory 10006 MiB.
2026-10-06T12:17:25Z INFO [1303/2500] 76def0c3-775d-4675-8913-106b30fa8e69: valid; 1.6 s; peak memory 10006 MiB.
2026-10-06T12:17:26Z INFO [1304/2500] 76df68ea-cf9f-485d-8a6c-c52402b866e5: valid; 1.3 s; peak memory 10006 MiB.
2026-10-06T12:17:28Z INFO [1305/2500] 76df90a3-772d-4e69-b8e7-0a4e5400c616: valid; 1.5 s; peak memory 10006 MiB.
2026-10-06T12:17:28Z WARNING 76dfeabe-9f26-4492-915b-dbce2f155efa: failed while retrieving asset information from the DANDI API (NotFoundError: No such Dandiset: 000561)
2026-10-06T12:17:29Z INFO [1307/2500] 76dff2bd-4b09-4e0b-a9a6-91ce946747f2: not valid; 1.3 s; peak memory 10006 MiB.
2026-10-06T12:17:30Z INFO [1308/2500] 76e01042-e388-4925-93ce-5c0ae254efca: valid; 0.9 s; peak memory 10006 MiB.
2026-10-06T12:17:32Z INFO [1309/2500] 76e03e86-aa24-4baa-9584-2827575eebea: valid; 1.8 s; peak memory 10006 MiB.
2026-10-06T12:17:33Z INFO [1310/2500] 76e04597-e363-462a-901d-72bf19b28d04: not valid; 1.5 s; peak memory 10006 MiB.
2026-10-06T12:17:35Z INFO [1311/2500] 76e19bc0-de25-4d89-9146-38364f42f2c4: not valid; 1.4 s; peak memory 10006 MiB.
2026-10-06T12:17:36Z INFO [1312/2500] 76e22f1c-0dfe-4608-a544-96ed6689e169: valid; 1.5 s; peak memory 10006 MiB.
2026-10-06T12:17:37Z INFO [1313/2500] 76e23192-6ab7-44ba-a3bf-35141c8e2b16: valid; 1.3 s; peak memory 10006 MiB.
2026-10-06T12:17:39Z INFO [1314/2500] 76e3207a-20b0-4308-a613-7d0b7bdcd3d4: not valid; 1.6 s; peak memory 10006 MiB.
2026-10-06T12:17:41Z INFO [1315/2500] 76e33975-8df3-4698-9f44-9df922f7f620: valid; 1.6 s; peak memory 10006 MiB.
2026-10-06T12:17:46Z INFO [1316/2500] 76e36992-11aa-4f76-ab47-bf4ccdbbf0cc: not valid; 5.1 s; peak memory 10006 MiB.
2026-10-06T12:17:47Z INFO [1317/2500] 76e3f763-ed8a-42a1-83ac-abeeefedffca: valid; 1.1 s; peak memory 10006 MiB.
2026-10-06T12:17:48Z INFO [1318/2500] 76e429fa-8af1-4b4f-8a86-633ddaa9f04e: valid; 1.2 s; peak memory 10006 MiB.
2026-10-06T12:17:48Z WARNING 76e42f98-5b53-4eba-b5e4-06f6f0477492: failed while retrieving asset information from the DANDI API (NotFoundError: No asset at path 'sub-F1/sub-F1_ses-20190416T210000_behavior+ophys.nwb' in version 0.260415.1712. Verify the path is correct and the asset exists in this version. Use 'dandi ls' to list available assets.)
2026-10-06T12:17:52Z INFO [1320/2500] 76e528d8-944b-4d5f-9b14-6b84502c445f: not valid; 3.7 s; peak memory 10006 MiB.
2026-10-06T12:17:53Z INFO [1321/2500] 76e53d02-bbe0-4152-96a1-a178ba15ba61: valid; 1.2 s; peak memory 10006 MiB.
2026-10-06T12:17:55Z INFO [1322/2500] 76e548cb-2b53-4b2e-832a-077aca0fbb3e: valid; 2.4 s; peak memory 10006 MiB.
2026-10-06T12:18:10Z INFO [1323/2500] 76e5af41-b139-46e3-a255-5d1f8d71a63e: valid; 14.8 s; peak memory 10006 MiB.
2026-10-06T12:18:26Z INFO [1324/2500] 76e612f4-fd2b-4e3b-bc48-b78bbe62add4: valid; 16.2 s; peak memory 10006 MiB.
2026-10-06T12:18:42Z INFO [1325/2500] 76e6b2ee-b802-40f6-9c1f-2c9f6706a885: valid; 16.2 s; peak memory 10006 MiB.
2026-10-06T12:19:40Z INFO [1326/2500] 76e6dc2b-036f-4835-b85f-9fad9791c35c: valid; 57.5 s; peak memory 10006 MiB.
2026-10-06T12:19:42Z INFO [1327/2500] 76e72259-8cb1-4e8d-9b14-ad47fd4526bf: valid; 2.3 s; peak memory 10006 MiB.
2026-10-06T12:19:44Z INFO [1328/2500] 76e76bbf-aa3c-4137-986e-d9bf0ac71ce6: valid; 1.3 s; peak memory 10006 MiB.
2026-10-06T12:19:45Z INFO [1329/2500] 76e7d9d0-5d29-41c2-ba10-d11c88a9d30b: valid; 1.2 s; peak memory 10006 MiB.
2026-10-06T12:19:46Z INFO [1330/2500] 76e8713b-f0c2-47d1-bcef-96daeafbf08e: valid; 1.3 s; peak memory 10006 MiB.
2026-10-06T12:19:51Z INFO [1331/2500] 76e8746a-baa7-4d85-be6a-34283d18e1e0: valid; 5.0 s; peak memory 10006 MiB.
2026-10-06T12:19:53Z INFO [1332/2500] 76e896d1-9b51-4f8b-bd20-8e0d2e3b0155: not valid; 1.5 s; peak memory 10006 MiB.
2026-10-06T12:19:59Z INFO [1333/2500] 76e9920b-7da9-49c9-aa3d-e2c77b2a0411: valid; 6.2 s; peak memory 10006 MiB.
2026-10-06T12:20:02Z INFO [1334/2500] 76e9b0a7-bae9-4d9d-bac4-528dc6b6d6f2: valid; 2.7 s; peak memory 10006 MiB.
2026-10-06T12:20:03Z INFO [1335/2500] 76ea3d18-3e93-4617-a866-a86aba0f07d5: not valid; 1.3 s; peak memory 10006 MiB.
2026-10-06T12:20:04Z INFO [1336/2500] 76ea872b-df53-4374-9f00-1185f5533c27: not valid; 1.5 s; peak memory 10006 MiB.
2026-10-06T12:20:05Z INFO [1337/2500] 76eb6381-6970-4339-8355-d06902952f5a: valid; 1.0 s; peak memory 10006 MiB.
2026-10-06T12:20:07Z INFO [1338/2500] 76eb9d7d-a0ce-4128-98fa-14646d913641: valid; 2.2 s; peak memory 10006 MiB.
2026-10-06T12:20:09Z INFO [1339/2500] 76ec2b0b-0d0a-43f6-8ad7-882dba4e958f: valid; 1.6 s; peak memory 10006 MiB.
2026-10-06T12:20:16Z INFO [1340/2500] 76ecba8f-0894-4d7d-bf72-1387020d5f1e: valid; 6.7 s; peak memory 10006 MiB.
2026-10-06T12:20:28Z INFO [1341/2500] 76ecbbd8-ab8c-4169-8be4-8f26a910fe71: valid; 12.3 s; peak memory 10006 MiB.
2026-10-06T12:20:29Z INFO [1342/2500] 76ecdd6d-785a-4e24-a07b-f68b5627bf28: not valid; 1.2 s; peak memory 10006 MiB.
2026-10-06T12:20:32Z INFO [1343/2500] 76ed1f7f-3301-4f30-aaad-f4635efda906: valid; 2.7 s; peak memory 10006 MiB.
2026-10-06T12:20:34Z INFO [1344/2500] 76edde9d-dcf0-4fc7-bb21-bee5ccc0bb61: valid; 1.7 s; peak memory 10006 MiB.
2026-10-06T12:20:35Z INFO [1345/2500] 76ee1cf4-c7ff-4f56-b078-8d2ada9b449c: valid; 0.9 s; peak memory 10006 MiB.
2026-10-06T12:20:44Z INFO [1346/2500] 76ee4585-ddde-4275-88f0-1fb0127ff98d: valid; 9.2 s; peak memory 10006 MiB.
2026-10-06T12:20:45Z INFO [1347/2500] 76eea06a-41ce-4c62-869f-b20550be34b3: valid; 1.2 s; peak memory 10006 MiB.
2026-10-06T12:20:46Z INFO [1348/2500] 76ef2f9b-f68d-4e7e-ba99-72c8942cb0d3: valid; 1.5 s; peak memory 10006 MiB.
2026-10-06T12:20:49Z INFO [1349/2500] 76efb2ad-80c1-4e2a-b92a-1d34d93c695f: valid; 2.8 s; peak memory 10006 MiB.
2026-10-06T12:20:51Z INFO [1350/2500] 76efbb60-bc1f-4940-b1aa-bfa548a93441: valid; 1.3 s; peak memory 10006 MiB.
2026-10-06T12:20:52Z INFO [1350/2500] 76efbb60-bc1f-4940-b1aa-bfa548a93441: checkpointed 142360 records.
2026-10-06T12:20:53Z INFO [1351/2500] 76efd2ea-7255-4e1e-803e-93d286915224: valid; 1.6 s; peak memory 10006 MiB.
2026-10-06T12:20:54Z INFO [1352/2500] 76f0d852-17b5-4870-a394-67f6103bfb67: valid; 1.3 s; peak memory 10006 MiB.
2026-10-06T12:21:02Z INFO [1353/2500] 76f0e33d-5538-411d-9dfb-40806796e5b0: valid; 7.2 s; peak memory 10006 MiB.
2026-10-06T12:21:04Z INFO [1354/2500] 76f18469-26bc-4a25-8e9e-5e138fe7fac3: valid; 2.5 s; peak memory 10006 MiB.
2026-10-06T12:21:06Z INFO [1355/2500] 76f1ccad-f16c-4746-ab6f-b7f59afa4751: valid; 1.9 s; peak memory 10006 MiB.
2026-10-06T12:21:07Z INFO [1356/2500] 76f1e4c6-04bf-4ce7-ba6e-4cd9793ffd17: not valid; 1.4 s; peak memory 10006 MiB.
2026-10-06T12:21:10Z INFO [1357/2500] 76f278ad-dfa0-4480-ae31-0af8eb455e0e: valid; 2.5 s; peak memory 10006 MiB.
2026-10-06T12:21:11Z INFO [1358/2500] 76f30534-3666-4072-83d0-223cd812a526: not valid; 1.4 s; peak memory 10006 MiB.
2026-10-06T12:21:13Z INFO [1359/2500] 76f35d56-4ab4-4372-a107-57be59ae7b0f: not valid; 1.2 s; peak memory 10006 MiB.
2026-10-06T12:21:16Z INFO [1360/2500] 76f37924-c984-491d-bc09-9f4341c0e639: valid; 3.8 s; peak memory 10006 MiB.
2026-10-06T12:21:17Z WARNING 76f38d81-dace-46a4-b6b8-0dcb7e4f091f: failed while retrieving asset information from the DANDI API (NotFoundError: No asset at path 'sub-healthy-simulated-lfp/sub-healthy-simulated-lfp_ses-7488_ecephys.nwb' in version 0.250327.2220. Verify the path is correct and the asset exists in this version. Use 'dandi ls' to list available assets.)
2026-10-06T12:21:20Z INFO [1362/2500] 76f3a93b-ef62-4bb6-8bd5-aa6311e587f6: valid; 3.4 s; peak memory 10006 MiB.
2026-10-06T12:21:22Z INFO [1363/2500] 76f44008-e85b-4bc5-b924-85ef3bb2eaf2: valid; 2.4 s; peak memory 10006 MiB.
2026-10-06T12:21:25Z INFO [1364/2500] 76f49b52-f259-4f8d-bb7a-808212f7c2b0: valid; 2.3 s; peak memory 10006 MiB.
2026-10-06T12:21:26Z INFO [1365/2500] 76f505f6-8bbf-4f2c-91d1-e54e0927f586: valid; 1.6 s; peak memory 10006 MiB.
2026-10-06T12:23:21Z INFO [1366/2500] 76f5240d-f489-4321-bd1a-7a6841d359a3: valid; 114.9 s; peak memory 10006 MiB.
2026-10-06T12:23:23Z INFO [1367/2500] 76f52db5-4990-4350-9d35-ac442d8751ef: valid; 2.1 s; peak memory 10006 MiB.
2026-10-06T12:23:27Z INFO [1368/2500] 76f66354-27da-44a7-bc6e-b1758df76bc9: valid; 3.7 s; peak memory 10006 MiB.
2026-10-06T12:23:30Z INFO [1369/2500] 76f7bb69-caa3-4ead-b956-67648274cbc8: valid; 2.8 s; peak memory 10006 MiB.
2026-10-06T12:23:40Z INFO [1370/2500] 76f8cdd6-9c68-442a-963f-78a7209412e8: valid; 10.5 s; peak memory 10006 MiB.
2026-10-06T12:23:40Z WARNING 76f8e213-ae84-48af-862f-4ce203e3f3fa: failed while retrieving asset information from the DANDI API (NotFoundError: No asset at path 'sub-parkinson-simulated-beta/sub-parkinson-simulated-beta_ses-8887_ecephys.nwb' in version 0.250327.2220. Verify the path is correct and the asset exists in this version. Use 'dandi ls' to list available assets.)
2026-10-06T12:23:43Z INFO [1372/2500] 76f8e6ff-6c66-419d-8ad4-5ab029e56163: valid; 3.0 s; peak memory 10006 MiB.
2026-10-06T12:23:46Z INFO [1373/2500] 76f8fe61-02c9-4536-b8be-a7d91560c115: valid; 2.4 s; peak memory 10006 MiB.
2026-10-06T12:23:48Z INFO [1374/2500] 76f944fe-0715-49f6-b2e3-eaebdf998d50: valid; 2.5 s; peak memory 10006 MiB.
2026-10-06T12:23:50Z INFO [1375/2500] 76f9e68b-7dee-438f-8ba2-be36cc871b3d: valid; 2.2 s; peak memory 10006 MiB.
2026-10-06T12:23:53Z INFO [1376/2500] 76fa19a2-a099-4dee-bee8-b836956abe01: valid; 2.3 s; peak memory 10006 MiB.
2026-10-06T12:23:54Z INFO [1377/2500] 76fab41e-0160-4f28-9a8a-41a0f2406f01: valid; 1.9 s; peak memory 10006 MiB.
2026-10-06T12:23:56Z INFO [1378/2500] 76fadaa8-b426-42ef-9fca-5a0131adc4e2: valid; 1.2 s; peak memory 10006 MiB.
2026-10-06T12:23:57Z INFO [1379/2500] 76fcf92b-6681-498b-8e6e-ab9d5362af5b: valid; 1.2 s; peak memory 10006 MiB.
2026-10-06T12:23:58Z INFO [1380/2500] 76fd0d91-20a6-4913-8e70-b557dee2a909: not valid; 1.4 s; peak memory 10006 MiB.
2026-10-06T12:24:06Z INFO [1381/2500] 76fd27f1-a756-47f7-8c84-51af880ebfc3: valid; 7.6 s; peak memory 10006 MiB.
2026-10-06T12:24:07Z INFO [1382/2500] 76fdff20-181c-44f7-bac5-a885292f5e59: valid; 1.2 s; peak memory 10006 MiB.
2026-10-06T12:24:08Z INFO [1383/2500] 76fe5a7a-8b36-4dbe-8f95-02a53adf6331: valid; 1.2 s; peak memory 10006 MiB.
2026-10-06T12:24:12Z INFO [1384/2500] 76fe6d9e-6251-47d3-a773-8b8e839ef558: valid; 3.7 s; peak memory 10006 MiB.
2026-10-06T12:24:13Z INFO [1385/2500] 76fe8912-d7a4-490f-875a-578a45f66eb8: valid; 1.1 s; peak memory 10006 MiB.
2026-10-06T12:24:16Z INFO [1386/2500] 76ff0309-d5d8-445c-96f1-0df3d662ffc7: valid; 2.7 s; peak memory 10006 MiB.
2026-10-06T12:24:17Z INFO [1387/2500] 76ff6e02-afe4-4df5-9c9d-e57570eac772: valid; 1.2 s; peak memory 10006 MiB.
2026-10-06T12:24:19Z INFO [1388/2500] 76ffa489-244a-4aa3-8992-4ecb4699a3de: valid; 2.5 s; peak memory 10006 MiB.
2026-10-06T12:24:23Z INFO [1389/2500] 76fffaf2-630c-4ef2-a410-e1d314016a54: valid; 3.5 s; peak memory 10006 MiB.
2026-10-06T12:24:25Z WARNING 770141e6-52ec-46ac-a75f-cc38e8931751: failed while opening the NWB file (ConstructError: (root/acquisition/_iblmic_audioSpectrogram/bands GroupBuilder {'attributes': {'colnames': array(['freq'], dtype=object), 'description': 'spectogram frequencies', 'namespace': 'core', 'neurodata_type': 'FrequencyBandsTable', 'object_id': '3193364d-76e6-4711-87b4-9e6ce24fa9d7'}, 'groups': {}, 'datasets': {'freq': root/acquisition/_iblmic_audioSpectrogram/bands/freq DatasetBuilder {'attributes': {'description': 'frequency value', 'namespace': 'hdmf-common', 'neurodata_type': 'VectorData', 'object_id': 'a19c5b88-3d9e-4823-8777-bd100ecf7d2b'}, 'data': <HDF5 dataset "freq": shape (257,), type "<f4">}, 'id': root/acquisition/_iblmic_audioSpectrogram/bands/id DatasetBuilder {'attributes': {'namespace': 'hdmf-common', 'neurodata_type': 'ElementIdentifiers', 'object_id': '298f2b0e-ee18-4d0c-9fb8-f4b6aeadcf3b'}, 'data': <HDF5 dataset "id": shape (257,), type "<i4">}}, 'links': {}}, "Could not construct FrequencyBandsTable object due to: column must have the same number of rows as 'id'"))
2026-10-06T12:24:26Z INFO [1391/2500] 77021656-0240-4d1f-90ee-1ff265b235ec: valid; 1.1 s; peak memory 10006 MiB.
2026-10-06T12:24:31Z INFO [1392/2500] 7702de29-f50a-46a8-a1ab-fe31c9fd4c84: valid; 5.6 s; peak memory 10006 MiB.
2026-10-06T12:24:33Z INFO [1393/2500] 770347f5-59df-497b-86a3-8741b3cd884f: not valid; 1.4 s; peak memory 10006 MiB.
2026-10-06T12:24:35Z INFO [1394/2500] 77035385-6023-4a37-b262-76dc6efee72d: valid; 1.7 s; peak memory 10006 MiB.
2026-10-06T12:24:36Z INFO [1395/2500] 77035a53-c012-4a1c-89a2-57533ad8ff15: valid; 1.3 s; peak memory 10006 MiB.
2026-10-06T12:24:39Z INFO [1396/2500] 77039241-5fa9-415d-8cd9-574ef1f67eaf: valid; 2.8 s; peak memory 10006 MiB.
2026-10-06T12:24:48Z INFO [1397/2500] 7703ab64-a5b2-432e-84de-f588a4ee1a39: valid; 9.4 s; peak memory 10006 MiB.
2026-10-06T12:24:50Z INFO [1398/2500] 770422d8-e053-4f79-ad13-237f698ea804: valid; 1.8 s; peak memory 10006 MiB.
2026-10-06T12:24:52Z INFO [1399/2500] 7704b5cb-30be-4905-b64c-f6eb907f3f7d: valid; 2.1 s; peak memory 10006 MiB.
2026-10-06T12:24:55Z INFO [1400/2500] 7704e821-e17f-426b-ae03-a77f4dd2c7e0: valid; 2.9 s; peak memory 10006 MiB.
2026-10-06T12:24:56Z INFO [1400/2500] 7704e821-e17f-426b-ae03-a77f4dd2c7e0: checkpointed 142410 records.
2026-10-06T12:24:57Z INFO [1401/2500] 77054bef-2de4-4c1e-ac66-8cb712e631d6: valid; 1.3 s; peak memory 10006 MiB.
2026-10-06T12:25:11Z INFO [1402/2500] 77068f1e-359e-419a-9d53-1cebfb9be2c5: valid; 13.4 s; peak memory 10006 MiB.
2026-10-06T12:25:11Z WARNING 77081ada-94b1-46ad-95fb-7bae585b43e3: failed while retrieving asset information from the DANDI API (NotFoundError: No asset at path 'sub-ZS062/sub-ZS062_ses-behavior-ZS062-2021-03-25-18-44-20.nwb' in version 0.260928.2230. Verify the path is correct and the asset exists in this version. Use 'dandi ls' to list available assets.)
2026-10-06T12:25:12Z INFO [1404/2500] 77086ca9-28b7-4806-bedc-648211db85fc: not valid; 0.9 s; peak memory 10006 MiB.
2026-10-06T12:25:13Z INFO [1405/2500] 7708a79e-e44d-446c-9959-e7cec9619d1e: valid; 1.6 s; peak memory 10006 MiB.
2026-10-06T12:25:15Z INFO [1406/2500] 7708c389-0ff9-45d1-8bf2-00c77eb3c4d6: valid; 1.4 s; peak memory 10006 MiB.
2026-10-06T12:25:16Z INFO [1407/2500] 77092ebf-a5f5-4058-b2e3-6b8505f53ea1: valid; 1.3 s; peak memory 10006 MiB.
2026-10-06T12:25:18Z INFO [1408/2500] 77097dc5-757e-4021-9ec9-f97dc107feff: valid; 1.8 s; peak memory 10006 MiB.
2026-10-06T12:25:21Z INFO [1409/2500] 77098fd1-76c8-4b3c-9d1f-9b5934427e3c: valid; 3.7 s; peak memory 10006 MiB.
2026-10-06T12:25:23Z INFO [1410/2500] 7709f8d3-3d4a-4b86-8e80-6617f9b24aee: valid; 1.8 s; peak memory 10006 MiB.
2026-10-06T12:25:23Z WARNING 770a0869-b6ec-471e-aec8-e8c7214163b3: failed while retrieving asset information from the DANDI API (NotFoundError: No such Dandiset: 001533)
2026-10-06T12:25:25Z INFO [1412/2500] 770aa674-1859-4d08-a418-94908d026341: valid; 1.6 s; peak memory 10006 MiB.
2026-10-06T12:25:26Z INFO [1413/2500] 770ae486-dc85-4385-8793-b3fc171ad45c: valid; 1.2 s; peak memory 10006 MiB.
2026-10-06T12:25:28Z INFO [1414/2500] 770c5af3-5c81-443b-aa19-2880c7c5f7cc: valid; 1.7 s; peak memory 10006 MiB.
2026-10-06T12:25:30Z INFO [1415/2500] 770c8711-4b5b-432c-b459-f480cb71e850: valid; 1.7 s; peak memory 10006 MiB.
2026-10-06T12:25:31Z INFO [1416/2500] 770cf52e-a763-4048-bae0-546513cbfb78: valid; 1.2 s; peak memory 10006 MiB.
2026-10-06T12:25:32Z INFO [1417/2500] 770d6546-7de4-4636-9f2a-89a463b6dc73: not valid; 1.4 s; peak memory 10006 MiB.
2026-10-06T12:25:34Z INFO [1418/2500] 770df9b9-bacb-43e5-89cd-3866d411977c: valid; 1.5 s; peak memory 10006 MiB.
2026-10-06T12:25:38Z INFO [1419/2500] 770dfb71-73c4-4f63-83c6-498ed9262449: valid; 4.1 s; peak memory 10006 MiB.
2026-10-06T12:25:44Z INFO [1420/2500] 770e641e-9ef3-40cb-83ef-d7c0c78d4748: valid; 6.8 s; peak memory 10006 MiB.
2026-10-06T12:25:46Z INFO [1421/2500] 770f4269-39c8-4369-9003-21d5837bb584: valid; 1.0 s; peak memory 10006 MiB.
2026-10-06T12:25:50Z INFO [1422/2500] 770f6c4d-100a-4229-b342-fc5117fb55ad: valid; 4.4 s; peak memory 10006 MiB.
2026-10-06T12:25:51Z INFO [1423/2500] 770f7e6f-5bc1-45d3-84ec-9b7f1708f7c4: valid; 1.1 s; peak memory 10006 MiB.
2026-10-06T12:25:59Z INFO [1424/2500] 770fb22e-e62c-4931-85ec-e4578124570b: not valid; 8.4 s; peak memory 10006 MiB.
2026-10-06T12:26:02Z INFO [1425/2500] 77103aa5-2946-47db-a414-ed8d35baf453: valid; 2.1 s; peak memory 10006 MiB.
2026-10-06T12:26:05Z INFO [1426/2500] 771052b3-03b6-4fd2-8604-c483825f1cfb: valid; 4.0 s; peak memory 10006 MiB.
2026-10-06T12:26:08Z INFO [1427/2500] 77116c36-a5b8-41b6-a289-7f8759c4486f: valid; 2.6 s; peak memory 10006 MiB.
2026-10-06T12:26:10Z INFO [1428/2500] 7711b286-8343-40e7-a53d-46e604ae233e: valid; 2.4 s; peak memory 10006 MiB.
2026-10-06T12:26:13Z INFO [1429/2500] 7711cf23-7844-4b1f-b4db-2f8297b77b3c: valid; 2.4 s; peak memory 10006 MiB.
2026-10-06T12:26:14Z INFO [1430/2500] 7711ecde-0426-401b-8d79-168011aacbf8: not valid; 1.6 s; peak memory 10006 MiB.
2026-10-06T12:26:28Z INFO [1431/2500] 7711f22f-b4f4-431f-bc70-461df1c1264d: valid; 13.6 s; peak memory 10006 MiB.
2026-10-06T12:26:29Z INFO [1432/2500] 77122811-6c37-4df8-a71a-551b01faed96: valid; 1.2 s; peak memory 10006 MiB.
2026-10-06T12:26:31Z INFO [1433/2500] 77123d54-8586-4831-ab86-fac078c1b7d7: valid; 1.4 s; peak memory 10006 MiB.
2026-10-06T12:26:33Z INFO [1434/2500] 77129805-c1d8-4779-a544-a472289dd032: valid; 2.1 s; peak memory 10006 MiB.
2026-10-06T12:26:34Z INFO [1435/2500] 77139c29-1797-49a8-851a-58fbb6f7e482: valid; 1.2 s; peak memory 10006 MiB.
2026-10-06T12:26:36Z INFO [1436/2500] 77144c79-4a84-4917-a912-17cc488db89f: valid; 2.1 s; peak memory 10006 MiB.
2026-10-06T12:26:37Z INFO [1437/2500] 77148156-6b9c-499b-9361-d3d51a5c4971: not valid; 1.6 s; peak memory 10006 MiB.
2026-10-06T12:26:38Z INFO [1438/2500] 77148cd5-4af4-426e-b008-52f3e63d1a36: valid; 1.0 s; peak memory 10006 MiB.
2026-10-06T12:26:40Z INFO [1439/2500] 7714b704-e241-4614-a4b8-462335064f1a: not valid; 1.8 s; peak memory 10006 MiB.
2026-10-06T12:26:42Z INFO [1440/2500] 7714cb8d-3d9e-48f7-85f3-6a4351f1ce69: not valid; 1.3 s; peak memory 10006 MiB.
2026-10-06T12:26:44Z INFO [1441/2500] 7714d1f0-a108-43f0-9c86-f3501776c98a: valid; 2.0 s; peak memory 10006 MiB.
2026-10-06T12:26:49Z INFO [1442/2500] 77153b10-c6b2-4612-8fb2-db4fd78e56e8: valid; 4.9 s; peak memory 10006 MiB.
2026-10-06T12:26:50Z INFO [1443/2500] 7715714d-5e29-414b-805f-bd79b6c838a1: valid; 1.1 s; peak memory 10006 MiB.
2026-10-06T12:26:51Z WARNING 77166ca1-1e3a-4d22-ac23-05dd11f986c9: failed while opening the NWB file (ValueError: Cannot resolve included group spec 'electrodes' with data_type_inc 'ElectrodesTable' because a group spec with the same name already exists with data_type_inc 'DynamicTable', and data type 'DynamicTable' is not a child type of data type 'ElectrodesTable'.)
2026-10-06T12:26:57Z INFO [1445/2500] 7716710f-c670-4ab5-9a57-c9dd84211b55: valid; 6.0 s; peak memory 10006 MiB.
2026-10-06T12:27:00Z INFO [1446/2500] 7716cc19-f8be-4552-821f-4c4ca7a60432: valid; 2.5 s; peak memory 10006 MiB.
2026-10-06T12:27:02Z INFO [1447/2500] 7716f8e7-00b5-4e46-8152-f84ad2f34601: valid; 2.1 s; peak memory 10006 MiB.
2026-10-06T12:27:05Z INFO [1448/2500] 771727ed-651f-4ce7-a9b5-0ba3d50c487b: valid; 3.5 s; peak memory 10006 MiB.
2026-10-06T12:27:07Z INFO [1449/2500] 7717367f-f72b-4dd9-84de-fa80b0676551: valid; 2.2 s; peak memory 10006 MiB.
2026-10-06T12:27:23Z INFO [1450/2500] 7717e2df-b8f7-4688-8047-027f62e327ba: valid; 16.0 s; peak memory 10006 MiB.
2026-10-06T12:27:24Z INFO [1450/2500] 7717e2df-b8f7-4688-8047-027f62e327ba: checkpointed 142460 records.
2026-10-06T12:27:26Z INFO [1451/2500] 7718867e-1029-4638-9cfd-6060b86f41a8: valid; 1.7 s; peak memory 10006 MiB.
2026-10-06T12:27:27Z INFO [1452/2500] 7718cb1b-f12e-49d3-8fce-b42e402a7795: not valid; 1.3 s; peak memory 10006 MiB.
2026-10-06T12:27:33Z INFO [1453/2500] 7718e4c4-19c2-4567-b87d-8fe79d00697b: not valid; 5.7 s; peak memory 10006 MiB.
2026-10-06T12:27:34Z INFO [1454/2500] 77192515-77f7-432b-bd2b-39f88ef9496c: valid; 1.2 s; peak memory 10006 MiB.
2026-10-06T12:27:36Z INFO [1455/2500] 7719aeaf-a76e-402e-9e2d-008be5255aeb: not valid; 1.4 s; peak memory 10006 MiB.
2026-10-06T12:27:37Z INFO [1456/2500] 7719cc41-5c25-4046-a829-f80b1ef71280: not valid; 1.6 s; peak memory 10006 MiB.
2026-10-06T12:27:40Z INFO [1457/2500] 771a0e71-98e4-411a-a883-aa40836f973a: valid; 2.3 s; peak memory 10006 MiB.
2026-10-06T12:27:45Z INFO [1458/2500] 771a29cf-72c2-4da3-8794-7f2c1af819c5: valid; 5.0 s; peak memory 10006 MiB.
2026-10-06T12:27:46Z INFO [1459/2500] 771a4c68-00a3-44ff-90ca-9d69c6595a8f: valid; 1.8 s; peak memory 10006 MiB.
2026-10-06T12:27:47Z INFO [1460/2500] 771bf968-bb91-4188-8a7f-1f0570f38c70: valid; 1.1 s; peak memory 10006 MiB.
2026-10-06T12:27:49Z INFO [1461/2500] 771cdc85-a000-453c-970d-61b05fe20da8: not valid; 1.7 s; peak memory 10006 MiB.
2026-10-06T12:27:51Z INFO [1462/2500] 771da72f-704e-456b-84d6-9ff8c2ada686: valid; 1.7 s; peak memory 10006 MiB.
2026-10-06T12:27:53Z INFO [1463/2500] 771e0c71-1a42-4aef-a925-185125ccc8e5: valid; 2.3 s; peak memory 10006 MiB.
2026-10-06T12:28:02Z INFO [1464/2500] 771e810c-113d-4191-9989-ca92233defe4: valid; 8.8 s; peak memory 10006 MiB.
2026-10-06T12:28:03Z INFO [1465/2500] 771f0bb1-3efb-4eb6-9e9c-08bc15c06bfc: valid; 0.9 s; peak memory 10006 MiB.
2026-10-06T12:28:04Z INFO [1466/2500] 771f11e0-f6fb-47ba-b92d-c340c36fdd1a: valid; 1.0 s; peak memory 10006 MiB.
2026-10-06T12:28:14Z INFO [1467/2500] 771f9077-a000-4ea6-964d-26452a286fcd: valid; 10.0 s; peak memory 10006 MiB.
2026-10-06T12:28:16Z INFO [1468/2500] 771fa859-bcd7-45f2-aea5-b02f4d5ab1f2: not valid; 1.7 s; peak memory 10006 MiB.
2026-10-06T12:28:20Z INFO [1469/2500] 772003e6-2536-4f8a-8398-4ad3d858ca40: not valid; 4.0 s; peak memory 10006 MiB.
2026-10-06T12:28:21Z INFO [1470/2500] 7721566e-85c0-4cfa-b40d-7c301b6d0cc1: not valid; 1.3 s; peak memory 10006 MiB.
2026-10-06T12:28:23Z WARNING 7721896f-2da6-4d1b-9a57-68d03a8f5fe4: failed while opening the NWB file (ConstructError: (root/acquisition/_iblmic_audioSpectrogram/bands GroupBuilder {'attributes': {'colnames': array(['freq'], dtype=object), 'description': 'spectogram frequencies', 'namespace': 'core', 'neurodata_type': 'FrequencyBandsTable', 'object_id': 'efd49e7a-c7bd-47b2-890c-30dff854e4d5'}, 'groups': {}, 'datasets': {'freq': root/acquisition/_iblmic_audioSpectrogram/bands/freq DatasetBuilder {'attributes': {'description': 'frequency value', 'namespace': 'hdmf-common', 'neurodata_type': 'VectorData', 'object_id': '3f20f049-d795-4bc8-8b55-63ba273cef48'}, 'data': <HDF5 dataset "freq": shape (257,), type "<f4">}, 'id': root/acquisition/_iblmic_audioSpectrogram/bands/id DatasetBuilder {'attributes': {'namespace': 'hdmf-common', 'neurodata_type': 'ElementIdentifiers', 'object_id': 'bd952e92-5a13-4f25-aea2-b9ed93991f25'}, 'data': <HDF5 dataset "id": shape (257,), type "<i4">}}, 'links': {}}, "Could not construct FrequencyBandsTable object due to: column must have the same number of rows as 'id'"))
2026-10-06T12:28:24Z INFO [1472/2500] 7721ec1e-986a-4239-a3a7-9c7d8bc2455b: valid; 1.6 s; peak memory 10006 MiB.
2026-10-06T12:28:26Z INFO [1473/2500] 77223645-49c1-4fd3-a325-6f2653f53b9d: valid; 1.9 s; peak memory 10006 MiB.
2026-10-06T12:28:39Z INFO [1474/2500] 772259f0-4d53-454d-87c4-822e42664fa0: valid; 13.4 s; peak memory 10006 MiB.
2026-10-06T12:28:41Z INFO [1475/2500] 77227f09-9e6e-4418-b960-ce14614a8b84: valid; 1.2 s; peak memory 10006 MiB.
2026-10-06T12:28:43Z INFO [1476/2500] 7722863c-dc0f-4115-a20d-38cb5b230f45: valid; 2.3 s; peak memory 10006 MiB.
2026-10-06T12:28:44Z INFO [1477/2500] 7723b3b7-2350-43f4-b517-97fdd094205d: valid; 1.4 s; peak memory 10006 MiB.
2026-10-06T12:28:46Z INFO [1478/2500] 772436a2-865f-4de6-854c-4f4b40b0302c: valid; 2.2 s; peak memory 10006 MiB.
2026-10-06T12:28:48Z INFO [1479/2500] 7724bb22-37da-4d1a-8509-c6e4a57c942d: valid; 1.7 s; peak memory 10006 MiB.
2026-10-06T12:28:49Z INFO [1480/2500] 7724c95f-cf88-4931-8c01-e5f3b64e7fc4: valid; 1.1 s; peak memory 10006 MiB.
2026-10-06T12:28:51Z INFO [1481/2500] 7725cfab-b9ee-4be6-bb27-53aecdcae318: valid; 1.7 s; peak memory 10006 MiB.
2026-10-06T12:28:53Z INFO [1482/2500] 7727219a-0757-4a98-9bfd-4aed285f5259: not valid; 2.3 s; peak memory 10006 MiB.
2026-10-06T12:28:55Z INFO [1483/2500] 77281fec-e87e-4710-a90e-d52fe8864103: valid; 1.3 s; peak memory 10006 MiB.
2026-10-06T12:28:56Z INFO [1484/2500] 77293b9c-c21f-4aee-affe-9df4f7db02e9: valid; 1.1 s; peak memory 10006 MiB.
2026-10-06T12:28:57Z INFO [1485/2500] 7729a671-1173-4f7d-bdd6-2d248d2015b6: not valid; 1.3 s; peak memory 10006 MiB.
2026-10-06T12:28:59Z INFO [1486/2500] 7729af31-d916-424b-9a86-851ebd056a26: not valid; 1.5 s; peak memory 10006 MiB.
2026-10-06T12:29:00Z INFO [1487/2500] 772a20a7-d2b2-40c4-81aa-7c414c78ba6c: valid; 1.7 s; peak memory 10006 MiB.
2026-10-06T12:29:02Z INFO [1488/2500] 772b35a8-667f-4f2b-98cf-0f749c3e58c8: valid; 1.6 s; peak memory 10006 MiB.
2026-10-06T12:29:04Z INFO [1489/2500] 772b36db-a944-467c-8574-2d0b54942b73: valid; 2.3 s; peak memory 10006 MiB.
2026-10-06T12:29:06Z INFO [1490/2500] 772d11d2-3a3c-497d-8b02-f73a1f0e5b80: not valid; 2.2 s; peak memory 10006 MiB.
2026-10-06T12:29:16Z INFO [1491/2500] 772d138b-e6ce-4d14-ad55-717302123c4a: valid; 9.9 s; peak memory 10006 MiB.
2026-10-06T12:29:18Z INFO [1492/2500] 772d44b0-5465-494b-b052-cd323d996ac8: not valid; 1.3 s; peak memory 10006 MiB.
2026-10-06T12:29:20Z INFO [1493/2500] 772e2bfb-489a-4376-b588-ad679909c226: valid; 1.9 s; peak memory 10006 MiB.
2026-10-06T12:29:21Z INFO [1494/2500] 772e384e-718c-48e0-ad7d-ed8d36e68aeb: valid; 1.2 s; peak memory 10006 MiB.
2026-10-06T12:29:23Z INFO [1495/2500] 772f0304-18d8-4843-8b25-80bf07593e40: valid; 2.0 s; peak memory 10006 MiB.
2026-10-06T12:29:24Z INFO [1496/2500] 772f0f3d-8a74-45b0-9068-02fb57552d4c: valid; 1.3 s; peak memory 10006 MiB.
2026-10-06T12:29:26Z INFO [1497/2500] 772f370b-a7a2-4eaf-b0d0-e6c31b62b461: valid; 2.2 s; peak memory 10006 MiB.
2026-10-06T12:29:28Z INFO [1498/2500] 772faa9f-0cb9-40f2-948d-08aa584b8ac8: not valid; 1.8 s; peak memory 10006 MiB.
2026-10-06T12:29:29Z INFO [1499/2500] 772fda03-2b38-4b0e-bd1b-15310c5319a6: not valid; 1.3 s; peak memory 10006 MiB.
2026-10-06T12:29:31Z INFO [1500/2500] 773024bc-2539-44b2-b6e2-549d45ddbad2: not valid; 1.4 s; peak memory 10006 MiB.
2026-10-06T12:29:32Z INFO [1500/2500] 773024bc-2539-44b2-b6e2-549d45ddbad2: checkpointed 142510 records.
2026-10-06T12:29:33Z INFO [1501/2500] 77306c7e-7fe0-4b3f-9a38-4a1fc2558abf: valid; 1.5 s; peak memory 10006 MiB.
2026-10-06T12:29:41Z INFO [1502/2500] 77306fbb-0500-410e-909a-07bd4db3aada: valid; 8.2 s; peak memory 10006 MiB.
2026-10-06T12:29:43Z INFO [1503/2500] 7730ccae-89b8-47f2-8d35-283eaca52749: not valid; 1.7 s; peak memory 10006 MiB.
2026-10-06T12:29:45Z INFO [1504/2500] 7730ce55-0a58-493b-9fea-a730748bf1cd: valid; 2.3 s; peak memory 10006 MiB.
2026-10-06T12:29:47Z INFO [1505/2500] 77313bcf-b619-476e-a5e7-125b4063dee1: not valid; 1.6 s; peak memory 10006 MiB.
2026-10-06T12:29:49Z INFO [1506/2500] 77315141-5c7f-485f-b1d3-405a037f1c27: valid; 1.6 s; peak memory 10006 MiB.
2026-10-06T12:29:53Z INFO [1507/2500] 7731f836-044d-4770-8dbb-e444dbbc0f2e: valid; 4.8 s; peak memory 10006 MiB.
2026-10-06T12:29:55Z INFO [1508/2500] 7732020e-337e-4a1b-a246-1face81c8db0: valid; 1.6 s; peak memory 10006 MiB.
2026-10-06T12:29:56Z INFO [1509/2500] 77321e1e-31cd-4c97-a74e-0540af451513: valid; 1.3 s; peak memory 10006 MiB.
2026-10-06T12:29:58Z INFO [1510/2500] 77322b74-8921-46b7-bfa0-33426786e7c8: valid; 2.0 s; peak memory 10006 MiB.
2026-10-06T12:30:11Z INFO [1511/2500] 773243c0-7260-457c-90d2-0c2ce2640bd4: valid; 13.0 s; peak memory 10006 MiB.
2026-10-06T12:30:13Z INFO [1512/2500] 7733a833-71b6-4f07-a5bb-acb3d3319652: valid; 1.4 s; peak memory 10006 MiB.
2026-10-06T12:30:22Z INFO [1513/2500] 7733b9b5-b093-4f7f-bfb8-b20137d2b3eb: not valid; 9.0 s; peak memory 10006 MiB.
2026-10-06T12:30:24Z INFO [1514/2500] 77343bd2-b593-4517-afed-861c940eae85: not valid; 2.3 s; peak memory 10006 MiB.
2026-10-06T12:30:26Z INFO [1515/2500] 7734699e-c836-4e4f-858b-4cbe00763e97: valid; 1.7 s; peak memory 10006 MiB.
2026-10-06T12:30:30Z INFO [1516/2500] 7734796e-b8fd-4483-8df0-acc5602549fd: valid; 4.1 s; peak memory 10006 MiB.
2026-10-06T12:30:31Z INFO [1517/2500] 77353cc9-d898-40c0-8614-9097da4e1379: valid; 1.4 s; peak memory 10006 MiB.
2026-10-06T12:30:32Z INFO [1518/2500] 7735e483-1167-4b08-a078-628cfbc05c29: valid; 1.2 s; peak memory 10006 MiB.
2026-10-06T12:30:34Z INFO [1519/2500] 7735f147-5401-46be-bbe7-cc2ca4ccfbc5: valid; 2.1 s; peak memory 10006 MiB.
2026-10-06T12:30:36Z INFO [1520/2500] 77363275-41aa-45d1-b435-4b7f8dc76e99: valid; 2.2 s; peak memory 10006 MiB.
2026-10-06T12:30:38Z INFO [1521/2500] 773633cf-89da-48b4-9f56-fb784497edf2: not valid; 1.5 s; peak memory 10006 MiB.
2026-10-06T12:30:39Z INFO [1522/2500] 77364937-d552-4c88-9d6f-288e59c9464e: valid; 1.0 s; peak memory 10006 MiB.
2026-10-06T12:30:47Z INFO [1523/2500] 77365f90-967b-4190-ad63-9e66ac49177f: valid; 7.7 s; peak memory 10006 MiB.
2026-10-06T12:30:48Z INFO [1524/2500] 773670ea-22bb-4ae9-9e8a-0fa1c726d8af: not valid; 1.4 s; peak memory 10006 MiB.
2026-10-06T12:30:49Z INFO [1525/2500] 773677cf-c832-425d-8749-7322ee564dd0: valid; 1.1 s; peak memory 10006 MiB.
2026-10-06T12:30:51Z INFO [1526/2500] 773790ee-c768-4402-bdf4-23bd4f1bf4d8: valid; 1.5 s; peak memory 10006 MiB.
2026-10-06T12:30:52Z INFO [1527/2500] 773842e7-9b69-4431-a487-cd3d93cb5445: valid; 1.2 s; peak memory 10006 MiB.
2026-10-06T12:30:55Z INFO [1528/2500] 773847af-5595-4b53-a0c8-fff207362ea6: valid; 2.6 s; peak memory 10006 MiB.
2026-10-06T12:30:56Z INFO [1529/2500] 7738acf4-124b-471a-9a01-b387d5d7096d: not valid; 1.6 s; peak memory 10006 MiB.
2026-10-06T12:30:58Z INFO [1530/2500] 7738bd1b-a011-477d-8420-dcbaa282bdc5: not valid; 2.0 s; peak memory 10006 MiB.
2026-10-06T12:31:02Z INFO [1531/2500] 77394875-4b1b-4a32-85d2-8a150688101a: not valid; 3.4 s; peak memory 10006 MiB.
2026-10-06T12:31:03Z WARNING 773957d5-d83b-4bfa-86c3-0d6342886fd6: failed while opening the NWB file (ConstructError: (root/acquisition/_iblmic_audioSpectrogram/bands GroupBuilder {'attributes': {'colnames': array(['freq'], dtype=object), 'description': 'spectogram frequencies', 'namespace': 'core', 'neurodata_type': 'FrequencyBandsTable', 'object_id': '043326b3-d1a7-4fbe-943f-a3928f9b7b8a'}, 'groups': {}, 'datasets': {'freq': root/acquisition/_iblmic_audioSpectrogram/bands/freq DatasetBuilder {'attributes': {'description': 'frequency value', 'namespace': 'hdmf-common', 'neurodata_type': 'VectorData', 'object_id': 'd4bb83b3-6c67-4839-bfeb-0e682d96efb7'}, 'data': <HDF5 dataset "freq": shape (257,), type "<f4">}, 'id': root/acquisition/_iblmic_audioSpectrogram/bands/id DatasetBuilder {'attributes': {'namespace': 'hdmf-common', 'neurodata_type': 'ElementIdentifiers', 'object_id': '2c8dbbe9-2d68-4ac6-a027-d92eb6c8dfd1'}, 'data': <HDF5 dataset "id": shape (257,), type "<i4">}}, 'links': {}}, "Could not construct FrequencyBandsTable object due to: column must have the same number of rows as 'id'"))
2026-10-06T12:31:04Z INFO [1533/2500] 773a608c-3f39-4b2f-962a-c4afbe5e2eb5: valid; 0.9 s; peak memory 10006 MiB.
2026-10-06T12:31:06Z INFO [1534/2500] 773ab39a-44b5-4ead-a459-04b26b5bfa19: valid; 1.9 s; peak memory 10006 MiB.
2026-10-06T12:31:07Z INFO [1535/2500] 773c51f4-59da-4df9-93ae-5d984877c611: valid; 1.6 s; peak memory 10006 MiB.
2026-10-06T12:31:09Z INFO [1536/2500] 773c9a00-7959-4f91-a003-946e94e9707c: not valid; 1.2 s; peak memory 10006 MiB.
2026-10-06T12:31:10Z INFO [1537/2500] 773ce605-a18e-431f-afb6-e28cf8ff8c3a: valid; 1.4 s; peak memory 10006 MiB.
2026-10-06T12:31:11Z INFO [1538/2500] 773d3ab7-24eb-469d-bdb2-e8027002f672: valid; 1.2 s; peak memory 10006 MiB.
2026-10-06T12:31:12Z INFO [1539/2500] 773d825b-99dc-4e2a-af68-022d117730d1: not valid; 0.9 s; peak memory 10006 MiB.
2026-10-06T12:31:14Z INFO [1540/2500] 773d929b-cc86-4380-82e1-11c58654eabd: valid; 2.0 s; peak memory 10006 MiB.
2026-10-06T12:31:17Z INFO [1541/2500] 773dfeb8-bd87-486d-86e0-98043cc0d8c6: valid; 2.5 s; peak memory 10006 MiB.
2026-10-06T12:31:18Z INFO [1542/2500] 773e0ac1-1597-4df9-9e46-e690e901fffc: valid; 1.7 s; peak memory 10006 MiB.
2026-10-06T12:31:21Z INFO [1543/2500] 773e10e3-4227-4f2a-a8b1-b4d7ce75bb4a: valid; 2.7 s; peak memory 10006 MiB.
2026-10-06T12:31:46Z INFO [1544/2500] 773e740c-0277-458f-b159-0388998381ff: valid; 25.1 s; peak memory 10006 MiB.
2026-10-06T12:31:47Z INFO [1545/2500] 773ea01c-5519-409c-9f85-7199aa6b8fe2: valid; 1.2 s; peak memory 10006 MiB.
2026-10-06T12:31:47Z WARNING 773ebdee-756e-4be0-8782-c313f3430fdd: failed while retrieving asset information from the DANDI API (NotFoundError: No asset at path 'sub-parkinson-simulated-lfp/sub-parkinson-simulated-lfp_ses-4022_ecephys.nwb' in version 0.250327.2220. Verify the path is correct and the asset exists in this version. Use 'dandi ls' to list available assets.)
2026-10-06T12:31:53Z INFO [1547/2500] 773f0055-71f5-4359-9a1f-f0fd0e5c7b53: valid; 5.8 s; peak memory 10006 MiB.
2026-10-06T12:31:54Z INFO [1548/2500] 773f517f-190c-4aa2-a830-10e5ab23db43: not valid; 1.3 s; peak memory 10006 MiB.
2026-10-06T12:31:56Z INFO [1549/2500] 773fde29-aee1-4c0a-87d9-214e9cc80cd6: valid; 1.3 s; peak memory 10006 MiB.
2026-10-06T12:31:58Z INFO [1550/2500] 7740508c-3198-48c5-861b-c4ec36a2e753: valid; 1.8 s; peak memory 10006 MiB.
2026-10-06T12:31:59Z INFO [1550/2500] 7740508c-3198-48c5-861b-c4ec36a2e753: checkpointed 142560 records.
2026-10-06T12:32:01Z INFO [1551/2500] 7741131d-5caa-4254-a2c7-ad3876588524: valid; 2.0 s; peak memory 10006 MiB.
2026-10-06T12:32:02Z INFO [1552/2500] 77414187-a10f-4fbc-a2aa-ef460da5ee1c: not valid; 1.3 s; peak memory 10006 MiB.
2026-10-06T12:32:04Z INFO [1553/2500] 7741f9f8-4149-439d-b245-a91231a03f9d: valid; 1.6 s; peak memory 10006 MiB.
2026-10-06T12:32:05Z INFO [1554/2500] 7742373d-7f1f-43b1-ac0a-bdeeec7a8716: valid; 1.2 s; peak memory 10006 MiB.
2026-10-06T12:32:06Z INFO [1555/2500] 774257a7-05dd-4295-81fa-04fe636b7909: valid; 1.6 s; peak memory 10006 MiB.
2026-10-06T12:32:06Z WARNING 77428b26-7576-4eba-aeb1-28d7844e6358: failed while retrieving asset information from the DANDI API (NotFoundError: No asset at path 'sub-healthy-simulated-beta/sub-healthy-simulated-beta_ses-2983_ecephys.nwb' in version 0.250327.2220. Verify the path is correct and the asset exists in this version. Use 'dandi ls' to list available assets.)
2026-10-06T12:32:08Z INFO [1557/2500] 7742ee19-0810-4e70-b6d1-ac122bc7a6ca: not valid; 1.2 s; peak memory 10006 MiB.
2026-10-06T12:32:10Z INFO [1558/2500] 77431a90-72d6-46fe-9d18-a31a1481246c: valid; 2.5 s; peak memory 10006 MiB.
2026-10-06T12:32:13Z INFO [1559/2500] 7743534b-96b4-4dc8-983d-623d9a950be2: not valid; 3.0 s; peak memory 10006 MiB.
2026-10-06T12:32:17Z INFO [1560/2500] 774355be-8373-434a-ac6c-756f35e6ae86: not valid; 3.8 s; peak memory 10006 MiB.
2026-10-06T12:32:25Z INFO [1561/2500] 77439a2e-7f2b-4839-b610-aa8f22f813db: valid; 7.8 s; peak memory 10006 MiB.
2026-10-06T12:32:26Z INFO [1562/2500] 7743e961-e979-490d-b945-079e569836a2: valid; 1.4 s; peak memory 10006 MiB.
2026-10-06T12:32:28Z INFO [1563/2500] 774411c3-fc79-4fb6-aaf6-0722509753b9: valid; 1.7 s; peak memory 10006 MiB.
2026-10-06T12:32:29Z INFO [1564/2500] 7744f807-3e5c-4d2a-8555-10282d6ab599: valid; 1.0 s; peak memory 10006 MiB.
2026-10-06T12:32:30Z INFO [1565/2500] 7745bae3-177f-44fd-8210-256a8a5b1242: valid; 0.9 s; peak memory 10006 MiB.
2026-10-06T12:32:32Z INFO [1566/2500] 7745dac7-22b9-4cf3-9cea-2e3730d56732: valid; 2.1 s; peak memory 10006 MiB.
2026-10-06T12:32:34Z INFO [1567/2500] 77464b55-e2c7-456a-ae9a-f2dcc5d07dba: not valid; 1.6 s; peak memory 10006 MiB.
2026-10-06T12:32:48Z INFO [1568/2500] 77466ef8-749c-4e68-aebc-566deb220e17: valid; 13.9 s; peak memory 10006 MiB.
2026-10-06T12:32:52Z INFO [1569/2500] 77469c11-e1a2-4c13-b225-74c2ada42737: not valid; 4.7 s; peak memory 10006 MiB.
2026-10-06T12:32:54Z INFO [1570/2500] 7746a0c9-1890-46d4-ace4-9080c6b843cd: valid; 2.1 s; peak memory 10006 MiB.
2026-10-06T12:32:56Z WARNING 7746e9a2-7417-4074-b6bd-5796d026f580: failed while opening the NWB file (ConstructError: (root/acquisition/_iblmic_audioSpectrogram/bands GroupBuilder {'attributes': {'colnames': array(['freq'], dtype=object), 'description': 'spectogram frequencies', 'namespace': 'core', 'neurodata_type': 'FrequencyBandsTable', 'object_id': 'ddff1281-7312-4159-ac88-87dd6bd5ef4d'}, 'groups': {}, 'datasets': {'freq': root/acquisition/_iblmic_audioSpectrogram/bands/freq DatasetBuilder {'attributes': {'description': 'frequency value', 'namespace': 'hdmf-common', 'neurodata_type': 'VectorData', 'object_id': '36c37533-0f62-4fb2-9ad6-0f64ace43a08'}, 'data': <HDF5 dataset "freq": shape (257,), type "<f4">}, 'id': root/acquisition/_iblmic_audioSpectrogram/bands/id DatasetBuilder {'attributes': {'namespace': 'hdmf-common', 'neurodata_type': 'ElementIdentifiers', 'object_id': 'b33725e2-c9d1-4195-8c83-35c3d0a49a13'}, 'data': <HDF5 dataset "id": shape (257,), type "<i4">}}, 'links': {}}, "Could not construct FrequencyBandsTable object due to: column must have the same number of rows as 'id'"))
2026-10-06T12:32:57Z INFO [1572/2500] 77470ae1-c7c8-4be2-b8f3-b9cb6613f894: valid; 1.3 s; peak memory 10006 MiB.
2026-10-06T12:32:59Z INFO [1573/2500] 774746d3-532e-46ca-b7ee-f2d501d8fc59: valid; 1.8 s; peak memory 10006 MiB.
2026-10-06T12:33:01Z INFO [1574/2500] 77480dbf-62c7-414c-9194-609791333d89: valid; 2.2 s; peak memory 10006 MiB.
2026-10-06T12:33:03Z INFO [1575/2500] 77482175-4f25-4b15-a1e4-cbd440f935df: not valid; 1.8 s; peak memory 10006 MiB.
2026-10-06T12:33:20Z INFO [1576/2500] 7748b94f-4606-41eb-bae9-16bfd9655402: valid; 16.7 s; peak memory 10006 MiB.
2026-10-06T12:33:21Z INFO [1577/2500] 7748d74c-5355-42cd-bae5-195c5c7cf769: valid; 1.0 s; peak memory 10006 MiB.
2026-10-06T12:33:38Z INFO [1578/2500] 774968d6-d843-49da-942b-b2c0f550f898: not valid; 16.9 s; peak memory 10006 MiB.
2026-10-06T12:33:39Z INFO [1579/2500] 77496ebf-397e-477b-9ac7-f93e96c2e1e8: not valid; 1.6 s; peak memory 10006 MiB.
2026-10-06T12:33:41Z INFO [1580/2500] 77498e89-f3d3-4272-9a7e-4a23a1003235: valid; 1.8 s; peak memory 10006 MiB.
2026-10-06T12:33:44Z INFO [1581/2500] 7749a0c4-aeaf-4a38-946c-56b283ff16f4: not valid; 3.3 s; peak memory 10006 MiB.
2026-10-06T12:33:55Z INFO [1582/2500] 774a714b-4577-4925-929f-155a6ac5756e: valid; 10.5 s; peak memory 10006 MiB.
2026-10-06T12:33:56Z INFO [1583/2500] 774a9172-a209-4854-8c7b-e42af8d556dd: valid; 1.2 s; peak memory 10006 MiB.
2026-10-06T12:33:57Z INFO [1584/2500] 774b0694-6c27-4958-9fdf-fab42c823e1c: not valid; 1.2 s; peak memory 10006 MiB.
2026-10-06T12:33:59Z INFO [1585/2500] 774b7990-3379-4828-bd0d-afa36beef1ab: valid; 1.2 s; peak memory 10006 MiB.
2026-10-06T12:34:02Z INFO [1586/2500] 774be1f9-30ba-4506-9ce7-8e4b9411d18d: not valid; 3.1 s; peak memory 10006 MiB.
2026-10-06T12:34:09Z INFO [1587/2500] 774c1b85-4f44-4beb-a0bb-d49ca4cec97d: valid; 7.5 s; peak memory 10006 MiB.
2026-10-06T12:34:23Z INFO [1588/2500] 774c207a-df0f-4a0a-bd2b-89ab656563ab: valid; 13.5 s; peak memory 10006 MiB.
2026-10-06T12:34:24Z INFO [1589/2500] 774c3917-8b0e-4717-b9db-139a09ff64c7: not valid; 1.2 s; peak memory 10006 MiB.
2026-10-06T12:34:28Z INFO [1590/2500] 774c63f1-eb83-486d-a540-a0a9de543afb: valid; 3.8 s; peak memory 10006 MiB.
2026-10-06T12:34:29Z INFO [1591/2500] 774c96ad-057e-4760-a84f-be49cdbf7501: valid; 0.9 s; peak memory 10006 MiB.
2026-10-06T12:34:30Z WARNING 774cd3b9-b78d-40ac-a9f2-5f9fc7b4ce49: failed while opening the NWB file (ConstructError: (root/acquisition/_iblmic_audioSpectrogram/bands GroupBuilder {'attributes': {'colnames': array(['freq'], dtype=object), 'description': 'spectogram frequencies', 'namespace': 'core', 'neurodata_type': 'FrequencyBandsTable', 'object_id': '8c03ce4d-8cf5-464a-8dfc-cdcbb5a810b9'}, 'groups': {}, 'datasets': {'freq': root/acquisition/_iblmic_audioSpectrogram/bands/freq DatasetBuilder {'attributes': {'description': 'frequency value', 'namespace': 'hdmf-common', 'neurodata_type': 'VectorData', 'object_id': '59b2b622-e4af-4c58-8a3e-687208f341f7'}, 'data': <HDF5 dataset "freq": shape (257,), type "<f4">}, 'id': root/acquisition/_iblmic_audioSpectrogram/bands/id DatasetBuilder {'attributes': {'namespace': 'hdmf-common', 'neurodata_type': 'ElementIdentifiers', 'object_id': '130c79d5-6d61-4679-8877-ab6a7a027b53'}, 'data': <HDF5 dataset "id": shape (257,), type "<i4">}}, 'links': {}}, "Could not construct FrequencyBandsTable object due to: column must have the same number of rows as 'id'"))
2026-10-06T12:34:46Z INFO [1593/2500] 774d05d0-8b5d-464f-9fbf-a2f9bfcfd08a: valid; 15.6 s; peak memory 10006 MiB.
2026-10-06T12:34:48Z INFO [1594/2500] 774d233c-5343-4da3-bdd5-134be798abe0: valid; 1.9 s; peak memory 10006 MiB.
2026-10-06T12:34:55Z INFO [1595/2500] 774d38e2-d13b-4846-b147-e789c59b07b3: valid; 7.6 s; peak memory 10006 MiB.
2026-10-06T12:35:07Z INFO [1596/2500] 774d54eb-c406-4c77-9113-82ad5035c1a9: valid; 11.5 s; peak memory 10006 MiB.
2026-10-06T12:35:08Z INFO [1597/2500] 774d66ac-6080-43e4-b83a-868c83a6da60: valid; 1.4 s; peak memory 10006 MiB.
2026-10-06T12:35:09Z INFO [1598/2500] 774d7431-8682-4219-b03c-86dba61746f4: valid; 1.2 s; peak memory 10006 MiB.
2026-10-06T12:35:12Z INFO [1599/2500] 774dc6ae-7919-4248-84d8-e69c1d8beb09: valid; 3.0 s; peak memory 10006 MiB.
2026-10-06T12:35:14Z INFO [1600/2500] 774e75c2-b7b9-47e1-b721-e6fd32c885bf: valid; 1.2 s; peak memory 10006 MiB.
2026-10-06T12:35:15Z INFO [1600/2500] 774e75c2-b7b9-47e1-b721-e6fd32c885bf: checkpointed 142610 records.
2026-10-06T12:35:17Z INFO [1601/2500] 774ea739-5982-44e5-a14d-485a40678c0e: valid; 1.8 s; peak memory 10006 MiB.
2026-10-06T12:35:24Z INFO [1602/2500] 774ebe0e-5598-4973-b17c-c204726827bb: valid; 7.7 s; peak memory 10006 MiB.
2026-10-06T12:35:35Z INFO [1603/2500] 774f6c21-a1e4-4ce4-b100-593b75d5af3a: valid; 11.1 s; peak memory 10006 MiB.
2026-10-06T12:35:37Z WARNING 774f96b3-3a3f-4f01-b8d8-13822fbdb17c: failed while opening the NWB file (ConstructError: (root/acquisition/_iblmic_audioSpectrogram/bands GroupBuilder {'attributes': {'colnames': array(['freq'], dtype=object), 'description': 'spectogram frequencies', 'namespace': 'core', 'neurodata_type': 'FrequencyBandsTable', 'object_id': 'a0eb92e5-d5d5-4161-8606-9c416b300a28'}, 'groups': {}, 'datasets': {'freq': root/acquisition/_iblmic_audioSpectrogram/bands/freq DatasetBuilder {'attributes': {'description': 'frequency value', 'namespace': 'hdmf-common', 'neurodata_type': 'VectorData', 'object_id': 'e7068a01-4303-4068-9e08-c434f5831cb6'}, 'data': <HDF5 dataset "freq": shape (257,), type "<f4">}, 'id': root/acquisition/_iblmic_audioSpectrogram/bands/id DatasetBuilder {'attributes': {'namespace': 'hdmf-common', 'neurodata_type': 'ElementIdentifiers', 'object_id': 'b38b2f65-902d-4ce5-bb5d-8d1d1a95a5bf'}, 'data': <HDF5 dataset "id": shape (257,), type "<i4">}}, 'links': {}}, "Could not construct FrequencyBandsTable object due to: column must have the same number of rows as 'id'"))
2026-10-06T12:35:39Z INFO [1605/2500] 774fc5ba-3f17-4c0c-b03f-494b81e61a93: valid; 1.3 s; peak memory 10006 MiB.
2026-10-06T12:35:52Z INFO [1606/2500] 774fe0a3-a7ba-4cfe-a01b-fc29a25d2b20: valid; 13.7 s; peak memory 10006 MiB.
2026-10-06T12:35:53Z INFO [1607/2500] 774ff0e9-ce25-4844-a8af-57867c34683d: valid; 1.2 s; peak memory 10006 MiB.
2026-10-06T12:35:57Z INFO [1608/2500] 7750c16b-025f-4f8c-be3e-e67bee819dc4: valid; 3.4 s; peak memory 10006 MiB.
2026-10-06T12:35:59Z INFO [1609/2500] 7750d71b-0f7a-4f49-8af1-ff5041f240e9: valid; 2.3 s; peak memory 10006 MiB.
2026-10-06T12:36:00Z INFO [1610/2500] 7750eff2-3933-4715-986b-40e87f6d4bce: valid; 1.3 s; peak memory 10006 MiB.
2026-10-06T12:36:52Z INFO [1611/2500] 77517765-e154-451c-9563-2fe20311509d: valid; 51.1 s; peak memory 10006 MiB.
2026-10-06T12:36:52Z INFO [1612/2500] 7751964d-06ea-498f-886c-4070a5e5d611: valid; 0.9 s; peak memory 10006 MiB.
2026-10-06T12:36:54Z INFO [1613/2500] 7751a903-3c6b-48d9-99ba-bb46e3f87969: not valid; 1.3 s; peak memory 10006 MiB.
2026-10-06T12:36:55Z INFO [1614/2500] 77529128-60c7-4b2f-b943-80a13f46769d: valid; 1.5 s; peak memory 10006 MiB.
2026-10-06T12:36:57Z INFO [1615/2500] 77537b2a-c260-44c0-b518-7c7a4de5bb35: not valid; 2.0 s; peak memory 10006 MiB.
2026-10-06T12:36:59Z INFO [1616/2500] 7753f8fd-77fb-4469-9b8d-7693de8056a5: valid; 1.5 s; peak memory 10006 MiB.
2026-10-06T12:37:00Z INFO [1617/2500] 7754cd01-7e14-4f01-855b-4bc7340012fa: not valid; 1.6 s; peak memory 10006 MiB.
2026-10-06T12:37:02Z INFO [1618/2500] 77550ba4-203a-4859-82ef-533c9e3fcfcb: valid; 1.3 s; peak memory 10006 MiB.
2026-10-06T12:37:02Z WARNING 7755b3f9-ee92-4684-bf27-9cdcbb43df8e: failed while retrieving asset information from the DANDI API (NotFoundError: No such Dandiset: 000561)
2026-10-06T12:37:03Z WARNING 77561d6a-7fd6-4dae-841c-45a033fc8f59: failed while opening the NWB file (ValueError: Cannot resolve included group spec 'electrodes' with data_type_inc 'ElectrodesTable' because a group spec with the same name already exists with data_type_inc 'DynamicTable', and data type 'DynamicTable' is not a child type of data type 'ElectrodesTable'.)
2026-10-06T12:37:05Z INFO [1621/2500] 7756588d-a51d-495d-92f1-014c3f647aac: valid; 2.3 s; peak memory 10006 MiB.
2026-10-06T12:37:07Z INFO [1622/2500] 77565fa4-44ed-4c2b-ba9a-587b90f66180: valid; 1.7 s; peak memory 10006 MiB.
2026-10-06T12:37:08Z INFO [1623/2500] 77569caa-25b7-405c-85dd-c4624b845f22: valid; 1.3 s; peak memory 10006 MiB.
2026-10-06T12:37:09Z INFO [1624/2500] 7756a0e1-fdcc-45c5-a11d-4c9e819be544: valid; 1.3 s; peak memory 10006 MiB.
2026-10-06T12:37:11Z INFO [1625/2500] 7756b3f1-c65e-4f1a-b52e-9ecd2ef73051: not valid; 1.4 s; peak memory 10006 MiB.
2026-10-06T12:37:13Z INFO [1626/2500] 775701f1-dcb1-4771-9495-333e258a111a: valid; 2.5 s; peak memory 10006 MiB.
2026-10-06T12:37:14Z INFO [1627/2500] 77572220-5277-4502-b1f7-5aa8dbd308f4: valid; 1.0 s; peak memory 10006 MiB.
2026-10-06T12:37:16Z INFO [1628/2500] 77578ccc-1955-495e-8397-abd58cd0d5fb: valid; 2.0 s; peak memory 10006 MiB.
2026-10-06T12:37:17Z INFO [1629/2500] 77580e9b-bf2b-452d-9052-e8cd22ce2941: valid; 1.1 s; peak memory 10006 MiB.
2026-10-06T12:37:20Z INFO [1630/2500] 77581485-b71c-4c7e-b356-50a632f185ec: valid; 2.4 s; peak memory 10006 MiB.
2026-10-06T12:37:23Z INFO [1631/2500] 77589d59-729f-4175-9cdf-c79ae99f68f7: not valid; 2.9 s; peak memory 10006 MiB.
2026-10-06T12:37:30Z INFO [1632/2500] 7758dbcd-5a9e-4399-996d-f5f12acda5f2: not valid; 6.9 s; peak memory 10006 MiB.
2026-10-06T12:37:39Z INFO [1633/2500] 7758e1b2-e4d2-4285-b8f0-34797c9d7ab2: valid; 9.7 s; peak memory 10006 MiB.
2026-10-06T12:37:54Z INFO [1634/2500] 77595e0a-51cc-4a0e-96cc-a57edfeb25d1: valid; 14.5 s; peak memory 10006 MiB.
2026-10-06T12:37:55Z INFO [1635/2500] 7759765b-179d-4932-a2b5-3cfddca782f1: not valid; 1.5 s; peak memory 10006 MiB.
2026-10-06T12:38:11Z INFO [1636/2500] 77599375-b7e4-4da4-9703-54d338bb9575: valid; 15.5 s; peak memory 10006 MiB.
2026-10-06T12:38:12Z WARNING 77599d63-6eaa-4992-b2c4-978145e1440a: failed while opening the NWB file (ConstructError: (root/acquisition/event_code_meanings GroupBuilder {'attributes': {'colnames': array(['value', 'meaning'], dtype=object), 'description': 'Mapping integer event codes to event labels', 'namespace': 'ndx-events', 'neurodata_type': 'MeaningsTable', 'object_id': 'a44ac5a5-9b80-4f5f-bd0b-80aba3d67ffa'}, 'groups': {}, 'datasets': {'id': root/acquisition/event_code_meanings/id DatasetBuilder {'attributes': {'namespace': 'hdmf-common', 'neurodata_type': 'ElementIdentifiers', 'object_id': '3efff507-eab9-4318-a8ab-a58f3f3621f2'}, 'data': <HDF5 dataset "id": shape (26,), type "<i8">}, 'meaning': root/acquisition/event_code_meanings/meaning DatasetBuilder {'attributes': {'description': 'The meaning of the value in the parent CategoricalVectorData object.', 'namespace': 'hdmf-experimental', 'neurodata_type': 'VectorData', 'object_id': 'f0bbc3bf-b12e-4d41-a51d-a3e46bb82fda'}, 'data': <StrDataset for HDF5 dataset "meaning": shape (26,), type "|O">}, 'value': root/acquisition/event_code_meanings/value DatasetBuilder {'attributes': {'description': 'The value of the parent CategoricalVectorData object.', 'namespace': 'hdmf-experimental', 'neurodata_type': 'VectorData', 'object_id': '9465c144-7a75-493d-9720-cda4a0c826b2'}, 'data': <HDF5 dataset "value": shape (26,), type "<i8">}}, 'links': {}}, "Could not construct MeaningsTable object due to: MeaningsTable.__init__: missing argument 'target'"))
2026-10-06T12:38:13Z INFO [1638/2500] 7759c763-ad81-4373-aee7-3a700fdc8467: valid; 1.2 s; peak memory 10006 MiB.
2026-10-06T12:38:20Z INFO [1639/2500] 775a070a-d52d-4c0b-a910-5f29a21f5c0a: valid; 6.5 s; peak memory 10006 MiB.
2026-10-06T12:39:28Z INFO [1640/2500] 775a52db-aef2-4ecb-9bb7-4fd9c2f9048d: valid; 68.2 s; peak memory 10006 MiB.
2026-10-06T12:39:29Z INFO [1641/2500] 775aac26-77f8-4bf6-95a1-301ce97b3a48: valid; 1.5 s; peak memory 10006 MiB.
2026-10-06T12:39:31Z INFO [1642/2500] 775ac925-f99c-40af-8328-dcf28e796c29: valid; 1.6 s; peak memory 10006 MiB.
2026-10-06T12:39:33Z WARNING 775b2510-e74f-4772-9992-f98949015d84: failed while opening the NWB file (ConstructError: (root/acquisition/_iblmic_audioSpectrogram/bands GroupBuilder {'attributes': {'colnames': array(['freq'], dtype=object), 'description': 'spectogram frequencies', 'namespace': 'core', 'neurodata_type': 'FrequencyBandsTable', 'object_id': 'ac7e80ab-4636-465a-8305-9dcf436f1f8f'}, 'groups': {}, 'datasets': {'freq': root/acquisition/_iblmic_audioSpectrogram/bands/freq DatasetBuilder {'attributes': {'description': 'frequency value', 'namespace': 'hdmf-common', 'neurodata_type': 'VectorData', 'object_id': '326ebbd7-a0ef-477d-aa0b-587d71f54a92'}, 'data': <HDF5 dataset "freq": shape (257,), type "<f4">}, 'id': root/acquisition/_iblmic_audioSpectrogram/bands/id DatasetBuilder {'attributes': {'namespace': 'hdmf-common', 'neurodata_type': 'ElementIdentifiers', 'object_id': '5033cc49-9e54-4a92-90ae-7d66a7bb3518'}, 'data': <HDF5 dataset "id": shape (257,), type "<i4">}}, 'links': {}}, "Could not construct FrequencyBandsTable object due to: column must have the same number of rows as 'id'"))
2026-10-06T12:39:34Z INFO [1644/2500] 775bfe66-8154-45a9-afc0-fa89b4e63795: not valid; 1.2 s; peak memory 10006 MiB.
2026-10-06T12:39:35Z WARNING 775c48e2-4040-4aa0-b0c3-750d7a5c9dca: failed while opening the NWB file (PathNotFoundError: nothing found at path '')
2026-10-06T12:39:37Z INFO [1646/2500] 775c4b1c-bdbb-4808-83c3-dc8243f63d5c: valid; 1.9 s; peak memory 10006 MiB.
2026-10-06T12:39:43Z INFO [1647/2500] 775dca5c-25e8-4ada-a537-1046abddd453: valid; 6.2 s; peak memory 10006 MiB.
2026-10-06T12:39:45Z INFO [1648/2500] 775dda64-cc3a-4ab8-939e-042760c4dfe3: not valid; 1.7 s; peak memory 10006 MiB.
2026-10-06T12:39:46Z INFO [1649/2500] 775e139e-c083-4c0b-ac3c-c395fad5d314: valid; 1.7 s; peak memory 10006 MiB.
2026-10-06T12:39:50Z INFO [1650/2500] 775e870c-e44e-4a72-83e2-d5798473f67f: not valid; 3.3 s; peak memory 10006 MiB.
2026-10-06T12:39:51Z INFO [1650/2500] 775e870c-e44e-4a72-83e2-d5798473f67f: checkpointed 142660 records.
2026-10-06T12:39:54Z INFO [1651/2500] 775ea1d3-6017-43be-9ce6-0bc99406d517: valid; 3.8 s; peak memory 10006 MiB.
2026-10-06T12:39:55Z INFO [1652/2500] 775efba9-bafb-4358-bf77-f39ed1db5bf6: valid; 0.9 s; peak memory 10006 MiB.
2026-10-06T12:39:57Z INFO [1653/2500] 775f1a92-a4de-493e-9e1a-8bf756f4a23e: valid; 2.1 s; peak memory 10006 MiB.
2026-10-06T12:40:04Z INFO [1654/2500] 775f2a2c-fd73-4b4e-8bf2-7f43fa50f323: valid; 6.7 s; peak memory 10006 MiB.
2026-10-06T12:40:11Z INFO [1655/2500] 775f3779-14a2-4332-ab8c-71349f563c03: valid; 6.8 s; peak memory 10006 MiB.
2026-10-06T12:40:13Z INFO [1656/2500] 776176b7-ee5f-4a35-a7da-0c9a58e4184a: valid; 1.6 s; peak memory 10006 MiB.
2026-10-06T12:40:14Z INFO [1657/2500] 7761a185-4184-4212-bd5d-6e5f7c416431: not valid; 1.7 s; peak memory 10006 MiB.
2026-10-06T12:40:21Z INFO [1658/2500] 77620d36-0bc7-4f48-9d26-0b943a6175f6: valid; 6.8 s; peak memory 10006 MiB.
2026-10-06T12:40:22Z INFO [1659/2500] 7763d8a1-013f-48f4-92ed-b41a65f77167: valid; 1.2 s; peak memory 10006 MiB.
2026-10-06T12:40:24Z INFO [1660/2500] 77644755-8864-4f50-9dd4-744995ad1f73: not valid; 1.3 s; peak memory 10006 MiB.
2026-10-06T12:40:25Z INFO [1661/2500] 77651c47-ef1c-49f4-b4ca-b5330d3bc295: valid; 1.8 s; peak memory 10006 MiB.
2026-10-06T12:40:27Z INFO [1662/2500] 77654502-4fea-4f78-b4ee-696686db6a8a: valid; 1.1 s; peak memory 10006 MiB.
2026-10-06T12:40:28Z INFO [1663/2500] 77654ebb-6a5e-4647-a7de-07888f6cddf4: valid; 1.2 s; peak memory 10006 MiB.
2026-10-06T12:40:29Z INFO [1664/2500] 776721d1-d3bb-4512-aca9-4de6f617e1ed: valid; 0.9 s; peak memory 10006 MiB.
2026-10-06T12:40:30Z INFO [1665/2500] 7767fa5a-e5eb-49ae-9976-31d52148e14b: valid; 1.8 s; peak memory 10006 MiB.
2026-10-06T12:40:31Z INFO [1666/2500] 7768f129-49c5-4e1e-a366-08ff22f0b571: valid; 1.0 s; peak memory 10006 MiB.
2026-10-06T12:40:33Z INFO [1667/2500] 776957c9-1b51-45e3-876f-c9e889ea14ad: not valid; 1.3 s; peak memory 10006 MiB.
2026-10-06T12:40:34Z INFO [1668/2500] 7769b9c3-ae87-4ea7-9c81-03f1ff4b4c46: valid; 0.9 s; peak memory 10006 MiB.
2026-10-06T12:40:35Z INFO [1669/2500] 776a0e9f-abba-40b7-9b27-e90c55597ce1: valid; 1.2 s; peak memory 10006 MiB.
2026-10-06T12:40:43Z INFO [1670/2500] 776a1326-dec5-47bd-947e-25867a9e87be: valid; 7.9 s; peak memory 10006 MiB.
2026-10-06T12:40:45Z INFO [1671/2500] 776a36c5-01f3-4576-8a68-734102da30bb: valid; 2.3 s; peak memory 10006 MiB.
2026-10-06T12:40:48Z INFO [1672/2500] 776a67ec-2dc4-4160-85ce-5af31264906b: valid; 2.7 s; peak memory 10006 MiB.
2026-10-06T12:40:49Z INFO [1673/2500] 776ae878-b9b6-416d-a5ea-cfe5056298a4: valid; 1.5 s; peak memory 10006 MiB.
2026-10-06T12:40:50Z INFO [1674/2500] 776b6274-187a-4524-94b7-6389af40517d: valid; 1.0 s; peak memory 10006 MiB.
2026-10-06T12:40:55Z INFO [1675/2500] 776bbeb1-ed41-4163-82e1-933622b352a1: not valid; 4.3 s; peak memory 10006 MiB.
2026-10-06T12:40:56Z INFO [1676/2500] 776bd938-028e-4cf4-b04e-4680a1b3f2ff: valid; 1.8 s; peak memory 10006 MiB.
2026-10-06T12:40:58Z INFO [1677/2500] 776ca597-684c-4168-8606-df5cc004be28: valid; 1.3 s; peak memory 10006 MiB.
2026-10-06T12:40:58Z INFO [1678/2500] 776cfa8d-e627-4ff5-9938-04c9f8c984f7: valid; 0.9 s; peak memory 10006 MiB.
2026-10-06T12:40:59Z INFO [1679/2500] 776d3aed-2f1b-4878-b812-b815110743be: valid; 0.9 s; peak memory 10006 MiB.
2026-10-06T12:41:01Z INFO [1680/2500] 776d4d52-4479-4ac1-a81a-9c7b020a05cc: not valid; 1.7 s; peak memory 10006 MiB.
2026-10-06T12:41:03Z INFO [1681/2500] 776d9130-5d02-457a-b08e-707888d0cbcf: not valid; 1.7 s; peak memory 10006 MiB.
2026-10-06T12:41:04Z INFO [1682/2500] 776dc065-d5ee-47fd-bc2a-9a3afc456e4f: valid; 1.1 s; peak memory 10006 MiB.
2026-10-06T12:41:05Z INFO [1683/2500] 776dd32e-2f9b-4b38-a4e8-577ad4038d97: not valid; 1.3 s; peak memory 10006 MiB.
2026-10-06T12:41:07Z INFO [1684/2500] 776e9cf4-c85e-4047-9a12-17dc70dd3895: not valid; 1.5 s; peak memory 10006 MiB.
2026-10-06T12:41:08Z INFO [1685/2500] 776eca78-4ae6-4d2e-bcd8-1204d18f950a: valid; 1.6 s; peak memory 10006 MiB.
2026-10-06T12:41:10Z INFO [1686/2500] 776f0e4a-d12c-48b4-af5f-0663f8636d27: valid; 2.2 s; peak memory 10006 MiB.
2026-10-06T12:41:13Z INFO [1687/2500] 776f19ed-add4-4662-9770-7548127810d9: valid; 2.5 s; peak memory 10006 MiB.
2026-10-06T12:41:14Z INFO [1688/2500] 776f2016-dadf-4d8f-8411-ca11002a0c0e: valid; 1.2 s; peak memory 10006 MiB.
2026-10-06T12:41:16Z INFO [1689/2500] 776f4f86-82bc-438d-b479-71b42d766d90: valid; 2.2 s; peak memory 10006 MiB.
2026-10-06T12:41:19Z INFO [1690/2500] 776fda63-253e-4d2d-80eb-65017d8ca54f: valid; 2.9 s; peak memory 10006 MiB.
2026-10-06T12:41:21Z INFO [1691/2500] 776fe15e-dd8f-4319-a23d-36f10e00551a: not valid; 1.5 s; peak memory 10006 MiB.
2026-10-06T12:41:31Z INFO [1692/2500] 7770ca4a-e13a-43db-ba6f-1f1be5859198: not valid; 10.3 s; peak memory 10006 MiB.
2026-10-06T12:41:34Z INFO [1693/2500] 7771082b-1b39-4e97-9656-93abfbdeb13c: valid; 2.6 s; peak memory 10006 MiB.
2026-10-06T12:41:36Z INFO [1694/2500] 77718df8-466d-4aef-b399-9e82fab5e321: valid; 2.7 s; peak memory 10006 MiB.
2026-10-06T12:41:40Z INFO [1695/2500] 7771db96-58dc-41d1-bbd1-783810309175: valid; 3.7 s; peak memory 10006 MiB.
2026-10-06T12:41:46Z INFO [1696/2500] 7773117e-ce4d-44cc-bf1e-dbb2992600af: valid; 5.9 s; peak memory 10006 MiB.
2026-10-06T12:41:48Z INFO [1697/2500] 77731ef7-44c4-44f3-9e8f-db3382080c97: valid; 2.0 s; peak memory 10006 MiB.
2026-10-06T12:41:49Z INFO [1698/2500] 777339f1-d842-4ddc-a0e1-d42b938055f6: valid; 1.6 s; peak memory 10006 MiB.
2026-10-06T12:42:04Z INFO [1699/2500] 77734288-51f6-4f79-815a-1e5f2e489d40: valid; 14.9 s; peak memory 10006 MiB.
2026-10-06T12:42:06Z INFO [1700/2500] 7773775d-341a-490c-a5b3-63d53304d3af: valid; 1.7 s; peak memory 10006 MiB.
2026-10-06T12:42:07Z INFO [1700/2500] 7773775d-341a-490c-a5b3-63d53304d3af: checkpointed 142710 records.
2026-10-06T12:42:09Z INFO [1701/2500] 77738760-1849-4160-aa1a-a025ed3dbcda: valid; 1.6 s; peak memory 10006 MiB.
2026-10-06T12:42:10Z INFO [1702/2500] 7773e4bb-6100-4407-bc4c-54dd897b6d15: valid; 1.2 s; peak memory 10006 MiB.
2026-10-06T12:42:11Z INFO [1703/2500] 77742e1e-9dc4-4cd6-b6f1-f93a9b200b87: valid; 1.3 s; peak memory 10006 MiB.
2026-10-06T12:42:12Z INFO [1704/2500] 77745d46-83ac-49ba-8248-8366f3115626: valid; 1.3 s; peak memory 10006 MiB.
2026-10-06T12:42:14Z INFO [1705/2500] 77753d48-545d-43d0-80dd-2ef17dc2c180: not valid; 1.7 s; peak memory 10006 MiB.
2026-10-06T12:42:16Z INFO [1706/2500] 77755123-ddf9-4c3e-8478-b32f6fd25933: not valid; 1.9 s; peak memory 10006 MiB.
2026-10-06T12:42:17Z INFO [1707/2500] 7776424f-da89-41af-a6c7-9b6453b5d73f: valid; 1.3 s; peak memory 10006 MiB.
2026-10-06T12:42:28Z INFO [1708/2500] 7776bb82-c190-41bb-9831-ed61f71da192: not valid; 11.0 s; peak memory 10006 MiB.
2026-10-06T12:42:30Z INFO [1709/2500] 77773db6-130f-4ed3-bf57-af40c54e7ccd: valid; 1.3 s; peak memory 10006 MiB.
2026-10-06T12:42:31Z INFO [1710/2500] 77778820-43cc-4476-a9e2-ac4a26a395b9: not valid; 1.8 s; peak memory 10006 MiB.
2026-10-06T12:42:33Z INFO [1711/2500] 77778dda-ffb1-4055-8bc1-dda9292392ce: valid; 1.0 s; peak memory 10006 MiB.
2026-10-06T12:42:34Z INFO [1712/2500] 77779318-1a38-44f6-8eb4-96537cd357b2: valid; 1.5 s; peak memory 10006 MiB.
2026-10-06T12:42:36Z INFO [1713/2500] 7777b756-2481-473b-9946-307dee167d02: valid; 2.2 s; peak memory 10006 MiB.
2026-10-06T12:42:46Z INFO [1714/2500] 7778275e-6a54-495a-bb66-a1e9ead76dfa: valid; 9.5 s; peak memory 10006 MiB.
2026-10-06T12:42:48Z INFO [1715/2500] 7778ee4b-edd5-4f22-86f6-7b171c847538: valid; 2.2 s; peak memory 10006 MiB.
2026-10-06T12:42:50Z INFO [1716/2500] 7779412e-841a-460b-ba95-b634cd49fd75: valid; 1.6 s; peak memory 10006 MiB.
2026-10-06T12:42:54Z INFO [1717/2500] 77796f43-b091-4b3e-a8f9-2620634657ab: valid; 4.3 s; peak memory 10006 MiB.
2026-10-06T12:42:56Z INFO [1718/2500] 7779c5f3-f798-4874-aaf5-627d2fb5e7c8: valid; 2.2 s; peak memory 10006 MiB.
2026-10-06T12:42:58Z INFO [1719/2500] 7779e263-21c6-435c-80f6-d782da42fe12: valid; 1.6 s; peak memory 10006 MiB.
2026-10-06T12:43:00Z INFO [1720/2500] 777a1e5f-629d-4d98-88b2-7446e5cf7d80: valid; 2.0 s; peak memory 10006 MiB.
2026-10-06T12:43:04Z INFO [1721/2500] 777a2ff9-29e9-4cd1-b90b-e305252189d1: valid; 4.3 s; peak memory 10006 MiB.
2026-10-06T12:43:06Z INFO [1722/2500] 777ae015-4236-40bf-82cf-1eabddd54252: valid; 1.8 s; peak memory 10006 MiB.
2026-10-06T12:43:08Z INFO [1723/2500] 777aef21-f9be-43cf-ac4f-0f108c84e5b1: valid; 2.2 s; peak memory 10006 MiB.
2026-10-06T12:43:12Z INFO [1724/2500] 777b2ff2-2293-4e21-9c77-0b15ac04f00a: valid; 3.5 s; peak memory 10006 MiB.
2026-10-06T12:43:25Z INFO [1725/2500] 777b6a41-3e9a-477a-a0ab-953c385319aa: valid; 13.1 s; peak memory 10006 MiB.
2026-10-06T12:43:40Z INFO [1726/2500] 777c03f5-c9b3-461a-9e96-797aa5ddc2f1: valid; 15.8 s; peak memory 10006 MiB.
2026-10-06T12:43:42Z INFO [1727/2500] 777ca322-f9b3-41f7-a20c-97c4cdffe5fd: valid; 1.4 s; peak memory 10006 MiB.
2026-10-06T12:43:46Z INFO [1728/2500] 777cabaa-1d31-4c8d-ad10-2f38baf878c6: not valid; 3.7 s; peak memory 10006 MiB.
2026-10-06T12:43:57Z INFO [1729/2500] 777d35a5-614c-4dee-8166-40e8d55c6b8c: valid; 11.2 s; peak memory 10006 MiB.
2026-10-06T12:44:29Z INFO [1730/2500] 777de237-b6bc-40b7-b47e-ff894dd1f2d9: valid; 32.7 s; peak memory 10006 MiB.
2026-10-06T12:44:33Z INFO [1731/2500] 777de30f-4a79-4fba-8481-0c3573c4deea: valid; 3.4 s; peak memory 10006 MiB.
2026-10-06T12:44:35Z INFO [1732/2500] 777dfeb2-a274-4e00-8036-a76681aecaec: valid; 2.6 s; peak memory 10006 MiB.
2026-10-06T12:44:37Z INFO [1733/2500] 777e2207-dc9e-4c0f-8620-11f3b21d0e88: valid; 1.2 s; peak memory 10006 MiB.
2026-10-06T12:44:39Z INFO [1734/2500] 777e4c77-ae71-457d-8f44-d2c0bb4ebd50: valid; 2.0 s; peak memory 10006 MiB.
2026-10-06T12:44:40Z INFO [1735/2500] 777e924d-96c5-4eba-955d-68ed01e49e01: not valid; 1.4 s; peak memory 10006 MiB.
2026-10-06T12:44:52Z INFO [1736/2500] 777f87b6-b1b0-4022-98fb-d1883400f112: valid; 11.8 s; peak memory 10006 MiB.
2026-10-06T12:44:53Z INFO [1737/2500] 777fbfe0-42a3-4f86-b3fe-3edca69bf9f9: valid; 1.6 s; peak memory 10006 MiB.
2026-10-06T12:44:59Z INFO [1738/2500] 777fea85-9088-4aae-ab22-547ad7876bec: not valid; 5.9 s; peak memory 10006 MiB.
2026-10-06T12:45:01Z INFO [1739/2500] 777fec0e-4256-40aa-ba72-cbf7106b77ed: valid; 1.7 s; peak memory 10006 MiB.
2026-10-06T12:45:02Z INFO [1740/2500] 77800b77-b6fa-4e86-9409-fe8f6890db18: valid; 1.3 s; peak memory 10006 MiB.
2026-10-06T12:45:04Z INFO [1741/2500] 77813398-bcea-44ea-b8fc-4d504b1962c3: valid; 1.3 s; peak memory 10006 MiB.
2026-10-06T12:45:05Z INFO [1742/2500] 7781662d-f76a-467f-b9b7-e1dd748e5275: not valid; 1.1 s; peak memory 10006 MiB.
2026-10-06T12:45:06Z INFO [1743/2500] 7781dd90-161e-464f-9931-c2a934cdbcf9: valid; 1.2 s; peak memory 10006 MiB.
2026-10-06T12:45:13Z INFO [1744/2500] 77821711-1a65-4dae-b4d6-ee5c190ff54a: valid; 6.6 s; peak memory 10006 MiB.
2026-10-06T12:45:14Z INFO [1745/2500] 7782eabe-4a5b-49fa-9e0e-9c6dc7e11697: valid; 1.4 s; peak memory 10006 MiB.
2026-10-06T12:45:16Z INFO [1746/2500] 778367dd-cde3-48a9-9a14-331e8f2a2837: valid; 1.8 s; peak memory 10006 MiB.
2026-10-06T12:45:16Z WARNING 77837497-c2b5-436c-836f-3897ec14ff09: failed while retrieving asset information from the DANDI API (NotFoundError: No asset at path 'sub-791691/sub-791691_ses-behavior-791691-2025-06-24-13-21-26.nwb' in version 0.260928.2230. Verify the path is correct and the asset exists in this version. Use 'dandi ls' to list available assets.)
2026-10-06T12:45:18Z INFO [1748/2500] 77837f7a-dde8-453d-bd42-b2f2ea09964a: valid; 1.9 s; peak memory 10006 MiB.
2026-10-06T12:45:19Z INFO [1749/2500] 7783af79-d3ce-4fc1-a81b-12fe516baead: valid; 1.2 s; peak memory 10006 MiB.
2026-10-06T12:45:29Z INFO [1750/2500] 7784c9ac-7472-486c-bcb1-52edfc4a8761: not valid; 10.4 s; peak memory 10006 MiB.
2026-10-06T12:45:31Z INFO [1750/2500] 7784c9ac-7472-486c-bcb1-52edfc4a8761: checkpointed 142760 records.
2026-10-06T12:45:32Z INFO [1751/2500] 77850772-56c4-4829-9925-ae88d464183d: valid; 1.9 s; peak memory 10006 MiB.
2026-10-06T12:45:37Z INFO [1752/2500] 77853b79-4e2c-49c7-ac75-005b51daebf1: not valid; 4.1 s; peak memory 10006 MiB.
2026-10-06T12:45:38Z INFO [1753/2500] 77855463-8033-47b2-944f-e622d3869e21: valid; 1.3 s; peak memory 10006 MiB.
2026-10-06T12:45:42Z INFO [1754/2500] 77855675-e34b-4ffe-abaf-8b215ee12713: valid; 3.7 s; peak memory 10006 MiB.
2026-10-06T12:45:43Z INFO [1755/2500] 77859ae4-03bc-458a-a290-52c36057a6dc: valid; 1.4 s; peak memory 10006 MiB.
2026-10-06T12:45:45Z INFO [1756/2500] 7785df5b-1053-466f-b372-df38128eb581: valid; 2.0 s; peak memory 10006 MiB.
2026-10-06T12:45:55Z INFO [1757/2500] 7785f1f2-d638-4af0-a757-9c3cc6f5020e: valid; 10.4 s; peak memory 10006 MiB.
2026-10-06T12:45:57Z INFO [1758/2500] 7785f3cd-292d-43af-b1c8-cf383e7ed64b: valid; 1.8 s; peak memory 10006 MiB.
2026-10-06T12:45:59Z INFO [1759/2500] 77860314-f54c-41f8-8b27-0391cb7d6160: valid; 1.3 s; peak memory 10006 MiB.
2026-10-06T12:46:01Z INFO [1760/2500] 77861bc6-8cb8-4123-b4ed-09b2ca31f971: valid; 2.3 s; peak memory 10006 MiB.
2026-10-06T12:46:02Z INFO [1761/2500] 778630e8-fe8b-4a9d-a8ce-d3c6c633e154: valid; 1.6 s; peak memory 10006 MiB.
2026-10-06T12:46:04Z INFO [1762/2500] 7786876b-8ed5-4f08-aece-336c16cae9b3: not valid; 1.3 s; peak memory 10006 MiB.
2026-10-06T12:46:05Z INFO [1763/2500] 77878583-37f7-4ae3-b90b-f3d00909c3bb: valid; 1.4 s; peak memory 10006 MiB.
2026-10-06T12:46:28Z INFO [1764/2500] 7787c215-2b10-4e69-9b9b-2eea06e986c2: valid; 23.0 s; peak memory 10006 MiB.
2026-10-06T12:46:30Z INFO [1765/2500] 77888f45-3b71-4c5c-838c-fe19fea8b67f: not valid; 1.6 s; peak memory 10006 MiB.
2026-10-06T12:46:32Z INFO [1766/2500] 77889775-b8ee-488b-9dd6-28f6dd7820ca: valid; 2.2 s; peak memory 10006 MiB.
2026-10-06T12:46:34Z INFO [1767/2500] 77889b18-344b-4e55-acde-2cbf54878b1e: valid; 1.6 s; peak memory 10006 MiB.
2026-10-06T12:46:35Z INFO [1768/2500] 7788a8f6-2ff2-40f1-8fd1-31079ef9b0ca: valid; 1.6 s; peak memory 10006 MiB.
2026-10-06T12:46:37Z INFO [1769/2500] 7788cbb6-eb93-4bfc-b5d7-e944b63a2998: valid; 2.2 s; peak memory 10006 MiB.
2026-10-06T12:46:37Z WARNING 7788e999-86dd-4c93-a635-dbfd338a3429: failed while retrieving asset information from the DANDI API (NotFoundError: No such Dandiset: 001269)
2026-10-06T12:46:39Z INFO [1771/2500] 778912dd-6f49-4190-ab4d-5a60e81e90bc: valid; 2.0 s; peak memory 10006 MiB.
2026-10-06T12:46:41Z INFO [1772/2500] 7789715f-c8f9-4071-9520-4b139133ef7d: valid; 1.2 s; peak memory 10006 MiB.
2026-10-06T12:46:42Z INFO [1773/2500] 77897899-ac84-4531-a847-e20a33200faf: valid; 0.9 s; peak memory 10006 MiB.
2026-10-06T12:46:44Z INFO [1774/2500] 7789b99f-8003-4110-87da-7cc609bb370d: valid; 2.4 s; peak memory 10006 MiB.
2026-10-06T12:46:45Z INFO [1775/2500] 778afd77-4136-4199-b9b2-4dce2ae101bc: valid; 1.2 s; peak memory 10006 MiB.
2026-10-06T12:46:48Z INFO [1776/2500] 778bdfc8-f55a-4333-99a9-4d089f71e23c: not valid; 2.4 s; peak memory 10006 MiB.
2026-10-06T12:46:49Z INFO [1777/2500] 778c188c-39b8-4f7d-9f7b-802f8d3c867f: valid; 1.2 s; peak memory 10006 MiB.
2026-10-06T12:46:51Z INFO [1778/2500] 778c3167-0cc5-4e65-89e6-d127e8cc22d9: valid; 2.0 s; peak memory 10006 MiB.
2026-10-06T12:46:52Z INFO [1779/2500] 778c47b1-5fa9-4bfa-b9e7-01245fcb18e4: valid; 1.7 s; peak memory 10006 MiB.
2026-10-06T12:46:54Z INFO [1780/2500] 778d89d6-ea75-44ef-b897-446fa303b234: not valid; 1.2 s; peak memory 10006 MiB.
2026-10-06T12:47:03Z INFO [1781/2500] 778dd961-a82c-42c5-b900-14fdeea2c03c: valid; 9.1 s; peak memory 10006 MiB.
2026-10-06T12:47:09Z INFO [1782/2500] 778e054c-343b-47a2-9547-34eb0a03ada6: valid; 6.3 s; peak memory 10006 MiB.
2026-10-06T12:47:11Z INFO [1783/2500] 778e6d75-4887-4b8d-8978-de3f3c26c3fe: valid; 1.7 s; peak memory 10006 MiB.
2026-10-06T12:47:15Z INFO [1784/2500] 778efffe-56b6-4b2a-ae3c-2c1b294771af: valid; 4.1 s; peak memory 10006 MiB.
2026-10-06T12:47:17Z WARNING 778f103c-8657-441a-8ed2-1f18df7beca4: failed while opening the NWB file (ConstructError: (root/acquisition/_iblmic_audioSpectrogram/bands GroupBuilder {'attributes': {'colnames': array(['freq'], dtype=object), 'description': 'spectogram frequencies', 'namespace': 'core', 'neurodata_type': 'FrequencyBandsTable', 'object_id': 'ff1c34b1-2d54-42cd-8330-5522aa142ba4'}, 'groups': {}, 'datasets': {'freq': root/acquisition/_iblmic_audioSpectrogram/bands/freq DatasetBuilder {'attributes': {'description': 'frequency value', 'namespace': 'hdmf-common', 'neurodata_type': 'VectorData', 'object_id': 'f91c35d8-41c4-4844-900d-586d441dfdae'}, 'data': <HDF5 dataset "freq": shape (257,), type "<f4">}, 'id': root/acquisition/_iblmic_audioSpectrogram/bands/id DatasetBuilder {'attributes': {'namespace': 'hdmf-common', 'neurodata_type': 'ElementIdentifiers', 'object_id': '0a6fa636-9a79-4656-a3e0-dcfb32b3d30d'}, 'data': <HDF5 dataset "id": shape (257,), type "<i4">}}, 'links': {}}, "Could not construct FrequencyBandsTable object due to: column must have the same number of rows as 'id'"))
2026-10-06T12:47:18Z INFO [1786/2500] 778f5a06-c742-439b-9522-787700c7a450: valid; 1.2 s; peak memory 10006 MiB.
2026-10-06T12:47:32Z INFO [1787/2500] 778faecc-f9b4-490c-a4f1-ce8c9d24298e: valid; 13.9 s; peak memory 10006 MiB.
2026-10-06T12:47:34Z INFO [1788/2500] 7790c815-175e-40b4-a0a5-8b5006258a71: valid; 2.4 s; peak memory 10006 MiB.
2026-10-06T12:47:36Z INFO [1789/2500] 7790f025-72c1-4f9f-9fc9-b843cf7339e1: not valid; 1.6 s; peak memory 10006 MiB.
2026-10-06T12:47:37Z INFO [1790/2500] 77911f8a-1401-418a-b7c3-a88325690160: valid; 1.1 s; peak memory 10006 MiB.
2026-10-06T12:47:38Z INFO [1791/2500] 7791380c-5672-4053-a752-e73bc069afd2: valid; 1.4 s; peak memory 10006 MiB.
2026-10-06T12:47:39Z INFO [1792/2500] 77916ff0-c831-4844-910a-ca9075012ae6: valid; 1.2 s; peak memory 10006 MiB.
2026-10-06T12:47:41Z INFO [1793/2500] 7791a226-aab0-45f9-ac7f-66005d3980f3: valid; 1.7 s; peak memory 10006 MiB.
2026-10-06T12:47:45Z INFO [1794/2500] 7791f195-a032-4efe-a821-83150dc563b7: valid; 3.9 s; peak memory 10006 MiB.
2026-10-06T12:47:46Z INFO [1795/2500] 77926699-844f-4f8c-8982-ada59ed1ebdf: valid; 1.3 s; peak memory 10006 MiB.
2026-10-06T12:47:48Z INFO [1796/2500] 77927473-f2ad-4a8a-822b-087068e5c78d: not valid; 1.5 s; peak memory 10006 MiB.
2026-10-06T12:48:18Z INFO [1797/2500] 77934e1e-063b-4df6-896e-b265e8c8e40a: not valid; 30.4 s; peak memory 10006 MiB.
2026-10-06T12:48:20Z INFO [1798/2500] 7793cd34-f2d6-4ec7-bdb7-a6e6dd5b6245: valid; 2.0 s; peak memory 10006 MiB.
2026-10-06T12:48:21Z INFO [1799/2500] 7793f5df-c348-476d-9b89-122c62fb9355: valid; 1.2 s; peak memory 10006 MiB.
2026-10-06T12:48:31Z INFO [1800/2500] 779489e7-54c8-4d01-85eb-b2dc76a7bc3c: valid; 9.6 s; peak memory 10006 MiB.
2026-10-06T12:48:32Z INFO [1800/2500] 779489e7-54c8-4d01-85eb-b2dc76a7bc3c: checkpointed 142810 records.
2026-10-06T12:48:33Z INFO [1801/2500] 7794f4bf-6dd7-49e3-9e73-6fba39079a9e: valid; 1.2 s; peak memory 10006 MiB.
2026-10-06T12:48:34Z WARNING 779539f1-fb9f-4964-8350-9e5327eceefc: failed while opening the NWB file (ValueError: Cannot resolve included group spec 'electrodes' with data_type_inc 'ElectrodesTable' because a group spec with the same name already exists with data_type_inc 'DynamicTable', and data type 'DynamicTable' is not a child type of data type 'ElectrodesTable'.)
2026-10-06T12:48:35Z INFO [1803/2500] 779590f1-14a2-473e-94a9-8cae98de2e0f: valid; 1.2 s; peak memory 10006 MiB.
2026-10-06T12:48:36Z INFO [1804/2500] 7795b64c-ac77-4075-8ace-89445636c45f: valid; 1.0 s; peak memory 10006 MiB.
2026-10-06T12:48:37Z INFO [1805/2500] 7795f939-5f9b-4181-8edb-6173060a85fc: valid; 1.0 s; peak memory 10006 MiB.
2026-10-06T12:48:39Z INFO [1806/2500] 77961c20-22be-4bf3-92a9-b632020b80ba: valid; 1.4 s; peak memory 10006 MiB.
2026-10-06T12:48:40Z INFO [1807/2500] 77962366-231c-4527-8ebc-73b88182cabd: valid; 1.4 s; peak memory 10006 MiB.
2026-10-06T12:48:41Z INFO [1808/2500] 7797a9ed-ff93-42a5-8fe6-4e2e7f14fccd: valid; 1.2 s; peak memory 10006 MiB.
2026-10-06T12:48:43Z INFO [1809/2500] 7797c424-97d6-4579-b8a8-1ff4f80aca92: not valid; 1.7 s; peak memory 10006 MiB.
2026-10-06T12:48:45Z INFO [1810/2500] 7797db22-c7f3-4e06-8806-7eba188ecf6a: valid; 1.6 s; peak memory 10006 MiB.
2026-10-06T12:48:46Z INFO [1811/2500] 779892f5-0ab7-4f10-a948-a20e823910a4: valid; 1.1 s; peak memory 10006 MiB.
2026-10-06T12:48:47Z INFO [1812/2500] 7798f539-b9d7-4a13-8255-59ad1c0a4a28: valid; 1.5 s; peak memory 10006 MiB.
2026-10-06T12:48:51Z INFO [1813/2500] 7799162f-f298-4024-91f0-287dd2f5f51a: valid; 3.6 s; peak memory 10006 MiB.
2026-10-06T12:48:52Z INFO [1814/2500] 77993ef8-2777-4a38-a89d-4b1632fc1ae6: valid; 1.6 s; peak memory 10006 MiB.
2026-10-06T12:48:54Z INFO [1815/2500] 779a079b-270b-4680-b366-5bec3ebc2e05: not valid; 1.5 s; peak memory 10006 MiB.
2026-10-06T12:48:56Z INFO [1816/2500] 779a4048-a15c-4d6d-b322-beb0ddab69b8: valid; 2.0 s; peak memory 10006 MiB.
2026-10-06T12:48:58Z INFO [1817/2500] 779a7b50-2e2f-40f3-8d5f-a315e288a320: valid; 2.4 s; peak memory 10006 MiB.
2026-10-06T12:49:00Z INFO [1818/2500] 779a889c-91ee-4104-8a61-131393f0fae1: valid; 1.4 s; peak memory 10006 MiB.
2026-10-06T12:49:01Z INFO [1819/2500] 779afef8-cfc6-4bf7-970d-671be0501e7f: valid; 1.3 s; peak memory 10006 MiB.
2026-10-06T12:49:04Z INFO [1820/2500] 779b2022-519e-437f-86d6-1ac6db1d036f: valid; 2.5 s; peak memory 10006 MiB.
2026-10-06T12:49:06Z INFO [1821/2500] 779b2782-20ff-489e-9833-a31f7871428e: valid; 2.5 s; peak memory 10006 MiB.
2026-10-06T12:49:07Z INFO [1822/2500] 779ba80c-a34e-4537-8c50-2061525a5cd5: valid; 1.1 s; peak memory 10006 MiB.
2026-10-06T12:49:19Z INFO [1823/2500] 779bf95a-682e-4221-8bbf-84ca51c1da99: valid; 11.4 s; peak memory 10006 MiB.
2026-10-06T12:49:20Z INFO [1824/2500] 779c6ded-1c3d-4461-b62e-cfffd6d1a117: not valid; 1.8 s; peak memory 10006 MiB.
2026-10-06T12:49:23Z INFO [1825/2500] 779c9331-093f-4f18-b492-a49e4a87c7aa: valid; 2.2 s; peak memory 10006 MiB.
2026-10-06T12:49:36Z INFO [1826/2500] 779f9f72-d509-4066-b86f-99539532aa6b: valid; 13.2 s; peak memory 10006 MiB.
2026-10-06T12:49:38Z INFO [1827/2500] 77a04e2f-5b7f-4cd5-8b8b-514e9bb00520: valid; 1.8 s; peak memory 10006 MiB.
2026-10-06T12:49:54Z INFO [1828/2500] 77a05244-ac0b-453b-a023-ca65bf9aaf61: valid; 16.7 s; peak memory 10006 MiB.
2026-10-06T12:49:56Z INFO [1829/2500] 77a0c756-dbdb-42ec-8c0e-bae3c7f040e6: not valid; 1.6 s; peak memory 10006 MiB.
2026-10-06T12:50:07Z INFO [1830/2500] 77a0d2db-b0d9-4c9f-b1a9-902673eccda0: valid; 11.0 s; peak memory 10006 MiB.
2026-10-06T12:50:08Z INFO [1831/2500] 77a0e4a3-ae99-4234-9d8d-5e96c043b93a: valid; 1.3 s; peak memory 10006 MiB.
2026-10-06T12:50:10Z INFO [1832/2500] 77a11f73-2303-467f-97fa-52ac26faf6aa: not valid; 1.6 s; peak memory 10006 MiB.
2026-10-06T12:50:13Z INFO [1833/2500] 77a144ec-656d-4747-b7df-c493b4df5352: valid; 2.8 s; peak memory 10006 MiB.
2026-10-06T12:50:15Z INFO [1834/2500] 77a189c7-eb35-4069-bea4-ea2edeee0fe5: valid; 2.4 s; peak memory 10006 MiB.
2026-10-06T12:50:17Z INFO [1835/2500] 77a1d51c-3bd4-41b0-a446-88aa660b8698: valid; 1.6 s; peak memory 10006 MiB.
2026-10-06T12:50:18Z INFO [1836/2500] 77a2194b-b9d2-48f0-aafb-1b519f83dd01: valid; 1.2 s; peak memory 10006 MiB.
2026-10-06T12:50:19Z INFO [1837/2500] 77a256e0-dd96-4b60-81b4-f543f816eaf8: valid; 1.2 s; peak memory 10006 MiB.
2026-10-06T12:50:21Z INFO [1838/2500] 77a2dc90-cf02-4def-8f4d-28cb1a4de18e: valid; 1.7 s; peak memory 10006 MiB.
2026-10-06T12:50:22Z INFO [1839/2500] 77a3518b-89b4-42c9-bd64-a4c973f79bcc: valid; 1.1 s; peak memory 10006 MiB.
2026-10-06T12:50:25Z INFO [1840/2500] 77a3beda-f06c-446e-a211-9dd943841c3f: valid; 3.3 s; peak memory 10006 MiB.
2026-10-06T12:50:31Z INFO [1841/2500] 77a3fd60-c4ed-42b4-8e4f-8e3a1a1b532c: not valid; 6.3 s; peak memory 10006 MiB.
2026-10-06T12:50:49Z INFO [1842/2500] 77a43e8a-d029-43ce-b4eb-463ceb83ba92: valid; 17.3 s; peak memory 10006 MiB.
2026-10-06T12:50:50Z INFO [1843/2500] 77a44ea6-b051-4fe6-8543-8afa0f43d023: not valid; 1.4 s; peak memory 10006 MiB.
2026-10-06T12:50:51Z INFO [1844/2500] 77a4ef1e-5e98-42de-b792-2e744fd153fa: valid; 1.0 s; peak memory 10006 MiB.
2026-10-06T12:50:52Z INFO [1845/2500] 77a527f1-bbb7-41a6-9de7-92ee5ca0cffe: not valid; 1.1 s; peak memory 10006 MiB.
2026-10-06T12:50:53Z INFO [1846/2500] 77a5d32b-e5b0-408f-89c0-02612c26bb51: not valid; 1.1 s; peak memory 10006 MiB.
2026-10-06T12:50:55Z INFO [1847/2500] 77a5fa11-d68c-4dbf-9bad-5ade1deacf13: valid; 2.0 s; peak memory 10006 MiB.
2026-10-06T12:50:57Z INFO [1848/2500] 77a6331a-fc2f-4323-8995-2016bc5611af: not valid; 1.6 s; peak memory 10006 MiB.
2026-10-06T12:50:58Z INFO [1849/2500] 77a689d8-76b0-4551-8f07-98b09764426a: valid; 1.3 s; peak memory 10006 MiB.
2026-10-06T12:51:00Z INFO [1850/2500] 77a7607b-1b21-4055-89c2-939fa0d72803: valid; 1.3 s; peak memory 10006 MiB.
2026-10-06T12:51:01Z INFO [1850/2500] 77a7607b-1b21-4055-89c2-939fa0d72803: checkpointed 142860 records.
2026-10-06T12:51:03Z INFO [1851/2500] 77a8706c-53b6-45b5-9a2d-b312c6731c87: valid; 1.5 s; peak memory 10006 MiB.
2026-10-06T12:51:04Z INFO [1852/2500] 77a897f8-fd50-4c33-b1f3-fbe5f954c212: valid; 1.0 s; peak memory 10006 MiB.
2026-10-06T12:51:05Z INFO [1853/2500] 77a8a01e-f5bf-443c-a1e7-dc9d1ab99152: valid; 1.2 s; peak memory 10006 MiB.
2026-10-06T12:51:06Z INFO [1854/2500] 77a93520-7c48-4ae6-86a0-ca5531c3401d: valid; 1.4 s; peak memory 10006 MiB.
2026-10-06T12:51:09Z INFO [1855/2500] 77a99d27-c0a3-49d1-92d9-c32d749ebcf2: valid; 3.0 s; peak memory 10006 MiB.
2026-10-06T12:51:20Z INFO [1856/2500] 77aa8a8d-2e6b-4641-9ff4-613917b219e9: valid; 11.1 s; peak memory 10006 MiB.
2026-10-06T12:51:23Z INFO [1857/2500] 77aa8ac6-5c82-4594-838e-2e42a492fff4: not valid; 3.2 s; peak memory 10006 MiB.
2026-10-06T12:51:26Z INFO [1858/2500] 77aaf2c2-0356-431e-8f4a-652c2475826f: valid; 2.2 s; peak memory 10006 MiB.
2026-10-06T12:51:27Z WARNING 77ab1064-87fb-4dae-abc5-643d2bb26972: failed while opening the NWB file (ConstructError: (root/acquisition/_iblmic_audioSpectrogram/bands GroupBuilder {'attributes': {'colnames': array(['freq'], dtype=object), 'description': 'spectogram frequencies', 'namespace': 'core', 'neurodata_type': 'FrequencyBandsTable', 'object_id': '36c2533f-8e13-4d2b-8440-657af688cb0c'}, 'groups': {}, 'datasets': {'freq': root/acquisition/_iblmic_audioSpectrogram/bands/freq DatasetBuilder {'attributes': {'description': 'frequency value', 'namespace': 'hdmf-common', 'neurodata_type': 'VectorData', 'object_id': '5280924b-6ee4-4c46-b8fd-2d75ca069224'}, 'data': <HDF5 dataset "freq": shape (257,), type "<f4">}, 'id': root/acquisition/_iblmic_audioSpectrogram/bands/id DatasetBuilder {'attributes': {'namespace': 'hdmf-common', 'neurodata_type': 'ElementIdentifiers', 'object_id': 'c902eeab-8c65-466d-9bf3-1fc44c73f385'}, 'data': <HDF5 dataset "id": shape (257,), type "<i4">}}, 'links': {}}, "Could not construct FrequencyBandsTable object due to: column must have the same number of rows as 'id'"))
2026-10-06T12:51:30Z INFO [1860/2500] 77ab6cbb-358e-43df-8cc4-a0e8d0506d5c: valid; 2.6 s; peak memory 10006 MiB.
2026-10-06T12:51:31Z INFO [1861/2500] 77abc09f-e970-48c7-8056-6b44f9d8654b: valid; 0.9 s; peak memory 10006 MiB.
2026-10-06T12:51:33Z INFO [1862/2500] 77acb42e-d791-4987-8ff1-f4be7b5080d9: valid; 2.0 s; peak memory 10006 MiB.
2026-10-06T12:51:35Z INFO [1863/2500] 77ace434-3b07-4b00-8a8a-1c434f3b45a5: valid; 1.8 s; peak memory 10006 MiB.
2026-10-06T12:51:36Z INFO [1864/2500] 77acf426-6799-42c8-8f50-e46a21ad1d6d: valid; 1.3 s; peak memory 10006 MiB.
2026-10-06T12:51:38Z WARNING 77ad30d6-a82e-415e-877e-15d585801d77: failed while opening the NWB file (ConstructError: (root/acquisition/_iblmic_audioSpectrogram/bands GroupBuilder {'attributes': {'colnames': array(['freq'], dtype=object), 'description': 'spectogram frequencies', 'namespace': 'core', 'neurodata_type': 'FrequencyBandsTable', 'object_id': '499804f8-58b2-4772-96eb-dece797f9c1f'}, 'groups': {}, 'datasets': {'freq': root/acquisition/_iblmic_audioSpectrogram/bands/freq DatasetBuilder {'attributes': {'description': 'frequency value', 'namespace': 'hdmf-common', 'neurodata_type': 'VectorData', 'object_id': '4f66e6b5-996f-4da1-a07d-859905fc5d1f'}, 'data': <HDF5 dataset "freq": shape (257,), type "<f4">}, 'id': root/acquisition/_iblmic_audioSpectrogram/bands/id DatasetBuilder {'attributes': {'namespace': 'hdmf-common', 'neurodata_type': 'ElementIdentifiers', 'object_id': '18f2a712-7b25-4d43-b710-4d82c4c5e114'}, 'data': <HDF5 dataset "id": shape (257,), type "<i4">}}, 'links': {}}, "Could not construct FrequencyBandsTable object due to: column must have the same number of rows as 'id'"))
2026-10-06T12:51:39Z INFO [1866/2500] 77ad408e-0dda-411d-9e02-c939f136f168: valid; 1.5 s; peak memory 10006 MiB.
2026-10-06T12:51:41Z INFO [1867/2500] 77ad6807-99e5-4d7b-9a5a-c7ddbe39184f: valid; 1.1 s; peak memory 10006 MiB.
2026-10-06T12:51:42Z INFO [1868/2500] 77ad6997-1bfa-46f3-830d-59c2a173b9d6: valid; 1.8 s; peak memory 10006 MiB.
2026-10-06T12:51:45Z INFO [1869/2500] 77ad838d-8389-48cb-95a0-2b8dc19f13ea: not valid; 2.5 s; peak memory 10006 MiB.
2026-10-06T12:51:47Z INFO [1870/2500] 77af8b64-954b-4050-9d23-6e68e73a2e03: valid; 1.6 s; peak memory 10006 MiB.
2026-10-06T12:51:50Z INFO [1871/2500] 77b14bd5-41e5-4fbe-94cf-3a9b978fca01: valid; 3.2 s; peak memory 10006 MiB.
2026-10-06T12:51:53Z INFO [1872/2500] 77b183c4-ec32-4e31-9672-b1e64eaac807: valid; 3.3 s; peak memory 10006 MiB.
2026-10-06T12:51:55Z INFO [1873/2500] 77b21477-1a05-4814-8253-8193d2417933: valid; 2.2 s; peak memory 10006 MiB.
2026-10-06T12:51:59Z INFO [1874/2500] 77b261ad-3851-4700-ac02-9cb275a58066: not valid; 3.8 s; peak memory 10006 MiB.
2026-10-06T12:52:00Z INFO [1875/2500] 77b26a6b-fb0a-4a74-881c-34c1adc4f23d: valid; 1.1 s; peak memory 10006 MiB.
2026-10-06T12:52:17Z INFO [1876/2500] 77b278a1-a177-4b46-8922-8e1482422307: valid; 16.7 s; peak memory 10006 MiB.
2026-10-06T12:52:18Z INFO [1877/2500] 77b33a6b-fbca-4e90-9c23-e1fc0b73b60b: valid; 1.3 s; peak memory 10006 MiB.
2026-10-06T12:52:18Z WARNING 77b34d24-73c6-4f57-b794-95f6ddad1a39: failed while retrieving asset information from the DANDI API (NotFoundError: No such Dandiset: 000948)
2026-10-06T12:52:20Z INFO [1879/2500] 77b3cf75-7141-4619-a1f9-6b4a509b950f: not valid; 1.4 s; peak memory 10006 MiB.
2026-10-06T12:52:21Z INFO [1880/2500] 77b41eb0-4bd6-409f-a5f4-68af84afcebc: not valid; 1.4 s; peak memory 10006 MiB.
2026-10-06T12:52:42Z INFO [1881/2500] 77b42a1b-b90b-477c-8bd2-a8816da2c742: valid; 21.2 s; peak memory 10006 MiB.
2026-10-06T12:52:45Z INFO [1882/2500] 77b48624-f495-49fa-a7f5-c6faa25b96d4: valid; 2.2 s; peak memory 10006 MiB.
2026-10-06T12:52:46Z INFO [1883/2500] 77b5bc41-4d54-4398-93c6-0f801a66cdca: valid; 1.3 s; peak memory 10006 MiB.
2026-10-06T12:52:47Z INFO [1884/2500] 77b67c13-7f32-43bc-8b4d-d083db69e28d: valid; 1.1 s; peak memory 10006 MiB.
2026-10-06T12:52:49Z INFO [1885/2500] 77b6bebb-9442-4e7d-9aa4-dd8930f1e694: valid; 2.0 s; peak memory 10006 MiB.
2026-10-06T12:52:52Z INFO [1886/2500] 77b6c626-8350-47bc-8305-63f9c7c821a1: valid; 3.4 s; peak memory 10006 MiB.
2026-10-06T12:52:54Z INFO [1887/2500] 77b6d0d1-bad9-4da6-b611-aeb52f44d160: valid; 1.3 s; peak memory 10006 MiB.
2026-10-06T12:52:55Z INFO [1888/2500] 77b80634-71bd-4a3e-b43c-f1b4f3749889: not valid; 1.4 s; peak memory 10006 MiB.
2026-10-06T12:52:56Z INFO [1889/2500] 77b87ada-78da-4aa2-a3cf-a220baa0c5af: valid; 1.2 s; peak memory 10006 MiB.
2026-10-06T12:52:58Z INFO [1890/2500] 77b8922a-eebf-4af8-ada4-006c233bbaed: not valid; 1.3 s; peak memory 10006 MiB.
2026-10-06T12:53:09Z INFO [1891/2500] 77b8edc8-97ae-49f1-b7aa-dcd5dc97ebd1: valid; 11.5 s; peak memory 10006 MiB.
2026-10-06T12:53:11Z INFO [1892/2500] 77b93861-601c-4649-9366-872dc8d7c4e5: not valid; 1.8 s; peak memory 10006 MiB.
2026-10-06T12:53:12Z INFO [1893/2500] 77b9541a-4789-48d4-831b-bfe9a856243c: not valid; 1.6 s; peak memory 10006 MiB.
2026-10-06T12:53:14Z INFO [1894/2500] 77b9706c-4527-489e-bb05-7fac707df009: valid; 1.5 s; peak memory 10006 MiB.
2026-10-06T12:53:15Z INFO [1895/2500] 77b982a3-7e7d-4e38-9c2e-1d0ff5c3546a: valid; 1.6 s; peak memory 10006 MiB.
2026-10-06T12:53:18Z INFO [1896/2500] 77b9f6ca-83a0-49a1-a8ff-5d356d41f0b6: valid; 2.5 s; peak memory 10006 MiB.
2026-10-06T12:53:19Z INFO [1897/2500] 77ba479d-0fa7-4a51-9a15-f31a5da20cd6: valid; 1.3 s; peak memory 10006 MiB.
2026-10-06T12:53:21Z INFO [1898/2500] 77ba6546-51db-4f59-88ab-e1f53e6c17d7: valid; 1.3 s; peak memory 10006 MiB.
2026-10-06T12:53:22Z INFO [1899/2500] 77baa6af-da01-4337-9ef1-c0728b2f5b14: not valid; 1.4 s; peak memory 10006 MiB.
2026-10-06T12:53:23Z INFO [1900/2500] 77bad4bc-6caa-4225-a2af-547e347783c7: valid; 0.9 s; peak memory 10006 MiB.
2026-10-06T12:53:24Z INFO [1900/2500] 77bad4bc-6caa-4225-a2af-547e347783c7: checkpointed 142910 records.
2026-10-06T12:53:25Z INFO [1901/2500] 77bb078d-4263-4f91-82a8-6be2495bc728: not valid; 1.4 s; peak memory 10006 MiB.
2026-10-06T12:53:27Z INFO [1902/2500] 77bc7527-31bb-45c1-b169-ce0cfdd487eb: valid; 1.8 s; peak memory 10006 MiB.
2026-10-06T12:53:28Z INFO [1903/2500] 77bc8f9e-6936-450d-9c29-0be61f0427d3: valid; 1.2 s; peak memory 10006 MiB.
2026-10-06T12:53:29Z INFO [1904/2500] 77bca852-3eff-486a-a04f-2f8b44ab7f19: valid; 1.2 s; peak memory 10006 MiB.
2026-10-06T12:53:32Z INFO [1905/2500] 77bce1b2-912b-4570-9a33-cf47e319bf5a: valid; 2.5 s; peak memory 10006 MiB.
2026-10-06T12:53:34Z INFO [1906/2500] 77bd07a6-2099-4e10-abd9-c7912efc0426: valid; 2.2 s; peak memory 10006 MiB.
2026-10-06T12:53:36Z INFO [1907/2500] 77bd412e-e46e-4b09-9f0a-03253d7257a9: valid; 2.0 s; peak memory 10006 MiB.
2026-10-06T12:53:38Z INFO [1908/2500] 77bd6357-be77-48d1-87fa-d7665d5f2616: valid; 2.0 s; peak memory 10006 MiB.
2026-10-06T12:53:40Z INFO [1909/2500] 77bde803-251c-4168-8c4d-d95965b64ed1: not valid; 1.5 s; peak memory 10006 MiB.
2026-10-06T12:53:42Z INFO [1910/2500] 77bdf76e-7584-48c0-86b4-92152c4e1d1b: valid; 2.3 s; peak memory 10006 MiB.
2026-10-06T12:53:43Z INFO [1911/2500] 77be3017-5949-4f3c-86a8-8ce25a34706d: not valid; 1.2 s; peak memory 10006 MiB.
2026-10-06T12:53:44Z INFO [1912/2500] 77be50d9-4d9f-423a-b0ba-25f17ba17371: valid; 1.2 s; peak memory 10006 MiB.
2026-10-06T12:53:49Z INFO [1913/2500] 77beefc8-dc5c-4ff5-9b4e-21b147460a91: valid; 4.9 s; peak memory 10006 MiB.
2026-10-06T12:53:52Z INFO [1914/2500] 77bf0a49-4c8e-4cbd-a9dd-a8f92bd4122d: not valid; 2.4 s; peak memory 10006 MiB.
2026-10-06T12:53:53Z INFO [1915/2500] 77bf232c-1d07-4d02-92b2-c290bd3c5eb1: valid; 1.3 s; peak memory 10006 MiB.
2026-10-06T12:53:54Z INFO [1916/2500] 77bfc18a-60f6-464e-973c-332f6a6696c4: valid; 1.1 s; peak memory 10006 MiB.
2026-10-06T12:53:56Z INFO [1917/2500] 77bfe7d7-ee6f-4060-999d-7167184dbc61: valid; 2.0 s; peak memory 10006 MiB.
2026-10-06T12:54:07Z INFO [1918/2500] 77c02ce0-5c58-4f8b-82d2-682eef35ad1d: valid; 10.6 s; peak memory 10006 MiB.
2026-10-06T12:54:12Z INFO [1919/2500] 77c033f1-693b-4498-ad46-d0e88c2caaac: valid; 5.6 s; peak memory 10006 MiB.
2026-10-06T12:54:14Z INFO [1920/2500] 77c03e25-b351-4afc-be5e-bc805b35c6af: not valid; 1.5 s; peak memory 10006 MiB.
2026-10-06T12:54:17Z INFO [1921/2500] 77c04e60-610c-495b-b902-a7d90b7b79cb: valid; 3.0 s; peak memory 10006 MiB.
2026-10-06T12:54:18Z INFO [1922/2500] 77c097d4-e9ce-4477-9e04-d4ba4626cbe9: valid; 1.2 s; peak memory 10006 MiB.
2026-10-06T12:54:19Z INFO [1923/2500] 77c11b84-4228-4402-a1b9-de4af44ea91c: valid; 1.3 s; peak memory 10006 MiB.
2026-10-06T12:54:21Z INFO [1924/2500] 77c25b41-8618-41f6-8cd8-fafc77211cfd: valid; 1.6 s; peak memory 10006 MiB.
2026-10-06T12:54:28Z INFO [1925/2500] 77c2a953-0809-49ac-b0f7-4bd6e12d07ba: valid; 6.8 s; peak memory 10006 MiB.
2026-10-06T12:54:29Z INFO [1926/2500] 77c2c6e6-6219-4c99-b5b3-5890d0b06364: not valid; 1.6 s; peak memory 10006 MiB.
2026-10-06T12:54:30Z INFO [1927/2500] 77c2e799-e0fc-49a8-96aa-aa2f1c27dbe1: valid; 1.1 s; peak memory 10006 MiB.
2026-10-06T12:54:32Z INFO [1928/2500] 77c2e816-4062-4d77-a13b-037ce3984391: valid; 1.6 s; peak memory 10006 MiB.
2026-10-06T12:54:33Z INFO [1929/2500] 77c50d02-9f7a-4723-906a-bbbe24cbbd28: not valid; 1.0 s; peak memory 10006 MiB.
2026-10-06T12:54:45Z INFO [1930/2500] 77c5f1ff-34b0-451b-b02f-a83b75771c28: valid; 12.1 s; peak memory 10006 MiB.
2026-10-06T12:54:47Z INFO [1931/2500] 77c61aa8-24c5-4305-a5e5-5912a9fec805: valid; 2.2 s; peak memory 10006 MiB.
2026-10-06T12:54:49Z INFO [1932/2500] 77c63ec1-f6a5-4da4-8345-d4947064e184: valid; 1.9 s; peak memory 10006 MiB.
2026-10-06T12:54:55Z INFO [1933/2500] 77c64c62-95d5-4a64-b916-a0cbe8c86bee: not valid; 5.5 s; peak memory 10006 MiB.
2026-10-06T12:54:55Z WARNING 77c661bd-2abf-48f3-bae1-0bb427772288: failed while retrieving asset information from the DANDI API (NotFoundError: No such Dandiset: 001533)
2026-10-06T12:54:56Z INFO [1935/2500] 77c6b26e-e95c-4bf0-b7af-f8a3ac3c606d: not valid; 1.5 s; peak memory 10006 MiB.
2026-10-06T12:54:58Z INFO [1936/2500] 77c6e15f-1a41-4d7e-b87f-2e101e531674: not valid; 1.3 s; peak memory 10006 MiB.
2026-10-06T12:55:08Z INFO [1937/2500] 77c706be-bb83-43c2-943d-16fa9d5c3fdd: valid; 10.0 s; peak memory 10006 MiB.
2026-10-06T12:55:09Z INFO [1938/2500] 77c77c69-9a99-4372-83f1-9cce0c553f46: valid; 1.3 s; peak memory 10006 MiB.
2026-10-06T12:55:10Z INFO [1939/2500] 77c7929e-91ef-4247-8446-caf5608511e3: valid; 0.9 s; peak memory 10006 MiB.
2026-10-06T12:55:12Z INFO [1940/2500] 77c7f352-8787-466c-a000-9024724701f0: not valid; 2.1 s; peak memory 10006 MiB.
2026-10-06T12:55:13Z INFO [1941/2500] 77c7fe2a-7406-49ef-a5c1-d3a69c21a6c1: valid; 1.5 s; peak memory 10006 MiB.
2026-10-06T12:55:15Z WARNING 77c856fd-dddb-4007-b615-988e5af8d5b8: failed while opening the NWB file (ConstructError: (root/acquisition/_iblmic_audioSpectrogram/bands GroupBuilder {'attributes': {'colnames': array(['freq'], dtype=object), 'description': 'spectogram frequencies', 'namespace': 'core', 'neurodata_type': 'FrequencyBandsTable', 'object_id': '865088ff-17b2-4d38-8660-54665202a23a'}, 'groups': {}, 'datasets': {'freq': root/acquisition/_iblmic_audioSpectrogram/bands/freq DatasetBuilder {'attributes': {'description': 'frequency value', 'namespace': 'hdmf-common', 'neurodata_type': 'VectorData', 'object_id': '2f56ba54-537d-49bf-8c2e-f3f335e2c344'}, 'data': <HDF5 dataset "freq": shape (257,), type "<f4">}, 'id': root/acquisition/_iblmic_audioSpectrogram/bands/id DatasetBuilder {'attributes': {'namespace': 'hdmf-common', 'neurodata_type': 'ElementIdentifiers', 'object_id': '73dbc961-9df7-4a1d-8460-4fdb99722390'}, 'data': <HDF5 dataset "id": shape (257,), type "<i4">}}, 'links': {}}, "Could not construct FrequencyBandsTable object due to: column must have the same number of rows as 'id'"))
2026-10-06T12:55:29Z INFO [1943/2500] 77c858bd-7321-430c-9f3a-a99e8d29f74c: not valid; 14.2 s; peak memory 10006 MiB.
2026-10-06T12:55:35Z INFO [1944/2500] 77c887db-6732-4eac-9227-a0c706fdf43b: valid; 6.0 s; peak memory 10006 MiB.
2026-10-06T12:55:37Z INFO [1945/2500] 77c93f59-bae4-43f1-b4f2-0292a85b39ff: valid; 1.4 s; peak memory 10006 MiB.
2026-10-06T12:55:38Z INFO [1946/2500] 77c95092-9d5f-4455-b13f-01d0b74827a8: valid; 1.2 s; peak memory 10006 MiB.
2026-10-06T12:55:53Z INFO [1947/2500] 77ca7da2-8f0d-4c92-85a8-65b59a1205e6: valid; 15.3 s; peak memory 10006 MiB.
2026-10-06T12:55:56Z INFO [1948/2500] 77cb5511-9769-4ca3-a637-bf8739c102c7: not valid; 2.6 s; peak memory 10006 MiB.
2026-10-06T12:55:59Z INFO [1949/2500] 77cba15f-a1b3-4e28-9848-0bd9c3a73cda: valid; 3.3 s; peak memory 10006 MiB.
2026-10-06T12:56:01Z INFO [1950/2500] 77cc7f75-190a-4fc5-8d6e-209ab89da870: valid; 1.7 s; peak memory 10006 MiB.
2026-10-06T12:56:02Z INFO [1950/2500] 77cc7f75-190a-4fc5-8d6e-209ab89da870: checkpointed 142960 records.
2026-10-06T12:56:03Z INFO [1951/2500] 77cccd9a-6fe4-44a5-a4cd-a3de4ff1fdd8: valid; 1.2 s; peak memory 10006 MiB.
2026-10-06T12:56:06Z INFO [1952/2500] 77cd0e10-1f60-405c-bb47-792a5e73a6d0: valid; 2.6 s; peak memory 10006 MiB.
2026-10-06T12:56:08Z INFO [1953/2500] 77cd7493-7b32-42fd-8413-209b5d8690f4: valid; 2.4 s; peak memory 10006 MiB.
2026-10-06T12:56:17Z INFO [1954/2500] 77ce0550-6553-4443-98d1-904748424341: valid; 9.0 s; peak memory 10006 MiB.
2026-10-06T12:56:20Z INFO [1955/2500] 77ce873f-6d69-4df9-a9a7-2acc2ce527ff: valid; 3.0 s; peak memory 10006 MiB.
2026-10-06T12:56:22Z INFO [1956/2500] 77cf0044-6ba2-49b2-a245-455b630d2b34: not valid; 1.5 s; peak memory 10006 MiB.
2026-10-06T12:56:23Z INFO [1957/2500] 77cf2103-0af4-492b-a175-86006ee63aa3: not valid; 1.5 s; peak memory 10006 MiB.
2026-10-06T12:56:25Z INFO [1958/2500] 77cf4c3f-f327-4a52-8057-768f405ee54f: valid; 1.7 s; peak memory 10006 MiB.
2026-10-06T12:56:34Z INFO [1959/2500] 77cfa6f4-693a-4dab-b94f-2868444818c8: valid; 9.3 s; peak memory 10006 MiB.
2026-10-06T12:56:36Z INFO [1960/2500] 77d02707-92b5-48ea-a141-add5d8839a19: not valid; 1.8 s; peak memory 10006 MiB.
2026-10-06T12:56:39Z INFO [1961/2500] 77d08978-85c7-44be-8207-8a43c8617b22: valid; 2.8 s; peak memory 10006 MiB.
2026-10-06T12:56:42Z INFO [1962/2500] 77d0fd9a-a3ce-4a7c-84a1-3194f93ddf79: not valid; 3.4 s; peak memory 10006 MiB.
2026-10-06T12:56:45Z INFO [1963/2500] 77d173b4-ea58-4b2d-b17f-282c674609fc: valid; 2.9 s; peak memory 10006 MiB.
2026-10-06T12:56:47Z INFO [1964/2500] 77d24d91-64b4-4cee-bb28-f16a05f28604: valid; 2.2 s; peak memory 10006 MiB.
2026-10-06T12:56:49Z INFO [1965/2500] 77d2fd9f-8b3d-4866-a304-b8ec005cbdf5: valid; 1.9 s; peak memory 10006 MiB.
2026-10-06T12:57:00Z INFO [1966/2500] 77d32bd8-817e-498d-b608-62b771d665ea: valid; 10.5 s; peak memory 10006 MiB.
2026-10-06T12:57:02Z INFO [1967/2500] 77d35bbd-f5d0-4767-ab4b-b51b10270803: valid; 2.3 s; peak memory 10006 MiB.
2026-10-06T12:57:05Z INFO [1968/2500] 77d3e9c1-6db3-467c-92a0-c90ba2df1335: valid; 2.5 s; peak memory 10006 MiB.
2026-10-06T12:57:06Z INFO [1969/2500] 77d3f3ff-42f2-4388-a05b-da75cfbea0ff: valid; 1.2 s; peak memory 10006 MiB.
2026-10-06T12:57:07Z INFO [1970/2500] 77d579fd-3bc6-46d1-83cb-393fbf34c5d8: valid; 1.2 s; peak memory 10006 MiB.
2026-10-06T12:57:08Z INFO [1971/2500] 77d5894a-68f0-4e33-963d-16a967ff8859: valid; 0.9 s; peak memory 10006 MiB.
2026-10-06T12:57:10Z INFO [1972/2500] 77d5aeab-c19f-4900-8adc-836035cdb8df: valid; 1.7 s; peak memory 10006 MiB.
2026-10-06T12:57:11Z INFO [1973/2500] 77d5b0d2-11ac-4bc4-b81a-7bc65b5a0664: valid; 1.7 s; peak memory 10006 MiB.
2026-10-06T12:57:13Z INFO [1974/2500] 77d5e0cc-8dee-444a-9d45-9da9a12d26bd: not valid; 1.5 s; peak memory 10006 MiB.
2026-10-06T12:57:15Z INFO [1975/2500] 77d62899-9cda-48f2-893a-68917e883b72: valid; 1.7 s; peak memory 10006 MiB.
2026-10-06T12:57:24Z INFO [1976/2500] 77d62dba-4da1-4f61-9904-a92460476d57: valid; 9.5 s; peak memory 10006 MiB.
2026-10-06T12:57:25Z INFO [1977/2500] 77d70453-b26d-4669-aa1d-adc19da6dbca: valid; 1.3 s; peak memory 10006 MiB.
2026-10-06T12:57:27Z INFO [1978/2500] 77d705b8-fe8d-4b36-8edb-dbb097565561: valid; 1.3 s; peak memory 10006 MiB.
2026-10-06T12:57:28Z INFO [1979/2500] 77d74a89-bdea-4029-887f-db908d506a4b: valid; 1.7 s; peak memory 10006 MiB.
2026-10-06T12:57:37Z INFO [1980/2500] 77d81019-3001-455d-ab07-910cb21d6c4a: valid; 8.2 s; peak memory 10006 MiB.
2026-10-06T12:57:40Z INFO [1981/2500] 77d88234-4002-48b2-9506-e7de35150dbb: not valid; 3.4 s; peak memory 10006 MiB.
2026-10-06T12:57:42Z INFO [1982/2500] 77d8a058-1f57-4d3b-a582-8c2119e1b599: valid; 1.8 s; peak memory 10006 MiB.
2026-10-06T12:57:44Z INFO [1983/2500] 77d96271-3f29-4c55-a991-e6d6e98a3032: valid; 2.4 s; peak memory 10006 MiB.
2026-10-06T12:57:46Z INFO [1984/2500] 77d9c965-1b07-42a9-98a7-f823d2450543: valid; 1.7 s; peak memory 10006 MiB.
2026-10-06T12:57:47Z INFO [1985/2500] 77da8615-ab15-4d4c-b54a-cf8ffe1491f6: not valid; 1.4 s; peak memory 10006 MiB.
2026-10-06T12:57:53Z INFO [1986/2500] 77daede6-db44-4e90-b1c3-6ef68756d7af: valid; 5.5 s; peak memory 10006 MiB.
2026-10-06T12:57:55Z INFO [1987/2500] 77db68e0-c8b4-4b04-b380-ee21a6289114: valid; 2.0 s; peak memory 10006 MiB.
2026-10-06T12:57:57Z INFO [1988/2500] 77dbad7a-1134-4fef-acb5-5eb6e5d89a2d: valid; 2.0 s; peak memory 10006 MiB.
2026-10-06T12:57:59Z INFO [1989/2500] 77dbe21a-3525-448b-b4a6-d70f8ac694b7: valid; 1.9 s; peak memory 10006 MiB.
2026-10-06T12:58:01Z INFO [1990/2500] 77dbec1d-49b3-40df-8842-dce6cd2bf5a8: valid; 2.5 s; peak memory 10006 MiB.
2026-10-06T12:58:02Z INFO [1991/2500] 77dc5bd1-26fc-465d-827e-41183c9f3922: valid; 1.1 s; peak memory 10006 MiB.
2026-10-06T12:58:05Z INFO [1992/2500] 77dc6f92-55a0-402f-bf03-275af2ab1bdb: valid; 2.3 s; peak memory 10006 MiB.
2026-10-06T12:58:06Z INFO [1993/2500] 77dccda1-50ee-4c34-a1c2-b8eabab09713: valid; 1.4 s; peak memory 10006 MiB.
2026-10-06T12:58:42Z INFO [1994/2500] 77dd621d-fd80-4c57-9704-60e97cbbb509: valid; 36.0 s; peak memory 10006 MiB.
2026-10-06T12:58:43Z INFO [1995/2500] 77dd9027-cf92-4f50-81af-ab40d4dfff23: not valid; 1.5 s; peak memory 10006 MiB.
2026-10-06T12:58:43Z WARNING 77ddbc33-8ae5-46da-b5d7-e2d2f3c76523: failed while retrieving asset information from the DANDI API (NotFoundError: No such Dandiset: 000948)
2026-10-06T12:58:45Z INFO [1997/2500] 77df9475-c9e1-4763-9153-c7d5b974b810: valid; 1.7 s; peak memory 10006 MiB.
2026-10-06T12:58:52Z INFO [1998/2500] 77e0059d-0f4a-4e7e-9c65-3f32ddc399c8: valid; 6.7 s; peak memory 10006 MiB.
2026-10-06T12:58:53Z INFO [1999/2500] 77e065b6-7999-4007-813c-464512cf3774: valid; 1.2 s; peak memory 10006 MiB.
2026-10-06T12:58:55Z INFO [2000/2500] 77e0ca1b-0e0a-4800-9994-b2cb7e781dfa: valid; 2.0 s; peak memory 10006 MiB.
2026-10-06T12:58:56Z INFO [2000/2500] 77e0ca1b-0e0a-4800-9994-b2cb7e781dfa: checkpointed 143010 records.
2026-10-06T12:58:58Z INFO [2001/2500] 77e0d350-82aa-4985-bb32-60f9ebc9fbad: not valid; 1.4 s; peak memory 10006 MiB.
2026-10-06T12:59:00Z INFO [2002/2500] 77e17da3-8a97-43e3-9535-ecb4e99a4bbf: valid; 2.1 s; peak memory 10006 MiB.
2026-10-06T12:59:02Z INFO [2003/2500] 77e1f5f5-f49f-49c8-9d04-f9f4c9bc095e: not valid; 2.0 s; peak memory 10006 MiB.
2026-10-06T12:59:03Z INFO [2004/2500] 77e27d5b-82aa-462a-b78c-7d7aefb2f9c3: valid; 1.4 s; peak memory 10006 MiB.
2026-10-06T12:59:04Z INFO [2005/2500] 77e37055-a1b7-49f7-87d4-4434543915bb: valid; 1.2 s; peak memory 10006 MiB.
2026-10-06T12:59:07Z INFO [2006/2500] 77e4bdca-00b8-4ebb-a2cf-638ad8d4b333: valid; 2.5 s; peak memory 10006 MiB.
2026-10-06T12:59:08Z WARNING 77e5a0c2-07c4-4edb-bc19-926e2e543737: failed while opening the NWB file (ConstructError: (root/acquisition/_iblmic_audioSpectrogram/bands GroupBuilder {'attributes': {'colnames': array(['freq'], dtype=object), 'description': 'spectogram frequencies', 'namespace': 'core', 'neurodata_type': 'FrequencyBandsTable', 'object_id': 'c6733ff6-1712-41a3-bc30-978acf0256fe'}, 'groups': {}, 'datasets': {'freq': root/acquisition/_iblmic_audioSpectrogram/bands/freq DatasetBuilder {'attributes': {'description': 'frequency value', 'namespace': 'hdmf-common', 'neurodata_type': 'VectorData', 'object_id': 'f366873e-50b3-4285-b57e-601e78b347cf'}, 'data': <HDF5 dataset "freq": shape (257,), type "<f4">}, 'id': root/acquisition/_iblmic_audioSpectrogram/bands/id DatasetBuilder {'attributes': {'namespace': 'hdmf-common', 'neurodata_type': 'ElementIdentifiers', 'object_id': 'a941f56e-d1b5-4f9f-97a6-008759458508'}, 'data': <HDF5 dataset "id": shape (257,), type "<i4">}}, 'links': {}}, "Could not construct FrequencyBandsTable object due to: column must have the same number of rows as 'id'"))
2026-10-06T12:59:10Z INFO [2008/2500] 77e5f939-eafe-4383-a2c6-bfdbb787869f: valid; 1.3 s; peak memory 10006 MiB.
2026-10-06T12:59:11Z INFO [2009/2500] 77e63df2-d38a-4c38-9e77-9651a4bc9375: not valid; 1.8 s; peak memory 10006 MiB.
2026-10-06T12:59:15Z INFO [2010/2500] 77e642fa-e78a-4f43-ac0d-7f3b0e2d5d30: not valid; 3.6 s; peak memory 10006 MiB.
2026-10-06T12:59:16Z INFO [2011/2500] 77e66e5f-5aa3-43fd-9287-7602487c4da4: valid; 1.3 s; peak memory 10006 MiB.
2026-10-06T12:59:18Z INFO [2012/2500] 77e697e1-4ea4-4936-b11f-55477835e4a9: not valid; 1.4 s; peak memory 10006 MiB.
2026-10-06T12:59:24Z INFO [2013/2500] 77e7059e-3a13-4bae-a1e9-e7a7982c841b: valid; 6.6 s; peak memory 10006 MiB.
2026-10-06T12:59:27Z INFO [2014/2500] 77e851f3-7fa0-4d39-8682-8a840c24bda9: valid; 2.1 s; peak memory 10006 MiB.
2026-10-06T12:59:28Z WARNING 77e91269-2e06-46b7-8532-97140ee03164: failed while opening the NWB file (ConstructError: (root/acquisition/_iblmic_audioSpectrogram/bands GroupBuilder {'attributes': {'colnames': array(['freq'], dtype=object), 'description': 'spectogram frequencies', 'namespace': 'core', 'neurodata_type': 'FrequencyBandsTable', 'object_id': 'e5663827-733d-45b1-9d2f-0c8d9e139cd9'}, 'groups': {}, 'datasets': {'freq': root/acquisition/_iblmic_audioSpectrogram/bands/freq DatasetBuilder {'attributes': {'description': 'frequency value', 'namespace': 'hdmf-common', 'neurodata_type': 'VectorData', 'object_id': 'e69eaa70-a5c0-47f0-b544-e69b1b6f0e43'}, 'data': <HDF5 dataset "freq": shape (257,), type "<f4">}, 'id': root/acquisition/_iblmic_audioSpectrogram/bands/id DatasetBuilder {'attributes': {'namespace': 'hdmf-common', 'neurodata_type': 'ElementIdentifiers', 'object_id': '61f462b9-02ef-4d10-9bf0-b966d4b6ea4c'}, 'data': <HDF5 dataset "id": shape (257,), type "<i4">}}, 'links': {}}, "Could not construct FrequencyBandsTable object due to: column must have the same number of rows as 'id'"))
2026-10-06T12:59:32Z INFO [2016/2500] 77e925d0-16a9-49b4-b555-ce9b14d6f4c8: not valid; 4.4 s; peak memory 10006 MiB.
2026-10-06T12:59:41Z INFO [2017/2500] 77e939d9-03d7-4d05-a00e-6066af5e29e9: valid; 8.4 s; peak memory 10006 MiB.
2026-10-06T12:59:43Z INFO [2018/2500] 77ea3158-64c7-485e-914a-2047bb783a64: valid; 2.3 s; peak memory 10006 MiB.
2026-10-06T12:59:44Z INFO [2019/2500] 77eac54d-abb8-4384-9947-a73ee07e841a: valid; 1.2 s; peak memory 10006 MiB.
2026-10-06T12:59:45Z INFO [2020/2500] 77eb06da-4604-415b-89b7-ddd578266cff: valid; 1.0 s; peak memory 10006 MiB.
2026-10-06T12:59:47Z INFO [2021/2500] 77eb968b-e78a-4d96-91a0-523452f540eb: valid; 1.3 s; peak memory 10006 MiB.
2026-10-06T12:59:50Z INFO [2022/2500] 77ecf92a-46b8-42ce-acd5-1b6222050d96: not valid; 3.7 s; peak memory 10006 MiB.
2026-10-06T12:59:53Z INFO [2023/2500] 77ed1af2-6c47-4704-85c7-623ed77d605d: not valid; 2.2 s; peak memory 10006 MiB.
2026-10-06T12:59:54Z INFO [2024/2500] 77eda0f6-97db-4792-a3b7-82f0e08722e8: valid; 1.8 s; peak memory 10006 MiB.
2026-10-06T12:59:57Z INFO [2025/2500] 77eeedc6-d63a-4c5e-b2bf-b5120a8ca1f9: valid; 2.6 s; peak memory 10006 MiB.
2026-10-06T12:59:58Z INFO [2026/2500] 77ef4679-5eb2-436f-a2d3-6e7b958b8d52: valid; 1.2 s; peak memory 10006 MiB.
2026-10-06T13:00:00Z INFO [2027/2500] 77ef7928-4cf5-407d-8d8c-0db98d0ae3a8: valid; 2.2 s; peak memory 10006 MiB.
2026-10-06T13:00:03Z INFO [2028/2500] 77efd0db-ee32-4a75-b9f1-73817be7640b: valid; 2.6 s; peak memory 10006 MiB.
2026-10-06T13:00:03Z WARNING 77efe284-bfce-4dfb-b44f-5f39d4ee7732: failed while retrieving asset information from the DANDI API (NotFoundError: No such Dandiset: 001533)
2026-10-06T13:00:06Z INFO [2030/2500] 77f0425c-6223-4e79-baf0-6608500bb2d2: valid; 2.7 s; peak memory 10006 MiB.
2026-10-06T13:00:07Z INFO [2031/2500] 77f0897a-3a7b-4ce3-a152-173e0d4447ce: valid; 1.1 s; peak memory 10006 MiB.
2026-10-06T13:00:08Z WARNING 77f0ce9e-78c6-42bd-8f71-1639554cb528: failed while opening the NWB file (ValueError: Cannot resolve included group spec 'electrodes' with data_type_inc 'ElectrodesTable' because a group spec with the same name already exists with data_type_inc 'DynamicTable', and data type 'DynamicTable' is not a child type of data type 'ElectrodesTable'.)
2026-10-06T13:00:10Z INFO [2033/2500] 77f151bc-e3c3-497f-9ab8-b53991c411c3: valid; 2.2 s; peak memory 10006 MiB.
2026-10-06T13:00:11Z INFO [2034/2500] 77f18777-f3d4-46bc-99c7-ecfbf6e696fc: valid; 1.0 s; peak memory 10006 MiB.
2026-10-06T13:00:18Z INFO [2035/2500] 77f1b8c8-4b6a-4e25-87fb-de0f8c00d6ad: valid; 6.7 s; peak memory 10006 MiB.
2026-10-06T13:00:19Z INFO [2036/2500] 77f1f224-487a-40a4-9447-fa80fb1dd081: not valid; 1.4 s; peak memory 10006 MiB.
2026-10-06T13:00:28Z INFO [2037/2500] 77f20a90-76f8-49f5-8106-de9cbe63a327: valid; 8.4 s; peak memory 10006 MiB.
2026-10-06T13:00:30Z INFO [2038/2500] 77f22d46-6e1f-49f9-8283-ece7dd08cbd6: valid; 1.8 s; peak memory 10006 MiB.
2026-10-06T13:00:31Z INFO [2039/2500] 77f2d312-5e6e-4817-a723-21107562e85f: valid; 1.6 s; peak memory 10006 MiB.
2026-10-06T13:00:33Z INFO [2040/2500] 77f30c9f-2e71-4bfe-b1c6-cd91068e450a: valid; 1.4 s; peak memory 10006 MiB.
2026-10-06T13:00:34Z INFO [2041/2500] 77f35e6b-6546-41ea-806b-60bc0628c533: valid; 1.9 s; peak memory 10006 MiB.
2026-10-06T13:00:43Z INFO [2042/2500] 77f36c59-73b8-4855-89de-4347bfb2ba9f: valid; 9.0 s; peak memory 10006 MiB.
2026-10-06T13:00:46Z INFO [2043/2500] 77f3b121-af0a-47bd-8540-485bd04d3733: not valid; 2.1 s; peak memory 10006 MiB.
2026-10-06T13:00:46Z INFO [2044/2500] 77f5909f-4a34-4710-ab28-b1bb2582a920: valid; 1.0 s; peak memory 10006 MiB.
2026-10-06T13:00:48Z INFO [2045/2500] 77f5a1a2-8e29-43e2-9a1a-ff5e0d4cab72: valid; 1.2 s; peak memory 10006 MiB.
2026-10-06T13:03:13Z INFO [2046/2500] 77f5e56e-a83d-49cf-9365-f617f2d9d680: valid; 145.1 s; peak memory 10006 MiB.
2026-10-06T13:03:19Z INFO [2047/2500] 77f5e89b-c20e-43f1-b591-f140aa977680: not valid; 6.4 s; peak memory 10006 MiB.
2026-10-06T13:03:22Z INFO [2048/2500] 77f60de1-8b4f-48a7-8c1b-6c25ea6db4eb: not valid; 2.3 s; peak memory 10006 MiB.
2026-10-06T13:03:23Z INFO [2049/2500] 77f6be8a-339f-4e59-9dc3-e306e9d31864: valid; 1.8 s; peak memory 10006 MiB.
2026-10-06T13:03:26Z INFO [2050/2500] 77f6c562-bb4a-4c0e-a137-d3e46c48d4b7: not valid; 2.3 s; peak memory 10006 MiB.
2026-10-06T13:03:27Z INFO [2050/2500] 77f6c562-bb4a-4c0e-a137-d3e46c48d4b7: checkpointed 143060 records.
2026-10-06T13:03:28Z INFO [2051/2500] 77f7a0a3-9905-4be9-b34f-3e8960d129b3: valid; 1.1 s; peak memory 10006 MiB.
2026-10-06T13:03:29Z INFO [2052/2500] 77f7a7e4-0e58-499d-8070-59e31ceb9403: valid; 1.2 s; peak memory 10006 MiB.
2026-10-06T13:03:30Z INFO [2053/2500] 77f8766c-6c85-421a-8783-d4d97268ee9c: not valid; 1.4 s; peak memory 10006 MiB.
2026-10-06T13:03:32Z INFO [2054/2500] 77f8b7da-a3e8-4bac-900d-fbd7a3af8051: valid; 1.3 s; peak memory 10006 MiB.
2026-10-06T13:03:34Z INFO [2055/2500] 77f91582-b80a-47ab-9910-0e9ee3225e72: valid; 2.3 s; peak memory 10006 MiB.
2026-10-06T13:03:36Z INFO [2056/2500] 77f9512e-c888-4d09-b3c3-51074ecfb1c2: valid; 1.7 s; peak memory 10006 MiB.
2026-10-06T13:03:41Z INFO [2057/2500] 77fa0f4a-d802-461f-b329-96757864fa9d: not valid; 4.9 s; peak memory 10006 MiB.
2026-10-06T13:03:42Z INFO [2058/2500] 77fa8cf3-2bf9-436b-99ab-d334bf2b3f41: not valid; 1.8 s; peak memory 10006 MiB.
2026-10-06T13:03:44Z INFO [2059/2500] 77fa9714-4ce0-4dd9-9db3-3e0e59bee6e5: valid; 1.7 s; peak memory 10006 MiB.
2026-10-06T13:03:47Z INFO [2060/2500] 77fbb22e-e4e6-4d11-9d53-a43fa577288a: valid; 2.6 s; peak memory 10006 MiB.
2026-10-06T13:03:49Z INFO [2061/2500] 77fc5df9-4b93-4718-aa83-f375c60ab34a: valid; 1.9 s; peak memory 10006 MiB.
2026-10-06T13:03:50Z INFO [2062/2500] 77fc7da1-761b-466a-b157-577c943d9850: valid; 1.2 s; peak memory 10006 MiB.
2026-10-06T13:03:52Z INFO [2063/2500] 77fc834f-304d-4c5a-8afb-d1ff7ed1ba9c: valid; 2.2 s; peak memory 10006 MiB.
2026-10-06T13:03:54Z INFO [2064/2500] 77fc92dc-0d38-4254-8872-bb2da1582719: valid; 1.8 s; peak memory 10006 MiB.
2026-10-06T13:03:55Z INFO [2065/2500] 77fd12e6-1e7f-48f7-bcc1-2d62879dcc5d: not valid; 1.3 s; peak memory 10006 MiB.
2026-10-06T13:03:56Z INFO [2066/2500] 77fdf568-ceec-47d6-bfe1-c92603ce5ea2: valid; 1.2 s; peak memory 10006 MiB.
2026-10-06T13:03:58Z INFO [2067/2500] 77fdf88d-63c1-47a7-865a-519591a351f6: valid; 1.3 s; peak memory 10006 MiB.
2026-10-06T13:04:07Z INFO [2068/2500] 77fdf98b-f745-412f-8ce5-77b9e6713d53: valid; 9.0 s; peak memory 10006 MiB.
2026-10-06T13:04:11Z INFO [2069/2500] 77fe465d-b3b9-40f4-9919-792ed34df660: valid; 4.2 s; peak memory 10006 MiB.
2026-10-06T13:04:18Z INFO [2070/2500] 77fe57ae-dc1d-4869-acaa-1c26cf1c5a5c: valid; 6.8 s; peak memory 10006 MiB.
2026-10-06T13:04:19Z INFO [2071/2500] 77fe61ac-91cd-4fd3-9170-d16b08de4779: not valid; 1.4 s; peak memory 10006 MiB.
2026-10-06T13:04:23Z INFO [2072/2500] 77fe61ec-5ab0-4ad2-adb5-de7c34a0de16: not valid; 3.8 s; peak memory 10006 MiB.
2026-10-06T13:04:23Z WARNING 78000ee8-d043-42fe-a839-1710c346ecd4: failed while retrieving asset information from the DANDI API (NotFoundError: No asset at path 'sub-440956/sub-440956_ses-20190209T150135_behavior+ecephys+ogen.nwb' in version 0.231012.2129. Verify the path is correct and the asset exists in this version. Use 'dandi ls' to list available assets.)
2026-10-06T13:04:36Z INFO [2074/2500] 78001a1b-752b-4ca6-b07e-3c13693df1bb: valid; 12.8 s; peak memory 10006 MiB.
2026-10-06T13:04:38Z INFO [2075/2500] 78008005-4892-406f-bb20-674746ed1284: valid; 1.9 s; peak memory 10006 MiB.
2026-10-06T13:04:41Z INFO [2076/2500] 78008c8c-3f6d-4174-8e57-f6808af728d0: valid; 3.0 s; peak memory 10006 MiB.
2026-10-06T13:04:42Z INFO [2077/2500] 78011676-7b24-47f2-826b-9610306c92d3: valid; 1.7 s; peak memory 10006 MiB.
2026-10-06T13:04:44Z INFO [2078/2500] 7802142e-c3a0-47d1-bd32-c87bceb1b6ef: valid; 1.9 s; peak memory 10006 MiB.
2026-10-06T13:04:46Z INFO [2079/2500] 7802b78a-da49-4b48-85d5-280692645e25: valid; 1.8 s; peak memory 10006 MiB.
2026-10-06T13:04:50Z INFO [2080/2500] 7802eba6-5263-4b11-8243-e2f5c278d354: valid; 3.4 s; peak memory 10006 MiB.
2026-10-06T13:04:51Z INFO [2081/2500] 7802f254-602b-4f27-9487-77966d97149b: valid; 1.2 s; peak memory 10006 MiB.
2026-10-06T13:04:53Z INFO [2082/2500] 7802fc3d-89d9-4426-9ce6-f6f7b7958e6e: not valid; 2.1 s; peak memory 10006 MiB.
2026-10-06T13:04:55Z INFO [2083/2500] 780337a3-d0f8-47f9-b1b1-29b84bb03693: valid; 2.4 s; peak memory 10006 MiB.
2026-10-06T13:04:57Z INFO [2084/2500] 7803a20e-245e-4eb2-b0d1-ec01874f557b: valid; 1.7 s; peak memory 10006 MiB.
2026-10-06T13:04:58Z INFO [2085/2500] 780430bc-654c-4cc0-87cb-16321a767351: valid; 1.2 s; peak memory 10006 MiB.
2026-10-06T13:05:34Z INFO [2086/2500] 7804ac6a-60ce-4c9a-8664-0a0e79128472: not valid; 35.5 s; peak memory 10006 MiB.
2026-10-06T13:05:35Z INFO [2087/2500] 7805459e-926f-4db8-bcc4-60cc92a8ad2a: valid; 1.1 s; peak memory 10006 MiB.
2026-10-06T13:05:36Z INFO [2088/2500] 78055e4e-9c10-414f-9169-2438fbf7cae4: not valid; 1.3 s; peak memory 10006 MiB.
2026-10-06T13:05:38Z INFO [2089/2500] 7805d4bd-56aa-4394-bdcf-49114bee2a93: valid; 2.3 s; peak memory 10006 MiB.
2026-10-06T13:05:40Z INFO [2090/2500] 7806a6a6-6bf4-43cb-b881-14f2da36fb94: valid; 1.5 s; peak memory 10006 MiB.
2026-10-06T13:07:51Z INFO [2091/2500] 78076e31-8cbc-4742-a741-f377690785b0: valid; 131.6 s; peak memory 10006 MiB.
2026-10-06T13:07:53Z INFO [2092/2500] 7808ba19-cc43-4803-aa28-21d63c9fbac8: not valid; 1.9 s; peak memory 10006 MiB.
2026-10-06T13:08:01Z INFO [2093/2500] 78094821-8950-4078-9541-87f79a04bfc0: valid; 7.4 s; peak memory 10006 MiB.
2026-10-06T13:08:02Z INFO [2094/2500] 780b12a2-3cc4-4738-a9b9-945b77e80092: valid; 1.0 s; peak memory 10006 MiB.
2026-10-06T13:08:03Z WARNING 780b9f31-965b-42a0-9f6f-6040c88c3139: failed while opening the NWB file (ConstructError: (root/acquisition/_iblmic_audioSpectrogram/bands GroupBuilder {'attributes': {'colnames': array(['freq'], dtype=object), 'description': 'spectogram frequencies', 'namespace': 'core', 'neurodata_type': 'FrequencyBandsTable', 'object_id': 'ac58694b-1807-417c-9291-50a4f26ba446'}, 'groups': {}, 'datasets': {'freq': root/acquisition/_iblmic_audioSpectrogram/bands/freq DatasetBuilder {'attributes': {'description': 'frequency value', 'namespace': 'hdmf-common', 'neurodata_type': 'VectorData', 'object_id': '2efc028b-ce85-42fe-a77c-395f539eac08'}, 'data': <HDF5 dataset "freq": shape (257,), type "<f4">}, 'id': root/acquisition/_iblmic_audioSpectrogram/bands/id DatasetBuilder {'attributes': {'namespace': 'hdmf-common', 'neurodata_type': 'ElementIdentifiers', 'object_id': 'aefba5c6-0907-4385-841f-b1b48252d3f6'}, 'data': <HDF5 dataset "id": shape (257,), type "<i4">}}, 'links': {}}, "Could not construct FrequencyBandsTable object due to: column must have the same number of rows as 'id'"))
2026-10-06T13:08:09Z INFO [2096/2500] 780c6186-168f-46df-a513-d6a047f84666: not valid; 5.9 s; peak memory 10006 MiB.
2026-10-06T13:08:11Z INFO [2097/2500] 780cb897-d081-4781-a5ee-44b252bf68a6: not valid; 1.6 s; peak memory 10006 MiB.
2026-10-06T13:08:12Z INFO [2098/2500] 780cf27c-91b7-44a7-91cf-ac3ce29ae405: not valid; 1.4 s; peak memory 10006 MiB.
2026-10-06T13:08:29Z INFO [2099/2500] 780d258b-5c50-46a9-8ad3-97a0e972eb50: valid; 16.8 s; peak memory 10006 MiB.
2026-10-06T13:08:30Z INFO [2100/2500] 780d60bf-dfea-44b4-8bb0-6b364a66358a: valid; 1.2 s; peak memory 10006 MiB.
2026-10-06T13:08:31Z INFO [2100/2500] 780d60bf-dfea-44b4-8bb0-6b364a66358a: checkpointed 143110 records.
2026-10-06T13:08:33Z INFO [2101/2500] 780d7081-b9e8-452d-8bab-cb550a69e814: not valid; 1.2 s; peak memory 10006 MiB.
2026-10-06T13:09:40Z INFO [2102/2500] 780da7ec-aa30-4192-a6b0-f2a6ff9bc365: valid; 67.1 s; peak memory 10006 MiB.
2026-10-06T13:09:41Z INFO [2103/2500] 780dc95a-36d2-4dd7-bc80-6c0d4f960486: valid; 1.6 s; peak memory 10006 MiB.
2026-10-06T13:09:43Z INFO [2104/2500] 780e29a3-ad9b-45d9-9bd4-e8d951e5d8f6: valid; 1.5 s; peak memory 10006 MiB.
2026-10-06T13:09:44Z INFO [2105/2500] 780e2edb-b67c-4e1d-b436-86bba3d4e874: valid; 1.2 s; peak memory 10006 MiB.
2026-10-06T13:09:46Z INFO [2106/2500] 780e3b60-4050-4d09-9f22-fe9a6bdb5ba6: not valid; 1.6 s; peak memory 10006 MiB.
2026-10-06T13:09:47Z INFO [2107/2500] 780f2728-2352-4e59-aac3-2bfdd19f17f0: valid; 1.2 s; peak memory 10006 MiB.
2026-10-06T13:09:49Z INFO [2108/2500] 780f39f2-627d-42ae-bcd4-57d63509fe54: valid; 1.8 s; peak memory 10006 MiB.
2026-10-06T13:09:50Z INFO [2109/2500] 78100fec-d931-4000-9130-dfebb67d59aa: valid; 1.9 s; peak memory 10006 MiB.
2026-10-06T13:09:52Z INFO [2110/2500] 781056c2-f019-4c33-939c-f5fb38fa8a39: valid; 1.6 s; peak memory 10006 MiB.
2026-10-06T13:09:53Z INFO [2111/2500] 7811607a-b669-4cb2-af3b-66cf099a21c5: valid; 1.4 s; peak memory 10006 MiB.
2026-10-06T13:09:55Z INFO [2112/2500] 7811ade7-5ea8-41e5-91a0-b34e6f8221cf: not valid; 1.4 s; peak memory 10006 MiB.
2026-10-06T13:10:00Z INFO [2113/2500] 7811c0a3-ee10-4a38-bdc7-00ed792a39d4: not valid; 4.6 s; peak memory 10006 MiB.
2026-10-06T13:10:08Z INFO [2114/2500] 7811ea80-4b80-4b08-906e-4c29405ad7cc: valid; 8.3 s; peak memory 10006 MiB.
2026-10-06T13:10:11Z INFO [2115/2500] 7813b946-a3e5-412e-94e8-bce1074d9485: not valid; 3.1 s; peak memory 10006 MiB.
2026-10-06T13:10:13Z INFO [2116/2500] 7813f4f2-b6da-4330-9887-6c5e8c9e8250: valid; 2.4 s; peak memory 10006 MiB.
2026-10-06T13:10:15Z INFO [2117/2500] 78144c2f-4d36-44f1-8ff4-b358d5d39bd6: not valid; 1.5 s; peak memory 10006 MiB.
2026-10-06T13:10:17Z INFO [2118/2500] 781479b7-2faa-426f-b47d-5af10611ae62: valid; 2.0 s; peak memory 10006 MiB.
2026-10-06T13:10:22Z INFO [2119/2500] 78167b25-946a-4334-b9e7-f0df46d7105d: valid; 4.8 s; peak memory 10006 MiB.
2026-10-06T13:11:01Z INFO [2120/2500] 7816d4ec-dd04-4c4c-8e46-91c033b3a06e: valid; 39.1 s; peak memory 10006 MiB.
2026-10-06T13:11:02Z INFO [2121/2500] 7816ee41-70b0-4f9a-87c5-c8570ad00f5f: valid; 1.2 s; peak memory 10006 MiB.
2026-10-06T13:11:05Z INFO [2122/2500] 781767cd-e589-4096-9ede-4c52cfaa8925: not valid; 3.5 s; peak memory 10006 MiB.
2026-10-06T13:11:07Z INFO [2123/2500] 78177176-a180-4241-ae76-b8120c567ea4: valid; 1.7 s; peak memory 10006 MiB.
2026-10-06T13:11:09Z WARNING 781807fe-1de8-4fc5-a4d2-dff8f628b213: failed while opening the NWB file (ConstructError: (root/acquisition/_iblmic_audioSpectrogram/bands GroupBuilder {'attributes': {'colnames': array(['freq'], dtype=object), 'description': 'spectogram frequencies', 'namespace': 'core', 'neurodata_type': 'FrequencyBandsTable', 'object_id': '82ef25f4-7558-42f1-8c81-e1cc447af944'}, 'groups': {}, 'datasets': {'freq': root/acquisition/_iblmic_audioSpectrogram/bands/freq DatasetBuilder {'attributes': {'description': 'frequency value', 'namespace': 'hdmf-common', 'neurodata_type': 'VectorData', 'object_id': '3b128d73-f5b0-4cd9-a169-adbb02ec9c5c'}, 'data': <HDF5 dataset "freq": shape (257,), type "<f4">}, 'id': root/acquisition/_iblmic_audioSpectrogram/bands/id DatasetBuilder {'attributes': {'namespace': 'hdmf-common', 'neurodata_type': 'ElementIdentifiers', 'object_id': 'f8dd36aa-7812-49f4-b115-627ef4dfedd6'}, 'data': <HDF5 dataset "id": shape (257,), type "<i4">}}, 'links': {}}, "Could not construct FrequencyBandsTable object due to: column must have the same number of rows as 'id'"))
2026-10-06T13:11:11Z INFO [2125/2500] 781866f2-94ac-4307-82a1-adff4684ba73: not valid; 1.7 s; peak memory 10006 MiB.
2026-10-06T13:11:14Z INFO [2126/2500] 781919a1-9186-405a-95ce-1fdb097d9650: valid; 3.0 s; peak memory 10006 MiB.
2026-10-06T13:11:16Z INFO [2127/2500] 7819dd6b-239d-4ce0-ac71-57e2cfe70915: valid; 1.6 s; peak memory 10006 MiB.
2026-10-06T13:11:16Z INFO [2128/2500] 7819ec70-c449-419d-ad49-7a2be8c16df3: valid; 0.8 s; peak memory 10006 MiB.
2026-10-06T13:11:18Z INFO [2129/2500] 781a6820-29ca-49b0-b600-121cd36c9d46: valid; 2.0 s; peak memory 10006 MiB.
2026-10-06T13:11:20Z INFO [2130/2500] 781a95d5-b17e-42d3-b67f-567c6dec1235: valid; 1.2 s; peak memory 10006 MiB.
2026-10-06T13:11:26Z INFO [2131/2500] 781aa539-9018-4f81-a0b7-77b6cd8a0a5a: valid; 6.1 s; peak memory 10006 MiB.
2026-10-06T13:11:27Z INFO [2132/2500] 781c1892-d0e8-4cff-a92f-820c52d7d9f7: valid; 1.0 s; peak memory 10006 MiB.
2026-10-06T13:11:28Z INFO [2133/2500] 781c2c2f-5368-4694-86af-73544e6d3e56: valid; 1.0 s; peak memory 10006 MiB.
2026-10-06T13:11:30Z INFO [2134/2500] 781c52c6-7339-447a-8b1f-dc6d15a13e10: valid; 1.9 s; peak memory 10006 MiB.
2026-10-06T13:11:31Z INFO [2135/2500] 781cea41-7394-49a3-b228-02711b096569: valid; 1.7 s; peak memory 10006 MiB.
2026-10-06T13:11:38Z INFO [2136/2500] 781d4853-32fc-4199-ae88-e3c25938ef51: valid; 7.0 s; peak memory 10006 MiB.
2026-10-06T13:11:39Z INFO [2137/2500] 781ef03f-bbd4-4414-8138-147aa14acdc6: valid; 1.1 s; peak memory 10006 MiB.
2026-10-06T13:11:41Z INFO [2138/2500] 781f0a75-10f2-480c-b0fd-532211b7cac8: valid; 1.6 s; peak memory 10006 MiB.
2026-10-06T13:11:43Z INFO [2139/2500] 782141ab-fa28-4c80-8194-08538c6e555b: valid; 2.2 s; peak memory 10006 MiB.
2026-10-06T13:11:45Z INFO [2140/2500] 782196da-3175-4211-a48d-c9a09fb36635: valid; 1.7 s; peak memory 10006 MiB.
2026-10-06T13:11:47Z INFO [2141/2500] 782234e2-b137-4145-bdcd-76c39a3248ff: valid; 2.4 s; peak memory 10006 MiB.
2026-10-06T13:11:50Z INFO [2142/2500] 782261fb-159f-467a-95e0-9e5ae1cfa03c: valid; 2.7 s; peak memory 10006 MiB.
2026-10-06T13:11:52Z WARNING 7822cf09-e422-4c58-9f31-55d2bb6a5312: failed while opening the NWB file (ConstructError: (root/acquisition/_iblmic_audioSpectrogram/bands GroupBuilder {'attributes': {'colnames': array(['freq'], dtype=object), 'description': 'spectogram frequencies', 'namespace': 'core', 'neurodata_type': 'FrequencyBandsTable', 'object_id': '9c33d510-b72f-4951-9379-26fbf81b0e0b'}, 'groups': {}, 'datasets': {'freq': root/acquisition/_iblmic_audioSpectrogram/bands/freq DatasetBuilder {'attributes': {'description': 'frequency value', 'namespace': 'hdmf-common', 'neurodata_type': 'VectorData', 'object_id': 'b32631fe-94f5-4e0e-8dbb-4a710d0376ab'}, 'data': <HDF5 dataset "freq": shape (257,), type "<f4">}, 'id': root/acquisition/_iblmic_audioSpectrogram/bands/id DatasetBuilder {'attributes': {'namespace': 'hdmf-common', 'neurodata_type': 'ElementIdentifiers', 'object_id': '5fc451f2-9f00-4bb7-b70a-86cda9bc5ea7'}, 'data': <HDF5 dataset "id": shape (257,), type "<i4">}}, 'links': {}}, "Could not construct FrequencyBandsTable object due to: column must have the same number of rows as 'id'"))
2026-10-06T13:11:53Z INFO [2144/2500] 7823224c-8ef0-4641-9548-4115c37fef28: not valid; 1.7 s; peak memory 10006 MiB.
2026-10-06T13:11:55Z INFO [2145/2500] 7823286a-edf1-4da1-b9a1-939ec7292290: valid; 1.4 s; peak memory 10006 MiB.
2026-10-06T13:11:58Z INFO [2146/2500] 78233a11-8653-4d64-a2fb-b1a05234618c: valid; 3.1 s; peak memory 10006 MiB.
2026-10-06T13:12:00Z INFO [2147/2500] 7823bac1-5f0e-4a8a-9e1c-fc8fd21d7337: valid; 2.1 s; peak memory 10006 MiB.
2026-10-06T13:12:03Z INFO [2148/2500] 7823de94-630e-4609-a621-0a453241f353: not valid; 2.9 s; peak memory 10006 MiB.
2026-10-06T13:12:04Z INFO [2149/2500] 7823eee6-6815-4fc2-9a06-bff9e974421f: valid; 1.4 s; peak memory 10006 MiB.
2026-10-06T13:12:05Z INFO [2150/2500] 7823fd00-7164-4142-a7c5-60acec0cf140: valid; 1.3 s; peak memory 10006 MiB.
2026-10-06T13:12:07Z INFO [2150/2500] 7823fd00-7164-4142-a7c5-60acec0cf140: checkpointed 143160 records.
2026-10-06T13:12:09Z INFO [2151/2500] 78243098-40a3-407a-a830-d19c2166364a: valid; 2.2 s; peak memory 10006 MiB.
2026-10-06T13:12:11Z INFO [2152/2500] 78248acd-6525-4bb4-814c-03bfdac0ce0c: valid; 1.7 s; peak memory 10006 MiB.
2026-10-06T13:12:13Z INFO [2153/2500] 7824d07e-2cc8-4882-9e27-570630f53791: valid; 2.6 s; peak memory 10006 MiB.
2026-10-06T13:12:15Z INFO [2154/2500] 782551fb-e6d6-4d9b-867e-695e2bfb3f34: valid; 1.5 s; peak memory 10006 MiB.
2026-10-06T13:12:16Z INFO [2155/2500] 782578d6-7b62-4bdf-93bc-7a423d63da19: valid; 1.3 s; peak memory 10006 MiB.
2026-10-06T13:12:17Z INFO [2156/2500] 782608dd-a141-4dc6-999c-5490130f7f46: not valid; 1.2 s; peak memory 10006 MiB.
2026-10-06T13:12:21Z INFO [2157/2500] 78263ba3-36bd-42b3-8ccd-1ab98017a1af: valid; 3.2 s; peak memory 10006 MiB.
2026-10-06T13:12:23Z INFO [2158/2500] 78264f77-543f-431c-91c1-66baa58d4b29: valid; 2.2 s; peak memory 10006 MiB.
2026-10-06T13:12:25Z INFO [2159/2500] 7826bc80-65ba-4e65-b40a-833da09ffc16: valid; 2.2 s; peak memory 10006 MiB.
2026-10-06T13:12:32Z INFO [2160/2500] 78274011-57be-4c9a-af00-b32bc08f56e3: not valid; 7.6 s; peak memory 10006 MiB.
2026-10-06T13:12:34Z INFO [2161/2500] 78287a5b-7519-4132-98d9-16a544ab5e71: valid; 1.2 s; peak memory 10006 MiB.
2026-10-06T13:12:36Z INFO [2162/2500] 78288474-2bb4-41a5-8413-0e421481ef4f: valid; 2.6 s; peak memory 10006 MiB.
2026-10-06T13:12:38Z INFO [2163/2500] 78289952-b0d5-4081-afdf-38b97d80b673: valid; 1.7 s; peak memory 10006 MiB.
2026-10-06T13:12:41Z INFO [2164/2500] 7828a12c-9a67-447b-9ee1-074fa422670d: valid; 2.7 s; peak memory 10006 MiB.
2026-10-06T13:12:42Z INFO [2165/2500] 7828e45b-9272-4942-ab34-0321878bebe4: valid; 1.3 s; peak memory 10006 MiB.
2026-10-06T13:12:46Z INFO [2166/2500] 7828f500-c0ed-4fbf-b64b-b6e922703b2a: not valid; 3.7 s; peak memory 10006 MiB.
2026-10-06T13:12:48Z INFO [2167/2500] 782900fb-ff8f-467c-a5a0-8cb25ef8d10f: not valid; 2.0 s; peak memory 10006 MiB.
2026-10-06T13:12:49Z INFO [2168/2500] 782947ac-25a6-4e97-b7b0-674feec07c06: valid; 1.8 s; peak memory 10006 MiB.
2026-10-06T13:12:51Z INFO [2169/2500] 7829b6fc-f207-4bf3-94e5-ebdedf24b31e: valid; 1.1 s; peak memory 10006 MiB.
2026-10-06T13:12:53Z INFO [2170/2500] 7829bc55-1131-4944-b295-75f2dfaac03a: valid; 2.5 s; peak memory 10006 MiB.
2026-10-06T13:12:55Z INFO [2171/2500] 782a00a9-d901-4b49-b5d7-cf1890260715: valid; 2.0 s; peak memory 10006 MiB.
2026-10-06T13:12:56Z INFO [2172/2500] 782a7fbe-f4ed-47a1-bbc1-dce6ff462a9c: valid; 0.9 s; peak memory 10006 MiB.
2026-10-06T13:13:02Z INFO [2173/2500] 782b6efd-52a0-46c0-b366-d6564461ce90: valid; 6.2 s; peak memory 10006 MiB.
2026-10-06T13:13:13Z INFO [2174/2500] 782c5cb3-1f5e-4283-a3a4-5bc8fee0b015: valid; 10.5 s; peak memory 10006 MiB.
2026-10-06T13:13:15Z INFO [2175/2500] 782ce61f-2587-4c69-93f0-a1d06ee6af27: valid; 2.2 s; peak memory 10006 MiB.
2026-10-06T13:13:19Z INFO [2176/2500] 782d5252-2f9d-48e3-8632-7ce6c1e97c3f: valid; 4.6 s; peak memory 10006 MiB.
2026-10-06T13:13:21Z INFO [2177/2500] 782d9cb1-d8ed-4995-89d9-2af55645df32: valid; 1.9 s; peak memory 10006 MiB.
2026-10-06T13:13:23Z INFO [2178/2500] 782daaf9-db2b-46e1-87ed-93040b7acc42: valid; 1.3 s; peak memory 10006 MiB.
2026-10-06T13:13:24Z INFO [2179/2500] 782e90c5-8a02-453e-8e14-d04ddf61223b: valid; 1.7 s; peak memory 10006 MiB.
2026-10-06T13:13:29Z INFO [2180/2500] 782ec1b2-a7b9-4636-801e-db39b797d63f: valid; 4.3 s; peak memory 10006 MiB.
2026-10-06T13:13:30Z INFO [2181/2500] 782ec4b7-9b35-401b-a381-98fef02b88b2: not valid; 1.0 s; peak memory 10006 MiB.
2026-10-06T13:13:31Z INFO [2182/2500] 782f1d17-f8e9-425a-9c03-1f768a5444e6: valid; 1.4 s; peak memory 10006 MiB.
2026-10-06T13:13:37Z INFO [2183/2500] 78318f64-9750-4985-9b52-9d311eae1dad: valid; 5.9 s; peak memory 10006 MiB.
2026-10-06T13:13:44Z INFO [2184/2500] 7831dbdc-3ceb-49bf-aa49-086aa81d2a7b: valid; 7.5 s; peak memory 10006 MiB.
2026-10-06T13:13:46Z INFO [2185/2500] 7831ee35-c836-4dfc-aa89-b30652dc7ee7: not valid; 1.5 s; peak memory 10006 MiB.
2026-10-06T13:14:01Z INFO [2186/2500] 783211f2-125b-472e-b8aa-e9892863df08: valid; 15.1 s; peak memory 10006 MiB.
2026-10-06T13:14:03Z INFO [2187/2500] 78326885-1317-44f4-97a2-221646dabe60: valid; 2.4 s; peak memory 10006 MiB.
2026-10-06T13:14:05Z WARNING 78336cc8-5ab6-4679-bb00-ad4e1096b868: failed while opening the NWB file (ValueError: Cannot resolve included group spec 'electrodes' with data_type_inc 'ElectrodesTable' because a group spec with the same name already exists with data_type_inc 'DynamicTable', and data type 'DynamicTable' is not a child type of data type 'ElectrodesTable'.)
2026-10-06T13:14:10Z INFO [2189/2500] 783384ca-e6d7-40d3-b839-d03f6c22ce27: valid; 5.6 s; peak memory 10006 MiB.
2026-10-06T13:14:13Z INFO [2190/2500] 7833b775-ce27-4108-8c30-3b32c73e145a: not valid; 3.0 s; peak memory 10006 MiB.
2026-10-06T13:14:27Z INFO [2191/2500] 7833bf4b-217d-4e71-ba0f-a4daf98f204c: valid; 14.0 s; peak memory 10006 MiB.
2026-10-06T13:14:27Z WARNING 78343278-9190-4985-9a2d-1d97dac9a4b7: failed while retrieving asset information from the DANDI API (NotFoundError: No asset at path 'sub-parkinson-simulated-beta/sub-parkinson-simulated-beta_ses-5620_ecephys.nwb' in version 0.250327.2220. Verify the path is correct and the asset exists in this version. Use 'dandi ls' to list available assets.)
2026-10-06T13:14:29Z INFO [2193/2500] 78350733-4799-4e40-93cf-a054e2548e65: not valid; 1.5 s; peak memory 10006 MiB.
2026-10-06T13:14:30Z INFO [2194/2500] 783552e6-667b-4ad9-9d1d-794695da2cf3: valid; 1.1 s; peak memory 10006 MiB.
2026-10-06T13:14:45Z INFO [2195/2500] 7835763a-8ce9-4aac-911f-61acc20ad7d2: valid; 15.0 s; peak memory 10006 MiB.
2026-10-06T13:14:46Z INFO [2196/2500] 78357e32-20d2-48bb-85ac-d912876a9b4d: valid; 1.1 s; peak memory 10006 MiB.
2026-10-06T13:14:50Z INFO [2197/2500] 7835cb8c-6bf5-4a71-99b5-497987883bc3: valid; 4.0 s; peak memory 10006 MiB.
2026-10-06T13:14:51Z INFO [2198/2500] 783623c0-0688-4d3e-86f6-77cab003e7b9: not valid; 1.2 s; peak memory 10006 MiB.
2026-10-06T13:14:55Z INFO [2199/2500] 78369690-882f-4e93-b5c8-557dfc76761f: valid; 3.5 s; peak memory 10006 MiB.
2026-10-06T13:14:59Z INFO [2200/2500] 78369bd3-8cbd-4546-8a89-6ee5ef70de0b: valid; 4.6 s; peak memory 10006 MiB.
2026-10-06T13:15:00Z INFO [2200/2500] 78369bd3-8cbd-4546-8a89-6ee5ef70de0b: checkpointed 143210 records.
2026-10-06T13:15:01Z INFO [2201/2500] 7836ec32-5848-4690-979b-083eb50ff798: valid; 1.0 s; peak memory 10006 MiB.
2026-10-06T13:15:10Z INFO [2202/2500] 78374f92-4097-483c-a581-3a0aaa037234: valid; 9.0 s; peak memory 10006 MiB.
2026-10-06T13:15:14Z INFO [2203/2500] 783867a7-efb9-45ba-9c19-aabd88b3e246: valid; 3.7 s; peak memory 10006 MiB.
2026-10-06T13:15:16Z INFO [2204/2500] 78390723-7764-419e-af46-2ebf1d0cbf56: valid; 1.5 s; peak memory 10006 MiB.
2026-10-06T13:15:17Z INFO [2205/2500] 7839566b-91a2-4911-a509-8b898702dd5f: valid; 1.0 s; peak memory 10006 MiB.
2026-10-06T13:15:19Z INFO [2206/2500] 7839b20e-a5b1-4032-ac57-7a7791b126c6: not valid; 2.4 s; peak memory 10006 MiB.
2026-10-06T13:15:20Z INFO [2207/2500] 7839df23-5371-4396-b5a2-abe951b8cae3: valid; 1.5 s; peak memory 10006 MiB.
2026-10-06T13:15:24Z INFO [2208/2500] 783aae46-ce9d-4508-8989-de9dbc90fc7e: not valid; 4.0 s; peak memory 10006 MiB.
2026-10-06T13:15:27Z INFO [2209/2500] 783ac85e-5cb3-461d-aa56-e6600cfbdf5f: valid; 2.6 s; peak memory 10006 MiB.
2026-10-06T13:15:28Z INFO [2210/2500] 783b8703-3da1-4bf9-bb54-4c6caab86f57: not valid; 1.5 s; peak memory 10006 MiB.
2026-10-06T13:15:31Z INFO [2211/2500] 783c7b61-3046-421b-8543-5a6746b12ce2: valid; 2.6 s; peak memory 10006 MiB.
2026-10-06T13:16:17Z INFO [2212/2500] 783cecdb-cf47-4354-b68f-614431c744f3: not valid; 46.3 s; peak memory 10006 MiB.
2026-10-06T13:16:19Z INFO [2213/2500] 783d0269-fa09-4a8a-8e35-faacd06af12f: not valid; 1.5 s; peak memory 10006 MiB.
2026-10-06T13:16:22Z INFO [2214/2500] 783d5c37-e182-440c-a14f-e8ba48db4c69: not valid; 3.4 s; peak memory 10006 MiB.
2026-10-06T13:16:25Z INFO [2215/2500] 783dff5a-64df-4394-af5e-8d285ed07e7b: valid; 2.4 s; peak memory 10006 MiB.
2026-10-06T13:16:26Z INFO [2216/2500] 783eacf1-a7bb-4cf6-b633-94aa003df627: not valid; 1.3 s; peak memory 10006 MiB.
2026-10-06T13:16:27Z INFO [2217/2500] 783f7ce9-ac0c-4d4f-854d-86f385c92407: valid; 1.2 s; peak memory 10006 MiB.
2026-10-06T13:16:29Z INFO [2218/2500] 783f86dc-6a0f-4e66-b5c1-861220f24350: not valid; 1.8 s; peak memory 10006 MiB.
2026-10-06T13:16:31Z INFO [2219/2500] 784177c7-bfc5-4d94-992a-eac34e41747a: valid; 1.6 s; peak memory 10006 MiB.
2026-10-06T13:16:32Z INFO [2220/2500] 78417a24-1e79-4f2b-a3d4-f80279ec70a0: valid; 1.2 s; peak memory 10006 MiB.
2026-10-06T13:16:33Z INFO [2221/2500] 784203d0-dbcb-44d6-b1bc-3371376e8473: valid; 1.6 s; peak memory 10006 MiB.
2026-10-06T13:16:35Z INFO [2222/2500] 78426f17-cb26-49f9-bde3-c1c8aa94abae: not valid; 1.7 s; peak memory 10006 MiB.
2026-10-06T13:16:37Z INFO [2223/2500] 7842a315-a317-4d05-8808-b33fc7413929: not valid; 1.4 s; peak memory 10006 MiB.
2026-10-06T13:16:39Z INFO [2224/2500] 7842c498-0a6a-4fd9-9609-49ec43ebb213: valid; 2.5 s; peak memory 10006 MiB.
2026-10-06T13:16:40Z INFO [2225/2500] 7842fdd3-bd8e-4977-a487-dac2114bdac0: valid; 1.3 s; peak memory 10006 MiB.
2026-10-06T13:16:42Z INFO [2226/2500] 78432b0f-34c6-409d-80ab-64c3fd8d94ce: valid; 1.1 s; peak memory 10006 MiB.
2026-10-06T13:16:43Z INFO [2227/2500] 78435b15-399a-4e19-bcf7-70b210120bdd: not valid; 1.5 s; peak memory 10006 MiB.
2026-10-06T13:16:52Z INFO [2228/2500] 78438903-09d2-4a9a-ae65-5017c868d4fd: valid; 8.9 s; peak memory 10006 MiB.
2026-10-06T13:16:54Z INFO [2229/2500] 7843e31e-433b-438e-ab73-d3e95a444061: valid; 2.1 s; peak memory 10006 MiB.
2026-10-06T13:16:56Z INFO [2230/2500] 78442c75-bbbc-44cd-9480-5f30bb9630c3: valid; 1.9 s; peak memory 10006 MiB.
2026-10-06T13:17:01Z INFO [2231/2500] 7844b8e9-e42c-436f-8c80-be1ade8690c1: valid; 5.4 s; peak memory 10006 MiB.
2026-10-06T13:17:02Z INFO [2232/2500] 784518fa-1c0b-413c-b44d-e0ebb5be2473: valid; 1.2 s; peak memory 10006 MiB.
2026-10-06T13:17:04Z INFO [2233/2500] 78455fc4-cb39-49eb-913a-0026e89c6db5: not valid; 1.6 s; peak memory 10006 MiB.
2026-10-06T13:17:06Z INFO [2234/2500] 78458714-6249-46a6-98d0-bfb1b2117ea3: valid; 2.1 s; peak memory 10006 MiB.
2026-10-06T13:17:08Z INFO [2235/2500] 78459eac-9d22-4ce6-85ef-5389a3921c10: valid; 2.2 s; peak memory 10006 MiB.
2026-10-06T13:17:10Z INFO [2236/2500] 784616e6-2b26-4713-b606-72d2892d27f9: valid; 1.2 s; peak memory 10006 MiB.
2026-10-06T13:17:11Z INFO [2237/2500] 78465446-1695-413e-97fd-979e7876f865: valid; 1.5 s; peak memory 10006 MiB.
2026-10-06T13:17:12Z INFO [2238/2500] 78470e0a-2b47-4ab4-b86c-6a87bec9781b: valid; 1.1 s; peak memory 10006 MiB.
2026-10-06T13:17:14Z INFO [2239/2500] 78472edb-f97c-44a2-a489-a178643ce42a: valid; 1.9 s; peak memory 10006 MiB.
2026-10-06T13:17:16Z INFO [2240/2500] 78474b6d-9c22-4771-b6e7-b0e03f9a46d6: valid; 1.5 s; peak memory 10006 MiB.
2026-10-06T13:17:30Z INFO [2241/2500] 7847757b-7d5e-4649-a27c-8b35c4ff9e57: valid; 14.7 s; peak memory 10006 MiB.
2026-10-06T13:17:35Z INFO [2242/2500] 7847e2a5-f0cc-4d78-b574-910b92a6cd10: not valid; 5.0 s; peak memory 10006 MiB.
2026-10-06T13:17:51Z INFO [2243/2500] 78489e1b-a3a9-4f78-adf2-6bb46af73ae9: not valid; 15.8 s; peak memory 10006 MiB.
2026-10-06T13:17:54Z INFO [2244/2500] 7848cc08-19a4-4f0a-b13b-3cc18a209643: valid; 2.8 s; peak memory 10006 MiB.
2026-10-06T13:17:59Z INFO [2245/2500] 7848e445-722c-4a2d-a19c-1e7139b75945: not valid; 5.3 s; peak memory 10006 MiB.
2026-10-06T13:18:15Z INFO [2246/2500] 7849459e-95a6-4696-a626-1e84782c0fd3: valid; 15.5 s; peak memory 10006 MiB.
2026-10-06T13:18:17Z INFO [2247/2500] 7849f81c-491a-4a7b-a36e-717505d6ef8d: valid; 2.6 s; peak memory 10006 MiB.
2026-10-06T13:18:19Z INFO [2248/2500] 784b19e7-0620-4322-abc9-04c13ede67ea: not valid; 1.3 s; peak memory 10006 MiB.
2026-10-06T13:18:20Z INFO [2249/2500] 784bbc1c-f66c-46ce-8eb5-f9e97c9bfd47: valid; 1.4 s; peak memory 10006 MiB.
2026-10-06T13:18:27Z INFO [2250/2500] 784beab2-5f47-40ed-8523-3db8beaa4317: valid; 7.4 s; peak memory 10006 MiB.
2026-10-06T13:18:28Z INFO [2250/2500] 784beab2-5f47-40ed-8523-3db8beaa4317: checkpointed 143260 records.
2026-10-06T13:18:30Z INFO [2251/2500] 784c185a-cf83-43b1-be2e-750d40fbeba7: valid; 1.6 s; peak memory 10006 MiB.
2026-10-06T13:18:43Z INFO [2252/2500] 784c434b-8038-4996-b699-b7e6bb2936f7: valid; 12.6 s; peak memory 10006 MiB.
2026-10-06T13:18:46Z INFO [2253/2500] 784ce78e-974f-4637-bc4d-235d1ca3c3b9: not valid; 3.4 s; peak memory 10006 MiB.
2026-10-06T13:18:47Z INFO [2254/2500] 784ce7a9-ddf2-4269-bf27-56da2a1febb4: not valid; 1.4 s; peak memory 10006 MiB.
2026-10-06T13:18:53Z INFO [2255/2500] 784d3e55-6a67-4a8b-95cc-2b430970ef32: not valid; 6.0 s; peak memory 10006 MiB.
2026-10-06T13:18:55Z INFO [2256/2500] 784d7279-e051-4f39-b8c0-65193b03e1a9: valid; 1.5 s; peak memory 10006 MiB.
2026-10-06T13:18:56Z INFO [2257/2500] 784d98d8-41eb-4513-ac8b-2bc096e2c64c: valid; 1.7 s; peak memory 10006 MiB.
2026-10-06T13:18:58Z INFO [2258/2500] 784e090c-8b22-4212-b607-f39b7094884c: valid; 1.7 s; peak memory 10006 MiB.
2026-10-06T13:18:59Z INFO [2259/2500] 784e8dbf-bd87-4500-a79a-4f51d8683d6d: valid; 1.3 s; peak memory 10006 MiB.
2026-10-06T13:19:01Z INFO [2260/2500] 784ea269-dadb-4f62-b34c-0a60b1daa3da: valid; 1.2 s; peak memory 10006 MiB.
2026-10-06T13:19:04Z INFO [2261/2500] 784ee46f-623e-43f1-ae47-c84d5c4237d3: valid; 3.3 s; peak memory 10006 MiB.
2026-10-06T13:19:08Z INFO [2262/2500] 784eee3e-c4eb-41cf-8e93-4cdaad891708: not valid; 3.8 s; peak memory 10006 MiB.
2026-10-06T13:19:13Z INFO [2263/2500] 784f209e-ea51-432d-a5b8-290198d168a0: not valid; 5.1 s; peak memory 10006 MiB.
2026-10-06T13:19:15Z INFO [2264/2500] 784f31b1-d31f-4161-88a3-314fe06881c7: valid; 1.9 s; peak memory 10006 MiB.
2026-10-06T13:19:20Z INFO [2265/2500] 784f4e3d-05f5-44c1-9078-f42f54074132: not valid; 4.9 s; peak memory 10006 MiB.
2026-10-06T13:19:22Z INFO [2266/2500] 784f82bd-62ea-4bc5-a34b-b494caf01cb4: valid; 2.5 s; peak memory 10006 MiB.
2026-10-06T13:19:24Z INFO [2267/2500] 784fd4fd-4449-45b9-85c5-9adfdf3d3110: not valid; 1.6 s; peak memory 10006 MiB.
2026-10-06T13:19:26Z INFO [2268/2500] 78502c5a-ea1b-4f9f-b202-7ebd1f5a7692: not valid; 2.0 s; peak memory 10006 MiB.
2026-10-06T13:19:27Z INFO [2269/2500] 78509c2c-9474-4afe-bdab-0db6d0c19f69: valid; 1.3 s; peak memory 10006 MiB.
2026-10-06T13:19:28Z INFO [2270/2500] 78520f00-2bf8-4b43-88f4-b6a4c9b3c874: not valid; 1.4 s; peak memory 10006 MiB.
2026-10-06T13:19:30Z INFO [2271/2500] 785287c2-30ef-41e0-8570-aa3e085fdfed: valid; 1.8 s; peak memory 10006 MiB.
2026-10-06T13:19:36Z INFO [2272/2500] 7852c71e-2930-42cf-8586-d2e16e3c61e5: valid; 5.6 s; peak memory 10006 MiB.
2026-10-06T13:19:37Z INFO [2273/2500] 78538a07-f3e4-4b8a-b97f-02ffe636c404: valid; 1.6 s; peak memory 10006 MiB.
2026-10-06T13:19:39Z INFO [2274/2500] 7853c6cc-2d21-4d63-ae02-fa19df0e50c3: valid; 1.3 s; peak memory 10006 MiB.
2026-10-06T13:19:40Z INFO [2275/2500] 785444e1-eb68-4511-9747-aa9d315b2990: valid; 1.8 s; peak memory 10006 MiB.
2026-10-06T13:19:42Z INFO [2276/2500] 785479af-0a0e-42e3-b0c0-197947a46e2b: valid; 1.5 s; peak memory 10006 MiB.
2026-10-06T13:19:45Z INFO [2277/2500] 7854a7e5-14dc-46cb-b576-a0aad5fdf5ad: valid; 3.3 s; peak memory 10006 MiB.
2026-10-06T13:19:46Z INFO [2278/2500] 7854f4c5-cf54-4942-bef1-0f6c4cdf8430: not valid; 1.1 s; peak memory 10006 MiB.
2026-10-06T13:19:48Z WARNING 7854f8a0-4736-47d1-a574-eb04a037d9d6: failed while opening the NWB file (ConstructError: (root/acquisition/_iblmic_audioSpectrogram/bands GroupBuilder {'attributes': {'colnames': array(['freq'], dtype=object), 'description': 'spectogram frequencies', 'namespace': 'core', 'neurodata_type': 'FrequencyBandsTable', 'object_id': '9e89334e-2dd1-4b52-89cf-f62acedd1e20'}, 'groups': {}, 'datasets': {'freq': root/acquisition/_iblmic_audioSpectrogram/bands/freq DatasetBuilder {'attributes': {'description': 'frequency value', 'namespace': 'hdmf-common', 'neurodata_type': 'VectorData', 'object_id': '08519d02-f298-455b-b2b7-b1b59d93883f'}, 'data': <HDF5 dataset "freq": shape (257,), type "<f4">}, 'id': root/acquisition/_iblmic_audioSpectrogram/bands/id DatasetBuilder {'attributes': {'namespace': 'hdmf-common', 'neurodata_type': 'ElementIdentifiers', 'object_id': 'e84ad93e-a913-490e-b544-79dd94700305'}, 'data': <HDF5 dataset "id": shape (257,), type "<i4">}}, 'links': {}}, "Could not construct FrequencyBandsTable object due to: column must have the same number of rows as 'id'"))
2026-10-06T13:19:59Z INFO [2280/2500] 7855ae3e-1b25-4655-ae18-17e70b4e50c6: valid; 11.3 s; peak memory 10006 MiB.
2026-10-06T13:20:01Z INFO [2281/2500] 78565321-b079-4c44-b6b7-997bf2c4d31f: valid; 1.3 s; peak memory 10006 MiB.
2026-10-06T13:20:04Z INFO [2282/2500] 785656b7-0e6c-448c-af8b-ce03e96b3986: valid; 3.7 s; peak memory 10006 MiB.
2026-10-06T13:20:06Z INFO [2283/2500] 7857a32f-5fe3-483b-b5d4-505bf80a61c7: valid; 2.1 s; peak memory 10006 MiB.
2026-10-06T13:20:08Z INFO [2284/2500] 7857ad98-22a3-4a60-9054-87fc9618f124: not valid; 1.6 s; peak memory 10006 MiB.
2026-10-06T13:20:10Z INFO [2285/2500] 785836a3-2a86-46aa-831d-111fe76a3a99: not valid; 1.6 s; peak memory 10006 MiB.
2026-10-06T13:20:11Z INFO [2286/2500] 78585d91-acc2-40f5-bb2e-3ad5208c26f1: valid; 1.3 s; peak memory 10006 MiB.
2026-10-06T13:20:12Z INFO [2287/2500] 7858c56f-7551-468f-b0d7-5555df9d40ba: valid; 1.3 s; peak memory 10006 MiB.
2026-10-06T13:20:13Z INFO [2288/2500] 78593be9-3f01-4353-9755-f13ffa12772f: not valid; 1.0 s; peak memory 10006 MiB.
2026-10-06T13:20:18Z INFO [2289/2500] 7859b563-c15b-4242-a527-f16c6aa92968: not valid; 5.3 s; peak memory 10006 MiB.
2026-10-06T13:20:20Z INFO [2290/2500] 7859c494-98a5-4680-904e-08fe9db365c3: not valid; 1.6 s; peak memory 10006 MiB.
2026-10-06T13:20:21Z INFO [2291/2500] 785af7ac-bec9-45a4-b5f4-e1281b0d6b51: valid; 1.2 s; peak memory 10006 MiB.
2026-10-06T13:20:24Z INFO [2292/2500] 785af882-00bc-4f02-97f0-2258a95ecdc8: valid; 2.8 s; peak memory 10006 MiB.
2026-10-06T13:20:26Z INFO [2293/2500] 785b2501-8f58-457c-9204-3bc896b40235: not valid; 1.6 s; peak memory 10006 MiB.
2026-10-06T13:20:27Z INFO [2294/2500] 785c26fa-1c54-467d-b683-0784966a7f12: not valid; 1.7 s; peak memory 10006 MiB.
2026-10-06T13:20:31Z INFO [2295/2500] 785c298c-2e9c-4656-8801-d2f3815d4506: valid; 3.6 s; peak memory 10006 MiB.
2026-10-06T13:20:33Z INFO [2296/2500] 785de2a6-6e57-415f-99ea-a101f905d4ad: not valid; 2.2 s; peak memory 10006 MiB.
2026-10-06T13:20:35Z INFO [2297/2500] 785e6c4a-566f-4ed1-b978-27aece509023: valid; 2.0 s; peak memory 10006 MiB.
2026-10-06T13:20:42Z INFO [2298/2500] 7860101f-f5dc-4a18-b083-e1b76cd1ac37: valid; 7.5 s; peak memory 10006 MiB.
2026-10-06T13:20:49Z INFO [2299/2500] 7860c176-86b3-4e0e-836a-027759ba97b4: valid; 6.3 s; peak memory 10006 MiB.
2026-10-06T13:20:52Z INFO [2300/2500] 78612ce1-59e3-41ee-a6dc-44f6f9fef216: valid; 3.0 s; peak memory 10006 MiB.
2026-10-06T13:20:53Z INFO [2300/2500] 78612ce1-59e3-41ee-a6dc-44f6f9fef216: checkpointed 143310 records.
2026-10-06T13:20:55Z INFO [2301/2500] 786224f5-a953-44ff-8c8f-8145c424dd9f: valid; 2.1 s; peak memory 10006 MiB.
2026-10-06T13:20:57Z INFO [2302/2500] 78624002-245f-4974-a0e9-d21004216e1f: valid; 2.0 s; peak memory 10006 MiB.
2026-10-06T13:20:58Z INFO [2303/2500] 7862faf5-e26a-4e0f-8ce0-dceaf15ad7af: valid; 1.4 s; peak memory 10006 MiB.
2026-10-06T13:20:59Z INFO [2304/2500] 7863103f-50af-4e30-8827-4d42aa73ba66: valid; 1.1 s; peak memory 10006 MiB.
2026-10-06T13:21:12Z INFO [2305/2500] 78634045-8655-41e3-9eaf-4afda92e5a90: valid; 12.5 s; peak memory 10006 MiB.
2026-10-06T13:21:17Z INFO [2306/2500] 786365b3-cfb1-4b44-adbc-db8d8af4003b: valid; 5.3 s; peak memory 10006 MiB.
2026-10-06T13:21:24Z INFO [2307/2500] 7863d47d-3b9a-4e67-9718-a923d11a3e34: valid; 6.5 s; peak memory 10006 MiB.
2026-10-06T13:21:25Z INFO [2308/2500] 78641fed-081e-44af-a1c2-8ca249c30352: valid; 1.5 s; peak memory 10006 MiB.
2026-10-06T13:21:27Z INFO [2309/2500] 78645522-8c4c-46b9-876e-201249a8a7f5: valid; 1.6 s; peak memory 10006 MiB.
2026-10-06T13:21:28Z INFO [2310/2500] 78646f1f-c4c7-4404-a85f-ecd711b5c3b4: valid; 1.3 s; peak memory 10006 MiB.
2026-10-06T13:21:31Z INFO [2311/2500] 7864d404-57e4-49a6-bcdd-5d24c45a9a5e: valid; 3.0 s; peak memory 10006 MiB.
2026-10-06T13:21:34Z INFO [2312/2500] 7864f99a-503a-49b7-b0ad-5a8470bc8df1: not valid; 3.2 s; peak memory 10006 MiB.
2026-10-06T13:21:40Z INFO [2313/2500] 786615d7-d8eb-44ea-a586-5a840179a315: valid; 6.0 s; peak memory 10006 MiB.
2026-10-06T13:21:43Z INFO [2314/2500] 7866bfef-9d29-4d71-a95b-69160cb103af: valid; 2.9 s; peak memory 10006 MiB.
2026-10-06T13:21:45Z INFO [2315/2500] 7866cfdb-2ddc-4cf5-9c27-d060bb0f4ba3: valid; 1.9 s; peak memory 10006 MiB.
2026-10-06T13:21:48Z INFO [2316/2500] 7866f63f-ca43-403a-bcb0-0d0628c628ef: valid; 2.8 s; peak memory 10006 MiB.
2026-10-06T13:21:50Z INFO [2317/2500] 786710b5-10f8-4dee-9325-06709c11d10f: valid; 1.7 s; peak memory 10006 MiB.
2026-10-06T13:21:53Z INFO [2318/2500] 78674974-de4b-4e46-b3a8-701def0b12ce: not valid; 3.5 s; peak memory 10006 MiB.
2026-10-06T13:21:55Z INFO [2319/2500] 7867a8ac-cb7d-4d94-a9b5-e4932775cf9a: not valid; 1.5 s; peak memory 10006 MiB.
2026-10-06T13:21:56Z INFO [2320/2500] 7867e155-8ecd-409d-93e3-b2caf743eed5: not valid; 1.4 s; peak memory 10006 MiB.
2026-10-06T13:21:58Z WARNING 7867ec4e-4987-4ba4-974f-f25c3fc2aa30: failed while opening the NWB file (ConstructError: (root/acquisition/_iblmic_audioSpectrogram/bands GroupBuilder {'attributes': {'colnames': array(['freq'], dtype=object), 'description': 'spectogram frequencies', 'namespace': 'core', 'neurodata_type': 'FrequencyBandsTable', 'object_id': '95fae6c0-2319-41fd-9ce6-767bd1759a0c'}, 'groups': {}, 'datasets': {'freq': root/acquisition/_iblmic_audioSpectrogram/bands/freq DatasetBuilder {'attributes': {'description': 'frequency value', 'namespace': 'hdmf-common', 'neurodata_type': 'VectorData', 'object_id': 'c945e891-9ee6-4cf2-8163-364278e50f73'}, 'data': <HDF5 dataset "freq": shape (257,), type "<f4">}, 'id': root/acquisition/_iblmic_audioSpectrogram/bands/id DatasetBuilder {'attributes': {'namespace': 'hdmf-common', 'neurodata_type': 'ElementIdentifiers', 'object_id': 'a918f729-7d57-43e3-9865-daecea6bcdd3'}, 'data': <HDF5 dataset "id": shape (257,), type "<i4">}}, 'links': {}}, "Could not construct FrequencyBandsTable object due to: column must have the same number of rows as 'id'"))
2026-10-06T13:22:00Z INFO [2322/2500] 786821a9-0606-4074-a748-bfa20b4a3a8a: valid; 2.3 s; peak memory 10006 MiB.
2026-10-06T13:22:11Z INFO [2323/2500] 78693cbf-4ccf-4c95-a438-be473bc1325b: valid; 10.8 s; peak memory 10006 MiB.
2026-10-06T13:22:12Z INFO [2324/2500] 7869871f-0ec7-401b-80ec-92d7766f3a79: valid; 1.3 s; peak memory 10006 MiB.
2026-10-06T13:22:14Z INFO [2325/2500] 7869b1be-74f6-41c8-9e41-490926f28a54: valid; 1.8 s; peak memory 10006 MiB.
2026-10-06T13:22:15Z INFO [2326/2500] 786b8301-77aa-46fc-a054-282e38ffde33: not valid; 1.5 s; peak memory 10006 MiB.
2026-10-06T13:22:17Z INFO [2327/2500] 786c316e-b959-4e70-b5ac-2857f927fc38: valid; 1.9 s; peak memory 10006 MiB.
2026-10-06T13:22:21Z INFO [2328/2500] 786c9812-4f6c-49f4-ab1d-e0688ac405a0: valid; 3.4 s; peak memory 10006 MiB.
2026-10-06T13:22:27Z INFO [2329/2500] 786cb273-788d-4fef-87dc-f393ccbb96e7: valid; 6.5 s; peak memory 10006 MiB.
2026-10-06T13:22:28Z INFO [2330/2500] 786cb3ac-2ed7-4d80-85e9-a55045792b8b: valid; 1.2 s; peak memory 10006 MiB.
2026-10-06T13:22:30Z INFO [2331/2500] 786d6ad7-cfbc-4ed5-b633-09f00f14b5b3: not valid; 1.6 s; peak memory 10006 MiB.
2026-10-06T13:22:32Z INFO [2332/2500] 786de212-8fb7-4248-bea5-45c9af2f965b: not valid; 1.8 s; peak memory 10006 MiB.
2026-10-06T13:22:33Z INFO [2333/2500] 786de382-96e2-4eb8-ab31-f1a88e02b1c8: valid; 1.2 s; peak memory 10006 MiB.
2026-10-06T13:22:35Z INFO [2334/2500] 786e6a25-c5ac-46ee-92c5-3a7d41690e85: not valid; 1.7 s; peak memory 10006 MiB.
2026-10-06T13:22:36Z INFO [2335/2500] 786e8da6-14b6-4d27-9e4b-87114770ad59: not valid; 1.5 s; peak memory 10006 MiB.
2026-10-06T13:22:40Z INFO [2336/2500] 786efcbb-7302-4992-800d-b28f1279f50a: valid; 3.5 s; peak memory 10006 MiB.
2026-10-06T13:22:41Z INFO [2337/2500] 786f597b-9253-4d9a-8fdc-bcab59ec3072: valid; 1.3 s; peak memory 10006 MiB.
2026-10-06T13:22:42Z INFO [2338/2500] 786fd377-471b-4294-b7db-95c77133f225: not valid; 1.4 s; peak memory 10006 MiB.
2026-10-06T13:22:44Z INFO [2339/2500] 78700cc4-089b-4583-b6c3-b7e2144d0964: valid; 1.9 s; peak memory 10006 MiB.
2026-10-06T13:22:45Z INFO [2340/2500] 7870286e-09d6-46b7-8bd0-2ca04520fa8d: valid; 1.2 s; peak memory 10006 MiB.
2026-10-06T13:22:53Z INFO [2341/2500] 78715ab8-ebe2-4be2-a99f-0461430c8c34: valid; 8.0 s; peak memory 10006 MiB.
2026-10-06T13:22:55Z INFO [2342/2500] 7871e860-659d-4ac7-92f2-32370d0a67a9: not valid; 1.5 s; peak memory 10006 MiB.
2026-10-06T13:22:57Z INFO [2343/2500] 78723da6-ee8c-4761-acfd-e2ea78ed91ad: valid; 2.4 s; peak memory 10006 MiB.
2026-10-06T13:23:01Z INFO [2344/2500] 7872fbb8-1387-4a3c-844b-e16759e2ffdf: not valid; 3.6 s; peak memory 10006 MiB.
2026-10-06T13:23:02Z INFO [2345/2500] 78732134-0bfe-479c-bac9-3699ce462c30: valid; 1.2 s; peak memory 10006 MiB.
2026-10-06T13:23:05Z INFO [2346/2500] 78733267-f425-4199-a633-b12b4634ba55: valid; 2.5 s; peak memory 10006 MiB.
2026-10-06T13:23:12Z INFO [2347/2500] 787395ab-69e7-4291-9e80-139c88d8e6ae: valid; 6.8 s; peak memory 10006 MiB.
2026-10-06T13:23:44Z INFO [2348/2500] 78739719-5014-4d6a-acb4-686b6e6abbea: not valid; 32.1 s; peak memory 10006 MiB.
2026-10-06T13:23:45Z INFO [2349/2500] 7873d441-3b2b-484d-96db-1acc00bacfe5: valid; 1.7 s; peak memory 10006 MiB.
2026-10-06T13:23:48Z INFO [2350/2500] 7874a97b-69cb-4107-8199-f08f7844cebd: valid; 2.4 s; peak memory 10006 MiB.
2026-10-06T13:23:49Z INFO [2350/2500] 7874a97b-69cb-4107-8199-f08f7844cebd: checkpointed 143360 records.
2026-10-06T13:23:50Z INFO [2351/2500] 78752b89-a9c9-4551-b023-0915f6e467e0: not valid; 1.4 s; peak memory 10006 MiB.
2026-10-06T13:23:51Z INFO [2352/2500] 78754798-e038-4fd8-8c50-5ef1a1c4d300: not valid; 1.3 s; peak memory 10006 MiB.
2026-10-06T13:23:53Z INFO [2353/2500] 787557e3-cbf3-482d-b803-9f6d40125d07: valid; 1.7 s; peak memory 10006 MiB.
2026-10-06T13:23:55Z INFO [2354/2500] 78774d8b-ec46-44a9-8eaa-cbcc42735759: valid; 2.0 s; peak memory 10006 MiB.
2026-10-06T13:23:57Z INFO [2355/2500] 78775156-a2bd-4089-9eb9-4ab43a4d439a: not valid; 1.3 s; peak memory 10006 MiB.
2026-10-06T13:23:59Z INFO [2356/2500] 7877a976-a1cf-4a2a-ba11-9809c7ea0eb9: valid; 2.1 s; peak memory 10006 MiB.
2026-10-06T13:24:00Z WARNING 78789118-aff9-40f3-81d6-ffa3d2604eeb: failed while opening the NWB file (ConstructError: (root/acquisition/event_code_meanings GroupBuilder {'attributes': {'colnames': array(['value', 'meaning'], dtype=object), 'description': 'Mapping integer event codes to event labels', 'namespace': 'ndx-events', 'neurodata_type': 'MeaningsTable', 'object_id': '451e19cc-34cf-4e68-ade8-795c6a099d34'}, 'groups': {}, 'datasets': {'id': root/acquisition/event_code_meanings/id DatasetBuilder {'attributes': {'namespace': 'hdmf-common', 'neurodata_type': 'ElementIdentifiers', 'object_id': '3949d3ab-8ae6-4de2-8a0e-786b83755236'}, 'data': <HDF5 dataset "id": shape (26,), type "<i8">}, 'meaning': root/acquisition/event_code_meanings/meaning DatasetBuilder {'attributes': {'description': 'The meaning of the value in the parent CategoricalVectorData object.', 'namespace': 'hdmf-experimental', 'neurodata_type': 'VectorData', 'object_id': 'bdb81b63-91f6-4f4b-9bcd-2f9b177f50fd'}, 'data': <StrDataset for HDF5 dataset "meaning": shape (26,), type "|O">}, 'value': root/acquisition/event_code_meanings/value DatasetBuilder {'attributes': {'description': 'The value of the parent CategoricalVectorData object.', 'namespace': 'hdmf-experimental', 'neurodata_type': 'VectorData', 'object_id': '5c9f3233-5cc0-4ef3-983f-70051c1dda5b'}, 'data': <HDF5 dataset "value": shape (26,), type "<i8">}}, 'links': {}}, "Could not construct MeaningsTable object due to: MeaningsTable.__init__: missing argument 'target'"))
2026-10-06T13:24:01Z INFO [2358/2500] 787901a6-9f6e-4790-b40f-b1a93c02b0a6: valid; 1.0 s; peak memory 10006 MiB.
2026-10-06T13:24:02Z INFO [2359/2500] 787955e6-07ce-4df9-af3b-df2358b3f366: valid; 1.2 s; peak memory 10006 MiB.
2026-10-06T13:24:09Z INFO [2360/2500] 7879823f-6edf-4be9-af14-1ccf202e319f: valid; 7.2 s; peak memory 10006 MiB.
2026-10-06T13:24:11Z INFO [2361/2500] 78799fac-e0b9-413a-934d-d6d62dcfd437: valid; 1.7 s; peak memory 10006 MiB.
2026-10-06T13:24:13Z INFO [2362/2500] 7879f371-561c-449b-97b3-a502e7a39c7d: not valid; 1.7 s; peak memory 10006 MiB.
2026-10-06T13:24:14Z INFO [2363/2500] 787a20de-a5b4-4c5f-b524-e00b455aacb8: valid; 1.7 s; peak memory 10006 MiB.
2026-10-06T13:24:18Z INFO [2364/2500] 787a9fcb-6d5b-4e19-bf2a-ee95cd582b23: not valid; 3.3 s; peak memory 10006 MiB.
2026-10-06T13:24:19Z INFO [2365/2500] 787ab147-788a-43b2-a74c-2c7410888f06: valid; 1.2 s; peak memory 10006 MiB.
2026-10-06T13:24:26Z WARNING 787b3e2b-1185-4ae7-8172-9449b605dd46: failed while opening the NWB file (ValueError: Cannot resolve included group spec 'electrodes' with data_type_inc 'ElectrodesTable' because a group spec with the same name already exists with data_type_inc 'DynamicTable', and data type 'DynamicTable' is not a child type of data type 'ElectrodesTable'.)
2026-10-06T13:24:27Z INFO [2367/2500] 787b8afe-5c3e-435f-9ae6-940b19220c96: valid; 1.2 s; peak memory 10006 MiB.
2026-10-06T13:24:30Z INFO [2368/2500] 787c7876-bf9f-437f-be1c-870009c5e35b: valid; 2.7 s; peak memory 10006 MiB.
2026-10-06T13:24:31Z INFO [2369/2500] 787c820a-149e-4216-83f5-21f94f73b599: valid; 1.1 s; peak memory 10006 MiB.
2026-10-06T13:24:32Z INFO [2370/2500] 787d4fb3-e339-48a8-be97-ab1534e128e0: valid; 1.0 s; peak memory 10006 MiB.
2026-10-06T13:24:38Z INFO [2371/2500] 787da2a3-67e7-4095-a73b-86f45f657536: not valid; 5.6 s; peak memory 10006 MiB.
2026-10-06T13:24:46Z INFO [2372/2500] 787db872-e623-412b-8c0a-8e8fa2c2f617: valid; 7.7 s; peak memory 10006 MiB.
2026-10-06T13:24:52Z INFO [2373/2500] 787e0bcb-adfd-4e6a-917a-4362dbcdd788: valid; 6.8 s; peak memory 10006 MiB.
2026-10-06T13:24:54Z INFO [2374/2500] 787e0e8f-9a1c-4d7d-8b36-60dd355e55cd: valid; 1.4 s; peak memory 10006 MiB.
2026-10-06T13:24:57Z INFO [2375/2500] 787e6d58-b697-4e14-bc18-fdf59c1d4e04: valid; 2.8 s; peak memory 10006 MiB.
2026-10-06T13:24:58Z INFO [2376/2500] 787ec39f-461d-433c-98c9-92ecedfd5e7d: valid; 1.9 s; peak memory 10006 MiB.
2026-10-06T13:25:01Z INFO [2377/2500] 787ef250-8bed-4ad0-9ab1-04f0f0abc6ae: valid; 2.2 s; peak memory 10006 MiB.
2026-10-06T13:25:02Z INFO [2378/2500] 787f36a7-b281-470c-9a44-fbedb7c8df34: valid; 1.6 s; peak memory 10006 MiB.
2026-10-06T13:25:04Z INFO [2379/2500] 787f98aa-6c76-4159-86ca-4756f7098689: not valid; 1.5 s; peak memory 10006 MiB.
2026-10-06T13:25:05Z INFO [2380/2500] 7880583c-45bf-4343-a447-8839417f14bf: valid; 1.2 s; peak memory 10006 MiB.
2026-10-06T13:25:07Z INFO [2381/2500] 7880d9b5-90a1-4731-85bc-bf581b075885: valid; 2.0 s; peak memory 10006 MiB.
2026-10-06T13:25:08Z INFO [2382/2500] 78814ba1-58d6-45a4-852d-25be68d822b4: valid; 1.2 s; peak memory 10006 MiB.
2026-10-06T13:25:09Z INFO [2383/2500] 7882b1f2-934d-4f6b-8781-da52b9c57bb9: valid; 1.2 s; peak memory 10006 MiB.
2026-10-06T13:25:16Z INFO [2384/2500] 78835cec-72ca-4ff8-a167-320a1b1c2256: valid; 6.2 s; peak memory 10006 MiB.
2026-10-06T13:25:17Z INFO [2385/2500] 78836502-31ae-47b6-8c00-0ea354e6c0f8: not valid; 1.7 s; peak memory 10006 MiB.
2026-10-06T13:25:18Z INFO [2386/2500] 788370f4-3497-4cf5-9535-a22831fe3e94: valid; 1.0 s; peak memory 10006 MiB.
2026-10-06T13:25:20Z INFO [2387/2500] 7883bd12-c72f-4bff-8986-8ab6a410ead1: valid; 1.2 s; peak memory 10006 MiB.
2026-10-06T13:25:21Z INFO [2388/2500] 7883d846-63b2-4eee-9745-bbe995b75f90: valid; 1.5 s; peak memory 10006 MiB.
2026-10-06T13:25:23Z INFO [2389/2500] 78841a9c-1243-4bbb-8123-38202c54a565: valid; 1.8 s; peak memory 10006 MiB.
2026-10-06T13:25:25Z INFO [2390/2500] 788597ae-cbd1-4525-a5e5-ab6942def85a: valid; 1.8 s; peak memory 10006 MiB.
2026-10-06T13:25:26Z INFO [2391/2500] 7885d774-82dd-4a9e-b2cf-01af7652bf2d: valid; 1.4 s; peak memory 10006 MiB.
2026-10-06T13:25:36Z INFO [2392/2500] 7885df82-8bb7-4a7f-9bde-63f9f52730c1: valid; 10.2 s; peak memory 10006 MiB.
2026-10-06T13:25:48Z INFO [2393/2500] 788651ac-e2ee-4835-ab4d-5506577376ce: valid; 11.8 s; peak memory 10006 MiB.
2026-10-06T13:25:49Z INFO [2394/2500] 78869db6-b64d-4feb-80c0-7d9984a88ad9: not valid; 1.4 s; peak memory 10006 MiB.
2026-10-06T13:25:52Z INFO [2395/2500] 7887323c-61a3-4888-9b13-a1b538f5138a: valid; 2.4 s; peak memory 10006 MiB.
2026-10-06T13:25:54Z INFO [2396/2500] 788757e6-7354-4d49-85c3-ef3c63304e17: valid; 2.6 s; peak memory 10006 MiB.
2026-10-06T13:25:56Z INFO [2397/2500] 78875951-c1ae-46c9-a9f2-70908a842db2: valid; 1.3 s; peak memory 10006 MiB.
2026-10-06T13:25:57Z INFO [2398/2500] 78876493-c97f-4e68-96da-98ebda50c152: not valid; 1.8 s; peak memory 10006 MiB.
2026-10-06T13:25:59Z INFO [2399/2500] 788776a4-c462-4d92-9ea5-c2579c1dfb97: valid; 1.2 s; peak memory 10006 MiB.
2026-10-06T13:26:01Z WARNING 7887c7f7-6ae0-47a8-8558-484f77e30eb5: failed while opening the NWB file (ValueError: Cannot extend float64 to float)
2026-10-06T13:26:02Z INFO [2400/2500] 7887c7f7-6ae0-47a8-8558-484f77e30eb5: checkpointed 143410 records.
2026-10-06T13:26:03Z INFO [2401/2500] 7888a0bf-244e-48f7-82da-b9723fe66e02: not valid; 1.2 s; peak memory 10006 MiB.
2026-10-06T13:26:05Z INFO [2402/2500] 788966a8-ebcb-4723-9238-195cc3e9f715: valid; 1.6 s; peak memory 10006 MiB.
2026-10-06T13:28:03Z INFO [2403/2500] 7889c602-2837-4449-be5c-cb0671061a9b: valid; 118.1 s; peak memory 10006 MiB.
2026-10-06T13:28:05Z INFO [2404/2500] 7889e519-6ce5-4118-9239-c5f5fd7729d8: valid; 2.5 s; peak memory 10006 MiB.
2026-10-06T13:28:07Z INFO [2405/2500] 7889e892-2ef0-4836-9c87-fb43aea5caf3: valid; 1.3 s; peak memory 10006 MiB.
2026-10-06T13:28:08Z INFO [2406/2500] 788b0a75-abfc-4f76-94dc-921750473516: valid; 1.1 s; peak memory 10006 MiB.
2026-10-06T13:28:10Z INFO [2407/2500] 788b4192-c69d-4f27-89df-6e1c4adebb6e: valid; 1.9 s; peak memory 10006 MiB.
2026-10-06T13:28:17Z INFO [2408/2500] 788bd370-02da-4622-9e6e-c12c9b8a45c6: not valid; 6.9 s; peak memory 10006 MiB.
2026-10-06T13:28:19Z INFO [2409/2500] 788c8328-5dd5-4c32-b628-1ef0765d97c0: valid; 2.4 s; peak memory 10006 MiB.
2026-10-06T13:28:20Z INFO [2410/2500] 788c9bc3-fdd8-4d49-ad99-979adb7de162: valid; 1.3 s; peak memory 10006 MiB.
2026-10-06T13:28:23Z INFO [2411/2500] 788cbfda-6851-4089-9c3a-04af71825c28: valid; 2.2 s; peak memory 10006 MiB.
2026-10-06T13:28:24Z INFO [2412/2500] 788d0b45-ab58-4993-8a71-7042871191c5: valid; 1.2 s; peak memory 10006 MiB.
2026-10-06T13:28:25Z INFO [2413/2500] 788da0ef-25cd-40bc-9655-8fd8aab69338: not valid; 1.5 s; peak memory 10006 MiB.
2026-10-06T13:28:28Z INFO [2414/2500] 788e0c02-81a5-4ab6-8efd-cb2e01abc478: valid; 2.4 s; peak memory 10006 MiB.
2026-10-06T13:28:30Z INFO [2415/2500] 788e5cc0-d61d-4784-8045-8f05e7c445d2: valid; 2.3 s; peak memory 10006 MiB.
2026-10-06T13:28:41Z INFO [2416/2500] 788e8659-443a-43cf-8ec2-37cd551eea7d: valid; 10.7 s; peak memory 10006 MiB.
2026-10-06T13:28:43Z INFO [2417/2500] 788fcf87-1b7f-4bf0-81b0-a11c730e764f: valid; 2.2 s; peak memory 10006 MiB.
2026-10-06T13:28:49Z INFO [2418/2500] 789000d1-74e9-4030-958c-72b5f3a4868e: valid; 5.8 s; peak memory 10006 MiB.
2026-10-06T13:28:53Z INFO [2419/2500] 78900aa1-9dd0-4e56-9a92-b7e54f9746ce: not valid; 3.9 s; peak memory 10006 MiB.
2026-10-06T13:28:54Z INFO [2420/2500] 78906247-c775-4d5a-ba1e-29e79ec19786: valid; 1.2 s; peak memory 10006 MiB.
2026-10-06T13:28:56Z WARNING 7890e0fd-d592-445e-b5cf-07073abde988: failed while opening the NWB file (ConstructError: (root/acquisition/_iblmic_audioSpectrogram/bands GroupBuilder {'attributes': {'colnames': array(['freq'], dtype=object), 'description': 'spectogram frequencies', 'namespace': 'core', 'neurodata_type': 'FrequencyBandsTable', 'object_id': '8937ae77-618f-4831-8367-a593c70b1489'}, 'groups': {}, 'datasets': {'freq': root/acquisition/_iblmic_audioSpectrogram/bands/freq DatasetBuilder {'attributes': {'description': 'frequency value', 'namespace': 'hdmf-common', 'neurodata_type': 'VectorData', 'object_id': '256cbba6-a30b-4fd6-88aa-21d034117e0e'}, 'data': <HDF5 dataset "freq": shape (257,), type "<f4">}, 'id': root/acquisition/_iblmic_audioSpectrogram/bands/id DatasetBuilder {'attributes': {'namespace': 'hdmf-common', 'neurodata_type': 'ElementIdentifiers', 'object_id': '00e8f890-6c2d-402e-bf40-e912ede096c0'}, 'data': <HDF5 dataset "id": shape (257,), type "<i4">}}, 'links': {}}, "Could not construct FrequencyBandsTable object due to: column must have the same number of rows as 'id'"))
2026-10-06T13:28:57Z INFO [2422/2500] 789102f2-65b1-4846-ab2f-783e94b363a8: valid; 1.0 s; peak memory 10006 MiB.
2026-10-06T13:28:58Z INFO [2423/2500] 7891187b-8ee4-491a-b9a3-87abb1c25d62: valid; 1.0 s; peak memory 10006 MiB.
2026-10-06T13:28:59Z INFO [2424/2500] 78913480-d2b4-47b9-acce-00bcf139f4f9: valid; 1.4 s; peak memory 10006 MiB.
2026-10-06T13:29:01Z INFO [2425/2500] 78914114-d257-42ef-a914-e55b2d90c83f: valid; 2.0 s; peak memory 10006 MiB.
2026-10-06T13:29:05Z INFO [2426/2500] 78921fe9-0d4c-466a-ba57-950051fc2e37: valid; 3.7 s; peak memory 10006 MiB.
2026-10-06T13:29:06Z INFO [2427/2500] 7892b9d2-f022-4b01-8a60-a99377f563da: not valid; 1.5 s; peak memory 10006 MiB.
2026-10-06T13:29:09Z WARNING 78930738-1006-4c55-8512-b7b13cf127f3: failed while opening the NWB file (ConstructError: (root/general/optogenetics/PatternedOptogeneticStimulusSite GroupBuilder {'attributes': {'effector': 'GUR-3/PRDX-2', 'namespace': 'ndx-patterned-ogen', 'neurodata_type': 'PatternedOptogeneticStimulusSite', 'object_id': 'df5da1e5-85e9-4677-8fb9-abf4ecfeb9e8'}, 'groups': {}, 'datasets': {'description': root/general/optogenetics/PatternedOptogeneticStimulusSite/description DatasetBuilder {'attributes': {}, 'data': 'Scanning'}, 'excitation_lambda': root/general/optogenetics/PatternedOptogeneticStimulusSite/excitation_lambda DatasetBuilder {'attributes': {}, 'data': np.float64(850.0)}, 'location': root/general/optogenetics/PatternedOptogeneticStimulusSite/location DatasetBuilder {'attributes': {}, 'data': 'whole brain'}}, 'links': {'device': root/general/optogenetics/PatternedOptogeneticStimulusSite/device LinkBuilder {'builder': root/general/devices/OptogeneticDevice GroupBuilder {'attributes': {'description': '', 'namespace': 'core', 'neurodata_type': 'Device', 'object_id': '5005e3d8-4d68-45f6-8061-c8caf72926a5'}, 'groups': {}, 'datasets': {}, 'links': {}}}, 'light_source': root/general/optogenetics/PatternedOptogeneticStimulusSite/light_source LinkBuilder {'builder': root/general/devices/AmplifiedLaser GroupBuilder {'attributes': {'description': 'For two-photon optogenetic targeting, we used an optical parametric amplifier (OPA; Light Conversion ORPHEUS) pumped by a femtosecond amplified laser (Light Conversion PHAROS).', 'filter_description': 'Short pass at 1040 nm', 'manufacturer': 'Light Conversion', 'model': 'ORPHEUS amplifier and PHAROS laser', 'namespace': 'ndx-patterned-ogen', 'neurodata_type': 'LightSource', 'object_id': '860a4151-1386-4101-a011-0fa879541566', 'peak_power_in_W': np.float64(0.0012), 'pulse_rate_in_Hz': np.float64(500000.0), 'stimulation_wavelength_in_nm': np.float64(850.0)}, 'groups': {}, 'datasets': {}, 'links': {}}}}}, "Could not construct PatternedOptogeneticStimulusSite object due to: CustomClassGenerator.set_init.<locals>.__init__: incorrect type for 'spatial_light_modulator' (got 'list', expected 'Device')"))
2026-10-06T13:29:12Z INFO [2429/2500] 78938f6c-df02-4444-ab99-60019ce8fb16: valid; 3.7 s; peak memory 10006 MiB.
2026-10-06T13:29:14Z INFO [2430/2500] 7893dbc0-1563-4c95-9160-0a5436a2c926: valid; 2.1 s; peak memory 10006 MiB.
2026-10-06T13:29:17Z INFO [2431/2500] 789405aa-9724-4329-b64c-8151e5d9c6db: valid; 2.2 s; peak memory 10006 MiB.
2026-10-06T13:29:24Z INFO [2432/2500] 78940f91-b083-42c6-ae58-aff04addd670: valid; 7.2 s; peak memory 10006 MiB.
2026-10-06T13:29:36Z INFO [2433/2500] 78948486-00cd-4e2f-acc2-8900c540fca0: valid; 11.9 s; peak memory 10006 MiB.
2026-10-06T13:29:36Z WARNING 78959ecc-2892-4b24-a75f-05a29815d386: failed while retrieving asset information from the DANDI API (NotFoundError: No asset at path 'sub-parkinson-simulated-lfp/sub-parkinson-simulated-lfp_ses-8294_ecephys.nwb' in version 0.250327.2220. Verify the path is correct and the asset exists in this version. Use 'dandi ls' to list available assets.)
2026-10-06T13:29:37Z INFO [2435/2500] 7895daad-e5c4-4d43-8a93-d230671edba7: valid; 1.4 s; peak memory 10006 MiB.
2026-10-06T13:29:40Z INFO [2436/2500] 7895ebdf-bf66-4e95-9975-d0b028e78ef8: valid; 3.2 s; peak memory 10006 MiB.
2026-10-06T13:29:42Z INFO [2437/2500] 7895ed89-974f-492f-b128-de0561a73210: valid; 1.4 s; peak memory 10006 MiB.
2026-10-06T13:29:43Z INFO [2438/2500] 789603d2-bfef-4104-a733-80a2911819a9: not valid; 1.4 s; peak memory 10006 MiB.
2026-10-06T13:29:45Z INFO [2439/2500] 7896b466-8102-4909-83ed-b1cbb2705ca9: valid; 1.6 s; peak memory 10006 MiB.
2026-10-06T13:29:47Z INFO [2440/2500] 7896e266-5d54-4264-8e51-5c01665c459f: valid; 2.1 s; peak memory 10006 MiB.
2026-10-06T13:29:48Z INFO [2441/2500] 7896e6ee-ef78-4eb7-8fb1-8b66759494bb: valid; 1.4 s; peak memory 10006 MiB.
2026-10-06T13:29:51Z INFO [2442/2500] 7898b6c6-964b-4bc1-a58e-5df4d34e0702: valid; 2.3 s; peak memory 10006 MiB.
2026-10-06T13:29:52Z INFO [2443/2500] 7898fcbb-327f-42cf-b534-78452f4e0a7d: not valid; 1.3 s; peak memory 10006 MiB.
2026-10-06T13:29:54Z INFO [2444/2500] 789916e1-1584-48b5-a38a-ef8b2d23a390: valid; 2.0 s; peak memory 10006 MiB.
2026-10-06T13:29:57Z INFO [2445/2500] 789919c7-53aa-40b9-b88a-2c6dfd7a96f7: not valid; 3.2 s; peak memory 10006 MiB.
2026-10-06T13:29:59Z INFO [2446/2500] 7899c3b9-73bb-47b5-8f30-ba2f671a25a7: not valid; 1.6 s; peak memory 10006 MiB.
2026-10-06T13:30:01Z INFO [2447/2500] 789b30cb-9a81-48f0-8484-f94487249414: valid; 2.1 s; peak memory 10006 MiB.
2026-10-06T13:30:05Z INFO [2448/2500] 789b5488-b8a8-42a1-8803-3aefc3b58239: valid; 4.0 s; peak memory 10006 MiB.
2026-10-06T13:30:06Z INFO [2449/2500] 789b6f00-02fc-4388-8405-cdca18fc0d90: valid; 1.7 s; peak memory 10006 MiB.
2026-10-06T13:30:12Z INFO [2450/2500] 789b6f19-595c-47dc-8281-9a78db066914: not valid; 5.5 s; peak memory 10006 MiB.
2026-10-06T13:30:13Z INFO [2450/2500] 789b6f19-595c-47dc-8281-9a78db066914: checkpointed 143460 records.
2026-10-06T13:30:14Z INFO [2451/2500] 789b70dd-77e1-4f70-bb5f-598abf86b01f: valid; 1.2 s; peak memory 10006 MiB.
2026-10-06T13:30:32Z INFO [2452/2500] 789bacc4-bffd-4981-ad2d-ce1376aece73: not valid; 17.4 s; peak memory 10006 MiB.
2026-10-06T13:30:36Z INFO [2453/2500] 789d1eec-8003-456c-a3f5-2a363ea5491a: not valid; 4.0 s; peak memory 10006 MiB.
2026-10-06T13:30:37Z INFO [2454/2500] 789d984b-d56d-4c85-90c5-9f5f46933af5: valid; 1.4 s; peak memory 10006 MiB.
2026-10-06T13:30:38Z INFO [2455/2500] 789dba89-d787-49c0-832a-33cd6d95e3bd: valid; 1.0 s; peak memory 10006 MiB.
2026-10-06T13:30:40Z INFO [2456/2500] 789e09e4-7e14-4a0b-bde4-e97ded927a3f: valid; 2.2 s; peak memory 10006 MiB.
2026-10-06T13:30:42Z INFO [2457/2500] 789e95f7-0125-4f53-88f1-162449b045be: valid; 1.3 s; peak memory 10006 MiB.
2026-10-06T13:30:55Z INFO [2458/2500] 789e9a1f-282a-4e99-ae51-14c161e545ce: valid; 13.3 s; peak memory 10006 MiB.
2026-10-06T13:30:56Z INFO [2459/2500] 789ebd55-0615-4fac-95ca-16bc5fe041c4: valid; 1.1 s; peak memory 10006 MiB.
2026-10-06T13:30:58Z INFO [2460/2500] 789ebfcf-1bf0-421a-b903-7642437fd5a6: valid; 2.2 s; peak memory 10006 MiB.
2026-10-06T13:30:59Z INFO [2461/2500] 789f237b-35a8-4b52-9338-17f03ef33151: valid; 1.1 s; peak memory 10006 MiB.
2026-10-06T13:31:02Z INFO [2462/2500] 789f502a-c5f6-463a-aa63-b506ac879587: valid; 2.8 s; peak memory 10006 MiB.
2026-10-06T13:31:16Z INFO [2463/2500] 78a08141-1c05-428d-ab26-efc97c9a5219: valid; 13.6 s; peak memory 10006 MiB.
2026-10-06T13:31:17Z INFO [2464/2500] 78a162db-cf13-441f-b6d0-c60e6e933348: not valid; 1.2 s; peak memory 10006 MiB.
2026-10-06T13:31:19Z INFO [2465/2500] 78a1881b-5ea7-4eec-8141-4444391ef895: valid; 1.8 s; peak memory 10006 MiB.
2026-10-06T13:31:20Z INFO [2466/2500] 78a22d75-877a-4379-9e54-d91ca7b87dbb: not valid; 1.5 s; peak memory 10006 MiB.
2026-10-06T13:31:22Z INFO [2467/2500] 78a23ea9-7bb0-4832-bcd4-b5ae42e722b3: valid; 2.1 s; peak memory 10006 MiB.
2026-10-06T13:31:25Z INFO [2468/2500] 78a2a4b8-83ad-48ad-a9db-58c9b75da666: valid; 2.4 s; peak memory 10006 MiB.
2026-10-06T13:31:25Z INFO [2469/2500] 78a31cdb-1dd0-4750-953d-f029295ab7b6: valid; 0.9 s; peak memory 10006 MiB.
2026-10-06T13:31:29Z INFO [2470/2500] 78a3321d-9f08-4fa4-93a2-77909bfe2c52: valid; 3.1 s; peak memory 10006 MiB.
2026-10-06T13:31:30Z INFO [2471/2500] 78a481a6-4ce5-4cba-825e-80df02c0f1d9: valid; 1.6 s; peak memory 10006 MiB.
2026-10-06T13:31:32Z INFO [2472/2500] 78a48b1a-a530-4d71-90a5-7d4769eb06e5: valid; 2.2 s; peak memory 10006 MiB.
2026-10-06T13:31:34Z INFO [2473/2500] 78a4eb9c-dd85-4aed-8066-9ea212e337d1: valid; 2.0 s; peak memory 10006 MiB.
2026-10-06T13:31:45Z INFO [2474/2500] 78a58614-09e4-4e29-a492-8bbeaf7a8cf6: valid; 10.1 s; peak memory 10006 MiB.
2026-10-06T13:31:49Z INFO [2475/2500] 78a5e6f7-2679-400d-9083-096de8524d8f: valid; 4.4 s; peak memory 10006 MiB.
2026-10-06T13:32:01Z INFO [2476/2500] 78a5e7f4-44f3-459b-8de7-c391ec16f91e: valid; 12.4 s; peak memory 10006 MiB.
2026-10-06T13:32:03Z INFO [2477/2500] 78a649da-7883-484a-a789-f3323c51d062: not valid; 1.4 s; peak memory 10006 MiB.
2026-10-06T13:32:04Z INFO [2478/2500] 78a657a4-643e-4f6c-ad26-aba2c58fd438: not valid; 1.2 s; peak memory 10006 MiB.
2026-10-06T13:32:05Z INFO [2479/2500] 78a6bd60-da8e-4711-99f9-8a64551d3c5e: valid; 1.2 s; peak memory 10006 MiB.
2026-10-06T13:32:07Z INFO [2480/2500] 78a6edaf-c990-4c34-94dc-e13a2a0054ef: not valid; 1.5 s; peak memory 10006 MiB.
2026-10-06T13:32:08Z INFO [2481/2500] 78a72036-765f-477b-98af-bbae7fec63a3: not valid; 1.6 s; peak memory 10006 MiB.
2026-10-06T13:32:10Z INFO [2482/2500] 78a78ce8-454a-459d-9394-aa451839b561: valid; 2.0 s; peak memory 10006 MiB.
2026-10-06T13:32:10Z WARNING 78a79952-25b8-4f28-8736-3a4c87830644: failed while retrieving asset information from the DANDI API (NotFoundError: No asset at path 'sub-ZS061/sub-ZS061_ses-behavior-ZS061-2021-04-13-18-14-05.nwb' in version 0.260928.2230. Verify the path is correct and the asset exists in this version. Use 'dandi ls' to list available assets.)
2026-10-06T13:36:29Z INFO [2484/2500] 78a84400-59e8-47a2-917b-f15ee72530d3: valid; 258.8 s; peak memory 10058 MiB.
2026-10-06T13:36:31Z INFO [2485/2500] 78a9170e-8cf6-43bf-870d-1461c5faeed5: valid; 1.7 s; peak memory 10058 MiB.
2026-10-06T13:36:34Z INFO [2486/2500] 78a95c3c-533b-4555-9318-fa606326c93f: valid; 3.0 s; peak memory 10058 MiB.
2026-10-06T13:36:35Z INFO [2487/2500] 78a9f873-4b45-4c1a-a649-d758decce734: valid; 1.3 s; peak memory 10058 MiB.
2026-10-06T13:36:37Z INFO [2488/2500] 78aa20ce-97fa-474f-b8b7-7de372c96fc8: valid; 1.6 s; peak memory 10058 MiB.
2026-10-06T13:36:38Z INFO [2489/2500] 78aa33f3-0f4d-4b4e-80d1-927411fe4b05: valid; 1.2 s; peak memory 10058 MiB.
2026-10-06T13:36:39Z INFO [2490/2500] 78aac613-37da-46e8-9a92-4a40da3e9470: valid; 1.2 s; peak memory 10058 MiB.
2026-10-06T13:36:41Z INFO [2491/2500] 78ab0282-e54c-457f-a0bb-951dd3fb8920: valid; 1.9 s; peak memory 10062 MiB.
2026-10-06T13:36:54Z INFO [2492/2500] 78ab9710-7808-4913-9285-4fe08ca0e1a6: valid; 12.8 s; peak memory 10065 MiB.
2026-10-06T13:36:55Z INFO [2493/2500] 78ac33a4-6b34-410e-a870-828ff152ab91: valid; 1.2 s; peak memory 10065 MiB.
2026-10-06T13:36:57Z INFO [2494/2500] 78ac6243-3dc6-4002-8b2d-989f5e3d0c60: valid; 2.0 s; peak memory 10065 MiB.
2026-10-06T13:36:59Z INFO [2495/2500] 78ac8abd-af13-4956-9f91-08f5d7944461: valid; 2.3 s; peak memory 10065 MiB.
2026-10-06T13:37:00Z INFO [2496/2500] 78acd206-ba9f-48a5-840b-36e791ab9ef3: valid; 1.2 s; peak memory 10065 MiB.
2026-10-06T13:37:09Z INFO [2497/2500] 78acfca6-0877-4637-b94e-397639e8dc1c: valid; 9.0 s; peak memory 10065 MiB.
2026-10-06T13:37:12Z INFO [2498/2500] 78ad07fd-8fb6-42c7-ad97-8329eacd56bb: valid; 2.4 s; peak memory 10065 MiB.
2026-10-06T13:37:15Z INFO [2499/2500] 78ad4140-a0fd-4d85-9948-5b2175673367: valid; 2.8 s; peak memory 10065 MiB.
2026-10-06T13:37:16Z INFO [2500/2500] 78ad5091-844b-423a-9f76-f61868f2a405: not valid; 1.4 s; peak memory 10065 MiB.
2026-10-06T13:37:17Z INFO [2500/2500] 78ad5091-844b-423a-9f76-f61868f2a405: checkpointed 143510 records.
2026-10-06T13:37:18Z INFO Wrote 143510 records to /tmp/derivatives/content_id_to_valid_nwb_file.jsonl (2395 new, 105 failed) in 156.8 min (peak memory 10065 MiB).
