2026-10-10T16:03:56Z INFO Logging to /tmp/logs/update_2026-10-10T16-03-56Z.log.
2026-10-10T16:03:56Z INFO Update content-id-to-valid-nwb-file (base directory /tmp).
2026-10-10T16:04:00Z INFO Processing 1000 items (202010 already recorded).
2026-10-10T16:04:01Z INFO [1/1000] d1e1258b-1245-49a9-a095-7eeecb21a845: valid; 1.4 s; peak memory 488 MiB.
2026-10-10T16:04:02Z INFO [2/1000] d1e21ab1-e962-4508-a20a-54afecba33fe: valid; 1.5 s; peak memory 488 MiB.
2026-10-10T16:04:03Z INFO [3/1000] d1e22016-3962-4fb4-9912-a7d6eb0cd0f8: valid; 1.0 s; peak memory 488 MiB.
2026-10-10T16:04:27Z INFO [4/1000] d1e2d68f-42af-4484-833b-8eda6b871351: valid; 23.3 s; peak memory 488 MiB.
2026-10-10T16:04:28Z INFO [5/1000] d1e309bd-26ce-4d45-9e83-7bb2409887a8: valid; 1.5 s; peak memory 488 MiB.
2026-10-10T16:04:29Z INFO [6/1000] d1e35239-088d-4c28-8f76-ef6dcd168ac5: not valid; 0.6 s; peak memory 488 MiB.
2026-10-10T16:04:30Z INFO [7/1000] d1e3b713-b919-4677-a4c6-d668e2f3acf8: not valid; 1.0 s; peak memory 488 MiB.
2026-10-10T16:04:33Z INFO [8/1000] d1e3d131-b2f6-44c0-b16b-292eeb23c904: not valid; 3.3 s; peak memory 488 MiB.
2026-10-10T16:04:35Z INFO [9/1000] d1e3ea27-786c-4276-85ff-b0270b724c37: not valid; 1.5 s; peak memory 488 MiB.
2026-10-10T16:04:36Z INFO [10/1000] d1e464aa-eb33-4d08-b582-702448618aaf: valid; 1.8 s; peak memory 488 MiB.
2026-10-10T16:04:38Z INFO [11/1000] d1e4c434-d96a-4612-bf07-900f058dcfef: valid; 1.9 s; peak memory 488 MiB.
2026-10-10T16:04:39Z INFO [12/1000] d1e4ca3f-2f3a-4164-a9cf-1685844707e7: valid; 0.7 s; peak memory 488 MiB.
2026-10-10T16:04:41Z INFO [13/1000] d1e51eaf-12f2-40b7-abe2-d9ce0fb35c31: valid; 2.4 s; peak memory 488 MiB.
2026-10-10T16:05:00Z INFO [14/1000] d1e54ba8-b508-428b-b113-04b32988d455: not valid; 18.3 s; peak memory 488 MiB.
2026-10-10T16:05:05Z INFO [15/1000] d1e57c26-9219-490b-bc2c-1e304b475de4: valid; 5.4 s; peak memory 488 MiB.
2026-10-10T16:05:07Z WARNING d1e5ad57-d1af-4b94-9a23-9a2a1dfe562f: failed while opening the NWB file (ConstructError: (root/acquisition/_iblmic_audioSpectrogram/bands GroupBuilder {'attributes': {'colnames': array(['freq'], dtype=object), 'description': 'spectogram frequencies', 'namespace': 'core', 'neurodata_type': 'FrequencyBandsTable', 'object_id': '5807d66c-8ac2-4f30-8cf2-07254196756e'}, 'groups': {}, 'datasets': {'freq': root/acquisition/_iblmic_audioSpectrogram/bands/freq DatasetBuilder {'attributes': {'description': 'frequency value', 'namespace': 'hdmf-common', 'neurodata_type': 'VectorData', 'object_id': '1f2c1155-8ba8-4d9f-a8fe-18f565166838'}, 'data': <HDF5 dataset "freq": shape (257,), type "<f4">}, 'id': root/acquisition/_iblmic_audioSpectrogram/bands/id DatasetBuilder {'attributes': {'namespace': 'hdmf-common', 'neurodata_type': 'ElementIdentifiers', 'object_id': '824e6117-2683-45d3-8817-9b261d9280df'}, 'data': <HDF5 dataset "id": shape (257,), type "<i4">}}, 'links': {}}, "Could not construct FrequencyBandsTable object due to: column must have the same number of rows as 'id'"))
2026-10-10T16:05:08Z INFO [17/1000] d1e5ee6a-1b4d-404c-93eb-100ec5b5d78a: valid; 1.2 s; peak memory 641 MiB.
2026-10-10T16:05:09Z INFO [18/1000] d1e61ad0-64bd-42dc-80d2-3161cad09a6e: valid; 1.0 s; peak memory 641 MiB.
2026-10-10T16:05:21Z INFO [19/1000] d1e7d0ac-2d0c-4b4e-8dc1-12918e05ec9a: valid; 12.0 s; peak memory 641 MiB.
2026-10-10T16:05:21Z INFO [20/1000] d1e8197a-c8c1-4227-b7ad-6c4bfe4ba16a: valid; 0.6 s; peak memory 641 MiB.
2026-10-10T16:05:23Z INFO [21/1000] d1e8b9c8-4972-4f7a-a19f-2c8edd60ff3a: not valid; 1.7 s; peak memory 641 MiB.
2026-10-10T16:05:24Z INFO [22/1000] d1ea3c55-3dd6-4151-b9e4-c29b35069685: valid; 1.0 s; peak memory 641 MiB.
2026-10-10T16:05:25Z INFO [23/1000] d1eac181-7cc9-451d-90ca-831d6c7fe6f6: not valid; 1.0 s; peak memory 641 MiB.
2026-10-10T16:05:30Z INFO [24/1000] d1eac532-2345-4d5a-8105-2e7a2dee131e: valid; 5.5 s; peak memory 641 MiB.
2026-10-10T16:05:32Z INFO [25/1000] d1eb0ddc-9e37-45f9-8b30-0e8b43554ff1: not valid; 1.7 s; peak memory 641 MiB.
2026-10-10T16:05:34Z INFO [26/1000] d1eb42cd-3957-4320-ae7d-0d0f071f1206: valid; 1.8 s; peak memory 641 MiB.
2026-10-10T16:05:35Z INFO [27/1000] d1eb48c0-601f-4998-8046-51954d41bcf8: not valid; 1.0 s; peak memory 641 MiB.
2026-10-10T16:05:35Z WARNING d1eb865c-84a5-4096-92e3-4fb34595b2ff: failed while retrieving asset information from the DANDI API (NotFoundError: No asset at path 'sub-699462/sub-699462_ses-behavior-699462-2024-01-03-12-05-59.nwb' in version 0.260928.2230. Verify the path is correct and the asset exists in this version. Use 'dandi ls' to list available assets.)
2026-10-10T16:05:37Z INFO [29/1000] d1ebf847-2adb-4ee9-86ae-54a8834ca68c: not valid; 1.7 s; peak memory 641 MiB.
2026-10-10T16:05:43Z INFO [30/1000] d1ec1a53-bade-457a-aa40-5ec468d047bf: valid; 6.2 s; peak memory 641 MiB.
2026-10-10T16:05:44Z INFO [31/1000] d1ec2be9-6554-473e-bcbd-bced4e57b5a7: not valid; 0.8 s; peak memory 641 MiB.
2026-10-10T16:05:45Z INFO [32/1000] d1ecbf70-4cdb-4a35-be48-ffd0c55f745f: not valid; 0.9 s; peak memory 641 MiB.
2026-10-10T16:05:47Z INFO [33/1000] d1ed0624-bf02-4177-9901-c0c5e1f7ac4c: not valid; 2.5 s; peak memory 641 MiB.
2026-10-10T16:05:48Z INFO [34/1000] d1ed46d6-038b-4ec6-9dd9-e262ed95c711: valid; 0.7 s; peak memory 641 MiB.
2026-10-10T16:05:50Z INFO [35/1000] d1eeb55c-7e20-4269-9694-3b6e95da8e52: valid; 1.8 s; peak memory 641 MiB.
2026-10-10T16:05:51Z INFO [36/1000] d1f0291a-97c2-4994-b5b2-4d0704c5900d: valid; 1.4 s; peak memory 641 MiB.
2026-10-10T16:06:00Z INFO [37/1000] d1f0ccac-a35a-4b3f-9025-c0c07499e57c: valid; 8.9 s; peak memory 641 MiB.
2026-10-10T16:06:01Z INFO [38/1000] d1f11097-568d-4c1e-9c05-fad0ff5e1d81: valid; 0.6 s; peak memory 641 MiB.
2026-10-10T16:06:02Z WARNING d1f18da5-445e-4bf5-97bb-3c493aa5338d: failed while opening the NWB file (ConstructError: (root/acquisition/_iblmic_audioSpectrogram/bands GroupBuilder {'attributes': {'colnames': array(['freq'], dtype=object), 'description': 'spectogram frequencies', 'namespace': 'core', 'neurodata_type': 'FrequencyBandsTable', 'object_id': 'eed2b584-9264-4019-ad22-95162662cb25'}, 'groups': {}, 'datasets': {'freq': root/acquisition/_iblmic_audioSpectrogram/bands/freq DatasetBuilder {'attributes': {'description': 'frequency value', 'namespace': 'hdmf-common', 'neurodata_type': 'VectorData', 'object_id': '7f5037a2-4f26-4e4d-b041-0bf16d6c20b1'}, 'data': <HDF5 dataset "freq": shape (257,), type "<f4">}, 'id': root/acquisition/_iblmic_audioSpectrogram/bands/id DatasetBuilder {'attributes': {'namespace': 'hdmf-common', 'neurodata_type': 'ElementIdentifiers', 'object_id': '31186ad4-c646-48ac-942a-6afeb0eaee64'}, 'data': <HDF5 dataset "id": shape (257,), type "<i4">}}, 'links': {}}, "Could not construct FrequencyBandsTable object due to: column must have the same number of rows as 'id'"))
2026-10-10T16:06:04Z INFO [40/1000] d1f1e6e6-d353-437c-8112-68926209311f: valid; 1.8 s; peak memory 641 MiB.
2026-10-10T16:06:08Z INFO [41/1000] d1f225d1-c8e8-420a-b734-c6240dbbbce5: valid; 4.0 s; peak memory 641 MiB.
2026-10-10T16:06:09Z INFO [42/1000] d1f2ae87-a446-4cb6-ba46-c5d42da474f5: valid; 1.3 s; peak memory 641 MiB.
2026-10-10T16:06:11Z INFO [43/1000] d1f2d43c-d8c0-4bba-9fa1-222a1573aeb3: valid; 1.2 s; peak memory 641 MiB.
2026-10-10T16:07:44Z INFO [44/1000] d1f2fb0e-a100-4973-9ce9-9be5298f617a: valid; 93.1 s; peak memory 641 MiB.
2026-10-10T16:07:50Z INFO [45/1000] d1f36b41-5013-4b40-b448-fd8eeb99f78f: valid; 6.1 s; peak memory 641 MiB.
2026-10-10T16:07:54Z INFO [46/1000] d1f3801a-95d8-40a7-a2d1-d70b27e1698b: not valid; 3.9 s; peak memory 641 MiB.
2026-10-10T16:07:54Z INFO [47/1000] d1f39def-f7d9-4ecf-be44-4b71fc9f1f3e: valid; 0.7 s; peak memory 641 MiB.
2026-10-10T16:07:56Z INFO [48/1000] d1f442a7-6fd2-401b-902f-7edde942c1aa: not valid; 1.0 s; peak memory 641 MiB.
2026-10-10T16:08:03Z INFO [49/1000] d1f4505a-0281-4015-a362-7c2806b528f0: valid; 7.2 s; peak memory 641 MiB.
2026-10-10T16:08:07Z INFO [50/1000] d1f498be-750e-4b3e-b4ba-81e98d65cb32: valid; 3.8 s; peak memory 641 MiB.
2026-10-10T16:08:08Z INFO [50/1000] d1f498be-750e-4b3e-b4ba-81e98d65cb32: checkpointed 202060 new records.
2026-10-10T16:08:09Z INFO [51/1000] d1f49b9a-d19d-4f73-9740-b947ad847976: valid; 1.5 s; peak memory 641 MiB.
2026-10-10T16:08:10Z INFO [52/1000] d1f52649-6a10-4341-a471-a78a42569bae: not valid; 0.8 s; peak memory 641 MiB.
2026-10-10T16:08:11Z INFO [53/1000] d1f5482b-0ef0-4f89-8659-ef44277308a9: not valid; 0.7 s; peak memory 641 MiB.
2026-10-10T16:08:12Z INFO [54/1000] d1f55809-defa-453b-a3e9-da0f768863e2: valid; 1.2 s; peak memory 641 MiB.
2026-10-10T16:08:13Z INFO [55/1000] d1f561df-d034-4408-8261-644097679fa9: not valid; 1.0 s; peak memory 641 MiB.
2026-10-10T16:08:15Z INFO [56/1000] d1f618ff-8a8e-4439-a924-b9fbd028ae9a: valid; 1.4 s; peak memory 641 MiB.
2026-10-10T16:08:15Z INFO [57/1000] d1f794c0-54bd-4bcb-ad29-62a45762e62b: not valid; 1.0 s; peak memory 641 MiB.
2026-10-10T16:08:17Z INFO [58/1000] d1f7da73-65b6-4f9e-841d-fc6fa1855995: not valid; 1.2 s; peak memory 641 MiB.
2026-10-10T16:08:17Z INFO [59/1000] d1f7e732-1e6d-458e-9c31-3e5e65a65c22: valid; 0.8 s; peak memory 641 MiB.
2026-10-10T16:08:19Z INFO [60/1000] d1f8008e-6d0a-4a48-a090-43f446cd65a9: valid; 1.3 s; peak memory 641 MiB.
2026-10-10T16:08:23Z INFO [61/1000] d1f89314-27cb-42cc-84a1-9bd7d665d3e3: valid; 3.7 s; peak memory 641 MiB.
2026-10-10T16:08:31Z INFO [62/1000] d1f96f86-efc6-400e-8d31-3cc68a9fbaf3: not valid; 8.5 s; peak memory 641 MiB.
2026-10-10T16:08:48Z INFO [63/1000] d1fa05cb-e4f6-42d1-b5a8-f37601914ce2: valid; 17.3 s; peak memory 641 MiB.
2026-10-10T16:08:51Z INFO [64/1000] d1fa8e2b-3fa2-4aea-8f2a-bac94e5c5c4a: not valid; 3.2 s; peak memory 641 MiB.
2026-10-10T16:08:52Z WARNING d1fbd64f-dde7-40d7-ba29-2c469bcd6d5d: failed while retrieving asset information from the DANDI API (NotFoundError: No asset at path 'sub-456774/sub-456774_ses-20191023T142402_behavior+ecephys+ogen.nwb' in version 0.231012.2129. Verify the path is correct and the asset exists in this version. Use 'dandi ls' to list available assets.)
2026-10-10T16:08:58Z INFO [66/1000] d1fcb79e-39ce-4bdb-9b4a-375cce5c33a7: valid; 6.6 s; peak memory 641 MiB.
2026-10-10T16:09:11Z INFO [67/1000] d1fcff2e-e1e1-4940-8a4e-f6cfb6298669: valid; 13.0 s; peak memory 641 MiB.
2026-10-10T16:09:14Z INFO [68/1000] d1fd582c-1b0e-498c-ad94-6beee50243aa: valid; 2.6 s; peak memory 641 MiB.
2026-10-10T16:09:15Z INFO [69/1000] d1fd73fd-9ddc-4564-9c27-79603ef98ebd: valid; 1.5 s; peak memory 641 MiB.
2026-10-10T16:09:16Z INFO [70/1000] d1fda33b-be68-48ba-93d4-7f90d01e2b36: not valid; 0.5 s; peak memory 641 MiB.
2026-10-10T16:09:20Z INFO [71/1000] d1fdc7ff-5365-48dd-95d6-a3dfd329d8be: valid; 4.6 s; peak memory 641 MiB.
2026-10-10T16:09:22Z INFO [72/1000] d1fe3ff6-2377-4100-8bb9-1e07dcdf1378: not valid; 1.0 s; peak memory 641 MiB.
2026-10-10T16:09:23Z INFO [73/1000] d1fe4629-4df1-44c1-91b8-521622ee4eb4: not valid; 1.1 s; peak memory 641 MiB.
2026-10-10T16:09:23Z INFO [74/1000] d1fea92b-2a20-4f5a-9291-161c7cd8e518: valid; 0.7 s; peak memory 641 MiB.
2026-10-10T16:09:24Z INFO [75/1000] d1feff1e-7b35-415f-a2c9-d673adb5fbf0: valid; 0.8 s; peak memory 641 MiB.
2026-10-10T16:09:25Z INFO [76/1000] d1ff0ea3-ef44-457b-b477-420dac158851: valid; 1.2 s; peak memory 641 MiB.
2026-10-10T16:09:27Z INFO [77/1000] d1ff19bf-218e-4be8-ac0a-139b974d6923: valid; 1.7 s; peak memory 641 MiB.
2026-10-10T16:09:28Z INFO [78/1000] d20029df-6b5b-4b99-886d-dfd5e4d1d99f: valid; 0.7 s; peak memory 641 MiB.
2026-10-10T16:09:28Z INFO [79/1000] d2007324-81c8-46ea-be7d-7ad0b929468f: valid; 0.7 s; peak memory 641 MiB.
2026-10-10T16:09:29Z INFO [80/1000] d2010409-a5e9-4d45-84d1-c51bf238ee56: valid; 0.5 s; peak memory 641 MiB.
2026-10-10T16:09:30Z INFO [81/1000] d201bb28-b1f6-415d-ac26-5087ff9781d6: valid; 1.4 s; peak memory 641 MiB.
2026-10-10T16:09:32Z WARNING d2025177-a298-4bea-a565-dbfae00a2b83: failed while opening the NWB file (ConstructError: (root/general/optogenetics/PatternedOptogeneticStimulusSite GroupBuilder {'attributes': {'effector': 'GUR-3/PRDX-2', 'namespace': 'ndx-patterned-ogen', 'neurodata_type': 'PatternedOptogeneticStimulusSite', 'object_id': '3ed75417-21b9-4661-ac40-e618e93247bc'}, 'groups': {}, 'datasets': {'description': root/general/optogenetics/PatternedOptogeneticStimulusSite/description DatasetBuilder {'attributes': {}, 'data': 'Scanning'}, 'excitation_lambda': root/general/optogenetics/PatternedOptogeneticStimulusSite/excitation_lambda DatasetBuilder {'attributes': {}, 'data': np.float64(850.0)}, 'location': root/general/optogenetics/PatternedOptogeneticStimulusSite/location DatasetBuilder {'attributes': {}, 'data': 'whole brain'}}, 'links': {'device': root/general/optogenetics/PatternedOptogeneticStimulusSite/device LinkBuilder {'builder': root/general/devices/OptogeneticDevice GroupBuilder {'attributes': {'description': '', 'namespace': 'core', 'neurodata_type': 'Device', 'object_id': '55c9c192-6c46-4f23-8812-e42acf9afdea'}, 'groups': {}, 'datasets': {}, 'links': {}}}, 'light_source': root/general/optogenetics/PatternedOptogeneticStimulusSite/light_source LinkBuilder {'builder': root/general/devices/AmplifiedLaser GroupBuilder {'attributes': {'description': 'For two-photon optogenetic targeting, we used an optical parametric amplifier (OPA; Light Conversion ORPHEUS) pumped by a femtosecond amplified laser (Light Conversion PHAROS).', 'filter_description': 'Short pass at 1040 nm', 'manufacturer': 'Light Conversion', 'model': 'ORPHEUS amplifier and PHAROS laser', 'namespace': 'ndx-patterned-ogen', 'neurodata_type': 'LightSource', 'object_id': 'c0e1b1d9-1bc5-47ae-b575-d565bf39a42b', 'peak_power_in_W': np.float64(0.0012), 'pulse_rate_in_Hz': np.float64(500000.0), 'stimulation_wavelength_in_nm': np.float64(850.0)}, 'groups': {}, 'datasets': {}, 'links': {}}}}}, "Could not construct PatternedOptogeneticStimulusSite object due to: CustomClassGenerator.set_init.<locals>.__init__: incorrect type for 'spatial_light_modulator' (got 'list', expected 'Device')"))
2026-10-10T16:09:34Z INFO [83/1000] d2028e74-dbc6-4d6d-a94a-ea3011cc52d7: not valid; 1.6 s; peak memory 643 MiB.
2026-10-10T16:09:35Z INFO [84/1000] d20372c7-6a5b-4c34-8bcd-8a297c642112: valid; 0.7 s; peak memory 643 MiB.
2026-10-10T16:09:35Z INFO [85/1000] d2039735-8d5f-46a8-807b-ea86ed64d1fd: valid; 0.7 s; peak memory 643 MiB.
2026-10-10T16:09:37Z INFO [86/1000] d203c8ac-a0af-4442-9309-3b196e7e5918: valid; 1.4 s; peak memory 643 MiB.
2026-10-10T16:09:38Z INFO [87/1000] d203e598-4fe3-42c5-8d8d-8a30fe0e6c0c: valid; 1.1 s; peak memory 643 MiB.
2026-10-10T16:09:38Z INFO [88/1000] d203ee56-3643-4907-bade-0414cf5179de: valid; 0.6 s; peak memory 643 MiB.
2026-10-10T16:09:39Z INFO [89/1000] d20468b1-690e-430e-9b5d-aa5124f23f7a: valid; 1.1 s; peak memory 643 MiB.
2026-10-10T16:09:40Z INFO [90/1000] d2049534-04f9-4121-978b-2fcfb8fddd88: valid; 0.6 s; peak memory 643 MiB.
2026-10-10T16:09:43Z INFO [91/1000] d204a23d-ede2-4c19-bec0-960a6622e35f: valid; 3.3 s; peak memory 643 MiB.
2026-10-10T16:09:44Z INFO [92/1000] d204e255-5638-4480-b79e-5293879739f0: valid; 1.1 s; peak memory 643 MiB.
2026-10-10T16:09:47Z INFO [93/1000] d2054cc6-e5b8-457a-b639-a8ffc106d629: not valid; 2.8 s; peak memory 643 MiB.
2026-10-10T16:09:48Z INFO [94/1000] d2056f11-93b5-45e5-8204-15ab6bd09d1e: not valid; 1.0 s; peak memory 643 MiB.
2026-10-10T16:09:50Z INFO [95/1000] d2062d24-6470-47f0-b504-106ebade3920: valid; 1.8 s; peak memory 643 MiB.
2026-10-10T16:09:53Z INFO [96/1000] d206684e-13ec-439b-8b8f-0ff58aa4da67: valid; 2.9 s; peak memory 643 MiB.
2026-10-10T16:09:56Z INFO [97/1000] d2071244-59b7-4c99-9d9a-ec0c8e8ff6ec: valid; 3.2 s; peak memory 643 MiB.
2026-10-10T16:09:59Z WARNING d20739d0-d89c-42e1-9e74-85d06952bb2a: failed while opening the NWB file (ConstructError: (root/acquisition/_iblmic_audioSpectrogram/bands GroupBuilder {'attributes': {'colnames': array(['freq'], dtype=object), 'description': 'spectogram frequencies', 'namespace': 'core', 'neurodata_type': 'FrequencyBandsTable', 'object_id': 'bba35826-35bb-49d5-8a66-83f9ade5f60e'}, 'groups': {}, 'datasets': {'freq': root/acquisition/_iblmic_audioSpectrogram/bands/freq DatasetBuilder {'attributes': {'description': 'frequency value', 'namespace': 'hdmf-common', 'neurodata_type': 'VectorData', 'object_id': '70a7f9d1-0623-4f12-b0ad-6b095d0372ae'}, 'data': <HDF5 dataset "freq": shape (257,), type "<f4">}, 'id': root/acquisition/_iblmic_audioSpectrogram/bands/id DatasetBuilder {'attributes': {'namespace': 'hdmf-common', 'neurodata_type': 'ElementIdentifiers', 'object_id': '6bcd1461-7205-4088-b387-5ce466a44588'}, 'data': <HDF5 dataset "id": shape (257,), type "<i4">}}, 'links': {}}, "Could not construct FrequencyBandsTable object due to: column must have the same number of rows as 'id'"))
2026-10-10T16:10:00Z WARNING d207aa12-55b4-4dcb-8d45-32696ab9eca8: failed while opening the NWB file (ConstructError: (root/acquisition/_iblmic_audioSpectrogram/bands GroupBuilder {'attributes': {'colnames': array(['freq'], dtype=object), 'description': 'spectogram frequencies', 'namespace': 'core', 'neurodata_type': 'FrequencyBandsTable', 'object_id': '11aa27d9-4fa4-461b-b546-86372b7488c0'}, 'groups': {}, 'datasets': {'freq': root/acquisition/_iblmic_audioSpectrogram/bands/freq DatasetBuilder {'attributes': {'description': 'frequency value', 'namespace': 'hdmf-common', 'neurodata_type': 'VectorData', 'object_id': 'ec0c6fd0-cfc4-4a69-9dd9-bcd5869c36b8'}, 'data': <HDF5 dataset "freq": shape (257,), type "<f4">}, 'id': root/acquisition/_iblmic_audioSpectrogram/bands/id DatasetBuilder {'attributes': {'namespace': 'hdmf-common', 'neurodata_type': 'ElementIdentifiers', 'object_id': '3d65ae05-620d-4400-bbb7-735b75917961'}, 'data': <HDF5 dataset "id": shape (257,), type "<i4">}}, 'links': {}}, "Could not construct FrequencyBandsTable object due to: column must have the same number of rows as 'id'"))
2026-10-10T16:10:11Z INFO [100/1000] d207e78d-a912-4770-8d97-87cf4bb038cc: valid; 11.2 s; peak memory 643 MiB.
2026-10-10T16:10:12Z INFO [100/1000] d207e78d-a912-4770-8d97-87cf4bb038cc: checkpointed 202110 new records.
2026-10-10T16:10:15Z INFO [101/1000] d207f5af-e33c-43be-b6e2-c38aba0892f2: not valid; 2.7 s; peak memory 643 MiB.
2026-10-10T16:10:16Z INFO [102/1000] d2081f1a-e0ca-45a9-92a6-f0d55c842e3b: valid; 0.7 s; peak memory 643 MiB.
2026-10-10T16:10:18Z INFO [103/1000] d20888fc-9aca-40a1-8a04-2a45e39ca0c7: not valid; 2.2 s; peak memory 643 MiB.
2026-10-10T16:10:18Z WARNING d2091dbb-1ea8-4b69-a642-93ec51f94703: failed while retrieving asset information from the DANDI API (NotFoundError: No such Dandiset: 001533)
2026-10-10T16:10:20Z INFO [105/1000] d2096285-320d-46ba-9b11-b1bf8fdc3df4: valid; 1.9 s; peak memory 643 MiB.
2026-10-10T16:10:21Z INFO [106/1000] d209a1f0-717c-4ded-bb8f-ec03003f3f53: not valid; 0.8 s; peak memory 643 MiB.
2026-10-10T16:10:21Z INFO [107/1000] d209fb83-16ba-43e1-b776-88b5357d21ab: valid; 0.7 s; peak memory 643 MiB.
2026-10-10T16:10:23Z INFO [108/1000] d20a112d-67c8-4e9b-a7e2-ce29cb302d2b: valid; 1.2 s; peak memory 643 MiB.
2026-10-10T16:10:25Z INFO [109/1000] d20a1133-abce-4f08-8821-ba090b784980: valid; 2.0 s; peak memory 643 MiB.
2026-10-10T16:10:25Z INFO [110/1000] d20b411f-ffcd-45da-b2ad-5de88617d83c: valid; 0.7 s; peak memory 643 MiB.
2026-10-10T16:10:27Z INFO [111/1000] d20b570f-44a2-4036-9d93-84f88f6185ec: not valid; 1.3 s; peak memory 643 MiB.
2026-10-10T16:10:43Z INFO [112/1000] d20b8ee7-eeb8-4d9c-950f-c77fe08a3eb9: valid; 15.9 s; peak memory 643 MiB.
2026-10-10T16:10:44Z INFO [113/1000] d20c7645-d291-447e-b5e0-28dce1c7a8fa: not valid; 1.5 s; peak memory 643 MiB.
2026-10-10T16:10:46Z INFO [114/1000] d20c8995-52b7-4292-8547-50d4a246cfcd: valid; 2.2 s; peak memory 643 MiB.
2026-10-10T16:10:48Z INFO [115/1000] d20d848e-d437-475d-9e5e-979daeaefaf7: valid; 1.4 s; peak memory 643 MiB.
2026-10-10T16:10:49Z INFO [116/1000] d20e511d-99a7-468f-bb29-21a9b34e084f: valid; 1.2 s; peak memory 643 MiB.
2026-10-10T16:10:50Z INFO [117/1000] d20f1df1-fe8f-41cf-9e5c-81b5714515e0: valid; 0.7 s; peak memory 643 MiB.
2026-10-10T16:10:51Z INFO [118/1000] d20fa5a7-f0ba-4a6a-8778-90157e5f42e8: valid; 2.0 s; peak memory 643 MiB.
2026-10-10T16:10:56Z INFO [119/1000] d20ff537-bff7-4be1-9b59-2f38a6acb518: valid; 4.5 s; peak memory 643 MiB.
2026-10-10T16:10:57Z INFO [120/1000] d210932c-4d95-4be3-aba8-0aecc3407be0: not valid; 0.9 s; peak memory 643 MiB.
2026-10-10T16:10:58Z INFO [121/1000] d2109406-bbdc-4029-8eda-3434bd880bb3: valid; 1.6 s; peak memory 643 MiB.
2026-10-10T16:11:00Z WARNING d2111246-445a-4d73-a01a-329d06793296: failed while opening the NWB file (ConstructError: (root/acquisition/_iblmic_audioSpectrogram/bands GroupBuilder {'attributes': {'colnames': array(['freq'], dtype=object), 'description': 'spectogram frequencies', 'namespace': 'core', 'neurodata_type': 'FrequencyBandsTable', 'object_id': '95b2cd11-9b1c-46fe-b9ab-f98e51f982d7'}, 'groups': {}, 'datasets': {'freq': root/acquisition/_iblmic_audioSpectrogram/bands/freq DatasetBuilder {'attributes': {'description': 'frequency value', 'namespace': 'hdmf-common', 'neurodata_type': 'VectorData', 'object_id': 'e1143bbd-d591-4f7b-bded-ff5e2ce69e09'}, 'data': <HDF5 dataset "freq": shape (257,), type "<f4">}, 'id': root/acquisition/_iblmic_audioSpectrogram/bands/id DatasetBuilder {'attributes': {'namespace': 'hdmf-common', 'neurodata_type': 'ElementIdentifiers', 'object_id': '6cf26612-7b1e-4aa9-ac06-cfb15d4e1b08'}, 'data': <HDF5 dataset "id": shape (257,), type "<i4">}}, 'links': {}}, "Could not construct FrequencyBandsTable object due to: column must have the same number of rows as 'id'"))
2026-10-10T16:11:01Z INFO [123/1000] d211b7ab-465d-412c-8086-23cb811bd2c9: valid; 1.5 s; peak memory 644 MiB.
2026-10-10T16:11:03Z INFO [124/1000] d211f64c-2e4a-4226-988f-a45b0d07dfac: not valid; 1.9 s; peak memory 644 MiB.
2026-10-10T16:11:04Z INFO [125/1000] d212db96-d2d7-46c3-95b0-7eec8884cf5e: valid; 0.9 s; peak memory 644 MiB.
2026-10-10T16:11:05Z WARNING d213e947-9d48-4127-b292-33096f47b799: failed while opening the NWB file (ConstructError: (root/acquisition/_iblmic_audioSpectrogram/bands GroupBuilder {'attributes': {'colnames': array(['freq'], dtype=object), 'description': 'spectogram frequencies', 'namespace': 'core', 'neurodata_type': 'FrequencyBandsTable', 'object_id': 'fef06316-48c0-491c-9454-17d76c70383a'}, 'groups': {}, 'datasets': {'freq': root/acquisition/_iblmic_audioSpectrogram/bands/freq DatasetBuilder {'attributes': {'description': 'frequency value', 'namespace': 'hdmf-common', 'neurodata_type': 'VectorData', 'object_id': '0356cf62-ecd2-45bf-be39-63a771aa9ca4'}, 'data': <HDF5 dataset "freq": shape (257,), type "<f4">}, 'id': root/acquisition/_iblmic_audioSpectrogram/bands/id DatasetBuilder {'attributes': {'namespace': 'hdmf-common', 'neurodata_type': 'ElementIdentifiers', 'object_id': 'd765a7ec-63d6-42fa-9fe2-3efc65aaeb99'}, 'data': <HDF5 dataset "id": shape (257,), type "<i4">}}, 'links': {}}, "Could not construct FrequencyBandsTable object due to: column must have the same number of rows as 'id'"))
2026-10-10T16:11:06Z INFO [127/1000] d21473aa-b497-4b16-ae73-6eacde1b9c34: valid; 0.6 s; peak memory 644 MiB.
2026-10-10T16:11:07Z INFO [128/1000] d214a231-dbb8-4cbe-adb8-e141a3679e98: valid; 0.7 s; peak memory 644 MiB.
2026-10-10T16:11:08Z INFO [129/1000] d21518f7-5242-47eb-a5c6-9610b8e0cb04: valid; 1.6 s; peak memory 644 MiB.
2026-10-10T16:11:09Z INFO [130/1000] d215a75a-564b-4f77-97b4-61d7ca9d6c94: valid; 1.1 s; peak memory 644 MiB.
2026-10-10T16:11:11Z INFO [131/1000] d21698a8-7335-4d70-bd55-aa049eae39dd: valid; 1.4 s; peak memory 644 MiB.
2026-10-10T16:11:12Z INFO [132/1000] d216b89c-53e9-421e-b914-124e86da74b3: not valid; 0.9 s; peak memory 644 MiB.
2026-10-10T16:11:38Z INFO [133/1000] d217380d-9966-4275-bc27-26bcaa4ec2ba: valid; 26.6 s; peak memory 644 MiB.
2026-10-10T16:11:39Z INFO [134/1000] d2178031-fb03-4832-b087-4a6305bbc6bb: valid; 1.0 s; peak memory 644 MiB.
2026-10-10T16:11:46Z INFO [135/1000] d218037e-0e9b-4885-8b9b-9bd68bfeeaba: valid; 6.7 s; peak memory 644 MiB.
2026-10-10T16:11:47Z INFO [136/1000] d2180827-fd2e-48ee-9539-b008bdeeed81: valid; 0.8 s; peak memory 644 MiB.
2026-10-10T16:11:49Z INFO [137/1000] d2182b6d-59be-4067-adc9-662341c9121f: valid; 2.2 s; peak memory 644 MiB.
2026-10-10T16:11:50Z INFO [138/1000] d2183fff-f22e-41d6-90fc-215af9223e3c: valid; 1.2 s; peak memory 644 MiB.
2026-10-10T16:11:51Z INFO [139/1000] d2185931-7cb4-489e-8fb2-cabcd0f73acd: not valid; 0.9 s; peak memory 644 MiB.
2026-10-10T16:11:52Z INFO [140/1000] d2193977-3cde-428f-93ce-7142303ea531: valid; 1.4 s; peak memory 644 MiB.
2026-10-10T16:11:53Z INFO [141/1000] d219c877-4a1a-4ee2-a151-832d23e2d36d: valid; 0.7 s; peak memory 644 MiB.
2026-10-10T16:11:54Z INFO [142/1000] d219e499-84dc-4352-9cdf-99d18063a675: not valid; 0.9 s; peak memory 644 MiB.
2026-10-10T16:11:56Z INFO [143/1000] d219ffa7-d6a7-469f-970c-f909478fd949: valid; 2.2 s; peak memory 644 MiB.
2026-10-10T16:11:57Z INFO [144/1000] d21a2272-dd34-488a-bbd2-5c741ceebebf: not valid; 1.3 s; peak memory 644 MiB.
2026-10-10T16:11:59Z INFO [145/1000] d21a80d8-eb60-431b-a4ac-fa6abaecff64: valid; 1.7 s; peak memory 644 MiB.
2026-10-10T16:12:00Z INFO [146/1000] d21ad715-7f76-46e7-a4be-ad0a779bea21: valid; 0.7 s; peak memory 644 MiB.
2026-10-10T16:12:01Z INFO [147/1000] d21b8ab6-33f4-493a-8e51-b6682cab64d8: valid; 1.2 s; peak memory 644 MiB.
2026-10-10T16:12:02Z INFO [148/1000] d21bc69b-d167-45b6-9c01-5a70b97a5dd0: valid; 0.5 s; peak memory 644 MiB.
2026-10-10T16:12:09Z INFO [149/1000] d21c3140-1532-41ec-ab2a-c82fc7806265: valid; 7.7 s; peak memory 644 MiB.
2026-10-10T16:12:10Z INFO [150/1000] d21c43b9-3868-4149-b89a-42ebfcc6e642: valid; 1.1 s; peak memory 644 MiB.
2026-10-10T16:12:12Z INFO [150/1000] d21c43b9-3868-4149-b89a-42ebfcc6e642: checkpointed 202160 new records.
2026-10-10T16:12:13Z INFO [151/1000] d21ca324-7497-4c49-a80e-214cc09803b3: valid; 0.9 s; peak memory 644 MiB.
2026-10-10T16:12:14Z INFO [152/1000] d21caf3a-29ff-44cd-9368-85680fd3d996: valid; 1.5 s; peak memory 644 MiB.
2026-10-10T16:12:15Z INFO [153/1000] d21d0532-db5a-4fb9-a0bf-55e90fb1f111: not valid; 1.2 s; peak memory 644 MiB.
2026-10-10T16:12:17Z INFO [154/1000] d21e5531-25bc-4751-b33c-cf3062ed443b: valid; 1.3 s; peak memory 644 MiB.
2026-10-10T16:12:18Z INFO [155/1000] d21e973f-4ccc-4814-bd82-3035e74afdc7: valid; 1.3 s; peak memory 644 MiB.
2026-10-10T16:12:20Z INFO [156/1000] d21ea3d5-c078-4702-906f-816dbd1d2745: valid; 1.8 s; peak memory 644 MiB.
2026-10-10T16:12:24Z INFO [157/1000] d21eb37c-e774-4e64-9f31-2748486a9f2f: valid; 4.6 s; peak memory 644 MiB.
2026-10-10T16:12:26Z INFO [158/1000] d21ecd8a-1875-4295-9f09-703e550ec08b: valid; 1.9 s; peak memory 644 MiB.
2026-10-10T16:12:26Z WARNING d21f9b50-c08c-4ca3-9269-c0026ca68c59: failed while retrieving asset information from the DANDI API (NotFoundError: No such Dandiset: 001533)
2026-10-10T16:12:27Z INFO [160/1000] d220026c-706b-4819-a8f2-ea573c91b530: valid; 1.1 s; peak memory 644 MiB.
2026-10-10T16:12:29Z INFO [161/1000] d2213215-0e12-4d28-a117-53d7c551a99c: valid; 1.1 s; peak memory 644 MiB.
2026-10-10T16:12:29Z INFO [162/1000] d221adbb-5124-4ad4-a931-943ea8ebda2d: valid; 0.8 s; peak memory 644 MiB.
2026-10-10T16:12:30Z INFO [163/1000] d221bdda-af25-4a5c-9306-001945563627: valid; 1.1 s; peak memory 644 MiB.
2026-10-10T16:12:49Z INFO [164/1000] d221d53f-bee9-4505-96c5-64c138f4aa11: not valid; 18.6 s; peak memory 644 MiB.
2026-10-10T16:12:50Z INFO [165/1000] d2223b58-faa7-48e5-9717-0ef9519a6960: valid; 1.4 s; peak memory 644 MiB.
2026-10-10T16:12:53Z INFO [166/1000] d222e1c6-c529-4ac8-8695-59145fae6931: not valid; 2.3 s; peak memory 644 MiB.
2026-10-10T16:12:54Z INFO [167/1000] d2237b52-692d-4c0e-bb49-3076c8d881d3: not valid; 1.1 s; peak memory 644 MiB.
2026-10-10T16:12:55Z INFO [168/1000] d2238bce-d2a9-4200-b5a3-d0280b5a2b62: not valid; 1.4 s; peak memory 644 MiB.
2026-10-10T16:12:57Z INFO [169/1000] d223fa67-0944-4c5f-8743-da03bb261340: valid; 1.4 s; peak memory 644 MiB.
2026-10-10T16:12:57Z INFO [170/1000] d2241203-863e-4913-bdfa-3049da8248d4: valid; 0.8 s; peak memory 644 MiB.
2026-10-10T16:13:02Z INFO [171/1000] d224449d-2b97-471c-b26b-72004ba500eb: valid; 5.0 s; peak memory 644 MiB.
2026-10-10T16:13:03Z INFO [172/1000] d22562c3-39d2-4775-b971-051a5c972a8d: not valid; 0.8 s; peak memory 644 MiB.
2026-10-10T16:13:05Z INFO [173/1000] d22635d9-a235-4a78-a0b3-e1935e14e405: valid; 2.2 s; peak memory 644 MiB.
2026-10-10T16:13:06Z INFO [174/1000] d2267bc8-aa5c-4364-8e25-7f769c27bd29: not valid; 1.2 s; peak memory 644 MiB.
2026-10-10T16:13:08Z INFO [175/1000] d2268608-cb82-4b46-9ac2-c4efc37e119f: valid; 1.3 s; peak memory 644 MiB.
2026-10-10T16:13:16Z INFO [176/1000] d2274b20-548c-414a-b638-a26d5a8bb90c: valid; 8.8 s; peak memory 644 MiB.
2026-10-10T16:13:56Z INFO [177/1000] d2278ef5-95d2-4288-84c5-01fbd96055da: valid; 39.4 s; peak memory 644 MiB.
2026-10-10T16:13:57Z INFO [178/1000] d2279947-d2a6-440b-bf32-61433a9ff8ce: valid; 1.3 s; peak memory 644 MiB.
2026-10-10T16:13:58Z INFO [179/1000] d227a93d-caea-457d-9ddb-dae7b3949020: valid; 1.1 s; peak memory 644 MiB.
2026-10-10T16:13:59Z INFO [180/1000] d227b611-bbd8-49ac-8504-debc89974076: valid; 0.6 s; peak memory 644 MiB.
2026-10-10T16:14:00Z INFO [181/1000] d227d4c1-984b-49ed-a6f0-5ec3ad99a891: valid; 0.8 s; peak memory 644 MiB.
2026-10-10T16:14:05Z INFO [182/1000] d227f022-5d21-4968-836a-fe9348b3d0ce: valid; 5.7 s; peak memory 644 MiB.
2026-10-10T16:14:07Z INFO [183/1000] d22859b9-e3ea-4a00-b0ac-f37df7cc5944: valid; 1.8 s; peak memory 644 MiB.
2026-10-10T16:15:19Z INFO [184/1000] d2286738-e2f7-4b45-89ba-5169436d7c8d: valid; 71.5 s; peak memory 644 MiB.
2026-10-10T16:15:20Z INFO [185/1000] d229205e-75d9-4ace-b022-33119aee9127: not valid; 1.4 s; peak memory 644 MiB.
2026-10-10T16:15:23Z INFO [186/1000] d229561e-7b63-41d7-bf47-172ed4114e24: valid; 2.5 s; peak memory 644 MiB.
2026-10-10T16:15:24Z INFO [187/1000] d229fda5-e57e-40bb-89fe-ce6ab5ec706a: not valid; 1.2 s; peak memory 644 MiB.
2026-10-10T16:15:30Z INFO [188/1000] d22a9d19-ad10-48f6-bdf5-1235d9e6adf2: valid; 6.1 s; peak memory 644 MiB.
2026-10-10T16:15:32Z INFO [189/1000] d22b2527-8f67-4a7a-8592-4d4cc4f042fe: valid; 1.8 s; peak memory 644 MiB.
2026-10-10T16:15:33Z INFO [190/1000] d22bc663-a86a-46ed-824c-429535b489fb: valid; 1.0 s; peak memory 644 MiB.
2026-10-10T16:15:34Z INFO [191/1000] d22bdd9d-ef39-4b9f-b68e-3c4d4b927271: valid; 1.0 s; peak memory 644 MiB.
2026-10-10T16:15:35Z INFO [192/1000] d22c0e1d-0a18-4441-a6b6-882da25a6406: valid; 1.2 s; peak memory 644 MiB.
2026-10-10T16:15:36Z INFO [193/1000] d22c541b-cdd1-44b5-996a-bdf056058441: valid; 1.2 s; peak memory 644 MiB.
2026-10-10T16:15:37Z INFO [194/1000] d22d3bc4-9729-4f75-9de6-58f1c52d23a2: valid; 0.7 s; peak memory 644 MiB.
2026-10-10T16:15:38Z INFO [195/1000] d22d3f62-b8e8-477a-ba7c-8ea3d0a8a18e: not valid; 1.0 s; peak memory 644 MiB.
2026-10-10T16:15:39Z INFO [196/1000] d22de155-c4e5-4675-b366-aedbf6a00b24: not valid; 1.0 s; peak memory 644 MiB.
2026-10-10T16:15:39Z INFO [197/1000] d22e540a-b444-426f-815e-ef31f04bfdef: valid; 0.5 s; peak memory 644 MiB.
2026-10-10T16:15:40Z INFO [198/1000] d22ebd1f-b7a3-4f06-8065-a0675ecfe378: valid; 0.4 s; peak memory 644 MiB.
2026-10-10T16:15:41Z INFO [199/1000] d22ed7b7-e540-4f32-8951-3667c88fc1e1: not valid; 1.2 s; peak memory 644 MiB.
2026-10-10T16:15:42Z INFO [200/1000] d22f0d65-12b1-443e-88b4-db16ac2009bc: not valid; 0.9 s; peak memory 644 MiB.
2026-10-10T16:15:43Z INFO [200/1000] d22f0d65-12b1-443e-88b4-db16ac2009bc: checkpointed 202210 new records.
2026-10-10T16:15:44Z INFO [201/1000] d22f5b69-5d5b-4b94-b2c4-6be4b9f067b2: not valid; 0.7 s; peak memory 644 MiB.
2026-10-10T16:15:45Z INFO [202/1000] d22f8a3d-d57b-46a8-94da-196b3692e1b7: valid; 1.4 s; peak memory 644 MiB.
2026-10-10T16:15:47Z INFO [203/1000] d22fa338-57ec-47b9-bdec-9f3102c3d871: valid; 1.8 s; peak memory 644 MiB.
2026-10-10T16:15:55Z INFO [204/1000] d2305442-4c3c-4db4-a09d-489de64524dc: valid; 7.3 s; peak memory 644 MiB.
2026-10-10T16:15:56Z INFO [205/1000] d230ab1d-17db-42ea-9ea2-c0d3f67e5d5b: valid; 1.0 s; peak memory 644 MiB.
2026-10-10T16:15:56Z INFO [206/1000] d2312ec8-41d0-4d2a-bff2-4372187f29bc: valid; 0.8 s; peak memory 644 MiB.
2026-10-10T16:15:57Z INFO [207/1000] d231394f-0014-42fd-bde3-27cb45b79722: valid; 0.7 s; peak memory 644 MiB.
2026-10-10T16:15:59Z INFO [208/1000] d231476c-5df2-409a-90e4-f944b898d96c: valid; 2.1 s; peak memory 644 MiB.
2026-10-10T16:16:00Z INFO [209/1000] d2322dd0-6499-4ceb-8f30-be01f69ddf43: valid; 1.0 s; peak memory 644 MiB.
2026-10-10T16:16:01Z INFO [210/1000] d23266c6-a485-4d7d-832a-431d5e42020e: valid; 1.1 s; peak memory 644 MiB.
2026-10-10T16:16:04Z INFO [211/1000] d2328380-6f1f-411a-825b-77f3dd7a7778: valid; 3.0 s; peak memory 644 MiB.
2026-10-10T16:16:05Z INFO [212/1000] d232c34b-d382-42c1-8f3b-cf31e852abf0: valid; 0.7 s; peak memory 644 MiB.
2026-10-10T16:16:06Z INFO [213/1000] d232d4e4-1be9-4cd0-9595-ff8b247352c2: valid; 1.2 s; peak memory 644 MiB.
2026-10-10T16:16:07Z INFO [214/1000] d232f0da-5586-4b82-8b6b-e59586686f98: valid; 1.2 s; peak memory 644 MiB.
2026-10-10T16:16:09Z INFO [215/1000] d23372e2-e035-4e92-a390-66809c03682c: valid; 1.8 s; peak memory 644 MiB.
2026-10-10T16:16:10Z INFO [216/1000] d233bc44-2d76-4326-a71b-c3ab49a5bcc3: valid; 0.7 s; peak memory 644 MiB.
2026-10-10T16:16:10Z INFO [217/1000] d233cdeb-a6dd-45b8-b6c6-367e63295d76: valid; 0.7 s; peak memory 644 MiB.
2026-10-10T16:16:11Z INFO [218/1000] d233ec58-e2d2-46b1-817b-1dcf4ddb287d: not valid; 0.9 s; peak memory 644 MiB.
2026-10-10T16:16:13Z INFO [219/1000] d2344168-99b9-4c14-a51f-a025f47a5c27: valid; 1.6 s; peak memory 644 MiB.
2026-10-10T16:16:14Z INFO [220/1000] d2352204-329a-4f0f-b40d-081dd295bcd0: valid; 1.1 s; peak memory 644 MiB.
2026-10-10T16:16:16Z INFO [221/1000] d235ab47-2a2c-4c17-8a10-ec6775d3a290: valid; 1.6 s; peak memory 644 MiB.
2026-10-10T16:16:38Z INFO [222/1000] d235cd35-e653-4f0b-a21f-59a2110120a3: valid; 22.3 s; peak memory 644 MiB.
2026-10-10T16:16:39Z INFO [223/1000] d235f3d5-87af-45e5-9af5-3149afbe5bee: not valid; 0.7 s; peak memory 644 MiB.
2026-10-10T16:16:41Z INFO [224/1000] d2361af9-6950-41fb-ab8b-e439e8d58d46: not valid; 2.0 s; peak memory 644 MiB.
2026-10-10T16:16:42Z INFO [225/1000] d236d5c7-1bad-4827-beaa-41b24dcece18: valid; 1.5 s; peak memory 644 MiB.
2026-10-10T16:16:43Z INFO [226/1000] d237cc26-304a-4b9e-9c61-3b64298cdb4c: not valid; 1.0 s; peak memory 644 MiB.
2026-10-10T16:16:45Z INFO [227/1000] d237e7d4-4451-4883-9a92-8c256682e03e: valid; 2.0 s; peak memory 644 MiB.
2026-10-10T16:16:46Z INFO [228/1000] d2380040-aed0-41d4-88df-2080df7041cd: valid; 0.6 s; peak memory 644 MiB.
2026-10-10T16:16:48Z INFO [229/1000] d238ccdf-83c2-4394-82c4-e261c16126b4: valid; 2.4 s; peak memory 644 MiB.
2026-10-10T16:16:49Z INFO [230/1000] d238e812-c906-4717-b40a-4b5ff44395f1: valid; 0.5 s; peak memory 644 MiB.
2026-10-10T16:16:51Z INFO [231/1000] d239e5c2-88d0-43d3-8b98-3023ba125ef7: valid; 2.0 s; peak memory 644 MiB.
2026-10-10T16:17:35Z INFO [232/1000] d239f9b2-e03d-4895-b279-8a1bddea1f2d: valid; 44.3 s; peak memory 644 MiB.
2026-10-10T16:17:43Z INFO [233/1000] d23a3154-b183-4f8d-b815-22b5e0b5a933: valid; 8.6 s; peak memory 644 MiB.
2026-10-10T16:17:45Z INFO [234/1000] d23aaf6a-2884-4924-b831-5a4c1841123e: not valid; 1.1 s; peak memory 644 MiB.
2026-10-10T16:17:46Z INFO [235/1000] d23b2049-e6e4-41fc-af2e-88d2c1e41873: not valid; 1.2 s; peak memory 644 MiB.
2026-10-10T16:17:47Z INFO [236/1000] d23b7a6d-40b3-4f18-b435-2e3d9a9f0369: valid; 1.2 s; peak memory 644 MiB.
2026-10-10T16:17:48Z INFO [237/1000] d23bfec8-674c-4b60-b087-25f671c16907: valid; 1.2 s; peak memory 644 MiB.
2026-10-10T16:17:49Z INFO [238/1000] d23d1dc8-53f4-4f92-9882-f244148d3bea: valid; 0.7 s; peak memory 644 MiB.
2026-10-10T16:17:50Z INFO [239/1000] d23d204b-944e-4308-9ebe-a649577e0218: not valid; 0.8 s; peak memory 644 MiB.
2026-10-10T16:17:51Z INFO [240/1000] d23d5fec-c879-4392-b230-27e8644fe1d6: valid; 1.7 s; peak memory 644 MiB.
2026-10-10T16:17:53Z INFO [241/1000] d23da004-0b30-435d-ae40-4beffaf43d3f: valid; 2.0 s; peak memory 644 MiB.
2026-10-10T16:18:07Z INFO [242/1000] d23de546-a320-4dbc-bf02-2df50be0888b: valid; 13.9 s; peak memory 644 MiB.
2026-10-10T16:18:21Z INFO [243/1000] d23df4be-70fa-4bdd-ae3c-3e5299e8efdc: valid; 14.0 s; peak memory 644 MiB.
2026-10-10T16:18:23Z INFO [244/1000] d23e2732-ca32-4fb7-b040-23d77282bec6: valid; 2.0 s; peak memory 644 MiB.
2026-10-10T16:18:24Z INFO [245/1000] d23e39d8-b77e-4dc0-8969-b295d4348070: valid; 0.7 s; peak memory 644 MiB.
2026-10-10T16:18:25Z INFO [246/1000] d23e9130-fcb0-41c9-b894-87f1d9aa424a: valid; 0.6 s; peak memory 644 MiB.
2026-10-10T16:18:25Z INFO [247/1000] d23edce2-9658-4182-82a8-2ffcd7cee6ee: valid; 1.0 s; peak memory 644 MiB.
2026-10-10T16:18:26Z INFO [248/1000] d23f223b-3eaa-4b8d-8990-07a453a5e9d2: valid; 0.7 s; peak memory 644 MiB.
2026-10-10T16:18:27Z INFO [249/1000] d23fdcfc-5760-43ed-a95b-76f9b4d3e559: valid; 0.9 s; peak memory 644 MiB.
2026-10-10T16:18:28Z INFO [250/1000] d24001d3-27b4-40e5-b80c-721cf6d0bb2d: valid; 1.3 s; peak memory 644 MiB.
2026-10-10T16:18:30Z INFO [250/1000] d24001d3-27b4-40e5-b80c-721cf6d0bb2d: checkpointed 202260 new records.
2026-10-10T16:18:30Z WARNING d2415a10-e5a3-4e31-8d8d-643bd0bc4362: failed while retrieving asset information from the DANDI API (NotFoundError: No such Dandiset: 001533)
2026-10-10T16:18:31Z INFO [252/1000] d2418513-3d07-46b7-a299-ce2cc908788d: valid; 0.8 s; peak memory 644 MiB.
2026-10-10T16:18:34Z INFO [253/1000] d241f1a5-1bb1-47d5-8a64-b42e27c7bee6: not valid; 3.8 s; peak memory 644 MiB.
2026-10-10T16:19:00Z INFO [254/1000] d24221b6-213d-4d06-89bf-0e0f294f3fa5: valid; 25.9 s; peak memory 644 MiB.
2026-10-10T16:19:01Z INFO [255/1000] d24280c5-2867-459e-a7f1-6f876738604d: valid; 0.8 s; peak memory 644 MiB.
2026-10-10T16:19:02Z INFO [256/1000] d242a428-80bb-458b-98fd-59ce47fa08cc: valid; 1.1 s; peak memory 644 MiB.
2026-10-10T16:19:03Z INFO [257/1000] d2434f68-b408-48b1-9008-1056909629d2: valid; 0.8 s; peak memory 644 MiB.
2026-10-10T16:19:10Z INFO [258/1000] d24457f6-e158-4eb3-8edf-082050630a93: valid; 7.1 s; peak memory 644 MiB.
2026-10-10T16:19:15Z INFO [259/1000] d24463b3-ac1a-40ca-81f8-a3db584f3147: valid; 4.9 s; peak memory 644 MiB.
2026-10-10T16:19:16Z INFO [260/1000] d244e33f-0397-4895-9312-0a5edc2094f7: valid; 0.6 s; peak memory 644 MiB.
2026-10-10T16:19:24Z INFO [261/1000] d244f2d2-7158-4e85-b37d-0c67bca4fa70: valid; 8.3 s; peak memory 644 MiB.
2026-10-10T16:19:27Z INFO [262/1000] d2454c58-3ec2-4455-9adb-13f4f8d9b7e9: valid; 3.0 s; peak memory 644 MiB.
2026-10-10T16:19:28Z INFO [263/1000] d2465f3c-5601-4064-8a0e-cfbbb5721186: valid; 1.4 s; peak memory 644 MiB.
2026-10-10T16:19:29Z INFO [264/1000] d2466396-18e5-43b0-aeb8-c549414438d3: not valid; 0.7 s; peak memory 644 MiB.
2026-10-10T16:19:29Z INFO [265/1000] d246cee6-1bd5-46ac-b174-e3d06f1d4ca8: valid; 0.5 s; peak memory 644 MiB.
2026-10-10T16:19:30Z INFO [266/1000] d246e4e3-97e2-4999-b5ba-31e5e53728e5: valid; 1.0 s; peak memory 644 MiB.
2026-10-10T16:19:33Z INFO [267/1000] d2473c8d-7968-43bb-8229-b55a71788497: valid; 2.5 s; peak memory 644 MiB.
2026-10-10T16:19:35Z INFO [268/1000] d2474dd1-dd00-4d07-932c-0f7a8b737dfe: valid; 1.7 s; peak memory 644 MiB.
2026-10-10T16:19:38Z INFO [269/1000] d247954b-dbc0-4d6d-b8f1-9640c1e8b34b: not valid; 3.5 s; peak memory 644 MiB.
2026-10-10T16:19:39Z INFO [270/1000] d247a367-ce3d-4ec5-b6b8-f7a82452668d: valid; 1.0 s; peak memory 644 MiB.
2026-10-10T16:19:42Z INFO [271/1000] d247d820-0f65-47eb-b049-d3cacc75a0fc: valid; 3.1 s; peak memory 644 MiB.
2026-10-10T16:19:44Z INFO [272/1000] d248fde9-b1e2-4659-a234-13a3b82851d1: not valid; 1.4 s; peak memory 644 MiB.
2026-10-10T16:19:44Z INFO [273/1000] d2498112-bab6-4eda-a96b-e075255c23c2: valid; 0.6 s; peak memory 644 MiB.
2026-10-10T16:19:45Z INFO [274/1000] d249c561-524a-40c6-bca8-5c298cb62233: valid; 0.5 s; peak memory 644 MiB.
2026-10-10T16:19:46Z INFO [275/1000] d24a564b-c432-4a97-8aa8-14a0cef27cda: not valid; 0.7 s; peak memory 644 MiB.
2026-10-10T16:19:47Z INFO [276/1000] d24a70f6-04f8-4331-9b04-6ddc4172b199: valid; 1.0 s; peak memory 644 MiB.
2026-10-10T16:19:47Z INFO [277/1000] d24a8b20-4fdb-4c53-94d2-cd95e7e9413e: valid; 0.6 s; peak memory 644 MiB.
2026-10-10T16:19:49Z INFO [278/1000] d24ac586-de44-47e0-a613-45881befc702: valid; 1.7 s; peak memory 644 MiB.
2026-10-10T16:19:51Z INFO [279/1000] d24add48-c963-4eef-b3a5-3c2c0d6dea5e: valid; 1.9 s; peak memory 644 MiB.
2026-10-10T16:19:54Z INFO [280/1000] d24b20b6-e7d0-4ff9-bc06-ff395922c435: valid; 2.9 s; peak memory 644 MiB.
2026-10-10T16:19:55Z INFO [281/1000] d24bdef3-dac5-4de1-aa28-9234e20f89a0: valid; 1.5 s; peak memory 644 MiB.
2026-10-10T16:19:56Z INFO [282/1000] d24c0dc0-4a49-46cf-88c0-007d495c97ad: valid; 0.7 s; peak memory 644 MiB.
2026-10-10T16:19:57Z INFO [283/1000] d24c5c6d-aaf0-4039-910b-3f245c55c958: valid; 0.8 s; peak memory 644 MiB.
2026-10-10T16:19:58Z INFO [284/1000] d24c980f-99bb-4ecf-ac9f-942ad34f574f: valid; 1.1 s; peak memory 644 MiB.
2026-10-10T16:20:00Z INFO [285/1000] d24cebbf-c4f1-4f56-a2ba-3bd43a8700fe: valid; 2.1 s; peak memory 644 MiB.
2026-10-10T16:20:01Z INFO [286/1000] d24d9281-9fd6-4017-9c95-063b7f6d2fd2: not valid; 1.0 s; peak memory 644 MiB.
2026-10-10T16:20:03Z INFO [287/1000] d24debfb-1749-4d09-9164-caeb2b280a31: valid; 1.8 s; peak memory 644 MiB.
2026-10-10T16:20:07Z INFO [288/1000] d24f1372-6fcb-4761-9031-019c3ea10437: valid; 4.8 s; peak memory 644 MiB.
2026-10-10T16:20:08Z INFO [289/1000] d24f4974-f239-4592-b4f7-307d73cdf1c5: not valid; 1.0 s; peak memory 644 MiB.
2026-10-10T16:20:10Z INFO [290/1000] d24f810b-f36e-4559-b357-f756cb305368: valid; 1.3 s; peak memory 644 MiB.
2026-10-10T16:20:11Z INFO [291/1000] d24fca00-dbc6-42dd-8266-bd8dc70c1f91: valid; 1.2 s; peak memory 644 MiB.
2026-10-10T16:20:12Z WARNING d250e1e1-7f94-4d02-8596-07d57be33446: failed while opening the NWB file (ConstructError: (root/acquisition/event_code_meanings GroupBuilder {'attributes': {'colnames': array(['value', 'meaning'], dtype=object), 'description': 'Mapping integer event codes to event labels', 'namespace': 'ndx-events', 'neurodata_type': 'MeaningsTable', 'object_id': '94b8a832-4551-44f5-aec1-b6126a35d669'}, 'groups': {}, 'datasets': {'id': root/acquisition/event_code_meanings/id DatasetBuilder {'attributes': {'namespace': 'hdmf-common', 'neurodata_type': 'ElementIdentifiers', 'object_id': '771bc556-02d5-4419-a646-61169bb4bcc1'}, 'data': <HDF5 dataset "id": shape (26,), type "<i8">}, 'meaning': root/acquisition/event_code_meanings/meaning DatasetBuilder {'attributes': {'description': 'The meaning of the value in the parent CategoricalVectorData object.', 'namespace': 'hdmf-experimental', 'neurodata_type': 'VectorData', 'object_id': '2bfb1464-1fd4-4f60-8acf-67f099f90df3'}, 'data': <StrDataset for HDF5 dataset "meaning": shape (26,), type "|O">}, 'value': root/acquisition/event_code_meanings/value DatasetBuilder {'attributes': {'description': 'The value of the parent CategoricalVectorData object.', 'namespace': 'hdmf-experimental', 'neurodata_type': 'VectorData', 'object_id': '209cbc91-1986-49af-9c85-58e7bcfdc14e'}, 'data': <HDF5 dataset "value": shape (26,), type "<i8">}}, 'links': {}}, "Could not construct MeaningsTable object due to: MeaningsTable.__init__: missing argument 'target'"))
2026-10-10T16:20:14Z INFO [293/1000] d2512137-3490-4471-bcbf-52d671e684ab: valid; 1.4 s; peak memory 644 MiB.
2026-10-10T16:20:17Z INFO [294/1000] d2516cbc-b40e-4048-bf18-4c5682b5d4f5: valid; 3.9 s; peak memory 644 MiB.
2026-10-10T16:20:18Z INFO [295/1000] d251ac4b-7ae7-44c7-8798-952afbcc1c1e: valid; 0.6 s; peak memory 644 MiB.
2026-10-10T16:20:24Z INFO [296/1000] d251f1e3-e3d3-4599-84f2-4edc1bafa1bb: valid; 5.9 s; peak memory 644 MiB.
2026-10-10T16:20:25Z INFO [297/1000] d253f03d-d280-44f9-bbe1-61c461c8f832: valid; 1.3 s; peak memory 644 MiB.
2026-10-10T16:20:27Z INFO [298/1000] d2548a2b-0a50-4075-8c6a-ac336698d936: valid; 1.3 s; peak memory 644 MiB.
2026-10-10T16:20:28Z INFO [299/1000] d2553879-422f-4d23-b46d-3e97d29da613: valid; 1.8 s; peak memory 644 MiB.
2026-10-10T16:20:29Z INFO [300/1000] d25561d7-cb66-40e1-bc93-ef6e20e1c193: valid; 0.7 s; peak memory 644 MiB.
2026-10-10T16:20:30Z INFO [300/1000] d25561d7-cb66-40e1-bc93-ef6e20e1c193: checkpointed 202310 new records.
2026-10-10T16:20:32Z INFO [301/1000] d255df54-c924-47a0-bd30-6463306dc6ea: valid; 1.9 s; peak memory 644 MiB.
2026-10-10T16:20:34Z WARNING d255efd8-6ded-43f7-a79f-94fc5ca74202: failed while opening the NWB file (ConstructError: (root/acquisition/_iblmic_audioSpectrogram/bands GroupBuilder {'attributes': {'colnames': array(['freq'], dtype=object), 'description': 'spectogram frequencies', 'namespace': 'core', 'neurodata_type': 'FrequencyBandsTable', 'object_id': '66041229-2f23-40bc-8de0-bf8dac8e4966'}, 'groups': {}, 'datasets': {'freq': root/acquisition/_iblmic_audioSpectrogram/bands/freq DatasetBuilder {'attributes': {'description': 'frequency value', 'namespace': 'hdmf-common', 'neurodata_type': 'VectorData', 'object_id': '3db6e92f-4567-43a4-a0a6-6661157e5f7a'}, 'data': <HDF5 dataset "freq": shape (257,), type "<f4">}, 'id': root/acquisition/_iblmic_audioSpectrogram/bands/id DatasetBuilder {'attributes': {'namespace': 'hdmf-common', 'neurodata_type': 'ElementIdentifiers', 'object_id': '703129b7-c3c4-46e8-8bc9-62ece26bf8f5'}, 'data': <HDF5 dataset "id": shape (257,), type "<i4">}}, 'links': {}}, "Could not construct FrequencyBandsTable object due to: column must have the same number of rows as 'id'"))
2026-10-10T16:20:39Z INFO [303/1000] d2565913-3973-4dea-8818-eeb2bcf579c9: valid; 4.9 s; peak memory 644 MiB.
2026-10-10T16:20:40Z INFO [304/1000] d2566caa-4e7e-407c-862c-ae70e017d80e: valid; 1.3 s; peak memory 644 MiB.
2026-10-10T16:20:41Z INFO [305/1000] d256bb3b-75d9-48d0-b55a-7218a2a9b006: valid; 0.8 s; peak memory 644 MiB.
2026-10-10T16:20:41Z INFO [306/1000] d256fd66-aae2-458a-996e-1e975180f47d: valid; 0.7 s; peak memory 644 MiB.
2026-10-10T16:20:41Z WARNING d258201c-282b-4183-bb26-bc7c239ec929: failed while retrieving asset information from the DANDI API (NotFoundError: No asset at path 'sub-healthy-simulated-lfp/sub-healthy-simulated-lfp_ses-8400_ecephys.nwb' in version 0.250327.2220. Verify the path is correct and the asset exists in this version. Use 'dandi ls' to list available assets.)
2026-10-10T16:20:43Z INFO [308/1000] d258c244-9116-4683-87d3-adb27485e0c8: valid; 2.0 s; peak memory 644 MiB.
2026-10-10T16:20:53Z INFO [309/1000] d2596b7c-d0f2-4c66-b82f-539dfcdcad2e: valid; 9.5 s; peak memory 644 MiB.
2026-10-10T16:20:54Z INFO [310/1000] d259b508-e45f-4a38-bd3a-830f4aed0ee1: not valid; 1.0 s; peak memory 644 MiB.
2026-10-10T16:20:55Z INFO [311/1000] d259f93f-b648-4554-9157-ef3071d42477: not valid; 0.9 s; peak memory 644 MiB.
2026-10-10T16:21:02Z INFO [312/1000] d25a268a-73d5-41bf-994a-7b7fc3f0eb17: valid; 6.7 s; peak memory 644 MiB.
2026-10-10T16:21:02Z INFO [313/1000] d25a37bc-a0bd-4f01-8ea3-bc9f2f0e448c: valid; 0.6 s; peak memory 644 MiB.
2026-10-10T16:21:03Z INFO [314/1000] d25a3a83-39d9-43fb-961c-d614a94fa5b4: valid; 0.7 s; peak memory 644 MiB.
2026-10-10T16:21:04Z INFO [315/1000] d25a5a61-5d3e-4606-bc4e-9919b5181221: not valid; 0.8 s; peak memory 644 MiB.
2026-10-10T16:21:05Z INFO [316/1000] d25aae13-910f-4093-8f48-305ffc6b2866: not valid; 1.0 s; peak memory 644 MiB.
2026-10-10T16:21:06Z INFO [317/1000] d25ac934-9465-44ae-8108-d7ed25b6ca77: valid; 1.0 s; peak memory 644 MiB.
2026-10-10T16:21:06Z INFO [318/1000] d25b8c4b-70ac-4dc2-8081-f397883fe9a5: valid; 0.7 s; peak memory 644 MiB.
2026-10-10T16:21:07Z INFO [319/1000] d25bad89-34cc-48f5-9007-bcf5c407801c: valid; 0.9 s; peak memory 644 MiB.
2026-10-10T16:21:16Z INFO [320/1000] d25bc86a-2900-46f1-a83d-b9fcbd9531c0: valid; 9.1 s; peak memory 644 MiB.
2026-10-10T16:21:23Z INFO [321/1000] d25bf95c-ea73-4f70-adb1-1fc8f4eb2270: valid; 6.5 s; peak memory 644 MiB.
2026-10-10T16:21:24Z INFO [322/1000] d25c6409-4348-487c-9b04-d42751341faa: valid; 1.2 s; peak memory 644 MiB.
2026-10-10T16:21:27Z INFO [323/1000] d25c9c0a-ecc7-444f-b77f-53fc574bff8f: not valid; 2.5 s; peak memory 644 MiB.
2026-10-10T16:21:28Z INFO [324/1000] d25d2165-f964-4bea-b673-a77b83e6ca01: valid; 1.6 s; peak memory 644 MiB.
2026-10-10T16:21:30Z INFO [325/1000] d25d3644-9178-469f-b103-9569c0628cdc: valid; 1.4 s; peak memory 644 MiB.
2026-10-10T16:21:31Z INFO [326/1000] d25e4016-d81c-4c80-ac00-5ad08b2721e7: not valid; 0.9 s; peak memory 644 MiB.
2026-10-10T16:21:31Z INFO [327/1000] d25e586f-4dc8-4c0b-930b-2c169e2786cc: valid; 0.6 s; peak memory 644 MiB.
2026-10-10T16:21:33Z INFO [328/1000] d25e7a07-c6ce-480a-a647-565780763648: valid; 1.5 s; peak memory 644 MiB.
2026-10-10T16:21:34Z INFO [329/1000] d25f069a-6c8a-40c8-8cd6-727d45e4ff63: valid; 1.1 s; peak memory 644 MiB.
2026-10-10T16:21:39Z INFO [330/1000] d25f6faf-333a-4cf7-95f6-f6e7dbb5e220: valid; 4.8 s; peak memory 644 MiB.
2026-10-10T16:21:40Z INFO [331/1000] d25f765d-d1a5-444f-a8e3-11aca8b6b770: valid; 1.3 s; peak memory 644 MiB.
2026-10-10T16:21:41Z INFO [332/1000] d260205f-b222-448d-95c2-ad749be6e555: valid; 1.2 s; peak memory 644 MiB.
2026-10-10T16:21:43Z WARNING d26088a0-af5d-47e4-a180-6dcf0d5ab296: failed while opening the NWB file (ConstructError: (root/acquisition/event_code_meanings GroupBuilder {'attributes': {'colnames': array(['value', 'meaning'], dtype=object), 'description': 'Mapping integer event codes to event labels', 'namespace': 'ndx-events', 'neurodata_type': 'MeaningsTable', 'object_id': '175ee122-a735-458d-8904-e8a03adf659c'}, 'groups': {}, 'datasets': {'id': root/acquisition/event_code_meanings/id DatasetBuilder {'attributes': {'namespace': 'hdmf-common', 'neurodata_type': 'ElementIdentifiers', 'object_id': '7b6d3501-bd4b-44b4-95f5-306dc9a3e0bf'}, 'data': <HDF5 dataset "id": shape (26,), type "<i8">}, 'meaning': root/acquisition/event_code_meanings/meaning DatasetBuilder {'attributes': {'description': 'The meaning of the value in the parent CategoricalVectorData object.', 'namespace': 'hdmf-experimental', 'neurodata_type': 'VectorData', 'object_id': '923b6fc0-af96-4c44-a155-c219b8e9edb2'}, 'data': <StrDataset for HDF5 dataset "meaning": shape (26,), type "|O">}, 'value': root/acquisition/event_code_meanings/value DatasetBuilder {'attributes': {'description': 'The value of the parent CategoricalVectorData object.', 'namespace': 'hdmf-experimental', 'neurodata_type': 'VectorData', 'object_id': 'c18cc1f7-e69b-4b17-a93b-9b9c996b9fa5'}, 'data': <HDF5 dataset "value": shape (26,), type "<i8">}}, 'links': {}}, "Could not construct MeaningsTable object due to: MeaningsTable.__init__: missing argument 'target'"))
2026-10-10T16:21:43Z INFO [334/1000] d260c60e-b5e5-4b49-81ae-1697c361a6cf: valid; 0.9 s; peak memory 644 MiB.
2026-10-10T16:21:44Z INFO [335/1000] d260daf3-1766-4ade-b647-6f58ba41f74d: valid; 0.7 s; peak memory 644 MiB.
2026-10-10T16:21:45Z INFO [336/1000] d2612857-9240-42fb-b6a4-01c2aaf056f3: not valid; 0.9 s; peak memory 644 MiB.
2026-10-10T16:21:47Z INFO [337/1000] d2624670-beea-4013-97bc-2fb300184d91: valid; 2.0 s; peak memory 644 MiB.
2026-10-10T16:21:49Z INFO [338/1000] d2627a51-16b1-46e8-87e3-0fe1130d175a: valid; 2.1 s; peak memory 644 MiB.
2026-10-10T16:21:51Z INFO [339/1000] d262b3ff-3e09-4469-b769-9911611b7cc0: valid; 1.6 s; peak memory 644 MiB.
2026-10-10T16:21:52Z INFO [340/1000] d2630e17-de15-454e-9c68-e0852ac6dbb1: valid; 1.3 s; peak memory 644 MiB.
2026-10-10T16:21:52Z INFO [341/1000] d2632349-d92a-4df5-b1a8-77b8f9984238: not valid; 0.6 s; peak memory 644 MiB.
2026-10-10T16:21:53Z INFO [342/1000] d26350b5-33c3-417e-94d1-9806b71f637f: not valid; 0.6 s; peak memory 644 MiB.
2026-10-10T16:21:54Z INFO [343/1000] d26385bd-f24f-4cb5-acb1-570208185962: valid; 1.2 s; peak memory 644 MiB.
2026-10-10T16:21:57Z INFO [344/1000] d2638fbb-d565-4494-96b7-08772b6377be: valid; 2.4 s; peak memory 644 MiB.
2026-10-10T16:22:03Z INFO [345/1000] d263d301-8ed1-4543-83dc-864d9710e4ae: valid; 6.6 s; peak memory 644 MiB.
2026-10-10T16:22:05Z WARNING d263fa1c-6572-409e-a5c6-c663edf68636: failed while opening the NWB file (ConstructError: (root/acquisition/event_code_meanings GroupBuilder {'attributes': {'colnames': array(['value', 'meaning'], dtype=object), 'description': 'Mapping integer event codes to event labels', 'namespace': 'ndx-events', 'neurodata_type': 'MeaningsTable', 'object_id': '3109a33e-fe13-4f44-9cf6-6bff05130e21'}, 'groups': {}, 'datasets': {'id': root/acquisition/event_code_meanings/id DatasetBuilder {'attributes': {'namespace': 'hdmf-common', 'neurodata_type': 'ElementIdentifiers', 'object_id': '079faca7-578f-4a23-940b-ec158c0c8f2a'}, 'data': <HDF5 dataset "id": shape (26,), type "<i8">}, 'meaning': root/acquisition/event_code_meanings/meaning DatasetBuilder {'attributes': {'description': 'The meaning of the value in the parent CategoricalVectorData object.', 'namespace': 'hdmf-experimental', 'neurodata_type': 'VectorData', 'object_id': 'd6e6595d-a3f4-418f-a217-46745cbba673'}, 'data': <StrDataset for HDF5 dataset "meaning": shape (26,), type "|O">}, 'value': root/acquisition/event_code_meanings/value DatasetBuilder {'attributes': {'description': 'The value of the parent CategoricalVectorData object.', 'namespace': 'hdmf-experimental', 'neurodata_type': 'VectorData', 'object_id': '1dd74de7-24f7-4572-ad3b-93d25ac32515'}, 'data': <HDF5 dataset "value": shape (26,), type "<i8">}}, 'links': {}}, "Could not construct MeaningsTable object due to: MeaningsTable.__init__: missing argument 'target'"))
2026-10-10T16:22:06Z INFO [347/1000] d26419d9-d50d-4f67-a0a4-ab6dbdd141cf: valid; 1.1 s; peak memory 644 MiB.
2026-10-10T16:22:08Z INFO [348/1000] d26488d8-99ca-409a-86b8-a6fb7e6b0faa: valid; 1.9 s; peak memory 644 MiB.
2026-10-10T16:22:09Z INFO [349/1000] d265059c-3f58-445e-9ed8-0af343fce7fe: not valid; 1.0 s; peak memory 644 MiB.
2026-10-10T16:22:09Z INFO [350/1000] d2650e94-edf5-4bfd-9a99-24593a3f8884: valid; 0.5 s; peak memory 644 MiB.
2026-10-10T16:22:11Z INFO [350/1000] d2650e94-edf5-4bfd-9a99-24593a3f8884: checkpointed 202360 new records.
2026-10-10T16:22:13Z INFO [351/1000] d2651482-3d16-47c3-a09d-3ed871ceafa6: valid; 2.3 s; peak memory 644 MiB.
2026-10-10T16:22:13Z INFO [352/1000] d26514e0-b5a7-414e-b9d7-543370c89bd0: valid; 0.7 s; peak memory 644 MiB.
2026-10-10T16:22:14Z INFO [353/1000] d2651653-051f-4ae1-a152-e480ef95b164: valid; 0.6 s; peak memory 644 MiB.
2026-10-10T16:22:18Z INFO [354/1000] d2659062-6aef-4603-854e-7e7856e53678: valid; 3.8 s; peak memory 644 MiB.
2026-10-10T16:24:39Z INFO [355/1000] d26593f2-49d4-4e3b-99ee-99565b0ae099: valid; 141.1 s; peak memory 644 MiB.
2026-10-10T16:24:40Z INFO [356/1000] d265acc1-247d-440a-b888-2b99d4b3f1db: not valid; 1.4 s; peak memory 644 MiB.
2026-10-10T16:24:42Z INFO [357/1000] d265af98-ebf2-4c2b-9aec-fc41e2b80c55: valid; 1.3 s; peak memory 644 MiB.
2026-10-10T16:24:43Z INFO [358/1000] d265e287-8d3d-47db-b2c1-cb8b58687e84: valid; 1.7 s; peak memory 644 MiB.
2026-10-10T16:24:44Z INFO [359/1000] d2662c6c-2501-4959-bcb5-4a2889d2563d: valid; 0.7 s; peak memory 644 MiB.
2026-10-10T16:24:45Z INFO [360/1000] d2663cc6-be8b-4b7d-8827-4107247b2569: not valid; 0.8 s; peak memory 644 MiB.
2026-10-10T16:24:46Z INFO [361/1000] d2664bf8-6486-431b-92dd-af2553aa47f7: valid; 1.1 s; peak memory 644 MiB.
2026-10-10T16:24:48Z INFO [362/1000] d2666ee3-2308-4560-bcd8-70b53853b660: valid; 2.2 s; peak memory 644 MiB.
2026-10-10T16:24:53Z INFO [363/1000] d2668429-f336-4054-98c8-f6e268a7df1f: valid; 5.2 s; peak memory 644 MiB.
2026-10-10T16:24:58Z INFO [364/1000] d266c7ad-4e5e-4c2f-89c9-32f986059ee1: valid; 4.9 s; peak memory 644 MiB.
2026-10-10T16:25:03Z INFO [365/1000] d2675e5d-c3e2-4dac-b721-a9a09680c23c: valid; 5.1 s; peak memory 644 MiB.
2026-10-10T16:25:06Z INFO [366/1000] d267adbf-c766-48dd-816e-bc2fb221c7be: valid; 2.2 s; peak memory 644 MiB.
2026-10-10T16:25:12Z INFO [367/1000] d267b743-9dfc-42b0-b86e-a57da44d2111: valid; 6.4 s; peak memory 644 MiB.
2026-10-10T16:25:13Z INFO [368/1000] d2680065-afaf-4db1-8453-847cdfa59e54: valid; 1.4 s; peak memory 644 MiB.
2026-10-10T16:25:14Z INFO [369/1000] d2682fcb-8b38-422e-b3fa-dbd6904cd677: not valid; 1.0 s; peak memory 644 MiB.
2026-10-10T16:25:15Z INFO [370/1000] d26887f0-5be5-4317-8858-7b98bcd7450d: valid; 0.8 s; peak memory 644 MiB.
2026-10-10T16:25:17Z INFO [371/1000] d268a8ee-72af-41e3-a774-1354033d3be2: not valid; 1.4 s; peak memory 644 MiB.
2026-10-10T16:25:17Z INFO [372/1000] d268aab9-406c-4724-b62e-899cd5df47f3: valid; 0.7 s; peak memory 644 MiB.
2026-10-10T16:25:23Z INFO [373/1000] d268b629-68fe-4a73-86d7-933623f903b5: valid; 5.3 s; peak memory 644 MiB.
2026-10-10T16:25:25Z INFO [374/1000] d268ff7a-ab23-4f1c-9dd3-caff10e0da0f: valid; 2.7 s; peak memory 644 MiB.
2026-10-10T16:25:27Z INFO [375/1000] d2692174-41a4-4687-8280-b10eb24b8993: valid; 1.7 s; peak memory 644 MiB.
2026-10-10T16:25:28Z INFO [376/1000] d2694f45-3e7b-4b2a-9844-aa131aeacffc: valid; 0.6 s; peak memory 644 MiB.
2026-10-10T16:25:29Z WARNING d269a214-511f-4dcf-8bf4-6cf159b1079a: failed while opening the NWB file (ConstructError: (root/acquisition/_iblmic_audioSpectrogram/bands GroupBuilder {'attributes': {'colnames': array(['freq'], dtype=object), 'description': 'spectogram frequencies', 'namespace': 'core', 'neurodata_type': 'FrequencyBandsTable', 'object_id': '3e0113e4-a3b8-4ee2-b02d-90e93a98ae4e'}, 'groups': {}, 'datasets': {'freq': root/acquisition/_iblmic_audioSpectrogram/bands/freq DatasetBuilder {'attributes': {'description': 'frequency value', 'namespace': 'hdmf-common', 'neurodata_type': 'VectorData', 'object_id': 'fc38c1b1-3a81-41b4-88a3-81fe1c5c19a5'}, 'data': <HDF5 dataset "freq": shape (257,), type "<f4">}, 'id': root/acquisition/_iblmic_audioSpectrogram/bands/id DatasetBuilder {'attributes': {'namespace': 'hdmf-common', 'neurodata_type': 'ElementIdentifiers', 'object_id': '734a36ce-011f-48a5-95f1-09fb7d74356e'}, 'data': <HDF5 dataset "id": shape (257,), type "<i4">}}, 'links': {}}, "Could not construct FrequencyBandsTable object due to: column must have the same number of rows as 'id'"))
2026-10-10T16:25:29Z INFO [378/1000] d269f357-88c8-46c0-9f29-c76235c6f7b0: valid; 0.7 s; peak memory 644 MiB.
2026-10-10T16:25:31Z INFO [379/1000] d26a185a-f362-43c2-8b8f-a268c8515e52: valid; 1.3 s; peak memory 644 MiB.
2026-10-10T16:25:32Z INFO [380/1000] d26a25db-7920-4b4d-89db-ec43c3d10ca4: not valid; 1.4 s; peak memory 644 MiB.
2026-10-10T16:25:34Z INFO [381/1000] d26a3c6c-e98a-4927-8a85-c26ee22136e0: valid; 1.7 s; peak memory 644 MiB.
2026-10-10T16:25:34Z INFO [382/1000] d26a9e74-54c3-4f0b-aac4-8cee202948f6: valid; 0.7 s; peak memory 644 MiB.
2026-10-10T16:25:35Z INFO [383/1000] d26ab78d-c4d0-4c57-9042-dd1ee7bf9f55: valid; 1.0 s; peak memory 644 MiB.
2026-10-10T16:25:36Z INFO [384/1000] d26affaf-c067-4ccb-a295-dfceccc7999d: valid; 0.5 s; peak memory 644 MiB.
2026-10-10T16:25:38Z INFO [385/1000] d26b0132-74ae-4b2e-8b8c-c57038208d3a: valid; 1.7 s; peak memory 644 MiB.
2026-10-10T16:25:43Z INFO [386/1000] d26b5935-0031-4a87-90fe-e7681569df88: valid; 5.0 s; peak memory 644 MiB.
2026-10-10T16:25:52Z INFO [387/1000] d26b74bb-2dde-48dd-ab4c-eb5c9b195683: valid; 9.7 s; peak memory 644 MiB.
2026-10-10T16:25:53Z INFO [388/1000] d26ce957-2b93-47e7-9114-4bd7172c6a0c: valid; 1.0 s; peak memory 644 MiB.
2026-10-10T16:25:54Z INFO [389/1000] d26d7649-a2af-4953-a793-19422d270365: valid; 0.8 s; peak memory 644 MiB.
2026-10-10T16:25:56Z INFO [390/1000] d26dbd19-6ab2-4e28-8b72-ad3c87352dab: not valid; 1.5 s; peak memory 644 MiB.
2026-10-10T16:25:56Z INFO [391/1000] d26df689-84fd-4a6f-980b-510f8cfcbcf8: not valid; 0.7 s; peak memory 644 MiB.
2026-10-10T16:25:58Z INFO [392/1000] d26e16ee-e247-4cc5-9746-2a6a29a468ec: valid; 1.4 s; peak memory 644 MiB.
2026-10-10T16:25:58Z INFO [393/1000] d26ebf03-2f14-4102-99f6-67b4d3cc8dc3: valid; 0.7 s; peak memory 644 MiB.
2026-10-10T16:25:59Z INFO [394/1000] d26f1f06-05c7-4b6a-b454-c62b3bdd3807: valid; 0.7 s; peak memory 644 MiB.
2026-10-10T16:26:00Z INFO [395/1000] d26f5f9c-bede-41d5-ba26-c3f746d977c0: valid; 0.7 s; peak memory 644 MiB.
2026-10-10T16:26:02Z INFO [396/1000] d26fab41-2d4a-4442-9df8-4db957ebbb3f: valid; 2.5 s; peak memory 644 MiB.
2026-10-10T16:26:12Z INFO [397/1000] d26fe7e3-1edb-486b-adb8-2b13275bc37d: valid; 9.8 s; peak memory 644 MiB.
2026-10-10T16:26:13Z INFO [398/1000] d2705082-1d1f-4c6c-928f-f848e6922973: not valid; 0.9 s; peak memory 644 MiB.
2026-10-10T16:26:14Z INFO [399/1000] d2706999-507b-4757-a5da-fa6de0570c90: valid; 1.1 s; peak memory 644 MiB.
2026-10-10T16:26:15Z INFO [400/1000] d270779d-8374-4664-92f5-765fefbd1ec2: valid; 0.6 s; peak memory 644 MiB.
2026-10-10T16:26:16Z INFO [400/1000] d270779d-8374-4664-92f5-765fefbd1ec2: checkpointed 202410 new records.
2026-10-10T16:26:17Z INFO [401/1000] d2707c4e-0ee0-45b1-9528-6ed714a0af88: valid; 0.6 s; peak memory 644 MiB.
2026-10-10T16:26:18Z INFO [402/1000] d2716dc5-e402-425d-ae77-80e596ac8697: valid; 1.6 s; peak memory 644 MiB.
2026-10-10T16:26:19Z INFO [403/1000] d2718586-0aee-4478-b1b4-5fd28fceea2d: valid; 1.0 s; peak memory 644 MiB.
2026-10-10T16:26:21Z INFO [404/1000] d271d8fd-337e-40bd-8bd6-59f0bab82e79: not valid; 1.1 s; peak memory 644 MiB.
2026-10-10T16:26:22Z WARNING d27247c6-6b94-49a6-9c9f-f13cfcf4b688: failed while opening the NWB file (ConstructError: (root/acquisition/_iblmic_audioSpectrogram/bands GroupBuilder {'attributes': {'colnames': array(['freq'], dtype=object), 'description': 'spectogram frequencies', 'namespace': 'core', 'neurodata_type': 'FrequencyBandsTable', 'object_id': 'de589a26-8128-4288-8c04-6504d15eac81'}, 'groups': {}, 'datasets': {'freq': root/acquisition/_iblmic_audioSpectrogram/bands/freq DatasetBuilder {'attributes': {'description': 'frequency value', 'namespace': 'hdmf-common', 'neurodata_type': 'VectorData', 'object_id': 'a271e0b7-7dfc-4d79-9b6d-3898a3d69fc4'}, 'data': <HDF5 dataset "freq": shape (257,), type "<f4">}, 'id': root/acquisition/_iblmic_audioSpectrogram/bands/id DatasetBuilder {'attributes': {'namespace': 'hdmf-common', 'neurodata_type': 'ElementIdentifiers', 'object_id': '2d17a9f1-d780-41a6-bdb8-0d5d098bd1e8'}, 'data': <HDF5 dataset "id": shape (257,), type "<i4">}}, 'links': {}}, "Could not construct FrequencyBandsTable object due to: column must have the same number of rows as 'id'"))
2026-10-10T16:26:23Z INFO [406/1000] d27292e7-527b-4859-8fc6-4bdeb1d63549: valid; 1.4 s; peak memory 644 MiB.
2026-10-10T16:26:25Z INFO [407/1000] d272b855-83d2-4b33-acbb-54236b81fa00: not valid; 1.9 s; peak memory 644 MiB.
2026-10-10T16:26:34Z INFO [408/1000] d2736358-6682-4038-9235-f73bb8565c33: valid; 8.8 s; peak memory 644 MiB.
2026-10-10T16:26:34Z WARNING d2740cba-b620-4f46-aef9-f607cd25fb73: failed while retrieving asset information from the DANDI API (NotFoundError: No asset at path 'sub-R5/sub-R5_ses-training-day7_behavior+ophys.nwb' in version 0.260415.1712. Verify the path is correct and the asset exists in this version. Use 'dandi ls' to list available assets.)
2026-10-10T16:26:35Z INFO [410/1000] d2741507-af8d-4a36-9a1f-5d9fc84ab326: valid; 0.7 s; peak memory 644 MiB.
2026-10-10T16:26:35Z INFO [411/1000] d2742197-eae1-4bc8-be69-79254a71a0b2: valid; 0.8 s; peak memory 644 MiB.
2026-10-10T16:26:41Z INFO [412/1000] d274324c-b011-4b33-873d-d9b7ceb81a2e: not valid; 5.4 s; peak memory 644 MiB.
2026-10-10T16:26:42Z INFO [413/1000] d2746ac1-2339-477f-adad-aa616694abc3: valid; 0.7 s; peak memory 644 MiB.
2026-10-10T16:26:43Z INFO [414/1000] d274f268-37cc-4903-beab-6ea19ce21943: not valid; 1.2 s; peak memory 644 MiB.
2026-10-10T16:26:44Z WARNING d275a401-ff71-4b49-ace6-63930ed77e76: failed while opening the NWB file (ConstructError: (root/acquisition/_iblmic_audioSpectrogram/bands GroupBuilder {'attributes': {'colnames': array(['freq'], dtype=object), 'description': 'spectogram frequencies', 'namespace': 'core', 'neurodata_type': 'FrequencyBandsTable', 'object_id': 'c9186382-c06b-4373-845e-3f634daac372'}, 'groups': {}, 'datasets': {'freq': root/acquisition/_iblmic_audioSpectrogram/bands/freq DatasetBuilder {'attributes': {'description': 'frequency value', 'namespace': 'hdmf-common', 'neurodata_type': 'VectorData', 'object_id': 'c246f93a-ff60-4421-9182-6486f78cce7b'}, 'data': <HDF5 dataset "freq": shape (257,), type "<f4">}, 'id': root/acquisition/_iblmic_audioSpectrogram/bands/id DatasetBuilder {'attributes': {'namespace': 'hdmf-common', 'neurodata_type': 'ElementIdentifiers', 'object_id': 'ebffef5f-3fdf-4b10-9851-04214276cf21'}, 'data': <HDF5 dataset "id": shape (257,), type "<i4">}}, 'links': {}}, "Could not construct FrequencyBandsTable object due to: column must have the same number of rows as 'id'"))
2026-10-10T16:26:46Z INFO [416/1000] d275e555-03f7-41b1-b4ee-fd0ae7727dec: valid; 1.6 s; peak memory 644 MiB.
2026-10-10T16:26:47Z INFO [417/1000] d2760dfb-1382-4b66-a1c7-1f1ce6e829b0: valid; 0.8 s; peak memory 644 MiB.
2026-10-10T16:26:51Z INFO [418/1000] d2763bf7-a012-4882-b1a3-168b1b798c6a: valid; 3.8 s; peak memory 644 MiB.
2026-10-10T16:27:00Z INFO [419/1000] d277a566-c57e-442a-ade1-e76ffc188d96: valid; 9.9 s; peak memory 644 MiB.
2026-10-10T16:27:18Z INFO [420/1000] d2789b95-51a2-406b-acf3-b2c0565479e9: valid; 17.8 s; peak memory 644 MiB.
2026-10-10T16:27:19Z INFO [421/1000] d2798823-2d7a-442c-a13a-a329ca513f6c: valid; 0.7 s; peak memory 644 MiB.
2026-10-10T16:27:20Z INFO [422/1000] d27a2a3d-5565-4b83-a162-bd270beb83d6: valid; 1.5 s; peak memory 644 MiB.
2026-10-10T16:27:21Z INFO [423/1000] d27a41b2-d95f-4006-901d-28022a67fe17: valid; 0.6 s; peak memory 644 MiB.
2026-10-10T16:27:29Z INFO [424/1000] d27a8948-8250-43ba-822e-60136591b6b4: valid; 7.7 s; peak memory 644 MiB.
2026-10-10T16:27:30Z INFO [425/1000] d27a9706-311e-4cb1-83ac-52044a60b8dc: valid; 1.1 s; peak memory 644 MiB.
2026-10-10T16:27:31Z INFO [426/1000] d27ba7e3-1793-4e7e-b581-9120c26f839a: valid; 1.6 s; peak memory 644 MiB.
2026-10-10T16:27:33Z INFO [427/1000] d27c9708-3fd5-400a-b65e-79ee0ca0f3fb: valid; 1.2 s; peak memory 644 MiB.
2026-10-10T16:27:34Z INFO [428/1000] d27cdbe4-056d-4d47-a7c1-403fdec09cd2: not valid; 1.0 s; peak memory 644 MiB.
2026-10-10T16:27:34Z INFO [429/1000] d27d1ee4-3940-42b8-8aa3-a9086bc31e4e: valid; 1.0 s; peak memory 644 MiB.
2026-10-10T16:27:36Z INFO [430/1000] d27db283-2ea1-4c3e-bcde-39ad4ca68da7: valid; 1.1 s; peak memory 644 MiB.
2026-10-10T16:27:36Z INFO [431/1000] d27ea120-f53b-4ef4-9a35-9587916957a4: valid; 0.8 s; peak memory 644 MiB.
2026-10-10T16:27:38Z INFO [432/1000] d27f300d-c92c-4400-9b25-a1845eb84800: valid; 1.3 s; peak memory 644 MiB.
2026-10-10T16:27:38Z INFO [433/1000] d27f3d7c-2466-4246-a831-e5d17abed995: valid; 0.6 s; peak memory 644 MiB.
2026-10-10T16:27:39Z INFO [434/1000] d27f6d0d-580e-4ab1-bba3-6336e09fa5f1: valid; 0.9 s; peak memory 644 MiB.
2026-10-10T16:27:40Z INFO [435/1000] d27f9407-548f-42e7-91fd-a98f9376817c: not valid; 1.0 s; peak memory 644 MiB.
2026-10-10T16:27:41Z INFO [436/1000] d27fc9ae-96a4-424c-856e-be8bf1e3f83a: valid; 1.3 s; peak memory 644 MiB.
2026-10-10T16:27:42Z INFO [437/1000] d27ffcf3-df37-43e5-8499-c244f53d6a5b: valid; 0.7 s; peak memory 644 MiB.
2026-10-10T16:27:43Z INFO [438/1000] d2803174-0d5a-4baa-9597-07f5713b4445: not valid; 0.7 s; peak memory 644 MiB.
2026-10-10T16:27:54Z INFO [439/1000] d2805135-7ed2-4e31-b18e-452abec08eb0: not valid; 10.8 s; peak memory 644 MiB.
2026-10-10T16:27:55Z INFO [440/1000] d2820e5a-f6d7-4eb9-9627-bb8d29c077ed: not valid; 1.1 s; peak memory 644 MiB.
2026-10-10T16:27:58Z INFO [441/1000] d28224c3-e0e2-4bee-832d-1516e2462df6: valid; 3.3 s; peak memory 644 MiB.
2026-10-10T16:28:07Z INFO [442/1000] d282895b-e3cf-43f6-8200-24d9491c3432: not valid; 8.4 s; peak memory 644 MiB.
2026-10-10T16:28:28Z INFO [443/1000] d2834f10-1f82-4b29-8dc2-f1cfd1f7f60c: not valid; 21.8 s; peak memory 644 MiB.
2026-10-10T16:28:29Z INFO [444/1000] d283c6e9-fe63-4751-baf0-705537cd0007: valid; 0.7 s; peak memory 644 MiB.
2026-10-10T16:28:31Z INFO [445/1000] d2842566-92f9-4cf4-b6bd-e1c0e021dcb4: valid; 1.9 s; peak memory 644 MiB.
2026-10-10T16:28:32Z INFO [446/1000] d2843d26-2d0b-4aed-b53d-c62cc4aef66e: valid; 0.6 s; peak memory 644 MiB.
2026-10-10T16:28:34Z INFO [447/1000] d284ed48-d7e1-4243-900f-1884f71e9cb2: valid; 2.1 s; peak memory 644 MiB.
2026-10-10T16:28:35Z INFO [448/1000] d2850f76-c026-4d88-af16-cb0d5bf255dd: not valid; 1.3 s; peak memory 644 MiB.
2026-10-10T16:28:36Z INFO [449/1000] d2861cb7-bd1a-4893-9785-fce04d9908ae: valid; 0.6 s; peak memory 644 MiB.
2026-10-10T16:28:37Z INFO [450/1000] d286757d-29e9-4c80-a428-a8b72c35305c: valid; 1.7 s; peak memory 644 MiB.
2026-10-10T16:28:39Z INFO [450/1000] d286757d-29e9-4c80-a428-a8b72c35305c: checkpointed 202460 new records.
2026-10-10T16:28:39Z INFO [451/1000] d2868e01-401c-4695-8895-836d4c75438e: not valid; 0.8 s; peak memory 644 MiB.
2026-10-10T16:28:41Z INFO [452/1000] d286a0a3-f1c5-4960-9476-cc0bcb80d645: valid; 1.8 s; peak memory 644 MiB.
2026-10-10T16:29:19Z INFO [453/1000] d28762b6-9cc0-454e-9a3c-0cddd6b309cb: valid; 38.0 s; peak memory 644 MiB.
2026-10-10T16:29:20Z INFO [454/1000] d2876375-e5ef-4f9e-b98f-b237e15630ca: not valid; 1.1 s; peak memory 644 MiB.
2026-10-10T16:29:29Z INFO [455/1000] d2879d5d-8e95-4cab-978c-18d80b049b18: valid; 8.9 s; peak memory 644 MiB.
2026-10-10T16:29:31Z INFO [456/1000] d287c88d-1c40-4871-9d06-0c94f8d178c7: valid; 1.4 s; peak memory 644 MiB.
2026-10-10T16:29:31Z INFO [457/1000] d2886172-d2ae-4186-9eff-30b09a3eaa63: valid; 0.6 s; peak memory 644 MiB.
2026-10-10T16:29:33Z INFO [458/1000] d288d929-75dd-40c9-9e35-28d3048ee9b2: valid; 1.3 s; peak memory 644 MiB.
2026-10-10T16:29:34Z INFO [459/1000] d288f700-1e98-4693-8c9e-1c541d33c854: valid; 1.7 s; peak memory 644 MiB.
2026-10-10T16:29:35Z INFO [460/1000] d289b6b5-0616-49d8-828c-1a7033922f37: not valid; 1.0 s; peak memory 644 MiB.
2026-10-10T16:29:35Z WARNING d28a2f39-b9a8-4b26-ad19-26b5377b27d1: failed while retrieving asset information from the DANDI API (NotFoundError: No asset at path 'sub-LG615/sub-LG615_ses-20250921_obj-qzuo3x_ophys.nwb' in version 0.260915.2135. Verify the path is correct and the asset exists in this version. Use 'dandi ls' to list available assets.)
2026-10-10T16:29:36Z INFO [462/1000] d28a6a67-2431-46c2-ad03-8ce69a4793b4: not valid; 1.0 s; peak memory 644 MiB.
2026-10-10T16:29:38Z INFO [463/1000] d28a6e49-fca8-4cf4-9015-50333da2adb1: valid; 1.3 s; peak memory 644 MiB.
2026-10-10T16:29:39Z INFO [464/1000] d28b8dc3-96bd-4030-9058-4421ffaf2d87: valid; 1.5 s; peak memory 644 MiB.
2026-10-10T16:29:40Z INFO [465/1000] d28c1fd7-799e-4801-b1ac-03bae6e77913: valid; 1.0 s; peak memory 644 MiB.
2026-10-10T16:29:43Z INFO [466/1000] d28cae92-a437-4347-a919-1940bad1b73b: valid; 2.6 s; peak memory 644 MiB.
2026-10-10T16:29:44Z INFO [467/1000] d28d60a7-73d0-4206-9e61-dffb0b00cfe9: not valid; 0.9 s; peak memory 644 MiB.
2026-10-10T16:29:45Z INFO [468/1000] d28e3aa8-5fd4-49aa-869d-6bb80c4dd11f: valid; 1.4 s; peak memory 644 MiB.
2026-10-10T16:29:49Z INFO [469/1000] d28ea366-b667-4132-9ce4-2b23b6010fad: valid; 3.8 s; peak memory 644 MiB.
2026-10-10T16:29:57Z INFO [470/1000] d28f3256-1c8d-44c9-b209-27dbea410fb3: valid; 8.2 s; peak memory 644 MiB.
2026-10-10T16:29:59Z INFO [471/1000] d28f9e82-45e4-4245-acba-1b04cb1474db: valid; 2.4 s; peak memory 644 MiB.
2026-10-10T16:30:00Z INFO [472/1000] d28fdd6c-b167-476c-b7d2-73b3478aa8d9: valid; 0.9 s; peak memory 644 MiB.
2026-10-10T16:30:01Z INFO [473/1000] d2910fc7-d8e6-42c1-9e09-706154b8fa88: valid; 0.9 s; peak memory 644 MiB.
2026-10-10T16:30:02Z INFO [474/1000] d291b5df-060d-4ffa-8dd3-d03f2e71f763: valid; 0.6 s; peak memory 644 MiB.
2026-10-10T16:30:04Z INFO [475/1000] d291e2a3-1aec-45a7-b9f7-4383308faff3: valid; 1.8 s; peak memory 644 MiB.
2026-10-10T16:30:08Z INFO [476/1000] d2922cb6-4e7d-46be-b19e-5043af92a60a: valid; 4.2 s; peak memory 644 MiB.
2026-10-10T16:30:09Z INFO [477/1000] d292448a-9852-40a3-8014-96e307fd5ae2: valid; 0.7 s; peak memory 644 MiB.
2026-10-10T16:30:10Z INFO [478/1000] d29249a8-0a25-4c29-b5bb-6eedc84a1e87: not valid; 1.1 s; peak memory 644 MiB.
2026-10-10T16:30:11Z INFO [479/1000] d29260d7-583c-48d5-9290-a13ee89d0c6d: not valid; 1.2 s; peak memory 644 MiB.
2026-10-10T16:30:12Z INFO [480/1000] d2935792-3ae7-4935-8ba1-9c394915e57b: not valid; 1.0 s; peak memory 644 MiB.
2026-10-10T16:30:13Z INFO [481/1000] d293a148-1090-46a6-a10b-8ebe4ee7c627: not valid; 1.2 s; peak memory 644 MiB.
2026-10-10T16:30:14Z INFO [482/1000] d293fdd0-65d8-45bb-b4cb-084aef2b0a9d: valid; 0.9 s; peak memory 644 MiB.
2026-10-10T16:30:15Z INFO [483/1000] d29472cc-81a2-49f8-afec-7a65f437d0c9: not valid; 1.1 s; peak memory 644 MiB.
2026-10-10T16:30:16Z INFO [484/1000] d294d973-7188-4dc6-88a0-198f1bb50183: valid; 0.9 s; peak memory 644 MiB.
2026-10-10T16:30:17Z INFO [485/1000] d296095f-41a8-4eb8-8c95-b4796adf7063: valid; 0.6 s; peak memory 644 MiB.
2026-10-10T16:30:18Z INFO [486/1000] d296124d-ed8f-4ae1-8046-1dd9f08bf505: not valid; 1.0 s; peak memory 644 MiB.
2026-10-10T16:30:19Z INFO [487/1000] d296deb2-011a-4aa3-bad9-0fb0b6c69cae: valid; 1.1 s; peak memory 644 MiB.
2026-10-10T16:30:21Z INFO [488/1000] d2977349-7966-4ef8-9797-8bb99f29d1cf: valid; 2.4 s; peak memory 644 MiB.
2026-10-10T16:30:22Z INFO [489/1000] d297cdeb-5b21-488f-a69c-c6fe1dd406ca: valid; 0.5 s; peak memory 644 MiB.
2026-10-10T16:30:22Z INFO [490/1000] d2985610-982b-425f-8fce-a6cf6fd180b3: valid; 0.8 s; peak memory 644 MiB.
2026-10-10T16:30:24Z INFO [491/1000] d298ba78-4c85-431d-a05e-39fd85842f74: valid; 1.2 s; peak memory 644 MiB.
2026-10-10T16:30:25Z INFO [492/1000] d299f438-d020-4809-8fc2-4ae7bdc7407d: valid; 1.3 s; peak memory 644 MiB.
2026-10-10T16:30:26Z INFO [493/1000] d29b1feb-16bf-4193-bb0b-9b81afa63a7f: valid; 1.0 s; peak memory 644 MiB.
2026-10-10T16:30:29Z INFO [494/1000] d29b40e1-6c9e-42af-9e2c-7d919c0315c8: valid; 3.2 s; peak memory 644 MiB.
2026-10-10T16:30:34Z INFO [495/1000] d29b97ad-e846-4f54-9ea4-1071b8ac5e2e: valid; 4.9 s; peak memory 644 MiB.
2026-10-10T16:30:36Z INFO [496/1000] d29c6f77-3e99-4fc9-a081-3c126108cc73: valid; 1.4 s; peak memory 644 MiB.
2026-10-10T16:30:37Z INFO [497/1000] d29d202e-8542-4677-9714-771c586117d9: not valid; 1.2 s; peak memory 644 MiB.
2026-10-10T16:30:39Z INFO [498/1000] d29d37cd-4322-4cc0-818b-9c5ffe16f68b: valid; 1.9 s; peak memory 644 MiB.
2026-10-10T16:30:39Z INFO [499/1000] d29d9f83-d0fa-409b-86ee-6964dea8046d: valid; 0.8 s; peak memory 644 MiB.
2026-10-10T16:30:59Z INFO [500/1000] d29dd136-62ff-4a8e-899c-51312a4c29c0: valid; 19.5 s; peak memory 644 MiB.
2026-10-10T16:31:00Z INFO [500/1000] d29dd136-62ff-4a8e-899c-51312a4c29c0: checkpointed 202510 new records.
2026-10-10T16:31:11Z INFO [501/1000] d29e7f58-b4a0-4a1f-9355-a794c42a37b8: not valid; 10.2 s; peak memory 644 MiB.
2026-10-10T16:31:11Z INFO [502/1000] d29ed1cc-93cc-47bb-8815-5f2aecf1013c: valid; 0.8 s; peak memory 644 MiB.
2026-10-10T16:31:13Z INFO [503/1000] d29ed4ff-1d85-4aed-9395-30971c6aacc2: valid; 1.9 s; peak memory 644 MiB.
2026-10-10T16:31:15Z INFO [504/1000] d29ee451-ca58-4008-bfea-b3f0beb18c3b: not valid; 1.3 s; peak memory 644 MiB.
2026-10-10T16:31:22Z INFO [505/1000] d29f2a95-a3f7-4d13-a986-2ad4f2ae7ab9: valid; 7.2 s; peak memory 644 MiB.
2026-10-10T16:31:23Z INFO [506/1000] d29f3124-0b93-43f1-b955-3ca33ad1a2e4: valid; 1.5 s; peak memory 644 MiB.
2026-10-10T16:31:24Z INFO [507/1000] d29f9aa5-a60b-410e-bca0-b0e6079f330c: not valid; 1.1 s; peak memory 644 MiB.
2026-10-10T16:31:33Z INFO [508/1000] d29fd6cf-1b84-4f46-a64c-7d379ac6076e: valid; 8.2 s; peak memory 644 MiB.
2026-10-10T16:31:36Z INFO [509/1000] d2a03791-3a07-439e-8cad-e97039e91852: valid; 3.2 s; peak memory 644 MiB.
2026-10-10T16:31:36Z INFO [510/1000] d2a0dbd6-dcbb-4f18-8368-9270fc91751e: valid; 0.6 s; peak memory 644 MiB.
2026-10-10T16:31:37Z INFO [511/1000] d2a1a064-9159-4c05-b346-196ac85aa215: valid; 1.1 s; peak memory 644 MiB.
2026-10-10T16:31:40Z INFO [512/1000] d2a2f4c1-55fe-4e85-b6f4-37ef46da0996: valid; 2.2 s; peak memory 644 MiB.
2026-10-10T16:31:40Z INFO [513/1000] d2a3b4d3-7a95-4743-9636-aea93f0f7b20: not valid; 0.8 s; peak memory 644 MiB.
2026-10-10T16:31:46Z INFO [514/1000] d2a481f2-f3d0-47ba-aa90-f1030ca842da: not valid; 5.7 s; peak memory 644 MiB.
2026-10-10T16:31:50Z INFO [515/1000] d2a50cda-7ca4-41d0-8910-0ea80d7c1c3a: not valid; 4.2 s; peak memory 644 MiB.
2026-10-10T16:31:52Z INFO [516/1000] d2a57619-d94c-4c7f-9ecb-abaa89482eed: valid; 2.0 s; peak memory 644 MiB.
2026-10-10T16:31:54Z INFO [517/1000] d2a5b340-a152-46d1-b109-cea07ae9ec3f: valid; 1.5 s; peak memory 644 MiB.
2026-10-10T16:31:55Z INFO [518/1000] d2a5bc2a-46a8-4bdf-b0f8-bae64dce5484: valid; 1.2 s; peak memory 644 MiB.
2026-10-10T16:31:56Z INFO [519/1000] d2a62f25-ff59-4c41-bc52-8901ee761de1: valid; 1.1 s; peak memory 644 MiB.
2026-10-10T16:31:58Z INFO [520/1000] d2a71c4b-84c1-46a8-a7b6-b83d1eb3e2c5: valid; 1.9 s; peak memory 644 MiB.
2026-10-10T16:31:59Z INFO [521/1000] d2a8495b-29ef-41ff-9fe4-16105ad3e1d4: valid; 1.2 s; peak memory 644 MiB.
2026-10-10T16:32:00Z INFO [522/1000] d2a8e8ab-13b1-4bc3-b80c-c39976be9f8f: not valid; 1.0 s; peak memory 644 MiB.
2026-10-10T16:32:05Z INFO [523/1000] d2a99a28-e1a7-452c-9c69-a610545e8c6d: valid; 4.8 s; peak memory 644 MiB.
2026-10-10T16:32:06Z INFO [524/1000] d2a9cf05-0a9c-41e9-88a4-0e4be2b240c8: valid; 0.6 s; peak memory 644 MiB.
2026-10-10T16:32:06Z INFO [525/1000] d2a9da29-55d8-48aa-acfe-bab6740a1a92: not valid; 0.9 s; peak memory 644 MiB.
2026-10-10T16:32:07Z INFO [526/1000] d2aa042e-7b90-431e-a2d5-9b5280c01f15: valid; 0.8 s; peak memory 644 MiB.
2026-10-10T16:32:08Z INFO [527/1000] d2aad7c9-4bd2-4483-b4dd-5b9b6be5bc53: valid; 0.6 s; peak memory 644 MiB.
2026-10-10T16:32:09Z INFO [528/1000] d2aadaa9-e95b-46a0-983e-2c887a51e65e: valid; 1.3 s; peak memory 644 MiB.
2026-10-10T16:32:10Z INFO [529/1000] d2aafcf6-d373-4590-b924-eac0338d3cdb: valid; 1.2 s; peak memory 644 MiB.
2026-10-10T16:32:12Z INFO [530/1000] d2ab9d40-8510-4416-94cc-5ec0fee140f7: valid; 1.5 s; peak memory 644 MiB.
2026-10-10T16:32:12Z INFO [531/1000] d2abe200-eaa6-4651-80ab-76777e7b18ee: valid; 0.7 s; peak memory 644 MiB.
2026-10-10T16:32:14Z INFO [532/1000] d2ac116e-5c9f-4358-ac26-b5c3dc8e349f: valid; 1.5 s; peak memory 644 MiB.
2026-10-10T16:32:15Z INFO [533/1000] d2ac2f46-4578-4a7e-9793-d482db93a884: valid; 1.6 s; peak memory 644 MiB.
2026-10-10T16:32:18Z INFO [534/1000] d2ac4c08-0f4b-47f5-8f69-51a167f5442e: valid; 2.6 s; peak memory 644 MiB.
2026-10-10T16:32:20Z INFO [535/1000] d2ac9c77-109f-453a-a2ab-5d403f46f15d: valid; 2.1 s; peak memory 644 MiB.
2026-10-10T16:32:21Z INFO [536/1000] d2acc092-3a22-4244-ba19-55f0b0534496: valid; 0.7 s; peak memory 644 MiB.
2026-10-10T16:32:22Z WARNING d2acc789-72e3-45d6-a6c6-d5cfd4867487: failed while opening the NWB file (ConstructError: (root/acquisition/_iblmic_audioSpectrogram/bands GroupBuilder {'attributes': {'colnames': array(['freq'], dtype=object), 'description': 'spectogram frequencies', 'namespace': 'core', 'neurodata_type': 'FrequencyBandsTable', 'object_id': '94c77ff0-8fe4-4be8-b997-be7f337677df'}, 'groups': {}, 'datasets': {'freq': root/acquisition/_iblmic_audioSpectrogram/bands/freq DatasetBuilder {'attributes': {'description': 'frequency value', 'namespace': 'hdmf-common', 'neurodata_type': 'VectorData', 'object_id': 'a6c4702c-9949-432b-9801-0007d0231e86'}, 'data': <HDF5 dataset "freq": shape (257,), type "<f4">}, 'id': root/acquisition/_iblmic_audioSpectrogram/bands/id DatasetBuilder {'attributes': {'namespace': 'hdmf-common', 'neurodata_type': 'ElementIdentifiers', 'object_id': '8eecdc41-5d4a-451a-8bae-411e539a4c58'}, 'data': <HDF5 dataset "id": shape (257,), type "<i4">}}, 'links': {}}, "Could not construct FrequencyBandsTable object due to: column must have the same number of rows as 'id'"))
2026-10-10T16:32:24Z INFO [538/1000] d2ad33b6-8241-42e5-9269-5de12fe2e971: not valid; 1.6 s; peak memory 645 MiB.
2026-10-10T16:32:25Z INFO [539/1000] d2adaf4e-70f8-4d46-aa6a-505f75515dbc: valid; 1.8 s; peak memory 645 MiB.
2026-10-10T16:32:27Z INFO [540/1000] d2ade2ee-c16b-4937-9fd4-74ea3d8be059: valid; 1.9 s; peak memory 645 MiB.
2026-10-10T16:32:29Z INFO [541/1000] d2ae99bc-f619-4fc0-b6dd-f4d6eb5a11a7: valid; 1.3 s; peak memory 645 MiB.
2026-10-10T16:32:31Z INFO [542/1000] d2ae9a25-b873-4ca8-b072-c8e363224f5c: valid; 2.0 s; peak memory 645 MiB.
2026-10-10T16:32:31Z INFO [543/1000] d2aeaf0e-eb07-4fe4-bacc-cca5eec2708d: valid; 0.7 s; peak memory 645 MiB.
2026-10-10T16:32:32Z INFO [544/1000] d2af06e2-5054-40cf-b06b-4a1d5f8d63a6: not valid; 1.2 s; peak memory 645 MiB.
2026-10-10T16:32:39Z INFO [545/1000] d2afed75-88a0-479c-9755-01121fccf7fd: valid; 6.9 s; peak memory 645 MiB.
2026-10-10T16:32:41Z INFO [546/1000] d2affdfb-f8a6-4c95-8805-a784bdda886a: valid; 1.5 s; peak memory 645 MiB.
2026-10-10T16:32:42Z INFO [547/1000] d2b03e19-ded3-4369-b707-f85795eb701c: valid; 1.3 s; peak memory 645 MiB.
2026-10-10T16:32:44Z INFO [548/1000] d2b3894e-cb37-49f3-ab71-7912671e583a: valid; 2.2 s; peak memory 645 MiB.
2026-10-10T16:32:51Z INFO [549/1000] d2b4f57c-9caa-44e7-ba21-e0f4b5b4baae: valid; 6.6 s; peak memory 645 MiB.
2026-10-10T16:32:51Z INFO [550/1000] d2b4fb9f-080a-4355-828d-8522092f6fb3: valid; 0.5 s; peak memory 645 MiB.
2026-10-10T16:32:53Z INFO [550/1000] d2b4fb9f-080a-4355-828d-8522092f6fb3: checkpointed 202560 new records.
2026-10-10T16:32:54Z INFO [551/1000] d2b6d491-9054-4323-b90e-36964306cc98: not valid; 1.1 s; peak memory 645 MiB.
2026-10-10T16:32:54Z INFO [552/1000] d2b6de80-6a34-41ac-a184-bc8be094e6be: valid; 0.7 s; peak memory 645 MiB.
2026-10-10T16:32:56Z INFO [553/1000] d2b88eac-5635-4af2-9b55-e83d1d5e01c3: valid; 1.9 s; peak memory 645 MiB.
2026-10-10T16:32:57Z INFO [554/1000] d2b92e3c-c086-4a45-9448-3a93ad56bcca: valid; 0.7 s; peak memory 645 MiB.
2026-10-10T16:32:58Z INFO [555/1000] d2b94cc1-2492-46b5-bc0c-786afdf15668: valid; 0.6 s; peak memory 645 MiB.
2026-10-10T16:32:59Z INFO [556/1000] d2b95069-429e-4288-985a-bfadc160e2a3: valid; 1.8 s; peak memory 645 MiB.
2026-10-10T16:33:02Z INFO [557/1000] d2babfe3-6738-4921-b1d7-60e50b4dcfe6: not valid; 2.6 s; peak memory 645 MiB.
2026-10-10T16:33:03Z INFO [558/1000] d2bb4d3e-6e0a-4bb5-9167-b6c80bf3819c: valid; 1.2 s; peak memory 645 MiB.
2026-10-10T16:33:04Z INFO [559/1000] d2bb8153-8b25-416d-8072-a4a72daf7677: valid; 1.1 s; peak memory 645 MiB.
2026-10-10T16:33:06Z WARNING d2bbbe5a-a2fb-4d3e-830c-87d8c308f8a2: failed while opening the NWB file (ConstructError: (root/acquisition/_iblmic_audioSpectrogram/bands GroupBuilder {'attributes': {'colnames': array(['freq'], dtype=object), 'description': 'spectogram frequencies', 'namespace': 'core', 'neurodata_type': 'FrequencyBandsTable', 'object_id': '9124edc6-2b6d-493c-870e-03cbb0b4b2da'}, 'groups': {}, 'datasets': {'freq': root/acquisition/_iblmic_audioSpectrogram/bands/freq DatasetBuilder {'attributes': {'description': 'frequency value', 'namespace': 'hdmf-common', 'neurodata_type': 'VectorData', 'object_id': 'e1d267cb-4884-4594-a6df-734e9e03471b'}, 'data': <HDF5 dataset "freq": shape (257,), type "<f4">}, 'id': root/acquisition/_iblmic_audioSpectrogram/bands/id DatasetBuilder {'attributes': {'namespace': 'hdmf-common', 'neurodata_type': 'ElementIdentifiers', 'object_id': '31b8b186-0f3f-4bf3-a3da-a3ab9d95c16a'}, 'data': <HDF5 dataset "id": shape (257,), type "<i4">}}, 'links': {}}, "Could not construct FrequencyBandsTable object due to: column must have the same number of rows as 'id'"))
2026-10-10T16:33:07Z INFO [561/1000] d2bc44a4-cd18-407c-beb7-5a1da0998f3d: valid; 1.7 s; peak memory 646 MiB.
2026-10-10T16:33:09Z INFO [562/1000] d2bd2443-5df7-4c52-b776-c1204a14fcc1: valid; 1.8 s; peak memory 646 MiB.
2026-10-10T16:33:10Z INFO [563/1000] d2be315d-45fd-4a60-81e3-848f7efe3262: valid; 1.1 s; peak memory 646 MiB.
2026-10-10T16:33:11Z INFO [564/1000] d2be4c43-07e8-4401-b15c-6dc891a832da: valid; 0.6 s; peak memory 646 MiB.
2026-10-10T16:33:12Z INFO [565/1000] d2be4eb5-f555-4911-8cb1-dcc8961635cd: valid; 1.1 s; peak memory 646 MiB.
2026-10-10T16:33:13Z INFO [566/1000] d2be7941-988d-4e66-a9ec-4fb3de41bf6f: valid; 1.4 s; peak memory 646 MiB.
2026-10-10T16:33:14Z INFO [567/1000] d2be9cf6-eb41-4dd0-b73e-f94a8eeeed6d: valid; 0.6 s; peak memory 646 MiB.
2026-10-10T16:33:15Z INFO [568/1000] d2bf04a1-a20c-40ce-b943-e1ae67d0cc01: valid; 1.3 s; peak memory 646 MiB.
2026-10-10T16:33:17Z INFO [569/1000] d2bf32b2-7080-4076-a71e-ee147c0ba4eb: valid; 1.9 s; peak memory 646 MiB.
2026-10-10T16:33:19Z INFO [570/1000] d2bf6a37-1a2a-4d77-b65a-f849d7b5954a: valid; 2.1 s; peak memory 646 MiB.
2026-10-10T16:33:20Z INFO [571/1000] d2bf7d48-1d04-4dca-975d-391a1e0c378e: valid; 0.9 s; peak memory 646 MiB.
2026-10-10T16:33:21Z INFO [572/1000] d2bfb4b6-a9e2-45fc-aac4-01e7a65900d5: not valid; 0.8 s; peak memory 646 MiB.
2026-10-10T16:33:26Z INFO [573/1000] d2bfe272-d7cd-4027-98a1-b94ff12cdfe5: valid; 4.6 s; peak memory 646 MiB.
2026-10-10T16:33:30Z INFO [574/1000] d2c045cd-d7dc-4879-8d56-1d65fd9b75ca: not valid; 4.6 s; peak memory 646 MiB.
2026-10-10T16:33:31Z INFO [575/1000] d2c047ef-ddee-44e0-a042-b018b8454cc0: valid; 0.8 s; peak memory 646 MiB.
2026-10-10T16:33:34Z INFO [576/1000] d2c09e65-6b42-4d4a-bc37-179088ecf414: valid; 2.7 s; peak memory 646 MiB.
2026-10-10T16:33:35Z INFO [577/1000] d2c1362f-07b9-4a24-b463-58cfbc729186: valid; 1.6 s; peak memory 646 MiB.
2026-10-10T16:33:37Z INFO [578/1000] d2c1b681-7d46-4740-b168-d5770f9b1d6f: valid; 2.1 s; peak memory 646 MiB.
2026-10-10T16:33:38Z INFO [579/1000] d2c20f4d-67cf-4611-865d-27e64d5f1549: not valid; 1.0 s; peak memory 646 MiB.
2026-10-10T16:33:39Z INFO [580/1000] d2c26c80-50d1-4cd5-a195-5f99aa7472ad: not valid; 0.9 s; peak memory 646 MiB.
2026-10-10T16:33:42Z INFO [581/1000] d2c282c4-0020-452f-90c0-0d05f2fe894f: valid; 2.7 s; peak memory 646 MiB.
2026-10-10T16:33:43Z INFO [582/1000] d2c2db0e-776f-4c4e-b2f6-b829209fcb31: not valid; 1.0 s; peak memory 646 MiB.
2026-10-10T16:33:44Z INFO [583/1000] d2c2ef63-62d0-4508-a690-8e92f9b11bc5: not valid; 0.8 s; peak memory 646 MiB.
2026-10-10T16:33:45Z INFO [584/1000] d2c40aeb-dd71-4296-8da3-b8c8e80bdf9f: valid; 1.1 s; peak memory 646 MiB.
2026-10-10T16:33:46Z INFO [585/1000] d2c45538-4a86-4f45-8f44-9b2d9710f44a: valid; 0.8 s; peak memory 646 MiB.
2026-10-10T16:33:47Z INFO [586/1000] d2c49740-afa6-487c-ae4a-e8ba5a75e51d: not valid; 1.0 s; peak memory 646 MiB.
2026-10-10T16:33:47Z INFO [587/1000] d2c5813a-a448-4559-b635-116c2e9bf610: valid; 0.9 s; peak memory 646 MiB.
2026-10-10T16:33:47Z WARNING d2c652c0-aca3-49f8-9762-13104677b976: failed while retrieving asset information from the DANDI API (NotFoundError: No asset at path 'sub-parkinson-simulated-lfp/sub-parkinson-simulated-lfp_ses-7341_ecephys.nwb' in version 0.250327.2220. Verify the path is correct and the asset exists in this version. Use 'dandi ls' to list available assets.)
2026-10-10T16:33:50Z INFO [589/1000] d2c6abfe-4d55-4d0d-a520-80e5b089e031: valid; 2.0 s; peak memory 646 MiB.
2026-10-10T16:33:51Z INFO [590/1000] d2c6af31-fdbc-4d46-8fab-cc8d7f62d2fb: valid; 1.2 s; peak memory 646 MiB.
2026-10-10T16:33:51Z INFO [591/1000] d2c6ba33-38ae-48b1-808c-4d2a208858a4: valid; 0.4 s; peak memory 646 MiB.
2026-10-10T16:33:52Z INFO [592/1000] d2c6c565-16c1-43b0-afd2-9a7f774fa116: not valid; 1.0 s; peak memory 646 MiB.
2026-10-10T16:33:53Z INFO [593/1000] d2c79f22-5a5b-4dfb-be24-91e5f2157d0b: valid; 0.7 s; peak memory 646 MiB.
2026-10-10T16:33:54Z INFO [594/1000] d2c88a86-f893-418f-8eca-fc5ec442ff85: not valid; 1.5 s; peak memory 646 MiB.
2026-10-10T16:33:57Z INFO [595/1000] d2c8c138-a268-4221-85f0-345807988bcc: valid; 2.7 s; peak memory 646 MiB.
2026-10-10T16:33:58Z INFO [596/1000] d2c93d2d-f754-42fa-8804-0ef78a090663: valid; 1.5 s; peak memory 646 MiB.
2026-10-10T16:34:00Z INFO [597/1000] d2c9bead-4929-40b1-a3b4-ee838c887f9b: valid; 1.6 s; peak memory 646 MiB.
2026-10-10T16:34:01Z INFO [598/1000] d2ca0818-e5ca-4a44-825e-d3339364e045: valid; 0.7 s; peak memory 646 MiB.
2026-10-10T16:34:02Z INFO [599/1000] d2ca2ec1-9dad-4953-ae26-e1eeea8c29be: valid; 1.2 s; peak memory 646 MiB.
2026-10-10T16:34:04Z INFO [600/1000] d2cb8393-72d6-4aa0-90bd-517ff29a46d9: valid; 2.3 s; peak memory 646 MiB.
2026-10-10T16:34:06Z INFO [600/1000] d2cb8393-72d6-4aa0-90bd-517ff29a46d9: checkpointed 202610 new records.
2026-10-10T16:34:06Z INFO [601/1000] d2cbd310-993c-4461-ba08-0d4e15a67cda: not valid; 0.9 s; peak memory 646 MiB.
2026-10-10T16:34:07Z INFO [602/1000] d2cc89a7-e263-49eb-901f-0ecea752b5c3: valid; 0.7 s; peak memory 646 MiB.
2026-10-10T16:34:08Z INFO [603/1000] d2cc9fdb-ed50-4d81-8402-4722f1ec0224: not valid; 0.8 s; peak memory 646 MiB.
2026-10-10T16:34:09Z INFO [604/1000] d2ccd956-4097-42f6-99c8-2152c954c024: valid; 0.6 s; peak memory 646 MiB.
2026-10-10T16:34:18Z INFO [605/1000] d2ce8f76-bbe2-4ed2-b9e0-ea515de14d27: valid; 9.0 s; peak memory 646 MiB.
2026-10-10T16:34:19Z INFO [606/1000] d2cef6a3-188e-41ac-8d42-e95455c96c54: valid; 1.6 s; peak memory 646 MiB.
2026-10-10T16:34:21Z INFO [607/1000] d2cf2de9-fe06-4237-b41e-f53b10c14975: valid; 1.9 s; peak memory 646 MiB.
2026-10-10T16:34:26Z INFO [608/1000] d2cfb5ac-7037-440f-a34a-8dfc341a4eec: valid; 4.5 s; peak memory 646 MiB.
2026-10-10T16:34:27Z INFO [609/1000] d2d122db-03f3-43cb-bc3b-cf29e5de91c4: not valid; 1.4 s; peak memory 646 MiB.
2026-10-10T16:34:27Z WARNING d2d16ae6-f4f5-4e0d-aa90-c13282a31ca9: failed while retrieving asset information from the DANDI API (NotFoundError: No such Dandiset: 000948)
2026-10-10T16:34:28Z INFO [611/1000] d2d1fa02-334c-4376-ae72-319f2ea52c57: valid; 1.2 s; peak memory 646 MiB.
2026-10-10T16:34:28Z WARNING d2d20684-ef24-4b36-8308-0f2af78ba364: failed while retrieving asset information from the DANDI API (NotFoundError: No asset at path 'sub-449141/sub-449141_ses-20190603T160047_behavior+ecephys+ogen.nwb' in version 0.231012.2129. Verify the path is correct and the asset exists in this version. Use 'dandi ls' to list available assets.)
2026-10-10T16:34:29Z INFO [613/1000] d2d246e5-70de-4611-a733-a735d9a7e476: valid; 0.7 s; peak memory 646 MiB.
2026-10-10T16:34:30Z INFO [614/1000] d2d31539-6ff6-4dcf-a3e7-b6bcf423e58d: valid; 0.8 s; peak memory 646 MiB.
2026-10-10T16:34:31Z INFO [615/1000] d2d32e5f-0b2c-4441-b561-c3fbffcd9dbd: not valid; 0.9 s; peak memory 646 MiB.
2026-10-10T16:34:33Z INFO [616/1000] d2d39a7a-724f-4ad9-956e-3fa39df40981: valid; 2.6 s; peak memory 646 MiB.
2026-10-10T16:34:34Z INFO [617/1000] d2d3e436-e142-4a07-ae76-d9ab8f17ec23: valid; 0.7 s; peak memory 646 MiB.
2026-10-10T16:34:35Z INFO [618/1000] d2d4514f-d25e-434e-9f40-4e2871d6a9a3: valid; 0.9 s; peak memory 646 MiB.
2026-10-10T16:34:36Z INFO [619/1000] d2d60640-0c52-4359-970c-abc720578324: valid; 0.8 s; peak memory 646 MiB.
2026-10-10T16:34:36Z INFO [620/1000] d2d626dc-9edf-45a9-b679-6d6afdd8dc5e: valid; 0.7 s; peak memory 646 MiB.
2026-10-10T16:34:37Z INFO [621/1000] d2d69d67-6f71-4b15-942e-2e45e1cef67f: not valid; 0.9 s; peak memory 646 MiB.
2026-10-10T16:34:51Z INFO [622/1000] d2d69f35-2199-4815-a298-2f2b1700da86: not valid; 14.0 s; peak memory 646 MiB.
2026-10-10T16:34:52Z INFO [623/1000] d2d70fa8-93f5-4b37-9b9f-5a30a7f07735: valid; 0.6 s; peak memory 646 MiB.
2026-10-10T16:34:53Z INFO [624/1000] d2d76bf5-101b-4a4c-9dfc-049e7c657713: valid; 1.1 s; peak memory 646 MiB.
2026-10-10T16:34:54Z INFO [625/1000] d2d7f587-f08a-438b-b9d3-020ddc86e4b7: valid; 1.3 s; peak memory 646 MiB.
2026-10-10T16:35:00Z INFO [626/1000] d2d82757-df6a-467c-b23b-619ad6e4d79b: valid; 6.0 s; peak memory 646 MiB.
2026-10-10T16:35:01Z INFO [627/1000] d2d87780-596e-4e53-85be-f2f5508ba49c: valid; 0.4 s; peak memory 646 MiB.
2026-10-10T16:35:02Z INFO [628/1000] d2d8d213-bdec-41d3-87c5-4fa16383b36e: not valid; 1.2 s; peak memory 646 MiB.
2026-10-10T16:35:03Z INFO [629/1000] d2d8daf8-b570-45f5-9407-8c643722328b: valid; 0.8 s; peak memory 646 MiB.
2026-10-10T16:35:04Z INFO [630/1000] d2d90765-fa1f-4f22-aec9-86ce66bd6b0a: valid; 1.1 s; peak memory 646 MiB.
2026-10-10T16:35:04Z INFO [631/1000] d2d997d5-ce7a-4dee-ae0d-50a460bae817: valid; 0.7 s; peak memory 646 MiB.
2026-10-10T16:35:11Z INFO [632/1000] d2dc1e9a-76f8-4ff2-855f-16c392e7a409: valid; 6.8 s; peak memory 646 MiB.
2026-10-10T16:35:12Z INFO [633/1000] d2dc8e26-b61e-4f38-93c8-d286522f7a31: not valid; 1.0 s; peak memory 646 MiB.
2026-10-10T16:35:13Z INFO [634/1000] d2dcca2e-f485-4275-83d0-a68fe13911ab: valid; 0.7 s; peak memory 646 MiB.
2026-10-10T16:35:14Z INFO [635/1000] d2dcdc0e-62a8-46c0-9826-22a88d13055a: valid; 0.8 s; peak memory 646 MiB.
2026-10-10T16:35:14Z INFO [636/1000] d2dd7942-15cc-4f3c-9ce1-310af3c6ee03: valid; 0.7 s; peak memory 646 MiB.
2026-10-10T16:35:24Z INFO [637/1000] d2dd9503-5d58-4d12-a7da-3d37f8c509e9: valid; 9.3 s; peak memory 646 MiB.
2026-10-10T16:35:25Z INFO [638/1000] d2dd9a9a-5f6e-497e-9c4e-96b858a9f9d0: valid; 1.0 s; peak memory 646 MiB.
2026-10-10T16:35:26Z INFO [639/1000] d2de4f74-93f9-43a5-a0e3-50ae696e2660: valid; 1.6 s; peak memory 646 MiB.
2026-10-10T16:35:27Z INFO [640/1000] d2de81d6-ca11-4bc7-9e9f-9797bf61d148: not valid; 0.5 s; peak memory 646 MiB.
2026-10-10T16:35:28Z INFO [641/1000] d2de8319-5df8-452b-bd1d-250aec511acb: not valid; 1.0 s; peak memory 646 MiB.
2026-10-10T16:35:29Z INFO [642/1000] d2e079d2-94de-4fb2-8ae4-3f840e0144b1: valid; 1.4 s; peak memory 646 MiB.
2026-10-10T16:35:30Z INFO [643/1000] d2e09454-bbf5-4636-9fc6-d9372a7a12e0: valid; 1.1 s; peak memory 646 MiB.
2026-10-10T16:35:31Z INFO [644/1000] d2e1403b-e885-4d70-873c-75c7b4f04610: valid; 0.7 s; peak memory 646 MiB.
2026-10-10T16:35:32Z INFO [645/1000] d2e185b0-6d18-4815-b127-6ff6a450cff5: valid; 1.2 s; peak memory 646 MiB.
2026-10-10T16:35:34Z INFO [646/1000] d2e1e7c7-3a78-40f0-8b73-7d06c0a1a45d: not valid; 1.9 s; peak memory 646 MiB.
2026-10-10T16:35:35Z INFO [647/1000] d2e1f18f-272a-4860-a5f4-046c9293e01c: valid; 0.6 s; peak memory 646 MiB.
2026-10-10T16:35:41Z INFO [648/1000] d2e266cb-f5e8-4140-931b-2bbda14daaab: valid; 5.6 s; peak memory 646 MiB.
2026-10-10T16:35:41Z INFO [649/1000] d2e2a1f5-f708-421d-9c0e-48f989d2cb68: valid; 0.8 s; peak memory 646 MiB.
2026-10-10T16:35:43Z INFO [650/1000] d2e2a3ea-bcf2-4705-9ba7-f34a29ef8a24: not valid; 1.9 s; peak memory 646 MiB.
2026-10-10T16:35:45Z INFO [650/1000] d2e2a3ea-bcf2-4705-9ba7-f34a29ef8a24: checkpointed 202660 new records.
2026-10-10T16:35:46Z INFO [651/1000] d2e32b79-cd16-4123-9a96-8ef84b43cecc: valid; 1.4 s; peak memory 646 MiB.
2026-10-10T16:35:48Z INFO [652/1000] d2e461c6-78fb-4f85-ba4f-d8d639781e8d: not valid; 1.6 s; peak memory 646 MiB.
2026-10-10T16:35:49Z INFO [653/1000] d2e4ede4-f0d0-4fd5-8987-c5f8247a3bd2: valid; 1.5 s; peak memory 646 MiB.
2026-10-10T16:35:50Z INFO [654/1000] d2e50992-bb7c-4fc9-a611-7b84a616a852: not valid; 1.1 s; peak memory 646 MiB.
2026-10-10T16:35:54Z INFO [655/1000] d2e518f5-53e8-422f-a301-26e95843a82c: valid; 4.1 s; peak memory 646 MiB.
2026-10-10T16:35:55Z INFO [656/1000] d2e5c5cb-5a7f-4a5f-a434-47839fa3d4c8: not valid; 1.0 s; peak memory 646 MiB.
2026-10-10T16:35:58Z INFO [657/1000] d2e5f7c6-a1e1-49cf-ac71-020921f6b6b7: not valid; 2.5 s; peak memory 646 MiB.
2026-10-10T16:35:58Z INFO [658/1000] d2e60f98-a2b4-4475-94ee-24d0a1c892a0: not valid; 0.6 s; peak memory 646 MiB.
2026-10-10T16:36:00Z INFO [659/1000] d2e6ee37-d936-4a69-a221-a1c537dcf515: valid; 1.9 s; peak memory 646 MiB.
2026-10-10T16:36:01Z INFO [660/1000] d2e7a525-f0b0-4228-b636-8bb6e6733bc7: not valid; 0.7 s; peak memory 646 MiB.
2026-10-10T16:36:02Z INFO [661/1000] d2e7b920-1bc6-49ee-9034-f90a48e01061: not valid; 1.2 s; peak memory 646 MiB.
2026-10-10T16:36:03Z INFO [662/1000] d2e9c554-9eec-4110-b978-f8d5ae8623e6: not valid; 0.9 s; peak memory 646 MiB.
2026-10-10T16:36:04Z INFO [663/1000] d2e9c5c0-473e-4c8e-bb50-3f2bc357a648: valid; 0.8 s; peak memory 646 MiB.
2026-10-10T16:36:05Z INFO [664/1000] d2e9f7a6-df83-4188-974f-1a38a274a8c8: valid; 1.4 s; peak memory 646 MiB.
2026-10-10T16:36:07Z INFO [665/1000] d2eae3e9-7133-4344-bb21-f305e9839ea3: valid; 1.4 s; peak memory 646 MiB.
2026-10-10T16:36:17Z INFO [666/1000] d2eb84f3-d6b4-410e-9859-59198f891361: valid; 10.2 s; peak memory 646 MiB.
2026-10-10T16:36:18Z INFO [667/1000] d2ebc944-36ed-4992-a58a-a5bef486c411: valid; 0.7 s; peak memory 646 MiB.
2026-10-10T16:36:18Z INFO [668/1000] d2ebe0da-57a4-43e9-b44a-e22552d49051: valid; 0.9 s; peak memory 646 MiB.
2026-10-10T16:36:21Z INFO [669/1000] d2ebec2d-62f2-4c25-b62e-5c809277528d: not valid; 2.6 s; peak memory 646 MiB.
2026-10-10T16:36:22Z INFO [670/1000] d2ec6ce9-f3c2-40b9-99f9-533b4d2f46b7: valid; 0.7 s; peak memory 646 MiB.
2026-10-10T16:36:22Z INFO [671/1000] d2ecbb04-cedd-4844-bc41-2a7033f2f275: not valid; 0.6 s; peak memory 646 MiB.
2026-10-10T16:36:23Z INFO [672/1000] d2ed196b-3707-475c-b312-24739ba82d84: not valid; 0.5 s; peak memory 646 MiB.
2026-10-10T16:36:24Z INFO [673/1000] d2ed7148-7cca-4480-9cd8-c5fcfb3e4e1f: valid; 1.1 s; peak memory 646 MiB.
2026-10-10T16:36:32Z INFO [674/1000] d2ed9239-6bf0-4ca8-8ad5-d20ed6a7dda7: valid; 7.6 s; peak memory 646 MiB.
2026-10-10T16:36:32Z INFO [675/1000] d2edde19-077f-428e-b62e-9a5ae3390910: valid; 0.7 s; peak memory 646 MiB.
2026-10-10T16:36:36Z INFO [676/1000] d2ee1df5-422a-46cf-b3d3-79e29ce8145f: valid; 3.9 s; peak memory 646 MiB.
2026-10-10T16:36:37Z INFO [677/1000] d2ee6b2e-259d-4679-a8cc-6134d81dc9e7: valid; 0.6 s; peak memory 646 MiB.
2026-10-10T16:36:52Z INFO [678/1000] d2ee7507-9077-4daa-912b-026b9521bb79: valid; 15.2 s; peak memory 646 MiB.
2026-10-10T16:36:53Z INFO [679/1000] d2eeb66e-21a5-4272-8924-7f482ea668e0: not valid; 1.4 s; peak memory 646 MiB.
2026-10-10T16:36:54Z INFO [680/1000] d2ef9adf-3028-4567-95a5-4259601afeba: valid; 1.2 s; peak memory 646 MiB.
2026-10-10T16:36:56Z INFO [681/1000] d2efa1d3-61b0-4a00-8492-a2c76b97741d: valid; 1.1 s; peak memory 646 MiB.
2026-10-10T16:36:57Z INFO [682/1000] d2efb1c6-af34-4144-9951-df38b66eff45: not valid; 1.2 s; peak memory 646 MiB.
2026-10-10T16:36:58Z INFO [683/1000] d2f0a616-3917-4cc7-810c-78e545be1b1a: valid; 1.4 s; peak memory 646 MiB.
2026-10-10T16:37:09Z INFO [684/1000] d2f0ecbf-a1e6-45cd-8c80-6ec6f0ccb17a: not valid; 10.8 s; peak memory 646 MiB.
2026-10-10T16:37:11Z INFO [685/1000] d2f1238b-9ac6-483b-9312-9d96cbb42546: valid; 2.3 s; peak memory 646 MiB.
2026-10-10T16:37:12Z INFO [686/1000] d2f1c7c6-73c6-4d06-b19e-f3b02ac75f80: valid; 0.8 s; peak memory 646 MiB.
2026-10-10T16:37:13Z INFO [687/1000] d2f23763-ec32-41ef-9f80-aa21def2436b: valid; 1.3 s; peak memory 646 MiB.
2026-10-10T16:37:27Z INFO [688/1000] d2f2789d-ea1c-4b20-a8cb-f42c7d3cbdca: valid; 13.6 s; peak memory 646 MiB.
2026-10-10T16:37:28Z INFO [689/1000] d2f37f8f-1d19-4cba-9c00-c6041d45d240: valid; 0.7 s; peak memory 646 MiB.
2026-10-10T16:37:35Z INFO [690/1000] d2f37f99-6c71-4b4d-bacf-87c9ce96fefb: valid; 7.4 s; peak memory 646 MiB.
2026-10-10T16:37:36Z INFO [691/1000] d2f3ab84-cffd-43fd-896b-012882718f1a: valid; 0.7 s; peak memory 646 MiB.
2026-10-10T16:37:37Z INFO [692/1000] d2f3bc30-ae4e-4e17-8aa0-56795c2ad4b7: not valid; 1.0 s; peak memory 646 MiB.
2026-10-10T16:37:38Z INFO [693/1000] d2f584e5-44cb-4532-af3e-6714d0927f1f: valid; 1.6 s; peak memory 646 MiB.
2026-10-10T16:37:39Z INFO [694/1000] d2f5ac8e-4648-4c4d-8ff4-90d3b5c51521: valid; 0.5 s; peak memory 646 MiB.
2026-10-10T16:37:39Z INFO [695/1000] d2f5da0b-bf80-4394-b69a-8b719fd7294e: valid; 0.5 s; peak memory 646 MiB.
2026-10-10T16:37:40Z INFO [696/1000] d2f5dd10-9bc4-4b72-a349-cd261577006c: valid; 0.6 s; peak memory 646 MiB.
2026-10-10T16:37:44Z INFO [697/1000] d2f65d5e-a8f3-4136-a449-d682f5546019: valid; 4.4 s; peak memory 646 MiB.
2026-10-10T16:37:45Z INFO [698/1000] d2f923ca-782b-4a01-ac61-bc63fc4569bd: not valid; 0.9 s; peak memory 646 MiB.
2026-10-10T16:37:47Z INFO [699/1000] d2f9a7a0-574b-48c7-a78c-a7eac0dd1206: not valid; 1.5 s; peak memory 646 MiB.
2026-10-10T16:37:48Z INFO [700/1000] d2f9fb58-6570-43d6-9cfa-0d417803d636: valid; 1.3 s; peak memory 646 MiB.
2026-10-10T16:37:50Z INFO [700/1000] d2f9fb58-6570-43d6-9cfa-0d417803d636: checkpointed 202710 new records.
2026-10-10T16:38:01Z INFO [701/1000] d2fa2644-be33-4867-a8ce-6f37f3029e3b: valid; 11.1 s; peak memory 646 MiB.
2026-10-10T16:38:05Z INFO [702/1000] d2fa29b7-7476-4155-9ac3-c955b4303acc: valid; 4.8 s; peak memory 646 MiB.
2026-10-10T16:38:06Z INFO [703/1000] d2fa9751-7685-48bf-8b0c-0617309c5857: valid; 0.6 s; peak memory 646 MiB.
2026-10-10T16:38:08Z INFO [704/1000] d2fac116-ee83-4b55-8995-a3e05d7a8482: not valid; 1.4 s; peak memory 646 MiB.
2026-10-10T16:38:08Z INFO [705/1000] d2fae804-1249-4ec9-9285-3d5dc1e1cea3: not valid; 0.7 s; peak memory 646 MiB.
2026-10-10T16:38:09Z INFO [706/1000] d2fb3a73-9a62-4b83-a77b-43ea6c14421e: valid; 0.8 s; peak memory 646 MiB.
2026-10-10T16:38:11Z INFO [707/1000] d2fb5597-3bf8-4909-8e98-f9f2b04f3fac: valid; 1.9 s; peak memory 646 MiB.
2026-10-10T16:38:12Z INFO [708/1000] d2fc5ead-66d7-400d-ae99-9e63633cfb5b: not valid; 0.8 s; peak memory 646 MiB.
2026-10-10T16:38:12Z INFO [709/1000] d2fc9a63-852b-443c-9f49-41ab9ce5ff97: valid; 0.6 s; peak memory 646 MiB.
2026-10-10T16:38:16Z INFO [710/1000] d2fceed3-9a44-4a5e-9f80-32989fad4465: valid; 3.6 s; peak memory 646 MiB.
2026-10-10T16:38:26Z INFO [711/1000] d2fd075c-7bef-4e33-bf0d-bd05c04bf69a: valid; 9.9 s; peak memory 646 MiB.
2026-10-10T16:38:28Z INFO [712/1000] d2fdc738-2b36-471b-8dba-36c1d9764b3a: valid; 1.6 s; peak memory 646 MiB.
2026-10-10T16:38:28Z INFO [713/1000] d2fe289e-b7d6-46c8-b7ba-ee5eef98df51: valid; 0.8 s; peak memory 646 MiB.
2026-10-10T16:38:29Z INFO [714/1000] d2fef865-99c6-4227-88b0-11308b300f01: valid; 0.7 s; peak memory 646 MiB.
2026-10-10T16:38:30Z INFO [715/1000] d2ff3ffe-8db5-49b2-b807-d550f4a92de0: valid; 0.8 s; peak memory 646 MiB.
2026-10-10T16:38:31Z INFO [716/1000] d2ff724f-bcb7-451a-bdcb-42b3cc8641ac: valid; 1.3 s; peak memory 646 MiB.
2026-10-10T16:38:32Z INFO [717/1000] d3001cf3-9587-4943-8cc3-002bc0e1bac5: valid; 0.7 s; peak memory 646 MiB.
2026-10-10T16:38:33Z INFO [718/1000] d3002480-c48b-49e3-9958-2545e6e7bfd3: valid; 1.5 s; peak memory 646 MiB.
2026-10-10T16:38:35Z INFO [719/1000] d3005c57-3ed4-424e-bab9-ebae97c43af4: valid; 1.4 s; peak memory 646 MiB.
2026-10-10T16:38:36Z WARNING d301c6e3-3c74-4f44-8cb9-6214c2bcc9d8: failed while opening the NWB file (ConstructError: (root/acquisition/_iblmic_audioSpectrogram/bands GroupBuilder {'attributes': {'colnames': array(['freq'], dtype=object), 'description': 'spectogram frequencies', 'namespace': 'core', 'neurodata_type': 'FrequencyBandsTable', 'object_id': 'd0b91712-e56d-4840-b17d-fd73454d71bf'}, 'groups': {}, 'datasets': {'freq': root/acquisition/_iblmic_audioSpectrogram/bands/freq DatasetBuilder {'attributes': {'description': 'frequency value', 'namespace': 'hdmf-common', 'neurodata_type': 'VectorData', 'object_id': '61116a05-e5a4-4f32-925f-1a4a22d41226'}, 'data': <HDF5 dataset "freq": shape (257,), type "<f4">}, 'id': root/acquisition/_iblmic_audioSpectrogram/bands/id DatasetBuilder {'attributes': {'namespace': 'hdmf-common', 'neurodata_type': 'ElementIdentifiers', 'object_id': '4b2ebdd2-24ad-4ba4-a216-c42b0c7cb7cf'}, 'data': <HDF5 dataset "id": shape (257,), type "<i4">}}, 'links': {}}, "Could not construct FrequencyBandsTable object due to: column must have the same number of rows as 'id'"))
2026-10-10T16:38:37Z INFO [721/1000] d301d70e-0f95-4b67-a0df-313358325376: valid; 1.1 s; peak memory 646 MiB.
2026-10-10T16:38:38Z INFO [722/1000] d30277b2-3d57-4bb4-80e2-bf17974abdfe: not valid; 0.9 s; peak memory 646 MiB.
2026-10-10T16:38:39Z INFO [723/1000] d3033096-6af1-46e6-afd4-463ac3f254af: not valid; 0.7 s; peak memory 646 MiB.
2026-10-10T16:38:41Z INFO [724/1000] d30369ce-0d44-43f7-b2b2-04893e8ac98e: valid; 2.0 s; peak memory 646 MiB.
2026-10-10T16:38:41Z INFO [725/1000] d30449cb-3d96-4562-9384-14c5125c5512: valid; 0.8 s; peak memory 646 MiB.
2026-10-10T16:38:44Z INFO [726/1000] d304a48c-c634-4b15-afc0-9a8852b36615: valid; 2.3 s; peak memory 646 MiB.
2026-10-10T16:38:44Z INFO [727/1000] d304d17a-9795-4a4e-aea7-d57a0e10f930: valid; 0.7 s; peak memory 646 MiB.
2026-10-10T16:38:47Z INFO [728/1000] d304feb4-e348-4c8d-a1a7-d8f159c1a5dd: valid; 2.5 s; peak memory 646 MiB.
2026-10-10T16:38:48Z INFO [729/1000] d3053e33-4192-4394-aead-73378d82b1a4: valid; 1.4 s; peak memory 646 MiB.
2026-10-10T16:38:57Z INFO [730/1000] d3054da3-c401-4db2-ad10-d6f972b4a0a4: valid; 9.1 s; peak memory 646 MiB.
2026-10-10T16:38:58Z INFO [731/1000] d30597cc-0eab-4b2c-92f7-c95813417729: valid; 0.7 s; peak memory 646 MiB.
2026-10-10T16:39:03Z INFO [732/1000] d3059d7e-27e7-484b-b860-230c9d962fad: valid; 5.2 s; peak memory 646 MiB.
2026-10-10T16:39:04Z INFO [733/1000] d305b4e3-1cbf-4e4b-a6fc-80d4be8d0098: valid; 1.1 s; peak memory 646 MiB.
2026-10-10T16:39:04Z WARNING d3061c63-876e-49c3-b508-59aacb3e02ae: failed while retrieving asset information from the DANDI API (NotFoundError: No asset at path 'sub-healthy-simulated-beta/sub-healthy-simulated-beta_ses-9537_ecephys.nwb' in version 0.250327.2220. Verify the path is correct and the asset exists in this version. Use 'dandi ls' to list available assets.)
2026-10-10T16:39:08Z INFO [735/1000] d3062772-1320-46d9-bbf8-9fa0d5e3a608: not valid; 3.9 s; peak memory 646 MiB.
2026-10-10T16:39:09Z INFO [736/1000] d30691ba-8d03-491b-a758-2570c96dc19e: valid; 1.0 s; peak memory 646 MiB.
2026-10-10T16:39:10Z INFO [737/1000] d306fd16-5bc7-4289-8772-86f2d2366f6c: not valid; 0.9 s; peak memory 646 MiB.
2026-10-10T16:39:11Z INFO [738/1000] d307b94b-3892-4340-828e-d965b2f6208f: valid; 1.2 s; peak memory 646 MiB.
2026-10-10T16:39:12Z INFO [739/1000] d307d3b4-d6e1-4b3a-bbf0-c221987a8e80: not valid; 1.0 s; peak memory 646 MiB.
2026-10-10T16:39:13Z WARNING d307e4ff-9dfc-4693-b108-dab9b4c196e3: failed while opening the NWB file (ConstructError: (root/acquisition/event_code_meanings GroupBuilder {'attributes': {'colnames': array(['value', 'meaning'], dtype=object), 'description': 'Mapping integer event codes to event labels', 'namespace': 'ndx-events', 'neurodata_type': 'MeaningsTable', 'object_id': '96078106-43ac-4603-8c86-4ea006ffeced'}, 'groups': {}, 'datasets': {'id': root/acquisition/event_code_meanings/id DatasetBuilder {'attributes': {'namespace': 'hdmf-common', 'neurodata_type': 'ElementIdentifiers', 'object_id': 'b0a96aa1-5244-4491-9c4a-cb32a7838920'}, 'data': <HDF5 dataset "id": shape (26,), type "<i8">}, 'meaning': root/acquisition/event_code_meanings/meaning DatasetBuilder {'attributes': {'description': 'The meaning of the value in the parent CategoricalVectorData object.', 'namespace': 'hdmf-experimental', 'neurodata_type': 'VectorData', 'object_id': 'da4f7010-e831-40dd-b9aa-76fff5b5d4a3'}, 'data': <StrDataset for HDF5 dataset "meaning": shape (26,), type "|O">}, 'value': root/acquisition/event_code_meanings/value DatasetBuilder {'attributes': {'description': 'The value of the parent CategoricalVectorData object.', 'namespace': 'hdmf-experimental', 'neurodata_type': 'VectorData', 'object_id': '3fa12457-b9de-4a75-97bc-9b1fd04380c6'}, 'data': <HDF5 dataset "value": shape (26,), type "<i8">}}, 'links': {}}, "Could not construct MeaningsTable object due to: MeaningsTable.__init__: missing argument 'target'"))
2026-10-10T16:39:15Z INFO [741/1000] d3087c45-43f4-4752-9fa8-e7ed389f13e0: valid; 1.4 s; peak memory 646 MiB.
2026-10-10T16:39:17Z INFO [742/1000] d308c4d2-210c-4343-994c-648aa85159b0: valid; 2.2 s; peak memory 646 MiB.
2026-10-10T16:39:19Z INFO [743/1000] d308d0d5-ed20-4e0a-8f80-5893f48190bb: valid; 2.1 s; peak memory 646 MiB.
2026-10-10T16:39:20Z INFO [744/1000] d309486f-3933-4fcf-b8dc-f2abe12b035d: valid; 1.3 s; peak memory 646 MiB.
2026-10-10T16:39:23Z INFO [745/1000] d30967f2-c7df-4bb3-bbdd-9732ec213389: valid; 2.5 s; peak memory 646 MiB.
2026-10-10T16:39:24Z INFO [746/1000] d309804b-bc03-420d-8e27-e2521db58ca4: valid; 1.5 s; peak memory 646 MiB.
2026-10-10T16:39:32Z INFO [747/1000] d309881a-2c3a-45aa-9818-e12a19c38245: valid; 8.2 s; peak memory 646 MiB.
2026-10-10T16:39:33Z INFO [748/1000] d30a0e78-1224-48a8-9c21-0acad35220a9: valid; 0.6 s; peak memory 646 MiB.
2026-10-10T16:39:34Z INFO [749/1000] d30a2334-26b2-4dce-9fa2-07d194bc755e: valid; 0.6 s; peak memory 646 MiB.
2026-10-10T16:39:35Z INFO [750/1000] d30a4e30-5ca0-4a6c-a674-315f77ea53aa: valid; 1.7 s; peak memory 646 MiB.
2026-10-10T16:39:37Z INFO [750/1000] d30a4e30-5ca0-4a6c-a674-315f77ea53aa: checkpointed 202760 new records.
2026-10-10T16:39:38Z INFO [751/1000] d30a611a-44e6-4106-80e9-2fcbbd1bb7d4: valid; 1.0 s; peak memory 646 MiB.
2026-10-10T16:39:39Z INFO [752/1000] d30a6a61-c8d5-4680-acfd-112c3d0c17d4: valid; 1.2 s; peak memory 646 MiB.
2026-10-10T16:39:40Z INFO [753/1000] d30adbcc-1eea-4d47-8706-de56d98d3242: not valid; 1.1 s; peak memory 646 MiB.
2026-10-10T16:39:47Z INFO [754/1000] d30b6e0e-49af-4fce-95e2-50d939a4c93d: valid; 7.1 s; peak memory 646 MiB.
2026-10-10T16:39:48Z INFO [755/1000] d30c2651-aa50-424c-b174-61b45700dfad: valid; 0.6 s; peak memory 646 MiB.
2026-10-10T16:39:50Z INFO [756/1000] d30c31a5-f6e4-4db8-a4ea-2a1a33cee74c: valid; 2.6 s; peak memory 646 MiB.
2026-10-10T16:39:51Z INFO [757/1000] d30ca051-d3bc-45df-b505-228f7a955d8f: valid; 1.1 s; peak memory 646 MiB.
2026-10-10T16:39:55Z INFO [758/1000] d30d37fd-92ac-45eb-a1c1-013f2820468d: valid; 3.7 s; peak memory 646 MiB.
2026-10-10T16:40:03Z INFO [759/1000] d30d3d93-be58-4ea6-acee-90a872e47126: valid; 7.9 s; peak memory 646 MiB.
2026-10-10T16:40:06Z INFO [760/1000] d30d4099-37a7-4a10-bc79-404c27a1841c: valid; 3.0 s; peak memory 646 MiB.
2026-10-10T16:40:07Z INFO [761/1000] d30dd3e1-4aea-4d80-9c21-7eb5eb1d01fe: valid; 1.3 s; peak memory 646 MiB.
2026-10-10T16:40:09Z INFO [762/1000] d30e472e-d3fa-46b1-abf4-ec9815390f95: valid; 1.6 s; peak memory 646 MiB.
2026-10-10T16:40:10Z INFO [763/1000] d30e81bf-0bcd-4142-809f-3b4bf8974d40: valid; 1.2 s; peak memory 646 MiB.
2026-10-10T16:40:13Z INFO [764/1000] d30f098a-8061-451e-8a9a-00e362d9cdaf: valid; 3.3 s; peak memory 646 MiB.
2026-10-10T16:40:15Z INFO [765/1000] d31049b0-1e2f-4491-aa89-e9b7be439264: valid; 1.5 s; peak memory 646 MiB.
2026-10-10T16:40:16Z INFO [766/1000] d3106f1d-39e8-4baf-b11a-70ac907c3a67: not valid; 0.9 s; peak memory 646 MiB.
2026-10-10T16:40:17Z INFO [767/1000] d310a453-9ed3-49b7-b99e-d5d0d6d32caa: valid; 0.7 s; peak memory 646 MiB.
2026-10-10T16:40:18Z WARNING d310a7db-a25a-43f7-bd66-f6c766c4467c: failed while opening the NWB file (ConstructError: (root/acquisition/event_code_meanings GroupBuilder {'attributes': {'colnames': array(['value', 'meaning'], dtype=object), 'description': 'Mapping integer event codes to event labels', 'namespace': 'ndx-events', 'neurodata_type': 'MeaningsTable', 'object_id': '76203753-a535-4af8-ae24-29ae98423e3c'}, 'groups': {}, 'datasets': {'id': root/acquisition/event_code_meanings/id DatasetBuilder {'attributes': {'namespace': 'hdmf-common', 'neurodata_type': 'ElementIdentifiers', 'object_id': '28068cce-de0a-4da3-b795-500d9b743221'}, 'data': <HDF5 dataset "id": shape (26,), type "<i8">}, 'meaning': root/acquisition/event_code_meanings/meaning DatasetBuilder {'attributes': {'description': 'The meaning of the value in the parent CategoricalVectorData object.', 'namespace': 'hdmf-experimental', 'neurodata_type': 'VectorData', 'object_id': 'a401c478-bf63-402a-a72d-24e85c041031'}, 'data': <StrDataset for HDF5 dataset "meaning": shape (26,), type "|O">}, 'value': root/acquisition/event_code_meanings/value DatasetBuilder {'attributes': {'description': 'The value of the parent CategoricalVectorData object.', 'namespace': 'hdmf-experimental', 'neurodata_type': 'VectorData', 'object_id': 'be71d215-4b88-4524-9e29-1732f3cdca9a'}, 'data': <HDF5 dataset "value": shape (26,), type "<i8">}}, 'links': {}}, "Could not construct MeaningsTable object due to: MeaningsTable.__init__: missing argument 'target'"))
2026-10-10T16:40:19Z INFO [769/1000] d310bfcf-e3ba-45e1-98a2-3682b3462880: valid; 1.4 s; peak memory 646 MiB.
2026-10-10T16:40:34Z INFO [770/1000] d31181c5-0b94-4343-bb49-a3a3682d7857: not valid; 14.7 s; peak memory 646 MiB.
2026-10-10T16:40:34Z INFO [771/1000] d312600a-8ff3-4265-ab82-4ddd85752c6b: valid; 0.7 s; peak memory 646 MiB.
2026-10-10T16:40:36Z INFO [772/1000] d3129cae-ac2d-455d-9d0e-7847ceb34c2c: valid; 1.8 s; peak memory 646 MiB.
2026-10-10T16:40:37Z WARNING d312b036-b2a5-4fec-98b1-903e299ffbfa: failed while opening the NWB file (ConstructError: (root/acquisition/_iblmic_audioSpectrogram/bands GroupBuilder {'attributes': {'colnames': array(['freq'], dtype=object), 'description': 'spectogram frequencies', 'namespace': 'core', 'neurodata_type': 'FrequencyBandsTable', 'object_id': '269d6077-b68a-4073-af17-023cc2fddf94'}, 'groups': {}, 'datasets': {'freq': root/acquisition/_iblmic_audioSpectrogram/bands/freq DatasetBuilder {'attributes': {'description': 'frequency value', 'namespace': 'hdmf-common', 'neurodata_type': 'VectorData', 'object_id': 'ebed6c79-80f6-447f-891b-b33636a0de54'}, 'data': <HDF5 dataset "freq": shape (257,), type "<f4">}, 'id': root/acquisition/_iblmic_audioSpectrogram/bands/id DatasetBuilder {'attributes': {'namespace': 'hdmf-common', 'neurodata_type': 'ElementIdentifiers', 'object_id': 'fcb670bf-d53a-4038-8c06-dc902b8f2d75'}, 'data': <HDF5 dataset "id": shape (257,), type "<i4">}}, 'links': {}}, "Could not construct FrequencyBandsTable object due to: column must have the same number of rows as 'id'"))
2026-10-10T16:40:39Z INFO [774/1000] d31379e1-afd7-4f6e-9614-ade3b75083e9: valid; 1.8 s; peak memory 646 MiB.
2026-10-10T16:40:40Z INFO [775/1000] d3139b17-afe2-4e15-9c35-a6964e4efd73: valid; 0.6 s; peak memory 646 MiB.
2026-10-10T16:40:43Z INFO [776/1000] d31410ad-d621-4019-891f-8bc769d61f13: valid; 2.9 s; peak memory 646 MiB.
2026-10-10T16:40:43Z INFO [777/1000] d314d65f-8c85-4725-914c-02a053bf3514: valid; 0.6 s; peak memory 646 MiB.
2026-10-10T16:40:44Z INFO [778/1000] d314ff7c-d6d8-4a9d-a323-dba00aec31f7: valid; 1.1 s; peak memory 646 MiB.
2026-10-10T16:40:46Z INFO [779/1000] d3153206-97cc-46c5-a817-c4d7a26ba9be: valid; 1.7 s; peak memory 646 MiB.
2026-10-10T16:40:53Z INFO [780/1000] d315c2bf-c309-4b92-b1e6-006fa84d9f2f: valid; 6.6 s; peak memory 646 MiB.
2026-10-10T16:40:54Z INFO [781/1000] d315f128-51a8-4a5f-8a16-c066c752da45: valid; 1.5 s; peak memory 646 MiB.
2026-10-10T16:40:55Z INFO [782/1000] d316e464-a716-4ed6-b759-9881eee6a73c: valid; 0.9 s; peak memory 646 MiB.
2026-10-10T16:40:56Z INFO [783/1000] d3171ed1-ca4e-4d71-ba49-b17e191d69b4: not valid; 1.0 s; peak memory 646 MiB.
2026-10-10T16:40:57Z INFO [784/1000] d3173d07-6727-41cd-988a-907e54253e65: valid; 1.4 s; peak memory 646 MiB.
2026-10-10T16:40:59Z INFO [785/1000] d31820bc-5fda-4865-876a-4c1b2c18e5e1: valid; 1.5 s; peak memory 646 MiB.
2026-10-10T16:41:04Z INFO [786/1000] d31831a4-c213-4cfe-91f2-9bb41cbae855: valid; 5.4 s; peak memory 646 MiB.
2026-10-10T16:41:06Z INFO [787/1000] d3188163-b258-4137-8e42-21b9aea139ec: valid; 1.3 s; peak memory 646 MiB.
2026-10-10T16:41:07Z INFO [788/1000] d3193f47-40d2-4649-8880-4ce35401be84: valid; 1.6 s; peak memory 646 MiB.
2026-10-10T16:41:08Z INFO [789/1000] d319bc03-d2d3-43b2-b9a1-3b1c0ca965a5: not valid; 0.7 s; peak memory 646 MiB.
2026-10-10T16:41:08Z INFO [790/1000] d319d509-3017-4246-b050-adf50252ab3a: valid; 0.6 s; peak memory 646 MiB.
2026-10-10T16:41:09Z INFO [791/1000] d31a5081-899b-4e99-a63b-d9fba37d3b55: not valid; 1.0 s; peak memory 646 MiB.
2026-10-10T16:41:10Z INFO [792/1000] d31c16df-bac3-41cf-b284-753ae54d33d4: not valid; 1.0 s; peak memory 646 MiB.
2026-10-10T16:41:12Z INFO [793/1000] d31c591d-e409-460b-a6ac-dd92ddb99a70: valid; 1.4 s; peak memory 646 MiB.
2026-10-10T16:41:14Z INFO [794/1000] d31c8f0a-6daa-4333-9692-11952c24f0f7: not valid; 1.9 s; peak memory 646 MiB.
2026-10-10T16:41:19Z INFO [795/1000] d31cf810-b74c-4064-8a30-e7d390a6a9f5: valid; 5.6 s; peak memory 646 MiB.
2026-10-10T16:41:21Z INFO [796/1000] d31d051b-aae8-4453-8742-a08098534a7a: valid; 1.2 s; peak memory 646 MiB.
2026-10-10T16:41:21Z INFO [797/1000] d31d6c49-62a5-45c1-a1a2-a6a903d13d8b: valid; 0.7 s; peak memory 646 MiB.
2026-10-10T16:41:23Z INFO [798/1000] d31dc6c5-33b1-4ea7-abe5-87e4865da9ce: valid; 2.2 s; peak memory 646 MiB.
2026-10-10T16:41:24Z INFO [799/1000] d31dfa6d-99e0-425e-ae64-28b1720ea8b3: valid; 0.6 s; peak memory 646 MiB.
2026-10-10T16:41:27Z INFO [800/1000] d31e42d9-9a92-4998-80a0-60385b2e2473: valid; 2.4 s; peak memory 646 MiB.
2026-10-10T16:41:28Z INFO [800/1000] d31e42d9-9a92-4998-80a0-60385b2e2473: checkpointed 202810 new records.
2026-10-10T16:41:29Z INFO [801/1000] d31ed936-4ffe-438d-8096-553621b55c29: valid; 1.5 s; peak memory 646 MiB.
2026-10-10T16:41:30Z INFO [802/1000] d31f2e0a-9329-4f85-baa6-22df39545bc2: valid; 0.6 s; peak memory 646 MiB.
2026-10-10T16:41:31Z WARNING d31fbfa2-d0bd-4607-9016-e5ddd25e1467: failed while opening the NWB file (ConstructError: (root/acquisition/event_code_meanings GroupBuilder {'attributes': {'colnames': array(['value', 'meaning'], dtype=object), 'description': 'Mapping integer event codes to event labels', 'namespace': 'ndx-events', 'neurodata_type': 'MeaningsTable', 'object_id': '6fbee761-a4c0-4f9d-bc1c-371093cf1a0b'}, 'groups': {}, 'datasets': {'id': root/acquisition/event_code_meanings/id DatasetBuilder {'attributes': {'namespace': 'hdmf-common', 'neurodata_type': 'ElementIdentifiers', 'object_id': 'b50d985f-4c24-4a71-9e41-8ad9a0ba348e'}, 'data': <HDF5 dataset "id": shape (26,), type "<i8">}, 'meaning': root/acquisition/event_code_meanings/meaning DatasetBuilder {'attributes': {'description': 'The meaning of the value in the parent CategoricalVectorData object.', 'namespace': 'hdmf-experimental', 'neurodata_type': 'VectorData', 'object_id': 'c9d785a1-eb91-4158-aef7-9bb3c13f12ea'}, 'data': <StrDataset for HDF5 dataset "meaning": shape (26,), type "|O">}, 'value': root/acquisition/event_code_meanings/value DatasetBuilder {'attributes': {'description': 'The value of the parent CategoricalVectorData object.', 'namespace': 'hdmf-experimental', 'neurodata_type': 'VectorData', 'object_id': 'c8536c62-5401-4df6-bb15-7e9eb7ca27ef'}, 'data': <HDF5 dataset "value": shape (26,), type "<i8">}}, 'links': {}}, "Could not construct MeaningsTable object due to: MeaningsTable.__init__: missing argument 'target'"))
2026-10-10T16:41:33Z INFO [804/1000] d3202472-a5ea-47c2-a035-ed8734ac7f11: valid; 1.6 s; peak memory 646 MiB.
2026-10-10T16:41:33Z WARNING d32069d0-5392-4eb1-937b-d6a280415ea5: failed while retrieving asset information from the DANDI API (NotFoundError: No asset at path 'sub-695763/sub-695763_ses-1317661297_probe-0_ecephys.nwb' in version 0.250311.2145. Verify the path is correct and the asset exists in this version. Use 'dandi ls' to list available assets.)
2026-10-10T16:41:34Z INFO [806/1000] d32088b8-887d-44ac-9948-7ba68d797405: valid; 0.8 s; peak memory 646 MiB.
2026-10-10T16:41:34Z INFO [807/1000] d3209970-befd-43fb-bae6-844c7ec7b67a: valid; 0.7 s; peak memory 646 MiB.
2026-10-10T16:41:36Z INFO [808/1000] d321bab8-3f4d-4822-9782-06e688997189: valid; 1.2 s; peak memory 646 MiB.
2026-10-10T16:41:37Z INFO [809/1000] d321e552-9056-406c-931b-05a9cee9d8f2: valid; 1.7 s; peak memory 646 MiB.
2026-10-10T16:41:38Z INFO [810/1000] d3220256-b500-4da1-8b03-ec04b570ebde: valid; 0.8 s; peak memory 646 MiB.
2026-10-10T16:41:41Z INFO [811/1000] d3221e93-52ef-468d-af55-b173d55213dd: valid; 3.2 s; peak memory 646 MiB.
2026-10-10T16:41:43Z INFO [812/1000] d3237a6e-2d76-4c25-98b5-6b82244231c0: valid; 1.8 s; peak memory 646 MiB.
2026-10-10T16:41:45Z INFO [813/1000] d323fbcd-9357-4653-a856-a6b6ee91c3f0: valid; 1.6 s; peak memory 646 MiB.
2026-10-10T16:41:45Z INFO [814/1000] d3246010-8d53-45eb-9802-32b751fa9ba1: not valid; 0.9 s; peak memory 646 MiB.
2026-10-10T16:41:46Z WARNING d3247c24-aadf-4ac3-aec3-ec7383a084cb: failed while opening the NWB file (PathNotFoundError: nothing found at path '')
2026-10-10T16:41:47Z INFO [816/1000] d3249c2a-5272-493a-8db6-f39e96874a13: valid; 0.5 s; peak memory 646 MiB.
2026-10-10T16:41:48Z INFO [817/1000] d324cff3-2125-49e1-831a-c90479b07048: valid; 1.1 s; peak memory 646 MiB.
2026-10-10T16:41:55Z INFO [818/1000] d3251a71-dd79-4690-8ac3-9a60a4e5f225: valid; 6.9 s; peak memory 646 MiB.
2026-10-10T16:41:56Z INFO [819/1000] d326ea66-5db8-4b3a-92e1-69e635cfa3c8: valid; 1.8 s; peak memory 646 MiB.
2026-10-10T16:41:58Z INFO [820/1000] d3279d38-ba85-4fb3-9b2a-fbbcfadcef21: not valid; 1.3 s; peak memory 646 MiB.
2026-10-10T16:41:59Z INFO [821/1000] d327dad1-b47c-473f-a5c6-22688da48980: valid; 1.4 s; peak memory 646 MiB.
2026-10-10T16:42:03Z INFO [822/1000] d327fade-8d1d-4c86-bdad-ae6f2c2f73f3: not valid; 4.1 s; peak memory 646 MiB.
2026-10-10T16:42:04Z INFO [823/1000] d3280c6e-38e7-42c9-8651-3e99b23b6274: valid; 0.8 s; peak memory 646 MiB.
2026-10-10T16:42:05Z INFO [824/1000] d328971b-fc6c-402a-a4b1-6b73832f1141: valid; 0.7 s; peak memory 646 MiB.
2026-10-10T16:42:05Z INFO [825/1000] d328ac35-d54f-4ecf-b3f1-e13c48c3e7fb: valid; 0.7 s; peak memory 646 MiB.
2026-10-10T16:42:07Z INFO [826/1000] d3298fa1-64be-42f1-a86d-2f0b471240b7: valid; 1.6 s; peak memory 646 MiB.
2026-10-10T16:42:08Z INFO [827/1000] d329b6f4-6bc3-486e-8463-5bdd01e84e19: valid; 0.9 s; peak memory 646 MiB.
2026-10-10T16:42:09Z INFO [828/1000] d329c5c1-6326-404f-904c-291180aa75b3: valid; 1.0 s; peak memory 646 MiB.
2026-10-10T16:42:13Z INFO [829/1000] d32a0f34-e7a6-4c30-9af3-a9c44c084d62: valid; 3.7 s; peak memory 646 MiB.
2026-10-10T16:42:14Z INFO [830/1000] d32aed8b-8069-41b3-a026-bc92f98f10c1: valid; 1.5 s; peak memory 646 MiB.
2026-10-10T16:42:15Z INFO [831/1000] d32b312c-b62a-4146-b663-18d55dbef17c: not valid; 1.1 s; peak memory 646 MiB.
2026-10-10T16:42:17Z WARNING d32b72dc-399f-4523-ab4a-8e52bdbdecfa: failed while opening the NWB file (ConstructError: (root/general/optogenetics/PatternedOptogeneticStimulusSite GroupBuilder {'attributes': {'effector': 'GUR-3/PRDX-2', 'namespace': 'ndx-patterned-ogen', 'neurodata_type': 'PatternedOptogeneticStimulusSite', 'object_id': '245e99df-dda0-4715-9d8b-e1586dac7f0d'}, 'groups': {}, 'datasets': {'description': root/general/optogenetics/PatternedOptogeneticStimulusSite/description DatasetBuilder {'attributes': {}, 'data': 'Scanning'}, 'excitation_lambda': root/general/optogenetics/PatternedOptogeneticStimulusSite/excitation_lambda DatasetBuilder {'attributes': {}, 'data': np.float64(850.0)}, 'location': root/general/optogenetics/PatternedOptogeneticStimulusSite/location DatasetBuilder {'attributes': {}, 'data': 'whole brain'}}, 'links': {'device': root/general/optogenetics/PatternedOptogeneticStimulusSite/device LinkBuilder {'builder': root/general/devices/OptogeneticDevice GroupBuilder {'attributes': {'description': '', 'namespace': 'core', 'neurodata_type': 'Device', 'object_id': '5373729c-9e82-451a-bf9f-eaf7350c91f7'}, 'groups': {}, 'datasets': {}, 'links': {}}}, 'light_source': root/general/optogenetics/PatternedOptogeneticStimulusSite/light_source LinkBuilder {'builder': root/general/devices/AmplifiedLaser GroupBuilder {'attributes': {'description': 'For two-photon optogenetic targeting, we used an optical parametric amplifier (OPA; Light Conversion ORPHEUS) pumped by a femtosecond amplified laser (Light Conversion PHAROS).', 'filter_description': 'Short pass at 1040 nm', 'manufacturer': 'Light Conversion', 'model': 'ORPHEUS amplifier and PHAROS laser', 'namespace': 'ndx-patterned-ogen', 'neurodata_type': 'LightSource', 'object_id': 'fa21139c-33f0-42ff-b07d-d2d54cd5f317', 'peak_power_in_W': np.float64(0.0012), 'pulse_rate_in_Hz': np.float64(500000.0), 'stimulation_wavelength_in_nm': np.float64(850.0)}, 'groups': {}, 'datasets': {}, 'links': {}}}}}, "Could not construct PatternedOptogeneticStimulusSite object due to: CustomClassGenerator.set_init.<locals>.__init__: incorrect type for 'spatial_light_modulator' (got 'list', expected 'Device')"))
2026-10-10T16:42:18Z INFO [833/1000] d32cb8d2-9ffe-49b6-a8e6-a0db649dbbce: not valid; 1.1 s; peak memory 646 MiB.
2026-10-10T16:42:23Z INFO [834/1000] d32cee18-d5cf-4ed1-ad48-21b89bf39f29: valid; 5.7 s; peak memory 646 MiB.
2026-10-10T16:42:25Z INFO [835/1000] d32d9810-130e-4e13-9491-9517fe1473ac: valid; 1.8 s; peak memory 646 MiB.
2026-10-10T16:42:30Z INFO [836/1000] d32dd658-6da5-4e73-a3a3-3f978f24c0a5: valid; 4.8 s; peak memory 646 MiB.
2026-10-10T16:42:31Z WARNING d32e3676-fae6-471f-b298-2f2bb9a18bbe: failed while opening the NWB file (ConstructError: (root/acquisition/_iblmic_audioSpectrogram/bands GroupBuilder {'attributes': {'colnames': array(['freq'], dtype=object), 'description': 'spectogram frequencies', 'namespace': 'core', 'neurodata_type': 'FrequencyBandsTable', 'object_id': '3ddc3bab-7453-412d-8057-ea325973bc6b'}, 'groups': {}, 'datasets': {'freq': root/acquisition/_iblmic_audioSpectrogram/bands/freq DatasetBuilder {'attributes': {'description': 'frequency value', 'namespace': 'hdmf-common', 'neurodata_type': 'VectorData', 'object_id': '6344e734-c2ab-46ba-85a7-206840241ef9'}, 'data': <HDF5 dataset "freq": shape (257,), type "<f4">}, 'id': root/acquisition/_iblmic_audioSpectrogram/bands/id DatasetBuilder {'attributes': {'namespace': 'hdmf-common', 'neurodata_type': 'ElementIdentifiers', 'object_id': '2d076370-eada-45a0-82fa-fa2a8c86e5fb'}, 'data': <HDF5 dataset "id": shape (257,), type "<i4">}}, 'links': {}}, "Could not construct FrequencyBandsTable object due to: column must have the same number of rows as 'id'"))
2026-10-10T16:42:33Z INFO [838/1000] d32e6bd6-81df-4485-a2fb-550b48ca8b25: valid; 1.3 s; peak memory 646 MiB.
2026-10-10T16:42:33Z INFO [839/1000] d32f7646-5d15-46ba-aa4a-0faa3e26f5bf: valid; 0.5 s; peak memory 646 MiB.
2026-10-10T16:42:34Z INFO [840/1000] d32fc82a-8013-4b73-acfd-b1c54c872ad0: valid; 0.6 s; peak memory 646 MiB.
2026-10-10T16:42:35Z INFO [841/1000] d33000fc-6b2f-4d1b-801c-c65385ed5f0b: valid; 1.6 s; peak memory 646 MiB.
2026-10-10T16:42:41Z INFO [842/1000] d330d1fd-d043-4241-933a-8a969137078c: valid; 6.0 s; peak memory 646 MiB.
2026-10-10T16:42:42Z INFO [843/1000] d3318145-61a3-40b6-8db2-1591df1801b2: not valid; 0.8 s; peak memory 646 MiB.
2026-10-10T16:42:44Z INFO [844/1000] d3322a74-ef74-4fc7-9d2c-85fba0d5e4ad: valid; 1.5 s; peak memory 646 MiB.
2026-10-10T16:42:48Z INFO [845/1000] d332ccce-bf90-4887-beed-d877af06453f: valid; 4.2 s; peak memory 646 MiB.
2026-10-10T16:42:49Z INFO [846/1000] d332d76b-ce89-4975-9031-6023ff3ab6c9: valid; 1.4 s; peak memory 646 MiB.
2026-10-10T16:42:50Z INFO [847/1000] d3335a87-e90b-4bce-a240-1e3ffba15760: valid; 0.7 s; peak memory 646 MiB.
2026-10-10T16:42:51Z INFO [848/1000] d3336c59-0dee-4326-b390-ea1fd5e4c384: valid; 0.7 s; peak memory 646 MiB.
2026-10-10T16:42:52Z INFO [849/1000] d33373ae-9711-4636-8bc0-734481af6bba: valid; 0.9 s; peak memory 646 MiB.
2026-10-10T16:42:52Z INFO [850/1000] d33409be-b991-40c2-bf2b-a79c9eb63469: valid; 0.6 s; peak memory 646 MiB.
2026-10-10T16:42:53Z INFO [850/1000] d33409be-b991-40c2-bf2b-a79c9eb63469: checkpointed 202860 new records.
2026-10-10T16:42:54Z INFO [851/1000] d3344f6d-a46a-44fb-8308-9fee8a59e2db: valid; 0.7 s; peak memory 646 MiB.
2026-10-10T16:42:58Z INFO [852/1000] d334ad8d-2bdf-4bb2-bb0b-8a7bdb9e95ea: valid; 3.7 s; peak memory 646 MiB.
2026-10-10T16:43:03Z INFO [853/1000] d334fa2e-ad47-4465-900d-2e186a92e8e5: valid; 5.2 s; peak memory 646 MiB.
2026-10-10T16:43:04Z INFO [854/1000] d3355671-49f3-4302-80b7-c7049a4591ec: valid; 0.8 s; peak memory 646 MiB.
2026-10-10T16:43:04Z INFO [855/1000] d335b371-5285-4b89-a17d-98ab5842074b: valid; 0.5 s; peak memory 646 MiB.
2026-10-10T16:43:05Z INFO [856/1000] d335e90f-e346-41ac-a5e2-3f2561706932: not valid; 0.9 s; peak memory 646 MiB.
2026-10-10T16:43:15Z INFO [857/1000] d335eabf-1465-4f5f-9f02-3afe4ff4b4f9: valid; 9.3 s; peak memory 646 MiB.
2026-10-10T16:43:15Z INFO [858/1000] d3366294-95dc-4bf2-958b-335b4e8f1452: not valid; 0.6 s; peak memory 646 MiB.
2026-10-10T16:43:16Z INFO [859/1000] d33680e6-b6fb-4d22-a3b2-b87864b84b36: valid; 1.0 s; peak memory 646 MiB.
2026-10-10T16:43:18Z INFO [860/1000] d337183b-33c9-4674-8d22-7de4eb0ecb7a: valid; 1.5 s; peak memory 646 MiB.
2026-10-10T16:43:18Z INFO [861/1000] d33751f3-8b72-4c6d-9d93-b5ac2546a533: not valid; 0.5 s; peak memory 646 MiB.
2026-10-10T16:43:19Z INFO [862/1000] d337b60d-a4d1-40be-b4ea-e224f2a23c14: not valid; 0.9 s; peak memory 646 MiB.
2026-10-10T16:43:21Z INFO [863/1000] d3381a06-0c07-460b-9a18-6ea5744641df: valid; 2.4 s; peak memory 646 MiB.
2026-10-10T16:43:22Z INFO [864/1000] d3386874-1ce1-4c97-b95d-d21acbe5c0d3: valid; 0.9 s; peak memory 646 MiB.
2026-10-10T16:43:24Z INFO [865/1000] d338b2ca-03f8-442a-80b4-74e152b2ff30: valid; 1.5 s; peak memory 646 MiB.
2026-10-10T16:43:24Z INFO [866/1000] d33a7d39-ed8b-4e3c-b919-9fa691fdb110: valid; 0.6 s; peak memory 646 MiB.
2026-10-10T16:43:26Z INFO [867/1000] d33abea3-6c52-4648-8323-f888504814e0: valid; 1.9 s; peak memory 646 MiB.
2026-10-10T16:43:27Z INFO [868/1000] d33ad761-85df-47ca-8721-9e50006aa924: valid; 0.6 s; peak memory 646 MiB.
2026-10-10T16:43:28Z INFO [869/1000] d33b3f8c-c390-4ec6-8566-5b32e790d8c6: valid; 1.3 s; peak memory 646 MiB.
2026-10-10T16:43:29Z INFO [870/1000] d33becf5-cab2-4b7d-adaa-8b4d44ebda92: valid; 0.7 s; peak memory 646 MiB.
2026-10-10T16:43:30Z INFO [871/1000] d33c2bc0-8377-40ae-80a0-f175ec8b0f7e: valid; 0.6 s; peak memory 646 MiB.
2026-10-10T16:43:31Z WARNING d33c9040-0418-4aa2-83da-913a6853c299: failed while opening the NWB file (ConstructError: (root/acquisition/_iblmic_audioSpectrogram/bands GroupBuilder {'attributes': {'colnames': array(['freq'], dtype=object), 'description': 'spectogram frequencies', 'namespace': 'core', 'neurodata_type': 'FrequencyBandsTable', 'object_id': '34c58506-f752-439d-9e72-9540e0aefab3'}, 'groups': {}, 'datasets': {'freq': root/acquisition/_iblmic_audioSpectrogram/bands/freq DatasetBuilder {'attributes': {'description': 'frequency value', 'namespace': 'hdmf-common', 'neurodata_type': 'VectorData', 'object_id': '23daeaa3-2384-4c1a-981a-88ee5243c4cd'}, 'data': <HDF5 dataset "freq": shape (257,), type "<f4">}, 'id': root/acquisition/_iblmic_audioSpectrogram/bands/id DatasetBuilder {'attributes': {'namespace': 'hdmf-common', 'neurodata_type': 'ElementIdentifiers', 'object_id': '2551faa3-0935-4467-beb2-8dc84b6e1beb'}, 'data': <HDF5 dataset "id": shape (257,), type "<i4">}}, 'links': {}}, "Could not construct FrequencyBandsTable object due to: column must have the same number of rows as 'id'"))
2026-10-10T16:43:32Z INFO [873/1000] d33ce93b-d748-422b-9ff0-279d035ffb7c: valid; 1.1 s; peak memory 646 MiB.
2026-10-10T16:43:33Z INFO [874/1000] d33d3ffc-f478-46f1-81e3-6c885cbcf27f: valid; 0.9 s; peak memory 646 MiB.
2026-10-10T16:43:34Z INFO [875/1000] d33d8c75-e6c0-4b08-bba7-e4d1ab7a33d0: valid; 0.7 s; peak memory 646 MiB.
2026-10-10T16:43:35Z INFO [876/1000] d33e494b-fbf6-4263-a86b-3e250f926a6f: valid; 1.5 s; peak memory 646 MiB.
2026-10-10T16:43:36Z INFO [877/1000] d33e5ba5-bb72-4ccd-beec-52a275bbc2fc: valid; 1.2 s; peak memory 646 MiB.
2026-10-10T16:43:40Z INFO [878/1000] d33eac0c-3b69-4af5-84a4-efc670afbe79: valid; 3.4 s; peak memory 646 MiB.
2026-10-10T16:43:41Z INFO [879/1000] d33f8f2a-16c1-426b-b709-bfe2a223aac3: valid; 1.1 s; peak memory 646 MiB.
2026-10-10T16:43:42Z INFO [880/1000] d33fe4cc-b8bf-49b7-b9b8-ba5f3de0acb3: valid; 1.0 s; peak memory 646 MiB.
2026-10-10T16:43:57Z INFO [881/1000] d3403714-64e3-46ed-b340-685a33f55d2d: valid; 15.5 s; peak memory 646 MiB.
2026-10-10T16:43:59Z INFO [882/1000] d34050a8-dd81-446d-ad9d-6500dc231dc1: valid; 1.3 s; peak memory 646 MiB.
2026-10-10T16:44:01Z INFO [883/1000] d3405167-5dd5-40a3-9cb1-54e9b698dfcf: valid; 2.4 s; peak memory 646 MiB.
2026-10-10T16:44:08Z INFO [884/1000] d3405972-0cab-46a5-b8f5-5d90e83b8850: not valid; 7.0 s; peak memory 646 MiB.
2026-10-10T16:44:09Z INFO [885/1000] d340a1ff-f6b6-47ab-946e-e0b326f79960: not valid; 1.1 s; peak memory 646 MiB.
2026-10-10T16:44:10Z INFO [886/1000] d3413e77-4a71-42d3-a749-20b999755e83: valid; 1.0 s; peak memory 646 MiB.
2026-10-10T16:44:10Z WARNING d34176c7-8596-4aec-8876-7b264828204b: failed while retrieving asset information from the DANDI API (NotFoundError: No asset at path 'sub-F13/sub-F13_ses-TD1NoShock.nwb' in version 0.260902.1724. Verify the path is correct and the asset exists in this version. Use 'dandi ls' to list available assets.)
2026-10-10T16:44:11Z INFO [888/1000] d3421c1c-f2f5-43f9-b1a0-036c50ce28f7: not valid; 1.0 s; peak memory 646 MiB.
2026-10-10T16:44:12Z INFO [889/1000] d34239ae-6ec2-4ac8-a2ce-697bdebc4707: valid; 0.5 s; peak memory 646 MiB.
2026-10-10T16:44:12Z WARNING d342e6dc-bfcb-49cc-b616-40d90e7bb0a2: failed while retrieving asset information from the DANDI API (NotFoundError: No such Dandiset: 000561)
2026-10-10T16:44:56Z INFO [891/1000] d342efb1-315d-4ad9-b6f4-323de536ca50: valid; 44.4 s; peak memory 646 MiB.
2026-10-10T16:45:03Z INFO [892/1000] d343c0fc-37f2-4b9e-95aa-dc896bc3ef31: valid; 6.7 s; peak memory 646 MiB.
2026-10-10T16:45:04Z INFO [893/1000] d3446ce0-66bb-4757-8758-e6e5f9e03f7c: valid; 0.8 s; peak memory 646 MiB.
2026-10-10T16:45:04Z INFO [894/1000] d344e3a2-ee1e-4a49-bc30-0f1200a7240c: valid; 0.7 s; peak memory 646 MiB.
2026-10-10T16:45:08Z INFO [895/1000] d3451c8b-676c-484c-aadb-0cfcf29c0daf: valid; 3.4 s; peak memory 646 MiB.
2026-10-10T16:45:09Z INFO [896/1000] d3458eb4-a998-4723-b909-78822cc1efe1: valid; 1.3 s; peak memory 646 MiB.
2026-10-10T16:45:10Z INFO [897/1000] d3459357-f3e9-4689-8f94-94a626815019: valid; 1.0 s; peak memory 646 MiB.
2026-10-10T16:45:13Z INFO [898/1000] d346cf37-339c-4780-9f6f-86df29f4f84f: valid; 3.3 s; peak memory 646 MiB.
2026-10-10T16:45:14Z INFO [899/1000] d346d4cc-78f8-4796-96ee-9a8b4506d1f9: valid; 0.7 s; peak memory 646 MiB.
2026-10-10T16:45:15Z INFO [900/1000] d34716c4-91ff-43db-98e0-32a006fb5dfa: not valid; 1.1 s; peak memory 646 MiB.
2026-10-10T16:45:17Z INFO [900/1000] d34716c4-91ff-43db-98e0-32a006fb5dfa: checkpointed 202910 new records.
2026-10-10T16:47:17Z INFO [901/1000] d34808b1-9829-424c-8752-bc5348bcee11: valid; 120.5 s; peak memory 646 MiB.
2026-10-10T16:47:20Z INFO [902/1000] d3481fe0-683b-48ae-a279-2184223d4572: valid; 2.6 s; peak memory 646 MiB.
2026-10-10T16:47:20Z INFO [903/1000] d3490088-0853-4f0f-81b7-f2ac9cb09734: valid; 0.8 s; peak memory 646 MiB.
2026-10-10T16:47:21Z INFO [904/1000] d34930f9-9f63-4895-81a3-eb5414fac23e: valid; 0.8 s; peak memory 646 MiB.
2026-10-10T16:47:24Z INFO [905/1000] d34a25f4-3791-422c-b2e5-ce36584953bd: valid; 2.5 s; peak memory 646 MiB.
2026-10-10T16:47:25Z INFO [906/1000] d34a60b2-7f6b-45a5-8277-68a7ddae215d: valid; 0.9 s; peak memory 646 MiB.
2026-10-10T16:47:25Z INFO [907/1000] d34a961c-5261-47f3-a127-053a08163a31: valid; 0.7 s; peak memory 646 MiB.
2026-10-10T16:47:26Z INFO [908/1000] d34acc9b-c47b-4b32-8be0-6496a4f14e83: valid; 0.9 s; peak memory 646 MiB.
2026-10-10T16:47:30Z INFO [909/1000] d34b2944-2c4c-4645-81e3-a0924e2e16f6: not valid; 3.4 s; peak memory 646 MiB.
2026-10-10T16:47:32Z INFO [910/1000] d34b5fbd-5aaf-4424-a8b9-2fa9bdaf8c2e: not valid; 2.2 s; peak memory 646 MiB.
2026-10-10T16:47:33Z INFO [911/1000] d34b6544-7d19-4832-9b1d-e25f336e17ec: valid; 0.6 s; peak memory 646 MiB.
2026-10-10T16:47:34Z INFO [912/1000] d34bb5e5-8a8b-438f-a335-e16060cd5831: valid; 1.0 s; peak memory 646 MiB.
2026-10-10T16:47:34Z INFO [913/1000] d34bef93-1c2b-4992-aa93-19548a7a0bd9: valid; 0.5 s; peak memory 646 MiB.
2026-10-10T16:47:34Z WARNING d34c3ee3-ac2a-4e85-9b57-b8e5f6430ebb: failed while retrieving asset information from the DANDI API (NotFoundError: No asset at path 'sub-LG449/sub-LG449_ses-20250331_obj-3imvb3_ophys.nwb' in version 0.260915.2135. Verify the path is correct and the asset exists in this version. Use 'dandi ls' to list available assets.)
2026-10-10T16:47:34Z WARNING d34ceddb-caf4-4c73-a596-22ec1a405199: failed while retrieving asset information from the DANDI API (NotFoundError: No asset at path 'sub-parkinson-simulated-lfp/sub-parkinson-simulated-lfp_ses-3616_ecephys.nwb' in version 0.250327.2220. Verify the path is correct and the asset exists in this version. Use 'dandi ls' to list available assets.)
2026-10-10T16:47:35Z INFO [916/1000] d34d4159-f5a6-4b64-b1f7-e829995259c8: valid; 0.8 s; peak memory 646 MiB.
2026-10-10T16:47:38Z INFO [917/1000] d34d6e54-5011-4bb8-a732-a5187298a076: valid; 2.6 s; peak memory 646 MiB.
2026-10-10T16:47:40Z INFO [918/1000] d34d81f6-c42c-4e22-a252-a920b3a828fb: valid; 2.3 s; peak memory 646 MiB.
2026-10-10T16:47:42Z INFO [919/1000] d34dd19e-5d81-40ea-9136-424836660262: not valid; 2.3 s; peak memory 646 MiB.
2026-10-10T16:47:52Z INFO [920/1000] d34dd6a0-4a9b-4bf3-bbe9-a4de11e99618: valid; 10.4 s; peak memory 646 MiB.
2026-10-10T16:47:54Z INFO [921/1000] d34e5e43-cc7d-4a27-8536-f5032a23be0e: valid; 1.3 s; peak memory 646 MiB.
2026-10-10T16:47:55Z INFO [922/1000] d34e9283-0bbd-46bb-a3c9-78ef0e30fbca: not valid; 1.2 s; peak memory 646 MiB.
2026-10-10T16:48:01Z INFO [923/1000] d34eb811-c388-4f86-b81b-727427e323fe: valid; 6.4 s; peak memory 646 MiB.
2026-10-10T16:48:02Z INFO [924/1000] d34ee9ad-775d-4342-ad85-3c59ec2c6217: valid; 0.7 s; peak memory 646 MiB.
2026-10-10T16:48:11Z INFO [925/1000] d34f7642-4ae3-4dce-bf3c-3fc8a71e134a: valid; 8.9 s; peak memory 646 MiB.
2026-10-10T16:49:06Z INFO [926/1000] d34fec84-8e94-460d-b26e-609765e22f4f: valid; 55.0 s; peak memory 646 MiB.
2026-10-10T16:49:07Z INFO [927/1000] d350f689-d561-4465-a99a-f66d5d143093: valid; 1.5 s; peak memory 646 MiB.
2026-10-10T16:49:08Z INFO [928/1000] d35107ba-1e97-4243-a737-69c49f9550ff: valid; 0.7 s; peak memory 646 MiB.
2026-10-10T16:49:09Z INFO [929/1000] d35129aa-b284-43ac-bcbf-2c9157e06346: valid; 1.2 s; peak memory 646 MiB.
2026-10-10T16:49:11Z INFO [930/1000] d3515c7c-ab17-4e27-a8a9-ce59ebfd2699: valid; 1.8 s; peak memory 646 MiB.
2026-10-10T16:49:13Z INFO [931/1000] d351a2b3-8aa6-443b-8e8a-1a51a9ad2935: valid; 1.7 s; peak memory 646 MiB.
2026-10-10T16:49:18Z INFO [932/1000] d351f4d9-4a16-4fe8-ae78-774379034535: valid; 5.2 s; peak memory 646 MiB.
2026-10-10T16:49:19Z INFO [933/1000] d3534993-ac81-471f-90e6-20ddaf2e9576: valid; 1.0 s; peak memory 646 MiB.
2026-10-10T16:49:20Z INFO [934/1000] d35350cd-445e-4fb4-9725-7a0eb35c608d: valid; 1.5 s; peak memory 646 MiB.
2026-10-10T16:49:25Z INFO [935/1000] d35372e1-d6bc-4b4e-ae71-625b5d2a0ab3: valid; 4.2 s; peak memory 646 MiB.
2026-10-10T16:49:28Z INFO [936/1000] d3546598-9129-4d00-ad42-b7576f9f0ea0: valid; 3.5 s; peak memory 646 MiB.
2026-10-10T16:49:29Z INFO [937/1000] d3549627-b6db-4894-ab84-6163e1e64b3e: valid; 0.6 s; peak memory 646 MiB.
2026-10-10T16:49:30Z INFO [938/1000] d35574eb-dfab-4491-a51c-dc2aea2629dc: valid; 1.1 s; peak memory 646 MiB.
2026-10-10T16:49:31Z INFO [939/1000] d3558158-45e3-46bf-aafe-cb5ede319e60: valid; 0.7 s; peak memory 646 MiB.
2026-10-10T16:49:31Z INFO [940/1000] d355ce32-f115-4cde-a3ec-57667848c425: valid; 0.5 s; peak memory 646 MiB.
2026-10-10T16:49:33Z INFO [941/1000] d355db17-2da6-4d27-aa5d-33ab4bcda25a: valid; 1.7 s; peak memory 646 MiB.
2026-10-10T16:49:34Z INFO [942/1000] d3561039-e58d-42de-843c-fbf1a119800e: not valid; 0.9 s; peak memory 646 MiB.
2026-10-10T16:49:36Z INFO [943/1000] d356b9ca-5a42-4c22-9773-355d8584c99f: valid; 1.6 s; peak memory 646 MiB.
2026-10-10T16:49:38Z INFO [944/1000] d356cb2f-d7ad-44b0-868a-fed9cff5055e: not valid; 2.0 s; peak memory 646 MiB.
2026-10-10T16:49:38Z WARNING d356fc20-3c3c-41cd-b18f-3e691e00469b: failed while opening the NWB file (PathNotFoundError: nothing found at path '')
2026-10-10T16:49:38Z INFO [946/1000] d3574b33-a199-4be1-a82a-18a29b1c55d8: valid; 0.5 s; peak memory 646 MiB.
2026-10-10T16:49:39Z INFO [947/1000] d3574c00-d83c-4496-86c4-47a0c0c68722: valid; 0.6 s; peak memory 646 MiB.
2026-10-10T16:49:40Z WARNING d358117f-d3a9-4ce5-b9b5-ea49fcd92ad3: failed while opening the NWB file (ConstructError: (root/acquisition/_iblmic_audioSpectrogram/bands GroupBuilder {'attributes': {'colnames': array(['freq'], dtype=object), 'description': 'spectogram frequencies', 'namespace': 'core', 'neurodata_type': 'FrequencyBandsTable', 'object_id': '69fcd390-5306-4479-938f-07c8baa28b8e'}, 'groups': {}, 'datasets': {'freq': root/acquisition/_iblmic_audioSpectrogram/bands/freq DatasetBuilder {'attributes': {'description': 'frequency value', 'namespace': 'hdmf-common', 'neurodata_type': 'VectorData', 'object_id': '041299db-b623-4630-a953-9e41f3a1f1f5'}, 'data': <HDF5 dataset "freq": shape (257,), type "<f4">}, 'id': root/acquisition/_iblmic_audioSpectrogram/bands/id DatasetBuilder {'attributes': {'namespace': 'hdmf-common', 'neurodata_type': 'ElementIdentifiers', 'object_id': '8debcc10-7b12-43ec-8379-60f9d39916ed'}, 'data': <HDF5 dataset "id": shape (257,), type "<i4">}}, 'links': {}}, "Could not construct FrequencyBandsTable object due to: column must have the same number of rows as 'id'"))
2026-10-10T16:49:41Z INFO [949/1000] d3582865-c2b3-435e-9006-039ceb0c65b0: valid; 1.1 s; peak memory 646 MiB.
2026-10-10T16:49:42Z INFO [950/1000] d3584238-3fc8-4f12-b520-00184b2ee82e: valid; 0.5 s; peak memory 646 MiB.
2026-10-10T16:49:43Z INFO [950/1000] d3584238-3fc8-4f12-b520-00184b2ee82e: checkpointed 202960 new records.
2026-10-10T16:49:45Z INFO [951/1000] d358932d-fdf0-47d2-b39a-a9ee70bf5e6d: valid; 1.8 s; peak memory 646 MiB.
2026-10-10T16:49:46Z INFO [952/1000] d358a6a0-ca1a-4049-b978-136b4019f55e: valid; 0.7 s; peak memory 646 MiB.
2026-10-10T16:49:47Z INFO [953/1000] d358c77f-0b21-440a-8a00-472a1e439956: valid; 1.4 s; peak memory 646 MiB.
2026-10-10T16:49:49Z INFO [954/1000] d358f26a-c89e-4ad2-9dc3-252e26fad4b8: valid; 1.3 s; peak memory 646 MiB.
2026-10-10T16:49:51Z INFO [955/1000] d359b248-49a4-46bf-80b5-45eb8ae4d77a: valid; 2.8 s; peak memory 646 MiB.
2026-10-10T16:49:53Z INFO [956/1000] d359b24d-85ab-4e44-910d-a23d615b80cd: valid; 1.5 s; peak memory 646 MiB.
2026-10-10T16:49:54Z INFO [957/1000] d35a8cbc-c248-4b2f-87cc-f79701cb150e: not valid; 1.1 s; peak memory 646 MiB.
2026-10-10T16:49:55Z INFO [958/1000] d35a95c8-873c-4522-9ccf-be3b02e31614: valid; 0.8 s; peak memory 646 MiB.
2026-10-10T16:49:57Z INFO [959/1000] d35acaab-d8bb-4e68-bbec-3f6f7e59c94a: valid; 2.0 s; peak memory 646 MiB.
2026-10-10T16:49:57Z INFO [960/1000] d35b0730-0774-4c23-8348-6b4b04bfae02: valid; 0.6 s; peak memory 646 MiB.
2026-10-10T16:49:58Z INFO [961/1000] d35b093d-da52-4416-bb29-9ae8874a5454: valid; 0.6 s; peak memory 646 MiB.
2026-10-10T16:50:00Z INFO [962/1000] d35c4d5b-da0f-4ae2-9bb9-3d929f4b654b: valid; 2.1 s; peak memory 646 MiB.
2026-10-10T16:50:01Z INFO [963/1000] d35c6dfe-f168-4fb9-b869-48bb11d4e431: valid; 0.7 s; peak memory 646 MiB.
2026-10-10T16:50:02Z INFO [964/1000] d35c7889-c4c0-4dab-9418-d17053591bb6: valid; 0.8 s; peak memory 646 MiB.
2026-10-10T16:50:02Z INFO [965/1000] d35cb8af-ab77-4d16-aac4-f0ad443fc9f6: valid; 0.9 s; peak memory 646 MiB.
2026-10-10T16:50:04Z INFO [966/1000] d35d1d14-057c-4954-8e80-ce8cec3914ea: valid; 1.3 s; peak memory 646 MiB.
2026-10-10T16:50:04Z INFO [967/1000] d35d4d65-7e4e-4f88-817a-151fcfa25fab: valid; 0.7 s; peak memory 646 MiB.
2026-10-10T16:50:04Z WARNING d35da355-7057-4269-9a0c-55cbe5525a0a: failed while retrieving asset information from the DANDI API (NotFoundError: No asset at path 'sub-parkinson-simulated-beta/sub-parkinson-simulated-beta_ses-7832_ecephys.nwb' in version 0.250327.2220. Verify the path is correct and the asset exists in this version. Use 'dandi ls' to list available assets.)
2026-10-10T16:50:08Z INFO [969/1000] d35e365f-857c-4eb3-a99d-acdb471aee9c: valid; 3.5 s; peak memory 646 MiB.
2026-10-10T16:50:10Z INFO [970/1000] d35e99a2-9cf6-4506-9f4a-1f266eb91c23: valid; 2.1 s; peak memory 646 MiB.
2026-10-10T16:50:17Z INFO [971/1000] d35f08f3-103b-4215-b95d-f1e5590933b5: valid; 6.6 s; peak memory 646 MiB.
2026-10-10T16:50:18Z INFO [972/1000] d35f62b1-2ed5-4adb-8aad-4bfdbf9c9b62: not valid; 0.9 s; peak memory 646 MiB.
2026-10-10T16:50:19Z INFO [973/1000] d35f7b4b-db45-4fd0-8e0a-c05c2721e3b7: valid; 1.7 s; peak memory 646 MiB.
2026-10-10T16:50:21Z INFO [974/1000] d35f9bf2-00c5-4d0d-907a-8afcc96ab2a2: valid; 1.6 s; peak memory 646 MiB.
2026-10-10T16:50:22Z INFO [975/1000] d35fb1e0-3a7d-4cae-a308-29e3bf3f442e: not valid; 0.8 s; peak memory 646 MiB.
2026-10-10T16:50:28Z INFO [976/1000] d35fbf77-a30b-4d05-9543-b8a6dcc7da0f: valid; 6.2 s; peak memory 646 MiB.
2026-10-10T16:50:30Z INFO [977/1000] d35ff5d7-c1da-4369-9964-ddd62a5b1353: valid; 1.9 s; peak memory 646 MiB.
2026-10-10T16:50:36Z INFO [978/1000] d36086ea-150b-48d5-89be-57d0b316e85a: not valid; 5.9 s; peak memory 646 MiB.
2026-10-10T16:50:42Z INFO [979/1000] d360ae80-26c5-4eef-bb8d-8bca7549dc4c: valid; 6.3 s; peak memory 646 MiB.
2026-10-10T16:50:43Z INFO [980/1000] d360d18c-7d8e-4222-bb79-90f7fcb5c70a: valid; 0.8 s; peak memory 646 MiB.
2026-10-10T16:50:45Z INFO [981/1000] d36102a5-62b7-4d0d-b27a-af32625a4665: valid; 2.2 s; peak memory 646 MiB.
2026-10-10T16:50:47Z INFO [982/1000] d3617823-9a9b-478e-99c9-9987cb5f3571: valid; 1.7 s; peak memory 646 MiB.
2026-10-10T16:50:48Z INFO [983/1000] d361f8d0-02a8-4764-a657-2cf8a374ccde: valid; 1.0 s; peak memory 646 MiB.
2026-10-10T16:50:49Z INFO [984/1000] d362a2cd-87fb-4fc3-a463-19169c8c1f0c: not valid; 1.2 s; peak memory 646 MiB.
2026-10-10T16:50:50Z INFO [985/1000] d36310f1-d3d7-41b6-a5f6-d05508591685: valid; 1.5 s; peak memory 646 MiB.
2026-10-10T16:50:51Z INFO [986/1000] d363763c-2629-460c-b003-79398481d03d: valid; 0.9 s; peak memory 646 MiB.
2026-10-10T16:50:53Z INFO [987/1000] d363c33f-6de9-4622-a3b0-32d03876b9f6: valid; 1.6 s; peak memory 646 MiB.
2026-10-10T16:50:59Z INFO [988/1000] d364099b-cfbe-4c68-aa14-5767420cb4da: not valid; 6.1 s; peak memory 646 MiB.
2026-10-10T16:51:00Z INFO [989/1000] d3642dc1-6c31-4596-b56a-5d7bb04ad4c4: valid; 1.4 s; peak memory 646 MiB.
2026-10-10T16:51:02Z INFO [990/1000] d3649e91-d2df-4028-b368-279ef8124e45: valid; 1.3 s; peak memory 646 MiB.
2026-10-10T16:51:08Z INFO [991/1000] d364e2c9-b392-4791-b9d7-6e63925c0abf: valid; 5.8 s; peak memory 646 MiB.
2026-10-10T16:51:09Z INFO [992/1000] d3656197-c3f5-47f4-9866-1e880dccaafd: not valid; 1.2 s; peak memory 646 MiB.
2026-10-10T16:51:10Z INFO [993/1000] d365c71e-019b-4d14-85fb-46ccd3c02fa4: valid; 1.3 s; peak memory 646 MiB.
2026-10-10T16:51:11Z INFO [994/1000] d3665424-3b0e-4b59-8e6a-99ad481b7f52: valid; 0.6 s; peak memory 646 MiB.
2026-10-10T16:51:11Z INFO [995/1000] d36666f1-3875-4afe-9297-9977eb34a860: not valid; 0.8 s; peak memory 646 MiB.
2026-10-10T16:51:13Z INFO [996/1000] d3667bff-d5cb-4831-8e7d-c19a92772a51: not valid; 1.1 s; peak memory 646 MiB.
2026-10-10T16:51:14Z INFO [997/1000] d366c74b-567f-4599-ba58-e3b2682b3a07: not valid; 1.5 s; peak memory 646 MiB.
2026-10-10T16:52:27Z INFO [998/1000] d3671212-31ac-4be8-b47f-c8c417e43c8d: valid; 73.1 s; peak memory 646 MiB.
2026-10-10T16:52:29Z INFO [999/1000] d3677773-e85b-4a96-857e-3b278517fc99: valid; 1.5 s; peak memory 646 MiB.
2026-10-10T16:52:30Z INFO [1000/1000] d367813f-6bc5-400a-b52c-577a6ccbcd3a: not valid; 1.0 s; peak memory 646 MiB.
2026-10-10T16:52:31Z INFO [1000/1000] d367813f-6bc5-400a-b52c-577a6ccbcd3a: checkpointed 203010 new records.
2026-10-10T16:52:32Z INFO Wrote 203010 records to /tmp/derivatives/content_id_to_valid_nwb_file.jsonl (955 new, 45 failed) in 48.5 min (peak memory 646 MiB).
