2026-10-05T11:05:05Z INFO Logging to /tmp/logs/update_2026-10-05T11-05-05Z.log.
2026-10-05T11:05:05Z INFO Update content-id-to-valid-nwb-file (base directory /tmp).
2026-10-05T11:05:07Z INFO Processing 2500 items (123510 already recorded).
2026-10-05T11:05:11Z INFO [1/2500] 59c0412b-bf62-4e6b-aad4-460e62ead209: valid; 3.5 s; peak memory 405 MiB.
2026-10-05T11:05:13Z INFO [2/2500] 59c04d8f-1c2e-4a9e-b18c-197aab8b7926: not valid; 2.1 s; peak memory 413 MiB.
2026-10-05T11:05:15Z INFO [3/2500] 59c0b092-eba2-440f-8f42-c22bbe22888f: valid; 2.1 s; peak memory 415 MiB.
2026-10-05T11:05:17Z INFO [4/2500] 59c1c609-cb96-4021-868a-d1dad22e48b7: not valid; 2.1 s; peak memory 422 MiB.
2026-10-05T11:05:20Z INFO [5/2500] 59c1e4c3-a888-4e9a-8489-717872062ef3: not valid; 2.1 s; peak memory 432 MiB.
2026-10-05T11:05:22Z INFO [6/2500] 59c218e7-f87a-4ff6-8603-38fe1f82121f: valid; 2.2 s; peak memory 439 MiB.
2026-10-05T11:05:23Z INFO [7/2500] 59c2554d-37bb-4e93-82c7-893453717447: valid; 1.5 s; peak memory 441 MiB.
2026-10-05T11:05:25Z INFO [8/2500] 59c26a00-1a54-449c-9d94-0b6e6fa97a97: valid; 1.4 s; peak memory 443 MiB.
2026-10-05T11:05:27Z INFO [9/2500] 59c29590-7008-4611-86f3-4dd503e4bd45: not valid; 2.2 s; peak memory 446 MiB.
2026-10-05T11:05:29Z INFO [10/2500] 59c2a1bf-5a83-4134-9540-b53f80f32145: valid; 1.8 s; peak memory 450 MiB.
2026-10-05T11:05:43Z INFO [11/2500] 59c2aeae-da18-49ab-9b47-190d588b0e47: valid; 14.4 s; peak memory 610 MiB.
2026-10-05T11:05:46Z INFO [12/2500] 59c2f9a1-e8c6-4b4f-a7b9-2254aaefbe99: valid; 2.9 s; peak memory 613 MiB.
2026-10-05T11:05:46Z WARNING 59c366a2-7421-4a98-9084-4319e17273e7: failed while retrieving asset information from the DANDI API (NotFoundError: No asset at path 'sub-parkinson-simulated-beta/sub-parkinson-simulated-beta_ses-5801_ecephys.nwb' in version 0.250327.2220. Verify the path is correct and the asset exists in this version. Use 'dandi ls' to list available assets.)
2026-10-05T11:05:48Z INFO [14/2500] 59c40621-a0f7-4c0d-acd6-f6ad7a0c36b1: valid; 2.0 s; peak memory 613 MiB.
2026-10-05T11:05:49Z INFO [15/2500] 59c492e0-e95e-4aeb-a911-fea6e54911da: valid; 1.3 s; peak memory 613 MiB.
2026-10-05T11:06:07Z INFO [16/2500] 59c5218c-d262-46e0-ae92-5d627a28c15e: not valid; 17.7 s; peak memory 704 MiB.
2026-10-05T11:06:12Z INFO [17/2500] 59c5b045-3def-468c-a175-2498e301d5ab: valid; 4.8 s; peak memory 713 MiB.
2026-10-05T11:06:13Z INFO [18/2500] 59c5d747-0070-4998-ad91-b2712a7d699b: valid; 1.5 s; peak memory 713 MiB.
2026-10-05T11:06:15Z INFO [19/2500] 59c63103-32c9-41db-beb3-a7ebdaed1c03: not valid; 1.9 s; peak memory 713 MiB.
2026-10-05T11:06:19Z INFO [20/2500] 59c6c768-e207-48db-96ba-f6b9413cb95d: valid; 4.1 s; peak memory 713 MiB.
2026-10-05T11:06:21Z INFO [21/2500] 59c70001-dfd6-43ac-b72b-5fbe3f0f71ae: not valid; 2.0 s; peak memory 713 MiB.
2026-10-05T11:06:26Z INFO [22/2500] 59c73d3f-7216-4405-9e15-d72245390398: not valid; 4.6 s; peak memory 715 MiB.
2026-10-05T11:06:27Z INFO [23/2500] 59c806b4-a6bc-4fb3-8f04-5cc49b374051: valid; 1.1 s; peak memory 715 MiB.
2026-10-05T11:06:28Z INFO [24/2500] 59c819ce-a874-440e-86f0-21588ae16886: valid; 1.2 s; peak memory 715 MiB.
2026-10-05T11:06:33Z INFO [25/2500] 59c8354e-24e8-4144-a84f-c7559e404d30: valid; 4.5 s; peak memory 722 MiB.
2026-10-05T11:06:34Z INFO [26/2500] 59c85599-1121-4135-ae74-e14bc0e4eadf: valid; 1.5 s; peak memory 723 MiB.
2026-10-05T11:06:36Z INFO [27/2500] 59c875c7-6a14-45a7-98b3-785e1b22471d: valid; 2.0 s; peak memory 726 MiB.
2026-10-05T11:06:38Z INFO [28/2500] 59c96d1c-f22e-4a96-82ac-6c20fe6708ae: valid; 1.4 s; peak memory 726 MiB.
2026-10-05T11:06:41Z INFO [29/2500] 59c98e27-3d5a-41f8-a0ef-31c473ca016a: valid; 3.6 s; peak memory 726 MiB.
2026-10-05T11:06:43Z INFO [30/2500] 59c98e2a-3dd4-4b04-b903-d68a35dbcc1f: valid; 1.2 s; peak memory 726 MiB.
2026-10-05T11:06:45Z INFO [31/2500] 59c9976a-a888-4cbf-9f91-8516a1e28500: valid; 2.3 s; peak memory 726 MiB.
2026-10-05T11:06:48Z INFO [32/2500] 59c9acd4-8359-4d1d-8357-613f0ceb41b1: valid; 3.3 s; peak memory 726 MiB.
2026-10-05T11:06:52Z INFO [33/2500] 59c9b857-21c2-4342-a168-39006e907533: valid; 4.0 s; peak memory 726 MiB.
2026-10-05T11:06:57Z INFO [34/2500] 59c9f019-8c0b-4e8d-8f83-66f5fe10bfcf: valid; 4.6 s; peak memory 726 MiB.
2026-10-05T11:06:58Z INFO [35/2500] 59ca48fa-3c3a-438b-8b3a-87ecf0f7757b: valid; 1.3 s; peak memory 726 MiB.
2026-10-05T11:07:00Z INFO [36/2500] 59cad54b-b526-40f5-95c7-f4009143da16: valid; 2.0 s; peak memory 726 MiB.
2026-10-05T11:07:08Z INFO [37/2500] 59cb8f6e-3df3-4d5e-afb9-8b75d21986ba: valid; 8.2 s; peak memory 726 MiB.
2026-10-05T11:07:10Z INFO [38/2500] 59cbf930-3a9a-4228-a7bd-0d6c97da0f89: not valid; 1.6 s; peak memory 726 MiB.
2026-10-05T11:07:12Z INFO [39/2500] 59cc12f2-87a4-41bb-b5ff-ba280b764fc3: valid; 2.5 s; peak memory 726 MiB.
2026-10-05T11:07:15Z INFO [40/2500] 59cc2456-2f56-4f75-9fe7-e1aa868a3ec7: valid; 2.7 s; peak memory 726 MiB.
2026-10-05T11:07:30Z INFO [41/2500] 59cc555c-cb18-435d-9e7a-0f1532901d68: valid; 14.9 s; peak memory 740 MiB.
2026-10-05T11:07:32Z INFO [42/2500] 59ccce03-5c25-499d-9c34-cfcae024ff15: valid; 1.6 s; peak memory 742 MiB.
2026-10-05T11:07:34Z INFO [43/2500] 59cde689-f59e-476e-8c80-08f9116507ab: not valid; 2.6 s; peak memory 744 MiB.
2026-10-05T11:07:39Z INFO [44/2500] 59ce0dfd-20f9-4f9a-9186-d7f9461064ab: valid; 4.9 s; peak memory 744 MiB.
2026-10-05T11:07:41Z INFO [45/2500] 59ce8c58-29cb-4099-a77f-d12c2f9b74eb: valid; 2.2 s; peak memory 744 MiB.
2026-10-05T11:07:43Z INFO [46/2500] 59cedc70-f28a-4a82-8296-35395e8ceca7: valid; 1.4 s; peak memory 744 MiB.
2026-10-05T11:07:44Z INFO [47/2500] 59ceefcb-edd1-4ab6-95e5-4a20b6455190: valid; 1.8 s; peak memory 744 MiB.
2026-10-05T11:07:46Z INFO [48/2500] 59cf6ccf-f09a-41f0-a303-0cba4574a0de: valid; 1.4 s; peak memory 744 MiB.
2026-10-05T11:07:47Z INFO [49/2500] 59cf6dc5-ee40-4c37-bb1e-be7dc3660435: not valid; 1.6 s; peak memory 744 MiB.
2026-10-05T11:07:50Z INFO [50/2500] 59cfa8a4-3630-4a3f-a84f-977dfbef2ef2: valid; 2.8 s; peak memory 744 MiB.
2026-10-05T11:07:51Z INFO [50/2500] 59cfa8a4-3630-4a3f-a84f-977dfbef2ef2: checkpointed 123560 records.
2026-10-05T11:08:00Z INFO [51/2500] 59d0612b-e100-4186-9722-3d4ca73a78c3: valid; 8.9 s; peak memory 745 MiB.
2026-10-05T11:08:02Z INFO [52/2500] 59d155dc-0837-4287-87fb-7ac97e3bb0dc: valid; 2.2 s; peak memory 745 MiB.
2026-10-05T11:08:05Z INFO [53/2500] 59d184cf-e719-474c-ae7e-5ac258be964e: valid; 3.0 s; peak memory 749 MiB.
2026-10-05T11:08:09Z INFO [54/2500] 59d1b4dd-a3d0-40ea-bf4e-57e420576a19: not valid; 4.1 s; peak memory 749 MiB.
2026-10-05T11:08:11Z INFO [55/2500] 59d1cdf0-9074-4afa-be49-7a576384c9d5: valid; 2.2 s; peak memory 749 MiB.
2026-10-05T11:08:13Z INFO [56/2500] 59d2736a-c825-44ea-9272-5ef7f220d481: valid; 1.7 s; peak memory 749 MiB.
2026-10-05T11:08:16Z INFO [57/2500] 59d2fb65-4744-420f-a165-00cc9689a28a: valid; 2.8 s; peak memory 749 MiB.
2026-10-05T11:08:17Z INFO [58/2500] 59d42e1d-6d2b-4aff-8570-afebe4958823: valid; 1.3 s; peak memory 749 MiB.
2026-10-05T11:08:17Z WARNING 59d54658-e930-47c9-83c2-c3374a3c99ab: failed while retrieving asset information from the DANDI API (NotFoundError: No asset at path 'sub-healthy-simulated-beta/sub-healthy-simulated-beta_ses-8684_ecephys.nwb' in version 0.250327.2220. Verify the path is correct and the asset exists in this version. Use 'dandi ls' to list available assets.)
2026-10-05T11:08:20Z INFO [60/2500] 59d5a321-cf62-45f4-8a52-8a786f296f98: valid; 2.8 s; peak memory 749 MiB.
2026-10-05T11:08:24Z INFO [61/2500] 59d6b156-bdf2-4d73-86ee-a602e3f6eda3: not valid; 4.1 s; peak memory 749 MiB.
2026-10-05T11:08:26Z INFO [62/2500] 59d6f64c-f091-426a-a123-9cb8feea0806: valid; 1.5 s; peak memory 749 MiB.
2026-10-05T11:08:32Z INFO [63/2500] 59d712a4-a514-4e7b-8606-63cea8e9d9a6: valid; 5.9 s; peak memory 749 MiB.
2026-10-05T11:08:34Z INFO [64/2500] 59d756fc-e2b2-458b-9d31-418b64433778: valid; 2.1 s; peak memory 749 MiB.
2026-10-05T11:08:35Z INFO [65/2500] 59d75dfe-f13a-49ca-9b06-1ea1c807b7fd: not valid; 1.7 s; peak memory 749 MiB.
2026-10-05T11:08:37Z INFO [66/2500] 59d78b02-8020-4c5c-a20c-5d713000b3dc: valid; 1.3 s; peak memory 749 MiB.
2026-10-05T11:08:40Z INFO [67/2500] 59d7ac72-c7df-41a6-9148-bc55ce2516b9: valid; 3.7 s; peak memory 752 MiB.
2026-10-05T11:08:42Z INFO [68/2500] 59d86068-e98e-4b02-a9b8-0b0695ef2f15: valid; 1.8 s; peak memory 752 MiB.
2026-10-05T11:08:47Z INFO [69/2500] 59d8ff14-55e9-4eaa-a9ae-db9bb75103be: not valid; 4.7 s; peak memory 754 MiB.
2026-10-05T11:08:58Z INFO [70/2500] 59d9303e-45b4-473e-a59e-025edec3802c: valid; 11.3 s; peak memory 931 MiB.
2026-10-05T11:09:00Z INFO [71/2500] 59d9c01c-619d-4730-913c-e74113c5ed95: valid; 2.3 s; peak memory 931 MiB.
2026-10-05T11:09:02Z INFO [72/2500] 59d9d76a-4bee-4113-8109-c32004fb54bc: valid; 1.4 s; peak memory 931 MiB.
2026-10-05T11:09:04Z INFO [73/2500] 59da5c94-eff2-45d1-b4fd-8894178f2bf2: valid; 2.3 s; peak memory 931 MiB.
2026-10-05T11:09:27Z INFO [74/2500] 59da6ab2-056e-4d5b-a153-70cf98860e4d: valid; 23.0 s; peak memory 952 MiB.
2026-10-05T11:09:29Z INFO [75/2500] 59da8957-536c-4626-8c0c-f9cd66d17798: valid; 1.8 s; peak memory 962 MiB.
2026-10-05T11:09:30Z INFO [76/2500] 59da9f7d-316d-4e14-b9b5-0ce918f7c3f6: valid; 1.3 s; peak memory 965 MiB.
2026-10-05T11:09:32Z INFO [77/2500] 59db16bb-2b61-429a-a70e-0849b3de560e: not valid; 1.4 s; peak memory 967 MiB.
2026-10-05T11:09:35Z INFO [78/2500] 59dcaff5-4b83-4990-97fa-5d7094743f4c: valid; 3.0 s; peak memory 970 MiB.
2026-10-05T11:09:37Z INFO [79/2500] 59ddad41-5638-4c32-9616-419814d89b2d: not valid; 2.0 s; peak memory 970 MiB.
2026-10-05T11:09:49Z INFO [80/2500] 59deaee4-d199-4b58-bbac-12f471e66441: valid; 11.7 s; peak memory 972 MiB.
2026-10-05T11:09:50Z INFO [81/2500] 59df243b-b06f-4a34-88b5-e4e35c7a6f4d: not valid; 1.8 s; peak memory 972 MiB.
2026-10-05T11:09:53Z INFO [82/2500] 59df5bba-6b95-4593-8f6a-b3403ffb3177: not valid; 2.8 s; peak memory 972 MiB.
2026-10-05T11:10:06Z INFO [83/2500] 59df5d92-95d6-4a98-be9e-1aa56fa0eddf: valid; 13.2 s; peak memory 972 MiB.
2026-10-05T11:10:11Z INFO [84/2500] 59df6b39-e6c1-40f9-8049-59e13c8bb896: valid; 4.3 s; peak memory 978 MiB.
2026-10-05T11:10:13Z INFO [85/2500] 59df856c-2013-4fc7-b572-951717e6922b: not valid; 2.2 s; peak memory 978 MiB.
2026-10-05T11:10:15Z INFO [86/2500] 59dfed76-7e52-4ed7-a861-683c1b043901: valid; 2.5 s; peak memory 978 MiB.
2026-10-05T11:10:17Z INFO [87/2500] 59e01519-72df-4dcb-b882-c6a0b675fcf3: valid; 1.5 s; peak memory 978 MiB.
2026-10-05T11:10:18Z INFO [88/2500] 59e03e38-664e-46b5-92c7-bca14d116ca6: not valid; 1.6 s; peak memory 978 MiB.
2026-10-05T11:10:22Z INFO [89/2500] 59e0ae59-2749-4222-8b7a-61414150fae8: valid; 3.4 s; peak memory 978 MiB.
2026-10-05T11:10:24Z INFO [90/2500] 59e16722-cd2e-4c35-87b9-27841357b7eb: valid; 1.8 s; peak memory 979 MiB.
2026-10-05T11:10:26Z INFO [91/2500] 59e1ddba-a323-40bc-81b1-bc5947653d20: not valid; 2.0 s; peak memory 981 MiB.
2026-10-05T11:10:31Z INFO [92/2500] 59e1f096-8186-4aa3-9f56-b44acdbbf6d3: valid; 4.9 s; peak memory 987 MiB.
2026-10-05T11:10:35Z INFO [93/2500] 59e1fe94-1e3a-49a5-a202-5cbd315d2710: not valid; 4.1 s; peak memory 1094 MiB.
2026-10-05T11:10:38Z INFO [94/2500] 59e2ac94-2c34-42f2-8581-ab993e70bef0: valid; 2.9 s; peak memory 1094 MiB.
2026-10-05T11:10:39Z INFO [95/2500] 59e2c352-1488-43fe-a8e9-64a08e440d92: valid; 1.3 s; peak memory 1094 MiB.
2026-10-05T11:10:41Z WARNING 59e2c7d0-e275-479e-a825-0fd0e6752912: failed while opening the NWB file (ConstructError: (root/acquisition/_iblmic_audioSpectrogram/bands GroupBuilder {'attributes': {'colnames': array(['freq'], dtype=object), 'description': 'spectogram frequencies', 'namespace': 'core', 'neurodata_type': 'FrequencyBandsTable', 'object_id': 'ced8a9e3-c74d-4d6d-a8d0-d95ef0d7d6d0'}, 'groups': {}, 'datasets': {'freq': root/acquisition/_iblmic_audioSpectrogram/bands/freq DatasetBuilder {'attributes': {'description': 'frequency value', 'namespace': 'hdmf-common', 'neurodata_type': 'VectorData', 'object_id': '43544ecb-3ccc-4f30-8df6-f0855ba51ba6'}, 'data': <HDF5 dataset "freq": shape (257,), type "<f4">}, 'id': root/acquisition/_iblmic_audioSpectrogram/bands/id DatasetBuilder {'attributes': {'namespace': 'hdmf-common', 'neurodata_type': 'ElementIdentifiers', 'object_id': '27fb40a0-af3b-4730-bf51-a026e1a40e06'}, 'data': <HDF5 dataset "id": shape (257,), type "<i4">}}, 'links': {}}, "Could not construct FrequencyBandsTable object due to: column must have the same number of rows as 'id'"))
2026-10-05T11:10:49Z INFO [97/2500] 59e30edb-9805-47b6-ab29-2ef560fa1ad2: valid; 7.9 s; peak memory 1094 MiB.
2026-10-05T11:10:53Z INFO [98/2500] 59e4a78f-7cd8-4fe7-a501-bb7825284d68: not valid; 4.1 s; peak memory 1094 MiB.
2026-10-05T11:10:54Z INFO [99/2500] 59e4e45a-190c-4edf-8a6b-7be12c73a2a4: valid; 1.3 s; peak memory 1094 MiB.
2026-10-05T11:10:59Z INFO [100/2500] 59e56e3a-d1a6-4429-81b8-070fc19a5214: valid; 4.5 s; peak memory 1094 MiB.
2026-10-05T11:11:00Z INFO [100/2500] 59e56e3a-d1a6-4429-81b8-070fc19a5214: checkpointed 123610 records.
2026-10-05T11:11:01Z WARNING 59e662f7-779a-4e97-b9a5-5333e947b2b0: failed while opening the NWB file (ConstructError: (root/acquisition/_iblmic_audioSpectrogram/bands GroupBuilder {'attributes': {'colnames': array(['freq'], dtype=object), 'description': 'spectogram frequencies', 'namespace': 'core', 'neurodata_type': 'FrequencyBandsTable', 'object_id': 'd316550e-885c-457e-91fa-9c7fc509768c'}, 'groups': {}, 'datasets': {'freq': root/acquisition/_iblmic_audioSpectrogram/bands/freq DatasetBuilder {'attributes': {'description': 'frequency value', 'namespace': 'hdmf-common', 'neurodata_type': 'VectorData', 'object_id': 'd823a121-f8d7-470c-be1b-39fc4039b563'}, 'data': <HDF5 dataset "freq": shape (257,), type "<f4">}, 'id': root/acquisition/_iblmic_audioSpectrogram/bands/id DatasetBuilder {'attributes': {'namespace': 'hdmf-common', 'neurodata_type': 'ElementIdentifiers', 'object_id': 'a3144ad6-391c-4bb9-8e31-215c6d50cdc8'}, 'data': <HDF5 dataset "id": shape (257,), type "<i4">}}, 'links': {}}, "Could not construct FrequencyBandsTable object due to: column must have the same number of rows as 'id'"))
2026-10-05T11:11:04Z WARNING 59e69b25-45fd-49c2-922a-07055f5865de: failed while opening the NWB file (ConstructError: (root/general/optogenetics/PatternedOptogeneticStimulusSite GroupBuilder {'attributes': {'effector': 'GUR-3/PRDX-2', 'namespace': 'ndx-patterned-ogen', 'neurodata_type': 'PatternedOptogeneticStimulusSite', 'object_id': 'c941e5a2-2a6e-407d-82eb-e223e96e83a7'}, 'groups': {}, 'datasets': {'description': root/general/optogenetics/PatternedOptogeneticStimulusSite/description DatasetBuilder {'attributes': {}, 'data': 'Scanning'}, 'excitation_lambda': root/general/optogenetics/PatternedOptogeneticStimulusSite/excitation_lambda DatasetBuilder {'attributes': {}, 'data': np.float64(850.0)}, 'location': root/general/optogenetics/PatternedOptogeneticStimulusSite/location DatasetBuilder {'attributes': {}, 'data': 'whole brain'}}, 'links': {'device': root/general/optogenetics/PatternedOptogeneticStimulusSite/device LinkBuilder {'builder': root/general/devices/OptogeneticDevice GroupBuilder {'attributes': {'description': '', 'namespace': 'core', 'neurodata_type': 'Device', 'object_id': 'dc9744c1-10a8-4097-aaea-ee1229cabfc7'}, 'groups': {}, 'datasets': {}, 'links': {}}}, 'light_source': root/general/optogenetics/PatternedOptogeneticStimulusSite/light_source LinkBuilder {'builder': root/general/devices/AmplifiedLaser GroupBuilder {'attributes': {'description': 'For two-photon optogenetic targeting, we used an optical parametric amplifier (OPA; Light Conversion ORPHEUS) pumped by a femtosecond amplified laser (Light Conversion PHAROS).', 'filter_description': 'Short pass at 1040 nm', 'manufacturer': 'Light Conversion', 'model': 'ORPHEUS amplifier and PHAROS laser', 'namespace': 'ndx-patterned-ogen', 'neurodata_type': 'LightSource', 'object_id': 'f258d469-73b0-4799-94f4-caa65d57ae37', 'peak_power_in_W': np.float64(0.0012), 'pulse_rate_in_Hz': np.float64(500000.0), 'stimulation_wavelength_in_nm': np.float64(850.0)}, 'groups': {}, 'datasets': {}, 'links': {}}}}}, "Could not construct PatternedOptogeneticStimulusSite object due to: CustomClassGenerator.set_init.<locals>.__init__: incorrect type for 'spatial_light_modulator' (got 'list', expected 'Device')"))
2026-10-05T11:11:09Z INFO [103/2500] 59e6e273-6641-4a3e-860c-5e11dffab127: valid; 4.1 s; peak memory 1094 MiB.
2026-10-05T11:11:10Z INFO [104/2500] 59e736d7-0bf6-4128-953c-df6974ab7750: not valid; 1.9 s; peak memory 1094 MiB.
2026-10-05T11:11:13Z INFO [105/2500] 59e7c0a4-c59a-4d00-b3cc-c69218abb554: not valid; 2.2 s; peak memory 1094 MiB.
2026-10-05T11:11:14Z INFO [106/2500] 59e7e668-f48e-40c4-8ee3-d6039bc06055: valid; 1.4 s; peak memory 1094 MiB.
2026-10-05T11:11:16Z INFO [107/2500] 59e80ecb-e19d-4f8f-a6a9-84fb4edae576: not valid; 1.8 s; peak memory 1094 MiB.
2026-10-05T11:11:18Z INFO [108/2500] 59e84ff9-80cb-432e-9ec2-cb73c5695537: valid; 2.4 s; peak memory 1094 MiB.
2026-10-05T11:11:36Z INFO [109/2500] 59e86d10-7dc8-4486-9748-0354e85a6f08: valid; 18.3 s; peak memory 1181 MiB.
2026-10-05T11:11:42Z INFO [110/2500] 59e8ed7b-17d9-48cb-84ff-b84abcadfab3: not valid; 5.8 s; peak memory 1186 MiB.
2026-10-05T11:11:45Z INFO [111/2500] 59e91e8b-1fdb-4e5f-a9b0-0933a22e7f81: valid; 2.4 s; peak memory 1186 MiB.
2026-10-05T11:11:46Z INFO [112/2500] 59ea2c08-0716-4780-9156-a336ad79b147: valid; 1.5 s; peak memory 1186 MiB.
2026-10-05T11:11:49Z INFO [113/2500] 59eadecf-d3a6-4aff-b8f5-e8e0de0896ba: valid; 3.1 s; peak memory 1186 MiB.
2026-10-05T11:11:51Z INFO [114/2500] 59eb51b1-ebc6-4661-8d0b-8c8db1259350: not valid; 1.6 s; peak memory 1186 MiB.
2026-10-05T11:12:03Z INFO [115/2500] 59ebf9b7-bb77-4725-8f15-908dc4705a72: valid; 12.2 s; peak memory 1186 MiB.
2026-10-05T11:12:05Z INFO [116/2500] 59ebfe05-706b-42ec-a679-ab8bab1aedce: valid; 2.0 s; peak memory 1186 MiB.
2026-10-05T11:12:06Z INFO [117/2500] 59ec3f2a-0074-4ddc-82ab-fffa722c73a6: valid; 1.4 s; peak memory 1186 MiB.
2026-10-05T11:12:08Z INFO [118/2500] 59ec6af3-52ea-4d8c-b723-e66f73d239b6: not valid; 1.2 s; peak memory 1186 MiB.
2026-10-05T11:12:09Z INFO [119/2500] 59ec7c47-4190-49ed-b31c-1afa48ad6356: valid; 1.9 s; peak memory 1186 MiB.
2026-10-05T11:12:12Z INFO [120/2500] 59ec9a43-704f-4d1c-ac3e-21032b935f0b: valid; 2.7 s; peak memory 1187 MiB.
2026-10-05T11:12:15Z INFO [121/2500] 59ecb230-e7a6-46c1-97c9-b40fa1e6648f: valid; 2.9 s; peak memory 1187 MiB.
2026-10-05T11:12:17Z INFO [122/2500] 59ed0a07-abf9-483c-80cf-4672b471e8f9: not valid; 1.5 s; peak memory 1187 MiB.
2026-10-05T11:12:18Z INFO [123/2500] 59ed0f0a-fec1-4b0c-ab36-d47b07f30ed5: not valid; 1.1 s; peak memory 1187 MiB.
2026-10-05T11:12:19Z INFO [124/2500] 59ee347b-8fa3-447b-aa33-a05dff299876: valid; 1.5 s; peak memory 1188 MiB.
2026-10-05T11:12:22Z INFO [125/2500] 59eef640-53f0-4e63-a7a0-1bc400c9c242: valid; 2.6 s; peak memory 1198 MiB.
2026-10-05T11:12:27Z INFO [126/2500] 59ef64ea-7434-4970-bfde-9b6997510dab: valid; 5.3 s; peak memory 1198 MiB.
2026-10-05T11:12:33Z INFO [127/2500] 59efeba9-9739-42d3-b974-f1a8c457a6cb: valid; 5.5 s; peak memory 1198 MiB.
2026-10-05T11:12:35Z INFO [128/2500] 59f006db-0d09-400e-b595-ff0c5c56682d: valid; 2.1 s; peak memory 1198 MiB.
2026-10-05T11:12:43Z INFO [129/2500] 59f042e6-861b-4b4c-b750-32f77f7520e0: not valid; 8.6 s; peak memory 1198 MiB.
2026-10-05T11:12:45Z INFO [130/2500] 59f0638a-0ca6-492d-83d1-c51c0aa32e02: valid; 2.1 s; peak memory 1198 MiB.
2026-10-05T11:12:47Z INFO [131/2500] 59f0b2a1-7a03-49a0-ae32-fea4cce13d27: not valid; 1.9 s; peak memory 1198 MiB.
2026-10-05T11:12:49Z INFO [132/2500] 59f0b527-78e1-4972-a764-470ece6a2f36: valid; 1.4 s; peak memory 1198 MiB.
2026-10-05T11:12:53Z INFO [133/2500] 59f1dda2-b62c-4cf7-b497-3027f005ae32: valid; 4.3 s; peak memory 1200 MiB.
2026-10-05T11:12:55Z INFO [134/2500] 59f20a69-dfd2-4d12-8789-be01a7e5c184: valid; 2.0 s; peak memory 1202 MiB.
2026-10-05T11:12:56Z INFO [135/2500] 59f2a988-73d8-4e5c-8be8-fd667fc26dde: valid; 1.3 s; peak memory 1202 MiB.
2026-10-05T11:12:59Z INFO [136/2500] 59f2c5e7-3a9d-4ab7-ac46-7c3774c1dd2d: valid; 2.6 s; peak memory 1205 MiB.
2026-10-05T11:13:00Z INFO [137/2500] 59f333ae-57e6-4e02-b5e4-d644fcf5146e: not valid; 1.6 s; peak memory 1205 MiB.
2026-10-05T11:13:03Z INFO [138/2500] 59f38b74-b9cb-4f78-bc69-d08bf28d6208: valid; 2.7 s; peak memory 1206 MiB.
2026-10-05T11:13:04Z INFO [139/2500] 59f3bdda-eaa8-43f0-b69a-63bf9efbefae: not valid; 1.0 s; peak memory 1206 MiB.
2026-10-05T11:13:06Z INFO [140/2500] 59f3ddc9-accc-416a-8d4d-87df4e6abff5: valid; 1.6 s; peak memory 1206 MiB.
2026-10-05T11:13:08Z INFO [141/2500] 59f3ea51-d936-45fb-8f32-ef078ee15725: valid; 2.7 s; peak memory 1206 MiB.
2026-10-05T11:13:10Z INFO [142/2500] 59f3fd22-e2c9-49d7-8ede-7a208c44b589: valid; 1.7 s; peak memory 1206 MiB.
2026-10-05T11:13:11Z INFO [143/2500] 59f40ba1-1ba3-4c87-9973-bde3fdcc3357: valid; 1.2 s; peak memory 1206 MiB.
2026-10-05T11:13:28Z INFO [144/2500] 59f440e2-b62a-4253-b419-43ba402e155c: valid; 16.6 s; peak memory 1276 MiB.
2026-10-05T11:13:30Z INFO [145/2500] 59f447c5-50f2-4741-b51b-c88e192a7158: valid; 2.0 s; peak memory 1276 MiB.
2026-10-05T11:13:33Z WARNING 59f48842-04c8-426a-84fc-3457fa9c35bc: failed while opening the NWB file (ConstructError: (root/general/optogenetics/PatternedOptogeneticStimulusSite GroupBuilder {'attributes': {'effector': 'GUR-3/PRDX-2', 'namespace': 'ndx-patterned-ogen', 'neurodata_type': 'PatternedOptogeneticStimulusSite', 'object_id': 'c0304ebc-2c71-4ee1-b97b-5b42fe47f70b'}, 'groups': {}, 'datasets': {'description': root/general/optogenetics/PatternedOptogeneticStimulusSite/description DatasetBuilder {'attributes': {}, 'data': 'Scanning'}, 'excitation_lambda': root/general/optogenetics/PatternedOptogeneticStimulusSite/excitation_lambda DatasetBuilder {'attributes': {}, 'data': np.float64(850.0)}, 'location': root/general/optogenetics/PatternedOptogeneticStimulusSite/location DatasetBuilder {'attributes': {}, 'data': 'whole brain'}}, 'links': {'device': root/general/optogenetics/PatternedOptogeneticStimulusSite/device LinkBuilder {'builder': root/general/devices/OptogeneticDevice GroupBuilder {'attributes': {'description': '', 'namespace': 'core', 'neurodata_type': 'Device', 'object_id': '607bb7ee-e2a7-4cdb-8823-bfbfa13e5a60'}, 'groups': {}, 'datasets': {}, 'links': {}}}, 'light_source': root/general/optogenetics/PatternedOptogeneticStimulusSite/light_source LinkBuilder {'builder': root/general/devices/AmplifiedLaser GroupBuilder {'attributes': {'description': 'For two-photon optogenetic targeting, we used an optical parametric amplifier (OPA; Light Conversion ORPHEUS) pumped by a femtosecond amplified laser (Light Conversion PHAROS).', 'filter_description': 'Short pass at 1040 nm', 'manufacturer': 'Light Conversion', 'model': 'ORPHEUS amplifier and PHAROS laser', 'namespace': 'ndx-patterned-ogen', 'neurodata_type': 'LightSource', 'object_id': '26a405e3-e2ca-4c1d-bf09-a2c6b963dbf6', 'peak_power_in_W': np.float64(0.0012), 'pulse_rate_in_Hz': np.float64(500000.0), 'stimulation_wavelength_in_nm': np.float64(850.0)}, 'groups': {}, 'datasets': {}, 'links': {}}}}}, "Could not construct PatternedOptogeneticStimulusSite object due to: CustomClassGenerator.set_init.<locals>.__init__: incorrect type for 'spatial_light_modulator' (got 'list', expected 'Device')"))
2026-10-05T11:13:54Z INFO [147/2500] 59f627c4-652c-4bfb-bcd3-5674c86b0a6e: valid; 20.9 s; peak memory 1456 MiB.
2026-10-05T11:13:56Z INFO [148/2500] 59f6375e-1155-4b9f-9be0-4e95e2d7d3b9: valid; 2.2 s; peak memory 1456 MiB.
2026-10-05T11:13:57Z INFO [149/2500] 59f6fc74-ef58-4211-b272-a5b40f57d8e7: valid; 1.5 s; peak memory 1456 MiB.
2026-10-05T11:13:59Z WARNING 59f76e87-ef2d-4a36-bb69-09044fdd50ce: failed while opening the NWB file (ConstructError: (root/acquisition/_iblmic_audioSpectrogram/bands GroupBuilder {'attributes': {'colnames': array(['freq'], dtype=object), 'description': 'spectogram frequencies', 'namespace': 'core', 'neurodata_type': 'FrequencyBandsTable', 'object_id': '7f523ddb-fd2f-4526-b082-cd37b5112098'}, 'groups': {}, 'datasets': {'freq': root/acquisition/_iblmic_audioSpectrogram/bands/freq DatasetBuilder {'attributes': {'description': 'frequency value', 'namespace': 'hdmf-common', 'neurodata_type': 'VectorData', 'object_id': 'c0823d49-f80a-4970-a6bd-6d6c1afd3bb9'}, 'data': <HDF5 dataset "freq": shape (257,), type "<f4">}, 'id': root/acquisition/_iblmic_audioSpectrogram/bands/id DatasetBuilder {'attributes': {'namespace': 'hdmf-common', 'neurodata_type': 'ElementIdentifiers', 'object_id': '1617455f-eb22-4d56-931f-0b3a6f20e300'}, 'data': <HDF5 dataset "id": shape (257,), type "<i4">}}, 'links': {}}, "Could not construct FrequencyBandsTable object due to: column must have the same number of rows as 'id'"))
2026-10-05T11:14:00Z INFO [150/2500] 59f76e87-ef2d-4a36-bb69-09044fdd50ce: checkpointed 123660 records.
2026-10-05T11:14:02Z INFO [151/2500] 59f7e3e7-6dae-4fe1-b2ba-8e4d04babf0a: valid; 1.7 s; peak memory 1457 MiB.
2026-10-05T11:14:07Z INFO [152/2500] 59f875fa-2eb4-4ffc-af38-4f1e5ffe85d3: valid; 4.7 s; peak memory 1457 MiB.
2026-10-05T11:14:08Z INFO [153/2500] 59f91a53-e7bf-4a91-9541-6dc6542b93b7: valid; 1.3 s; peak memory 1457 MiB.
2026-10-05T11:14:11Z INFO [154/2500] 59f98978-a3ae-4340-9aa4-69f06de2e57e: valid; 2.9 s; peak memory 1457 MiB.
2026-10-05T11:14:12Z INFO [155/2500] 59fb11e0-f642-475e-bb0f-14dad1da982d: valid; 1.4 s; peak memory 1457 MiB.
2026-10-05T11:14:19Z INFO [156/2500] 59fc0f40-6ead-4bc2-b209-5b8f8e79daa9: not valid; 6.9 s; peak memory 1457 MiB.
2026-10-05T11:14:20Z INFO [157/2500] 59fc3290-98de-4d5e-a5fe-4a4854066c68: valid; 1.3 s; peak memory 1457 MiB.
2026-10-05T11:14:22Z INFO [158/2500] 59fc6c1a-4d25-4fb7-94a4-70fbd81c7fca: not valid; 1.4 s; peak memory 1457 MiB.
2026-10-05T11:14:25Z INFO [159/2500] 59fd1612-eb21-410f-8647-23007cd914f1: valid; 3.1 s; peak memory 1457 MiB.
2026-10-05T11:14:27Z INFO [160/2500] 59fdccf0-de0a-4b2d-8abe-7cf94b922007: valid; 1.8 s; peak memory 1457 MiB.
2026-10-05T11:14:28Z INFO [161/2500] 59fde089-2115-463e-9185-8780670724c8: not valid; 1.7 s; peak memory 1457 MiB.
2026-10-05T11:14:30Z INFO [162/2500] 59fe0140-a6df-4e06-8545-0449d0ebeab6: valid; 1.9 s; peak memory 1457 MiB.
2026-10-05T11:14:32Z INFO [163/2500] 59fe40af-e8b6-4cd7-ba99-7c9304e3fc9b: valid; 1.7 s; peak memory 1457 MiB.
2026-10-05T11:14:34Z WARNING 59feae9d-6004-4f9e-b286-d4d36d457a98: failed while opening the NWB file (ConstructError: (root/acquisition/_iblmic_audioSpectrogram/bands GroupBuilder {'attributes': {'colnames': array(['freq'], dtype=object), 'description': 'spectogram frequencies', 'namespace': 'core', 'neurodata_type': 'FrequencyBandsTable', 'object_id': 'c4150f73-020c-4817-b9a9-195e44f9d2f7'}, 'groups': {}, 'datasets': {'freq': root/acquisition/_iblmic_audioSpectrogram/bands/freq DatasetBuilder {'attributes': {'description': 'frequency value', 'namespace': 'hdmf-common', 'neurodata_type': 'VectorData', 'object_id': '1c5a7bfb-c74f-4c81-a106-2de748124998'}, 'data': <HDF5 dataset "freq": shape (257,), type "<f4">}, 'id': root/acquisition/_iblmic_audioSpectrogram/bands/id DatasetBuilder {'attributes': {'namespace': 'hdmf-common', 'neurodata_type': 'ElementIdentifiers', 'object_id': '2a61807d-2ec2-47f5-8af3-9d67fcf71378'}, 'data': <HDF5 dataset "id": shape (257,), type "<i4">}}, 'links': {}}, "Could not construct FrequencyBandsTable object due to: column must have the same number of rows as 'id'"))
2026-10-05T11:15:09Z INFO [165/2500] 59fec8cf-3e71-40ca-aeaa-5a02c5cf92f0: not valid; 35.5 s; peak memory 1504 MiB.
2026-10-05T11:15:13Z INFO [166/2500] 59ff1e65-9ea9-4853-b8f1-ea5b0aa1b019: valid; 3.8 s; peak memory 1508 MiB.
2026-10-05T11:15:15Z INFO [167/2500] 59ff27b6-9968-4697-a17d-aeb8f570eac9: not valid; 1.9 s; peak memory 1509 MiB.
2026-10-05T11:15:18Z INFO [168/2500] 59ff92d3-75dc-4c7d-9b1f-973015591a5a: valid; 3.1 s; peak memory 1511 MiB.
2026-10-05T11:15:19Z INFO [169/2500] 5a00532d-8461-4f34-9815-bbab14b75b2c: not valid; 1.2 s; peak memory 1511 MiB.
2026-10-05T11:15:24Z INFO [170/2500] 5a00e392-2fd8-4a22-9cc8-e56b201465e8: not valid; 4.6 s; peak memory 1511 MiB.
2026-10-05T11:15:26Z INFO [171/2500] 5a00fd6c-a9d4-4d04-9108-50529e790eac: valid; 2.1 s; peak memory 1512 MiB.
2026-10-05T11:15:37Z INFO [172/2500] 5a01055c-3036-4546-8660-c42db8891b6a: valid; 11.2 s; peak memory 1533 MiB.
2026-10-05T11:15:54Z INFO [173/2500] 5a0195a1-b5fd-458f-8a05-65c15ef5a1c1: valid; 17.0 s; peak memory 1565 MiB.
2026-10-05T11:15:56Z INFO [174/2500] 5a027826-6ca3-4c51-bb48-724fbbf20713: valid; 1.5 s; peak memory 1566 MiB.
2026-10-05T11:15:57Z INFO [175/2500] 5a02fb51-99bc-43bb-8b12-28d34c70d79c: valid; 1.6 s; peak memory 1567 MiB.
2026-10-05T11:15:57Z WARNING 5a03850d-5d2a-41c1-9f94-06077f8bcc98: failed while retrieving asset information from the DANDI API (NotFoundError: No such Dandiset: 000561)
2026-10-05T11:15:59Z INFO [177/2500] 5a039cec-00bd-42a9-8d86-1a3a3feab23d: not valid; 1.5 s; peak memory 1568 MiB.
2026-10-05T11:16:01Z WARNING 5a041dc1-bc60-4396-981e-2fec01a65dd6: failed while opening the NWB file (ConstructError: (root/acquisition/_iblmic_audioSpectrogram/bands GroupBuilder {'attributes': {'colnames': array(['freq'], dtype=object), 'description': 'spectogram frequencies', 'namespace': 'core', 'neurodata_type': 'FrequencyBandsTable', 'object_id': 'f4f87076-b3cc-423c-bbd2-300ba0c9d20c'}, 'groups': {}, 'datasets': {'freq': root/acquisition/_iblmic_audioSpectrogram/bands/freq DatasetBuilder {'attributes': {'description': 'frequency value', 'namespace': 'hdmf-common', 'neurodata_type': 'VectorData', 'object_id': 'a82bf59c-ef80-4c8f-ac72-d685c46aaaaa'}, 'data': <HDF5 dataset "freq": shape (257,), type "<f4">}, 'id': root/acquisition/_iblmic_audioSpectrogram/bands/id DatasetBuilder {'attributes': {'namespace': 'hdmf-common', 'neurodata_type': 'ElementIdentifiers', 'object_id': 'ff70db58-26cf-49ab-87d0-aaab33a1d817'}, 'data': <HDF5 dataset "id": shape (257,), type "<i4">}}, 'links': {}}, "Could not construct FrequencyBandsTable object due to: column must have the same number of rows as 'id'"))
2026-10-05T11:16:05Z INFO [179/2500] 5a042d1d-6e7a-4a06-99a8-d518e7b6d9dc: valid; 4.0 s; peak memory 1573 MiB.
2026-10-05T11:16:08Z INFO [180/2500] 5a046a74-0d55-448c-a7a6-9ac0d2836e08: valid; 2.8 s; peak memory 1576 MiB.
2026-10-05T11:16:10Z INFO [181/2500] 5a048ea4-0532-4f19-af9f-94b69bcc88ab: valid; 1.9 s; peak memory 1576 MiB.
2026-10-05T11:16:12Z WARNING 5a04e5e9-3d12-4627-9889-984573eed04e: failed while opening the NWB file (ConstructError: (root/acquisition/_iblmic_audioSpectrogram/bands GroupBuilder {'attributes': {'colnames': array(['freq'], dtype=object), 'description': 'spectogram frequencies', 'namespace': 'core', 'neurodata_type': 'FrequencyBandsTable', 'object_id': '95328d4d-445e-4b1e-a894-03982c74bc7a'}, 'groups': {}, 'datasets': {'freq': root/acquisition/_iblmic_audioSpectrogram/bands/freq DatasetBuilder {'attributes': {'description': 'frequency value', 'namespace': 'hdmf-common', 'neurodata_type': 'VectorData', 'object_id': '71cb825c-fb55-49ad-ad1d-ee1e14053a18'}, 'data': <HDF5 dataset "freq": shape (257,), type "<f4">}, 'id': root/acquisition/_iblmic_audioSpectrogram/bands/id DatasetBuilder {'attributes': {'namespace': 'hdmf-common', 'neurodata_type': 'ElementIdentifiers', 'object_id': '17e9b968-9468-49b1-9b6c-87fb90812bdd'}, 'data': <HDF5 dataset "id": shape (257,), type "<i4">}}, 'links': {}}, "Could not construct FrequencyBandsTable object due to: column must have the same number of rows as 'id'"))
2026-10-05T11:16:14Z INFO [183/2500] 5a055763-8249-4ed5-8932-527e5eb7ed63: valid; 2.1 s; peak memory 1576 MiB.
2026-10-05T11:16:15Z INFO [184/2500] 5a0557f8-cca7-4674-ab45-67838a57af79: valid; 1.0 s; peak memory 1576 MiB.
2026-10-05T11:16:16Z INFO [185/2500] 5a05d524-c254-4e82-8b3b-26be76a0611b: valid; 1.3 s; peak memory 1576 MiB.
2026-10-05T11:16:17Z INFO [186/2500] 5a063e55-0474-4eaa-a43f-2e8e5e9bf5ad: valid; 1.4 s; peak memory 1576 MiB.
2026-10-05T11:16:19Z INFO [187/2500] 5a0691e3-4272-4747-98b0-24acef2cd1a2: valid; 1.4 s; peak memory 1576 MiB.
2026-10-05T11:16:42Z INFO [188/2500] 5a06d459-d420-4142-af38-60b545702276: valid; 23.7 s; peak memory 1600 MiB.
2026-10-05T11:16:44Z INFO [189/2500] 5a06d9aa-8b2c-4b55-b4e8-95ec9adeea7f: not valid; 1.7 s; peak memory 1601 MiB.
2026-10-05T11:16:45Z INFO [190/2500] 5a079ea7-ba33-49fb-86e3-ce4441b8ddaf: valid; 1.4 s; peak memory 1602 MiB.
2026-10-05T11:16:47Z INFO [191/2500] 5a07b072-5892-4048-8242-a4e47cb57e0c: not valid; 1.5 s; peak memory 1603 MiB.
2026-10-05T11:16:50Z INFO [192/2500] 5a08003e-9844-45ac-9951-73b7e8cee845: valid; 3.1 s; peak memory 1605 MiB.
2026-10-05T11:16:55Z INFO [193/2500] 5a08817f-4797-4848-be51-d9ed2cc961eb: valid; 5.1 s; peak memory 1610 MiB.
2026-10-05T11:16:57Z INFO [194/2500] 5a08b674-6cf0-4e03-a7a6-32d281b34038: valid; 1.3 s; peak memory 1611 MiB.
2026-10-05T11:16:59Z INFO [195/2500] 5a090d95-c580-4f2b-bd47-0faa0ad6ec16: valid; 2.7 s; peak memory 1612 MiB.
2026-10-05T11:17:01Z INFO [196/2500] 5a0954ee-cda4-4408-8832-edaa5dda929a: valid; 2.2 s; peak memory 1612 MiB.
2026-10-05T11:17:04Z INFO [197/2500] 5a09578c-5192-4ed6-bf08-88c8e7167ad1: valid; 3.1 s; peak memory 1613 MiB.
2026-10-05T11:17:06Z INFO [198/2500] 5a09949c-9b1a-47e0-b628-e3870b5be5fb: valid; 1.3 s; peak memory 1613 MiB.
2026-10-05T11:17:08Z INFO [199/2500] 5a09dd44-f7d9-4611-9843-e2454371cda7: valid; 2.7 s; peak memory 1640 MiB.
2026-10-05T11:17:10Z WARNING 5a0a8f53-724c-489a-b44d-45da45960927: failed while opening the NWB file (ConstructError: (root/acquisition/event_code_meanings GroupBuilder {'attributes': {'colnames': array(['value', 'meaning'], dtype=object), 'description': 'Mapping integer event codes to event labels', 'namespace': 'ndx-events', 'neurodata_type': 'MeaningsTable', 'object_id': '1bd662e8-7788-40c2-bc8e-5637c45279aa'}, 'groups': {}, 'datasets': {'id': root/acquisition/event_code_meanings/id DatasetBuilder {'attributes': {'namespace': 'hdmf-common', 'neurodata_type': 'ElementIdentifiers', 'object_id': 'fa95495f-05ed-4292-b468-69d4af74538f'}, 'data': <HDF5 dataset "id": shape (26,), type "<i8">}, 'meaning': root/acquisition/event_code_meanings/meaning DatasetBuilder {'attributes': {'description': 'The meaning of the value in the parent CategoricalVectorData object.', 'namespace': 'hdmf-experimental', 'neurodata_type': 'VectorData', 'object_id': 'efb99035-44ca-4ed7-8db3-f3035d5ab569'}, 'data': <StrDataset for HDF5 dataset "meaning": shape (26,), type "|O">}, 'value': root/acquisition/event_code_meanings/value DatasetBuilder {'attributes': {'description': 'The value of the parent CategoricalVectorData object.', 'namespace': 'hdmf-experimental', 'neurodata_type': 'VectorData', 'object_id': 'eff07727-9af1-4cd2-b102-cbc1bd0dbb87'}, 'data': <HDF5 dataset "value": shape (26,), type "<i8">}}, 'links': {}}, "Could not construct MeaningsTable object due to: MeaningsTable.__init__: missing argument 'target'"))
2026-10-05T11:17:11Z INFO [200/2500] 5a0a8f53-724c-489a-b44d-45da45960927: checkpointed 123710 records.
2026-10-05T11:17:13Z INFO [201/2500] 5a0aabff-c22e-4451-96ca-0e212d92931e: valid; 1.5 s; peak memory 1640 MiB.
2026-10-05T11:17:16Z INFO [202/2500] 5a0ae299-d3db-4570-ad69-a048a6345a28: not valid; 3.8 s; peak memory 1653 MiB.
2026-10-05T11:17:19Z INFO [203/2500] 5a0bbc39-a237-4025-954e-2268a2a70f17: valid; 2.1 s; peak memory 1654 MiB.
2026-10-05T11:17:20Z INFO [204/2500] 5a0c7e88-2be5-4f01-bf11-e9717e3892fe: valid; 1.7 s; peak memory 1654 MiB.
2026-10-05T11:17:22Z INFO [205/2500] 5a0cdc28-0ff8-4be4-b1ac-00b2043ae9a1: valid; 1.8 s; peak memory 1654 MiB.
2026-10-05T11:17:24Z INFO [206/2500] 5a0d0d73-abbf-447a-9191-c689be60d6c0: not valid; 1.9 s; peak memory 1655 MiB.
2026-10-05T11:17:25Z INFO [207/2500] 5a0d31b6-7624-4baa-bbc6-ad6e70f7e1a6: valid; 1.0 s; peak memory 1655 MiB.
2026-10-05T11:17:27Z INFO [208/2500] 5a0d8a1b-fa4e-4605-a6f4-2173fd3e133b: not valid; 1.7 s; peak memory 1656 MiB.
2026-10-05T11:17:30Z INFO [209/2500] 5a0e7cc1-208a-4d84-82de-0f16e576c030: valid; 3.2 s; peak memory 1657 MiB.
2026-10-05T11:17:31Z INFO [210/2500] 5a0eb61f-f3f3-4d10-a2ec-78c4aad4604d: not valid; 1.0 s; peak memory 1657 MiB.
2026-10-05T11:17:33Z INFO [211/2500] 5a0f43ff-0a6a-4f6a-9a6f-191214d24762: not valid; 1.8 s; peak memory 1657 MiB.
2026-10-05T11:17:37Z INFO [212/2500] 5a0f9f58-d014-4654-bab0-12a3cd5d9894: valid; 4.3 s; peak memory 1659 MiB.
2026-10-05T11:17:41Z INFO [213/2500] 5a0fa168-7a29-4d92-9b7a-180a7336733d: not valid; 4.0 s; peak memory 1662 MiB.
2026-10-05T11:17:42Z INFO [214/2500] 5a0fa3be-0c4b-46fe-8231-5967184af48e: valid; 1.4 s; peak memory 1663 MiB.
2026-10-05T11:17:44Z WARNING 5a110f47-36fd-4828-aeac-1a11d7f23368: failed while opening the NWB file (ConstructError: (root/acquisition/_iblmic_audioSpectrogram/bands GroupBuilder {'attributes': {'colnames': array(['freq'], dtype=object), 'description': 'spectogram frequencies', 'namespace': 'core', 'neurodata_type': 'FrequencyBandsTable', 'object_id': '7ecc0d59-9f74-4ad6-b5c6-f3ed4b1decbe'}, 'groups': {}, 'datasets': {'freq': root/acquisition/_iblmic_audioSpectrogram/bands/freq DatasetBuilder {'attributes': {'description': 'frequency value', 'namespace': 'hdmf-common', 'neurodata_type': 'VectorData', 'object_id': 'cf1fa19b-11e8-433a-8e93-e7f4e63c1ef8'}, 'data': <HDF5 dataset "freq": shape (257,), type "<f4">}, 'id': root/acquisition/_iblmic_audioSpectrogram/bands/id DatasetBuilder {'attributes': {'namespace': 'hdmf-common', 'neurodata_type': 'ElementIdentifiers', 'object_id': 'd933f552-f83c-487d-9a26-1bbcec5b306d'}, 'data': <HDF5 dataset "id": shape (257,), type "<i4">}}, 'links': {}}, "Could not construct FrequencyBandsTable object due to: column must have the same number of rows as 'id'"))
2026-10-05T11:17:58Z INFO [216/2500] 5a122190-a95f-4d9d-89a3-b772581ff537: valid; 14.1 s; peak memory 1715 MiB.
2026-10-05T11:18:01Z INFO [217/2500] 5a1381d7-055f-4c1a-8f1a-a83873419efd: valid; 2.7 s; peak memory 1717 MiB.
2026-10-05T11:18:03Z INFO [218/2500] 5a138ad2-bf95-4093-861c-7abdcd6be936: valid; 2.3 s; peak memory 1718 MiB.
2026-10-05T11:18:05Z INFO [219/2500] 5a13de66-5d21-4e74-82ab-e2aaec99ca35: valid; 1.9 s; peak memory 1725 MiB.
2026-10-05T11:18:07Z INFO [220/2500] 5a1452f2-1a24-4df1-8d11-d4f465219664: valid; 1.4 s; peak memory 1725 MiB.
2026-10-05T11:18:10Z INFO [221/2500] 5a148070-9efe-4906-9cd0-c95ffe7e99e3: valid; 3.3 s; peak memory 1727 MiB.
2026-10-05T11:18:12Z INFO [222/2500] 5a1492d2-d217-4fa1-9492-684b4e2acc0d: not valid; 1.8 s; peak memory 1727 MiB.
2026-10-05T11:18:13Z INFO [223/2500] 5a14ad20-a739-47a4-b12a-f03bd7b8caed: valid; 1.4 s; peak memory 1727 MiB.
2026-10-05T11:18:17Z INFO [224/2500] 5a15119a-2d6a-4843-8912-f29d472f25b8: valid; 3.3 s; peak memory 1727 MiB.
2026-10-05T11:18:18Z INFO [225/2500] 5a156305-82ce-47ce-b631-9a03e1704b10: not valid; 1.4 s; peak memory 1727 MiB.
2026-10-05T11:18:20Z INFO [226/2500] 5a15e946-8d37-48d9-8b57-53e25497d32c: valid; 2.4 s; peak memory 1727 MiB.
2026-10-05T11:18:36Z INFO [227/2500] 5a1705b5-c96f-4b31-a1da-e1e2c0beeafb: valid; 15.9 s; peak memory 1870 MiB.
2026-10-05T11:18:38Z INFO [228/2500] 5a17266a-875e-4aa0-ae8d-a417e7ba1bc9: not valid; 1.6 s; peak memory 1870 MiB.
2026-10-05T11:18:41Z INFO [229/2500] 5a1747db-79c1-438d-abdf-d079744f1267: valid; 3.4 s; peak memory 1870 MiB.
2026-10-05T11:18:43Z INFO [230/2500] 5a175559-2e1f-4d25-b689-8c08910d0cb6: valid; 1.9 s; peak memory 1870 MiB.
2026-10-05T11:18:45Z INFO [231/2500] 5a175df3-301e-49a7-8e45-12839e23c657: valid; 2.1 s; peak memory 1870 MiB.
2026-10-05T11:18:47Z INFO [232/2500] 5a179576-0564-4853-95ba-d9eb41762bac: not valid; 2.0 s; peak memory 1870 MiB.
2026-10-05T11:19:01Z INFO [233/2500] 5a179ea4-fdcf-4fc1-8c9a-37e88fe0e84a: valid; 13.9 s; peak memory 1883 MiB.
2026-10-05T11:19:01Z WARNING 5a182dc7-e241-4052-8ff4-4d49df0a3beb: failed while retrieving asset information from the DANDI API (NotFoundError: No such Dandiset: 001533)
2026-10-05T11:19:04Z INFO [235/2500] 5a186be7-9491-48cf-8d78-ed4d810ae297: valid; 2.3 s; peak memory 1883 MiB.
2026-10-05T11:19:05Z INFO [236/2500] 5a18ee09-abb9-4da0-b80e-99be3c80d100: valid; 1.4 s; peak memory 1883 MiB.
2026-10-05T11:19:06Z INFO [237/2500] 5a19e621-541f-46a0-aafa-e045aa076a3b: valid; 1.1 s; peak memory 1883 MiB.
2026-10-05T11:19:06Z WARNING 5a1a1b6c-f342-4cf7-9462-a47a193ebbd5: failed while retrieving asset information from the DANDI API (NotFoundError: No asset at path 'sub-parkinson-simulated-lfp/sub-parkinson-simulated-lfp_ses-8288_ecephys.nwb' in version 0.250327.2220. Verify the path is correct and the asset exists in this version. Use 'dandi ls' to list available assets.)
2026-10-05T11:19:08Z INFO [239/2500] 5a1abdb6-73d1-4280-9ef3-ec601b30b551: valid; 1.7 s; peak memory 1883 MiB.
2026-10-05T11:19:11Z INFO [240/2500] 5a1b4592-a808-4bde-aac4-eeec8ba8baf0: valid; 2.7 s; peak memory 1883 MiB.
2026-10-05T11:19:14Z INFO [241/2500] 5a1bb398-ade6-4a4a-a645-1c071c38738f: valid; 3.1 s; peak memory 1883 MiB.
2026-10-05T11:19:15Z INFO [242/2500] 5a1c0520-9aa3-496b-a3f6-65cf72ec19b5: valid; 1.5 s; peak memory 1883 MiB.
2026-10-05T11:19:18Z INFO [243/2500] 5a1c234b-68f3-4494-8abc-b7179c14cd69: valid; 2.4 s; peak memory 1883 MiB.
2026-10-05T11:19:19Z INFO [244/2500] 5a1cb121-4090-4617-86f7-46b98661e682: valid; 1.4 s; peak memory 1883 MiB.
2026-10-05T11:19:20Z INFO [245/2500] 5a1d505d-572a-4aa6-ba5e-4c5d5bb54c01: not valid; 1.5 s; peak memory 1883 MiB.
2026-10-05T11:19:23Z INFO [246/2500] 5a1e00f9-f115-4c50-88be-dd8615e1be23: valid; 2.6 s; peak memory 1883 MiB.
2026-10-05T11:19:26Z INFO [247/2500] 5a1e39d6-8e97-4550-bcb0-11cdeba87ce3: not valid; 2.6 s; peak memory 1883 MiB.
2026-10-05T11:19:27Z INFO [248/2500] 5a1eb836-7d7c-4faa-9cd2-a896c6095213: valid; 1.1 s; peak memory 1883 MiB.
2026-10-05T11:19:29Z WARNING 5a1edd59-eec4-4083-bb42-98f1853fb98f: failed while opening the NWB file (ConstructError: (root/acquisition/_iblmic_audioSpectrogram/bands GroupBuilder {'attributes': {'colnames': array(['freq'], dtype=object), 'description': 'spectogram frequencies', 'namespace': 'core', 'neurodata_type': 'FrequencyBandsTable', 'object_id': '350384d4-fe42-4be5-be69-2b670e0ba5ad'}, 'groups': {}, 'datasets': {'freq': root/acquisition/_iblmic_audioSpectrogram/bands/freq DatasetBuilder {'attributes': {'description': 'frequency value', 'namespace': 'hdmf-common', 'neurodata_type': 'VectorData', 'object_id': 'e2025fed-24a9-4b06-a5da-c7b5dcfd1400'}, 'data': <HDF5 dataset "freq": shape (257,), type "<f4">}, 'id': root/acquisition/_iblmic_audioSpectrogram/bands/id DatasetBuilder {'attributes': {'namespace': 'hdmf-common', 'neurodata_type': 'ElementIdentifiers', 'object_id': 'df03676c-a3f9-4fb7-9e65-f329dd75d96c'}, 'data': <HDF5 dataset "id": shape (257,), type "<i4">}}, 'links': {}}, "Could not construct FrequencyBandsTable object due to: column must have the same number of rows as 'id'"))
2026-10-05T11:19:31Z INFO [250/2500] 5a1edefc-e76b-4611-ba36-28222d1fc36d: valid; 2.6 s; peak memory 1883 MiB.
2026-10-05T11:19:32Z INFO [250/2500] 5a1edefc-e76b-4611-ba36-28222d1fc36d: checkpointed 123760 records.
2026-10-05T11:19:34Z INFO [251/2500] 5a1f205c-3868-4602-bd6b-9942ee115b1b: valid; 1.5 s; peak memory 1883 MiB.
2026-10-05T11:19:37Z INFO [252/2500] 5a200bd1-90f8-4dc9-a797-2f02affef1c7: valid; 3.2 s; peak memory 1883 MiB.
2026-10-05T11:19:39Z INFO [253/2500] 5a2028cc-e739-472f-a61a-df83eb1be2a9: valid; 2.3 s; peak memory 1883 MiB.
2026-10-05T11:19:40Z INFO [254/2500] 5a20c36e-fb0d-4b25-9017-186a9afa2a5b: valid; 1.4 s; peak memory 1883 MiB.
2026-10-05T11:19:42Z INFO [255/2500] 5a22128d-eefc-4e3f-ab9f-6bc9ee391a60: valid; 1.1 s; peak memory 1883 MiB.
2026-10-05T11:19:43Z INFO [256/2500] 5a22689e-c6b8-43c3-aa71-82f6d2ec25a6: valid; 1.9 s; peak memory 1883 MiB.
2026-10-05T11:19:46Z INFO [257/2500] 5a2398ec-ea25-4095-879d-482cf42b95b9: not valid; 2.6 s; peak memory 1883 MiB.
2026-10-05T11:19:48Z INFO [258/2500] 5a239e01-e28e-45bf-b424-541cdff3f144: not valid; 1.7 s; peak memory 1883 MiB.
2026-10-05T11:19:52Z INFO [259/2500] 5a23b2be-c3cc-465b-8b77-15deaa71e8ea: valid; 4.6 s; peak memory 1883 MiB.
2026-10-05T11:19:55Z INFO [260/2500] 5a24338e-4c15-4b84-b8d6-8dbbd2c8f09c: valid; 2.5 s; peak memory 1883 MiB.
2026-10-05T11:19:56Z INFO [261/2500] 5a243900-ef08-4078-9de0-3be89c1eba63: not valid; 1.5 s; peak memory 1886 MiB.
2026-10-05T11:19:58Z INFO [262/2500] 5a2451dc-3df0-462b-bc3b-976c6450415f: valid; 2.1 s; peak memory 1896 MiB.
2026-10-05T11:20:05Z INFO [263/2500] 5a245c52-edd5-4e99-aad5-b9564feb38fd: valid; 6.4 s; peak memory 1909 MiB.
2026-10-05T11:20:09Z INFO [264/2500] 5a246a6d-8ef8-4aff-ab1a-d070321993eb: not valid; 4.4 s; peak memory 1916 MiB.
2026-10-05T11:20:12Z INFO [265/2500] 5a24a952-a025-4b3d-a618-08b020850fdb: valid; 2.5 s; peak memory 1931 MiB.
2026-10-05T11:20:14Z INFO [266/2500] 5a24b31e-070d-4dd2-8733-31d2ed30d283: valid; 2.0 s; peak memory 1939 MiB.
2026-10-05T11:20:17Z INFO [267/2500] 5a24dced-5dd1-4b76-bf34-4f19b86b73ce: valid; 2.9 s; peak memory 1948 MiB.
2026-10-05T11:20:19Z INFO [268/2500] 5a25f400-d92c-424a-8331-0eee6183582a: valid; 2.1 s; peak memory 1948 MiB.
2026-10-05T11:20:20Z INFO [269/2500] 5a2674ee-a244-46b2-9158-ecb529045a64: valid; 1.3 s; peak memory 1948 MiB.
2026-10-05T11:20:22Z INFO [270/2500] 5a267c25-f747-4f09-9bca-60d107429288: valid; 1.9 s; peak memory 1948 MiB.
2026-10-05T11:20:26Z INFO [271/2500] 5a26bb2d-5ac6-4e95-b0ca-c7381f030aa1: valid; 4.5 s; peak memory 1948 MiB.
2026-10-05T11:20:28Z INFO [272/2500] 5a2711d0-149c-439d-939f-44423ed22402: valid; 2.0 s; peak memory 1948 MiB.
2026-10-05T11:20:29Z INFO [273/2500] 5a279489-38f6-4d94-a458-c6577a42f16c: valid; 1.1 s; peak memory 1948 MiB.
2026-10-05T11:20:33Z INFO [274/2500] 5a2812cf-7be7-4dc4-a696-060e16b6eb6a: valid; 4.0 s; peak memory 1949 MiB.
2026-10-05T11:20:36Z INFO [275/2500] 5a282bc6-92d6-4ed2-b925-eac126d37862: valid; 2.6 s; peak memory 1952 MiB.
2026-10-05T11:20:38Z INFO [276/2500] 5a283a20-eab3-40b4-b246-87e01b90c6cd: valid; 2.1 s; peak memory 1963 MiB.
2026-10-05T11:20:39Z INFO [277/2500] 5a288849-26a4-4942-9e94-65b0e6a4681c: valid; 1.3 s; peak memory 1965 MiB.
2026-10-05T11:20:42Z INFO [278/2500] 5a28eb1c-d946-4f00-8682-980be705977b: not valid; 2.2 s; peak memory 1968 MiB.
2026-10-05T11:20:50Z INFO [279/2500] 5a29dc87-a928-4864-a7b2-592737520777: valid; 7.8 s; peak memory 1977 MiB.
2026-10-05T11:21:04Z INFO [280/2500] 5a2a1714-8340-48de-8702-d0191af27991: valid; 14.1 s; peak memory 2050 MiB.
2026-10-05T11:21:05Z INFO [281/2500] 5a2a30bf-437f-426e-b56f-bdab5385d419: valid; 1.7 s; peak memory 2053 MiB.
2026-10-05T11:22:08Z INFO [282/2500] 5a2a3ac6-0c32-44e3-a3a2-e70370aab514: valid; 62.3 s; peak memory 2289 MiB.
2026-10-05T11:22:09Z INFO [283/2500] 5a2a4b02-0469-4153-8117-e2926635238d: valid; 1.7 s; peak memory 2292 MiB.
2026-10-05T11:22:11Z INFO [284/2500] 5a2b4491-98b6-4a64-a7de-e69d59d57c4c: valid; 2.0 s; peak memory 2300 MiB.
2026-10-05T11:22:14Z INFO [285/2500] 5a2b557c-cacc-4058-8db7-a4e71f5e64e1: valid; 2.3 s; peak memory 2307 MiB.
2026-10-05T11:22:15Z INFO [286/2500] 5a2d1eb2-d660-4e05-ad72-f1d4e87b574c: valid; 1.3 s; peak memory 2309 MiB.
2026-10-05T11:22:17Z INFO [287/2500] 5a2d8732-262f-43a0-a5c3-abd4c7f5cad8: not valid; 2.3 s; peak memory 2313 MiB.
2026-10-05T11:22:18Z INFO [288/2500] 5a2dcc59-6e30-41ed-8794-69d0cae3f084: valid; 1.1 s; peak memory 2316 MiB.
2026-10-05T11:22:20Z INFO [289/2500] 5a2e6887-16f5-4791-b3d7-9a20edcb15bc: valid; 2.1 s; peak memory 2316 MiB.
2026-10-05T11:22:22Z INFO [290/2500] 5a2fc430-683d-474a-a1cf-b1d1d1e62e38: valid; 1.9 s; peak memory 2318 MiB.
2026-10-05T11:22:24Z INFO [291/2500] 5a307164-6f8f-4f43-b90d-29e3e5e9bb68: valid; 1.7 s; peak memory 2318 MiB.
2026-10-05T11:25:24Z INFO [292/2500] 5a30724a-846f-4c17-aa40-980a6c7b34b7: valid; 179.8 s; peak memory 2952 MiB.
2026-10-05T11:25:26Z INFO [293/2500] 5a3076cf-aded-48dd-94e3-8a5c90ceae39: valid; 2.2 s; peak memory 2952 MiB.
2026-10-05T11:25:30Z INFO [294/2500] 5a30e29c-aa57-42da-89e6-58492c4dc4e8: valid; 3.6 s; peak memory 2952 MiB.
2026-10-05T11:25:32Z INFO [295/2500] 5a31f61c-62e1-4ade-a8eb-b2d346dfc9eb: not valid; 2.8 s; peak memory 2952 MiB.
2026-10-05T11:25:36Z INFO [296/2500] 5a321828-7a44-4505-a0c2-33abe92ff908: valid; 3.1 s; peak memory 2952 MiB.
2026-10-05T11:25:37Z INFO [297/2500] 5a322074-4d01-416d-a541-a5e0aa6fe504: valid; 1.5 s; peak memory 2952 MiB.
2026-10-05T11:25:38Z INFO [298/2500] 5a323193-a3fc-4fe3-95b3-5e9e15b7c568: not valid; 1.3 s; peak memory 2952 MiB.
2026-10-05T11:25:52Z INFO [299/2500] 5a326d15-2ab0-4666-b18e-9201a2578799: valid; 13.5 s; peak memory 2952 MiB.
2026-10-05T11:26:03Z INFO [300/2500] 5a32df4a-3a2b-44fd-a52b-5a05f983996e: valid; 11.5 s; peak memory 2952 MiB.
2026-10-05T11:26:04Z INFO [300/2500] 5a32df4a-3a2b-44fd-a52b-5a05f983996e: checkpointed 123810 records.
2026-10-05T11:26:06Z INFO [301/2500] 5a32e98f-37d5-4805-bf87-7e2e0f1a4813: valid; 2.1 s; peak memory 2952 MiB.
2026-10-05T11:26:08Z INFO [302/2500] 5a32fc56-b104-4128-88e9-805d5f5eb976: valid; 1.7 s; peak memory 2952 MiB.
2026-10-05T11:26:13Z INFO [303/2500] 5a33c95a-7c3e-45fa-be0f-a6c2e1706049: valid; 4.9 s; peak memory 2952 MiB.
2026-10-05T11:26:15Z INFO [304/2500] 5a33c9b3-a97e-4e5b-8178-89e450c125e8: valid; 2.1 s; peak memory 2952 MiB.
2026-10-05T11:26:17Z INFO [305/2500] 5a34d6f2-21c8-47fa-9e53-3f919f194efc: valid; 2.0 s; peak memory 2952 MiB.
2026-10-05T11:26:18Z INFO [306/2500] 5a35b309-1784-450f-9220-529a22071f23: not valid; 1.7 s; peak memory 2952 MiB.
2026-10-05T11:26:20Z INFO [307/2500] 5a35ba8f-3e61-4112-b07a-f71982854de6: valid; 1.2 s; peak memory 2952 MiB.
2026-10-05T11:26:30Z INFO [308/2500] 5a35c719-b81b-44b2-8d13-89ce9ba1a9cb: valid; 10.0 s; peak memory 2952 MiB.
2026-10-05T11:26:31Z INFO [309/2500] 5a3601f4-1be2-469e-99d0-0bc2a3ce1af4: valid; 1.4 s; peak memory 2952 MiB.
2026-10-05T11:26:33Z INFO [310/2500] 5a36249b-bb52-442d-9b70-4246036a7e8b: valid; 2.2 s; peak memory 2952 MiB.
2026-10-05T11:26:37Z INFO [311/2500] 5a3762d8-7afa-47c1-bf2d-0661a492ee74: valid; 3.3 s; peak memory 2952 MiB.
2026-10-05T11:26:38Z INFO [312/2500] 5a37b323-dc6f-47bf-903e-0328e8495c7f: valid; 1.3 s; peak memory 2952 MiB.
2026-10-05T11:26:48Z INFO [313/2500] 5a37fa85-5265-4ff4-bd25-4c435df59b56: valid; 10.3 s; peak memory 2952 MiB.
2026-10-05T11:26:50Z INFO [314/2500] 5a3940a8-287d-4305-859f-3e2b578711de: valid; 1.5 s; peak memory 2952 MiB.
2026-10-05T11:26:51Z INFO [315/2500] 5a398e66-fa9a-492a-9bb4-c03861ec5e64: valid; 1.4 s; peak memory 2952 MiB.
2026-10-05T11:26:53Z INFO [316/2500] 5a399490-af5b-4a3c-9453-29d4041361c1: valid; 2.2 s; peak memory 2952 MiB.
2026-10-05T11:26:55Z INFO [317/2500] 5a39c61e-a26e-48b5-b00d-a27a360899cc: valid; 1.5 s; peak memory 2952 MiB.
2026-10-05T11:26:57Z INFO [318/2500] 5a3a25e4-591e-47d8-8d62-e654a63280ae: valid; 2.2 s; peak memory 2952 MiB.
2026-10-05T11:26:58Z INFO [319/2500] 5a3abf87-0168-49a0-8a6e-24e10732faac: valid; 1.3 s; peak memory 2952 MiB.
2026-10-05T11:27:13Z INFO [320/2500] 5a3ade54-f8af-4a0b-8561-bb521d1a19c9: valid; 15.2 s; peak memory 3070 MiB.
2026-10-05T11:27:15Z INFO [321/2500] 5a3ae88f-7e23-428f-b3d5-63cecec2aae6: valid; 1.3 s; peak memory 3070 MiB.
2026-10-05T11:27:17Z INFO [322/2500] 5a3b39ef-31f6-4bf1-adf1-ab6d1e7c7c7a: valid; 2.7 s; peak memory 3070 MiB.
2026-10-05T11:27:19Z INFO [323/2500] 5a3b959d-5988-4378-ac48-35604ef92ef7: not valid; 1.6 s; peak memory 3070 MiB.
2026-10-05T11:27:21Z INFO [324/2500] 5a3c2d73-70fa-45bc-a1ad-7826622e1bd0: not valid; 1.5 s; peak memory 3070 MiB.
2026-10-05T11:27:27Z INFO [325/2500] 5a3c4ff4-8596-402b-bc80-9b2f043a3f43: valid; 6.5 s; peak memory 3070 MiB.
2026-10-05T11:27:36Z INFO [326/2500] 5a3c5cb7-8726-4062-930c-107efd183fd7: valid; 8.6 s; peak memory 3070 MiB.
2026-10-05T11:27:37Z INFO [327/2500] 5a3df9ea-f007-44ae-b0ef-e9a869519ee2: valid; 1.4 s; peak memory 3070 MiB.
2026-10-05T11:27:39Z INFO [328/2500] 5a3e7851-5522-423f-aa0e-dff9a6fc51a1: valid; 2.0 s; peak memory 3070 MiB.
2026-10-05T11:27:40Z INFO [329/2500] 5a40f994-0a6e-417e-9a80-ef85c8d013f0: not valid; 1.5 s; peak memory 3070 MiB.
2026-10-05T11:27:43Z INFO [330/2500] 5a4101df-6be7-4793-b9c3-b1acdbc7d449: valid; 2.2 s; peak memory 3070 MiB.
2026-10-05T11:28:08Z INFO [331/2500] 5a41410a-5db3-4081-a21c-6d7551aafeca: valid; 24.9 s; peak memory 3070 MiB.
2026-10-05T11:28:10Z INFO [332/2500] 5a427167-ff9c-4557-a457-07ea001b1d65: valid; 2.0 s; peak memory 3070 MiB.
2026-10-05T11:28:12Z INFO [333/2500] 5a427a2e-8ea1-4f7e-8cd1-b4fe3ffcc249: not valid; 2.1 s; peak memory 3070 MiB.
2026-10-05T11:28:13Z INFO [334/2500] 5a42e9aa-396c-4ff7-92bd-697a3bf81295: valid; 1.3 s; peak memory 3070 MiB.
2026-10-05T11:28:15Z INFO [335/2500] 5a43b59d-de38-4cec-8582-6c937981cdc2: valid; 2.1 s; peak memory 3070 MiB.
2026-10-05T11:28:17Z INFO [336/2500] 5a43c37f-4cd8-4fab-a171-d62f6428d81b: valid; 1.4 s; peak memory 3070 MiB.
2026-10-05T11:28:18Z INFO [337/2500] 5a441207-d904-44ee-ab22-6a596e4e529a: valid; 1.1 s; peak memory 3070 MiB.
2026-10-05T11:28:20Z INFO [338/2500] 5a442bb7-7e1f-4c1c-a5f9-18df5984a1a9: valid; 2.3 s; peak memory 3070 MiB.
2026-10-05T11:28:23Z INFO [339/2500] 5a4470ac-18ac-4afb-86af-84018f401fea: valid; 2.9 s; peak memory 3070 MiB.
2026-10-05T11:28:29Z INFO [340/2500] 5a44d8dc-9c56-4609-b66f-a70792542dd1: not valid; 6.1 s; peak memory 3070 MiB.
2026-10-05T11:28:29Z WARNING 5a4517bb-a716-4341-9d76-4ee81cd190ea: failed while retrieving asset information from the DANDI API (NotFoundError: No asset at path 'sub-LG449/sub-LG449_ses-20250331_obj-12swnyb_ophys.nwb' in version 0.260915.2135. Verify the path is correct and the asset exists in this version. Use 'dandi ls' to list available assets.)
2026-10-05T11:28:31Z INFO [342/2500] 5a4567fc-de6c-43d1-9160-e67a1440508c: not valid; 1.6 s; peak memory 3070 MiB.
2026-10-05T11:28:34Z INFO [343/2500] 5a457c2d-da67-4667-9f96-c4487cb7ba0f: valid; 2.7 s; peak memory 3070 MiB.
2026-10-05T11:28:36Z INFO [344/2500] 5a458968-9c0a-41cc-8a4d-ab4284e471cd: not valid; 2.8 s; peak memory 3070 MiB.
2026-10-05T11:28:51Z INFO [345/2500] 5a464eb0-7057-45b0-92e8-d8f505e212ae: valid; 14.4 s; peak memory 3428 MiB.
2026-10-05T11:28:52Z INFO [346/2500] 5a4652e1-0e70-4acf-b7ad-a995f14ff063: valid; 1.8 s; peak memory 3428 MiB.
2026-10-05T11:28:54Z INFO [347/2500] 5a467092-0a47-4293-878f-5777c92283ec: valid; 1.9 s; peak memory 3428 MiB.
2026-10-05T11:28:56Z INFO [348/2500] 5a4720eb-c719-43c0-90bd-3802454fe882: valid; 1.4 s; peak memory 3428 MiB.
2026-10-05T11:28:58Z INFO [349/2500] 5a472d59-0a2a-4669-b24d-7298e9b23e9d: valid; 1.9 s; peak memory 3428 MiB.
2026-10-05T11:29:00Z INFO [350/2500] 5a474389-b325-45ea-ab62-7cc996db4623: valid; 2.8 s; peak memory 3428 MiB.
2026-10-05T11:29:01Z INFO [350/2500] 5a474389-b325-45ea-ab62-7cc996db4623: checkpointed 123860 records.
2026-10-05T11:29:03Z INFO [351/2500] 5a4778f5-dddf-4b72-8154-5e6bf8cbad00: valid; 1.6 s; peak memory 3428 MiB.
2026-10-05T11:29:04Z INFO [352/2500] 5a4789b4-e00a-4171-9ac6-18b28644c149: valid; 1.3 s; peak memory 3428 MiB.
2026-10-05T11:29:06Z INFO [353/2500] 5a47977e-2797-4a6e-96cb-a80b2d73dc65: valid; 1.4 s; peak memory 3428 MiB.
2026-10-05T11:29:14Z INFO [354/2500] 5a47cf65-71c9-47d6-9b3b-a8172775f6ba: not valid; 7.9 s; peak memory 3428 MiB.
2026-10-05T11:29:16Z INFO [355/2500] 5a485292-8049-458c-9a77-059a9734ade5: valid; 2.8 s; peak memory 3428 MiB.
2026-10-05T11:29:25Z INFO [356/2500] 5a493f0b-9575-49f5-97bd-5b1d21853cb7: valid; 8.9 s; peak memory 3428 MiB.
2026-10-05T11:29:38Z INFO [357/2500] 5a4a684e-27bc-4390-bdb4-4d98aec830ac: valid; 12.9 s; peak memory 3428 MiB.
2026-10-05T11:29:40Z INFO [358/2500] 5a4ad217-2731-4b47-bb1a-e41bc583acc7: not valid; 1.9 s; peak memory 3428 MiB.
2026-10-05T11:29:42Z INFO [359/2500] 5a4b1f4c-5b40-4af3-8a0b-cd99f2aaea58: valid; 1.9 s; peak memory 3428 MiB.
2026-10-05T11:29:44Z WARNING 5a4b86b1-2a05-4381-a7ff-d0dda6cd18bc: failed while opening the NWB file (ConstructError: (root/acquisition/_iblmic_audioSpectrogram/bands GroupBuilder {'attributes': {'colnames': array(['freq'], dtype=object), 'description': 'spectogram frequencies', 'namespace': 'core', 'neurodata_type': 'FrequencyBandsTable', 'object_id': 'd3ad1293-f1c4-46c0-95b4-bb83e63bf907'}, 'groups': {}, 'datasets': {'freq': root/acquisition/_iblmic_audioSpectrogram/bands/freq DatasetBuilder {'attributes': {'description': 'frequency value', 'namespace': 'hdmf-common', 'neurodata_type': 'VectorData', 'object_id': '8ae06733-4935-4d59-a9c0-225eacebd4b4'}, 'data': <HDF5 dataset "freq": shape (257,), type "<f4">}, 'id': root/acquisition/_iblmic_audioSpectrogram/bands/id DatasetBuilder {'attributes': {'namespace': 'hdmf-common', 'neurodata_type': 'ElementIdentifiers', 'object_id': 'c8181ea2-3b7a-4527-8fd4-410f81092bf7'}, 'data': <HDF5 dataset "id": shape (257,), type "<i4">}}, 'links': {}}, "Could not construct FrequencyBandsTable object due to: column must have the same number of rows as 'id'"))
2026-10-05T11:29:45Z INFO [361/2500] 5a4bd2a4-2994-455e-99d9-96b1a8cbd5a3: valid; 1.6 s; peak memory 3428 MiB.
2026-10-05T11:29:48Z INFO [362/2500] 5a4c0212-8b5f-43ea-bbb2-6d04216c4e81: valid; 2.3 s; peak memory 3428 MiB.
2026-10-05T11:29:49Z INFO [363/2500] 5a4c3505-554e-48a9-bd41-9c76059cc71a: valid; 1.5 s; peak memory 3428 MiB.
2026-10-05T11:29:52Z INFO [364/2500] 5a4c4d51-3254-426a-a418-95f8a52bca4a: valid; 2.5 s; peak memory 3428 MiB.
2026-10-05T11:29:54Z INFO [365/2500] 5a4e4129-8cdd-4502-93c7-509a49654f79: valid; 2.1 s; peak memory 3428 MiB.
2026-10-05T11:29:56Z INFO [366/2500] 5a4fe7f6-dc07-4e4c-a5db-81d17cf3886f: valid; 2.5 s; peak memory 3428 MiB.
2026-10-05T11:30:01Z INFO [367/2500] 5a502627-071d-4ae5-b375-1de8135c791e: not valid; 4.4 s; peak memory 3428 MiB.
2026-10-05T11:30:03Z INFO [368/2500] 5a514d4a-3b66-42cf-b0e8-6f7bcc17d740: valid; 2.3 s; peak memory 3428 MiB.
2026-10-05T11:30:05Z INFO [369/2500] 5a516145-fd06-4c5d-b4df-d79bdf8e3d29: not valid; 2.0 s; peak memory 3428 MiB.
2026-10-05T11:30:15Z INFO [370/2500] 5a51aca0-d1a5-46a1-b011-89fe0f57a048: valid; 10.3 s; peak memory 3589 MiB.
2026-10-05T11:30:17Z INFO [371/2500] 5a52090b-95aa-4f90-b3dd-9679fbc71cf6: valid; 2.0 s; peak memory 3589 MiB.
2026-10-05T11:30:19Z WARNING 5a5261ec-d120-4e27-b58c-ea9f260301ba: failed while opening the NWB file (ConstructError: (root/acquisition/_iblmic_audioSpectrogram/bands GroupBuilder {'attributes': {'colnames': array(['freq'], dtype=object), 'description': 'spectogram frequencies', 'namespace': 'core', 'neurodata_type': 'FrequencyBandsTable', 'object_id': '6f3b0b2d-1635-4585-96b0-f773898c0f31'}, 'groups': {}, 'datasets': {'freq': root/acquisition/_iblmic_audioSpectrogram/bands/freq DatasetBuilder {'attributes': {'description': 'frequency value', 'namespace': 'hdmf-common', 'neurodata_type': 'VectorData', 'object_id': '217ee22e-2799-4d85-b032-770052ba1455'}, 'data': <HDF5 dataset "freq": shape (257,), type "<f4">}, 'id': root/acquisition/_iblmic_audioSpectrogram/bands/id DatasetBuilder {'attributes': {'namespace': 'hdmf-common', 'neurodata_type': 'ElementIdentifiers', 'object_id': 'f3020df3-7f57-4105-8b29-5060517af3cd'}, 'data': <HDF5 dataset "id": shape (257,), type "<i4">}}, 'links': {}}, "Could not construct FrequencyBandsTable object due to: column must have the same number of rows as 'id'"))
2026-10-05T11:30:22Z INFO [373/2500] 5a52a2b1-8c4a-48b4-9115-3c683915724a: valid; 2.4 s; peak memory 3589 MiB.
2026-10-05T11:30:36Z INFO [374/2500] 5a532f6e-418e-4705-bb67-42e596e28b3a: valid; 14.3 s; peak memory 3589 MiB.
2026-10-05T11:30:38Z INFO [375/2500] 5a5351b4-dc7c-4041-9c6e-74f6d5a98a0c: valid; 1.4 s; peak memory 3589 MiB.
2026-10-05T11:30:40Z INFO [376/2500] 5a53df1f-2bb5-4ac5-8e3a-475d524c60c0: valid; 2.3 s; peak memory 3589 MiB.
2026-10-05T11:30:42Z INFO [377/2500] 5a5427d6-dd5a-49ef-b15e-d521a2f683ea: valid; 2.7 s; peak memory 3590 MiB.
2026-10-05T11:30:44Z INFO [378/2500] 5a548f6a-7799-4cd8-b1d2-5e8b990b4e5f: valid; 1.3 s; peak memory 3591 MiB.
2026-10-05T11:30:45Z INFO [379/2500] 5a55620b-223f-485f-9e62-2336918eb974: not valid; 1.3 s; peak memory 3595 MiB.
2026-10-05T11:30:47Z INFO [380/2500] 5a55639c-5f85-4601-9ffc-c9de8aaf8eaf: valid; 2.3 s; peak memory 3599 MiB.
2026-10-05T11:30:51Z INFO [381/2500] 5a55f189-5c52-4348-81ea-ac6fea759cb6: valid; 3.6 s; peak memory 3600 MiB.
2026-10-05T11:30:54Z INFO [382/2500] 5a561d53-63aa-43df-88b4-8e66dddfab8b: valid; 2.8 s; peak memory 3600 MiB.
2026-10-05T11:31:16Z INFO [383/2500] 5a563112-b338-4650-9f6f-cd9b2a33e4ad: valid; 22.6 s; peak memory 3639 MiB.
2026-10-05T11:31:17Z INFO [384/2500] 5a56792c-95a2-4d8f-9647-5b9341c6287a: valid; 1.0 s; peak memory 3639 MiB.
2026-10-05T11:31:19Z INFO [385/2500] 5a5873c1-6e2c-4a7e-bcfc-66180b88d4ff: valid; 1.9 s; peak memory 3639 MiB.
2026-10-05T11:31:21Z INFO [386/2500] 5a59f476-ad52-40ae-b48e-093176f029ef: not valid; 1.6 s; peak memory 3639 MiB.
2026-10-05T11:31:24Z INFO [387/2500] 5a5a0d97-d1dd-40ee-807f-6b54afe670aa: valid; 3.1 s; peak memory 3639 MiB.
2026-10-05T11:31:26Z INFO [388/2500] 5a5a6164-ef05-4eaf-961a-a7cc064f4450: not valid; 1.8 s; peak memory 3639 MiB.
2026-10-05T11:31:29Z INFO [389/2500] 5a5aec38-a77e-4b43-a481-1bf5c6a098c5: valid; 3.1 s; peak memory 3641 MiB.
2026-10-05T11:31:32Z INFO [390/2500] 5a5b4135-406a-4328-804d-125ca4ee966e: valid; 2.7 s; peak memory 3641 MiB.
2026-10-05T11:31:34Z INFO [391/2500] 5a5b4777-a324-45f8-841b-92445a35ddfc: valid; 2.8 s; peak memory 3641 MiB.
2026-10-05T11:31:34Z WARNING 5a5b7083-6d6c-40f7-b581-8d3a4caf2a44: failed while retrieving asset information from the DANDI API (NotFoundError: No asset at path 'sub-LG445/sub-LG445_ses-LG445-20250328_obj-e7wccb_ophys.nwb' in version 0.260915.2135. Verify the path is correct and the asset exists in this version. Use 'dandi ls' to list available assets.)
2026-10-05T11:31:36Z INFO [393/2500] 5a5c2cc1-7738-4325-a354-1eea3800d72b: valid; 1.4 s; peak memory 3641 MiB.
2026-10-05T11:31:39Z INFO [394/2500] 5a5d04b1-86b1-4809-9a9e-ef0ee88267bd: valid; 3.2 s; peak memory 3641 MiB.
2026-10-05T11:31:40Z INFO [395/2500] 5a5d701c-16e1-48af-bbd0-2f1f3f673fe6: valid; 1.3 s; peak memory 3641 MiB.
2026-10-05T11:31:43Z INFO [396/2500] 5a5e5e7d-9022-4739-8721-bf9e58b5e8c9: valid; 3.0 s; peak memory 3641 MiB.
2026-10-05T11:31:45Z INFO [397/2500] 5a5eaad3-3e32-4b0d-a054-2dd5fc00c79d: not valid; 2.0 s; peak memory 3641 MiB.
2026-10-05T11:31:48Z WARNING 5a5ef8e7-c437-4eb6-b727-f7e87f7c806f: failed while opening the NWB file (ConstructError: (root/acquisition/_iblmic_audioSpectrogram/bands GroupBuilder {'attributes': {'colnames': array(['freq'], dtype=object), 'description': 'spectogram frequencies', 'namespace': 'core', 'neurodata_type': 'FrequencyBandsTable', 'object_id': 'c7e555ed-e945-47fe-8163-259ce921b547'}, 'groups': {}, 'datasets': {'freq': root/acquisition/_iblmic_audioSpectrogram/bands/freq DatasetBuilder {'attributes': {'description': 'frequency value', 'namespace': 'hdmf-common', 'neurodata_type': 'VectorData', 'object_id': '200fbf89-3388-4661-b317-d1c06d388923'}, 'data': <HDF5 dataset "freq": shape (257,), type "<f4">}, 'id': root/acquisition/_iblmic_audioSpectrogram/bands/id DatasetBuilder {'attributes': {'namespace': 'hdmf-common', 'neurodata_type': 'ElementIdentifiers', 'object_id': 'd8e14d46-7ad3-4164-8436-00eeac69e13a'}, 'data': <HDF5 dataset "id": shape (257,), type "<i4">}}, 'links': {}}, "Could not construct FrequencyBandsTable object due to: column must have the same number of rows as 'id'"))
2026-10-05T11:31:50Z INFO [399/2500] 5a5f6101-8d5a-4cb1-8e63-97be24fb95d6: valid; 2.4 s; peak memory 3641 MiB.
2026-10-05T11:31:52Z INFO [400/2500] 5a5f8cdd-9f50-4bb6-980a-4350b685c73a: valid; 1.4 s; peak memory 3641 MiB.
2026-10-05T11:31:52Z INFO [400/2500] 5a5f8cdd-9f50-4bb6-980a-4350b685c73a: checkpointed 123910 records.
2026-10-05T11:31:54Z INFO [401/2500] 5a5fc867-9b7e-4f10-b456-f8441682b029: valid; 1.4 s; peak memory 3641 MiB.
2026-10-05T11:31:55Z INFO [402/2500] 5a602dfd-4240-422c-8fc7-eb20fff16845: not valid; 1.7 s; peak memory 3641 MiB.
2026-10-05T11:31:58Z INFO [403/2500] 5a6032a2-7e08-4b43-a70f-98615c44fe6d: valid; 2.6 s; peak memory 3641 MiB.
2026-10-05T11:32:00Z INFO [404/2500] 5a606831-4b85-4673-b033-fe4746f434f5: valid; 2.0 s; peak memory 3641 MiB.
2026-10-05T11:32:19Z INFO [405/2500] 5a606a52-4196-48bc-ba02-10e61f0c2980: valid; 18.6 s; peak memory 3649 MiB.
2026-10-05T11:32:21Z INFO [406/2500] 5a60c8ca-feb5-4c27-9d3d-cc0989c666ec: valid; 1.9 s; peak memory 3658 MiB.
2026-10-05T11:32:22Z INFO [407/2500] 5a60d075-dff3-4fc1-8a19-59aa079ce8ba: not valid; 1.8 s; peak memory 3662 MiB.
2026-10-05T11:32:24Z INFO [408/2500] 5a60d639-a26b-4100-b55c-2ef64df1de71: valid; 2.1 s; peak memory 3668 MiB.
2026-10-05T11:32:26Z INFO [409/2500] 5a61a6b0-d506-45ae-a959-cbaa8b411eea: valid; 1.3 s; peak memory 3670 MiB.
2026-10-05T11:32:30Z INFO [410/2500] 5a61c60e-ad23-41a1-928b-27f52a29d9be: valid; 3.8 s; peak memory 3674 MiB.
2026-10-05T11:32:31Z INFO [411/2500] 5a61e3bf-31a1-423f-be2e-2d7caf901b1f: valid; 1.4 s; peak memory 3674 MiB.
2026-10-05T11:32:34Z INFO [412/2500] 5a61f021-87b0-4e07-9164-0e071144dd72: valid; 3.2 s; peak memory 3674 MiB.
2026-10-05T11:32:38Z INFO [413/2500] 5a623f7e-774b-47a7-a158-0c4ffbe6a593: valid; 3.4 s; peak memory 3676 MiB.
2026-10-05T11:32:46Z INFO [414/2500] 5a62aa14-b921-4e5e-ba11-e54b5a6f17b5: valid; 8.5 s; peak memory 3717 MiB.
2026-10-05T11:32:49Z INFO [415/2500] 5a634b61-3503-407e-b09e-ad09daef6155: valid; 2.7 s; peak memory 3719 MiB.
2026-10-05T11:32:49Z WARNING 5a638773-e703-42b5-a914-dc321729952b: failed while retrieving asset information from the DANDI API (NotFoundError: No asset at path 'sub-754896/sub-754896_ses-behavior-754896-2025-01-04-17-25-58.nwb' in version 0.260928.2230. Verify the path is correct and the asset exists in this version. Use 'dandi ls' to list available assets.)
2026-10-05T11:32:52Z INFO [417/2500] 5a63b799-6865-457c-9331-58b832c9ba6f: valid; 3.0 s; peak memory 3719 MiB.
2026-10-05T11:32:53Z INFO [418/2500] 5a63e40a-e8d3-4dc9-b24b-8de3097c8649: valid; 1.4 s; peak memory 3719 MiB.
2026-10-05T11:32:55Z INFO [419/2500] 5a63faa3-4a52-4851-baa8-eebb9f771f12: valid; 1.7 s; peak memory 3719 MiB.
2026-10-05T11:32:57Z INFO [420/2500] 5a64432b-726e-4972-9e00-2741941d4c6a: not valid; 2.4 s; peak memory 3719 MiB.
2026-10-05T11:32:58Z INFO [421/2500] 5a64737a-fefe-46b5-a8ab-e810a27ecf9c: valid; 1.1 s; peak memory 3719 MiB.
2026-10-05T11:33:00Z INFO [422/2500] 5a64ed94-2ade-434e-861b-bc9eefa32d38: valid; 1.3 s; peak memory 3719 MiB.
2026-10-05T11:33:02Z INFO [423/2500] 5a651f11-9ca2-4bbf-8761-c2eaaa307c78: valid; 2.5 s; peak memory 3724 MiB.
2026-10-05T11:33:04Z INFO [424/2500] 5a6545a4-7229-43f3-aa03-946c3cab2037: valid; 1.3 s; peak memory 3724 MiB.
2026-10-05T11:33:06Z INFO [425/2500] 5a655174-cfeb-455f-856f-f04fca44d92e: not valid; 2.1 s; peak memory 3724 MiB.
2026-10-05T11:33:09Z INFO [426/2500] 5a656eaf-e78c-4198-b1e3-e49e02b5f83a: valid; 3.2 s; peak memory 3724 MiB.
2026-10-05T11:33:11Z INFO [427/2500] 5a659e56-8404-4f03-b0bd-820bf0020336: not valid; 1.6 s; peak memory 3724 MiB.
2026-10-05T11:33:19Z INFO [428/2500] 5a659f74-4a8b-47ee-8eb1-fd2eddee1956: valid; 8.8 s; peak memory 3763 MiB.
2026-10-05T11:33:21Z INFO [429/2500] 5a664fd6-bcec-40b8-801f-0e21696d89e4: valid; 2.0 s; peak memory 3768 MiB.
2026-10-05T11:33:23Z INFO [430/2500] 5a669bad-37db-44b5-a0db-e27578f121f4: valid; 1.5 s; peak memory 3771 MiB.
2026-10-05T11:33:24Z INFO [431/2500] 5a66b38b-b6a2-4eda-8098-5661f9d277c1: not valid; 1.6 s; peak memory 3775 MiB.
2026-10-05T11:33:36Z INFO [432/2500] 5a66eaee-5704-42b5-b774-c5ea2d44e07a: valid; 11.1 s; peak memory 3794 MiB.
2026-10-05T11:33:37Z INFO [433/2500] 5a673cb5-ca38-43be-9e35-420660b6d769: valid; 1.2 s; peak memory 3796 MiB.
2026-10-05T11:33:39Z INFO [434/2500] 5a6758a6-c85e-4bdb-82fb-903dd3844b94: not valid; 1.8 s; peak memory 3798 MiB.
2026-10-05T11:33:42Z INFO [435/2500] 5a67d965-3661-442e-9d33-31db1b0d94d2: valid; 3.1 s; peak memory 3808 MiB.
2026-10-05T11:33:44Z INFO [436/2500] 5a680357-8e06-48a2-b9df-cb5f9d4a7ca0: valid; 2.3 s; peak memory 3811 MiB.
2026-10-05T11:33:46Z INFO [437/2500] 5a68a37e-7444-45c3-a8db-8869f30bfbf1: valid; 2.0 s; peak memory 3811 MiB.
2026-10-05T11:33:49Z INFO [438/2500] 5a694814-69e7-4ebb-b58e-671e057db0bf: valid; 2.8 s; peak memory 3811 MiB.
2026-10-05T11:33:50Z INFO [439/2500] 5a699de5-79b7-44d6-8cc9-db13e349466e: valid; 1.5 s; peak memory 3811 MiB.
2026-10-05T11:33:52Z INFO [440/2500] 5a69af0b-4937-472b-b0b6-03e4c8779280: valid; 1.9 s; peak memory 3811 MiB.
2026-10-05T11:33:57Z INFO [441/2500] 5a69c085-0935-40eb-ac0f-6ebc25924e80: valid; 5.0 s; peak memory 3811 MiB.
2026-10-05T11:34:02Z INFO [442/2500] 5a69edb5-0460-4992-bfb9-7cd698212066: valid; 4.6 s; peak memory 3811 MiB.
2026-10-05T11:34:03Z INFO [443/2500] 5a6b1aa0-13d6-422b-a7e4-890d52f30bfa: valid; 1.3 s; peak memory 3811 MiB.
2026-10-05T11:34:05Z INFO [444/2500] 5a6c12d0-00eb-4191-94db-b822e0326b59: not valid; 1.5 s; peak memory 3811 MiB.
2026-10-05T11:34:08Z INFO [445/2500] 5a6c270b-336a-41f0-9465-bcec886c255f: valid; 3.0 s; peak memory 3811 MiB.
2026-10-05T11:34:10Z INFO [446/2500] 5a6c3fd5-f0e3-46bf-9ed1-380ab1aa6c0a: valid; 2.1 s; peak memory 3811 MiB.
2026-10-05T11:34:12Z INFO [447/2500] 5a6c7275-ac27-4013-9529-7ea8f2bf89f8: valid; 2.7 s; peak memory 3811 MiB.
2026-10-05T11:34:14Z INFO [448/2500] 5a6ce106-c995-4cf9-8a3c-fa19f073e24d: not valid; 1.7 s; peak memory 3811 MiB.
2026-10-05T11:34:16Z INFO [449/2500] 5a6d35ed-3921-4aa0-8add-c43666b9e817: not valid; 2.1 s; peak memory 3811 MiB.
2026-10-05T11:34:21Z INFO [450/2500] 5a6db783-5723-458d-bc2a-3b00d6997cfb: valid; 4.2 s; peak memory 3811 MiB.
2026-10-05T11:34:21Z INFO [450/2500] 5a6db783-5723-458d-bc2a-3b00d6997cfb: checkpointed 123960 records.
2026-10-05T11:34:23Z INFO [451/2500] 5a6dbf02-cf8d-4390-a766-0ccefb9a6f51: valid; 1.5 s; peak memory 3811 MiB.
2026-10-05T11:34:26Z INFO [452/2500] 5a6dc0ec-b1ad-4e1c-8970-04c7b817e02e: valid; 2.8 s; peak memory 3813 MiB.
2026-10-05T11:34:37Z INFO [453/2500] 5a6e5081-6e42-436c-bd06-ebba74a4cbb1: valid; 11.1 s; peak memory 3832 MiB.
2026-10-05T11:34:39Z INFO [454/2500] 5a6e8b85-393e-41dc-b7f6-835070c9d2eb: not valid; 1.8 s; peak memory 3836 MiB.
2026-10-05T11:34:40Z INFO [455/2500] 5a6e9e1d-03d5-433d-8eb3-a232f5634a33: not valid; 1.5 s; peak memory 3836 MiB.
2026-10-05T11:34:42Z INFO [456/2500] 5a6f2cf0-26b1-44e1-a85d-20768d2b63bf: valid; 1.9 s; peak memory 3836 MiB.
2026-10-05T11:34:45Z INFO [457/2500] 5a6f6add-8f9a-4e3f-bd2a-37f8549a89d4: valid; 3.3 s; peak memory 3842 MiB.
2026-10-05T11:34:47Z INFO [458/2500] 5a6f7e43-1f4b-4713-bfcb-654ac2239a23: valid; 1.3 s; peak memory 3843 MiB.
2026-10-05T11:34:48Z WARNING 5a6f84a9-f8ea-40f9-a185-04757a1f4297: failed while opening the NWB file (ConstructError: (root/acquisition/_iblmic_audioSpectrogram/bands GroupBuilder {'attributes': {'colnames': array(['freq'], dtype=object), 'description': 'spectogram frequencies', 'namespace': 'core', 'neurodata_type': 'FrequencyBandsTable', 'object_id': '7a03509d-5b45-44b1-8d04-5f87cf5eb845'}, 'groups': {}, 'datasets': {'freq': root/acquisition/_iblmic_audioSpectrogram/bands/freq DatasetBuilder {'attributes': {'description': 'frequency value', 'namespace': 'hdmf-common', 'neurodata_type': 'VectorData', 'object_id': 'dc979dc1-7125-4433-86bb-5712ab6a3d59'}, 'data': <HDF5 dataset "freq": shape (257,), type "<f4">}, 'id': root/acquisition/_iblmic_audioSpectrogram/bands/id DatasetBuilder {'attributes': {'namespace': 'hdmf-common', 'neurodata_type': 'ElementIdentifiers', 'object_id': 'faca5450-640c-4159-803f-4027708b99e4'}, 'data': <HDF5 dataset "id": shape (257,), type "<i4">}}, 'links': {}}, "Could not construct FrequencyBandsTable object due to: column must have the same number of rows as 'id'"))
2026-10-05T11:34:50Z INFO [460/2500] 5a70a212-339f-4c52-9f7f-a52d5d625d5d: not valid; 1.4 s; peak memory 3844 MiB.
2026-10-05T11:34:53Z INFO [461/2500] 5a70b5c1-783d-4297-ad62-74899b8f5896: valid; 2.8 s; peak memory 3844 MiB.
2026-10-05T11:34:57Z INFO [462/2500] 5a710084-40dd-4a7b-82f0-dca88f046b2a: not valid; 4.1 s; peak memory 3847 MiB.
2026-10-05T11:35:07Z INFO [463/2500] 5a713240-9e1d-4fb8-b1c6-a306ccd520a6: valid; 10.6 s; peak memory 3865 MiB.
2026-10-05T11:35:09Z INFO [464/2500] 5a713e68-29fe-488e-880f-3aac91c9a645: not valid; 1.4 s; peak memory 3868 MiB.
2026-10-05T11:35:11Z WARNING 5a71683d-703a-4718-9acd-17ff3bec33ba: failed while opening the NWB file (ConstructError: (root/acquisition/event_code_meanings GroupBuilder {'attributes': {'colnames': array(['value', 'meaning'], dtype=object), 'description': 'Mapping integer event codes to event labels', 'namespace': 'ndx-events', 'neurodata_type': 'MeaningsTable', 'object_id': '04060336-d0d1-4737-859d-0bdd3952c5b3'}, 'groups': {}, 'datasets': {'id': root/acquisition/event_code_meanings/id DatasetBuilder {'attributes': {'namespace': 'hdmf-common', 'neurodata_type': 'ElementIdentifiers', 'object_id': 'da45b4ef-40d0-4089-9fe6-f067d87aa5bb'}, 'data': <HDF5 dataset "id": shape (26,), type "<i8">}, 'meaning': root/acquisition/event_code_meanings/meaning DatasetBuilder {'attributes': {'description': 'The meaning of the value in the parent CategoricalVectorData object.', 'namespace': 'hdmf-experimental', 'neurodata_type': 'VectorData', 'object_id': '1164135f-293e-4805-8ad7-05e415ed2aee'}, 'data': <StrDataset for HDF5 dataset "meaning": shape (26,), type "|O">}, 'value': root/acquisition/event_code_meanings/value DatasetBuilder {'attributes': {'description': 'The value of the parent CategoricalVectorData object.', 'namespace': 'hdmf-experimental', 'neurodata_type': 'VectorData', 'object_id': 'c9b139b0-5f76-4e78-86bb-5fba2c0c8cb7'}, 'data': <HDF5 dataset "value": shape (26,), type "<i8">}}, 'links': {}}, "Could not construct MeaningsTable object due to: MeaningsTable.__init__: missing argument 'target'"))
2026-10-05T11:35:25Z INFO [466/2500] 5a718718-561b-406f-ab7f-e059f3a4fc5c: not valid; 14.5 s; peak memory 3938 MiB.
2026-10-05T11:35:27Z WARNING 5a71f519-68fe-4665-9865-ff7540989811: failed while opening the NWB file (ConstructError: (root/acquisition/_iblmic_audioSpectrogram/bands GroupBuilder {'attributes': {'colnames': array(['freq'], dtype=object), 'description': 'spectogram frequencies', 'namespace': 'core', 'neurodata_type': 'FrequencyBandsTable', 'object_id': 'cda2c17f-8846-4260-a92d-13131e5cb71a'}, 'groups': {}, 'datasets': {'freq': root/acquisition/_iblmic_audioSpectrogram/bands/freq DatasetBuilder {'attributes': {'description': 'frequency value', 'namespace': 'hdmf-common', 'neurodata_type': 'VectorData', 'object_id': '088cf487-7473-44c1-a8c7-22fa083a01f0'}, 'data': <HDF5 dataset "freq": shape (257,), type "<f4">}, 'id': root/acquisition/_iblmic_audioSpectrogram/bands/id DatasetBuilder {'attributes': {'namespace': 'hdmf-common', 'neurodata_type': 'ElementIdentifiers', 'object_id': 'd6fd710c-346d-4196-bbd9-644be6724b28'}, 'data': <HDF5 dataset "id": shape (257,), type "<i4">}}, 'links': {}}, "Could not construct FrequencyBandsTable object due to: column must have the same number of rows as 'id'"))
2026-10-05T11:35:30Z INFO [468/2500] 5a72abff-066f-459d-8507-84d9f2cecd78: valid; 2.2 s; peak memory 3950 MiB.
2026-10-05T11:35:31Z INFO [469/2500] 5a746efa-0a1f-4f34-9fe2-b48b095ebba9: not valid; 1.7 s; peak memory 3952 MiB.
2026-10-05T11:35:33Z INFO [470/2500] 5a752ac8-1f30-47f1-b0c2-0489aca01ce4: valid; 1.3 s; peak memory 3952 MiB.
2026-10-05T11:37:57Z INFO [471/2500] 5a75911e-291b-474b-aefc-74fdd1675854: valid; 144.5 s; peak memory 4991 MiB.
2026-10-05T11:37:59Z INFO [472/2500] 5a76c634-9c63-4e4d-8e3b-51b4de7ee0d8: valid; 1.7 s; peak memory 4991 MiB.
2026-10-05T11:38:00Z INFO [473/2500] 5a77527f-8246-433a-a18d-e8fd4cb791ac: valid; 1.2 s; peak memory 4991 MiB.
2026-10-05T11:38:02Z INFO [474/2500] 5a77db85-9ae5-4379-9e9b-db857ac183c2: valid; 2.2 s; peak memory 4991 MiB.
2026-10-05T11:38:04Z INFO [475/2500] 5a77e97b-f9a2-48cf-b6b8-2323c9363392: valid; 2.0 s; peak memory 4991 MiB.
2026-10-05T11:38:06Z INFO [476/2500] 5a77fbf5-d826-4be6-80e8-b7236c748806: valid; 2.1 s; peak memory 4991 MiB.
2026-10-05T11:38:08Z INFO [477/2500] 5a7879e1-54fb-4d9f-82d8-1a2f60fe1f28: not valid; 1.5 s; peak memory 4991 MiB.
2026-10-05T11:38:10Z INFO [478/2500] 5a793c83-49a9-4842-884a-f406b0ea7854: valid; 2.0 s; peak memory 4991 MiB.
2026-10-05T11:38:12Z INFO [479/2500] 5a79bd57-dde1-4a92-96e3-87bc25f6e9d4: valid; 1.5 s; peak memory 4991 MiB.
2026-10-05T11:38:45Z INFO [480/2500] 5a7a23ca-cd2c-4216-9d74-ad221dfa04a7: not valid; 34.0 s; peak memory 5862 MiB.
2026-10-05T11:38:47Z INFO [481/2500] 5a7a3a60-d92d-44ec-9dec-cb2b50c2e5c7: valid; 1.7 s; peak memory 5862 MiB.
2026-10-05T11:38:49Z INFO [482/2500] 5a7b61cd-d277-432e-8a0a-edcb3553056a: not valid; 1.8 s; peak memory 5862 MiB.
2026-10-05T11:38:52Z INFO [483/2500] 5a7b7744-d081-4a28-8368-a2fe7f5d2d82: valid; 2.7 s; peak memory 5862 MiB.
2026-10-05T11:38:54Z INFO [484/2500] 5a7b8379-f3d2-4730-aa5c-5f2d7dbd52ba: valid; 1.9 s; peak memory 5862 MiB.
2026-10-05T11:38:56Z INFO [485/2500] 5a7b9785-e0ec-4ead-bd46-ee6507ed8d0c: valid; 2.3 s; peak memory 5862 MiB.
2026-10-05T11:38:58Z INFO [486/2500] 5a7ba73d-adf9-45f3-9c40-502a17aab410: valid; 2.0 s; peak memory 5862 MiB.
2026-10-05T11:38:59Z INFO [487/2500] 5a7bbbf9-32ae-44fa-8ebd-b75335883eba: not valid; 1.5 s; peak memory 5862 MiB.
2026-10-05T11:39:01Z INFO [488/2500] 5a7c1f0c-2c29-4203-87ae-061dc2b490ce: valid; 1.7 s; peak memory 5862 MiB.
2026-10-05T11:39:03Z INFO [489/2500] 5a7c5bb2-5069-4254-8ffe-228b9d49a173: valid; 1.7 s; peak memory 5862 MiB.
2026-10-05T11:39:04Z INFO [490/2500] 5a7cbcc3-e879-4fcf-93d3-f187d8e6ebac: valid; 1.4 s; peak memory 5862 MiB.
2026-10-05T11:39:07Z INFO [491/2500] 5a7d0d86-cf16-4c9c-95d9-4a8acc1d8e40: valid; 2.6 s; peak memory 5862 MiB.
2026-10-05T11:39:13Z INFO [492/2500] 5a7d5a3f-fa33-4560-a683-9df8ce52a308: not valid; 6.2 s; peak memory 5862 MiB.
2026-10-05T11:39:14Z INFO [493/2500] 5a7d7f46-572b-4d3d-8539-d1d55cec4bd0: not valid; 1.5 s; peak memory 5862 MiB.
2026-10-05T11:39:15Z INFO [494/2500] 5a7decc5-24e4-4b11-8fbd-9e20b811f086: valid; 1.0 s; peak memory 5862 MiB.
2026-10-05T11:39:17Z INFO [495/2500] 5a7e3616-3cd3-44fe-9822-83962ec5cc8f: valid; 1.2 s; peak memory 5862 MiB.
2026-10-05T11:39:21Z INFO [496/2500] 5a7e5a95-37ac-4f42-8f7a-7c92cddf626e: valid; 4.7 s; peak memory 5862 MiB.
2026-10-05T11:39:24Z INFO [497/2500] 5a7e8fea-a341-454a-95b6-4993bd757b73: not valid; 2.4 s; peak memory 5862 MiB.
2026-10-05T11:39:33Z INFO [498/2500] 5a7ec80b-e39b-4ad3-a5f0-2e35ce87d2cf: valid; 9.2 s; peak memory 5862 MiB.
2026-10-05T11:39:33Z WARNING 5a7f1b6a-3c1f-4a4a-b66e-2f53a03cda62: failed while retrieving asset information from the DANDI API (NotFoundError: No asset at path 'sub-714612/sub-714612_ses-1325995398_probe-0_ecephys.nwb' in version 0.250311.2145. Verify the path is correct and the asset exists in this version. Use 'dandi ls' to list available assets.)
2026-10-05T11:39:35Z INFO [500/2500] 5a7f80a2-309b-46e2-8902-aa2a43ac807a: valid; 1.4 s; peak memory 5862 MiB.
2026-10-05T11:39:35Z INFO [500/2500] 5a7f80a2-309b-46e2-8902-aa2a43ac807a: checkpointed 124010 records.
2026-10-05T11:39:38Z INFO [501/2500] 5a7fcdb8-948a-4f32-8759-a82247fd0f1b: valid; 2.3 s; peak memory 5862 MiB.
2026-10-05T11:39:40Z INFO [502/2500] 5a804990-27d5-4947-bab4-e3eb2b0f1e25: not valid; 2.6 s; peak memory 5862 MiB.
2026-10-05T11:39:42Z INFO [503/2500] 5a812451-7ff2-4a5d-8b5d-cd05a1aec15e: valid; 1.4 s; peak memory 5862 MiB.
2026-10-05T11:39:43Z INFO [504/2500] 5a816dc8-da01-4f5e-8094-123ba53c8083: valid; 1.3 s; peak memory 5862 MiB.
2026-10-05T11:39:43Z WARNING 5a8190f2-4f01-427b-86a5-6a55936b2afe: failed while retrieving asset information from the DANDI API (NotFoundError: No asset at path 'sub-healthy-simulated-lfp/sub-healthy-simulated-lfp_ses-7883_ecephys.nwb' in version 0.250327.2220. Verify the path is correct and the asset exists in this version. Use 'dandi ls' to list available assets.)
2026-10-05T11:39:57Z INFO [506/2500] 5a819922-81ff-4673-9e70-72d9a739efc7: valid; 13.8 s; peak memory 5865 MiB.
2026-10-05T11:39:59Z INFO [507/2500] 5a819bcb-c175-412f-9a0c-9a7a7edca95f: valid; 2.2 s; peak memory 5871 MiB.
2026-10-05T11:40:01Z INFO [508/2500] 5a81b764-04fd-4322-b797-cf73f5b572f2: valid; 1.5 s; peak memory 5874 MiB.
2026-10-05T11:40:03Z INFO [509/2500] 5a81db94-cbb7-491c-8d07-c2857201c16c: valid; 2.3 s; peak memory 5878 MiB.
2026-10-05T11:40:05Z INFO [510/2500] 5a8259b7-885f-451b-aece-a272f759959b: not valid; 2.0 s; peak memory 5882 MiB.
2026-10-05T11:40:08Z INFO [511/2500] 5a82f72f-1bdf-4849-ab97-606258758b62: valid; 3.0 s; peak memory 5889 MiB.
2026-10-05T11:40:09Z INFO [512/2500] 5a82fdb3-7ec7-427b-909d-4bdb279c199c: not valid; 1.5 s; peak memory 5893 MiB.
2026-10-05T11:40:12Z INFO [513/2500] 5a832e09-9037-4e52-bc6e-0d287d97c2ea: valid; 2.2 s; peak memory 5903 MiB.
2026-10-05T11:40:16Z INFO [514/2500] 5a83993f-e133-41f8-be51-c49e21c48f41: valid; 4.1 s; peak memory 5903 MiB.
2026-10-05T11:40:17Z INFO [515/2500] 5a83c8a2-8551-4a9e-a4d4-4b618848f425: not valid; 1.5 s; peak memory 5903 MiB.
2026-10-05T11:40:21Z INFO [516/2500] 5a840376-c860-46a8-a51c-b64ac8ff1534: not valid; 4.2 s; peak memory 5903 MiB.
2026-10-05T11:40:24Z INFO [517/2500] 5a847f58-88f0-4b0e-9f13-4ddfc994b39b: valid; 2.2 s; peak memory 5903 MiB.
2026-10-05T11:40:25Z INFO [518/2500] 5a84c911-07e4-44b0-9447-57a43a828dfe: valid; 1.2 s; peak memory 5903 MiB.
2026-10-05T11:40:26Z INFO [519/2500] 5a85488f-aea9-46aa-a5aa-6fec668307e6: valid; 1.3 s; peak memory 5903 MiB.
2026-10-05T11:40:28Z INFO [520/2500] 5a85957a-af21-49c6-8f3b-b54eed2aebca: valid; 2.3 s; peak memory 5903 MiB.
2026-10-05T11:40:30Z INFO [521/2500] 5a85a57e-85a4-4ae7-af44-86be39bad26b: valid; 2.0 s; peak memory 5903 MiB.
2026-10-05T11:40:32Z INFO [522/2500] 5a85afe0-98c2-461e-9b2f-b0a81b8665f4: valid; 1.3 s; peak memory 5903 MiB.
2026-10-05T11:40:33Z INFO [523/2500] 5a8696db-1fdf-46ce-8195-7e033eb5725a: valid; 1.4 s; peak memory 5903 MiB.
2026-10-05T11:40:43Z INFO [524/2500] 5a86a276-0650-4b51-916e-47636cae2503: valid; 9.7 s; peak memory 5943 MiB.
2026-10-05T11:40:50Z INFO [525/2500] 5a873feb-904a-409f-8a68-23d5ee362461: valid; 7.7 s; peak memory 5960 MiB.
2026-10-05T11:40:53Z INFO [526/2500] 5a877dad-cfc4-4632-83d6-0ef62b55f107: valid; 2.1 s; peak memory 5967 MiB.
2026-10-05T11:41:10Z INFO [527/2500] 5a878a0c-fac9-4017-834c-f7dc20f88810: valid; 17.7 s; peak memory 6055 MiB.
2026-10-05T11:41:15Z INFO [528/2500] 5a87955c-14ef-41d6-bf88-bee425213422: valid; 5.0 s; peak memory 6059 MiB.
2026-10-05T11:41:19Z INFO [529/2500] 5a87ab1d-4f52-40b3-a128-8ebcb3e0a797: valid; 3.5 s; peak memory 6059 MiB.
2026-10-05T11:41:21Z INFO [530/2500] 5a880419-678d-4a6e-8fab-87ad1b7e723f: valid; 1.9 s; peak memory 6059 MiB.
2026-10-05T11:41:22Z INFO [531/2500] 5a885af1-c6be-456f-b422-742ee2cd3405: valid; 1.7 s; peak memory 6059 MiB.
2026-10-05T11:41:24Z INFO [532/2500] 5a8873ce-9d38-4b2c-af9a-1147add19660: valid; 1.4 s; peak memory 6059 MiB.
2026-10-05T11:41:25Z INFO [533/2500] 5a88755b-1c1e-4631-ae5e-240e9b73fba5: valid; 1.3 s; peak memory 6059 MiB.
2026-10-05T11:41:27Z INFO [534/2500] 5a89004a-173d-4f41-87bd-33f54f415050: not valid; 1.6 s; peak memory 6059 MiB.
2026-10-05T11:41:28Z INFO [535/2500] 5a8941e1-565e-4fd2-901e-40d67b187f69: valid; 1.0 s; peak memory 6059 MiB.
2026-10-05T11:41:32Z INFO [536/2500] 5a8b397a-ffe3-4ead-a3a4-9c8bd3059b46: not valid; 4.3 s; peak memory 6059 MiB.
2026-10-05T11:41:34Z INFO [537/2500] 5a8b7670-ceda-4c2d-a7d9-24c88c046d68: valid; 2.2 s; peak memory 6059 MiB.
2026-10-05T11:41:35Z INFO [538/2500] 5a8ce1c1-7803-4656-89aa-235bb9def2e7: valid; 1.3 s; peak memory 6059 MiB.
2026-10-05T11:41:53Z INFO [539/2500] 5a8d1a3d-6cae-457c-b275-d861b85f3c5d: valid; 18.0 s; peak memory 6059 MiB.
2026-10-05T11:41:55Z INFO [540/2500] 5a8d9ed8-52ce-4a50-af75-4f156c31dde5: valid; 1.5 s; peak memory 6059 MiB.
2026-10-05T11:41:56Z INFO [541/2500] 5a8dbaf7-8eeb-4631-a717-b0de675a04e3: valid; 1.0 s; peak memory 6059 MiB.
2026-10-05T11:41:58Z INFO [542/2500] 5a8e7557-d4f9-4486-9149-f0fb11887d95: not valid; 1.9 s; peak memory 6059 MiB.
2026-10-05T11:42:00Z INFO [543/2500] 5a8f494f-3199-4594-bfaa-1123880be298: not valid; 2.0 s; peak memory 6060 MiB.
2026-10-05T11:42:02Z INFO [544/2500] 5a8fa9ad-dc5e-4bf9-abc4-05eb50db6c21: valid; 2.4 s; peak memory 6060 MiB.
2026-10-05T11:42:04Z WARNING 5a8ffa89-0be5-4363-bdcf-b62f6edcd688: failed while opening the NWB file (ConstructError: (root/acquisition/_iblmic_audioSpectrogram/bands GroupBuilder {'attributes': {'colnames': array(['freq'], dtype=object), 'description': 'spectogram frequencies', 'namespace': 'core', 'neurodata_type': 'FrequencyBandsTable', 'object_id': '0f495607-3103-4d95-a65a-342cfdf3c5dc'}, 'groups': {}, 'datasets': {'freq': root/acquisition/_iblmic_audioSpectrogram/bands/freq DatasetBuilder {'attributes': {'description': 'frequency value', 'namespace': 'hdmf-common', 'neurodata_type': 'VectorData', 'object_id': '1c974f7d-eb2e-423a-a414-0979b229ffa1'}, 'data': <HDF5 dataset "freq": shape (257,), type "<f4">}, 'id': root/acquisition/_iblmic_audioSpectrogram/bands/id DatasetBuilder {'attributes': {'namespace': 'hdmf-common', 'neurodata_type': 'ElementIdentifiers', 'object_id': '1f642cf1-785b-48d7-89ad-138383a84b2d'}, 'data': <HDF5 dataset "id": shape (257,), type "<i4">}}, 'links': {}}, "Could not construct FrequencyBandsTable object due to: column must have the same number of rows as 'id'"))
2026-10-05T11:42:06Z INFO [546/2500] 5a9067af-5b32-4699-8b59-fd310894bf50: valid; 1.4 s; peak memory 6060 MiB.
2026-10-05T11:42:06Z WARNING 5a90a35b-c038-42f8-89e6-f9fb85eab23d: failed while retrieving asset information from the DANDI API (NotFoundError: No asset at path 'sub-LG609/sub-LG609_ses-20250914_obj-1wd2gr3_ophys.nwb' in version 0.260915.2135. Verify the path is correct and the asset exists in this version. Use 'dandi ls' to list available assets.)
2026-10-05T11:42:08Z INFO [548/2500] 5a90ee80-9d63-4875-896c-ba0345997a99: valid; 2.4 s; peak memory 6060 MiB.
2026-10-05T11:42:10Z INFO [549/2500] 5a91ff71-385b-40a7-b8dd-3e19839e6d11: valid; 1.9 s; peak memory 6060 MiB.
2026-10-05T11:42:12Z INFO [550/2500] 5a9210b4-3bbe-4629-b18d-7b0167e46cfb: valid; 1.9 s; peak memory 6060 MiB.
2026-10-05T11:42:13Z INFO [550/2500] 5a9210b4-3bbe-4629-b18d-7b0167e46cfb: checkpointed 124060 records.
2026-10-05T11:42:17Z INFO [551/2500] 5a923ca4-30ce-4f04-84fd-cf333d567a88: valid; 4.1 s; peak memory 6060 MiB.
2026-10-05T11:42:19Z INFO [552/2500] 5a92e56a-6b3b-4c8b-b0a7-e5b67307c6ae: valid; 2.0 s; peak memory 6060 MiB.
2026-10-05T11:42:20Z INFO [553/2500] 5a933888-da7c-4272-b2df-b17d9c73c269: valid; 1.3 s; peak memory 6060 MiB.
2026-10-05T11:42:23Z INFO [554/2500] 5a93b1e2-b062-4948-acba-561e9d5e1c2a: valid; 2.4 s; peak memory 6060 MiB.
2026-10-05T11:42:24Z INFO [555/2500] 5a946d5d-2e1b-4bd4-a2ee-9c629105187c: valid; 1.0 s; peak memory 6060 MiB.
2026-10-05T11:42:24Z WARNING 5a948dd3-7384-43e3-95e2-337fcf95009e: failed while retrieving asset information from the DANDI API (NotFoundError: No such Dandiset: 000561)
2026-10-05T11:42:27Z INFO [557/2500] 5a94da39-6447-4dc9-b388-a73c833a4591: valid; 2.8 s; peak memory 6070 MiB.
2026-10-05T11:42:29Z INFO [558/2500] 5a95546d-90a6-48a9-81fa-045435f28cc9: valid; 2.9 s; peak memory 6070 MiB.
2026-10-05T11:42:33Z INFO [559/2500] 5a967ff2-b631-47e5-b436-e4ff42076179: valid; 3.3 s; peak memory 6070 MiB.
2026-10-05T11:42:35Z INFO [560/2500] 5a96a6e7-5f4a-44d6-874c-33d03252ae0f: valid; 2.4 s; peak memory 6070 MiB.
2026-10-05T11:42:37Z INFO [561/2500] 5a96af19-ec76-47e7-9f39-5498500706e0: valid; 1.8 s; peak memory 6070 MiB.
2026-10-05T11:42:39Z INFO [562/2500] 5a96cc34-2ec2-4720-b745-dec36d03f20d: valid; 2.1 s; peak memory 6070 MiB.
2026-10-05T11:42:39Z WARNING 5a97413c-9f73-45e4-a86b-c0b94856d388: failed while retrieving asset information from the DANDI API (NotFoundError: No asset at path 'sub-EPCNHP2/sub-EPCNHP2_ses-2020-11-09-004_ecephys.nwb' in version 0.240701.1903. Verify the path is correct and the asset exists in this version. Use 'dandi ls' to list available assets.)
2026-10-05T11:42:42Z INFO [564/2500] 5a975b15-6d40-45d5-a478-0f1409b5781c: valid; 2.9 s; peak memory 6079 MiB.
2026-10-05T11:42:43Z INFO [565/2500] 5a976612-f6f2-49fc-bdea-2d6dfd232f89: valid; 1.3 s; peak memory 6081 MiB.
2026-10-05T11:42:46Z INFO [566/2500] 5a97a5d4-7bb7-4beb-99ba-58b8f886e2e3: valid; 2.7 s; peak memory 6086 MiB.
2026-10-05T11:42:49Z INFO [567/2500] 5a9b1c22-e575-4330-a889-a122fccead55: valid; 2.9 s; peak memory 6089 MiB.
2026-10-05T11:43:09Z INFO [568/2500] 5a9b2862-3fa0-4025-a7ad-d491408396ab: valid; 19.7 s; peak memory 6216 MiB.
2026-10-05T11:43:10Z INFO [569/2500] 5a9caf58-1acd-456b-a64d-dc4f61cb224f: not valid; 1.5 s; peak memory 6216 MiB.
2026-10-05T11:43:12Z INFO [570/2500] 5a9cb4f7-b0ad-4fe6-bb5c-f80d4b7a96b1: valid; 1.5 s; peak memory 6216 MiB.
2026-10-05T11:43:18Z INFO [571/2500] 5a9cda0e-f1bf-42d7-9925-63eca9d0ad30: valid; 6.0 s; peak memory 6237 MiB.
2026-10-05T11:43:18Z WARNING 5a9d3e6e-5be0-4a42-abbf-e96722e21ad9: failed while retrieving asset information from the DANDI API (NotFoundError: No asset at path 'sub-parkinson-simulated-lfp/sub-parkinson-simulated-lfp_ses-7369_ecephys.nwb' in version 0.250327.2220. Verify the path is correct and the asset exists in this version. Use 'dandi ls' to list available assets.)
2026-10-05T11:43:52Z INFO [573/2500] 5a9df112-dc28-4609-bfb6-47908eb7e129: valid; 34.5 s; peak memory 6397 MiB.
2026-10-05T11:43:54Z INFO [574/2500] 5a9e22df-fa21-4e74-8f48-ce6b35ea6b8e: not valid; 1.5 s; peak memory 6397 MiB.
2026-10-05T11:43:55Z INFO [575/2500] 5a9e51c1-067e-4760-858b-33bacd1c97de: valid; 1.8 s; peak memory 6397 MiB.
2026-10-05T11:43:59Z INFO [576/2500] 5a9e9978-bbf3-418c-bdcc-0c68b4db29f4: not valid; 3.5 s; peak memory 6397 MiB.
2026-10-05T11:44:02Z INFO [577/2500] 5a9ef31b-696b-46b5-8310-069f6173fe19: valid; 3.1 s; peak memory 6397 MiB.
2026-10-05T11:44:03Z INFO [578/2500] 5a9ef5a8-8fff-4518-86f1-7abb06ac9656: valid; 1.3 s; peak memory 6397 MiB.
2026-10-05T11:44:05Z INFO [579/2500] 5a9fe6e0-9539-43b3-8061-d6bd8fa69d57: not valid; 1.5 s; peak memory 6397 MiB.
2026-10-05T11:44:08Z INFO [580/2500] 5aa1321f-a95e-4179-be67-ccefb6743896: valid; 2.9 s; peak memory 6397 MiB.
2026-10-05T11:44:11Z INFO [581/2500] 5aa1d2d7-eea0-4d13-99fb-dedf56d3313b: valid; 2.8 s; peak memory 6397 MiB.
2026-10-05T11:44:15Z INFO [582/2500] 5aa1d627-8c1b-4bb0-ba6b-5cde93b586fb: not valid; 4.0 s; peak memory 6397 MiB.
2026-10-05T11:44:18Z INFO [583/2500] 5aa1d64e-9992-4cb8-b30b-90304dbf813b: valid; 3.6 s; peak memory 6397 MiB.
2026-10-05T11:44:20Z INFO [584/2500] 5aa209a4-5e7c-4fd5-ba6f-b41d07a2e521: not valid; 1.5 s; peak memory 6397 MiB.
2026-10-05T11:44:21Z INFO [585/2500] 5aa2cdf1-ed88-43ce-9f87-24c2572f2467: valid; 1.7 s; peak memory 6397 MiB.
2026-10-05T11:44:21Z WARNING 5aa2dcd2-f766-48fe-971c-4a85e3240af2: failed while retrieving asset information from the DANDI API (NotFoundError: No asset at path 'sub-EPCNHP1/sub-EPCNHP1_ses-2019-08-12-013_ecephys.nwb' in version 0.240701.1903. Verify the path is correct and the asset exists in this version. Use 'dandi ls' to list available assets.)
2026-10-05T11:44:29Z INFO [587/2500] 5aa39768-5f74-442c-a88e-5af3141a285f: valid; 7.9 s; peak memory 6397 MiB.
2026-10-05T11:44:31Z INFO [588/2500] 5aa397d1-d6f7-4356-97c8-9693ba23222a: valid; 1.5 s; peak memory 6397 MiB.
2026-10-05T11:44:34Z INFO [589/2500] 5aa419fd-d6fe-485f-868e-61f617230410: not valid; 3.6 s; peak memory 6397 MiB.
2026-10-05T11:44:36Z INFO [590/2500] 5aa4bfcb-fb73-41f0-9190-c5c7ac7a3a91: valid; 1.4 s; peak memory 6397 MiB.
2026-10-05T11:44:39Z INFO [591/2500] 5aa4d8f6-4e07-4475-9f29-f7d04df13f10: valid; 3.2 s; peak memory 6397 MiB.
2026-10-05T11:44:43Z INFO [592/2500] 5aa4dc6d-24b6-45b9-afc5-eadabf258cb9: valid; 3.6 s; peak memory 6397 MiB.
2026-10-05T11:44:51Z INFO [593/2500] 5aa569a3-6568-45bd-be37-5aaba04a7590: valid; 8.6 s; peak memory 6426 MiB.
2026-10-05T11:44:54Z INFO [594/2500] 5aa65be3-54dc-4efd-9eae-08bf51cc747a: valid; 2.4 s; peak memory 6427 MiB.
2026-10-05T11:44:58Z INFO [595/2500] 5aa67b79-acff-421a-94b4-b51d689d32ae: valid; 4.3 s; peak memory 6428 MiB.
2026-10-05T11:45:00Z INFO [596/2500] 5aa69b5a-7776-4ecb-8723-e8034c9830e6: valid; 1.5 s; peak memory 6428 MiB.
2026-10-05T11:45:01Z INFO [597/2500] 5aa69d45-bd1e-45f4-b49e-aa6b3642c489: valid; 1.2 s; peak memory 6428 MiB.
2026-10-05T11:45:04Z INFO [598/2500] 5aa6a1dc-6727-44ed-9a78-1aea5e7baf20: not valid; 2.8 s; peak memory 6428 MiB.
2026-10-05T11:45:05Z WARNING 5aa744e6-3f21-4e9e-af70-3417f787618b: failed while opening the NWB file (ConstructError: (root/acquisition/_iblmic_audioSpectrogram/bands GroupBuilder {'attributes': {'colnames': array(['freq'], dtype=object), 'description': 'spectogram frequencies', 'namespace': 'core', 'neurodata_type': 'FrequencyBandsTable', 'object_id': 'c56a4191-7c90-443a-bf60-10b374de601d'}, 'groups': {}, 'datasets': {'freq': root/acquisition/_iblmic_audioSpectrogram/bands/freq DatasetBuilder {'attributes': {'description': 'frequency value', 'namespace': 'hdmf-common', 'neurodata_type': 'VectorData', 'object_id': 'caadb652-7291-4c4b-8430-238bf34b4e40'}, 'data': <HDF5 dataset "freq": shape (257,), type "<f4">}, 'id': root/acquisition/_iblmic_audioSpectrogram/bands/id DatasetBuilder {'attributes': {'namespace': 'hdmf-common', 'neurodata_type': 'ElementIdentifiers', 'object_id': 'e758c027-bcb7-4662-8468-8c01b8c01f50'}, 'data': <HDF5 dataset "id": shape (257,), type "<i4">}}, 'links': {}}, "Could not construct FrequencyBandsTable object due to: column must have the same number of rows as 'id'"))
2026-10-05T11:45:06Z INFO [600/2500] 5aa75ad4-62e9-4d9f-8b20-fee95c133aa7: valid; 1.0 s; peak memory 6428 MiB.
2026-10-05T11:45:07Z INFO [600/2500] 5aa75ad4-62e9-4d9f-8b20-fee95c133aa7: checkpointed 124110 records.
2026-10-05T11:45:08Z INFO [601/2500] 5aa79812-ee5a-4435-aa7d-e8a322a6692b: valid; 1.2 s; peak memory 6428 MiB.
2026-10-05T11:45:10Z INFO [602/2500] 5aa7d2c7-2d3a-4831-9869-4a53bf43f617: valid; 1.3 s; peak memory 6428 MiB.
2026-10-05T11:45:13Z INFO [603/2500] 5aa823d4-7cac-425b-b73e-525ee9cb691e: valid; 3.3 s; peak memory 6428 MiB.
2026-10-05T11:45:31Z INFO [604/2500] 5aa83732-7d7a-4710-b18a-56ac21afb8ed: valid; 18.0 s; peak memory 6428 MiB.
2026-10-05T11:45:33Z INFO [605/2500] 5aa8f82d-947e-422f-bd99-60fe45da49f6: not valid; 1.9 s; peak memory 6428 MiB.
2026-10-05T11:45:34Z INFO [606/2500] 5aa95ac6-d0c9-4ddb-be39-ed7ebb4d2f50: valid; 1.5 s; peak memory 6428 MiB.
2026-10-05T11:45:36Z INFO [607/2500] 5aaa0a7d-01b7-47ee-a0b9-87f371b7a9fa: not valid; 1.4 s; peak memory 6428 MiB.
2026-10-05T11:45:37Z INFO [608/2500] 5aaa518d-a825-478e-81ea-9b46c56a0ebe: valid; 1.2 s; peak memory 6428 MiB.
2026-10-05T11:45:38Z INFO [609/2500] 5aab2b65-9a47-4060-b19e-24f306441aa4: valid; 1.0 s; peak memory 6429 MiB.
2026-10-05T11:45:41Z INFO [610/2500] 5aabf50c-5e8a-4870-b646-90a3f18979ad: not valid; 2.6 s; peak memory 6429 MiB.
2026-10-05T11:45:43Z WARNING 5aac4550-2a24-47c8-8738-0c2c74fd7544: failed while opening the NWB file (ConstructError: (root/acquisition/_iblmic_audioSpectrogram/bands GroupBuilder {'attributes': {'colnames': array(['freq'], dtype=object), 'description': 'spectogram frequencies', 'namespace': 'core', 'neurodata_type': 'FrequencyBandsTable', 'object_id': 'cff58730-bee6-4ade-9361-e942fcae73c9'}, 'groups': {}, 'datasets': {'freq': root/acquisition/_iblmic_audioSpectrogram/bands/freq DatasetBuilder {'attributes': {'description': 'frequency value', 'namespace': 'hdmf-common', 'neurodata_type': 'VectorData', 'object_id': '04e944c1-3a62-4443-a5d3-ab9b944e718f'}, 'data': <HDF5 dataset "freq": shape (257,), type "<f4">}, 'id': root/acquisition/_iblmic_audioSpectrogram/bands/id DatasetBuilder {'attributes': {'namespace': 'hdmf-common', 'neurodata_type': 'ElementIdentifiers', 'object_id': 'd83730c0-721d-40b9-82d8-a507787b7c0d'}, 'data': <HDF5 dataset "id": shape (257,), type "<i4">}}, 'links': {}}, "Could not construct FrequencyBandsTable object due to: column must have the same number of rows as 'id'"))
2026-10-05T11:45:45Z INFO [612/2500] 5aac86ca-dcf5-4774-90dc-25438da93058: valid; 2.0 s; peak memory 6431 MiB.
2026-10-05T11:45:46Z INFO [613/2500] 5aacbbd8-d313-4b8f-8416-4fa1e11b7970: valid; 1.4 s; peak memory 6431 MiB.
2026-10-05T11:45:48Z INFO [614/2500] 5aacee16-2ea4-4494-80d5-adf4e7a99783: valid; 1.3 s; peak memory 6431 MiB.
2026-10-05T11:45:56Z INFO [615/2500] 5aad4e8f-30d1-42b8-a54f-efbe352f5c48: valid; 8.4 s; peak memory 6431 MiB.
2026-10-05T11:45:58Z WARNING 5aad623d-7e79-4ad1-a178-5eb049e436d6: failed while opening the NWB file (ConstructError: (root/acquisition/_iblmic_audioSpectrogram/bands GroupBuilder {'attributes': {'colnames': array(['freq'], dtype=object), 'description': 'spectogram frequencies', 'namespace': 'core', 'neurodata_type': 'FrequencyBandsTable', 'object_id': 'eaaceebe-a835-42b5-8ee5-06dbebb8fbe7'}, 'groups': {}, 'datasets': {'freq': root/acquisition/_iblmic_audioSpectrogram/bands/freq DatasetBuilder {'attributes': {'description': 'frequency value', 'namespace': 'hdmf-common', 'neurodata_type': 'VectorData', 'object_id': '8e842265-cdb3-4cdd-bd2f-838bd5e361ef'}, 'data': <HDF5 dataset "freq": shape (257,), type "<f4">}, 'id': root/acquisition/_iblmic_audioSpectrogram/bands/id DatasetBuilder {'attributes': {'namespace': 'hdmf-common', 'neurodata_type': 'ElementIdentifiers', 'object_id': 'd6e92816-ea51-49fd-82f6-e41f876743d1'}, 'data': <HDF5 dataset "id": shape (257,), type "<i4">}}, 'links': {}}, "Could not construct FrequencyBandsTable object due to: column must have the same number of rows as 'id'"))
2026-10-05T11:46:00Z INFO [617/2500] 5aad77dd-b132-45e6-be49-e54a5d7bb90b: valid; 1.5 s; peak memory 6431 MiB.
2026-10-05T11:46:02Z INFO [618/2500] 5aadc9f7-818f-415e-8f17-8b2cf02b78ee: valid; 2.1 s; peak memory 6431 MiB.
2026-10-05T11:46:04Z INFO [619/2500] 5aae2e1e-9941-44a9-91a7-79dcca600b93: valid; 2.6 s; peak memory 6431 MiB.
2026-10-05T11:46:07Z INFO [620/2500] 5aae6041-dfcc-47a9-a904-0aa268916744: valid; 2.8 s; peak memory 6431 MiB.
2026-10-05T11:46:08Z INFO [621/2500] 5aaea9bd-d4aa-47c5-b5be-621e225e250a: valid; 1.4 s; peak memory 6431 MiB.
2026-10-05T11:46:10Z INFO [622/2500] 5aaec78f-f63c-4515-a331-e34e6c331cbd: valid; 1.3 s; peak memory 6431 MiB.
2026-10-05T11:46:13Z INFO [623/2500] 5aaf2431-af09-45ee-a699-64afeafe776d: valid; 3.7 s; peak memory 6431 MiB.
2026-10-05T11:46:15Z INFO [624/2500] 5aaf84cb-cb5c-4149-a37a-0be782f0ce49: valid; 1.9 s; peak memory 6431 MiB.
2026-10-05T11:46:35Z INFO [625/2500] 5ab0c168-9154-44d1-abff-e94eb404df6b: valid; 19.4 s; peak memory 6431 MiB.
2026-10-05T11:46:38Z INFO [626/2500] 5ab16a29-7ff5-48d1-950e-73796b5e24ef: valid; 3.2 s; peak memory 6431 MiB.
2026-10-05T11:46:39Z INFO [627/2500] 5ab221f1-f523-481b-9ee0-be1d5fb30830: valid; 1.4 s; peak memory 6431 MiB.
2026-10-05T11:46:42Z INFO [628/2500] 5ab273a7-474a-4d26-a2b0-65cc789b7046: valid; 2.2 s; peak memory 6431 MiB.
2026-10-05T11:46:51Z INFO [629/2500] 5ab284a4-7de0-4f06-ae37-2138aec452b0: valid; 9.3 s; peak memory 6431 MiB.
2026-10-05T11:47:00Z INFO [630/2500] 5ab2a18e-85a2-4ccf-b6a5-f5759f84673b: valid; 9.5 s; peak memory 6431 MiB.
2026-10-05T11:47:02Z INFO [631/2500] 5ab34c6c-a63d-4d31-9a2e-5ede5ec6e863: not valid; 1.7 s; peak memory 6431 MiB.
2026-10-05T11:47:05Z INFO [632/2500] 5ab38562-876c-4d20-9659-135edcb08960: valid; 3.1 s; peak memory 6431 MiB.
2026-10-05T11:47:07Z INFO [633/2500] 5ab40928-02a2-441c-958b-4dc2c362236d: valid; 1.8 s; peak memory 6431 MiB.
2026-10-05T11:47:16Z INFO [634/2500] 5ab43020-c46c-4103-83d0-30d44dd757ea: valid; 9.0 s; peak memory 6431 MiB.
2026-10-05T11:47:20Z INFO [635/2500] 5ab4af6f-2976-4e14-ac9e-580353b57b5e: valid; 4.1 s; peak memory 6431 MiB.
2026-10-05T11:47:21Z INFO [636/2500] 5ab4b9d5-0696-4c0e-a89b-2e3b12c44222: valid; 1.4 s; peak memory 6431 MiB.
2026-10-05T11:47:23Z INFO [637/2500] 5ab50784-2db0-48fe-9f8f-f60966b2c6ba: valid; 1.4 s; peak memory 6431 MiB.
2026-10-05T11:47:39Z INFO [638/2500] 5ab5d15f-30f9-4b88-b39e-95bae1e98d08: valid; 16.5 s; peak memory 6431 MiB.
2026-10-05T11:47:41Z INFO [639/2500] 5ab5de5a-8c8a-485d-bd5c-2dee9684a749: not valid; 1.6 s; peak memory 6431 MiB.
2026-10-05T11:47:42Z INFO [640/2500] 5ab64055-0c19-4791-8463-1c2d3cba049a: valid; 1.6 s; peak memory 6431 MiB.
2026-10-05T11:47:47Z INFO [641/2500] 5ab6585b-01b5-4c97-866f-276a18afb3d7: not valid; 4.6 s; peak memory 6431 MiB.
2026-10-05T11:47:48Z INFO [642/2500] 5ab6739f-dbee-4a03-a294-515e6b275e7f: valid; 1.4 s; peak memory 6431 MiB.
2026-10-05T11:47:50Z INFO [643/2500] 5ab676a1-c036-4ae0-a91f-f59068010204: valid; 1.4 s; peak memory 6431 MiB.
2026-10-05T11:47:53Z INFO [644/2500] 5ab6a2b5-0028-421e-84b8-7e34b421b6c0: valid; 3.8 s; peak memory 6431 MiB.
2026-10-05T11:47:56Z INFO [645/2500] 5ab6da10-c8b3-4350-ac72-3d04775eddc0: valid; 2.8 s; peak memory 6431 MiB.
2026-10-05T11:47:58Z INFO [646/2500] 5ab79503-9892-44c3-bfa7-dfb8bb0f9838: not valid; 2.1 s; peak memory 6431 MiB.
2026-10-05T11:48:00Z INFO [647/2500] 5ab7eeb8-d007-499e-80e7-e92290b9609a: valid; 1.4 s; peak memory 6431 MiB.
2026-10-05T11:48:12Z INFO [648/2500] 5ab849fa-ff53-4565-80ed-6debbff2f8e1: valid; 12.2 s; peak memory 6431 MiB.
2026-10-05T11:48:13Z INFO [649/2500] 5ab8c0e5-5aa6-4c8a-ad75-b6306e12d390: valid; 1.3 s; peak memory 6431 MiB.
2026-10-05T11:48:16Z INFO [650/2500] 5ab8c7e6-53b9-4770-902e-4e8e571f0bcd: valid; 2.4 s; peak memory 6431 MiB.
2026-10-05T11:48:17Z INFO [650/2500] 5ab8c7e6-53b9-4770-902e-4e8e571f0bcd: checkpointed 124160 records.
2026-10-05T11:48:19Z WARNING 5ab8dc25-6127-4862-a270-601c449302c9: failed while opening the NWB file (ConstructError: (root/acquisition/event_code_meanings GroupBuilder {'attributes': {'colnames': array(['value', 'meaning'], dtype=object), 'description': 'Mapping integer event codes to event labels', 'namespace': 'ndx-events', 'neurodata_type': 'MeaningsTable', 'object_id': '1dce9173-a3d5-440f-bf97-2ca670c431f0'}, 'groups': {}, 'datasets': {'id': root/acquisition/event_code_meanings/id DatasetBuilder {'attributes': {'namespace': 'hdmf-common', 'neurodata_type': 'ElementIdentifiers', 'object_id': '08cd86a0-7e57-4c63-b6ea-de01d4afb7d2'}, 'data': <HDF5 dataset "id": shape (26,), type "<i8">}, 'meaning': root/acquisition/event_code_meanings/meaning DatasetBuilder {'attributes': {'description': 'The meaning of the value in the parent CategoricalVectorData object.', 'namespace': 'hdmf-experimental', 'neurodata_type': 'VectorData', 'object_id': '144ea3bc-fb15-4dfd-99ac-3d8786878f2d'}, 'data': <StrDataset for HDF5 dataset "meaning": shape (26,), type "|O">}, 'value': root/acquisition/event_code_meanings/value DatasetBuilder {'attributes': {'description': 'The value of the parent CategoricalVectorData object.', 'namespace': 'hdmf-experimental', 'neurodata_type': 'VectorData', 'object_id': '606aa182-61bc-4a54-9133-ae6dfd6daaee'}, 'data': <HDF5 dataset "value": shape (26,), type "<i8">}}, 'links': {}}, "Could not construct MeaningsTable object due to: MeaningsTable.__init__: missing argument 'target'"))
2026-10-05T11:48:21Z INFO [652/2500] 5ab8f0c2-e639-4906-911c-d6baa5a9e794: not valid; 2.9 s; peak memory 6431 MiB.
2026-10-05T11:48:23Z INFO [653/2500] 5ab918bd-18be-40e8-8d10-c890c24e5a7d: not valid; 1.5 s; peak memory 6431 MiB.
2026-10-05T11:48:25Z INFO [654/2500] 5ab99512-e9c7-4c2e-81a3-9a18d2532681: valid; 1.7 s; peak memory 6431 MiB.
2026-10-05T11:48:26Z INFO [655/2500] 5abb4dbd-1ede-4f3b-a196-560f193ed1a2: valid; 1.3 s; peak memory 6431 MiB.
2026-10-05T11:48:27Z INFO [656/2500] 5abb9541-8d9f-472d-8532-cc0dfd6976d1: valid; 1.4 s; peak memory 6431 MiB.
2026-10-05T11:48:30Z INFO [657/2500] 5abbd072-6d0f-4376-b855-ba8e6bae22b9: valid; 2.4 s; peak memory 6431 MiB.
2026-10-05T11:48:45Z INFO [658/2500] 5abc0809-2d89-4a88-af40-5bd78fb2e67f: valid; 15.4 s; peak memory 6431 MiB.
2026-10-05T11:48:48Z INFO [659/2500] 5abc1921-d3aa-47ac-995d-74715900cf4f: valid; 2.9 s; peak memory 6431 MiB.
2026-10-05T11:48:49Z INFO [660/2500] 5abc726d-26d8-4c98-a209-9b9e3e1faf38: not valid; 1.5 s; peak memory 6431 MiB.
2026-10-05T11:48:51Z INFO [661/2500] 5abd038c-b5ac-4e25-b6ef-47d08c85d74d: valid; 1.7 s; peak memory 6431 MiB.
2026-10-05T11:48:53Z INFO [662/2500] 5abd4863-adc7-41ee-ad65-1f840321979f: valid; 1.5 s; peak memory 6431 MiB.
2026-10-05T11:48:54Z INFO [663/2500] 5abd486e-abef-4263-a942-e6a5459042eb: valid; 1.3 s; peak memory 6431 MiB.
2026-10-05T11:48:56Z INFO [664/2500] 5abd5776-9f78-4983-8f0d-92bb8824152a: valid; 2.1 s; peak memory 6431 MiB.
2026-10-05T11:48:58Z INFO [665/2500] 5abd5e24-0c08-4bb8-9f59-bab054d230d6: valid; 2.1 s; peak memory 6431 MiB.
2026-10-05T11:49:00Z WARNING 5abd90e8-9c72-4c40-bb6e-d61c0a26b0e2: failed while opening the NWB file (ConstructError: (root/acquisition/_iblmic_audioSpectrogram/bands GroupBuilder {'attributes': {'colnames': array(['freq'], dtype=object), 'description': 'spectogram frequencies', 'namespace': 'core', 'neurodata_type': 'FrequencyBandsTable', 'object_id': '7cda9148-109e-4c9c-bd6d-67cacf3145b3'}, 'groups': {}, 'datasets': {'freq': root/acquisition/_iblmic_audioSpectrogram/bands/freq DatasetBuilder {'attributes': {'description': 'frequency value', 'namespace': 'hdmf-common', 'neurodata_type': 'VectorData', 'object_id': '564541e4-74c5-4967-ae7b-7b9142c59ffd'}, 'data': <HDF5 dataset "freq": shape (257,), type "<f4">}, 'id': root/acquisition/_iblmic_audioSpectrogram/bands/id DatasetBuilder {'attributes': {'namespace': 'hdmf-common', 'neurodata_type': 'ElementIdentifiers', 'object_id': '5c66a16c-1f27-42d5-b952-d4f8919ee467'}, 'data': <HDF5 dataset "id": shape (257,), type "<i4">}}, 'links': {}}, "Could not construct FrequencyBandsTable object due to: column must have the same number of rows as 'id'"))
2026-10-05T11:49:01Z INFO [667/2500] 5abd93d3-0cc8-4f14-8ba2-710e07de8fe8: valid; 1.3 s; peak memory 6431 MiB.
2026-10-05T11:49:13Z INFO [668/2500] 5abd9f94-9d06-4892-92e0-626e69cebee9: valid; 12.1 s; peak memory 6431 MiB.
2026-10-05T11:49:15Z INFO [669/2500] 5abdeae8-e0bf-47a3-b6f6-69be3812a479: valid; 2.0 s; peak memory 6431 MiB.
2026-10-05T11:49:17Z INFO [670/2500] 5abf2bf4-9f7e-434d-8412-a5bc5a5f29cb: not valid; 1.8 s; peak memory 6431 MiB.
2026-10-05T11:49:18Z INFO [671/2500] 5abfc2c4-7d7e-449a-9697-5e8a59e3aff8: valid; 1.2 s; peak memory 6431 MiB.
2026-10-05T11:49:39Z INFO [672/2500] 5ac09a80-cb62-4752-bc05-39469c784ead: valid; 20.5 s; peak memory 6431 MiB.
2026-10-05T11:49:41Z INFO [673/2500] 5ac0de63-22b5-4162-8385-10e1aa7df517: valid; 2.0 s; peak memory 6431 MiB.
2026-10-05T11:49:43Z INFO [674/2500] 5ac1690c-0d61-49cd-9ef0-3621d2cd6451: valid; 1.9 s; peak memory 6431 MiB.
2026-10-05T11:49:45Z WARNING 5ac19a1b-a101-4e61-97f8-cb36d04452e2: failed while opening the NWB file (ConstructError: (root/acquisition/_iblmic_audioSpectrogram/bands GroupBuilder {'attributes': {'colnames': array(['freq'], dtype=object), 'description': 'spectogram frequencies', 'namespace': 'core', 'neurodata_type': 'FrequencyBandsTable', 'object_id': 'f775cbdd-2c53-490a-8472-abbf6aaf6207'}, 'groups': {}, 'datasets': {'freq': root/acquisition/_iblmic_audioSpectrogram/bands/freq DatasetBuilder {'attributes': {'description': 'frequency value', 'namespace': 'hdmf-common', 'neurodata_type': 'VectorData', 'object_id': 'd825af7b-b056-4b57-aef3-f040f0cf8d80'}, 'data': <HDF5 dataset "freq": shape (257,), type "<f4">}, 'id': root/acquisition/_iblmic_audioSpectrogram/bands/id DatasetBuilder {'attributes': {'namespace': 'hdmf-common', 'neurodata_type': 'ElementIdentifiers', 'object_id': 'bb412bbc-cecf-4592-9ca5-d0c3d16c375c'}, 'data': <HDF5 dataset "id": shape (257,), type "<i4">}}, 'links': {}}, "Could not construct FrequencyBandsTable object due to: column must have the same number of rows as 'id'"))
2026-10-05T11:49:46Z INFO [676/2500] 5ac20492-4470-4989-96a6-6e713efb0b24: valid; 1.3 s; peak memory 6431 MiB.
2026-10-05T11:49:59Z INFO [677/2500] 5ac21673-c221-449f-a48a-f783ad0e3b9a: valid; 13.0 s; peak memory 6431 MiB.
2026-10-05T11:50:00Z INFO [678/2500] 5ac21b94-2b2c-4ba5-b40b-dbbc704f6bd9: valid; 1.3 s; peak memory 6431 MiB.
2026-10-05T11:50:02Z INFO [679/2500] 5ac2dcde-10de-4b31-972e-5520c92a7003: valid; 1.3 s; peak memory 6431 MiB.
2026-10-05T11:50:05Z INFO [680/2500] 5ac305aa-6be9-454f-b7f9-f4e6ae2175f3: valid; 3.0 s; peak memory 6431 MiB.
2026-10-05T11:50:06Z INFO [681/2500] 5ac30e06-24f5-4492-b755-7b0860bbfb70: valid; 1.3 s; peak memory 6431 MiB.
2026-10-05T11:50:07Z INFO [682/2500] 5ac48592-4aca-4bf1-8714-ddf7b807a77c: valid; 1.3 s; peak memory 6431 MiB.
2026-10-05T11:50:09Z INFO [683/2500] 5ac4d844-4358-409b-a04c-8e08c776b888: not valid; 2.3 s; peak memory 6431 MiB.
2026-10-05T11:50:12Z INFO [684/2500] 5ac5a92c-9654-49dd-8fa7-cf35c8ac9697: valid; 2.6 s; peak memory 6431 MiB.
2026-10-05T11:50:15Z INFO [685/2500] 5ac6702f-1a2c-4c95-a917-3fcf5f7b4d7e: valid; 3.0 s; peak memory 6431 MiB.
2026-10-05T11:50:17Z INFO [686/2500] 5ac6ccb5-b088-4a2d-bcaf-fe43da9b5686: valid; 2.1 s; peak memory 6431 MiB.
2026-10-05T11:50:19Z INFO [687/2500] 5ac7755b-c180-4fec-bdc9-070a96e56538: valid; 2.3 s; peak memory 6431 MiB.
2026-10-05T11:50:28Z INFO [688/2500] 5ac8fb29-f0ce-4119-a898-323d00552773: valid; 8.7 s; peak memory 6431 MiB.
2026-10-05T11:50:30Z INFO [689/2500] 5ac90589-258f-4fdc-9567-b5bfd7055ffd: valid; 1.7 s; peak memory 6431 MiB.
2026-10-05T11:50:36Z INFO [690/2500] 5ac98af7-5d8e-4c4f-83a5-7b59125996c3: valid; 6.4 s; peak memory 6431 MiB.
2026-10-05T11:50:38Z INFO [691/2500] 5ac9cc9e-99b7-4f44-88de-8ac94a48f585: valid; 2.2 s; peak memory 6431 MiB.
2026-10-05T11:50:41Z INFO [692/2500] 5aca41b3-6457-4dc7-a5a6-f7d6b32ffbc7: valid; 2.2 s; peak memory 6431 MiB.
2026-10-05T11:50:50Z INFO [693/2500] 5acb547c-56f0-4916-bf04-99f3ff914451: valid; 9.0 s; peak memory 6431 MiB.
2026-10-05T11:50:51Z INFO [694/2500] 5acb8161-143e-4132-b6e2-ed5fdfbea5d6: valid; 1.4 s; peak memory 6431 MiB.
2026-10-05T11:50:52Z INFO [695/2500] 5acb9a39-af42-42aa-9a13-428e723b9665: valid; 1.3 s; peak memory 6431 MiB.
2026-10-05T11:50:55Z INFO [696/2500] 5acc746a-71bb-453f-82da-375d3abbd38d: valid; 2.4 s; peak memory 6431 MiB.
2026-10-05T11:51:03Z INFO [697/2500] 5acccda3-1218-4fbd-9668-13c2b2f202b1: valid; 8.4 s; peak memory 6431 MiB.
2026-10-05T11:51:04Z INFO [698/2500] 5acce0be-efbb-4a26-8b15-562837804ff6: valid; 1.4 s; peak memory 6431 MiB.
2026-10-05T11:51:20Z INFO [699/2500] 5acce877-c324-4ef8-a124-f64eb8d92401: valid; 15.9 s; peak memory 6497 MiB.
2026-10-05T11:51:38Z INFO [700/2500] 5acdcc68-e17d-45cb-b810-ee5d9c9636b6: valid; 17.4 s; peak memory 6497 MiB.
2026-10-05T11:51:39Z INFO [700/2500] 5acdcc68-e17d-45cb-b810-ee5d9c9636b6: checkpointed 124210 records.
2026-10-05T11:51:40Z INFO [701/2500] 5ace02a9-3d49-420a-9f7b-9a4ab92ff398: valid; 1.0 s; peak memory 6497 MiB.
2026-10-05T11:51:42Z INFO [702/2500] 5acec78a-045e-45ea-866c-a47ad7ee6046: valid; 2.5 s; peak memory 6497 MiB.
2026-10-05T11:51:43Z INFO [703/2500] 5ad0c3ff-173f-4657-9238-3f634e845088: valid; 1.4 s; peak memory 6497 MiB.
2026-10-05T11:51:45Z WARNING 5ad10530-ee7b-4ee9-884a-7bac0f6976f3: failed while opening the NWB file (ConstructError: (root/acquisition/_iblmic_audioSpectrogram/bands GroupBuilder {'attributes': {'colnames': array(['freq'], dtype=object), 'description': 'spectogram frequencies', 'namespace': 'core', 'neurodata_type': 'FrequencyBandsTable', 'object_id': 'e306c9d2-7bdc-4e8e-8d14-81708ddc0351'}, 'groups': {}, 'datasets': {'freq': root/acquisition/_iblmic_audioSpectrogram/bands/freq DatasetBuilder {'attributes': {'description': 'frequency value', 'namespace': 'hdmf-common', 'neurodata_type': 'VectorData', 'object_id': '0699e46c-9ba1-486c-bbb7-a9bb381b168d'}, 'data': <HDF5 dataset "freq": shape (257,), type "<f4">}, 'id': root/acquisition/_iblmic_audioSpectrogram/bands/id DatasetBuilder {'attributes': {'namespace': 'hdmf-common', 'neurodata_type': 'ElementIdentifiers', 'object_id': '3e7762fe-9ab3-49f6-9ec6-0962eb7502e5'}, 'data': <HDF5 dataset "id": shape (257,), type "<i4">}}, 'links': {}}, "Could not construct FrequencyBandsTable object due to: column must have the same number of rows as 'id'"))
2026-10-05T11:51:48Z INFO [705/2500] 5ad121e8-3a87-4a27-981e-36b8ab6b5d81: not valid; 3.1 s; peak memory 6498 MiB.
2026-10-05T11:51:50Z INFO [706/2500] 5ad18c27-6e63-4e07-9c83-910c54c499c9: valid; 1.4 s; peak memory 6498 MiB.
2026-10-05T11:51:52Z INFO [707/2500] 5ad1bb44-9eaf-417b-a2c0-31db93507de9: valid; 2.0 s; peak memory 6498 MiB.
2026-10-05T11:51:54Z INFO [708/2500] 5ad25c02-05b7-477b-938f-cb08feeb0fda: valid; 2.1 s; peak memory 6498 MiB.
2026-10-05T11:51:57Z INFO [709/2500] 5ad2bd9f-a68b-401e-9154-bda5d57aa3b7: valid; 2.7 s; peak memory 6498 MiB.
2026-10-05T11:52:08Z INFO [710/2500] 5ad32a66-f73c-4ff9-8649-a23d9da4b913: valid; 11.1 s; peak memory 6498 MiB.
2026-10-05T11:52:11Z INFO [711/2500] 5ad361bb-ff4b-46b2-a3ba-5dff3d541ffa: valid; 2.9 s; peak memory 6498 MiB.
2026-10-05T11:52:12Z INFO [712/2500] 5ad541f1-ca08-4ba7-8597-f073d9344cf0: valid; 1.3 s; peak memory 6498 MiB.
2026-10-05T11:52:13Z INFO [713/2500] 5ad564f5-782b-4855-99ad-a21ed32964cc: valid; 1.4 s; peak memory 6498 MiB.
2026-10-05T11:52:16Z INFO [714/2500] 5ad57f68-9328-4bbc-8bca-86bb89caf5c7: valid; 2.2 s; peak memory 6498 MiB.
2026-10-05T11:52:17Z INFO [715/2500] 5ad58827-2155-444e-ac6d-94368396a5d7: valid; 1.6 s; peak memory 6498 MiB.
2026-10-05T11:52:30Z INFO [716/2500] 5ad621fc-74bf-4003-81ab-d309d5041189: valid; 12.3 s; peak memory 6498 MiB.
2026-10-05T11:52:42Z INFO [717/2500] 5ad65aa6-0743-4931-9a7b-5a1b4d194eb5: not valid; 12.6 s; peak memory 6498 MiB.
2026-10-05T11:52:44Z INFO [718/2500] 5ad6b552-d89d-41e8-809c-24506ad9ee36: not valid; 1.5 s; peak memory 6498 MiB.
2026-10-05T11:52:45Z INFO [719/2500] 5ad6f283-6453-413b-bd96-02656363819b: valid; 1.3 s; peak memory 6498 MiB.
2026-10-05T11:53:06Z INFO [720/2500] 5ad71186-cfc2-43e6-8334-ce75546fabc6: not valid; 21.0 s; peak memory 6498 MiB.
2026-10-05T11:53:10Z INFO [721/2500] 5ad747cf-b04f-4a2f-944c-c301f024f14b: not valid; 3.9 s; peak memory 6498 MiB.
2026-10-05T11:53:20Z INFO [722/2500] 5ad791ec-c69a-436b-a99c-26ef5378d1c8: valid; 10.3 s; peak memory 6498 MiB.
2026-10-05T11:53:22Z INFO [723/2500] 5ad81ea6-b592-4721-b7ea-23e188a73561: valid; 1.8 s; peak memory 6498 MiB.
2026-10-05T11:53:24Z INFO [724/2500] 5ad8babd-ae4e-457d-aa06-471aec718ed0: not valid; 1.6 s; peak memory 6498 MiB.
2026-10-05T11:53:34Z INFO [725/2500] 5ad93294-fb54-48d6-b623-94987ca52328: valid; 10.6 s; peak memory 6498 MiB.
2026-10-05T11:53:36Z INFO [726/2500] 5ad9a95f-6840-4ec7-bc12-d9ac4177e425: not valid; 2.2 s; peak memory 6498 MiB.
2026-10-05T11:53:39Z INFO [727/2500] 5ad9e18c-5eb4-4e5e-a736-b19fdad0816f: valid; 2.6 s; peak memory 6498 MiB.
2026-10-05T11:53:43Z INFO [728/2500] 5ada0978-b9e5-4e38-9ae4-7e7bd35a08ad: not valid; 4.3 s; peak memory 6498 MiB.
2026-10-05T11:53:47Z INFO [729/2500] 5ada22af-0483-47db-9686-4dcbf8ae7988: valid; 4.1 s; peak memory 6498 MiB.
2026-10-05T11:53:49Z INFO [730/2500] 5adb175d-b437-40f6-984f-f6d7c853e01b: not valid; 1.5 s; peak memory 6498 MiB.
2026-10-05T11:53:50Z INFO [731/2500] 5adb1f88-668a-4ecc-b7b6-d06f65e949a6: valid; 1.3 s; peak memory 6498 MiB.
2026-10-05T11:53:52Z INFO [732/2500] 5adb89fa-f120-4299-a26f-37406ec9a6ab: not valid; 1.4 s; peak memory 6498 MiB.
2026-10-05T11:53:53Z INFO [733/2500] 5adc1a10-8c1c-4ebb-9f85-91eb659ca9c3: valid; 0.9 s; peak memory 6498 MiB.
2026-10-05T11:53:55Z WARNING 5adc5d31-781f-4a84-9fb5-456ff59d1344: failed while opening the NWB file (ConstructError: (root/acquisition/_iblmic_audioSpectrogram/bands GroupBuilder {'attributes': {'colnames': array(['freq'], dtype=object), 'description': 'spectogram frequencies', 'namespace': 'core', 'neurodata_type': 'FrequencyBandsTable', 'object_id': 'fc62eac3-5cc1-4f6a-a85f-bf6f4d148c48'}, 'groups': {}, 'datasets': {'freq': root/acquisition/_iblmic_audioSpectrogram/bands/freq DatasetBuilder {'attributes': {'description': 'frequency value', 'namespace': 'hdmf-common', 'neurodata_type': 'VectorData', 'object_id': 'd51cf5eb-b329-49d5-a210-bbe9be4d503b'}, 'data': <HDF5 dataset "freq": shape (257,), type "<f4">}, 'id': root/acquisition/_iblmic_audioSpectrogram/bands/id DatasetBuilder {'attributes': {'namespace': 'hdmf-common', 'neurodata_type': 'ElementIdentifiers', 'object_id': 'dafec7e6-73bd-4818-9541-7c15515b5d2d'}, 'data': <HDF5 dataset "id": shape (257,), type "<i4">}}, 'links': {}}, "Could not construct FrequencyBandsTable object due to: column must have the same number of rows as 'id'"))
2026-10-05T11:53:57Z INFO [735/2500] 5adcfc01-81e7-4803-81e5-4419ebbfdd67: not valid; 2.0 s; peak memory 6498 MiB.
2026-10-05T11:53:59Z INFO [736/2500] 5ade3ad9-2f3e-43f1-adbf-48cd40bfb50c: valid; 1.9 s; peak memory 6498 MiB.
2026-10-05T11:54:00Z INFO [737/2500] 5ade4031-88b8-4f53-90d4-15c612837d3d: not valid; 1.6 s; peak memory 6498 MiB.
2026-10-05T11:54:11Z INFO [738/2500] 5adfe256-b3eb-415e-ae8b-e2ef5e044998: valid; 10.4 s; peak memory 6498 MiB.
2026-10-05T11:54:20Z INFO [739/2500] 5ae0223b-d137-4604-a80b-83674a49d556: not valid; 9.2 s; peak memory 6498 MiB.
2026-10-05T11:54:22Z INFO [740/2500] 5ae03487-d045-41b9-afa9-7c5f4f554a0c: valid; 1.6 s; peak memory 6498 MiB.
2026-10-05T11:54:23Z INFO [741/2500] 5ae0707d-0074-4673-97e5-4e23d1a19598: valid; 1.4 s; peak memory 6498 MiB.
2026-10-05T11:54:25Z INFO [742/2500] 5ae0d27e-29df-4e59-b322-90192fc07c14: valid; 2.2 s; peak memory 6498 MiB.
2026-10-05T11:54:27Z WARNING 5ae1228c-e85c-4da4-82ff-3e9ba3a1b6ec: failed while opening the NWB file (ConstructError: (root/acquisition/_iblmic_audioSpectrogram/bands GroupBuilder {'attributes': {'colnames': array(['freq'], dtype=object), 'description': 'spectogram frequencies', 'namespace': 'core', 'neurodata_type': 'FrequencyBandsTable', 'object_id': '357cb45e-b88a-47cd-9c34-e79197a5080c'}, 'groups': {}, 'datasets': {'freq': root/acquisition/_iblmic_audioSpectrogram/bands/freq DatasetBuilder {'attributes': {'description': 'frequency value', 'namespace': 'hdmf-common', 'neurodata_type': 'VectorData', 'object_id': '51ee1fa1-6057-4bdf-8b90-a7cf02959b96'}, 'data': <HDF5 dataset "freq": shape (257,), type "<f4">}, 'id': root/acquisition/_iblmic_audioSpectrogram/bands/id DatasetBuilder {'attributes': {'namespace': 'hdmf-common', 'neurodata_type': 'ElementIdentifiers', 'object_id': '7d0797d9-d2f3-412d-8bc4-45b39d0aa974'}, 'data': <HDF5 dataset "id": shape (257,), type "<i4">}}, 'links': {}}, "Could not construct FrequencyBandsTable object due to: column must have the same number of rows as 'id'"))
2026-10-05T11:54:28Z INFO [744/2500] 5ae13632-7d44-41fb-8627-b68ece966387: valid; 1.2 s; peak memory 6498 MiB.
2026-10-05T11:54:28Z WARNING 5ae192fc-cca3-4068-9c43-13859724265e: failed while retrieving asset information from the DANDI API (NotFoundError: No asset at path 'sub-healthy-simulated-lfp/sub-healthy-simulated-lfp_ses-9649_ecephys.nwb' in version 0.250327.2220. Verify the path is correct and the asset exists in this version. Use 'dandi ls' to list available assets.)
2026-10-05T11:54:31Z INFO [746/2500] 5ae24496-8f78-44f4-b63d-46996f1a83f2: valid; 2.4 s; peak memory 6498 MiB.
2026-10-05T11:54:32Z INFO [747/2500] 5ae251a7-36af-4e40-b10d-2ab70961fcff: not valid; 1.5 s; peak memory 6498 MiB.
2026-10-05T11:54:34Z INFO [748/2500] 5ae2bacb-6cf9-46a6-b5f6-aa5746f83c5f: not valid; 1.9 s; peak memory 6498 MiB.
2026-10-05T11:54:36Z INFO [749/2500] 5ae2eaa9-3f72-4086-bac8-fa0aaf330c50: valid; 1.4 s; peak memory 6498 MiB.
2026-10-05T11:54:38Z WARNING 5ae30107-3fcc-4981-84b7-6cd805fcc6df: failed while opening the NWB file (ConstructError: (root/acquisition/_iblmic_audioSpectrogram/bands GroupBuilder {'attributes': {'colnames': array(['freq'], dtype=object), 'description': 'spectogram frequencies', 'namespace': 'core', 'neurodata_type': 'FrequencyBandsTable', 'object_id': '489ba775-4c1d-4ce1-8ceb-69da1e60c30c'}, 'groups': {}, 'datasets': {'freq': root/acquisition/_iblmic_audioSpectrogram/bands/freq DatasetBuilder {'attributes': {'description': 'frequency value', 'namespace': 'hdmf-common', 'neurodata_type': 'VectorData', 'object_id': 'a8c757e4-3c77-4f8d-a93b-49c2ee9ab428'}, 'data': <HDF5 dataset "freq": shape (257,), type "<f4">}, 'id': root/acquisition/_iblmic_audioSpectrogram/bands/id DatasetBuilder {'attributes': {'namespace': 'hdmf-common', 'neurodata_type': 'ElementIdentifiers', 'object_id': '926ed140-32f3-4ce4-9406-4e9a707ed86d'}, 'data': <HDF5 dataset "id": shape (257,), type "<i4">}}, 'links': {}}, "Could not construct FrequencyBandsTable object due to: column must have the same number of rows as 'id'"))
2026-10-05T11:54:39Z INFO [750/2500] 5ae30107-3fcc-4981-84b7-6cd805fcc6df: checkpointed 124260 records.
2026-10-05T11:54:41Z INFO [751/2500] 5ae398d6-8152-4484-a758-16970b314d40: valid; 2.3 s; peak memory 6498 MiB.
2026-10-05T11:54:43Z WARNING 5ae3d53f-296b-43bc-bc6a-3b78c1152dcc: failed while opening the NWB file (ConstructError: (root/acquisition/event_code_meanings GroupBuilder {'attributes': {'colnames': array(['value', 'meaning'], dtype=object), 'description': 'Mapping integer event codes to event labels', 'namespace': 'ndx-events', 'neurodata_type': 'MeaningsTable', 'object_id': '575ade29-0210-46b5-bee4-beae25d96d51'}, 'groups': {}, 'datasets': {'id': root/acquisition/event_code_meanings/id DatasetBuilder {'attributes': {'namespace': 'hdmf-common', 'neurodata_type': 'ElementIdentifiers', 'object_id': 'e0254a22-5c58-4d33-90b2-0f6e8f7b5e27'}, 'data': <HDF5 dataset "id": shape (26,), type "<i8">}, 'meaning': root/acquisition/event_code_meanings/meaning DatasetBuilder {'attributes': {'description': 'The meaning of the value in the parent CategoricalVectorData object.', 'namespace': 'hdmf-experimental', 'neurodata_type': 'VectorData', 'object_id': '3fd124ba-3e30-484f-a352-1f16caf41387'}, 'data': <StrDataset for HDF5 dataset "meaning": shape (26,), type "|O">}, 'value': root/acquisition/event_code_meanings/value DatasetBuilder {'attributes': {'description': 'The value of the parent CategoricalVectorData object.', 'namespace': 'hdmf-experimental', 'neurodata_type': 'VectorData', 'object_id': '6c758eb9-74b9-4351-b363-2e50907d31a4'}, 'data': <HDF5 dataset "value": shape (26,), type "<i8">}}, 'links': {}}, "Could not construct MeaningsTable object due to: MeaningsTable.__init__: missing argument 'target'"))
2026-10-05T11:54:44Z INFO [753/2500] 5ae4a056-10ed-4040-94e2-f9b06c8b888e: valid; 1.4 s; peak memory 6498 MiB.
2026-10-05T11:56:19Z INFO [754/2500] 5ae4a67c-de1a-46a4-ac98-27a5da56fba6: valid; 95.3 s; peak memory 6507 MiB.
2026-10-05T11:56:21Z INFO [755/2500] 5ae4de6e-ac13-44ea-95ac-f938adc6766c: valid; 1.4 s; peak memory 6507 MiB.
2026-10-05T11:56:23Z INFO [756/2500] 5ae5679e-e293-4b9f-b978-2eaf28ffd409: not valid; 1.8 s; peak memory 6509 MiB.
2026-10-05T11:56:24Z INFO [757/2500] 5ae5693b-468c-4b36-8067-00a9cbdad688: valid; 1.5 s; peak memory 6509 MiB.
2026-10-05T11:56:26Z WARNING 5ae606d3-96bf-4e31-9a2b-74a12293eb38: failed while opening the NWB file (ConstructError: (root/acquisition/event_code_meanings GroupBuilder {'attributes': {'colnames': array(['value', 'meaning'], dtype=object), 'description': 'Mapping integer event codes to event labels', 'namespace': 'ndx-events', 'neurodata_type': 'MeaningsTable', 'object_id': '0ed7ec99-dae4-4180-93ab-0f087f385a29'}, 'groups': {}, 'datasets': {'id': root/acquisition/event_code_meanings/id DatasetBuilder {'attributes': {'namespace': 'hdmf-common', 'neurodata_type': 'ElementIdentifiers', 'object_id': '392ba95f-317a-4a78-926b-8ca0c9dc2827'}, 'data': <HDF5 dataset "id": shape (26,), type "<i8">}, 'meaning': root/acquisition/event_code_meanings/meaning DatasetBuilder {'attributes': {'description': 'The meaning of the value in the parent CategoricalVectorData object.', 'namespace': 'hdmf-experimental', 'neurodata_type': 'VectorData', 'object_id': '3839fe7d-452f-45e4-8bcf-4bd4a7a6784a'}, 'data': <StrDataset for HDF5 dataset "meaning": shape (26,), type "|O">}, 'value': root/acquisition/event_code_meanings/value DatasetBuilder {'attributes': {'description': 'The value of the parent CategoricalVectorData object.', 'namespace': 'hdmf-experimental', 'neurodata_type': 'VectorData', 'object_id': '0d945d3a-f77f-4126-b11a-5fb6820e1d64'}, 'data': <HDF5 dataset "value": shape (26,), type "<i8">}}, 'links': {}}, "Could not construct MeaningsTable object due to: MeaningsTable.__init__: missing argument 'target'"))
2026-10-05T11:56:27Z INFO [759/2500] 5ae6082d-e7cb-4694-8a0a-94a025fa4b88: not valid; 1.4 s; peak memory 6509 MiB.
2026-10-05T11:56:30Z INFO [760/2500] 5ae61280-a716-4477-8613-4fb16d8629ef: valid; 3.0 s; peak memory 6509 MiB.
2026-10-05T11:56:33Z INFO [761/2500] 5ae63746-0d6b-46cb-ba20-684eb169a9bf: not valid; 2.2 s; peak memory 6509 MiB.
2026-10-05T11:56:35Z INFO [762/2500] 5ae6a949-5605-4eda-8c54-bafd513e1b10: valid; 2.1 s; peak memory 6509 MiB.
2026-10-05T11:56:40Z INFO [763/2500] 5ae6eee1-46d2-45ce-8a9f-8931e233c68c: valid; 5.1 s; peak memory 6509 MiB.
2026-10-05T11:56:51Z INFO [764/2500] 5ae6f097-96d8-4bd6-8e00-ad3b1cc05429: valid; 11.0 s; peak memory 6509 MiB.
2026-10-05T11:56:54Z INFO [765/2500] 5ae71ce9-1522-4213-9ff6-244b0c12126a: valid; 3.1 s; peak memory 6509 MiB.
2026-10-05T11:57:30Z INFO [766/2500] 5ae7e984-f0f8-42dc-bf99-1858db38245a: valid; 36.3 s; peak memory 6509 MiB.
2026-10-05T11:57:32Z WARNING 5ae7ebe8-c323-4ec6-9ef3-5c3762dff945: failed while opening the NWB file (ConstructError: (root/acquisition/_iblmic_audioSpectrogram/bands GroupBuilder {'attributes': {'colnames': array(['freq'], dtype=object), 'description': 'spectogram frequencies', 'namespace': 'core', 'neurodata_type': 'FrequencyBandsTable', 'object_id': 'bc732164-490a-4b68-8381-74a5c522e49d'}, 'groups': {}, 'datasets': {'freq': root/acquisition/_iblmic_audioSpectrogram/bands/freq DatasetBuilder {'attributes': {'description': 'frequency value', 'namespace': 'hdmf-common', 'neurodata_type': 'VectorData', 'object_id': 'dc2acef7-fe81-4255-9535-0725cd5a3dea'}, 'data': <HDF5 dataset "freq": shape (257,), type "<f4">}, 'id': root/acquisition/_iblmic_audioSpectrogram/bands/id DatasetBuilder {'attributes': {'namespace': 'hdmf-common', 'neurodata_type': 'ElementIdentifiers', 'object_id': '63df3e3e-7479-4fa4-87d9-2ec5cb9d4e79'}, 'data': <HDF5 dataset "id": shape (257,), type "<i4">}}, 'links': {}}, "Could not construct FrequencyBandsTable object due to: column must have the same number of rows as 'id'"))
2026-10-05T11:57:47Z INFO [768/2500] 5ae7fbb6-b42c-4988-ae25-00aa21b567f4: not valid; 15.3 s; peak memory 6509 MiB.
2026-10-05T11:57:49Z INFO [769/2500] 5ae8328e-8865-47d3-a0c8-257acfb85ed9: valid; 1.8 s; peak memory 6509 MiB.
2026-10-05T11:57:52Z INFO [770/2500] 5ae832f1-c4b9-4821-8127-6b292ed045ef: valid; 2.7 s; peak memory 6509 MiB.
2026-10-05T11:57:55Z INFO [771/2500] 5ae846ff-414f-4b96-aa52-e62cae5de725: valid; 2.9 s; peak memory 6509 MiB.
2026-10-05T11:57:59Z INFO [772/2500] 5ae97cfe-3272-4b4b-a3d6-592f85c56f0d: not valid; 4.6 s; peak memory 6509 MiB.
2026-10-05T11:58:02Z INFO [773/2500] 5ae9c396-794a-4b46-a324-a7d291dc0c6f: valid; 2.7 s; peak memory 6509 MiB.
2026-10-05T11:58:04Z INFO [774/2500] 5ae9e481-6b3c-4e53-9cc8-59b881995e49: not valid; 1.5 s; peak memory 6509 MiB.
2026-10-05T11:58:05Z INFO [775/2500] 5aeb879e-5484-4cff-8e7b-11a3b5a84c0f: valid; 1.3 s; peak memory 6509 MiB.
2026-10-05T11:58:06Z INFO [776/2500] 5aebfb68-4692-4216-9762-2a37059ca9d7: valid; 1.3 s; peak memory 6509 MiB.
2026-10-05T11:58:08Z WARNING 5aec5c53-a676-475f-96eb-130daf4c392a: failed while opening the NWB file (ConstructError: (root/acquisition/_iblmic_audioSpectrogram/bands GroupBuilder {'attributes': {'colnames': array(['freq'], dtype=object), 'description': 'spectogram frequencies', 'namespace': 'core', 'neurodata_type': 'FrequencyBandsTable', 'object_id': '5f249172-3c1c-4bc8-a994-2f09d7c2692e'}, 'groups': {}, 'datasets': {'freq': root/acquisition/_iblmic_audioSpectrogram/bands/freq DatasetBuilder {'attributes': {'description': 'frequency value', 'namespace': 'hdmf-common', 'neurodata_type': 'VectorData', 'object_id': '8bc3557f-1c33-416e-aa2e-556165323665'}, 'data': <HDF5 dataset "freq": shape (257,), type "<f4">}, 'id': root/acquisition/_iblmic_audioSpectrogram/bands/id DatasetBuilder {'attributes': {'namespace': 'hdmf-common', 'neurodata_type': 'ElementIdentifiers', 'object_id': 'e25db78e-7754-4afc-98a5-09308a4473cd'}, 'data': <HDF5 dataset "id": shape (257,), type "<i4">}}, 'links': {}}, "Could not construct FrequencyBandsTable object due to: column must have the same number of rows as 'id'"))
2026-10-05T11:58:09Z INFO [778/2500] 5aec6d6e-bef9-4f57-82e4-afac7793c4c0: valid; 1.3 s; peak memory 6509 MiB.
2026-10-05T11:58:11Z INFO [779/2500] 5aed151e-0d53-4e89-9e6c-9d6f06c372fe: valid; 2.0 s; peak memory 6509 MiB.
2026-10-05T11:58:13Z INFO [780/2500] 5aede6b6-55fc-44e8-9894-b10016d33c59: not valid; 1.3 s; peak memory 6509 MiB.
2026-10-05T11:58:14Z INFO [781/2500] 5aee5468-e4d5-43c2-a2bc-7105bba21966: valid; 1.5 s; peak memory 6509 MiB.
2026-10-05T11:58:18Z INFO [782/2500] 5aeeb744-6a54-4335-93f3-49fb03d59bed: valid; 3.6 s; peak memory 6509 MiB.
2026-10-05T11:58:21Z INFO [783/2500] 5aef382e-c602-4c59-b0fb-824c0a88d87d: valid; 3.5 s; peak memory 6509 MiB.
2026-10-05T11:58:23Z INFO [784/2500] 5aef6983-a362-49c5-b787-4a0e18aed2b4: not valid; 2.0 s; peak memory 6509 MiB.
2026-10-05T11:58:26Z INFO [785/2500] 5aefae21-709f-4f45-b9f2-822e811ac74f: valid; 3.2 s; peak memory 6509 MiB.
2026-10-05T11:58:28Z INFO [786/2500] 5af00979-0029-4525-a060-d314bc7002ac: valid; 1.3 s; peak memory 6509 MiB.
2026-10-05T11:58:30Z INFO [787/2500] 5af02b8a-fdf3-4091-a7a2-ebb4957f10e8: valid; 2.3 s; peak memory 6509 MiB.
2026-10-05T11:58:37Z INFO [788/2500] 5af05994-050c-451a-8171-5596df4ae1f7: not valid; 7.4 s; peak memory 6509 MiB.
2026-10-05T11:58:39Z INFO [789/2500] 5af0d5ea-076f-4cf1-8970-c7b69d6f03fb: valid; 1.2 s; peak memory 6509 MiB.
2026-10-05T11:58:40Z INFO [790/2500] 5af1301e-c410-4528-b491-47afc7d262e2: valid; 1.5 s; peak memory 6509 MiB.
2026-10-05T11:58:43Z INFO [791/2500] 5af15e11-5124-4b31-a0c1-c39967b7697d: valid; 2.4 s; peak memory 6509 MiB.
2026-10-05T11:58:45Z INFO [792/2500] 5af3e363-19c2-43ea-96bb-d0c86486546c: valid; 2.7 s; peak memory 6509 MiB.
2026-10-05T11:58:47Z INFO [793/2500] 5af44a8f-3f43-4beb-a2c9-47dc105d642c: not valid; 2.0 s; peak memory 6509 MiB.
2026-10-05T11:58:49Z INFO [794/2500] 5af44f80-7e8d-40df-b2bd-fcf57808b675: not valid; 1.6 s; peak memory 6509 MiB.
2026-10-05T11:58:52Z INFO [795/2500] 5af4ca69-f063-476d-83fc-50dc1638d68a: valid; 3.3 s; peak memory 6509 MiB.
2026-10-05T11:58:56Z INFO [796/2500] 5af4d415-1e79-4357-925a-5351861fe146: not valid; 3.9 s; peak memory 6509 MiB.
2026-10-05T11:58:56Z WARNING 5af55d9a-da17-4c54-93cc-f24a6b81e83a: failed while retrieving asset information from the DANDI API (NotFoundError: No such Dandiset: 000948)
2026-10-05T11:58:58Z INFO [798/2500] 5af5b6b5-2b4c-422f-83fc-8a154761663c: valid; 2.3 s; peak memory 6509 MiB.
2026-10-05T11:59:00Z INFO [799/2500] 5af62aee-f4bc-48b1-a619-6395cdd51a03: not valid; 1.9 s; peak memory 6509 MiB.
2026-10-05T11:59:02Z INFO [800/2500] 5af6dbcf-e3c1-4a9c-958f-e29377b4d774: valid; 1.4 s; peak memory 6509 MiB.
2026-10-05T11:59:03Z INFO [800/2500] 5af6dbcf-e3c1-4a9c-958f-e29377b4d774: checkpointed 124310 records.
2026-10-05T11:59:05Z INFO [801/2500] 5af7cb17-2bde-432b-af95-ad2371c719cc: valid; 2.7 s; peak memory 6509 MiB.
2026-10-05T11:59:07Z INFO [802/2500] 5af820eb-e117-4459-b056-3b42d8b44d92: not valid; 1.5 s; peak memory 6509 MiB.
2026-10-05T11:59:08Z INFO [803/2500] 5af823d0-b64d-431c-b885-3dfd84c0079d: not valid; 1.5 s; peak memory 6509 MiB.
2026-10-05T11:59:10Z INFO [804/2500] 5af84d4f-1c20-4c64-8f69-06b147dc9ce2: valid; 1.6 s; peak memory 6509 MiB.
2026-10-05T11:59:11Z INFO [805/2500] 5af89470-3f79-4dea-aa57-8e57cce72ee3: valid; 1.0 s; peak memory 6509 MiB.
2026-10-05T11:59:13Z INFO [806/2500] 5af9d5b2-acc9-4fae-91c4-697b469d4967: valid; 2.4 s; peak memory 6509 MiB.
2026-10-05T11:59:21Z INFO [807/2500] 5afa48d1-bbd4-46bf-a655-4b16b9a23581: valid; 7.6 s; peak memory 6509 MiB.
2026-10-05T11:59:22Z INFO [808/2500] 5afa7434-febf-4c30-99ca-05ef759e45e3: valid; 1.2 s; peak memory 6509 MiB.
2026-10-05T11:59:24Z INFO [809/2500] 5afad8eb-ff86-45dd-a9ef-aaf400ea287b: valid; 2.1 s; peak memory 6509 MiB.
2026-10-05T12:00:11Z INFO [810/2500] 5afb65c2-32b1-473d-8cda-76c0f776f1df: valid; 47.0 s; peak memory 6509 MiB.
2026-10-05T12:00:13Z INFO [811/2500] 5afb7292-c74c-43bf-9e1d-e4709764eb85: valid; 2.1 s; peak memory 6509 MiB.
2026-10-05T12:00:15Z INFO [812/2500] 5afb8f00-deb3-42fb-a1e8-6623b3fc6887: valid; 2.0 s; peak memory 6509 MiB.
2026-10-05T12:00:17Z INFO [813/2500] 5afc7e94-aacb-45dd-8ad3-2c047c0a1621: not valid; 1.5 s; peak memory 6509 MiB.
2026-10-05T12:00:19Z INFO [814/2500] 5afc81ad-1f0b-4158-9188-54f62a1db8b3: valid; 2.6 s; peak memory 6509 MiB.
2026-10-05T12:00:22Z INFO [815/2500] 5afc9987-9ec1-430f-a3d8-86a59c0fe59d: valid; 2.3 s; peak memory 6509 MiB.
2026-10-05T12:00:26Z INFO [816/2500] 5afcd3b0-cc19-4aeb-84a6-b601fcb80f1e: valid; 4.3 s; peak memory 6509 MiB.
2026-10-05T12:00:28Z INFO [817/2500] 5afcf1a1-a340-4593-b490-f415a4f0ec30: valid; 1.8 s; peak memory 6509 MiB.
2026-10-05T12:00:30Z INFO [818/2500] 5afcf7a0-57b7-47e2-85e9-020eab1b68ee: valid; 2.4 s; peak memory 6509 MiB.
2026-10-05T12:00:32Z INFO [819/2500] 5aff01e4-a054-4d4a-a6aa-dd6b1559cac8: not valid; 1.5 s; peak memory 6509 MiB.
2026-10-05T12:00:34Z INFO [820/2500] 5affefaf-545d-4273-8300-5551da6086c2: valid; 2.4 s; peak memory 6509 MiB.
2026-10-05T12:00:36Z INFO [821/2500] 5b00298d-747a-4339-91a9-c8360cec92ee: valid; 2.0 s; peak memory 6509 MiB.
2026-10-05T12:00:40Z INFO [822/2500] 5b002b89-9462-40f7-91ee-b822ab438d54: valid; 3.5 s; peak memory 6509 MiB.
2026-10-05T12:00:50Z INFO [823/2500] 5b0094ee-9db2-43ab-a459-c70f4d40492e: valid; 10.0 s; peak memory 6509 MiB.
2026-10-05T12:00:52Z INFO [824/2500] 5b010701-e746-4f12-bd51-e0923dfbe230: valid; 2.2 s; peak memory 6509 MiB.
2026-10-05T12:00:54Z INFO [825/2500] 5b01545a-a93c-4b39-8ae0-7e935c1137b5: valid; 2.6 s; peak memory 6509 MiB.
2026-10-05T12:00:56Z INFO [826/2500] 5b017e7e-cec2-4e5b-ae5a-848463ac1660: valid; 1.6 s; peak memory 6509 MiB.
2026-10-05T12:00:58Z INFO [827/2500] 5b029a12-c70a-42d8-aad1-b41cc46c2095: valid; 1.9 s; peak memory 6509 MiB.
2026-10-05T12:01:01Z INFO [828/2500] 5b02b06a-6a4e-4ee2-a558-9c7f492b7909: valid; 2.9 s; peak memory 6509 MiB.
2026-10-05T12:01:02Z INFO [829/2500] 5b02bd0d-fc4f-4338-83da-0c2b45332e5c: valid; 1.0 s; peak memory 6509 MiB.
2026-10-05T12:01:03Z INFO [830/2500] 5b03072a-5f8d-4d6f-828e-963feef32dd5: not valid; 1.5 s; peak memory 6509 MiB.
2026-10-05T12:01:05Z INFO [831/2500] 5b05675d-cb4c-4b9a-94bd-30f0e8a93c9a: valid; 1.4 s; peak memory 6509 MiB.
2026-10-05T12:01:09Z INFO [832/2500] 5b0577f4-0ccb-491a-b068-dbaf6fb5bf11: not valid; 3.9 s; peak memory 6509 MiB.
2026-10-05T12:01:11Z INFO [833/2500] 5b059297-8dd1-4fb6-8105-68ad227b10da: valid; 2.3 s; peak memory 6509 MiB.
2026-10-05T12:01:13Z INFO [834/2500] 5b0628e1-dd33-4358-86b3-6b3f68d34b82: not valid; 1.7 s; peak memory 6509 MiB.
2026-10-05T12:01:18Z INFO [835/2500] 5b0645c2-9774-40a7-afa3-204b9f51d9ff: not valid; 5.7 s; peak memory 6509 MiB.
2026-10-05T12:01:20Z INFO [836/2500] 5b07000a-d8dc-46fe-a75f-87364d41a8e2: valid; 1.4 s; peak memory 6509 MiB.
2026-10-05T12:01:27Z INFO [837/2500] 5b07b30a-464d-4bd1-a422-9e5a56cd1a02: valid; 7.4 s; peak memory 6509 MiB.
2026-10-05T12:01:28Z INFO [838/2500] 5b084190-c494-446e-9dd0-16d6e5cd11a5: valid; 1.3 s; peak memory 6509 MiB.
2026-10-05T12:01:30Z INFO [839/2500] 5b08b344-b38e-46eb-9404-595cb2dce556: valid; 1.4 s; peak memory 6509 MiB.
2026-10-05T12:01:32Z INFO [840/2500] 5b08e094-cb0e-4107-84a2-d305400d8887: not valid; 1.8 s; peak memory 6509 MiB.
2026-10-05T12:01:40Z INFO [841/2500] 5b090c45-3907-404f-b0e5-c2f397ada05e: valid; 8.0 s; peak memory 6509 MiB.
2026-10-05T12:01:43Z INFO [842/2500] 5b0939b5-338d-47b3-92be-3fc45de5498d: valid; 3.5 s; peak memory 6509 MiB.
2026-10-05T12:01:47Z INFO [843/2500] 5b09a2a9-aa00-4ef2-a48c-9b5762074ea1: valid; 4.3 s; peak memory 6509 MiB.
2026-10-05T12:01:49Z INFO [844/2500] 5b09ca4c-62de-44fa-b3c3-c87caf1a9a81: not valid; 1.9 s; peak memory 6509 MiB.
2026-10-05T12:01:52Z INFO [845/2500] 5b0a8a4a-4052-4d72-9b1a-cdf9eb0deead: valid; 2.7 s; peak memory 6509 MiB.
2026-10-05T12:01:53Z INFO [846/2500] 5b0b0f15-d29a-43cc-9091-fa6d406ec6cd: valid; 1.4 s; peak memory 6509 MiB.
2026-10-05T12:01:55Z INFO [847/2500] 5b0b614a-e0dd-4ea4-a480-bdcb1d661af4: valid; 1.3 s; peak memory 6509 MiB.
2026-10-05T12:02:07Z INFO [848/2500] 5b0be3d6-e19a-41a8-93a3-520c98077fda: valid; 12.5 s; peak memory 6509 MiB.
2026-10-05T12:02:09Z INFO [849/2500] 5b0c22ba-39a6-4562-a8f3-6ca877421278: not valid; 1.9 s; peak memory 6509 MiB.
2026-10-05T12:02:11Z INFO [850/2500] 5b0c3e4b-0522-4e53-ae61-0bf130d98af1: valid; 2.4 s; peak memory 6509 MiB.
2026-10-05T12:02:12Z INFO [850/2500] 5b0c3e4b-0522-4e53-ae61-0bf130d98af1: checkpointed 124360 records.
2026-10-05T12:02:15Z INFO [851/2500] 5b0c3f63-c6ab-40f5-9e23-a04f83684a77: not valid; 2.4 s; peak memory 6509 MiB.
2026-10-05T12:02:16Z INFO [852/2500] 5b0c414f-f9f5-4880-b79c-7291b0965205: not valid; 1.5 s; peak memory 6509 MiB.
2026-10-05T12:02:18Z INFO [853/2500] 5b0ca958-022a-45ef-9417-174e4358f9f6: valid; 1.4 s; peak memory 6509 MiB.
2026-10-05T12:02:19Z INFO [854/2500] 5b0cc4c0-44b8-4181-923c-a1ba7326ab87: valid; 1.3 s; peak memory 6509 MiB.
2026-10-05T12:02:21Z INFO [855/2500] 5b0d98ce-4f15-4fb5-9218-b94a7f5734e6: not valid; 1.9 s; peak memory 6509 MiB.
2026-10-05T12:02:23Z WARNING 5b0dea09-8955-4396-9e23-0f80e6d76e99: failed while opening the NWB file (ConstructError: (root/acquisition/_iblmic_audioSpectrogram/bands GroupBuilder {'attributes': {'colnames': array(['freq'], dtype=object), 'description': 'spectogram frequencies', 'namespace': 'core', 'neurodata_type': 'FrequencyBandsTable', 'object_id': '96988222-fb93-41d2-aa99-87c03352c393'}, 'groups': {}, 'datasets': {'freq': root/acquisition/_iblmic_audioSpectrogram/bands/freq DatasetBuilder {'attributes': {'description': 'frequency value', 'namespace': 'hdmf-common', 'neurodata_type': 'VectorData', 'object_id': '871cdfcb-f111-43ea-b7d2-eda1fcbe0ebe'}, 'data': <HDF5 dataset "freq": shape (257,), type "<f4">}, 'id': root/acquisition/_iblmic_audioSpectrogram/bands/id DatasetBuilder {'attributes': {'namespace': 'hdmf-common', 'neurodata_type': 'ElementIdentifiers', 'object_id': '290ac3ca-145f-4a41-a952-8a729d792d49'}, 'data': <HDF5 dataset "id": shape (257,), type "<i4">}}, 'links': {}}, "Could not construct FrequencyBandsTable object due to: column must have the same number of rows as 'id'"))
2026-10-05T12:02:25Z INFO [857/2500] 5b0df2c8-acb8-49cf-a405-7665e817e273: not valid; 1.9 s; peak memory 6509 MiB.
2026-10-05T12:02:34Z INFO [858/2500] 5b0e2cc6-98c9-493c-ba61-de1d3a9c1aad: valid; 9.2 s; peak memory 6509 MiB.
2026-10-05T12:02:35Z INFO [859/2500] 5b0eeaba-acd8-45fa-afbb-0768b79c6f13: valid; 1.5 s; peak memory 6509 MiB.
2026-10-05T12:02:37Z INFO [860/2500] 5b100cca-f923-4701-8293-a456192cb059: valid; 1.9 s; peak memory 6509 MiB.
2026-10-05T12:02:39Z INFO [861/2500] 5b10c09e-6fcf-4fa2-b09a-93bf853e091f: valid; 1.6 s; peak memory 6509 MiB.
2026-10-05T12:02:43Z INFO [862/2500] 5b10f988-0950-4e6e-b359-b6a123cc53cd: not valid; 4.0 s; peak memory 6509 MiB.
2026-10-05T12:03:17Z INFO [863/2500] 5b110450-a622-4528-9ac5-b91c73cb1b10: not valid; 34.4 s; peak memory 6545 MiB.
2026-10-05T12:03:19Z INFO [864/2500] 5b11119a-c514-4bb2-b151-f5fce12e35f8: valid; 2.0 s; peak memory 6545 MiB.
2026-10-05T12:03:30Z INFO [865/2500] 5b118e46-5cfc-4189-8b06-bceff89ee1f4: valid; 10.4 s; peak memory 6548 MiB.
2026-10-05T12:03:31Z INFO [866/2500] 5b11e2d7-1760-421b-9adc-585f4441b441: valid; 1.5 s; peak memory 6548 MiB.
2026-10-05T12:03:33Z INFO [867/2500] 5b11f703-a5cb-4662-a790-ddc041b69409: valid; 1.4 s; peak memory 6548 MiB.
2026-10-05T12:03:35Z INFO [868/2500] 5b12562a-7e90-46d6-afa9-d4333c359701: not valid; 2.7 s; peak memory 6548 MiB.
2026-10-05T12:03:37Z INFO [869/2500] 5b1291dc-79f3-44de-ada6-46ada59680b3: valid; 1.3 s; peak memory 6548 MiB.
2026-10-05T12:03:41Z INFO [870/2500] 5b129d0a-266d-48e3-b97d-f83d37850d2a: valid; 4.7 s; peak memory 6548 MiB.
2026-10-05T12:03:43Z INFO [871/2500] 5b12c0b5-d747-48f8-b9b0-11919fc012de: not valid; 1.6 s; peak memory 6548 MiB.
2026-10-05T12:04:03Z INFO [872/2500] 5b12e244-6919-4bc7-87b3-53a0a7d49e0d: not valid; 19.5 s; peak memory 6548 MiB.
2026-10-05T12:04:16Z INFO [873/2500] 5b12ec02-0557-4640-89f3-595693d56122: valid; 13.6 s; peak memory 6548 MiB.
2026-10-05T12:04:20Z INFO [874/2500] 5b13041c-5cb9-48dc-8d72-436d588e09cb: valid; 3.8 s; peak memory 6548 MiB.
2026-10-05T12:04:22Z INFO [875/2500] 5b130644-00d0-4284-b32a-9e041335aa71: valid; 1.9 s; peak memory 6548 MiB.
2026-10-05T12:04:24Z INFO [876/2500] 5b138e6a-affd-4dd9-b778-05d444259f86: valid; 2.2 s; peak memory 6548 MiB.
2026-10-05T12:04:26Z INFO [877/2500] 5b140711-f05b-4206-be59-e719af49fd40: valid; 2.0 s; peak memory 6548 MiB.
2026-10-05T12:04:28Z INFO [878/2500] 5b14096a-c112-412d-a53b-e72d791b53a3: valid; 2.1 s; peak memory 6548 MiB.
2026-10-05T12:04:30Z INFO [879/2500] 5b144cae-d867-41ac-b1b0-7640e3505968: not valid; 1.8 s; peak memory 6548 MiB.
2026-10-05T12:04:32Z INFO [880/2500] 5b148633-4a05-47e9-8278-577bcacb2fbf: valid; 2.1 s; peak memory 6548 MiB.
2026-10-05T12:04:34Z INFO [881/2500] 5b1494fb-22c0-4237-a558-e7f2c18b1b46: valid; 1.8 s; peak memory 6548 MiB.
2026-10-05T12:04:57Z INFO [882/2500] 5b14cbb5-2d01-4642-867e-a56ea9ad202e: valid; 23.6 s; peak memory 6558 MiB.
2026-10-05T12:05:00Z INFO [883/2500] 5b1634d4-60d8-499c-b5b8-496c6ac9e7ec: valid; 2.1 s; peak memory 6562 MiB.
2026-10-05T12:05:02Z INFO [884/2500] 5b167890-4f80-47f3-a8cb-ef9b1c9aee5b: valid; 2.3 s; peak memory 6567 MiB.
2026-10-05T12:05:10Z INFO [885/2500] 5b16ff5b-2d04-497d-a22e-e2a28906a555: valid; 7.6 s; peak memory 6573 MiB.
2026-10-05T12:05:28Z INFO [886/2500] 5b172f1a-3bc9-403b-a0c8-b9e80f5f2b45: valid; 18.5 s; peak memory 6739 MiB.
2026-10-05T12:05:51Z INFO [887/2500] 5b179608-14fd-421f-b7bf-da5ae9e3a947: valid; 23.1 s; peak memory 6757 MiB.
2026-10-05T12:05:53Z INFO [888/2500] 5b17a8e4-fe64-46ed-9765-bf8c00907a8d: valid; 1.9 s; peak memory 6757 MiB.
2026-10-05T12:06:05Z INFO [889/2500] 5b17add7-3430-4c55-903b-6f361625147b: valid; 11.6 s; peak memory 6757 MiB.
2026-10-05T12:06:20Z INFO [890/2500] 5b17f653-0980-4a39-8a24-10e08d843eb3: valid; 15.8 s; peak memory 6800 MiB.
2026-10-05T12:06:22Z INFO [891/2500] 5b1807ff-be45-4e05-adbc-d352357ea262: valid; 1.7 s; peak memory 6801 MiB.
2026-10-05T12:06:24Z INFO [892/2500] 5b193e33-8ec1-4a6f-81be-75d6b790a7f9: valid; 1.5 s; peak memory 6802 MiB.
2026-10-05T12:06:25Z INFO [893/2500] 5b19950f-d998-4723-9092-6747d6b02b6c: valid; 1.7 s; peak memory 6803 MiB.
2026-10-05T12:06:49Z INFO [894/2500] 5b19a919-88ee-4636-bebf-9eacae0f8d5b: valid; 23.5 s; peak memory 6818 MiB.
2026-10-05T12:06:50Z INFO [895/2500] 5b19e142-b682-467a-82aa-f2368b54775c: valid; 1.1 s; peak memory 6818 MiB.
2026-10-05T12:06:51Z INFO [896/2500] 5b1a3908-0f32-47d8-aec8-ed83ebe7f64e: valid; 1.3 s; peak memory 6818 MiB.
2026-10-05T12:06:59Z INFO [897/2500] 5b1a513d-e161-496c-8d02-737193c5c7bc: valid; 7.4 s; peak memory 6819 MiB.
2026-10-05T12:07:01Z INFO [898/2500] 5b1a6ecf-b2b0-4355-8535-6ba9c70bbe03: not valid; 2.0 s; peak memory 6819 MiB.
2026-10-05T12:07:02Z INFO [899/2500] 5b1aedb3-4628-46ba-a46d-c574807ad456: valid; 1.3 s; peak memory 6819 MiB.
2026-10-05T12:07:04Z INFO [900/2500] 5b1b74b2-525a-4a81-8763-1e66eaec9ee0: not valid; 2.1 s; peak memory 6819 MiB.
2026-10-05T12:07:05Z INFO [900/2500] 5b1b74b2-525a-4a81-8763-1e66eaec9ee0: checkpointed 124410 records.
2026-10-05T12:07:08Z INFO [901/2500] 5b1c800f-393f-41f5-b2a8-1a72e8892190: valid; 2.9 s; peak memory 6819 MiB.
2026-10-05T12:07:10Z INFO [902/2500] 5b1c882b-2371-40b5-a533-7b1fd474dbc1: valid; 2.0 s; peak memory 6819 MiB.
2026-10-05T12:07:18Z INFO [903/2500] 5b1cfba4-a229-41df-bc07-90adbff6afd6: valid; 8.2 s; peak memory 6819 MiB.
2026-10-05T12:07:21Z INFO [904/2500] 5b1e1674-46ee-4db4-aecc-8d24a63be784: valid; 2.9 s; peak memory 6819 MiB.
2026-10-05T12:07:23Z INFO [905/2500] 5b1e4f63-adac-4334-9691-b239a34f1861: valid; 2.1 s; peak memory 6819 MiB.
2026-10-05T12:07:27Z INFO [906/2500] 5b1e8dcd-d8dd-4b17-b514-fea6f97eabb1: valid; 4.0 s; peak memory 6819 MiB.
2026-10-05T12:07:28Z INFO [907/2500] 5b1ebbfa-e50d-47df-8fe9-2b92dfcb462c: valid; 1.1 s; peak memory 6819 MiB.
2026-10-05T12:07:29Z INFO [908/2500] 5b1f3d1c-b410-44e2-97ed-bd7ae498f233: valid; 1.4 s; peak memory 6819 MiB.
2026-10-05T12:07:31Z INFO [909/2500] 5b1fbcac-1502-4d25-a665-896b48162af8: not valid; 1.7 s; peak memory 6819 MiB.
2026-10-05T12:07:48Z INFO [910/2500] 5b1fd2a0-054c-4f2e-b2e0-2856675f3c5e: valid; 16.9 s; peak memory 6819 MiB.
2026-10-05T12:08:00Z INFO [911/2500] 5b1fdc42-4220-4c2c-b9ee-d3a726cd59cf: valid; 11.6 s; peak memory 6819 MiB.
2026-10-05T12:08:02Z INFO [912/2500] 5b201c0b-46ff-4b90-b49c-67724a37694f: valid; 2.4 s; peak memory 6819 MiB.
2026-10-05T12:08:04Z INFO [913/2500] 5b218712-c1f3-43e2-b469-0b9a705d0053: valid; 2.1 s; peak memory 6819 MiB.
2026-10-05T12:08:13Z INFO [914/2500] 5b21d5ec-8c04-4df8-a9f1-eac83e8a88d8: valid; 9.3 s; peak memory 6819 MiB.
2026-10-05T12:08:17Z INFO [915/2500] 5b21e05f-c494-43bb-8493-e197a26021b0: valid; 3.5 s; peak memory 6819 MiB.
2026-10-05T12:08:20Z INFO [916/2500] 5b22b2eb-a816-4a89-9558-ed92260f7b73: valid; 2.8 s; peak memory 6819 MiB.
2026-10-05T12:08:22Z INFO [917/2500] 5b233661-8692-41e0-b85f-471f94045ec4: valid; 1.9 s; peak memory 6819 MiB.
2026-10-05T12:08:35Z INFO [918/2500] 5b2370b2-3dce-464c-bb23-979e308edd88: valid; 13.2 s; peak memory 6819 MiB.
2026-10-05T12:08:37Z INFO [919/2500] 5b239752-acd1-4993-bdea-691aae05ef40: not valid; 1.8 s; peak memory 6819 MiB.
2026-10-05T12:08:39Z INFO [920/2500] 5b23ce2d-44b0-4308-84c7-7af4dd92e9e5: valid; 2.0 s; peak memory 6819 MiB.
2026-10-05T12:08:40Z INFO [921/2500] 5b23e27e-3035-4b8f-b855-df8d87f88ffe: valid; 1.5 s; peak memory 6819 MiB.
2026-10-05T12:08:47Z INFO [922/2500] 5b23fce4-1d68-47cc-9c52-ee90c4808af5: not valid; 7.1 s; peak memory 6819 MiB.
2026-10-05T12:08:49Z INFO [923/2500] 5b248157-ca53-4339-b54b-91807e8d54b7: not valid; 2.2 s; peak memory 6819 MiB.
2026-10-05T12:08:52Z INFO [924/2500] 5b24f144-8162-4275-98f2-a09ddb75c10f: valid; 2.5 s; peak memory 6819 MiB.
2026-10-05T12:08:53Z INFO [925/2500] 5b24fccf-d22d-4227-95ef-befd5a3d6c64: valid; 1.4 s; peak memory 6819 MiB.
2026-10-05T12:08:55Z INFO [926/2500] 5b250424-8409-4eae-816b-762c412be016: valid; 1.4 s; peak memory 6819 MiB.
2026-10-05T12:08:56Z INFO [927/2500] 5b25c856-6bb9-4c98-9c61-0a331bce58a7: valid; 1.7 s; peak memory 6819 MiB.
2026-10-05T12:08:58Z INFO [928/2500] 5b25dfd2-45c3-4d26-9485-ab97cdf29ac2: valid; 1.2 s; peak memory 6819 MiB.
2026-10-05T12:09:05Z INFO [929/2500] 5b26c7ea-cbe1-4b7e-8dc4-5226ccac6837: valid; 7.4 s; peak memory 6819 MiB.
2026-10-05T12:09:26Z INFO [930/2500] 5b278cf0-d0c5-416f-8076-bb5519b3fc38: valid; 21.3 s; peak memory 6819 MiB.
2026-10-05T12:09:29Z INFO [931/2500] 5b27e320-e56b-4e85-ae56-a484628fd977: not valid; 2.2 s; peak memory 6819 MiB.
2026-10-05T12:09:30Z INFO [932/2500] 5b291460-dc3f-4872-9d78-66687ab94742: valid; 1.4 s; peak memory 6819 MiB.
2026-10-05T12:09:35Z INFO [933/2500] 5b292910-9290-4f92-b6c5-1a448c012e01: valid; 4.7 s; peak memory 6819 MiB.
2026-10-05T12:10:02Z INFO [934/2500] 5b294199-79f1-440e-8fca-76de6fd4160b: not valid; 27.6 s; peak memory 6819 MiB.
2026-10-05T12:10:04Z INFO [935/2500] 5b2975b9-399a-4c86-bdb6-0b8933eff8c7: not valid; 1.9 s; peak memory 6819 MiB.
2026-10-05T12:10:07Z INFO [936/2500] 5b29953e-f68a-43da-8d88-bf1150c85c5c: not valid; 3.2 s; peak memory 6819 MiB.
2026-10-05T12:10:09Z INFO [937/2500] 5b299c88-2c79-4a03-979b-b1bc288f2e21: valid; 1.6 s; peak memory 6819 MiB.
2026-10-05T12:10:10Z INFO [938/2500] 5b29a4a8-fb66-4066-acb0-6849917324f9: valid; 1.3 s; peak memory 6819 MiB.
2026-10-05T12:10:28Z INFO [939/2500] 5b29a767-df32-4f92-91d8-dc7af5ec126f: valid; 17.9 s; peak memory 6831 MiB.
2026-10-05T12:10:29Z INFO [940/2500] 5b29d917-2504-40e8-8d5b-262a5a2186c1: valid; 1.2 s; peak memory 6831 MiB.
2026-10-05T12:10:31Z INFO [941/2500] 5b2a1f76-ba01-4d14-89c6-4600c21ae170: valid; 1.4 s; peak memory 6831 MiB.
2026-10-05T12:10:39Z INFO [942/2500] 5b2a1fc6-a4c8-456a-99cc-370529107a8e: valid; 8.1 s; peak memory 6831 MiB.
2026-10-05T12:10:42Z INFO [943/2500] 5b2b9f74-1ba3-4213-94b6-4e22bb8bad71: not valid; 2.9 s; peak memory 6831 MiB.
2026-10-05T12:10:44Z INFO [944/2500] 5b2bb9e7-216a-4a7a-9410-fa6b84b31c9b: valid; 2.7 s; peak memory 6831 MiB.
2026-10-05T12:10:46Z INFO [945/2500] 5b2bcac5-e3ca-416a-86ec-9bb4a0d3526e: valid; 1.9 s; peak memory 6831 MiB.
2026-10-05T12:10:48Z INFO [946/2500] 5b2c0413-18d0-4b2d-9b1e-8bd2f7ab509a: valid; 1.6 s; peak memory 6831 MiB.
2026-10-05T12:10:51Z INFO [947/2500] 5b2c0b03-d5d0-4711-bccf-5189e92fb2a4: valid; 3.1 s; peak memory 6831 MiB.
2026-10-05T12:10:53Z INFO [948/2500] 5b2c56da-9bc4-4fce-a741-3ffecf35d1c6: valid; 2.1 s; peak memory 6831 MiB.
2026-10-05T12:10:54Z INFO [949/2500] 5b2da2f3-1e23-4038-876b-2cc6c042e513: valid; 1.2 s; peak memory 6831 MiB.
2026-10-05T12:10:56Z INFO [950/2500] 5b2dbf9a-a456-48ef-817d-1a10277537bd: valid; 1.4 s; peak memory 6831 MiB.
2026-10-05T12:10:57Z INFO [950/2500] 5b2dbf9a-a456-48ef-817d-1a10277537bd: checkpointed 124460 records.
2026-10-05T12:10:59Z INFO [951/2500] 5b2dcda0-d0e3-4bcc-b1a5-da91e680ef61: valid; 2.6 s; peak memory 6831 MiB.
2026-10-05T12:11:02Z INFO [952/2500] 5b2de8c6-b7d9-464d-8642-0c25ec31ad41: valid; 2.5 s; peak memory 6831 MiB.
2026-10-05T12:11:09Z INFO [953/2500] 5b2deb06-ad7f-4479-a1bc-a0f36b924ef8: valid; 7.7 s; peak memory 6834 MiB.
2026-10-05T12:11:11Z INFO [954/2500] 5b2df091-6f09-4937-9da8-aabff07d12ae: valid; 1.2 s; peak memory 6834 MiB.
2026-10-05T12:11:13Z INFO [955/2500] 5b2e3150-9506-41e3-83f7-1e5e8aee9bf2: valid; 2.4 s; peak memory 6834 MiB.
2026-10-05T12:11:17Z INFO [956/2500] 5b2e3cfe-4630-4d01-952e-82fa1e854501: not valid; 4.4 s; peak memory 6834 MiB.
2026-10-05T12:11:26Z INFO [957/2500] 5b2ee1c6-fa3a-4e4d-81d4-c70e09ce5198: valid; 8.4 s; peak memory 6834 MiB.
2026-10-05T12:11:27Z INFO [958/2500] 5b2fd465-eca2-485b-8aa9-729ce39eb98f: not valid; 1.7 s; peak memory 6834 MiB.
2026-10-05T12:11:30Z INFO [959/2500] 5b3024cd-ab90-468b-8b62-16309cff89a8: valid; 2.7 s; peak memory 6834 MiB.
2026-10-05T12:11:32Z WARNING 5b308901-88e8-4491-8871-fae2c9029341: failed while opening the NWB file (ConstructError: (root/acquisition/event_code_meanings GroupBuilder {'attributes': {'colnames': array(['value', 'meaning'], dtype=object), 'description': 'Mapping integer event codes to event labels', 'namespace': 'ndx-events', 'neurodata_type': 'MeaningsTable', 'object_id': '435d0f59-446c-4498-af81-88af2b2369ed'}, 'groups': {}, 'datasets': {'id': root/acquisition/event_code_meanings/id DatasetBuilder {'attributes': {'namespace': 'hdmf-common', 'neurodata_type': 'ElementIdentifiers', 'object_id': 'af5eb5d1-646b-451f-86c1-fd9545ee9ff5'}, 'data': <HDF5 dataset "id": shape (26,), type "<i8">}, 'meaning': root/acquisition/event_code_meanings/meaning DatasetBuilder {'attributes': {'description': 'The meaning of the value in the parent CategoricalVectorData object.', 'namespace': 'hdmf-experimental', 'neurodata_type': 'VectorData', 'object_id': 'c78d3492-79ac-4dec-bfe9-9758a7431d80'}, 'data': <StrDataset for HDF5 dataset "meaning": shape (26,), type "|O">}, 'value': root/acquisition/event_code_meanings/value DatasetBuilder {'attributes': {'description': 'The value of the parent CategoricalVectorData object.', 'namespace': 'hdmf-experimental', 'neurodata_type': 'VectorData', 'object_id': 'ffbe78e4-0041-4392-b8cc-d336f36bc270'}, 'data': <HDF5 dataset "value": shape (26,), type "<i8">}}, 'links': {}}, "Could not construct MeaningsTable object due to: MeaningsTable.__init__: missing argument 'target'"))
2026-10-05T12:11:35Z INFO [961/2500] 5b31c832-816b-475c-b531-27efe35b930b: valid; 3.7 s; peak memory 6834 MiB.
2026-10-05T12:11:47Z INFO [962/2500] 5b32234e-cb47-4b07-8b58-75f06d4a247e: not valid; 11.7 s; peak memory 6834 MiB.
2026-10-05T12:11:48Z INFO [963/2500] 5b328b5f-e75d-471e-a989-d597c390d11c: valid; 1.4 s; peak memory 6834 MiB.
2026-10-05T12:11:52Z INFO [964/2500] 5b329791-cc4b-4f66-882a-646fd38e708f: valid; 3.2 s; peak memory 6834 MiB.
2026-10-05T12:11:53Z INFO [965/2500] 5b32fe02-2b48-4cd7-87df-eef02d28aab4: not valid; 1.6 s; peak memory 6834 MiB.
2026-10-05T12:11:56Z INFO [966/2500] 5b3362b7-db0d-43fa-9ec0-d15afabb684f: valid; 3.0 s; peak memory 6834 MiB.
2026-10-05T12:11:59Z INFO [967/2500] 5b338315-bfc9-426f-9258-d3d44a39fd72: valid; 3.0 s; peak memory 6834 MiB.
2026-10-05T12:12:20Z INFO [968/2500] 5b340867-7575-4582-b616-82ba8bffb05a: valid; 20.7 s; peak memory 6834 MiB.
2026-10-05T12:12:21Z INFO [969/2500] 5b342963-0540-4acb-a332-851ce30ff095: valid; 1.2 s; peak memory 6834 MiB.
2026-10-05T12:12:23Z INFO [970/2500] 5b344ab9-daaa-4181-800c-3641ce0f0ebe: not valid; 1.8 s; peak memory 6834 MiB.
2026-10-05T12:12:24Z INFO [971/2500] 5b357ea8-9293-4bc3-b141-39ed506f23c5: valid; 1.1 s; peak memory 6834 MiB.
2026-10-05T12:12:34Z INFO [972/2500] 5b3592a4-cdd5-4ec1-a207-aee783008c16: valid; 9.8 s; peak memory 6834 MiB.
2026-10-05T12:12:41Z INFO [973/2500] 5b36699c-6c97-4dab-a6e1-b1c4bcdaa300: valid; 7.4 s; peak memory 6834 MiB.
2026-10-05T12:12:44Z INFO [974/2500] 5b373c65-0ab3-4e9d-a759-6091bb79ea6c: valid; 2.8 s; peak memory 6834 MiB.
2026-10-05T12:12:47Z INFO [975/2500] 5b3801bd-f357-418f-8da6-06bef7b40cc0: valid; 3.5 s; peak memory 6834 MiB.
2026-10-05T12:12:52Z INFO [976/2500] 5b380e2e-06b0-4ece-a90d-d52c9590714b: not valid; 4.5 s; peak memory 6834 MiB.
2026-10-05T12:12:55Z INFO [977/2500] 5b3823f7-8da0-4017-bc1c-3435117e6aea: valid; 3.3 s; peak memory 6834 MiB.
2026-10-05T12:12:58Z INFO [978/2500] 5b391584-2464-4774-9c7b-1b016747be2b: valid; 2.3 s; peak memory 6834 MiB.
2026-10-05T12:13:00Z INFO [979/2500] 5b3927fb-a310-4501-af8f-87938a176cc6: valid; 2.4 s; peak memory 6834 MiB.
2026-10-05T12:13:02Z INFO [980/2500] 5b39829e-ea89-4d1e-8677-84218db55da6: valid; 2.1 s; peak memory 6834 MiB.
2026-10-05T12:13:03Z INFO [981/2500] 5b398652-6e17-4002-bffe-3e4b2ef1fa7f: valid; 1.3 s; peak memory 6834 MiB.
2026-10-05T12:13:05Z INFO [982/2500] 5b39fc29-8130-4296-8c5b-9f050528592c: not valid; 1.4 s; peak memory 6834 MiB.
2026-10-05T12:13:20Z INFO [983/2500] 5b3a01de-e1ea-493d-9f48-6068430ebe4d: valid; 15.5 s; peak memory 6834 MiB.
2026-10-05T12:13:23Z INFO [984/2500] 5b3a7305-12c4-46d7-b935-aaa3f779b7a9: valid; 3.0 s; peak memory 6834 MiB.
2026-10-05T12:13:25Z INFO [985/2500] 5b3a7452-a0d6-4734-9be7-3a709e700b6f: valid; 1.4 s; peak memory 6834 MiB.
2026-10-05T12:13:29Z INFO [986/2500] 5b3ad684-97c9-4d8f-bd38-c653e8e61777: valid; 4.0 s; peak memory 6834 MiB.
2026-10-05T12:13:31Z INFO [987/2500] 5b3b02a2-efbe-4b1d-9152-e21328399766: not valid; 1.8 s; peak memory 6834 MiB.
2026-10-05T12:13:32Z INFO [988/2500] 5b3c29b7-910a-446e-a8b8-50c286932f6d: not valid; 1.6 s; peak memory 6834 MiB.
2026-10-05T12:13:34Z INFO [989/2500] 5b3c8c6e-35a4-41df-bb33-f34fc97011a9: valid; 2.3 s; peak memory 6834 MiB.
2026-10-05T12:13:49Z INFO [990/2500] 5b3cc0f8-2a6e-4926-bf9c-1f76e70a316c: valid; 14.2 s; peak memory 6834 MiB.
2026-10-05T12:13:54Z INFO [991/2500] 5b3cd9af-dcfe-4ac4-9aee-e88895c7b56a: valid; 5.0 s; peak memory 6834 MiB.
2026-10-05T12:14:13Z INFO [992/2500] 5b3ce271-e3a8-4767-92cd-0e79b82e99a8: valid; 19.3 s; peak memory 6834 MiB.
2026-10-05T12:14:14Z INFO [993/2500] 5b3d2170-9244-4068-a3de-619e1e5cac79: valid; 1.5 s; peak memory 6834 MiB.
2026-10-05T12:14:17Z INFO [994/2500] 5b3d9300-c37b-4dc4-a96d-283dfa94ec72: valid; 2.9 s; peak memory 6834 MiB.
2026-10-05T12:14:32Z INFO [995/2500] 5b3e52a9-da71-4992-b6a3-bf4fb2da5393: not valid; 14.9 s; peak memory 6834 MiB.
2026-10-05T12:14:40Z INFO [996/2500] 5b3e92dd-baa9-4863-b715-1a684fb7f87b: valid; 7.7 s; peak memory 6834 MiB.
2026-10-05T12:14:41Z INFO [997/2500] 5b3f1590-c845-491d-b10c-2fd7f57300c1: valid; 1.3 s; peak memory 6834 MiB.
2026-10-05T12:14:44Z INFO [998/2500] 5b3f7f98-64c8-449e-9e8e-96001c84bf57: not valid; 3.2 s; peak memory 6834 MiB.
2026-10-05T12:14:46Z INFO [999/2500] 5b3f8282-48dd-4f09-b248-8a2a86288392: valid; 2.2 s; peak memory 6834 MiB.
2026-10-05T12:14:48Z INFO [1000/2500] 5b3f8752-3e3e-4aa9-ad77-0b8419da3711: not valid; 1.5 s; peak memory 6834 MiB.
2026-10-05T12:14:49Z INFO [1000/2500] 5b3f8752-3e3e-4aa9-ad77-0b8419da3711: checkpointed 124510 records.
2026-10-05T12:14:52Z INFO [1001/2500] 5b404388-9a8e-45dd-b78a-80c51730c017: valid; 3.0 s; peak memory 6834 MiB.
2026-10-05T12:14:54Z INFO [1002/2500] 5b40491d-fab4-4abb-b6d7-4a1d786b906d: not valid; 1.9 s; peak memory 6834 MiB.
2026-10-05T12:14:57Z INFO [1003/2500] 5b40f242-6eed-4be8-a023-b63b51383941: valid; 3.4 s; peak memory 6834 MiB.
2026-10-05T12:14:59Z INFO [1004/2500] 5b414627-e92e-4d95-96ce-8737950a1689: valid; 1.9 s; peak memory 6834 MiB.
2026-10-05T12:15:01Z INFO [1005/2500] 5b4200c4-3d81-4c81-8f20-082e1878949e: not valid; 1.5 s; peak memory 6834 MiB.
2026-10-05T12:15:04Z INFO [1006/2500] 5b4368bd-ecd6-485b-9b5a-b72a97f53e3a: valid; 3.9 s; peak memory 6834 MiB.
2026-10-05T12:15:06Z INFO [1007/2500] 5b43910d-b4f2-4429-890e-195f702dd691: not valid; 1.9 s; peak memory 6834 MiB.
2026-10-05T12:15:07Z INFO [1008/2500] 5b43a20f-b82f-41ac-8701-428bcc044eac: valid; 1.1 s; peak memory 6834 MiB.
2026-10-05T12:15:11Z INFO [1009/2500] 5b43d651-066a-4820-838e-9e28dad0e534: valid; 3.2 s; peak memory 6834 MiB.
2026-10-05T12:15:12Z INFO [1010/2500] 5b43f3b9-d748-411a-8aa0-0944933a4967: valid; 1.2 s; peak memory 6834 MiB.
2026-10-05T12:15:13Z INFO [1011/2500] 5b4411ee-1295-4d1e-8c2d-e57a114975f5: valid; 1.4 s; peak memory 6834 MiB.
2026-10-05T12:15:16Z INFO [1012/2500] 5b445b40-dec0-40f3-9d15-453b7a27496c: valid; 2.7 s; peak memory 6834 MiB.
2026-10-05T12:15:18Z INFO [1013/2500] 5b4488ae-a63a-476b-b864-5116f5bd05c9: not valid; 1.6 s; peak memory 6834 MiB.
2026-10-05T12:15:21Z INFO [1014/2500] 5b451d0b-2191-42bc-8000-86f43df2a5e8: valid; 3.2 s; peak memory 6834 MiB.
2026-10-05T12:15:23Z INFO [1015/2500] 5b456fb2-4bda-47cb-90cb-c7b2df24d742: valid; 2.7 s; peak memory 6834 MiB.
2026-10-05T12:15:25Z INFO [1016/2500] 5b458acf-c088-4fb3-965b-08499aed0702: valid; 2.0 s; peak memory 6834 MiB.
2026-10-05T12:15:37Z INFO [1017/2500] 5b469684-976b-4d97-8e5c-f1f8debbf617: valid; 11.2 s; peak memory 6834 MiB.
2026-10-05T12:15:40Z INFO [1018/2500] 5b46d9b2-b855-47f9-aa8c-8207ed37dbd9: valid; 3.0 s; peak memory 6834 MiB.
2026-10-05T12:15:41Z INFO [1019/2500] 5b47342e-a646-4b95-ac2a-3cbfba8de5f5: not valid; 1.8 s; peak memory 6834 MiB.
2026-10-05T12:15:43Z INFO [1020/2500] 5b47391a-9e96-489c-960d-f9dc52c4efe5: valid; 1.1 s; peak memory 6834 MiB.
2026-10-05T12:15:45Z INFO [1021/2500] 5b47418e-6486-48a8-9b8a-7ee5b05cdd5c: valid; 2.1 s; peak memory 6834 MiB.
2026-10-05T12:16:05Z INFO [1022/2500] 5b4790d2-6ca4-46b6-8d3d-e1e601c48750: valid; 20.0 s; peak memory 6834 MiB.
2026-10-05T12:16:14Z INFO [1023/2500] 5b4807f3-df47-4345-b234-149aec169b83: valid; 8.9 s; peak memory 6834 MiB.
2026-10-05T12:16:16Z INFO [1024/2500] 5b48ce23-b4d7-405b-894a-5044ccfd63da: not valid; 2.5 s; peak memory 6834 MiB.
2026-10-05T12:16:18Z WARNING 5b48db88-3f45-472c-a0d7-ac0650198777: failed while opening the NWB file (ConstructError: (root/acquisition/_iblmic_audioSpectrogram/bands GroupBuilder {'attributes': {'colnames': array(['freq'], dtype=object), 'description': 'spectogram frequencies', 'namespace': 'core', 'neurodata_type': 'FrequencyBandsTable', 'object_id': '5d6c0c31-d145-4395-961a-31ab67047dc6'}, 'groups': {}, 'datasets': {'freq': root/acquisition/_iblmic_audioSpectrogram/bands/freq DatasetBuilder {'attributes': {'description': 'frequency value', 'namespace': 'hdmf-common', 'neurodata_type': 'VectorData', 'object_id': '0e7b53ca-1a2a-4707-a8b8-a6c55ece27c2'}, 'data': <HDF5 dataset "freq": shape (257,), type "<f4">}, 'id': root/acquisition/_iblmic_audioSpectrogram/bands/id DatasetBuilder {'attributes': {'namespace': 'hdmf-common', 'neurodata_type': 'ElementIdentifiers', 'object_id': 'a3e72d10-8cc3-4ac4-9506-293d7e23ca81'}, 'data': <HDF5 dataset "id": shape (257,), type "<i4">}}, 'links': {}}, "Could not construct FrequencyBandsTable object due to: column must have the same number of rows as 'id'"))
2026-10-05T12:16:30Z INFO [1026/2500] 5b492900-7977-4c55-adb4-e7d5fc4ab991: valid; 12.3 s; peak memory 6834 MiB.
2026-10-05T12:16:32Z INFO [1027/2500] 5b4a3acc-530c-4280-a867-1ecd7d3b56a2: valid; 1.5 s; peak memory 6834 MiB.
2026-10-05T12:16:34Z INFO [1028/2500] 5b4a3b86-2688-456f-b44b-fabb00314a41: valid; 2.0 s; peak memory 6834 MiB.
2026-10-05T12:16:41Z INFO [1029/2500] 5b4a8884-2fbe-46e3-bdff-9f213db27a3c: valid; 7.6 s; peak memory 6834 MiB.
2026-10-05T12:16:43Z WARNING 5b4ab7c8-8df2-458a-9ea5-65c4acc26398: failed while opening the NWB file (ConstructError: (root/acquisition/_iblmic_audioSpectrogram/bands GroupBuilder {'attributes': {'colnames': array(['freq'], dtype=object), 'description': 'spectogram frequencies', 'namespace': 'core', 'neurodata_type': 'FrequencyBandsTable', 'object_id': '081f0d22-175c-4c70-9b7a-b56a58cc1e5c'}, 'groups': {}, 'datasets': {'freq': root/acquisition/_iblmic_audioSpectrogram/bands/freq DatasetBuilder {'attributes': {'description': 'frequency value', 'namespace': 'hdmf-common', 'neurodata_type': 'VectorData', 'object_id': '6ef186d5-afe6-430d-97d3-03625aa504b8'}, 'data': <HDF5 dataset "freq": shape (257,), type "<f4">}, 'id': root/acquisition/_iblmic_audioSpectrogram/bands/id DatasetBuilder {'attributes': {'namespace': 'hdmf-common', 'neurodata_type': 'ElementIdentifiers', 'object_id': '77982c11-8930-4c61-9871-d5461dce6aca'}, 'data': <HDF5 dataset "id": shape (257,), type "<i4">}}, 'links': {}}, "Could not construct FrequencyBandsTable object due to: column must have the same number of rows as 'id'"))
2026-10-05T12:16:45Z INFO [1031/2500] 5b4abba0-8e1d-4712-9b8d-ec1f83748322: valid; 1.3 s; peak memory 6834 MiB.
2026-10-05T12:16:53Z INFO [1032/2500] 5b4b3fae-90df-4cdc-ae5f-1d049df4b1f1: valid; 8.4 s; peak memory 6834 MiB.
2026-10-05T12:17:02Z INFO [1033/2500] 5b4b9946-944b-44a9-a97b-6a88fea352cc: valid; 9.1 s; peak memory 6834 MiB.
2026-10-05T12:17:03Z INFO [1034/2500] 5b4c1bcd-8b07-46f7-822c-2f3776c43e75: not valid; 1.0 s; peak memory 6834 MiB.
2026-10-05T12:17:06Z INFO [1035/2500] 5b4c68ac-1082-44cf-98d5-7106ed887f58: valid; 2.5 s; peak memory 6834 MiB.
2026-10-05T12:17:08Z INFO [1036/2500] 5b4d3175-9f2a-49e7-bdc8-932fc3cff91c: valid; 2.0 s; peak memory 6834 MiB.
2026-10-05T12:17:09Z INFO [1037/2500] 5b4d443f-2094-4585-8b1d-d2087bbfe9a5: valid; 1.1 s; peak memory 6834 MiB.
2026-10-05T12:17:11Z INFO [1038/2500] 5b4d7d2c-2107-49fc-8364-71d14fa05354: valid; 2.0 s; peak memory 6834 MiB.
2026-10-05T12:17:14Z INFO [1039/2500] 5b4daeef-fcea-41b4-9532-38648ba11e54: not valid; 3.6 s; peak memory 6834 MiB.
2026-10-05T12:17:16Z WARNING 5b4df8cc-f4b4-43e6-9a77-848c5d8e75bf: failed while opening the NWB file (ConstructError: (root/acquisition/_iblmic_audioSpectrogram/bands GroupBuilder {'attributes': {'colnames': array(['freq'], dtype=object), 'description': 'spectogram frequencies', 'namespace': 'core', 'neurodata_type': 'FrequencyBandsTable', 'object_id': 'a21aa69d-e283-491b-900d-7c2f746583ce'}, 'groups': {}, 'datasets': {'freq': root/acquisition/_iblmic_audioSpectrogram/bands/freq DatasetBuilder {'attributes': {'description': 'frequency value', 'namespace': 'hdmf-common', 'neurodata_type': 'VectorData', 'object_id': '6defdce8-ffa4-4468-b79a-8972b39563f3'}, 'data': <HDF5 dataset "freq": shape (257,), type "<f4">}, 'id': root/acquisition/_iblmic_audioSpectrogram/bands/id DatasetBuilder {'attributes': {'namespace': 'hdmf-common', 'neurodata_type': 'ElementIdentifiers', 'object_id': '7492431e-f01b-45ab-91dc-6e3e6eb4c0c5'}, 'data': <HDF5 dataset "id": shape (257,), type "<i4">}}, 'links': {}}, "Could not construct FrequencyBandsTable object due to: column must have the same number of rows as 'id'"))
2026-10-05T12:17:16Z WARNING 5b4e75c7-2351-4b11-9726-bc217610d0b0: failed while retrieving asset information from the DANDI API (NotFoundError: No asset at path 'sub-parkinson-simulated-lfp/sub-parkinson-simulated-lfp_ses-4499_ecephys.nwb' in version 0.250327.2220. Verify the path is correct and the asset exists in this version. Use 'dandi ls' to list available assets.)
2026-10-05T12:17:19Z INFO [1042/2500] 5b4e862a-05de-4c74-bcb2-17aa863c09c9: valid; 2.9 s; peak memory 6834 MiB.
2026-10-05T12:17:38Z INFO [1043/2500] 5b50769c-3332-4bed-adbb-89ac233e91da: valid; 18.6 s; peak memory 6834 MiB.
2026-10-05T12:17:40Z INFO [1044/2500] 5b50879a-7203-44fa-a257-f4e0da3a8a90: not valid; 1.8 s; peak memory 6834 MiB.
2026-10-05T12:17:42Z INFO [1045/2500] 5b508eb5-28c8-4f42-b19a-922ea8d9761c: valid; 2.0 s; peak memory 6834 MiB.
2026-10-05T12:17:44Z INFO [1046/2500] 5b50d985-aa06-46b6-94e9-237eae782f11: valid; 2.3 s; peak memory 6834 MiB.
2026-10-05T12:17:45Z INFO [1047/2500] 5b5251a4-daae-444b-8c75-a8fc875ed735: valid; 1.4 s; peak memory 6834 MiB.
2026-10-05T12:17:50Z INFO [1048/2500] 5b5272bf-a6ee-45ee-8d0b-4b99a2b801c2: valid; 4.4 s; peak memory 6835 MiB.
2026-10-05T12:17:51Z INFO [1049/2500] 5b538f3a-8564-428d-8d4e-95be1f238f3f: valid; 1.4 s; peak memory 6835 MiB.
2026-10-05T12:17:57Z INFO [1050/2500] 5b53a671-f60f-452f-a9e2-aa72d2caddef: valid; 6.0 s; peak memory 6835 MiB.
2026-10-05T12:17:58Z INFO [1050/2500] 5b53a671-f60f-452f-a9e2-aa72d2caddef: checkpointed 124560 records.
2026-10-05T12:18:00Z INFO [1051/2500] 5b53a9ef-cfa7-49da-ba1a-9adc65030ed4: valid; 2.0 s; peak memory 6835 MiB.
2026-10-05T12:18:02Z INFO [1052/2500] 5b53aeff-cbc7-488f-abc2-04df2ca58e03: not valid; 1.6 s; peak memory 6835 MiB.
2026-10-05T12:18:03Z INFO [1053/2500] 5b541d4a-7693-417e-9697-5b6049cd0f99: valid; 1.5 s; peak memory 6835 MiB.
2026-10-05T12:18:43Z INFO [1054/2500] 5b54419c-a9a1-41d3-9157-fccf3b40d1d4: not valid; 40.4 s; peak memory 6835 MiB.
2026-10-05T12:18:47Z INFO [1055/2500] 5b544544-dad2-4070-93b3-c327c6ca1ed2: valid; 3.2 s; peak memory 6835 MiB.
2026-10-05T12:20:40Z INFO [1056/2500] 5b547759-0368-47ff-abab-82cc7f8b7455: valid; 113.7 s; peak memory 6835 MiB.
2026-10-05T12:20:43Z INFO [1057/2500] 5b549cc5-4e75-4686-8118-b47abd824741: valid; 2.7 s; peak memory 6835 MiB.
2026-10-05T12:20:45Z INFO [1058/2500] 5b54b6e3-9a43-4a64-9b9a-d0dc5c99d9e1: not valid; 2.0 s; peak memory 6835 MiB.
2026-10-05T12:20:58Z INFO [1059/2500] 5b55a739-0b6f-40e2-8956-ff89b6bf92b9: not valid; 13.5 s; peak memory 6835 MiB.
2026-10-05T12:21:00Z INFO [1060/2500] 5b567faf-c1db-4998-951a-388a45f7b065: valid; 1.2 s; peak memory 6835 MiB.
2026-10-05T12:21:01Z INFO [1061/2500] 5b569291-d884-4877-a4e3-cf90e0ad6b40: valid; 1.5 s; peak memory 6835 MiB.
2026-10-05T12:21:04Z INFO [1062/2500] 5b56de0c-3038-430a-a36e-b6d77b6e4917: valid; 3.1 s; peak memory 6835 MiB.
2026-10-05T12:21:06Z INFO [1063/2500] 5b574018-4d28-49ca-a938-611819012f00: valid; 1.8 s; peak memory 6835 MiB.
2026-10-05T12:21:09Z INFO [1064/2500] 5b57830f-67ae-4d08-9c60-52b982352e4f: valid; 2.9 s; peak memory 6835 MiB.
2026-10-05T12:21:11Z INFO [1065/2500] 5b57b29d-54c9-4fad-808a-4d2f81e44557: not valid; 1.9 s; peak memory 6835 MiB.
2026-10-05T12:21:40Z INFO [1066/2500] 5b58612a-548d-4ce5-8247-de84af347691: not valid; 28.8 s; peak memory 6835 MiB.
2026-10-05T12:21:41Z INFO [1067/2500] 5b58d257-759d-4b61-89b1-bb3d85ca35ed: valid; 1.3 s; peak memory 6835 MiB.
2026-10-05T12:21:42Z INFO [1068/2500] 5b5964a4-09f1-4679-a3e5-eb90b02d9dc8: valid; 1.5 s; peak memory 6835 MiB.
2026-10-05T12:21:44Z INFO [1069/2500] 5b5969cf-e949-4042-b669-75cddad1ab4c: valid; 2.0 s; peak memory 6835 MiB.
2026-10-05T12:21:47Z INFO [1070/2500] 5b599ebf-23f4-4706-963b-89f1915efa0e: valid; 2.1 s; peak memory 6835 MiB.
2026-10-05T12:21:48Z INFO [1071/2500] 5b59a12e-1b4e-4942-82db-3891655bd9ce: valid; 1.4 s; peak memory 6835 MiB.
2026-10-05T12:21:59Z INFO [1072/2500] 5b59e5c7-10f5-4e43-b36b-7aa05f6921b0: valid; 10.9 s; peak memory 6835 MiB.
2026-10-05T12:22:00Z INFO [1073/2500] 5b59f177-41da-4527-ae4d-dc158a8cb965: valid; 1.6 s; peak memory 6835 MiB.
2026-10-05T12:22:03Z INFO [1074/2500] 5b5a0181-89b3-4b41-a24e-ea5d37448817: valid; 2.7 s; peak memory 6835 MiB.
2026-10-05T12:22:05Z INFO [1075/2500] 5b5a4dc9-b07d-4431-a4f2-9a3b2b92dd6d: valid; 1.6 s; peak memory 6835 MiB.
2026-10-05T12:22:07Z INFO [1076/2500] 5b5a5662-fab9-4fde-b06c-aad2b7b1172b: not valid; 1.9 s; peak memory 6835 MiB.
2026-10-05T12:22:11Z INFO [1077/2500] 5b5a9b08-476c-4767-88ba-bd867e791f7c: valid; 4.6 s; peak memory 6835 MiB.
2026-10-05T12:22:13Z INFO [1078/2500] 5b5b3355-812a-4609-aaab-3719c8ec2904: valid; 1.4 s; peak memory 6835 MiB.
2026-10-05T12:22:15Z INFO [1079/2500] 5b5c92a4-1bf9-4aae-88e1-dee4f45f3a20: not valid; 2.0 s; peak memory 6835 MiB.
2026-10-05T12:22:21Z INFO [1080/2500] 5b5cdc0e-9192-4ca9-98bd-2e508b0b83b0: not valid; 6.3 s; peak memory 6835 MiB.
2026-10-05T12:22:23Z INFO [1081/2500] 5b5e4ba1-17c3-41ad-b3a9-aac0292d0234: valid; 2.2 s; peak memory 6835 MiB.
2026-10-05T12:22:27Z INFO [1082/2500] 5b5ec88a-78a4-40ea-8a8a-296db145ae56: valid; 4.4 s; peak memory 6835 MiB.
2026-10-05T12:22:29Z INFO [1083/2500] 5b5ed350-024b-4307-9632-5e862899ce53: valid; 2.0 s; peak memory 6835 MiB.
2026-10-05T12:22:48Z INFO [1084/2500] 5b5eee7c-c9cf-4338-baa7-3c0b05b0fe55: not valid; 18.9 s; peak memory 6835 MiB.
2026-10-05T12:22:50Z INFO [1085/2500] 5b5f4ffc-8844-4315-bbc7-b2ff4e9ee1e5: valid; 1.4 s; peak memory 6835 MiB.
2026-10-05T12:22:54Z INFO [1086/2500] 5b5f72b4-c724-4ed9-89d0-72bca875e7f8: not valid; 4.6 s; peak memory 6835 MiB.
2026-10-05T12:22:56Z INFO [1087/2500] 5b5fba28-561c-4682-8fff-dd119bd69a25: valid; 1.4 s; peak memory 6835 MiB.
2026-10-05T12:22:57Z INFO [1088/2500] 5b60f015-d489-48fd-a126-2c9a6b2dcc20: valid; 1.5 s; peak memory 6835 MiB.
2026-10-05T12:23:00Z INFO [1089/2500] 5b60f118-7a7b-4b61-93ce-4467642af64d: valid; 2.3 s; peak memory 6835 MiB.
2026-10-05T12:23:09Z INFO [1090/2500] 5b61c13f-1167-47ba-97b4-e8c752404f0e: valid; 9.0 s; peak memory 6835 MiB.
2026-10-05T12:23:10Z INFO [1091/2500] 5b61c9f2-fa8a-4f51-a12b-a8e04b9ece94: valid; 1.5 s; peak memory 6835 MiB.
2026-10-05T12:23:12Z INFO [1092/2500] 5b61fe4f-0094-4452-b794-bdf86d19590d: valid; 1.6 s; peak memory 6835 MiB.
2026-10-05T12:23:14Z INFO [1093/2500] 5b629a97-e697-4bc7-abeb-147353e55e51: valid; 2.8 s; peak memory 6835 MiB.
2026-10-05T12:23:17Z INFO [1094/2500] 5b629e06-f3d1-4b96-84b5-311e1015d05d: valid; 2.6 s; peak memory 6835 MiB.
2026-10-05T12:23:21Z INFO [1095/2500] 5b636646-d4d7-49fc-8b7b-6a79859697c2: valid; 3.8 s; peak memory 6835 MiB.
2026-10-05T12:23:23Z INFO [1096/2500] 5b6421ce-049d-4522-aa62-431045ec1696: not valid; 2.6 s; peak memory 6835 MiB.
2026-10-05T12:23:25Z INFO [1097/2500] 5b647726-95f6-4aef-88fc-3a54d33301c3: valid; 1.9 s; peak memory 6835 MiB.
2026-10-05T12:23:27Z INFO [1098/2500] 5b64ebd4-d24b-4bca-a12a-d6a55f68cacd: valid; 1.2 s; peak memory 6835 MiB.
2026-10-05T12:23:29Z INFO [1099/2500] 5b655586-9d87-46d7-9a3c-633747bfaf79: valid; 2.2 s; peak memory 6835 MiB.
2026-10-05T12:23:30Z INFO [1100/2500] 5b65572a-8ca6-49a3-974f-8314933be6c6: not valid; 1.6 s; peak memory 6835 MiB.
2026-10-05T12:23:31Z INFO [1100/2500] 5b65572a-8ca6-49a3-974f-8314933be6c6: checkpointed 124610 records.
2026-10-05T12:23:33Z INFO [1101/2500] 5b655789-4790-48b6-b952-c4447959f8eb: valid; 2.1 s; peak memory 6835 MiB.
2026-10-05T12:23:36Z INFO [1102/2500] 5b662328-2a95-4c95-b8d7-9f64a7340c24: valid; 2.8 s; peak memory 6835 MiB.
2026-10-05T12:23:40Z INFO [1103/2500] 5b67e80d-9d26-40ff-b4ea-ea7ac94fb6ef: valid; 3.5 s; peak memory 6835 MiB.
2026-10-05T12:23:43Z INFO [1104/2500] 5b68450f-0b90-4cfc-8705-63841428b74b: valid; 3.4 s; peak memory 6835 MiB.
2026-10-05T12:24:06Z INFO [1105/2500] 5b69a4a1-1040-4ae7-a25c-64caf4e1da31: valid; 23.2 s; peak memory 6835 MiB.
2026-10-05T12:24:09Z INFO [1106/2500] 5b6a1e53-26f9-4b1a-89ff-e9a556fcc57f: valid; 3.1 s; peak memory 6835 MiB.
2026-10-05T12:24:11Z INFO [1107/2500] 5b6a6de2-6f98-40c4-8aa8-ba1dfeec7888: not valid; 1.4 s; peak memory 6835 MiB.
2026-10-05T12:24:12Z INFO [1108/2500] 5b6b2d46-c56e-4df7-a551-b7337eb9b36a: valid; 1.5 s; peak memory 6835 MiB.
2026-10-05T12:24:20Z INFO [1109/2500] 5b6c2cb1-a610-4e2c-b109-628d5395013c: valid; 7.9 s; peak memory 6835 MiB.
2026-10-05T12:24:22Z INFO [1110/2500] 5b6c4d82-b1db-49d1-93c2-6cb0eb075dd5: valid; 1.6 s; peak memory 6835 MiB.
2026-10-05T12:24:24Z INFO [1111/2500] 5b6c805f-ef3b-4f7d-ac4f-187698630468: valid; 1.9 s; peak memory 6835 MiB.
2026-10-05T12:24:25Z INFO [1112/2500] 5b6ce32a-1155-4223-8380-62cb823f90dc: valid; 1.9 s; peak memory 6835 MiB.
2026-10-05T12:24:26Z WARNING 5b6dd1e9-9209-4dfa-8596-3fbbde9b673c: failed while retrieving asset information from the DANDI API (NotFoundError: No asset at path 'sub-754896/sub-754896_ses-behavior-754896-2025-01-07-14-08-54.nwb' in version 0.260928.2230. Verify the path is correct and the asset exists in this version. Use 'dandi ls' to list available assets.)
2026-10-05T12:24:46Z INFO [1114/2500] 5b6e2fdd-84ef-468d-a492-270f897c2f27: valid; 20.8 s; peak memory 6836 MiB.
2026-10-05T12:24:50Z INFO [1115/2500] 5b6e4cbd-4624-40c8-b629-6858acd47a23: valid; 3.2 s; peak memory 6836 MiB.
2026-10-05T12:24:52Z INFO [1116/2500] 5b6e80b4-3642-4914-8a36-e28ea8045b73: valid; 2.0 s; peak memory 6836 MiB.
2026-10-05T12:24:55Z INFO [1117/2500] 5b703269-dcce-428b-ac7c-723c6edcaa78: valid; 3.0 s; peak memory 6836 MiB.
2026-10-05T12:25:10Z INFO [1118/2500] 5b70a901-6cf4-41a7-9062-5627d55ba9f4: valid; 15.5 s; peak memory 6836 MiB.
2026-10-05T12:25:11Z INFO [1119/2500] 5b713eca-dc95-4aa3-ab1b-3ce5bb20c4f1: valid; 1.2 s; peak memory 6836 MiB.
2026-10-05T12:25:22Z INFO [1120/2500] 5b714daa-8031-458b-9453-8b30bf6e6add: not valid; 10.8 s; peak memory 6836 MiB.
2026-10-05T12:25:24Z INFO [1121/2500] 5b71b6b8-4c6d-4976-9e34-8d9a45639ad3: not valid; 1.8 s; peak memory 6836 MiB.
2026-10-05T12:25:25Z INFO [1122/2500] 5b72697d-2405-4c20-b947-2b01d3e85fb4: valid; 1.3 s; peak memory 6836 MiB.
2026-10-05T12:25:28Z INFO [1123/2500] 5b728e2e-12bc-463e-82d6-fb6ac3e58762: valid; 2.5 s; peak memory 6836 MiB.
2026-10-05T12:25:30Z INFO [1124/2500] 5b730fd2-14a2-4603-8a54-7b77e4fd31ee: not valid; 2.0 s; peak memory 6836 MiB.
2026-10-05T12:25:31Z INFO [1125/2500] 5b7363d8-0de8-4162-8ac9-0a4ea523904b: valid; 1.4 s; peak memory 6836 MiB.
2026-10-05T12:25:36Z INFO [1126/2500] 5b7428e0-11e5-4d89-8c49-6c2d830c543e: not valid; 5.2 s; peak memory 6836 MiB.
2026-10-05T12:25:39Z INFO [1127/2500] 5b749390-0449-49a1-bcf2-daa92805f6ed: valid; 3.1 s; peak memory 6836 MiB.
2026-10-05T12:25:42Z INFO [1128/2500] 5b751791-5592-4c2f-aebd-b2ae47e41008: valid; 2.7 s; peak memory 6836 MiB.
2026-10-05T12:25:45Z INFO [1129/2500] 5b75ca31-6eec-432a-b292-2febb539cc94: valid; 2.8 s; peak memory 6836 MiB.
2026-10-05T12:25:46Z INFO [1130/2500] 5b761727-c003-4e40-8048-fdfe40383a7e: valid; 1.6 s; peak memory 6836 MiB.
2026-10-05T12:25:48Z INFO [1131/2500] 5b76e8ef-1330-4791-a3e2-6e94995d254a: valid; 1.3 s; peak memory 6836 MiB.
2026-10-05T12:25:50Z INFO [1132/2500] 5b77dcbc-cdb1-4b1c-853d-e0f73f550ae8: valid; 1.8 s; peak memory 6836 MiB.
2026-10-05T12:25:52Z INFO [1133/2500] 5b79601f-6515-4efa-af5d-ddd24e4dba1e: valid; 2.3 s; peak memory 6836 MiB.
2026-10-05T12:26:00Z INFO [1134/2500] 5b7967ef-471b-44ad-b481-39a78f86511c: valid; 7.7 s; peak memory 6836 MiB.
2026-10-05T12:26:01Z INFO [1135/2500] 5b79f771-28bc-4a55-abda-64dae7ebc21e: valid; 1.2 s; peak memory 6836 MiB.
2026-10-05T12:26:03Z INFO [1136/2500] 5b7a6bfc-1558-4d14-9c5b-02b99e40e4c9: valid; 2.1 s; peak memory 6836 MiB.
2026-10-05T12:26:26Z INFO [1137/2500] 5b7ab283-a66b-4e6c-a810-b2474c1daac7: valid; 23.6 s; peak memory 6836 MiB.
2026-10-05T12:26:28Z INFO [1138/2500] 5b7ad689-61fd-4e28-8146-31dbcb0e1410: not valid; 1.7 s; peak memory 6836 MiB.
2026-10-05T12:26:31Z INFO [1139/2500] 5b7aff10-fd4f-45b3-82d8-c76c2d9e480a: valid; 2.6 s; peak memory 6836 MiB.
2026-10-05T12:26:33Z INFO [1140/2500] 5b7b91b9-3168-41ad-b9aa-0db41c411669: valid; 2.5 s; peak memory 6836 MiB.
2026-10-05T12:26:38Z INFO [1141/2500] 5b7c3085-771e-4ca7-8fb9-6d5a24275954: valid; 4.9 s; peak memory 6836 MiB.
2026-10-05T12:26:39Z INFO [1142/2500] 5b7c3b23-d1fa-4c3c-afe0-788fdd67a314: valid; 1.4 s; peak memory 6836 MiB.
2026-10-05T12:26:42Z INFO [1143/2500] 5b7c7aa0-d753-4a70-9f67-3666ef78ded2: not valid; 2.3 s; peak memory 6836 MiB.
2026-10-05T12:26:44Z INFO [1144/2500] 5b7d1f67-a5d2-44da-ac52-9ff4f4aa7dc4: valid; 2.1 s; peak memory 6836 MiB.
2026-10-05T12:26:45Z INFO [1145/2500] 5b7d22c6-bdd5-4886-931e-416b0f1fb717: not valid; 1.5 s; peak memory 6836 MiB.
2026-10-05T12:26:47Z INFO [1146/2500] 5b7d44bf-a200-4e00-87e4-9b608dff4b3e: valid; 2.1 s; peak memory 6836 MiB.
2026-10-05T12:26:50Z INFO [1147/2500] 5b7d8cf2-a5c4-4f19-96c4-2167f94ebaf6: valid; 2.9 s; peak memory 6836 MiB.
2026-10-05T12:26:59Z INFO [1148/2500] 5b7dca95-1982-4ebd-9859-3bfdc2a5fc92: valid; 8.6 s; peak memory 6836 MiB.
2026-10-05T12:27:01Z INFO [1149/2500] 5b7e2bf6-02a1-4d45-bbde-f7bb92748e74: not valid; 1.9 s; peak memory 6836 MiB.
2026-10-05T12:27:03Z INFO [1150/2500] 5b7e3731-02c5-4aa4-95b4-c0d37dcf547a: valid; 2.7 s; peak memory 6836 MiB.
2026-10-05T12:27:04Z INFO [1150/2500] 5b7e3731-02c5-4aa4-95b4-c0d37dcf547a: checkpointed 124660 records.
2026-10-05T12:27:06Z INFO [1151/2500] 5b7ea274-7417-41c5-b8e9-a603f57afbda: valid; 1.5 s; peak memory 6836 MiB.
2026-10-05T12:27:09Z INFO [1152/2500] 5b7f39d6-8b5b-4003-b752-a5136ea974be: valid; 2.9 s; peak memory 6836 MiB.
2026-10-05T12:27:11Z INFO [1153/2500] 5b800db0-0e37-4ad7-876f-7a314e786f8a: valid; 2.1 s; peak memory 6836 MiB.
2026-10-05T12:27:14Z INFO [1154/2500] 5b812a5d-acd4-4032-bf9b-c669421e193b: valid; 2.9 s; peak memory 6836 MiB.
2026-10-05T12:27:17Z INFO [1155/2500] 5b81b47a-51bf-4522-a040-cfed4ef7a0a2: valid; 3.1 s; peak memory 6836 MiB.
2026-10-05T12:27:18Z INFO [1156/2500] 5b81f14d-16b3-4511-8693-cc9ae08f5165: valid; 1.4 s; peak memory 6836 MiB.
2026-10-05T12:27:19Z INFO [1157/2500] 5b823156-acb6-4feb-988e-9de2868f437d: not valid; 1.0 s; peak memory 6836 MiB.
2026-10-05T12:27:35Z INFO [1158/2500] 5b826955-c039-4097-8acf-3b2410bb3809: valid; 15.6 s; peak memory 6836 MiB.
2026-10-05T12:27:37Z INFO [1159/2500] 5b826cb5-dc67-46c5-905c-6e0de81768a0: valid; 2.7 s; peak memory 6836 MiB.
2026-10-05T12:27:40Z INFO [1160/2500] 5b82de49-6228-4ecd-a654-4c0bbc385b39: valid; 2.9 s; peak memory 6836 MiB.
2026-10-05T12:27:43Z WARNING 5b833d31-4e88-4afd-ab19-0051c2bea892: failed while opening the NWB file (ConstructError: (root/general/optogenetics/PatternedOptogeneticStimulusSite GroupBuilder {'attributes': {'effector': 'GUR-3/PRDX-2', 'namespace': 'ndx-patterned-ogen', 'neurodata_type': 'PatternedOptogeneticStimulusSite', 'object_id': '3ebcf8cf-7dc1-461b-83e8-c355e48b01b1'}, 'groups': {}, 'datasets': {'description': root/general/optogenetics/PatternedOptogeneticStimulusSite/description DatasetBuilder {'attributes': {}, 'data': 'Scanning'}, 'excitation_lambda': root/general/optogenetics/PatternedOptogeneticStimulusSite/excitation_lambda DatasetBuilder {'attributes': {}, 'data': np.float64(850.0)}, 'location': root/general/optogenetics/PatternedOptogeneticStimulusSite/location DatasetBuilder {'attributes': {}, 'data': 'whole brain'}}, 'links': {'device': root/general/optogenetics/PatternedOptogeneticStimulusSite/device LinkBuilder {'builder': root/general/devices/OptogeneticDevice GroupBuilder {'attributes': {'description': '', 'namespace': 'core', 'neurodata_type': 'Device', 'object_id': 'ce65d5a7-8d21-4f73-81ce-21258bd28833'}, 'groups': {}, 'datasets': {}, 'links': {}}}, 'light_source': root/general/optogenetics/PatternedOptogeneticStimulusSite/light_source LinkBuilder {'builder': root/general/devices/AmplifiedLaser GroupBuilder {'attributes': {'description': 'For two-photon optogenetic targeting, we used an optical parametric amplifier (OPA; Light Conversion ORPHEUS) pumped by a femtosecond amplified laser (Light Conversion PHAROS).', 'filter_description': 'Short pass at 1040 nm', 'manufacturer': 'Light Conversion', 'model': 'ORPHEUS amplifier and PHAROS laser', 'namespace': 'ndx-patterned-ogen', 'neurodata_type': 'LightSource', 'object_id': '0c2ad344-81e6-487c-9eb8-fa238f7dac6a', 'peak_power_in_W': np.float64(0.0012), 'pulse_rate_in_Hz': np.float64(500000.0), 'stimulation_wavelength_in_nm': np.float64(850.0)}, 'groups': {}, 'datasets': {}, 'links': {}}}}}, "Could not construct PatternedOptogeneticStimulusSite object due to: CustomClassGenerator.set_init.<locals>.__init__: incorrect type for 'spatial_light_modulator' (got 'list', expected 'Device')"))
2026-10-05T12:27:44Z INFO [1162/2500] 5b8387c0-4df0-4c9d-9b69-7bddc796e9b2: valid; 1.3 s; peak memory 6836 MiB.
2026-10-05T12:27:48Z INFO [1163/2500] 5b852417-4a59-4090-bc89-834aa9efc2bf: not valid; 3.2 s; peak memory 6836 MiB.
2026-10-05T12:27:51Z INFO [1164/2500] 5b85939c-0777-4e27-9264-1e1153fe8a7c: valid; 3.2 s; peak memory 6836 MiB.
2026-10-05T12:27:53Z INFO [1165/2500] 5b85fd13-5298-45c8-a436-042081d461d3: valid; 1.8 s; peak memory 6836 MiB.
2026-10-05T12:27:54Z INFO [1166/2500] 5b862e59-3358-4095-afda-0cf186811cc2: valid; 1.5 s; peak memory 6836 MiB.
2026-10-05T12:27:56Z INFO [1167/2500] 5b86a45f-3974-4ce0-a6ba-5ff05a58491d: valid; 2.0 s; peak memory 6836 MiB.
2026-10-05T12:28:00Z INFO [1168/2500] 5b87c6e8-0c45-462e-a3c8-ae3f2aa76b98: valid; 3.4 s; peak memory 6836 MiB.
2026-10-05T12:28:02Z INFO [1169/2500] 5b87c83c-4448-48b0-8f19-5f02cc1845f2: valid; 2.5 s; peak memory 6836 MiB.
2026-10-05T12:28:04Z INFO [1170/2500] 5b8805c8-f28b-401a-b97a-8d2c13fb4691: valid; 2.2 s; peak memory 6836 MiB.
2026-10-05T12:28:07Z INFO [1171/2500] 5b88fe08-0139-4074-8d73-ff0c62bf665a: valid; 2.8 s; peak memory 6836 MiB.
2026-10-05T12:28:16Z INFO [1172/2500] 5b891ae4-db62-4e1b-9efe-61fc1815c654: valid; 8.6 s; peak memory 6836 MiB.
2026-10-05T12:28:18Z WARNING 5b89e106-4352-4692-a675-d21d0218839c: failed while opening the NWB file (ConstructError: (root/acquisition/_iblmic_audioSpectrogram/bands GroupBuilder {'attributes': {'colnames': array(['freq'], dtype=object), 'description': 'spectogram frequencies', 'namespace': 'core', 'neurodata_type': 'FrequencyBandsTable', 'object_id': 'f0016bf6-a627-459d-978e-56dafa1a7d4a'}, 'groups': {}, 'datasets': {'freq': root/acquisition/_iblmic_audioSpectrogram/bands/freq DatasetBuilder {'attributes': {'description': 'frequency value', 'namespace': 'hdmf-common', 'neurodata_type': 'VectorData', 'object_id': '14d3f9cf-6b0f-4da7-b866-3032177ba18d'}, 'data': <HDF5 dataset "freq": shape (257,), type "<f4">}, 'id': root/acquisition/_iblmic_audioSpectrogram/bands/id DatasetBuilder {'attributes': {'namespace': 'hdmf-common', 'neurodata_type': 'ElementIdentifiers', 'object_id': '09e01509-7751-47ff-a1cc-bb6a6fbeda39'}, 'data': <HDF5 dataset "id": shape (257,), type "<i4">}}, 'links': {}}, "Could not construct FrequencyBandsTable object due to: column must have the same number of rows as 'id'"))
2026-10-05T12:28:21Z INFO [1174/2500] 5b89efcc-ca2c-4eca-8bba-f3e2b1884855: valid; 3.4 s; peak memory 6836 MiB.
2026-10-05T12:28:23Z INFO [1175/2500] 5b89fc32-159e-426a-8577-04851d9cbd05: not valid; 1.7 s; peak memory 6836 MiB.
2026-10-05T12:28:40Z INFO [1176/2500] 5b8a04b1-1dd1-4e87-be5a-b74754e8076a: valid; 17.3 s; peak memory 6836 MiB.
2026-10-05T12:28:41Z INFO [1177/2500] 5b8a44ac-c883-4f92-91e5-9f98381766c5: valid; 1.5 s; peak memory 6836 MiB.
2026-10-05T12:28:44Z INFO [1178/2500] 5b8a554a-4494-4a38-bf46-b2968475ec34: valid; 2.7 s; peak memory 6836 MiB.
2026-10-05T12:28:50Z INFO [1179/2500] 5b8ac7e7-09ba-44c3-a0fc-92baa97dd3f9: valid; 5.5 s; peak memory 6836 MiB.
2026-10-05T12:28:51Z INFO [1180/2500] 5b8af44c-99b9-492a-95d5-076b9fe2d61f: valid; 1.2 s; peak memory 6836 MiB.
2026-10-05T12:28:53Z INFO [1181/2500] 5b8b95d3-fa5f-4202-8923-ef036882a307: valid; 2.1 s; peak memory 6836 MiB.
2026-10-05T12:28:54Z INFO [1182/2500] 5b8b9aca-d033-4802-9c8b-b4c798972211: valid; 1.1 s; peak memory 6836 MiB.
2026-10-05T12:28:56Z WARNING 5b8ba95c-11d2-4ecd-a14a-24e2bc64526d: failed while opening the NWB file (ConstructError: (root/acquisition/_iblmic_audioSpectrogram/bands GroupBuilder {'attributes': {'colnames': array(['freq'], dtype=object), 'description': 'spectogram frequencies', 'namespace': 'core', 'neurodata_type': 'FrequencyBandsTable', 'object_id': 'c58aba9c-ec6a-45fd-89b7-ae07c5d7fc5c'}, 'groups': {}, 'datasets': {'freq': root/acquisition/_iblmic_audioSpectrogram/bands/freq DatasetBuilder {'attributes': {'description': 'frequency value', 'namespace': 'hdmf-common', 'neurodata_type': 'VectorData', 'object_id': 'efc8dd05-6bb2-4f28-a9f8-d33082b2afdc'}, 'data': <HDF5 dataset "freq": shape (257,), type "<f4">}, 'id': root/acquisition/_iblmic_audioSpectrogram/bands/id DatasetBuilder {'attributes': {'namespace': 'hdmf-common', 'neurodata_type': 'ElementIdentifiers', 'object_id': 'c2932c93-687a-4a66-89e8-ff50bb620ae4'}, 'data': <HDF5 dataset "id": shape (257,), type "<i4">}}, 'links': {}}, "Could not construct FrequencyBandsTable object due to: column must have the same number of rows as 'id'"))
2026-10-05T12:28:59Z INFO [1184/2500] 5b8bd713-824f-4c4a-88aa-8e2ca6534f8b: valid; 3.2 s; peak memory 6836 MiB.
2026-10-05T12:29:01Z INFO [1185/2500] 5b8c1646-4724-4e1a-96dc-27faeb8b6c24: valid; 1.4 s; peak memory 6836 MiB.
2026-10-05T12:29:03Z INFO [1186/2500] 5b8d3535-14a2-4e4d-a078-db24e6a8a945: valid; 2.6 s; peak memory 6836 MiB.
2026-10-05T12:29:05Z INFO [1187/2500] 5b8dc672-55ba-4293-9fce-23ad8a8242d6: valid; 2.1 s; peak memory 6836 MiB.
2026-10-05T12:29:09Z INFO [1188/2500] 5b8f9bc0-a88e-4a12-a9ee-c1450051081a: not valid; 4.3 s; peak memory 6836 MiB.
2026-10-05T12:29:12Z INFO [1189/2500] 5b8fa245-f01a-40e6-9e23-067f00bd37be: valid; 2.1 s; peak memory 6836 MiB.
2026-10-05T12:29:15Z INFO [1190/2500] 5b907c57-df03-4a62-8017-6990c48ba373: valid; 3.4 s; peak memory 6836 MiB.
2026-10-05T12:29:16Z INFO [1191/2500] 5b908633-e854-46d5-b0bb-999b2e015ad6: valid; 1.4 s; peak memory 6836 MiB.
2026-10-05T12:29:18Z INFO [1192/2500] 5b90b4af-2632-4060-9a1b-a7130a96e9a1: valid; 1.3 s; peak memory 6836 MiB.
2026-10-05T12:29:20Z INFO [1193/2500] 5b911003-8b42-4a0e-80d9-557f80e097c7: valid; 2.1 s; peak memory 6836 MiB.
2026-10-05T12:29:32Z INFO [1194/2500] 5b91d24c-a7ec-4bea-bcc8-0ab21b84ec86: valid; 11.8 s; peak memory 6836 MiB.
2026-10-05T12:29:52Z INFO [1195/2500] 5b928216-1fec-4b75-8ef2-855289c24166: valid; 20.2 s; peak memory 6836 MiB.
2026-10-05T12:29:53Z INFO [1196/2500] 5b92ea74-52b5-4d0e-84c5-5cacc45708c5: valid; 1.2 s; peak memory 6836 MiB.
2026-10-05T12:29:55Z INFO [1197/2500] 5b947799-5ac4-49d9-8c11-65ea5ebe36ae: valid; 2.3 s; peak memory 6836 MiB.
2026-10-05T12:29:57Z INFO [1198/2500] 5b947f8c-0072-458e-9f4e-6c9da2f17705: valid; 1.5 s; peak memory 6836 MiB.
2026-10-05T12:29:58Z INFO [1199/2500] 5b94d258-2768-4a23-8891-3cbb77b48330: valid; 1.5 s; peak memory 6836 MiB.
2026-10-05T12:30:01Z INFO [1200/2500] 5b952a53-66ff-438f-9944-f7a9d5964a5e: valid; 2.6 s; peak memory 6836 MiB.
2026-10-05T12:30:02Z INFO [1200/2500] 5b952a53-66ff-438f-9944-f7a9d5964a5e: checkpointed 124710 records.
2026-10-05T12:30:04Z WARNING 5b9541d4-f960-4cee-bce3-266bd946eff1: failed while opening the NWB file (ConstructError: (root/acquisition/_iblmic_audioSpectrogram/bands GroupBuilder {'attributes': {'colnames': array(['freq'], dtype=object), 'description': 'spectogram frequencies', 'namespace': 'core', 'neurodata_type': 'FrequencyBandsTable', 'object_id': 'df7f1403-754b-4d1f-8cd4-4a981abfc27c'}, 'groups': {}, 'datasets': {'freq': root/acquisition/_iblmic_audioSpectrogram/bands/freq DatasetBuilder {'attributes': {'description': 'frequency value', 'namespace': 'hdmf-common', 'neurodata_type': 'VectorData', 'object_id': '696ca59b-cc2f-40db-9b4f-e25f77f80e8e'}, 'data': <HDF5 dataset "freq": shape (257,), type "<f4">}, 'id': root/acquisition/_iblmic_audioSpectrogram/bands/id DatasetBuilder {'attributes': {'namespace': 'hdmf-common', 'neurodata_type': 'ElementIdentifiers', 'object_id': '1a35e9bc-8740-47b9-82d8-3e5d457f0ebf'}, 'data': <HDF5 dataset "id": shape (257,), type "<i4">}}, 'links': {}}, "Could not construct FrequencyBandsTable object due to: column must have the same number of rows as 'id'"))
2026-10-05T12:30:06Z INFO [1202/2500] 5b955a75-446e-43fd-a804-7b672cc9cb39: valid; 1.8 s; peak memory 6836 MiB.
2026-10-05T12:30:08Z INFO [1203/2500] 5b9603d4-c31a-4618-bf07-a3ba0c30ab55: valid; 2.4 s; peak memory 6836 MiB.
2026-10-05T12:30:10Z INFO [1204/2500] 5b96d00d-f2af-4273-ae83-8ea85faff6ef: not valid; 1.6 s; peak memory 6836 MiB.
2026-10-05T12:30:11Z INFO [1205/2500] 5b971890-d18f-40bf-a5e3-d192d18dd9ff: not valid; 1.9 s; peak memory 6836 MiB.
2026-10-05T12:30:14Z INFO [1206/2500] 5b9752cd-9c0c-467c-9855-05515574b84a: not valid; 2.1 s; peak memory 6836 MiB.
2026-10-05T12:30:15Z INFO [1207/2500] 5b975a23-ffcf-4e0b-9974-b2407785ef48: valid; 1.4 s; peak memory 6836 MiB.
2026-10-05T12:30:17Z INFO [1208/2500] 5b977ae0-3c12-434f-a791-1f290eea6061: valid; 2.4 s; peak memory 6836 MiB.
2026-10-05T12:30:20Z INFO [1209/2500] 5b97a7b4-9828-40be-bc44-a83cc2319af5: valid; 2.6 s; peak memory 6836 MiB.
2026-10-05T12:30:22Z INFO [1210/2500] 5b97b801-a189-4018-ada8-4a70a62c594b: valid; 1.8 s; peak memory 6836 MiB.
2026-10-05T12:30:23Z INFO [1211/2500] 5b97c773-1cff-44cf-8cf7-7f1f4bf63ec3: valid; 1.5 s; peak memory 6836 MiB.
2026-10-05T12:30:49Z INFO [1212/2500] 5b97c8e7-385f-48a7-932e-11725c06dca6: valid; 25.9 s; peak memory 6836 MiB.
2026-10-05T12:30:52Z INFO [1213/2500] 5b97e36e-f8d8-4eac-8f86-4828db5cc07e: valid; 3.2 s; peak memory 6836 MiB.
2026-10-05T12:30:54Z INFO [1214/2500] 5b9821ce-6fe0-4db8-a37e-edcb378835b5: valid; 1.4 s; peak memory 6836 MiB.
2026-10-05T12:30:56Z INFO [1215/2500] 5b984bab-3a29-4168-8c3c-6c34c680fd8a: not valid; 2.4 s; peak memory 6836 MiB.
2026-10-05T12:30:58Z INFO [1216/2500] 5b9925f4-c79f-4b69-9e77-f7a849a8c682: valid; 1.4 s; peak memory 6836 MiB.
2026-10-05T12:31:12Z INFO [1217/2500] 5b992d97-96c8-4758-a4dd-ee7dfd5cfd39: valid; 14.1 s; peak memory 6836 MiB.
2026-10-05T12:31:13Z INFO [1218/2500] 5b999b95-541e-4377-ad5d-4e66b3ec0282: valid; 1.6 s; peak memory 6836 MiB.
2026-10-05T12:31:16Z INFO [1219/2500] 5b99d323-f764-477d-83ca-a0d5359d768d: valid; 2.9 s; peak memory 6836 MiB.
2026-10-05T12:31:18Z INFO [1220/2500] 5b99e7b3-af54-419f-a21a-a5468f77e775: valid; 2.1 s; peak memory 6836 MiB.
2026-10-05T12:31:35Z INFO [1221/2500] 5b9a8488-9fcb-496b-a68d-aeb961b5640c: valid; 16.3 s; peak memory 6836 MiB.
2026-10-05T12:31:36Z INFO [1222/2500] 5b9a89bb-8a27-4889-b667-c96901e78189: valid; 1.4 s; peak memory 6836 MiB.
2026-10-05T12:31:38Z WARNING 5b9ba6b4-136d-4144-8c36-9b224f6c0f74: failed while opening the NWB file (ConstructError: (root/acquisition/_iblmic_audioSpectrogram/bands GroupBuilder {'attributes': {'colnames': array(['freq'], dtype=object), 'description': 'spectogram frequencies', 'namespace': 'core', 'neurodata_type': 'FrequencyBandsTable', 'object_id': '2cc294a3-4b1e-42d8-aed9-4d9ca11addcc'}, 'groups': {}, 'datasets': {'freq': root/acquisition/_iblmic_audioSpectrogram/bands/freq DatasetBuilder {'attributes': {'description': 'frequency value', 'namespace': 'hdmf-common', 'neurodata_type': 'VectorData', 'object_id': '02ed8bb4-07ee-4925-9189-3649078976d0'}, 'data': <HDF5 dataset "freq": shape (257,), type "<f4">}, 'id': root/acquisition/_iblmic_audioSpectrogram/bands/id DatasetBuilder {'attributes': {'namespace': 'hdmf-common', 'neurodata_type': 'ElementIdentifiers', 'object_id': '558d3fc8-d730-4719-9dbb-41fea3121715'}, 'data': <HDF5 dataset "id": shape (257,), type "<i4">}}, 'links': {}}, "Could not construct FrequencyBandsTable object due to: column must have the same number of rows as 'id'"))
2026-10-05T12:31:44Z INFO [1224/2500] 5b9bed30-3eb5-4d2e-b579-d9144a6b607c: not valid; 6.1 s; peak memory 6836 MiB.
2026-10-05T12:31:46Z INFO [1225/2500] 5b9d0115-e4dd-484f-b51e-0e67c820d56f: not valid; 1.7 s; peak memory 6836 MiB.
2026-10-05T12:31:48Z WARNING 5b9d9992-8465-420e-9d5a-2595b0194ca0: failed while opening the NWB file (ConstructError: (root/general/optogenetics/PatternedOptogeneticStimulusSite GroupBuilder {'attributes': {'effector': 'GUR-3/PRDX-2', 'namespace': 'ndx-patterned-ogen', 'neurodata_type': 'PatternedOptogeneticStimulusSite', 'object_id': '084a6f27-d5f6-44ca-95b3-27fbcbdc89cd'}, 'groups': {}, 'datasets': {'description': root/general/optogenetics/PatternedOptogeneticStimulusSite/description DatasetBuilder {'attributes': {}, 'data': 'Scanning'}, 'excitation_lambda': root/general/optogenetics/PatternedOptogeneticStimulusSite/excitation_lambda DatasetBuilder {'attributes': {}, 'data': np.float64(850.0)}, 'location': root/general/optogenetics/PatternedOptogeneticStimulusSite/location DatasetBuilder {'attributes': {}, 'data': 'whole brain'}}, 'links': {'device': root/general/optogenetics/PatternedOptogeneticStimulusSite/device LinkBuilder {'builder': root/general/devices/OptogeneticDevice GroupBuilder {'attributes': {'description': '', 'namespace': 'core', 'neurodata_type': 'Device', 'object_id': 'efbf6ff1-f7db-4a0c-87b3-0cc4d404c32d'}, 'groups': {}, 'datasets': {}, 'links': {}}}, 'light_source': root/general/optogenetics/PatternedOptogeneticStimulusSite/light_source LinkBuilder {'builder': root/general/devices/AmplifiedLaser GroupBuilder {'attributes': {'description': 'For two-photon optogenetic targeting, we used an optical parametric amplifier (OPA; Light Conversion ORPHEUS) pumped by a femtosecond amplified laser (Light Conversion PHAROS).', 'filter_description': 'Short pass at 1040 nm', 'manufacturer': 'Light Conversion', 'model': 'ORPHEUS amplifier and PHAROS laser', 'namespace': 'ndx-patterned-ogen', 'neurodata_type': 'LightSource', 'object_id': 'dcae2f47-3578-4df5-8fc3-b0baec31e384', 'peak_power_in_W': np.float64(0.0012), 'pulse_rate_in_Hz': np.float64(500000.0), 'stimulation_wavelength_in_nm': np.float64(850.0)}, 'groups': {}, 'datasets': {}, 'links': {}}}}}, "Could not construct PatternedOptogeneticStimulusSite object due to: CustomClassGenerator.set_init.<locals>.__init__: incorrect type for 'spatial_light_modulator' (got 'list', expected 'Device')"))
2026-10-05T12:31:50Z INFO [1227/2500] 5b9db986-ffac-4c14-a6e6-63694217c69e: valid; 1.5 s; peak memory 6836 MiB.
2026-10-05T12:31:52Z INFO [1228/2500] 5b9dcddd-289d-4829-8bbe-eb1b3a4be0cc: not valid; 1.9 s; peak memory 6836 MiB.
2026-10-05T12:31:55Z INFO [1229/2500] 5b9dea0d-6f51-4f65-bc58-9273a2ed60b2: not valid; 2.8 s; peak memory 6837 MiB.
2026-10-05T12:31:56Z INFO [1230/2500] 5b9e41b7-447d-480a-875c-a80521f34733: not valid; 1.9 s; peak memory 6837 MiB.
2026-10-05T12:31:58Z INFO [1231/2500] 5b9ec036-60ad-49b4-b2a0-eecc1df1580d: valid; 1.4 s; peak memory 6837 MiB.
2026-10-05T12:32:00Z INFO [1232/2500] 5b9f33c7-a28b-4f97-9aa2-2b4158044aa3: not valid; 1.6 s; peak memory 6837 MiB.
2026-10-05T12:32:01Z INFO [1233/2500] 5b9f53d3-9ab9-4372-83cc-f418b4032711: valid; 1.3 s; peak memory 6837 MiB.
2026-10-05T12:32:03Z WARNING 5ba00e85-7f15-45aa-adb0-73291dbadd70: failed while opening the NWB file (ConstructError: (root/acquisition/_iblmic_audioSpectrogram/bands GroupBuilder {'attributes': {'colnames': array(['freq'], dtype=object), 'description': 'spectogram frequencies', 'namespace': 'core', 'neurodata_type': 'FrequencyBandsTable', 'object_id': '3b6c1015-edb5-4c75-86e0-671500ecc535'}, 'groups': {}, 'datasets': {'freq': root/acquisition/_iblmic_audioSpectrogram/bands/freq DatasetBuilder {'attributes': {'description': 'frequency value', 'namespace': 'hdmf-common', 'neurodata_type': 'VectorData', 'object_id': 'a6b576fc-16ee-4197-b2f0-ad460c55895e'}, 'data': <HDF5 dataset "freq": shape (257,), type "<f4">}, 'id': root/acquisition/_iblmic_audioSpectrogram/bands/id DatasetBuilder {'attributes': {'namespace': 'hdmf-common', 'neurodata_type': 'ElementIdentifiers', 'object_id': 'f1d0d469-34c1-461c-ae34-8acd58b9f6de'}, 'data': <HDF5 dataset "id": shape (257,), type "<i4">}}, 'links': {}}, "Could not construct FrequencyBandsTable object due to: column must have the same number of rows as 'id'"))
2026-10-05T12:32:05Z INFO [1235/2500] 5ba04e8a-a666-4cdb-9916-147030f28a28: valid; 2.2 s; peak memory 6837 MiB.
2026-10-05T12:32:07Z INFO [1236/2500] 5ba05461-4552-4904-b95b-142e4b8e4726: not valid; 1.9 s; peak memory 6837 MiB.
2026-10-05T12:32:17Z INFO [1237/2500] 5ba0a378-fedb-4630-9c12-aefea03eb095: valid; 10.3 s; peak memory 6837 MiB.
2026-10-05T12:32:20Z INFO [1238/2500] 5ba0cb6d-a0e6-485e-949d-708e76c554c2: valid; 2.9 s; peak memory 6837 MiB.
2026-10-05T12:32:21Z INFO [1239/2500] 5ba1ceec-dec8-4ab6-a7f6-016dcced48d1: valid; 1.1 s; peak memory 6837 MiB.
2026-10-05T12:32:23Z INFO [1240/2500] 5ba2826f-8ce4-499f-bcf4-dc85aae72532: valid; 1.4 s; peak memory 6837 MiB.
2026-10-05T12:32:34Z INFO [1241/2500] 5ba2ccc8-1bc5-44d0-84ef-501385262932: valid; 11.3 s; peak memory 6837 MiB.
2026-10-05T12:32:44Z INFO [1242/2500] 5ba2eace-ea89-4e82-878c-73699f037cef: valid; 9.8 s; peak memory 6837 MiB.
2026-10-05T12:32:48Z INFO [1243/2500] 5ba32379-12df-4923-94b8-944007a8a240: not valid; 4.2 s; peak memory 6837 MiB.
2026-10-05T12:32:50Z INFO [1244/2500] 5ba33c7d-6695-4d6b-bebc-8c1934ea8f0e: valid; 2.2 s; peak memory 6837 MiB.
2026-10-05T12:32:53Z INFO [1245/2500] 5ba3ba1a-e22b-456d-aad4-6c34a1cb971a: valid; 2.6 s; peak memory 6837 MiB.
2026-10-05T12:32:54Z INFO [1246/2500] 5ba3d2ce-adda-4cb8-9a26-d9dda9990a00: valid; 1.5 s; peak memory 6837 MiB.
2026-10-05T12:32:56Z INFO [1247/2500] 5ba4086d-b209-4044-b953-d6d456b8d453: valid; 1.5 s; peak memory 6837 MiB.
2026-10-05T12:32:59Z INFO [1248/2500] 5ba48235-18db-452d-9f20-f65b3e46ccb8: valid; 3.4 s; peak memory 6837 MiB.
2026-10-05T12:33:02Z INFO [1249/2500] 5ba4bb21-6c36-48c3-b7bb-df8a4c2b922f: not valid; 2.9 s; peak memory 6837 MiB.
2026-10-05T12:33:03Z INFO [1250/2500] 5ba58bf0-3242-42c7-b037-5b8c1005a684: valid; 1.4 s; peak memory 6837 MiB.
2026-10-05T12:33:04Z INFO [1250/2500] 5ba58bf0-3242-42c7-b037-5b8c1005a684: checkpointed 124760 records.
2026-10-05T12:33:07Z INFO [1251/2500] 5ba5fdc4-be79-4b64-af85-773b55b336b1: not valid; 3.1 s; peak memory 6837 MiB.
2026-10-05T12:33:13Z INFO [1252/2500] 5ba5ff55-642a-47dd-b075-45c3fa90ecef: valid; 5.1 s; peak memory 6837 MiB.
2026-10-05T12:33:15Z INFO [1253/2500] 5ba61563-7b0d-4ae2-9590-57ca88d9576e: valid; 2.2 s; peak memory 6837 MiB.
2026-10-05T12:33:15Z WARNING 5ba80935-3238-40da-9724-7250b44ec8c6: failed while retrieving asset information from the DANDI API (NotFoundError: No asset at path 'sub-460432/sub-460432_ses-20191218T111453_behavior+ecephys+ogen.nwb' in version 0.231012.2129. Verify the path is correct and the asset exists in this version. Use 'dandi ls' to list available assets.)
2026-10-05T12:33:33Z INFO [1255/2500] 5ba8df15-f7e7-49b9-ae3b-4986bd1fc00d: valid; 17.9 s; peak memory 6837 MiB.
2026-10-05T12:33:34Z INFO [1256/2500] 5ba90f13-7ddd-4785-b82c-1d0612e60cb4: valid; 1.1 s; peak memory 6837 MiB.
2026-10-05T12:33:49Z INFO [1257/2500] 5ba9ee0e-f66e-455b-9019-cb0fa872dfab: valid; 14.9 s; peak memory 6837 MiB.
2026-10-05T12:33:50Z INFO [1258/2500] 5baa4323-0aaa-4237-8c89-f7f942059316: valid; 1.5 s; peak memory 6837 MiB.
2026-10-05T12:33:53Z INFO [1259/2500] 5baa6c5a-a75b-46cc-9e17-56b3ab7faa55: valid; 3.0 s; peak memory 6837 MiB.
2026-10-05T12:33:55Z INFO [1260/2500] 5baa9dd1-21e6-4128-b468-476fa33a8311: valid; 1.4 s; peak memory 6837 MiB.
2026-10-05T12:33:56Z INFO [1261/2500] 5baadd0d-49ab-454e-be64-42503aa87002: not valid; 1.8 s; peak memory 6837 MiB.
2026-10-05T12:33:58Z INFO [1262/2500] 5bab154d-d23b-4393-8578-0ea144204a18: valid; 1.3 s; peak memory 6837 MiB.
2026-10-05T12:33:59Z INFO [1263/2500] 5bab9e69-0768-4fe9-bc07-ec3713ae5b8f: valid; 1.3 s; peak memory 6837 MiB.
2026-10-05T12:34:13Z INFO [1264/2500] 5bac2c7a-f980-4c9b-9b75-3e654d1aad5c: valid; 14.0 s; peak memory 6837 MiB.
2026-10-05T12:34:15Z INFO [1265/2500] 5bad10d0-0e30-4a15-9709-86f0d2d653a9: valid; 1.4 s; peak memory 6837 MiB.
2026-10-05T12:34:16Z INFO [1266/2500] 5bad1dd0-4762-4c8e-be0d-e71f24f28a4d: not valid; 1.3 s; peak memory 6837 MiB.
2026-10-05T12:34:20Z INFO [1267/2500] 5baecc78-61c7-44a0-b2a8-db4da7f12c3b: not valid; 4.4 s; peak memory 6837 MiB.
2026-10-05T12:34:23Z INFO [1268/2500] 5baee71e-22b8-4ce6-895b-cbabc1eaa8fc: valid; 3.2 s; peak memory 6837 MiB.
2026-10-05T12:34:28Z INFO [1269/2500] 5baf362d-4e07-4e95-83ee-18aca0cf2799: valid; 4.8 s; peak memory 6837 MiB.
2026-10-05T12:34:31Z INFO [1270/2500] 5baf6edc-3846-4a17-ae71-14847649ee51: valid; 2.3 s; peak memory 6837 MiB.
2026-10-05T12:34:32Z INFO [1271/2500] 5bb0a13b-ff75-403a-bbf6-18b9c06ff2c3: valid; 1.3 s; peak memory 6837 MiB.
2026-10-05T12:34:33Z INFO [1272/2500] 5bb0ac67-0f2d-4b4f-97d4-491f39ca73ad: not valid; 1.4 s; peak memory 6837 MiB.
2026-10-05T12:34:35Z INFO [1273/2500] 5bb0c59f-4011-49a3-a7fb-db4c64c5024d: valid; 2.1 s; peak memory 6837 MiB.
2026-10-05T12:34:37Z INFO [1274/2500] 5bb0f9c0-5f0b-42f4-873d-b469f038745f: valid; 1.7 s; peak memory 6837 MiB.
2026-10-05T12:34:40Z INFO [1275/2500] 5bb1160e-c602-4b1e-baf4-149647811abf: valid; 2.9 s; peak memory 6837 MiB.
2026-10-05T12:34:42Z INFO [1276/2500] 5bb19600-3899-47b7-9989-b2017fe58e33: not valid; 1.7 s; peak memory 6837 MiB.
2026-10-05T12:34:43Z INFO [1277/2500] 5bb237e8-6ea1-4c83-94aa-2e71ad549426: valid; 1.1 s; peak memory 6837 MiB.
2026-10-05T12:34:44Z INFO [1278/2500] 5bb44f6c-4551-4403-87a7-6390573b4efb: valid; 1.1 s; peak memory 6837 MiB.
2026-10-05T12:34:48Z INFO [1279/2500] 5bb4d26b-7ea6-43ec-97f1-d21723f938c7: not valid; 4.5 s; peak memory 6837 MiB.
2026-10-05T12:34:57Z INFO [1280/2500] 5bb5487e-c282-43de-bfbc-46c655ba1aab: not valid; 8.8 s; peak memory 6837 MiB.
2026-10-05T12:34:59Z INFO [1281/2500] 5bb58c18-978b-4347-b5dd-c9c157db6f58: valid; 1.5 s; peak memory 6837 MiB.
2026-10-05T12:35:19Z INFO [1282/2500] 5bb609a5-8239-4cac-b20e-032d73ba412c: valid; 20.4 s; peak memory 6837 MiB.
2026-10-05T12:35:19Z WARNING 5bb6a847-c04f-4fcd-83dc-5ef86cac4f14: failed while retrieving asset information from the DANDI API (NotFoundError: No such Dandiset: 001270)
2026-10-05T12:35:21Z INFO [1284/2500] 5bb6d2e6-cac5-40fe-8e26-7d359a49919c: not valid; 1.6 s; peak memory 6837 MiB.
2026-10-05T12:35:23Z INFO [1285/2500] 5bb7035a-8bf3-4523-beee-5772fda5c0f7: valid; 2.3 s; peak memory 6837 MiB.
2026-10-05T12:35:25Z INFO [1286/2500] 5bb7c3b4-8537-45d6-8a60-8045874767dc: valid; 1.8 s; peak memory 6837 MiB.
2026-10-05T12:35:28Z INFO [1287/2500] 5bb88f31-775f-4132-9f0a-6132b89d693e: valid; 2.8 s; peak memory 6837 MiB.
2026-10-05T12:35:28Z WARNING 5bb8a2f9-c7ff-47cb-b673-dcf5a7d9c216: failed while retrieving asset information from the DANDI API (NotFoundError: No asset at path 'sub-parkinson-simulated-lfp/sub-parkinson-simulated-lfp_ses-9764_ecephys.nwb' in version 0.250327.2220. Verify the path is correct and the asset exists in this version. Use 'dandi ls' to list available assets.)
2026-10-05T12:35:29Z INFO [1289/2500] 5bb93545-38cc-44d1-8d77-8e1767adfd87: valid; 1.4 s; peak memory 6837 MiB.
2026-10-05T12:35:31Z INFO [1290/2500] 5bb95072-bd17-4337-b0d0-54ce95124c4a: valid; 1.4 s; peak memory 6837 MiB.
2026-10-05T12:35:33Z INFO [1291/2500] 5bb98bce-38b5-4597-bb3a-a91680f90fcd: valid; 2.2 s; peak memory 6837 MiB.
2026-10-05T12:35:35Z INFO [1292/2500] 5bb9acfc-c0b2-4f7f-99eb-0358c54407cc: valid; 2.0 s; peak memory 6837 MiB.
2026-10-05T12:35:38Z INFO [1293/2500] 5bb9d5b4-a0a5-42e3-b52d-5ffb76dc1b0f: not valid; 3.2 s; peak memory 6837 MiB.
2026-10-05T12:35:40Z INFO [1294/2500] 5bbab1f7-8947-442f-af44-f82f795f15cc: valid; 2.0 s; peak memory 6837 MiB.
2026-10-05T12:35:42Z INFO [1295/2500] 5bbaf88d-caf1-4c06-aad3-246ea7ffabc2: not valid; 2.1 s; peak memory 6837 MiB.
2026-10-05T12:35:44Z INFO [1296/2500] 5bbb710c-5f74-49e3-bfeb-644d836148cc: valid; 2.2 s; peak memory 6837 MiB.
2026-10-05T12:35:46Z INFO [1297/2500] 5bbc071b-3ad2-4315-9983-2036817549b6: valid; 2.0 s; peak memory 6837 MiB.
2026-10-05T12:35:48Z INFO [1298/2500] 5bbc0b09-9342-44ee-bf4e-ac89836770f1: valid; 1.1 s; peak memory 6837 MiB.
2026-10-05T12:35:49Z INFO [1299/2500] 5bbc3b26-2132-4982-a274-25c2353707a1: valid; 1.6 s; peak memory 6837 MiB.
2026-10-05T12:35:52Z INFO [1300/2500] 5bbc7aad-ac31-49c8-8847-76d166e4e560: not valid; 2.4 s; peak memory 6837 MiB.
2026-10-05T12:35:52Z INFO [1300/2500] 5bbc7aad-ac31-49c8-8847-76d166e4e560: checkpointed 124810 records.
2026-10-05T12:35:54Z INFO [1301/2500] 5bbd2f97-b2ab-430a-84ba-fdc733431998: valid; 1.3 s; peak memory 6837 MiB.
2026-10-05T12:35:56Z INFO [1302/2500] 5bbd5ea1-af8b-4a13-8bce-cd714564a33a: valid; 2.1 s; peak memory 6837 MiB.
2026-10-05T12:35:58Z INFO [1303/2500] 5bbd72d8-52b7-49b4-9a40-34df58e09591: valid; 1.9 s; peak memory 6837 MiB.
2026-10-05T12:35:59Z INFO [1304/2500] 5bbe1c58-21c7-493b-b516-add5491f1275: valid; 1.4 s; peak memory 6837 MiB.
2026-10-05T12:36:01Z INFO [1305/2500] 5bbf5160-f775-4769-9716-d89dd2739a9b: valid; 1.8 s; peak memory 6837 MiB.
2026-10-05T12:36:02Z INFO [1306/2500] 5bbf5669-0978-459e-bfe7-80d18c2c097b: valid; 1.3 s; peak memory 6837 MiB.
2026-10-05T12:36:05Z INFO [1307/2500] 5bbf909b-4b65-4e26-ae21-05800d48ec9d: valid; 2.9 s; peak memory 6837 MiB.
2026-10-05T12:36:06Z INFO [1308/2500] 5bc08dde-c70a-401a-a49c-e0c3cb633bfc: valid; 1.4 s; peak memory 6837 MiB.
2026-10-05T12:36:08Z INFO [1309/2500] 5bc149a7-05f5-4f3e-abe5-fe56792ef792: not valid; 2.1 s; peak memory 6837 MiB.
2026-10-05T12:36:10Z INFO [1310/2500] 5bc18a68-6def-4722-95f3-8d2eb937a3fc: valid; 2.1 s; peak memory 6837 MiB.
2026-10-05T12:36:12Z INFO [1311/2500] 5bc1e720-2dad-45c2-a560-22d73f202b51: not valid; 1.7 s; peak memory 6837 MiB.
2026-10-05T12:36:15Z INFO [1312/2500] 5bc223d7-5c43-4acd-a436-9b5fb6cbe426: valid; 2.5 s; peak memory 6837 MiB.
2026-10-05T12:36:16Z INFO [1313/2500] 5bc23066-8d50-4294-860e-540ebb6785c1: valid; 1.6 s; peak memory 6837 MiB.
2026-10-05T12:36:30Z INFO [1314/2500] 5bc2b01a-c281-45de-841b-1eb158a0eabc: valid; 13.4 s; peak memory 6837 MiB.
2026-10-05T12:36:31Z INFO [1315/2500] 5bc3e4c8-a4f8-4715-9d84-33ea0651d45f: valid; 1.6 s; peak memory 6837 MiB.
2026-10-05T12:36:33Z INFO [1316/2500] 5bc42a78-76dc-4598-b0e0-a80b1deb4c7a: not valid; 1.9 s; peak memory 6837 MiB.
2026-10-05T12:36:35Z INFO [1317/2500] 5bc51136-8cc9-433a-80a0-53a7865855c7: not valid; 2.0 s; peak memory 6837 MiB.
2026-10-05T12:36:38Z INFO [1318/2500] 5bc554e5-6a4b-4729-ac23-834dd786d3c4: valid; 2.9 s; peak memory 6837 MiB.
2026-10-05T12:36:40Z INFO [1319/2500] 5bc56be1-5b96-4903-bbed-c3cc3f286af9: valid; 2.0 s; peak memory 6837 MiB.
2026-10-05T12:36:41Z INFO [1320/2500] 5bc5dd10-9a1b-475d-864a-2e8656dfd81d: valid; 1.4 s; peak memory 6837 MiB.
2026-10-05T12:36:43Z INFO [1321/2500] 5bc5f767-a4f9-47f7-a138-8dff6bd48a33: valid; 2.0 s; peak memory 6837 MiB.
2026-10-05T12:36:47Z INFO [1322/2500] 5bc60322-aae2-45bb-b8f1-d37e3e7fe72b: valid; 3.3 s; peak memory 6837 MiB.
2026-10-05T12:36:50Z INFO [1323/2500] 5bc71508-d754-49eb-be13-92d79cff76a6: not valid; 3.0 s; peak memory 6837 MiB.
2026-10-05T12:36:53Z INFO [1324/2500] 5bc86d9c-65c5-44b6-a0ea-0c9e4a06a2ac: not valid; 3.0 s; peak memory 6837 MiB.
2026-10-05T12:36:54Z INFO [1325/2500] 5bc91271-23d3-4615-8f01-a56c681c7042: not valid; 1.5 s; peak memory 6837 MiB.
2026-10-05T12:37:00Z INFO [1326/2500] 5bc928a2-9e49-45bd-802e-d089052f831b: not valid; 5.9 s; peak memory 6837 MiB.
2026-10-05T12:37:02Z INFO [1327/2500] 5bc932f5-b984-4dfd-8cda-d1da2e842e18: not valid; 1.7 s; peak memory 6837 MiB.
2026-10-05T12:37:05Z INFO [1328/2500] 5bc977c7-9753-4ae5-9b22-6c91419d6b94: valid; 2.7 s; peak memory 6837 MiB.
2026-10-05T12:37:07Z INFO [1329/2500] 5bc9d6ba-bd58-4760-9716-fbab00a99714: valid; 2.8 s; peak memory 6837 MiB.
2026-10-05T12:37:09Z INFO [1330/2500] 5bca0af3-342d-426f-a67f-36193186c1c9: not valid; 2.0 s; peak memory 6837 MiB.
2026-10-05T12:37:10Z INFO [1331/2500] 5bca1ca6-b491-4d45-b11f-f5ee13b459bf: valid; 1.0 s; peak memory 6837 MiB.
2026-10-05T12:37:28Z INFO [1332/2500] 5bca2e6d-ed20-47d5-ba40-97c9d8c2c742: valid; 17.6 s; peak memory 6837 MiB.
2026-10-05T12:37:30Z INFO [1333/2500] 5bca46a7-61b2-40ce-bb03-b4c5d0637099: not valid; 1.9 s; peak memory 6837 MiB.
2026-10-05T12:37:32Z INFO [1334/2500] 5bcafb21-60d5-4658-bc18-6a8dcd8d8556: valid; 2.1 s; peak memory 6837 MiB.
2026-10-05T12:37:34Z INFO [1335/2500] 5bcb1893-bb4d-499d-9898-228565ec5744: not valid; 1.9 s; peak memory 6837 MiB.
2026-10-05T12:37:37Z INFO [1336/2500] 5bcb5dad-eb16-4bb4-a989-4695402c608f: valid; 2.9 s; peak memory 6837 MiB.
2026-10-05T12:37:39Z INFO [1337/2500] 5bcb7572-e4d0-4af0-a7ed-72ef51251c06: valid; 1.9 s; peak memory 6837 MiB.
2026-10-05T12:37:42Z INFO [1338/2500] 5bcbdb80-f4b6-45f6-9432-a567dd7844e0: valid; 3.5 s; peak memory 6837 MiB.
2026-10-05T12:37:45Z INFO [1339/2500] 5bcc48c8-67c2-4b20-afe9-d828858937af: valid; 2.5 s; peak memory 6837 MiB.
2026-10-05T12:37:47Z INFO [1340/2500] 5bccf0c3-8af4-4084-a50c-c8c748b99ceb: not valid; 2.0 s; peak memory 6837 MiB.
2026-10-05T12:37:49Z INFO [1341/2500] 5bcd8be3-b4d9-4ee2-93d6-1256733340b7: valid; 2.0 s; peak memory 6837 MiB.
2026-10-05T12:37:51Z INFO [1342/2500] 5bcdc1e2-a09e-4e1a-9161-190b00f7333c: valid; 2.5 s; peak memory 6837 MiB.
2026-10-05T12:37:54Z INFO [1343/2500] 5bcded3d-f7e4-4f30-8693-bb60d6bf1189: valid; 3.0 s; peak memory 6837 MiB.
2026-10-05T12:37:56Z INFO [1344/2500] 5bcdf642-876f-4db2-95fc-df74db855946: valid; 2.1 s; peak memory 6837 MiB.
2026-10-05T12:37:58Z INFO [1345/2500] 5bce2dda-0088-416b-8209-041eb17ce36d: not valid; 2.1 s; peak memory 6837 MiB.
2026-10-05T12:38:00Z INFO [1346/2500] 5bce81a2-a4b4-4446-abf3-6a4703c7fe8a: valid; 2.1 s; peak memory 6837 MiB.
2026-10-05T12:38:03Z INFO [1347/2500] 5bcf1806-85b4-4a83-8f66-a622a7b1a697: valid; 2.6 s; peak memory 6837 MiB.
2026-10-05T12:38:18Z INFO [1348/2500] 5bd07057-90e7-4d08-b470-b4f4ab0283cb: not valid; 15.1 s; peak memory 6837 MiB.
2026-10-05T12:38:20Z INFO [1349/2500] 5bd25d97-4d8c-400e-b97f-7297d4bc9d43: not valid; 1.7 s; peak memory 6837 MiB.
2026-10-05T12:38:24Z INFO [1350/2500] 5bd26d33-fa68-432f-9416-8a04a9237836: not valid; 4.3 s; peak memory 6837 MiB.
2026-10-05T12:38:25Z INFO [1350/2500] 5bd26d33-fa68-432f-9416-8a04a9237836: checkpointed 124860 records.
2026-10-05T12:38:26Z INFO [1351/2500] 5bd2725a-5de9-4b92-8058-b1c5c3693db4: not valid; 1.4 s; peak memory 6837 MiB.
2026-10-05T12:38:28Z INFO [1352/2500] 5bd2f891-f265-4023-96c0-1aaf3e2d3dd5: valid; 2.1 s; peak memory 6837 MiB.
2026-10-05T12:38:31Z INFO [1353/2500] 5bd30f4d-ac64-454c-a083-7e666abcad5b: valid; 2.2 s; peak memory 6837 MiB.
2026-10-05T12:38:32Z INFO [1354/2500] 5bd35bd0-c386-4ab7-bdd3-c9a2ac81f63c: valid; 1.4 s; peak memory 6837 MiB.
2026-10-05T12:38:34Z INFO [1355/2500] 5bd3817a-c078-419b-a2a6-7b0b93c6744b: valid; 1.5 s; peak memory 6837 MiB.
2026-10-05T12:38:42Z INFO [1356/2500] 5bd463aa-7842-4d47-ae01-1b58efefa1ed: valid; 8.6 s; peak memory 6837 MiB.
2026-10-05T12:38:43Z INFO [1357/2500] 5bd47b31-46b9-4a63-9b00-da1242408caf: valid; 1.2 s; peak memory 6837 MiB.
2026-10-05T12:38:45Z INFO [1358/2500] 5bd59603-d1bb-49ec-b841-c680b9f8951e: valid; 1.2 s; peak memory 6837 MiB.
2026-10-05T12:38:50Z INFO [1359/2500] 5bd5addb-5838-4fb7-8076-e63a858dcc10: valid; 4.8 s; peak memory 6837 MiB.
2026-10-05T12:39:24Z INFO [1360/2500] 5bd633e6-f283-451d-a345-9ce7a2a96afc: valid; 34.3 s; peak memory 6920 MiB.
2026-10-05T12:39:25Z INFO [1361/2500] 5bd6dba9-5d29-4fae-84c0-eb18727183b1: valid; 1.4 s; peak memory 6920 MiB.
2026-10-05T12:39:28Z INFO [1362/2500] 5bd708e9-6115-469e-9cbe-3a6a2bbb96ae: valid; 3.1 s; peak memory 6920 MiB.
2026-10-05T12:39:28Z WARNING 5bd7eb56-f83f-418a-a143-5611c187e116: failed while retrieving asset information from the DANDI API (NotFoundError: No such Dandiset: 000477)
2026-10-05T12:39:45Z INFO [1364/2500] 5bd80b36-da7c-4ced-b26d-f6c22b1f2fda: valid; 17.1 s; peak memory 6920 MiB.
2026-10-05T12:39:47Z INFO [1365/2500] 5bd80f5c-321a-45df-8f9e-d1fa3d94ac9a: not valid; 1.5 s; peak memory 6920 MiB.
2026-10-05T12:39:55Z INFO [1366/2500] 5bd8e7ac-4e0b-49fd-b2a2-66057df8916e: not valid; 8.5 s; peak memory 6920 MiB.
2026-10-05T12:39:57Z INFO [1367/2500] 5bd94c65-d992-46d6-aff9-2bab657eb118: valid; 1.3 s; peak memory 6920 MiB.
2026-10-05T12:40:02Z INFO [1368/2500] 5bd978c0-d419-4763-8c79-33d32636d0fe: valid; 4.9 s; peak memory 6920 MiB.
2026-10-05T12:40:04Z INFO [1369/2500] 5bd99343-c361-4af6-8c37-8839e89efd71: valid; 2.2 s; peak memory 6920 MiB.
2026-10-05T12:40:06Z INFO [1370/2500] 5bd9f17a-4ec2-4fb2-8114-8738cb76c2f5: valid; 2.1 s; peak memory 6920 MiB.
2026-10-05T12:40:08Z INFO [1371/2500] 5bdbdb84-00e9-48de-adb3-744f4bc0726f: valid; 1.6 s; peak memory 6920 MiB.
2026-10-05T12:40:11Z INFO [1372/2500] 5bdbefe7-ca91-4730-a359-d9624e130dfa: valid; 3.0 s; peak memory 6920 MiB.
2026-10-05T12:40:14Z INFO [1373/2500] 5bdc7c31-d966-4019-a3d4-8939f46c589e: valid; 3.2 s; peak memory 6920 MiB.
2026-10-05T12:40:16Z INFO [1374/2500] 5bdc99d5-932d-4839-b322-e100740c176b: valid; 2.2 s; peak memory 6920 MiB.
2026-10-05T12:40:17Z INFO [1375/2500] 5bde66df-ed91-473a-93d8-ab9b8a4580cb: valid; 1.4 s; peak memory 6920 MiB.
2026-10-05T12:40:19Z INFO [1376/2500] 5bdf2c6f-ee53-4477-8657-dc3188ac6916: valid; 2.2 s; peak memory 6920 MiB.
2026-10-05T12:40:21Z INFO [1377/2500] 5bdfde87-be06-47b1-8b05-5248339c2b36: valid; 1.5 s; peak memory 6920 MiB.
2026-10-05T12:40:32Z INFO [1378/2500] 5be0bebe-7b58-44b6-bf1e-6ce7a77cf310: valid; 11.0 s; peak memory 6920 MiB.
2026-10-05T12:40:35Z INFO [1379/2500] 5be0e559-a718-42e7-8986-87ed06bc70f0: valid; 3.1 s; peak memory 6920 MiB.
2026-10-05T12:40:39Z INFO [1380/2500] 5be136dd-32b0-4f50-94e9-c45f6d7f688b: not valid; 3.9 s; peak memory 6920 MiB.
2026-10-05T12:40:41Z INFO [1381/2500] 5be1a110-0d39-4029-a1bc-3be0bb6bdcf6: valid; 2.5 s; peak memory 6920 MiB.
2026-10-05T12:40:43Z INFO [1382/2500] 5be1cf81-7127-43c5-b567-4ae5e70d6cef: valid; 1.5 s; peak memory 6920 MiB.
2026-10-05T12:40:46Z INFO [1383/2500] 5be1e66d-29bb-4dd6-b6f3-0c44ccf5f874: valid; 2.8 s; peak memory 6920 MiB.
2026-10-05T12:40:48Z INFO [1384/2500] 5be24978-f1e8-4f76-829c-f4fcc4f8cfe1: valid; 2.0 s; peak memory 6920 MiB.
2026-10-05T12:40:50Z INFO [1385/2500] 5be4cf4c-812e-4729-8042-654d7787ac08: valid; 2.0 s; peak memory 6920 MiB.
2026-10-05T12:40:56Z INFO [1386/2500] 5be53de7-35c4-4f6b-8087-f316dfa6041b: valid; 6.3 s; peak memory 6920 MiB.
2026-10-05T12:40:58Z INFO [1387/2500] 5be54585-b625-4055-a389-307b8eb7fe28: valid; 2.5 s; peak memory 6920 MiB.
2026-10-05T12:41:03Z INFO [1388/2500] 5be66f36-ed5e-4fcc-896a-658a17218a68: valid; 4.8 s; peak memory 6920 MiB.
2026-10-05T12:41:05Z INFO [1389/2500] 5be71e45-24c8-47d0-9e95-c3638a530ee8: valid; 1.4 s; peak memory 6920 MiB.
2026-10-05T12:41:07Z INFO [1390/2500] 5be7a2cb-3606-48b7-a7dd-7d65e6659f76: valid; 2.2 s; peak memory 6920 MiB.
2026-10-05T12:41:08Z INFO [1391/2500] 5be7d1f7-4dc3-4e01-a996-45c2a26e8ec1: valid; 1.4 s; peak memory 6920 MiB.
2026-10-05T12:41:11Z INFO [1392/2500] 5be7f4fd-895d-4f2a-a76a-620c3827f0c9: valid; 3.0 s; peak memory 6920 MiB.
2026-10-05T12:41:13Z INFO [1393/2500] 5be9c320-71da-4f5d-8c3b-23dfc1c671b7: valid; 2.0 s; peak memory 6920 MiB.
2026-10-05T12:41:15Z INFO [1394/2500] 5be9e6f7-3c9c-4900-ad86-27639e43bf9e: valid; 2.1 s; peak memory 6920 MiB.
2026-10-05T12:41:18Z INFO [1395/2500] 5beac7eb-d0b6-4471-8c34-60c905cee0da: not valid; 2.9 s; peak memory 6920 MiB.
2026-10-05T12:41:20Z INFO [1396/2500] 5beb5ceb-fa3e-4127-ad81-28057aa8e7b8: not valid; 2.0 s; peak memory 6920 MiB.
2026-10-05T12:41:22Z INFO [1397/2500] 5beb93aa-c565-4b37-bd80-150530e6a381: valid; 1.6 s; peak memory 6920 MiB.
2026-10-05T12:41:24Z INFO [1398/2500] 5bebd908-ae85-4aec-9734-3eb3bcb8ecb4: valid; 2.0 s; peak memory 6920 MiB.
2026-10-05T12:41:25Z INFO [1399/2500] 5bebda48-dc62-4bbe-bd17-339283a76828: valid; 1.4 s; peak memory 6920 MiB.
2026-10-05T12:41:30Z INFO [1400/2500] 5bec5dd3-89ce-463a-afe6-d71816062f38: valid; 4.5 s; peak memory 6920 MiB.
2026-10-05T12:41:31Z INFO [1400/2500] 5bec5dd3-89ce-463a-afe6-d71816062f38: checkpointed 124910 records.
2026-10-05T12:41:35Z INFO [1401/2500] 5becbef0-2872-40ff-8a67-782cde685dac: not valid; 4.2 s; peak memory 6920 MiB.
2026-10-05T12:41:36Z INFO [1402/2500] 5becd6e4-67d4-4b06-83d6-7b6773f779f4: valid; 1.2 s; peak memory 6920 MiB.
2026-10-05T12:41:38Z INFO [1403/2500] 5becd945-65db-4d03-8003-a46ae53542b9: valid; 1.5 s; peak memory 6920 MiB.
2026-10-05T12:41:38Z WARNING 5becf87e-7b55-4173-b5dd-689fe974a2ea: failed while retrieving asset information from the DANDI API (NotFoundError: No asset at path 'sub-parkinson-simulated-beta/sub-parkinson-simulated-beta_ses-8350_ecephys.nwb' in version 0.250327.2220. Verify the path is correct and the asset exists in this version. Use 'dandi ls' to list available assets.)
2026-10-05T12:41:40Z INFO [1405/2500] 5bed7de1-5805-4f9e-920e-9e8684609b0e: valid; 1.9 s; peak memory 6920 MiB.
2026-10-05T12:41:43Z INFO [1406/2500] 5bedad5e-c5d4-41ce-919d-9294fbe36707: valid; 3.3 s; peak memory 6920 MiB.
2026-10-05T12:41:57Z INFO [1407/2500] 5bee7cda-ec7a-45eb-86a5-63d846003d51: valid; 13.7 s; peak memory 6920 MiB.
2026-10-05T12:41:59Z INFO [1408/2500] 5bef2b51-9578-41b9-bf87-cfd08d3dc42d: not valid; 2.2 s; peak memory 6920 MiB.
2026-10-05T12:42:00Z INFO [1409/2500] 5bef7b5f-109b-47fb-8782-82b0d4afa25c: not valid; 1.6 s; peak memory 6920 MiB.
2026-10-05T12:42:03Z INFO [1410/2500] 5befa0b3-406c-4dc3-b31e-989d45970ccd: not valid; 2.4 s; peak memory 6920 MiB.
2026-10-05T12:42:07Z INFO [1411/2500] 5befd8ee-597c-45ca-9d4a-4d7f3d1ea4c2: not valid; 4.4 s; peak memory 6920 MiB.
2026-10-05T12:42:10Z INFO [1412/2500] 5beffc99-4fd0-4c23-8b3c-b37d813f95ac: valid; 2.5 s; peak memory 6920 MiB.
2026-10-05T12:42:12Z INFO [1413/2500] 5bf01a36-144f-4b07-87c6-59809a398ffa: valid; 1.9 s; peak memory 6920 MiB.
2026-10-05T12:42:14Z INFO [1414/2500] 5bf01aac-9ca0-4d16-8d06-5fd7dd89eab1: valid; 2.7 s; peak memory 6920 MiB.
2026-10-05T12:42:18Z INFO [1415/2500] 5bf0ae2b-9c10-4e00-aca8-0990fe946c2b: valid; 3.4 s; peak memory 6921 MiB.
2026-10-05T12:42:19Z INFO [1416/2500] 5bf0c3e6-be03-4206-a1a7-317d879f7d83: not valid; 1.6 s; peak memory 6921 MiB.
2026-10-05T12:42:30Z INFO [1417/2500] 5bf0ceb7-5611-40be-92cc-829ba9ab631e: valid; 11.0 s; peak memory 6921 MiB.
2026-10-05T12:42:34Z INFO [1418/2500] 5bf0ec42-2f05-4d5c-ad2a-b5c95ccfc099: not valid; 3.6 s; peak memory 6921 MiB.
2026-10-05T12:42:36Z INFO [1419/2500] 5bf1e241-59b0-4b22-87b9-d33d130a3486: valid; 2.1 s; peak memory 6921 MiB.
2026-10-05T12:42:39Z INFO [1420/2500] 5bf1fdcf-154b-448e-808e-8c890566e9c0: valid; 2.6 s; peak memory 6921 MiB.
2026-10-05T12:42:41Z INFO [1421/2500] 5bf35bb4-de46-4c01-8a60-7cdaad0271a0: valid; 2.6 s; peak memory 6921 MiB.
2026-10-05T12:42:48Z INFO [1422/2500] 5bf39d5e-1570-4428-9d5c-bab4855d4fa8: valid; 7.3 s; peak memory 6921 MiB.
2026-10-05T12:42:51Z INFO [1423/2500] 5bf4aefb-1e27-4497-827a-123f66f8d062: not valid; 2.7 s; peak memory 6921 MiB.
2026-10-05T12:42:53Z WARNING 5bf4e83a-3784-42fa-9eba-2967b0c3b8c1: failed while opening the NWB file (ConstructError: (root/acquisition/_iblmic_audioSpectrogram/bands GroupBuilder {'attributes': {'colnames': array(['freq'], dtype=object), 'description': 'spectogram frequencies', 'namespace': 'core', 'neurodata_type': 'FrequencyBandsTable', 'object_id': 'ce3babb3-63f8-4e40-b3fb-b6d97ac3eb7c'}, 'groups': {}, 'datasets': {'freq': root/acquisition/_iblmic_audioSpectrogram/bands/freq DatasetBuilder {'attributes': {'description': 'frequency value', 'namespace': 'hdmf-common', 'neurodata_type': 'VectorData', 'object_id': 'd3261033-bc81-4cc8-9605-8d4dc73a9929'}, 'data': <HDF5 dataset "freq": shape (257,), type "<f4">}, 'id': root/acquisition/_iblmic_audioSpectrogram/bands/id DatasetBuilder {'attributes': {'namespace': 'hdmf-common', 'neurodata_type': 'ElementIdentifiers', 'object_id': '22c5b37d-1be9-4178-b456-1975e4c0a3f5'}, 'data': <HDF5 dataset "id": shape (257,), type "<i4">}}, 'links': {}}, "Could not construct FrequencyBandsTable object due to: column must have the same number of rows as 'id'"))
2026-10-05T12:42:55Z INFO [1425/2500] 5bf52933-8902-45d6-80c1-745a0d9ad95b: valid; 1.5 s; peak memory 6921 MiB.
2026-10-05T12:43:35Z INFO [1426/2500] 5bf57955-b34b-40f8-aa5d-713716da482e: not valid; 40.4 s; peak memory 6921 MiB.
2026-10-05T12:43:37Z INFO [1427/2500] 5bf58e53-bdba-4883-87c2-6a82b3d552b6: not valid; 1.6 s; peak memory 6921 MiB.
2026-10-05T12:43:38Z INFO [1428/2500] 5bf5edfa-c1ed-4008-a9af-d9add2824c80: valid; 1.5 s; peak memory 6921 MiB.
2026-10-05T12:43:51Z INFO [1429/2500] 5bf71774-2f30-4a6e-a476-0efad062d191: valid; 12.4 s; peak memory 6921 MiB.
2026-10-05T12:43:53Z INFO [1430/2500] 5bf8206c-4eee-48f9-917e-b977fbac5457: valid; 2.1 s; peak memory 6921 MiB.
2026-10-05T12:44:07Z INFO [1431/2500] 5bf8c157-f340-458d-9885-431de60b8388: valid; 14.2 s; peak memory 6921 MiB.
2026-10-05T12:44:16Z INFO [1432/2500] 5bf919bb-46cf-4ce4-a5e5-1ce97174e1c5: valid; 8.8 s; peak memory 6921 MiB.
2026-10-05T12:44:19Z INFO [1433/2500] 5bf9fa30-af3b-4371-a051-728a30e597f8: valid; 3.0 s; peak memory 6921 MiB.
2026-10-05T12:44:20Z INFO [1434/2500] 5bfc50e9-4960-48a4-97f6-0ff4202b0008: valid; 1.7 s; peak memory 6921 MiB.
2026-10-05T12:44:37Z INFO [1435/2500] 5bfcb454-308c-4b2f-ac29-6c3830342f5f: valid; 16.2 s; peak memory 6921 MiB.
2026-10-05T12:44:39Z INFO [1436/2500] 5bfcc34c-8296-4d1f-8823-7d45f0e59260: valid; 2.1 s; peak memory 6921 MiB.
2026-10-05T12:44:47Z INFO [1437/2500] 5bfcc731-3970-4f09-b87b-baa6725ef327: valid; 8.6 s; peak memory 6921 MiB.
2026-10-05T12:44:50Z INFO [1438/2500] 5bfd14be-49f8-4d4f-9463-57f3b5b2e364: valid; 2.3 s; peak memory 6921 MiB.
2026-10-05T12:44:52Z INFO [1439/2500] 5bfd833e-ffc6-42ce-baa3-c0b30ff63e17: valid; 2.1 s; peak memory 6921 MiB.
2026-10-05T12:44:53Z INFO [1440/2500] 5bfe31ea-10b4-4582-a3b6-a02c50503e7f: valid; 1.4 s; peak memory 6921 MiB.
2026-10-05T12:44:58Z INFO [1441/2500] 5bfed360-88c0-42dc-8468-66bd7f4a2cf3: valid; 4.7 s; peak memory 6921 MiB.
2026-10-05T12:45:00Z INFO [1442/2500] 5bfff2a5-7189-4045-a29b-a837b1b6cc6c: not valid; 1.9 s; peak memory 6921 MiB.
2026-10-05T12:45:15Z INFO [1443/2500] 5c001a5d-d456-4900-8c34-521da2e7325e: valid; 14.7 s; peak memory 6921 MiB.
2026-10-05T12:45:21Z INFO [1444/2500] 5c004070-8109-40f9-b9dd-04079207fe06: valid; 6.6 s; peak memory 6921 MiB.
2026-10-05T12:45:34Z INFO [1445/2500] 5c008616-ffd9-4d22-bd8d-affe83abc7c8: valid; 13.1 s; peak memory 6921 MiB.
2026-10-05T12:45:36Z INFO [1446/2500] 5c00a116-5bba-4c3c-840b-9bb2dacef9f3: not valid; 1.6 s; peak memory 6921 MiB.
2026-10-05T12:45:38Z INFO [1447/2500] 5c00ebe2-ea74-4654-b086-fd88148ef4b6: valid; 2.1 s; peak memory 6921 MiB.
2026-10-05T12:45:40Z INFO [1448/2500] 5c012172-0ab1-42c8-b25e-04806bafe9d1: valid; 2.0 s; peak memory 6921 MiB.
2026-10-05T12:45:52Z INFO [1449/2500] 5c017fe0-1bc9-4999-9593-22eb91567c31: valid; 12.3 s; peak memory 6921 MiB.
2026-10-05T12:45:54Z INFO [1450/2500] 5c01e742-0dd7-440c-89f4-f31e41ae5c82: valid; 2.1 s; peak memory 6921 MiB.
2026-10-05T12:45:55Z INFO [1450/2500] 5c01e742-0dd7-440c-89f4-f31e41ae5c82: checkpointed 124960 records.
2026-10-05T12:45:57Z INFO [1451/2500] 5c01fb4c-2d2e-42b3-b921-74e5f771a7cb: valid; 2.0 s; peak memory 6921 MiB.
2026-10-05T12:45:58Z INFO [1452/2500] 5c021c50-7932-4c22-a54d-ac5ddc3f15aa: not valid; 1.2 s; peak memory 6921 MiB.
2026-10-05T12:46:00Z INFO [1453/2500] 5c02249f-d40f-4bb4-aba8-13cc27efb71b: valid; 1.4 s; peak memory 6921 MiB.
2026-10-05T12:46:02Z INFO [1454/2500] 5c025978-e8d6-4657-bc84-d66e2700f1d1: valid; 2.2 s; peak memory 6921 MiB.
2026-10-05T12:46:04Z INFO [1455/2500] 5c02782d-f0b2-4098-a713-df13fcf91ee1: not valid; 1.4 s; peak memory 6921 MiB.
2026-10-05T12:46:06Z INFO [1456/2500] 5c028aab-de24-4fb3-b264-89a6abcdf2bc: valid; 2.4 s; peak memory 6921 MiB.
2026-10-05T12:46:07Z INFO [1457/2500] 5c029ceb-4b5f-43a2-a2a6-b0509341536e: valid; 1.5 s; peak memory 6921 MiB.
2026-10-05T12:46:09Z INFO [1458/2500] 5c02bf24-bed9-4c8c-a85c-c1d94b0b7cf0: valid; 1.8 s; peak memory 6921 MiB.
2026-10-05T12:46:12Z INFO [1459/2500] 5c03697f-1cf7-46b5-b63f-be56bb5aaa74: not valid; 2.3 s; peak memory 6921 MiB.
2026-10-05T12:46:14Z INFO [1460/2500] 5c03c0f3-6bac-415d-b6b8-5d86a2fb25ad: valid; 2.2 s; peak memory 6921 MiB.
2026-10-05T12:46:15Z INFO [1461/2500] 5c03c53d-394a-4832-a40d-c0ccbb9f7204: not valid; 1.5 s; peak memory 6921 MiB.
2026-10-05T12:46:16Z INFO [1462/2500] 5c03cb9a-dd82-4cd3-b6ed-80e3351be15d: valid; 1.1 s; peak memory 6921 MiB.
2026-10-05T12:46:36Z INFO [1463/2500] 5c03e6a3-2ade-4d9e-91f9-1213977906de: valid; 19.3 s; peak memory 6921 MiB.
2026-10-05T12:47:20Z INFO [1464/2500] 5c042729-69b2-4e67-885e-6e7c92944bbd: valid; 44.8 s; peak memory 6921 MiB.
2026-10-05T12:47:23Z INFO [1465/2500] 5c042b19-a249-4375-95dc-31363ce1e270: valid; 3.0 s; peak memory 6921 MiB.
2026-10-05T12:47:26Z INFO [1466/2500] 5c059d92-151f-4486-a149-286fbe29199c: valid; 2.2 s; peak memory 6921 MiB.
2026-10-05T12:47:28Z INFO [1467/2500] 5c05f406-b2b5-474f-bf6a-56e2773e0127: valid; 2.5 s; peak memory 6921 MiB.
2026-10-05T12:47:30Z INFO [1468/2500] 5c063f63-afca-4327-9bbc-311922d17f1e: valid; 2.1 s; peak memory 6921 MiB.
2026-10-05T12:47:32Z INFO [1469/2500] 5c0698b9-e621-4536-ab81-7e7ab2f7905e: not valid; 2.1 s; peak memory 6921 MiB.
2026-10-05T12:47:34Z INFO [1470/2500] 5c06c449-1eea-4700-b59f-eb675e3b19f9: not valid; 1.5 s; peak memory 6921 MiB.
2026-10-05T12:47:36Z INFO [1471/2500] 5c06d2ce-42a1-466b-88b1-5f7a84ffac7c: valid; 1.9 s; peak memory 6921 MiB.
2026-10-05T12:47:36Z WARNING 5c0721f2-07a6-468f-ab3d-d53e8e696020: failed while retrieving asset information from the DANDI API (NotFoundError: No such Dandiset: 001533)
2026-10-05T12:47:38Z INFO [1473/2500] 5c093d4c-28c4-4218-8cf6-ae3bf71ecf46: valid; 2.1 s; peak memory 6921 MiB.
2026-10-05T12:47:40Z INFO [1474/2500] 5c09ed9a-2473-49c8-a9cc-a6240fc5c11e: not valid; 1.6 s; peak memory 6921 MiB.
2026-10-05T12:47:43Z INFO [1475/2500] 5c0a2239-740e-4643-8da0-58a7d6530147: valid; 3.1 s; peak memory 6921 MiB.
2026-10-05T12:47:44Z INFO [1476/2500] 5c0a5cf9-9c43-4b46-8522-1f823e443843: valid; 1.5 s; peak memory 6921 MiB.
2026-10-05T12:47:46Z INFO [1477/2500] 5c0aaf2c-0dbe-4553-bff7-e48f873c7083: valid; 1.4 s; peak memory 6921 MiB.
2026-10-05T12:47:46Z WARNING 5c0bb858-6934-4ae8-a1ed-a202fb3498ee: failed while retrieving asset information from the DANDI API (NotFoundError: No such Dandiset: 000948)
2026-10-05T12:47:47Z INFO [1479/2500] 5c0bbea9-8618-41f4-ba4e-d8a61c4a0fdb: valid; 1.4 s; peak memory 6921 MiB.
2026-10-05T12:47:49Z INFO [1480/2500] 5c0c069b-a9fc-4a66-ba3f-068c69efef40: not valid; 2.1 s; peak memory 6921 MiB.
2026-10-05T12:47:51Z INFO [1481/2500] 5c0c8a2f-7a13-434f-8101-50d1c3c0145b: valid; 1.4 s; peak memory 6921 MiB.
2026-10-05T12:47:52Z INFO [1482/2500] 5c0cfc15-693b-46f0-bfd9-a555d6a87f92: valid; 1.5 s; peak memory 6921 MiB.
2026-10-05T12:47:53Z INFO [1483/2500] 5c0d6614-67be-454d-bdff-54947c9f6a0d: valid; 1.1 s; peak memory 6921 MiB.
2026-10-05T12:47:56Z INFO [1484/2500] 5c0d88e9-a6e3-4991-9306-123ba39c0fca: valid; 2.5 s; peak memory 6921 MiB.
2026-10-05T12:47:58Z INFO [1485/2500] 5c0dfc7a-eb5b-4db9-bb8d-320b3e516491: valid; 2.3 s; peak memory 6921 MiB.
2026-10-05T12:48:00Z INFO [1486/2500] 5c0e7ccf-b76b-4d0a-80c1-c51073927244: valid; 2.3 s; peak memory 6921 MiB.
2026-10-05T12:48:02Z INFO [1487/2500] 5c0f8e50-1bac-4c7e-a900-7e08ff8e1762: not valid; 1.5 s; peak memory 6921 MiB.
2026-10-05T12:48:04Z INFO [1488/2500] 5c10b147-f51a-42ac-85e0-3bae64473ce2: valid; 2.2 s; peak memory 6921 MiB.
2026-10-05T12:48:05Z INFO [1489/2500] 5c10e5c3-a8d4-4fdc-8b69-0297d396a7b7: valid; 1.1 s; peak memory 6921 MiB.
2026-10-05T12:48:08Z INFO [1490/2500] 5c111dd4-b200-4c95-bd11-f2319c2cc108: valid; 2.8 s; peak memory 6921 MiB.
2026-10-05T12:48:24Z INFO [1491/2500] 5c1123e4-f9bf-405b-a604-f05fb94b0cdd: valid; 16.3 s; peak memory 6921 MiB.
2026-10-05T12:48:26Z INFO [1492/2500] 5c1159db-bba4-4e25-87f5-7ec9f4300ef8: valid; 2.0 s; peak memory 6921 MiB.
2026-10-05T12:48:28Z INFO [1493/2500] 5c116a5a-1ea7-4532-968f-7eebb08c0c82: valid; 2.0 s; peak memory 6921 MiB.
2026-10-05T12:48:31Z INFO [1494/2500] 5c11987a-0c41-4a62-b086-4ee2b966597e: valid; 2.7 s; peak memory 6921 MiB.
2026-10-05T12:48:35Z INFO [1495/2500] 5c127e3e-95b9-453b-abf0-993d354a2eb1: not valid; 4.2 s; peak memory 6921 MiB.
2026-10-05T12:48:38Z INFO [1496/2500] 5c129d77-0a20-420b-b3cf-9a0b17038e63: valid; 2.5 s; peak memory 6921 MiB.
2026-10-05T12:48:42Z INFO [1497/2500] 5c134a14-157f-4349-a2ae-f46d105ca9a7: valid; 4.6 s; peak memory 6921 MiB.
2026-10-05T12:48:42Z WARNING 5c136cce-a8ae-4636-ba73-ee7aa229e929: failed while retrieving asset information from the DANDI API (NotFoundError: No asset at path 'sub-parkinson-simulated-beta/sub-parkinson-simulated-beta_ses-2600_ecephys.nwb' in version 0.250327.2220. Verify the path is correct and the asset exists in this version. Use 'dandi ls' to list available assets.)
2026-10-05T12:48:44Z INFO [1499/2500] 5c14754f-abc2-457d-ad94-5de4038b314e: not valid; 1.7 s; peak memory 6921 MiB.
2026-10-05T12:49:22Z INFO [1500/2500] 5c1483f8-9ec9-4ec2-a82a-77daf32ef783: not valid; 38.0 s; peak memory 6921 MiB.
2026-10-05T12:49:23Z INFO [1500/2500] 5c1483f8-9ec9-4ec2-a82a-77daf32ef783: checkpointed 125010 records.
2026-10-05T12:49:24Z INFO [1501/2500] 5c151a84-81c3-4ba6-be4b-df781053ee0b: valid; 1.2 s; peak memory 6921 MiB.
2026-10-05T12:49:26Z INFO [1502/2500] 5c15377c-bd05-47c6-95dc-319beb3be58a: valid; 2.0 s; peak memory 6921 MiB.
2026-10-05T12:49:27Z INFO [1503/2500] 5c155a1d-0769-447e-aedd-ef3b7455f78f: valid; 1.4 s; peak memory 6921 MiB.
2026-10-05T12:49:30Z INFO [1504/2500] 5c158b5a-0777-4292-9627-065c47303670: valid; 2.1 s; peak memory 6921 MiB.
2026-10-05T12:49:32Z INFO [1505/2500] 5c163254-85be-4233-bfe0-ec5147526919: valid; 2.2 s; peak memory 6921 MiB.
2026-10-05T12:49:34Z INFO [1506/2500] 5c16e65f-478c-4acd-acc5-2685c98e2111: valid; 2.1 s; peak memory 6921 MiB.
2026-10-05T12:49:36Z INFO [1507/2500] 5c175e18-87f6-4bcc-a6bb-c2e2ce8282d1: valid; 2.2 s; peak memory 6921 MiB.
2026-10-05T12:49:38Z WARNING 5c177e5a-9c33-40a8-a6b4-f81bf2243859: failed while opening the NWB file (ConstructError: (root/acquisition/_iblmic_audioSpectrogram/bands GroupBuilder {'attributes': {'colnames': array(['freq'], dtype=object), 'description': 'spectogram frequencies', 'namespace': 'core', 'neurodata_type': 'FrequencyBandsTable', 'object_id': '694cec95-1f03-49ee-aa19-f3942ae49c8d'}, 'groups': {}, 'datasets': {'freq': root/acquisition/_iblmic_audioSpectrogram/bands/freq DatasetBuilder {'attributes': {'description': 'frequency value', 'namespace': 'hdmf-common', 'neurodata_type': 'VectorData', 'object_id': '8769d300-ad05-4e16-aa5f-cfc928b6cc61'}, 'data': <HDF5 dataset "freq": shape (257,), type "<f4">}, 'id': root/acquisition/_iblmic_audioSpectrogram/bands/id DatasetBuilder {'attributes': {'namespace': 'hdmf-common', 'neurodata_type': 'ElementIdentifiers', 'object_id': '793cdd3a-1c84-4f7f-bba2-4f828b648451'}, 'data': <HDF5 dataset "id": shape (257,), type "<i4">}}, 'links': {}}, "Could not construct FrequencyBandsTable object due to: column must have the same number of rows as 'id'"))
2026-10-05T12:49:40Z INFO [1509/2500] 5c178def-36f0-4af0-a2bd-e7bcb5173b5c: not valid; 1.6 s; peak memory 6921 MiB.
2026-10-05T12:49:42Z INFO [1510/2500] 5c181a7b-d25d-4b46-93de-d060c57a827d: valid; 2.0 s; peak memory 6921 MiB.
2026-10-05T12:49:43Z INFO [1511/2500] 5c182463-d3b4-4893-9a3c-b3064247b66a: valid; 1.4 s; peak memory 6921 MiB.
2026-10-05T12:49:45Z INFO [1512/2500] 5c185ae2-89ed-4473-a0ff-9a0039802490: valid; 1.3 s; peak memory 6921 MiB.
2026-10-05T12:49:47Z INFO [1513/2500] 5c188fad-a69f-45c9-895a-adacaa25cce5: not valid; 2.4 s; peak memory 6921 MiB.
2026-10-05T12:49:54Z INFO [1514/2500] 5c190841-d0b7-492b-8315-e96f2681b694: valid; 6.8 s; peak memory 6921 MiB.
2026-10-05T12:49:57Z INFO [1515/2500] 5c192dec-f65b-4ea3-84ad-0508b7274c5c: valid; 3.3 s; peak memory 6921 MiB.
2026-10-05T12:49:59Z WARNING 5c197c84-cb38-4a0b-8fd0-6f38556d29ee: failed while opening the NWB file (ValueError: Cannot resolve included group spec 'electrodes' with data_type_inc 'ElectrodesTable' because a group spec with the same name already exists with data_type_inc 'DynamicTable', and data type 'DynamicTable' is not a child type of data type 'ElectrodesTable'.)
2026-10-05T12:50:01Z INFO [1517/2500] 5c19f912-18b9-4be2-bc3c-1b76fa91c301: valid; 2.7 s; peak memory 6921 MiB.
2026-10-05T12:50:10Z INFO [1518/2500] 5c1a0ed7-75cb-4110-abf1-68f75f431f1a: valid; 8.5 s; peak memory 6921 MiB.
2026-10-05T12:50:12Z INFO [1519/2500] 5c1a1f2e-7aba-4811-8ecc-cd2363f608ab: valid; 2.2 s; peak memory 6921 MiB.
2026-10-05T12:50:24Z INFO [1520/2500] 5c1a3f0e-24b5-4c42-91e4-95854d81e2c3: valid; 12.4 s; peak memory 6921 MiB.
2026-10-05T12:50:26Z INFO [1521/2500] 5c1ab9c5-009a-45fe-b3f8-7bf317aedcea: valid; 1.5 s; peak memory 6921 MiB.
2026-10-05T12:50:28Z INFO [1522/2500] 5c1ac4b5-46a0-459e-89cf-7791c4e507c0: not valid; 2.1 s; peak memory 6921 MiB.
2026-10-05T12:50:30Z INFO [1523/2500] 5c1b1ff5-077a-4bdf-99b8-5dbfd5b63c4f: valid; 1.5 s; peak memory 6921 MiB.
2026-10-05T12:50:31Z INFO [1524/2500] 5c1c2962-64a7-4081-baf2-7cc672da7e75: not valid; 1.3 s; peak memory 6921 MiB.
2026-10-05T12:50:33Z INFO [1525/2500] 5c1c2aeb-2313-4100-82a1-bff4a2a67660: not valid; 2.4 s; peak memory 6921 MiB.
2026-10-05T12:50:35Z INFO [1526/2500] 5c1c62f6-118c-47ec-8d81-3466bdc05f84: not valid; 1.5 s; peak memory 6921 MiB.
2026-10-05T12:50:37Z INFO [1527/2500] 5c1cc917-1584-45be-bf84-8277940bf6b4: not valid; 1.9 s; peak memory 6921 MiB.
2026-10-05T12:50:38Z INFO [1528/2500] 5c1d1397-802d-4ba5-85e4-bd418bee15a6: not valid; 1.6 s; peak memory 6921 MiB.
2026-10-05T12:50:56Z INFO [1529/2500] 5c1d2434-5fd2-47f3-a8b6-ce79934aaead: valid; 17.6 s; peak memory 6921 MiB.
2026-10-05T12:50:58Z INFO [1530/2500] 5c1d30a6-90ba-45de-803c-23000c3d4810: valid; 2.1 s; peak memory 6921 MiB.
2026-10-05T12:51:08Z INFO [1531/2500] 5c1d508b-ce63-4cad-9daa-c02e0b018a0c: valid; 10.6 s; peak memory 6921 MiB.
2026-10-05T12:51:10Z INFO [1532/2500] 5c1d7158-d0d9-4bac-8782-977ca50d3202: not valid; 1.3 s; peak memory 6921 MiB.
2026-10-05T12:51:12Z INFO [1533/2500] 5c1ea790-a86c-42e7-8297-85f1af904015: valid; 2.7 s; peak memory 6921 MiB.
2026-10-05T12:51:14Z INFO [1534/2500] 5c1ebb53-38ca-4978-ab37-bec25a8d7f9d: valid; 1.5 s; peak memory 6921 MiB.
2026-10-05T12:51:18Z INFO [1535/2500] 5c1f3d3f-0a63-4400-b129-321e6ae8a1b5: valid; 3.7 s; peak memory 6921 MiB.
2026-10-05T12:51:19Z INFO [1536/2500] 5c1f7fa6-e410-4967-8add-3390280229f4: not valid; 1.6 s; peak memory 6921 MiB.
2026-10-05T12:51:30Z INFO [1537/2500] 5c20a901-950c-41a7-a11c-6faa376f847a: valid; 10.5 s; peak memory 6921 MiB.
2026-10-05T12:51:36Z INFO [1538/2500] 5c20faec-2ef1-4b88-b88f-686448467a44: not valid; 6.1 s; peak memory 6921 MiB.
2026-10-05T12:51:38Z INFO [1539/2500] 5c216639-32ea-4448-bd95-e9ccdfac8c03: not valid; 2.0 s; peak memory 6921 MiB.
2026-10-05T12:51:55Z INFO [1540/2500] 5c225b07-f066-4d3d-a0f0-90a735d8cd49: valid; 16.8 s; peak memory 6921 MiB.
2026-10-05T12:51:57Z INFO [1541/2500] 5c241404-381f-41bb-87a0-75a18546a47e: valid; 2.2 s; peak memory 6921 MiB.
2026-10-05T12:51:59Z INFO [1542/2500] 5c24f7f8-5446-4fbd-b46c-7bbbb5985c25: valid; 2.6 s; peak memory 6921 MiB.
2026-10-05T12:52:01Z WARNING 5c24fd10-f266-474d-83ac-376914f9bfe9: failed while opening the NWB file (ConstructError: (root/acquisition/_iblmic_audioSpectrogram/bands GroupBuilder {'attributes': {'colnames': array(['freq'], dtype=object), 'description': 'spectogram frequencies', 'namespace': 'core', 'neurodata_type': 'FrequencyBandsTable', 'object_id': '83e2403f-5388-4ed2-8075-fbbd665cf7a5'}, 'groups': {}, 'datasets': {'freq': root/acquisition/_iblmic_audioSpectrogram/bands/freq DatasetBuilder {'attributes': {'description': 'frequency value', 'namespace': 'hdmf-common', 'neurodata_type': 'VectorData', 'object_id': 'a87ac6af-b90c-42a0-aa4c-582b4edecf24'}, 'data': <HDF5 dataset "freq": shape (257,), type "<f4">}, 'id': root/acquisition/_iblmic_audioSpectrogram/bands/id DatasetBuilder {'attributes': {'namespace': 'hdmf-common', 'neurodata_type': 'ElementIdentifiers', 'object_id': '98cbe365-2ac3-4cb1-8e04-49f0658dc03c'}, 'data': <HDF5 dataset "id": shape (257,), type "<i4">}}, 'links': {}}, "Could not construct FrequencyBandsTable object due to: column must have the same number of rows as 'id'"))
2026-10-05T12:52:03Z INFO [1544/2500] 5c257c9f-0239-433a-9faa-ee24c68faeb7: not valid; 1.7 s; peak memory 6921 MiB.
2026-10-05T12:52:05Z INFO [1545/2500] 5c257e00-d662-4223-8d82-43846cc18931: valid; 2.2 s; peak memory 6921 MiB.
2026-10-05T12:52:07Z INFO [1546/2500] 5c25a6ca-4b47-4492-b2e2-2dd829d9fbca: valid; 1.4 s; peak memory 6921 MiB.
2026-10-05T12:52:08Z INFO [1547/2500] 5c25e396-3287-4437-8475-9c41aa6b5b00: not valid; 1.7 s; peak memory 6921 MiB.
2026-10-05T12:52:19Z INFO [1548/2500] 5c261bfc-26fc-46d7-b68c-8141433195d2: not valid; 11.1 s; peak memory 6921 MiB.
2026-10-05T12:52:23Z INFO [1549/2500] 5c2656fb-69bc-4089-9369-cd05d86cc51e: valid; 3.6 s; peak memory 6921 MiB.
2026-10-05T12:52:25Z INFO [1550/2500] 5c2661fd-a2c5-48cd-867e-62007f0205e6: not valid; 1.8 s; peak memory 6921 MiB.
2026-10-05T12:52:26Z INFO [1550/2500] 5c2661fd-a2c5-48cd-867e-62007f0205e6: checkpointed 125060 records.
2026-10-05T12:52:45Z INFO [1551/2500] 5c268880-6c33-4fd9-a355-23a3e296c7a9: not valid; 19.7 s; peak memory 6921 MiB.
2026-10-05T12:52:49Z INFO [1552/2500] 5c26a8ee-af78-4ad0-9f85-fc90314c54ba: valid; 3.3 s; peak memory 6921 MiB.
2026-10-05T12:52:51Z INFO [1553/2500] 5c271531-1b57-4ef7-8de0-3318b599447e: not valid; 2.5 s; peak memory 6921 MiB.
2026-10-05T12:53:11Z INFO [1554/2500] 5c273f54-fa1e-401e-9b7a-30b531b388d2: valid; 19.6 s; peak memory 6921 MiB.
2026-10-05T12:53:13Z INFO [1555/2500] 5c277868-9950-4c26-b83c-de339ea1765e: valid; 2.4 s; peak memory 6921 MiB.
2026-10-05T12:53:19Z INFO [1556/2500] 5c27ee5f-91e4-40f8-a3ed-acec3202d0e6: not valid; 5.6 s; peak memory 6921 MiB.
2026-10-05T12:53:20Z INFO [1557/2500] 5c280da9-1d44-420a-bfc6-a2b19f5be733: valid; 1.6 s; peak memory 6921 MiB.
2026-10-05T12:53:26Z INFO [1558/2500] 5c2881c0-0d6f-4c85-812c-03b3f4fc1ae3: valid; 5.7 s; peak memory 6921 MiB.
2026-10-05T12:53:29Z INFO [1559/2500] 5c29d017-474f-4341-bfb6-a56152a22051: valid; 2.7 s; peak memory 6921 MiB.
2026-10-05T12:53:31Z INFO [1560/2500] 5c2a00a9-bdbf-466b-af28-dec2c79f79c9: not valid; 2.1 s; peak memory 6921 MiB.
2026-10-05T12:53:43Z INFO [1561/2500] 5c2a04f9-eefa-49bc-8c5b-2cb525e76ce7: valid; 12.6 s; peak memory 6921 MiB.
2026-10-05T12:53:46Z INFO [1562/2500] 5c2a97ef-4d32-44ba-aa36-17671e0d763a: not valid; 2.2 s; peak memory 6921 MiB.
2026-10-05T12:53:51Z INFO [1563/2500] 5c2af3a8-30d2-4b3d-8b74-1b8184e7e705: not valid; 4.9 s; peak memory 6921 MiB.
2026-10-05T12:53:52Z INFO [1564/2500] 5c2b7f07-2ae8-44a1-882f-9824c09f8c94: valid; 1.3 s; peak memory 6921 MiB.
2026-10-05T12:54:05Z INFO [1565/2500] 5c2c4c54-d57f-453d-81fb-377e37f43b21: valid; 13.2 s; peak memory 6921 MiB.
2026-10-05T12:54:07Z INFO [1566/2500] 5c2d1ba4-10cf-498b-9145-2bb6357874cb: valid; 1.9 s; peak memory 6921 MiB.
2026-10-05T12:54:10Z INFO [1567/2500] 5c2d6120-cd89-48f7-869f-6c9a06c8043f: not valid; 3.1 s; peak memory 6921 MiB.
2026-10-05T12:54:18Z INFO [1568/2500] 5c2decbd-f9fd-4665-bde7-cf47f2df8ddd: not valid; 7.9 s; peak memory 6921 MiB.
2026-10-05T12:54:27Z INFO [1569/2500] 5c2df429-3ed2-4222-9509-b1cd903188ed: not valid; 9.2 s; peak memory 6921 MiB.
2026-10-05T12:54:28Z INFO [1570/2500] 5c2e67ea-d72b-41f5-bedd-c28d71b1f4c5: valid; 1.2 s; peak memory 6921 MiB.
2026-10-05T12:54:30Z INFO [1571/2500] 5c2e6835-3230-4219-a6b0-8626cc885046: not valid; 1.6 s; peak memory 6921 MiB.
2026-10-05T12:54:31Z INFO [1572/2500] 5c2e719f-6bb6-4f74-b64d-7391839bd96c: not valid; 1.4 s; peak memory 6921 MiB.
2026-10-05T12:54:33Z INFO [1573/2500] 5c2eae49-850d-4fde-9627-5ab23d77ca81: valid; 2.0 s; peak memory 6921 MiB.
2026-10-05T12:54:35Z INFO [1574/2500] 5c3097cb-59d9-4616-88b9-bff1d3f5a841: not valid; 1.5 s; peak memory 6921 MiB.
2026-10-05T12:54:39Z INFO [1575/2500] 5c311274-b39e-4a4d-98c1-94872b228998: valid; 4.1 s; peak memory 6921 MiB.
2026-10-05T12:54:40Z INFO [1576/2500] 5c313e7d-60b5-4fa7-a114-495409df5850: valid; 1.4 s; peak memory 6921 MiB.
2026-10-05T12:54:42Z INFO [1577/2500] 5c314796-05c8-4f9e-98fb-0f86f50ba0ea: valid; 1.4 s; peak memory 6921 MiB.
2026-10-05T12:54:43Z INFO [1578/2500] 5c3197d6-851d-4339-8183-fa750903e9a9: valid; 1.3 s; peak memory 6921 MiB.
2026-10-05T12:54:44Z INFO [1579/2500] 5c31c71d-bb35-4960-a55f-305081f412c1: valid; 1.1 s; peak memory 6921 MiB.
2026-10-05T12:54:47Z INFO [1580/2500] 5c31d586-495b-449f-8c5c-803e0649976a: valid; 2.6 s; peak memory 6921 MiB.
2026-10-05T12:54:51Z INFO [1581/2500] 5c31ed03-2622-4c22-a8bc-3f2910ec51fc: valid; 4.7 s; peak memory 6921 MiB.
2026-10-05T12:56:15Z INFO [1582/2500] 5c324f8d-e0d1-4d85-8e22-90b10796acc6: valid; 83.2 s; peak memory 6921 MiB.
2026-10-05T12:56:16Z INFO [1583/2500] 5c325c4e-463d-4552-a064-b622cfe39ba0: valid; 1.5 s; peak memory 6921 MiB.
2026-10-05T12:56:18Z INFO [1584/2500] 5c326366-bd43-4dae-80d6-b8c533389eed: not valid; 1.6 s; peak memory 6921 MiB.
2026-10-05T12:56:21Z INFO [1585/2500] 5c335901-6fe7-4ba5-9134-3a179c4df45c: valid; 3.4 s; peak memory 6921 MiB.
2026-10-05T12:56:23Z INFO [1586/2500] 5c33e3e2-4233-4e9d-b8db-c3e4ebe95668: valid; 1.4 s; peak memory 6921 MiB.
2026-10-05T12:56:26Z INFO [1587/2500] 5c340e00-79db-4f02-8cdb-f144c3addd93: valid; 3.1 s; peak memory 6921 MiB.
2026-10-05T12:56:27Z INFO [1588/2500] 5c3453db-b52b-46ae-b123-5e6fcb688ca4: valid; 1.5 s; peak memory 6921 MiB.
2026-10-05T12:56:29Z INFO [1589/2500] 5c352535-25b8-4652-9b4e-0db9735e2b6c: valid; 1.5 s; peak memory 6921 MiB.
2026-10-05T12:56:31Z INFO [1590/2500] 5c35b362-01cf-4e7a-8fbd-03bfce0778df: not valid; 2.2 s; peak memory 6921 MiB.
2026-10-05T12:56:32Z INFO [1591/2500] 5c36b37f-8182-4a38-bf4f-db9e43de884e: valid; 1.4 s; peak memory 6921 MiB.
2026-10-05T12:56:44Z INFO [1592/2500] 5c36c54b-afd5-48d2-a796-071a0b330852: valid; 11.1 s; peak memory 6921 MiB.
2026-10-05T12:56:46Z INFO [1593/2500] 5c36ee23-0487-45d8-9583-61978827f50f: valid; 2.3 s; peak memory 6921 MiB.
2026-10-05T12:56:48Z INFO [1594/2500] 5c37dcd3-425f-4eac-b300-facadf31634b: valid; 1.9 s; peak memory 6921 MiB.
2026-10-05T12:56:48Z WARNING 5c37ee29-9bad-41aa-a2bf-29b10dc4647b: failed while retrieving asset information from the DANDI API (NotFoundError: No asset at path 'sub-parkinson-simulated-lfp/sub-parkinson-simulated-lfp_ses-5799_ecephys.nwb' in version 0.250327.2220. Verify the path is correct and the asset exists in this version. Use 'dandi ls' to list available assets.)
2026-10-05T12:56:51Z INFO [1596/2500] 5c386315-453d-4c37-ba35-b0ae31b83974: valid; 3.0 s; peak memory 6921 MiB.
2026-10-05T12:56:53Z INFO [1597/2500] 5c393e26-9978-4c8d-88a2-858fd04962e8: valid; 2.1 s; peak memory 6921 MiB.
2026-10-05T12:56:55Z INFO [1598/2500] 5c3a7c8c-3ef7-4150-ba5f-2fe379be48e6: valid; 1.9 s; peak memory 6921 MiB.
2026-10-05T12:56:58Z INFO [1599/2500] 5c3af65c-75ab-4744-a68d-5c31dff1aeee: valid; 2.7 s; peak memory 6921 MiB.
2026-10-05T12:56:59Z INFO [1600/2500] 5c3c0efe-c14b-4ae4-a2c8-47630301f903: valid; 1.1 s; peak memory 6921 MiB.
2026-10-05T12:56:59Z INFO [1600/2500] 5c3c0efe-c14b-4ae4-a2c8-47630301f903: checkpointed 125110 records.
2026-10-05T12:57:01Z INFO [1601/2500] 5c3c1941-40f9-4a0e-891f-0d09e0f02235: valid; 1.6 s; peak memory 6921 MiB.
2026-10-05T12:57:02Z INFO [1602/2500] 5c3c2d37-de42-44a6-abfa-0d3e0d5654e8: valid; 1.4 s; peak memory 6921 MiB.
2026-10-05T12:57:05Z INFO [1603/2500] 5c3c6042-8180-4756-a171-06ccbac1c407: valid; 2.0 s; peak memory 6921 MiB.
2026-10-05T12:57:07Z INFO [1604/2500] 5c3cace8-7673-4719-a013-865d3c8d8b7a: valid; 2.0 s; peak memory 6921 MiB.
2026-10-05T12:57:08Z INFO [1605/2500] 5c3caf18-85c4-4b3b-925f-9bf1b113e2cd: valid; 1.3 s; peak memory 6921 MiB.
2026-10-05T12:57:10Z INFO [1606/2500] 5c3cd797-70cb-4d52-ba63-b35951ce3d1d: valid; 1.8 s; peak memory 6921 MiB.
2026-10-05T12:57:12Z INFO [1607/2500] 5c3d2b87-0b7a-43d2-b703-d60b1f990374: valid; 2.3 s; peak memory 6921 MiB.
2026-10-05T12:57:14Z INFO [1608/2500] 5c3dc2d1-bda7-4226-a558-6ba382cb9868: valid; 2.0 s; peak memory 6921 MiB.
2026-10-05T12:57:17Z INFO [1609/2500] 5c3dceb5-7430-42fe-abda-ac0170631f14: valid; 2.8 s; peak memory 6921 MiB.
2026-10-05T12:57:21Z INFO [1610/2500] 5c3e9ab7-82eb-405c-8e7c-04ae2c2b71e5: valid; 4.3 s; peak memory 6921 MiB.
2026-10-05T12:57:23Z INFO [1611/2500] 5c3f0048-3ee3-4c6b-a055-ed0b3d6d548a: valid; 1.9 s; peak memory 6921 MiB.
2026-10-05T12:57:25Z INFO [1612/2500] 5c3f3d6e-2cb5-41bb-99d8-dff31ae15ca8: valid; 1.7 s; peak memory 6921 MiB.
2026-10-05T12:57:26Z INFO [1613/2500] 5c3f3ecf-6a0c-4b0b-8db0-4bafb519d5e9: not valid; 1.7 s; peak memory 6921 MiB.
2026-10-05T12:57:29Z INFO [1614/2500] 5c3f8044-8838-4650-915a-5ac88d637ea4: valid; 3.0 s; peak memory 6921 MiB.
2026-10-05T12:57:31Z INFO [1615/2500] 5c3fe1fa-43e1-4bb9-aed8-668b67a616fd: valid; 2.1 s; peak memory 6921 MiB.
2026-10-05T12:57:41Z INFO [1616/2500] 5c3fe5eb-aceb-4a9a-8b63-94a47f2e0b51: valid; 9.3 s; peak memory 6921 MiB.
2026-10-05T12:57:43Z INFO [1617/2500] 5c40596d-ddf6-4efe-8707-6757455004ff: valid; 2.7 s; peak memory 6922 MiB.
2026-10-05T12:57:46Z INFO [1618/2500] 5c4204d2-6d74-45c6-8df2-5802ab5c9c16: valid; 3.0 s; peak memory 6922 MiB.
2026-10-05T12:57:48Z INFO [1619/2500] 5c42052b-2dbf-493e-b722-e2d77fc9c53b: valid; 1.7 s; peak memory 6922 MiB.
2026-10-05T12:57:50Z INFO [1620/2500] 5c42755b-918b-4747-9b04-df0945e6360e: not valid; 2.0 s; peak memory 6922 MiB.
2026-10-05T12:57:52Z INFO [1621/2500] 5c429b30-9120-4562-a766-720e92f9eed9: not valid; 1.6 s; peak memory 6922 MiB.
2026-10-05T12:57:53Z INFO [1622/2500] 5c42d40c-5059-4ed1-99dc-6c3393b88692: valid; 1.4 s; peak memory 6922 MiB.
2026-10-05T12:58:11Z INFO [1623/2500] 5c42ffc3-cf53-45de-b514-66ffd55c7452: valid; 17.7 s; peak memory 6922 MiB.
2026-10-05T12:58:12Z INFO [1624/2500] 5c430f05-ee79-4f32-8e36-5a8a3d64b6c3: valid; 1.2 s; peak memory 6922 MiB.
2026-10-05T12:58:14Z INFO [1625/2500] 5c433163-0275-4a4c-aadd-eacf1739006e: valid; 2.5 s; peak memory 6923 MiB.
2026-10-05T12:58:20Z INFO [1626/2500] 5c43396b-e4ec-4e02-a492-9ea7082010a6: not valid; 5.1 s; peak memory 6923 MiB.
2026-10-05T12:58:21Z INFO [1627/2500] 5c444180-7eef-41db-8280-b0cd1776d7ca: valid; 1.7 s; peak memory 6923 MiB.
2026-10-05T12:58:22Z INFO [1628/2500] 5c4450e1-2777-4d01-8a33-175610d79c6e: valid; 1.0 s; peak memory 6923 MiB.
2026-10-05T12:58:24Z INFO [1629/2500] 5c446141-f49b-480e-a658-708ae60dd464: not valid; 1.6 s; peak memory 6923 MiB.
2026-10-05T12:58:26Z INFO [1630/2500] 5c446c8d-3c59-434b-98f6-e2e1d90c1283: valid; 1.8 s; peak memory 6923 MiB.
2026-10-05T12:58:27Z INFO [1631/2500] 5c44785e-def0-49a7-acf2-067bce67704d: not valid; 1.5 s; peak memory 6923 MiB.
2026-10-05T12:58:28Z INFO [1632/2500] 5c4495b2-58d8-412b-8581-5a35ae08a339: valid; 1.2 s; peak memory 6923 MiB.
2026-10-05T12:58:30Z INFO [1633/2500] 5c450628-3bd6-4bab-b89c-cf546c1daaa8: valid; 1.4 s; peak memory 6923 MiB.
2026-10-05T12:58:33Z INFO [1634/2500] 5c45426a-ec8e-4db7-bdf4-43bb3c5fcd74: valid; 3.2 s; peak memory 6923 MiB.
2026-10-05T12:58:35Z INFO [1635/2500] 5c457105-c246-468f-8300-ea1437024c10: valid; 2.0 s; peak memory 6923 MiB.
2026-10-05T12:58:35Z WARNING 5c458339-25f3-4b57-885b-a60698bacd43: failed while retrieving asset information from the DANDI API (NotFoundError: No asset at path 'sub-699472/sub-699472_ses-behavior-699472-2024-01-07-14-33-13.nwb' in version 0.260928.2230. Verify the path is correct and the asset exists in this version. Use 'dandi ls' to list available assets.)
2026-10-05T12:58:47Z INFO [1637/2500] 5c458f66-ebed-45e2-8b8e-4143d3af9820: valid; 11.6 s; peak memory 6923 MiB.
2026-10-05T12:58:52Z INFO [1638/2500] 5c472f92-203e-4c23-804e-6af895472bce: valid; 4.9 s; peak memory 6923 MiB.
2026-10-05T12:58:55Z INFO [1639/2500] 5c473bc9-579d-41fa-b4cc-282f8fd68a23: valid; 3.1 s; peak memory 6923 MiB.
2026-10-05T12:58:57Z INFO [1640/2500] 5c47e1f5-e8ba-4692-90d9-1c06f1e8bc0e: valid; 2.8 s; peak memory 6923 MiB.
2026-10-05T12:58:59Z INFO [1641/2500] 5c493c49-83b8-47b2-88c4-b31c2ecef790: valid; 1.3 s; peak memory 6923 MiB.
2026-10-05T12:59:01Z INFO [1642/2500] 5c49d38f-67d2-458d-8b53-cf1c70ce7029: valid; 2.1 s; peak memory 6923 MiB.
2026-10-05T12:59:03Z INFO [1643/2500] 5c4aabd8-8c18-4e99-82e9-c217818918bf: valid; 2.3 s; peak memory 6923 MiB.
2026-10-05T12:59:05Z INFO [1644/2500] 5c4b4dcf-fc08-4a6e-b506-e60bacc5bd52: valid; 1.5 s; peak memory 6923 MiB.
2026-10-05T12:59:07Z INFO [1645/2500] 5c4ba773-7f45-4216-a917-4b1f2a1bdd99: valid; 2.1 s; peak memory 6924 MiB.
2026-10-05T12:59:09Z INFO [1646/2500] 5c4bcd1e-590f-4b14-bbd2-5cc3000fd002: valid; 2.4 s; peak memory 6924 MiB.
2026-10-05T12:59:11Z INFO [1647/2500] 5c4bd635-e07e-4968-b344-5887bc3b1b05: not valid; 1.6 s; peak memory 6924 MiB.
2026-10-05T12:59:12Z INFO [1648/2500] 5c4c0b89-1865-4180-9b18-9f9cb7958184: valid; 1.4 s; peak memory 6924 MiB.
2026-10-05T12:59:14Z INFO [1649/2500] 5c4d082e-49cd-4f24-ac7b-736939109b1f: valid; 1.4 s; peak memory 6924 MiB.
2026-10-05T12:59:16Z INFO [1650/2500] 5c4d9960-6e6a-4139-baeb-ceb7b4c15d99: valid; 2.3 s; peak memory 6924 MiB.
2026-10-05T12:59:17Z INFO [1650/2500] 5c4d9960-6e6a-4139-baeb-ceb7b4c15d99: checkpointed 125160 records.
2026-10-05T12:59:20Z INFO [1651/2500] 5c4e2cbe-e80e-49b1-be7c-3d1dd7ab3653: valid; 3.2 s; peak memory 6924 MiB.
2026-10-05T12:59:25Z INFO [1652/2500] 5c4e73ba-93f2-4005-b7ac-0d0ee9069bb0: valid; 4.7 s; peak memory 6924 MiB.
2026-10-05T12:59:27Z INFO [1653/2500] 5c4ff54c-4ce7-42cd-b432-4ef8c384d9f3: not valid; 2.8 s; peak memory 6924 MiB.
2026-10-05T12:59:30Z WARNING 5c51f842-fb62-4fba-b0df-63336bc10ff5: failed while opening the NWB file (ConstructError: (root/acquisition/_iblmic_audioSpectrogram/bands GroupBuilder {'attributes': {'colnames': array(['freq'], dtype=object), 'description': 'spectogram frequencies', 'namespace': 'core', 'neurodata_type': 'FrequencyBandsTable', 'object_id': '58b1d650-e982-4abf-a04e-142d089bc028'}, 'groups': {}, 'datasets': {'freq': root/acquisition/_iblmic_audioSpectrogram/bands/freq DatasetBuilder {'attributes': {'description': 'frequency value', 'namespace': 'hdmf-common', 'neurodata_type': 'VectorData', 'object_id': 'b6d584ee-5d02-4a07-977f-009dc9495bce'}, 'data': <HDF5 dataset "freq": shape (257,), type "<f4">}, 'id': root/acquisition/_iblmic_audioSpectrogram/bands/id DatasetBuilder {'attributes': {'namespace': 'hdmf-common', 'neurodata_type': 'ElementIdentifiers', 'object_id': 'cda319ce-d861-4552-9758-0d20099cd34f'}, 'data': <HDF5 dataset "id": shape (257,), type "<i4">}}, 'links': {}}, "Could not construct FrequencyBandsTable object due to: column must have the same number of rows as 'id'"))
2026-10-05T13:00:00Z INFO [1655/2500] 5c521a46-3a76-4af2-9158-c768937d0d51: valid; 30.2 s; peak memory 6925 MiB.
2026-10-05T13:00:03Z INFO [1656/2500] 5c52c380-9398-443a-824c-b2b4e5a7e489: valid; 2.9 s; peak memory 6925 MiB.
2026-10-05T13:00:05Z INFO [1657/2500] 5c52e395-d7d2-40a4-b9dc-ddd7c79a4f54: valid; 2.0 s; peak memory 6925 MiB.
2026-10-05T13:00:07Z INFO [1658/2500] 5c52fbc9-e592-43df-ba02-68e9bbbc75ac: valid; 2.8 s; peak memory 6925 MiB.
2026-10-05T13:00:09Z INFO [1659/2500] 5c5302c1-ead5-4ee1-8f2a-4d917ebeab70: valid; 2.0 s; peak memory 6925 MiB.
2026-10-05T13:00:11Z INFO [1660/2500] 5c53033a-15e4-4985-bb02-8819953a7db1: valid; 1.5 s; peak memory 6925 MiB.
2026-10-05T13:00:12Z INFO [1661/2500] 5c5310df-4658-4580-8e23-f554c8f5d612: valid; 1.2 s; peak memory 6925 MiB.
2026-10-05T13:00:14Z INFO [1662/2500] 5c533b4c-f214-4d5c-ad9c-2b4be53fdb76: valid; 1.5 s; peak memory 6925 MiB.
2026-10-05T13:00:25Z INFO [1663/2500] 5c5413e3-11d7-407e-97c7-d0e271554d3f: not valid; 11.5 s; peak memory 6925 MiB.
2026-10-05T13:00:28Z INFO [1664/2500] 5c54ec09-8e2f-4524-868b-f5bd8b08dc6c: valid; 2.4 s; peak memory 6925 MiB.
2026-10-05T13:00:29Z INFO [1665/2500] 5c5590f9-923e-4465-adae-2dec29d741c5: valid; 1.6 s; peak memory 6925 MiB.
2026-10-05T13:00:34Z INFO [1666/2500] 5c5599a1-ae9b-4c38-bfa7-048966ca50ee: valid; 4.5 s; peak memory 6925 MiB.
2026-10-05T13:00:37Z INFO [1667/2500] 5c56d4f1-54d0-431b-a8a0-2c2ed0779c4c: valid; 3.3 s; peak memory 6925 MiB.
2026-10-05T13:00:39Z INFO [1668/2500] 5c56e40d-1ee8-43fc-a183-6b8184ffcfa0: valid; 2.0 s; peak memory 6925 MiB.
2026-10-05T13:00:40Z INFO [1669/2500] 5c576877-85a5-43b1-9f80-0a375a9eb25c: valid; 1.4 s; peak memory 6925 MiB.
2026-10-05T13:00:59Z INFO [1670/2500] 5c578f12-2ed7-4587-babe-be4514202ded: valid; 18.6 s; peak memory 6925 MiB.
2026-10-05T13:01:00Z INFO [1671/2500] 5c579560-40ef-48ef-9603-a1e912aa8685: valid; 1.5 s; peak memory 6925 MiB.
2026-10-05T13:01:03Z INFO [1672/2500] 5c57b0df-59b0-4e66-a909-e507e076bcfb: valid; 2.5 s; peak memory 6925 MiB.
2026-10-05T13:01:04Z INFO [1673/2500] 5c59859f-8f47-4c62-b89c-1a40983b1731: valid; 1.5 s; peak memory 6925 MiB.
2026-10-05T13:01:06Z INFO [1674/2500] 5c59b45d-67fa-491a-b8d0-e13a2379845c: valid; 1.9 s; peak memory 6925 MiB.
2026-10-05T13:01:08Z INFO [1675/2500] 5c5aca06-44fc-49b1-a7c3-6703fd7bbdc1: not valid; 1.8 s; peak memory 6925 MiB.
2026-10-05T13:01:19Z INFO [1676/2500] 5c5b8467-cdad-496d-b556-6d9c51e18d06: not valid; 11.3 s; peak memory 6925 MiB.
2026-10-05T13:01:21Z INFO [1677/2500] 5c5ba1cd-d2dd-4e9e-a8e1-5ba2441a3bee: valid; 2.1 s; peak memory 6925 MiB.
2026-10-05T13:01:23Z INFO [1678/2500] 5c5ce6ac-01a9-4c45-b37d-1bfa54befa73: not valid; 1.7 s; peak memory 6925 MiB.
2026-10-05T13:01:24Z INFO [1679/2500] 5c5da4dd-d12f-4d4e-ad7a-f67b661cdc87: valid; 1.3 s; peak memory 6925 MiB.
2026-10-05T13:01:28Z INFO [1680/2500] 5c5dbfe1-ebd2-4cee-ba01-a49fa9a1a528: valid; 3.2 s; peak memory 6925 MiB.
2026-10-05T13:01:30Z INFO [1681/2500] 5c5dd2c1-792e-4a1f-8fe6-e9f73678e221: valid; 2.4 s; peak memory 6925 MiB.
2026-10-05T13:01:31Z INFO [1682/2500] 5c5efdec-ac93-494b-9262-100f6080d046: valid; 1.2 s; peak memory 6925 MiB.
2026-10-05T13:01:32Z INFO [1683/2500] 5c5f2f82-7a22-46c0-b35c-6f96183c757c: valid; 1.0 s; peak memory 6925 MiB.
2026-10-05T13:01:35Z INFO [1684/2500] 5c5fa1f0-fe65-47ab-b519-3c544fb19f35: valid; 2.4 s; peak memory 6925 MiB.
2026-10-05T13:01:36Z INFO [1685/2500] 5c60f1da-5400-44db-931d-01bc8cf789e6: not valid; 1.2 s; peak memory 6925 MiB.
2026-10-05T13:01:38Z INFO [1686/2500] 5c610203-1446-4565-bfb5-35456cf9970b: valid; 2.1 s; peak memory 6925 MiB.
2026-10-05T13:01:42Z INFO [1687/2500] 5c614685-ce34-48b2-a425-08db9f53cd43: valid; 3.6 s; peak memory 6925 MiB.
2026-10-05T13:01:43Z INFO [1688/2500] 5c6165e4-4ad0-4e15-aff9-cff4d0ecede8: valid; 1.7 s; peak memory 6925 MiB.
2026-10-05T13:01:47Z INFO [1689/2500] 5c61a3bd-991c-4ab6-a647-4c9699da4e6a: valid; 3.3 s; peak memory 6925 MiB.
2026-10-05T13:01:49Z INFO [1690/2500] 5c61e7b3-ac0b-4000-9fad-92ee8be0975b: not valid; 2.4 s; peak memory 6925 MiB.
2026-10-05T13:01:51Z INFO [1691/2500] 5c621e7f-ea32-4c98-be83-59d5478c27e7: valid; 2.2 s; peak memory 6925 MiB.
2026-10-05T13:01:53Z INFO [1692/2500] 5c62b855-b16f-418d-b849-3fb787de676c: valid; 1.8 s; peak memory 6925 MiB.
2026-10-05T13:01:55Z INFO [1693/2500] 5c63202a-58bb-44c8-989a-cc66d17dab11: not valid; 1.6 s; peak memory 6925 MiB.
2026-10-05T13:01:57Z INFO [1694/2500] 5c632395-d636-4ebb-8207-699acb6f25ac: valid; 2.9 s; peak memory 6925 MiB.
2026-10-05T13:02:00Z INFO [1695/2500] 5c638d4e-5689-4656-959c-3c7bd55cabf9: valid; 2.7 s; peak memory 6925 MiB.
2026-10-05T13:02:01Z INFO [1696/2500] 5c63def6-9185-4d5c-9192-00208ea8f5ac: not valid; 1.3 s; peak memory 6925 MiB.
2026-10-05T13:02:03Z WARNING 5c64336b-55b0-4e85-8888-745518accb4a: failed while opening the NWB file (ConstructError: (root/acquisition/_iblmic_audioSpectrogram/bands GroupBuilder {'attributes': {'colnames': array(['freq'], dtype=object), 'description': 'spectogram frequencies', 'namespace': 'core', 'neurodata_type': 'FrequencyBandsTable', 'object_id': '45ed3e2c-ffb8-47dc-9639-837fb9d39d71'}, 'groups': {}, 'datasets': {'freq': root/acquisition/_iblmic_audioSpectrogram/bands/freq DatasetBuilder {'attributes': {'description': 'frequency value', 'namespace': 'hdmf-common', 'neurodata_type': 'VectorData', 'object_id': '43500f61-31e3-4d22-970b-a40a708bb008'}, 'data': <HDF5 dataset "freq": shape (257,), type "<f4">}, 'id': root/acquisition/_iblmic_audioSpectrogram/bands/id DatasetBuilder {'attributes': {'namespace': 'hdmf-common', 'neurodata_type': 'ElementIdentifiers', 'object_id': '0795d145-a16a-4dfc-9f54-eea17538f197'}, 'data': <HDF5 dataset "id": shape (257,), type "<i4">}}, 'links': {}}, "Could not construct FrequencyBandsTable object due to: column must have the same number of rows as 'id'"))
2026-10-05T13:02:04Z INFO [1698/2500] 5c64d3ee-9c9a-4a97-86dc-5edff23140a6: not valid; 1.0 s; peak memory 6925 MiB.
2026-10-05T13:02:09Z INFO [1699/2500] 5c64d4b7-c955-4cba-a1a7-896c8b0e45d7: valid; 4.9 s; peak memory 6925 MiB.
2026-10-05T13:02:10Z INFO [1700/2500] 5c64e008-06f1-4ff9-ad6b-1f8a247213ff: valid; 1.1 s; peak memory 6925 MiB.
2026-10-05T13:02:11Z INFO [1700/2500] 5c64e008-06f1-4ff9-ad6b-1f8a247213ff: checkpointed 125210 records.
2026-10-05T13:02:12Z INFO [1701/2500] 5c65aa5a-d911-486a-953f-effb66a3da80: not valid; 1.2 s; peak memory 6925 MiB.
2026-10-05T13:02:14Z INFO [1702/2500] 5c666ba9-e7e3-45f0-95cb-8a1b58e04b99: valid; 1.9 s; peak memory 6925 MiB.
2026-10-05T13:02:15Z INFO [1703/2500] 5c678161-bfb1-4817-a914-fe6a7cf4061e: valid; 1.0 s; peak memory 6925 MiB.
2026-10-05T13:02:18Z INFO [1704/2500] 5c67889f-2d80-4dac-a8ba-46f4485c14bf: valid; 3.2 s; peak memory 6925 MiB.
2026-10-05T13:02:22Z INFO [1705/2500] 5c681122-208e-4545-920f-dccbf8fce4ba: valid; 3.6 s; peak memory 6925 MiB.
2026-10-05T13:02:25Z INFO [1706/2500] 5c686a67-f4a8-453c-99dd-a544d02cccb2: valid; 3.4 s; peak memory 6925 MiB.
2026-10-05T13:02:29Z INFO [1707/2500] 5c688c78-7af8-4888-afaf-de49209ba87d: valid; 3.1 s; peak memory 6925 MiB.
2026-10-05T13:02:31Z INFO [1708/2500] 5c68c803-9ee9-49d8-8e82-df2044bbb173: valid; 2.8 s; peak memory 6925 MiB.
2026-10-05T13:02:52Z INFO [1709/2500] 5c695859-f207-411d-a3d8-9795b9d7091a: valid; 20.6 s; peak memory 6925 MiB.
2026-10-05T13:02:54Z INFO [1710/2500] 5c6958ef-5740-4d55-9440-169366ed99e8: not valid; 2.3 s; peak memory 6925 MiB.
2026-10-05T13:03:12Z INFO [1711/2500] 5c699fba-8f42-49b2-9971-31bb91ebddb1: valid; 17.8 s; peak memory 6925 MiB.
2026-10-05T13:03:20Z INFO [1712/2500] 5c69bf71-c682-4379-800f-8e60b9ebd37f: valid; 7.7 s; peak memory 6925 MiB.
2026-10-05T13:03:23Z INFO [1713/2500] 5c69ef1c-d11a-4077-a918-9b3b7b77a306: not valid; 3.0 s; peak memory 6925 MiB.
2026-10-05T13:03:35Z INFO [1714/2500] 5c6a0778-da43-44f9-9483-edb95ae27acd: valid; 11.9 s; peak memory 6925 MiB.
2026-10-05T13:03:36Z INFO [1715/2500] 5c6a1617-03b9-4689-8751-f77bfd663fb3: valid; 1.3 s; peak memory 6925 MiB.
2026-10-05T13:03:37Z INFO [1716/2500] 5c6a7d23-0be9-4302-babd-104b2b61c066: not valid; 1.5 s; peak memory 6925 MiB.
2026-10-05T13:03:39Z INFO [1717/2500] 5c6b0056-2009-4ff9-bf06-4abaf92c5c29: not valid; 2.0 s; peak memory 6925 MiB.
2026-10-05T13:03:42Z INFO [1718/2500] 5c6b57ed-25dc-4534-a9f9-0c7eb3654a15: valid; 2.4 s; peak memory 6925 MiB.
2026-10-05T13:03:44Z INFO [1719/2500] 5c6bea3f-219b-432e-9999-3bde06f53d09: valid; 2.0 s; peak memory 6925 MiB.
2026-10-05T13:03:46Z INFO [1720/2500] 5c6beeae-9c37-4ed3-887e-12dea006c09e: valid; 2.2 s; peak memory 6925 MiB.
2026-10-05T13:03:47Z INFO [1721/2500] 5c6bf19c-438c-492c-81eb-4915cefd46a7: valid; 1.0 s; peak memory 6925 MiB.
2026-10-05T13:03:48Z INFO [1722/2500] 5c6cccd7-63a1-45e3-967c-2ff813c2dfe9: valid; 1.3 s; peak memory 6925 MiB.
2026-10-05T13:04:04Z INFO [1723/2500] 5c6d736a-e60a-402f-ab22-07c8fb030580: valid; 16.0 s; peak memory 6925 MiB.
2026-10-05T13:04:07Z INFO [1724/2500] 5c6dba10-32e7-4d8f-9f74-7747397a0b4a: valid; 2.7 s; peak memory 6925 MiB.
2026-10-05T13:05:14Z INFO [1725/2500] 5c6e145a-852c-4b9d-bb26-8414b0de822c: valid; 67.1 s; peak memory 6925 MiB.
2026-10-05T13:05:18Z INFO [1726/2500] 5c6f4af2-91d1-48c1-8cb9-ea5737e73054: valid; 3.8 s; peak memory 6926 MiB.
2026-10-05T13:05:22Z INFO [1727/2500] 5c6f50ae-319c-430e-8301-00a0b081be7f: valid; 3.6 s; peak memory 6926 MiB.
2026-10-05T13:05:23Z INFO [1728/2500] 5c6f51ac-beee-43d4-a6bb-8bea3ff74448: not valid; 1.4 s; peak memory 6926 MiB.
2026-10-05T13:05:26Z INFO [1729/2500] 5c700a93-e2b7-4434-b37a-cf68a0ba079d: valid; 2.9 s; peak memory 6926 MiB.
2026-10-05T13:05:27Z INFO [1730/2500] 5c708e25-9b78-4bf3-a4b0-49a7cdaf324b: not valid; 1.7 s; peak memory 6926 MiB.
2026-10-05T13:05:29Z INFO [1731/2500] 5c70e102-3c82-42ab-b9d3-a64d4295944f: valid; 1.6 s; peak memory 6926 MiB.
2026-10-05T13:05:34Z INFO [1732/2500] 5c70f824-c4aa-4d6d-9108-81a84a240016: valid; 4.8 s; peak memory 6926 MiB.
2026-10-05T13:05:37Z INFO [1733/2500] 5c711b24-8b43-4b91-b395-a4d0d30aaa2f: valid; 3.3 s; peak memory 6926 MiB.
2026-10-05T13:05:39Z INFO [1734/2500] 5c716e16-95f1-4507-ad86-01544c2ab0af: valid; 1.8 s; peak memory 6926 MiB.
2026-10-05T13:05:41Z INFO [1735/2500] 5c723fc1-0439-43d9-b05b-654323aaf406: not valid; 1.8 s; peak memory 6926 MiB.
2026-10-05T13:05:54Z INFO [1736/2500] 5c72775e-3866-4be2-bb41-b36c7c92ed68: valid; 13.0 s; peak memory 6926 MiB.
2026-10-05T13:05:55Z INFO [1737/2500] 5c72c5d1-a473-44ef-a933-5c7bbf0c1a02: valid; 1.0 s; peak memory 6926 MiB.
2026-10-05T13:05:57Z INFO [1738/2500] 5c72ce54-87f2-4993-a889-0451928f31ce: valid; 2.4 s; peak memory 6926 MiB.
2026-10-05T13:05:57Z WARNING 5c730d61-7423-4739-b671-54834c273d4f: failed while retrieving asset information from the DANDI API (NotFoundError: No such Dandiset: 000477)
2026-10-05T13:06:01Z INFO [1740/2500] 5c736a14-2af7-4dbc-9d5c-37cc64929b6a: valid; 4.0 s; peak memory 6926 MiB.
2026-10-05T13:06:03Z INFO [1741/2500] 5c73942b-c8cc-4c6f-83b2-7685eb384ee2: valid; 1.5 s; peak memory 6926 MiB.
2026-10-05T13:06:05Z WARNING 5c739cfb-7d07-455d-be81-ac00056bfff7: failed while opening the NWB file (ConstructError: (root/acquisition/_iblmic_audioSpectrogram/bands GroupBuilder {'attributes': {'colnames': array(['freq'], dtype=object), 'description': 'spectogram frequencies', 'namespace': 'core', 'neurodata_type': 'FrequencyBandsTable', 'object_id': '28de50a2-1d7f-40e5-a4d6-043f416e26a7'}, 'groups': {}, 'datasets': {'freq': root/acquisition/_iblmic_audioSpectrogram/bands/freq DatasetBuilder {'attributes': {'description': 'frequency value', 'namespace': 'hdmf-common', 'neurodata_type': 'VectorData', 'object_id': '01d66216-019d-4b23-b527-96e91d0750ad'}, 'data': <HDF5 dataset "freq": shape (257,), type "<f4">}, 'id': root/acquisition/_iblmic_audioSpectrogram/bands/id DatasetBuilder {'attributes': {'namespace': 'hdmf-common', 'neurodata_type': 'ElementIdentifiers', 'object_id': '3484e60b-3e18-4d69-9185-82028c684f30'}, 'data': <HDF5 dataset "id": shape (257,), type "<i4">}}, 'links': {}}, "Could not construct FrequencyBandsTable object due to: column must have the same number of rows as 'id'"))
2026-10-05T13:06:08Z INFO [1743/2500] 5c73ef0d-1424-4a53-a116-bd6e1f9f79bb: valid; 2.8 s; peak memory 6926 MiB.
2026-10-05T13:06:10Z INFO [1744/2500] 5c7408ef-78d9-48dc-b532-98f75e8abc5c: valid; 1.9 s; peak memory 6926 MiB.
2026-10-05T13:06:12Z INFO [1745/2500] 5c742015-c82e-4803-8561-5bfa2119a9cc: valid; 2.0 s; peak memory 6926 MiB.
2026-10-05T13:06:32Z INFO [1746/2500] 5c75468e-ab47-40e0-b70f-1c6636f3e171: not valid; 19.9 s; peak memory 6926 MiB.
2026-10-05T13:06:34Z INFO [1747/2500] 5c756c06-d006-4f81-a199-3aea3cca656a: valid; 2.2 s; peak memory 6926 MiB.
2026-10-05T13:06:36Z INFO [1748/2500] 5c757b32-845d-4280-9015-c43f6229c018: valid; 2.1 s; peak memory 6926 MiB.
2026-10-05T13:06:38Z INFO [1749/2500] 5c757eea-3937-4f6e-87c1-70d3311c0f0a: not valid; 2.2 s; peak memory 6926 MiB.
2026-10-05T13:06:40Z INFO [1750/2500] 5c75a2cb-ad99-43c9-afb1-8d4e493b1bd4: not valid; 2.1 s; peak memory 6926 MiB.
2026-10-05T13:06:41Z INFO [1750/2500] 5c75a2cb-ad99-43c9-afb1-8d4e493b1bd4: checkpointed 125260 records.
2026-10-05T13:06:43Z INFO [1751/2500] 5c75c83f-710d-42af-9726-051baece7002: valid; 2.1 s; peak memory 6926 MiB.
2026-10-05T13:06:45Z INFO [1752/2500] 5c765820-2dcd-4daf-8187-1a44e8749fec: valid; 1.4 s; peak memory 6926 MiB.
2026-10-05T13:06:46Z WARNING 5c768e87-3bb9-456f-a2e7-cc0927d2e13f: failed while opening the NWB file (ConstructError: (root/acquisition/_iblmic_audioSpectrogram/bands GroupBuilder {'attributes': {'colnames': array(['freq'], dtype=object), 'description': 'spectogram frequencies', 'namespace': 'core', 'neurodata_type': 'FrequencyBandsTable', 'object_id': '1074c986-ce02-495c-bd40-e01203100755'}, 'groups': {}, 'datasets': {'freq': root/acquisition/_iblmic_audioSpectrogram/bands/freq DatasetBuilder {'attributes': {'description': 'frequency value', 'namespace': 'hdmf-common', 'neurodata_type': 'VectorData', 'object_id': '112331d3-6ad5-4d6b-bcf3-a6d62cb12691'}, 'data': <HDF5 dataset "freq": shape (257,), type "<f4">}, 'id': root/acquisition/_iblmic_audioSpectrogram/bands/id DatasetBuilder {'attributes': {'namespace': 'hdmf-common', 'neurodata_type': 'ElementIdentifiers', 'object_id': '9846afc0-6ff8-47d8-afdc-d20f4928209c'}, 'data': <HDF5 dataset "id": shape (257,), type "<i4">}}, 'links': {}}, "Could not construct FrequencyBandsTable object due to: column must have the same number of rows as 'id'"))
2026-10-05T13:06:49Z INFO [1754/2500] 5c76bd4a-6cba-4424-92c0-0963b8729946: valid; 2.2 s; peak memory 6926 MiB.
2026-10-05T13:07:10Z INFO [1755/2500] 5c77e1b0-5432-4265-80db-b74319cd5463: valid; 21.0 s; peak memory 6926 MiB.
2026-10-05T13:07:11Z INFO [1756/2500] 5c784d8d-161e-41db-8244-d7fbda135ffc: valid; 1.5 s; peak memory 6926 MiB.
2026-10-05T13:07:24Z INFO [1757/2500] 5c784f65-9c2d-4f4a-b6b6-1f64627dd5e6: valid; 13.2 s; peak memory 6926 MiB.
2026-10-05T13:07:28Z INFO [1758/2500] 5c79ef8d-ad11-48f6-b7ee-93e766df6633: valid; 3.6 s; peak memory 6926 MiB.
2026-10-05T13:07:29Z INFO [1759/2500] 5c7a3e87-87da-4236-8bf3-871752eee913: valid; 1.3 s; peak memory 6926 MiB.
2026-10-05T13:07:32Z INFO [1760/2500] 5c7a473b-c3e1-4e79-8bbe-5816f687d40a: valid; 3.1 s; peak memory 6926 MiB.
2026-10-05T13:07:37Z INFO [1761/2500] 5c7a7583-db97-491b-bcab-2023f0061a30: not valid; 4.9 s; peak memory 6926 MiB.
2026-10-05T13:07:39Z INFO [1762/2500] 5c7bac93-d944-45e5-aaf1-dbdf427b3bbb: valid; 2.0 s; peak memory 6926 MiB.
2026-10-05T13:07:41Z INFO [1763/2500] 5c7bd956-9f88-442e-8fe1-acb58414ff9e: valid; 1.7 s; peak memory 6926 MiB.
2026-10-05T13:07:45Z INFO [1764/2500] 5c7c8227-3a86-4993-9dee-7ce43198f4a9: not valid; 4.1 s; peak memory 6926 MiB.
2026-10-05T13:07:50Z INFO [1765/2500] 5c7d3a08-ee4c-468c-acb9-b4ceb4a9852b: not valid; 4.6 s; peak memory 6926 MiB.
2026-10-05T13:07:51Z INFO [1766/2500] 5c7db84f-e9c1-45d9-8e30-db3433d4e36c: valid; 1.5 s; peak memory 6926 MiB.
2026-10-05T13:07:54Z INFO [1767/2500] 5c7e229f-d26a-42db-98ef-2584bdb25aac: valid; 2.8 s; peak memory 6926 MiB.
2026-10-05T13:07:56Z INFO [1768/2500] 5c7ec5da-c0a3-414d-ba60-59cacdd8038c: valid; 1.8 s; peak memory 6926 MiB.
2026-10-05T13:07:57Z INFO [1769/2500] 5c7ececc-7758-4720-bd85-b65d166730e8: not valid; 1.7 s; peak memory 6926 MiB.
2026-10-05T13:07:59Z INFO [1770/2500] 5c7fbd13-0dab-437f-830e-c7f3f70a705a: valid; 1.2 s; peak memory 6926 MiB.
2026-10-05T13:08:06Z INFO [1771/2500] 5c7fbe80-b9a0-442e-a646-1c92489268d4: valid; 7.0 s; peak memory 6926 MiB.
2026-10-05T13:08:06Z WARNING 5c7fd25f-bf1c-4f1b-b309-89f9e1034125: failed while retrieving asset information from the DANDI API (NotFoundError: No asset at path 'sub-LG445/sub-LG445_ses-20250328_obj-ihzltg_ophys.nwb' in version 0.260915.2135. Verify the path is correct and the asset exists in this version. Use 'dandi ls' to list available assets.)
2026-10-05T13:08:08Z INFO [1773/2500] 5c8255b7-2021-4c0c-9156-c2e7a9a2acc6: valid; 2.9 s; peak memory 6926 MiB.
2026-10-05T13:08:11Z INFO [1774/2500] 5c82dec7-7f2d-44cd-b4a2-5a36d4290f3f: valid; 2.6 s; peak memory 6926 MiB.
2026-10-05T13:08:13Z INFO [1775/2500] 5c84e6cc-c301-4605-98f0-1fdc44695f23: valid; 1.6 s; peak memory 6926 MiB.
2026-10-05T13:08:15Z INFO [1776/2500] 5c84ed0f-cfe0-4047-b59e-c2f8f4b8b095: valid; 2.1 s; peak memory 6926 MiB.
2026-10-05T13:08:16Z INFO [1777/2500] 5c85437a-ce89-414f-9782-f5a4e9d6ff93: valid; 1.5 s; peak memory 6926 MiB.
2026-10-05T13:08:18Z INFO [1778/2500] 5c8548b0-9fdd-4ed8-960b-5c3a32589da6: valid; 1.5 s; peak memory 6926 MiB.
2026-10-05T13:08:20Z INFO [1779/2500] 5c857fdd-a948-477d-a4db-b7c4370340f3: not valid; 1.9 s; peak memory 6926 MiB.
2026-10-05T13:08:21Z INFO [1780/2500] 5c87fc7d-fcd7-429f-8c49-d0c07663e5cd: valid; 1.6 s; peak memory 6926 MiB.
2026-10-05T13:08:26Z INFO [1781/2500] 5c88042e-daa0-452e-ac04-1675aeea65a2: valid; 4.4 s; peak memory 6926 MiB.
2026-10-05T13:08:28Z INFO [1782/2500] 5c884092-8747-48f3-8187-85671a3f7a87: valid; 2.1 s; peak memory 6926 MiB.
2026-10-05T13:08:29Z INFO [1783/2500] 5c88d2fc-f0b0-4751-8b08-bded6d677cf6: not valid; 1.5 s; peak memory 6926 MiB.
2026-10-05T13:08:50Z INFO [1784/2500] 5c88de76-6e3c-4fb2-b5b6-133cc846373e: valid; 21.3 s; peak memory 6926 MiB.
2026-10-05T13:08:53Z INFO [1785/2500] 5c899dca-fe10-4346-8474-416ee35c1f9d: valid; 2.2 s; peak memory 6926 MiB.
2026-10-05T13:08:55Z INFO [1786/2500] 5c8a2395-9615-4290-aedb-2734d05c0bde: valid; 2.1 s; peak memory 6926 MiB.
2026-10-05T13:09:12Z INFO [1787/2500] 5c8a7e46-b1b3-4fec-85c7-ac28171daccf: not valid; 17.6 s; peak memory 6926 MiB.
2026-10-05T13:09:14Z WARNING 5c8b844b-a22c-44a2-a83b-69dc2eeae605: failed while opening the NWB file (ConstructError: (root/acquisition/event_code_meanings GroupBuilder {'attributes': {'colnames': array(['value', 'meaning'], dtype=object), 'description': 'Mapping integer event codes to event labels', 'namespace': 'ndx-events', 'neurodata_type': 'MeaningsTable', 'object_id': '4393e475-3491-4674-a183-a5764d748244'}, 'groups': {}, 'datasets': {'id': root/acquisition/event_code_meanings/id DatasetBuilder {'attributes': {'namespace': 'hdmf-common', 'neurodata_type': 'ElementIdentifiers', 'object_id': '5798c7ac-e5b1-4ccf-ae0f-e817bd348c0e'}, 'data': <HDF5 dataset "id": shape (26,), type "<i8">}, 'meaning': root/acquisition/event_code_meanings/meaning DatasetBuilder {'attributes': {'description': 'The meaning of the value in the parent CategoricalVectorData object.', 'namespace': 'hdmf-experimental', 'neurodata_type': 'VectorData', 'object_id': '8d6593ad-e30a-41ba-a9cd-417e1b76c36f'}, 'data': <StrDataset for HDF5 dataset "meaning": shape (26,), type "|O">}, 'value': root/acquisition/event_code_meanings/value DatasetBuilder {'attributes': {'description': 'The value of the parent CategoricalVectorData object.', 'namespace': 'hdmf-experimental', 'neurodata_type': 'VectorData', 'object_id': '32ecf559-d059-4a10-8625-7f94314ec45d'}, 'data': <HDF5 dataset "value": shape (26,), type "<i8">}}, 'links': {}}, "Could not construct MeaningsTable object due to: MeaningsTable.__init__: missing argument 'target'"))
2026-10-05T13:09:16Z WARNING 5c8c45a6-0489-49a0-9d42-4bbf4e2ff019: failed while opening the NWB file (ConstructError: (root/acquisition/event_code_meanings GroupBuilder {'attributes': {'colnames': array(['value', 'meaning'], dtype=object), 'description': 'Mapping integer event codes to event labels', 'namespace': 'ndx-events', 'neurodata_type': 'MeaningsTable', 'object_id': 'ddd96ea0-eea7-45c5-9bf1-a65b7912d2c5'}, 'groups': {}, 'datasets': {'id': root/acquisition/event_code_meanings/id DatasetBuilder {'attributes': {'namespace': 'hdmf-common', 'neurodata_type': 'ElementIdentifiers', 'object_id': '247eb790-4b91-4134-a46a-df23a278d7e5'}, 'data': <HDF5 dataset "id": shape (26,), type "<i8">}, 'meaning': root/acquisition/event_code_meanings/meaning DatasetBuilder {'attributes': {'description': 'The meaning of the value in the parent CategoricalVectorData object.', 'namespace': 'hdmf-experimental', 'neurodata_type': 'VectorData', 'object_id': 'd4455100-b81c-4d08-9b70-c6d7d239e049'}, 'data': <StrDataset for HDF5 dataset "meaning": shape (26,), type "|O">}, 'value': root/acquisition/event_code_meanings/value DatasetBuilder {'attributes': {'description': 'The value of the parent CategoricalVectorData object.', 'namespace': 'hdmf-experimental', 'neurodata_type': 'VectorData', 'object_id': '5e83d33e-7346-4d9f-9d5f-8750f0f293e1'}, 'data': <HDF5 dataset "value": shape (26,), type "<i8">}}, 'links': {}}, "Could not construct MeaningsTable object due to: MeaningsTable.__init__: missing argument 'target'"))
2026-10-05T13:09:18Z INFO [1790/2500] 5c8ca457-3483-4b83-a279-6980f191e35c: valid; 1.6 s; peak memory 6926 MiB.
2026-10-05T13:09:21Z INFO [1791/2500] 5c8e56b9-a1a3-426b-b12d-396d856a0e0b: valid; 3.3 s; peak memory 6926 MiB.
2026-10-05T13:09:28Z INFO [1792/2500] 5c8e71d6-9217-404e-a410-ab5cb19ddaf6: valid; 7.2 s; peak memory 6926 MiB.
2026-10-05T13:09:30Z INFO [1793/2500] 5c8e85b2-3a79-4d9c-8748-7311ea7a956c: not valid; 1.6 s; peak memory 6926 MiB.
2026-10-05T13:09:33Z INFO [1794/2500] 5c8fdd95-9d67-42e8-bc70-84d35b6d650f: valid; 2.8 s; peak memory 6926 MiB.
2026-10-05T13:09:35Z INFO [1795/2500] 5c8ffb3a-7793-4f46-947a-be9efb07d0eb: valid; 2.5 s; peak memory 6926 MiB.
2026-10-05T13:09:37Z INFO [1796/2500] 5c92ec80-6e78-4802-b3dd-8937e2428f39: not valid; 1.5 s; peak memory 6926 MiB.
2026-10-05T13:09:38Z INFO [1797/2500] 5c93032a-521e-4177-bd75-8718b2129c09: not valid; 1.7 s; peak memory 6926 MiB.
2026-10-05T13:09:40Z INFO [1798/2500] 5c9396ed-3ff7-4c56-b2ca-d21170b27daa: valid; 1.6 s; peak memory 6926 MiB.
2026-10-05T13:09:41Z INFO [1799/2500] 5c93c16f-f219-4e40-a747-8bf88fb8936c: valid; 1.3 s; peak memory 6926 MiB.
2026-10-05T13:09:43Z INFO [1800/2500] 5c9499c0-96c9-420a-9416-847a88551a08: valid; 2.1 s; peak memory 6926 MiB.
2026-10-05T13:09:44Z INFO [1800/2500] 5c9499c0-96c9-420a-9416-847a88551a08: checkpointed 125310 records.
2026-10-05T13:09:48Z INFO [1801/2500] 5c95b624-5955-4d4c-add7-94fd5cf46de1: valid; 4.3 s; peak memory 6926 MiB.
2026-10-05T13:09:50Z INFO [1802/2500] 5c95f97e-8189-4336-8bb5-f40cf0e8b67c: not valid; 1.9 s; peak memory 6926 MiB.
2026-10-05T13:09:52Z INFO [1803/2500] 5c963622-b50f-49f4-800d-e0b96f4261bf: not valid; 1.5 s; peak memory 6926 MiB.
2026-10-05T13:09:54Z INFO [1804/2500] 5c966d51-ed2b-4224-977e-d6a21c8b9ce9: valid; 2.4 s; peak memory 6926 MiB.
2026-10-05T13:09:56Z INFO [1805/2500] 5c9674cb-2a85-4e55-8d2c-e18ac4529c2a: not valid; 1.7 s; peak memory 6926 MiB.
2026-10-05T13:09:57Z INFO [1806/2500] 5c96c809-aec2-478b-a32c-950e2954af09: valid; 1.4 s; peak memory 6926 MiB.
2026-10-05T13:09:59Z INFO [1807/2500] 5c96d39f-90fb-43f8-84e3-038716c02b47: not valid; 1.4 s; peak memory 6926 MiB.
2026-10-05T13:10:00Z INFO [1808/2500] 5c96f41c-35b9-4a0a-97e3-4cc0c9bae40d: valid; 1.4 s; peak memory 6926 MiB.
2026-10-05T13:10:02Z WARNING 5c976570-24e1-46cb-9fb5-d3af33ee1353: failed while opening the NWB file (ConstructError: (root/acquisition/_iblmic_audioSpectrogram/bands GroupBuilder {'attributes': {'colnames': array(['freq'], dtype=object), 'description': 'spectogram frequencies', 'namespace': 'core', 'neurodata_type': 'FrequencyBandsTable', 'object_id': 'b6c7c6cd-9b51-482d-aa6c-bd80cb164e63'}, 'groups': {}, 'datasets': {'freq': root/acquisition/_iblmic_audioSpectrogram/bands/freq DatasetBuilder {'attributes': {'description': 'frequency value', 'namespace': 'hdmf-common', 'neurodata_type': 'VectorData', 'object_id': 'f50e0456-02a8-46ef-9261-bef7dac388a7'}, 'data': <HDF5 dataset "freq": shape (257,), type "<f4">}, 'id': root/acquisition/_iblmic_audioSpectrogram/bands/id DatasetBuilder {'attributes': {'namespace': 'hdmf-common', 'neurodata_type': 'ElementIdentifiers', 'object_id': '1446578f-21e5-4317-96cd-d51035a4fa5d'}, 'data': <HDF5 dataset "id": shape (257,), type "<i4">}}, 'links': {}}, "Could not construct FrequencyBandsTable object due to: column must have the same number of rows as 'id'"))
2026-10-05T13:10:11Z INFO [1810/2500] 5c978d22-98df-4e73-a3cd-e02ede40b6ec: valid; 8.7 s; peak memory 6926 MiB.
2026-10-05T13:10:12Z INFO [1811/2500] 5c97c315-16f2-4c95-9231-2e3b14fe9b95: not valid; 1.7 s; peak memory 6926 MiB.
2026-10-05T13:10:15Z INFO [1812/2500] 5c97dad6-3a8a-41ec-8fae-68a79472fd43: not valid; 2.2 s; peak memory 6926 MiB.
2026-10-05T13:10:16Z INFO [1813/2500] 5c97ee3f-e3ad-45b8-bfe8-5e90fd172877: not valid; 1.5 s; peak memory 6926 MiB.
2026-10-05T13:10:19Z INFO [1814/2500] 5c982077-aad7-47b1-884e-dcaf19510de6: valid; 2.4 s; peak memory 6926 MiB.
2026-10-05T13:10:21Z INFO [1815/2500] 5c986a2d-3f1d-4e6d-b71d-e5329b94d4de: valid; 2.2 s; peak memory 6926 MiB.
2026-10-05T13:10:23Z INFO [1816/2500] 5c9923ee-34d0-408e-bcdf-7bf4dea6932e: not valid; 2.5 s; peak memory 6926 MiB.
2026-10-05T13:11:22Z INFO [1817/2500] 5c993631-3d44-44bd-8859-9dfb257d15e3: valid; 58.9 s; peak memory 6926 MiB.
2026-10-05T13:11:25Z INFO [1818/2500] 5c9a7d43-4feb-4b83-8fdc-83d60c046e82: not valid; 2.3 s; peak memory 6926 MiB.
2026-10-05T13:11:26Z INFO [1819/2500] 5c9a963a-0c13-42dd-9660-3073216635cf: valid; 1.3 s; peak memory 6926 MiB.
2026-10-05T13:11:27Z INFO [1820/2500] 5c9bb965-4109-4690-b83c-6b98b2a20230: not valid; 1.5 s; peak memory 6926 MiB.
2026-10-05T13:11:39Z INFO [1821/2500] 5c9bc5f9-a90e-4022-932b-9e9996cbb582: valid; 11.6 s; peak memory 6926 MiB.
2026-10-05T13:11:42Z INFO [1822/2500] 5c9c68a1-9d26-4c4b-bd17-91ab291776ce: valid; 3.0 s; peak memory 6926 MiB.
2026-10-05T13:11:45Z INFO [1823/2500] 5c9c7de5-2730-413e-b601-ecab8b097fb5: valid; 2.8 s; peak memory 6926 MiB.
2026-10-05T13:11:48Z INFO [1824/2500] 5c9d7abc-629c-40a5-9414-be998dcaca50: valid; 3.3 s; peak memory 6926 MiB.
2026-10-05T13:11:50Z INFO [1825/2500] 5c9ea9ce-25c6-4ac7-a27b-f47e310bd511: valid; 2.3 s; peak memory 6926 MiB.
2026-10-05T13:11:52Z INFO [1826/2500] 5c9ee706-4413-4813-a8dd-44ab41326730: valid; 2.0 s; peak memory 6926 MiB.
2026-10-05T13:12:03Z INFO [1827/2500] 5c9f0c7b-a3f6-4134-a229-86c33cbe122e: valid; 10.8 s; peak memory 6926 MiB.
2026-10-05T13:12:11Z INFO [1828/2500] 5c9f884d-048a-4ba7-9f32-11e1c731e65d: valid; 7.6 s; peak memory 6926 MiB.
2026-10-05T13:12:13Z INFO [1829/2500] 5ca06820-981c-4b41-81a8-ebec24d95d74: valid; 2.6 s; peak memory 6926 MiB.
2026-10-05T13:12:15Z WARNING 5ca0e913-fbee-4623-873b-1239e5ac6ad6: failed while opening the NWB file (ConstructError: (root/acquisition/_iblmic_audioSpectrogram/bands GroupBuilder {'attributes': {'colnames': array(['freq'], dtype=object), 'description': 'spectogram frequencies', 'namespace': 'core', 'neurodata_type': 'FrequencyBandsTable', 'object_id': 'ed55bdf5-a9d2-4740-bc9e-7298ca9c16c5'}, 'groups': {}, 'datasets': {'freq': root/acquisition/_iblmic_audioSpectrogram/bands/freq DatasetBuilder {'attributes': {'description': 'frequency value', 'namespace': 'hdmf-common', 'neurodata_type': 'VectorData', 'object_id': 'dcb08eb9-aafc-4be9-b97f-46e1944cdbc9'}, 'data': <HDF5 dataset "freq": shape (257,), type "<f4">}, 'id': root/acquisition/_iblmic_audioSpectrogram/bands/id DatasetBuilder {'attributes': {'namespace': 'hdmf-common', 'neurodata_type': 'ElementIdentifiers', 'object_id': '1a54d866-d2d5-4409-bb7b-34fcbe0efd0d'}, 'data': <HDF5 dataset "id": shape (257,), type "<i4">}}, 'links': {}}, "Could not construct FrequencyBandsTable object due to: column must have the same number of rows as 'id'"))
2026-10-05T13:12:18Z INFO [1831/2500] 5ca0e93c-441f-4353-9b78-a5129ad5d533: valid; 2.4 s; peak memory 6926 MiB.
2026-10-05T13:12:20Z INFO [1832/2500] 5ca11564-9553-40b1-a6ed-aade4f140632: valid; 2.4 s; peak memory 6926 MiB.
2026-10-05T13:12:22Z INFO [1833/2500] 5ca1646a-8e6e-4854-b858-3722e4dc98bb: not valid; 1.6 s; peak memory 6926 MiB.
2026-10-05T13:12:24Z INFO [1834/2500] 5ca17af3-e06d-4f22-a552-2d82e5ed9064: not valid; 1.8 s; peak memory 6926 MiB.
2026-10-05T13:12:27Z INFO [1835/2500] 5ca1e81f-c193-435d-81b1-40f595a80cf0: valid; 3.0 s; peak memory 6926 MiB.
2026-10-05T13:12:29Z INFO [1836/2500] 5ca2da33-109e-46c3-bd5c-57326eaa5af7: valid; 2.8 s; peak memory 6926 MiB.
2026-10-05T13:12:31Z INFO [1837/2500] 5ca3237f-b76f-4f3c-854b-f7c96fc9221a: valid; 1.3 s; peak memory 6926 MiB.
2026-10-05T13:12:31Z WARNING 5ca33d8b-f659-4c48-869a-f8c0ce8fdf4b: failed while retrieving asset information from the DANDI API (NotFoundError: No asset at path 'sub-parkinson-simulated-beta/sub-parkinson-simulated-beta_ses-4229_ecephys.nwb' in version 0.250327.2220. Verify the path is correct and the asset exists in this version. Use 'dandi ls' to list available assets.)
2026-10-05T13:12:32Z INFO [1839/2500] 5ca3dff3-c7ff-422b-91ac-dc0b66a29fc3: not valid; 1.2 s; peak memory 6926 MiB.
2026-10-05T13:12:34Z INFO [1840/2500] 5ca42033-52f2-4634-bc6d-b363f9c4e7d7: not valid; 1.6 s; peak memory 6926 MiB.
2026-10-05T13:12:35Z INFO [1841/2500] 5ca5c440-fd12-42d3-81fb-f5edd7c4ccba: valid; 1.4 s; peak memory 6926 MiB.
2026-10-05T13:12:37Z INFO [1842/2500] 5ca60c98-2225-45f4-95ee-94dc2424382b: valid; 1.7 s; peak memory 6926 MiB.
2026-10-05T13:12:38Z INFO [1843/2500] 5ca6ef32-6b7b-44ce-8518-5761d3038815: valid; 1.4 s; peak memory 6926 MiB.
2026-10-05T13:12:40Z INFO [1844/2500] 5ca71d04-10e9-4649-a101-53419d5bfb60: not valid; 1.6 s; peak memory 6926 MiB.
2026-10-05T13:12:42Z INFO [1845/2500] 5ca77780-2d6d-49ad-8343-f6ce7c8f7ed6: valid; 2.1 s; peak memory 6926 MiB.
2026-10-05T13:12:44Z INFO [1846/2500] 5ca7e84d-7a5b-4f33-9f39-481dc4b83b16: valid; 2.3 s; peak memory 6926 MiB.
2026-10-05T13:12:47Z INFO [1847/2500] 5ca7ee00-a619-4549-8fe6-12445003c32a: valid; 2.4 s; peak memory 6926 MiB.
2026-10-05T13:12:59Z INFO [1848/2500] 5ca8568f-97f8-4bcf-b1e8-b77d632734c3: valid; 12.0 s; peak memory 6926 MiB.
2026-10-05T13:13:00Z INFO [1849/2500] 5ca89605-c05a-4e9e-95e4-90a65f4f18fb: valid; 1.4 s; peak memory 6926 MiB.
2026-10-05T13:13:08Z INFO [1850/2500] 5ca96aa7-891b-4650-bcfb-752dd2709856: valid; 8.4 s; peak memory 6926 MiB.
2026-10-05T13:13:09Z INFO [1850/2500] 5ca96aa7-891b-4650-bcfb-752dd2709856: checkpointed 125360 records.
2026-10-05T13:13:12Z INFO [1851/2500] 5ca97bcf-e047-4314-bbc5-70cf74aa3a5f: valid; 2.9 s; peak memory 6926 MiB.
2026-10-05T13:13:15Z INFO [1852/2500] 5ca9a4fb-a58d-4727-bfae-7161616488d1: not valid; 2.4 s; peak memory 6926 MiB.
2026-10-05T13:13:17Z INFO [1853/2500] 5ca9f10b-1b80-48c0-a667-c5a526cabaa9: not valid; 2.0 s; peak memory 6926 MiB.
2026-10-05T13:13:19Z INFO [1854/2500] 5cab2950-a3f9-49bb-8a8d-8fe3e2160169: valid; 2.0 s; peak memory 6926 MiB.
2026-10-05T13:13:21Z INFO [1855/2500] 5cab642f-5130-4b5c-bd5f-ce11e8267e85: valid; 1.9 s; peak memory 6926 MiB.
2026-10-05T13:13:22Z INFO [1856/2500] 5cab6451-cc21-4b79-912b-46a8c569cd3a: valid; 1.4 s; peak memory 6926 MiB.
2026-10-05T13:13:23Z INFO [1857/2500] 5cab6eaf-4690-4742-9065-4274be6e9675: not valid; 1.5 s; peak memory 6926 MiB.
2026-10-05T13:13:25Z INFO [1858/2500] 5cac1bc4-094c-4589-9348-189e68ccf19f: valid; 1.9 s; peak memory 6926 MiB.
2026-10-05T13:13:34Z INFO [1859/2500] 5cac4c1d-d55e-45ca-b099-1a0bf83f92df: valid; 8.3 s; peak memory 6926 MiB.
2026-10-05T13:13:36Z INFO [1860/2500] 5caceb47-ea2d-4873-9d5a-7c64d6fe3ed4: valid; 2.5 s; peak memory 6926 MiB.
2026-10-05T13:13:38Z INFO [1861/2500] 5cacfcc2-04b0-47fa-afe4-f5d8e4a95741: valid; 1.5 s; peak memory 6926 MiB.
2026-10-05T13:13:41Z INFO [1862/2500] 5cad0bd6-e5b7-425e-a9c8-ac2f990368bf: valid; 2.9 s; peak memory 6926 MiB.
2026-10-05T13:13:42Z INFO [1863/2500] 5cad367e-8046-4d94-b56e-f8b7fed8e150: valid; 1.5 s; peak memory 6926 MiB.
2026-10-05T13:13:51Z INFO [1864/2500] 5cad79b7-5d33-4e48-b287-4b67d261585c: valid; 9.3 s; peak memory 6926 MiB.
2026-10-05T13:13:53Z INFO [1865/2500] 5cad9a78-53fa-4a21-acb2-785f8b2e99b7: valid; 1.6 s; peak memory 6926 MiB.
2026-10-05T13:13:55Z INFO [1866/2500] 5cadcd34-b499-4bea-afce-6612d9fa7cf5: valid; 2.0 s; peak memory 6926 MiB.
2026-10-05T13:13:57Z INFO [1867/2500] 5cae0de6-f929-4004-9e21-6a09a19bb62d: not valid; 2.0 s; peak memory 6926 MiB.
2026-10-05T13:13:59Z INFO [1868/2500] 5caec26c-72a1-47f9-a207-bc0cf121ee53: not valid; 2.0 s; peak memory 6926 MiB.
2026-10-05T13:14:00Z INFO [1869/2500] 5caf3edb-12e4-485d-9920-a5861b4c3fb3: valid; 1.4 s; peak memory 6926 MiB.
2026-10-05T13:14:02Z INFO [1870/2500] 5cafc558-257a-4a0a-b938-8e538b4a8537: not valid; 1.8 s; peak memory 6926 MiB.
2026-10-05T13:14:03Z INFO [1871/2500] 5cb00816-274a-4db9-a892-8d83e2d51e07: valid; 1.0 s; peak memory 6926 MiB.
2026-10-05T13:14:04Z INFO [1872/2500] 5cb00ed3-f9be-490c-821f-13a6cb8fdcde: valid; 1.3 s; peak memory 6926 MiB.
2026-10-05T13:14:12Z INFO [1873/2500] 5cb036b6-3d17-406e-be5c-e9fa11bcd626: valid; 7.5 s; peak memory 6926 MiB.
2026-10-05T13:14:14Z INFO [1874/2500] 5cb040a1-1232-47df-a243-2d1c9a9ef77d: not valid; 2.3 s; peak memory 6926 MiB.
2026-10-05T13:14:28Z INFO [1875/2500] 5cb110cb-5a28-4522-a2ac-da9982b9bd60: not valid; 13.5 s; peak memory 6926 MiB.
2026-10-05T13:14:35Z INFO [1876/2500] 5cb1228b-6fef-46d1-9c21-1db4e13712e5: valid; 7.3 s; peak memory 6926 MiB.
2026-10-05T13:17:23Z INFO [1877/2500] 5cb158e5-fad2-4cea-8aee-30ff6eddaaa4: valid; 168.2 s; peak memory 6926 MiB.
2026-10-05T13:17:27Z INFO [1878/2500] 5cb1913f-2d07-475c-b9aa-84685ee0fe0c: valid; 3.4 s; peak memory 6926 MiB.
2026-10-05T13:17:28Z INFO [1879/2500] 5cb1b33e-fd73-40f8-898d-33065b897382: valid; 1.3 s; peak memory 6926 MiB.
2026-10-05T13:17:30Z INFO [1880/2500] 5cb1e73b-a522-4da7-b36d-c2c7158ce353: valid; 1.7 s; peak memory 6926 MiB.
2026-10-05T13:17:31Z INFO [1881/2500] 5cb223b8-f476-49a8-bcfa-73c2254be897: not valid; 1.5 s; peak memory 6926 MiB.
2026-10-05T13:17:33Z INFO [1882/2500] 5cb24a89-1c48-42fb-b74b-628ec9ec7fbd: valid; 1.5 s; peak memory 6926 MiB.
2026-10-05T13:17:36Z INFO [1883/2500] 5cb3169c-5481-4d9d-bfc1-c0f972edd566: valid; 3.1 s; peak memory 6930 MiB.
2026-10-05T13:17:54Z INFO [1884/2500] 5cb3d983-5ed8-4006-8629-f3fde42a6c99: valid; 17.9 s; peak memory 6937 MiB.
2026-10-05T13:17:55Z INFO [1885/2500] 5cb3f4ef-ca5e-45a5-a76a-f3bee2ce80ef: valid; 1.1 s; peak memory 6939 MiB.
2026-10-05T13:18:01Z INFO [1886/2500] 5cb46cf6-cc80-4cee-aaf0-d62bd966aeb5: not valid; 6.2 s; peak memory 6943 MiB.
2026-10-05T13:18:02Z INFO [1887/2500] 5cb48fbd-34ba-4ddf-8ff7-25ad194f239f: valid; 1.1 s; peak memory 6943 MiB.
2026-10-05T13:18:03Z INFO [1888/2500] 5cb54e29-02eb-446e-98a2-5433da9e5833: valid; 1.4 s; peak memory 6943 MiB.
2026-10-05T13:18:37Z INFO [1889/2500] 5cb56f67-509e-4e64-ad52-69047a5bc208: not valid; 33.3 s; peak memory 7269 MiB.
2026-10-05T13:18:39Z INFO [1890/2500] 5cb5b36b-8cbc-4c6b-9902-c7cc6475949c: valid; 2.3 s; peak memory 7269 MiB.
2026-10-05T13:18:40Z INFO [1891/2500] 5cb62044-dc86-4939-a228-38c6260dcbd2: valid; 1.4 s; peak memory 7269 MiB.
2026-10-05T13:19:19Z INFO [1892/2500] 5cb63b11-3470-4c67-acff-0cfafc11823e: valid; 39.1 s; peak memory 7269 MiB.
2026-10-05T13:19:25Z INFO [1893/2500] 5cb672c5-c59a-4b58-8ce3-7f79640dee4c: valid; 5.5 s; peak memory 7269 MiB.
2026-10-05T13:19:27Z INFO [1894/2500] 5cb68bb0-1673-428f-8cd1-f4cf68000da3: valid; 2.0 s; peak memory 7269 MiB.
2026-10-05T13:19:29Z INFO [1895/2500] 5cb6f7cb-ef5d-44d5-9dea-4be1a53d9b57: valid; 2.2 s; peak memory 7269 MiB.
2026-10-05T13:19:30Z INFO [1896/2500] 5cb70909-e3b3-425b-b5e6-0a346c575f91: not valid; 1.1 s; peak memory 7269 MiB.
2026-10-05T13:19:31Z INFO [1897/2500] 5cb8719f-0c0f-424f-a092-fd7d909bfe9b: valid; 1.1 s; peak memory 7269 MiB.
2026-10-05T13:19:33Z INFO [1898/2500] 5cb8ae0d-30ba-40e9-9c87-a76be5e6f0a2: not valid; 1.6 s; peak memory 7269 MiB.
2026-10-05T13:19:35Z INFO [1899/2500] 5cb8e99d-8b76-40e0-8b3c-91860b4ed85d: valid; 2.1 s; peak memory 7269 MiB.
2026-10-05T13:19:36Z INFO [1900/2500] 5cb96fac-a3c2-4a27-9d19-2d2f6b449286: valid; 1.3 s; peak memory 7269 MiB.
2026-10-05T13:19:37Z INFO [1900/2500] 5cb96fac-a3c2-4a27-9d19-2d2f6b449286: checkpointed 125410 records.
2026-10-05T13:19:40Z INFO [1901/2500] 5cb9e8e8-52f1-40c5-b263-82181b6436e4: valid; 2.5 s; peak memory 7269 MiB.
2026-10-05T13:19:41Z INFO [1902/2500] 5cba91a0-0bd8-4c98-98bf-843b7ae3875d: valid; 1.9 s; peak memory 7269 MiB.
2026-10-05T13:19:49Z INFO [1903/2500] 5cbaa6a9-e5b7-4427-a48d-1f8178965162: valid; 7.2 s; peak memory 7269 MiB.
2026-10-05T13:19:53Z INFO [1904/2500] 5cbaaf2d-316f-45d1-b8ac-45ba2b79adca: valid; 4.1 s; peak memory 7269 MiB.
2026-10-05T13:19:58Z INFO [1905/2500] 5cbabfd2-8d1a-4fec-8c14-91af5b85e4b6: not valid; 5.4 s; peak memory 7269 MiB.
2026-10-05T13:19:59Z INFO [1906/2500] 5cbc652e-0d9f-4e32-a570-c9374c1a0b70: valid; 1.3 s; peak memory 7269 MiB.
2026-10-05T13:20:01Z INFO [1907/2500] 5cbd2e75-c3b0-4b22-a66b-27342c80bc14: not valid; 1.4 s; peak memory 7269 MiB.
2026-10-05T13:20:03Z INFO [1908/2500] 5cbd47db-d9a6-4642-83a4-ed6b64c52560: not valid; 1.8 s; peak memory 7269 MiB.
2026-10-05T13:20:05Z INFO [1909/2500] 5cbd81df-a4cc-4a11-8c5b-26a64755965c: valid; 2.1 s; peak memory 7269 MiB.
2026-10-05T13:20:07Z INFO [1910/2500] 5cbe7704-7d60-4891-8a4f-7a0c522b6ad2: valid; 2.3 s; peak memory 7269 MiB.
2026-10-05T13:20:23Z INFO [1911/2500] 5cbe9079-698e-4adf-8520-4c65e3919608: valid; 15.9 s; peak memory 7339 MiB.
2026-10-05T13:20:24Z INFO [1912/2500] 5cbf3fff-6ee7-4da2-b722-35eadb40b853: valid; 1.4 s; peak memory 7339 MiB.
2026-10-05T13:20:26Z INFO [1913/2500] 5cbf85ce-85d1-4c6a-bae3-0dbd20d071d4: not valid; 1.8 s; peak memory 7339 MiB.
2026-10-05T13:20:29Z INFO [1914/2500] 5cc01311-b0ee-4e7c-bec1-f2ea010b2cb6: valid; 2.5 s; peak memory 7339 MiB.
2026-10-05T13:20:30Z INFO [1915/2500] 5cc04292-b4fc-4e84-87f5-0fdd4b1d4ce8: valid; 1.2 s; peak memory 7339 MiB.
2026-10-05T13:20:45Z INFO [1916/2500] 5cc04e53-8a19-4321-b787-50b0f3fa5d53: valid; 15.2 s; peak memory 7406 MiB.
2026-10-05T13:20:49Z INFO [1917/2500] 5cc06b86-cdec-499e-a110-6103ccbed919: not valid; 4.0 s; peak memory 7409 MiB.
2026-10-05T13:20:52Z INFO [1918/2500] 5cc0b5ff-aad5-4a38-b30d-efe4365c75ea: valid; 3.1 s; peak memory 7410 MiB.
2026-10-05T13:20:54Z INFO [1919/2500] 5cc237ec-f8ba-4cdb-b2ba-72a6f0405537: not valid; 1.6 s; peak memory 7410 MiB.
2026-10-05T13:20:56Z INFO [1920/2500] 5cc2a538-3bfc-42ff-a1a9-4f89c3b300cf: valid; 2.4 s; peak memory 7410 MiB.
2026-10-05T13:21:35Z INFO [1921/2500] 5cc35f04-be05-47ee-9310-c1aaee1f4866: valid; 39.2 s; peak memory 7431 MiB.
2026-10-05T13:21:53Z INFO [1922/2500] 5cc396a6-0537-4483-b3cc-c70aef9b83f6: valid; 17.6 s; peak memory 7465 MiB.
2026-10-05T13:21:54Z INFO [1923/2500] 5cc3f70f-2850-4d4e-8dbf-1891a7df2220: valid; 1.4 s; peak memory 7465 MiB.
2026-10-05T13:24:08Z INFO [1924/2500] 5cc582a7-84c2-479f-a7ec-adb58ae279b2: valid; 133.2 s; peak memory 7661 MiB.
2026-10-05T13:24:09Z INFO [1925/2500] 5cc582df-b430-45eb-b03e-4f9d5e21195e: not valid; 1.8 s; peak memory 7661 MiB.
2026-10-05T13:24:11Z INFO [1926/2500] 5cc5b4c4-8d50-4ce5-a1be-0fd325c757f4: not valid; 1.9 s; peak memory 7661 MiB.
2026-10-05T13:24:13Z WARNING 5cc69688-57db-4414-952c-2434c526775b: failed while opening the NWB file (ConstructError: (root/acquisition/_iblmic_audioSpectrogram/bands GroupBuilder {'attributes': {'colnames': array(['freq'], dtype=object), 'description': 'spectogram frequencies', 'namespace': 'core', 'neurodata_type': 'FrequencyBandsTable', 'object_id': '86b683f4-719e-4187-bbb6-6e5b1b175d6a'}, 'groups': {}, 'datasets': {'freq': root/acquisition/_iblmic_audioSpectrogram/bands/freq DatasetBuilder {'attributes': {'description': 'frequency value', 'namespace': 'hdmf-common', 'neurodata_type': 'VectorData', 'object_id': '1c469635-8d7f-466f-a397-abbb5b3de96e'}, 'data': <HDF5 dataset "freq": shape (257,), type "<f4">}, 'id': root/acquisition/_iblmic_audioSpectrogram/bands/id DatasetBuilder {'attributes': {'namespace': 'hdmf-common', 'neurodata_type': 'ElementIdentifiers', 'object_id': '20c67cfb-583b-4290-b98d-45df588ad7c9'}, 'data': <HDF5 dataset "id": shape (257,), type "<i4">}}, 'links': {}}, "Could not construct FrequencyBandsTable object due to: column must have the same number of rows as 'id'"))
2026-10-05T13:24:15Z INFO [1928/2500] 5cc6e1b7-6669-4e4c-a30f-1a1b006e7ccc: not valid; 1.6 s; peak memory 7661 MiB.
2026-10-05T13:24:16Z INFO [1929/2500] 5cc85e76-81ba-4461-a48f-023d541fde52: valid; 1.4 s; peak memory 7661 MiB.
2026-10-05T13:24:21Z INFO [1930/2500] 5cc8d863-8071-48ad-ae41-6b7fbfbad515: valid; 4.5 s; peak memory 7661 MiB.
2026-10-05T13:24:23Z INFO [1931/2500] 5cc9a9c0-189b-4b52-8b77-fd766a1bb0bc: not valid; 2.4 s; peak memory 7661 MiB.
2026-10-05T13:24:28Z INFO [1932/2500] 5cc9fa4c-549e-41a3-b975-1f0577bd1cee: valid; 4.5 s; peak memory 7661 MiB.
2026-10-05T13:24:34Z INFO [1933/2500] 5cca867a-cf79-402b-bf6c-4465f87d85e6: valid; 6.5 s; peak memory 7661 MiB.
2026-10-05T13:24:51Z INFO [1934/2500] 5ccb47cd-0c25-4c6f-a0b9-572e9dc664e4: valid; 16.8 s; peak memory 7661 MiB.
2026-10-05T13:24:52Z INFO [1935/2500] 5ccbbadf-b346-4d9e-a1ee-1fb10ea374f7: valid; 1.3 s; peak memory 7661 MiB.
2026-10-05T13:24:55Z INFO [1936/2500] 5ccbcb7b-24db-4586-82bb-52568aef0e18: valid; 2.6 s; peak memory 7661 MiB.
2026-10-05T13:24:56Z INFO [1937/2500] 5cccfdcc-c19f-40cb-a050-78d98994450e: valid; 1.2 s; peak memory 7661 MiB.
2026-10-05T13:24:57Z INFO [1938/2500] 5ccd1fbf-46b7-4ff1-9669-06bec3843bff: valid; 1.3 s; peak memory 7661 MiB.
2026-10-05T13:24:59Z INFO [1939/2500] 5ccd3051-7e8f-4064-8e0b-07a0d7f31744: valid; 1.6 s; peak memory 7661 MiB.
2026-10-05T13:25:03Z INFO [1940/2500] 5ccd6b65-99d4-4dcf-89d2-433390ab1698: valid; 4.6 s; peak memory 7661 MiB.
2026-10-05T13:25:05Z INFO [1941/2500] 5ccd83d3-9f45-4c97-8bcf-e6917a1881bc: valid; 2.0 s; peak memory 7661 MiB.
2026-10-05T13:25:09Z INFO [1942/2500] 5ccd9576-b5b1-4ff4-8ce0-b0212b221711: valid; 3.6 s; peak memory 7661 MiB.
2026-10-05T13:25:10Z INFO [1943/2500] 5cce3d86-cf43-44b3-9c5c-2ff5490abc4c: valid; 1.4 s; peak memory 7661 MiB.
2026-10-05T13:25:12Z INFO [1944/2500] 5cce3ea5-2e19-4fe0-80e5-3a9d312a3aa0: valid; 1.5 s; peak memory 7661 MiB.
2026-10-05T13:25:15Z INFO [1945/2500] 5ccfa47a-662b-4253-980f-e65f4143b05d: valid; 3.3 s; peak memory 7661 MiB.
2026-10-05T13:25:17Z INFO [1946/2500] 5ccfa8d2-bfbb-46a8-9093-cfe0e542eafe: valid; 1.7 s; peak memory 7661 MiB.
2026-10-05T13:25:20Z INFO [1947/2500] 5ccfe63f-eaea-4800-a5c7-fd3f007421a6: valid; 2.9 s; peak memory 7661 MiB.
2026-10-05T13:25:21Z INFO [1948/2500] 5ccff235-30b1-41ef-95e4-c775b9d867f8: valid; 1.0 s; peak memory 7661 MiB.
2026-10-05T13:25:22Z INFO [1949/2500] 5cd11c1b-2c7a-4d03-b2eb-8ac2bc55f5d9: valid; 1.4 s; peak memory 7661 MiB.
2026-10-05T13:25:24Z INFO [1950/2500] 5cd1e5e3-2dc7-4c6e-9375-1adac03249b9: valid; 1.3 s; peak memory 7661 MiB.
2026-10-05T13:25:24Z INFO [1950/2500] 5cd1e5e3-2dc7-4c6e-9375-1adac03249b9: checkpointed 125460 records.
2026-10-05T13:25:31Z INFO [1951/2500] 5cd20fba-694a-4b94-a13f-c6c9c5b9f4eb: valid; 6.6 s; peak memory 7661 MiB.
2026-10-05T13:25:33Z INFO [1952/2500] 5cd279fe-83e0-4133-80e4-e9ee7921a87e: not valid; 2.0 s; peak memory 7661 MiB.
2026-10-05T13:25:35Z INFO [1953/2500] 5cd2bdbd-4ff1-40e5-9ae1-8a2ef2b485ca: valid; 1.6 s; peak memory 7661 MiB.
2026-10-05T13:25:37Z INFO [1954/2500] 5cd33d14-85c0-4aae-96d0-702cfa2e782c: valid; 2.4 s; peak memory 7661 MiB.
2026-10-05T13:25:38Z INFO [1955/2500] 5cd3822a-70a2-48ba-a287-09bfac62c203: valid; 1.4 s; peak memory 7661 MiB.
2026-10-05T13:25:40Z INFO [1956/2500] 5cd3c63d-e0e0-496b-bfbf-4ad37f561d0e: valid; 1.4 s; peak memory 7661 MiB.
2026-10-05T13:25:42Z INFO [1957/2500] 5cd42eb9-c0bb-4c16-a4c5-01660f232e10: valid; 2.7 s; peak memory 7661 MiB.
2026-10-05T13:25:58Z INFO [1958/2500] 5cd4b7e5-070e-4976-94b9-df97db620785: valid; 15.1 s; peak memory 7661 MiB.
2026-10-05T13:26:00Z INFO [1959/2500] 5cd5135a-e45d-4400-9a89-b962be598049: valid; 2.1 s; peak memory 7661 MiB.
2026-10-05T13:26:03Z INFO [1960/2500] 5cd7772f-09dc-4535-9856-c5b9e74935d9: valid; 3.0 s; peak memory 7661 MiB.
2026-10-05T13:26:05Z INFO [1961/2500] 5cd7bae8-edf5-417b-bdf5-0859a8f9d9ab: valid; 2.2 s; peak memory 7661 MiB.
2026-10-05T13:26:07Z INFO [1962/2500] 5cd837ba-7330-4772-9a94-96c2e87fb8bd: valid; 2.0 s; peak memory 7661 MiB.
2026-10-05T13:26:10Z INFO [1963/2500] 5cd8423c-081b-48df-acde-d321e55cadf0: valid; 3.4 s; peak memory 7661 MiB.
2026-10-05T13:26:13Z INFO [1964/2500] 5cd87036-6a4e-4339-a85c-bfd3373baaa1: not valid; 2.2 s; peak memory 7661 MiB.
2026-10-05T13:26:22Z INFO [1965/2500] 5cd94434-9884-45bc-bce5-adf90092aed3: valid; 9.7 s; peak memory 7661 MiB.
2026-10-05T13:26:24Z INFO [1966/2500] 5cd9476a-c00f-4c87-8916-a719a7178d2f: not valid; 1.6 s; peak memory 7661 MiB.
2026-10-05T13:26:26Z INFO [1967/2500] 5cd97132-c728-4cb9-869b-d25a01401a5e: valid; 2.4 s; peak memory 7661 MiB.
2026-10-05T13:26:29Z INFO [1968/2500] 5cd9a5c5-2b8d-401c-bc70-e958249be9dc: valid; 2.6 s; peak memory 7661 MiB.
2026-10-05T13:26:30Z INFO [1969/2500] 5cd9b4b8-e896-4344-aca1-c611bd9afe11: valid; 1.4 s; peak memory 7661 MiB.
2026-10-05T13:26:32Z INFO [1970/2500] 5cd9d698-2b85-4e6c-9cfb-3bbc5d87c6b4: valid; 1.4 s; peak memory 7661 MiB.
2026-10-05T13:26:34Z INFO [1971/2500] 5cda2c3e-d766-4728-b7bc-5f1cf7911ab5: valid; 2.1 s; peak memory 7661 MiB.
2026-10-05T13:26:35Z INFO [1972/2500] 5cda3231-4610-4177-a38f-97c081d51e9c: valid; 1.5 s; peak memory 7661 MiB.
2026-10-05T13:26:36Z INFO [1973/2500] 5cda37d4-e2ff-4335-85e2-aea55c609ab2: valid; 1.0 s; peak memory 7661 MiB.
2026-10-05T13:26:38Z WARNING 5cda95b6-1520-42a0-ba09-1317dda29657: failed while opening the NWB file (ConstructError: (root/acquisition/_iblmic_audioSpectrogram/bands GroupBuilder {'attributes': {'colnames': array(['freq'], dtype=object), 'description': 'spectogram frequencies', 'namespace': 'core', 'neurodata_type': 'FrequencyBandsTable', 'object_id': 'a8c8f677-3db5-4942-80ca-bd412019a37e'}, 'groups': {}, 'datasets': {'freq': root/acquisition/_iblmic_audioSpectrogram/bands/freq DatasetBuilder {'attributes': {'description': 'frequency value', 'namespace': 'hdmf-common', 'neurodata_type': 'VectorData', 'object_id': 'bde7693c-2c31-4db2-8004-4cd9a523fd93'}, 'data': <HDF5 dataset "freq": shape (257,), type "<f4">}, 'id': root/acquisition/_iblmic_audioSpectrogram/bands/id DatasetBuilder {'attributes': {'namespace': 'hdmf-common', 'neurodata_type': 'ElementIdentifiers', 'object_id': '7f158ac3-4682-4324-8630-3d87e0bd5cd8'}, 'data': <HDF5 dataset "id": shape (257,), type "<i4">}}, 'links': {}}, "Could not construct FrequencyBandsTable object due to: column must have the same number of rows as 'id'"))
2026-10-05T13:26:41Z INFO [1975/2500] 5cdb5389-571d-42f8-a4f7-ba4eab51e30f: valid; 2.4 s; peak memory 7661 MiB.
2026-10-05T13:26:42Z INFO [1976/2500] 5cdbba40-330f-4559-bedf-348de9976c5e: valid; 1.1 s; peak memory 7661 MiB.
2026-10-05T13:26:43Z INFO [1977/2500] 5cdc3cf4-b6ed-491d-a3bb-82454f4cf77d: not valid; 1.5 s; peak memory 7661 MiB.
2026-10-05T13:26:45Z INFO [1978/2500] 5cdc8c58-5dc8-4c44-9eca-24dc9c507efb: valid; 1.4 s; peak memory 7661 MiB.
2026-10-05T13:26:47Z WARNING 5cdcba61-aadf-493a-a303-a35999984974: failed while opening the NWB file (ConstructError: (root/acquisition/event_code_meanings GroupBuilder {'attributes': {'colnames': array(['value', 'meaning'], dtype=object), 'description': 'Mapping integer event codes to event labels', 'namespace': 'ndx-events', 'neurodata_type': 'MeaningsTable', 'object_id': 'f35b3a24-d765-47bd-ab00-a18bfc08795e'}, 'groups': {}, 'datasets': {'id': root/acquisition/event_code_meanings/id DatasetBuilder {'attributes': {'namespace': 'hdmf-common', 'neurodata_type': 'ElementIdentifiers', 'object_id': '2adc2a66-04d9-4dce-a771-68a35de5223b'}, 'data': <HDF5 dataset "id": shape (26,), type "<i8">}, 'meaning': root/acquisition/event_code_meanings/meaning DatasetBuilder {'attributes': {'description': 'The meaning of the value in the parent CategoricalVectorData object.', 'namespace': 'hdmf-experimental', 'neurodata_type': 'VectorData', 'object_id': 'ee5207fd-7644-4b88-8951-324215b24c46'}, 'data': <StrDataset for HDF5 dataset "meaning": shape (26,), type "|O">}, 'value': root/acquisition/event_code_meanings/value DatasetBuilder {'attributes': {'description': 'The value of the parent CategoricalVectorData object.', 'namespace': 'hdmf-experimental', 'neurodata_type': 'VectorData', 'object_id': 'eb5c35b9-8c17-409d-b1db-499d896fb3c2'}, 'data': <HDF5 dataset "value": shape (26,), type "<i8">}}, 'links': {}}, "Could not construct MeaningsTable object due to: MeaningsTable.__init__: missing argument 'target'"))
2026-10-05T13:28:34Z INFO [1980/2500] 5cdcf07c-5260-40e1-bbde-f0f585f3c4be: valid; 107.0 s; peak memory 7661 MiB.
2026-10-05T13:28:36Z INFO [1981/2500] 5cdd0cbb-9839-488e-aeb3-5128748acf96: not valid; 2.0 s; peak memory 7661 MiB.
2026-10-05T13:28:38Z WARNING 5cdd33ec-64a3-4ea4-968a-138318e32ee0: failed while opening the NWB file (ConstructError: (root/acquisition/_iblmic_audioSpectrogram/bands GroupBuilder {'attributes': {'colnames': array(['freq'], dtype=object), 'description': 'spectogram frequencies', 'namespace': 'core', 'neurodata_type': 'FrequencyBandsTable', 'object_id': '6dd4d666-dd86-45d0-a300-8001870299da'}, 'groups': {}, 'datasets': {'freq': root/acquisition/_iblmic_audioSpectrogram/bands/freq DatasetBuilder {'attributes': {'description': 'frequency value', 'namespace': 'hdmf-common', 'neurodata_type': 'VectorData', 'object_id': '8f51a930-0af9-4c68-b478-83fbd914afba'}, 'data': <HDF5 dataset "freq": shape (257,), type "<f4">}, 'id': root/acquisition/_iblmic_audioSpectrogram/bands/id DatasetBuilder {'attributes': {'namespace': 'hdmf-common', 'neurodata_type': 'ElementIdentifiers', 'object_id': 'd51d7d15-b707-437d-9ab2-a63d2722cda0'}, 'data': <HDF5 dataset "id": shape (257,), type "<i4">}}, 'links': {}}, "Could not construct FrequencyBandsTable object due to: column must have the same number of rows as 'id'"))
2026-10-05T13:28:40Z INFO [1983/2500] 5cddc33c-bf64-409f-95d4-e62e58251f0c: valid; 2.3 s; peak memory 7661 MiB.
2026-10-05T13:28:42Z INFO [1984/2500] 5cddca6b-a520-4139-af94-8088fabe46f8: valid; 2.0 s; peak memory 7662 MiB.
2026-10-05T13:28:44Z INFO [1985/2500] 5cddcdd9-6f99-481c-a763-97a61f2b7db1: not valid; 1.6 s; peak memory 7663 MiB.
2026-10-05T13:28:45Z INFO [1986/2500] 5cde3c73-a1ec-4e7f-853d-d258e3109e25: valid; 1.4 s; peak memory 7664 MiB.
2026-10-05T13:28:46Z INFO [1987/2500] 5cde3dcf-17e5-4495-a0be-32fe04b0bacc: valid; 1.0 s; peak memory 7664 MiB.
2026-10-05T13:28:49Z INFO [1988/2500] 5cdf2a59-1e4a-4029-9ea1-90b405f9fa6e: valid; 2.5 s; peak memory 7664 MiB.
2026-10-05T13:28:50Z INFO [1989/2500] 5cdf6a1c-8cbc-4900-af00-8035a091ecff: not valid; 1.4 s; peak memory 7664 MiB.
2026-10-05T13:28:53Z INFO [1990/2500] 5cdf7300-1cbf-44d5-8dc2-67459ac729fd: valid; 2.8 s; peak memory 7664 MiB.
2026-10-05T13:28:55Z INFO [1991/2500] 5cdfb2bc-964f-441f-8031-581b67453aa5: valid; 2.6 s; peak memory 7664 MiB.
2026-10-05T13:29:20Z INFO [1992/2500] 5ce041d4-d386-4f27-aab7-0d3aa1abf585: valid; 24.1 s; peak memory 7664 MiB.
2026-10-05T13:29:21Z INFO [1993/2500] 5ce08f81-4a90-4095-adba-5f8774cc066c: valid; 1.3 s; peak memory 7664 MiB.
2026-10-05T13:29:23Z INFO [1994/2500] 5ce0fe5e-40d4-4688-92db-23c8068ce660: valid; 2.6 s; peak memory 7664 MiB.
2026-10-05T13:29:25Z INFO [1995/2500] 5ce11a74-1356-488d-9c51-873f84cb7a8d: not valid; 1.5 s; peak memory 7664 MiB.
2026-10-05T13:29:26Z INFO [1996/2500] 5ce131c3-79fa-45ec-b71c-fdda85481a17: valid; 1.5 s; peak memory 7664 MiB.
2026-10-05T13:29:29Z INFO [1997/2500] 5ce1342a-58bc-408e-b42d-a5bd6c7a45f7: valid; 2.7 s; peak memory 7664 MiB.
2026-10-05T13:29:33Z INFO [1998/2500] 5ce170d7-9a7c-428d-9aa7-757f36b7b9c6: valid; 4.2 s; peak memory 7664 MiB.
2026-10-05T13:29:36Z INFO [1999/2500] 5ce205f1-0f17-41dc-b075-c81d5c00617b: valid; 2.5 s; peak memory 7664 MiB.
2026-10-05T13:29:39Z INFO [2000/2500] 5ce239cc-fc17-4cd7-8fef-4287f8e5e6c9: valid; 3.0 s; peak memory 7664 MiB.
2026-10-05T13:29:40Z INFO [2000/2500] 5ce239cc-fc17-4cd7-8fef-4287f8e5e6c9: checkpointed 125510 records.
2026-10-05T13:29:42Z INFO [2001/2500] 5ce29f44-eee3-46bb-ab53-7655aafbee0c: not valid; 2.1 s; peak memory 7664 MiB.
2026-10-05T13:29:43Z INFO [2002/2500] 5ce3975d-5677-4c73-81f6-3a4e1001121f: valid; 1.3 s; peak memory 7664 MiB.
2026-10-05T13:29:46Z INFO [2003/2500] 5ce3e460-5ced-4641-9d10-b58f9f37b72a: valid; 2.8 s; peak memory 7664 MiB.
2026-10-05T13:29:55Z INFO [2004/2500] 5ce517bf-6670-4e50-8335-463b1e45375a: valid; 8.8 s; peak memory 7664 MiB.
2026-10-05T13:29:55Z WARNING 5ce58887-9750-45a9-bfc8-7a8445acb49c: failed while retrieving asset information from the DANDI API (NotFoundError: No asset at path 'sub-MS12/sub-MS12_ses-Peter-MS12-170716-172307-concat_behavior+ecephys.nwb' in version 0.250624.0444. Verify the path is correct and the asset exists in this version. Use 'dandi ls' to list available assets.)
2026-10-05T13:30:07Z INFO [2006/2500] 5ce5a128-1489-4728-8972-cd7fa6fe0b1a: valid; 11.8 s; peak memory 7664 MiB.
2026-10-05T13:30:09Z INFO [2007/2500] 5ce5e8f3-db29-4463-a10b-607d686a42d5: valid; 2.5 s; peak memory 7664 MiB.
2026-10-05T13:30:10Z INFO [2008/2500] 5ce6a396-e652-4849-9bd1-b99cfed3b681: valid; 1.0 s; peak memory 7664 MiB.
2026-10-05T13:30:12Z INFO [2009/2500] 5ce704f2-c930-4d6f-97ca-67ba25cc6a67: valid; 2.0 s; peak memory 7664 MiB.
2026-10-05T13:30:14Z INFO [2010/2500] 5ce778de-6b0a-4925-838e-485c6a2890cf: valid; 2.3 s; peak memory 7664 MiB.
2026-10-05T13:30:16Z INFO [2011/2500] 5ce7fa7c-beb0-41e4-b783-e265b0800593: valid; 1.7 s; peak memory 7664 MiB.
2026-10-05T13:30:18Z INFO [2012/2500] 5ce87686-9077-463f-9b5b-5dc751fac7ab: not valid; 1.6 s; peak memory 7664 MiB.
2026-10-05T13:30:21Z INFO [2013/2500] 5ce89b86-4be3-4514-9322-d737a1f9349f: valid; 3.0 s; peak memory 7664 MiB.
2026-10-05T13:30:23Z INFO [2014/2500] 5ce8a32a-3ec8-4658-ac7d-8fbe7a6f4914: valid; 2.5 s; peak memory 7664 MiB.
2026-10-05T13:30:36Z INFO [2015/2500] 5ce8ecd7-5729-4471-bd57-20d09a6ada46: valid; 13.3 s; peak memory 7664 MiB.
2026-10-05T13:30:38Z INFO [2016/2500] 5ce8ef44-2a03-465e-bfed-fee99a7a9ff9: not valid; 1.9 s; peak memory 7664 MiB.
2026-10-05T13:30:40Z INFO [2017/2500] 5ce906d6-b94e-4537-b931-b91badc80582: not valid; 2.0 s; peak memory 7664 MiB.
2026-10-05T13:31:21Z INFO [2018/2500] 5ce90b6a-a6e1-4681-983b-45a4471bde57: not valid; 40.6 s; peak memory 7664 MiB.
2026-10-05T13:31:23Z INFO [2019/2500] 5ce91b32-cd40-44a9-9584-f38d62fdf61a: not valid; 1.7 s; peak memory 7664 MiB.
2026-10-05T13:31:24Z INFO [2020/2500] 5ce9bea7-01b5-41b0-bbc4-179cc0975dfd: not valid; 1.8 s; peak memory 7664 MiB.
2026-10-05T13:31:29Z INFO [2021/2500] 5cea4bca-0a81-4f65-948f-00279ab4419d: not valid; 4.9 s; peak memory 7664 MiB.
2026-10-05T13:31:39Z INFO [2022/2500] 5cea9c65-648f-4135-9f8d-777a0e738ac9: valid; 9.7 s; peak memory 7761 MiB.
2026-10-05T13:31:41Z INFO [2023/2500] 5ceacf05-f91a-4dcd-8fe2-83aa01c93953: not valid; 1.9 s; peak memory 7761 MiB.
2026-10-05T13:31:42Z INFO [2024/2500] 5cec413f-bb7e-4b32-8fda-e8de9e7a9fb3: not valid; 1.5 s; peak memory 7761 MiB.
2026-10-05T13:31:47Z INFO [2025/2500] 5cec7949-75c0-4384-b5a3-da83b5cfab3c: valid; 4.5 s; peak memory 7761 MiB.
2026-10-05T13:31:49Z INFO [2026/2500] 5ced06fa-a951-42eb-95a0-848fb4255297: valid; 2.2 s; peak memory 7761 MiB.
2026-10-05T13:31:52Z INFO [2027/2500] 5ceeebaf-68d1-4124-9b2e-28ad10e621fe: valid; 2.7 s; peak memory 7761 MiB.
2026-10-05T13:31:53Z INFO [2028/2500] 5cef68ed-e088-441a-83f5-0175e2bf63d4: not valid; 1.5 s; peak memory 7761 MiB.
2026-10-05T13:31:55Z INFO [2029/2500] 5cef7bce-cd4e-42ac-a32e-7cb525579a6c: valid; 2.1 s; peak memory 7761 MiB.
2026-10-05T13:32:07Z INFO [2030/2500] 5cef82ba-f63d-4880-b419-6f8ef7833a9d: valid; 12.2 s; peak memory 7761 MiB.
2026-10-05T13:32:20Z INFO [2031/2500] 5cef8d72-dc14-4bac-b1ed-17c17c70d0ed: valid; 13.1 s; peak memory 7772 MiB.
2026-10-05T13:32:23Z INFO [2032/2500] 5cf094e8-eadd-4c82-b2ff-0175a8c5d1bd: valid; 2.4 s; peak memory 7774 MiB.
2026-10-05T13:32:26Z INFO [2033/2500] 5cf0e2db-b076-43a0-848f-4b1169e95bd8: valid; 3.3 s; peak memory 7775 MiB.
2026-10-05T13:32:28Z INFO [2034/2500] 5cf22a3d-6adb-4b26-90d0-78434d850f45: valid; 1.5 s; peak memory 7776 MiB.
2026-10-05T13:32:30Z INFO [2035/2500] 5cf260ed-1110-4164-a179-6ab887dc6ae6: valid; 2.1 s; peak memory 7778 MiB.
2026-10-05T13:32:31Z INFO [2036/2500] 5cf2f329-12fe-4530-83bf-7cc6c5c5ecd7: valid; 1.7 s; peak memory 7778 MiB.
2026-10-05T13:32:33Z INFO [2037/2500] 5cf36754-9d5a-4338-aba4-748a71ad7aa2: valid; 1.3 s; peak memory 7779 MiB.
2026-10-05T13:33:12Z INFO [2038/2500] 5cf3a258-d5c7-4fc5-b3ed-a5d6a01582d2: not valid; 38.9 s; peak memory 7824 MiB.
2026-10-05T13:33:13Z INFO [2039/2500] 5cf4295c-7222-49d5-bee3-c2625462fc23: valid; 1.5 s; peak memory 7825 MiB.
2026-10-05T13:33:15Z INFO [2040/2500] 5cf49592-c926-4640-8a5b-28dd2184fbfb: not valid; 1.8 s; peak memory 7826 MiB.
2026-10-05T13:33:17Z INFO [2041/2500] 5cf4a75c-0978-4fb5-864d-cac4558f09f0: valid; 1.6 s; peak memory 7828 MiB.
2026-10-05T13:33:19Z INFO [2042/2500] 5cf4f75d-8c62-4f33-93e0-3a986c31003c: valid; 2.1 s; peak memory 7829 MiB.
2026-10-05T13:33:20Z INFO [2043/2500] 5cf53e89-d646-4475-8c54-38992fd737d2: not valid; 1.5 s; peak memory 7830 MiB.
2026-10-05T13:33:22Z INFO [2044/2500] 5cf60502-75a6-4b0f-b1da-4081d9e95cdb: valid; 2.0 s; peak memory 7832 MiB.
2026-10-05T13:33:25Z INFO [2045/2500] 5cf66aa4-0cf4-4d34-8cea-f83fe1aca550: valid; 2.4 s; peak memory 7833 MiB.
2026-10-05T13:33:26Z INFO [2046/2500] 5cf67dd9-74b7-49c8-a3ae-9c7b9797598c: valid; 1.4 s; peak memory 7834 MiB.
2026-10-05T13:33:28Z INFO [2047/2500] 5cf76c04-009a-4f30-8e71-2de8bafc19c1: valid; 2.0 s; peak memory 7835 MiB.
2026-10-05T13:33:37Z INFO [2048/2500] 5cf7f1e6-178c-4575-8638-995d791c7747: valid; 8.4 s; peak memory 7855 MiB.
2026-10-05T13:33:38Z INFO [2049/2500] 5cf83e2c-d460-4577-938e-d1e4d10de7f5: valid; 1.4 s; peak memory 7857 MiB.
2026-10-05T13:33:39Z INFO [2050/2500] 5cf86e4c-3f80-4a21-a6bb-a4aa90c6611c: valid; 1.4 s; peak memory 7857 MiB.
2026-10-05T13:33:40Z INFO [2050/2500] 5cf86e4c-3f80-4a21-a6bb-a4aa90c6611c: checkpointed 125560 records.
2026-10-05T13:33:42Z INFO [2051/2500] 5cfa9492-f3b5-4490-9f49-834603770a81: valid; 2.1 s; peak memory 7859 MiB.
2026-10-05T13:33:46Z INFO [2052/2500] 5cfafc7a-afb0-439e-90e7-073d050b3cc8: not valid; 4.0 s; peak memory 7859 MiB.
2026-10-05T13:33:48Z INFO [2053/2500] 5cfb9697-077c-458f-8778-66b58bba81e6: valid; 1.8 s; peak memory 7859 MiB.
2026-10-05T13:33:50Z INFO [2054/2500] 5cfbd16d-8412-4564-a50c-2f1f0e8f26ad: not valid; 2.1 s; peak memory 7859 MiB.
2026-10-05T13:33:52Z INFO [2055/2500] 5cfbe72d-263a-4a78-b487-ec5b540c2d85: valid; 1.9 s; peak memory 7859 MiB.
2026-10-05T13:33:54Z INFO [2056/2500] 5cfc608e-57a5-4a0d-b4e1-9c5d2663cd34: not valid; 1.4 s; peak memory 7859 MiB.
2026-10-05T13:33:55Z INFO [2057/2500] 5cfc73e0-5916-4b65-ac61-dbf83b8bf1f9: valid; 1.0 s; peak memory 7859 MiB.
2026-10-05T13:33:57Z INFO [2058/2500] 5cfc920d-b599-495b-b48f-9772cf3f3456: valid; 2.4 s; peak memory 7859 MiB.
2026-10-05T13:33:59Z INFO [2059/2500] 5cfc9d03-b803-47ad-bbf2-703aa10e8144: valid; 2.2 s; peak memory 7859 MiB.
2026-10-05T13:34:01Z INFO [2060/2500] 5cfd7c67-4c66-434b-a317-8f2b5c66b8d7: valid; 1.4 s; peak memory 7859 MiB.
2026-10-05T13:34:03Z INFO [2061/2500] 5cfda4e5-766e-4bd9-9446-f24dd5ea35f3: valid; 2.2 s; peak memory 7859 MiB.
2026-10-05T13:34:14Z INFO [2062/2500] 5cfdd4a5-1b6e-4f76-b881-86ac09a18352: not valid; 11.0 s; peak memory 7870 MiB.
2026-10-05T13:34:16Z INFO [2063/2500] 5cfe91c9-1542-4b7c-89e7-92daca7eae36: not valid; 2.0 s; peak memory 7871 MiB.
2026-10-05T13:34:26Z INFO [2064/2500] 5cfea87c-57ba-4002-b74d-e65ac4d2f23d: valid; 10.1 s; peak memory 7893 MiB.
2026-10-05T13:34:30Z INFO [2065/2500] 5cfecf28-f299-402e-8451-9ee611ed4c93: not valid; 4.3 s; peak memory 7896 MiB.
2026-10-05T13:34:32Z INFO [2066/2500] 5cff0304-8122-4f48-85f9-f7195b24fc4b: valid; 1.4 s; peak memory 7897 MiB.
2026-10-05T13:34:33Z INFO [2067/2500] 5cff206e-b3fb-4e4b-a5a0-ac7fcbf03c8b: valid; 1.4 s; peak memory 7898 MiB.
2026-10-05T13:34:34Z INFO [2068/2500] 5cff410a-1fea-4f06-8919-61037d9c13f0: valid; 1.3 s; peak memory 7899 MiB.
2026-10-05T13:34:36Z INFO [2069/2500] 5cff46d0-9457-40bc-a113-dc8ab65c949b: valid; 1.3 s; peak memory 7900 MiB.
2026-10-05T13:34:37Z INFO [2070/2500] 5cffc792-236e-4bff-a7bb-98aa9db82de2: valid; 1.5 s; peak memory 7900 MiB.
2026-10-05T13:34:39Z INFO [2071/2500] 5cffd9c4-1e5d-4e80-8c2d-e8c1760e3f8e: valid; 1.4 s; peak memory 7901 MiB.
2026-10-05T13:34:51Z INFO [2072/2500] 5d002f17-4822-40e2-8ec3-a8c87a6b9cf6: valid; 12.2 s; peak memory 7909 MiB.
2026-10-05T13:34:55Z INFO [2073/2500] 5d003534-49b3-4cd4-bcfa-fea41f699cbd: valid; 4.1 s; peak memory 7909 MiB.
2026-10-05T13:34:59Z INFO [2074/2500] 5d0061de-6e19-4f99-a47a-5e1f493902cd: not valid; 4.0 s; peak memory 7909 MiB.
2026-10-05T13:35:00Z INFO [2075/2500] 5d00c0b7-8615-4188-8033-7fb97167283f: valid; 1.5 s; peak memory 7910 MiB.
2026-10-05T13:35:02Z INFO [2076/2500] 5d00f2fc-9476-4450-94e0-998888a47848: not valid; 1.6 s; peak memory 7910 MiB.
2026-10-05T13:35:02Z WARNING 5d01773f-c5a8-4873-88a2-fb66d2d41912: failed while retrieving asset information from the DANDI API (NotFoundError: No asset at path 'sub-parkinson-simulated-lfp/sub-parkinson-simulated-lfp_ses-3218_ecephys.nwb' in version 0.250327.2220. Verify the path is correct and the asset exists in this version. Use 'dandi ls' to list available assets.)
2026-10-05T13:35:04Z INFO [2078/2500] 5d017cd0-09fa-4919-8762-b22f909eeb39: valid; 2.3 s; peak memory 7910 MiB.
2026-10-05T13:35:04Z WARNING 5d018438-7aa8-448f-9690-62866201721a: failed while retrieving asset information from the DANDI API (NotFoundError: No asset at path 'sub-healthy-simulated-lfp/sub-healthy-simulated-lfp_ses-8556_ecephys.nwb' in version 0.250327.2220. Verify the path is correct and the asset exists in this version. Use 'dandi ls' to list available assets.)
2026-10-05T13:35:07Z INFO [2080/2500] 5d01c0a9-8e62-4c88-bda3-248747efc2c9: valid; 2.4 s; peak memory 7910 MiB.
2026-10-05T13:35:09Z INFO [2081/2500] 5d01fe7e-5250-49e6-8276-356bfe24bb90: not valid; 2.2 s; peak memory 7910 MiB.
2026-10-05T13:35:11Z INFO [2082/2500] 5d02a140-8a9f-4668-b82b-1077a4830e44: valid; 1.5 s; peak memory 7910 MiB.
2026-10-05T13:35:13Z INFO [2083/2500] 5d03b7c8-3838-45b0-b780-1501f233bab1: valid; 2.2 s; peak memory 7910 MiB.
2026-10-05T13:35:14Z INFO [2084/2500] 5d03bfb1-49e0-4f71-976e-800fef9cbda5: valid; 1.6 s; peak memory 7910 MiB.
2026-10-05T13:35:22Z INFO [2085/2500] 5d04d9e1-cc82-4bba-b693-d47e64991ef1: valid; 8.0 s; peak memory 7910 MiB.
2026-10-05T13:35:41Z INFO [2086/2500] 5d055789-39eb-4679-8033-bff07790cffb: valid; 18.1 s; peak memory 7920 MiB.
2026-10-05T13:35:42Z INFO [2087/2500] 5d0579c1-5e7e-4b89-9b4a-168e1c3dac5d: not valid; 1.8 s; peak memory 7923 MiB.
2026-10-05T13:38:40Z INFO [2088/2500] 5d058356-1bd3-49b3-9d15-92989743c8f0: valid; 178.0 s; peak memory 8452 MiB.
2026-10-05T13:38:42Z INFO [2089/2500] 5d05e78d-250f-4942-be74-6f676fd794af: valid; 1.4 s; peak memory 8452 MiB.
2026-10-05T13:38:43Z INFO [2090/2500] 5d061774-b780-48c0-9812-41f5808fa98b: valid; 1.4 s; peak memory 8452 MiB.
2026-10-05T13:38:45Z INFO [2091/2500] 5d07b243-5648-471a-afab-68da33fe2ace: not valid; 1.5 s; peak memory 8452 MiB.
2026-10-05T13:38:47Z INFO [2092/2500] 5d082be4-6c1e-4ae2-a31a-383eac99af2f: valid; 2.7 s; peak memory 8452 MiB.
2026-10-05T13:38:49Z INFO [2093/2500] 5d0847d5-2802-4692-ada4-55427153ed78: not valid; 1.7 s; peak memory 8452 MiB.
2026-10-05T13:38:50Z INFO [2094/2500] 5d0867db-fc02-4fa4-8611-e566dec7e30f: valid; 1.3 s; peak memory 8452 MiB.
2026-10-05T13:38:52Z INFO [2095/2500] 5d09356a-4d96-4310-b568-9eff3779033d: valid; 1.4 s; peak memory 8452 MiB.
2026-10-05T13:38:53Z INFO [2096/2500] 5d099ba5-1072-476f-b084-93e32c6fba65: valid; 1.7 s; peak memory 8452 MiB.
2026-10-05T13:38:55Z INFO [2097/2500] 5d09e551-c12c-4428-89a3-221aeb2258e6: valid; 1.7 s; peak memory 8452 MiB.
2026-10-05T13:38:58Z INFO [2098/2500] 5d0a270d-3d56-4258-93d3-7c166b29d79d: valid; 3.3 s; peak memory 8452 MiB.
2026-10-05T13:39:00Z INFO [2099/2500] 5d0a5e08-bd3a-4c41-994c-8c49abda5616: valid; 2.0 s; peak memory 8452 MiB.
2026-10-05T13:39:02Z INFO [2100/2500] 5d0ae078-cea4-4be0-bd20-5115b4c5973f: valid; 1.7 s; peak memory 8452 MiB.
2026-10-05T13:39:03Z INFO [2100/2500] 5d0ae078-cea4-4be0-bd20-5115b4c5973f: checkpointed 125610 records.
2026-10-05T13:39:05Z INFO [2101/2500] 5d0b1735-9dd5-4e67-aea9-aeb8bb45cce8: valid; 2.4 s; peak memory 8457 MiB.
2026-10-05T13:39:09Z INFO [2102/2500] 5d0b66ab-7ed2-4eb7-b054-5b742d5e0e52: valid; 3.9 s; peak memory 8465 MiB.
2026-10-05T13:39:12Z INFO [2103/2500] 5d0ccf26-83fb-4543-b127-0624e076de9f: valid; 3.3 s; peak memory 8465 MiB.
2026-10-05T13:39:12Z WARNING 5d0ce0b9-6b0b-4d38-9dbb-de8ec9cd719b: failed while retrieving asset information from the DANDI API (NotFoundError: No asset at path 'sub-449141/sub-449141_ses-20190531T161406_behavior+ecephys+ogen.nwb' in version 0.231012.2129. Verify the path is correct and the asset exists in this version. Use 'dandi ls' to list available assets.)
2026-10-05T13:39:13Z WARNING 5d0eb5ec-ca22-437c-a039-102ce133097b: failed while retrieving asset information from the DANDI API (NotFoundError: No such Dandiset: 001269)
2026-10-05T13:39:16Z INFO [2106/2500] 5d0f7123-3373-499e-a481-082ded241432: valid; 3.5 s; peak memory 8465 MiB.
2026-10-05T13:39:18Z INFO [2107/2500] 5d1002e9-1e74-4382-9db5-d8a029559179: valid; 2.1 s; peak memory 8465 MiB.
2026-10-05T13:39:19Z INFO [2108/2500] 5d1131b0-cf18-4cc0-8f70-bbd9317c3138: valid; 1.0 s; peak memory 8465 MiB.
2026-10-05T13:39:35Z INFO [2109/2500] 5d11462b-c00f-45d1-b32b-4659c6fbd2f3: valid; 15.8 s; peak memory 8465 MiB.
2026-10-05T13:39:37Z INFO [2110/2500] 5d12514f-eba3-42da-bede-b6f3ca9ef6da: valid; 1.9 s; peak memory 8465 MiB.
2026-10-05T13:39:43Z INFO [2111/2500] 5d128623-325e-4916-90fd-e6f1944ebdfc: not valid; 6.3 s; peak memory 8465 MiB.
2026-10-05T13:39:45Z INFO [2112/2500] 5d13392d-587d-4f08-9676-2cffe5c3b4f7: valid; 1.4 s; peak memory 8465 MiB.
2026-10-05T13:39:46Z INFO [2113/2500] 5d13b9de-6c39-4e9d-a308-439240496fd3: valid; 1.5 s; peak memory 8465 MiB.
2026-10-05T13:39:48Z INFO [2114/2500] 5d1480aa-80bb-4ce6-ac9f-f8f7c735e29d: valid; 2.0 s; peak memory 8465 MiB.
2026-10-05T13:39:51Z INFO [2115/2500] 5d14e644-d59a-4429-9c94-3a45ffad286f: valid; 2.7 s; peak memory 8465 MiB.
2026-10-05T13:39:56Z INFO [2116/2500] 5d157df2-2169-4770-8782-901d4bcbffec: not valid; 4.9 s; peak memory 8465 MiB.
2026-10-05T13:39:58Z INFO [2117/2500] 5d15882d-b508-4356-83ac-5e257e23c852: not valid; 1.9 s; peak memory 8465 MiB.
2026-10-05T13:40:19Z INFO [2118/2500] 5d15e301-c507-4fdc-8876-2cab4fef428c: valid; 21.8 s; peak memory 8465 MiB.
2026-10-05T13:40:21Z INFO [2119/2500] 5d1651ef-4868-421a-bb96-056aca2f6a55: valid; 1.2 s; peak memory 8465 MiB.
2026-10-05T13:40:22Z INFO [2120/2500] 5d165228-ca62-40f6-9bd1-cefbfacb8345: valid; 1.4 s; peak memory 8465 MiB.
2026-10-05T13:40:27Z INFO [2121/2500] 5d1657fd-c52e-4afd-854b-e2bb6bc8f3d4: not valid; 4.6 s; peak memory 8465 MiB.
2026-10-05T13:40:29Z INFO [2122/2500] 5d16ab69-1ef7-45a5-9ec7-7213d8b692df: valid; 2.4 s; peak memory 8465 MiB.
2026-10-05T13:40:32Z INFO [2123/2500] 5d16e91d-d470-40eb-894c-7cbbed7ed6c5: valid; 3.4 s; peak memory 8465 MiB.
2026-10-05T13:40:34Z INFO [2124/2500] 5d173a63-e065-4e59-a45c-ed105a3096fe: valid; 1.4 s; peak memory 8465 MiB.
2026-10-05T13:40:35Z INFO [2125/2500] 5d177b85-9af2-4056-8835-44218941a75f: valid; 1.4 s; peak memory 8465 MiB.
2026-10-05T13:40:37Z INFO [2126/2500] 5d179590-3d8b-4fe8-b88d-d27b89b2b9c0: valid; 1.4 s; peak memory 8465 MiB.
2026-10-05T13:40:38Z INFO [2127/2500] 5d179e4e-1815-4bdf-ac69-8deb1e92c9a7: valid; 1.4 s; peak memory 8465 MiB.
2026-10-05T13:40:52Z INFO [2128/2500] 5d17b64b-096a-4ae9-996f-68969a0c76f2: valid; 13.9 s; peak memory 8465 MiB.
2026-10-05T13:40:54Z INFO [2129/2500] 5d18513c-7f59-45e4-8a65-bcd7898bd292: valid; 2.2 s; peak memory 8465 MiB.
2026-10-05T13:40:56Z INFO [2130/2500] 5d188597-49c5-42dc-86d0-3498540b0c73: valid; 1.5 s; peak memory 8465 MiB.
2026-10-05T13:40:57Z INFO [2131/2500] 5d18f850-4354-4aef-901b-383ef7c42230: valid; 1.8 s; peak memory 8465 MiB.
2026-10-05T13:41:00Z INFO [2132/2500] 5d1934da-6a92-4e4e-9014-29193324c593: valid; 3.0 s; peak memory 8465 MiB.
2026-10-05T13:41:05Z INFO [2133/2500] 5d195ea4-aef2-4f28-97e7-4155c7697b31: valid; 4.4 s; peak memory 8465 MiB.
2026-10-05T13:41:06Z INFO [2134/2500] 5d19846a-a528-4856-a5aa-991d638eac46: valid; 1.7 s; peak memory 8465 MiB.
2026-10-05T13:41:13Z INFO [2135/2500] 5d1a525b-9101-4eff-a157-48ea64e94726: valid; 6.3 s; peak memory 8465 MiB.
2026-10-05T13:41:18Z INFO [2136/2500] 5d1aa069-5a90-44e1-9dc0-6c59c70e0acf: valid; 4.7 s; peak memory 8465 MiB.
2026-10-05T13:41:20Z INFO [2137/2500] 5d1ad8fb-5bcd-4397-bf6c-882b4f5dc6bc: not valid; 2.1 s; peak memory 8465 MiB.
2026-10-05T13:41:24Z INFO [2138/2500] 5d1adcac-631d-45cb-8b3b-39ed68fdcbb5: valid; 4.8 s; peak memory 8465 MiB.
2026-10-05T13:41:27Z INFO [2139/2500] 5d1b470e-d71a-4258-bb4a-424194afe783: valid; 2.7 s; peak memory 8465 MiB.
2026-10-05T13:41:29Z INFO [2140/2500] 5d1b589e-9a92-4c6f-b718-33ef69cfbcd0: valid; 1.4 s; peak memory 8465 MiB.
2026-10-05T13:41:30Z INFO [2141/2500] 5d1b7c4c-00fc-42b1-9d0c-df99fc656f19: valid; 1.3 s; peak memory 8465 MiB.
2026-10-05T13:41:35Z INFO [2142/2500] 5d1b82c8-f54b-4be3-8b4f-79c69105f8e3: not valid; 4.7 s; peak memory 8465 MiB.
2026-10-05T13:41:36Z INFO [2143/2500] 5d1bbdee-b26e-402a-99dc-cd6259d4c0b6: valid; 1.3 s; peak memory 8465 MiB.
2026-10-05T13:41:38Z INFO [2144/2500] 5d1bd0b3-5d8f-4e5e-9a8d-1ae4a574b44d: valid; 2.2 s; peak memory 8465 MiB.
2026-10-05T13:41:40Z INFO [2145/2500] 5d1be3eb-d3cc-4ce8-8460-29c35c16c9a6: valid; 2.3 s; peak memory 8465 MiB.
2026-10-05T13:41:42Z WARNING 5d1c6485-7af2-4538-a18a-ee1cff0e68f4: failed while opening the NWB file (ConstructError: (root/acquisition/_iblmic_audioSpectrogram/bands GroupBuilder {'attributes': {'colnames': array(['freq'], dtype=object), 'description': 'spectogram frequencies', 'namespace': 'core', 'neurodata_type': 'FrequencyBandsTable', 'object_id': '33ba3f55-4012-4057-87da-55eb61f8bf01'}, 'groups': {}, 'datasets': {'freq': root/acquisition/_iblmic_audioSpectrogram/bands/freq DatasetBuilder {'attributes': {'description': 'frequency value', 'namespace': 'hdmf-common', 'neurodata_type': 'VectorData', 'object_id': 'e29c3369-e784-4f55-9f98-6427e6f9c327'}, 'data': <HDF5 dataset "freq": shape (257,), type "<f4">}, 'id': root/acquisition/_iblmic_audioSpectrogram/bands/id DatasetBuilder {'attributes': {'namespace': 'hdmf-common', 'neurodata_type': 'ElementIdentifiers', 'object_id': 'dde3987a-6c60-4b82-8fdf-9c5a16d68ac6'}, 'data': <HDF5 dataset "id": shape (257,), type "<i4">}}, 'links': {}}, "Could not construct FrequencyBandsTable object due to: column must have the same number of rows as 'id'"))
2026-10-05T13:41:43Z INFO [2147/2500] 5d1cbfc1-8a26-4e25-bbf1-86328668ac12: valid; 1.2 s; peak memory 8465 MiB.
2026-10-05T13:42:05Z INFO [2148/2500] 5d1ce15c-776f-4e62-a0c5-8590a82c56b8: valid; 22.1 s; peak memory 8465 MiB.
2026-10-05T13:42:06Z WARNING 5d1db69f-e6b1-4281-9e1c-2df927897eaa: failed while retrieving asset information from the DANDI API (NotFoundError: No such Dandiset: 000948)
2026-10-05T13:42:14Z INFO [2150/2500] 5d1e6e26-3580-49ea-9142-c5ada206f50e: valid; 8.4 s; peak memory 8465 MiB.
2026-10-05T13:42:15Z INFO [2150/2500] 5d1e6e26-3580-49ea-9142-c5ada206f50e: checkpointed 125660 records.
2026-10-05T13:42:27Z INFO [2151/2500] 5d1e88f4-1a03-4cd4-b55f-898b757ea3a3: valid; 12.4 s; peak memory 8465 MiB.
2026-10-05T13:42:28Z INFO [2152/2500] 5d1e9729-45ed-4e3f-a989-9c12253788f2: valid; 1.2 s; peak memory 8465 MiB.
2026-10-05T13:42:30Z INFO [2153/2500] 5d1eabdc-4105-420f-af47-b4e0b61cc08e: valid; 1.7 s; peak memory 8465 MiB.
2026-10-05T13:42:32Z INFO [2154/2500] 5d1f42be-f1e1-49dc-b4a4-f543a184496a: not valid; 1.5 s; peak memory 8465 MiB.
2026-10-05T13:42:33Z INFO [2155/2500] 5d1f4ded-88e3-411d-9951-84ac652076bd: valid; 1.4 s; peak memory 8465 MiB.
2026-10-05T13:42:35Z INFO [2156/2500] 5d202cf4-b6bd-409f-ab44-e36d0c381a39: valid; 1.6 s; peak memory 8465 MiB.
2026-10-05T13:42:37Z WARNING 5d205969-6fe2-4358-b77f-ba48cf93a601: failed while opening the NWB file (ConstructError: (root/acquisition/_iblmic_audioSpectrogram/bands GroupBuilder {'attributes': {'colnames': array(['freq'], dtype=object), 'description': 'spectogram frequencies', 'namespace': 'core', 'neurodata_type': 'FrequencyBandsTable', 'object_id': 'f1a76bd1-f2be-46d9-b5d5-a02235b72d12'}, 'groups': {}, 'datasets': {'freq': root/acquisition/_iblmic_audioSpectrogram/bands/freq DatasetBuilder {'attributes': {'description': 'frequency value', 'namespace': 'hdmf-common', 'neurodata_type': 'VectorData', 'object_id': '4d57f4af-95a1-4256-b925-323bb22b40da'}, 'data': <HDF5 dataset "freq": shape (257,), type "<f4">}, 'id': root/acquisition/_iblmic_audioSpectrogram/bands/id DatasetBuilder {'attributes': {'namespace': 'hdmf-common', 'neurodata_type': 'ElementIdentifiers', 'object_id': '2ce2ab55-9fe9-48a4-a02b-60c6b87d321f'}, 'data': <HDF5 dataset "id": shape (257,), type "<i4">}}, 'links': {}}, "Could not construct FrequencyBandsTable object due to: column must have the same number of rows as 'id'"))
2026-10-05T13:42:37Z WARNING 5d20636a-bac0-4cd5-9fd7-54eb9fcaca2f: failed while retrieving asset information from the DANDI API (NotFoundError: No asset at path 'sub-healthy-simulated-beta/sub-healthy-simulated-beta_ses-9607_ecephys.nwb' in version 0.250327.2220. Verify the path is correct and the asset exists in this version. Use 'dandi ls' to list available assets.)
2026-10-05T13:42:38Z INFO [2159/2500] 5d215234-730c-44cd-a205-4ed14252310e: valid; 1.4 s; peak memory 8465 MiB.
2026-10-05T13:42:41Z INFO [2160/2500] 5d217ce3-ddb8-4a20-9a04-7835e8d0d6be: not valid; 2.4 s; peak memory 8465 MiB.
2026-10-05T13:42:43Z INFO [2161/2500] 5d21eb80-7f23-4ab8-ac4a-79d90baa9060: valid; 1.9 s; peak memory 8465 MiB.
2026-10-05T13:42:44Z INFO [2162/2500] 5d229456-276f-443d-b389-ea791a6941ec: valid; 1.3 s; peak memory 8465 MiB.
2026-10-05T13:42:45Z INFO [2163/2500] 5d22c458-06fa-4b9c-b386-d33a11afd985: not valid; 1.5 s; peak memory 8465 MiB.
2026-10-05T13:43:02Z INFO [2164/2500] 5d22fa37-3d7d-4d67-899b-30ef8ad91e73: valid; 16.2 s; peak memory 8465 MiB.
2026-10-05T13:43:03Z INFO [2165/2500] 5d23fd44-1c58-4ca5-b20d-9d15f1c92300: valid; 1.4 s; peak memory 8465 MiB.
2026-10-05T13:43:05Z INFO [2166/2500] 5d241c71-8756-460f-b20b-75d040fd334f: not valid; 2.3 s; peak memory 8465 MiB.
2026-10-05T13:43:07Z INFO [2167/2500] 5d242b9b-48be-47d0-8e14-07555600e4b3: not valid; 1.7 s; peak memory 8465 MiB.
2026-10-05T13:43:10Z INFO [2168/2500] 5d2446fc-211b-40d7-bbc6-e5a89db23573: valid; 3.1 s; peak memory 8465 MiB.
2026-10-05T13:43:13Z INFO [2169/2500] 5d2525fd-ded1-444b-9733-91e558b5b7cb: valid; 2.6 s; peak memory 8465 MiB.
2026-10-05T13:43:21Z INFO [2170/2500] 5d258cec-2953-4187-8d5c-221b622871cf: valid; 8.3 s; peak memory 8465 MiB.
2026-10-05T13:43:22Z INFO [2171/2500] 5d2622c6-8365-480e-8c22-2a4cfaabdfb7: valid; 1.2 s; peak memory 8465 MiB.
2026-10-05T13:43:26Z INFO [2172/2500] 5d27067d-21b2-4d23-a1f0-4f7e047871c7: valid; 3.4 s; peak memory 8465 MiB.
2026-10-05T13:43:27Z INFO [2173/2500] 5d273762-4614-4a97-88c9-293fd3d80238: valid; 1.9 s; peak memory 8465 MiB.
2026-10-05T13:43:29Z INFO [2174/2500] 5d276832-f730-4e6f-80cf-5a0169c90ddd: not valid; 1.5 s; peak memory 8465 MiB.
2026-10-05T13:43:31Z INFO [2175/2500] 5d27fa33-cb0d-4d2d-ac9c-b9d4dcf97b79: valid; 1.8 s; peak memory 8465 MiB.
2026-10-05T13:43:33Z INFO [2176/2500] 5d286353-696d-4580-8f54-54dc1fcc43f3: not valid; 1.8 s; peak memory 8465 MiB.
2026-10-05T13:43:34Z INFO [2177/2500] 5d28b2f6-37cd-44df-a2e9-6c2488201648: valid; 1.4 s; peak memory 8465 MiB.
2026-10-05T13:43:37Z INFO [2178/2500] 5d28c7a0-b033-4680-8db3-e26ca98ed5c3: valid; 3.3 s; peak memory 8465 MiB.
2026-10-05T13:43:39Z INFO [2179/2500] 5d28f77b-71e6-4a78-a36b-be32f03c1ecd: valid; 2.0 s; peak memory 8465 MiB.
2026-10-05T13:43:45Z INFO [2180/2500] 5d2996d4-9ac5-40c9-80d4-657e846715b6: valid; 6.1 s; peak memory 8465 MiB.
2026-10-05T13:43:56Z INFO [2181/2500] 5d2a0b0c-afb8-41c1-b375-bac4655ccd10: valid; 10.7 s; peak memory 8465 MiB.
2026-10-05T13:43:56Z WARNING 5d2a2178-e63c-4e69-ab33-d1b4d4111fb2: failed while retrieving asset information from the DANDI API (NotFoundError: No asset at path 'sub-healthy-simulated-lfp/sub-healthy-simulated-lfp_ses-6531_ecephys.nwb' in version 0.250327.2220. Verify the path is correct and the asset exists in this version. Use 'dandi ls' to list available assets.)
2026-10-05T13:43:58Z INFO [2183/2500] 5d2a3732-7193-48e6-ac85-6c2051ee6ae9: valid; 2.1 s; peak memory 8465 MiB.
2026-10-05T13:44:01Z INFO [2184/2500] 5d2a6e2b-b331-402c-aa0c-d1b558267b64: valid; 2.8 s; peak memory 8465 MiB.
2026-10-05T13:44:03Z INFO [2185/2500] 5d2b00b3-3a64-4a3e-850e-8c5606bdd163: valid; 1.6 s; peak memory 8465 MiB.
2026-10-05T13:44:04Z INFO [2186/2500] 5d2b1f1b-5d1c-4ce3-9868-2dd002042cbd: valid; 1.4 s; peak memory 8465 MiB.
2026-10-05T13:44:06Z INFO [2187/2500] 5d2b56c8-487f-4371-8712-3a71c169c34b: not valid; 2.2 s; peak memory 8465 MiB.
2026-10-05T13:44:09Z INFO [2188/2500] 5d2b7002-4bc9-4ddd-9811-c86d11a78961: valid; 2.9 s; peak memory 8465 MiB.
2026-10-05T13:44:11Z WARNING 5d2be5b6-94d1-44a7-8e95-f2d3c48333b7: failed while opening the NWB file (ConstructError: (root/acquisition/_iblmic_audioSpectrogram/bands GroupBuilder {'attributes': {'colnames': array(['freq'], dtype=object), 'description': 'spectogram frequencies', 'namespace': 'core', 'neurodata_type': 'FrequencyBandsTable', 'object_id': '1f6756ce-3d25-4599-84f5-5253314c56a5'}, 'groups': {}, 'datasets': {'freq': root/acquisition/_iblmic_audioSpectrogram/bands/freq DatasetBuilder {'attributes': {'description': 'frequency value', 'namespace': 'hdmf-common', 'neurodata_type': 'VectorData', 'object_id': '5b8508ce-07c7-482c-8056-065397a2b04f'}, 'data': <HDF5 dataset "freq": shape (257,), type "<f4">}, 'id': root/acquisition/_iblmic_audioSpectrogram/bands/id DatasetBuilder {'attributes': {'namespace': 'hdmf-common', 'neurodata_type': 'ElementIdentifiers', 'object_id': '1ce9e3f3-a331-4c89-abde-6faa2a01241b'}, 'data': <HDF5 dataset "id": shape (257,), type "<i4">}}, 'links': {}}, "Could not construct FrequencyBandsTable object due to: column must have the same number of rows as 'id'"))
2026-10-05T13:44:12Z INFO [2190/2500] 5d2c34f8-91be-4157-a1fa-de82e17a95b9: valid; 1.4 s; peak memory 8465 MiB.
2026-10-05T13:44:14Z INFO [2191/2500] 5d2cff0c-c9cc-4534-8d32-10280d66111b: valid; 1.5 s; peak memory 8465 MiB.
2026-10-05T13:44:19Z INFO [2192/2500] 5d2d78eb-f7e4-4cc8-947e-6baaec2a5ec0: not valid; 4.8 s; peak memory 8465 MiB.
2026-10-05T13:44:21Z WARNING 5d2e11c8-7f7d-4bca-a409-9505888a3a73: failed while opening the NWB file (ConstructError: (root/acquisition/_iblmic_audioSpectrogram/bands GroupBuilder {'attributes': {'colnames': array(['freq'], dtype=object), 'description': 'spectogram frequencies', 'namespace': 'core', 'neurodata_type': 'FrequencyBandsTable', 'object_id': '9157bb98-9103-4c71-8c4d-f61df9ed9069'}, 'groups': {}, 'datasets': {'freq': root/acquisition/_iblmic_audioSpectrogram/bands/freq DatasetBuilder {'attributes': {'description': 'frequency value', 'namespace': 'hdmf-common', 'neurodata_type': 'VectorData', 'object_id': 'bcab779c-03d0-471c-b9b1-d4ede3c2311d'}, 'data': <HDF5 dataset "freq": shape (257,), type "<f4">}, 'id': root/acquisition/_iblmic_audioSpectrogram/bands/id DatasetBuilder {'attributes': {'namespace': 'hdmf-common', 'neurodata_type': 'ElementIdentifiers', 'object_id': '7c86ac8a-201f-4a90-9f09-1c9cd07c6eb6'}, 'data': <HDF5 dataset "id": shape (257,), type "<i4">}}, 'links': {}}, "Could not construct FrequencyBandsTable object due to: column must have the same number of rows as 'id'"))
2026-10-05T13:44:23Z INFO [2194/2500] 5d2e1cd2-fbff-453b-ba75-8211ed9b8343: valid; 2.6 s; peak memory 8465 MiB.
2026-10-05T13:44:26Z INFO [2195/2500] 5d2e96ce-c64b-4b74-b9c4-528c882b631e: valid; 2.8 s; peak memory 8465 MiB.
2026-10-05T13:45:40Z INFO [2196/2500] 5d2efd7e-466a-4deb-908a-6fc67e96c659: valid; 73.4 s; peak memory 8581 MiB.
2026-10-05T13:45:45Z WARNING 5d2f556c-e8e9-43dd-9d82-fd8d336c259a: failed while opening the NWB file (ConstructError: (root/acquisition/_iblmic_audioSpectrogram/bands GroupBuilder {'attributes': {'colnames': array(['freq'], dtype=object), 'description': 'spectogram frequencies', 'namespace': 'core', 'neurodata_type': 'FrequencyBandsTable', 'object_id': 'e503a22e-58da-4daf-b8c6-0aab8bc6f71b'}, 'groups': {}, 'datasets': {'freq': root/acquisition/_iblmic_audioSpectrogram/bands/freq DatasetBuilder {'attributes': {'description': 'frequency value', 'namespace': 'hdmf-common', 'neurodata_type': 'VectorData', 'object_id': '72367ea2-85c3-427a-8f69-6ba723ca46d8'}, 'data': <HDF5 dataset "freq": shape (257,), type "<f4">}, 'id': root/acquisition/_iblmic_audioSpectrogram/bands/id DatasetBuilder {'attributes': {'namespace': 'hdmf-common', 'neurodata_type': 'ElementIdentifiers', 'object_id': '5475945c-7a24-492b-b9b6-2d90f1c26332'}, 'data': <HDF5 dataset "id": shape (257,), type "<i4">}}, 'links': {}}, "Could not construct FrequencyBandsTable object due to: column must have the same number of rows as 'id'"))
2026-10-05T13:45:46Z INFO [2198/2500] 5d2f5db1-e2bc-4be6-8927-892fc41519b2: valid; 1.4 s; peak memory 8581 MiB.
2026-10-05T13:45:47Z INFO [2199/2500] 5d2faaa2-4ac1-42fc-a856-26381b1dda31: valid; 1.3 s; peak memory 8581 MiB.
2026-10-05T13:46:27Z INFO [2200/2500] 5d2faca3-a2fe-41e1-b414-8df0e1284b6f: not valid; 39.9 s; peak memory 8581 MiB.
2026-10-05T13:46:28Z INFO [2200/2500] 5d2faca3-a2fe-41e1-b414-8df0e1284b6f: checkpointed 125710 records.
2026-10-05T13:46:29Z INFO [2201/2500] 5d306904-af7e-4ee0-991f-ceaa438a7157: valid; 1.5 s; peak memory 8581 MiB.
2026-10-05T13:46:32Z INFO [2202/2500] 5d30ccfc-32be-45b1-b42b-e17ca853ec47: valid; 2.4 s; peak memory 8581 MiB.
2026-10-05T13:46:34Z INFO [2203/2500] 5d30ee2a-8502-4a5a-9945-1b781238c082: not valid; 2.5 s; peak memory 8581 MiB.
2026-10-05T13:46:36Z INFO [2204/2500] 5d31802a-4e92-4dc3-a068-4de97c298d83: valid; 1.9 s; peak memory 8581 MiB.
2026-10-05T13:46:38Z INFO [2205/2500] 5d31b89a-b774-4a3b-91ec-6b903d13e355: valid; 1.5 s; peak memory 8581 MiB.
2026-10-05T13:46:40Z INFO [2206/2500] 5d32050b-0e95-4f3a-bd0a-df1e7cad607c: valid; 2.5 s; peak memory 8581 MiB.
2026-10-05T13:46:42Z INFO [2207/2500] 5d32554b-312b-45ce-9d1c-12713029b945: not valid; 2.0 s; peak memory 8581 MiB.
2026-10-05T13:46:44Z INFO [2208/2500] 5d3277a2-bc22-447e-a9dd-cbc2d7ee23d1: not valid; 1.5 s; peak memory 8581 MiB.
2026-10-05T13:46:45Z INFO [2209/2500] 5d32d2af-2d69-4c11-aece-ae3780f78200: valid; 1.2 s; peak memory 8581 MiB.
2026-10-05T13:46:48Z INFO [2210/2500] 5d336263-fd2b-4b0a-8450-4e3c4c05e6d9: valid; 2.6 s; peak memory 8581 MiB.
2026-10-05T13:46:55Z INFO [2211/2500] 5d339143-ec73-40f8-adde-addfd7ddebbc: valid; 7.4 s; peak memory 8589 MiB.
2026-10-05T13:46:56Z INFO [2212/2500] 5d33aa9c-d15e-4d63-a4db-c8971830ec64: valid; 1.4 s; peak memory 8589 MiB.
2026-10-05T13:46:59Z INFO [2213/2500] 5d33eb45-b97c-4eae-bdc4-cc0be4abac21: valid; 2.2 s; peak memory 8593 MiB.
2026-10-05T13:47:03Z INFO [2214/2500] 5d33ef78-fd60-492e-b0de-0c1317abe871: valid; 4.6 s; peak memory 8593 MiB.
2026-10-05T13:47:04Z INFO [2215/2500] 5d341c6e-4ff0-4de9-add3-cb9a3ef3c8cf: valid; 1.2 s; peak memory 8593 MiB.
2026-10-05T13:47:07Z INFO [2216/2500] 5d347b78-80d9-4a77-8a90-4897169c13ab: valid; 2.4 s; peak memory 8593 MiB.
2026-10-05T13:47:08Z INFO [2217/2500] 5d349b68-4d94-4502-8554-4405447f54ad: valid; 1.0 s; peak memory 8593 MiB.
2026-10-05T13:47:09Z INFO [2218/2500] 5d34cfac-b0df-44fe-963d-8a4d33ab7d26: valid; 1.5 s; peak memory 8593 MiB.
2026-10-05T13:47:11Z INFO [2219/2500] 5d3521b5-1014-47e5-8eca-e6ad231bb735: valid; 2.1 s; peak memory 8593 MiB.
2026-10-05T13:47:15Z INFO [2220/2500] 5d35750f-eb9c-4508-b060-9e56a3dec4bb: valid; 3.3 s; peak memory 8593 MiB.
2026-10-05T13:47:22Z INFO [2221/2500] 5d3596bd-4cc7-40c5-991e-96ae57cd1f45: valid; 7.6 s; peak memory 8593 MiB.
2026-10-05T13:47:24Z INFO [2222/2500] 5d35ec32-2039-4aee-94cd-fbeaff87b7c9: not valid; 2.0 s; peak memory 8593 MiB.
2026-10-05T13:47:26Z INFO [2223/2500] 5d360439-23f8-47f3-92b5-f38666bab3b5: not valid; 1.9 s; peak memory 8593 MiB.
2026-10-05T13:47:30Z INFO [2224/2500] 5d365d12-7f6c-4299-a091-4adb3209bb53: not valid; 3.7 s; peak memory 8593 MiB.
2026-10-05T13:47:32Z INFO [2225/2500] 5d37173e-526c-4f1a-b4b0-8d1bd2b72724: valid; 2.6 s; peak memory 8593 MiB.
2026-10-05T13:47:34Z INFO [2226/2500] 5d38e428-72d6-4a7f-92e9-a6b2341d9d16: valid; 2.0 s; peak memory 8593 MiB.
2026-10-05T13:47:36Z INFO [2227/2500] 5d39b361-937b-43d6-a7ec-1e0de4f805b8: valid; 1.3 s; peak memory 8593 MiB.
2026-10-05T13:47:38Z INFO [2228/2500] 5d39b92a-069e-44d6-92e0-8a5e8606b138: valid; 2.6 s; peak memory 8593 MiB.
2026-10-05T13:47:41Z INFO [2229/2500] 5d39fede-9df2-4a06-922b-1a0a30a8b30a: valid; 2.1 s; peak memory 8593 MiB.
2026-10-05T13:47:43Z INFO [2230/2500] 5d3a5408-cff8-4626-b597-8d0f1b4df17b: valid; 2.5 s; peak memory 8593 MiB.
2026-10-05T13:47:46Z INFO [2231/2500] 5d3a84af-29d3-418e-9f53-0447edd8f931: valid; 3.5 s; peak memory 8593 MiB.
2026-10-05T13:47:59Z INFO [2232/2500] 5d3b66ef-117d-46cc-a221-d4b05fc85ed4: valid; 12.1 s; peak memory 8593 MiB.
2026-10-05T13:48:00Z INFO [2233/2500] 5d3b7120-da5b-4afd-8ef4-d58e9047774d: valid; 1.1 s; peak memory 8593 MiB.
2026-10-05T13:48:04Z INFO [2234/2500] 5d3be74a-0284-444d-80e3-d8d616013060: valid; 4.4 s; peak memory 8593 MiB.
2026-10-05T13:48:06Z INFO [2235/2500] 5d3d9e61-f0e3-4535-aef8-d028af14e471: valid; 2.2 s; peak memory 8593 MiB.
2026-10-05T13:48:08Z INFO [2236/2500] 5d3db6c0-b660-4086-b3d6-69704cd7aa19: valid; 1.7 s; peak memory 8593 MiB.
2026-10-05T13:48:10Z INFO [2237/2500] 5d3e384a-bd04-420e-b822-4130e9bf597d: valid; 1.8 s; peak memory 8593 MiB.
2026-10-05T13:48:12Z INFO [2238/2500] 5d3ecce6-2c79-4268-beaf-1ee4cb43a28e: not valid; 2.2 s; peak memory 8593 MiB.
2026-10-05T13:48:14Z INFO [2239/2500] 5d3ed4b3-8378-4eae-a1cb-e3796e8c811b: valid; 2.0 s; peak memory 8593 MiB.
2026-10-05T13:48:15Z INFO [2240/2500] 5d3fbde0-9329-43a3-a284-9f847acf9386: valid; 1.3 s; peak memory 8593 MiB.
2026-10-05T13:48:17Z INFO [2241/2500] 5d403600-7d98-4ac7-a119-d07a99cf8340: valid; 1.4 s; peak memory 8593 MiB.
2026-10-05T13:48:18Z INFO [2242/2500] 5d403911-4ffd-4513-967d-17e6da8d54a9: not valid; 1.7 s; peak memory 8593 MiB.
2026-10-05T13:48:20Z INFO [2243/2500] 5d404df9-c7b7-4185-8bb9-e6e513aa69ef: valid; 1.6 s; peak memory 8593 MiB.
2026-10-05T13:48:21Z INFO [2244/2500] 5d408c9c-ce77-4f4d-a726-dfbc21735619: valid; 1.1 s; peak memory 8593 MiB.
2026-10-05T13:48:24Z INFO [2245/2500] 5d40f22e-6094-423a-b821-176c3c52a102: valid; 3.3 s; peak memory 8593 MiB.
2026-10-05T13:48:26Z INFO [2246/2500] 5d418d92-2398-4636-8fb3-d120b4576481: not valid; 2.0 s; peak memory 8593 MiB.
2026-10-05T13:48:28Z INFO [2247/2500] 5d41ae8f-c8cf-43a9-9d7a-d3578a60092a: valid; 1.2 s; peak memory 8593 MiB.
2026-10-05T13:48:44Z INFO [2248/2500] 5d41dc8a-c19e-4309-ad36-188931a3e8b1: valid; 16.3 s; peak memory 8712 MiB.
2026-10-05T13:48:45Z INFO [2249/2500] 5d421b79-29b5-4a16-beeb-3466a4f944d7: valid; 1.2 s; peak memory 8712 MiB.
2026-10-05T13:48:47Z INFO [2250/2500] 5d4323e9-54e7-461c-b173-db9b8598e7e8: valid; 2.0 s; peak memory 8712 MiB.
2026-10-05T13:48:48Z INFO [2250/2500] 5d4323e9-54e7-461c-b173-db9b8598e7e8: checkpointed 125760 records.
2026-10-05T13:48:50Z INFO [2251/2500] 5d437196-e973-4ea6-83a8-7d33c745eb80: not valid; 1.5 s; peak memory 8712 MiB.
2026-10-05T13:48:52Z INFO [2252/2500] 5d43879b-5543-4698-87f1-cb06c21bb048: valid; 2.0 s; peak memory 8712 MiB.
2026-10-05T13:48:57Z INFO [2253/2500] 5d43a537-abba-4405-a6fc-b9db01cc3364: valid; 5.9 s; peak memory 8712 MiB.
2026-10-05T13:48:58Z WARNING 5d44c348-3263-4310-b2b9-bf20aaeab997: failed while retrieving asset information from the DANDI API (NotFoundError: No such Dandiset: 001533)
2026-10-05T13:49:03Z INFO [2255/2500] 5d44dd9e-53b4-4895-b749-ae33b3c55b27: valid; 5.6 s; peak memory 8712 MiB.
2026-10-05T13:49:05Z INFO [2256/2500] 5d44e4aa-c299-4ea7-8204-2caf9ece9de8: valid; 2.1 s; peak memory 8712 MiB.
2026-10-05T13:49:07Z INFO [2257/2500] 5d4510cb-d717-4cd7-9bd8-487f99c6b961: valid; 2.0 s; peak memory 8712 MiB.
2026-10-05T13:49:09Z INFO [2258/2500] 5d455f37-a26b-4fa2-8ae0-746d1a6ae59d: valid; 1.5 s; peak memory 8712 MiB.
2026-10-05T13:49:12Z INFO [2259/2500] 5d4562ee-f691-4eb6-a18b-53444026b8c4: valid; 3.3 s; peak memory 8712 MiB.
2026-10-05T13:49:13Z INFO [2260/2500] 5d456de7-b9e8-4c44-bdd4-2bb029063222: valid; 1.3 s; peak memory 8712 MiB.
2026-10-05T13:49:16Z INFO [2261/2500] 5d4598af-8567-4dac-b3ec-0d9ab4af966c: valid; 2.1 s; peak memory 8712 MiB.
2026-10-05T13:49:20Z INFO [2262/2500] 5d45ddfa-8f52-4265-9088-dbbbb47d6379: not valid; 4.5 s; peak memory 8712 MiB.
2026-10-05T13:49:24Z INFO [2263/2500] 5d46527a-f17c-4d27-8d63-d0e96f3a7f9e: valid; 4.3 s; peak memory 8712 MiB.
2026-10-05T13:49:24Z WARNING 5d46a2bf-1d39-4986-9512-fd7bdd82e5e5: failed while retrieving asset information from the DANDI API (NotFoundError: No asset at path 'sub-parkinson-simulated-beta/sub-parkinson-simulated-beta_ses-5332_ecephys.nwb' in version 0.250327.2220. Verify the path is correct and the asset exists in this version. Use 'dandi ls' to list available assets.)
2026-10-05T13:49:28Z INFO [2265/2500] 5d46b542-3ef2-448c-9b41-94064de78fef: valid; 3.1 s; peak memory 8712 MiB.
2026-10-05T13:49:29Z INFO [2266/2500] 5d46f9d1-2804-4f80-8453-2e343e001eea: valid; 1.4 s; peak memory 8712 MiB.
2026-10-05T13:49:31Z INFO [2267/2500] 5d477534-e431-4423-ab0d-ed3bce06a601: valid; 2.5 s; peak memory 8712 MiB.
2026-10-05T13:49:33Z INFO [2268/2500] 5d478eb5-8970-4db1-9ed3-6626f6bdc637: not valid; 2.0 s; peak memory 8712 MiB.
2026-10-05T13:49:36Z INFO [2269/2500] 5d479b7a-e5cd-4df2-b770-d4e0fb9e8b83: valid; 2.8 s; peak memory 8712 MiB.
2026-10-05T13:49:38Z INFO [2270/2500] 5d483c94-9711-493c-aa4c-c71ad220b137: valid; 1.5 s; peak memory 8712 MiB.
2026-10-05T13:49:41Z INFO [2271/2500] 5d4922b3-1a18-4d28-a2d8-e7c01fc5ede3: valid; 2.9 s; peak memory 8712 MiB.
2026-10-05T13:49:42Z INFO [2272/2500] 5d49e878-7d17-4fc2-95f7-97c8a49e9ee2: valid; 1.3 s; peak memory 8712 MiB.
2026-10-05T13:49:43Z INFO [2273/2500] 5d49f6ae-6a47-4c7a-b667-9c9356aa7c1c: valid; 1.3 s; peak memory 8712 MiB.
2026-10-05T13:49:45Z INFO [2274/2500] 5d4a06ab-487d-496d-a105-4d6b4ecc1218: valid; 1.7 s; peak memory 8712 MiB.
2026-10-05T13:50:22Z INFO [2275/2500] 5d4a737a-2601-483b-a94d-f136b4b732a1: valid; 37.2 s; peak memory 9345 MiB.
2026-10-05T13:50:26Z INFO [2276/2500] 5d4b0703-15e0-46df-8eaa-d27113e96dca: valid; 3.7 s; peak memory 9345 MiB.
2026-10-05T13:50:29Z INFO [2277/2500] 5d4c0f83-d712-4762-b01e-3bd5d5397a63: valid; 3.1 s; peak memory 9345 MiB.
2026-10-05T13:50:33Z INFO [2278/2500] 5d4d394e-5328-463b-b3fe-a1ba620991b3: not valid; 4.2 s; peak memory 9345 MiB.
2026-10-05T13:50:33Z WARNING 5d4d8f54-5408-44a8-8c6b-033331eb1f7a: failed while retrieving asset information from the DANDI API (NotFoundError: No asset at path 'sub-parkinson-simulated-lfp/sub-parkinson-simulated-lfp_ses-5757_ecephys.nwb' in version 0.250327.2220. Verify the path is correct and the asset exists in this version. Use 'dandi ls' to list available assets.)
2026-10-05T13:50:34Z INFO [2280/2500] 5d4e381f-82c4-481f-87f4-c8cd19ec6707: valid; 1.2 s; peak memory 9345 MiB.
2026-10-05T13:50:35Z WARNING 5d4e8cb2-4078-47fa-aca2-f92dc34bf0f4: failed while opening the NWB file (PathNotFoundError: nothing found at path '')
2026-10-05T13:50:37Z INFO [2282/2500] 5d4ec889-7e9c-4813-b4ab-23aaaaa02731: valid; 1.4 s; peak memory 9345 MiB.
2026-10-05T13:50:38Z INFO [2283/2500] 5d4ee375-97bc-48b8-a650-fa2525124668: not valid; 1.4 s; peak memory 9345 MiB.
2026-10-05T13:50:40Z INFO [2284/2500] 5d50931c-c147-4877-8708-21fe18c5497c: valid; 2.2 s; peak memory 9345 MiB.
2026-10-05T13:50:41Z INFO [2285/2500] 5d50a5d9-7026-447d-b22c-f5716f349907: valid; 1.3 s; peak memory 9345 MiB.
2026-10-05T13:50:44Z INFO [2286/2500] 5d50dacd-13a8-476f-8386-1a5aa886d61f: valid; 2.3 s; peak memory 9345 MiB.
2026-10-05T13:50:49Z INFO [2287/2500] 5d513f37-67d5-499c-9bad-45bf01a3dc86: valid; 4.9 s; peak memory 9345 MiB.
2026-10-05T13:50:51Z INFO [2288/2500] 5d51fc2d-502e-42dc-a0fa-3f49522fe570: valid; 2.1 s; peak memory 9345 MiB.
2026-10-05T13:50:52Z INFO [2289/2500] 5d5371c1-e7ba-44f4-828f-6ab03c7047b3: valid; 1.3 s; peak memory 9345 MiB.
2026-10-05T13:50:52Z WARNING 5d53817e-1676-40f2-a5d5-b0bf6f283b9e: failed while retrieving asset information from the DANDI API (NotFoundError: No asset at path 'sub-440959/sub-440959_ses-20190223T173853_behavior+ecephys+ogen.nwb' in version 0.231012.2129. Verify the path is correct and the asset exists in this version. Use 'dandi ls' to list available assets.)
2026-10-05T13:51:02Z INFO [2291/2500] 5d539aba-3b3f-4f2b-9d35-870d483df71e: valid; 9.3 s; peak memory 9345 MiB.
2026-10-05T13:51:03Z INFO [2292/2500] 5d53e988-17dd-47f2-83b6-30e9a52aab84: valid; 1.3 s; peak memory 9345 MiB.
2026-10-05T13:51:05Z INFO [2293/2500] 5d54654d-34d2-48a5-bf1f-bb941a472f70: valid; 2.6 s; peak memory 9345 MiB.
2026-10-05T13:51:07Z INFO [2294/2500] 5d547b1b-ded8-41e8-85e1-563740028621: valid; 2.1 s; peak memory 9345 MiB.
2026-10-05T13:51:09Z INFO [2295/2500] 5d555c0d-9e3b-4033-a68d-2b42b51ae295: valid; 1.7 s; peak memory 9345 MiB.
2026-10-05T13:51:25Z INFO [2296/2500] 5d557fc0-1e9b-47ff-9f1b-fc7ecec79fc7: valid; 15.5 s; peak memory 9345 MiB.
2026-10-05T13:51:27Z INFO [2297/2500] 5d567b7e-691f-41ae-afd7-663e134bf466: valid; 2.4 s; peak memory 9345 MiB.
2026-10-05T13:51:29Z INFO [2298/2500] 5d57391d-c434-4ad8-9f18-aafdf7a450aa: not valid; 1.7 s; peak memory 9345 MiB.
2026-10-05T13:51:31Z INFO [2299/2500] 5d579422-1f0e-4f45-8e8e-80de9080d882: valid; 2.3 s; peak memory 9345 MiB.
2026-10-05T13:51:33Z INFO [2300/2500] 5d57e252-406f-42db-a0af-bcc1e07c7ed7: not valid; 1.8 s; peak memory 9345 MiB.
2026-10-05T13:51:34Z INFO [2300/2500] 5d57e252-406f-42db-a0af-bcc1e07c7ed7: checkpointed 125810 records.
2026-10-05T13:51:36Z INFO [2301/2500] 5d589bdb-938e-4eb0-a4a0-1bbaea4dda33: valid; 1.9 s; peak memory 9345 MiB.
2026-10-05T13:51:37Z INFO [2302/2500] 5d59015e-d941-47b8-8235-b9c946ac10c0: valid; 1.5 s; peak memory 9345 MiB.
2026-10-05T13:51:38Z INFO [2303/2500] 5d592974-083f-44df-8c8c-56f23d51e00f: valid; 1.4 s; peak memory 9345 MiB.
2026-10-05T13:51:40Z INFO [2304/2500] 5d594e9c-6feb-4c01-aff3-41b1f9ed0703: valid; 2.0 s; peak memory 9345 MiB.
2026-10-05T13:51:42Z INFO [2305/2500] 5d5a16db-7b36-46fb-9d1b-f59525529fdf: valid; 1.3 s; peak memory 9345 MiB.
2026-10-05T13:51:45Z INFO [2306/2500] 5d5ab874-81eb-48ef-b70a-bc90cbc99fc4: valid; 3.7 s; peak memory 9345 MiB.
2026-10-05T13:51:47Z INFO [2307/2500] 5d5afb35-38b6-4e06-9974-42ebf47677c2: valid; 1.4 s; peak memory 9345 MiB.
2026-10-05T13:51:57Z INFO [2308/2500] 5d5bce4d-ad3b-4b3a-b06b-a22b1d9d0b34: valid; 10.3 s; peak memory 9345 MiB.
2026-10-05T13:51:59Z INFO [2309/2500] 5d5bd301-503b-47a1-89fe-404e03bd936a: valid; 2.3 s; peak memory 9345 MiB.
2026-10-05T13:53:42Z INFO [2310/2500] 5d5d2bbc-a7b0-4200-921b-f271c84c0ddb: valid; 102.9 s; peak memory 9345 MiB.
2026-10-05T13:53:52Z INFO [2311/2500] 5d5d2f94-4bae-42bc-8f2a-361d37f7f96b: valid; 9.4 s; peak memory 9345 MiB.
2026-10-05T13:53:53Z INFO [2312/2500] 5d5d4a05-0e3c-4933-84a8-47274e21ed07: valid; 1.3 s; peak memory 9345 MiB.
2026-10-05T13:53:55Z INFO [2313/2500] 5d5e0ed7-b143-4052-8e47-ee84b912b355: valid; 1.5 s; peak memory 9345 MiB.
2026-10-05T13:53:56Z INFO [2314/2500] 5d5e4f38-e2d6-4d89-a069-98a4361c368c: valid; 1.5 s; peak memory 9345 MiB.
2026-10-05T13:54:03Z INFO [2315/2500] 5d5e6772-a71a-4dca-bbf0-ad8f18f7a860: not valid; 7.2 s; peak memory 9345 MiB.
2026-10-05T13:54:04Z INFO [2316/2500] 5d5eebfe-3961-44d5-ba3c-a069f8dedb11: valid; 1.0 s; peak memory 9345 MiB.
2026-10-05T13:54:07Z INFO [2317/2500] 5d5f13b7-756b-4bfc-ac54-3013687f1a67: valid; 3.2 s; peak memory 9345 MiB.
2026-10-05T13:54:09Z INFO [2318/2500] 5d5f2a64-faa2-4c22-9d5c-d008923fb42d: not valid; 1.6 s; peak memory 9345 MiB.
2026-10-05T13:54:11Z INFO [2319/2500] 5d5f764c-698e-42b0-acf7-eca194437cfb: valid; 2.2 s; peak memory 9345 MiB.
2026-10-05T13:54:14Z INFO [2320/2500] 5d602af1-48cc-4b17-b83c-852105f806ec: valid; 2.4 s; peak memory 9345 MiB.
2026-10-05T13:54:15Z INFO [2321/2500] 5d605f86-b4d4-4c2a-8f92-aa4388b1380d: valid; 1.0 s; peak memory 9345 MiB.
2026-10-05T13:54:18Z INFO [2322/2500] 5d60940c-6548-4503-bbea-179a36a72145: valid; 3.4 s; peak memory 9345 MiB.
2026-10-05T13:54:20Z INFO [2323/2500] 5d60f6d7-4ab1-40f8-8ed5-5ed46e0b553c: not valid; 1.6 s; peak memory 9345 MiB.
2026-10-05T13:54:22Z INFO [2324/2500] 5d60f6f0-bd8a-44c7-9ff5-88f4976364a8: valid; 2.0 s; peak memory 9345 MiB.
2026-10-05T13:54:31Z INFO [2325/2500] 5d6119e6-c30a-43a6-ae97-3a4b23011755: valid; 9.3 s; peak memory 9345 MiB.
2026-10-05T13:54:34Z INFO [2326/2500] 5d611e78-3d33-41c0-ba10-590dea24b2aa: valid; 2.8 s; peak memory 9345 MiB.
2026-10-05T13:54:36Z INFO [2327/2500] 5d6155b0-6f76-4c28-b37e-f70363c913a8: not valid; 1.8 s; peak memory 9345 MiB.
2026-10-05T13:54:37Z INFO [2328/2500] 5d61bb5e-4170-4eed-bccf-865ea84d88c7: valid; 1.5 s; peak memory 9345 MiB.
2026-10-05T13:54:40Z INFO [2329/2500] 5d61e53b-75af-465c-af9b-cc441f5e3d74: valid; 2.7 s; peak memory 9345 MiB.
2026-10-05T13:54:42Z INFO [2330/2500] 5d61f5c0-4dde-482a-9612-98a01b2318ff: valid; 2.1 s; peak memory 9345 MiB.
2026-10-05T13:54:44Z INFO [2331/2500] 5d624bc8-e340-42ac-b486-53306de356a0: valid; 2.2 s; peak memory 9345 MiB.
2026-10-05T13:55:03Z INFO [2332/2500] 5d62512a-f974-44ac-b58d-d5cb8d0ff7d3: not valid; 18.7 s; peak memory 9345 MiB.
2026-10-05T13:55:04Z INFO [2333/2500] 5d6334a4-a151-4821-b9a1-877536c4a4ba: valid; 1.4 s; peak memory 9345 MiB.
2026-10-05T13:55:07Z INFO [2334/2500] 5d647077-89cf-4de5-bcf3-ff9541d42b2d: valid; 2.5 s; peak memory 9345 MiB.
2026-10-05T13:55:23Z INFO [2335/2500] 5d64e203-b2ea-4092-8b6a-5cedf307e6f9: valid; 16.7 s; peak memory 9345 MiB.
2026-10-05T13:55:28Z INFO [2336/2500] 5d658b67-82a9-4314-ada3-76b4c041211c: not valid; 4.7 s; peak memory 9345 MiB.
2026-10-05T13:55:35Z INFO [2337/2500] 5d65cf39-e692-4f63-94e5-6bc931460b49: not valid; 7.2 s; peak memory 9345 MiB.
2026-10-05T13:55:37Z INFO [2338/2500] 5d65e5e6-a1a1-4988-92e5-f3a5f2593aa5: valid; 2.0 s; peak memory 9345 MiB.
2026-10-05T13:55:39Z INFO [2339/2500] 5d65e8ad-e1fb-4d0b-b119-513b0af21ab1: valid; 1.7 s; peak memory 9345 MiB.
2026-10-05T13:55:41Z INFO [2340/2500] 5d668963-348d-422c-a614-c2d4b8969699: valid; 2.0 s; peak memory 9345 MiB.
2026-10-05T13:55:42Z INFO [2341/2500] 5d675950-230f-42c8-8165-7acd72468918: valid; 1.4 s; peak memory 9345 MiB.
2026-10-05T13:55:44Z INFO [2342/2500] 5d6848d0-0856-4208-b2f3-8084877d511d: valid; 1.5 s; peak memory 9345 MiB.
2026-10-05T13:55:45Z INFO [2343/2500] 5d689959-8aac-4e7d-a138-ee4b6baec347: valid; 1.5 s; peak memory 9345 MiB.
2026-10-05T13:55:48Z INFO [2344/2500] 5d6923bc-9768-4b21-8bb5-ca962cecb005: valid; 2.8 s; peak memory 9345 MiB.
2026-10-05T13:55:50Z INFO [2345/2500] 5d699046-aff0-4b8a-8540-f05172a81232: valid; 1.6 s; peak memory 9345 MiB.
2026-10-05T13:55:51Z INFO [2346/2500] 5d6b8651-e112-48e8-a9d5-02263a66eea4: valid; 1.6 s; peak memory 9345 MiB.
2026-10-05T13:55:53Z INFO [2347/2500] 5d6bc4e8-ca21-4f87-8480-f1b2ff86842d: valid; 1.9 s; peak memory 9345 MiB.
2026-10-05T13:55:56Z INFO [2348/2500] 5d6bd2b8-8ed2-4e6c-a5db-7972c99d5e30: valid; 2.6 s; peak memory 9345 MiB.
2026-10-05T13:55:59Z INFO [2349/2500] 5d6bd71f-86a8-44d2-a150-49708ca85a67: valid; 3.3 s; peak memory 9345 MiB.
2026-10-05T13:56:03Z INFO [2350/2500] 5d6cce6e-dcff-4c2e-8f68-9f8476436851: valid; 4.6 s; peak memory 9345 MiB.
2026-10-05T13:56:04Z INFO [2350/2500] 5d6cce6e-dcff-4c2e-8f68-9f8476436851: checkpointed 125860 records.
2026-10-05T13:56:06Z INFO [2351/2500] 5d6d0199-03fa-4846-b913-925fa8e55c35: valid; 1.7 s; peak memory 9345 MiB.
2026-10-05T13:56:07Z INFO [2352/2500] 5d6da9dd-733a-4618-9423-cc00d7ab5fb7: valid; 1.3 s; peak memory 9345 MiB.
2026-10-05T13:56:09Z INFO [2353/2500] 5d6dba67-e21d-4983-8abd-fd6ee6f9573f: valid; 1.2 s; peak memory 9345 MiB.
2026-10-05T13:56:17Z INFO [2354/2500] 5d6df412-f1f1-4445-ae73-37c156e91c56: valid; 8.4 s; peak memory 9345 MiB.
2026-10-05T13:56:19Z INFO [2355/2500] 5d6e41d7-820c-4b3b-8c3b-dbea39890a72: valid; 2.1 s; peak memory 9345 MiB.
2026-10-05T13:56:33Z INFO [2356/2500] 5d6e43c5-facc-43d1-ba02-0dfd24cf08df: valid; 13.9 s; peak memory 9463 MiB.
2026-10-05T13:56:42Z INFO [2357/2500] 5d6ee203-bc50-46a7-905b-030da6d77ab8: not valid; 8.6 s; peak memory 9463 MiB.
2026-10-05T13:56:42Z WARNING 5d6f24f9-1a68-41dc-8b9d-4f0f6e6eeb9c: failed while retrieving asset information from the DANDI API (NotFoundError: No such Dandiset: 000948)
2026-10-05T13:56:44Z INFO [2359/2500] 5d6f2c6a-967f-4afd-9a00-ab7b86fb0314: not valid; 2.4 s; peak memory 9463 MiB.
2026-10-05T13:56:46Z INFO [2360/2500] 5d6fcb70-fab5-4917-a5b2-c2c05ea04e57: valid; 2.3 s; peak memory 9463 MiB.
2026-10-05T13:56:49Z INFO [2361/2500] 5d6fecbb-d945-4704-a78e-42dc84d4617b: valid; 2.2 s; peak memory 9463 MiB.
2026-10-05T13:56:49Z INFO [2362/2500] 5d6ffaf6-2e7b-4230-95e2-fac4948a5cea: not valid; 1.0 s; peak memory 9463 MiB.
2026-10-05T13:56:57Z INFO [2363/2500] 5d713833-0784-4d7a-a438-a875954b1d8a: valid; 7.6 s; peak memory 9463 MiB.
2026-10-05T13:56:59Z INFO [2364/2500] 5d71649a-896d-40cb-b0cd-44203889deff: valid; 1.5 s; peak memory 9463 MiB.
2026-10-05T13:57:00Z INFO [2365/2500] 5d71bca5-cc62-4c0e-99fb-207ea8f3b827: valid; 1.5 s; peak memory 9463 MiB.
2026-10-05T13:57:04Z INFO [2366/2500] 5d7211a2-043e-4bdf-a941-6ae86bcbcc5a: valid; 4.2 s; peak memory 9463 MiB.
2026-10-05T13:57:06Z INFO [2367/2500] 5d722de3-8db3-4810-a37c-0f16c0e99608: valid; 1.4 s; peak memory 9463 MiB.
2026-10-05T13:57:08Z INFO [2368/2500] 5d725d0d-81b1-40af-b200-8ef0077981f4: valid; 2.1 s; peak memory 9463 MiB.
2026-10-05T13:57:09Z INFO [2369/2500] 5d739765-2f84-4cf5-8ceb-944e16c3e00d: valid; 1.3 s; peak memory 9463 MiB.
2026-10-05T13:57:21Z INFO [2370/2500] 5d740f68-e603-4266-8ad6-7f7dec865bce: valid; 11.8 s; peak memory 9463 MiB.
2026-10-05T13:57:26Z INFO [2371/2500] 5d743f0e-bb84-4d72-9202-7dc072be2f7a: valid; 4.8 s; peak memory 9463 MiB.
2026-10-05T13:57:40Z INFO [2372/2500] 5d750104-744e-421d-841e-b74a1d3bab54: valid; 14.0 s; peak memory 9463 MiB.
2026-10-05T13:57:41Z INFO [2373/2500] 5d75390b-f28d-4bbb-b541-db157ba19054: valid; 1.6 s; peak memory 9463 MiB.
2026-10-05T13:57:43Z INFO [2374/2500] 5d755cb0-c284-42a8-9207-ea0c97f20132: valid; 1.5 s; peak memory 9463 MiB.
2026-10-05T13:57:55Z INFO [2375/2500] 5d75ba32-c271-4326-b010-a08b484bfa78: valid; 12.1 s; peak memory 9463 MiB.
2026-10-05T13:57:56Z INFO [2376/2500] 5d779b82-dfd9-4342-b0ea-9f1764ce464d: valid; 1.4 s; peak memory 9463 MiB.
2026-10-05T13:58:00Z INFO [2377/2500] 5d77b0b6-f819-4a96-895a-1259b1a5aac6: valid; 3.5 s; peak memory 9463 MiB.
2026-10-05T13:58:03Z INFO [2378/2500] 5d77e926-ce07-482c-b529-c8b77eb2e61e: valid; 2.8 s; peak memory 9463 MiB.
2026-10-05T13:58:04Z INFO [2379/2500] 5d784fe2-95a1-4b69-97fd-6382fe846d26: valid; 1.6 s; peak memory 9463 MiB.
2026-10-05T13:58:07Z INFO [2380/2500] 5d78594d-bc7c-42e0-8bac-1c8a917a290f: valid; 2.5 s; peak memory 9463 MiB.
2026-10-05T13:58:09Z INFO [2381/2500] 5d785c7d-ad88-411c-9a31-25cdadafc7a2: valid; 2.1 s; peak memory 9463 MiB.
2026-10-05T13:58:22Z INFO [2382/2500] 5d786a9a-e12b-4391-9a7c-d64f92074b32: valid; 13.2 s; peak memory 9463 MiB.
2026-10-05T13:58:25Z INFO [2383/2500] 5d7910fe-b627-4cd7-ab71-b5a04c999ca2: valid; 3.3 s; peak memory 9463 MiB.
2026-10-05T13:58:27Z INFO [2384/2500] 5d791eaa-5f12-42ef-8886-8bfbf19b5436: valid; 1.3 s; peak memory 9463 MiB.
2026-10-05T13:58:28Z INFO [2385/2500] 5d799bf7-5f25-42b6-9cd4-8652bf8ed226: not valid; 1.6 s; peak memory 9463 MiB.
2026-10-05T13:58:31Z INFO [2386/2500] 5d79ff7a-3550-48ef-b80f-011adb3120f4: not valid; 2.4 s; peak memory 9463 MiB.
2026-10-05T13:58:34Z INFO [2387/2500] 5d7a6180-bfbd-44bf-ae40-ab68300861a7: valid; 3.6 s; peak memory 9463 MiB.
2026-10-05T13:58:37Z INFO [2388/2500] 5d7a80d1-776e-499d-a954-98408423ae7e: not valid; 2.8 s; peak memory 9463 MiB.
2026-10-05T13:58:52Z INFO [2389/2500] 5d7b0d31-1372-42bc-a517-b105c6fe793d: not valid; 15.5 s; peak memory 9463 MiB.
2026-10-05T13:58:56Z INFO [2390/2500] 5d7b178f-3390-4fb4-b81c-4dea66fc36a2: valid; 3.4 s; peak memory 9463 MiB.
2026-10-05T13:58:58Z INFO [2391/2500] 5d7b5c41-148b-411d-8d78-7f24cbe623b7: not valid; 2.1 s; peak memory 9463 MiB.
2026-10-05T13:59:01Z INFO [2392/2500] 5d7be223-0ce8-460f-9b8e-0085e85ca1af: valid; 2.7 s; peak memory 9463 MiB.
2026-10-05T13:59:02Z INFO [2393/2500] 5d7bf022-c7a5-4f72-af2d-17189a1d0058: valid; 1.7 s; peak memory 9463 MiB.
2026-10-05T13:59:04Z INFO [2394/2500] 5d7c8132-5a9f-4643-936c-8ef7ed573673: valid; 1.9 s; peak memory 9463 MiB.
2026-10-05T13:59:06Z INFO [2395/2500] 5d7c8efb-2084-4689-926d-51d90d44e067: not valid; 2.1 s; peak memory 9463 MiB.
2026-10-05T13:59:08Z INFO [2396/2500] 5d7d22d3-9656-49bd-9b6e-fc31faf92280: valid; 2.0 s; peak memory 9463 MiB.
2026-10-05T13:59:11Z INFO [2397/2500] 5d7e1b7e-043a-4269-96ca-7634d15758ed: not valid; 2.3 s; peak memory 9463 MiB.
2026-10-05T13:59:13Z INFO [2398/2500] 5d7e5af8-6e54-440e-85ba-3507c4a7bb5d: valid; 2.6 s; peak memory 9463 MiB.
2026-10-05T13:59:15Z INFO [2399/2500] 5d7ea05b-edfa-42f1-8c52-cbd3314078f7: not valid; 1.7 s; peak memory 9463 MiB.
2026-10-05T13:59:17Z INFO [2400/2500] 5d7ea2ed-ea6f-43e4-9d23-19846b900f84: valid; 2.3 s; peak memory 9463 MiB.
2026-10-05T13:59:18Z INFO [2400/2500] 5d7ea2ed-ea6f-43e4-9d23-19846b900f84: checkpointed 125910 records.
2026-10-05T13:59:20Z INFO [2401/2500] 5d809efd-0937-4f47-9d0e-0602626e8620: not valid; 1.7 s; peak memory 9463 MiB.
2026-10-05T13:59:22Z INFO [2402/2500] 5d811043-5ff0-4580-a70b-ae1fd145a0ce: valid; 2.5 s; peak memory 9463 MiB.
2026-10-05T13:59:31Z INFO [2403/2500] 5d81fb5e-6de0-45ca-986c-ca49898ce2bb: valid; 9.1 s; peak memory 9463 MiB.
2026-10-05T13:59:33Z INFO [2404/2500] 5d822470-1b8d-4680-97af-64793388960c: not valid; 2.0 s; peak memory 9463 MiB.
2026-10-05T13:59:36Z INFO [2405/2500] 5d827163-9c85-416c-8719-a5af73f2b9f6: valid; 2.6 s; peak memory 9463 MiB.
2026-10-05T13:59:39Z INFO [2406/2500] 5d832fb5-62f8-42b7-8b86-21276a5f8bab: valid; 3.4 s; peak memory 9463 MiB.
2026-10-05T13:59:39Z WARNING 5d8359d3-13a9-40ce-9853-28ebd0461e61: failed while retrieving asset information from the DANDI API (NotFoundError: No such Dandiset: 000948)
2026-10-05T13:59:50Z INFO [2408/2500] 5d8470a8-67a8-45f6-93f2-d4dfb2ddb812: not valid; 10.5 s; peak memory 9463 MiB.
2026-10-05T13:59:51Z INFO [2409/2500] 5d84e095-1d9f-48cd-92d8-bb0579bb6d29: valid; 1.4 s; peak memory 9463 MiB.
2026-10-05T13:59:53Z INFO [2410/2500] 5d850607-c779-4087-b798-3b6cf007d620: valid; 1.5 s; peak memory 9463 MiB.
2026-10-05T13:59:55Z INFO [2411/2500] 5d85c50c-f027-427e-99a7-8b4b6a259a75: not valid; 2.1 s; peak memory 9463 MiB.
2026-10-05T13:59:56Z INFO [2412/2500] 5d86750d-8ec5-470b-8ce8-a065b9c6aca6: valid; 1.6 s; peak memory 9463 MiB.
2026-10-05T13:59:58Z INFO [2413/2500] 5d867eb7-0aa9-47d1-a8c8-f4f6699ce3d4: not valid; 1.9 s; peak memory 9463 MiB.
2026-10-05T14:00:00Z INFO [2414/2500] 5d8693dc-a35e-4392-af2c-4c43220d2d5b: valid; 1.4 s; peak memory 9463 MiB.
2026-10-05T14:00:00Z WARNING 5d86e1a2-7325-45bf-a899-6541bb78526b: failed while retrieving asset information from the DANDI API (NotFoundError: No asset at path 'sub-716465/sub-716465_ses-1330689294.nwb' in version 0.250311.2145. Verify the path is correct and the asset exists in this version. Use 'dandi ls' to list available assets.)
2026-10-05T14:00:23Z INFO [2416/2500] 5d871799-1dd6-4a09-b925-b7ae561d8c9c: valid; 22.9 s; peak memory 9463 MiB.
2026-10-05T14:00:25Z INFO [2417/2500] 5d88cec0-2290-4756-a52c-4fbb13b09667: valid; 2.4 s; peak memory 9463 MiB.
2026-10-05T14:00:27Z INFO [2418/2500] 5d88e1bf-8573-405d-a3cd-291679fe2f29: valid; 1.4 s; peak memory 9463 MiB.
2026-10-05T14:00:29Z INFO [2419/2500] 5d89243b-eb94-48bb-a61d-4c69b4bff3b8: valid; 2.5 s; peak memory 9463 MiB.
2026-10-05T14:00:31Z INFO [2420/2500] 5d89552c-9ed6-47be-a098-b8816f861f80: not valid; 1.9 s; peak memory 9463 MiB.
2026-10-05T14:00:33Z INFO [2421/2500] 5d898a3c-c191-4669-9c20-4da5539d3170: not valid; 1.9 s; peak memory 9463 MiB.
2026-10-05T14:00:34Z INFO [2422/2500] 5d8a450a-b15f-4c47-b695-4bcc1f167e27: valid; 1.1 s; peak memory 9463 MiB.
2026-10-05T14:00:37Z INFO [2423/2500] 5d8a85ef-04c8-42a9-876f-93b746b0413b: valid; 3.2 s; peak memory 9463 MiB.
2026-10-05T14:00:39Z INFO [2424/2500] 5d8aac12-c751-4407-bff9-5c21dd7da190: valid; 1.4 s; peak memory 9463 MiB.
2026-10-05T14:00:43Z INFO [2425/2500] 5d8ae5fa-3974-4464-9680-b326931d0d78: not valid; 4.9 s; peak memory 9463 MiB.
2026-10-05T14:00:46Z INFO [2426/2500] 5d8b2997-d5ce-4e97-9085-eb2ea8089400: not valid; 3.1 s; peak memory 9463 MiB.
2026-10-05T14:00:49Z INFO [2427/2500] 5d8b967d-05a5-43eb-a364-c34c01ed02d1: valid; 2.2 s; peak memory 9463 MiB.
2026-10-05T14:00:59Z INFO [2428/2500] 5d8bc25b-c347-4e1d-bcc1-f79c9ee7d28f: not valid; 10.7 s; peak memory 9530 MiB.
2026-10-05T14:01:01Z INFO [2429/2500] 5d8c1a6f-10ca-4764-ae71-996ce525e7cc: valid; 1.7 s; peak memory 9530 MiB.
2026-10-05T14:01:03Z INFO [2430/2500] 5d8c28ee-87cd-4000-8879-4025b8038b85: not valid; 1.7 s; peak memory 9530 MiB.
2026-10-05T14:01:05Z INFO [2431/2500] 5d8c38a5-2689-4386-aff1-84ac29e1eac5: valid; 2.2 s; peak memory 9530 MiB.
2026-10-05T14:01:07Z INFO [2432/2500] 5d8c5294-5dd0-4b62-b34b-8e79a09a5111: not valid; 1.5 s; peak memory 9530 MiB.
2026-10-05T14:01:08Z INFO [2433/2500] 5d8c5865-cb9d-41d7-ade4-2f2fd99aeae7: valid; 1.3 s; peak memory 9530 MiB.
2026-10-05T14:01:10Z INFO [2434/2500] 5d8c9cd4-32e2-4ac0-b771-71c2305eba72: not valid; 1.6 s; peak memory 9530 MiB.
2026-10-05T14:01:12Z INFO [2435/2500] 5d8cf808-2b04-4970-90d5-9bbe02f39ad3: valid; 2.8 s; peak memory 9530 MiB.
2026-10-05T14:01:17Z INFO [2436/2500] 5d8d7613-b0ca-4cff-ae5b-1e3951a7ce29: valid; 4.6 s; peak memory 9530 MiB.
2026-10-05T14:01:19Z INFO [2437/2500] 5d8e2cba-c5f2-4847-971f-a930ad0cf0c8: not valid; 1.9 s; peak memory 9530 MiB.
2026-10-05T14:01:20Z INFO [2438/2500] 5d8e9f3d-ba73-41d3-a062-fd90ea1f8a67: valid; 1.6 s; peak memory 9530 MiB.
2026-10-05T14:01:22Z INFO [2439/2500] 5d8eae88-00d9-432f-b68f-997d84b8d9c0: valid; 1.6 s; peak memory 9530 MiB.
2026-10-05T14:01:29Z INFO [2440/2500] 5d8f1faf-69bf-434a-9d34-9444ca29083d: valid; 7.3 s; peak memory 9530 MiB.
2026-10-05T14:01:31Z INFO [2441/2500] 5d8f494b-8465-4abd-bdca-18d891799eed: not valid; 1.7 s; peak memory 9530 MiB.
2026-10-05T14:01:33Z WARNING 5d8f80c1-c653-4b20-91a0-f032e5759999: failed while opening the NWB file (ConstructError: (root/acquisition/_iblmic_audioSpectrogram/bands GroupBuilder {'attributes': {'colnames': array(['freq'], dtype=object), 'description': 'spectogram frequencies', 'namespace': 'core', 'neurodata_type': 'FrequencyBandsTable', 'object_id': '3b5bd9cc-023d-428a-b688-26c884b466bc'}, 'groups': {}, 'datasets': {'freq': root/acquisition/_iblmic_audioSpectrogram/bands/freq DatasetBuilder {'attributes': {'description': 'frequency value', 'namespace': 'hdmf-common', 'neurodata_type': 'VectorData', 'object_id': 'b2537849-73fb-4638-844a-bb26f47184d3'}, 'data': <HDF5 dataset "freq": shape (257,), type "<f4">}, 'id': root/acquisition/_iblmic_audioSpectrogram/bands/id DatasetBuilder {'attributes': {'namespace': 'hdmf-common', 'neurodata_type': 'ElementIdentifiers', 'object_id': '80fb7e1e-2b9e-455e-ae75-fd96af1f7e0e'}, 'data': <HDF5 dataset "id": shape (257,), type "<i4">}}, 'links': {}}, "Could not construct FrequencyBandsTable object due to: column must have the same number of rows as 'id'"))
2026-10-05T14:01:35Z INFO [2443/2500] 5d8fd766-da21-4a94-bdc0-6372a17b847b: valid; 2.0 s; peak memory 9530 MiB.
2026-10-05T14:01:37Z INFO [2444/2500] 5d90cfd4-cd56-4a26-a9a9-3b21634a3220: valid; 1.7 s; peak memory 9530 MiB.
2026-10-05T14:01:38Z INFO [2445/2500] 5d90df42-6e67-45c2-a201-9cda8f07e73f: valid; 1.4 s; peak memory 9530 MiB.
2026-10-05T14:01:43Z INFO [2446/2500] 5d91ea58-78fa-4aef-8b19-2074bd73bdc7: valid; 5.2 s; peak memory 9530 MiB.
2026-10-05T14:01:46Z INFO [2447/2500] 5d91ed69-b445-42b2-b116-6672cffa7545: valid; 2.2 s; peak memory 9530 MiB.
2026-10-05T14:01:47Z INFO [2448/2500] 5d921bd5-d8cc-49e2-a479-3870ccc1f062: not valid; 1.5 s; peak memory 9530 MiB.
2026-10-05T14:01:50Z INFO [2449/2500] 5d92230b-9eea-4a20-99d4-64552f573fbe: valid; 3.0 s; peak memory 9530 MiB.
2026-10-05T14:01:53Z INFO [2450/2500] 5d925f97-17e3-40d6-bbd2-1a6fd8341f03: valid; 2.7 s; peak memory 9530 MiB.
2026-10-05T14:01:54Z INFO [2450/2500] 5d925f97-17e3-40d6-bbd2-1a6fd8341f03: checkpointed 125960 records.
2026-10-05T14:01:56Z WARNING 5d9349b4-8806-4c72-87d9-1c431b23f325: failed while opening the NWB file (ConstructError: (root/acquisition/_iblmic_audioSpectrogram/bands GroupBuilder {'attributes': {'colnames': array(['freq'], dtype=object), 'description': 'spectogram frequencies', 'namespace': 'core', 'neurodata_type': 'FrequencyBandsTable', 'object_id': 'a38ad9c3-fa0c-4dca-a443-0dc56cf191c7'}, 'groups': {}, 'datasets': {'freq': root/acquisition/_iblmic_audioSpectrogram/bands/freq DatasetBuilder {'attributes': {'description': 'frequency value', 'namespace': 'hdmf-common', 'neurodata_type': 'VectorData', 'object_id': '031b5cde-fda1-40b4-9050-f29580c5912e'}, 'data': <HDF5 dataset "freq": shape (257,), type "<f4">}, 'id': root/acquisition/_iblmic_audioSpectrogram/bands/id DatasetBuilder {'attributes': {'namespace': 'hdmf-common', 'neurodata_type': 'ElementIdentifiers', 'object_id': '224101da-f843-49dc-a939-2441c48a6570'}, 'data': <HDF5 dataset "id": shape (257,), type "<i4">}}, 'links': {}}, "Could not construct FrequencyBandsTable object due to: column must have the same number of rows as 'id'"))
2026-10-05T14:01:59Z INFO [2452/2500] 5d93d2f4-b20e-4a85-a3c7-45c0ec4fd1f7: valid; 3.2 s; peak memory 9530 MiB.
2026-10-05T14:02:01Z INFO [2453/2500] 5d93ebde-a3b8-42bd-b4fb-0c6eeadb7335: valid; 2.5 s; peak memory 9530 MiB.
2026-10-05T14:02:04Z INFO [2454/2500] 5d9423cd-f122-4e13-b25e-131b19e76de5: valid; 2.7 s; peak memory 9530 MiB.
2026-10-05T14:02:05Z INFO [2455/2500] 5d949787-f626-424d-a046-eb114d6d5aa4: valid; 1.3 s; peak memory 9530 MiB.
2026-10-05T14:02:07Z INFO [2456/2500] 5d94ad58-c1e1-4045-a1e5-7171a5cefe7c: valid; 1.5 s; peak memory 9530 MiB.
2026-10-05T14:02:15Z INFO [2457/2500] 5d94e45a-b765-46cc-8851-180f1926bce8: not valid; 8.3 s; peak memory 9530 MiB.
2026-10-05T14:02:38Z INFO [2458/2500] 5d94f7f7-daa2-4d2d-93a5-1bd2bc02e141: not valid; 22.6 s; peak memory 9563 MiB.
2026-10-05T14:02:42Z INFO [2459/2500] 5d953b2a-f92b-4b7d-9802-a6b0e839a6b8: not valid; 4.4 s; peak memory 9563 MiB.
2026-10-05T14:02:47Z INFO [2460/2500] 5d95a70b-095d-4f97-bf1f-54fcc7e57df2: not valid; 4.8 s; peak memory 9563 MiB.
2026-10-05T14:02:49Z INFO [2461/2500] 5d95b25f-dbb8-4140-9e4b-edb7f9b49420: valid; 1.4 s; peak memory 9563 MiB.
2026-10-05T14:02:50Z INFO [2462/2500] 5d95c8a5-0775-4a71-b3ff-ef53abb7c225: not valid; 2.0 s; peak memory 9563 MiB.
2026-10-05T14:02:57Z INFO [2463/2500] 5d965308-0f67-4464-9d4d-284ea29cbd6d: valid; 6.0 s; peak memory 9563 MiB.
2026-10-05T14:03:00Z INFO [2464/2500] 5d9714f6-e0e6-43d4-854b-a31ceb0f0de2: valid; 3.8 s; peak memory 9563 MiB.
2026-10-05T14:03:02Z INFO [2465/2500] 5d9727a8-35cd-494a-8a15-e3f025c2acef: not valid; 1.6 s; peak memory 9563 MiB.
2026-10-05T14:03:04Z INFO [2466/2500] 5d977275-9d9d-4712-bdd7-875ffaf2d248: valid; 2.0 s; peak memory 9563 MiB.
2026-10-05T14:03:07Z INFO [2467/2500] 5d977c62-ecdd-4576-8db3-9ec080983de0: not valid; 3.2 s; peak memory 9563 MiB.
2026-10-05T14:03:09Z INFO [2468/2500] 5d994b98-8f01-4307-851e-909c94123039: valid; 1.5 s; peak memory 9563 MiB.
2026-10-05T14:03:10Z INFO [2469/2500] 5d99704b-4c70-4b9e-96f6-7f53ffb62e4d: valid; 1.3 s; peak memory 9563 MiB.
2026-10-05T14:03:12Z INFO [2470/2500] 5d99a556-c6dd-42f3-b14a-b98984ec1f64: valid; 2.0 s; peak memory 9563 MiB.
2026-10-05T14:03:14Z INFO [2471/2500] 5d99c454-5d77-4de4-8975-b84439b5d47f: valid; 1.6 s; peak memory 9563 MiB.
2026-10-05T14:03:18Z INFO [2472/2500] 5d9a58d8-5729-42c2-8e30-4d8151bd638d: not valid; 4.1 s; peak memory 9563 MiB.
2026-10-05T14:03:19Z INFO [2473/2500] 5d9b3eea-cdc2-4274-a403-d1fb500dd0ae: not valid; 1.6 s; peak memory 9563 MiB.
2026-10-05T14:03:21Z INFO [2474/2500] 5d9b60ea-f781-487a-86c9-721c7048cfed: valid; 1.5 s; peak memory 9563 MiB.
2026-10-05T14:03:22Z INFO [2475/2500] 5d9c2165-4686-4a18-ba5b-d426b9fe4ca5: valid; 1.4 s; peak memory 9563 MiB.
2026-10-05T14:03:24Z INFO [2476/2500] 5d9c3093-6e0c-4e23-931a-a52de7f32a93: valid; 1.5 s; peak memory 9563 MiB.
2026-10-05T14:03:28Z INFO [2477/2500] 5d9cb21e-fd59-48d9-932d-905914456459: not valid; 4.5 s; peak memory 9563 MiB.
2026-10-05T14:03:38Z INFO [2478/2500] 5d9d0759-d87b-4aa1-adec-01afc437bb23: valid; 9.5 s; peak memory 9563 MiB.
2026-10-05T14:03:40Z INFO [2479/2500] 5d9d0df2-6fe8-42d8-a402-aacf9edd3fb3: not valid; 1.8 s; peak memory 9563 MiB.
2026-10-05T14:03:42Z INFO [2480/2500] 5d9e25d3-60fa-4ffe-9473-44562c62d8b8: valid; 2.3 s; peak memory 9563 MiB.
2026-10-05T14:03:44Z INFO [2481/2500] 5d9e4dec-5d0d-4000-9278-5547749c16ad: valid; 2.1 s; peak memory 9563 MiB.
2026-10-05T14:03:46Z INFO [2482/2500] 5d9e52fa-4b6e-4a63-9d4a-2ec20f2ac2a4: not valid; 1.9 s; peak memory 9563 MiB.
2026-10-05T14:03:48Z INFO [2483/2500] 5d9e8aa5-4a53-4996-b192-d8cf18e04a8e: not valid; 1.7 s; peak memory 9563 MiB.
2026-10-05T14:03:49Z INFO [2484/2500] 5d9e9231-8800-4ceb-b0a0-96503cbe1ee4: valid; 1.3 s; peak memory 9563 MiB.
2026-10-05T14:03:52Z INFO [2485/2500] 5d9ec506-0ea6-4834-b4ba-741d44af9de1: valid; 2.8 s; peak memory 9563 MiB.
2026-10-05T14:03:53Z INFO [2486/2500] 5d9fade3-f19e-4b71-8de8-77a94b14db78: valid; 1.8 s; peak memory 9563 MiB.
2026-10-05T14:03:55Z WARNING 5da0376d-a9d5-467a-8a15-6eb802b1fcbd: failed while opening the NWB file (ConstructError: (root/acquisition/event_code_meanings GroupBuilder {'attributes': {'colnames': array(['value', 'meaning'], dtype=object), 'description': 'Mapping integer event codes to event labels', 'namespace': 'ndx-events', 'neurodata_type': 'MeaningsTable', 'object_id': '92b89d62-e9f9-45f1-b917-4a7485064bc3'}, 'groups': {}, 'datasets': {'id': root/acquisition/event_code_meanings/id DatasetBuilder {'attributes': {'namespace': 'hdmf-common', 'neurodata_type': 'ElementIdentifiers', 'object_id': '74f2f4e0-4429-462b-b8ae-85e120bd09bd'}, 'data': <HDF5 dataset "id": shape (26,), type "<i8">}, 'meaning': root/acquisition/event_code_meanings/meaning DatasetBuilder {'attributes': {'description': 'The meaning of the value in the parent CategoricalVectorData object.', 'namespace': 'hdmf-experimental', 'neurodata_type': 'VectorData', 'object_id': '71a2f4ec-53fe-4d62-b5ae-53401de9b8e7'}, 'data': <StrDataset for HDF5 dataset "meaning": shape (26,), type "|O">}, 'value': root/acquisition/event_code_meanings/value DatasetBuilder {'attributes': {'description': 'The value of the parent CategoricalVectorData object.', 'namespace': 'hdmf-experimental', 'neurodata_type': 'VectorData', 'object_id': 'b3058cbb-6b08-4e49-ac43-13a0bc4450ed'}, 'data': <HDF5 dataset "value": shape (26,), type "<i8">}}, 'links': {}}, "Could not construct MeaningsTable object due to: MeaningsTable.__init__: missing argument 'target'"))
2026-10-05T14:03:57Z INFO [2488/2500] 5da07a65-2aaf-4da7-871f-9709f237eae1: valid; 1.4 s; peak memory 9563 MiB.
2026-10-05T14:03:59Z INFO [2489/2500] 5da148ce-f9a5-4b10-af70-12740853501c: valid; 2.5 s; peak memory 9563 MiB.
2026-10-05T14:04:02Z INFO [2490/2500] 5da16745-35b6-4344-8a3f-35d276b70f9b: valid; 2.5 s; peak memory 9563 MiB.
2026-10-05T14:04:04Z INFO [2491/2500] 5da17dd5-0e0d-4aa0-b418-7006f8a67d79: valid; 2.4 s; peak memory 9563 MiB.
2026-10-05T14:04:08Z INFO [2492/2500] 5da1cdcb-6900-4178-9a46-484c3ef0f48e: not valid; 4.2 s; peak memory 9563 MiB.
2026-10-05T14:04:10Z INFO [2493/2500] 5da1f443-0ffb-4055-96c1-139ebb4f4139: valid; 1.4 s; peak memory 9563 MiB.
2026-10-05T14:04:12Z INFO [2494/2500] 5da215bd-ba73-49ef-9324-4a2d851ca3e8: valid; 2.1 s; peak memory 9563 MiB.
2026-10-05T14:04:13Z INFO [2495/2500] 5da23808-b3e2-4a0d-a7a2-518e8c030c86: valid; 1.2 s; peak memory 9563 MiB.
2026-10-05T14:04:15Z INFO [2496/2500] 5da2f435-fa8d-4ed7-9d14-674f23d4167f: valid; 1.9 s; peak memory 9563 MiB.
2026-10-05T14:04:42Z INFO [2497/2500] 5da35095-87a7-4a4f-8c63-cfabbed46e2f: not valid; 26.7 s; peak memory 9563 MiB.
2026-10-05T14:04:43Z INFO [2498/2500] 5da3795d-0dec-4ccc-9bbd-5a2d0d6cf772: valid; 1.5 s; peak memory 9563 MiB.
2026-10-05T14:04:47Z INFO [2499/2500] 5da3a069-51a4-41f8-a299-22c21857c8ac: valid; 3.4 s; peak memory 9563 MiB.
2026-10-05T14:04:49Z INFO [2500/2500] 5da3db84-8c11-4cc8-a98c-ac6fd2425f09: not valid; 1.9 s; peak memory 9563 MiB.
2026-10-05T14:04:49Z INFO [2500/2500] 5da3db84-8c11-4cc8-a98c-ac6fd2425f09: checkpointed 126010 records.
2026-10-05T14:04:50Z INFO Wrote 126010 records to /tmp/derivatives/content_id_to_valid_nwb_file.jsonl (2384 new, 116 failed) in 179.7 min (peak memory 9563 MiB).
