2026-10-08T18:26:05Z INFO Logging to /tmp/logs/update_2026-10-08T18-26-05Z.log.
2026-10-08T18:26:05Z INFO Update content-id-to-valid-nwb-file (base directory /tmp).
2026-10-08T18:26:08Z INFO Processing 2500 items (176010 already recorded).
2026-10-08T18:26:11Z INFO [1/2500] aa832031-f01e-462e-b0c8-bbbcf762e040: valid; 3.0 s; peak memory 481 MiB.
2026-10-08T18:26:18Z INFO [2/2500] aa83dee1-2aa8-4778-a5a3-35b493339aac: valid; 7.3 s; peak memory 488 MiB.
2026-10-08T18:26:21Z INFO [3/2500] aa841681-41cf-4bc2-973a-f40a5eab4c47: not valid; 2.2 s; peak memory 496 MiB.
2026-10-08T18:26:23Z INFO [4/2500] aa8470c3-603d-4a17-a9fc-02eee20b0a6d: valid; 2.7 s; peak memory 504 MiB.
2026-10-08T18:26:25Z INFO [5/2500] aa84b50b-7c71-4d21-8cfa-952e36d93dbb: valid; 1.6 s; peak memory 506 MiB.
2026-10-08T18:26:27Z INFO [6/2500] aa850313-935d-4908-819b-5f284f52bf9a: valid; 1.9 s; peak memory 508 MiB.
2026-10-08T18:26:28Z INFO [7/2500] aa8578ae-8298-43df-82bd-639c0fa332a3: valid; 1.4 s; peak memory 511 MiB.
2026-10-08T18:26:44Z INFO [8/2500] aa85c0f1-f48d-40d5-a2ac-04e5b753ff9a: not valid; 15.6 s; peak memory 588 MiB.
2026-10-08T18:26:45Z INFO [9/2500] aa860ee0-4058-4220-9b21-0f56d5592e95: valid; 1.5 s; peak memory 590 MiB.
2026-10-08T18:26:47Z INFO [10/2500] aa8637bc-ed59-4598-8a83-f04548cc7e77: not valid; 1.8 s; peak memory 594 MiB.
2026-10-08T18:26:49Z INFO [11/2500] aa86eadf-8126-468f-971f-6cdd5a176699: not valid; 1.7 s; peak memory 601 MiB.
2026-10-08T18:26:58Z INFO [12/2500] aa86f5fb-4c47-4316-8c94-86cec2066fa4: valid; 8.9 s; peak memory 651 MiB.
2026-10-08T18:27:12Z INFO [13/2500] aa8822a3-7758-4619-9e3d-71e42ef60a47: valid; 14.6 s; peak memory 769 MiB.
2026-10-08T18:27:21Z INFO [14/2500] aa889555-6784-416d-970d-8b031394e36d: valid; 8.6 s; peak memory 785 MiB.
2026-10-08T18:27:23Z INFO [15/2500] aa88bb4f-655b-45a3-bf7e-1b5cf93bc4a8: valid; 2.0 s; peak memory 799 MiB.
2026-10-08T18:27:25Z INFO [16/2500] aa8928d7-149e-42f2-95a3-81e64bd97131: not valid; 2.1 s; peak memory 805 MiB.
2026-10-08T18:27:28Z INFO [17/2500] aa892d6b-9223-4d77-9dd9-3187f3cd63ef: valid; 3.0 s; peak memory 809 MiB.
2026-10-08T18:27:42Z INFO [18/2500] aa896b44-7d02-4d3a-8a07-bee4ba327a28: valid; 14.1 s; peak memory 882 MiB.
2026-10-08T18:27:43Z INFO [19/2500] aa8981eb-3e2e-4cb4-bec7-5bf7a8c4f94f: valid; 1.5 s; peak memory 882 MiB.
2026-10-08T18:27:45Z INFO [20/2500] aa89af5a-138c-4921-93cd-4ab72de95614: not valid; 1.5 s; peak memory 882 MiB.
2026-10-08T18:27:48Z INFO [21/2500] aa89fd25-5277-43fb-b111-a9d98635020d: valid; 2.9 s; peak memory 882 MiB.
2026-10-08T18:29:14Z INFO [22/2500] aa8a1f7d-003b-4e62-995d-5ac8a93c42ed: valid; 85.8 s; peak memory 1910 MiB.
2026-10-08T18:29:15Z INFO [23/2500] aa8a75bf-958e-49f5-b849-b90394fd5857: valid; 1.7 s; peak memory 1910 MiB.
2026-10-08T18:29:17Z INFO [24/2500] aa8af381-ebb4-4304-8969-ab2abb1925f1: valid; 1.4 s; peak memory 1910 MiB.
2026-10-08T18:29:19Z INFO [25/2500] aa8ba888-0b4b-41ad-8686-37d603dda443: valid; 2.4 s; peak memory 1910 MiB.
2026-10-08T18:29:20Z INFO [26/2500] aa8bccd7-8290-4782-9845-407596db1ce9: not valid; 1.4 s; peak memory 1910 MiB.
2026-10-08T18:29:22Z INFO [27/2500] aa8be350-1efc-4feb-93b3-3367283c14f7: valid; 1.4 s; peak memory 1910 MiB.
2026-10-08T18:29:24Z INFO [28/2500] aa8c6a3b-c3f0-41fc-82b9-6f0c56356c1d: valid; 2.4 s; peak memory 1915 MiB.
2026-10-08T18:29:27Z INFO [29/2500] aa8cc95a-b2f6-493e-a6b9-fd53ba231667: not valid; 2.2 s; peak memory 1915 MiB.
2026-10-08T18:29:29Z INFO [30/2500] aa8ccf98-d434-4bb0-8a77-f46829d8eea2: not valid; 1.9 s; peak memory 1915 MiB.
2026-10-08T18:29:30Z INFO [31/2500] aa8d461d-fa2f-4dcb-8e50-1dd41a20ae53: not valid; 1.9 s; peak memory 1915 MiB.
2026-10-08T18:29:33Z INFO [32/2500] aa8dd0b7-fc31-409d-88bc-4d541e230f83: valid; 2.4 s; peak memory 1915 MiB.
2026-10-08T18:29:35Z INFO [33/2500] aa8e63b0-418a-4c6b-9d71-2900f5f3ef9a: valid; 2.0 s; peak memory 1915 MiB.
2026-10-08T18:29:36Z INFO [34/2500] aa8ec00a-c799-4811-b8cf-0d24fa84dfe8: valid; 1.5 s; peak memory 1915 MiB.
2026-10-08T18:29:44Z INFO [35/2500] aa8efaee-96bc-4038-a1fa-99207f5b12b3: valid; 7.6 s; peak memory 1919 MiB.
2026-10-08T18:29:47Z INFO [36/2500] aa8f250d-45c7-4379-8b00-0810a057cb5c: valid; 3.1 s; peak memory 1922 MiB.
2026-10-08T18:29:49Z INFO [37/2500] aa8f3c01-718b-47f2-9efd-415745523d07: valid; 2.2 s; peak memory 1923 MiB.
2026-10-08T18:29:52Z INFO [38/2500] aa8f460d-1dc4-4e02-b3f6-7852a577e383: valid; 3.3 s; peak memory 1933 MiB.
2026-10-08T18:29:53Z INFO [39/2500] aa905b36-e009-4564-b3c9-a487f7053b0b: valid; 1.1 s; peak memory 1933 MiB.
2026-10-08T18:29:58Z INFO [40/2500] aa909400-bdd8-4056-b954-724af06e44a0: valid; 4.3 s; peak memory 1933 MiB.
2026-10-08T18:29:59Z INFO [41/2500] aa913b31-cd74-41f2-afeb-6e715fb9d77c: valid; 1.7 s; peak memory 1933 MiB.
2026-10-08T18:30:01Z INFO [42/2500] aa914c6d-c75a-42ef-953d-b682b631a77c: valid; 1.3 s; peak memory 1933 MiB.
2026-10-08T18:30:03Z INFO [43/2500] aa91c106-c2a0-429d-b450-891d2bb7876b: not valid; 2.0 s; peak memory 1933 MiB.
2026-10-08T18:30:12Z INFO [44/2500] aa924776-c78c-4e20-8733-45b2e5880727: valid; 9.4 s; peak memory 1933 MiB.
2026-10-08T18:30:18Z INFO [45/2500] aa93326a-ce14-4aa0-aabd-3abc0eb10694: valid; 5.8 s; peak memory 1933 MiB.
2026-10-08T18:30:19Z INFO [46/2500] aa952f17-f587-42e5-beb3-ad62bea951ea: valid; 1.4 s; peak memory 1934 MiB.
2026-10-08T18:30:22Z INFO [47/2500] aa96ad91-0133-4413-a9fe-cc2b4d596526: valid; 2.3 s; peak memory 1936 MiB.
2026-10-08T18:30:23Z INFO [48/2500] aa96c255-2470-4635-a66d-277adc2aead2: not valid; 1.6 s; peak memory 1940 MiB.
2026-10-08T18:30:26Z INFO [49/2500] aa9713c4-6ec2-4cdb-b70d-581ca7c6ed53: valid; 3.1 s; peak memory 1955 MiB.
2026-10-08T18:30:29Z INFO [50/2500] aa981e32-59aa-4aff-a454-a0152009a289: valid; 2.8 s; peak memory 1974 MiB.
2026-10-08T18:30:30Z INFO [50/2500] aa981e32-59aa-4aff-a454-a0152009a289: checkpointed 176060 new records.
2026-10-08T18:30:32Z INFO [51/2500] aa984fc1-c391-4d58-8170-9c01be2ab947: valid; 1.4 s; peak memory 1974 MiB.
2026-10-08T18:30:33Z INFO [52/2500] aa986bc6-b9da-4f62-a9bc-b4ba4a87d77a: not valid; 1.7 s; peak memory 1974 MiB.
2026-10-08T18:30:35Z INFO [53/2500] aa98ac02-bb97-4074-8731-67818b4fe544: valid; 1.3 s; peak memory 1974 MiB.
2026-10-08T18:30:37Z INFO [54/2500] aa990a35-e157-47e4-8eac-f2c30d9fa519: not valid; 1.9 s; peak memory 1974 MiB.
2026-10-08T18:30:39Z INFO [55/2500] aa9921d5-2a9d-4b09-b132-3100a9da1c38: valid; 2.8 s; peak memory 1974 MiB.
2026-10-08T18:30:43Z INFO [56/2500] aa9a9d8f-6655-40b8-b9c4-fae42b011c8b: valid; 3.3 s; peak memory 1974 MiB.
2026-10-08T18:30:45Z INFO [57/2500] aa9abaac-10da-4a41-a65b-16510d90bfda: valid; 1.7 s; peak memory 1974 MiB.
2026-10-08T18:31:03Z INFO [58/2500] aa9ad9df-91fd-4321-8f1f-0cce4aef9224: not valid; 18.8 s; peak memory 1974 MiB.
2026-10-08T18:31:05Z INFO [59/2500] aa9afb37-51b8-4c44-886a-66d4f94bf9d8: valid; 2.1 s; peak memory 1974 MiB.
2026-10-08T18:31:18Z INFO [60/2500] aa9b2e6e-ea9d-4ada-8421-14149d1e04d0: valid; 12.6 s; peak memory 1985 MiB.
2026-10-08T18:31:21Z INFO [61/2500] aa9b473e-7a8d-49f7-8f43-9dc8cf7fa613: valid; 2.8 s; peak memory 1989 MiB.
2026-10-08T18:31:22Z INFO [62/2500] aa9bdeb5-63e1-4b0e-a66c-47239d2d6d6f: valid; 1.6 s; peak memory 1989 MiB.
2026-10-08T18:31:25Z INFO [63/2500] aa9c2c2f-2b72-4577-a1ca-88724331fcae: not valid; 2.1 s; peak memory 1989 MiB.
2026-10-08T18:31:26Z INFO [64/2500] aa9c4511-7b1c-4a8c-a9a5-8da11758aec5: valid; 1.6 s; peak memory 1989 MiB.
2026-10-08T18:31:28Z INFO [65/2500] aa9c8bf8-f79c-4e12-be15-5a6b6f574c98: valid; 1.4 s; peak memory 1989 MiB.
2026-10-08T18:31:29Z INFO [66/2500] aa9ce6a4-568a-493d-bba5-3415a06df5ca: valid; 1.3 s; peak memory 1989 MiB.
2026-10-08T18:31:30Z INFO [67/2500] aa9d79b9-2c57-44a9-994a-3bae4499c24e: not valid; 1.1 s; peak memory 1989 MiB.
2026-10-08T18:31:33Z INFO [68/2500] aa9d8ae0-c18c-4883-bd88-7719f5ca2243: valid; 2.5 s; peak memory 1990 MiB.
2026-10-08T18:31:35Z INFO [69/2500] aa9dcfb0-6e18-4681-ad8c-7ada3a0ef8bd: valid; 2.6 s; peak memory 1994 MiB.
2026-10-08T18:31:44Z INFO [70/2500] aa9f1a37-a2d4-44b5-b50a-347531017e7d: valid; 9.0 s; peak memory 2037 MiB.
2026-10-08T18:31:46Z INFO [71/2500] aa9f5edf-156d-41d5-b4e6-ea6413fce533: valid; 2.0 s; peak memory 2043 MiB.
2026-10-08T18:31:48Z WARNING aa9f8e2e-6b86-4e39-b337-591055a9de66: failed while opening the NWB file (ConstructError: (root/acquisition/event_code_meanings GroupBuilder {'attributes': {'colnames': array(['value', 'meaning'], dtype=object), 'description': 'Mapping integer event codes to event labels', 'namespace': 'ndx-events', 'neurodata_type': 'MeaningsTable', 'object_id': '42d0e02c-2c1e-4278-b800-84393f6fd629'}, 'groups': {}, 'datasets': {'id': root/acquisition/event_code_meanings/id DatasetBuilder {'attributes': {'namespace': 'hdmf-common', 'neurodata_type': 'ElementIdentifiers', 'object_id': 'c72afb71-bb7a-412e-b586-e30c77202506'}, 'data': <HDF5 dataset "id": shape (26,), type "<i8">}, 'meaning': root/acquisition/event_code_meanings/meaning DatasetBuilder {'attributes': {'description': 'The meaning of the value in the parent CategoricalVectorData object.', 'namespace': 'hdmf-experimental', 'neurodata_type': 'VectorData', 'object_id': 'bd9c310c-2a5f-40c2-9331-f06936fdccfa'}, 'data': <StrDataset for HDF5 dataset "meaning": shape (26,), type "|O">}, 'value': root/acquisition/event_code_meanings/value DatasetBuilder {'attributes': {'description': 'The value of the parent CategoricalVectorData object.', 'namespace': 'hdmf-experimental', 'neurodata_type': 'VectorData', 'object_id': '3598d0a7-a911-4508-a46e-b831d1065be4'}, 'data': <HDF5 dataset "value": shape (26,), type "<i8">}}, 'links': {}}, "Could not construct MeaningsTable object due to: MeaningsTable.__init__: missing argument 'target'"))
2026-10-08T18:31:48Z WARNING aaa0b70a-1f9a-474d-a127-391d434bd8ff: failed while retrieving asset information from the DANDI API (NotFoundError: No such Dandiset: 001533)
2026-10-08T18:31:50Z INFO [74/2500] aaa11324-2a96-490d-ad80-0e0c92a890c9: valid; 2.5 s; peak memory 2052 MiB.
2026-10-08T18:31:53Z INFO [75/2500] aaa1593f-8601-4e9f-8928-c5e59766547a: valid; 2.5 s; peak memory 2059 MiB.
2026-10-08T18:36:22Z INFO [76/2500] aaa19580-a421-4344-aff2-6fb666c675db: not valid; 269.0 s; peak memory 2743 MiB.
2026-10-08T18:36:32Z INFO [77/2500] aaa1c3eb-e617-49a1-9d1c-4fb03de3e41c: not valid; 9.7 s; peak memory 2809 MiB.
2026-10-08T18:36:37Z INFO [78/2500] aaa1db87-5eda-434d-9d9e-872cccb8366b: valid; 5.6 s; peak memory 2816 MiB.
2026-10-08T18:36:42Z INFO [79/2500] aaa2bc73-1374-4564-9016-f3eb8722d905: not valid; 4.9 s; peak memory 2816 MiB.
2026-10-08T18:36:44Z INFO [80/2500] aaa2c056-362a-45d2-87e8-316d75524765: valid; 2.0 s; peak memory 2816 MiB.
2026-10-08T18:36:46Z INFO [81/2500] aaa2c66c-d60b-4ea1-b5d4-f17344e41bc5: not valid; 2.1 s; peak memory 2816 MiB.
2026-10-08T18:36:49Z INFO [82/2500] aaa41f56-4ea2-45cf-88f1-69e47e3bcc25: valid; 2.3 s; peak memory 2816 MiB.
2026-10-08T18:36:51Z INFO [83/2500] aaa4e5ce-e09a-44b2-a36f-dbb045f8eb69: valid; 2.2 s; peak memory 2816 MiB.
2026-10-08T18:37:15Z INFO [84/2500] aaa4f8d2-5bf4-42c7-98fa-9aa1ef7ddd0a: valid; 24.7 s; peak memory 2816 MiB.
2026-10-08T18:37:18Z INFO [85/2500] aaa626eb-f3b6-418f-ab70-c5ba4a94ce59: valid; 2.7 s; peak memory 2816 MiB.
2026-10-08T18:37:37Z INFO [86/2500] aaa632ec-2d70-4e06-bce9-aa233e123ea7: valid; 19.2 s; peak memory 2816 MiB.
2026-10-08T18:37:40Z INFO [87/2500] aaa63a12-6c70-41e1-a2b4-859d6636eb48: valid; 3.1 s; peak memory 2816 MiB.
2026-10-08T18:37:42Z INFO [88/2500] aaa66741-a13e-4ce2-b3f8-63ea4556bc05: not valid; 1.9 s; peak memory 2816 MiB.
2026-10-08T18:37:51Z INFO [89/2500] aaa67a5a-dfc6-4408-b06b-3633481892f9: valid; 8.5 s; peak memory 2816 MiB.
2026-10-08T18:37:52Z INFO [90/2500] aaa792b2-e206-4a7a-b132-3d763cf16003: valid; 1.4 s; peak memory 2816 MiB.
2026-10-08T18:37:54Z INFO [91/2500] aaa79aa1-17da-4332-b103-f690c10bb83b: valid; 1.5 s; peak memory 2816 MiB.
2026-10-08T18:38:03Z INFO [92/2500] aaa8dec8-a23b-4951-a6d3-bd5396ec266b: valid; 9.6 s; peak memory 2816 MiB.
2026-10-08T18:38:07Z INFO [93/2500] aaa999b4-bb29-4d41-b874-2e70c9535933: valid; 3.2 s; peak memory 2816 MiB.
2026-10-08T18:38:09Z INFO [94/2500] aaa9cbb5-093d-4add-a8dc-a146cb29e4e9: valid; 2.0 s; peak memory 2816 MiB.
2026-10-08T18:38:10Z INFO [95/2500] aaaa1c9f-781a-4a52-9399-39e7ec2c2da3: valid; 1.4 s; peak memory 2816 MiB.
2026-10-08T18:38:12Z INFO [96/2500] aaaa36dc-7ac5-4359-aa72-39babab33730: valid; 1.6 s; peak memory 2816 MiB.
2026-10-08T18:38:13Z WARNING aaaa42d9-01f2-4c30-84c4-cd3bc2508d7d: failed while opening the NWB file (ValueError: Cannot resolve included group spec 'electrodes' with data_type_inc 'ElectrodesTable' because a group spec with the same name already exists with data_type_inc 'DynamicTable', and data type 'DynamicTable' is not a child type of data type 'ElectrodesTable'.)
2026-10-08T18:38:16Z INFO [98/2500] aaab685d-5204-477f-b206-15d56fc210f7: valid; 2.3 s; peak memory 2816 MiB.
2026-10-08T18:38:17Z INFO [99/2500] aaace60d-b2b5-4ddf-9e54-72ac0088a781: valid; 1.2 s; peak memory 2816 MiB.
2026-10-08T18:38:22Z INFO [100/2500] aaacf480-b6b8-46ed-b1bd-ec47c2f72c2c: not valid; 4.8 s; peak memory 2816 MiB.
2026-10-08T18:38:23Z INFO [100/2500] aaacf480-b6b8-46ed-b1bd-ec47c2f72c2c: checkpointed 176110 new records.
2026-10-08T18:38:35Z INFO [101/2500] aaad301d-12eb-4b4b-9da7-53af69e1bd65: valid; 12.3 s; peak memory 2816 MiB.
2026-10-08T18:38:36Z INFO [102/2500] aaadbd75-c7de-4242-93ea-104267bbaac6: valid; 1.4 s; peak memory 2816 MiB.
2026-10-08T18:38:55Z INFO [103/2500] aaae0395-cd03-4602-a3ad-1ffa72ae26f1: not valid; 18.2 s; peak memory 2816 MiB.
2026-10-08T18:38:59Z INFO [104/2500] aaae961a-a5c3-4207-8b32-a7ea53797d39: not valid; 4.8 s; peak memory 2816 MiB.
2026-10-08T18:39:01Z INFO [105/2500] aaafaaf1-95c9-4dba-bd73-4ebc64718f0f: not valid; 1.9 s; peak memory 2816 MiB.
2026-10-08T18:39:04Z INFO [106/2500] aaafc053-de13-4fc9-9d37-1ec247791a04: not valid; 3.1 s; peak memory 2816 MiB.
2026-10-08T18:39:08Z INFO [107/2500] aab096f9-3474-4aee-9cf0-d53122090c09: valid; 3.6 s; peak memory 2816 MiB.
2026-10-08T18:39:11Z INFO [108/2500] aab0ba8d-0076-4414-968e-82cadf6ebc6b: not valid; 2.6 s; peak memory 2816 MiB.
2026-10-08T18:39:12Z INFO [109/2500] aab10cfd-3ab0-4119-8dba-96b56ab0b59d: not valid; 1.1 s; peak memory 2816 MiB.
2026-10-08T18:39:14Z INFO [110/2500] aab1e33c-2e76-497a-a8ee-af5d81fef6cf: valid; 1.9 s; peak memory 2816 MiB.
2026-10-08T18:39:15Z INFO [111/2500] aab207b1-90ed-4f91-86be-f07ff58c1e68: valid; 1.2 s; peak memory 2816 MiB.
2026-10-08T18:39:17Z INFO [112/2500] aab25aff-c88a-4e8b-97b4-9cfbb6357e72: valid; 2.0 s; peak memory 2816 MiB.
2026-10-08T18:39:25Z INFO [113/2500] aab395dd-3004-408b-9cd1-05a79c5645bb: valid; 8.4 s; peak memory 2816 MiB.
2026-10-08T18:39:28Z INFO [114/2500] aab3becd-a8e0-44aa-a586-a3d1e78163a4: valid; 2.5 s; peak memory 2816 MiB.
2026-10-08T18:39:30Z INFO [115/2500] aab3dd68-7617-453b-98c7-76252210e9ef: valid; 2.1 s; peak memory 2816 MiB.
2026-10-08T18:39:37Z INFO [116/2500] aab48a8d-310f-4026-a3f4-2bf52ee8b331: valid; 6.7 s; peak memory 2816 MiB.
2026-10-08T18:39:38Z INFO [117/2500] aab4a6ce-fb72-443a-a921-ea371d0dd2e7: valid; 1.4 s; peak memory 2816 MiB.
2026-10-08T18:39:47Z INFO [118/2500] aab5317e-de38-4634-92c2-d76bf6f00d9a: valid; 9.3 s; peak memory 2816 MiB.
2026-10-08T18:39:49Z INFO [119/2500] aab5da5c-b0ac-41dd-96c8-113f32d53c3d: valid; 1.4 s; peak memory 2816 MiB.
2026-10-08T18:39:57Z INFO [120/2500] aab6235a-0144-4072-9a35-c7a3008b9870: valid; 7.9 s; peak memory 2818 MiB.
2026-10-08T18:39:59Z INFO [121/2500] aab6e27a-9a02-4850-a56d-994a3509d221: valid; 2.2 s; peak memory 2818 MiB.
2026-10-08T18:40:04Z INFO [122/2500] aab754e9-a661-45e1-8a1f-7189add2d5e1: valid; 4.7 s; peak memory 2818 MiB.
2026-10-08T18:40:06Z INFO [123/2500] aab7ac04-bdfa-4285-bdf9-a0e77d94b001: valid; 2.0 s; peak memory 2818 MiB.
2026-10-08T18:40:08Z INFO [124/2500] aab7f765-3954-4812-b54c-6a4dc8acfe12: valid; 2.9 s; peak memory 2818 MiB.
2026-10-08T18:40:10Z INFO [125/2500] aab83e82-8e8f-4e3b-b9d7-ab7089526af9: valid; 1.3 s; peak memory 2818 MiB.
2026-10-08T18:40:11Z INFO [126/2500] aab92251-1c43-4ed1-9f6f-d5e4010acf32: valid; 1.5 s; peak memory 2818 MiB.
2026-10-08T18:40:13Z INFO [127/2500] aab9334e-b68f-4ca6-aaa2-e8e648b257b3: valid; 1.6 s; peak memory 2818 MiB.
2026-10-08T18:40:16Z INFO [128/2500] aab95166-382b-4466-b17f-21a4a827a46d: valid; 3.0 s; peak memory 2818 MiB.
2026-10-08T18:40:19Z INFO [129/2500] aab9538d-d44d-4f52-a01d-407404e82067: valid; 3.1 s; peak memory 2818 MiB.
2026-10-08T18:40:21Z INFO [130/2500] aab97825-58e0-47a5-8049-cdaf54b8329b: valid; 2.2 s; peak memory 2818 MiB.
2026-10-08T18:40:25Z INFO [131/2500] aab9a14d-351a-4448-a633-2a3c2430470c: not valid; 3.5 s; peak memory 2818 MiB.
2026-10-08T18:40:26Z INFO [132/2500] aab9f46f-0fb5-4902-a9b3-a5373608dc1e: valid; 1.4 s; peak memory 2818 MiB.
2026-10-08T18:40:28Z INFO [133/2500] aaba3e59-43ea-4b26-8cd6-6eabc43b0933: not valid; 1.8 s; peak memory 2818 MiB.
2026-10-08T18:40:30Z INFO [134/2500] aaba51ca-a9de-4fd0-82c6-2a3e60ff99b7: valid; 2.0 s; peak memory 2818 MiB.
2026-10-08T18:40:31Z INFO [135/2500] aabadf75-1d20-4eed-879d-99d5c43e545d: valid; 1.5 s; peak memory 2818 MiB.
2026-10-08T18:40:41Z INFO [136/2500] aabb19f7-56b6-4f31-a743-44ccec07a8e0: valid; 9.8 s; peak memory 2818 MiB.
2026-10-08T18:40:41Z WARNING aabbf7dc-37b6-4457-ad18-fda6b525f91a: failed while retrieving asset information from the DANDI API (NotFoundError: No asset at path 'sub-R5/sub-R5_ses-training-day5_behavior+ophys.nwb' in version 0.260415.1712. Verify the path is correct and the asset exists in this version. Use 'dandi ls' to list available assets.)
2026-10-08T18:41:03Z INFO [138/2500] aabc58c1-efcc-415d-8f85-afb3d5710365: valid; 22.3 s; peak memory 2818 MiB.
2026-10-08T18:41:08Z INFO [139/2500] aabc8fcb-f461-49df-a2d8-729f4e35cb3e: valid; 4.6 s; peak memory 2818 MiB.
2026-10-08T18:41:10Z INFO [140/2500] aabcd5b3-52c3-4b79-b14c-ea17490f733a: valid; 1.5 s; peak memory 2818 MiB.
2026-10-08T18:41:13Z INFO [141/2500] aabd963e-c638-4727-bdea-086abe203b82: valid; 3.0 s; peak memory 2818 MiB.
2026-10-08T18:41:14Z INFO [142/2500] aabe4c7f-5139-45cd-bd5a-1db61d5a0a4f: valid; 1.4 s; peak memory 2818 MiB.
2026-10-08T18:41:15Z INFO [143/2500] aabeee74-8185-415a-926b-71e7ed079676: valid; 1.5 s; peak memory 2818 MiB.
2026-10-08T18:41:19Z INFO [144/2500] aabf5c91-b667-4a49-87dc-971cafbb426f: not valid; 4.1 s; peak memory 2818 MiB.
2026-10-08T18:41:21Z INFO [145/2500] aabf92bd-6f00-49a1-9156-054d952f496a: not valid; 1.1 s; peak memory 2818 MiB.
2026-10-08T18:41:26Z INFO [146/2500] aac037ba-d1a4-4686-9091-abbcc19c3346: not valid; 5.2 s; peak memory 2818 MiB.
2026-10-08T18:41:27Z INFO [147/2500] aac0db1e-caed-4ab4-b455-80bb9ef5c74a: valid; 1.2 s; peak memory 2818 MiB.
2026-10-08T18:41:28Z INFO [148/2500] aac11709-697e-46ed-8f29-d3babf8eb0d8: valid; 1.4 s; peak memory 2818 MiB.
2026-10-08T18:41:30Z INFO [149/2500] aac165d3-ce83-4693-910c-aa0e7ee62187: valid; 1.6 s; peak memory 2818 MiB.
2026-10-08T18:41:31Z INFO [150/2500] aac18ea7-2b91-4db0-aad9-1c11354270f6: valid; 1.4 s; peak memory 2818 MiB.
2026-10-08T18:41:33Z INFO [150/2500] aac18ea7-2b91-4db0-aad9-1c11354270f6: checkpointed 176160 new records.
2026-10-08T18:41:34Z INFO [151/2500] aac1ebd1-a4d8-4c5e-8a64-72e6aa3feaae: valid; 1.5 s; peak memory 2818 MiB.
2026-10-08T18:41:36Z INFO [152/2500] aac57841-def7-4661-9914-f8dd1ec45a3b: valid; 1.5 s; peak memory 2818 MiB.
2026-10-08T18:41:36Z WARNING aac5b78f-b166-42d2-8f1c-fd6f348faae7: failed while retrieving asset information from the DANDI API (NotFoundError: No asset at path 'sub-LG615/sub-LG615_ses-20250921_obj-deosfx_ophys.nwb' in version 0.260915.2135. Verify the path is correct and the asset exists in this version. Use 'dandi ls' to list available assets.)
2026-10-08T18:41:37Z INFO [154/2500] aac6409e-4cb0-41a9-a0a9-6beaf2ce4e76: valid; 1.3 s; peak memory 2818 MiB.
2026-10-08T18:41:40Z INFO [155/2500] aac69703-9839-459c-b12c-fecb45b0c21c: valid; 2.8 s; peak memory 2818 MiB.
2026-10-08T18:41:42Z WARNING aac70278-0b66-4696-a2ec-ab29c3700761: failed while opening the NWB file (ConstructError: (root/acquisition/_iblmic_audioSpectrogram/bands GroupBuilder {'attributes': {'colnames': array(['freq'], dtype=object), 'description': 'spectogram frequencies', 'namespace': 'core', 'neurodata_type': 'FrequencyBandsTable', 'object_id': 'c3de286e-0f38-42a6-83d9-d15bdbb10162'}, 'groups': {}, 'datasets': {'freq': root/acquisition/_iblmic_audioSpectrogram/bands/freq DatasetBuilder {'attributes': {'description': 'frequency value', 'namespace': 'hdmf-common', 'neurodata_type': 'VectorData', 'object_id': '5e40424a-a65a-4304-bb4b-0709e59a8aa1'}, 'data': <HDF5 dataset "freq": shape (257,), type "<f4">}, 'id': root/acquisition/_iblmic_audioSpectrogram/bands/id DatasetBuilder {'attributes': {'namespace': 'hdmf-common', 'neurodata_type': 'ElementIdentifiers', 'object_id': '058d3a39-e339-42db-b83e-92c47abc3457'}, 'data': <HDF5 dataset "id": shape (257,), type "<i4">}}, 'links': {}}, "Could not construct FrequencyBandsTable object due to: column must have the same number of rows as 'id'"))
2026-10-08T18:41:44Z INFO [157/2500] aac72d2b-ca70-4da6-baf3-b8d89ef5cb58: not valid; 1.6 s; peak memory 2818 MiB.
2026-10-08T18:41:45Z INFO [158/2500] aac7d509-9dcb-445b-acf8-9e6810221937: valid; 1.5 s; peak memory 2818 MiB.
2026-10-08T18:41:47Z INFO [159/2500] aac82e15-1370-4638-9020-b6fad6a63c4a: valid; 2.2 s; peak memory 2818 MiB.
2026-10-08T18:41:49Z INFO [160/2500] aac840c2-9125-4776-a7bb-355da7d0325e: valid; 1.1 s; peak memory 2818 MiB.
2026-10-08T18:41:53Z INFO [161/2500] aac86fc6-e8ee-4f27-bb12-3174ba20dbf9: valid; 4.5 s; peak memory 2818 MiB.
2026-10-08T18:41:56Z INFO [162/2500] aac87e46-8e9a-42b5-8f68-141cf2684d20: valid; 2.7 s; peak memory 2818 MiB.
2026-10-08T18:42:03Z INFO [163/2500] aac8cdb0-593f-40e1-9afe-cc4313217027: not valid; 7.1 s; peak memory 2818 MiB.
2026-10-08T18:42:12Z INFO [164/2500] aac8fdd6-e138-4bd4-b257-4c98f20f6018: valid; 9.1 s; peak memory 2818 MiB.
2026-10-08T18:42:15Z INFO [165/2500] aac91f8c-f1fe-4827-9ed3-8d979cd622e9: valid; 3.1 s; peak memory 2818 MiB.
2026-10-08T18:42:17Z WARNING aac98a9b-b4ce-4101-9e06-b209dfeefd97: failed while opening the NWB file (ConstructError: (root/acquisition/_iblmic_audioSpectrogram/bands GroupBuilder {'attributes': {'colnames': array(['freq'], dtype=object), 'description': 'spectogram frequencies', 'namespace': 'core', 'neurodata_type': 'FrequencyBandsTable', 'object_id': '3d42d0bd-a13e-4c8e-8cac-cd872a03e1fa'}, 'groups': {}, 'datasets': {'freq': root/acquisition/_iblmic_audioSpectrogram/bands/freq DatasetBuilder {'attributes': {'description': 'frequency value', 'namespace': 'hdmf-common', 'neurodata_type': 'VectorData', 'object_id': '17a378aa-7fda-44cb-a453-271e089670a4'}, 'data': <HDF5 dataset "freq": shape (257,), type "<f4">}, 'id': root/acquisition/_iblmic_audioSpectrogram/bands/id DatasetBuilder {'attributes': {'namespace': 'hdmf-common', 'neurodata_type': 'ElementIdentifiers', 'object_id': 'f8ed2ff0-c7fd-4812-ab15-b310966a6b8e'}, 'data': <HDF5 dataset "id": shape (257,), type "<i4">}}, 'links': {}}, "Could not construct FrequencyBandsTable object due to: column must have the same number of rows as 'id'"))
2026-10-08T18:42:24Z INFO [167/2500] aaca2b3d-7034-415c-8a48-d1d4a66a5636: not valid; 6.7 s; peak memory 2818 MiB.
2026-10-08T18:42:37Z INFO [168/2500] aacad13b-a7c4-4d5a-b6b3-bf946b3f1d75: not valid; 13.2 s; peak memory 2818 MiB.
2026-10-08T18:42:39Z INFO [169/2500] aacae899-eb7b-40e6-944d-2d1d4648cbe2: not valid; 2.2 s; peak memory 2818 MiB.
2026-10-08T18:42:41Z INFO [170/2500] aacb0032-b5e6-44c3-a3f4-f569d6865cc1: valid; 1.5 s; peak memory 2818 MiB.
2026-10-08T18:42:43Z INFO [171/2500] aacb143f-bc2f-412b-81ed-f528cab5a7ad: valid; 2.4 s; peak memory 2818 MiB.
2026-10-08T18:42:47Z INFO [172/2500] aacc0215-8ab8-4bbf-93fd-db44b1803122: valid; 3.7 s; peak memory 2818 MiB.
2026-10-08T18:43:01Z INFO [173/2500] aacc6178-aecf-4a6f-a101-53e53096c999: valid; 14.4 s; peak memory 2861 MiB.
2026-10-08T18:43:04Z INFO [174/2500] aacc7900-21ae-4415-b054-f9fd6c1e6dee: valid; 2.8 s; peak memory 2862 MiB.
2026-10-08T18:43:06Z INFO [175/2500] aacc917f-ef34-4425-8aaa-734550305341: valid; 1.4 s; peak memory 2862 MiB.
2026-10-08T18:43:08Z INFO [176/2500] aacd20e1-c606-4fb0-9630-f57e8f745024: valid; 2.6 s; peak memory 2862 MiB.
2026-10-08T18:43:10Z INFO [177/2500] aacd9b66-638e-46fb-9060-f9c8cbb416cd: valid; 2.0 s; peak memory 2862 MiB.
2026-10-08T18:43:31Z INFO [178/2500] aace48c1-8571-4897-9d7e-bec26e99e326: valid; 21.2 s; peak memory 3052 MiB.
2026-10-08T18:43:34Z INFO [179/2500] aacf68dc-c06c-4239-8c77-64e23aff63c1: valid; 2.8 s; peak memory 3052 MiB.
2026-10-08T18:43:37Z INFO [180/2500] aacf7a94-b6b6-428c-9802-f56f6406e660: valid; 3.0 s; peak memory 3052 MiB.
2026-10-08T18:43:41Z INFO [181/2500] aacf8c06-0667-4eb0-ba96-e168a55fa9e3: valid; 3.4 s; peak memory 3052 MiB.
2026-10-08T18:43:42Z INFO [182/2500] aad02400-306a-4c9f-8e69-c55e4244fe54: valid; 1.3 s; peak memory 3052 MiB.
2026-10-08T18:43:43Z INFO [183/2500] aad02bcb-2e43-490e-895c-04af1497d1cc: valid; 1.4 s; peak memory 3052 MiB.
2026-10-08T18:43:47Z INFO [184/2500] aad23a98-afa2-480e-8b1a-810b23bf7e2d: valid; 3.3 s; peak memory 3052 MiB.
2026-10-08T18:43:48Z INFO [185/2500] aad26709-e087-4ecb-9e5b-d59dcf0d4399: valid; 1.8 s; peak memory 3052 MiB.
2026-10-08T18:43:50Z INFO [186/2500] aad2aa1d-ba8d-4150-879f-30255ff667f8: valid; 1.9 s; peak memory 3052 MiB.
2026-10-08T18:43:53Z INFO [187/2500] aad2aa5f-bb49-421a-92dc-3fd81f45a2ce: valid; 3.1 s; peak memory 3052 MiB.
2026-10-08T18:43:55Z INFO [188/2500] aad33fe3-2581-41ee-8371-9d27c2aa6392: valid; 2.0 s; peak memory 3052 MiB.
2026-10-08T18:43:58Z INFO [189/2500] aad37860-72e1-4105-882f-01e6a46a5206: not valid; 2.2 s; peak memory 3052 MiB.
2026-10-08T18:44:00Z INFO [190/2500] aad3df30-01fb-41b2-932e-628a70532255: valid; 2.1 s; peak memory 3052 MiB.
2026-10-08T18:44:02Z INFO [191/2500] aad4e710-0aa6-4229-88d2-f09e39acc8ad: not valid; 2.0 s; peak memory 3052 MiB.
2026-10-08T18:44:04Z INFO [192/2500] aad52abd-2211-4f42-b8cc-986d0962d663: valid; 2.5 s; peak memory 3052 MiB.
2026-10-08T18:44:06Z INFO [193/2500] aad5ec8c-5569-43e7-a143-17755a5d91ed: valid; 1.2 s; peak memory 3052 MiB.
2026-10-08T18:44:07Z INFO [194/2500] aad5f357-5ca4-4c9f-95ad-647c7447ae56: valid; 1.8 s; peak memory 3052 MiB.
2026-10-08T18:44:09Z INFO [195/2500] aad5f5f4-37f5-4f2a-a6fa-a7ca5441ad0d: valid; 2.0 s; peak memory 3052 MiB.
2026-10-08T18:44:10Z INFO [196/2500] aad6132a-5325-43b8-8913-2a6a3751c4e6: valid; 1.1 s; peak memory 3052 MiB.
2026-10-08T18:44:12Z INFO [197/2500] aad65f71-a8dd-4b2b-8435-4754fc6b4d4e: valid; 1.9 s; peak memory 3052 MiB.
2026-10-08T18:44:14Z INFO [198/2500] aad6fa49-7bbd-4029-878d-4080023fe1fb: valid; 1.6 s; peak memory 3052 MiB.
2026-10-08T18:44:18Z INFO [199/2500] aad6fcec-8127-47e6-96e7-a692f2487067: not valid; 4.4 s; peak memory 3052 MiB.
2026-10-08T18:44:20Z INFO [200/2500] aad714b4-4ba2-4d79-a9d7-fea56aa15ef4: valid; 1.5 s; peak memory 3052 MiB.
2026-10-08T18:44:21Z INFO [200/2500] aad714b4-4ba2-4d79-a9d7-fea56aa15ef4: checkpointed 176210 new records.
2026-10-08T18:44:23Z INFO [201/2500] aad717d5-b8af-40bf-b49f-40d5ddc74078: valid; 1.7 s; peak memory 3052 MiB.
2026-10-08T18:44:25Z INFO [202/2500] aad71dcc-ef98-4840-8e59-0fa411de7917: valid; 2.3 s; peak memory 3052 MiB.
2026-10-08T18:44:27Z INFO [203/2500] aad8a23b-f3b7-4dec-9998-dbdcd4366a73: valid; 2.3 s; peak memory 3052 MiB.
2026-10-08T18:44:29Z INFO [204/2500] aad8a58b-f126-4807-bfcb-4ae0dbc2173e: not valid; 2.0 s; peak memory 3052 MiB.
2026-10-08T18:44:31Z INFO [205/2500] aad976c5-b406-4762-9ca0-8c640ffc85bf: valid; 1.2 s; peak memory 3052 MiB.
2026-10-08T18:44:33Z INFO [206/2500] aad9adc7-42fa-4a86-8db1-8073fb289175: valid; 2.0 s; peak memory 3052 MiB.
2026-10-08T18:44:35Z INFO [207/2500] aada15b3-6228-430f-b6d5-15c0d747b0b0: valid; 2.6 s; peak memory 3052 MiB.
2026-10-08T18:44:50Z INFO [208/2500] aada3157-b54b-4002-95a6-8dd2920b50d5: valid; 14.4 s; peak memory 3052 MiB.
2026-10-08T18:44:51Z INFO [209/2500] aada7e13-80b1-4a95-8f93-1fbd1cda242b: valid; 1.1 s; peak memory 3052 MiB.
2026-10-08T18:44:54Z INFO [210/2500] aadaa129-d5b9-4b59-ad15-31cd0e142eb1: valid; 3.0 s; peak memory 3052 MiB.
2026-10-08T18:44:57Z INFO [211/2500] aadaea6d-0ae8-41e5-ae5e-cd3fed4f5fb2: not valid; 2.8 s; peak memory 3052 MiB.
2026-10-08T18:44:58Z INFO [212/2500] aadb0048-fe86-4de4-9670-3763cb507ca5: valid; 1.4 s; peak memory 3052 MiB.
2026-10-08T18:45:09Z INFO [213/2500] aadbabc9-4c32-4313-8814-40246584774b: valid; 10.7 s; peak memory 3052 MiB.
2026-10-08T18:45:11Z INFO [214/2500] aadbcff5-20d1-412a-8a1e-261aa83ebd0d: valid; 2.3 s; peak memory 3052 MiB.
2026-10-08T18:45:15Z INFO [215/2500] aadc5679-e84a-439b-843d-d93309772777: valid; 3.5 s; peak memory 3072 MiB.
2026-10-08T18:45:17Z INFO [216/2500] aadd000e-3aea-436a-8ed2-751eec51cff8: valid; 2.3 s; peak memory 3072 MiB.
2026-10-08T18:45:18Z INFO [217/2500] aadd2658-2224-4dfa-b5b2-7b757267d262: valid; 1.5 s; peak memory 3072 MiB.
2026-10-08T18:45:23Z INFO [218/2500] aadd3845-4f17-4efe-bf0d-5313ef79d2bf: valid; 5.0 s; peak memory 3072 MiB.
2026-10-08T18:45:26Z INFO [219/2500] aadda08b-69ce-4d7f-b12a-be101bfbd488: valid; 2.6 s; peak memory 3073 MiB.
2026-10-08T18:45:28Z INFO [220/2500] aadecc33-3eac-43c5-a45f-12fcf4a3c445: valid; 1.9 s; peak memory 3073 MiB.
2026-10-08T18:45:29Z INFO [221/2500] aadfd71b-0168-45d0-9ec1-d54b7a1188fd: valid; 1.6 s; peak memory 3073 MiB.
2026-10-08T18:45:31Z INFO [222/2500] aadff76d-1516-46c0-8826-cfaa70e2dc93: valid; 2.1 s; peak memory 3073 MiB.
2026-10-08T18:45:33Z WARNING aae038f6-ce93-4605-8ba4-722c77be14f3: failed while opening the NWB file (ConstructError: (root/acquisition/event_code_meanings GroupBuilder {'attributes': {'colnames': array(['value', 'meaning'], dtype=object), 'description': 'Mapping integer event codes to event labels', 'namespace': 'ndx-events', 'neurodata_type': 'MeaningsTable', 'object_id': 'e29b99c1-4305-4f12-a154-1af8f0706bc6'}, 'groups': {}, 'datasets': {'id': root/acquisition/event_code_meanings/id DatasetBuilder {'attributes': {'namespace': 'hdmf-common', 'neurodata_type': 'ElementIdentifiers', 'object_id': 'aec90dbe-51a4-43c9-a03f-3df5ce32a2e8'}, 'data': <HDF5 dataset "id": shape (26,), type "<i8">}, 'meaning': root/acquisition/event_code_meanings/meaning DatasetBuilder {'attributes': {'description': 'The meaning of the value in the parent CategoricalVectorData object.', 'namespace': 'hdmf-experimental', 'neurodata_type': 'VectorData', 'object_id': '9fdd1d7b-e925-4d94-afda-b85480ae80f2'}, 'data': <StrDataset for HDF5 dataset "meaning": shape (26,), type "|O">}, 'value': root/acquisition/event_code_meanings/value DatasetBuilder {'attributes': {'description': 'The value of the parent CategoricalVectorData object.', 'namespace': 'hdmf-experimental', 'neurodata_type': 'VectorData', 'object_id': '7c1e5399-df19-4c09-838c-110e5df764a0'}, 'data': <HDF5 dataset "value": shape (26,), type "<i8">}}, 'links': {}}, "Could not construct MeaningsTable object due to: MeaningsTable.__init__: missing argument 'target'"))
2026-10-08T18:45:37Z INFO [224/2500] aae0c2d9-49d1-4464-ab55-36e632dc6b6b: valid; 3.1 s; peak memory 3079 MiB.
2026-10-08T18:45:39Z WARNING aae101dd-74a1-40eb-b460-327e08c64796: failed while opening the NWB file (ConstructError: (root/acquisition/_iblmic_audioSpectrogram/bands GroupBuilder {'attributes': {'colnames': array(['freq'], dtype=object), 'description': 'spectogram frequencies', 'namespace': 'core', 'neurodata_type': 'FrequencyBandsTable', 'object_id': '179ae24c-6953-43f4-aa51-294cc93fb5c8'}, 'groups': {}, 'datasets': {'freq': root/acquisition/_iblmic_audioSpectrogram/bands/freq DatasetBuilder {'attributes': {'description': 'frequency value', 'namespace': 'hdmf-common', 'neurodata_type': 'VectorData', 'object_id': '9776c41d-ccca-43b9-acdc-187db0a65613'}, 'data': <HDF5 dataset "freq": shape (257,), type "<f4">}, 'id': root/acquisition/_iblmic_audioSpectrogram/bands/id DatasetBuilder {'attributes': {'namespace': 'hdmf-common', 'neurodata_type': 'ElementIdentifiers', 'object_id': 'd431b625-8d42-463d-98b8-ece17fd44155'}, 'data': <HDF5 dataset "id": shape (257,), type "<i4">}}, 'links': {}}, "Could not construct FrequencyBandsTable object due to: column must have the same number of rows as 'id'"))
2026-10-08T18:45:41Z INFO [226/2500] aae17955-1776-4d6b-846f-bb97faa862a0: not valid; 2.2 s; peak memory 3079 MiB.
2026-10-08T18:46:02Z INFO [227/2500] aae17b15-a2e9-4331-90d1-30467051f616: valid; 20.6 s; peak memory 3079 MiB.
2026-10-08T18:46:04Z INFO [228/2500] aae283f1-48ac-4908-85c4-0f3fa0a2a3c1: valid; 2.2 s; peak memory 3079 MiB.
2026-10-08T18:46:06Z INFO [229/2500] aae29ff0-70d0-43ec-9f89-9f5162b4681c: valid; 1.7 s; peak memory 3079 MiB.
2026-10-08T18:46:24Z INFO [230/2500] aae302e3-e105-48d2-9a1a-98f8608bfdfd: valid; 18.4 s; peak memory 3124 MiB.
2026-10-08T18:46:26Z INFO [231/2500] aae30c41-681c-4cd0-917b-a0c8ff9770ce: not valid; 2.1 s; peak memory 3129 MiB.
2026-10-08T18:46:51Z INFO [232/2500] aae31f73-6c20-4656-97a1-4aad7003ac7f: valid; 24.6 s; peak memory 3204 MiB.
2026-10-08T18:46:52Z INFO [233/2500] aae3a246-4370-431b-a3d7-e1aa6275c41e: valid; 1.7 s; peak memory 3208 MiB.
2026-10-08T18:46:52Z WARNING aae44a22-ba39-4ff2-bf26-5ab77a771679: failed while retrieving asset information from the DANDI API (NotFoundError: No asset at path 'sub-ZS060/sub-ZS060_ses-behavior-ZS060-2021-03-25-16-00-00.nwb' in version 0.260928.2230. Verify the path is correct and the asset exists in this version. Use 'dandi ls' to list available assets.)
2026-10-08T18:46:54Z INFO [235/2500] aae45960-ab07-412f-ad66-1d6b70aeb470: valid; 1.4 s; peak memory 3210 MiB.
2026-10-08T18:46:57Z INFO [236/2500] aae539ff-3561-4b3f-9a8a-39eabeb790c3: valid; 3.5 s; peak memory 3217 MiB.
2026-10-08T18:46:59Z INFO [237/2500] aae5662c-08ed-429d-8d27-23196a76b111: valid; 2.0 s; peak memory 3228 MiB.
2026-10-08T18:47:01Z INFO [238/2500] aae66de8-eb5b-47f9-9593-007b6c6e1a09: valid; 1.3 s; peak memory 3230 MiB.
2026-10-08T18:47:02Z INFO [239/2500] aae7b4ed-3034-4f38-a456-3edc965a58a6: valid; 1.5 s; peak memory 3232 MiB.
2026-10-08T18:47:03Z INFO [240/2500] aae7eeec-62c6-4d09-bed2-727cb78fdd22: valid; 1.1 s; peak memory 3233 MiB.
2026-10-08T18:47:04Z INFO [241/2500] aae82bf6-d387-487e-80cf-cc98c6196b61: valid; 1.3 s; peak memory 3236 MiB.
2026-10-08T18:47:14Z INFO [242/2500] aae87dd1-5cef-4eb2-99d2-bfa0d7484f23: valid; 9.1 s; peak memory 3250 MiB.
2026-10-08T18:47:16Z WARNING aae8f506-8c77-4a9d-9e71-e5045821b5b4: failed while opening the NWB file (ConstructError: (root/acquisition/_iblmic_audioSpectrogram/bands GroupBuilder {'attributes': {'colnames': array(['freq'], dtype=object), 'description': 'spectogram frequencies', 'namespace': 'core', 'neurodata_type': 'FrequencyBandsTable', 'object_id': '08f6fd2b-f272-4d2c-980c-eec3df8727b6'}, 'groups': {}, 'datasets': {'freq': root/acquisition/_iblmic_audioSpectrogram/bands/freq DatasetBuilder {'attributes': {'description': 'frequency value', 'namespace': 'hdmf-common', 'neurodata_type': 'VectorData', 'object_id': '04554b4f-cd3c-4303-bbea-5c688a747e61'}, 'data': <HDF5 dataset "freq": shape (257,), type "<f4">}, 'id': root/acquisition/_iblmic_audioSpectrogram/bands/id DatasetBuilder {'attributes': {'namespace': 'hdmf-common', 'neurodata_type': 'ElementIdentifiers', 'object_id': '7672a3a1-c80b-43b0-b54d-d238a647a301'}, 'data': <HDF5 dataset "id": shape (257,), type "<i4">}}, 'links': {}}, "Could not construct FrequencyBandsTable object due to: column must have the same number of rows as 'id'"))
2026-10-08T18:47:18Z WARNING aae914dc-09ee-42e2-8423-4090ad4a8052: failed while opening the NWB file (ConstructError: (root/acquisition/_iblmic_audioSpectrogram/bands GroupBuilder {'attributes': {'colnames': array(['freq'], dtype=object), 'description': 'spectogram frequencies', 'namespace': 'core', 'neurodata_type': 'FrequencyBandsTable', 'object_id': 'fd1cb856-f694-4929-b187-40e197a084a4'}, 'groups': {}, 'datasets': {'freq': root/acquisition/_iblmic_audioSpectrogram/bands/freq DatasetBuilder {'attributes': {'description': 'frequency value', 'namespace': 'hdmf-common', 'neurodata_type': 'VectorData', 'object_id': 'd28d74d7-4f71-437c-80e1-ee4b43964912'}, 'data': <HDF5 dataset "freq": shape (257,), type "<f4">}, 'id': root/acquisition/_iblmic_audioSpectrogram/bands/id DatasetBuilder {'attributes': {'namespace': 'hdmf-common', 'neurodata_type': 'ElementIdentifiers', 'object_id': 'da556395-d312-4e2e-a816-c2b84e7ec89e'}, 'data': <HDF5 dataset "id": shape (257,), type "<i4">}}, 'links': {}}, "Could not construct FrequencyBandsTable object due to: column must have the same number of rows as 'id'"))
2026-10-08T18:47:20Z INFO [245/2500] aae920b8-98b5-4d08-a9d1-bb5795b0795f: not valid; 1.9 s; peak memory 3250 MiB.
2026-10-08T18:47:31Z INFO [246/2500] aae9f250-80fe-4703-b6c8-f2278e9aeaf6: not valid; 11.7 s; peak memory 3250 MiB.
2026-10-08T18:47:47Z INFO [247/2500] aaea31e8-b61e-4bfd-bbc0-0e094e7aa652: valid; 15.5 s; peak memory 3363 MiB.
2026-10-08T18:47:49Z WARNING aaea5a13-2da0-44bb-966d-eb15b2932333: failed while opening the NWB file (ConstructError: (root/acquisition/event_code_meanings GroupBuilder {'attributes': {'colnames': array(['value', 'meaning'], dtype=object), 'description': 'Mapping integer event codes to event labels', 'namespace': 'ndx-events', 'neurodata_type': 'MeaningsTable', 'object_id': '5128f5e4-d0cf-47b0-b4e0-9b7e11471a16'}, 'groups': {}, 'datasets': {'id': root/acquisition/event_code_meanings/id DatasetBuilder {'attributes': {'namespace': 'hdmf-common', 'neurodata_type': 'ElementIdentifiers', 'object_id': 'ef96a4b8-b8c5-4e92-a0bd-c27944fb1c73'}, 'data': <HDF5 dataset "id": shape (26,), type "<i8">}, 'meaning': root/acquisition/event_code_meanings/meaning DatasetBuilder {'attributes': {'description': 'The meaning of the value in the parent CategoricalVectorData object.', 'namespace': 'hdmf-experimental', 'neurodata_type': 'VectorData', 'object_id': '4c72d4e8-f4e8-41e0-a9f3-6f6b642ce29f'}, 'data': <StrDataset for HDF5 dataset "meaning": shape (26,), type "|O">}, 'value': root/acquisition/event_code_meanings/value DatasetBuilder {'attributes': {'description': 'The value of the parent CategoricalVectorData object.', 'namespace': 'hdmf-experimental', 'neurodata_type': 'VectorData', 'object_id': 'b38ebf83-8cd7-4b9a-a947-a7a664d6603f'}, 'data': <HDF5 dataset "value": shape (26,), type "<i8">}}, 'links': {}}, "Could not construct MeaningsTable object due to: MeaningsTable.__init__: missing argument 'target'"))
2026-10-08T18:47:50Z INFO [249/2500] aaeaf311-ce0e-4597-af23-bb4478ca0638: valid; 1.4 s; peak memory 3363 MiB.
2026-10-08T18:47:52Z INFO [250/2500] aaeb05dc-3812-444b-a868-8405ba904608: valid; 2.5 s; peak memory 3363 MiB.
2026-10-08T18:47:54Z INFO [250/2500] aaeb05dc-3812-444b-a868-8405ba904608: checkpointed 176260 new records.
2026-10-08T18:48:16Z INFO [251/2500] aaecc029-904e-4618-b6b6-2f5e8013d991: not valid; 22.2 s; peak memory 3391 MiB.
2026-10-08T18:48:18Z WARNING aaed4600-2491-4ba8-a30f-89f538eae354: failed while opening the NWB file (ConstructError: (root/acquisition/_iblmic_audioSpectrogram/bands GroupBuilder {'attributes': {'colnames': array(['freq'], dtype=object), 'description': 'spectogram frequencies', 'namespace': 'core', 'neurodata_type': 'FrequencyBandsTable', 'object_id': 'd3223f7c-42c8-4f7d-b6bc-de4a326194c1'}, 'groups': {}, 'datasets': {'freq': root/acquisition/_iblmic_audioSpectrogram/bands/freq DatasetBuilder {'attributes': {'description': 'frequency value', 'namespace': 'hdmf-common', 'neurodata_type': 'VectorData', 'object_id': '9fa54f3f-2a95-4928-97b4-5d9b5ac6f2aa'}, 'data': <HDF5 dataset "freq": shape (257,), type "<f4">}, 'id': root/acquisition/_iblmic_audioSpectrogram/bands/id DatasetBuilder {'attributes': {'namespace': 'hdmf-common', 'neurodata_type': 'ElementIdentifiers', 'object_id': '989d28bc-32e3-49e1-95c5-a11939adb71f'}, 'data': <HDF5 dataset "id": shape (257,), type "<i4">}}, 'links': {}}, "Could not construct FrequencyBandsTable object due to: column must have the same number of rows as 'id'"))
2026-10-08T18:48:23Z INFO [253/2500] aaed503e-87ce-4464-b692-f4b72d123155: not valid; 5.7 s; peak memory 3400 MiB.
2026-10-08T18:48:25Z INFO [254/2500] aaed73f0-1db3-4467-b5ca-3f5ec1a80f2f: valid; 1.4 s; peak memory 3403 MiB.
2026-10-08T18:48:26Z INFO [255/2500] aaedea8f-d4d6-48eb-bfb1-4157c5173eac: valid; 1.4 s; peak memory 3405 MiB.
2026-10-08T18:48:28Z INFO [256/2500] aaee9aba-35af-4973-a1f8-b10f89dcd1bd: valid; 1.8 s; peak memory 3408 MiB.
2026-10-08T18:48:30Z INFO [257/2500] aaeed80d-a970-4a9c-97f8-1ddcfb2eb713: valid; 1.9 s; peak memory 3409 MiB.
2026-10-08T18:48:31Z INFO [258/2500] aaeef451-e1cb-476a-bf30-163cfa89e29d: not valid; 1.5 s; peak memory 3409 MiB.
2026-10-08T18:48:33Z INFO [259/2500] aaf0f760-e361-4236-b79b-34930f8e51fb: valid; 1.4 s; peak memory 3409 MiB.
2026-10-08T18:48:54Z INFO [260/2500] aaf11c01-53be-4149-b808-a47ff959129d: valid; 21.5 s; peak memory 3409 MiB.
2026-10-08T18:49:00Z INFO [261/2500] aaf11d94-8206-4092-a4fb-8831ef3190b0: valid; 5.2 s; peak memory 3409 MiB.
2026-10-08T18:49:01Z INFO [262/2500] aaf16566-3e4c-45fe-955c-ee33633177e9: valid; 1.4 s; peak memory 3409 MiB.
2026-10-08T18:49:02Z INFO [263/2500] aaf23eca-8ffc-4de8-85b7-5289fdc9f3f0: valid; 1.3 s; peak memory 3409 MiB.
2026-10-08T18:49:05Z INFO [264/2500] aaf2f866-c937-4889-b49d-9819e0f3849e: not valid; 2.6 s; peak memory 3409 MiB.
2026-10-08T18:49:07Z WARNING aaf32947-690e-4c58-86f2-f62f98bc952a: failed while opening the NWB file (ConstructError: (root/acquisition/_iblmic_audioSpectrogram/bands GroupBuilder {'attributes': {'colnames': array(['freq'], dtype=object), 'description': 'spectogram frequencies', 'namespace': 'core', 'neurodata_type': 'FrequencyBandsTable', 'object_id': '8c2b3202-b302-46fa-8a52-bd96ec836b10'}, 'groups': {}, 'datasets': {'freq': root/acquisition/_iblmic_audioSpectrogram/bands/freq DatasetBuilder {'attributes': {'description': 'frequency value', 'namespace': 'hdmf-common', 'neurodata_type': 'VectorData', 'object_id': 'aa725849-3e87-40bd-b58c-c526019d9318'}, 'data': <HDF5 dataset "freq": shape (257,), type "<f4">}, 'id': root/acquisition/_iblmic_audioSpectrogram/bands/id DatasetBuilder {'attributes': {'namespace': 'hdmf-common', 'neurodata_type': 'ElementIdentifiers', 'object_id': '69db327e-c60a-4428-b3e2-12ceb0d201d7'}, 'data': <HDF5 dataset "id": shape (257,), type "<i4">}}, 'links': {}}, "Could not construct FrequencyBandsTable object due to: column must have the same number of rows as 'id'"))
2026-10-08T18:49:27Z INFO [266/2500] aaf3404f-7107-44f1-8c55-1487498fbbf1: valid; 20.0 s; peak memory 3452 MiB.
2026-10-08T18:49:29Z INFO [267/2500] aaf40ee3-b92d-4b5b-91ed-7138cc607982: valid; 1.5 s; peak memory 3453 MiB.
2026-10-08T18:49:32Z INFO [268/2500] aaf4490c-ab98-4f84-9a10-8f95725555c9: valid; 2.9 s; peak memory 3461 MiB.
2026-10-08T18:49:35Z INFO [269/2500] aaf45b3d-38f7-419c-aea4-f62a04cb47a8: valid; 3.8 s; peak memory 3466 MiB.
2026-10-08T18:49:50Z INFO [270/2500] aaf4c331-d627-44e6-b20e-f33b19514fd8: valid; 15.0 s; peak memory 3479 MiB.
2026-10-08T18:49:53Z INFO [271/2500] aaf4ee47-2928-4a87-a3c7-c381f5095452: valid; 3.0 s; peak memory 3480 MiB.
2026-10-08T18:49:56Z INFO [272/2500] aaf512d3-8498-415c-ab13-f61f8705d798: valid; 2.8 s; peak memory 3485 MiB.
2026-10-08T18:49:57Z INFO [273/2500] aaf5268e-85ed-475c-a628-757d1c3bf735: valid; 1.4 s; peak memory 3486 MiB.
2026-10-08T18:49:59Z INFO [274/2500] aaf544ca-a494-4c78-b2b7-9b1df4f6b299: not valid; 1.5 s; peak memory 3487 MiB.
2026-10-08T18:50:00Z INFO [275/2500] aaf568ef-2339-455e-9ccc-219d24a00333: valid; 1.3 s; peak memory 3487 MiB.
2026-10-08T18:50:11Z INFO [276/2500] aaf5ed6c-5355-47e3-af5b-7bacca1c3be3: valid; 10.8 s; peak memory 3598 MiB.
2026-10-08T18:50:14Z INFO [277/2500] aaf64bb4-454c-453f-87be-2477aeb2404f: valid; 2.6 s; peak memory 3599 MiB.
2026-10-08T18:50:15Z INFO [278/2500] aaf79efb-a045-40e6-baf9-a2059cde4534: valid; 1.0 s; peak memory 3599 MiB.
2026-10-08T18:50:16Z INFO [279/2500] aaf891fd-7310-4648-bb87-b38f815df28f: valid; 1.4 s; peak memory 3599 MiB.
2026-10-08T18:50:18Z INFO [280/2500] aaf8bfce-4b11-4d67-84d9-845d0a5f0477: valid; 1.4 s; peak memory 3599 MiB.
2026-10-08T18:50:20Z INFO [281/2500] aaf9334a-ef80-4a91-b6db-bb317a5c6d4b: valid; 2.1 s; peak memory 3599 MiB.
2026-10-08T18:50:55Z INFO [282/2500] aafa08fb-7a95-4142-8452-034a6712f00f: valid; 35.4 s; peak memory 3599 MiB.
2026-10-08T18:50:57Z INFO [283/2500] aafa3152-3468-4676-95b9-deaab0ea3f3c: not valid; 1.7 s; peak memory 3599 MiB.
2026-10-08T18:51:01Z INFO [284/2500] aafa361c-ec65-42a8-8d12-2d0f7680290a: valid; 3.9 s; peak memory 3599 MiB.
2026-10-08T18:51:03Z INFO [285/2500] aafa9b7c-e812-4ef2-99c6-903b26d4a6e2: valid; 2.2 s; peak memory 3600 MiB.
2026-10-08T18:51:04Z INFO [286/2500] aafad7ea-2458-4886-b6fe-04df14dd419f: valid; 1.3 s; peak memory 3601 MiB.
2026-10-08T18:51:07Z INFO [287/2500] aafb1105-8c5f-4a45-a44c-8f7df879651d: valid; 2.8 s; peak memory 3605 MiB.
2026-10-08T18:51:15Z INFO [288/2500] aafb1c7d-8185-4bbe-825c-70fb32e5f983: valid; 8.0 s; peak memory 3625 MiB.
2026-10-08T18:51:19Z INFO [289/2500] aafc4ad3-bd9b-4dc8-9cdc-7cd46de21424: valid; 3.9 s; peak memory 3627 MiB.
2026-10-08T18:51:21Z INFO [290/2500] aafcacba-da6f-46c6-85d3-58b69bd79844: valid; 1.8 s; peak memory 3627 MiB.
2026-10-08T18:51:24Z INFO [291/2500] aafd355e-e10c-4dc1-84d3-3a596dffff49: valid; 3.4 s; peak memory 3627 MiB.
2026-10-08T18:51:29Z INFO [292/2500] aafdc23a-8b67-48f5-9af7-fe3434ef6b02: valid; 5.2 s; peak memory 3627 MiB.
2026-10-08T18:51:32Z INFO [293/2500] aafddebf-fddc-4023-8f49-0aff8015ea11: valid; 2.4 s; peak memory 3627 MiB.
2026-10-08T18:51:34Z INFO [294/2500] aafe0cbb-95da-419a-9806-2498a8462bea: not valid; 1.8 s; peak memory 3627 MiB.
2026-10-08T18:51:35Z INFO [295/2500] aafeacf1-32f0-441e-8ebd-b99ee31f5820: valid; 1.4 s; peak memory 3627 MiB.
2026-10-08T18:51:36Z INFO [296/2500] aaff0163-ff14-499e-b492-7663ee777436: valid; 1.1 s; peak memory 3627 MiB.
2026-10-08T18:51:44Z INFO [297/2500] aaff36d3-d011-4aa3-91c2-b53765ecabf4: valid; 7.8 s; peak memory 3627 MiB.
2026-10-08T18:51:47Z INFO [298/2500] ab009842-a78e-416a-99eb-3f5454737740: not valid; 2.9 s; peak memory 3627 MiB.
2026-10-08T18:51:49Z INFO [299/2500] ab009fc6-a356-48d8-8e5d-6226c71d75f2: not valid; 1.9 s; peak memory 3627 MiB.
2026-10-08T18:51:51Z INFO [300/2500] ab00c1c5-fd54-451c-a1ac-4f6d899aaac9: valid; 2.0 s; peak memory 3627 MiB.
2026-10-08T18:51:52Z INFO [300/2500] ab00c1c5-fd54-451c-a1ac-4f6d899aaac9: checkpointed 176310 new records.
2026-10-08T18:51:56Z INFO [301/2500] ab015a88-69ba-486b-872e-3f44015ad447: valid; 4.4 s; peak memory 3627 MiB.
2026-10-08T18:51:58Z INFO [302/2500] ab018b6e-1899-4f7e-ae1b-3b846e692337: valid; 1.5 s; peak memory 3627 MiB.
2026-10-08T18:51:59Z INFO [303/2500] ab01d914-71ba-4703-a676-3a653b492b11: valid; 1.1 s; peak memory 3627 MiB.
2026-10-08T18:52:00Z INFO [304/2500] ab01e2da-2891-4052-a4da-821691fb34aa: valid; 1.2 s; peak memory 3627 MiB.
2026-10-08T18:52:01Z INFO [305/2500] ab02412e-c4e8-495b-9d63-bb4098a7426c: not valid; 1.5 s; peak memory 3627 MiB.
2026-10-08T18:52:03Z INFO [306/2500] ab02b021-550f-491f-b5ef-55eca5f3dc34: not valid; 1.8 s; peak memory 3627 MiB.
2026-10-08T18:52:05Z INFO [307/2500] ab03ddb8-9644-4d6f-8373-248091445734: valid; 2.0 s; peak memory 3627 MiB.
2026-10-08T18:52:07Z WARNING ab040426-923f-4c5f-acec-dceab94a81d5: failed while opening the NWB file (ConstructError: (root/acquisition/_iblmic_audioSpectrogram/bands GroupBuilder {'attributes': {'colnames': array(['freq'], dtype=object), 'description': 'spectogram frequencies', 'namespace': 'core', 'neurodata_type': 'FrequencyBandsTable', 'object_id': '918a70c0-c50c-416e-9f6c-9399474ce514'}, 'groups': {}, 'datasets': {'freq': root/acquisition/_iblmic_audioSpectrogram/bands/freq DatasetBuilder {'attributes': {'description': 'frequency value', 'namespace': 'hdmf-common', 'neurodata_type': 'VectorData', 'object_id': '1f0771c7-bc3a-4ff7-b5ff-0fa8891ebe3c'}, 'data': <HDF5 dataset "freq": shape (257,), type "<f4">}, 'id': root/acquisition/_iblmic_audioSpectrogram/bands/id DatasetBuilder {'attributes': {'namespace': 'hdmf-common', 'neurodata_type': 'ElementIdentifiers', 'object_id': '5c4cf862-70c6-4b10-8e55-f1b1c9018e30'}, 'data': <HDF5 dataset "id": shape (257,), type "<i4">}}, 'links': {}}, "Could not construct FrequencyBandsTable object due to: column must have the same number of rows as 'id'"))
2026-10-08T18:52:57Z INFO [309/2500] ab044822-22f8-4b11-abe6-4520d4bd89d0: valid; 49.9 s; peak memory 3879 MiB.
2026-10-08T18:53:00Z INFO [310/2500] ab05541c-d15e-487c-b0c1-04040f02e0b6: valid; 2.3 s; peak memory 3879 MiB.
2026-10-08T18:53:02Z INFO [311/2500] ab059dd5-5b96-46fa-8e91-e2cdd001f43e: valid; 2.7 s; peak memory 3879 MiB.
2026-10-08T18:53:05Z INFO [312/2500] ab06b2e5-6bc8-4b70-a020-747fef99876a: valid; 2.3 s; peak memory 3879 MiB.
2026-10-08T18:53:06Z INFO [313/2500] ab06eb7b-3948-498f-88da-d267b23fede0: valid; 1.5 s; peak memory 3879 MiB.
2026-10-08T18:53:08Z INFO [314/2500] ab0754bf-800b-4945-9e89-2c4548c91fea: valid; 1.5 s; peak memory 3879 MiB.
2026-10-08T18:53:11Z INFO [315/2500] ab07be01-791e-41a0-978a-5885e8f7b21c: valid; 3.2 s; peak memory 3879 MiB.
2026-10-08T18:53:13Z INFO [316/2500] ab08ac93-be9b-4569-abae-269d2733825e: valid; 2.0 s; peak memory 3879 MiB.
2026-10-08T18:53:15Z INFO [317/2500] ab08cd34-9362-4201-9600-9efad2beac81: valid; 1.8 s; peak memory 3879 MiB.
2026-10-08T18:53:16Z INFO [318/2500] ab0943c7-cafb-4be7-b6b0-72a417ae3cae: valid; 1.6 s; peak memory 3879 MiB.
2026-10-08T18:53:18Z INFO [319/2500] ab09784b-6e18-4aef-9de0-327a709da17e: not valid; 2.0 s; peak memory 3879 MiB.
2026-10-08T18:53:21Z INFO [320/2500] ab0ba8cc-630e-4182-8a91-7f8d9845b45c: valid; 2.5 s; peak memory 3879 MiB.
2026-10-08T18:53:37Z INFO [321/2500] ab0c77e2-82ba-4d70-aa40-2f56b423c22a: valid; 16.6 s; peak memory 4057 MiB.
2026-10-08T18:53:40Z INFO [322/2500] ab0ca208-1ef3-4e85-8d12-82139d36ebca: valid; 3.1 s; peak memory 4057 MiB.
2026-10-08T18:53:43Z INFO [323/2500] ab0cab49-e58c-4639-ae79-f41bbf82a584: valid; 3.0 s; peak memory 4057 MiB.
2026-10-08T18:53:46Z INFO [324/2500] ab0cc77b-1c10-4b29-bcc5-019382e5ac7f: valid; 2.2 s; peak memory 4057 MiB.
2026-10-08T18:53:47Z INFO [325/2500] ab0d0227-d1e4-4c2c-91cb-e3912b0abcde: valid; 1.5 s; peak memory 4057 MiB.
2026-10-08T18:53:50Z INFO [326/2500] ab0d42ab-bbd0-4a5f-94fe-8893c7410aae: not valid; 2.5 s; peak memory 4057 MiB.
2026-10-08T18:53:54Z INFO [327/2500] ab0dd10b-8f60-49b3-8f38-1ed42b20fd40: not valid; 4.1 s; peak memory 4057 MiB.
2026-10-08T18:53:55Z INFO [328/2500] ab0eb93d-0e5a-4b46-bacc-5b4d25745b4f: valid; 1.7 s; peak memory 4057 MiB.
2026-10-08T18:53:57Z INFO [329/2500] ab0ec250-38d5-4ec5-9a07-fd184e1efd8b: valid; 1.2 s; peak memory 4057 MiB.
2026-10-08T18:54:03Z INFO [330/2500] ab0ee61b-c787-4aec-aefe-6ff7fa22cf41: not valid; 6.3 s; peak memory 4072 MiB.
2026-10-08T18:54:06Z INFO [331/2500] ab0f0739-b5b9-4a12-b5e5-05bc39244a9e: valid; 2.9 s; peak memory 4074 MiB.
2026-10-08T18:54:08Z INFO [332/2500] ab0f4806-fb2c-4f0b-9d7f-8a7f10885a9f: valid; 1.8 s; peak memory 4078 MiB.
2026-10-08T18:54:10Z INFO [333/2500] ab0fe55e-439b-483c-8637-2cd00f581db8: valid; 2.7 s; peak memory 4083 MiB.
2026-10-08T18:57:07Z INFO [334/2500] ab103954-d99f-46b1-98ac-e6f91a1e9313: valid; 176.7 s; peak memory 4602 MiB.
2026-10-08T18:57:10Z INFO [335/2500] ab10dde4-6def-43b6-aa49-afb58634957a: valid; 3.4 s; peak memory 4602 MiB.
2026-10-08T18:57:10Z WARNING ab111c40-e287-4f71-89f2-4f57b0a4bc83: failed while retrieving asset information from the DANDI API (NotFoundError: No asset at path 'sub-455220/sub-455220_ses-20190730T154125_behavior+ecephys+ogen.nwb' in version 0.231012.2129. Verify the path is correct and the asset exists in this version. Use 'dandi ls' to list available assets.)
2026-10-08T18:57:12Z INFO [337/2500] ab116438-3640-40dd-9bf0-7ad80baec4e1: not valid; 2.0 s; peak memory 4602 MiB.
2026-10-08T18:57:14Z INFO [338/2500] ab118d20-17f3-487f-8e57-0b753b4ae5a6: not valid; 1.1 s; peak memory 4602 MiB.
2026-10-08T18:57:22Z INFO [339/2500] ab11e07d-6694-4716-af9c-183395d6a41c: valid; 8.7 s; peak memory 4602 MiB.
2026-10-08T18:57:25Z INFO [340/2500] ab1242f7-3214-4ab4-ac77-a2ab56c7071b: valid; 2.6 s; peak memory 4602 MiB.
2026-10-08T18:57:38Z INFO [341/2500] ab13525f-30ee-44c3-8138-33bd4bcd47d5: valid; 12.6 s; peak memory 4602 MiB.
2026-10-08T18:57:40Z INFO [342/2500] ab13b6af-eedd-461f-95c5-2102e02e1015: valid; 2.0 s; peak memory 4602 MiB.
2026-10-08T18:57:42Z INFO [343/2500] ab13b6c7-7000-44be-9fca-c9ed7cf89890: valid; 2.5 s; peak memory 4602 MiB.
2026-10-08T18:57:43Z INFO [344/2500] ab1421e9-116a-4e9a-882b-b0367d91746c: valid; 1.4 s; peak memory 4602 MiB.
2026-10-08T18:57:46Z INFO [345/2500] ab145824-3289-420e-a7d6-66ec4d60c418: valid; 2.1 s; peak memory 4604 MiB.
2026-10-08T18:57:47Z INFO [346/2500] ab14dda4-db43-49a2-938f-588e74943c91: valid; 1.5 s; peak memory 4606 MiB.
2026-10-08T18:58:00Z INFO [347/2500] ab157786-d899-414a-8c5b-a1d32e6833fb: valid; 13.1 s; peak memory 4674 MiB.
2026-10-08T18:58:02Z INFO [348/2500] ab158972-f216-43a8-811c-da0aa699b202: not valid; 2.3 s; peak memory 4679 MiB.
2026-10-08T18:58:04Z INFO [349/2500] ab1630ce-d2f0-4562-a487-336c83a5c121: valid; 1.8 s; peak memory 4683 MiB.
2026-10-08T18:58:12Z INFO [350/2500] ab1667c3-9c46-43d4-ac70-db5a2ad439bd: valid; 7.9 s; peak memory 4716 MiB.
2026-10-08T18:58:13Z INFO [350/2500] ab1667c3-9c46-43d4-ac70-db5a2ad439bd: checkpointed 176360 new records.
2026-10-08T18:58:17Z INFO [351/2500] ab17cb23-5d4f-4fcd-946e-30192890efd3: valid; 3.3 s; peak memory 4716 MiB.
2026-10-08T18:58:30Z INFO [352/2500] ab18b620-abdf-4ea6-b015-f197a9e29208: valid; 13.8 s; peak memory 4849 MiB.
2026-10-08T18:58:33Z INFO [353/2500] ab19f720-5bff-440d-91c0-e29c87ec0a14: valid; 3.0 s; peak memory 4849 MiB.
2026-10-08T18:58:35Z INFO [354/2500] ab1a37c9-389d-48f9-91b5-86d2bdbadd8a: valid; 1.5 s; peak memory 4849 MiB.
2026-10-08T18:58:45Z INFO [355/2500] ab1aa8cf-09d1-4185-b251-3d74a87cae8b: valid; 10.1 s; peak memory 4849 MiB.
2026-10-08T18:58:47Z INFO [356/2500] ab1b59db-4b00-491b-8bf6-10f1f68ddec9: not valid; 2.3 s; peak memory 4849 MiB.
2026-10-08T18:58:51Z INFO [357/2500] ab1bd5a4-f732-4eb7-b4d3-e01bbea452f5: valid; 3.2 s; peak memory 4849 MiB.
2026-10-08T18:58:56Z INFO [358/2500] ab1bd65d-f36a-4aae-814e-fb3ec56c2b29: valid; 4.9 s; peak memory 4849 MiB.
2026-10-08T18:58:58Z INFO [359/2500] ab1bdd96-6318-43f9-8031-719cec2fe039: valid; 2.9 s; peak memory 4849 MiB.
2026-10-08T18:59:03Z INFO [360/2500] ab1c42bc-770e-4fcc-b791-7da087adb8d0: not valid; 4.1 s; peak memory 4849 MiB.
2026-10-08T18:59:04Z INFO [361/2500] ab1c5718-36de-42f3-b060-82ff97b1c647: valid; 1.9 s; peak memory 4849 MiB.
2026-10-08T18:59:07Z INFO [362/2500] ab1cfc23-741c-4785-9692-3db5bb70c0df: not valid; 2.6 s; peak memory 4849 MiB.
2026-10-08T18:59:10Z INFO [363/2500] ab1d6e43-1063-4c05-bd59-8a0d742d95c6: valid; 3.0 s; peak memory 4849 MiB.
2026-10-08T18:59:19Z INFO [364/2500] ab1d79e1-a3c0-4087-92ca-d3b866a86bc1: valid; 8.8 s; peak memory 4879 MiB.
2026-10-08T18:59:20Z INFO [365/2500] ab1dc3c5-81bb-4e50-8def-d7184ef8bd7b: valid; 1.1 s; peak memory 4879 MiB.
2026-10-08T18:59:27Z INFO [366/2500] ab1e158f-659e-4c95-a9f5-2adf96d348af: not valid; 6.7 s; peak memory 4879 MiB.
2026-10-08T18:59:28Z INFO [367/2500] ab1e4d7e-7776-41e9-a2b2-8ad05280e333: valid; 1.5 s; peak memory 4879 MiB.
2026-10-08T18:59:31Z INFO [368/2500] ab1efe30-8738-469f-929a-00dbaa795cfb: valid; 2.5 s; peak memory 4879 MiB.
2026-10-08T18:59:32Z INFO [369/2500] ab1fdeaa-1a0c-43fc-9622-51dbabd4cbeb: valid; 1.6 s; peak memory 4879 MiB.
2026-10-08T18:59:34Z INFO [370/2500] ab201010-eafe-4d2e-bf8c-df6668d262bd: not valid; 1.6 s; peak memory 4879 MiB.
2026-10-08T18:59:35Z INFO [371/2500] ab20240c-4d3a-4b92-91b7-e583a684584b: valid; 1.5 s; peak memory 4879 MiB.
2026-10-08T18:59:38Z INFO [372/2500] ab204b16-0865-447a-bc0e-bb73c3fef6cf: valid; 2.5 s; peak memory 4880 MiB.
2026-10-08T18:59:40Z INFO [373/2500] ab20a677-df85-4c8b-8b73-a0914080f890: not valid; 1.9 s; peak memory 4880 MiB.
2026-10-08T18:59:42Z INFO [374/2500] ab20ed2c-1042-483d-bdd7-766a14586d41: not valid; 1.8 s; peak memory 4880 MiB.
2026-10-08T18:59:43Z INFO [375/2500] ab21620f-aa29-448a-a265-de414956ea82: not valid; 1.8 s; peak memory 4880 MiB.
2026-10-08T18:59:45Z INFO [376/2500] ab21825c-158f-49a5-bb0d-eec05c5f1304: not valid; 1.1 s; peak memory 4880 MiB.
2026-10-08T19:00:06Z INFO [377/2500] ab218b87-7b70-46c4-8c0c-175c36fe12bf: valid; 21.8 s; peak memory 4880 MiB.
2026-10-08T19:00:08Z WARNING ab218e5c-134f-46ce-ab5e-63ac709ed5a3: failed while opening the NWB file (ConstructError: (root/acquisition/_iblmic_audioSpectrogram/bands GroupBuilder {'attributes': {'colnames': array(['freq'], dtype=object), 'description': 'spectogram frequencies', 'namespace': 'core', 'neurodata_type': 'FrequencyBandsTable', 'object_id': 'f21dd2e6-ce1c-4454-b5be-445fc60c9167'}, 'groups': {}, 'datasets': {'freq': root/acquisition/_iblmic_audioSpectrogram/bands/freq DatasetBuilder {'attributes': {'description': 'frequency value', 'namespace': 'hdmf-common', 'neurodata_type': 'VectorData', 'object_id': '85cd8808-6876-49d8-9fd4-ab2414a6771e'}, 'data': <HDF5 dataset "freq": shape (257,), type "<f4">}, 'id': root/acquisition/_iblmic_audioSpectrogram/bands/id DatasetBuilder {'attributes': {'namespace': 'hdmf-common', 'neurodata_type': 'ElementIdentifiers', 'object_id': 'a20a3d9c-92cd-4763-8d1d-e0489c4dc29b'}, 'data': <HDF5 dataset "id": shape (257,), type "<i4">}}, 'links': {}}, "Could not construct FrequencyBandsTable object due to: column must have the same number of rows as 'id'"))
2026-10-08T19:00:11Z INFO [379/2500] ab2336fa-c37e-4f29-9ddb-ca861f13c0d2: valid; 2.4 s; peak memory 4882 MiB.
2026-10-08T19:00:12Z INFO [380/2500] ab23982d-3c7d-43e0-917c-b8f8387a79d7: valid; 1.7 s; peak memory 4884 MiB.
2026-10-08T19:00:17Z INFO [381/2500] ab263037-1cf3-489b-ba2a-05f5f826c15a: valid; 4.1 s; peak memory 4887 MiB.
2026-10-08T19:00:17Z WARNING ab26e512-60a1-4007-a746-ad44f6afaf5c: failed while retrieving asset information from the DANDI API (NotFoundError: No asset at path 'sub-parkinson-simulated-beta/sub-parkinson-simulated-beta_ses-6603_ecephys.nwb' in version 0.250327.2220. Verify the path is correct and the asset exists in this version. Use 'dandi ls' to list available assets.)
2026-10-08T19:00:19Z INFO [383/2500] ab27deb6-5936-4640-8d6b-eab071a223b8: not valid; 1.8 s; peak memory 4888 MiB.
2026-10-08T19:00:20Z INFO [384/2500] ab27e6e8-6208-4021-ab98-bcfc7198c443: not valid; 1.7 s; peak memory 4890 MiB.
2026-10-08T19:00:22Z INFO [385/2500] ab27f4bf-1da9-493f-9c89-7e753ba68a41: valid; 2.0 s; peak memory 4890 MiB.
2026-10-08T19:00:26Z INFO [386/2500] ab2818ab-4df5-4f55-b0b0-a2e1f035227f: valid; 3.3 s; peak memory 4892 MiB.
2026-10-08T19:00:28Z INFO [387/2500] ab28a2ff-347b-4d58-b80f-8304b117b65f: valid; 2.3 s; peak memory 4892 MiB.
2026-10-08T19:00:30Z INFO [388/2500] ab2adf52-1785-4af8-9633-7afb521738b0: not valid; 2.2 s; peak memory 4894 MiB.
2026-10-08T19:00:31Z INFO [389/2500] ab2b2b54-85a8-4d19-a84a-97d4a2ea4ff8: valid; 1.1 s; peak memory 4895 MiB.
2026-10-08T19:00:33Z INFO [390/2500] ab2bc62f-a7d9-4737-bf58-b62a2c150048: not valid; 1.7 s; peak memory 4896 MiB.
2026-10-08T19:00:51Z INFO [391/2500] ab2ce395-984e-4a37-b5f3-3a0f922d9a27: valid; 18.2 s; peak memory 4920 MiB.
2026-10-08T19:00:53Z INFO [392/2500] ab2db515-96c2-4822-9de6-dedcb5bdbdbf: valid; 2.2 s; peak memory 4922 MiB.
2026-10-08T19:00:55Z INFO [393/2500] ab2e0f3c-1629-4209-a945-453c6a3eeeae: valid; 1.3 s; peak memory 4922 MiB.
2026-10-08T19:00:56Z INFO [394/2500] ab2eeb49-2026-4039-acee-1425b7ef0d34: valid; 1.0 s; peak memory 4923 MiB.
2026-10-08T19:01:02Z INFO [395/2500] ab31091a-bbba-4971-9353-508587f28bd5: not valid; 6.4 s; peak memory 4928 MiB.
2026-10-08T19:01:04Z INFO [396/2500] ab3145e1-aed5-4b46-af6c-167223fd5f82: valid; 2.3 s; peak memory 4928 MiB.
2026-10-08T19:01:06Z INFO [397/2500] ab32000a-4b8d-4fe2-83c9-3d35c185cbc9: valid; 2.1 s; peak memory 4930 MiB.
2026-10-08T19:01:16Z INFO [398/2500] ab3259e2-8deb-4498-a5c3-bed5afe90277: valid; 9.1 s; peak memory 4937 MiB.
2026-10-08T19:01:17Z INFO [399/2500] ab332d5c-e152-42e7-a75b-1a1a4df245b3: valid; 1.4 s; peak memory 4938 MiB.
2026-10-08T19:01:19Z INFO [400/2500] ab333b43-4871-4803-b3c0-f21cae5ac363: not valid; 2.2 s; peak memory 4938 MiB.
2026-10-08T19:01:20Z INFO [400/2500] ab333b43-4871-4803-b3c0-f21cae5ac363: checkpointed 176410 new records.
2026-10-08T19:01:22Z INFO [401/2500] ab339e4f-f764-4ae1-9fb1-8a7beea3291a: valid; 1.5 s; peak memory 4940 MiB.
2026-10-08T19:01:26Z INFO [402/2500] ab33c796-bb2f-4889-bf1b-f1697c12c321: valid; 3.9 s; peak memory 4941 MiB.
2026-10-08T19:01:29Z INFO [403/2500] ab34b8b5-f536-4da0-a3ca-df013c187757: valid; 2.8 s; peak memory 4943 MiB.
2026-10-08T19:01:54Z INFO [404/2500] ab3507c0-006d-4127-ac7d-3c0519c2b653: valid; 24.8 s; peak memory 4961 MiB.
2026-10-08T19:02:02Z INFO [405/2500] ab354ee0-37d9-4fb5-b31e-c9033f970b99: valid; 8.9 s; peak memory 4968 MiB.
2026-10-08T19:02:04Z INFO [406/2500] ab361b33-da6d-4805-ba9f-5772142ed214: valid; 1.6 s; peak memory 4969 MiB.
2026-10-08T19:02:06Z INFO [407/2500] ab3624d8-c419-4f19-9932-c5e8287422f4: valid; 1.5 s; peak memory 4970 MiB.
2026-10-08T19:02:07Z INFO [408/2500] ab36384a-6cdf-41f0-bf16-9afdc98df9fd: not valid; 1.9 s; peak memory 4972 MiB.
2026-10-08T19:02:10Z INFO [409/2500] ab36a65f-9033-4207-997e-b135277d31aa: valid; 2.7 s; peak memory 4983 MiB.
2026-10-08T19:02:12Z INFO [410/2500] ab36fbac-0666-47bc-99f7-c1be16fb742f: not valid; 1.8 s; peak memory 4983 MiB.
2026-10-08T19:02:14Z INFO [411/2500] ab3734aa-d12c-4f22-87e2-f6388f312cb7: not valid; 1.9 s; peak memory 4991 MiB.
2026-10-08T19:02:17Z INFO [412/2500] ab3780c2-4b94-42e1-aa86-09c31359e41d: valid; 3.4 s; peak memory 4994 MiB.
2026-10-08T19:02:19Z INFO [413/2500] ab37fe47-86e9-4bb1-9888-ad4124b55270: valid; 1.4 s; peak memory 4994 MiB.
2026-10-08T19:02:37Z INFO [414/2500] ab3860ba-6a13-47f9-ab87-3eddb203ca67: valid; 18.1 s; peak memory 5222 MiB.
2026-10-08T19:02:38Z INFO [415/2500] ab388f4f-ae3d-44a5-b9b8-5fc901932f21: not valid; 1.6 s; peak memory 5222 MiB.
2026-10-08T19:02:41Z INFO [416/2500] ab3891f3-1148-4802-ad80-d6ecf146164e: valid; 2.2 s; peak memory 5222 MiB.
2026-10-08T19:02:45Z INFO [417/2500] ab394b1b-0c4f-4a2e-a1f9-7040b9954702: valid; 4.0 s; peak memory 5222 MiB.
2026-10-08T19:02:47Z INFO [418/2500] ab3950ca-b553-4fda-ad5b-cac289d4edf1: valid; 2.3 s; peak memory 5222 MiB.
2026-10-08T19:02:49Z INFO [419/2500] ab3bc934-8581-4cf1-bfaf-7b4df35a984b: valid; 2.4 s; peak memory 5222 MiB.
2026-10-08T19:03:03Z INFO [420/2500] ab3bfa73-1685-45b7-b4b9-4d4741c5b0c8: valid; 13.3 s; peak memory 5238 MiB.
2026-10-08T19:03:04Z INFO [421/2500] ab3cac33-56e2-4609-ab77-1ecd1416d2f4: valid; 1.7 s; peak memory 5240 MiB.
2026-10-08T19:03:08Z INFO [422/2500] ab3d4a3d-bde4-49a0-a057-ba141f70bc63: valid; 4.0 s; peak memory 5251 MiB.
2026-10-08T19:03:12Z INFO [423/2500] ab3d5c65-1c07-403c-9338-dd3701dd93f5: valid; 3.4 s; peak memory 5251 MiB.
2026-10-08T19:03:15Z INFO [424/2500] ab3e8cb8-9a98-4499-bc3e-ce314781336a: valid; 2.8 s; peak memory 5251 MiB.
2026-10-08T19:03:29Z INFO [425/2500] ab3edfc3-d6e4-4cda-833d-372433142f39: valid; 14.1 s; peak memory 5306 MiB.
2026-10-08T19:03:30Z INFO [426/2500] ab405206-6dac-4fb2-b900-150b5e779453: valid; 1.4 s; peak memory 5306 MiB.
2026-10-08T19:03:33Z INFO [427/2500] ab40ace1-4599-42a6-bd9a-73a9720ad976: valid; 3.1 s; peak memory 5306 MiB.
2026-10-08T19:03:36Z INFO [428/2500] ab411244-0acf-4a46-a08d-243303f18012: valid; 3.1 s; peak memory 5306 MiB.
2026-10-08T19:03:38Z INFO [429/2500] ab415a1e-eb42-4084-a647-473b8336907f: valid; 1.7 s; peak memory 5306 MiB.
2026-10-08T19:03:40Z INFO [430/2500] ab424857-2d5f-4c2a-aa3d-a564f2af0e2c: valid; 1.5 s; peak memory 5306 MiB.
2026-10-08T19:03:42Z INFO [431/2500] ab42de3c-ffb0-44a2-a2a1-7a145be86a12: valid; 2.2 s; peak memory 5306 MiB.
2026-10-08T19:03:44Z INFO [432/2500] ab42ea0d-766f-4486-8cf2-cf7c138e6306: valid; 2.5 s; peak memory 5306 MiB.
2026-10-08T19:03:48Z INFO [433/2500] ab42ff40-e194-4633-928a-7ea1225a1a67: valid; 4.1 s; peak memory 5306 MiB.
2026-10-08T19:03:50Z INFO [434/2500] ab43bea2-150b-4a14-b126-a52428c80015: valid; 1.6 s; peak memory 5306 MiB.
2026-10-08T19:03:51Z INFO [435/2500] ab444b94-ebad-488c-a05d-e17ab6d209e5: valid; 1.5 s; peak memory 5306 MiB.
2026-10-08T19:03:54Z INFO [436/2500] ab44b492-2838-4b7b-a99b-92cb3a7b58cb: valid; 2.1 s; peak memory 5306 MiB.
2026-10-08T19:03:55Z INFO [437/2500] ab44d2a7-1e4b-4d77-b66d-79ebbb397178: valid; 1.6 s; peak memory 5306 MiB.
2026-10-08T19:03:57Z INFO [438/2500] ab454d99-be05-4e58-8c28-9fbd8bf03b21: valid; 2.3 s; peak memory 5306 MiB.
2026-10-08T19:04:00Z INFO [439/2500] ab458aff-2a81-4845-9d0e-9983eccc473a: not valid; 2.7 s; peak memory 5306 MiB.
2026-10-08T19:04:02Z INFO [440/2500] ab45a7e3-a1cd-4937-9f91-f5ffa63244ee: not valid; 1.8 s; peak memory 5306 MiB.
2026-10-08T19:04:05Z INFO [441/2500] ab460b32-cbae-4a5a-902d-91ce3142dda0: not valid; 3.0 s; peak memory 5306 MiB.
2026-10-08T19:04:07Z INFO [442/2500] ab46be71-bbd5-47e2-873b-7a579974efe3: not valid; 1.8 s; peak memory 5306 MiB.
2026-10-08T19:04:09Z INFO [443/2500] ab46c7f7-7089-4fbc-811d-f19375bb9ff2: valid; 2.0 s; peak memory 5306 MiB.
2026-10-08T19:04:21Z INFO [444/2500] ab47b66a-032c-426c-b83f-783090308049: valid; 12.5 s; peak memory 5314 MiB.
2026-10-08T19:04:23Z INFO [445/2500] ab496206-9141-430e-98fc-b5eb54915190: valid; 1.4 s; peak memory 5317 MiB.
2026-10-08T19:04:34Z INFO [446/2500] ab49ae74-27ab-495d-ae4d-e3ef8bb117ce: valid; 11.5 s; peak memory 5349 MiB.
2026-10-08T19:04:35Z INFO [447/2500] ab49c2ab-554b-460d-978e-133c26682c94: valid; 1.0 s; peak memory 5349 MiB.
2026-10-08T19:04:39Z INFO [448/2500] ab4a2e7d-5b6b-428d-9118-1f981d12ee0a: valid; 4.1 s; peak memory 5350 MiB.
2026-10-08T19:04:42Z INFO [449/2500] ab4b4289-d45f-44b1-86ba-5b5059ee9d43: valid; 2.2 s; peak memory 5350 MiB.
2026-10-08T19:04:44Z INFO [450/2500] ab4b5174-8135-4bec-bfea-80f3007a6b12: valid; 2.9 s; peak memory 5352 MiB.
2026-10-08T19:04:46Z INFO [450/2500] ab4b5174-8135-4bec-bfea-80f3007a6b12: checkpointed 176460 new records.
2026-10-08T19:04:47Z INFO [451/2500] ab4b65a4-0e2e-4a45-89b1-4cad52fbcb09: valid; 1.2 s; peak memory 5352 MiB.
2026-10-08T19:04:48Z INFO [452/2500] ab4b758e-b78d-46db-b2c6-4855b8444b45: valid; 1.3 s; peak memory 5352 MiB.
2026-10-08T19:04:50Z INFO [453/2500] ab4b7dba-800e-4873-8f3e-7955af6ac86e: valid; 1.5 s; peak memory 5352 MiB.
2026-10-08T19:04:51Z INFO [454/2500] ab4bfbe1-9b8d-4be2-82ba-896b32829088: not valid; 1.7 s; peak memory 5352 MiB.
2026-10-08T19:04:53Z INFO [455/2500] ab4c948f-336c-4992-badd-6a44e4190196: not valid; 1.6 s; peak memory 5352 MiB.
2026-10-08T19:04:55Z INFO [456/2500] ab4cd86d-5487-4f4f-afce-456ccc596735: valid; 1.5 s; peak memory 5352 MiB.
2026-10-08T19:04:56Z INFO [457/2500] ab4d426b-99d7-4f5a-ad9b-db8221ec8db2: not valid; 1.5 s; peak memory 5352 MiB.
2026-10-08T19:04:58Z INFO [458/2500] ab4d97da-5fec-4908-b24c-05320ad108f4: not valid; 1.5 s; peak memory 5353 MiB.
2026-10-08T19:04:59Z INFO [459/2500] ab4f8bb2-0962-4a80-b8fa-92fd61c08fec: valid; 1.7 s; peak memory 5353 MiB.
2026-10-08T19:05:02Z INFO [460/2500] ab4fa063-383c-46a2-9255-5c642c45bdd6: valid; 2.7 s; peak memory 5356 MiB.
2026-10-08T19:05:04Z INFO [461/2500] ab500287-2555-4445-a506-1d3683aa07b6: not valid; 1.9 s; peak memory 5356 MiB.
2026-10-08T19:05:12Z INFO [462/2500] ab514f97-dc37-415e-afd1-3cccf47c2465: valid; 8.6 s; peak memory 5405 MiB.
2026-10-08T19:05:15Z INFO [463/2500] ab52495c-e6bd-4a34-8f07-1ff7683482ef: not valid; 2.7 s; peak memory 5405 MiB.
2026-10-08T19:05:17Z INFO [464/2500] ab52a1b8-c78d-411d-896c-983ac95c64a3: not valid; 1.8 s; peak memory 5405 MiB.
2026-10-08T19:05:33Z INFO [465/2500] ab52acf5-090b-4a6b-b13c-957295023f0c: valid; 15.8 s; peak memory 5482 MiB.
2026-10-08T19:05:41Z INFO [466/2500] ab52b8f4-254f-414e-b9ed-d5b873e42343: valid; 7.8 s; peak memory 5516 MiB.
2026-10-08T19:05:42Z INFO [467/2500] ab52cf93-eb90-4d37-a6a3-30387f0d6dd0: valid; 1.2 s; peak memory 5518 MiB.
2026-10-08T19:05:43Z INFO [468/2500] ab52f0ab-a1a5-42c3-8c29-f7a9fe2d6b41: valid; 1.3 s; peak memory 5520 MiB.
2026-10-08T19:05:44Z INFO [469/2500] ab5362f4-431d-4bb8-9501-79d3d97ab962: valid; 1.2 s; peak memory 5522 MiB.
2026-10-08T19:05:46Z INFO [470/2500] ab539bc8-0371-405a-9ae4-7010fc2698d7: valid; 1.5 s; peak memory 5524 MiB.
2026-10-08T19:05:48Z INFO [471/2500] ab53ce56-ec46-4006-b68d-bab5c16b828f: not valid; 2.6 s; peak memory 5524 MiB.
2026-10-08T19:05:50Z INFO [472/2500] ab53fd20-44f3-4af9-a493-92424f12051d: valid; 1.5 s; peak memory 5524 MiB.
2026-10-08T19:05:52Z INFO [473/2500] ab541e74-1ed2-4538-b670-082b72b1852b: valid; 1.7 s; peak memory 5524 MiB.
2026-10-08T19:05:54Z WARNING ab54b29c-f78a-498c-94e5-e35f51362e83: failed while opening the NWB file (ConstructError: (root/acquisition/_iblmic_audioSpectrogram/bands GroupBuilder {'attributes': {'colnames': array(['freq'], dtype=object), 'description': 'spectogram frequencies', 'namespace': 'core', 'neurodata_type': 'FrequencyBandsTable', 'object_id': '2f69b681-ee9a-44ee-9851-a491c068d780'}, 'groups': {}, 'datasets': {'freq': root/acquisition/_iblmic_audioSpectrogram/bands/freq DatasetBuilder {'attributes': {'description': 'frequency value', 'namespace': 'hdmf-common', 'neurodata_type': 'VectorData', 'object_id': '6c3a04f4-1735-4209-8676-c1b45f8f9ba5'}, 'data': <HDF5 dataset "freq": shape (257,), type "<f4">}, 'id': root/acquisition/_iblmic_audioSpectrogram/bands/id DatasetBuilder {'attributes': {'namespace': 'hdmf-common', 'neurodata_type': 'ElementIdentifiers', 'object_id': '7510f168-2740-4ca9-baba-9fc43ad84be4'}, 'data': <HDF5 dataset "id": shape (257,), type "<i4">}}, 'links': {}}, "Could not construct FrequencyBandsTable object due to: column must have the same number of rows as 'id'"))
2026-10-08T19:05:56Z INFO [475/2500] ab55a618-c23f-4787-9a2d-707670dac159: valid; 2.1 s; peak memory 5524 MiB.
2026-10-08T19:06:05Z INFO [476/2500] ab5608c7-6a13-4f98-8430-19d2cdcd0ab8: valid; 9.7 s; peak memory 5524 MiB.
2026-10-08T19:06:08Z INFO [477/2500] ab560a4c-6528-4889-93d2-d1a3c6769f70: valid; 2.2 s; peak memory 5524 MiB.
2026-10-08T19:06:10Z INFO [478/2500] ab560b87-dabb-4af1-838a-483bf5e4ff28: valid; 2.3 s; peak memory 5524 MiB.
2026-10-08T19:06:22Z INFO [479/2500] ab56385c-00dd-4163-80fd-157445ed5723: valid; 12.0 s; peak memory 5610 MiB.
2026-10-08T19:06:37Z INFO [480/2500] ab564744-d0f7-40a0-9cdf-fd20ec52c752: valid; 14.9 s; peak memory 5610 MiB.
2026-10-08T19:06:40Z INFO [481/2500] ab566b72-4c90-4255-b846-f5ba2291e232: valid; 3.4 s; peak memory 5614 MiB.
2026-10-08T19:06:42Z INFO [482/2500] ab56b85d-9d9e-405c-9c11-0c9942dc931c: valid; 1.6 s; peak memory 5614 MiB.
2026-10-08T19:06:44Z INFO [483/2500] ab56bb26-977b-4d55-8c39-73126fca9a46: valid; 2.3 s; peak memory 5614 MiB.
2026-10-08T19:06:58Z INFO [484/2500] ab57a70b-31ab-4bb7-a3a5-28c1391c65ef: valid; 13.9 s; peak memory 5714 MiB.
2026-10-08T19:07:02Z INFO [485/2500] ab58d060-d74f-433f-b766-9748b3d922a8: valid; 3.5 s; peak memory 5714 MiB.
2026-10-08T19:07:04Z INFO [486/2500] ab5919ab-a315-4902-9571-135815e49188: valid; 2.0 s; peak memory 5714 MiB.
2026-10-08T19:07:13Z INFO [487/2500] ab5a0308-e45a-4301-95df-0163ab7c01bc: valid; 9.0 s; peak memory 5714 MiB.
2026-10-08T19:07:14Z INFO [488/2500] ab5a3c94-4acb-4909-80ef-3a7cbfded95c: valid; 1.4 s; peak memory 5715 MiB.
2026-10-08T19:07:16Z INFO [489/2500] ab5a65c4-d984-400c-85d2-bd598ba4bbbd: valid; 2.1 s; peak memory 5724 MiB.
2026-10-08T19:07:18Z INFO [490/2500] ab5ac378-875f-499d-9059-bcdd479c2396: valid; 1.7 s; peak memory 5726 MiB.
2026-10-08T19:07:22Z INFO [491/2500] ab5ae1ea-ae10-4afd-876f-d939dfddc9e2: valid; 4.7 s; peak memory 5728 MiB.
2026-10-08T19:07:26Z INFO [492/2500] ab5af3b6-6922-4785-9f89-465b775f50f9: valid; 3.3 s; peak memory 5731 MiB.
2026-10-08T19:07:28Z INFO [493/2500] ab5afa78-7f95-4e94-ae31-33a45ef278ae: not valid; 2.1 s; peak memory 5731 MiB.
2026-10-08T19:07:37Z INFO [494/2500] ab5b5a77-8c3a-4321-bc59-72f725988b30: valid; 9.3 s; peak memory 5731 MiB.
2026-10-08T19:07:40Z INFO [495/2500] ab5b817a-6c47-4ab9-b1b1-fc91b8175213: valid; 3.4 s; peak memory 5731 MiB.
2026-10-08T19:07:43Z INFO [496/2500] ab5bc1c8-b01d-4bae-8e48-2cfe16f20964: valid; 2.3 s; peak memory 5731 MiB.
2026-10-08T19:07:44Z INFO [497/2500] ab5be659-32e8-4aa0-9a43-7b719bc383c4: valid; 1.5 s; peak memory 5731 MiB.
2026-10-08T19:07:46Z INFO [498/2500] ab5c205c-4200-4077-b9a4-a2f4cd8c7afb: valid; 2.0 s; peak memory 5731 MiB.
2026-10-08T19:07:46Z WARNING ab5c5ff6-4463-4fe6-9835-1fcdb74412ef: failed while retrieving asset information from the DANDI API (NotFoundError: No such Dandiset: 001533)
2026-10-08T19:07:49Z INFO [500/2500] ab5cd360-5d46-49bf-bf8a-65df1c0f8c22: valid; 2.1 s; peak memory 5731 MiB.
2026-10-08T19:07:50Z INFO [500/2500] ab5cd360-5d46-49bf-bf8a-65df1c0f8c22: checkpointed 176510 new records.
2026-10-08T19:07:53Z INFO [501/2500] ab5d377e-e138-44b8-9934-b3f4bb455597: valid; 3.2 s; peak memory 5731 MiB.
2026-10-08T19:07:55Z INFO [502/2500] ab5d52de-f5d2-4af7-a3f7-2b1455f415aa: valid; 1.9 s; peak memory 5731 MiB.
2026-10-08T19:07:56Z INFO [503/2500] ab5d7bde-6370-4880-89ed-a0a971b548f5: valid; 1.3 s; peak memory 5731 MiB.
2026-10-08T19:07:58Z INFO [504/2500] ab5d7c90-e56c-46c0-913f-9c6784aacdb5: valid; 2.2 s; peak memory 5731 MiB.
2026-10-08T19:08:00Z INFO [505/2500] ab5dfaea-d6da-45ee-8613-6d64fce56704: valid; 2.1 s; peak memory 5732 MiB.
2026-10-08T19:08:05Z INFO [506/2500] ab5e2f36-bf31-4fe8-86c7-143d875d4852: valid; 4.8 s; peak memory 5732 MiB.
2026-10-08T19:08:09Z INFO [507/2500] ab5e9eca-9286-4a13-a9e6-974f8d9c57e8: not valid; 3.7 s; peak memory 5732 MiB.
2026-10-08T19:08:12Z INFO [508/2500] ab5ed371-6bc4-4868-9a27-b9c4a8fc468c: valid; 3.1 s; peak memory 5732 MiB.
2026-10-08T19:08:15Z INFO [509/2500] ab5f8fbc-e40c-41ac-bd38-f07ab180e4de: valid; 3.1 s; peak memory 5732 MiB.
2026-10-08T19:08:19Z INFO [510/2500] ab5fe007-e746-42db-ac60-f6dca204289a: valid; 4.2 s; peak memory 5732 MiB.
2026-10-08T19:08:23Z INFO [511/2500] ab60540f-7aa8-4a70-9cd6-3cd211982369: valid; 3.8 s; peak memory 5749 MiB.
2026-10-08T19:08:27Z INFO [512/2500] ab605e37-eea8-4644-acd4-421ce3d7203e: not valid; 3.5 s; peak memory 5749 MiB.
2026-10-08T19:08:29Z INFO [513/2500] ab607c1e-3dd5-4267-9baf-426223669657: valid; 2.0 s; peak memory 5749 MiB.
2026-10-08T19:08:30Z INFO [514/2500] ab60c984-401f-4dc8-8147-b4e6d46b9871: valid; 1.4 s; peak memory 5750 MiB.
2026-10-08T19:08:39Z INFO [515/2500] ab6101e3-eb98-4700-b8dc-0b568bccf665: valid; 8.6 s; peak memory 5867 MiB.
2026-10-08T19:08:41Z INFO [516/2500] ab6179c4-c95c-4962-b04e-9f8728925fa0: valid; 2.2 s; peak memory 5867 MiB.
2026-10-08T19:08:41Z WARNING ab622b29-e0f3-47e8-806e-0862d56d678e: failed while retrieving asset information from the DANDI API (NotFoundError: No asset at path 'sub-R2/sub-R2_ses-20190206T210000_ophys.nwb' in version 0.260415.1712. Verify the path is correct and the asset exists in this version. Use 'dandi ls' to list available assets.)
2026-10-08T19:08:43Z INFO [518/2500] ab623570-c836-406b-8783-5f7b39b9b194: valid; 1.6 s; peak memory 5867 MiB.
2026-10-08T19:08:45Z INFO [519/2500] ab6267bb-0f07-4a26-95c8-cf1bff2fec60: valid; 2.1 s; peak memory 5867 MiB.
2026-10-08T19:09:06Z INFO [520/2500] ab626a55-2d1e-4d4c-8cae-a63f352bc451: valid; 21.8 s; peak memory 5954 MiB.
2026-10-08T19:09:17Z INFO [521/2500] ab627649-da96-4c5b-96db-8efa5a25647c: valid; 10.2 s; peak memory 6003 MiB.
2026-10-08T19:09:31Z INFO [522/2500] ab62ab1f-696c-41e7-9c46-9965caa8f5ce: valid; 14.2 s; peak memory 6117 MiB.
2026-10-08T19:09:33Z INFO [523/2500] ab634bcb-416c-4d47-8259-630fa7b3d901: valid; 1.6 s; peak memory 6117 MiB.
2026-10-08T19:09:40Z INFO [524/2500] ab635406-f234-4812-abe8-66be7bb71ceb: valid; 7.8 s; peak memory 6117 MiB.
2026-10-08T19:09:42Z INFO [525/2500] ab637b01-2fdd-48ff-9bb9-16b1ab700af6: not valid; 1.9 s; peak memory 6117 MiB.
2026-10-08T19:09:44Z INFO [526/2500] ab637d2a-1bbe-4098-9865-7ba548aa4ce1: valid; 1.8 s; peak memory 6117 MiB.
2026-10-08T19:09:56Z INFO [527/2500] ab6417c3-37bf-4b81-82fa-a48982aaeafc: valid; 12.2 s; peak memory 6151 MiB.
2026-10-08T19:09:58Z INFO [528/2500] ab641d77-61dc-4b37-8e32-a8405f4f19ba: not valid; 1.8 s; peak memory 6154 MiB.
2026-10-08T19:10:00Z INFO [529/2500] ab642dfb-3a2d-4180-85c0-4b8b88fb0d87: not valid; 1.9 s; peak memory 6156 MiB.
2026-10-08T19:10:00Z WARNING ab647f5f-5333-4f08-9d98-58770cb99512: failed while retrieving asset information from the DANDI API (NotFoundError: No such Dandiset: 000948)
2026-10-08T19:10:15Z INFO [531/2500] ab65f3d6-b910-4b68-a04d-20fa8ccc0314: valid; 15.2 s; peak memory 6236 MiB.
2026-10-08T19:10:19Z INFO [532/2500] ab668756-c970-420d-9680-08755ec39362: valid; 3.5 s; peak memory 6240 MiB.
2026-10-08T19:10:20Z INFO [533/2500] ab669e73-1669-4661-8965-671cadfcdcd1: valid; 1.6 s; peak memory 6240 MiB.
2026-10-08T19:10:23Z INFO [534/2500] ab66d9de-d25b-4293-a53b-171bd79d1d51: valid; 2.5 s; peak memory 6240 MiB.
2026-10-08T19:10:25Z INFO [535/2500] ab675bab-0d9d-4d43-9a70-9b4c3de7d4c8: valid; 2.2 s; peak memory 6240 MiB.
2026-10-08T19:10:26Z INFO [536/2500] ab6776ee-9483-49d1-93f6-33877cf796e2: valid; 1.4 s; peak memory 6240 MiB.
2026-10-08T19:10:28Z INFO [537/2500] ab68a121-f1e4-4c3a-9138-c50cba487a7f: valid; 1.6 s; peak memory 6240 MiB.
2026-10-08T19:10:31Z INFO [538/2500] ab68bbe0-ac78-4807-9a21-77548dc52264: valid; 2.5 s; peak memory 6240 MiB.
2026-10-08T19:10:32Z INFO [539/2500] ab68e04f-80f4-4665-96a6-1887db6bcdb3: not valid; 1.5 s; peak memory 6240 MiB.
2026-10-08T19:10:34Z INFO [540/2500] ab68f14b-efa1-4975-b7f2-32af5464b25b: valid; 1.5 s; peak memory 6240 MiB.
2026-10-08T19:10:36Z INFO [541/2500] ab6952a7-f5fd-4432-88cb-0f65a727faf0: valid; 2.3 s; peak memory 6240 MiB.
2026-10-08T19:10:37Z INFO [542/2500] ab69ee4b-3adb-4950-ae45-e0f99b42e182: valid; 1.4 s; peak memory 6240 MiB.
2026-10-08T19:10:39Z INFO [543/2500] ab6a14de-7bd0-46bd-858f-c24ab333b55a: not valid; 1.3 s; peak memory 6240 MiB.
2026-10-08T19:10:41Z INFO [544/2500] ab6a1845-9937-47d7-b4f2-c4e795b4b031: valid; 2.2 s; peak memory 6240 MiB.
2026-10-08T19:10:53Z INFO [545/2500] ab6a1a54-59c3-4799-8f23-e960183da53a: valid; 12.6 s; peak memory 6257 MiB.
2026-10-08T19:10:56Z INFO [546/2500] ab6aba0d-8c13-4e5f-8336-367388d6a669: valid; 2.6 s; peak memory 6257 MiB.
2026-10-08T19:10:58Z INFO [547/2500] ab6b4fed-11ee-4346-83d9-4cbd05d3c837: valid; 2.1 s; peak memory 6257 MiB.
2026-10-08T19:11:00Z INFO [548/2500] ab6bb495-f6c1-4707-9029-368bc11bf531: valid; 2.2 s; peak memory 6257 MiB.
2026-10-08T19:11:05Z INFO [549/2500] ab6c27ba-aee3-4a63-9a83-c96c4c7c6ae0: valid; 4.7 s; peak memory 6257 MiB.
2026-10-08T19:11:07Z INFO [550/2500] ab6d4d16-f6b9-4a61-9c59-d79b7ae84327: valid; 2.0 s; peak memory 6257 MiB.
2026-10-08T19:11:08Z INFO [550/2500] ab6d4d16-f6b9-4a61-9c59-d79b7ae84327: checkpointed 176560 new records.
2026-10-08T19:11:10Z INFO [551/2500] ab6e23ac-bf9c-47f8-a9cc-9af5400f1c1a: not valid; 1.6 s; peak memory 6258 MiB.
2026-10-08T19:11:30Z INFO [552/2500] ab6e4f24-c55b-42a2-94e0-10e9b9ac2a0c: valid; 19.7 s; peak memory 6430 MiB.
2026-10-08T19:11:31Z INFO [553/2500] ab6e8905-a068-495d-b8a3-da7939c11ae4: valid; 1.5 s; peak memory 6430 MiB.
2026-10-08T19:11:33Z INFO [554/2500] ab6ec140-7beb-4537-a604-558daa2863b1: valid; 2.0 s; peak memory 6430 MiB.
2026-10-08T19:11:52Z INFO [555/2500] ab6f092f-2c1b-4909-8d45-99f8ba62b12b: valid; 18.8 s; peak memory 6430 MiB.
2026-10-08T19:11:54Z INFO [556/2500] ab6f0f0f-8a7e-4514-9667-710504524963: valid; 2.0 s; peak memory 6430 MiB.
2026-10-08T19:12:08Z INFO [557/2500] ab6f846d-b647-4c5b-9db1-7cba8ea21d74: valid; 13.9 s; peak memory 6432 MiB.
2026-10-08T19:12:11Z INFO [558/2500] ab6fbe14-7cd4-4045-90d4-b1d01dffeb39: valid; 3.2 s; peak memory 6468 MiB.
2026-10-08T19:12:12Z INFO [559/2500] ab6fd5d6-6a14-4a8d-90e2-e63fb8896078: valid; 1.4 s; peak memory 6468 MiB.
2026-10-08T19:12:17Z INFO [560/2500] ab707c5a-7b96-4c5d-8e97-ab6c3e1c9aae: valid; 4.7 s; peak memory 6468 MiB.
2026-10-08T19:12:24Z INFO [561/2500] ab70adaf-af98-4fbb-8429-a8eb66c07e2e: valid; 6.8 s; peak memory 6684 MiB.
2026-10-08T19:12:27Z INFO [562/2500] ab713584-6730-4c4e-88e4-3dce033a132a: valid; 2.8 s; peak memory 6684 MiB.
2026-10-08T19:12:29Z INFO [563/2500] ab723781-044c-4954-9f2c-7ac66fb69c84: valid; 2.3 s; peak memory 6684 MiB.
2026-10-08T19:12:31Z WARNING ab72d107-fbb0-4faf-8e5b-1c6d820132d0: failed while opening the NWB file (ConstructError: (root/acquisition/_iblmic_audioSpectrogram/bands GroupBuilder {'attributes': {'colnames': array(['freq'], dtype=object), 'description': 'spectogram frequencies', 'namespace': 'core', 'neurodata_type': 'FrequencyBandsTable', 'object_id': '802c78ed-2302-4065-89ea-8ef7b9b15578'}, 'groups': {}, 'datasets': {'freq': root/acquisition/_iblmic_audioSpectrogram/bands/freq DatasetBuilder {'attributes': {'description': 'frequency value', 'namespace': 'hdmf-common', 'neurodata_type': 'VectorData', 'object_id': 'eb9dfc55-d5ac-4bb8-9dd4-448f38f78e76'}, 'data': <HDF5 dataset "freq": shape (257,), type "<f4">}, 'id': root/acquisition/_iblmic_audioSpectrogram/bands/id DatasetBuilder {'attributes': {'namespace': 'hdmf-common', 'neurodata_type': 'ElementIdentifiers', 'object_id': 'e475c820-f406-4ffa-8982-6c82c63d3f1f'}, 'data': <HDF5 dataset "id": shape (257,), type "<i4">}}, 'links': {}}, "Could not construct FrequencyBandsTable object due to: column must have the same number of rows as 'id'"))
2026-10-08T19:12:32Z INFO [565/2500] ab737d1c-eddd-49cf-9229-aa3da62ec342: valid; 1.5 s; peak memory 6684 MiB.
2026-10-08T19:12:41Z INFO [566/2500] ab748005-7d2d-4963-a4de-542446754770: valid; 8.9 s; peak memory 6684 MiB.
2026-10-08T19:12:43Z INFO [567/2500] ab7484f9-f513-45d3-9453-f48452802437: valid; 2.1 s; peak memory 6684 MiB.
2026-10-08T19:12:46Z INFO [568/2500] ab749a12-d20c-430d-b225-a4fa1a56338e: valid; 2.5 s; peak memory 6684 MiB.
2026-10-08T19:12:51Z INFO [569/2500] ab752847-c245-4571-b0e5-070962d41351: valid; 5.4 s; peak memory 6684 MiB.
2026-10-08T19:12:53Z INFO [570/2500] ab7530af-353e-41d2-a1eb-300da037c9a0: valid; 1.5 s; peak memory 6684 MiB.
2026-10-08T19:12:55Z INFO [571/2500] ab759fb6-10af-432b-8a6f-c6f376c1f5da: valid; 2.1 s; peak memory 6684 MiB.
2026-10-08T19:12:57Z INFO [572/2500] ab76779b-d595-4f73-b5d6-ef6995500ff5: valid; 2.7 s; peak memory 6684 MiB.
2026-10-08T19:12:59Z INFO [573/2500] ab76f5fe-032f-4a6f-8ca5-30e020c6d81b: valid; 1.4 s; peak memory 6684 MiB.
2026-10-08T19:13:00Z INFO [574/2500] ab77df2c-073e-4c24-ab17-5abe320ca71a: not valid; 1.5 s; peak memory 6684 MiB.
2026-10-08T19:13:03Z INFO [575/2500] ab781433-896b-4aea-8fc6-8c94bcafb53b: valid; 3.1 s; peak memory 6684 MiB.
2026-10-08T19:13:06Z INFO [576/2500] ab796f59-80ac-4e12-823a-b68eea012c64: valid; 2.9 s; peak memory 6684 MiB.
2026-10-08T19:13:08Z INFO [577/2500] ab7ad421-a643-41d4-afa1-895f3db88abd: not valid; 1.9 s; peak memory 6684 MiB.
2026-10-08T19:13:11Z INFO [578/2500] ab7b0d43-3ce6-4e01-bbee-e686ad1a9adb: valid; 2.4 s; peak memory 6684 MiB.
2026-10-08T19:13:16Z INFO [579/2500] ab7b138b-7509-4f56-9226-24b631c2b504: valid; 5.2 s; peak memory 6684 MiB.
2026-10-08T19:13:21Z INFO [580/2500] ab7b2fca-4edc-4938-bf46-1e337dcc9dcd: valid; 5.0 s; peak memory 6684 MiB.
2026-10-08T19:14:02Z INFO [581/2500] ab7c625b-861a-4e9e-8187-4654451007fc: valid; 41.3 s; peak memory 6866 MiB.
2026-10-08T19:14:04Z INFO [582/2500] ab7cc597-27df-4806-82e7-08a0d98c5c0d: valid; 1.8 s; peak memory 6867 MiB.
2026-10-08T19:14:14Z INFO [583/2500] ab7cd572-f8e7-4165-a8de-e3f2cad25176: valid; 10.1 s; peak memory 6879 MiB.
2026-10-08T19:14:17Z INFO [584/2500] ab7ce132-bf07-4ea0-b889-923d967a8710: valid; 3.2 s; peak memory 6887 MiB.
2026-10-08T19:14:31Z INFO [585/2500] ab7d0fb0-0290-4137-986d-0146c2e6d2ae: valid; 14.3 s; peak memory 6958 MiB.
2026-10-08T19:14:34Z WARNING ab7d5ae1-4a6c-48f0-bbe4-78209cbb2831: failed while opening the NWB file (ConstructError: (root/acquisition/_iblmic_audioSpectrogram/bands GroupBuilder {'attributes': {'colnames': array(['freq'], dtype=object), 'description': 'spectogram frequencies', 'namespace': 'core', 'neurodata_type': 'FrequencyBandsTable', 'object_id': '8e983740-7271-41de-abb1-d0139e868047'}, 'groups': {}, 'datasets': {'freq': root/acquisition/_iblmic_audioSpectrogram/bands/freq DatasetBuilder {'attributes': {'description': 'frequency value', 'namespace': 'hdmf-common', 'neurodata_type': 'VectorData', 'object_id': '6657897a-86f9-484f-87c5-f34bc308ca8a'}, 'data': <HDF5 dataset "freq": shape (257,), type "<f4">}, 'id': root/acquisition/_iblmic_audioSpectrogram/bands/id DatasetBuilder {'attributes': {'namespace': 'hdmf-common', 'neurodata_type': 'ElementIdentifiers', 'object_id': '730264c7-309b-44f7-a637-91d43eba1308'}, 'data': <HDF5 dataset "id": shape (257,), type "<i4">}}, 'links': {}}, "Could not construct FrequencyBandsTable object due to: column must have the same number of rows as 'id'"))
2026-10-08T19:14:35Z INFO [587/2500] ab7f514e-4c23-4380-9243-7ec4679e0cc3: valid; 1.4 s; peak memory 6961 MiB.
2026-10-08T19:14:37Z INFO [588/2500] ab7f8b5e-89f1-4e53-92fe-3c5926aebbde: valid; 1.5 s; peak memory 6961 MiB.
2026-10-08T19:14:39Z INFO [589/2500] ab801349-446b-4a53-9157-53d414ec221e: not valid; 2.0 s; peak memory 6961 MiB.
2026-10-08T19:14:42Z INFO [590/2500] ab80530b-f173-46d9-b1d6-f992afa34ff3: not valid; 3.2 s; peak memory 6961 MiB.
2026-10-08T19:14:45Z INFO [591/2500] ab80a4a1-654d-42e1-917a-2a760f71ec26: valid; 2.6 s; peak memory 6965 MiB.
2026-10-08T19:14:48Z INFO [592/2500] ab81f217-42be-4d9c-b17a-1101e4f69e5c: valid; 3.6 s; peak memory 6965 MiB.
2026-10-08T19:14:51Z INFO [593/2500] ab8247d6-3c29-4b5c-ba6e-1351c03e6b98: valid; 2.9 s; peak memory 6965 MiB.
2026-10-08T19:14:56Z INFO [594/2500] ab826c54-342e-425a-b83c-4e372f1e74f4: not valid; 4.7 s; peak memory 6965 MiB.
2026-10-08T19:15:05Z INFO [595/2500] ab82f4df-23ee-4e48-9255-f9ab390e0b39: valid; 8.7 s; peak memory 6965 MiB.
2026-10-08T19:15:08Z INFO [596/2500] ab843c93-336c-4ad7-95a7-d98617dbbcf1: valid; 3.2 s; peak memory 6965 MiB.
2026-10-08T19:15:10Z INFO [597/2500] ab844a43-9e48-4d54-955b-cdcd7d31266e: valid; 2.2 s; peak memory 6965 MiB.
2026-10-08T19:15:53Z INFO [598/2500] ab8465d2-fed2-4d30-94c2-9674bd7cbb6e: not valid; 42.4 s; peak memory 7432 MiB.
2026-10-08T19:15:55Z INFO [599/2500] ab853fa5-96c2-475c-b3d3-fc07b44eb305: valid; 2.2 s; peak memory 7433 MiB.
2026-10-08T19:16:00Z INFO [600/2500] ab8555dc-e26a-419a-a4d5-cbd07ecb692e: valid; 5.1 s; peak memory 7436 MiB.
2026-10-08T19:16:01Z INFO [600/2500] ab8555dc-e26a-419a-a4d5-cbd07ecb692e: checkpointed 176610 new records.
2026-10-08T19:16:03Z INFO [601/2500] ab8611dc-4ae7-4418-b293-6b0a3d92a2d0: valid; 2.0 s; peak memory 7439 MiB.
2026-10-08T19:16:08Z INFO [602/2500] ab864bd0-7f96-4680-a7cf-701761440732: not valid; 5.3 s; peak memory 7451 MiB.
2026-10-08T19:16:12Z INFO [603/2500] ab870003-b739-4461-8dfd-6dbbe008c3fd: valid; 4.1 s; peak memory 7453 MiB.
2026-10-08T19:16:24Z INFO [604/2500] ab875cf2-c4f4-454a-ac44-84dbea845fe9: valid; 12.0 s; peak memory 7478 MiB.
2026-10-08T19:16:26Z INFO [605/2500] ab8772d1-6ade-4cd5-8e3a-db41d386cefe: valid; 1.4 s; peak memory 7479 MiB.
2026-10-08T19:16:29Z INFO [606/2500] ab884864-d5fe-4664-b0e1-698902043b01: valid; 3.3 s; peak memory 7480 MiB.
2026-10-08T19:16:31Z INFO [607/2500] ab885b1c-478a-463e-8257-2c9f5400fe08: valid; 1.4 s; peak memory 7481 MiB.
2026-10-08T19:16:31Z WARNING ab88da8a-6c95-42cf-9175-1c8bd465f4d4: failed while retrieving asset information from the DANDI API (NotFoundError: No asset at path 'sub-parkinson-simulated-beta/sub-parkinson-simulated-beta_ses-5829_ecephys.nwb' in version 0.250327.2220. Verify the path is correct and the asset exists in this version. Use 'dandi ls' to list available assets.)
2026-10-08T19:16:32Z INFO [609/2500] ab8a55a8-0ce3-4694-a5ad-12a87c9acf2c: valid; 1.6 s; peak memory 7482 MiB.
2026-10-08T19:16:34Z INFO [610/2500] ab8a724a-c33a-4da7-8ab8-fd9f21d1ae51: valid; 1.6 s; peak memory 7482 MiB.
2026-10-08T19:16:35Z INFO [611/2500] ab8b0add-ce70-4672-a0b2-d38707c05dc3: valid; 1.0 s; peak memory 7483 MiB.
2026-10-08T19:16:36Z INFO [612/2500] ab8b3ab3-c644-4b8f-89a2-8fbd061a161d: valid; 1.3 s; peak memory 7484 MiB.
2026-10-08T19:16:51Z INFO [613/2500] ab8b5da5-5e42-4c7a-bcd4-9bf6bb2b1691: not valid; 14.9 s; peak memory 7509 MiB.
2026-10-08T19:16:53Z INFO [614/2500] ab8c35ec-e0bf-4a02-92f1-bdc168913f9c: valid; 1.5 s; peak memory 7509 MiB.
2026-10-08T19:16:54Z INFO [615/2500] ab8c7af7-c24d-442d-8064-6c091bfa067f: valid; 1.6 s; peak memory 7510 MiB.
2026-10-08T19:16:57Z INFO [616/2500] ab8d46ba-0d31-477f-932a-27d9b9cdbee3: valid; 2.9 s; peak memory 7511 MiB.
2026-10-08T19:16:59Z INFO [617/2500] ab8da487-001e-4cb8-82fa-59eb45408cc3: valid; 2.1 s; peak memory 7511 MiB.
2026-10-08T19:17:01Z INFO [618/2500] ab8ee77e-315d-4864-97dc-b0fd43ae769d: valid; 1.5 s; peak memory 7511 MiB.
2026-10-08T19:17:04Z INFO [619/2500] ab8f6b5c-3596-4ffc-9a35-49ee728e1d1f: valid; 2.8 s; peak memory 7511 MiB.
2026-10-08T19:17:05Z INFO [620/2500] ab8fb28a-ce78-4f7a-9dee-f4a2a5b29f03: valid; 1.4 s; peak memory 7511 MiB.
2026-10-08T19:17:06Z INFO [621/2500] ab90277e-4383-4e8f-8219-35880760d2dc: valid; 1.5 s; peak memory 7511 MiB.
2026-10-08T19:17:09Z WARNING ab9094c9-843e-4d4e-8cd1-437d3998b167: failed while opening the NWB file (ConstructError: (root/acquisition/_iblmic_audioSpectrogram/bands GroupBuilder {'attributes': {'colnames': array(['freq'], dtype=object), 'description': 'spectogram frequencies', 'namespace': 'core', 'neurodata_type': 'FrequencyBandsTable', 'object_id': 'f9807b4e-14a0-43bd-ba27-963d7cd45749'}, 'groups': {}, 'datasets': {'freq': root/acquisition/_iblmic_audioSpectrogram/bands/freq DatasetBuilder {'attributes': {'description': 'frequency value', 'namespace': 'hdmf-common', 'neurodata_type': 'VectorData', 'object_id': 'a141da2c-f7c8-4059-a2e7-197a1f2e0ebc'}, 'data': <HDF5 dataset "freq": shape (257,), type "<f4">}, 'id': root/acquisition/_iblmic_audioSpectrogram/bands/id DatasetBuilder {'attributes': {'namespace': 'hdmf-common', 'neurodata_type': 'ElementIdentifiers', 'object_id': '160cb6c3-a048-40dc-8fb0-e18a0747643b'}, 'data': <HDF5 dataset "id": shape (257,), type "<i4">}}, 'links': {}}, "Could not construct FrequencyBandsTable object due to: column must have the same number of rows as 'id'"))
2026-10-08T19:17:11Z INFO [623/2500] ab90a20a-ebd8-45a1-9462-c2cc670c88f0: valid; 2.7 s; peak memory 7511 MiB.
2026-10-08T19:17:15Z INFO [624/2500] ab90ba97-d60a-42c9-955a-10ca4fdb6be8: valid; 3.3 s; peak memory 7511 MiB.
2026-10-08T19:17:17Z INFO [625/2500] ab90d8dc-ae29-41fe-8a09-58ed3becdf15: valid; 2.1 s; peak memory 7511 MiB.
2026-10-08T19:17:18Z INFO [626/2500] ab924be4-4d65-4d07-9e1f-924e50aff5de: not valid; 1.7 s; peak memory 7511 MiB.
2026-10-08T19:17:20Z INFO [627/2500] ab92a11e-3620-4852-af71-3e69a9fec4c3: valid; 1.6 s; peak memory 7511 MiB.
2026-10-08T19:17:21Z INFO [628/2500] ab92a529-bcd4-4594-b68d-db3478bbd475: valid; 1.5 s; peak memory 7511 MiB.
2026-10-08T19:19:25Z INFO [629/2500] ab92aab6-790d-43c6-a82c-d7ca9e88da72: valid; 124.0 s; peak memory 7671 MiB.
2026-10-08T19:19:30Z INFO [630/2500] ab92f96f-3c4e-4842-9a82-0f289e4725c0: valid; 5.0 s; peak memory 7671 MiB.
2026-10-08T19:19:39Z INFO [631/2500] ab936ac5-c4b1-4a61-8ce6-f529f5d7347a: valid; 9.0 s; peak memory 7671 MiB.
2026-10-08T19:19:41Z INFO [632/2500] ab936c97-f5d7-4f14-9879-3aa501a8bed5: valid; 1.5 s; peak memory 7671 MiB.
2026-10-08T19:19:44Z INFO [633/2500] ab93b85c-134c-47ae-9877-8400db0034a7: valid; 3.1 s; peak memory 7671 MiB.
2026-10-08T19:19:46Z INFO [634/2500] ab941a24-9603-4669-8f4f-de5f920334d1: not valid; 1.5 s; peak memory 7671 MiB.
2026-10-08T19:19:47Z INFO [635/2500] ab944999-364f-49b5-85c2-6d431cdc8b41: valid; 1.4 s; peak memory 7671 MiB.
2026-10-08T19:19:49Z INFO [636/2500] ab9499e8-e24a-436c-9f0f-4047c6778862: valid; 2.3 s; peak memory 7671 MiB.
2026-10-08T19:19:51Z INFO [637/2500] ab952804-6485-4a5a-b736-7ffa718ae844: valid; 1.8 s; peak memory 7671 MiB.
2026-10-08T19:20:01Z INFO [638/2500] ab956112-8c1f-4364-b8e1-9be52b6bb45b: valid; 9.6 s; peak memory 7672 MiB.
2026-10-08T19:20:03Z INFO [639/2500] ab9570f2-2057-4a84-ba27-6f19a8f51a46: valid; 2.1 s; peak memory 7673 MiB.
2026-10-08T19:20:05Z INFO [640/2500] ab957534-bc47-4113-8bc4-e1f8748be96f: valid; 2.2 s; peak memory 7673 MiB.
2026-10-08T19:20:07Z INFO [641/2500] ab958b0e-68b0-4de0-bc3b-94b760557d56: valid; 2.2 s; peak memory 7673 MiB.
2026-10-08T19:20:09Z INFO [642/2500] ab95f785-0567-42f3-bec0-96ce48df42a7: valid; 2.0 s; peak memory 7673 MiB.
2026-10-08T19:20:11Z WARNING ab96509e-3e63-4667-89e1-a52d03bb494a: failed while opening the NWB file (ConstructError: (root/acquisition/_iblmic_audioSpectrogram/bands GroupBuilder {'attributes': {'colnames': array(['freq'], dtype=object), 'description': 'spectogram frequencies', 'namespace': 'core', 'neurodata_type': 'FrequencyBandsTable', 'object_id': '6ec4a8d4-128d-4871-9ff0-57267f07841d'}, 'groups': {}, 'datasets': {'freq': root/acquisition/_iblmic_audioSpectrogram/bands/freq DatasetBuilder {'attributes': {'description': 'frequency value', 'namespace': 'hdmf-common', 'neurodata_type': 'VectorData', 'object_id': '2101b5f6-d270-4944-85c9-404aacf432af'}, 'data': <HDF5 dataset "freq": shape (257,), type "<f4">}, 'id': root/acquisition/_iblmic_audioSpectrogram/bands/id DatasetBuilder {'attributes': {'namespace': 'hdmf-common', 'neurodata_type': 'ElementIdentifiers', 'object_id': '99dda1cf-8878-4fe2-aef3-39b001b23cfd'}, 'data': <HDF5 dataset "id": shape (257,), type "<i4">}}, 'links': {}}, "Could not construct FrequencyBandsTable object due to: column must have the same number of rows as 'id'"))
2026-10-08T19:20:13Z INFO [644/2500] ab967073-4c75-424c-92f5-524fefe909aa: not valid; 2.0 s; peak memory 7673 MiB.
2026-10-08T19:20:16Z INFO [645/2500] ab97b7c3-aabc-4456-8b2a-5358f48491b8: not valid; 2.6 s; peak memory 7673 MiB.
2026-10-08T19:20:17Z INFO [646/2500] ab97d8ec-3fca-4e5b-b924-fac3bb89b51b: not valid; 1.3 s; peak memory 7673 MiB.
2026-10-08T19:20:19Z INFO [647/2500] ab98077f-da4e-4366-a64e-06b73f03829b: valid; 1.6 s; peak memory 7673 MiB.
2026-10-08T19:20:20Z INFO [648/2500] ab9861c8-f44e-49c7-b008-025d3f3cdc70: valid; 1.5 s; peak memory 7673 MiB.
2026-10-08T19:20:22Z INFO [649/2500] ab98ab71-8a88-4f12-ab47-20e1e2940f53: valid; 2.2 s; peak memory 7673 MiB.
2026-10-08T19:20:25Z INFO [650/2500] ab990b86-2509-4071-b454-0f55194763b5: valid; 3.0 s; peak memory 7673 MiB.
2026-10-08T19:20:27Z INFO [650/2500] ab990b86-2509-4071-b454-0f55194763b5: checkpointed 176660 new records.
2026-10-08T19:20:28Z INFO [651/2500] ab998e02-33b5-4c99-bea4-34c74a530748: valid; 1.4 s; peak memory 7673 MiB.
2026-10-08T19:20:30Z INFO [652/2500] ab999379-9778-4a90-959a-7b2d8634389c: not valid; 1.6 s; peak memory 7673 MiB.
2026-10-08T19:20:34Z INFO [653/2500] ab9a7aed-0ec0-4530-b134-e35674e8483c: valid; 4.7 s; peak memory 7673 MiB.
2026-10-08T19:20:36Z INFO [654/2500] ab9b12e1-5397-4a29-8a49-28da694fe7fa: valid; 1.5 s; peak memory 7673 MiB.
2026-10-08T19:20:38Z INFO [655/2500] ab9b14b8-233e-454e-a9f1-ae52696d7758: valid; 2.4 s; peak memory 7673 MiB.
2026-10-08T19:20:40Z INFO [656/2500] ab9b56d3-66f8-4b19-bfd6-8392571ce708: valid; 1.3 s; peak memory 7673 MiB.
2026-10-08T19:20:42Z INFO [657/2500] ab9b6f17-dd14-4d98-be7b-ab1859a3a2aa: valid; 2.8 s; peak memory 7673 MiB.
2026-10-08T19:20:53Z INFO [658/2500] ab9c5360-660d-4c5e-97ab-a3a59c12f167: not valid; 11.1 s; peak memory 7687 MiB.
2026-10-08T19:20:55Z INFO [659/2500] ab9ca8e0-3069-4810-9e29-a71223fd50d8: valid; 1.1 s; peak memory 7688 MiB.
2026-10-08T19:20:56Z INFO [660/2500] ab9d58cb-0bf1-4e48-b77c-ca71e2ef972e: valid; 1.1 s; peak memory 7688 MiB.
2026-10-08T19:20:58Z INFO [661/2500] ab9d70b9-a5cc-4a20-aa3e-df414ba3999b: not valid; 2.8 s; peak memory 7690 MiB.
2026-10-08T19:21:07Z INFO [662/2500] ab9e0000-54af-44f9-8098-110f47e19bc7: valid; 8.4 s; peak memory 7698 MiB.
2026-10-08T19:21:29Z INFO [663/2500] ab9e113d-3050-4563-9ee1-fc890916ebdb: not valid; 21.9 s; peak memory 7777 MiB.
2026-10-08T19:21:30Z INFO [664/2500] ab9e2aa4-0ef5-4112-baba-ca2ab575729e: valid; 1.2 s; peak memory 7777 MiB.
2026-10-08T19:21:34Z INFO [665/2500] ab9e9bfa-c214-4be0-8a19-e4a147d7216a: valid; 3.8 s; peak memory 7783 MiB.
2026-10-08T19:21:36Z INFO [666/2500] ab9ef1bf-a342-4c2d-9273-f2a7da1acb6a: not valid; 1.9 s; peak memory 7786 MiB.
2026-10-08T19:21:38Z INFO [667/2500] ab9f0626-d44a-4b1a-b6fd-6af0016d3d49: not valid; 2.0 s; peak memory 7789 MiB.
2026-10-08T19:21:41Z INFO [668/2500] ab9f1222-99f8-44b7-82fd-24c2bdd843c5: valid; 3.6 s; peak memory 7792 MiB.
2026-10-08T19:22:00Z INFO [669/2500] ab9f7502-6a42-42a2-83fd-c15fcc143f03: valid; 18.2 s; peak memory 7792 MiB.
2026-10-08T19:22:01Z INFO [670/2500] ab9feaa6-335d-424e-8c5d-fb18cc50fa9d: valid; 1.0 s; peak memory 7792 MiB.
2026-10-08T19:22:03Z WARNING aba00ee4-35ba-49c0-ba82-03fa40ef7b9a: failed while opening the NWB file (ConstructError: (root/acquisition/event_code_meanings GroupBuilder {'attributes': {'colnames': array(['value', 'meaning'], dtype=object), 'description': 'Mapping integer event codes to event labels', 'namespace': 'ndx-events', 'neurodata_type': 'MeaningsTable', 'object_id': '9f50f2e7-e96f-41cc-9f72-8f446f6c65e3'}, 'groups': {}, 'datasets': {'id': root/acquisition/event_code_meanings/id DatasetBuilder {'attributes': {'namespace': 'hdmf-common', 'neurodata_type': 'ElementIdentifiers', 'object_id': '1c13d653-c79f-427e-9555-2049eb5bf41b'}, 'data': <HDF5 dataset "id": shape (26,), type "<i8">}, 'meaning': root/acquisition/event_code_meanings/meaning DatasetBuilder {'attributes': {'description': 'The meaning of the value in the parent CategoricalVectorData object.', 'namespace': 'hdmf-experimental', 'neurodata_type': 'VectorData', 'object_id': '4cfd816f-1f14-4b7a-a00f-dffec9154fae'}, 'data': <StrDataset for HDF5 dataset "meaning": shape (26,), type "|O">}, 'value': root/acquisition/event_code_meanings/value DatasetBuilder {'attributes': {'description': 'The value of the parent CategoricalVectorData object.', 'namespace': 'hdmf-experimental', 'neurodata_type': 'VectorData', 'object_id': 'ac43b0ca-92fd-4719-afae-376b78b5b3a5'}, 'data': <HDF5 dataset "value": shape (26,), type "<i8">}}, 'links': {}}, "Could not construct MeaningsTable object due to: MeaningsTable.__init__: missing argument 'target'"))
2026-10-08T19:22:06Z INFO [672/2500] aba1bde4-b586-46e7-aae5-22692cac6379: valid; 3.2 s; peak memory 7792 MiB.
2026-10-08T19:22:08Z INFO [673/2500] aba1bf6c-b50a-43c3-95d7-d8d2a41f9d06: not valid; 2.2 s; peak memory 7792 MiB.
2026-10-08T19:22:13Z INFO [674/2500] aba1d209-ef66-434c-9720-1c6d4e946a0c: valid; 4.7 s; peak memory 7792 MiB.
2026-10-08T19:22:22Z INFO [675/2500] aba25ded-b7a1-468a-940e-9d98ce54f580: valid; 9.2 s; peak memory 7792 MiB.
2026-10-08T19:22:24Z INFO [676/2500] aba27a38-c02b-40fc-b1ff-51e96a8a47ce: not valid; 1.6 s; peak memory 7792 MiB.
2026-10-08T19:22:26Z INFO [677/2500] aba38b17-82ab-46fb-9838-bcbdc763cd3b: not valid; 2.1 s; peak memory 7792 MiB.
2026-10-08T19:22:28Z INFO [678/2500] aba425b1-5617-4178-bab8-e019b4871834: not valid; 2.0 s; peak memory 7792 MiB.
2026-10-08T19:22:28Z WARNING aba57ce5-251f-497a-a62e-15021cc16443: failed while retrieving asset information from the DANDI API (NotFoundError: No asset at path 'sub-healthy-simulated-lfp/sub-healthy-simulated-lfp_ses-7035_ecephys.nwb' in version 0.250327.2220. Verify the path is correct and the asset exists in this version. Use 'dandi ls' to list available assets.)
2026-10-08T19:22:29Z INFO [680/2500] aba5f383-9f66-4534-b930-3c4aa49c6e46: not valid; 1.7 s; peak memory 7792 MiB.
2026-10-08T19:22:32Z INFO [681/2500] aba6f276-501c-43d6-bf93-80e4f357e1b6: valid; 3.0 s; peak memory 7792 MiB.
2026-10-08T19:22:34Z INFO [682/2500] aba869b0-db09-43e7-a92f-215061dc46d8: not valid; 1.9 s; peak memory 7792 MiB.
2026-10-08T19:22:36Z INFO [683/2500] aba88f78-1395-4de6-b598-fa700087bb3e: valid; 2.1 s; peak memory 7792 MiB.
2026-10-08T19:22:38Z INFO [684/2500] aba90aac-830f-4e76-8b48-085aa25f665c: valid; 1.5 s; peak memory 7792 MiB.
2026-10-08T19:22:50Z INFO [685/2500] aba9433f-2341-4312-9884-25abc7baeeaf: valid; 12.2 s; peak memory 7792 MiB.
2026-10-08T19:22:52Z INFO [686/2500] aba999ac-ec81-488f-8c13-757bcd65119b: valid; 2.4 s; peak memory 7792 MiB.
2026-10-08T19:22:56Z INFO [687/2500] abaaa7e7-b4d3-4a78-9249-770ec4d9d9fe: valid; 4.0 s; peak memory 7792 MiB.
2026-10-08T19:22:59Z INFO [688/2500] abac233c-a483-4f47-b5ed-8fe2fddccd51: valid; 2.9 s; peak memory 7792 MiB.
2026-10-08T19:23:01Z INFO [689/2500] abace59a-2d5d-4341-8f24-483df7f9d414: valid; 1.8 s; peak memory 7792 MiB.
2026-10-08T19:23:03Z INFO [690/2500] abad4f61-acbf-4787-9764-db4664af4e27: not valid; 1.5 s; peak memory 7792 MiB.
2026-10-08T19:23:05Z INFO [691/2500] abada84e-91aa-46d2-a323-762c7e0cb8a0: valid; 2.1 s; peak memory 7792 MiB.
2026-10-08T19:23:28Z INFO [692/2500] abadbbbb-c2c3-4bfd-bb39-a60a7434592b: valid; 23.1 s; peak memory 7835 MiB.
2026-10-08T19:23:29Z INFO [693/2500] abadbd8b-582a-4b28-8ecd-94dd9707df71: valid; 1.5 s; peak memory 7837 MiB.
2026-10-08T19:23:29Z WARNING abade953-4bde-4d7e-b945-d92cb528b88c: failed while retrieving asset information from the DANDI API (NotFoundError: No such Dandiset: 001269)
2026-10-08T19:23:31Z INFO [695/2500] abaf82a3-d364-4b3c-8aae-ef2af6b6e836: not valid; 1.6 s; peak memory 7841 MiB.
2026-10-08T19:23:36Z INFO [696/2500] abaf87bb-709e-4619-8389-d45e8c181f8e: valid; 4.7 s; peak memory 7880 MiB.
2026-10-08T19:23:39Z INFO [697/2500] abafc404-c0e8-405f-a82a-77342a288ade: valid; 3.1 s; peak memory 7883 MiB.
2026-10-08T19:23:42Z INFO [698/2500] abb004e1-6639-42a8-bb3b-0fb6f11066a7: valid; 3.3 s; peak memory 7883 MiB.
2026-10-08T19:23:44Z INFO [699/2500] abb05972-c9a2-4b49-a63e-be2e76e0e595: valid; 2.1 s; peak memory 7883 MiB.
2026-10-08T19:24:08Z INFO [700/2500] abb07df7-c98e-4515-8ca8-e501a459eeaf: valid; 23.5 s; peak memory 8666 MiB.
2026-10-08T19:24:09Z INFO [700/2500] abb07df7-c98e-4515-8ca8-e501a459eeaf: checkpointed 176710 new records.
2026-10-08T19:24:10Z INFO [701/2500] abb10946-8a2b-42a4-af7a-7c8ad25b7855: valid; 1.4 s; peak memory 8666 MiB.
2026-10-08T19:24:12Z INFO [702/2500] abb196de-d060-4d9e-b1b5-8940832b0140: valid; 1.7 s; peak memory 8666 MiB.
2026-10-08T19:24:13Z INFO [703/2500] abb22e34-f1db-4fa2-96af-3308e5cb4323: not valid; 1.0 s; peak memory 8666 MiB.
2026-10-08T19:24:15Z INFO [704/2500] abb248d3-d622-4458-a715-b2dae317384f: not valid; 2.2 s; peak memory 8666 MiB.
2026-10-08T19:24:17Z INFO [705/2500] abb314d2-efcb-4cff-88bd-c0c153578cb6: valid; 2.1 s; peak memory 8666 MiB.
2026-10-08T19:24:18Z WARNING abb3b367-ccb6-4fe5-9304-f72a16d980af: failed while opening the NWB file (PathNotFoundError: nothing found at path '')
2026-10-08T19:24:27Z INFO [707/2500] abb44e49-43fb-4803-af7f-960e5410cd87: valid; 8.7 s; peak memory 8666 MiB.
2026-10-08T19:24:29Z INFO [708/2500] abb4a7d0-27e4-4209-a1e5-8981e39fa20a: valid; 2.2 s; peak memory 8666 MiB.
2026-10-08T19:24:32Z INFO [709/2500] abb4ca61-08cb-4a7a-984b-8fd3add7ea25: valid; 3.5 s; peak memory 8666 MiB.
2026-10-08T19:24:35Z INFO [710/2500] abb4f6d7-19df-4312-9ba2-43ae19d7d88c: valid; 2.4 s; peak memory 8666 MiB.
2026-10-08T19:24:37Z WARNING abb53a0f-c6f4-4803-a468-01c6f88cbf7c: failed while opening the NWB file (ConstructError: (root/acquisition/_iblmic_audioSpectrogram/bands GroupBuilder {'attributes': {'colnames': array(['freq'], dtype=object), 'description': 'spectogram frequencies', 'namespace': 'core', 'neurodata_type': 'FrequencyBandsTable', 'object_id': 'da792d83-163f-49ec-8dca-94f041512c68'}, 'groups': {}, 'datasets': {'freq': root/acquisition/_iblmic_audioSpectrogram/bands/freq DatasetBuilder {'attributes': {'description': 'frequency value', 'namespace': 'hdmf-common', 'neurodata_type': 'VectorData', 'object_id': 'a7b5aae6-8ace-42f3-83ae-2ae0f2f53977'}, 'data': <HDF5 dataset "freq": shape (257,), type "<f4">}, 'id': root/acquisition/_iblmic_audioSpectrogram/bands/id DatasetBuilder {'attributes': {'namespace': 'hdmf-common', 'neurodata_type': 'ElementIdentifiers', 'object_id': '55673108-df2f-45cb-aecf-b1e739adea7a'}, 'data': <HDF5 dataset "id": shape (257,), type "<i4">}}, 'links': {}}, "Could not construct FrequencyBandsTable object due to: column must have the same number of rows as 'id'"))
2026-10-08T19:24:58Z INFO [712/2500] abb591a4-0b5b-485a-bc7c-42fc31092f8b: valid; 21.5 s; peak memory 8743 MiB.
2026-10-08T19:25:00Z INFO [713/2500] abb5da33-9dad-4661-9169-64c9b04b74ec: valid; 2.4 s; peak memory 8751 MiB.
2026-10-08T19:25:08Z INFO [714/2500] abb62c56-a258-4a67-a965-9ba1089a427b: not valid; 7.6 s; peak memory 8767 MiB.
2026-10-08T19:25:10Z INFO [715/2500] abb64f54-96e1-43a4-9839-0aa7a099a29c: not valid; 1.6 s; peak memory 8774 MiB.
2026-10-08T19:25:13Z INFO [716/2500] abb658be-9ae6-40bb-ad2a-4625b9c81b9c: valid; 3.2 s; peak memory 8795 MiB.
2026-10-08T19:25:14Z INFO [717/2500] abb6a6aa-94a7-4d53-8b00-78bc3ad826d8: not valid; 1.5 s; peak memory 8802 MiB.
2026-10-08T19:25:16Z INFO [718/2500] abb730c7-91be-4b74-b89b-5d612df91950: valid; 1.3 s; peak memory 8804 MiB.
2026-10-08T19:25:18Z INFO [719/2500] abb7431e-1ddc-430f-ab91-ac0c43e9010c: not valid; 1.9 s; peak memory 8811 MiB.
2026-10-08T19:25:19Z INFO [720/2500] abb74b78-1f86-4ab6-b57d-c4db18eee4b9: valid; 1.9 s; peak memory 8814 MiB.
2026-10-08T19:25:23Z INFO [721/2500] abb765ff-6f68-4ff5-b9bf-51e2f928ce6a: valid; 3.4 s; peak memory 8819 MiB.
2026-10-08T19:25:29Z INFO [722/2500] abb77dfe-4771-4747-be98-b13879f65959: not valid; 6.4 s; peak memory 8832 MiB.
2026-10-08T19:25:31Z INFO [723/2500] abb7867c-8e44-4cbe-a38b-83a2803fa287: valid; 1.5 s; peak memory 8832 MiB.
2026-10-08T19:25:42Z INFO [724/2500] abb805ff-dd8c-4db7-aeda-ff7dfdc800cc: valid; 11.8 s; peak memory 9012 MiB.
2026-10-08T19:25:45Z INFO [725/2500] abb872d1-c3e3-4f15-99d2-02fa2c6b26f7: valid; 3.0 s; peak memory 9012 MiB.
2026-10-08T19:25:53Z INFO [726/2500] abb8e7c4-03a4-4966-869f-fe988b214b4b: valid; 7.5 s; peak memory 9012 MiB.
2026-10-08T19:25:56Z INFO [727/2500] abb9a516-f7e1-47d2-8160-b19bcac24b9b: valid; 2.5 s; peak memory 9012 MiB.
2026-10-08T19:25:58Z INFO [728/2500] abb9dbe2-da98-4b5c-bce2-4014be775f81: valid; 2.1 s; peak memory 9012 MiB.
2026-10-08T19:26:02Z INFO [729/2500] abba3bc0-dbe0-49ed-80b6-7fb3611bbb04: not valid; 4.7 s; peak memory 9012 MiB.
2026-10-08T19:26:03Z WARNING abba98cf-54e8-4ca1-89ac-4bfd912bab10: failed while retrieving asset information from the DANDI API (NotFoundError: No asset at path 'sub-460436/sub-460436_ses-20200108T105741_behavior+ecephys+ogen.nwb' in version 0.231012.2129. Verify the path is correct and the asset exists in this version. Use 'dandi ls' to list available assets.)
2026-10-08T19:26:04Z INFO [731/2500] abbadacf-5c3b-407a-b7a8-11aa32197fb2: valid; 1.5 s; peak memory 9012 MiB.
2026-10-08T19:26:04Z WARNING abbaf8ab-f68b-4933-a2c4-8d137d35f7dc: failed while retrieving asset information from the DANDI API (NotFoundError: No asset at path 'sub-parkinson-simulated-beta/sub-parkinson-simulated-beta_ses-1713_ecephys.nwb' in version 0.250327.2220. Verify the path is correct and the asset exists in this version. Use 'dandi ls' to list available assets.)
2026-10-08T19:26:06Z INFO [733/2500] abbb4956-b795-401c-9df9-11c274adf9dd: valid; 2.2 s; peak memory 9012 MiB.
2026-10-08T19:26:08Z INFO [734/2500] abbbba72-5088-417d-800f-0509692f7fa1: valid; 2.1 s; peak memory 9012 MiB.
2026-10-08T19:26:11Z INFO [735/2500] abbbcbbd-8021-462f-a8f3-fe65af7ada7f: valid; 2.8 s; peak memory 9012 MiB.
2026-10-08T19:26:18Z INFO [736/2500] abbbd3e2-282f-4f0e-b68c-1e159b5c253b: not valid; 7.0 s; peak memory 9012 MiB.
2026-10-08T19:26:21Z INFO [737/2500] abbc0af4-fa1e-45f8-89b3-9c3589b1421e: valid; 3.0 s; peak memory 9012 MiB.
2026-10-08T19:26:24Z INFO [738/2500] abbca1af-aa2f-4f09-b18c-14911746e761: valid; 2.5 s; peak memory 9012 MiB.
2026-10-08T19:26:29Z INFO [739/2500] abbcd781-4b7e-459e-b0ca-76c718996c0d: not valid; 5.7 s; peak memory 9012 MiB.
2026-10-08T19:26:32Z INFO [740/2500] abbd460f-e963-4a48-afe6-c52234299ad4: valid; 2.4 s; peak memory 9012 MiB.
2026-10-08T19:26:52Z INFO [741/2500] abbd670a-e8d7-42c0-a744-32971a5fbf85: valid; 20.2 s; peak memory 9012 MiB.
2026-10-08T19:26:57Z INFO [742/2500] abbd6af6-8904-412d-ada3-f2da35be2bb7: not valid; 4.7 s; peak memory 9012 MiB.
2026-10-08T19:27:00Z INFO [743/2500] abbd8f84-5ae6-4612-9506-ce6bd3515978: valid; 3.1 s; peak memory 9012 MiB.
2026-10-08T19:27:02Z INFO [744/2500] abbddcf3-520f-4b2b-af7c-7e725fb28340: valid; 2.1 s; peak memory 9012 MiB.
2026-10-08T19:27:04Z INFO [745/2500] abbe2318-7a5e-4fa7-831a-86a7c9a90bcc: not valid; 2.1 s; peak memory 9012 MiB.
2026-10-08T19:27:08Z INFO [746/2500] abbe9541-2d2b-4da4-b866-561780ded9fc: not valid; 3.7 s; peak memory 9012 MiB.
2026-10-08T19:27:14Z INFO [747/2500] abbedc30-b370-4b04-9f93-c9e199cd7416: valid; 6.2 s; peak memory 9012 MiB.
2026-10-08T19:27:15Z INFO [748/2500] abbef97f-0d81-4ec9-b539-14fc3fd50711: not valid; 1.7 s; peak memory 9012 MiB.
2026-10-08T19:27:17Z INFO [749/2500] abc02df4-a22c-440b-b0ee-a9aa70f5e7c6: valid; 1.4 s; peak memory 9012 MiB.
2026-10-08T19:27:20Z INFO [750/2500] abc033b7-3c8d-43c5-b488-062c9fc52107: valid; 2.9 s; peak memory 9012 MiB.
2026-10-08T19:27:21Z INFO [750/2500] abc033b7-3c8d-43c5-b488-062c9fc52107: checkpointed 176760 new records.
2026-10-08T19:27:22Z INFO [751/2500] abc05e07-f3b8-4292-9d6e-97872aedbc7a: valid; 1.3 s; peak memory 9012 MiB.
2026-10-08T19:27:25Z INFO [752/2500] abc0d0f5-edbb-413a-abb8-3f6ca42e5ba7: not valid; 2.2 s; peak memory 9012 MiB.
2026-10-08T19:27:27Z INFO [753/2500] abc0e7bc-30f4-4090-912c-c1cc1a4a848c: valid; 2.3 s; peak memory 9012 MiB.
2026-10-08T19:27:30Z INFO [754/2500] abc0e91a-5732-422e-9423-37cebaee5a23: valid; 3.2 s; peak memory 9012 MiB.
2026-10-08T19:27:32Z INFO [755/2500] abc0f783-ab5a-4f7a-a7e8-7156e2eff437: valid; 2.1 s; peak memory 9012 MiB.
2026-10-08T19:27:34Z INFO [756/2500] abc125f4-6e5b-44e5-a5db-08699955ff41: not valid; 1.8 s; peak memory 9012 MiB.
2026-10-08T19:27:36Z INFO [757/2500] abc3510a-f805-48c2-9796-cc60f344086c: valid; 2.4 s; peak memory 9012 MiB.
2026-10-08T19:27:38Z INFO [758/2500] abc3aef3-c533-4f6e-9261-d895a2d937e0: valid; 1.3 s; peak memory 9012 MiB.
2026-10-08T19:27:40Z INFO [759/2500] abc3d05f-35cd-47ae-b694-6dd6f02f0be0: valid; 2.7 s; peak memory 9012 MiB.
2026-10-08T19:27:43Z INFO [760/2500] abc3d81f-905a-4544-ab98-695bf66ebdce: not valid; 2.2 s; peak memory 9012 MiB.
2026-10-08T19:27:55Z INFO [761/2500] abc3e37c-d75d-4dc5-98d0-cf34120a4655: valid; 12.5 s; peak memory 9012 MiB.
2026-10-08T19:27:58Z INFO [762/2500] abc5c025-732a-4eb7-94cc-5e0768df78a1: valid; 3.4 s; peak memory 9012 MiB.
2026-10-08T19:28:00Z WARNING abc5f18e-f9cb-4ce3-bdda-6497c870e723: failed while opening the NWB file (ConstructError: (root/acquisition/event_code_meanings GroupBuilder {'attributes': {'colnames': array(['value', 'meaning'], dtype=object), 'description': 'Mapping integer event codes to event labels', 'namespace': 'ndx-events', 'neurodata_type': 'MeaningsTable', 'object_id': '67f0bec2-ec97-416c-887c-958ad613ac32'}, 'groups': {}, 'datasets': {'id': root/acquisition/event_code_meanings/id DatasetBuilder {'attributes': {'namespace': 'hdmf-common', 'neurodata_type': 'ElementIdentifiers', 'object_id': '66ec7e7d-1005-45e4-a8ea-6e265a0e8d36'}, 'data': <HDF5 dataset "id": shape (26,), type "<i8">}, 'meaning': root/acquisition/event_code_meanings/meaning DatasetBuilder {'attributes': {'description': 'The meaning of the value in the parent CategoricalVectorData object.', 'namespace': 'hdmf-experimental', 'neurodata_type': 'VectorData', 'object_id': 'fd298ada-56f9-4532-a886-7e6b66073d47'}, 'data': <StrDataset for HDF5 dataset "meaning": shape (26,), type "|O">}, 'value': root/acquisition/event_code_meanings/value DatasetBuilder {'attributes': {'description': 'The value of the parent CategoricalVectorData object.', 'namespace': 'hdmf-experimental', 'neurodata_type': 'VectorData', 'object_id': 'b1c542e2-ccd0-4a63-8808-9c54cf010399'}, 'data': <HDF5 dataset "value": shape (26,), type "<i8">}}, 'links': {}}, "Could not construct MeaningsTable object due to: MeaningsTable.__init__: missing argument 'target'"))
2026-10-08T19:28:13Z INFO [764/2500] abc60a65-13e2-4a7d-9772-8f339032b4ae: valid; 12.6 s; peak memory 9312 MiB.
2026-10-08T19:28:14Z INFO [765/2500] abc692ca-3ce3-4c75-b35f-75f2825b874d: valid; 1.6 s; peak memory 9312 MiB.
2026-10-08T19:28:17Z INFO [766/2500] abc6a09f-0619-429c-9cfd-2bcdd23a07b8: valid; 2.5 s; peak memory 9312 MiB.
2026-10-08T19:28:19Z INFO [767/2500] abc6a5b9-a0d0-4f18-8b62-03f58905393c: valid; 2.6 s; peak memory 9312 MiB.
2026-10-08T19:28:21Z INFO [768/2500] abc6bf81-920c-4cd6-944b-f4c546e5bde1: valid; 1.6 s; peak memory 9312 MiB.
2026-10-08T19:28:23Z INFO [769/2500] abc6f429-4044-40db-a913-105ad65708b4: valid; 2.3 s; peak memory 9312 MiB.
2026-10-08T19:28:34Z INFO [770/2500] abc73d00-1d0e-4ec5-b040-298e2c99f211: valid; 10.2 s; peak memory 9312 MiB.
2026-10-08T19:28:35Z INFO [771/2500] abc78c33-6c31-4eae-bdc4-277406daa403: valid; 1.3 s; peak memory 9312 MiB.
2026-10-08T19:28:36Z INFO [772/2500] abc7be5e-6647-4fae-8d2d-4574337c7182: valid; 1.4 s; peak memory 9312 MiB.
2026-10-08T19:28:43Z INFO [773/2500] abc819a6-46ab-4541-bdb3-997ccfb1199f: not valid; 7.2 s; peak memory 9312 MiB.
2026-10-08T19:28:46Z INFO [774/2500] abc89ae1-7809-45d6-b795-81c0d3d1c204: not valid; 2.7 s; peak memory 9312 MiB.
2026-10-08T19:28:48Z WARNING abc90fa7-099c-4723-9065-94954a5d0f84: failed while opening the NWB file (ConstructError: (root/acquisition/event_code_meanings GroupBuilder {'attributes': {'colnames': array(['value', 'meaning'], dtype=object), 'description': 'Mapping integer event codes to event labels', 'namespace': 'ndx-events', 'neurodata_type': 'MeaningsTable', 'object_id': '2f7ae93a-55b6-4ffd-ad55-2bd9fa8ed860'}, 'groups': {}, 'datasets': {'id': root/acquisition/event_code_meanings/id DatasetBuilder {'attributes': {'namespace': 'hdmf-common', 'neurodata_type': 'ElementIdentifiers', 'object_id': '425a704e-57ab-4d60-9449-cb3b340fded7'}, 'data': <HDF5 dataset "id": shape (26,), type "<i8">}, 'meaning': root/acquisition/event_code_meanings/meaning DatasetBuilder {'attributes': {'description': 'The meaning of the value in the parent CategoricalVectorData object.', 'namespace': 'hdmf-experimental', 'neurodata_type': 'VectorData', 'object_id': 'dc461932-26b8-4473-af96-0a66535b99e1'}, 'data': <StrDataset for HDF5 dataset "meaning": shape (26,), type "|O">}, 'value': root/acquisition/event_code_meanings/value DatasetBuilder {'attributes': {'description': 'The value of the parent CategoricalVectorData object.', 'namespace': 'hdmf-experimental', 'neurodata_type': 'VectorData', 'object_id': '1eda7966-869a-4e31-b918-319ed367b591'}, 'data': <HDF5 dataset "value": shape (26,), type "<i8">}}, 'links': {}}, "Could not construct MeaningsTable object due to: MeaningsTable.__init__: missing argument 'target'"))
2026-10-08T19:28:50Z WARNING abc91d70-0993-407a-adcf-7e33bc1b5b77: failed while opening the NWB file (ConstructError: (root/acquisition/_iblmic_audioSpectrogram/bands GroupBuilder {'attributes': {'colnames': array(['freq'], dtype=object), 'description': 'spectogram frequencies', 'namespace': 'core', 'neurodata_type': 'FrequencyBandsTable', 'object_id': '8492310f-98a1-4919-962c-07f60bbf63af'}, 'groups': {}, 'datasets': {'freq': root/acquisition/_iblmic_audioSpectrogram/bands/freq DatasetBuilder {'attributes': {'description': 'frequency value', 'namespace': 'hdmf-common', 'neurodata_type': 'VectorData', 'object_id': '8fba4fd1-dfb3-4f29-81be-cfba941ddbf0'}, 'data': <HDF5 dataset "freq": shape (257,), type "<f4">}, 'id': root/acquisition/_iblmic_audioSpectrogram/bands/id DatasetBuilder {'attributes': {'namespace': 'hdmf-common', 'neurodata_type': 'ElementIdentifiers', 'object_id': 'd45cdd64-e125-4bca-83e1-3a20d8e204d6'}, 'data': <HDF5 dataset "id": shape (257,), type "<i4">}}, 'links': {}}, "Could not construct FrequencyBandsTable object due to: column must have the same number of rows as 'id'"))
2026-10-08T19:28:52Z INFO [777/2500] abc9cdc2-3260-479f-a8ee-19d57fe7a8bb: valid; 1.8 s; peak memory 9312 MiB.
2026-10-08T19:28:54Z INFO [778/2500] abcaf6b7-d618-40be-bc03-4151f4a1c981: not valid; 2.0 s; peak memory 9312 MiB.
2026-10-08T19:29:00Z INFO [779/2500] abcb5fda-eeed-4605-80c6-d1130996631a: valid; 5.8 s; peak memory 9312 MiB.
2026-10-08T19:29:07Z INFO [780/2500] abcc1c13-fd87-4574-928b-914e4ee9a153: valid; 7.6 s; peak memory 9312 MiB.
2026-10-08T19:29:09Z INFO [781/2500] abcc3069-fce6-4553-acbf-e83f31d7d13a: not valid; 1.6 s; peak memory 9312 MiB.
2026-10-08T19:29:56Z INFO [782/2500] abcc8747-919a-492a-a037-72a6aa2074b8: valid; 47.2 s; peak memory 9577 MiB.
2026-10-08T19:29:59Z INFO [783/2500] abcca043-77e5-49ee-a3e2-e93c58b35728: valid; 2.7 s; peak memory 9577 MiB.
2026-10-08T19:30:13Z INFO [784/2500] abcd00b8-1002-4e01-bdc1-7a07e8d7d377: valid; 13.8 s; peak memory 9590 MiB.
2026-10-08T19:30:14Z INFO [785/2500] abceb006-0105-4a88-a4f4-e351c507f643: not valid; 1.5 s; peak memory 9594 MiB.
2026-10-08T19:30:49Z INFO [786/2500] abcf33cb-a783-47f9-be38-2ffdc58b957c: not valid; 35.2 s; peak memory 10101 MiB.
2026-10-08T19:30:52Z INFO [787/2500] abcf471e-e628-4978-a6ff-672365c27619: not valid; 2.3 s; peak memory 10102 MiB.
2026-10-08T19:31:01Z INFO [788/2500] abcf7194-7cba-43e3-8d2e-ca54163ff4d6: valid; 9.3 s; peak memory 10114 MiB.
2026-10-08T19:31:04Z INFO [789/2500] abd04c6e-abb4-4b1b-9f48-d9184640b381: valid; 3.4 s; peak memory 10124 MiB.
2026-10-08T19:31:05Z INFO [790/2500] abd09843-d45d-4ae4-98f2-8bae2b8b7b0d: valid; 1.1 s; peak memory 10127 MiB.
2026-10-08T19:31:08Z INFO [791/2500] abd0b4cf-221e-4216-bfc2-e0198405c201: valid; 2.3 s; peak memory 10134 MiB.
2026-10-08T19:31:10Z INFO [792/2500] abd0e0f6-402e-4c15-8065-6c38938caacb: valid; 2.5 s; peak memory 10140 MiB.
2026-10-08T19:31:13Z INFO [793/2500] abd103da-68dd-4d8b-82e7-49b231027a4b: valid; 2.8 s; peak memory 10144 MiB.
2026-10-08T19:31:16Z INFO [794/2500] abd11e71-f9cc-4946-8e8d-390c9714607b: valid; 2.6 s; peak memory 10144 MiB.
2026-10-08T19:31:19Z INFO [795/2500] abd150bf-f32c-4455-ba91-4e719e011360: valid; 3.5 s; peak memory 10144 MiB.
2026-10-08T19:31:21Z INFO [796/2500] abd16d4e-bd9b-49a3-a449-1561454e872a: valid; 1.4 s; peak memory 10144 MiB.
2026-10-08T19:31:32Z INFO [797/2500] abd17064-7842-497b-b8fe-6f2ab33b4f3d: not valid; 11.3 s; peak memory 10157 MiB.
2026-10-08T19:31:34Z INFO [798/2500] abd193d9-d3c9-449b-92b9-6db256bfc6c1: valid; 2.2 s; peak memory 10167 MiB.
2026-10-08T19:31:55Z INFO [799/2500] abd1ccd1-518f-43be-827c-57626b2bb211: valid; 21.3 s; peak memory 10365 MiB.
2026-10-08T19:31:58Z INFO [800/2500] abd1da97-688b-47ca-900e-f3ac0574d275: valid; 3.0 s; peak memory 10371 MiB.
2026-10-08T19:32:00Z INFO [800/2500] abd1da97-688b-47ca-900e-f3ac0574d275: checkpointed 176810 new records.
2026-10-08T19:32:07Z INFO [801/2500] abd20c29-3950-4a48-9b6e-1b7ecc6e785a: valid; 7.1 s; peak memory 10405 MiB.
2026-10-08T19:32:13Z INFO [802/2500] abd47670-2838-4c58-a0de-58efdec29d8c: valid; 5.8 s; peak memory 10411 MiB.
2026-10-08T19:32:15Z INFO [803/2500] abd4a4a7-3c06-4d26-9c54-4d224dab1537: not valid; 2.2 s; peak memory 10411 MiB.
2026-10-08T19:32:35Z INFO [804/2500] abd4bd7f-bff1-4546-9f32-4e5083043c76: valid; 20.5 s; peak memory 10411 MiB.
2026-10-08T19:32:37Z INFO [805/2500] abd4f343-ce1a-4978-979f-630fbb9ca09f: not valid; 1.9 s; peak memory 10411 MiB.
2026-10-08T19:32:39Z INFO [806/2500] abd4f574-5c88-45e0-8483-7244cccd93b9: valid; 1.4 s; peak memory 10411 MiB.
2026-10-08T19:32:42Z INFO [807/2500] abd52822-288f-4e77-90db-a3051bf80c4d: valid; 3.0 s; peak memory 10411 MiB.
2026-10-08T19:32:44Z INFO [808/2500] abd5d5bd-81fc-4c5a-b016-5f85c1ebbd6d: not valid; 2.1 s; peak memory 10411 MiB.
2026-10-08T19:32:46Z INFO [809/2500] abd6173e-8f35-4495-b522-d1f1145f87b7: not valid; 2.0 s; peak memory 10411 MiB.
2026-10-08T19:32:47Z INFO [810/2500] abd6a6ae-7601-418b-857a-a60c075f9ab9: not valid; 1.6 s; peak memory 10411 MiB.
2026-10-08T19:32:48Z INFO [811/2500] abd6c021-4626-49a5-b924-d3b8a8b125bf: valid; 1.3 s; peak memory 10411 MiB.
2026-10-08T19:32:53Z INFO [812/2500] abd6d109-9c8c-4c8d-85f2-d78c01f4ce6a: not valid; 4.4 s; peak memory 10440 MiB.
2026-10-08T19:32:54Z INFO [813/2500] abd74b0a-b3a9-4b6e-b361-a2bdccae11bd: not valid; 1.5 s; peak memory 10440 MiB.
2026-10-08T19:32:56Z INFO [814/2500] abd79769-ba65-4721-86ef-aa49eaf7caf3: valid; 1.4 s; peak memory 10440 MiB.
2026-10-08T19:33:00Z INFO [815/2500] abd852b9-9c3f-44bb-9b7f-9b11823df0ab: valid; 4.5 s; peak memory 10440 MiB.
2026-10-08T19:33:02Z INFO [816/2500] abd880b4-a46e-457a-99f6-3a0dcda14bf7: valid; 1.3 s; peak memory 10440 MiB.
2026-10-08T19:33:04Z INFO [817/2500] abd8813e-8175-4b9d-91e3-58ad2c34bcfe: valid; 2.1 s; peak memory 10440 MiB.
2026-10-08T19:33:26Z INFO [818/2500] abd8a0a3-59fe-4df9-baec-f94e6a5b1768: valid; 22.5 s; peak memory 10533 MiB.
2026-10-08T19:33:37Z INFO [819/2500] abd8bb59-d387-4887-9002-bd283904a4f5: valid; 11.3 s; peak memory 10588 MiB.
2026-10-08T19:33:41Z INFO [820/2500] abd98e71-22ca-468f-8894-8679dda4dd43: valid; 3.2 s; peak memory 10598 MiB.
2026-10-08T19:33:42Z INFO [821/2500] abd99d02-8433-497f-827b-cd57186aca48: valid; 1.3 s; peak memory 10601 MiB.
2026-10-08T19:33:45Z INFO [822/2500] abd9a56c-96d0-4c85-a072-ada7bf57e047: not valid; 3.1 s; peak memory 10609 MiB.
2026-10-08T19:33:54Z INFO [823/2500] abd9f59b-005a-447c-86f8-a540fd50ea95: valid; 8.6 s; peak memory 10621 MiB.
2026-10-08T19:34:12Z INFO [824/2500] abda8a1f-8a89-4934-b2b6-9b83815c1fea: valid; 18.9 s; peak memory 10713 MiB.
2026-10-08T19:34:14Z INFO [825/2500] abdbc603-3fb6-4a52-b3ae-75af84aa7a49: valid; 1.8 s; peak memory 10716 MiB.
2026-10-08T19:34:32Z INFO [826/2500] abdca884-e3b1-4c94-b413-ae7351ba8b05: valid; 18.2 s; peak memory 10915 MiB.
2026-10-08T19:34:34Z INFO [827/2500] abdcf65a-8c30-43e4-acdc-b4ee8d31257b: not valid; 1.8 s; peak memory 10918 MiB.
2026-10-08T19:34:38Z INFO [828/2500] abdd1e0b-8fc2-405a-af97-ee15bc58f246: valid; 3.9 s; peak memory 10919 MiB.
2026-10-08T19:34:40Z INFO [829/2500] abdd7483-8f7e-4c8e-ae82-79337d907ae7: valid; 2.1 s; peak memory 10919 MiB.
2026-10-08T19:34:43Z INFO [830/2500] abde4e27-93c9-4018-b028-8423e4bf19ce: valid; 2.5 s; peak memory 10919 MiB.
2026-10-08T19:34:44Z INFO [831/2500] abdebc06-7eae-41a9-a7be-ea51bed092a7: valid; 1.3 s; peak memory 10919 MiB.
2026-10-08T19:35:06Z INFO [832/2500] abded57c-50da-446c-9fd1-ab67453be133: valid; 21.9 s; peak memory 10919 MiB.
2026-10-08T19:35:21Z INFO [833/2500] abdee3f9-2302-4acd-98d8-8ae8871e9ccb: valid; 15.1 s; peak memory 10919 MiB.
2026-10-08T19:35:45Z INFO [834/2500] abe045a7-cd57-4618-a695-02068dbb75c1: not valid; 24.1 s; peak memory 11578 MiB.
2026-10-08T19:35:47Z INFO [835/2500] abe1419b-3233-4757-a905-f89eafc89f2d: not valid; 1.5 s; peak memory 11578 MiB.
2026-10-08T19:35:48Z INFO [836/2500] abe1998b-2b6b-4e5b-9af3-076872234e21: not valid; 1.6 s; peak memory 11578 MiB.
2026-10-08T19:35:52Z INFO [837/2500] abe21243-072d-4c82-9d6a-fffbe08965cb: valid; 3.5 s; peak memory 11578 MiB.
2026-10-08T19:35:54Z INFO [838/2500] abe251e8-8dcd-44dd-b88d-f9227d7a55b8: valid; 2.0 s; peak memory 11578 MiB.
2026-10-08T19:35:56Z INFO [839/2500] abe27f2f-70cf-430c-8a76-c67d390888a0: valid; 2.2 s; peak memory 11578 MiB.
2026-10-08T19:35:58Z INFO [840/2500] abe344f8-0a1f-47bf-80c3-0dc419cd819d: valid; 1.5 s; peak memory 11578 MiB.
2026-10-08T19:35:58Z WARNING abe3b71b-4acc-4cc0-bcb3-dbb357757983: failed while retrieving asset information from the DANDI API (NotFoundError: No asset at path 'sub-ZS062/sub-ZS062_ses-behavior-ZS062-2021-04-17-18-06-40.nwb' in version 0.260928.2230. Verify the path is correct and the asset exists in this version. Use 'dandi ls' to list available assets.)
2026-10-08T19:35:59Z INFO [842/2500] abe4205c-f7c8-4246-a805-ef790bd4696e: not valid; 1.3 s; peak memory 11578 MiB.
2026-10-08T19:36:01Z INFO [843/2500] abe45d5d-4919-45a4-b82e-247a56d2c484: valid; 1.9 s; peak memory 11578 MiB.
2026-10-08T19:36:02Z INFO [844/2500] abe4bc03-61f8-4925-b4cb-262d2731fee6: valid; 1.4 s; peak memory 11578 MiB.
2026-10-08T19:36:04Z INFO [845/2500] abe4be3c-7514-444b-bf71-457466e28005: valid; 1.6 s; peak memory 11578 MiB.
2026-10-08T19:36:06Z INFO [846/2500] abe4dfa7-0d08-465b-91af-077b58ae10d2: not valid; 2.5 s; peak memory 11578 MiB.
2026-10-08T19:36:13Z INFO [847/2500] abe55c28-b15b-4e85-81ca-bb13f743f9f0: valid; 6.9 s; peak memory 11578 MiB.
2026-10-08T19:36:15Z INFO [848/2500] abe69dca-d9cb-4ca0-86cf-ee6fae11719d: valid; 1.8 s; peak memory 11578 MiB.
2026-10-08T19:36:26Z INFO [849/2500] abe7155f-9454-403b-b7da-82c3f2f2b42c: valid; 11.2 s; peak memory 11578 MiB.
2026-10-08T19:36:27Z INFO [850/2500] abe72baa-f56c-4ed2-b6ee-179b1516920c: valid; 1.0 s; peak memory 11578 MiB.
2026-10-08T19:36:28Z INFO [850/2500] abe72baa-f56c-4ed2-b6ee-179b1516920c: checkpointed 176860 new records.
2026-10-08T19:36:50Z INFO [851/2500] abe7479c-a199-46ba-bdd8-f85a31b97855: not valid; 21.3 s; peak memory 11578 MiB.
2026-10-08T19:36:52Z INFO [852/2500] abe7df07-72a4-48f1-9032-fa8cc007f827: valid; 2.7 s; peak memory 11578 MiB.
2026-10-08T19:37:05Z INFO [853/2500] abe7f195-13bf-471a-88f8-c5acca65de6b: valid; 12.6 s; peak memory 11578 MiB.
2026-10-08T19:37:06Z INFO [854/2500] abe825aa-1c5f-4e95-9042-995659f0d4ac: valid; 1.4 s; peak memory 11578 MiB.
2026-10-08T19:37:11Z INFO [855/2500] abe82620-4a31-4729-9684-1b2ba5687b84: not valid; 4.4 s; peak memory 11578 MiB.
2026-10-08T19:37:13Z INFO [856/2500] abe827d5-a868-4dc4-9603-d751fff01e34: valid; 1.8 s; peak memory 11578 MiB.
2026-10-08T19:37:15Z INFO [857/2500] abe859f2-9e87-408d-8a68-23d1e1853094: not valid; 2.0 s; peak memory 11578 MiB.
2026-10-08T19:37:17Z INFO [858/2500] abe8b2f9-4574-4689-b53c-106c15ac98ed: valid; 2.0 s; peak memory 11578 MiB.
2026-10-08T19:37:25Z INFO [859/2500] abe929d8-9b26-4cb0-b245-923c70353ec0: valid; 8.7 s; peak memory 11578 MiB.
2026-10-08T19:37:35Z INFO [860/2500] abe92f0b-910f-4496-978c-f92b1ae76530: valid; 9.9 s; peak memory 11578 MiB.
2026-10-08T19:37:37Z INFO [861/2500] abe950d9-6e18-45ed-989e-1ea0e9d8c5ec: valid; 1.8 s; peak memory 11578 MiB.
2026-10-08T19:37:40Z INFO [862/2500] abe9ae41-0d4f-4ccd-9893-be5e29ea5f26: valid; 3.4 s; peak memory 11578 MiB.
2026-10-08T19:37:42Z INFO [863/2500] abeb0083-bc66-4cfb-8e42-735d479c026b: not valid; 2.1 s; peak memory 11578 MiB.
2026-10-08T19:37:44Z INFO [864/2500] abeb88ef-f423-4659-9260-3b6d3f6e040f: valid; 1.9 s; peak memory 11578 MiB.
2026-10-08T19:37:48Z INFO [865/2500] abeb8d8f-796f-4e65-8125-3ada82068a46: valid; 3.2 s; peak memory 11578 MiB.
2026-10-08T19:37:49Z INFO [866/2500] abeba8ae-0791-47e9-bd42-771611680f83: valid; 1.2 s; peak memory 11578 MiB.
2026-10-08T19:37:52Z INFO [867/2500] abebfb10-f560-4ad1-bc66-0d67c1250933: valid; 3.1 s; peak memory 11578 MiB.
2026-10-08T19:37:56Z INFO [868/2500] abed216f-0334-45de-bf57-884d50baaa89: valid; 3.7 s; peak memory 11578 MiB.
2026-10-08T19:37:59Z INFO [869/2500] abedae62-2609-49a5-9819-d9d366b261bb: valid; 3.4 s; peak memory 11578 MiB.
2026-10-08T19:38:01Z INFO [870/2500] abee470c-ee82-456f-8783-f1d5af5e591e: valid; 2.5 s; peak memory 11578 MiB.
2026-10-08T19:38:03Z INFO [871/2500] abee8465-9f21-40e2-a34e-42cb223e7974: not valid; 1.2 s; peak memory 11578 MiB.
2026-10-08T19:38:05Z INFO [872/2500] abeff409-541f-4fca-9d8a-a2fa60330168: not valid; 2.2 s; peak memory 11578 MiB.
2026-10-08T19:38:08Z INFO [873/2500] abeffa35-b2ad-4bf8-83dd-b377043ccf0b: valid; 2.9 s; peak memory 11578 MiB.
2026-10-08T19:38:11Z INFO [874/2500] abf08a3f-19db-4c77-8070-73d2315ba817: valid; 3.1 s; peak memory 11578 MiB.
2026-10-08T19:38:13Z INFO [875/2500] abf0c8db-133c-413b-a5f6-cac937aa0c83: valid; 2.2 s; peak memory 11578 MiB.
2026-10-08T19:38:15Z INFO [876/2500] abf11b75-3d94-4acb-9890-fadca6f2aead: not valid; 1.9 s; peak memory 11578 MiB.
2026-10-08T19:38:18Z INFO [877/2500] abf17b8a-dfff-48e9-bfef-10aed122df47: valid; 3.6 s; peak memory 11578 MiB.
2026-10-08T19:38:21Z INFO [878/2500] abf1e483-fe40-4df0-9c4f-a34ead7d5875: valid; 2.0 s; peak memory 11578 MiB.
2026-10-08T19:38:23Z INFO [879/2500] abf21853-df4c-4f9f-bb29-28eefda40841: valid; 2.1 s; peak memory 11578 MiB.
2026-10-08T19:38:24Z INFO [880/2500] abf26d9d-bfcf-46d0-b304-64401f4a3447: valid; 1.2 s; peak memory 11578 MiB.
2026-10-08T19:38:24Z WARNING abf2866d-8082-4986-af1e-247693a5a082: failed while retrieving asset information from the DANDI API (NotFoundError: No such Dandiset: 000732)
2026-10-08T19:38:25Z INFO [882/2500] abf2a342-ad09-40f7-982b-c8181edcb7f1: valid; 1.2 s; peak memory 11578 MiB.
2026-10-08T19:38:29Z INFO [883/2500] abf2ddf6-ec99-454b-8303-77df9e0d1c27: not valid; 3.6 s; peak memory 11578 MiB.
2026-10-08T19:38:30Z INFO [884/2500] abf3061d-cc66-45de-b735-ec9a6ec488eb: valid; 1.3 s; peak memory 11578 MiB.
2026-10-08T19:38:34Z INFO [885/2500] abf3356b-395a-4e42-b785-b8f979b630ee: valid; 4.5 s; peak memory 11578 MiB.
2026-10-08T19:38:37Z INFO [886/2500] abf3605e-1a57-4d65-bb1b-8557ad1d47b6: valid; 2.8 s; peak memory 11578 MiB.
2026-10-08T19:38:43Z INFO [887/2500] abf3be55-aacb-46d8-81b8-0c7fee6f4aad: valid; 6.0 s; peak memory 11578 MiB.
2026-10-08T19:38:45Z INFO [888/2500] abf3f58e-ca0c-472e-b8be-3b438984a819: valid; 1.5 s; peak memory 11578 MiB.
2026-10-08T19:38:46Z INFO [889/2500] abf4ddfc-08d1-4c0b-9e86-1b9fbbcd91f2: valid; 1.4 s; peak memory 11578 MiB.
2026-10-08T19:38:48Z INFO [890/2500] abf4fb2f-4af0-4168-9ade-621bb3350973: valid; 1.5 s; peak memory 11578 MiB.
2026-10-08T19:38:50Z INFO [891/2500] abf52935-db42-4665-b942-b61f8952ead3: not valid; 2.1 s; peak memory 11578 MiB.
2026-10-08T19:38:51Z INFO [892/2500] abf53096-9761-4c7c-8e57-de95eb8066b0: valid; 1.3 s; peak memory 11578 MiB.
2026-10-08T19:39:04Z INFO [893/2500] abf563b4-ee35-4ac8-8916-b9f56bf24572: valid; 12.8 s; peak memory 11578 MiB.
2026-10-08T19:39:06Z INFO [894/2500] abf5c5de-6da8-4744-9d97-ff3906ecee34: valid; 2.1 s; peak memory 11578 MiB.
2026-10-08T19:39:21Z INFO [895/2500] abf630a8-8c53-4e49-9205-5ae24d829ae4: valid; 15.0 s; peak memory 11578 MiB.
2026-10-08T19:39:24Z INFO [896/2500] abf7586e-52e1-4929-bf6c-db980db33ca6: valid; 2.6 s; peak memory 11578 MiB.
2026-10-08T19:39:26Z INFO [897/2500] abf76958-a138-470c-a171-5fa8f6bb6150: valid; 2.7 s; peak memory 11578 MiB.
2026-10-08T19:39:28Z WARNING abf770b8-5ec2-47ae-8c73-919b9bb17b60: failed while opening the NWB file (ConstructError: (root/acquisition/event_code_meanings GroupBuilder {'attributes': {'colnames': array(['value', 'meaning'], dtype=object), 'description': 'Mapping integer event codes to event labels', 'namespace': 'ndx-events', 'neurodata_type': 'MeaningsTable', 'object_id': '64a03804-6991-451f-bec5-ceecfef7035b'}, 'groups': {}, 'datasets': {'id': root/acquisition/event_code_meanings/id DatasetBuilder {'attributes': {'namespace': 'hdmf-common', 'neurodata_type': 'ElementIdentifiers', 'object_id': '9b27b1ec-61ed-4f72-accb-9d766f85cbe0'}, 'data': <HDF5 dataset "id": shape (26,), type "<i8">}, 'meaning': root/acquisition/event_code_meanings/meaning DatasetBuilder {'attributes': {'description': 'The meaning of the value in the parent CategoricalVectorData object.', 'namespace': 'hdmf-experimental', 'neurodata_type': 'VectorData', 'object_id': '70699315-d9bf-48b1-9b19-3f4afb5f97fa'}, 'data': <StrDataset for HDF5 dataset "meaning": shape (26,), type "|O">}, 'value': root/acquisition/event_code_meanings/value DatasetBuilder {'attributes': {'description': 'The value of the parent CategoricalVectorData object.', 'namespace': 'hdmf-experimental', 'neurodata_type': 'VectorData', 'object_id': 'ee2882cf-eac7-42b3-90b0-3bc5771d7a17'}, 'data': <HDF5 dataset "value": shape (26,), type "<i8">}}, 'links': {}}, "Could not construct MeaningsTable object due to: MeaningsTable.__init__: missing argument 'target'"))
2026-10-08T19:39:30Z INFO [899/2500] abf79298-8212-4b9e-a578-e1281929a0e2: valid; 2.2 s; peak memory 11578 MiB.
2026-10-08T19:39:32Z INFO [900/2500] abf7d027-5bfb-405c-b420-d5948abf907e: valid; 1.5 s; peak memory 11578 MiB.
2026-10-08T19:39:33Z INFO [900/2500] abf7d027-5bfb-405c-b420-d5948abf907e: checkpointed 176910 new records.
2026-10-08T19:39:35Z INFO [901/2500] abf8da35-77ae-4870-a1a4-5e7ef849a372: valid; 1.5 s; peak memory 11578 MiB.
2026-10-08T19:39:36Z INFO [902/2500] abf9af5e-52e9-434a-8108-1d079f62cddf: valid; 1.3 s; peak memory 11578 MiB.
2026-10-08T19:39:38Z INFO [903/2500] abfb81e3-7e04-43a5-9c9b-71f0912d2a39: valid; 2.2 s; peak memory 11578 MiB.
2026-10-08T19:39:39Z INFO [904/2500] abfbe386-1d27-475c-9123-6cf8d0f2c715: not valid; 1.3 s; peak memory 11578 MiB.
2026-10-08T19:39:41Z INFO [905/2500] abfbf288-d97f-4ce9-ade7-cf2a71f9e350: not valid; 1.6 s; peak memory 11578 MiB.
2026-10-08T19:39:46Z INFO [906/2500] abfcb250-caae-40f7-b239-9444b03be2ff: valid; 4.8 s; peak memory 11578 MiB.
2026-10-08T19:39:52Z INFO [907/2500] abfd7f9e-ddae-4c5a-a210-6627136375b6: not valid; 6.4 s; peak memory 11578 MiB.
2026-10-08T19:39:54Z INFO [908/2500] abfdd6e8-2a21-4f49-8549-c138247cfcea: valid; 2.0 s; peak memory 11578 MiB.
2026-10-08T19:39:56Z WARNING abfdfa0f-e4ae-46b9-aa5a-5d7d91c7723c: failed while opening the NWB file (ConstructError: (root/acquisition/_iblmic_audioSpectrogram/bands GroupBuilder {'attributes': {'colnames': array(['freq'], dtype=object), 'description': 'spectogram frequencies', 'namespace': 'core', 'neurodata_type': 'FrequencyBandsTable', 'object_id': 'a0cfc294-cc31-4ef0-863d-9ea36f5f7720'}, 'groups': {}, 'datasets': {'freq': root/acquisition/_iblmic_audioSpectrogram/bands/freq DatasetBuilder {'attributes': {'description': 'frequency value', 'namespace': 'hdmf-common', 'neurodata_type': 'VectorData', 'object_id': 'd684fa84-2e73-4061-ae28-84c2eacd216b'}, 'data': <HDF5 dataset "freq": shape (257,), type "<f4">}, 'id': root/acquisition/_iblmic_audioSpectrogram/bands/id DatasetBuilder {'attributes': {'namespace': 'hdmf-common', 'neurodata_type': 'ElementIdentifiers', 'object_id': 'dab52c76-1e0a-4a16-94ea-3c9fcbe5b509'}, 'data': <HDF5 dataset "id": shape (257,), type "<i4">}}, 'links': {}}, "Could not construct FrequencyBandsTable object due to: column must have the same number of rows as 'id'"))
2026-10-08T19:39:56Z WARNING abfe0464-2d08-4c9e-a906-c174b6967295: failed while retrieving asset information from the DANDI API (NotFoundError: No asset at path 'sub-healthy-simulated-lfp/sub-healthy-simulated-lfp_ses-8074_ecephys.nwb' in version 0.250327.2220. Verify the path is correct and the asset exists in this version. Use 'dandi ls' to list available assets.)
2026-10-08T19:39:58Z INFO [911/2500] abfe30e3-9b5d-44fb-aa6e-ee841a4c2808: not valid; 2.2 s; peak memory 11578 MiB.
2026-10-08T19:40:03Z INFO [912/2500] abfe784f-6954-42a7-aacb-78a5295af5db: valid; 4.9 s; peak memory 11578 MiB.
2026-10-08T19:40:06Z INFO [913/2500] abfe8d4c-0088-4b4a-b8e5-22c90988de43: valid; 2.1 s; peak memory 11578 MiB.
2026-10-08T19:40:15Z INFO [914/2500] abfedfce-8041-4e8f-ab13-ff6740cceb4b: valid; 9.6 s; peak memory 11578 MiB.
2026-10-08T19:40:17Z INFO [915/2500] abff2293-321c-4b2b-bc72-441ccac80b1a: valid; 1.8 s; peak memory 11578 MiB.
2026-10-08T19:40:20Z INFO [916/2500] abff5a49-d8d5-4558-b917-d6d84a6ae36c: valid; 3.2 s; peak memory 11578 MiB.
2026-10-08T19:40:22Z WARNING abffbf20-0058-4479-8c58-7089a957f31c: failed while opening the NWB file (ConstructError: (root/acquisition/event_code_meanings GroupBuilder {'attributes': {'colnames': array(['value', 'meaning'], dtype=object), 'description': 'Mapping integer event codes to event labels', 'namespace': 'ndx-events', 'neurodata_type': 'MeaningsTable', 'object_id': 'c2a7a098-795d-43f0-b3dd-64ba4beb12ea'}, 'groups': {}, 'datasets': {'id': root/acquisition/event_code_meanings/id DatasetBuilder {'attributes': {'namespace': 'hdmf-common', 'neurodata_type': 'ElementIdentifiers', 'object_id': '22132ffe-3880-4b73-a845-b10f08a8cd93'}, 'data': <HDF5 dataset "id": shape (26,), type "<i8">}, 'meaning': root/acquisition/event_code_meanings/meaning DatasetBuilder {'attributes': {'description': 'The meaning of the value in the parent CategoricalVectorData object.', 'namespace': 'hdmf-experimental', 'neurodata_type': 'VectorData', 'object_id': '0868d207-7515-4d81-8791-a2058a2aaa15'}, 'data': <StrDataset for HDF5 dataset "meaning": shape (26,), type "|O">}, 'value': root/acquisition/event_code_meanings/value DatasetBuilder {'attributes': {'description': 'The value of the parent CategoricalVectorData object.', 'namespace': 'hdmf-experimental', 'neurodata_type': 'VectorData', 'object_id': '5c09bf4c-4d08-4c3e-9aad-5fe244fccdcb'}, 'data': <HDF5 dataset "value": shape (26,), type "<i8">}}, 'links': {}}, "Could not construct MeaningsTable object due to: MeaningsTable.__init__: missing argument 'target'"))
2026-10-08T19:40:24Z INFO [918/2500] abffdfe2-571d-45d8-9bc3-bc29eff41beb: valid; 1.9 s; peak memory 11578 MiB.
2026-10-08T19:40:26Z WARNING ac01a3fc-513c-471b-b494-aa69d8848570: failed while opening the NWB file (ConstructError: (root/acquisition/event_code_meanings GroupBuilder {'attributes': {'colnames': array(['value', 'meaning'], dtype=object), 'description': 'Mapping integer event codes to event labels', 'namespace': 'ndx-events', 'neurodata_type': 'MeaningsTable', 'object_id': 'a7f57b8d-8308-4343-82a5-fb7ab3451392'}, 'groups': {}, 'datasets': {'id': root/acquisition/event_code_meanings/id DatasetBuilder {'attributes': {'namespace': 'hdmf-common', 'neurodata_type': 'ElementIdentifiers', 'object_id': '9098db6a-e174-47a8-8c5c-31ad2945ab1b'}, 'data': <HDF5 dataset "id": shape (26,), type "<i8">}, 'meaning': root/acquisition/event_code_meanings/meaning DatasetBuilder {'attributes': {'description': 'The meaning of the value in the parent CategoricalVectorData object.', 'namespace': 'hdmf-experimental', 'neurodata_type': 'VectorData', 'object_id': '399518c9-28ff-4c5a-890a-e43d842ec576'}, 'data': <StrDataset for HDF5 dataset "meaning": shape (26,), type "|O">}, 'value': root/acquisition/event_code_meanings/value DatasetBuilder {'attributes': {'description': 'The value of the parent CategoricalVectorData object.', 'namespace': 'hdmf-experimental', 'neurodata_type': 'VectorData', 'object_id': '531c46e6-7a94-42e2-84db-c901858d8031'}, 'data': <HDF5 dataset "value": shape (26,), type "<i8">}}, 'links': {}}, "Could not construct MeaningsTable object due to: MeaningsTable.__init__: missing argument 'target'"))
2026-10-08T19:40:28Z INFO [920/2500] ac0219d2-905f-40ca-9488-6bb3fdcaf786: valid; 2.5 s; peak memory 11578 MiB.
2026-10-08T19:40:31Z INFO [921/2500] ac022a01-9175-48b7-9dd8-eac081adf81d: valid; 2.3 s; peak memory 11578 MiB.
2026-10-08T19:40:31Z WARNING ac030cfd-73a0-4202-bc2d-d1ce99b3918c: failed while retrieving asset information from the DANDI API (NotFoundError: No asset at path 'sub-M11/sub-M11_ses-TD2Shock_behavior.nwb' in version 0.260902.1724. Verify the path is correct and the asset exists in this version. Use 'dandi ls' to list available assets.)
2026-10-08T19:40:46Z INFO [923/2500] ac038f55-02b3-4b76-83a9-f9f7e8d99208: valid; 15.5 s; peak memory 11578 MiB.
2026-10-08T19:40:50Z INFO [924/2500] ac03c034-426d-487f-9b49-f551be3a3386: valid; 3.3 s; peak memory 11578 MiB.
2026-10-08T19:40:51Z INFO [925/2500] ac03f6c4-eb5b-46a0-a3de-ac1c072d121d: not valid; 1.6 s; peak memory 11578 MiB.
2026-10-08T19:40:54Z INFO [926/2500] ac054c29-318d-4b70-ba48-2e0da8cd9513: valid; 3.0 s; peak memory 11578 MiB.
2026-10-08T19:41:06Z INFO [927/2500] ac05717c-bd4a-4dde-876e-34ddc8065af7: valid; 12.0 s; peak memory 11578 MiB.
2026-10-08T19:41:08Z INFO [928/2500] ac059aab-0528-4186-86f9-5fdf88d7dc83: not valid; 1.5 s; peak memory 11578 MiB.
2026-10-08T19:41:10Z INFO [929/2500] ac05a764-ce25-4c19-bb4f-cad288c112bf: valid; 2.1 s; peak memory 11578 MiB.
2026-10-08T19:41:13Z INFO [930/2500] ac060769-7ce3-407b-a183-2284207109ae: valid; 2.9 s; peak memory 11578 MiB.
2026-10-08T19:41:15Z INFO [931/2500] ac063303-16b5-487f-b000-432a5d1a4b81: valid; 2.8 s; peak memory 11578 MiB.
2026-10-08T19:41:37Z INFO [932/2500] ac06501f-085b-42d1-921a-2b3232daf45a: valid; 22.0 s; peak memory 11578 MiB.
2026-10-08T19:41:39Z INFO [933/2500] ac06c799-7693-4dbb-948f-3d4631004137: valid; 1.5 s; peak memory 11578 MiB.
2026-10-08T19:41:41Z INFO [934/2500] ac06cd4a-bc96-49c5-9830-5949b9046759: valid; 1.9 s; peak memory 11578 MiB.
2026-10-08T19:41:51Z INFO [935/2500] ac070fae-fcd6-49f1-b924-2290d6f4cabc: valid; 9.8 s; peak memory 11578 MiB.
2026-10-08T19:41:52Z INFO [936/2500] ac07f336-4def-45da-8a5d-acadba741122: valid; 1.3 s; peak memory 11578 MiB.
2026-10-08T19:41:53Z INFO [937/2500] ac08e4d9-827a-477a-9835-76eec6021bfe: valid; 1.5 s; peak memory 11578 MiB.
2026-10-08T19:41:55Z INFO [938/2500] ac0a3256-4df7-4f3e-8e0a-5c847c90d6fa: valid; 1.3 s; peak memory 11578 MiB.
2026-10-08T19:41:57Z INFO [939/2500] ac0a4ca9-efad-440d-b610-e3626b556af8: valid; 2.0 s; peak memory 11578 MiB.
2026-10-08T19:41:59Z INFO [940/2500] ac0a67cd-41a5-4768-8afa-ddb3698b711c: valid; 2.5 s; peak memory 11578 MiB.
2026-10-08T19:42:02Z INFO [941/2500] ac0ae352-3157-4272-8e8f-31df8e0908ad: valid; 2.4 s; peak memory 11578 MiB.
2026-10-08T19:42:23Z INFO [942/2500] ac0b6819-beb8-4772-b112-7e56a6d1843c: not valid; 21.4 s; peak memory 11578 MiB.
2026-10-08T19:42:25Z INFO [943/2500] ac0bed97-67a1-4c8f-a659-3b6f44285e31: not valid; 1.8 s; peak memory 11578 MiB.
2026-10-08T19:42:26Z INFO [944/2500] ac0c1e5a-0e59-4660-853e-7e7c143a6960: not valid; 1.5 s; peak memory 11578 MiB.
2026-10-08T19:42:29Z INFO [945/2500] ac0c6509-b11d-4da6-aee7-d3cdb5a93061: not valid; 2.3 s; peak memory 11578 MiB.
2026-10-08T19:42:32Z INFO [946/2500] ac0cc675-5a9a-4203-baae-25f4266f09aa: valid; 3.7 s; peak memory 11578 MiB.
2026-10-08T19:42:35Z INFO [947/2500] ac0cc854-1f9b-4161-9af1-1a3d714511de: valid; 2.4 s; peak memory 11578 MiB.
2026-10-08T19:42:37Z INFO [948/2500] ac0d3ad6-1f96-47fa-8fa9-5399f8dcad37: valid; 2.6 s; peak memory 11578 MiB.
2026-10-08T19:43:19Z INFO [949/2500] ac0d9f05-ea72-49c0-b949-121d618fdf03: not valid; 41.5 s; peak memory 11578 MiB.
2026-10-08T19:43:20Z INFO [950/2500] ac0da2e3-d240-4158-a1c6-e4db3aace2ab: valid; 1.4 s; peak memory 11578 MiB.
2026-10-08T19:43:22Z INFO [950/2500] ac0da2e3-d240-4158-a1c6-e4db3aace2ab: checkpointed 176960 new records.
2026-10-08T19:43:39Z INFO [951/2500] ac0e8a53-7ffb-43ef-a912-49969dcea215: valid; 17.0 s; peak memory 11578 MiB.
2026-10-08T19:43:40Z INFO [952/2500] ac0ea1a5-5e4a-4bad-8fb3-3b89efa72c4a: valid; 1.1 s; peak memory 11578 MiB.
2026-10-08T19:43:41Z INFO [953/2500] ac0ec3b3-537f-4f53-a815-a09e90697e9d: valid; 1.5 s; peak memory 11578 MiB.
2026-10-08T19:43:43Z INFO [954/2500] ac0f5000-984e-4446-862d-b1cb343b91f8: not valid; 2.2 s; peak memory 11578 MiB.
2026-10-08T19:43:46Z INFO [955/2500] ac0fd552-6e61-473f-8f09-28a4e88add45: valid; 2.6 s; peak memory 11578 MiB.
2026-10-08T19:44:25Z INFO [956/2500] ac0fff8e-dfea-49ff-9e96-1f4a4a3ed146: valid; 39.5 s; peak memory 11578 MiB.
2026-10-08T19:44:27Z INFO [957/2500] ac1130f8-696e-4ca4-946a-b9377a073fa2: valid; 1.4 s; peak memory 11578 MiB.
2026-10-08T19:44:30Z INFO [958/2500] ac114775-4836-436f-bb98-1fb3a1484ae3: valid; 3.5 s; peak memory 11578 MiB.
2026-10-08T19:44:32Z INFO [959/2500] ac11b65c-5e71-4d7f-9cc6-e1d1015b470d: valid; 1.5 s; peak memory 11578 MiB.
2026-10-08T19:45:49Z INFO [960/2500] ac127c5c-2be5-4c86-af1f-14a434a61481: valid; 77.3 s; peak memory 11578 MiB.
2026-10-08T19:46:07Z INFO [961/2500] ac139124-d2c9-4229-b8ae-fe0f9fd7bef2: valid; 18.4 s; peak memory 11578 MiB.
2026-10-08T19:46:11Z INFO [962/2500] ac13d20b-060c-411b-94ff-7b1629293c26: valid; 3.3 s; peak memory 11578 MiB.
2026-10-08T19:46:13Z INFO [963/2500] ac14363e-85a3-40f4-bbef-3403be442352: valid; 2.1 s; peak memory 11578 MiB.
2026-10-08T19:46:15Z INFO [964/2500] ac14466d-f18d-4e62-8884-6885475c3687: valid; 2.1 s; peak memory 11578 MiB.
2026-10-08T19:46:24Z INFO [965/2500] ac14f2f3-3e8b-43f0-b276-83ec6642c6a0: valid; 8.7 s; peak memory 11578 MiB.
2026-10-08T19:46:30Z INFO [966/2500] ac150a39-ec03-4ed9-9451-40d2785510bb: valid; 6.0 s; peak memory 11578 MiB.
2026-10-08T19:46:32Z INFO [967/2500] ac15a7bd-5bfc-4faf-b537-2baa036a53cf: not valid; 1.9 s; peak memory 11578 MiB.
2026-10-08T19:46:33Z INFO [968/2500] ac15f0bd-ea2a-483e-9632-d22e101eeaa0: valid; 1.1 s; peak memory 11578 MiB.
2026-10-08T19:46:35Z INFO [969/2500] ac162d43-08ef-4793-81d7-3e1c2f787a1f: valid; 1.9 s; peak memory 11578 MiB.
2026-10-08T19:46:36Z INFO [970/2500] ac165d1d-3836-4a19-90b0-b831ab6428e2: valid; 1.4 s; peak memory 11578 MiB.
2026-10-08T19:46:37Z INFO [971/2500] ac169b6e-32a5-42b4-b44c-5fecfe74d5ff: valid; 1.1 s; peak memory 11578 MiB.
2026-10-08T19:46:39Z INFO [972/2500] ac170f21-184b-4627-b75c-8f4a0635de8a: valid; 1.6 s; peak memory 11578 MiB.
2026-10-08T19:46:40Z INFO [973/2500] ac173f5e-abc6-4107-85ee-04d718582a12: not valid; 1.4 s; peak memory 11578 MiB.
2026-10-08T19:46:40Z WARNING ac19b88a-e705-4d7d-b2b6-d9e458f8de18: failed while retrieving asset information from the DANDI API (NotFoundError: No asset at path 'sub-440958/sub-440958_ses-20190217T154414_behavior+ecephys+ogen.nwb' in version 0.231012.2129. Verify the path is correct and the asset exists in this version. Use 'dandi ls' to list available assets.)
2026-10-08T19:48:37Z INFO [975/2500] ac1a2603-cf53-4052-864c-74af8492a469: not valid; 117.0 s; peak memory 11578 MiB.
2026-10-08T19:48:51Z INFO [976/2500] ac1a37ff-b04f-4ca4-97e9-bd9bfdf0c871: valid; 13.3 s; peak memory 11578 MiB.
2026-10-08T19:48:53Z INFO [977/2500] ac1a6aaf-8d4d-4ba6-b6d3-86f6a9f09012: valid; 2.6 s; peak memory 11578 MiB.
2026-10-08T19:48:57Z INFO [978/2500] ac1ac0af-db52-42b6-b56e-d6aa60aa6b91: valid; 3.6 s; peak memory 11578 MiB.
2026-10-08T19:48:58Z INFO [979/2500] ac1c1beb-8f3b-4df4-9c04-45acdaf5f92c: not valid; 1.6 s; peak memory 11578 MiB.
2026-10-08T19:49:17Z INFO [980/2500] ac1c4fb0-b725-47e3-83bd-6b3295f00a38: valid; 18.4 s; peak memory 11578 MiB.
2026-10-08T19:49:19Z INFO [981/2500] ac1c6301-ff05-4f34-9dfe-d41165435acb: valid; 2.3 s; peak memory 11578 MiB.
2026-10-08T19:49:26Z WARNING ac1d91cb-ac5b-41c3-aab9-e210304b18d3: failed while opening the NWB file (ValueError: Cannot resolve included group spec 'electrodes' with data_type_inc 'ElectrodesTable' because a group spec with the same name already exists with data_type_inc 'DynamicTable', and data type 'DynamicTable' is not a child type of data type 'ElectrodesTable'.)
2026-10-08T19:49:29Z INFO [983/2500] ac1d932a-d308-4686-8b42-ab51409dadb6: valid; 3.0 s; peak memory 11578 MiB.
2026-10-08T19:49:31Z INFO [984/2500] ac1f9ed2-d95a-4cd2-b5ae-5b51c7a67647: valid; 1.6 s; peak memory 11578 MiB.
2026-10-08T19:49:32Z INFO [985/2500] ac200ddf-06ab-4e48-9861-7f03ca3703fa: valid; 1.6 s; peak memory 11578 MiB.
2026-10-08T19:49:34Z INFO [986/2500] ac2012db-fb33-4306-8bee-cf6386d4c73a: valid; 1.4 s; peak memory 11578 MiB.
2026-10-08T19:49:37Z INFO [987/2500] ac2038f8-cd13-40cf-baa2-b5de8ea78abb: valid; 3.3 s; peak memory 11578 MiB.
2026-10-08T19:49:40Z INFO [988/2500] ac205722-f967-453b-9367-de66fadaf32a: valid; 2.7 s; peak memory 11578 MiB.
2026-10-08T19:49:41Z INFO [989/2500] ac207c61-3bd7-4110-a6ff-20452e0d38f8: valid; 1.5 s; peak memory 11578 MiB.
2026-10-08T19:49:43Z INFO [990/2500] ac20ce6a-01db-436e-8a70-aabecbdfdbcb: valid; 1.5 s; peak memory 11578 MiB.
2026-10-08T19:49:45Z INFO [991/2500] ac23a055-2eae-4aec-bdbe-f9106db45d3b: valid; 2.4 s; peak memory 11578 MiB.
2026-10-08T19:49:55Z INFO [992/2500] ac24287f-1a3b-49d2-bf7b-b4bab892a585: valid; 9.6 s; peak memory 11578 MiB.
2026-10-08T19:49:56Z INFO [993/2500] ac245eb6-82ac-4056-ba78-f0a7cf856bc3: valid; 1.5 s; peak memory 11578 MiB.
2026-10-08T19:49:58Z INFO [994/2500] ac24783e-813c-4b08-a59b-259e436876a9: valid; 1.4 s; peak memory 11578 MiB.
2026-10-08T19:50:00Z INFO [995/2500] ac24ebe4-eae4-4e4a-8b32-b6802746f75b: valid; 2.1 s; peak memory 11578 MiB.
2026-10-08T19:50:01Z INFO [996/2500] ac25024d-8671-4a7d-bd4f-c97aff52197b: not valid; 1.6 s; peak memory 11578 MiB.
2026-10-08T19:50:05Z INFO [997/2500] ac250637-43b9-4b77-ad8f-148856edaa81: not valid; 4.0 s; peak memory 11578 MiB.
2026-10-08T19:50:09Z INFO [998/2500] ac253351-7ecc-49d7-933c-32818d9a15b4: valid; 3.6 s; peak memory 11578 MiB.
2026-10-08T19:50:09Z WARNING ac254be4-0c41-4a0d-a088-dc3f5c2a6c64: failed while retrieving asset information from the DANDI API (NotFoundError: No such Dandiset: 000561)
2026-10-08T19:50:11Z INFO [1000/2500] ac258e87-35f7-4542-a2dd-b3caafc98bc3: not valid; 1.6 s; peak memory 11578 MiB.
2026-10-08T19:50:12Z INFO [1000/2500] ac258e87-35f7-4542-a2dd-b3caafc98bc3: checkpointed 177010 new records.
2026-10-08T19:50:14Z INFO [1001/2500] ac25d1a7-c187-41ae-8e7f-5e7639121047: valid; 2.6 s; peak memory 11578 MiB.
2026-10-08T19:50:16Z INFO [1002/2500] ac26140d-142e-40b1-bf51-e6ef4a3a2db3: valid; 1.5 s; peak memory 11578 MiB.
2026-10-08T19:50:18Z INFO [1003/2500] ac26265a-21e8-4637-ae49-aa1dacbf951d: valid; 2.5 s; peak memory 11578 MiB.
2026-10-08T19:50:27Z INFO [1004/2500] ac268e92-9e42-47b0-9347-993e77dbcac0: valid; 9.1 s; peak memory 11578 MiB.
2026-10-08T19:50:30Z INFO [1005/2500] ac26bef9-f4a4-4ffb-a94c-7ce2f660ff7c: valid; 2.5 s; peak memory 11578 MiB.
2026-10-08T19:50:31Z INFO [1006/2500] ac271231-0707-44e6-a9bf-3c6ac6858b56: valid; 1.2 s; peak memory 11578 MiB.
2026-10-08T19:50:33Z INFO [1007/2500] ac279784-4a15-47ff-9e58-8acdf0453bf0: valid; 1.6 s; peak memory 11578 MiB.
2026-10-08T19:50:35Z WARNING ac27d1e2-f116-4eb7-8581-fafcb6dfb2f6: failed while opening the NWB file (ConstructError: (root/general/optogenetics/PatternedOptogeneticStimulusSite GroupBuilder {'attributes': {'effector': 'GUR-3/PRDX-2', 'namespace': 'ndx-patterned-ogen', 'neurodata_type': 'PatternedOptogeneticStimulusSite', 'object_id': '4bbd06f0-6e4b-4905-b4a1-6b6765025451'}, 'groups': {}, 'datasets': {'description': root/general/optogenetics/PatternedOptogeneticStimulusSite/description DatasetBuilder {'attributes': {}, 'data': 'Scanning'}, 'excitation_lambda': root/general/optogenetics/PatternedOptogeneticStimulusSite/excitation_lambda DatasetBuilder {'attributes': {}, 'data': np.float64(850.0)}, 'location': root/general/optogenetics/PatternedOptogeneticStimulusSite/location DatasetBuilder {'attributes': {}, 'data': 'whole brain'}}, 'links': {'device': root/general/optogenetics/PatternedOptogeneticStimulusSite/device LinkBuilder {'builder': root/general/devices/OptogeneticDevice GroupBuilder {'attributes': {'description': '', 'namespace': 'core', 'neurodata_type': 'Device', 'object_id': '46513a62-b4ab-472b-8f36-9623a3ec9f42'}, 'groups': {}, 'datasets': {}, 'links': {}}}, 'light_source': root/general/optogenetics/PatternedOptogeneticStimulusSite/light_source LinkBuilder {'builder': root/general/devices/AmplifiedLaser GroupBuilder {'attributes': {'description': 'For two-photon optogenetic targeting, we used an optical parametric amplifier (OPA; Light Conversion ORPHEUS) pumped by a femtosecond amplified laser (Light Conversion PHAROS).', 'filter_description': 'Short pass at 1040 nm', 'manufacturer': 'Light Conversion', 'model': 'ORPHEUS amplifier and PHAROS laser', 'namespace': 'ndx-patterned-ogen', 'neurodata_type': 'LightSource', 'object_id': 'a5c6bc66-d4ee-409d-8439-1abbf45f1179', 'peak_power_in_W': np.float64(0.0012), 'pulse_rate_in_Hz': np.float64(500000.0), 'stimulation_wavelength_in_nm': np.float64(850.0)}, 'groups': {}, 'datasets': {}, 'links': {}}}}}, "Could not construct PatternedOptogeneticStimulusSite object due to: CustomClassGenerator.set_init.<locals>.__init__: incorrect type for 'spatial_light_modulator' (got 'list', expected 'Device')"))
2026-10-08T19:50:38Z INFO [1009/2500] ac27f4de-385f-4219-8fca-20f1bad535ca: valid; 2.2 s; peak memory 11578 MiB.
2026-10-08T19:50:39Z INFO [1010/2500] ac28280e-5290-4f3c-9f53-70730afc78c7: not valid; 1.5 s; peak memory 11578 MiB.
2026-10-08T19:50:42Z INFO [1011/2500] ac284353-3360-4bfe-901d-138feba4dfc0: valid; 2.9 s; peak memory 11578 MiB.
2026-10-08T19:50:44Z INFO [1012/2500] ac284f2f-2aff-465a-a7c6-cf99db789324: valid; 2.2 s; peak memory 11578 MiB.
2026-10-08T19:50:48Z INFO [1013/2500] ac285883-10f7-4a0e-8cf3-ea696de07796: valid; 4.0 s; peak memory 11578 MiB.
2026-10-08T19:50:51Z INFO [1014/2500] ac287065-88b0-4198-b328-f34930a00c80: valid; 3.1 s; peak memory 11578 MiB.
2026-10-08T19:50:54Z INFO [1015/2500] ac28f5cd-c1c7-478f-bbe9-a0311633f1d9: valid; 2.6 s; peak memory 11578 MiB.
2026-10-08T19:50:56Z INFO [1016/2500] ac290031-c7c5-4d4f-9e17-b1b03af4b190: valid; 1.7 s; peak memory 11578 MiB.
2026-10-08T19:50:57Z INFO [1017/2500] ac299e4b-9998-4689-b75c-2e08e0488f42: valid; 1.5 s; peak memory 11578 MiB.
2026-10-08T19:50:59Z INFO [1018/2500] ac2b03e0-a2f0-4da9-9d8a-9ec7d30b0d59: not valid; 1.9 s; peak memory 11578 MiB.
2026-10-08T19:51:01Z INFO [1019/2500] ac2b4225-97fc-4de3-bec5-114a95a144d6: valid; 1.6 s; peak memory 11578 MiB.
2026-10-08T19:51:03Z WARNING ac2b5b72-0832-4540-8edb-2959cdae4d11: failed while opening the NWB file (ConstructError: (root/acquisition/_iblmic_audioSpectrogram/bands GroupBuilder {'attributes': {'colnames': array(['freq'], dtype=object), 'description': 'spectogram frequencies', 'namespace': 'core', 'neurodata_type': 'FrequencyBandsTable', 'object_id': 'f4eda0cb-9792-42e8-866e-73b78699a042'}, 'groups': {}, 'datasets': {'freq': root/acquisition/_iblmic_audioSpectrogram/bands/freq DatasetBuilder {'attributes': {'description': 'frequency value', 'namespace': 'hdmf-common', 'neurodata_type': 'VectorData', 'object_id': '6e42dd62-3b8b-4dd3-8ddc-eb69a44c6b8f'}, 'data': <HDF5 dataset "freq": shape (257,), type "<f4">}, 'id': root/acquisition/_iblmic_audioSpectrogram/bands/id DatasetBuilder {'attributes': {'namespace': 'hdmf-common', 'neurodata_type': 'ElementIdentifiers', 'object_id': 'a625ae18-2364-4108-8660-8e76c20695e7'}, 'data': <HDF5 dataset "id": shape (257,), type "<i4">}}, 'links': {}}, "Could not construct FrequencyBandsTable object due to: column must have the same number of rows as 'id'"))
2026-10-08T19:51:22Z INFO [1021/2500] ac2bf157-fe7e-4f1e-a4f8-658ac170796a: valid; 19.1 s; peak memory 11578 MiB.
2026-10-08T19:51:24Z INFO [1022/2500] ac2c1246-35f9-487c-a542-720e1fb48656: valid; 2.2 s; peak memory 11578 MiB.
2026-10-08T19:51:25Z INFO [1023/2500] ac2c144c-9cb8-4df8-a77f-f91d98d62d04: valid; 1.4 s; peak memory 11578 MiB.
2026-10-08T19:52:11Z INFO [1024/2500] ac2c446b-510c-4759-8dc4-e060ea46ccfb: not valid; 46.0 s; peak memory 11808 MiB.
2026-10-08T19:52:35Z INFO [1025/2500] ac2c612d-8ce6-47cc-987c-384c69e26022: valid; 23.2 s; peak memory 11808 MiB.
2026-10-08T19:52:36Z INFO [1026/2500] ac2c7dfd-7e85-4892-a98c-d02d87f5058b: valid; 1.6 s; peak memory 11808 MiB.
2026-10-08T19:52:38Z INFO [1027/2500] ac2d23da-7bed-407d-8d4a-c0a6997c14fa: valid; 1.4 s; peak memory 11808 MiB.
2026-10-08T19:52:39Z INFO [1028/2500] ac2e1558-b66b-4c99-938d-666ccb4e1645: valid; 1.1 s; peak memory 11808 MiB.
2026-10-08T19:52:41Z INFO [1029/2500] ac2e3b39-9f32-4108-8a02-8d7018d655c1: valid; 2.0 s; peak memory 11808 MiB.
2026-10-08T19:52:44Z INFO [1030/2500] ac2e4ca0-f0a7-46fd-810d-36e0bf985278: valid; 3.3 s; peak memory 11808 MiB.
2026-10-08T19:52:46Z INFO [1031/2500] ac2ec564-f283-4c51-9bc0-a3528b322174: valid; 2.2 s; peak memory 11808 MiB.
2026-10-08T19:52:56Z INFO [1032/2500] ac2ee905-d820-4389-bfaa-ce307ac197f0: valid; 9.9 s; peak memory 11808 MiB.
2026-10-08T19:52:58Z INFO [1033/2500] ac2f28d9-1f05-46d4-b5a6-bb2aecefe29b: not valid; 1.8 s; peak memory 11808 MiB.
2026-10-08T19:53:01Z INFO [1034/2500] ac30520a-7ccb-4af8-9653-83c826613003: not valid; 2.9 s; peak memory 11808 MiB.
2026-10-08T19:53:18Z INFO [1035/2500] ac3183fc-b84b-4d83-a42c-5df722f1d322: valid; 17.5 s; peak memory 11808 MiB.
2026-10-08T19:53:20Z INFO [1036/2500] ac31fb70-24e3-4d3f-87fd-5f667068aab2: valid; 1.5 s; peak memory 11808 MiB.
2026-10-08T19:53:21Z INFO [1037/2500] ac32a509-5fc1-4030-8f79-868e88b95c44: valid; 1.5 s; peak memory 11808 MiB.
2026-10-08T19:53:23Z INFO [1038/2500] ac32d26b-3f29-4ee5-81b3-4b833207156e: valid; 2.0 s; peak memory 11808 MiB.
2026-10-08T19:53:27Z INFO [1039/2500] ac334c99-a34b-4aff-a690-870b709f2bcb: not valid; 4.0 s; peak memory 11808 MiB.
2026-10-08T19:53:29Z INFO [1040/2500] ac340751-87cb-401a-8b2a-d577e7cbd233: valid; 1.2 s; peak memory 11808 MiB.
2026-10-08T19:53:31Z INFO [1041/2500] ac3481c3-b642-49c4-8f8e-dfe5badc0a3e: valid; 2.0 s; peak memory 11808 MiB.
2026-10-08T19:53:57Z INFO [1042/2500] ac34c3db-fbb7-4b53-9b22-40438596883d: not valid; 26.6 s; peak memory 11808 MiB.
2026-10-08T19:54:03Z INFO [1043/2500] ac350abd-19ce-4537-8213-f5065b0276ac: valid; 5.5 s; peak memory 11808 MiB.
2026-10-08T19:54:05Z INFO [1044/2500] ac35eced-f3e7-41fe-ac2e-65e462d2f61d: valid; 2.4 s; peak memory 11808 MiB.
2026-10-08T19:54:08Z INFO [1045/2500] ac3603bd-562e-43d6-8328-ab4a1d01f406: valid; 2.5 s; peak memory 11808 MiB.
2026-10-08T19:54:08Z WARNING ac3604fd-30dc-4a4e-b04b-880aad89bb8e: failed while retrieving asset information from the DANDI API (NotFoundError: No asset at path 'sub-ZS062/sub-ZS062_ses-behavior-ZS062-2021-04-25-18-53-35.nwb' in version 0.260928.2230. Verify the path is correct and the asset exists in this version. Use 'dandi ls' to list available assets.)
2026-10-08T19:54:10Z INFO [1047/2500] ac3676fc-c67c-4955-996b-810bede46d54: valid; 2.1 s; peak memory 11808 MiB.
2026-10-08T19:54:12Z INFO [1048/2500] ac36a0f4-fbba-4203-8d00-e8258130da03: valid; 2.3 s; peak memory 11808 MiB.
2026-10-08T19:54:15Z INFO [1049/2500] ac36e3b7-5fdf-41d4-8600-6d0d1710ec97: valid; 2.9 s; peak memory 11808 MiB.
2026-10-08T19:54:16Z INFO [1050/2500] ac37280b-968d-42ad-bb7f-d5ef7a567263: valid; 1.4 s; peak memory 11808 MiB.
2026-10-08T19:54:18Z INFO [1050/2500] ac37280b-968d-42ad-bb7f-d5ef7a567263: checkpointed 177060 new records.
2026-10-08T19:54:19Z INFO [1051/2500] ac392de5-d79a-4e72-b965-5830fb8bba5a: valid; 1.6 s; peak memory 11808 MiB.
2026-10-08T19:54:21Z INFO [1052/2500] ac39bd5c-d4b9-4d21-84f8-240de10527ce: valid; 1.5 s; peak memory 11808 MiB.
2026-10-08T19:54:22Z INFO [1053/2500] ac3a2841-4e72-4883-8971-f651d9b9ff78: valid; 1.5 s; peak memory 11808 MiB.
2026-10-08T19:54:26Z INFO [1054/2500] ac3a5da3-d071-41bf-9712-1d88cc8b93af: not valid; 3.9 s; peak memory 11808 MiB.
2026-10-08T19:54:28Z INFO [1055/2500] ac3ae11d-a63a-4ce5-af75-7243ab93009f: valid; 2.0 s; peak memory 11808 MiB.
2026-10-08T19:54:43Z INFO [1056/2500] ac3b3475-cc8e-4391-bc8a-294dc6ab4f4f: valid; 14.6 s; peak memory 11808 MiB.
2026-10-08T19:54:47Z INFO [1057/2500] ac3b5414-c662-40c3-a091-9e4278a99fa6: valid; 4.1 s; peak memory 11808 MiB.
2026-10-08T19:54:48Z INFO [1058/2500] ac3bf441-5ce3-4303-9927-3a0ac0f74fc7: valid; 1.5 s; peak memory 11808 MiB.
2026-10-08T19:54:48Z WARNING ac3c409e-90c4-42fa-b909-3b5afb3d95f1: failed while retrieving asset information from the DANDI API (NotFoundError: No asset at path 'sub-LG445/sub-LG445_ses-LG445-20250324_obj-emlg52_ophys.nwb' in version 0.260915.2135. Verify the path is correct and the asset exists in this version. Use 'dandi ls' to list available assets.)
2026-10-08T19:54:51Z INFO [1060/2500] ac3cb638-e386-479d-b910-71d6ce246dff: valid; 2.6 s; peak memory 11808 MiB.
2026-10-08T19:54:52Z INFO [1061/2500] ac3cc7d4-484a-450f-9bb6-b3ee21c28d39: valid; 1.6 s; peak memory 11808 MiB.
2026-10-08T19:54:54Z INFO [1062/2500] ac3dc9f9-3a3d-4ec3-b9c1-66ecf226466b: valid; 1.9 s; peak memory 11808 MiB.
2026-10-08T19:54:59Z INFO [1063/2500] ac3e5419-069e-4df0-926d-f994ab1197c2: not valid; 4.5 s; peak memory 11808 MiB.
2026-10-08T19:55:01Z INFO [1064/2500] ac3e83e5-3333-4a3a-8405-201202629599: valid; 2.1 s; peak memory 11808 MiB.
2026-10-08T19:55:03Z INFO [1065/2500] ac3e8aae-12ea-4fb9-8b98-ed8c079d6835: valid; 2.2 s; peak memory 11808 MiB.
2026-10-08T19:55:05Z INFO [1066/2500] ac3f4227-beca-4625-8cd3-f4fe903de2e3: not valid; 2.0 s; peak memory 11808 MiB.
2026-10-08T19:55:06Z INFO [1067/2500] ac401a7b-9cd1-4a22-9686-b860e57b0855: valid; 1.0 s; peak memory 11808 MiB.
2026-10-08T19:55:09Z INFO [1068/2500] ac406343-72c6-4532-abaf-a20621a9fb21: valid; 3.1 s; peak memory 11808 MiB.
2026-10-08T19:55:11Z INFO [1069/2500] ac40636f-1b2b-443f-bc99-befb03130058: valid; 1.4 s; peak memory 11808 MiB.
2026-10-08T19:55:12Z INFO [1070/2500] ac410ce9-736e-4faf-a062-c985a0571ba9: valid; 2.0 s; peak memory 11808 MiB.
2026-10-08T19:55:15Z INFO [1071/2500] ac411191-e48f-4e92-a186-916a9ba71952: valid; 2.6 s; peak memory 11808 MiB.
2026-10-08T19:55:17Z INFO [1072/2500] ac417ea0-20d3-4f8c-adce-2c626cd0e32e: not valid; 1.6 s; peak memory 11808 MiB.
2026-10-08T19:55:18Z INFO [1073/2500] ac41ffc2-d6c6-4e3a-8d88-cc5c4b7e4a8c: valid; 1.8 s; peak memory 11808 MiB.
2026-10-08T19:55:20Z INFO [1074/2500] ac423336-2f21-4c7e-8ddd-76ebf7f79547: valid; 1.5 s; peak memory 11808 MiB.
2026-10-08T19:55:23Z INFO [1075/2500] ac42e005-0291-4124-9766-6f355d4cdf25: valid; 3.1 s; peak memory 11808 MiB.
2026-10-08T19:55:26Z INFO [1076/2500] ac42f15b-41d7-4e81-9e59-1aacfa6fa91b: valid; 3.0 s; peak memory 11808 MiB.
2026-10-08T19:55:29Z INFO [1077/2500] ac43ce2a-bd3d-48a0-aad5-d4b609031aa8: valid; 3.4 s; peak memory 11808 MiB.
2026-10-08T19:55:33Z INFO [1078/2500] ac441435-55dc-468c-8b06-ab9852cb465c: not valid; 4.0 s; peak memory 11808 MiB.
2026-10-08T19:55:36Z INFO [1079/2500] ac454d55-0388-4183-85d8-8108c00b9ddc: valid; 2.3 s; peak memory 11808 MiB.
2026-10-08T19:55:37Z INFO [1080/2500] ac461486-9f5a-43c7-8799-4d29f135fa55: not valid; 1.7 s; peak memory 11808 MiB.
2026-10-08T19:55:51Z INFO [1081/2500] ac465055-da5e-453c-8226-19e0b5fa4080: valid; 13.3 s; peak memory 11808 MiB.
2026-10-08T19:55:52Z INFO [1082/2500] ac46ffc8-bd19-4ab1-8c06-e418701c727d: not valid; 1.7 s; peak memory 11808 MiB.
2026-10-08T19:55:55Z WARNING ac473533-a7a9-4771-86c4-3d812b517ba7: failed while opening the NWB file (ConstructError: (root/acquisition/_iblmic_audioSpectrogram/bands GroupBuilder {'attributes': {'colnames': array(['freq'], dtype=object), 'description': 'spectogram frequencies', 'namespace': 'core', 'neurodata_type': 'FrequencyBandsTable', 'object_id': '3ad5d196-4995-41fc-9ecf-cae8f905a6ae'}, 'groups': {}, 'datasets': {'freq': root/acquisition/_iblmic_audioSpectrogram/bands/freq DatasetBuilder {'attributes': {'description': 'frequency value', 'namespace': 'hdmf-common', 'neurodata_type': 'VectorData', 'object_id': '88418f46-2a9c-4193-8245-85578bbd6042'}, 'data': <HDF5 dataset "freq": shape (257,), type "<f4">}, 'id': root/acquisition/_iblmic_audioSpectrogram/bands/id DatasetBuilder {'attributes': {'namespace': 'hdmf-common', 'neurodata_type': 'ElementIdentifiers', 'object_id': '875a1054-d8da-4d9a-93db-feddaeb32512'}, 'data': <HDF5 dataset "id": shape (257,), type "<i4">}}, 'links': {}}, "Could not construct FrequencyBandsTable object due to: column must have the same number of rows as 'id'"))
2026-10-08T19:56:03Z INFO [1084/2500] ac477cc9-ec33-410a-8b2e-cbff124855e3: not valid; 8.5 s; peak memory 11808 MiB.
2026-10-08T19:56:43Z INFO [1085/2500] ac489295-932f-40e9-987d-3f93b916d0fc: not valid; 39.4 s; peak memory 11808 MiB.
2026-10-08T19:56:44Z INFO [1086/2500] ac48ea72-3117-4327-b83a-96e8ef4b517b: valid; 1.6 s; peak memory 11808 MiB.
2026-10-08T19:56:47Z INFO [1087/2500] ac48ed7c-4aaf-4c8b-8322-2ce2d20d6d0b: valid; 2.2 s; peak memory 11808 MiB.
2026-10-08T19:56:48Z INFO [1088/2500] ac4911dc-6da0-4aae-a9e4-f7e38692c168: valid; 1.4 s; peak memory 11808 MiB.
2026-10-08T19:56:51Z INFO [1089/2500] ac495c1c-9054-4ba9-a139-b15430ec1a78: valid; 2.7 s; peak memory 11808 MiB.
2026-10-08T19:56:53Z WARNING ac49f1ab-3bb9-40bd-9746-c066b1f1670d: failed while opening the NWB file (ConstructError: (root/acquisition/_iblmic_audioSpectrogram/bands GroupBuilder {'attributes': {'colnames': array(['freq'], dtype=object), 'description': 'spectogram frequencies', 'namespace': 'core', 'neurodata_type': 'FrequencyBandsTable', 'object_id': 'd1d3a4c0-d76d-4d7f-9aeb-1027e8a132bd'}, 'groups': {}, 'datasets': {'freq': root/acquisition/_iblmic_audioSpectrogram/bands/freq DatasetBuilder {'attributes': {'description': 'frequency value', 'namespace': 'hdmf-common', 'neurodata_type': 'VectorData', 'object_id': 'ffd6a837-6c9a-4754-b1cf-0f42da78fa7c'}, 'data': <HDF5 dataset "freq": shape (257,), type "<f4">}, 'id': root/acquisition/_iblmic_audioSpectrogram/bands/id DatasetBuilder {'attributes': {'namespace': 'hdmf-common', 'neurodata_type': 'ElementIdentifiers', 'object_id': '16c20ea5-5019-4bc5-a6e0-b46361934ac4'}, 'data': <HDF5 dataset "id": shape (257,), type "<i4">}}, 'links': {}}, "Could not construct FrequencyBandsTable object due to: column must have the same number of rows as 'id'"))
2026-10-08T19:56:55Z INFO [1091/2500] ac4a2e20-ff29-463f-905d-19928c495cc8: valid; 1.7 s; peak memory 11808 MiB.
2026-10-08T19:56:57Z INFO [1092/2500] ac4a800a-84b8-4956-bdb2-96a7c05f163b: not valid; 2.0 s; peak memory 11808 MiB.
2026-10-08T19:56:58Z INFO [1093/2500] ac4a8e5b-6fbb-4973-9340-668b20b2f6b6: valid; 1.4 s; peak memory 11808 MiB.
2026-10-08T19:57:00Z INFO [1094/2500] ac4ae729-3164-436b-b296-6fe347ab595d: valid; 2.3 s; peak memory 11808 MiB.
2026-10-08T19:57:06Z INFO [1095/2500] ac4b6155-3cc0-419b-bfd0-57e7c680d7cf: valid; 5.4 s; peak memory 11808 MiB.
2026-10-08T19:57:08Z INFO [1096/2500] ac4c281f-49f2-4f11-94c5-a9644189dd8d: valid; 2.4 s; peak memory 11808 MiB.
2026-10-08T19:57:10Z INFO [1097/2500] ac4c577e-2194-42a6-9432-6873949b4a53: valid; 1.6 s; peak memory 11808 MiB.
2026-10-08T19:57:11Z INFO [1098/2500] ac4ca333-16ba-4ef0-8505-3179f0ea2ac0: valid; 1.3 s; peak memory 11808 MiB.
2026-10-08T19:57:13Z INFO [1099/2500] ac4d0f6e-d82b-42b8-84bc-c7f74a4c0564: valid; 1.4 s; peak memory 11808 MiB.
2026-10-08T19:57:17Z INFO [1100/2500] ac4d1ebc-56ec-47e9-99d4-4f2e9f7ca339: valid; 4.6 s; peak memory 11808 MiB.
2026-10-08T19:57:18Z INFO [1100/2500] ac4d1ebc-56ec-47e9-99d4-4f2e9f7ca339: checkpointed 177110 new records.
2026-10-08T19:57:24Z INFO [1101/2500] ac4d311d-500e-4073-af7f-c748c58b5f91: not valid; 6.0 s; peak memory 11808 MiB.
2026-10-08T19:57:26Z INFO [1102/2500] ac4d711f-72df-4d98-a12b-0daaa21c75f2: not valid; 1.8 s; peak memory 11808 MiB.
2026-10-08T19:57:28Z WARNING ac4d8a54-04b2-413c-a741-1d07d3f3d3fc: failed while opening the NWB file (ConstructError: (root/acquisition/_iblmic_audioSpectrogram/bands GroupBuilder {'attributes': {'colnames': array(['freq'], dtype=object), 'description': 'spectogram frequencies', 'namespace': 'core', 'neurodata_type': 'FrequencyBandsTable', 'object_id': 'a90ae658-b0df-471e-9ab5-c77d1a13b6a9'}, 'groups': {}, 'datasets': {'freq': root/acquisition/_iblmic_audioSpectrogram/bands/freq DatasetBuilder {'attributes': {'description': 'frequency value', 'namespace': 'hdmf-common', 'neurodata_type': 'VectorData', 'object_id': '99e43495-05c1-48e1-b337-101fd405d501'}, 'data': <HDF5 dataset "freq": shape (257,), type "<f4">}, 'id': root/acquisition/_iblmic_audioSpectrogram/bands/id DatasetBuilder {'attributes': {'namespace': 'hdmf-common', 'neurodata_type': 'ElementIdentifiers', 'object_id': 'e011c590-17d3-49fc-841e-1eb52aef8b8a'}, 'data': <HDF5 dataset "id": shape (257,), type "<i4">}}, 'links': {}}, "Could not construct FrequencyBandsTable object due to: column must have the same number of rows as 'id'"))
2026-10-08T19:57:30Z INFO [1104/2500] ac4dcc17-8930-4589-a771-02e4490b3d44: valid; 2.1 s; peak memory 11808 MiB.
2026-10-08T19:57:33Z INFO [1105/2500] ac4de32e-8693-47bb-b1b9-18c127aac771: valid; 2.3 s; peak memory 11808 MiB.
2026-10-08T19:57:35Z INFO [1106/2500] ac4e6228-499e-47cf-9a19-617378d8f348: valid; 2.1 s; peak memory 11808 MiB.
2026-10-08T19:57:40Z INFO [1107/2500] ac4ebc3b-e474-4f65-b859-e026a2dbfdd2: valid; 5.1 s; peak memory 11808 MiB.
2026-10-08T19:57:41Z INFO [1108/2500] ac4f7a8f-24f1-4193-a462-40771edfa8f7: not valid; 1.5 s; peak memory 11808 MiB.
2026-10-08T19:57:43Z INFO [1109/2500] ac4fa864-2e05-4613-bb94-776e6909d72f: valid; 1.5 s; peak memory 11808 MiB.
2026-10-08T19:57:45Z INFO [1110/2500] ac4fe7fe-d852-4db6-8198-fe453744f3c0: not valid; 1.8 s; peak memory 11808 MiB.
2026-10-08T19:57:47Z INFO [1111/2500] ac507d65-fa6c-4628-84ae-a87021918b7f: valid; 2.1 s; peak memory 11808 MiB.
2026-10-08T19:57:49Z INFO [1112/2500] ac50ad45-726b-48b8-9792-2906c6751ad7: valid; 1.8 s; peak memory 11808 MiB.
2026-10-08T19:57:52Z INFO [1113/2500] ac50fbe5-9160-4f10-ac55-48577b2eff69: valid; 3.1 s; peak memory 11808 MiB.
2026-10-08T19:57:54Z INFO [1114/2500] ac510c50-7536-4cb8-a69a-c58b1a945ac5: not valid; 1.9 s; peak memory 11808 MiB.
2026-10-08T19:57:55Z INFO [1115/2500] ac515bb2-94d3-4235-a19d-cbe854f815cb: valid; 1.5 s; peak memory 11808 MiB.
2026-10-08T19:57:58Z INFO [1116/2500] ac518486-43d9-4b4d-806e-d3664f495215: valid; 2.6 s; peak memory 11808 MiB.
2026-10-08T19:57:59Z INFO [1117/2500] ac5230f0-0679-43f3-ad66-227c9f770aa4: valid; 1.4 s; peak memory 11808 MiB.
2026-10-08T19:58:02Z INFO [1118/2500] ac5271dd-e3b7-43b1-8e4f-b346a2ddc90b: valid; 2.8 s; peak memory 11808 MiB.
2026-10-08T19:58:04Z INFO [1119/2500] ac52aa7e-f23e-4299-93e4-0fe4fe2aec18: not valid; 1.8 s; peak memory 11808 MiB.
2026-10-08T19:58:06Z INFO [1120/2500] ac532f55-ad82-437a-b865-eb8c10a7c22c: valid; 2.2 s; peak memory 11808 MiB.
2026-10-08T19:58:07Z INFO [1121/2500] ac537666-2f1d-4133-9fe4-825cbd474f55: valid; 1.4 s; peak memory 11808 MiB.
2026-10-08T19:58:08Z INFO [1122/2500] ac53a33d-e0df-4ec6-a554-dc8e4e5cd900: valid; 1.1 s; peak memory 11808 MiB.
2026-10-08T19:58:12Z INFO [1123/2500] ac53d3b9-6df4-4048-a6a6-e1c66ba4798b: not valid; 4.0 s; peak memory 11808 MiB.
2026-10-08T19:58:14Z INFO [1124/2500] ac540a4d-7bd3-45d1-8b5c-98c63d868a13: valid; 2.0 s; peak memory 11808 MiB.
2026-10-08T19:58:18Z INFO [1125/2500] ac5413bc-38e9-4899-9dcb-5332039dda02: valid; 3.5 s; peak memory 11808 MiB.
2026-10-08T19:58:20Z INFO [1126/2500] ac54298e-fbc9-4bcd-8b55-c3f3b4e8fd2a: not valid; 2.0 s; peak memory 11808 MiB.
2026-10-08T19:58:22Z WARNING ac54e878-8378-4aa5-b1f8-3c174ebd31a3: failed while opening the NWB file (ConstructError: (root/acquisition/_iblmic_audioSpectrogram/bands GroupBuilder {'attributes': {'colnames': array(['freq'], dtype=object), 'description': 'spectogram frequencies', 'namespace': 'core', 'neurodata_type': 'FrequencyBandsTable', 'object_id': '4412cb82-90a7-4653-8931-a0c532baefe1'}, 'groups': {}, 'datasets': {'freq': root/acquisition/_iblmic_audioSpectrogram/bands/freq DatasetBuilder {'attributes': {'description': 'frequency value', 'namespace': 'hdmf-common', 'neurodata_type': 'VectorData', 'object_id': 'c6ff3a0b-bce3-462b-afc1-be1077a11b0a'}, 'data': <HDF5 dataset "freq": shape (257,), type "<f4">}, 'id': root/acquisition/_iblmic_audioSpectrogram/bands/id DatasetBuilder {'attributes': {'namespace': 'hdmf-common', 'neurodata_type': 'ElementIdentifiers', 'object_id': '38a1a5c5-9092-4fc7-9e3c-adf5f67a40d6'}, 'data': <HDF5 dataset "id": shape (257,), type "<i4">}}, 'links': {}}, "Could not construct FrequencyBandsTable object due to: column must have the same number of rows as 'id'"))
2026-10-08T19:58:24Z INFO [1128/2500] ac556125-4765-4d36-8169-23def1dd6920: valid; 1.7 s; peak memory 11808 MiB.
2026-10-08T19:58:26Z INFO [1129/2500] ac55744b-773b-4d05-83dd-036c74f83f78: valid; 1.5 s; peak memory 11808 MiB.
2026-10-08T19:58:28Z INFO [1130/2500] ac5618fb-f1a1-4072-8824-e0e0bfcd7709: valid; 2.7 s; peak memory 11808 MiB.
2026-10-08T19:58:31Z INFO [1131/2500] ac56450c-1263-47dc-b010-5e6a4e8f335a: valid; 2.6 s; peak memory 11808 MiB.
2026-10-08T19:58:33Z INFO [1132/2500] ac565030-9ef7-4a33-aba9-dfdde24e90b8: not valid; 1.9 s; peak memory 11808 MiB.
2026-10-08T19:59:03Z INFO [1133/2500] ac56ccfb-d412-4b34-b3df-56d0a749d863: not valid; 30.2 s; peak memory 11808 MiB.
2026-10-08T19:59:04Z INFO [1134/2500] ac56cf88-e09e-426d-9b04-d0d8368aa055: valid; 1.0 s; peak memory 11808 MiB.
2026-10-08T19:59:06Z INFO [1135/2500] ac56de1f-a5a3-4612-8ba0-041ac365fd49: valid; 2.2 s; peak memory 11808 MiB.
2026-10-08T19:59:08Z INFO [1136/2500] ac56e66a-88a1-4f9f-bddf-c90b5f04a371: valid; 1.6 s; peak memory 11808 MiB.
2026-10-08T19:59:24Z INFO [1137/2500] ac56ed3e-88ac-48d2-a19e-c995253626a4: not valid; 16.3 s; peak memory 11808 MiB.
2026-10-08T19:59:26Z INFO [1138/2500] ac5728b2-6b58-4d3f-bc4f-e916737a6f6a: valid; 1.5 s; peak memory 11808 MiB.
2026-10-08T19:59:28Z INFO [1139/2500] ac57bce1-b91b-46f9-bc1e-c4fb1db6b2bb: valid; 2.3 s; peak memory 11808 MiB.
2026-10-08T19:59:32Z INFO [1140/2500] ac589d62-41fe-4023-b535-e91e325b42e4: not valid; 4.5 s; peak memory 11808 MiB.
2026-10-08T19:59:35Z INFO [1141/2500] ac5936d9-8e75-441f-a47d-465c988ca7e6: valid; 3.0 s; peak memory 11808 MiB.
2026-10-08T19:59:38Z WARNING ac596d2d-eee2-4403-b8b1-5c917da574bd: failed while opening the NWB file (ConstructError: (root/acquisition/_iblmic_audioSpectrogram/bands GroupBuilder {'attributes': {'colnames': array(['freq'], dtype=object), 'description': 'spectogram frequencies', 'namespace': 'core', 'neurodata_type': 'FrequencyBandsTable', 'object_id': '73203ade-0bb8-4eea-8244-2ecc9fe67a94'}, 'groups': {}, 'datasets': {'freq': root/acquisition/_iblmic_audioSpectrogram/bands/freq DatasetBuilder {'attributes': {'description': 'frequency value', 'namespace': 'hdmf-common', 'neurodata_type': 'VectorData', 'object_id': '54ad5984-8c9a-4a37-9d80-fbdc0301829d'}, 'data': <HDF5 dataset "freq": shape (257,), type "<f4">}, 'id': root/acquisition/_iblmic_audioSpectrogram/bands/id DatasetBuilder {'attributes': {'namespace': 'hdmf-common', 'neurodata_type': 'ElementIdentifiers', 'object_id': '5ebfdf24-9ffc-4505-875a-beb135075ad4'}, 'data': <HDF5 dataset "id": shape (257,), type "<i4">}}, 'links': {}}, "Could not construct FrequencyBandsTable object due to: column must have the same number of rows as 'id'"))
2026-10-08T19:59:55Z INFO [1143/2500] ac5a0552-16fa-47ad-a75a-f2ff266f42d1: valid; 17.0 s; peak memory 11808 MiB.
2026-10-08T19:59:57Z INFO [1144/2500] ac5a3e01-dd99-40d8-ae04-4b9664e4a586: valid; 2.3 s; peak memory 11808 MiB.
2026-10-08T19:59:59Z INFO [1145/2500] ac5a5166-b8d7-4bf7-86dc-75a750bea3c3: valid; 2.2 s; peak memory 11808 MiB.
2026-10-08T20:00:02Z INFO [1146/2500] ac5a9827-f021-4e73-aa0d-6631ee8c0769: valid; 3.3 s; peak memory 11808 MiB.
2026-10-08T20:00:11Z INFO [1147/2500] ac5a9eb9-8df4-4bc7-b381-6538bade6972: valid; 8.6 s; peak memory 11808 MiB.
2026-10-08T20:00:13Z INFO [1148/2500] ac5b132f-2e51-4587-973d-d1d8daad5b38: valid; 1.8 s; peak memory 11808 MiB.
2026-10-08T20:00:14Z INFO [1149/2500] ac5b54b8-334b-4dc3-9965-24f9eeb8972d: not valid; 1.5 s; peak memory 11808 MiB.
2026-10-08T20:00:17Z INFO [1150/2500] ac5b562f-c059-4876-a99f-e4b368e91f0e: not valid; 2.6 s; peak memory 11808 MiB.
2026-10-08T20:00:18Z INFO [1150/2500] ac5b562f-c059-4876-a99f-e4b368e91f0e: checkpointed 177160 new records.
2026-10-08T20:00:19Z INFO [1151/2500] ac5c36e7-261d-4633-a5af-b5f20c85a4b4: not valid; 1.5 s; peak memory 11808 MiB.
2026-10-08T20:00:21Z INFO [1152/2500] ac5c85df-f0a0-48fa-a3c3-781a352977e5: not valid; 1.5 s; peak memory 11808 MiB.
2026-10-08T20:00:21Z WARNING ac5d7d7d-53a3-4575-a0bb-123e225ada0e: failed while retrieving asset information from the DANDI API (NotFoundError: No asset at path 'sub-LG615/sub-LG615_ses-LG615-20250921_obj-18uv4vh_ophys.nwb' in version 0.260915.2135. Verify the path is correct and the asset exists in this version. Use 'dandi ls' to list available assets.)
2026-10-08T20:01:06Z INFO [1154/2500] ac5e63b9-77e5-444c-ac6b-8e5c85ad45f8: valid; 45.1 s; peak memory 11808 MiB.
2026-10-08T20:01:08Z INFO [1155/2500] ac5e681e-fb54-498a-a49a-08655967a1db: valid; 2.0 s; peak memory 11808 MiB.
2026-10-08T20:01:10Z INFO [1156/2500] ac5e6eb2-1a1e-405e-a73a-1504381ed437: valid; 1.6 s; peak memory 11808 MiB.
2026-10-08T20:01:13Z INFO [1157/2500] ac5ecfb8-7b08-4d28-b32e-b98b5fd3b2b6: valid; 3.5 s; peak memory 11808 MiB.
2026-10-08T20:01:15Z INFO [1158/2500] ac5edb80-8f3b-4189-b556-45d5ddea90d1: valid; 2.0 s; peak memory 11808 MiB.
2026-10-08T20:01:18Z INFO [1159/2500] ac5fc446-27d1-4d3f-a37b-13c0aabd9cb9: valid; 2.2 s; peak memory 11808 MiB.
2026-10-08T20:01:19Z INFO [1160/2500] ac609120-b1db-491a-9fd4-02b0f2070ac6: valid; 1.4 s; peak memory 11808 MiB.
2026-10-08T20:01:21Z INFO [1161/2500] ac60c422-e4a0-4fd3-8e4f-21b742cb290f: valid; 2.2 s; peak memory 11808 MiB.
2026-10-08T20:01:23Z INFO [1162/2500] ac616c87-8099-4003-bb84-4e73e34cf250: valid; 1.9 s; peak memory 11808 MiB.
2026-10-08T20:01:25Z INFO [1163/2500] ac61f636-acaa-4e1c-9d2c-f69f69d201e6: valid; 1.7 s; peak memory 11808 MiB.
2026-10-08T20:01:33Z INFO [1164/2500] ac6292e1-01d6-4a34-85f4-59e3656919f7: not valid; 8.6 s; peak memory 11808 MiB.
2026-10-08T20:01:35Z INFO [1165/2500] ac62adbd-db18-4546-a803-e8832de55b97: valid; 1.3 s; peak memory 11808 MiB.
2026-10-08T20:01:38Z INFO [1166/2500] ac62d228-a23c-4b7b-a179-0071c39e52f8: valid; 3.0 s; peak memory 11808 MiB.
2026-10-08T20:01:39Z INFO [1167/2500] ac6388e3-6013-45d8-9042-4dfee946cacb: valid; 1.3 s; peak memory 11808 MiB.
2026-10-08T20:01:41Z INFO [1168/2500] ac6412d4-6117-458f-b8c6-1ebf315139ee: valid; 2.3 s; peak memory 11808 MiB.
2026-10-08T20:01:43Z INFO [1169/2500] ac651ad0-b720-484d-b8fd-083a09f598ae: valid; 2.2 s; peak memory 11808 MiB.
2026-10-08T20:01:46Z INFO [1170/2500] ac651f93-2d59-490d-bd3f-83b14b0f49aa: valid; 2.3 s; peak memory 11808 MiB.
2026-10-08T20:01:49Z INFO [1171/2500] ac653d6a-ffb6-4569-8256-44b02afd4df2: valid; 3.5 s; peak memory 11808 MiB.
2026-10-08T20:02:05Z INFO [1172/2500] ac662fdd-10c3-4840-a587-b1b3c5eb6826: valid; 16.2 s; peak memory 11808 MiB.
2026-10-08T20:02:13Z INFO [1173/2500] ac673f33-6460-41bd-91a1-d6ffff8e77c1: valid; 7.7 s; peak memory 11808 MiB.
2026-10-08T20:02:15Z INFO [1174/2500] ac67507d-c415-4941-9f99-ca64b909f789: not valid; 2.1 s; peak memory 11808 MiB.
2026-10-08T20:02:18Z INFO [1175/2500] ac67a163-3d58-4cbc-9d63-d71dfe9c4a6f: valid; 2.7 s; peak memory 11808 MiB.
2026-10-08T20:02:20Z INFO [1176/2500] ac68d06f-7c47-41a2-9920-29152f2f5ed1: valid; 2.2 s; peak memory 11808 MiB.
2026-10-08T20:03:08Z INFO [1177/2500] ac68ff48-53ec-41e9-8863-883cfc55763b: valid; 47.9 s; peak memory 11808 MiB.
2026-10-08T20:03:10Z INFO [1178/2500] ac694213-817c-48c9-be96-0ed0a44947c6: valid; 2.5 s; peak memory 11808 MiB.
2026-10-08T20:03:12Z INFO [1179/2500] ac699649-cf3c-4a05-ad32-7039827b9a3c: not valid; 1.7 s; peak memory 11808 MiB.
2026-10-08T20:03:15Z INFO [1180/2500] ac69aa56-3961-491f-a556-2e5bfc31d600: valid; 2.8 s; peak memory 11808 MiB.
2026-10-08T20:03:26Z INFO [1181/2500] ac69c844-a573-4a9f-912b-a24cda19a196: valid; 10.6 s; peak memory 11808 MiB.
2026-10-08T20:03:29Z INFO [1182/2500] ac6a73b7-dbdd-47f2-aa53-3b2a2ac8d906: valid; 2.8 s; peak memory 11808 MiB.
2026-10-08T20:03:30Z INFO [1183/2500] ac6a76fd-38f8-45a2-85ae-3808d64c09e1: valid; 1.5 s; peak memory 11808 MiB.
2026-10-08T20:03:32Z INFO [1184/2500] ac6aa9ce-96b2-4f45-b421-b1c28d3fa7f9: valid; 1.6 s; peak memory 11808 MiB.
2026-10-08T20:03:38Z INFO [1185/2500] ac6abd22-4a24-4dec-862b-d709c756e3b6: not valid; 6.6 s; peak memory 11808 MiB.
2026-10-08T20:03:47Z INFO [1186/2500] ac6b3d14-65a9-4205-abca-118ee5e4f435: valid; 8.8 s; peak memory 11808 MiB.
2026-10-08T20:03:49Z INFO [1187/2500] ac6b4856-4a05-478e-b286-df552d57c6a5: valid; 1.6 s; peak memory 11808 MiB.
2026-10-08T20:03:51Z INFO [1188/2500] ac6b52fd-4227-4fbf-be1f-36186f5cc7c9: valid; 2.1 s; peak memory 11808 MiB.
2026-10-08T20:03:53Z INFO [1189/2500] ac6bb911-136a-4628-b8bc-79cc76f26f61: not valid; 1.7 s; peak memory 11808 MiB.
2026-10-08T20:03:59Z INFO [1190/2500] ac6c618c-5b6c-4832-a794-46b2c0e5ded2: not valid; 6.3 s; peak memory 11808 MiB.
2026-10-08T20:04:02Z INFO [1191/2500] ac6cc071-1874-4aa2-a92b-aa81f1ee2635: valid; 3.2 s; peak memory 11808 MiB.
2026-10-08T20:04:03Z INFO [1192/2500] ac6cea26-ef46-4436-8d9e-2ac1da802d4e: valid; 1.3 s; peak memory 11808 MiB.
2026-10-08T20:04:07Z INFO [1193/2500] ac6d16e4-86b1-46a9-a4b2-ac355fedf661: valid; 3.5 s; peak memory 11808 MiB.
2026-10-08T20:04:09Z WARNING ac6df29c-7419-4fac-a447-cba5fa04bc8e: failed while opening the NWB file (ConstructError: (root/acquisition/_iblmic_audioSpectrogram/bands GroupBuilder {'attributes': {'colnames': array(['freq'], dtype=object), 'description': 'spectogram frequencies', 'namespace': 'core', 'neurodata_type': 'FrequencyBandsTable', 'object_id': '2c5dc2c5-b867-4be7-951b-3d7e8ba383f8'}, 'groups': {}, 'datasets': {'freq': root/acquisition/_iblmic_audioSpectrogram/bands/freq DatasetBuilder {'attributes': {'description': 'frequency value', 'namespace': 'hdmf-common', 'neurodata_type': 'VectorData', 'object_id': 'f7e95421-590c-4419-901c-c619040dd1c2'}, 'data': <HDF5 dataset "freq": shape (257,), type "<f4">}, 'id': root/acquisition/_iblmic_audioSpectrogram/bands/id DatasetBuilder {'attributes': {'namespace': 'hdmf-common', 'neurodata_type': 'ElementIdentifiers', 'object_id': 'e4515b90-1760-4df6-b296-53f9e2fa665d'}, 'data': <HDF5 dataset "id": shape (257,), type "<i4">}}, 'links': {}}, "Could not construct FrequencyBandsTable object due to: column must have the same number of rows as 'id'"))
2026-10-08T20:04:11Z INFO [1195/2500] ac6e1938-75ba-487f-8583-bf741a1874f9: valid; 1.6 s; peak memory 11808 MiB.
2026-10-08T20:04:12Z INFO [1196/2500] ac6f014c-4aa0-4577-8d31-66e7e564ae73: not valid; 1.7 s; peak memory 11808 MiB.
2026-10-08T20:04:14Z INFO [1197/2500] ac6f9c95-1370-4852-916d-4258c50dacf6: valid; 2.2 s; peak memory 11808 MiB.
2026-10-08T20:04:16Z INFO [1198/2500] ac70079f-0554-46cc-b99a-52752a247597: valid; 1.5 s; peak memory 11808 MiB.
2026-10-08T20:04:18Z INFO [1199/2500] ac7039a7-d2f8-475b-ad4a-769365c93527: valid; 1.9 s; peak memory 11808 MiB.
2026-10-08T20:04:20Z INFO [1200/2500] ac70520e-682d-47f8-b28f-b9b0beecc46d: valid; 2.4 s; peak memory 11808 MiB.
2026-10-08T20:04:21Z INFO [1200/2500] ac70520e-682d-47f8-b28f-b9b0beecc46d: checkpointed 177210 new records.
2026-10-08T20:04:23Z INFO [1201/2500] ac70e9bf-7a10-4174-9ffb-0bf3426a95d1: valid; 1.5 s; peak memory 11808 MiB.
2026-10-08T20:04:25Z INFO [1202/2500] ac720b1a-06e7-44f9-abab-e4d2ebacd77e: not valid; 2.1 s; peak memory 11808 MiB.
2026-10-08T20:04:27Z INFO [1203/2500] ac72a05f-e1a1-427b-aaa0-6009c95c7dd0: valid; 2.2 s; peak memory 11808 MiB.
2026-10-08T20:04:30Z INFO [1204/2500] ac736daa-7382-4009-810c-273b922ce21c: valid; 2.5 s; peak memory 11808 MiB.
2026-10-08T20:04:31Z INFO [1205/2500] ac743499-d121-4cc3-8e2f-08aeff0d5239: valid; 1.5 s; peak memory 11808 MiB.
2026-10-08T20:04:34Z WARNING ac743fb3-a66f-4c52-8ae4-89d5fee8ac4a: failed while opening the NWB file (ConstructError: (root/acquisition/_iblmic_audioSpectrogram/bands GroupBuilder {'attributes': {'colnames': array(['freq'], dtype=object), 'description': 'spectogram frequencies', 'namespace': 'core', 'neurodata_type': 'FrequencyBandsTable', 'object_id': '461579a4-6777-4d3c-84bc-911d2e5a644a'}, 'groups': {}, 'datasets': {'freq': root/acquisition/_iblmic_audioSpectrogram/bands/freq DatasetBuilder {'attributes': {'description': 'frequency value', 'namespace': 'hdmf-common', 'neurodata_type': 'VectorData', 'object_id': 'eadfd195-5e6b-4007-80b2-28571bdd644c'}, 'data': <HDF5 dataset "freq": shape (257,), type "<f4">}, 'id': root/acquisition/_iblmic_audioSpectrogram/bands/id DatasetBuilder {'attributes': {'namespace': 'hdmf-common', 'neurodata_type': 'ElementIdentifiers', 'object_id': '5d9a6711-093f-4647-8b9f-0e9ea38aed58'}, 'data': <HDF5 dataset "id": shape (257,), type "<i4">}}, 'links': {}}, "Could not construct FrequencyBandsTable object due to: column must have the same number of rows as 'id'"))
2026-10-08T20:04:36Z INFO [1207/2500] ac745bb3-a8db-4200-8a34-f8abe8d6b47f: valid; 2.7 s; peak memory 11808 MiB.
2026-10-08T20:04:39Z INFO [1208/2500] ac74a5a8-32a0-474e-a34a-bc024c31309d: not valid; 2.2 s; peak memory 11808 MiB.
2026-10-08T20:04:50Z INFO [1209/2500] ac74fbf1-7fc2-4d78-8135-f11c6397340e: valid; 11.1 s; peak memory 11808 MiB.
2026-10-08T20:04:53Z INFO [1210/2500] ac75da39-5eb2-4452-8305-16e894958cd5: valid; 2.9 s; peak memory 11808 MiB.
2026-10-08T20:04:55Z INFO [1211/2500] ac762308-d017-44ca-a5cb-4e50a846385b: valid; 2.1 s; peak memory 11808 MiB.
2026-10-08T20:05:02Z INFO [1212/2500] ac76edb7-a2e7-4df6-ab06-a325b3f2b657: valid; 7.2 s; peak memory 11808 MiB.
2026-10-08T20:05:07Z INFO [1213/2500] ac775137-5d0b-4348-a0e7-4d531c1c7791: valid; 5.5 s; peak memory 11808 MiB.
2026-10-08T20:05:09Z INFO [1214/2500] ac78c5d9-6f93-45ba-9fd0-af7f8de47901: valid; 1.4 s; peak memory 11808 MiB.
2026-10-08T20:05:11Z INFO [1215/2500] ac78db04-6c14-4241-aaa6-ee4a44c78b36: valid; 2.7 s; peak memory 11808 MiB.
2026-10-08T20:05:14Z INFO [1216/2500] ac78eebc-6182-4d17-84fa-017c0d0846d5: valid; 2.7 s; peak memory 11808 MiB.
2026-10-08T20:05:16Z INFO [1217/2500] ac799422-2b70-4f3f-acaa-b6d7338c5688: valid; 2.1 s; peak memory 11808 MiB.
2026-10-08T20:05:42Z INFO [1218/2500] ac79c7a1-c782-40b2-8719-77b8ddb27b5f: valid; 25.8 s; peak memory 11808 MiB.
2026-10-08T20:05:44Z INFO [1219/2500] ac7a064a-42ad-41fe-8422-5244b5acff3e: valid; 1.5 s; peak memory 11808 MiB.
2026-10-08T20:05:47Z INFO [1220/2500] ac7a46d3-5126-4692-9f3e-a8cd78f6554e: valid; 3.2 s; peak memory 11808 MiB.
2026-10-08T20:05:49Z INFO [1221/2500] ac7a7ea6-c840-4126-bd52-ec9e29fca670: valid; 2.3 s; peak memory 11808 MiB.
2026-10-08T20:05:49Z WARNING ac7a845f-b0d6-4b91-add0-f061ef5cc6cb: failed while retrieving asset information from the DANDI API (NotFoundError: No asset at path 'sub-ZS060/sub-ZS060_ses-behavior-ZS060-2021-04-07-15-21-40.nwb' in version 0.260928.2230. Verify the path is correct and the asset exists in this version. Use 'dandi ls' to list available assets.)
2026-10-08T20:05:51Z INFO [1223/2500] ac7ac8ee-5443-4b43-952e-8c45cc3aaf5c: not valid; 2.2 s; peak memory 11808 MiB.
2026-10-08T20:05:53Z INFO [1224/2500] ac7c68c9-467c-44c4-8b92-636743012c4e: valid; 1.4 s; peak memory 11808 MiB.
2026-10-08T20:06:04Z INFO [1225/2500] ac7c98e7-385d-4ea7-a6a7-c2ac946bfdf5: valid; 11.2 s; peak memory 11808 MiB.
2026-10-08T20:06:06Z INFO [1226/2500] ac7ce198-0efd-437a-aa2f-c656b22f981f: valid; 2.2 s; peak memory 11808 MiB.
2026-10-08T20:06:08Z INFO [1227/2500] ac7cfc42-0708-45e4-9736-0dd473c54b28: not valid; 1.6 s; peak memory 11808 MiB.
2026-10-08T20:06:10Z INFO [1228/2500] ac7da8e2-ee1a-417f-a866-679005f97849: valid; 1.7 s; peak memory 11808 MiB.
2026-10-08T20:06:12Z INFO [1229/2500] ac7df42b-4a39-46bf-a3bd-25f776eaa575: valid; 2.2 s; peak memory 11808 MiB.
2026-10-08T20:06:27Z INFO [1230/2500] ac7e3036-38c2-412b-875b-495535e8ee51: valid; 15.2 s; peak memory 11808 MiB.
2026-10-08T20:06:29Z INFO [1231/2500] ac7e7213-d652-4c92-81ff-ab303528653c: not valid; 1.7 s; peak memory 11808 MiB.
2026-10-08T20:06:37Z INFO [1232/2500] ac7e8fef-2d94-4c56-acbb-33dc3d3cb435: valid; 8.2 s; peak memory 11808 MiB.
2026-10-08T20:06:39Z WARNING ac7f1d31-aedc-4563-97b8-cd6468b02c36: failed while opening the NWB file (ConstructError: (root/acquisition/_iblmic_audioSpectrogram/bands GroupBuilder {'attributes': {'colnames': array(['freq'], dtype=object), 'description': 'spectogram frequencies', 'namespace': 'core', 'neurodata_type': 'FrequencyBandsTable', 'object_id': 'd83d2550-42f3-4e71-b279-a99568bd6cc6'}, 'groups': {}, 'datasets': {'freq': root/acquisition/_iblmic_audioSpectrogram/bands/freq DatasetBuilder {'attributes': {'description': 'frequency value', 'namespace': 'hdmf-common', 'neurodata_type': 'VectorData', 'object_id': 'c701c1b5-361b-424b-9e9b-d37cacc4f49b'}, 'data': <HDF5 dataset "freq": shape (257,), type "<f4">}, 'id': root/acquisition/_iblmic_audioSpectrogram/bands/id DatasetBuilder {'attributes': {'namespace': 'hdmf-common', 'neurodata_type': 'ElementIdentifiers', 'object_id': 'ad21a394-8988-4c44-a118-80da03b14347'}, 'data': <HDF5 dataset "id": shape (257,), type "<i4">}}, 'links': {}}, "Could not construct FrequencyBandsTable object due to: column must have the same number of rows as 'id'"))
2026-10-08T20:06:41Z INFO [1234/2500] ac7f7ffe-d473-4895-b6ac-893719c28e83: valid; 2.2 s; peak memory 11808 MiB.
2026-10-08T20:06:43Z INFO [1235/2500] ac8033b7-0f4b-49a1-9f0c-49aadfd58263: not valid; 1.7 s; peak memory 11808 MiB.
2026-10-08T20:06:46Z INFO [1236/2500] ac804588-35f8-4536-854f-e5ac848dc95a: valid; 3.2 s; peak memory 11808 MiB.
2026-10-08T20:06:49Z INFO [1237/2500] ac80c81f-df99-4655-8e7c-dd4277dd0faa: valid; 3.0 s; peak memory 11808 MiB.
2026-10-08T20:06:53Z INFO [1238/2500] ac81cf1c-dbab-4489-aae8-f44f6d0161ac: valid; 4.2 s; peak memory 11808 MiB.
2026-10-08T20:06:56Z INFO [1239/2500] ac825a69-8bf7-4b98-8de5-3444ead8322c: not valid; 2.6 s; peak memory 11808 MiB.
2026-10-08T20:06:58Z INFO [1240/2500] ac82a188-ce6a-4414-a026-c2e8c7dc39fc: not valid; 1.8 s; peak memory 11808 MiB.
2026-10-08T20:06:59Z INFO [1241/2500] ac82df3f-c1ef-4b67-a442-d58a8123cc4a: valid; 1.4 s; peak memory 11808 MiB.
2026-10-08T20:07:08Z INFO [1242/2500] ac835f8b-683e-4355-a557-e963581a0424: valid; 8.9 s; peak memory 11808 MiB.
2026-10-08T20:09:47Z INFO [1243/2500] ac84dcd6-8182-41e7-a029-9824a55e48d7: not valid; 159.3 s; peak memory 11808 MiB.
2026-10-08T20:09:48Z INFO [1244/2500] ac850afc-71af-4921-8992-c2ede6a2389d: valid; 1.3 s; peak memory 11808 MiB.
2026-10-08T20:09:50Z INFO [1245/2500] ac85672c-554a-4bb9-b775-a42e65a90643: valid; 1.5 s; peak memory 11808 MiB.
2026-10-08T20:09:52Z INFO [1246/2500] ac85e2ee-592f-49bb-8ced-67133a1235ac: valid; 2.2 s; peak memory 11808 MiB.
2026-10-08T20:09:54Z INFO [1247/2500] ac85e76a-66c6-46fb-8745-54aa6071809c: valid; 2.1 s; peak memory 11808 MiB.
2026-10-08T20:10:11Z INFO [1248/2500] ac860d66-def1-45c2-94da-7095a1381b57: not valid; 16.7 s; peak memory 11808 MiB.
2026-10-08T20:10:13Z INFO [1249/2500] ac871f8d-77a3-44ae-93b9-0307647bd989: valid; 1.4 s; peak memory 11808 MiB.
2026-10-08T20:10:14Z INFO [1250/2500] ac87dd8a-00bb-4335-bb70-829ccfe84da7: not valid; 1.7 s; peak memory 11808 MiB.
2026-10-08T20:10:15Z INFO [1250/2500] ac87dd8a-00bb-4335-bb70-829ccfe84da7: checkpointed 177260 new records.
2026-10-08T20:10:17Z INFO [1251/2500] ac87e8f7-3e8d-40b1-b3c9-deaf71c9848b: valid; 1.6 s; peak memory 11808 MiB.
2026-10-08T20:10:18Z INFO [1252/2500] ac885d31-8ae5-4563-b3e8-ee6d4c9bdf42: not valid; 1.0 s; peak memory 11808 MiB.
2026-10-08T20:10:19Z INFO [1253/2500] ac887f82-18c7-499f-a976-6806d7625a7c: valid; 1.4 s; peak memory 11808 MiB.
2026-10-08T20:10:28Z INFO [1254/2500] ac895706-d768-489f-92d9-5b4f50a1474c: valid; 9.0 s; peak memory 11808 MiB.
2026-10-08T20:10:31Z INFO [1255/2500] ac8a5618-49b6-43ce-beb2-fd2300204a46: not valid; 2.3 s; peak memory 11808 MiB.
2026-10-08T20:10:33Z INFO [1256/2500] ac8b08bf-9864-4ca0-8036-16fb2fbfcd80: not valid; 1.9 s; peak memory 11808 MiB.
2026-10-08T20:10:33Z WARNING ac8b5947-47f2-43ef-8f8c-57386397ebfa: failed while retrieving asset information from the DANDI API (NotFoundError: No asset at path 'sub-LG445/sub-LG445_ses-20250324_obj-ez4y66_ophys.nwb' in version 0.260915.2135. Verify the path is correct and the asset exists in this version. Use 'dandi ls' to list available assets.)
2026-10-08T20:10:34Z INFO [1258/2500] ac8b7a5f-07c7-4d4e-bb00-6d839c384cf9: valid; 1.4 s; peak memory 11808 MiB.
2026-10-08T20:10:36Z INFO [1259/2500] ac8bc963-f828-4481-b6d7-fbff5a94cb9f: not valid; 2.1 s; peak memory 11808 MiB.
2026-10-08T20:10:48Z INFO [1260/2500] ac8c3fb4-3b5e-43e0-b711-66bc91ab6f83: valid; 11.7 s; peak memory 11808 MiB.
2026-10-08T20:10:49Z INFO [1261/2500] ac8e4b41-10ca-49e0-9458-f8abf586df84: valid; 1.6 s; peak memory 11808 MiB.
2026-10-08T20:10:52Z INFO [1262/2500] ac8f55ec-fda9-4eaa-b437-325e5fea9c1f: not valid; 2.8 s; peak memory 11808 MiB.
2026-10-08T20:10:56Z INFO [1263/2500] ac9116e9-5b82-4f6c-9f9b-cc87824f5aa2: valid; 3.4 s; peak memory 11808 MiB.
2026-10-08T20:10:58Z INFO [1264/2500] ac914e2f-88d0-4ea8-9910-d224e1ef8cac: not valid; 2.1 s; peak memory 11808 MiB.
2026-10-08T20:11:00Z INFO [1265/2500] ac92c03d-5285-4b75-a9c9-542558210e17: valid; 2.2 s; peak memory 11808 MiB.
2026-10-08T20:11:03Z INFO [1266/2500] ac92d944-d75f-4b4e-b47a-7bbf6d172668: valid; 2.9 s; peak memory 11808 MiB.
2026-10-08T20:11:05Z INFO [1267/2500] ac9328e7-4232-4a08-82b6-8fcf293dc9fe: not valid; 2.2 s; peak memory 11808 MiB.
2026-10-08T20:11:06Z INFO [1268/2500] ac93a78c-5069-47ac-be0a-0fec6b5e5cf8: valid; 1.3 s; peak memory 11808 MiB.
2026-10-08T20:11:08Z INFO [1269/2500] ac93be75-a7b4-40b5-b6b0-14bcdebf1af3: not valid; 1.6 s; peak memory 11808 MiB.
2026-10-08T20:11:11Z INFO [1270/2500] ac93c179-c869-40ab-93dd-82463d92dc4d: valid; 3.0 s; peak memory 11808 MiB.
2026-10-08T20:11:13Z INFO [1271/2500] ac93e98f-3853-472f-b8bf-806647977cd4: valid; 2.2 s; peak memory 11808 MiB.
2026-10-08T20:11:15Z INFO [1272/2500] ac94c202-5bb3-47c9-b72c-c04b474662a8: valid; 1.4 s; peak memory 11808 MiB.
2026-10-08T20:11:16Z INFO [1273/2500] ac94ee76-ff78-4c0e-8433-6db2f4e1d165: valid; 1.3 s; peak memory 11808 MiB.
2026-10-08T20:11:19Z INFO [1274/2500] ac954783-2f02-45f7-abe1-22e8ccb11cb8: valid; 2.8 s; peak memory 11808 MiB.
2026-10-08T20:11:21Z INFO [1275/2500] ac9557fa-eb23-4077-8355-5b60e1ccc395: valid; 2.9 s; peak memory 11808 MiB.
2026-10-08T20:11:23Z INFO [1276/2500] ac9582f7-36d7-4bc4-abb0-37551f9072f2: valid; 1.6 s; peak memory 11808 MiB.
2026-10-08T20:11:26Z INFO [1277/2500] ac95ebf4-4ca7-4b4a-a9df-bd63641e9b76: valid; 2.8 s; peak memory 11808 MiB.
2026-10-08T20:11:27Z INFO [1278/2500] ac96646e-c3e1-4efe-b235-a49d284cbd29: valid; 1.6 s; peak memory 11808 MiB.
2026-10-08T20:11:29Z INFO [1279/2500] ac96b77c-b98d-45ed-a465-6fdb87159ab0: valid; 1.5 s; peak memory 11808 MiB.
2026-10-08T20:11:31Z INFO [1280/2500] ac971253-60b8-48e7-93d7-64699c97ba3d: valid; 1.7 s; peak memory 11808 MiB.
2026-10-08T20:11:32Z INFO [1281/2500] ac97efed-f808-411a-958c-87e9000ff068: valid; 1.6 s; peak memory 11808 MiB.
2026-10-08T20:11:35Z INFO [1282/2500] ac9898b3-98d1-4335-8fcc-64f722a43890: valid; 3.0 s; peak memory 11808 MiB.
2026-10-08T20:11:38Z INFO [1283/2500] ac9917e2-a184-4444-a0a6-f0631bdce833: valid; 2.8 s; peak memory 11808 MiB.
2026-10-08T20:11:40Z INFO [1284/2500] ac993c2b-76ef-4cac-8db2-284b0327a6d1: not valid; 2.0 s; peak memory 11808 MiB.
2026-10-08T20:11:42Z INFO [1285/2500] ac999ec5-4161-439f-8cf8-4197c534c235: valid; 2.2 s; peak memory 11808 MiB.
2026-10-08T20:11:44Z INFO [1286/2500] ac99bfe1-b069-4543-82a3-6ae83b380d63: valid; 1.5 s; peak memory 11808 MiB.
2026-10-08T20:11:48Z INFO [1287/2500] ac9a4809-2c8b-4144-9762-262ec77a06be: valid; 3.7 s; peak memory 11808 MiB.
2026-10-08T20:11:50Z INFO [1288/2500] ac9add8b-c0aa-4aaf-96c6-6de8c3d7479a: valid; 2.6 s; peak memory 11808 MiB.
2026-10-08T20:12:09Z INFO [1289/2500] ac9b4be5-3f0c-42a8-9643-da09fccd4e22: valid; 19.1 s; peak memory 11808 MiB.
2026-10-08T20:12:11Z INFO [1290/2500] ac9b849d-3728-41cc-aab1-d2ba67bd83af: valid; 1.5 s; peak memory 11808 MiB.
2026-10-08T20:12:14Z INFO [1291/2500] ac9b8e2a-6c37-4386-a941-42386b03fffd: valid; 3.1 s; peak memory 11808 MiB.
2026-10-08T20:12:30Z INFO [1292/2500] ac9bfb02-1763-4b1d-9baf-0f03a3e14855: not valid; 16.3 s; peak memory 11808 MiB.
2026-10-08T20:12:31Z INFO [1293/2500] ac9c0259-f50a-4949-a634-b4377b5738cf: valid; 1.1 s; peak memory 11808 MiB.
2026-10-08T20:12:33Z INFO [1294/2500] ac9c0c05-16c1-408f-be35-d874be08a0c6: valid; 1.4 s; peak memory 11808 MiB.
2026-10-08T20:12:34Z INFO [1295/2500] ac9e50f9-31a7-428a-b97d-1c5b3417942e: valid; 1.4 s; peak memory 11808 MiB.
2026-10-08T20:12:35Z INFO [1296/2500] ac9ef993-b818-4b3a-8dd1-f9b58ebf4f5c: valid; 1.3 s; peak memory 11808 MiB.
2026-10-08T20:12:38Z INFO [1297/2500] ac9f8e03-43ac-478d-b002-31dd4554a6f1: not valid; 2.2 s; peak memory 11808 MiB.
2026-10-08T20:12:39Z INFO [1298/2500] aca06e06-9a69-4571-9be0-6f24a392a133: valid; 1.4 s; peak memory 11808 MiB.
2026-10-08T20:12:41Z INFO [1299/2500] aca07b3e-f791-449b-a5cd-007ca36cc580: valid; 1.6 s; peak memory 11808 MiB.
2026-10-08T20:12:43Z INFO [1300/2500] aca0d4ac-0d57-4c92-aef0-1f935bebf60f: valid; 2.0 s; peak memory 11808 MiB.
2026-10-08T20:12:44Z INFO [1300/2500] aca0d4ac-0d57-4c92-aef0-1f935bebf60f: checkpointed 177310 new records.
2026-10-08T20:12:46Z INFO [1301/2500] aca0e4b4-d60a-43a7-ba9b-feead1a9ce72: not valid; 2.2 s; peak memory 11808 MiB.
2026-10-08T20:12:50Z INFO [1302/2500] aca2834d-690a-4c8d-a9b1-037bfe7cf1c2: not valid; 4.5 s; peak memory 11808 MiB.
2026-10-08T20:12:53Z INFO [1303/2500] aca2eda4-3384-4029-bec6-450e1b595bd0: valid; 2.1 s; peak memory 11808 MiB.
2026-10-08T20:12:54Z INFO [1304/2500] aca2fb84-c7fe-488f-af44-0210e49f0394: valid; 1.4 s; peak memory 11808 MiB.
2026-10-08T20:12:56Z INFO [1305/2500] aca3255c-1526-4d9e-92b3-5207ee180b6c: valid; 1.8 s; peak memory 11808 MiB.
2026-10-08T20:13:01Z INFO [1306/2500] aca43521-4040-4b93-a2c3-0392cfa2b5c4: valid; 5.5 s; peak memory 11808 MiB.
2026-10-08T20:13:04Z INFO [1307/2500] aca44d55-c279-4358-bb9c-2c79041c46e4: valid; 2.6 s; peak memory 11808 MiB.
2026-10-08T20:13:06Z INFO [1308/2500] aca4cbfc-9e51-4277-bf16-577429b84f4b: valid; 1.6 s; peak memory 11808 MiB.
2026-10-08T20:13:07Z INFO [1309/2500] aca4f41d-9995-462c-ad87-7302c0c0cf64: not valid; 1.8 s; peak memory 11808 MiB.
2026-10-08T20:13:09Z INFO [1310/2500] aca56992-f726-4d14-b9d7-0e0e5e80fbe2: valid; 2.1 s; peak memory 11808 MiB.
2026-10-08T20:13:12Z INFO [1311/2500] aca5733b-58fa-4633-ad3d-82d21c813c3e: valid; 3.2 s; peak memory 11808 MiB.
2026-10-08T20:13:13Z WARNING aca6c6c2-55a3-42eb-a0cc-ee22d54fbeb1: failed while retrieving asset information from the DANDI API (NotFoundError: No asset at path 'sub-R4/sub-R4_ses-20190824T210000_behavior+ophys.nwb' in version 0.260415.1712. Verify the path is correct and the asset exists in this version. Use 'dandi ls' to list available assets.)
2026-10-08T20:13:15Z WARNING aca704b2-7528-4ca9-968e-b971b6e51d28: failed while opening the NWB file (ConstructError: (root/acquisition/_iblmic_audioSpectrogram/bands GroupBuilder {'attributes': {'colnames': array(['freq'], dtype=object), 'description': 'spectogram frequencies', 'namespace': 'core', 'neurodata_type': 'FrequencyBandsTable', 'object_id': '3582d0ad-e2a6-4ca2-ac7e-31cb44d930fd'}, 'groups': {}, 'datasets': {'freq': root/acquisition/_iblmic_audioSpectrogram/bands/freq DatasetBuilder {'attributes': {'description': 'frequency value', 'namespace': 'hdmf-common', 'neurodata_type': 'VectorData', 'object_id': 'd4dc1d82-ee32-43d2-b8d2-31bb5115dbf3'}, 'data': <HDF5 dataset "freq": shape (257,), type "<f4">}, 'id': root/acquisition/_iblmic_audioSpectrogram/bands/id DatasetBuilder {'attributes': {'namespace': 'hdmf-common', 'neurodata_type': 'ElementIdentifiers', 'object_id': '4d884cc4-d5d5-48c0-8de6-1e45c6a1e087'}, 'data': <HDF5 dataset "id": shape (257,), type "<i4">}}, 'links': {}}, "Could not construct FrequencyBandsTable object due to: column must have the same number of rows as 'id'"))
2026-10-08T20:13:16Z INFO [1314/2500] aca70dd4-2ca2-4f3c-a079-ee5f783ae7c1: valid; 1.5 s; peak memory 11808 MiB.
2026-10-08T20:13:19Z INFO [1315/2500] aca79b7d-15d1-4c33-a65e-855aff6d6fa6: not valid; 2.9 s; peak memory 11808 MiB.
2026-10-08T20:13:22Z INFO [1316/2500] aca7bd2a-510a-484a-b58d-3a64701354ce: not valid; 2.4 s; peak memory 11808 MiB.
2026-10-08T20:13:25Z INFO [1317/2500] aca8085a-f974-46ad-92d0-ff6209d605f2: valid; 3.1 s; peak memory 11808 MiB.
2026-10-08T20:13:32Z INFO [1318/2500] aca88718-3614-4b7d-8d57-6659ae87cd35: valid; 7.5 s; peak memory 11808 MiB.
2026-10-08T20:13:35Z INFO [1319/2500] aca94393-9be1-4a58-b13c-3d17f4f6b720: valid; 3.0 s; peak memory 11808 MiB.
2026-10-08T20:13:37Z INFO [1320/2500] aca98138-efcd-4a13-b653-32863b19683f: valid; 2.2 s; peak memory 11808 MiB.
2026-10-08T20:13:41Z INFO [1321/2500] aca99d77-5832-467c-8f37-a84ca8cd0639: not valid; 3.5 s; peak memory 11808 MiB.
2026-10-08T20:13:44Z INFO [1322/2500] aca9cb2c-1071-4c41-aaa7-b8f88e318b6c: valid; 3.3 s; peak memory 11808 MiB.
2026-10-08T20:13:45Z INFO [1323/2500] acaa6cd6-b367-4fd0-aba1-e962c8c24846: valid; 1.3 s; peak memory 11808 MiB.
2026-10-08T20:13:47Z INFO [1324/2500] acaa8439-1dc7-4cbc-86de-e8ae8a05715e: not valid; 1.8 s; peak memory 11808 MiB.
2026-10-08T20:14:01Z INFO [1325/2500] acaac74c-953d-401e-bc72-097d749b8576: valid; 13.7 s; peak memory 11808 MiB.
2026-10-08T20:14:02Z INFO [1326/2500] acaacad6-f178-4c4e-98c3-73595a0a8e34: valid; 1.5 s; peak memory 11808 MiB.
2026-10-08T20:14:05Z INFO [1327/2500] acac217e-9a80-4bd4-808b-c18015e2630e: valid; 2.4 s; peak memory 11808 MiB.
2026-10-08T20:14:06Z INFO [1328/2500] acacefdc-bbbd-4982-8e2d-d7be8f316e4c: valid; 1.4 s; peak memory 11808 MiB.
2026-10-08T20:14:10Z INFO [1329/2500] acad4ba6-fb7e-46ed-a3a5-5d737043f81a: not valid; 4.4 s; peak memory 11808 MiB.
2026-10-08T20:14:12Z INFO [1330/2500] acad9763-3cd4-48ad-8f3b-a9733894bab6: valid; 1.3 s; peak memory 11808 MiB.
2026-10-08T20:14:15Z INFO [1331/2500] acae582e-f25a-4435-ae0d-b21feac5f6e9: valid; 2.8 s; peak memory 11808 MiB.
2026-10-08T20:14:17Z INFO [1332/2500] acae91e0-4440-4319-a2d9-7a14c47caa11: not valid; 2.9 s; peak memory 11808 MiB.
2026-10-08T20:14:21Z INFO [1333/2500] acaf4b4b-ca00-4898-9b17-dd01d3680444: valid; 3.4 s; peak memory 11808 MiB.
2026-10-08T20:14:45Z INFO [1334/2500] acaf56cc-33d5-421f-9f1b-31bae27f63b0: valid; 23.8 s; peak memory 11808 MiB.
2026-10-08T20:14:46Z INFO [1335/2500] acaf90be-3f7c-400d-b50b-ae47972662cc: valid; 1.5 s; peak memory 11808 MiB.
2026-10-08T20:14:49Z INFO [1336/2500] acafd4f9-f39f-44c1-815c-6b025ace94bc: valid; 2.4 s; peak memory 11808 MiB.
2026-10-08T20:14:54Z INFO [1337/2500] acb03ad9-1fde-4f34-8b90-75ef24bc66b9: valid; 5.7 s; peak memory 11808 MiB.
2026-10-08T20:15:07Z INFO [1338/2500] acb10480-087a-44be-bf10-c008290f1f59: valid; 12.7 s; peak memory 11808 MiB.
2026-10-08T20:15:09Z INFO [1339/2500] acb130ed-ad77-4624-bb09-926f2fc1fe12: not valid; 1.6 s; peak memory 11808 MiB.
2026-10-08T20:15:10Z INFO [1340/2500] acb1e267-9c31-4709-a45f-5d5aa99a573b: valid; 1.3 s; peak memory 11808 MiB.
2026-10-08T20:15:11Z INFO [1341/2500] acb1f8ff-c75e-48a0-a18a-a8de5217df9d: valid; 1.4 s; peak memory 11808 MiB.
2026-10-08T20:15:13Z INFO [1342/2500] acb2cb57-cea9-4e87-91e8-1eec7780430a: not valid; 1.6 s; peak memory 11808 MiB.
2026-10-08T20:15:22Z INFO [1343/2500] acb306ee-909b-48a2-8f31-beaeffc06cfe: valid; 8.7 s; peak memory 11808 MiB.
2026-10-08T20:15:24Z INFO [1344/2500] acb34dd0-bc12-4a9d-a415-17bef85b9025: not valid; 2.8 s; peak memory 11808 MiB.
2026-10-08T20:15:26Z INFO [1345/2500] acb38f37-c184-49ed-8b00-18c5ab1c4158: valid; 1.4 s; peak memory 11808 MiB.
2026-10-08T20:15:27Z INFO [1346/2500] acb3c40a-c00b-413d-8831-3a33e4971161: valid; 1.6 s; peak memory 11808 MiB.
2026-10-08T20:15:29Z INFO [1347/2500] acb3df57-e253-4bfb-bd66-cd01204c49c1: valid; 1.5 s; peak memory 11808 MiB.
2026-10-08T20:15:30Z WARNING acb4052c-ffaa-4589-bef8-562c40e6d4ab: failed while opening the NWB file (ConstructError: (root/acquisition/event_code_meanings GroupBuilder {'attributes': {'colnames': array(['value', 'meaning'], dtype=object), 'description': 'Mapping integer event codes to event labels', 'namespace': 'ndx-events', 'neurodata_type': 'MeaningsTable', 'object_id': 'ee3b1e64-af7f-4fdc-97b4-08e4d28d08b1'}, 'groups': {}, 'datasets': {'id': root/acquisition/event_code_meanings/id DatasetBuilder {'attributes': {'namespace': 'hdmf-common', 'neurodata_type': 'ElementIdentifiers', 'object_id': '0ecc88b9-b4cb-4fbb-b5f9-3f8a4d7321b8'}, 'data': <HDF5 dataset "id": shape (26,), type "<i8">}, 'meaning': root/acquisition/event_code_meanings/meaning DatasetBuilder {'attributes': {'description': 'The meaning of the value in the parent CategoricalVectorData object.', 'namespace': 'hdmf-experimental', 'neurodata_type': 'VectorData', 'object_id': 'acfb8c3a-5fc2-4aab-8c19-2275e03c6924'}, 'data': <StrDataset for HDF5 dataset "meaning": shape (26,), type "|O">}, 'value': root/acquisition/event_code_meanings/value DatasetBuilder {'attributes': {'description': 'The value of the parent CategoricalVectorData object.', 'namespace': 'hdmf-experimental', 'neurodata_type': 'VectorData', 'object_id': 'b285651a-faa5-4c32-8a01-fd0c05e0d000'}, 'data': <HDF5 dataset "value": shape (26,), type "<i8">}}, 'links': {}}, "Could not construct MeaningsTable object due to: MeaningsTable.__init__: missing argument 'target'"))
2026-10-08T20:15:32Z INFO [1349/2500] acb42637-ca97-4810-8a52-1df05bfd3a90: valid; 1.6 s; peak memory 11808 MiB.
2026-10-08T20:15:36Z INFO [1350/2500] acb457ee-2ae6-4814-9cc9-904cbd532eb4: not valid; 4.4 s; peak memory 11808 MiB.
2026-10-08T20:15:38Z INFO [1350/2500] acb457ee-2ae6-4814-9cc9-904cbd532eb4: checkpointed 177360 new records.
2026-10-08T20:15:39Z INFO [1351/2500] acb48fe0-90eb-4f37-8cd0-077e096a7157: valid; 1.4 s; peak memory 11808 MiB.
2026-10-08T20:15:41Z INFO [1352/2500] acb5bd29-a92b-4038-b0a5-86f0a760c028: not valid; 1.7 s; peak memory 11808 MiB.
2026-10-08T20:15:43Z INFO [1353/2500] acb5d597-34aa-47c3-a2a4-2471f2e45468: valid; 1.8 s; peak memory 11808 MiB.
2026-10-08T20:15:45Z INFO [1354/2500] acb64326-c938-4b1d-90d9-522d93dd1d4c: not valid; 2.2 s; peak memory 11808 MiB.
2026-10-08T20:15:47Z INFO [1355/2500] acb64deb-6ad2-4ef0-a51c-d65527fa477b: not valid; 1.9 s; peak memory 11808 MiB.
2026-10-08T20:15:49Z INFO [1356/2500] acb67ef0-d94c-482c-a01b-957de14a81c8: valid; 2.0 s; peak memory 11808 MiB.
2026-10-08T20:16:29Z INFO [1357/2500] acb773c2-5624-4810-9e0e-d86f916dd1fd: valid; 40.5 s; peak memory 11808 MiB.
2026-10-08T20:16:31Z INFO [1358/2500] acb7a9e0-3e42-4dd3-b958-832e6fbded9a: valid; 1.6 s; peak memory 11808 MiB.
2026-10-08T20:16:33Z INFO [1359/2500] acb7e9dc-a68c-46da-a88c-6859a1d60b77: valid; 2.1 s; peak memory 11808 MiB.
2026-10-08T20:16:36Z INFO [1360/2500] acb86ca7-b904-4c68-a7bc-82c9060df5b5: valid; 3.1 s; peak memory 11808 MiB.
2026-10-08T20:16:38Z WARNING acb88096-e5a8-4636-a7f0-27a7c8272707: failed while opening the NWB file (ConstructError: (root/acquisition/_iblmic_audioSpectrogram/bands GroupBuilder {'attributes': {'colnames': array(['freq'], dtype=object), 'description': 'spectogram frequencies', 'namespace': 'core', 'neurodata_type': 'FrequencyBandsTable', 'object_id': 'b3f8a50f-8842-4c4c-afe4-2c2f18d5366f'}, 'groups': {}, 'datasets': {'freq': root/acquisition/_iblmic_audioSpectrogram/bands/freq DatasetBuilder {'attributes': {'description': 'frequency value', 'namespace': 'hdmf-common', 'neurodata_type': 'VectorData', 'object_id': 'c5062584-76bc-48d2-b2f0-34ace79b6516'}, 'data': <HDF5 dataset "freq": shape (257,), type "<f4">}, 'id': root/acquisition/_iblmic_audioSpectrogram/bands/id DatasetBuilder {'attributes': {'namespace': 'hdmf-common', 'neurodata_type': 'ElementIdentifiers', 'object_id': 'dca236e1-f7dc-469e-a700-d44b62a38216'}, 'data': <HDF5 dataset "id": shape (257,), type "<i4">}}, 'links': {}}, "Could not construct FrequencyBandsTable object due to: column must have the same number of rows as 'id'"))
2026-10-08T20:16:40Z INFO [1362/2500] acb89b57-028d-4e99-a636-8cf2bddcc37c: valid; 2.3 s; peak memory 11808 MiB.
2026-10-08T20:16:42Z INFO [1363/2500] acb8cea1-7fdc-42a0-a6e2-1bd74926290f: valid; 1.1 s; peak memory 11808 MiB.
2026-10-08T20:16:42Z WARNING acb91bb3-fd0f-4f2f-8025-b1a4abc815b9: failed while retrieving asset information from the DANDI API (NotFoundError: No asset at path 'sub-ZS060/sub-ZS060_ses-behavior-ZS060-2021-04-24-18-50-00.nwb' in version 0.260928.2230. Verify the path is correct and the asset exists in this version. Use 'dandi ls' to list available assets.)
2026-10-08T20:16:43Z INFO [1365/2500] acb963c4-8643-4f7b-a40e-dd0d85a7f67d: valid; 1.5 s; peak memory 11808 MiB.
2026-10-08T20:16:45Z INFO [1366/2500] acb99b3c-eb38-43d0-a945-f1288e255cb2: valid; 1.6 s; peak memory 11808 MiB.
2026-10-08T20:16:46Z INFO [1367/2500] acba725c-9140-43d6-aab2-229f8a53cd10: valid; 1.6 s; peak memory 11808 MiB.
2026-10-08T20:16:48Z INFO [1368/2500] acbb7188-9a37-4e00-a95e-c0c94dc903fb: valid; 1.5 s; peak memory 11808 MiB.
2026-10-08T20:16:50Z INFO [1369/2500] acbba0a9-cb8e-4efe-aeb4-430996b8fbee: not valid; 2.2 s; peak memory 11808 MiB.
2026-10-08T20:16:53Z INFO [1370/2500] acbcb2b2-d2d4-4301-852a-3ee112f4e922: valid; 2.8 s; peak memory 11808 MiB.
2026-10-08T20:16:55Z INFO [1371/2500] acbcf215-0935-41b3-9926-9572aa44e965: not valid; 1.7 s; peak memory 11808 MiB.
2026-10-08T20:17:00Z INFO [1372/2500] acbcf294-a003-4506-97d5-4bcf1f15d8a8: valid; 4.9 s; peak memory 11808 MiB.
2026-10-08T20:17:00Z WARNING acbd7d25-1ac0-407b-8799-56c115c5306e: failed while retrieving asset information from the DANDI API (NotFoundError: No asset at path 'sub-754895/sub-754895_ses-behavior-754895-2025-01-02-15-15-18.nwb' in version 0.260928.2230. Verify the path is correct and the asset exists in this version. Use 'dandi ls' to list available assets.)
2026-10-08T20:17:02Z INFO [1374/2500] acbe41d1-3a24-460f-a627-0a93c8fc6d67: valid; 1.9 s; peak memory 11808 MiB.
2026-10-08T20:17:10Z INFO [1375/2500] acbe95e9-4271-4e02-8da6-496ccbedcb83: not valid; 8.4 s; peak memory 11808 MiB.
2026-10-08T20:17:15Z INFO [1376/2500] acbede8e-98e2-45ce-bacb-a7ada4b1b927: valid; 5.2 s; peak memory 11808 MiB.
2026-10-08T20:18:17Z INFO [1377/2500] acbf72d6-d4cf-42f9-bd79-7d2f834db66f: valid; 61.4 s; peak memory 11808 MiB.
2026-10-08T20:18:20Z INFO [1378/2500] acbf7fb0-ace4-4c17-bb5e-4e8f40b31978: not valid; 3.8 s; peak memory 11808 MiB.
2026-10-08T20:18:29Z INFO [1379/2500] acbfe5a9-b70a-43ef-a4ec-ec808b7e2516: valid; 8.9 s; peak memory 11808 MiB.
2026-10-08T20:18:31Z INFO [1380/2500] acc08296-a81a-4d46-bc2d-d2a2526e8a45: valid; 1.8 s; peak memory 11808 MiB.
2026-10-08T20:18:33Z INFO [1381/2500] acc089cc-6fd2-456f-8b5d-14a57a8d8813: valid; 2.3 s; peak memory 11808 MiB.
2026-10-08T20:18:35Z INFO [1382/2500] acc0abdf-8071-40a9-9f17-29c4c66eccc8: valid; 1.5 s; peak memory 11808 MiB.
2026-10-08T20:18:36Z INFO [1383/2500] acc1241b-b974-407d-87d8-31226bb3f9a8: valid; 1.3 s; peak memory 11808 MiB.
2026-10-08T20:18:45Z INFO [1384/2500] acc1aa91-c626-4dc9-8a3b-f6dcda400eef: not valid; 8.9 s; peak memory 11808 MiB.
2026-10-08T20:18:49Z INFO [1385/2500] acc310c5-87a2-4e95-a467-a63a18e0e789: valid; 3.3 s; peak memory 11808 MiB.
2026-10-08T20:18:51Z INFO [1386/2500] acc39d96-06b1-451e-8a55-f91c87d286b9: valid; 2.3 s; peak memory 11808 MiB.
2026-10-08T20:18:56Z INFO [1387/2500] acc3b92d-cf7a-468c-ab53-ff42804a634c: valid; 4.8 s; peak memory 11808 MiB.
2026-10-08T20:19:04Z INFO [1388/2500] acc4e583-53ce-4d36-9729-58662f11d157: valid; 8.6 s; peak memory 11808 MiB.
2026-10-08T20:19:07Z INFO [1389/2500] acc53cd2-e6ce-4d50-892c-f6bf2b47baaf: valid; 2.6 s; peak memory 11808 MiB.
2026-10-08T20:19:09Z INFO [1390/2500] acc56bf2-e8aa-4972-aa37-8ef2b19cd2d9: valid; 2.7 s; peak memory 11808 MiB.
2026-10-08T20:19:11Z INFO [1391/2500] acc5c5f0-8e05-4801-ad6d-3ac0d4012f7a: valid; 1.5 s; peak memory 11808 MiB.
2026-10-08T20:19:12Z INFO [1392/2500] acc5e9ee-b7a4-4efe-84c0-4bb2f56b63f6: valid; 1.4 s; peak memory 11808 MiB.
2026-10-08T20:19:14Z INFO [1393/2500] acc5efae-0c2e-4b8e-bd42-396f0fb1f1c5: not valid; 2.1 s; peak memory 11808 MiB.
2026-10-08T20:19:29Z INFO [1394/2500] acc69556-e2a7-430e-937d-d53fd0ef64c8: valid; 14.8 s; peak memory 11808 MiB.
2026-10-08T20:19:33Z INFO [1395/2500] acc6f5a6-b1a3-47f8-a473-637e1777290c: not valid; 3.9 s; peak memory 11808 MiB.
2026-10-08T20:19:35Z INFO [1396/2500] acc7166a-77df-4e5c-81b9-84fcac687e07: valid; 1.6 s; peak memory 11808 MiB.
2026-10-08T20:19:49Z INFO [1397/2500] acc72d81-4d62-419c-af6f-74225935c1b0: valid; 14.8 s; peak memory 11808 MiB.
2026-10-08T20:19:51Z INFO [1398/2500] acc761b4-45b2-4b83-a5ee-7af813589cd6: valid; 1.5 s; peak memory 11808 MiB.
2026-10-08T20:19:53Z INFO [1399/2500] acc7ee25-2953-4d14-9aa7-121b596ee5c4: not valid; 2.1 s; peak memory 11808 MiB.
2026-10-08T20:19:55Z INFO [1400/2500] acc87464-59e2-4df7-9aac-ca930020a39b: not valid; 1.9 s; peak memory 11808 MiB.
2026-10-08T20:19:56Z INFO [1400/2500] acc87464-59e2-4df7-9aac-ca930020a39b: checkpointed 177410 new records.
2026-10-08T20:20:13Z INFO [1401/2500] acc8dc4d-3150-4fed-aeae-a2b0d3ee6fa8: valid; 17.1 s; peak memory 11808 MiB.
2026-10-08T20:20:15Z INFO [1402/2500] acc93698-1fa6-4d9f-8797-991521e06a6a: valid; 1.7 s; peak memory 11808 MiB.
2026-10-08T20:20:17Z INFO [1403/2500] acc93825-77aa-4b58-9ed8-f7d9e93e0c70: valid; 2.3 s; peak memory 11808 MiB.
2026-10-08T20:20:19Z INFO [1404/2500] acc9e961-374e-4f40-ae73-0db9bf8d2415: valid; 1.5 s; peak memory 11808 MiB.
2026-10-08T20:20:21Z INFO [1405/2500] acc9fcd1-94bf-4157-ae65-1433f09c8ffb: not valid; 1.7 s; peak memory 11808 MiB.
2026-10-08T20:20:43Z INFO [1406/2500] accb5eee-c4e6-4fd9-bcd2-56d36ccc3a01: not valid; 22.1 s; peak memory 11808 MiB.
2026-10-08T20:20:47Z INFO [1407/2500] accc3e04-786e-4f6d-8693-3de9315457f1: not valid; 4.6 s; peak memory 11808 MiB.
2026-10-08T20:20:49Z INFO [1408/2500] accca2ef-7a42-4cee-b279-c32cb6da7459: valid; 2.1 s; peak memory 11808 MiB.
2026-10-08T20:20:50Z WARNING acccb267-2e2b-408c-a4b2-814fbf42f219: failed while retrieving asset information from the DANDI API (NotFoundError: No asset at path 'sub-EPCNHP2/sub-EPCNHP2_ses-2020-08-31-002_ecephys.nwb' in version 0.240701.1903. Verify the path is correct and the asset exists in this version. Use 'dandi ls' to list available assets.)
2026-10-08T20:20:52Z INFO [1410/2500] accdde1f-d599-4dce-8820-145d425f2fbc: valid; 2.5 s; peak memory 11808 MiB.
2026-10-08T20:20:55Z INFO [1411/2500] acce1774-6579-4dbb-9fef-dab1d72cc55e: valid; 3.1 s; peak memory 11808 MiB.
2026-10-08T20:20:56Z INFO [1412/2500] acce2ebf-f871-4cc6-822f-9d70564906ad: valid; 1.0 s; peak memory 11808 MiB.
2026-10-08T20:20:58Z INFO [1413/2500] acce7ad5-f36b-4298-b796-5a98825626ed: not valid; 1.6 s; peak memory 11808 MiB.
2026-10-08T20:20:59Z INFO [1414/2500] acce8435-b7e5-4865-90bd-b89529f3dc48: valid; 1.4 s; peak memory 11808 MiB.
2026-10-08T20:21:01Z INFO [1415/2500] acceea26-dc88-4991-a51e-6c68ac99a798: valid; 2.1 s; peak memory 11808 MiB.
2026-10-08T20:21:04Z INFO [1416/2500] acd052f5-3bea-4e03-875f-f49b635be81d: valid; 2.6 s; peak memory 11808 MiB.
2026-10-08T20:21:05Z INFO [1417/2500] acd0ea88-f6d8-43ee-a7a1-4ccaa71c1f54: valid; 1.2 s; peak memory 11808 MiB.
2026-10-08T20:21:09Z INFO [1418/2500] acd23dcd-2555-46f4-8a33-990a6417c1a3: not valid; 4.3 s; peak memory 11808 MiB.
2026-10-08T20:21:11Z INFO [1419/2500] acd24c49-3f28-412b-9a7f-0ce6e6a70ce5: valid; 1.2 s; peak memory 11808 MiB.
2026-10-08T20:21:12Z INFO [1420/2500] acd2520c-350e-4688-80bc-3c3171f75017: valid; 1.5 s; peak memory 11808 MiB.
2026-10-08T20:21:15Z WARNING acd2549c-bb2f-4a07-8b18-9141ff54ecf4: failed while opening the NWB file (ConstructError: (root/general/optogenetics/PatternedOptogeneticStimulusSite GroupBuilder {'attributes': {'effector': 'GUR-3/PRDX-2', 'namespace': 'ndx-patterned-ogen', 'neurodata_type': 'PatternedOptogeneticStimulusSite', 'object_id': 'c2acfd0c-de7c-4066-86c6-38ccb55a4780'}, 'groups': {}, 'datasets': {'description': root/general/optogenetics/PatternedOptogeneticStimulusSite/description DatasetBuilder {'attributes': {}, 'data': 'Scanning'}, 'excitation_lambda': root/general/optogenetics/PatternedOptogeneticStimulusSite/excitation_lambda DatasetBuilder {'attributes': {}, 'data': np.float64(850.0)}, 'location': root/general/optogenetics/PatternedOptogeneticStimulusSite/location DatasetBuilder {'attributes': {}, 'data': 'whole brain'}}, 'links': {'device': root/general/optogenetics/PatternedOptogeneticStimulusSite/device LinkBuilder {'builder': root/general/devices/OptogeneticDevice GroupBuilder {'attributes': {'description': '', 'namespace': 'core', 'neurodata_type': 'Device', 'object_id': 'c6b0e8d8-2c8c-432f-9860-c27f3b935e94'}, 'groups': {}, 'datasets': {}, 'links': {}}}, 'light_source': root/general/optogenetics/PatternedOptogeneticStimulusSite/light_source LinkBuilder {'builder': root/general/devices/AmplifiedLaser GroupBuilder {'attributes': {'description': 'For two-photon optogenetic targeting, we used an optical parametric amplifier (OPA; Light Conversion ORPHEUS) pumped by a femtosecond amplified laser (Light Conversion PHAROS).', 'filter_description': 'Short pass at 1040 nm', 'manufacturer': 'Light Conversion', 'model': 'ORPHEUS amplifier and PHAROS laser', 'namespace': 'ndx-patterned-ogen', 'neurodata_type': 'LightSource', 'object_id': '3c24e729-2c6c-4abb-a029-6a0db62ed568', 'peak_power_in_W': np.float64(0.0012), 'pulse_rate_in_Hz': np.float64(500000.0), 'stimulation_wavelength_in_nm': np.float64(850.0)}, 'groups': {}, 'datasets': {}, 'links': {}}}}}, "Could not construct PatternedOptogeneticStimulusSite object due to: CustomClassGenerator.set_init.<locals>.__init__: incorrect type for 'spatial_light_modulator' (got 'list', expected 'Device')"))
2026-10-08T20:21:18Z INFO [1422/2500] acd3033d-d19f-4d6e-a5e0-7dff9053fd10: valid; 2.9 s; peak memory 11808 MiB.
2026-10-08T20:21:20Z INFO [1423/2500] acd343ce-873b-4408-907b-90f89f0272c9: valid; 1.9 s; peak memory 11808 MiB.
2026-10-08T20:21:22Z INFO [1424/2500] acd354d6-8bb4-45ee-9921-f8bb71fe604c: valid; 1.7 s; peak memory 11808 MiB.
2026-10-08T20:21:24Z INFO [1425/2500] acd3a31d-05fb-4e39-90d3-418d6c526d36: valid; 2.5 s; peak memory 11808 MiB.
2026-10-08T20:21:26Z INFO [1426/2500] acd44eb9-78b1-44c1-b2dc-ea9979ee7cee: valid; 1.5 s; peak memory 11808 MiB.
2026-10-08T20:21:27Z INFO [1427/2500] acd4f907-fafc-44df-be2f-33276b5a437f: valid; 1.6 s; peak memory 11808 MiB.
2026-10-08T20:21:57Z INFO [1428/2500] acd52a9b-c911-4e13-96f3-e04c23454bdd: valid; 29.4 s; peak memory 11808 MiB.
2026-10-08T20:21:59Z WARNING acd56241-a9e5-456a-b3d4-674bc633c10a: failed while opening the NWB file (ConstructError: (root/acquisition/_iblmic_audioSpectrogram/bands GroupBuilder {'attributes': {'colnames': array(['freq'], dtype=object), 'description': 'spectogram frequencies', 'namespace': 'core', 'neurodata_type': 'FrequencyBandsTable', 'object_id': '7e6071a1-1ee0-4d18-8b5e-fc505f91e1e0'}, 'groups': {}, 'datasets': {'freq': root/acquisition/_iblmic_audioSpectrogram/bands/freq DatasetBuilder {'attributes': {'description': 'frequency value', 'namespace': 'hdmf-common', 'neurodata_type': 'VectorData', 'object_id': 'fbe95428-043b-4a70-a248-6234e76423d5'}, 'data': <HDF5 dataset "freq": shape (257,), type "<f4">}, 'id': root/acquisition/_iblmic_audioSpectrogram/bands/id DatasetBuilder {'attributes': {'namespace': 'hdmf-common', 'neurodata_type': 'ElementIdentifiers', 'object_id': '74c12d3a-05fa-4721-8558-9eacedb611eb'}, 'data': <HDF5 dataset "id": shape (257,), type "<i4">}}, 'links': {}}, "Could not construct FrequencyBandsTable object due to: column must have the same number of rows as 'id'"))
2026-10-08T20:22:11Z INFO [1430/2500] acd5a84e-6286-4a2e-9c96-ba6c29468e75: valid; 12.4 s; peak memory 11808 MiB.
2026-10-08T20:22:17Z INFO [1431/2500] acd5a907-0dbe-420d-899c-56af0705e027: valid; 5.3 s; peak memory 11808 MiB.
2026-10-08T20:22:19Z INFO [1432/2500] acd5eb1f-ba4a-4dac-8c3d-b668d156d355: valid; 2.6 s; peak memory 11808 MiB.
2026-10-08T20:22:21Z INFO [1433/2500] acd6644d-eed5-40e8-a5bb-02afaf273576: valid; 1.4 s; peak memory 11808 MiB.
2026-10-08T20:22:23Z INFO [1434/2500] acd66c76-7138-4802-bbdc-31f7b844d2c9: not valid; 2.1 s; peak memory 11808 MiB.
2026-10-08T20:22:39Z INFO [1435/2500] acd6f91a-e704-4190-9468-e600462cb12d: valid; 16.6 s; peak memory 11808 MiB.
2026-10-08T20:22:41Z INFO [1436/2500] acd79148-78e0-48b8-8c32-231c27ba7c8b: valid; 2.0 s; peak memory 11808 MiB.
2026-10-08T20:22:44Z WARNING acd7ea34-9b12-414e-b317-81eefe647442: failed while opening the NWB file (ConstructError: (root/acquisition/_iblmic_audioSpectrogram/bands GroupBuilder {'attributes': {'colnames': array(['freq'], dtype=object), 'description': 'spectogram frequencies', 'namespace': 'core', 'neurodata_type': 'FrequencyBandsTable', 'object_id': 'ebde3f9c-56dc-48ee-92f9-32473f342e28'}, 'groups': {}, 'datasets': {'freq': root/acquisition/_iblmic_audioSpectrogram/bands/freq DatasetBuilder {'attributes': {'description': 'frequency value', 'namespace': 'hdmf-common', 'neurodata_type': 'VectorData', 'object_id': '4abee189-f3ba-4a3f-a99b-a693795991f6'}, 'data': <HDF5 dataset "freq": shape (257,), type "<f4">}, 'id': root/acquisition/_iblmic_audioSpectrogram/bands/id DatasetBuilder {'attributes': {'namespace': 'hdmf-common', 'neurodata_type': 'ElementIdentifiers', 'object_id': 'a94bf909-2458-43ce-afb3-dd72a1ba45bd'}, 'data': <HDF5 dataset "id": shape (257,), type "<i4">}}, 'links': {}}, "Could not construct FrequencyBandsTable object due to: column must have the same number of rows as 'id'"))
2026-10-08T20:22:45Z INFO [1438/2500] acd8012e-7187-4b84-9e3c-2b165f68c907: not valid; 1.8 s; peak memory 11808 MiB.
2026-10-08T20:22:48Z INFO [1439/2500] acd8cdcb-76df-4e05-8258-f6642b646c7d: valid; 2.6 s; peak memory 11808 MiB.
2026-10-08T20:22:51Z INFO [1440/2500] acd93062-0387-4f08-a515-07afd9075596: valid; 3.2 s; peak memory 11808 MiB.
2026-10-08T20:23:04Z INFO [1441/2500] acd9d460-4a27-4f6d-9557-e78eb4988de5: valid; 13.2 s; peak memory 11808 MiB.
2026-10-08T20:23:06Z INFO [1442/2500] acdac5f1-149d-468d-a683-443de4b42722: valid; 1.3 s; peak memory 11808 MiB.
2026-10-08T20:23:07Z INFO [1443/2500] acdb6154-f58d-453f-a839-1fea2ad58387: valid; 1.6 s; peak memory 11808 MiB.
2026-10-08T20:23:09Z INFO [1444/2500] acdc06e0-9772-4397-ac27-236e48b7bcdb: valid; 1.8 s; peak memory 11808 MiB.
2026-10-08T20:23:12Z INFO [1445/2500] acdc140a-8f85-435f-9330-492b0b416e4e: valid; 2.7 s; peak memory 11808 MiB.
2026-10-08T20:23:15Z INFO [1446/2500] acdc4b35-740a-4cb8-80f3-cd1403b4141a: valid; 3.2 s; peak memory 11808 MiB.
2026-10-08T20:23:17Z INFO [1447/2500] acdce374-5115-4ee0-a047-82e13a813af1: valid; 2.5 s; peak memory 11808 MiB.
2026-10-08T20:23:22Z INFO [1448/2500] acddbb5f-c51a-400c-99de-b8ae674cf1b9: valid; 4.7 s; peak memory 11808 MiB.
2026-10-08T20:23:25Z INFO [1449/2500] acde9bff-4239-4a3e-b094-f4d3c26b45af: valid; 3.0 s; peak memory 11808 MiB.
2026-10-08T20:23:27Z INFO [1450/2500] acdee4ee-5917-4630-8fae-37f5e9ad44d4: valid; 2.2 s; peak memory 11808 MiB.
2026-10-08T20:23:29Z INFO [1450/2500] acdee4ee-5917-4630-8fae-37f5e9ad44d4: checkpointed 177460 new records.
2026-10-08T20:23:30Z INFO [1451/2500] acdf492d-5ac1-4ba0-be73-574194691ffb: valid; 1.6 s; peak memory 11808 MiB.
2026-10-08T20:23:33Z INFO [1452/2500] acdfb8d9-c900-4c7c-977f-827ee22aabde: valid; 2.6 s; peak memory 11808 MiB.
2026-10-08T20:23:42Z INFO [1453/2500] acdfdb95-df71-49f0-aeb7-549a6ccf3f62: valid; 9.5 s; peak memory 11808 MiB.
2026-10-08T20:23:44Z INFO [1454/2500] ace064d5-04fe-4e90-b73b-38b867e3828d: valid; 2.2 s; peak memory 11808 MiB.
2026-10-08T20:23:46Z INFO [1455/2500] ace1726b-15aa-4dd9-806a-be464fab173c: valid; 1.2 s; peak memory 11808 MiB.
2026-10-08T20:23:47Z INFO [1456/2500] ace2057d-f739-4da0-8b16-88130abd5b13: valid; 1.2 s; peak memory 11808 MiB.
2026-10-08T20:23:49Z INFO [1457/2500] ace228d2-e9f1-4dfe-8ff0-52b79ced1ec6: valid; 1.7 s; peak memory 11808 MiB.
2026-10-08T20:23:50Z INFO [1458/2500] ace2b179-bd07-4c39-9579-1235997db1a6: not valid; 1.9 s; peak memory 11808 MiB.
2026-10-08T20:23:52Z INFO [1459/2500] ace33ba8-0d62-42a3-9f9d-450eb59786a2: valid; 1.6 s; peak memory 11808 MiB.
2026-10-08T20:23:55Z INFO [1460/2500] ace39120-7d8d-4b3f-98d7-fed1d02b3f94: valid; 2.6 s; peak memory 11808 MiB.
2026-10-08T20:23:56Z INFO [1461/2500] ace39351-1ff4-484d-aee3-02590b37fec9: valid; 1.5 s; peak memory 11808 MiB.
2026-10-08T20:23:59Z INFO [1462/2500] ace3e926-376a-4d87-8d3a-2fe530501de6: valid; 2.7 s; peak memory 11808 MiB.
2026-10-08T20:24:00Z INFO [1463/2500] ace3fc3f-ab5b-4eb5-8c5f-aea748629bcf: valid; 1.5 s; peak memory 11808 MiB.
2026-10-08T20:24:02Z INFO [1464/2500] ace44838-ac84-4436-b671-cf106094ecbd: valid; 1.6 s; peak memory 11808 MiB.
2026-10-08T20:24:04Z INFO [1465/2500] ace468b4-73aa-42e2-bd90-5098919600b2: valid; 1.5 s; peak memory 11808 MiB.
2026-10-08T20:24:06Z INFO [1466/2500] ace4d199-6081-4b92-917e-57fb0056b783: valid; 2.3 s; peak memory 11808 MiB.
2026-10-08T20:24:08Z INFO [1467/2500] ace52a64-4159-4539-93ae-86985f60cc12: valid; 2.2 s; peak memory 11808 MiB.
2026-10-08T20:24:09Z INFO [1468/2500] ace55469-c940-4363-80f4-2f6107620736: valid; 1.5 s; peak memory 11808 MiB.
2026-10-08T20:24:13Z INFO [1469/2500] ace5a0d0-caa6-420d-80fd-bb9943af3d4d: valid; 3.4 s; peak memory 11808 MiB.
2026-10-08T20:24:14Z INFO [1470/2500] ace60319-a87f-4724-ace1-a6a9c092da95: valid; 1.4 s; peak memory 11808 MiB.
2026-10-08T20:24:16Z INFO [1471/2500] ace61c11-7ae5-4a13-8ff5-1e84f82352b4: valid; 1.5 s; peak memory 11808 MiB.
2026-10-08T20:24:18Z INFO [1472/2500] ace6ba87-1b95-43fc-8da8-6f49ab5d51c7: valid; 2.0 s; peak memory 11808 MiB.
2026-10-08T20:24:18Z WARNING ace7bac7-ec53-4373-b6dd-c3c502360a8e: failed while retrieving asset information from the DANDI API (NotFoundError: No asset at path 'sub-22/sub-22_ses-1_behavior+ecephys.nwb' in version 0.260702.0824. Verify the path is correct and the asset exists in this version. Use 'dandi ls' to list available assets.)
2026-10-08T20:24:20Z INFO [1474/2500] ace8614c-4387-4559-956d-8a46a9abc5e3: valid; 2.1 s; peak memory 11808 MiB.
2026-10-08T20:24:22Z INFO [1475/2500] ace8ee4f-2aa8-481b-a9a4-8ac117360a49: valid; 2.2 s; peak memory 11808 MiB.
2026-10-08T20:24:38Z INFO [1476/2500] acea69a2-853b-4f93-bd49-59e38534bcbd: valid; 16.3 s; peak memory 11808 MiB.
2026-10-08T20:24:40Z INFO [1477/2500] aceb2170-7c56-40e4-9be1-cb4fe81f6cab: valid; 1.4 s; peak memory 11808 MiB.
2026-10-08T20:24:41Z INFO [1478/2500] acebcc4a-208d-44c1-8ee9-4ec3038954e3: valid; 1.4 s; peak memory 11808 MiB.
2026-10-08T20:24:43Z INFO [1479/2500] acebfd58-6893-4fc5-a927-238134d863e8: valid; 1.5 s; peak memory 11808 MiB.
2026-10-08T20:24:44Z INFO [1480/2500] acec950d-9ad3-4a4d-b251-135c6924f1b9: valid; 1.4 s; peak memory 11808 MiB.
2026-10-08T20:24:50Z INFO [1481/2500] aced5273-08fb-49d2-8b82-6c892a4f9e4b: valid; 5.9 s; peak memory 11808 MiB.
2026-10-08T20:24:54Z INFO [1482/2500] aceda2ae-c572-45ed-8cbb-fcbe3ed56611: valid; 4.1 s; peak memory 11808 MiB.
2026-10-08T20:24:56Z INFO [1483/2500] acedb187-f891-4655-aea6-5f1fbf9904fb: not valid; 1.8 s; peak memory 11808 MiB.
2026-10-08T20:24:58Z INFO [1484/2500] acee4c73-6cad-4cf9-9b54-eebd3ccd6bd0: valid; 2.3 s; peak memory 11808 MiB.
2026-10-08T20:24:59Z INFO [1485/2500] acee7f1f-6e92-4ea7-8b21-aa80c6a3603c: valid; 1.2 s; peak memory 11808 MiB.
2026-10-08T20:25:02Z INFO [1486/2500] aceeb414-3750-408a-bc91-b941737e9b7c: valid; 2.8 s; peak memory 11808 MiB.
2026-10-08T20:25:05Z INFO [1487/2500] acef751e-5d29-49b3-add6-028547c1acbb: valid; 3.2 s; peak memory 11808 MiB.
2026-10-08T20:25:22Z INFO [1488/2500] acefb279-b40a-4bc0-9007-dbfaf08ff5d5: valid; 16.9 s; peak memory 11808 MiB.
2026-10-08T20:25:45Z INFO [1489/2500] acefb789-e43f-4885-a6df-1c8f849a1e25: valid; 22.3 s; peak memory 11808 MiB.
2026-10-08T20:25:47Z INFO [1490/2500] acefe667-f5e1-497d-9766-ab961e2a8e9e: valid; 2.8 s; peak memory 11808 MiB.
2026-10-08T20:25:49Z INFO [1491/2500] aceff186-27d9-4d51-b791-e18520faf0b0: not valid; 1.7 s; peak memory 11808 MiB.
2026-10-08T20:25:52Z INFO [1492/2500] acf026d6-0f2c-47e7-8a96-59e57b5e90bd: valid; 2.7 s; peak memory 11808 MiB.
2026-10-08T20:25:54Z INFO [1493/2500] acf0775f-2e63-4e57-896c-e5ed3644f5e1: not valid; 1.9 s; peak memory 11808 MiB.
2026-10-08T20:26:03Z INFO [1494/2500] acf0b42a-6df7-40f2-b9fd-57e70ce01154: valid; 9.6 s; peak memory 11808 MiB.
2026-10-08T20:26:11Z INFO [1495/2500] acf0bbe3-eaf5-4bd4-8182-f3e6b2d21bd8: valid; 8.2 s; peak memory 11808 MiB.
2026-10-08T20:26:27Z INFO [1496/2500] acf0f68f-2c48-4d56-8162-b8b5a17df67d: valid; 15.3 s; peak memory 11808 MiB.
2026-10-08T20:26:28Z INFO [1497/2500] acf12f9b-141d-4e84-b8f6-387a25523734: valid; 1.7 s; peak memory 11808 MiB.
2026-10-08T20:26:31Z INFO [1498/2500] acf15b41-77d3-470c-a054-d2cbf8467902: not valid; 2.5 s; peak memory 11808 MiB.
2026-10-08T20:26:33Z INFO [1499/2500] acf1717d-7ecd-46d7-9e0d-cd8521532683: not valid; 1.7 s; peak memory 11808 MiB.
2026-10-08T20:26:36Z INFO [1500/2500] acf1ea9e-9b86-499e-800c-2c669037a84e: valid; 3.3 s; peak memory 11808 MiB.
2026-10-08T20:26:37Z INFO [1500/2500] acf1ea9e-9b86-499e-800c-2c669037a84e: checkpointed 177510 new records.
2026-10-08T20:26:39Z WARNING acf21c32-40a1-4f5d-a2e9-d5ad17b4eb8d: failed while opening the NWB file (ConstructError: (root/acquisition/_iblmic_audioSpectrogram/bands GroupBuilder {'attributes': {'colnames': array(['freq'], dtype=object), 'description': 'spectogram frequencies', 'namespace': 'core', 'neurodata_type': 'FrequencyBandsTable', 'object_id': '95cc621f-e6e4-4457-bba0-6dffd3aa7ca7'}, 'groups': {}, 'datasets': {'freq': root/acquisition/_iblmic_audioSpectrogram/bands/freq DatasetBuilder {'attributes': {'description': 'frequency value', 'namespace': 'hdmf-common', 'neurodata_type': 'VectorData', 'object_id': 'f308008f-dcd8-4b3c-b435-ca14917d233b'}, 'data': <HDF5 dataset "freq": shape (257,), type "<f4">}, 'id': root/acquisition/_iblmic_audioSpectrogram/bands/id DatasetBuilder {'attributes': {'namespace': 'hdmf-common', 'neurodata_type': 'ElementIdentifiers', 'object_id': '7cb07bd1-5997-4e83-a6dd-6c29adffcbc6'}, 'data': <HDF5 dataset "id": shape (257,), type "<i4">}}, 'links': {}}, "Could not construct FrequencyBandsTable object due to: column must have the same number of rows as 'id'"))
2026-10-08T20:26:42Z INFO [1502/2500] acf2296e-65ee-49ac-b265-05559261dd8c: valid; 2.3 s; peak memory 11808 MiB.
2026-10-08T20:26:43Z INFO [1503/2500] acf267b1-68f2-41a5-9463-784af243c799: valid; 1.2 s; peak memory 11808 MiB.
2026-10-08T20:26:45Z INFO [1504/2500] acf32382-4725-42c2-8159-b57ea7c3647b: valid; 1.6 s; peak memory 11808 MiB.
2026-10-08T20:26:45Z WARNING acf32db5-05e4-46fd-9be5-4668cf16a6a8: failed while retrieving asset information from the DANDI API (NotFoundError: No asset at path 'sub-ZS062/sub-ZS062_ses-behavior-ZS062-2021-05-06-15-46-14.nwb' in version 0.260928.2230. Verify the path is correct and the asset exists in this version. Use 'dandi ls' to list available assets.)
2026-10-08T20:26:47Z INFO [1506/2500] acf433fb-ff57-4445-9330-19c33618ce97: valid; 2.0 s; peak memory 11808 MiB.
2026-10-08T20:26:49Z INFO [1507/2500] acf4c420-25cc-4ed2-92ac-15ff5a8323b4: valid; 2.4 s; peak memory 11808 MiB.
2026-10-08T20:26:51Z INFO [1508/2500] acf4e22c-2847-4490-a49e-50468e83158d: not valid; 1.6 s; peak memory 11808 MiB.
2026-10-08T20:26:52Z INFO [1509/2500] acf583a3-e27f-401c-a12e-3ca8553cbe1f: not valid; 1.8 s; peak memory 11808 MiB.
2026-10-08T20:26:54Z INFO [1510/2500] acf5a938-efa2-476b-85b0-5fbb25d9ff2d: valid; 1.6 s; peak memory 11808 MiB.
2026-10-08T20:26:56Z INFO [1511/2500] acf5bb88-9282-4fa3-96db-eef0b018c371: valid; 2.3 s; peak memory 11808 MiB.
2026-10-08T20:27:02Z INFO [1512/2500] acf5d11a-dae7-403b-81c1-3799f98e7714: valid; 6.0 s; peak memory 11808 MiB.
2026-10-08T20:27:05Z INFO [1513/2500] acf617f4-be91-4b68-aaf1-a66f65f8448a: valid; 2.4 s; peak memory 11808 MiB.
2026-10-08T20:27:09Z INFO [1514/2500] acf6f68c-75fc-43a9-899f-17ca20b66ca4: valid; 3.9 s; peak memory 11808 MiB.
2026-10-08T20:27:09Z WARNING acf76bba-4d0f-4fd2-932f-a88411fffc76: failed while retrieving asset information from the DANDI API (NotFoundError: No asset at path 'sub-R6/sub-R6_ses-20200208T210000_behavior+ophys.nwb' in version 0.260415.1712. Verify the path is correct and the asset exists in this version. Use 'dandi ls' to list available assets.)
2026-10-08T20:27:10Z INFO [1516/2500] acf771ef-1aa5-4804-ac11-ce339a7fd15b: valid; 1.6 s; peak memory 11808 MiB.
2026-10-08T20:27:13Z INFO [1517/2500] acf78d39-465c-41c1-98b8-0ac2bd5898e3: valid; 2.7 s; peak memory 11808 MiB.
2026-10-08T20:27:15Z WARNING acf7914b-2af1-4d7f-a381-859288a81eea: failed while opening the NWB file (ConstructError: (root/acquisition/event_code_meanings GroupBuilder {'attributes': {'colnames': array(['value', 'meaning'], dtype=object), 'description': 'Mapping integer event codes to event labels', 'namespace': 'ndx-events', 'neurodata_type': 'MeaningsTable', 'object_id': '011892b4-676c-47e7-9789-3028f585b9a7'}, 'groups': {}, 'datasets': {'id': root/acquisition/event_code_meanings/id DatasetBuilder {'attributes': {'namespace': 'hdmf-common', 'neurodata_type': 'ElementIdentifiers', 'object_id': '6f171e7f-a759-43e3-9ae7-477ffe6fefb0'}, 'data': <HDF5 dataset "id": shape (26,), type "<i8">}, 'meaning': root/acquisition/event_code_meanings/meaning DatasetBuilder {'attributes': {'description': 'The meaning of the value in the parent CategoricalVectorData object.', 'namespace': 'hdmf-experimental', 'neurodata_type': 'VectorData', 'object_id': 'e40fb1f2-8d70-4b3f-a4ec-3f703a806bf7'}, 'data': <StrDataset for HDF5 dataset "meaning": shape (26,), type "|O">}, 'value': root/acquisition/event_code_meanings/value DatasetBuilder {'attributes': {'description': 'The value of the parent CategoricalVectorData object.', 'namespace': 'hdmf-experimental', 'neurodata_type': 'VectorData', 'object_id': '247622f9-415a-4655-979a-54c316038572'}, 'data': <HDF5 dataset "value": shape (26,), type "<i8">}}, 'links': {}}, "Could not construct MeaningsTable object due to: MeaningsTable.__init__: missing argument 'target'"))
2026-10-08T20:27:26Z INFO [1519/2500] acf795a9-6449-4b46-b8e6-8cace52c8a7e: valid; 11.1 s; peak memory 11808 MiB.
2026-10-08T20:27:28Z INFO [1520/2500] acf7d323-a613-488c-9269-be99ac32d315: valid; 2.3 s; peak memory 11808 MiB.
2026-10-08T20:27:31Z INFO [1521/2500] acf92d59-e5cf-43ff-806e-a83634690af1: valid; 3.1 s; peak memory 11808 MiB.
2026-10-08T20:27:36Z INFO [1522/2500] acf96fa7-8dd8-43bb-95de-1d462c51810a: not valid; 5.3 s; peak memory 11808 MiB.
2026-10-08T20:27:38Z INFO [1523/2500] acf98319-dbbc-4848-9032-98ccaf3cff15: valid; 1.5 s; peak memory 11808 MiB.
2026-10-08T20:27:51Z INFO [1524/2500] acf9f497-140b-44a8-afb5-3c58b0deb7d7: valid; 12.7 s; peak memory 11808 MiB.
2026-10-08T20:27:55Z INFO [1525/2500] acf9f894-e220-496b-a492-d797d8707589: valid; 4.7 s; peak memory 11808 MiB.
2026-10-08T20:27:57Z INFO [1526/2500] acfa0734-ea08-48f1-aa1d-152a955595fe: valid; 1.3 s; peak memory 11808 MiB.
2026-10-08T20:27:59Z WARNING acfa8458-e91b-4292-b046-e696b883d636: failed while opening the NWB file (ConstructError: (root/acquisition/_iblmic_audioSpectrogram/bands GroupBuilder {'attributes': {'colnames': array(['freq'], dtype=object), 'description': 'spectogram frequencies', 'namespace': 'core', 'neurodata_type': 'FrequencyBandsTable', 'object_id': '5340cd30-1504-432c-b0c8-2fde8dd6af42'}, 'groups': {}, 'datasets': {'freq': root/acquisition/_iblmic_audioSpectrogram/bands/freq DatasetBuilder {'attributes': {'description': 'frequency value', 'namespace': 'hdmf-common', 'neurodata_type': 'VectorData', 'object_id': 'b953791a-82ac-4321-b155-dc495f792b2b'}, 'data': <HDF5 dataset "freq": shape (257,), type "<f4">}, 'id': root/acquisition/_iblmic_audioSpectrogram/bands/id DatasetBuilder {'attributes': {'namespace': 'hdmf-common', 'neurodata_type': 'ElementIdentifiers', 'object_id': '31371a91-7e81-4304-97a5-825966d24970'}, 'data': <HDF5 dataset "id": shape (257,), type "<i4">}}, 'links': {}}, "Could not construct FrequencyBandsTable object due to: column must have the same number of rows as 'id'"))
2026-10-08T20:28:01Z INFO [1528/2500] acfba614-dcbf-4535-8029-0bd89c86fc6d: not valid; 1.7 s; peak memory 11808 MiB.
2026-10-08T20:28:02Z INFO [1529/2500] acfc435d-687d-44a0-9019-68b4a2b9af77: valid; 1.2 s; peak memory 11808 MiB.
2026-10-08T20:28:07Z INFO [1530/2500] acfc7e3e-6ffb-4100-b520-5d8cc43bdf81: valid; 5.3 s; peak memory 11808 MiB.
2026-10-08T20:28:14Z INFO [1531/2500] acfc9684-800e-4f7d-9fe3-fc1b1094d6a5: valid; 6.5 s; peak memory 11808 MiB.
2026-10-08T20:28:27Z INFO [1532/2500] acfcee36-9e5e-4a02-990d-028f8dde11ee: valid; 13.9 s; peak memory 11808 MiB.
2026-10-08T20:28:30Z INFO [1533/2500] acfd3014-3239-4458-907d-c7558ef02d29: valid; 2.2 s; peak memory 11808 MiB.
2026-10-08T20:28:34Z INFO [1534/2500] acfd466e-7e14-4bf8-8c7a-80c6511bb2dd: not valid; 4.8 s; peak memory 11808 MiB.
2026-10-08T20:28:37Z WARNING acfe5ffd-29d7-416f-a654-f6d7a51a49a6: failed while opening the NWB file (ConstructError: (root/acquisition/_iblmic_audioSpectrogram/bands GroupBuilder {'attributes': {'colnames': array(['freq'], dtype=object), 'description': 'spectogram frequencies', 'namespace': 'core', 'neurodata_type': 'FrequencyBandsTable', 'object_id': '653d18de-1a11-459f-add4-75e924d68ff6'}, 'groups': {}, 'datasets': {'freq': root/acquisition/_iblmic_audioSpectrogram/bands/freq DatasetBuilder {'attributes': {'description': 'frequency value', 'namespace': 'hdmf-common', 'neurodata_type': 'VectorData', 'object_id': 'bfbaead1-c4a0-46de-84db-a77e9738b067'}, 'data': <HDF5 dataset "freq": shape (257,), type "<f4">}, 'id': root/acquisition/_iblmic_audioSpectrogram/bands/id DatasetBuilder {'attributes': {'namespace': 'hdmf-common', 'neurodata_type': 'ElementIdentifiers', 'object_id': 'f7af563f-e012-401f-b908-e0dea3a1eaa2'}, 'data': <HDF5 dataset "id": shape (257,), type "<i4">}}, 'links': {}}, "Could not construct FrequencyBandsTable object due to: column must have the same number of rows as 'id'"))
2026-10-08T20:28:37Z WARNING acfe8410-a47f-441a-9cc2-e561d0022dfa: failed while retrieving asset information from the DANDI API (NotFoundError: No asset at path 'sub-749472/sub-749472_ses-behavior-749472-2025-01-09-13-56-02.nwb' in version 0.260928.2230. Verify the path is correct and the asset exists in this version. Use 'dandi ls' to list available assets.)
2026-10-08T20:28:38Z INFO [1537/2500] acff20f1-dec1-4d2c-923b-c15e01dfd883: valid; 1.4 s; peak memory 11808 MiB.
2026-10-08T20:28:40Z INFO [1538/2500] acff3a1c-e386-43b1-8d5d-5c944bca3348: not valid; 2.1 s; peak memory 11808 MiB.
2026-10-08T20:28:43Z INFO [1539/2500] ad000350-d07a-4ce9-b2ad-d70d72d9f923: not valid; 2.8 s; peak memory 11808 MiB.
2026-10-08T20:28:45Z INFO [1540/2500] ad0011ad-db6a-44af-bf53-26488fe9dbc6: valid; 2.4 s; peak memory 11808 MiB.
2026-10-08T20:28:48Z INFO [1541/2500] ad0020e1-0b8c-4c29-8310-5b94ea2f9082: valid; 2.4 s; peak memory 11808 MiB.
2026-10-08T20:28:49Z INFO [1542/2500] ad003640-01fd-4a71-a870-ad12b711b4e6: not valid; 1.6 s; peak memory 11808 MiB.
2026-10-08T20:28:52Z INFO [1543/2500] ad00763d-cdbc-494c-af44-895b2d4ade85: not valid; 2.1 s; peak memory 11808 MiB.
2026-10-08T20:29:00Z INFO [1544/2500] ad00dab5-30f6-4b1c-b107-6bb1948d2022: valid; 8.3 s; peak memory 11808 MiB.
2026-10-08T20:29:08Z INFO [1545/2500] ad010dd2-394c-4d6e-93f4-ae89ece4bdc7: valid; 8.4 s; peak memory 11808 MiB.
2026-10-08T20:29:10Z INFO [1546/2500] ad013e31-ac05-43be-ade7-b5d74afd198c: valid; 1.5 s; peak memory 11808 MiB.
2026-10-08T20:29:33Z INFO [1547/2500] ad014443-d944-44eb-8407-b3a1a43360e8: valid; 23.0 s; peak memory 11808 MiB.
2026-10-08T20:29:38Z INFO [1548/2500] ad01478b-670b-4e2d-ba2b-a8857c8b6bb5: not valid; 5.1 s; peak memory 11808 MiB.
2026-10-08T20:29:40Z INFO [1549/2500] ad016caf-0b70-4bcd-aea0-5bee0b977a5f: valid; 2.2 s; peak memory 11808 MiB.
2026-10-08T20:29:40Z WARNING ad017e8d-ebd5-415c-9eb8-b25a1c05d8e5: failed while retrieving asset information from the DANDI API (NotFoundError: No asset at path 'sub-parkinson-simulated-beta/sub-parkinson-simulated-beta_ses-6042_ecephys.nwb' in version 0.250327.2220. Verify the path is correct and the asset exists in this version. Use 'dandi ls' to list available assets.)
2026-10-08T20:29:41Z INFO [1550/2500] ad017e8d-ebd5-415c-9eb8-b25a1c05d8e5: checkpointed 177560 new records.
2026-10-08T20:29:48Z INFO [1551/2500] ad01b664-29a5-4c97-8b67-e99d9036d0ac: valid; 6.6 s; peak memory 11808 MiB.
2026-10-08T20:29:52Z INFO [1552/2500] ad0305ea-37db-47b1-8a16-4a2d38929003: valid; 4.4 s; peak memory 11808 MiB.
2026-10-08T20:29:59Z INFO [1553/2500] ad03627c-ec95-4bc0-89e0-378ccd072129: not valid; 6.4 s; peak memory 11808 MiB.
2026-10-08T20:30:01Z INFO [1554/2500] ad03c445-5419-4f12-9dbc-671db2ba9f9f: valid; 2.1 s; peak memory 11808 MiB.
2026-10-08T20:30:03Z INFO [1555/2500] ad042459-4c11-4979-aba6-6e5447c599c3: not valid; 1.8 s; peak memory 11808 MiB.
2026-10-08T20:30:05Z INFO [1556/2500] ad047179-bcf6-49a3-b78f-b616ae6a5273: not valid; 2.0 s; peak memory 11808 MiB.
2026-10-08T20:30:07Z WARNING ad052d8f-f264-46ac-9b4c-48855453d40f: failed while opening the NWB file (ConstructError: (root/acquisition/_iblmic_audioSpectrogram/bands GroupBuilder {'attributes': {'colnames': array(['freq'], dtype=object), 'description': 'spectogram frequencies', 'namespace': 'core', 'neurodata_type': 'FrequencyBandsTable', 'object_id': 'c789fba2-416b-4d2f-b5b2-97e966f031dc'}, 'groups': {}, 'datasets': {'freq': root/acquisition/_iblmic_audioSpectrogram/bands/freq DatasetBuilder {'attributes': {'description': 'frequency value', 'namespace': 'hdmf-common', 'neurodata_type': 'VectorData', 'object_id': '39aa5bd5-90fb-4113-8e7b-a254a5784a2f'}, 'data': <HDF5 dataset "freq": shape (257,), type "<f4">}, 'id': root/acquisition/_iblmic_audioSpectrogram/bands/id DatasetBuilder {'attributes': {'namespace': 'hdmf-common', 'neurodata_type': 'ElementIdentifiers', 'object_id': '3a74d3d3-6419-4fbd-b79f-516b4b38d1a7'}, 'data': <HDF5 dataset "id": shape (257,), type "<i4">}}, 'links': {}}, "Could not construct FrequencyBandsTable object due to: column must have the same number of rows as 'id'"))
2026-10-08T20:30:16Z INFO [1558/2500] ad0592b8-3fa3-4015-9861-cc5a1a4d8657: valid; 9.3 s; peak memory 11808 MiB.
2026-10-08T20:30:18Z INFO [1559/2500] ad05f7a6-8f1c-486d-912b-8af3e91cd539: valid; 1.4 s; peak memory 11808 MiB.
2026-10-08T20:30:19Z INFO [1560/2500] ad06313f-0073-40c3-a25a-35eb2e0a805b: valid; 1.8 s; peak memory 11808 MiB.
2026-10-08T20:30:23Z INFO [1561/2500] ad068d68-8b25-4d1e-8339-f736587512b6: valid; 3.2 s; peak memory 11808 MiB.
2026-10-08T20:30:27Z INFO [1562/2500] ad0703d7-6b45-4c4c-9e23-12126525c651: not valid; 4.3 s; peak memory 11808 MiB.
2026-10-08T20:30:29Z INFO [1563/2500] ad0706fc-d308-4f30-bdda-5c1a20f0c8ea: valid; 1.6 s; peak memory 11808 MiB.
2026-10-08T20:30:31Z INFO [1564/2500] ad0787ab-a6a5-4f13-b7cc-8ab9affc5973: not valid; 2.0 s; peak memory 11808 MiB.
2026-10-08T20:30:32Z INFO [1565/2500] ad079a25-1aaa-47cd-8af0-f1f57e19eac8: valid; 1.5 s; peak memory 11808 MiB.
2026-10-08T20:30:36Z INFO [1566/2500] ad07ade8-5958-4401-8b9d-f27dbc920129: valid; 3.5 s; peak memory 11808 MiB.
2026-10-08T20:30:38Z INFO [1567/2500] ad07cc7e-d4f0-44a5-a604-fcce3b8e5495: valid; 2.0 s; peak memory 11808 MiB.
2026-10-08T20:30:41Z INFO [1568/2500] ad07fd31-ec6b-4339-b0cd-36087aa75161: valid; 3.4 s; peak memory 11808 MiB.
2026-10-08T20:30:43Z INFO [1569/2500] ad082fa2-5c26-49a5-8295-02f3f5d1a419: not valid; 2.1 s; peak memory 11808 MiB.
2026-10-08T20:30:48Z INFO [1570/2500] ad08a74a-6817-4d61-b8dd-93430c48292d: valid; 5.0 s; peak memory 11808 MiB.
2026-10-08T20:31:00Z INFO [1571/2500] ad08ae4c-f896-46d9-bd5d-68c925d5cfdd: valid; 11.8 s; peak memory 11808 MiB.
2026-10-08T20:31:04Z INFO [1572/2500] ad09b5f4-1730-4f04-bfa6-06be77efd478: not valid; 4.1 s; peak memory 11808 MiB.
2026-10-08T20:31:13Z INFO [1573/2500] ad0a2cc4-b2d6-49da-98f9-b89e65482b73: valid; 8.6 s; peak memory 11808 MiB.
2026-10-08T20:31:15Z INFO [1574/2500] ad0a3cdb-fc5a-419f-9df7-894505434daa: valid; 2.1 s; peak memory 11808 MiB.
2026-10-08T20:31:17Z INFO [1575/2500] ad0aa08a-a8fe-48b3-88f1-2e4f02999a66: valid; 2.0 s; peak memory 11808 MiB.
2026-10-08T20:31:24Z INFO [1576/2500] ad0ab892-3448-4a33-b8e4-460b2fd0f4d4: valid; 6.8 s; peak memory 11808 MiB.
2026-10-08T20:31:26Z INFO [1577/2500] ad0aea0e-69b4-48c6-8d0d-fadf87822696: valid; 2.0 s; peak memory 11808 MiB.
2026-10-08T20:31:28Z INFO [1578/2500] ad0d64fc-d7ab-44d1-b8c4-6b041646c9a3: not valid; 2.0 s; peak memory 11808 MiB.
2026-10-08T20:31:30Z INFO [1579/2500] ad0e8925-cdd3-4884-a473-4907aadcd971: valid; 2.4 s; peak memory 11808 MiB.
2026-10-08T20:31:34Z INFO [1580/2500] ad0eb416-f54e-40b9-a34c-8419d0dc2de9: not valid; 4.1 s; peak memory 11808 MiB.
2026-10-08T20:31:53Z INFO [1581/2500] ad0ee844-f51e-4933-96f4-4b376acde5dd: valid; 18.7 s; peak memory 11808 MiB.
2026-10-08T20:31:54Z INFO [1582/2500] ad0efaf6-e6da-4cba-a853-4db1994ace64: valid; 1.6 s; peak memory 11808 MiB.
2026-10-08T20:31:57Z INFO [1583/2500] ad0f041f-1ecf-4300-be0b-b1d62e973827: not valid; 2.4 s; peak memory 11808 MiB.
2026-10-08T20:31:59Z INFO [1584/2500] ad0fd964-d285-4eda-8bf3-1b2df42e4072: not valid; 2.1 s; peak memory 11808 MiB.
2026-10-08T20:32:01Z INFO [1585/2500] ad0ff6d2-85a3-4c61-b39f-4125324592c0: valid; 2.7 s; peak memory 11808 MiB.
2026-10-08T20:32:03Z INFO [1586/2500] ad101fc3-e810-40eb-bf97-b18ed9e648d3: valid; 1.8 s; peak memory 11808 MiB.
2026-10-08T20:32:05Z INFO [1587/2500] ad102d41-06a3-458c-8d50-63eeaad694a1: valid; 1.7 s; peak memory 11808 MiB.
2026-10-08T20:32:07Z WARNING ad104150-c159-4c64-8737-e5c3e881b0be: failed while opening the NWB file (ConstructError: (root/acquisition/_iblmic_audioSpectrogram/bands GroupBuilder {'attributes': {'colnames': array(['freq'], dtype=object), 'description': 'spectogram frequencies', 'namespace': 'core', 'neurodata_type': 'FrequencyBandsTable', 'object_id': '4fb74639-b383-4535-98ae-dd96b62c7f81'}, 'groups': {}, 'datasets': {'freq': root/acquisition/_iblmic_audioSpectrogram/bands/freq DatasetBuilder {'attributes': {'description': 'frequency value', 'namespace': 'hdmf-common', 'neurodata_type': 'VectorData', 'object_id': 'bc5b64af-0ced-4bdb-8413-6b07465ff2c4'}, 'data': <HDF5 dataset "freq": shape (257,), type "<f4">}, 'id': root/acquisition/_iblmic_audioSpectrogram/bands/id DatasetBuilder {'attributes': {'namespace': 'hdmf-common', 'neurodata_type': 'ElementIdentifiers', 'object_id': 'd0d65a24-aba1-48c9-b5f1-57d9b354f4a9'}, 'data': <HDF5 dataset "id": shape (257,), type "<i4">}}, 'links': {}}, "Could not construct FrequencyBandsTable object due to: column must have the same number of rows as 'id'"))
2026-10-08T20:32:09Z INFO [1589/2500] ad114a11-7b19-487c-a862-fa9d43902a0e: valid; 1.8 s; peak memory 11808 MiB.
2026-10-08T20:32:11Z INFO [1590/2500] ad11642e-c982-43e2-8cf1-aab221c90ca0: valid; 1.5 s; peak memory 11808 MiB.
2026-10-08T20:32:13Z INFO [1591/2500] ad11a3e4-20fd-4857-b1c5-a965915b22cd: valid; 2.7 s; peak memory 11808 MiB.
2026-10-08T20:32:15Z INFO [1592/2500] ad11f6b7-caa8-458f-8c64-9ac50de6a109: valid; 2.0 s; peak memory 11808 MiB.
2026-10-08T20:32:17Z INFO [1593/2500] ad122ebf-f761-47b6-a635-983ff59cf24c: not valid; 1.9 s; peak memory 11808 MiB.
2026-10-08T20:32:19Z INFO [1594/2500] ad125242-f9da-4f77-8398-e2498f00c717: not valid; 1.7 s; peak memory 11808 MiB.
2026-10-08T20:32:25Z INFO [1595/2500] ad1296eb-9482-4d9d-a643-d3ad1cd9bfd3: valid; 5.8 s; peak memory 11808 MiB.
2026-10-08T20:32:26Z INFO [1596/2500] ad129b3a-f13d-46a3-af46-8cc298bd9728: valid; 1.6 s; peak memory 11808 MiB.
2026-10-08T20:32:28Z INFO [1597/2500] ad1303e1-60a9-489a-b115-dc751d686a75: valid; 1.4 s; peak memory 11808 MiB.
2026-10-08T20:32:43Z INFO [1598/2500] ad133a3c-9f95-4f26-9806-e65ccbe80e06: valid; 14.8 s; peak memory 11808 MiB.
2026-10-08T20:32:44Z INFO [1599/2500] ad135e67-8b28-49f5-822c-9259864e5867: valid; 1.7 s; peak memory 11808 MiB.
2026-10-08T20:32:47Z INFO [1600/2500] ad141660-cef0-4e02-80e9-956177dd891f: valid; 2.5 s; peak memory 11808 MiB.
2026-10-08T20:32:48Z INFO [1600/2500] ad141660-cef0-4e02-80e9-956177dd891f: checkpointed 177610 new records.
2026-10-08T20:33:01Z INFO [1601/2500] ad151c90-8eec-4130-9ee1-5db0a47575e3: valid; 13.3 s; peak memory 11808 MiB.
2026-10-08T20:33:03Z INFO [1602/2500] ad15939e-53cb-491e-a15d-2f7ce23fe954: not valid; 1.6 s; peak memory 11808 MiB.
2026-10-08T20:33:05Z INFO [1603/2500] ad161ec4-2a01-416a-8a22-bb51bb019585: not valid; 1.6 s; peak memory 11808 MiB.
2026-10-08T20:33:07Z INFO [1604/2500] ad16bc2d-c07e-4a86-9f59-835e7a5f0a75: valid; 2.2 s; peak memory 11808 MiB.
2026-10-08T20:33:17Z INFO [1605/2500] ad16eb64-9e7d-426b-8cad-aee232ff1d9d: valid; 9.8 s; peak memory 11808 MiB.
2026-10-08T20:33:19Z INFO [1606/2500] ad16f93c-0c31-443e-a577-6f6e24894a37: valid; 2.3 s; peak memory 11808 MiB.
2026-10-08T20:33:23Z INFO [1607/2500] ad171393-361a-48bd-bbbc-e722e645c664: valid; 3.8 s; peak memory 11808 MiB.
2026-10-08T20:33:24Z INFO [1608/2500] ad173c21-1b0e-444a-810c-c8d5fc9081a0: valid; 1.4 s; peak memory 11808 MiB.
2026-10-08T20:33:32Z INFO [1609/2500] ad175524-09b9-47a3-835b-4a8f2b55a760: valid; 8.0 s; peak memory 11808 MiB.
2026-10-08T20:33:35Z INFO [1610/2500] ad1814d7-252c-49e5-b056-82b41a563bbc: valid; 3.4 s; peak memory 11808 MiB.
2026-10-08T20:33:38Z INFO [1611/2500] ad1837d7-e08a-4bc6-9ccd-f2130e0a632a: not valid; 2.9 s; peak memory 11808 MiB.
2026-10-08T20:33:39Z INFO [1612/2500] ad1856fc-3dd8-4104-83fa-605572e301e1: valid; 1.0 s; peak memory 11808 MiB.
2026-10-08T20:33:42Z INFO [1613/2500] ad18e807-c662-45de-89c2-148d3bfe799b: valid; 3.0 s; peak memory 11808 MiB.
2026-10-08T20:33:44Z INFO [1614/2500] ad18eecc-b2ed-4bb6-984f-7428580ea041: valid; 1.5 s; peak memory 11808 MiB.
2026-10-08T20:33:45Z INFO [1615/2500] ad19012c-262e-4e46-b7c2-4e4d7d8dc3cd: valid; 1.4 s; peak memory 11808 MiB.
2026-10-08T20:33:47Z INFO [1616/2500] ad1964c9-baf1-43d0-a3b1-eb65c5843afd: not valid; 1.7 s; peak memory 11808 MiB.
2026-10-08T20:33:49Z INFO [1617/2500] ad196b89-e8ab-4230-831d-6128cdf9d05c: valid; 2.4 s; peak memory 11808 MiB.
2026-10-08T20:33:51Z INFO [1618/2500] ad196da6-0d75-439b-a0e6-ec053c3f64e8: valid; 2.0 s; peak memory 11808 MiB.
2026-10-08T20:33:53Z INFO [1619/2500] ad1994a7-f6c6-40c9-a1ef-7b8f81b7fdff: valid; 1.2 s; peak memory 11808 MiB.
2026-10-08T20:33:55Z INFO [1620/2500] ad19a419-0677-450c-8b5a-b19a64f62092: not valid; 2.0 s; peak memory 11808 MiB.
2026-10-08T20:33:58Z INFO [1621/2500] ad1a1be9-c281-49d1-bee1-4151aab75fab: valid; 3.6 s; peak memory 11808 MiB.
2026-10-08T20:34:00Z INFO [1622/2500] ad1a4539-5e68-47cf-8867-640a4892b59d: valid; 1.4 s; peak memory 11808 MiB.
2026-10-08T20:34:02Z INFO [1623/2500] ad1a51da-c654-421f-8a21-10428f18e031: valid; 2.5 s; peak memory 11808 MiB.
2026-10-08T20:34:03Z INFO [1624/2500] ad1a5218-4dd7-440d-9428-4be94e147e62: valid; 1.3 s; peak memory 11808 MiB.
2026-10-08T20:34:05Z INFO [1625/2500] ad1a797a-6db7-4704-ba5d-1ec7918e7779: valid; 1.6 s; peak memory 11808 MiB.
2026-10-08T20:34:06Z INFO [1626/2500] ad1a7d84-c90f-4be7-8c19-ce06bcb6e86b: valid; 1.5 s; peak memory 11808 MiB.
2026-10-08T20:34:09Z INFO [1627/2500] ad1a9670-99ca-4839-bbe6-1e74b37b320a: valid; 2.1 s; peak memory 11808 MiB.
2026-10-08T20:34:16Z INFO [1628/2500] ad1abe6f-9e1d-4549-9e8f-f8cb66cdfd03: not valid; 6.9 s; peak memory 11808 MiB.
2026-10-08T20:34:24Z INFO [1629/2500] ad1b01e8-cb2c-4b4a-8ba3-a518ac590835: valid; 8.5 s; peak memory 11808 MiB.
2026-10-08T20:34:26Z INFO [1630/2500] ad1c505d-f66b-41de-93b5-d38b24eb183d: valid; 2.5 s; peak memory 11808 MiB.
2026-10-08T20:34:28Z INFO [1631/2500] ad1c8be8-7c6f-4af8-b522-f526e894adb9: valid; 1.6 s; peak memory 11808 MiB.
2026-10-08T20:34:32Z INFO [1632/2500] ad1c8cd3-3076-4b41-af0d-875edcdb5b5a: not valid; 3.8 s; peak memory 11808 MiB.
2026-10-08T20:34:35Z INFO [1633/2500] ad1cd342-a5ee-488e-8935-7ee2e32b2774: valid; 3.4 s; peak memory 11808 MiB.
2026-10-08T20:34:38Z INFO [1634/2500] ad1ce54c-9987-441a-b481-ce28e95ac2e5: valid; 2.5 s; peak memory 11808 MiB.
2026-10-08T20:34:40Z INFO [1635/2500] ad1d1783-63ec-4714-be28-b584c13b011f: valid; 2.6 s; peak memory 11808 MiB.
2026-10-08T20:34:43Z INFO [1636/2500] ad1dd884-bee5-4adb-addf-d19ddb662cdf: valid; 2.5 s; peak memory 11808 MiB.
2026-10-08T20:34:44Z INFO [1637/2500] ad1f5c9e-2b2a-442d-a809-59725e6e509a: valid; 1.5 s; peak memory 11808 MiB.
2026-10-08T20:34:52Z INFO [1638/2500] ad209b1f-197f-418c-8787-ce499db27aaa: valid; 7.7 s; peak memory 11808 MiB.
2026-10-08T20:34:54Z INFO [1639/2500] ad20e97b-8b69-4d4f-b90b-f06f6148d29f: valid; 1.9 s; peak memory 11808 MiB.
2026-10-08T20:34:56Z INFO [1640/2500] ad2151d1-e250-4f75-afd9-8e8669b9278d: valid; 2.5 s; peak memory 11808 MiB.
2026-10-08T20:34:59Z INFO [1641/2500] ad21a465-2946-4d56-b4fb-b0f5cc617e0f: valid; 2.2 s; peak memory 11808 MiB.
2026-10-08T20:35:19Z INFO [1642/2500] ad21be8a-5e2e-4010-bea7-77594f601404: valid; 20.1 s; peak memory 11808 MiB.
2026-10-08T20:36:58Z INFO [1643/2500] ad21e781-1075-46b5-a3e5-a10a3e98f322: not valid; 99.6 s; peak memory 11808 MiB.
2026-10-08T20:37:01Z INFO [1644/2500] ad226ec6-3f64-44e6-add8-cc47a318b8da: valid; 2.2 s; peak memory 11808 MiB.
2026-10-08T20:37:02Z INFO [1645/2500] ad229a6a-040e-4caf-ab6d-d8beee525828: valid; 1.5 s; peak memory 11808 MiB.
2026-10-08T20:37:04Z INFO [1646/2500] ad233fa7-9749-4a20-b5aa-135a1512a914: valid; 1.7 s; peak memory 11808 MiB.
2026-10-08T20:37:07Z INFO [1647/2500] ad234e83-94c8-432a-ab30-1d3110b00f3d: valid; 3.0 s; peak memory 11808 MiB.
2026-10-08T20:37:08Z INFO [1648/2500] ad235225-7dd2-48db-8cf3-5eb264228988: not valid; 1.5 s; peak memory 11808 MiB.
2026-10-08T20:37:10Z INFO [1649/2500] ad23e8f6-330a-493f-8c8e-3452ef6ecaf6: valid; 1.2 s; peak memory 11808 MiB.
2026-10-08T20:37:11Z INFO [1650/2500] ad242074-5fbd-4f81-a975-3733106b8920: not valid; 1.9 s; peak memory 11808 MiB.
2026-10-08T20:37:13Z INFO [1650/2500] ad242074-5fbd-4f81-a975-3733106b8920: checkpointed 177660 new records.
2026-10-08T20:37:30Z INFO [1651/2500] ad243f81-be10-4cf1-b23b-39081dce737d: valid; 17.5 s; peak memory 11808 MiB.
2026-10-08T20:41:13Z INFO [1652/2500] ad248ad8-60dd-4a51-9d54-cd052fae4119: valid; 222.5 s; peak memory 11808 MiB.
2026-10-08T20:41:27Z INFO [1653/2500] ad248b59-5828-4088-8c63-0adabcf00826: valid; 14.0 s; peak memory 11808 MiB.
2026-10-08T20:41:30Z INFO [1654/2500] ad24e979-0870-46ac-b913-ab2dc97108cf: valid; 3.0 s; peak memory 11808 MiB.
2026-10-08T20:41:30Z WARNING ad250856-e73a-4c7b-ba21-8fa5b43d00fe: failed while retrieving asset information from the DANDI API (NotFoundError: No asset at path 'sub-669492/sub-669492_ses-behavior-669492-2023-06-30-15-51-45.nwb' in version 0.260928.2230. Verify the path is correct and the asset exists in this version. Use 'dandi ls' to list available assets.)
2026-10-08T20:41:31Z INFO [1656/2500] ad25a6d0-9743-40a6-9fa3-b3b325ae2e3a: valid; 1.6 s; peak memory 11808 MiB.
2026-10-08T20:41:33Z WARNING ad25ea63-4c5a-43a0-82f4-2b948c9bc15b: failed while opening the NWB file (ConstructError: (root/acquisition/_iblmic_audioSpectrogram/bands GroupBuilder {'attributes': {'colnames': array(['freq'], dtype=object), 'description': 'spectogram frequencies', 'namespace': 'core', 'neurodata_type': 'FrequencyBandsTable', 'object_id': '99e43407-54df-4f4b-b0c6-ffe731bdb433'}, 'groups': {}, 'datasets': {'freq': root/acquisition/_iblmic_audioSpectrogram/bands/freq DatasetBuilder {'attributes': {'description': 'frequency value', 'namespace': 'hdmf-common', 'neurodata_type': 'VectorData', 'object_id': 'd58b84eb-7afb-4198-b022-dcd2c9efc2ff'}, 'data': <HDF5 dataset "freq": shape (257,), type "<f4">}, 'id': root/acquisition/_iblmic_audioSpectrogram/bands/id DatasetBuilder {'attributes': {'namespace': 'hdmf-common', 'neurodata_type': 'ElementIdentifiers', 'object_id': 'f0c3089f-8271-49eb-90c3-b5d451b5728d'}, 'data': <HDF5 dataset "id": shape (257,), type "<i4">}}, 'links': {}}, "Could not construct FrequencyBandsTable object due to: column must have the same number of rows as 'id'"))
2026-10-08T20:41:35Z INFO [1658/2500] ad26646b-0d84-4e04-ba86-a60ef8f2fa24: not valid; 1.8 s; peak memory 11808 MiB.
2026-10-08T20:41:37Z INFO [1659/2500] ad266c36-b2be-40d8-8422-74f80e260a28: valid; 2.3 s; peak memory 11808 MiB.
2026-10-08T20:41:39Z INFO [1660/2500] ad2762a0-d639-4673-adfd-99c83912d23e: valid; 1.6 s; peak memory 11808 MiB.
2026-10-08T20:41:41Z INFO [1661/2500] ad279bfc-0e22-4c3e-9598-67ac58db85f0: not valid; 1.9 s; peak memory 11808 MiB.
2026-10-08T20:41:43Z INFO [1662/2500] ad27de3f-f9cb-4c0c-a95a-158c59d00e5e: valid; 2.5 s; peak memory 11808 MiB.
2026-10-08T20:41:45Z INFO [1663/2500] ad27f61a-0a02-4afe-80f4-c904f9d9690d: valid; 2.1 s; peak memory 11808 MiB.
2026-10-08T20:41:46Z WARNING ad280681-286c-42ad-bd80-1e67a6e37fc9: failed while retrieving asset information from the DANDI API (NotFoundError: No asset at path 'sub-EPCNHP2/sub-EPCNHP2_ses-2021-03-15-002_ecephys.nwb' in version 0.240701.1903. Verify the path is correct and the asset exists in this version. Use 'dandi ls' to list available assets.)
2026-10-08T20:41:51Z INFO [1665/2500] ad286f59-8126-42e2-9a09-15d78c128885: valid; 4.9 s; peak memory 11808 MiB.
2026-10-08T20:41:54Z INFO [1666/2500] ad29036b-e232-4540-8d1c-90e99b804f8a: valid; 3.3 s; peak memory 11808 MiB.
2026-10-08T20:42:02Z INFO [1667/2500] ad292cc1-44be-48ed-abcf-5d62fd8954ac: valid; 8.0 s; peak memory 11808 MiB.
2026-10-08T20:42:04Z INFO [1668/2500] ad2967c2-c279-4f05-89b9-8389e41ebe48: valid; 1.7 s; peak memory 11808 MiB.
2026-10-08T20:42:05Z INFO [1669/2500] ad29ba1b-1aec-4302-b50f-d95c26192494: valid; 1.5 s; peak memory 11808 MiB.
2026-10-08T20:42:08Z INFO [1670/2500] ad2a6172-a6f8-480e-998a-fb53837668bd: valid; 2.7 s; peak memory 11808 MiB.
2026-10-08T20:42:10Z INFO [1671/2500] ad2a69e1-7b0f-44b4-8b31-87972bc5a096: valid; 2.6 s; peak memory 11808 MiB.
2026-10-08T20:42:14Z INFO [1672/2500] ad2aa3da-e821-4679-b830-2e8f00f52df0: valid; 3.5 s; peak memory 11808 MiB.
2026-10-08T20:42:15Z INFO [1673/2500] ad2b4806-1f6f-44ac-a396-0c27f0c1bc76: valid; 1.4 s; peak memory 11808 MiB.
2026-10-08T20:42:16Z WARNING ad2bcf13-79c2-4f05-a002-e08ff6fe3654: failed while retrieving asset information from the DANDI API (NotFoundError: No asset at path 'sub-MS10/sub-MS10_ses-Peter-MS10-170320-212321-concat_behavior+ecephys.nwb' in version 0.250624.0444. Verify the path is correct and the asset exists in this version. Use 'dandi ls' to list available assets.)
2026-10-08T20:42:18Z INFO [1675/2500] ad2e0810-0fcd-414f-908e-050a8e8185f2: not valid; 2.1 s; peak memory 11808 MiB.
2026-10-08T20:42:20Z INFO [1676/2500] ad2e5c54-342e-4dd6-94ab-839498db59cd: valid; 2.5 s; peak memory 11808 MiB.
2026-10-08T20:42:22Z INFO [1677/2500] ad2e72d7-37f1-4dd5-ad99-41cee27fce2f: valid; 1.5 s; peak memory 11808 MiB.
2026-10-08T20:44:29Z INFO [1678/2500] ad2f36d4-4130-4b3f-aa10-30ab3a161a17: valid; 127.4 s; peak memory 11808 MiB.
2026-10-08T20:44:32Z WARNING ad2fddd8-197a-4257-8feb-2047080c3f89: failed while opening the NWB file (ConstructError: (root/acquisition/_iblmic_audioSpectrogram/bands GroupBuilder {'attributes': {'colnames': array(['freq'], dtype=object), 'description': 'spectogram frequencies', 'namespace': 'core', 'neurodata_type': 'FrequencyBandsTable', 'object_id': 'c2d59574-4f78-44fd-bfbd-c2efac2dae98'}, 'groups': {}, 'datasets': {'freq': root/acquisition/_iblmic_audioSpectrogram/bands/freq DatasetBuilder {'attributes': {'description': 'frequency value', 'namespace': 'hdmf-common', 'neurodata_type': 'VectorData', 'object_id': 'f3058bb6-8520-4a75-b489-2e4a7bf22dfe'}, 'data': <HDF5 dataset "freq": shape (257,), type "<f4">}, 'id': root/acquisition/_iblmic_audioSpectrogram/bands/id DatasetBuilder {'attributes': {'namespace': 'hdmf-common', 'neurodata_type': 'ElementIdentifiers', 'object_id': '7178c658-6716-4dc6-9c2b-47e819b55633'}, 'data': <HDF5 dataset "id": shape (257,), type "<i4">}}, 'links': {}}, "Could not construct FrequencyBandsTable object due to: column must have the same number of rows as 'id'"))
2026-10-08T20:44:45Z INFO [1680/2500] ad306861-45e2-4340-abe4-94f389ae9332: valid; 12.6 s; peak memory 11808 MiB.
2026-10-08T20:44:46Z INFO [1681/2500] ad306c68-c427-440e-ad78-8e7e5bf11537: valid; 1.5 s; peak memory 11808 MiB.
2026-10-08T20:44:48Z WARNING ad30ced1-0311-4c00-9247-bfd6cee36ce5: failed while opening the NWB file (ConstructError: (root/acquisition/_iblmic_audioSpectrogram/bands GroupBuilder {'attributes': {'colnames': array(['freq'], dtype=object), 'description': 'spectogram frequencies', 'namespace': 'core', 'neurodata_type': 'FrequencyBandsTable', 'object_id': '831fe661-ab2e-43ed-b7ea-b93813c49599'}, 'groups': {}, 'datasets': {'freq': root/acquisition/_iblmic_audioSpectrogram/bands/freq DatasetBuilder {'attributes': {'description': 'frequency value', 'namespace': 'hdmf-common', 'neurodata_type': 'VectorData', 'object_id': '08877b1d-e686-487b-ba7a-3fde7b9f8024'}, 'data': <HDF5 dataset "freq": shape (257,), type "<f4">}, 'id': root/acquisition/_iblmic_audioSpectrogram/bands/id DatasetBuilder {'attributes': {'namespace': 'hdmf-common', 'neurodata_type': 'ElementIdentifiers', 'object_id': 'eda3cd4f-e4fb-4008-891b-807ca56aeee2'}, 'data': <HDF5 dataset "id": shape (257,), type "<i4">}}, 'links': {}}, "Could not construct FrequencyBandsTable object due to: column must have the same number of rows as 'id'"))
2026-10-08T20:44:50Z INFO [1683/2500] ad3161bc-b827-4f29-94e5-d9498d9039ff: valid; 2.0 s; peak memory 11808 MiB.
2026-10-08T20:44:52Z INFO [1684/2500] ad317064-206c-4d07-9e85-cd7a0386d9d1: not valid; 1.7 s; peak memory 11808 MiB.
2026-10-08T20:44:54Z INFO [1685/2500] ad317b05-4cab-4a98-a54b-d32a7cf0da16: valid; 2.1 s; peak memory 11808 MiB.
2026-10-08T20:44:57Z INFO [1686/2500] ad31ec66-ab0a-451b-841f-b6fba1af1192: valid; 3.6 s; peak memory 11808 MiB.
2026-10-08T20:45:03Z INFO [1687/2500] ad32158a-e62d-4c18-9205-e2569af83ff1: not valid; 5.1 s; peak memory 11808 MiB.
2026-10-08T20:45:06Z INFO [1688/2500] ad3220a6-895e-42b3-a42f-5fe929068f96: not valid; 3.0 s; peak memory 11808 MiB.
2026-10-08T20:45:09Z INFO [1689/2500] ad322f86-15f1-4f99-a3a1-bc1f372f3ca6: valid; 3.7 s; peak memory 11808 MiB.
2026-10-08T20:45:11Z INFO [1690/2500] ad3267b7-dbb3-4eb6-8834-0b1f8f6f93fd: valid; 1.9 s; peak memory 11808 MiB.
2026-10-08T20:45:13Z INFO [1691/2500] ad328213-53e8-43d9-b951-915b48822c9b: valid; 2.0 s; peak memory 11808 MiB.
2026-10-08T20:45:16Z INFO [1692/2500] ad32b873-19be-43e7-a3fd-1712c30a5366: valid; 2.6 s; peak memory 11808 MiB.
2026-10-08T20:45:18Z INFO [1693/2500] ad332163-43c9-474e-ab49-d5173e502a24: valid; 2.4 s; peak memory 11808 MiB.
2026-10-08T20:45:23Z INFO [1694/2500] ad33540e-9a31-4485-b52e-4ec9848893b7: valid; 5.0 s; peak memory 11808 MiB.
2026-10-08T20:45:25Z INFO [1695/2500] ad33b21d-8491-4a1a-ba29-1e83c723be92: valid; 1.5 s; peak memory 11808 MiB.
2026-10-08T20:45:26Z INFO [1696/2500] ad33b40a-0cd0-4752-97e7-983db3c410e0: valid; 1.8 s; peak memory 11808 MiB.
2026-10-08T20:45:29Z INFO [1697/2500] ad34aa58-4b56-4a3e-b016-c3d59bd5d210: valid; 2.6 s; peak memory 11808 MiB.
2026-10-08T20:45:32Z INFO [1698/2500] ad350e89-a323-40a1-bed9-6be0b431828c: valid; 2.6 s; peak memory 11808 MiB.
2026-10-08T20:45:34Z INFO [1699/2500] ad359bbe-1fdc-4ffa-964c-0f5259bdeb12: valid; 2.7 s; peak memory 11808 MiB.
2026-10-08T20:45:38Z INFO [1700/2500] ad35f3fb-327e-460d-ba1c-be07be00b897: not valid; 3.4 s; peak memory 11808 MiB.
2026-10-08T20:45:39Z INFO [1700/2500] ad35f3fb-327e-460d-ba1c-be07be00b897: checkpointed 177710 new records.
2026-10-08T20:45:48Z INFO [1701/2500] ad369508-5dc1-4725-8626-fd4be3b538ca: valid; 8.7 s; peak memory 11808 MiB.
2026-10-08T20:45:49Z INFO [1702/2500] ad36cf87-d3cc-4ebe-8720-08c561099fdf: not valid; 1.6 s; peak memory 11808 MiB.
2026-10-08T20:45:53Z INFO [1703/2500] ad37478a-8d99-4939-8dcd-667644958d3b: valid; 3.2 s; peak memory 11808 MiB.
2026-10-08T20:45:55Z INFO [1704/2500] ad376150-2425-41dc-aa53-8af571040fcf: not valid; 2.2 s; peak memory 11808 MiB.
2026-10-08T20:45:57Z INFO [1705/2500] ad37a119-4d53-491a-a0b0-1b614d8b6982: valid; 2.6 s; peak memory 11808 MiB.
2026-10-08T20:45:59Z INFO [1706/2500] ad37fbb1-9d0c-4d10-b927-9992ef1797aa: valid; 1.7 s; peak memory 11808 MiB.
2026-10-08T20:46:07Z INFO [1707/2500] ad38b713-fc04-46f2-89cd-6384c96d7664: valid; 8.2 s; peak memory 11808 MiB.
2026-10-08T20:46:17Z INFO [1708/2500] ad38eec6-a631-412d-9e23-6f1a16800a93: valid; 9.4 s; peak memory 11808 MiB.
2026-10-08T20:46:18Z INFO [1709/2500] ad390298-f91f-41f2-868b-346455771a75: valid; 1.5 s; peak memory 11808 MiB.
2026-10-08T20:46:20Z INFO [1710/2500] ad397abe-2dd7-4ab2-adaa-188ab153c3ac: valid; 1.9 s; peak memory 11808 MiB.
2026-10-08T20:46:23Z INFO [1711/2500] ad39e249-5502-43e5-b705-b7100a5cd963: valid; 3.6 s; peak memory 11808 MiB.
2026-10-08T20:46:28Z INFO [1712/2500] ad3a2dc3-942c-4489-84a1-76174dff9f01: not valid; 4.1 s; peak memory 11808 MiB.
2026-10-08T20:46:29Z INFO [1713/2500] ad3a87a7-9ed9-4ef0-8535-bbc3bf39f466: valid; 1.4 s; peak memory 11808 MiB.
2026-10-08T20:46:31Z WARNING ad3aa292-5499-40d1-a13b-e84f0412a744: failed while opening the NWB file (ConstructError: (root/acquisition/_iblmic_audioSpectrogram/bands GroupBuilder {'attributes': {'colnames': array(['freq'], dtype=object), 'description': 'spectogram frequencies', 'namespace': 'core', 'neurodata_type': 'FrequencyBandsTable', 'object_id': '8d1a63ad-8481-4b88-b4db-ab2ec7d1a12d'}, 'groups': {}, 'datasets': {'freq': root/acquisition/_iblmic_audioSpectrogram/bands/freq DatasetBuilder {'attributes': {'description': 'frequency value', 'namespace': 'hdmf-common', 'neurodata_type': 'VectorData', 'object_id': '5582e978-79e0-4fdf-8848-aba45c608729'}, 'data': <HDF5 dataset "freq": shape (257,), type "<f4">}, 'id': root/acquisition/_iblmic_audioSpectrogram/bands/id DatasetBuilder {'attributes': {'namespace': 'hdmf-common', 'neurodata_type': 'ElementIdentifiers', 'object_id': '2db64fbc-da00-47d7-a7af-a79a8f15cfb4'}, 'data': <HDF5 dataset "id": shape (257,), type "<i4">}}, 'links': {}}, "Could not construct FrequencyBandsTable object due to: column must have the same number of rows as 'id'"))
2026-10-08T20:46:34Z INFO [1715/2500] ad3c0397-2719-4ae7-947a-3388b723aaf8: valid; 2.4 s; peak memory 11808 MiB.
2026-10-08T20:46:47Z INFO [1716/2500] ad3cc2b4-c53a-4397-b2de-ea71732097ec: valid; 13.9 s; peak memory 11808 MiB.
2026-10-08T20:46:51Z INFO [1717/2500] ad3d0825-1813-4934-b8e2-b1ef6a2ee69a: valid; 3.2 s; peak memory 11808 MiB.
2026-10-08T20:46:55Z INFO [1718/2500] ad3d8d17-648e-4d9e-92f0-097e152f1743: valid; 4.1 s; peak memory 11808 MiB.
2026-10-08T20:46:58Z INFO [1719/2500] ad3da56f-9c8c-424f-b9bb-334f7ec35f64: valid; 2.9 s; peak memory 11808 MiB.
2026-10-08T20:47:10Z INFO [1720/2500] ad3dfb2b-401d-44c4-9b3e-e46a1dd00f67: valid; 12.7 s; peak memory 11808 MiB.
2026-10-08T20:47:12Z WARNING ad3e9ca4-6d43-4d93-a4fd-8c7f575a46ab: failed while opening the NWB file (ConstructError: (root/acquisition/_iblmic_audioSpectrogram/bands GroupBuilder {'attributes': {'colnames': array(['freq'], dtype=object), 'description': 'spectogram frequencies', 'namespace': 'core', 'neurodata_type': 'FrequencyBandsTable', 'object_id': '87806c69-8b48-4818-85d3-9bc6dda4ca04'}, 'groups': {}, 'datasets': {'freq': root/acquisition/_iblmic_audioSpectrogram/bands/freq DatasetBuilder {'attributes': {'description': 'frequency value', 'namespace': 'hdmf-common', 'neurodata_type': 'VectorData', 'object_id': '1c27b631-464a-47f4-8462-042d1ae288b0'}, 'data': <HDF5 dataset "freq": shape (257,), type "<f4">}, 'id': root/acquisition/_iblmic_audioSpectrogram/bands/id DatasetBuilder {'attributes': {'namespace': 'hdmf-common', 'neurodata_type': 'ElementIdentifiers', 'object_id': '3c7b6036-9e5b-40f2-a673-0737e27ed576'}, 'data': <HDF5 dataset "id": shape (257,), type "<i4">}}, 'links': {}}, "Could not construct FrequencyBandsTable object due to: column must have the same number of rows as 'id'"))
2026-10-08T20:47:14Z INFO [1722/2500] ad3ea71a-2e06-4fd3-be53-d76539903541: not valid; 2.2 s; peak memory 11808 MiB.
2026-10-08T20:47:16Z INFO [1723/2500] ad3eeb6a-e58f-4a6b-bcdc-386951885f5f: not valid; 1.7 s; peak memory 11808 MiB.
2026-10-08T20:47:16Z WARNING ad4014ba-0572-48bb-8909-6a1c1fdc482b: failed while retrieving asset information from the DANDI API (NotFoundError: No asset at path 'sub-717439/sub-717439_ses-1332563048_probe-3_ecephys.nwb' in version 0.250311.2145. Verify the path is correct and the asset exists in this version. Use 'dandi ls' to list available assets.)
2026-10-08T20:47:18Z INFO [1725/2500] ad4026b9-40f5-4e5b-9d1b-2fee454f7bff: not valid; 1.5 s; peak memory 11808 MiB.
2026-10-08T20:47:19Z INFO [1726/2500] ad405e06-3a89-4b7a-bf21-72cf6881a972: valid; 1.4 s; peak memory 11808 MiB.
2026-10-08T20:47:21Z INFO [1727/2500] ad407da6-e04d-4edb-85cd-d2f30f400f1e: valid; 1.7 s; peak memory 11808 MiB.
2026-10-08T20:47:23Z INFO [1728/2500] ad40a994-b1f2-4970-910e-966fb4f16dea: valid; 1.8 s; peak memory 11808 MiB.
2026-10-08T20:47:28Z INFO [1729/2500] ad40efda-42d2-486f-9902-e80a3ad2cc0e: valid; 5.5 s; peak memory 11808 MiB.
2026-10-08T20:47:37Z INFO [1730/2500] ad418b15-73e1-4136-8b46-ad9c1a5ca4b3: valid; 9.2 s; peak memory 11808 MiB.
2026-10-08T20:47:40Z INFO [1731/2500] ad41c569-659e-4ef3-a370-2cd2130604ab: valid; 2.4 s; peak memory 11808 MiB.
2026-10-08T20:47:43Z INFO [1732/2500] ad4379e3-acc7-450e-9ed4-ec5ccfbb491e: valid; 2.9 s; peak memory 11808 MiB.
2026-10-08T20:47:52Z INFO [1733/2500] ad44202f-6ae6-4572-8051-ce570c6156c8: not valid; 9.2 s; peak memory 11808 MiB.
2026-10-08T20:47:55Z INFO [1734/2500] ad4463df-c395-450d-84a4-5f22b23b0a81: valid; 3.4 s; peak memory 11808 MiB.
2026-10-08T20:48:19Z INFO [1735/2500] ad446e78-f8f0-43b8-8fcb-31d9e7e850a5: not valid; 23.7 s; peak memory 11808 MiB.
2026-10-08T20:48:22Z INFO [1736/2500] ad448979-bef9-456f-aaf4-0f57ddcf8a15: valid; 2.6 s; peak memory 11808 MiB.
2026-10-08T20:48:36Z INFO [1737/2500] ad44c20c-428a-4cd0-9656-b46f41914f3b: not valid; 14.0 s; peak memory 11808 MiB.
2026-10-08T20:48:37Z INFO [1738/2500] ad44f47c-5f96-44bc-b428-421b9a1ab33e: valid; 1.4 s; peak memory 11808 MiB.
2026-10-08T20:48:39Z INFO [1739/2500] ad463b06-30ef-43e6-ac1c-8e5778ee407f: valid; 2.2 s; peak memory 11808 MiB.
2026-10-08T20:48:44Z INFO [1740/2500] ad46fb3b-d8be-4a29-b7ca-0207de087794: not valid; 4.7 s; peak memory 11808 MiB.
2026-10-08T20:48:45Z INFO [1741/2500] ad472cfb-02d7-4eca-9282-32f3a05aa3f5: valid; 1.6 s; peak memory 11808 MiB.
2026-10-08T20:48:48Z INFO [1742/2500] ad474e3d-b8dd-4715-a04c-5219a00f2702: not valid; 2.1 s; peak memory 11808 MiB.
2026-10-08T20:48:50Z INFO [1743/2500] ad47ccab-02f3-428f-a01a-62286b42d60f: valid; 2.4 s; peak memory 11808 MiB.
2026-10-08T20:48:53Z INFO [1744/2500] ad481aac-8c12-4eca-8382-abf37edf0e4d: valid; 2.7 s; peak memory 11808 MiB.
2026-10-08T20:48:54Z INFO [1745/2500] ad48695b-5605-4a7b-9d03-dfed39619038: not valid; 1.8 s; peak memory 11808 MiB.
2026-10-08T20:49:03Z INFO [1746/2500] ad492c1a-31e4-4ae0-ab09-c274305c3cb9: valid; 8.7 s; peak memory 11808 MiB.
2026-10-08T20:49:06Z INFO [1747/2500] ad49dae8-71bc-46b1-b95c-2822276b2868: valid; 2.7 s; peak memory 11808 MiB.
2026-10-08T20:49:07Z INFO [1748/2500] ad49e633-c184-4beb-992f-aa8deda67ce0: valid; 1.5 s; peak memory 11808 MiB.
2026-10-08T20:49:13Z INFO [1749/2500] ad4a7bea-5fd4-478f-bcc2-295e2e344bfa: not valid; 5.5 s; peak memory 11808 MiB.
2026-10-08T20:49:14Z INFO [1750/2500] ad4af4c2-12a3-44a8-b096-addbcbe62652: valid; 1.4 s; peak memory 11808 MiB.
2026-10-08T20:49:15Z INFO [1750/2500] ad4af4c2-12a3-44a8-b096-addbcbe62652: checkpointed 177760 new records.
2026-10-08T20:49:17Z INFO [1751/2500] ad4b44ef-118c-4624-9e4b-db27f11b7bab: not valid; 1.9 s; peak memory 11808 MiB.
2026-10-08T20:49:25Z INFO [1752/2500] ad4b655a-667f-41a5-95a8-2aa4b583dddc: not valid; 7.2 s; peak memory 11808 MiB.
2026-10-08T20:49:37Z INFO [1753/2500] ad4bf5ce-1e45-4e2c-8b23-389f3d1af544: valid; 12.0 s; peak memory 11808 MiB.
2026-10-08T20:49:41Z INFO [1754/2500] ad4c94bd-df10-456b-86f5-6dec3557732c: not valid; 4.6 s; peak memory 11808 MiB.
2026-10-08T20:50:03Z INFO [1755/2500] ad4cc3aa-2175-4a52-8dfb-20d74f394701: valid; 21.9 s; peak memory 11808 MiB.
2026-10-08T20:50:05Z INFO [1756/2500] ad4cfed1-3916-4ec7-b992-572599bf66c6: valid; 1.5 s; peak memory 11808 MiB.
2026-10-08T20:50:07Z INFO [1757/2500] ad4d3196-1d09-4238-85bb-9a88c3ca88e9: not valid; 2.9 s; peak memory 11808 MiB.
2026-10-08T20:50:09Z INFO [1758/2500] ad4d880c-4420-44fb-9bb3-54aa6d838cdc: valid; 1.4 s; peak memory 11808 MiB.
2026-10-08T20:50:11Z INFO [1759/2500] ad4db349-3976-4cbd-a50f-0c110ab89e9d: not valid; 1.8 s; peak memory 11808 MiB.
2026-10-08T20:50:14Z INFO [1760/2500] ad4e4001-187b-4c1f-8e0b-0c6e97368ba3: valid; 3.1 s; peak memory 11808 MiB.
2026-10-08T20:50:15Z INFO [1761/2500] ad4e9128-7513-40b7-ab08-99d7135d2aa3: valid; 1.6 s; peak memory 11808 MiB.
2026-10-08T20:50:16Z INFO [1762/2500] ad4f1a32-522d-4ade-b748-730859df7739: valid; 1.1 s; peak memory 11808 MiB.
2026-10-08T20:50:18Z INFO [1763/2500] ad4f3617-4b80-4d94-bd6d-dc676c2d4dc5: valid; 2.1 s; peak memory 11808 MiB.
2026-10-08T20:50:19Z WARNING ad5026cd-3f7a-40e6-89b3-4d4316e49d68: failed while retrieving asset information from the DANDI API (NotFoundError: No asset at path 'sub-699472/sub-699472_ses-behavior-699472-2024-01-17-13-42-09.nwb' in version 0.260928.2230. Verify the path is correct and the asset exists in this version. Use 'dandi ls' to list available assets.)
2026-10-08T20:50:20Z INFO [1765/2500] ad50646d-16fd-4c24-a837-3ee42e09fff2: valid; 1.3 s; peak memory 11808 MiB.
2026-10-08T20:50:22Z INFO [1766/2500] ad522b62-4370-49e5-93c1-f09b253da1bf: valid; 2.2 s; peak memory 11808 MiB.
2026-10-08T20:50:22Z WARNING ad524f16-eeac-40c5-b364-8df3302af563: failed while retrieving asset information from the DANDI API (NotFoundError: No asset at path 'sub-ZS061/sub-ZS061_ses-behavior-ZS061-2021-04-21-17-03-09.nwb' in version 0.260928.2230. Verify the path is correct and the asset exists in this version. Use 'dandi ls' to list available assets.)
2026-10-08T20:50:25Z INFO [1768/2500] ad533a30-e07a-40fb-959b-da5076e7cca2: valid; 2.8 s; peak memory 11808 MiB.
2026-10-08T20:50:28Z INFO [1769/2500] ad535dfd-e82c-462e-a49a-8f648d96f284: not valid; 3.0 s; peak memory 11808 MiB.
2026-10-08T20:50:30Z INFO [1770/2500] ad5429b4-af92-4457-b30b-00def9a9fb47: valid; 2.0 s; peak memory 11808 MiB.
2026-10-08T20:50:32Z INFO [1771/2500] ad546f2d-79df-491e-b6d5-cad150e00377: valid; 2.4 s; peak memory 11808 MiB.
2026-10-08T20:50:51Z INFO [1772/2500] ad54852f-0477-4429-adcd-19189b5da48a: valid; 18.7 s; peak memory 11808 MiB.
2026-10-08T20:50:56Z INFO [1773/2500] ad549c26-5048-4112-95bf-098c19f861b2: valid; 5.2 s; peak memory 11808 MiB.
2026-10-08T20:50:59Z INFO [1774/2500] ad54dc9e-8cf9-48d7-86e1-18c1dce88e85: valid; 3.1 s; peak memory 11808 MiB.
2026-10-08T20:52:12Z INFO [1775/2500] ad54f9bd-70d7-4c35-9d44-3a74556dc976: valid; 72.5 s; peak memory 11808 MiB.
2026-10-08T20:52:16Z INFO [1776/2500] ad558b12-4a46-4d0c-9559-f759770e8aa0: valid; 3.6 s; peak memory 11808 MiB.
2026-10-08T20:52:17Z INFO [1777/2500] ad55e62f-2564-4142-b628-5f9482225e18: not valid; 1.1 s; peak memory 11808 MiB.
2026-10-08T20:52:19Z INFO [1778/2500] ad588943-e213-425c-9d34-9d289a734df1: valid; 2.4 s; peak memory 11808 MiB.
2026-10-08T20:52:22Z INFO [1779/2500] ad5891a0-b887-4138-8a4f-3fadc32f3bbe: valid; 2.7 s; peak memory 11808 MiB.
2026-10-08T20:52:23Z INFO [1780/2500] ad5a27f4-7b17-4f1c-864d-ae17eee83e8f: valid; 1.1 s; peak memory 11808 MiB.
2026-10-08T20:52:26Z INFO [1781/2500] ad5a4d54-5852-451b-8768-703880db80d2: valid; 3.4 s; peak memory 11808 MiB.
2026-10-08T20:52:28Z INFO [1782/2500] ad5a5ea4-3d4d-46c5-8a4b-57798630c694: valid; 2.2 s; peak memory 11808 MiB.
2026-10-08T20:52:30Z INFO [1783/2500] ad5b8d17-c5aa-4c11-a2a4-4aae5cacb151: valid; 1.5 s; peak memory 11808 MiB.
2026-10-08T20:52:32Z INFO [1784/2500] ad5c8f0e-9a71-471f-a09d-ee1e89b332e5: valid; 2.3 s; peak memory 11808 MiB.
2026-10-08T20:52:35Z INFO [1785/2500] ad5cc136-543f-4d41-9cb9-4f2a0a3dc2f8: valid; 2.9 s; peak memory 11808 MiB.
2026-10-08T20:52:37Z INFO [1786/2500] ad5df31f-8e5e-495c-a2b5-aa8aafc35f7e: valid; 1.5 s; peak memory 11808 MiB.
2026-10-08T20:52:38Z INFO [1787/2500] ad5e7d58-056e-4695-967b-e70565e19605: valid; 2.0 s; peak memory 11808 MiB.
2026-10-08T20:52:41Z INFO [1788/2500] ad5f0e09-ba47-4b1a-aa41-d026ef77696f: valid; 2.6 s; peak memory 11808 MiB.
2026-10-08T20:52:48Z INFO [1789/2500] ad5f37e2-ceec-45de-a130-719c237fc79f: valid; 6.6 s; peak memory 11808 MiB.
2026-10-08T20:52:50Z WARNING ad5fb837-a3f5-4d42-9c41-b5f531f034ef: failed while opening the NWB file (ConstructError: (root/acquisition/_iblmic_audioSpectrogram/bands GroupBuilder {'attributes': {'colnames': array(['freq'], dtype=object), 'description': 'spectogram frequencies', 'namespace': 'core', 'neurodata_type': 'FrequencyBandsTable', 'object_id': '4cca53aa-96cc-4989-a20c-fb3977470ca3'}, 'groups': {}, 'datasets': {'freq': root/acquisition/_iblmic_audioSpectrogram/bands/freq DatasetBuilder {'attributes': {'description': 'frequency value', 'namespace': 'hdmf-common', 'neurodata_type': 'VectorData', 'object_id': '951b9d0f-48f4-4814-8cb4-11a9c474a1af'}, 'data': <HDF5 dataset "freq": shape (257,), type "<f4">}, 'id': root/acquisition/_iblmic_audioSpectrogram/bands/id DatasetBuilder {'attributes': {'namespace': 'hdmf-common', 'neurodata_type': 'ElementIdentifiers', 'object_id': 'b9c4b9c2-d46b-4d7e-ac97-561c38a2dc5d'}, 'data': <HDF5 dataset "id": shape (257,), type "<i4">}}, 'links': {}}, "Could not construct FrequencyBandsTable object due to: column must have the same number of rows as 'id'"))
2026-10-08T20:52:52Z INFO [1791/2500] ad5fdfb5-c719-4eef-8722-28c6de66e937: valid; 2.0 s; peak memory 11808 MiB.
2026-10-08T20:52:55Z INFO [1792/2500] ad60506e-5063-4f75-98da-a3850349442d: not valid; 3.4 s; peak memory 11808 MiB.
2026-10-08T20:52:57Z INFO [1793/2500] ad60e5c2-1fa2-458c-b872-c1fa19420106: valid; 1.2 s; peak memory 11808 MiB.
2026-10-08T20:53:05Z INFO [1794/2500] ad60e704-60eb-4d6d-aece-7c95a649acd6: valid; 8.4 s; peak memory 11808 MiB.
2026-10-08T20:53:06Z INFO [1795/2500] ad613799-b0c2-4931-82a8-1fb64aaf137b: valid; 1.4 s; peak memory 11808 MiB.
2026-10-08T20:53:06Z WARNING ad618784-f2d4-4a60-991a-b72cc02122fb: failed while retrieving asset information from the DANDI API (NotFoundError: No such Dandiset: 000948)
2026-10-08T20:53:46Z INFO [1797/2500] ad61b5c0-f853-4707-b2dc-5225eaf77faa: valid; 39.7 s; peak memory 11808 MiB.
2026-10-08T20:53:48Z INFO [1798/2500] ad6218b7-2326-44c2-a2ca-ecfa526ade90: valid; 2.0 s; peak memory 11808 MiB.
2026-10-08T20:53:50Z INFO [1799/2500] ad623d1e-6b42-475f-91dc-51bced5f0101: not valid; 1.7 s; peak memory 11808 MiB.
2026-10-08T20:53:52Z INFO [1800/2500] ad62767d-0189-49d9-83a2-1025e3af3b2b: valid; 2.1 s; peak memory 11808 MiB.
2026-10-08T20:53:53Z INFO [1800/2500] ad62767d-0189-49d9-83a2-1025e3af3b2b: checkpointed 177810 new records.
2026-10-08T20:53:55Z INFO [1801/2500] ad627949-625c-4b0e-8c22-b99eb8bcbb48: valid; 2.1 s; peak memory 11808 MiB.
2026-10-08T20:53:59Z INFO [1802/2500] ad635944-51cc-4d40-aa16-33043e6225c9: valid; 3.3 s; peak memory 11808 MiB.
2026-10-08T20:54:02Z INFO [1803/2500] ad63c1e4-0b23-4078-92bc-bc8f68a7a9e1: valid; 3.4 s; peak memory 11808 MiB.
2026-10-08T20:54:05Z INFO [1804/2500] ad65de00-b255-45d3-9dcc-1d8714c2a699: not valid; 3.2 s; peak memory 11808 MiB.
2026-10-08T20:54:07Z INFO [1805/2500] ad660fe7-c86d-4aed-ac32-9feef4bb5893: not valid; 1.6 s; peak memory 11808 MiB.
2026-10-08T20:54:09Z INFO [1806/2500] ad6652fe-ff5a-4f93-8e09-cc50dda8c86a: valid; 1.9 s; peak memory 11808 MiB.
2026-10-08T20:54:11Z WARNING ad665cc0-b2eb-41a3-8f13-fdcd1ee8e048: failed while opening the NWB file (ConstructError: (root/acquisition/event_code_meanings GroupBuilder {'attributes': {'colnames': array(['value', 'meaning'], dtype=object), 'description': 'Mapping integer event codes to event labels', 'namespace': 'ndx-events', 'neurodata_type': 'MeaningsTable', 'object_id': 'e4898b64-fc73-4103-882a-30a11e07ea1b'}, 'groups': {}, 'datasets': {'id': root/acquisition/event_code_meanings/id DatasetBuilder {'attributes': {'namespace': 'hdmf-common', 'neurodata_type': 'ElementIdentifiers', 'object_id': '835c5429-d3fa-4346-83c7-eb455f56e6af'}, 'data': <HDF5 dataset "id": shape (26,), type "<i8">}, 'meaning': root/acquisition/event_code_meanings/meaning DatasetBuilder {'attributes': {'description': 'The meaning of the value in the parent CategoricalVectorData object.', 'namespace': 'hdmf-experimental', 'neurodata_type': 'VectorData', 'object_id': '32c436a9-0c04-43b8-a5c0-906de8ac37be'}, 'data': <StrDataset for HDF5 dataset "meaning": shape (26,), type "|O">}, 'value': root/acquisition/event_code_meanings/value DatasetBuilder {'attributes': {'description': 'The value of the parent CategoricalVectorData object.', 'namespace': 'hdmf-experimental', 'neurodata_type': 'VectorData', 'object_id': '106d23d6-7c26-40f3-96ca-5d4b563d0f2e'}, 'data': <HDF5 dataset "value": shape (26,), type "<i8">}}, 'links': {}}, "Could not construct MeaningsTable object due to: MeaningsTable.__init__: missing argument 'target'"))
2026-10-08T20:54:13Z INFO [1808/2500] ad66d608-26c7-44f3-ab50-e5e7cacdb8bb: valid; 2.1 s; peak memory 11808 MiB.
2026-10-08T20:54:21Z INFO [1809/2500] ad673308-b073-4c45-9fd4-de0090c32f63: valid; 8.1 s; peak memory 11808 MiB.
2026-10-08T20:54:23Z INFO [1810/2500] ad675ae1-3b1d-4b25-8d08-93d142ee8505: valid; 2.0 s; peak memory 11808 MiB.
2026-10-08T20:54:25Z INFO [1811/2500] ad67d5d4-3764-405f-8a14-8b3b49f929a0: valid; 2.1 s; peak memory 11808 MiB.
2026-10-08T20:54:27Z INFO [1812/2500] ad687453-012a-4cba-94f8-787211ece40b: valid; 2.0 s; peak memory 11808 MiB.
2026-10-08T20:54:29Z INFO [1813/2500] ad69088c-4340-481c-b9c4-0f796b12fceb: valid; 1.4 s; peak memory 11808 MiB.
2026-10-08T20:54:30Z INFO [1814/2500] ad696d33-e06b-4e03-919d-1e6736d2f3aa: valid; 1.3 s; peak memory 11808 MiB.
2026-10-08T20:54:40Z INFO [1815/2500] ad69b08b-e35a-4da8-ba9b-912fc887474d: not valid; 10.0 s; peak memory 11808 MiB.
2026-10-08T20:54:42Z INFO [1816/2500] ad69ce52-0975-48b3-a9f9-0c87e8a45c8d: valid; 2.7 s; peak memory 11808 MiB.
2026-10-08T20:54:45Z WARNING ad69e35e-3dce-45fb-b833-49fb248df603: failed while opening the NWB file (ConstructError: (root/acquisition/event_code_meanings GroupBuilder {'attributes': {'colnames': array(['value', 'meaning'], dtype=object), 'description': 'Mapping integer event codes to event labels', 'namespace': 'ndx-events', 'neurodata_type': 'MeaningsTable', 'object_id': 'c1c51040-09ec-4e52-ab00-2bab7842148e'}, 'groups': {}, 'datasets': {'id': root/acquisition/event_code_meanings/id DatasetBuilder {'attributes': {'namespace': 'hdmf-common', 'neurodata_type': 'ElementIdentifiers', 'object_id': '8e8594e2-0198-4c6d-8531-ed677e36f60d'}, 'data': <HDF5 dataset "id": shape (26,), type "<i8">}, 'meaning': root/acquisition/event_code_meanings/meaning DatasetBuilder {'attributes': {'description': 'The meaning of the value in the parent CategoricalVectorData object.', 'namespace': 'hdmf-experimental', 'neurodata_type': 'VectorData', 'object_id': '41d18352-d0ad-4060-9510-720fdd48231d'}, 'data': <StrDataset for HDF5 dataset "meaning": shape (26,), type "|O">}, 'value': root/acquisition/event_code_meanings/value DatasetBuilder {'attributes': {'description': 'The value of the parent CategoricalVectorData object.', 'namespace': 'hdmf-experimental', 'neurodata_type': 'VectorData', 'object_id': '101baab3-06d4-4b97-b55b-1fccdeb7f7e9'}, 'data': <HDF5 dataset "value": shape (26,), type "<i8">}}, 'links': {}}, "Could not construct MeaningsTable object due to: MeaningsTable.__init__: missing argument 'target'"))
2026-10-08T20:54:46Z INFO [1818/2500] ad6a2ba2-77e5-4d9c-8990-8b62c413f5b2: not valid; 1.5 s; peak memory 11808 MiB.
2026-10-08T20:54:48Z INFO [1819/2500] ad6a4714-3f0c-4c62-8509-af4c27b5f905: valid; 1.5 s; peak memory 11808 MiB.
2026-10-08T20:54:50Z INFO [1820/2500] ad6a7083-4af4-42fc-ad91-8d15a5cd5b49: valid; 2.4 s; peak memory 11808 MiB.
2026-10-08T20:54:51Z INFO [1821/2500] ad6a7ee9-0014-4dd4-a898-a32a609c8f76: valid; 1.5 s; peak memory 11808 MiB.
2026-10-08T20:54:58Z INFO [1822/2500] ad6ae222-4dd8-4179-9c2e-1c5ff1265d90: not valid; 6.4 s; peak memory 11808 MiB.
2026-10-08T20:54:59Z INFO [1823/2500] ad6b13cc-3f8d-4c9e-8b0e-5d96ef9cb2ea: valid; 1.6 s; peak memory 11808 MiB.
2026-10-08T20:55:01Z INFO [1824/2500] ad6b1ef1-8761-4373-98cc-c8203112a767: not valid; 1.9 s; peak memory 11808 MiB.
2026-10-08T20:55:12Z INFO [1825/2500] ad6b7bd8-0836-4e3d-9f4f-e285c82aabde: valid; 10.4 s; peak memory 11808 MiB.
2026-10-08T20:55:14Z INFO [1826/2500] ad6c416f-9ab4-49df-9234-8f36a599fd93: valid; 2.6 s; peak memory 11808 MiB.
2026-10-08T20:55:17Z INFO [1827/2500] ad6c661d-19c6-44a6-a32b-d7caffdb0464: valid; 3.1 s; peak memory 11808 MiB.
2026-10-08T20:55:19Z INFO [1828/2500] ad6caa7b-b8eb-47ec-8436-5aa9cb051f8d: valid; 1.5 s; peak memory 11808 MiB.
2026-10-08T20:55:21Z WARNING ad6d06f5-6a8f-4568-8113-3f1c7e59d9c2: failed while opening the NWB file (ConstructError: (root/acquisition/_iblmic_audioSpectrogram/bands GroupBuilder {'attributes': {'colnames': array(['freq'], dtype=object), 'description': 'spectogram frequencies', 'namespace': 'core', 'neurodata_type': 'FrequencyBandsTable', 'object_id': '86ceca80-530f-414f-9683-1cb80cbe5bf2'}, 'groups': {}, 'datasets': {'freq': root/acquisition/_iblmic_audioSpectrogram/bands/freq DatasetBuilder {'attributes': {'description': 'frequency value', 'namespace': 'hdmf-common', 'neurodata_type': 'VectorData', 'object_id': '3e5c27c2-70cd-4419-a1ae-39f104869301'}, 'data': <HDF5 dataset "freq": shape (257,), type "<f4">}, 'id': root/acquisition/_iblmic_audioSpectrogram/bands/id DatasetBuilder {'attributes': {'namespace': 'hdmf-common', 'neurodata_type': 'ElementIdentifiers', 'object_id': '8a791b8e-d172-4150-b9e2-2bbc5c639e40'}, 'data': <HDF5 dataset "id": shape (257,), type "<i4">}}, 'links': {}}, "Could not construct FrequencyBandsTable object due to: column must have the same number of rows as 'id'"))
2026-10-08T20:55:21Z WARNING ad6dc7ec-0b8a-4dfe-8008-71bb67bc14c3: failed while retrieving asset information from the DANDI API (NotFoundError: No asset at path 'sub-R2/sub-R2_ses-20190221T210000_behavior+ophys.nwb' in version 0.260415.1712. Verify the path is correct and the asset exists in this version. Use 'dandi ls' to list available assets.)
2026-10-08T20:55:23Z INFO [1831/2500] ad6deef3-698f-459a-aedd-4a408e690408: valid; 1.1 s; peak memory 11808 MiB.
2026-10-08T20:55:24Z INFO [1832/2500] ad6f6a73-28d4-4232-a01c-ca164db96308: not valid; 1.6 s; peak memory 11808 MiB.
2026-10-08T20:55:25Z INFO [1833/2500] ad6f6a8d-767b-43f0-affc-8bce404da064: valid; 1.0 s; peak memory 11808 MiB.
2026-10-08T20:55:26Z INFO [1834/2500] ad707354-8602-433a-923b-2751f60fffcc: valid; 1.4 s; peak memory 11808 MiB.
2026-10-08T20:55:29Z INFO [1835/2500] ad708c93-263f-42e9-83eb-251b17204c46: not valid; 2.4 s; peak memory 11808 MiB.
2026-10-08T20:55:34Z INFO [1836/2500] ad70c3d7-8bc5-471c-923d-c108f38926f6: valid; 4.9 s; peak memory 11808 MiB.
2026-10-08T20:55:37Z INFO [1837/2500] ad70d4af-28d4-4980-8b12-46c8722270ca: valid; 3.0 s; peak memory 11808 MiB.
2026-10-08T20:55:39Z INFO [1838/2500] ad718668-088e-4979-a9b4-b92d2d850bcf: not valid; 2.5 s; peak memory 11808 MiB.
2026-10-08T20:55:41Z INFO [1839/2500] ad731979-f50e-4c94-b396-f64bf9210fd0: valid; 1.4 s; peak memory 11808 MiB.
2026-10-08T20:55:44Z INFO [1840/2500] ad733b1c-201f-4568-8262-64e79992a803: valid; 3.3 s; peak memory 11808 MiB.
2026-10-08T20:55:46Z INFO [1841/2500] ad735c3e-f96f-4258-bd43-1198e983f9ac: valid; 1.7 s; peak memory 11808 MiB.
2026-10-08T20:55:47Z INFO [1842/2500] ad735d7c-c22d-42f5-b740-9ef24c37800e: valid; 1.0 s; peak memory 11808 MiB.
2026-10-08T20:55:50Z INFO [1843/2500] ad73c2cb-adb4-460d-9502-66debd8b6ac4: not valid; 3.3 s; peak memory 11808 MiB.
2026-10-08T20:55:56Z INFO [1844/2500] ad7585de-f010-478d-b9ce-d67101a51884: valid; 6.3 s; peak memory 11808 MiB.
2026-10-08T20:55:58Z INFO [1845/2500] ad75e85f-817a-4333-8d6f-2801f192a809: valid; 2.1 s; peak memory 11808 MiB.
2026-10-08T20:56:00Z INFO [1846/2500] ad76f5eb-9d67-405b-8593-f984e1a3bfa5: valid; 1.5 s; peak memory 11808 MiB.
2026-10-08T20:56:02Z WARNING ad7809a0-7d87-4db5-9823-4d492045dea2: failed while opening the NWB file (ConstructError: (root/acquisition/_iblmic_audioSpectrogram/bands GroupBuilder {'attributes': {'colnames': array(['freq'], dtype=object), 'description': 'spectogram frequencies', 'namespace': 'core', 'neurodata_type': 'FrequencyBandsTable', 'object_id': '7b0eaca2-b2de-42e4-bc37-b94f448c9d93'}, 'groups': {}, 'datasets': {'freq': root/acquisition/_iblmic_audioSpectrogram/bands/freq DatasetBuilder {'attributes': {'description': 'frequency value', 'namespace': 'hdmf-common', 'neurodata_type': 'VectorData', 'object_id': '151320ad-f3be-493d-8c45-158547b2b834'}, 'data': <HDF5 dataset "freq": shape (257,), type "<f4">}, 'id': root/acquisition/_iblmic_audioSpectrogram/bands/id DatasetBuilder {'attributes': {'namespace': 'hdmf-common', 'neurodata_type': 'ElementIdentifiers', 'object_id': 'f2d43ab4-5fb0-4c11-b281-0c1071cefeaa'}, 'data': <HDF5 dataset "id": shape (257,), type "<i4">}}, 'links': {}}, "Could not construct FrequencyBandsTable object due to: column must have the same number of rows as 'id'"))
2026-10-08T20:56:04Z INFO [1848/2500] ad78d6f7-baaa-4dcf-beb3-40da07d74a78: not valid; 1.7 s; peak memory 11808 MiB.
2026-10-08T20:56:07Z INFO [1849/2500] ad795826-02a3-4255-9f3d-caf15471fa46: valid; 2.4 s; peak memory 11808 MiB.
2026-10-08T20:56:08Z INFO [1850/2500] ad797aca-4670-4c74-8fd1-24ccef8f31ec: valid; 1.5 s; peak memory 11808 MiB.
2026-10-08T20:56:09Z INFO [1850/2500] ad797aca-4670-4c74-8fd1-24ccef8f31ec: checkpointed 177860 new records.
2026-10-08T20:56:11Z INFO [1851/2500] ad79940f-0357-41a5-907d-fdbf4194a8fe: valid; 1.5 s; peak memory 11808 MiB.
2026-10-08T20:56:12Z INFO [1852/2500] ad799fd8-9bae-4fc5-979a-21be58e8db62: valid; 1.4 s; peak memory 11808 MiB.
2026-10-08T20:56:14Z INFO [1853/2500] ad79b053-796d-49ac-8fbd-a642de3bc52c: not valid; 1.6 s; peak memory 11808 MiB.
2026-10-08T20:56:15Z INFO [1854/2500] ad7a4361-1bf3-4c9d-99e7-7d7689344908: valid; 1.4 s; peak memory 11808 MiB.
2026-10-08T20:56:17Z INFO [1855/2500] ad7b1777-9dcc-4af8-92a0-4e88f0ed81c7: valid; 1.7 s; peak memory 11808 MiB.
2026-10-08T20:56:20Z INFO [1856/2500] ad7b70ec-372e-4534-b965-058e0418ab03: valid; 2.9 s; peak memory 11808 MiB.
2026-10-08T20:56:29Z INFO [1857/2500] ad7bc3a4-f594-4df3-89ab-20a1bee74963: not valid; 9.0 s; peak memory 11808 MiB.
2026-10-08T20:56:31Z INFO [1858/2500] ad7bf6b1-8c46-4613-b58b-4ac0ed0c345c: not valid; 1.6 s; peak memory 11808 MiB.
2026-10-08T20:56:33Z INFO [1859/2500] ad7ce85d-c907-4b8f-96dc-8da6a9f5bc91: valid; 2.4 s; peak memory 11808 MiB.
2026-10-08T20:56:34Z INFO [1860/2500] ad7d2d1a-fc4a-4719-b1e6-e34dfc31de45: valid; 1.5 s; peak memory 11808 MiB.
2026-10-08T20:56:36Z INFO [1861/2500] ad7d3f26-2ad3-4b45-b3ca-a986e228fc52: valid; 1.7 s; peak memory 11808 MiB.
2026-10-08T20:56:38Z INFO [1862/2500] ad7d5647-7ac2-4cab-a90a-1eb58862adfe: valid; 2.1 s; peak memory 11808 MiB.
2026-10-08T20:56:40Z INFO [1863/2500] ad7d5f46-2876-4532-86a0-023148347633: not valid; 1.6 s; peak memory 11808 MiB.
2026-10-08T20:56:47Z INFO [1864/2500] ad7d6b72-d3e0-4dcc-bc1a-1567fd1dcb86: not valid; 7.0 s; peak memory 11808 MiB.
2026-10-08T20:56:49Z INFO [1865/2500] ad7d80dd-53fa-43f0-8c90-7e0afc6113ba: valid; 2.1 s; peak memory 11808 MiB.
2026-10-08T20:56:52Z INFO [1866/2500] ad7d8526-f1e1-4534-9ac2-b38df1c311d3: valid; 2.7 s; peak memory 11808 MiB.
2026-10-08T20:56:54Z INFO [1867/2500] ad7d9969-9ede-4f20-b658-484ae6816c10: not valid; 1.9 s; peak memory 11808 MiB.
2026-10-08T20:56:56Z INFO [1868/2500] ad7daa62-20de-4e33-975c-c6e2fa981899: valid; 2.2 s; peak memory 11808 MiB.
2026-10-08T20:56:58Z INFO [1869/2500] ad7dd06c-3a5d-4ff4-a1fd-012c06c22562: valid; 2.6 s; peak memory 11808 MiB.
2026-10-08T20:57:00Z INFO [1870/2500] ad7e0ee3-5201-40b8-83f2-b635b8a7ce50: valid; 1.7 s; peak memory 11808 MiB.
2026-10-08T20:57:03Z INFO [1871/2500] ad7e57c8-4be9-46b3-9fc3-0ef8943527d8: valid; 2.8 s; peak memory 11808 MiB.
2026-10-08T20:57:06Z INFO [1872/2500] ad7e6386-af3b-49a4-9815-31d912a4ca90: valid; 2.7 s; peak memory 11808 MiB.
2026-10-08T20:57:07Z INFO [1873/2500] ad7ea3d4-05c7-4520-8bd7-927bb8a7dd65: not valid; 1.7 s; peak memory 11808 MiB.
2026-10-08T20:57:10Z INFO [1874/2500] ad7eecb0-f9e8-4ffe-824f-24c793c54a3d: valid; 2.8 s; peak memory 11808 MiB.
2026-10-08T20:57:14Z INFO [1875/2500] ad7f6166-8b7d-4b32-a027-77efa4ca27cb: not valid; 3.9 s; peak memory 11808 MiB.
2026-10-08T20:57:15Z INFO [1876/2500] ad7fa3e3-6274-4dae-b787-566205eaf962: valid; 1.4 s; peak memory 11808 MiB.
2026-10-08T20:57:23Z INFO [1877/2500] ad7fe55d-0c6a-4e0e-b635-c1eaffdf45b6: valid; 8.0 s; peak memory 11808 MiB.
2026-10-08T20:57:25Z INFO [1878/2500] ad7ff8d9-e003-4ef3-b8e1-0faa049f6843: not valid; 1.7 s; peak memory 11808 MiB.
2026-10-08T20:57:27Z INFO [1879/2500] ad809a87-d106-493a-a492-922453fdd3ed: valid; 1.5 s; peak memory 11808 MiB.
2026-10-08T20:57:27Z WARNING ad80e573-3031-40a3-bd4e-1d9e92af9b51: failed while retrieving asset information from the DANDI API (NotFoundError: No such Dandiset: 000561)
2026-10-08T20:57:31Z INFO [1881/2500] ad80efc8-ff89-4da2-aaf4-0273ddc6949b: valid; 4.5 s; peak memory 11808 MiB.
2026-10-08T20:57:33Z INFO [1882/2500] ad80f41d-7cce-4b29-b885-d3759136baab: valid; 1.4 s; peak memory 11808 MiB.
2026-10-08T20:57:34Z INFO [1883/2500] ad82693f-ce77-4ffa-8227-5fa23626487a: not valid; 1.4 s; peak memory 11808 MiB.
2026-10-08T20:58:34Z INFO [1884/2500] ad82bce5-c28d-4ce9-b02e-0ddda8173b10: valid; 59.8 s; peak memory 11808 MiB.
2026-10-08T20:58:38Z INFO [1885/2500] ad82c0a1-e09f-4923-9384-523653dd4046: valid; 3.7 s; peak memory 11808 MiB.
2026-10-08T20:58:39Z INFO [1886/2500] ad82f85b-0abd-403b-9422-f7979ffe7732: valid; 1.5 s; peak memory 11808 MiB.
2026-10-08T20:58:41Z INFO [1887/2500] ad832dba-c0d8-46b2-affe-a113c0ca3da3: valid; 2.0 s; peak memory 11808 MiB.
2026-10-08T20:58:43Z INFO [1888/2500] ad83658f-ef33-4754-9aa2-dacaa36b4b66: not valid; 1.6 s; peak memory 11808 MiB.
2026-10-08T20:58:49Z INFO [1889/2500] ad839717-2ad6-4672-9bc6-7daf37240589: valid; 6.4 s; peak memory 11808 MiB.
2026-10-08T20:58:51Z INFO [1890/2500] ad84b751-eb04-40e5-b5ef-95bad6a2f876: valid; 1.5 s; peak memory 11808 MiB.
2026-10-08T20:58:53Z INFO [1891/2500] ad85f6bf-ce13-4dcc-89ad-651cf3ffe92d: valid; 1.9 s; peak memory 11808 MiB.
2026-10-08T20:58:54Z INFO [1892/2500] ad85f981-921a-4b93-ac34-297582ad02a6: valid; 1.5 s; peak memory 11808 MiB.
2026-10-08T20:58:56Z INFO [1893/2500] ad863845-164a-4556-b2b6-f72432c83819: valid; 2.3 s; peak memory 11808 MiB.
2026-10-08T20:58:59Z INFO [1894/2500] ad868843-f57a-4706-abe0-8c287628be18: valid; 2.2 s; peak memory 11808 MiB.
2026-10-08T20:59:07Z INFO [1895/2500] ad86cf1f-533b-4fbe-8fce-31c570797424: valid; 8.0 s; peak memory 11808 MiB.
2026-10-08T20:59:09Z INFO [1896/2500] ad87399c-6034-4b96-8bdb-8a2b409a5826: valid; 2.8 s; peak memory 11808 MiB.
2026-10-08T20:59:11Z INFO [1897/2500] ad888f8d-4785-4e93-8b48-59f4625b5474: valid; 1.4 s; peak memory 11808 MiB.
2026-10-08T20:59:12Z INFO [1898/2500] ad88fae0-fa7f-434d-8944-6d19c29ee09f: valid; 1.7 s; peak memory 11808 MiB.
2026-10-08T20:59:15Z INFO [1899/2500] ad8a3fb9-1c78-4a18-ad1e-90f0d180c829: valid; 2.5 s; peak memory 11808 MiB.
2026-10-08T20:59:18Z INFO [1900/2500] ad8a9f41-c2be-4e81-af9a-51cd73e32584: valid; 2.7 s; peak memory 11808 MiB.
2026-10-08T20:59:19Z INFO [1900/2500] ad8a9f41-c2be-4e81-af9a-51cd73e32584: checkpointed 177910 new records.
2026-10-08T20:59:21Z INFO [1901/2500] ad8ad1fa-403f-4067-98fb-9cfe8bdfe315: valid; 1.8 s; peak memory 11808 MiB.
2026-10-08T20:59:24Z INFO [1902/2500] ad8b705a-9e75-46f7-8263-da5b1f1574ff: valid; 3.0 s; peak memory 11808 MiB.
2026-10-08T20:59:25Z INFO [1903/2500] ad8bc4fc-cb53-479d-b9bd-56b3f28f7e5f: valid; 1.2 s; peak memory 11808 MiB.
2026-10-08T20:59:27Z WARNING ad8c0e96-54fc-45f3-9833-3a0c18c25bef: failed while opening the NWB file (ConstructError: (root/acquisition/_iblmic_audioSpectrogram/bands GroupBuilder {'attributes': {'colnames': array(['freq'], dtype=object), 'description': 'spectogram frequencies', 'namespace': 'core', 'neurodata_type': 'FrequencyBandsTable', 'object_id': 'e91df699-0999-4769-9371-de1cb1a97a01'}, 'groups': {}, 'datasets': {'freq': root/acquisition/_iblmic_audioSpectrogram/bands/freq DatasetBuilder {'attributes': {'description': 'frequency value', 'namespace': 'hdmf-common', 'neurodata_type': 'VectorData', 'object_id': 'd1e9e7b0-83ff-4827-bcaf-ed44394f1e87'}, 'data': <HDF5 dataset "freq": shape (257,), type "<f4">}, 'id': root/acquisition/_iblmic_audioSpectrogram/bands/id DatasetBuilder {'attributes': {'namespace': 'hdmf-common', 'neurodata_type': 'ElementIdentifiers', 'object_id': '5d2459c1-ac03-4451-801c-10dbb432d294'}, 'data': <HDF5 dataset "id": shape (257,), type "<i4">}}, 'links': {}}, "Could not construct FrequencyBandsTable object due to: column must have the same number of rows as 'id'"))
2026-10-08T20:59:29Z INFO [1905/2500] ad8c4f20-e153-4e76-b590-2cf092044b74: valid; 1.4 s; peak memory 11808 MiB.
2026-10-08T20:59:32Z INFO [1906/2500] ad8c9583-cb31-4a34-8271-a3848b224bd6: not valid; 3.4 s; peak memory 11808 MiB.
2026-10-08T20:59:34Z INFO [1907/2500] ad8d0679-8cb1-4f7e-aec2-f01037f4d988: not valid; 1.8 s; peak memory 11808 MiB.
2026-10-08T20:59:42Z INFO [1908/2500] ad8d2d9f-daea-4153-9ca7-2dbd442b30bc: valid; 8.1 s; peak memory 11808 MiB.
2026-10-08T20:59:44Z INFO [1909/2500] ad8d45e0-3db2-4cbe-8597-9833b56c709c: valid; 2.3 s; peak memory 11808 MiB.
2026-10-08T20:59:44Z WARNING ad8d6962-ec32-44bf-9ac2-89bc866a47eb: failed while retrieving asset information from the DANDI API (NotFoundError: No asset at path 'sub-LG615/sub-LG615_ses-LG615-20250921_obj-lpmewk_ophys.nwb' in version 0.260915.2135. Verify the path is correct and the asset exists in this version. Use 'dandi ls' to list available assets.)
2026-10-08T20:59:46Z INFO [1911/2500] ad8d71fd-2eee-4412-a5ce-8c73749bd919: valid; 1.4 s; peak memory 11808 MiB.
2026-10-08T20:59:48Z INFO [1912/2500] ad8d7712-4f47-4d5d-911b-be2a065ddf26: valid; 2.2 s; peak memory 11808 MiB.
2026-10-08T20:59:51Z INFO [1913/2500] ad8d7e70-f5f4-4bd4-b346-157bcae542cf: valid; 3.3 s; peak memory 11808 MiB.
2026-10-08T20:59:53Z INFO [1914/2500] ad8e1030-3561-42a4-b9e7-656b0a5c3a9e: not valid; 1.8 s; peak memory 11808 MiB.
2026-10-08T20:59:55Z INFO [1915/2500] ad8e1e9d-3b65-44f2-b2be-ee6161780d57: valid; 2.2 s; peak memory 11808 MiB.
2026-10-08T20:59:58Z INFO [1916/2500] ad8e3042-3695-4b4a-843e-5bf93dcbf539: not valid; 2.3 s; peak memory 11808 MiB.
2026-10-08T20:59:59Z INFO [1917/2500] ad8e31c6-756b-4c46-9ab8-2725f31f4239: valid; 1.4 s; peak memory 11808 MiB.
2026-10-08T21:00:01Z INFO [1918/2500] ad8e442b-fb28-43b3-9cea-f29430a7bc25: valid; 2.1 s; peak memory 11808 MiB.
2026-10-08T21:00:03Z INFO [1919/2500] ad8e58d8-b2ab-44fd-a778-5846db249e50: valid; 2.1 s; peak memory 11808 MiB.
2026-10-08T21:00:05Z INFO [1920/2500] ad8e6108-1d9b-4dd6-9519-57b207497665: valid; 1.6 s; peak memory 11808 MiB.
2026-10-08T21:00:07Z INFO [1921/2500] ad8e8c57-f40b-4052-be8c-4d0c9a337d51: valid; 2.1 s; peak memory 11808 MiB.
2026-10-08T21:00:09Z INFO [1922/2500] ad8f4035-8684-419f-8266-e42e9b4aecf9: valid; 1.8 s; peak memory 11808 MiB.
2026-10-08T21:00:10Z INFO [1923/2500] ad8fd935-4c27-452a-a9d6-1aa4a15b70da: not valid; 1.1 s; peak memory 11808 MiB.
2026-10-08T21:00:12Z INFO [1924/2500] ad90de6f-dbc8-4563-890d-8692eb60569b: valid; 1.6 s; peak memory 11808 MiB.
2026-10-08T21:00:23Z INFO [1925/2500] ad912b31-742f-4297-b71d-c76a754ce5bc: valid; 11.8 s; peak memory 11808 MiB.
2026-10-08T21:00:40Z INFO [1926/2500] ad9141f8-4121-43c4-a28f-f9333fc9736b: valid; 16.5 s; peak memory 11808 MiB.
2026-10-08T21:00:42Z INFO [1927/2500] ad91b0cc-728a-4615-8681-3b2b6b82af76: valid; 1.9 s; peak memory 11808 MiB.
2026-10-08T21:00:44Z INFO [1928/2500] ad91bea7-dca1-4e7a-b13c-975a9f292b46: valid; 2.4 s; peak memory 11808 MiB.
2026-10-08T21:01:07Z INFO [1929/2500] ad91d41f-dd49-4d31-bdb5-c70a362b1654: valid; 23.1 s; peak memory 11808 MiB.
2026-10-08T21:01:10Z INFO [1930/2500] ad92b9da-c2c6-471f-9020-7aa252c3871d: valid; 2.9 s; peak memory 11808 MiB.
2026-10-08T21:01:22Z INFO [1931/2500] ad92bd9d-c7de-4418-a27f-b274ca8c86eb: valid; 12.0 s; peak memory 11808 MiB.
2026-10-08T21:01:24Z INFO [1932/2500] ad931820-ea3e-40c7-902d-22f719de1d6d: valid; 1.7 s; peak memory 11808 MiB.
2026-10-08T21:01:26Z INFO [1933/2500] ad936a28-db4e-435b-b180-2470115e8495: valid; 2.1 s; peak memory 11808 MiB.
2026-10-08T21:01:27Z INFO [1934/2500] ad93c542-3f3b-4231-a0db-9c6645fcf59a: valid; 1.3 s; peak memory 11808 MiB.
2026-10-08T21:01:31Z INFO [1935/2500] ad9433da-d7ad-4a25-a6fa-cf3550419ef8: valid; 3.8 s; peak memory 11808 MiB.
2026-10-08T21:01:35Z INFO [1936/2500] ad94683b-67d1-40a7-a900-1ecf51cb300a: valid; 3.6 s; peak memory 11808 MiB.
2026-10-08T21:01:37Z INFO [1937/2500] ad9509a1-8fa1-476b-8a7e-2f9ef913b31b: valid; 2.0 s; peak memory 11808 MiB.
2026-10-08T21:01:39Z INFO [1938/2500] ad9518eb-3629-40f5-afe2-f89d544fa626: not valid; 2.2 s; peak memory 11808 MiB.
2026-10-08T21:01:41Z WARNING ad952013-0f81-48dd-a3b4-1e8dd5a9cc42: failed while opening the NWB file (ConstructError: (root/acquisition/event_code_meanings GroupBuilder {'attributes': {'colnames': array(['value', 'meaning'], dtype=object), 'description': 'Mapping integer event codes to event labels', 'namespace': 'ndx-events', 'neurodata_type': 'MeaningsTable', 'object_id': 'fe52eb60-3c64-497f-ab93-feae242a9809'}, 'groups': {}, 'datasets': {'id': root/acquisition/event_code_meanings/id DatasetBuilder {'attributes': {'namespace': 'hdmf-common', 'neurodata_type': 'ElementIdentifiers', 'object_id': '9b0cead9-b08b-4294-89fa-5ff1b19578f8'}, 'data': <HDF5 dataset "id": shape (26,), type "<i8">}, 'meaning': root/acquisition/event_code_meanings/meaning DatasetBuilder {'attributes': {'description': 'The meaning of the value in the parent CategoricalVectorData object.', 'namespace': 'hdmf-experimental', 'neurodata_type': 'VectorData', 'object_id': 'ba8e9956-20eb-4b4b-9818-cb6ebfd13864'}, 'data': <StrDataset for HDF5 dataset "meaning": shape (26,), type "|O">}, 'value': root/acquisition/event_code_meanings/value DatasetBuilder {'attributes': {'description': 'The value of the parent CategoricalVectorData object.', 'namespace': 'hdmf-experimental', 'neurodata_type': 'VectorData', 'object_id': 'bb92cac6-7057-48c6-9bc2-09f2c9bad75a'}, 'data': <HDF5 dataset "value": shape (26,), type "<i8">}}, 'links': {}}, "Could not construct MeaningsTable object due to: MeaningsTable.__init__: missing argument 'target'"))
2026-10-08T21:01:42Z INFO [1940/2500] ad95d0d8-dbc3-4fdd-9a22-a168ae4be515: valid; 1.5 s; peak memory 11808 MiB.
2026-10-08T21:01:45Z INFO [1941/2500] ad961da3-5cfe-4db8-815c-5159123abb29: valid; 3.0 s; peak memory 11808 MiB.
2026-10-08T21:01:47Z INFO [1942/2500] ad9663ee-6161-41ae-9e53-9093fb844699: not valid; 1.8 s; peak memory 11808 MiB.
2026-10-08T21:01:50Z INFO [1943/2500] ad96ccde-976f-4ed1-b3cd-439174990bb2: valid; 2.3 s; peak memory 11808 MiB.
2026-10-08T21:01:52Z INFO [1944/2500] ad96fab0-5df1-4e89-93c5-f50d306d8022: not valid; 2.2 s; peak memory 11808 MiB.
2026-10-08T21:01:53Z INFO [1945/2500] ad975f7a-68c8-41e0-b63a-4c1e54d74ed8: valid; 1.4 s; peak memory 11808 MiB.
2026-10-08T21:01:55Z INFO [1946/2500] ad98547f-d655-4f9c-952a-a07a10d11b2c: not valid; 1.8 s; peak memory 11808 MiB.
2026-10-08T21:02:00Z INFO [1947/2500] ad9966a7-5380-4789-b595-e9d68deea015: valid; 4.5 s; peak memory 11808 MiB.
2026-10-08T21:02:01Z INFO [1948/2500] ad997c83-607e-4c52-bee8-102c86278a34: not valid; 1.7 s; peak memory 11808 MiB.
2026-10-08T21:02:05Z INFO [1949/2500] ad9a06af-07f5-4770-bafb-20a8338d62f8: valid; 3.4 s; peak memory 11808 MiB.
2026-10-08T21:02:07Z INFO [1950/2500] ad9a8c08-793c-4bcf-a0ba-4114eea91409: not valid; 2.4 s; peak memory 11808 MiB.
2026-10-08T21:02:08Z INFO [1950/2500] ad9a8c08-793c-4bcf-a0ba-4114eea91409: checkpointed 177960 new records.
2026-10-08T21:02:10Z INFO [1951/2500] ad9ad819-76f5-4c48-80bd-fc11a5735e22: not valid; 1.7 s; peak memory 11808 MiB.
2026-10-08T21:02:12Z INFO [1952/2500] ad9ae262-9b4e-464f-be37-be1df35cb827: valid; 1.8 s; peak memory 11808 MiB.
2026-10-08T21:02:15Z INFO [1953/2500] ad9b0a66-545c-4a2a-ad18-06c2dbc9a776: valid; 3.5 s; peak memory 11808 MiB.
2026-10-08T21:02:17Z INFO [1954/2500] ad9b487d-7d6d-46e7-b133-a698ff2334c5: valid; 1.3 s; peak memory 11808 MiB.
2026-10-08T21:02:20Z INFO [1955/2500] ad9b5346-010e-45f5-80f8-76d239cac7b9: valid; 2.9 s; peak memory 11808 MiB.
2026-10-08T21:02:23Z INFO [1956/2500] ad9b5d77-5803-4ad5-8fc2-cb2e88255632: valid; 3.3 s; peak memory 11808 MiB.
2026-10-08T21:02:25Z INFO [1957/2500] ad9b783a-cd8c-471b-aa71-8399798463ce: not valid; 2.1 s; peak memory 11808 MiB.
2026-10-08T21:02:27Z INFO [1958/2500] ad9bb29e-cfac-4967-9e53-332acb52b790: valid; 2.0 s; peak memory 11808 MiB.
2026-10-08T21:02:44Z INFO [1959/2500] ad9bcd10-467e-455b-a117-c087f4070d28: valid; 16.5 s; peak memory 11808 MiB.
2026-10-08T21:02:45Z INFO [1960/2500] ad9c2d4d-2f98-4e03-8613-33fbf57c5daa: not valid; 1.9 s; peak memory 11808 MiB.
2026-10-08T21:02:51Z INFO [1961/2500] ad9ca46e-3098-431e-a79f-21f491e5ce14: valid; 5.8 s; peak memory 11808 MiB.
2026-10-08T21:04:11Z INFO [1962/2500] ad9e1b5d-fb9c-4120-ad57-33b251b4f7ec: not valid; 80.0 s; peak memory 11808 MiB.
2026-10-08T21:04:14Z INFO [1963/2500] ad9eab1d-3650-4c5f-87a8-1027d8e921e3: valid; 2.6 s; peak memory 11808 MiB.
2026-10-08T21:04:27Z INFO [1964/2500] ad9eb83e-0671-4250-bfb4-3be45392733f: valid; 13.5 s; peak memory 11808 MiB.
2026-10-08T21:04:29Z INFO [1965/2500] ad9f3d42-a730-4605-8664-a20e235143a9: valid; 1.8 s; peak memory 11808 MiB.
2026-10-08T21:04:30Z INFO [1966/2500] ad9f6839-3eea-4ede-84d2-0bfeb1ef4315: valid; 1.5 s; peak memory 11808 MiB.
2026-10-08T21:04:53Z INFO [1967/2500] ad9fab66-2328-40d4-88a0-7557e18520ee: valid; 22.8 s; peak memory 11808 MiB.
2026-10-08T21:04:55Z INFO [1968/2500] ad9fbf0e-2fdb-4203-a7f9-9cb148c9e11b: valid; 2.2 s; peak memory 11808 MiB.
2026-10-08T21:04:57Z INFO [1969/2500] ada0000a-094c-4618-b446-030fb0760cfe: not valid; 1.6 s; peak memory 11808 MiB.
2026-10-08T21:05:02Z INFO [1970/2500] ada011fc-e8d0-4f2b-9a8c-3fab44e92095: valid; 4.9 s; peak memory 11808 MiB.
2026-10-08T21:05:05Z INFO [1971/2500] ada1db6d-0932-44e3-8d23-3ec78c86a904: not valid; 2.8 s; peak memory 11808 MiB.
2026-10-08T21:05:07Z WARNING ada1f18d-2596-421f-980d-f10b7e79ee0b: failed while opening the NWB file (ConstructError: (root/acquisition/_iblmic_audioSpectrogram/bands GroupBuilder {'attributes': {'colnames': array(['freq'], dtype=object), 'description': 'spectogram frequencies', 'namespace': 'core', 'neurodata_type': 'FrequencyBandsTable', 'object_id': '55ec57e4-6530-4843-99a6-4fac3f46145a'}, 'groups': {}, 'datasets': {'freq': root/acquisition/_iblmic_audioSpectrogram/bands/freq DatasetBuilder {'attributes': {'description': 'frequency value', 'namespace': 'hdmf-common', 'neurodata_type': 'VectorData', 'object_id': 'f5372137-c0ea-4fba-b03a-bd8e3e9c8176'}, 'data': <HDF5 dataset "freq": shape (257,), type "<f4">}, 'id': root/acquisition/_iblmic_audioSpectrogram/bands/id DatasetBuilder {'attributes': {'namespace': 'hdmf-common', 'neurodata_type': 'ElementIdentifiers', 'object_id': '9ef143e4-1efe-42b6-b911-e861d3ae1b32'}, 'data': <HDF5 dataset "id": shape (257,), type "<i4">}}, 'links': {}}, "Could not construct FrequencyBandsTable object due to: column must have the same number of rows as 'id'"))
2026-10-08T21:05:15Z INFO [1973/2500] ada21eef-694b-4158-af5e-16499648d828: valid; 8.0 s; peak memory 11808 MiB.
2026-10-08T21:06:14Z INFO [1974/2500] ada26d3f-9a48-46d9-8971-9dd8863a8a53: valid; 58.7 s; peak memory 11808 MiB.
2026-10-08T21:06:18Z INFO [1975/2500] ada3a6de-502a-42b4-8847-e17985de9111: valid; 4.7 s; peak memory 11808 MiB.
2026-10-08T21:06:28Z INFO [1976/2500] ada40ee3-6f91-4ff0-a8d8-a9e8ba98ef36: valid; 9.9 s; peak memory 11808 MiB.
2026-10-08T21:07:04Z INFO [1977/2500] ada54b84-1be9-42f2-baff-579611110483: valid; 36.0 s; peak memory 11808 MiB.
2026-10-08T21:07:07Z INFO [1978/2500] ada553aa-9747-4257-8bb7-127234cf79d5: valid; 3.0 s; peak memory 11808 MiB.
2026-10-08T21:07:09Z INFO [1979/2500] ada5faf4-a588-41ca-9743-5ccc170e2e10: valid; 1.6 s; peak memory 11808 MiB.
2026-10-08T21:07:11Z WARNING ada60c57-c79e-4ba9-af62-25ca0d766839: failed while opening the NWB file (ConstructError: (root/acquisition/event_code_meanings GroupBuilder {'attributes': {'colnames': array(['value', 'meaning'], dtype=object), 'description': 'Mapping integer event codes to event labels', 'namespace': 'ndx-events', 'neurodata_type': 'MeaningsTable', 'object_id': '62bb958f-c8ec-48ed-bf8c-11ea3decf03b'}, 'groups': {}, 'datasets': {'id': root/acquisition/event_code_meanings/id DatasetBuilder {'attributes': {'namespace': 'hdmf-common', 'neurodata_type': 'ElementIdentifiers', 'object_id': '4d851b5a-da18-43c7-9461-8e3f444b9557'}, 'data': <HDF5 dataset "id": shape (26,), type "<i8">}, 'meaning': root/acquisition/event_code_meanings/meaning DatasetBuilder {'attributes': {'description': 'The meaning of the value in the parent CategoricalVectorData object.', 'namespace': 'hdmf-experimental', 'neurodata_type': 'VectorData', 'object_id': 'c7a41c1c-6ff9-4991-b5f9-9d814b82e75d'}, 'data': <StrDataset for HDF5 dataset "meaning": shape (26,), type "|O">}, 'value': root/acquisition/event_code_meanings/value DatasetBuilder {'attributes': {'description': 'The value of the parent CategoricalVectorData object.', 'namespace': 'hdmf-experimental', 'neurodata_type': 'VectorData', 'object_id': '2810e8e2-1366-4a25-acf3-79d961c350d4'}, 'data': <HDF5 dataset "value": shape (26,), type "<i8">}}, 'links': {}}, "Could not construct MeaningsTable object due to: MeaningsTable.__init__: missing argument 'target'"))
2026-10-08T21:07:19Z INFO [1981/2500] ada67b1f-58d7-4fba-9fd2-c2a450b0dbc7: valid; 8.0 s; peak memory 11808 MiB.
2026-10-08T21:07:23Z INFO [1982/2500] ada68a41-9a20-4b08-b914-a5dbd21ac0b9: valid; 3.6 s; peak memory 11808 MiB.
2026-10-08T21:07:24Z INFO [1983/2500] ada695f5-c881-4b20-858f-1ddecd884d5f: valid; 1.5 s; peak memory 11808 MiB.
2026-10-08T21:07:29Z INFO [1984/2500] ada6dbcc-b0ad-4636-96e1-d8881543cb52: valid; 4.7 s; peak memory 11808 MiB.
2026-10-08T21:07:53Z INFO [1985/2500] ada716eb-2098-4b9d-b64a-481446b6052a: valid; 23.8 s; peak memory 11808 MiB.
2026-10-08T21:07:55Z INFO [1986/2500] ada80ebe-1e60-4dfb-a7b9-46f4ab54f8bf: valid; 2.4 s; peak memory 11808 MiB.
2026-10-08T21:08:00Z INFO [1987/2500] ada87709-b76f-4afc-9851-5939430abee8: valid; 5.1 s; peak memory 11808 MiB.
2026-10-08T21:11:49Z INFO [1988/2500] ada8a50a-8583-4172-af1a-6d4235a5ebb6: valid; 229.1 s; peak memory 11808 MiB.
2026-10-08T21:11:52Z INFO [1989/2500] ada8c65f-c8bd-4cb0-a835-9055e123ca34: valid; 2.5 s; peak memory 11808 MiB.
2026-10-08T21:11:53Z INFO [1990/2500] ada9c59f-de14-49b2-81db-18c45c872a15: not valid; 1.5 s; peak memory 11808 MiB.
2026-10-08T21:11:55Z INFO [1991/2500] ada9dbbc-0da8-48cc-9752-32ccb80c6cd9: valid; 1.4 s; peak memory 11808 MiB.
2026-10-08T21:11:56Z INFO [1992/2500] adaa9a33-ec07-4363-a50f-e0a50ffaf745: valid; 1.6 s; peak memory 11808 MiB.
2026-10-08T21:12:01Z INFO [1993/2500] adaa9ad1-9a90-490d-8f4e-eaeb6400043e: not valid; 4.6 s; peak memory 11808 MiB.
2026-10-08T21:12:07Z INFO [1994/2500] adaab9e8-9be6-47ec-8f8c-27b0df23da3c: not valid; 5.9 s; peak memory 11808 MiB.
2026-10-08T21:12:09Z INFO [1995/2500] adab282b-3b56-46ae-b0ad-1b3724108d36: not valid; 1.7 s; peak memory 11808 MiB.
2026-10-08T21:12:11Z INFO [1996/2500] adabd591-7acb-4d70-9bd9-6ce57b205529: valid; 2.1 s; peak memory 11808 MiB.
2026-10-08T21:12:14Z INFO [1997/2500] adac3d99-f36d-477c-a87a-1adadd124c99: valid; 3.4 s; peak memory 11808 MiB.
2026-10-08T21:12:16Z INFO [1998/2500] adaca4b8-23a9-4646-b3cc-7c583e5bf8be: valid; 1.4 s; peak memory 11808 MiB.
2026-10-08T21:12:20Z INFO [1999/2500] adacd0df-28d4-4fc8-b634-bc7092b8cc4f: not valid; 4.5 s; peak memory 11808 MiB.
2026-10-08T21:12:21Z INFO [2000/2500] adad2a52-dc31-40f6-bf4b-02838de32b5d: valid; 1.5 s; peak memory 11808 MiB.
2026-10-08T21:12:23Z INFO [2000/2500] adad2a52-dc31-40f6-bf4b-02838de32b5d: checkpointed 178010 new records.
2026-10-08T21:12:25Z INFO [2001/2500] adada6c0-0e4d-4cda-82c2-86981b7fc01f: valid; 1.9 s; peak memory 11808 MiB.
2026-10-08T21:12:29Z INFO [2002/2500] adae50eb-bc8e-4e9e-bd3f-1163926725ef: not valid; 4.0 s; peak memory 11808 MiB.
2026-10-08T21:12:30Z INFO [2003/2500] adae81fe-e521-4a4e-ae38-a5189f6b9239: valid; 1.5 s; peak memory 11808 MiB.
2026-10-08T21:12:31Z INFO [2004/2500] adaeb85f-5c94-42c4-976a-d788709fd1ee: valid; 1.0 s; peak memory 11808 MiB.
2026-10-08T21:12:32Z INFO [2005/2500] adaed9b0-110f-4c4a-af87-928fa2a9eba1: not valid; 1.3 s; peak memory 11808 MiB.
2026-10-08T21:12:34Z INFO [2006/2500] adafb4b7-9e24-49ee-b560-947c1808a30a: not valid; 1.7 s; peak memory 11808 MiB.
2026-10-08T21:12:39Z INFO [2007/2500] adb03b41-e530-4f52-9369-015ec70154bf: valid; 4.5 s; peak memory 11808 MiB.
2026-10-08T21:12:42Z INFO [2008/2500] adb08d4b-a7fc-4163-8c62-bd5e78f6f82c: valid; 3.2 s; peak memory 11808 MiB.
2026-10-08T21:12:43Z INFO [2009/2500] adb175ec-7a3b-40e0-b8db-353c85403adb: valid; 1.4 s; peak memory 11808 MiB.
2026-10-08T21:12:45Z INFO [2010/2500] adb1a9e3-d2e8-4554-84d8-3d95eecf0d1e: valid; 1.4 s; peak memory 11808 MiB.
2026-10-08T21:12:48Z INFO [2011/2500] adb1c879-a315-447d-8cae-5785af35bcfa: valid; 2.8 s; peak memory 11808 MiB.
2026-10-08T21:12:50Z WARNING adb20857-1b9f-40f5-826d-53387bcf7d8f: failed while opening the NWB file (ConstructError: (root/acquisition/_iblmic_audioSpectrogram/bands GroupBuilder {'attributes': {'colnames': array(['freq'], dtype=object), 'description': 'spectogram frequencies', 'namespace': 'core', 'neurodata_type': 'FrequencyBandsTable', 'object_id': 'ee65573a-bdd4-48c7-a7ad-73b73830d62e'}, 'groups': {}, 'datasets': {'freq': root/acquisition/_iblmic_audioSpectrogram/bands/freq DatasetBuilder {'attributes': {'description': 'frequency value', 'namespace': 'hdmf-common', 'neurodata_type': 'VectorData', 'object_id': 'b8c2a8d0-6b17-48e4-8070-913d4c28da79'}, 'data': <HDF5 dataset "freq": shape (257,), type "<f4">}, 'id': root/acquisition/_iblmic_audioSpectrogram/bands/id DatasetBuilder {'attributes': {'namespace': 'hdmf-common', 'neurodata_type': 'ElementIdentifiers', 'object_id': '45f5780e-15b0-45eb-a3ed-35a44eed20c3'}, 'data': <HDF5 dataset "id": shape (257,), type "<i4">}}, 'links': {}}, "Could not construct FrequencyBandsTable object due to: column must have the same number of rows as 'id'"))
2026-10-08T21:12:51Z INFO [2013/2500] adb20beb-f75f-4d2d-a356-77dfe69c186c: not valid; 1.6 s; peak memory 11808 MiB.
2026-10-08T21:12:54Z INFO [2014/2500] adb22735-036e-4bb9-87f2-20673f2bce6a: valid; 2.2 s; peak memory 11808 MiB.
2026-10-08T21:12:56Z INFO [2015/2500] adb25853-cdd2-4908-bd96-5e472100b371: valid; 2.1 s; peak memory 11808 MiB.
2026-10-08T21:12:57Z INFO [2016/2500] adb26e66-58bc-475a-a9c9-f29b153f2e84: valid; 1.5 s; peak memory 11808 MiB.
2026-10-08T21:12:58Z INFO [2017/2500] adb27b5e-0722-4b52-ba9f-31003a48a082: valid; 1.2 s; peak memory 11808 MiB.
2026-10-08T21:13:00Z INFO [2018/2500] adb2a7bc-1772-4596-ac62-704cf3ed8cfb: not valid; 1.7 s; peak memory 11808 MiB.
2026-10-08T21:13:02Z INFO [2019/2500] adb33fe0-cf58-46fc-967f-28de5f6cdf4c: not valid; 1.6 s; peak memory 11808 MiB.
2026-10-08T21:13:03Z INFO [2020/2500] adb35732-d383-4a05-8b9d-61781dc05331: valid; 1.5 s; peak memory 11808 MiB.
2026-10-08T21:13:06Z INFO [2021/2500] adb36afa-b019-4283-b431-280dc4cc267a: valid; 3.2 s; peak memory 11808 MiB.
2026-10-08T21:13:09Z INFO [2022/2500] adb3fafe-c35b-4894-8553-e544efbb67c5: valid; 3.0 s; peak memory 11808 MiB.
2026-10-08T21:13:11Z INFO [2023/2500] adb412d3-f37a-40aa-a320-9b94c559add6: valid; 1.4 s; peak memory 11808 MiB.
2026-10-08T21:13:13Z INFO [2024/2500] adb41454-206f-490a-83ff-a155ac739c22: valid; 2.5 s; peak memory 11808 MiB.
2026-10-08T21:13:17Z INFO [2025/2500] adb46b8a-a7db-42cc-bf28-d0bfbdafa492: not valid; 4.0 s; peak memory 11808 MiB.
2026-10-08T21:13:20Z INFO [2026/2500] adb47412-544a-430f-a0be-f0337553c18f: valid; 2.7 s; peak memory 11808 MiB.
2026-10-08T21:13:21Z INFO [2027/2500] adb48f12-e31e-4d6d-94e8-ab21d01faa9a: not valid; 1.6 s; peak memory 11808 MiB.
2026-10-08T21:13:23Z INFO [2028/2500] adb49d58-27cb-467c-ae33-311b6d16752a: not valid; 1.5 s; peak memory 11808 MiB.
2026-10-08T21:13:26Z INFO [2029/2500] adb53bf4-45cf-4466-b1da-dc62d13dc2f7: valid; 3.4 s; peak memory 11808 MiB.
2026-10-08T21:13:32Z INFO [2030/2500] adb54be1-e940-4267-b8c8-dfe4a039e395: valid; 5.6 s; peak memory 11808 MiB.
2026-10-08T21:13:34Z INFO [2031/2500] adb5e8b5-1c12-4d7d-8e73-2f37b388a987: not valid; 1.9 s; peak memory 11808 MiB.
2026-10-08T21:13:36Z INFO [2032/2500] adb64a81-4e6d-484f-901c-6fabb556f702: valid; 1.9 s; peak memory 11808 MiB.
2026-10-08T21:13:39Z INFO [2033/2500] adb67854-b7e7-47ef-88bc-7ca8d7578467: not valid; 3.4 s; peak memory 11808 MiB.
2026-10-08T21:13:42Z INFO [2034/2500] adb6aa73-8e1b-470d-9ffe-96a51290ce90: valid; 2.3 s; peak memory 11808 MiB.
2026-10-08T21:13:43Z INFO [2035/2500] adb7354d-b8ab-40a8-8437-fde8112536ad: not valid; 1.9 s; peak memory 11808 MiB.
2026-10-08T21:13:45Z INFO [2036/2500] adb73b01-7482-4a6e-87f9-fdfb64d53a38: valid; 1.6 s; peak memory 11808 MiB.
2026-10-08T21:13:46Z INFO [2037/2500] adb74d99-d626-436f-80fb-371d2d6a0a8a: valid; 1.5 s; peak memory 11808 MiB.
2026-10-08T21:13:48Z INFO [2038/2500] adb78925-3fe8-43b4-be90-8556202620f8: valid; 2.0 s; peak memory 11808 MiB.
2026-10-08T21:13:50Z INFO [2039/2500] adb7ab25-c87d-4e5a-a86c-38618ccd379f: valid; 1.3 s; peak memory 11808 MiB.
2026-10-08T21:13:52Z INFO [2040/2500] adb821d4-6a65-49f8-817e-b3c796894c72: valid; 2.1 s; peak memory 11808 MiB.
2026-10-08T21:13:55Z INFO [2041/2500] adb84270-b2c7-4b07-be67-49299fbf28cd: valid; 3.1 s; peak memory 11808 MiB.
2026-10-08T21:14:01Z INFO [2042/2500] adb8951d-c422-405c-892d-bda3a39a0a4b: valid; 5.6 s; peak memory 11808 MiB.
2026-10-08T21:14:02Z INFO [2043/2500] adb8a9e1-66b7-4df5-aaeb-a44df90743d2: valid; 1.1 s; peak memory 11808 MiB.
2026-10-08T21:14:07Z INFO [2044/2500] adb8ec26-dd8f-4782-a64f-6c8c43e2e5c3: valid; 4.9 s; peak memory 11808 MiB.
2026-10-08T21:14:09Z INFO [2045/2500] adb91a63-9783-4f34-bfe9-81d62b36be67: not valid; 2.1 s; peak memory 11808 MiB.
2026-10-08T21:14:17Z INFO [2046/2500] adb9abf4-5660-42a3-ac63-870ef46c6208: valid; 8.8 s; peak memory 11808 MiB.
2026-10-08T21:14:19Z INFO [2047/2500] adb9b6ce-60e7-4055-9278-fae803c2224e: valid; 1.4 s; peak memory 11808 MiB.
2026-10-08T21:14:26Z INFO [2048/2500] adba03dc-fbc2-49f2-88e7-3260dad9ef85: not valid; 7.4 s; peak memory 11808 MiB.
2026-10-08T21:14:28Z INFO [2049/2500] adbac2b7-6fc6-48bb-8c7f-a51bc76a7b30: valid; 1.2 s; peak memory 11808 MiB.
2026-10-08T21:14:29Z INFO [2050/2500] adbb0d0b-f09b-42e9-89ed-0d03e8d797e2: valid; 1.5 s; peak memory 11808 MiB.
2026-10-08T21:14:30Z INFO [2050/2500] adbb0d0b-f09b-42e9-89ed-0d03e8d797e2: checkpointed 178060 new records.
2026-10-08T21:14:32Z INFO [2051/2500] adbbeaf5-7a2d-4314-bace-17363df0c11d: valid; 1.5 s; peak memory 11808 MiB.
2026-10-08T21:14:35Z INFO [2052/2500] adbc11ff-fcc3-4494-ae45-bcfe0589c46d: valid; 2.9 s; peak memory 11808 MiB.
2026-10-08T21:14:36Z INFO [2053/2500] adbc393b-42f8-4763-b64a-75e90301ed78: valid; 1.6 s; peak memory 11808 MiB.
2026-10-08T21:14:39Z INFO [2054/2500] adbc6572-7c18-42c9-9fd7-6144966d2af5: valid; 3.0 s; peak memory 11808 MiB.
2026-10-08T21:14:42Z INFO [2055/2500] adbe6230-8a71-4397-bf80-65dc20b84dfc: valid; 2.5 s; peak memory 11808 MiB.
2026-10-08T21:14:48Z INFO [2056/2500] adbe8129-dee4-4e81-9484-ecbddae7e9c6: not valid; 6.1 s; peak memory 11808 MiB.
2026-10-08T21:15:06Z INFO [2057/2500] adbeb47a-f2b7-4acf-9fbe-c9681b4b6cfa: valid; 18.7 s; peak memory 11808 MiB.
2026-10-08T21:15:14Z INFO [2058/2500] adbee5a0-4952-4cb3-9682-69d7c53bedeb: valid; 8.0 s; peak memory 11808 MiB.
2026-10-08T21:15:17Z INFO [2059/2500] adbfd50a-7360-42b5-b0ca-fd532258c5ff: valid; 2.2 s; peak memory 11808 MiB.
2026-10-08T21:15:18Z INFO [2060/2500] adc00615-77df-4118-ba8f-b38f7b0a7b3d: valid; 1.4 s; peak memory 11808 MiB.
2026-10-08T21:15:37Z INFO [2061/2500] adc0894f-b220-4c21-9ef9-59bdaa818201: valid; 19.2 s; peak memory 11808 MiB.
2026-10-08T21:15:39Z INFO [2062/2500] adc0d639-0ef8-4809-87ed-633fe8bc0c16: not valid; 1.7 s; peak memory 11808 MiB.
2026-10-08T21:15:40Z INFO [2063/2500] adc14b8a-4ef9-4e2d-87e3-f1b3a62c6d2c: valid; 1.4 s; peak memory 11808 MiB.
2026-10-08T21:15:46Z INFO [2064/2500] adc199a7-1fc2-4628-a29e-719366ec1088: valid; 5.2 s; peak memory 11808 MiB.
2026-10-08T21:15:47Z INFO [2065/2500] adc1b5f4-5cef-4e25-b3f2-19c9ade73145: valid; 2.0 s; peak memory 11808 MiB.
2026-10-08T21:15:52Z INFO [2066/2500] adc214c6-a988-41d2-a9b9-42ae8f272a77: valid; 5.0 s; peak memory 11808 MiB.
2026-10-08T21:15:54Z INFO [2067/2500] adc24e19-25bc-4626-9a1e-8eea245f0a8f: valid; 2.0 s; peak memory 11808 MiB.
2026-10-08T21:15:58Z INFO [2068/2500] adc2668d-8e58-449f-8f10-4f8c8848ef55: valid; 3.2 s; peak memory 11808 MiB.
2026-10-08T21:15:59Z INFO [2069/2500] adc2670a-fe1b-48bb-a550-31142e5c6c58: valid; 1.3 s; peak memory 11808 MiB.
2026-10-08T21:16:00Z INFO [2070/2500] adc3b296-b557-445b-a67f-4022e83ed488: valid; 1.4 s; peak memory 11808 MiB.
2026-10-08T21:16:04Z INFO [2071/2500] adc3debe-e469-4de2-b9ce-8e569a139225: not valid; 3.9 s; peak memory 11808 MiB.
2026-10-08T21:16:07Z INFO [2072/2500] adc4508d-8f24-4aab-a55d-b4c377022029: valid; 2.4 s; peak memory 11808 MiB.
2026-10-08T21:16:08Z INFO [2073/2500] adc46304-0a09-4d9d-be30-5873d53334ef: not valid; 1.8 s; peak memory 11808 MiB.
2026-10-08T21:16:12Z INFO [2074/2500] adc46ac5-3bae-466f-a92e-a19e10a4d6af: valid; 3.2 s; peak memory 11808 MiB.
2026-10-08T21:16:14Z WARNING adc46fec-2bed-40d6-920f-476af777c056: failed while opening the NWB file (ConstructError: (root/acquisition/_iblmic_audioSpectrogram/bands GroupBuilder {'attributes': {'colnames': array(['freq'], dtype=object), 'description': 'spectogram frequencies', 'namespace': 'core', 'neurodata_type': 'FrequencyBandsTable', 'object_id': 'e8213960-7cbb-42c9-a282-55ecfcc3af89'}, 'groups': {}, 'datasets': {'freq': root/acquisition/_iblmic_audioSpectrogram/bands/freq DatasetBuilder {'attributes': {'description': 'frequency value', 'namespace': 'hdmf-common', 'neurodata_type': 'VectorData', 'object_id': '626fbbbf-3cb1-4c91-88e9-dd838f874d79'}, 'data': <HDF5 dataset "freq": shape (257,), type "<f4">}, 'id': root/acquisition/_iblmic_audioSpectrogram/bands/id DatasetBuilder {'attributes': {'namespace': 'hdmf-common', 'neurodata_type': 'ElementIdentifiers', 'object_id': 'd2f91169-8ca6-4f2b-9c04-0a6b804f7481'}, 'data': <HDF5 dataset "id": shape (257,), type "<i4">}}, 'links': {}}, "Could not construct FrequencyBandsTable object due to: column must have the same number of rows as 'id'"))
2026-10-08T21:16:15Z INFO [2076/2500] adc4cff2-60af-4952-9196-75b19ec7cb79: valid; 1.4 s; peak memory 11808 MiB.
2026-10-08T21:16:17Z INFO [2077/2500] adc5791b-070d-417c-9c77-69ca47ec69e9: not valid; 1.9 s; peak memory 11808 MiB.
2026-10-08T21:16:19Z INFO [2078/2500] adc5be44-2eac-4745-92ac-785aa6b5623a: not valid; 1.7 s; peak memory 11808 MiB.
2026-10-08T21:16:21Z INFO [2079/2500] adc5d345-8569-425f-b9f2-19172ac465e1: not valid; 2.8 s; peak memory 11808 MiB.
2026-10-08T21:16:23Z INFO [2080/2500] adc619b5-775e-4cfe-9580-dfb7ee79046d: valid; 1.4 s; peak memory 11808 MiB.
2026-10-08T21:16:24Z INFO [2081/2500] adc6b198-f107-4424-829c-61a38559d736: valid; 1.5 s; peak memory 11808 MiB.
2026-10-08T21:16:26Z INFO [2082/2500] adc6de56-f2ef-4b83-9f5d-0e8918ddb500: valid; 1.9 s; peak memory 11808 MiB.
2026-10-08T21:16:28Z INFO [2083/2500] adc7670a-5c3f-409c-b31b-42be017cf3c6: not valid; 1.3 s; peak memory 11808 MiB.
2026-10-08T21:16:31Z INFO [2084/2500] adc76b3f-87ea-402a-ad02-957e30d16efb: valid; 3.0 s; peak memory 11808 MiB.
2026-10-08T21:16:32Z INFO [2085/2500] adc7a83e-4119-4775-ac0c-577ac63dc814: not valid; 1.5 s; peak memory 11808 MiB.
2026-10-08T21:16:35Z INFO [2086/2500] adc7ef49-84a5-41e9-a194-b88a097ee3a6: valid; 2.6 s; peak memory 11808 MiB.
2026-10-08T21:16:37Z INFO [2087/2500] adc847d6-33a2-4e51-a385-331984937c4d: valid; 2.1 s; peak memory 11808 MiB.
2026-10-08T21:16:40Z INFO [2088/2500] adc8a4f6-7d02-4c80-9373-5447cd272425: valid; 3.2 s; peak memory 11808 MiB.
2026-10-08T21:16:42Z INFO [2089/2500] adc926cd-bc01-4596-992e-47f8d79b45eb: valid; 2.3 s; peak memory 11808 MiB.
2026-10-08T21:16:44Z INFO [2090/2500] adc96487-6815-4229-8fc4-74ce0d7c8fa3: valid; 1.4 s; peak memory 11808 MiB.
2026-10-08T21:16:45Z INFO [2091/2500] adc9b819-a065-4661-8021-b81b83ad35c1: valid; 1.5 s; peak memory 11808 MiB.
2026-10-08T21:16:47Z INFO [2092/2500] adc9fc8d-6161-489d-a310-f38d4a5d0734: valid; 1.6 s; peak memory 11808 MiB.
2026-10-08T21:16:48Z INFO [2093/2500] adcab695-aa40-4c5c-888d-641cb38ad83e: valid; 1.5 s; peak memory 11808 MiB.
2026-10-08T21:17:34Z INFO [2094/2500] adcc424b-6cf5-4440-8621-0efa05563a9d: not valid; 45.4 s; peak memory 11808 MiB.
2026-10-08T21:17:37Z INFO [2095/2500] adcce255-b57a-496f-b7e7-6906e3e70762: valid; 3.5 s; peak memory 11808 MiB.
2026-10-08T21:17:39Z INFO [2096/2500] adcd73fa-6b4b-437a-8b51-6ef420ca5804: not valid; 1.9 s; peak memory 11808 MiB.
2026-10-08T21:17:41Z INFO [2097/2500] adcdadfd-e3d9-4e46-a707-85e9e4b2e118: not valid; 2.2 s; peak memory 11808 MiB.
2026-10-08T21:17:43Z INFO [2098/2500] adcdc080-4a40-4f12-bc47-2bec75738dde: not valid; 1.5 s; peak memory 11808 MiB.
2026-10-08T21:17:46Z INFO [2099/2500] adcdde6f-337f-4cd3-881a-185dd3e0a35a: valid; 3.2 s; peak memory 11808 MiB.
2026-10-08T21:17:53Z INFO [2100/2500] adcdea40-ed5b-4d76-b290-99ae3a207a21: not valid; 7.1 s; peak memory 11808 MiB.
2026-10-08T21:17:54Z INFO [2100/2500] adcdea40-ed5b-4d76-b290-99ae3a207a21: checkpointed 178110 new records.
2026-10-08T21:18:02Z INFO [2101/2500] adcded4a-6569-422f-b1fe-d660b6e49c96: not valid; 7.3 s; peak memory 11808 MiB.
2026-10-08T21:18:03Z INFO [2102/2500] adce7921-7e0b-4689-994a-34a41a3944f9: valid; 1.3 s; peak memory 11808 MiB.
2026-10-08T21:18:05Z INFO [2103/2500] adce892e-894c-4130-811a-712fde43c336: not valid; 2.2 s; peak memory 11808 MiB.
2026-10-08T21:18:07Z INFO [2104/2500] adceb806-fb39-41ab-b95e-95b39fa488b0: valid; 1.5 s; peak memory 11808 MiB.
2026-10-08T21:18:08Z INFO [2105/2500] adcf1a2b-ecda-4d23-a941-729096b10942: valid; 1.4 s; peak memory 11808 MiB.
2026-10-08T21:18:10Z INFO [2106/2500] adcfa005-a5e4-4c60-bed0-6364f701505e: not valid; 1.5 s; peak memory 11808 MiB.
2026-10-08T21:18:11Z INFO [2107/2500] adcfbe98-2a5e-4e94-9674-d18b37dbf9da: valid; 1.7 s; peak memory 11808 MiB.
2026-10-08T21:18:19Z INFO [2108/2500] add006b5-e15d-4590-9f5c-05838038d579: valid; 7.9 s; peak memory 11808 MiB.
2026-10-08T21:18:41Z INFO [2109/2500] add0ced8-10ec-49f2-a5d8-eee8240e79e5: valid; 21.7 s; peak memory 11808 MiB.
2026-10-08T21:18:44Z INFO [2110/2500] add0d7a5-3c02-4a4c-97ef-730bc5404af0: valid; 3.0 s; peak memory 11808 MiB.
2026-10-08T21:18:45Z INFO [2111/2500] add20039-eef6-4631-9229-1185a62356f2: not valid; 1.0 s; peak memory 11808 MiB.
2026-10-08T21:18:53Z INFO [2112/2500] add28648-a2db-44c0-936c-1ff4fa695616: valid; 7.8 s; peak memory 11808 MiB.
2026-10-08T21:18:55Z INFO [2113/2500] add2ca9d-cff2-47da-8845-1fdac849cfb6: valid; 2.1 s; peak memory 11808 MiB.
2026-10-08T21:18:57Z INFO [2114/2500] add31a43-4231-40c9-8118-ab857cedb53c: not valid; 1.8 s; peak memory 11808 MiB.
2026-10-08T21:18:58Z INFO [2115/2500] add33d9e-24f9-44ae-92c2-a61774257d3b: valid; 1.7 s; peak memory 11808 MiB.
2026-10-08T21:19:02Z INFO [2116/2500] add36e64-3a3a-438e-8de9-7313f6ece0b3: valid; 3.4 s; peak memory 11808 MiB.
2026-10-08T21:19:02Z WARNING add37a58-36b9-43ba-a4d8-97a7a5cf1543: failed while retrieving asset information from the DANDI API (NotFoundError: No asset at path 'sub-parkinson-simulated-lfp/sub-parkinson-simulated-lfp_ses-5829_ecephys.nwb' in version 0.250327.2220. Verify the path is correct and the asset exists in this version. Use 'dandi ls' to list available assets.)
2026-10-08T21:19:04Z INFO [2118/2500] add3b1e2-7852-4f31-95fd-d7553066b7e7: valid; 2.1 s; peak memory 11808 MiB.
2026-10-08T21:19:05Z INFO [2119/2500] add440a9-4e9f-4488-935f-4c81ccba958d: valid; 1.2 s; peak memory 11808 MiB.
2026-10-08T21:19:08Z INFO [2120/2500] add46aee-dd28-4658-9b69-649441705c9b: valid; 2.6 s; peak memory 11808 MiB.
2026-10-08T21:19:10Z INFO [2121/2500] add4ae54-d401-40ac-9b6d-62596a8c8634: valid; 2.1 s; peak memory 11808 MiB.
2026-10-08T21:19:18Z INFO [2122/2500] add51802-e7fa-4ae5-8c47-a0bc7afb29af: valid; 8.1 s; peak memory 11808 MiB.
2026-10-08T21:19:19Z INFO [2123/2500] add6056d-a9bb-43f3-98d7-ff3db9aa978e: valid; 1.5 s; peak memory 11808 MiB.
2026-10-08T21:19:21Z INFO [2124/2500] add6336f-00a7-4049-9a79-982fb872c2a4: not valid; 1.8 s; peak memory 11808 MiB.
2026-10-08T21:19:23Z INFO [2125/2500] add66448-c6df-4ee7-89d3-e4ca49307031: valid; 1.5 s; peak memory 11808 MiB.
2026-10-08T21:19:28Z INFO [2126/2500] add71045-2d45-43b7-8f43-e8e3aae32030: valid; 5.7 s; peak memory 11808 MiB.
2026-10-08T21:19:30Z INFO [2127/2500] add89406-9514-4d95-ac52-ea3fd277b7c9: not valid; 1.7 s; peak memory 11808 MiB.
2026-10-08T21:19:33Z INFO [2128/2500] add8b3f1-5e44-4244-bcf8-41503da8e2aa: valid; 2.5 s; peak memory 11808 MiB.
2026-10-08T21:19:34Z INFO [2129/2500] add9bbb6-d673-4c42-9989-ab55234d3c59: valid; 1.2 s; peak memory 11808 MiB.
2026-10-08T21:19:36Z INFO [2130/2500] adda7616-6224-4ffe-beea-4034b81569cb: not valid; 2.4 s; peak memory 11808 MiB.
2026-10-08T21:19:38Z INFO [2131/2500] addafd07-53ca-4539-a9e4-5db1033c7c2b: valid; 1.9 s; peak memory 11808 MiB.
2026-10-08T21:19:40Z INFO [2132/2500] addbdf44-6910-4e2d-be03-2df441730ebe: not valid; 1.8 s; peak memory 11808 MiB.
2026-10-08T21:19:42Z INFO [2133/2500] addcacb0-5c2d-4b0a-951c-a0c4b3944938: valid; 2.0 s; peak memory 11808 MiB.
2026-10-08T21:19:45Z INFO [2134/2500] addcc6cd-f165-4e70-a21f-2cfe7ffc2219: valid; 2.5 s; peak memory 11808 MiB.
2026-10-08T21:19:46Z INFO [2135/2500] addd1442-3baf-4184-bac8-b10d6a564ddd: not valid; 1.7 s; peak memory 11808 MiB.
2026-10-08T21:19:48Z INFO [2136/2500] adde0ecf-99e5-4a6d-a515-3242279dd00c: valid; 2.0 s; peak memory 11808 MiB.
2026-10-08T21:19:50Z INFO [2137/2500] adde7796-4aff-4c69-9762-826977317ba0: valid; 1.3 s; peak memory 11808 MiB.
2026-10-08T21:19:51Z INFO [2138/2500] addec8cc-2077-47bf-a86e-a14ded55cc33: valid; 1.3 s; peak memory 11808 MiB.
2026-10-08T21:19:54Z INFO [2139/2500] addee158-d731-4bb8-b974-7cb73bd1f113: valid; 2.8 s; peak memory 11808 MiB.
2026-10-08T21:19:55Z INFO [2140/2500] addee4e5-767a-4d5b-9bbe-64c7d77ba875: valid; 1.4 s; peak memory 11808 MiB.
2026-10-08T21:19:57Z INFO [2141/2500] addf05d4-40e8-446b-b16f-0a4148a90962: valid; 1.5 s; peak memory 11808 MiB.
2026-10-08T21:19:58Z INFO [2142/2500] addfd254-79fa-40d0-811b-5e9629a418e1: not valid; 1.8 s; peak memory 11808 MiB.
2026-10-08T21:20:00Z INFO [2143/2500] ade01e55-0fe4-43a1-b4eb-495a6f46133a: valid; 1.3 s; peak memory 11808 MiB.
2026-10-08T21:20:02Z INFO [2144/2500] ade01ec4-ac36-4522-9c8f-ea7474a0fecf: valid; 2.2 s; peak memory 11808 MiB.
2026-10-08T21:20:04Z WARNING ade04555-29d8-4549-80f4-12302d3ab4f0: failed while opening the NWB file (ConstructError: (root/acquisition/_iblmic_audioSpectrogram/bands GroupBuilder {'attributes': {'colnames': array(['freq'], dtype=object), 'description': 'spectogram frequencies', 'namespace': 'core', 'neurodata_type': 'FrequencyBandsTable', 'object_id': '8a697313-75c7-4fa7-b9b5-5397d8382900'}, 'groups': {}, 'datasets': {'freq': root/acquisition/_iblmic_audioSpectrogram/bands/freq DatasetBuilder {'attributes': {'description': 'frequency value', 'namespace': 'hdmf-common', 'neurodata_type': 'VectorData', 'object_id': 'aea60404-8acb-43d8-912b-175ed99d3156'}, 'data': <HDF5 dataset "freq": shape (257,), type "<f4">}, 'id': root/acquisition/_iblmic_audioSpectrogram/bands/id DatasetBuilder {'attributes': {'namespace': 'hdmf-common', 'neurodata_type': 'ElementIdentifiers', 'object_id': '8f5b2737-8f5d-4641-9d77-aa18c7840ef7'}, 'data': <HDF5 dataset "id": shape (257,), type "<i4">}}, 'links': {}}, "Could not construct FrequencyBandsTable object due to: column must have the same number of rows as 'id'"))
2026-10-08T21:20:05Z INFO [2146/2500] ade07602-42a4-4036-a348-d7ae8d482cfd: valid; 1.2 s; peak memory 11808 MiB.
2026-10-08T21:20:08Z INFO [2147/2500] ade0e5f7-3790-44af-bd7f-641e9ce2a367: valid; 2.5 s; peak memory 11808 MiB.
2026-10-08T21:20:09Z INFO [2148/2500] ade129d3-4ca9-431e-b55b-7d6d948357ee: valid; 1.0 s; peak memory 11808 MiB.
2026-10-08T21:20:11Z INFO [2149/2500] ade12e3e-5ecb-41f2-b06b-313831121e1f: valid; 2.2 s; peak memory 11808 MiB.
2026-10-08T21:20:14Z INFO [2150/2500] ade136ef-5d90-4f7c-9127-7e1e1aa3c107: valid; 3.3 s; peak memory 11808 MiB.
2026-10-08T21:20:15Z INFO [2150/2500] ade136ef-5d90-4f7c-9127-7e1e1aa3c107: checkpointed 178160 new records.
2026-10-08T21:20:17Z INFO [2151/2500] ade16399-7ca7-4e61-a5f0-de684bd3d546: valid; 1.4 s; peak memory 11808 MiB.
2026-10-08T21:20:22Z INFO [2152/2500] ade25958-8a12-4809-bd17-101346ade23b: valid; 5.0 s; peak memory 11808 MiB.
2026-10-08T21:20:25Z INFO [2153/2500] ade25db5-3d74-46ec-b742-aaf11cc77c34: valid; 2.9 s; peak memory 11808 MiB.
2026-10-08T21:20:27Z INFO [2154/2500] ade2d5af-4bdf-4612-b768-966f9f79c2bf: valid; 2.0 s; peak memory 11808 MiB.
2026-10-08T21:20:29Z INFO [2155/2500] ade2fdc3-bee1-412d-92f1-972170413b46: valid; 2.3 s; peak memory 11808 MiB.
2026-10-08T21:20:32Z INFO [2156/2500] ade3c225-6782-440a-975f-7527be381ccc: not valid; 2.4 s; peak memory 11808 MiB.
2026-10-08T21:20:34Z INFO [2157/2500] ade3cf82-f39d-4fac-b921-5ea697e7c500: valid; 2.6 s; peak memory 11808 MiB.
2026-10-08T21:20:53Z INFO [2158/2500] ade3fc14-0c15-4cef-85fc-dd6702747c54: valid; 19.2 s; peak memory 11808 MiB.
2026-10-08T21:20:59Z INFO [2159/2500] ade40156-1117-4d0b-9505-18d4a85512e9: valid; 5.4 s; peak memory 11808 MiB.
2026-10-08T21:21:04Z INFO [2160/2500] ade4068d-3642-431f-8e67-4f87a5298f1c: valid; 5.3 s; peak memory 11808 MiB.
2026-10-08T21:21:27Z INFO [2161/2500] ade409e6-c306-4e83-af89-97ca031db8a8: not valid; 23.0 s; peak memory 11808 MiB.
2026-10-08T21:21:29Z INFO [2162/2500] ade47f48-f31e-4603-b391-6f4a6501ee67: not valid; 1.7 s; peak memory 11808 MiB.
2026-10-08T21:21:34Z INFO [2163/2500] ade4c931-81d6-4900-8fc9-a9abf6cf0db6: valid; 4.8 s; peak memory 11808 MiB.
2026-10-08T21:21:35Z INFO [2164/2500] ade4ff8b-a26d-40ed-8984-4a205099e33c: valid; 1.5 s; peak memory 11808 MiB.
2026-10-08T21:21:37Z INFO [2165/2500] ade50327-5389-4baa-80ad-ba2c4ab32e60: valid; 1.7 s; peak memory 11808 MiB.
2026-10-08T21:21:39Z INFO [2166/2500] ade50a08-ac47-4eeb-883e-6b43e4e77d3e: valid; 2.0 s; peak memory 11808 MiB.
2026-10-08T21:21:40Z INFO [2167/2500] ade52a9b-41da-40f4-b44a-75a0e6f13acf: not valid; 1.5 s; peak memory 11808 MiB.
2026-10-08T21:21:45Z INFO [2168/2500] ade59839-43e3-41bf-959a-f1a048e16efb: valid; 5.0 s; peak memory 11808 MiB.
2026-10-08T21:21:47Z INFO [2169/2500] ade5c120-6d67-4e7a-8fea-58691ac72bf1: valid; 1.5 s; peak memory 11808 MiB.
2026-10-08T21:21:48Z INFO [2170/2500] ade5e721-9ed3-4594-b569-4788bf008d71: valid; 1.5 s; peak memory 11808 MiB.
2026-10-08T21:21:51Z INFO [2171/2500] ade64299-e380-4f9d-9780-092b2b650016: valid; 2.5 s; peak memory 11808 MiB.
2026-10-08T21:21:54Z INFO [2172/2500] ade65892-c046-490d-aa7c-0f0aa0ac9c1a: valid; 3.7 s; peak memory 11808 MiB.
2026-10-08T21:22:06Z INFO [2173/2500] ade67cce-065a-41b3-809d-2e987dc4e7a8: valid; 12.0 s; peak memory 11808 MiB.
2026-10-08T21:22:08Z INFO [2174/2500] ade73fd0-b098-4270-b298-62fcff3f2f68: valid; 1.8 s; peak memory 11808 MiB.
2026-10-08T21:22:10Z INFO [2175/2500] ade76c69-a363-4cb9-89fd-98f63a24f194: valid; 2.0 s; peak memory 11808 MiB.
2026-10-08T21:22:26Z INFO [2176/2500] ade77f7a-c23f-4986-8101-4f68489a6c1f: valid; 15.9 s; peak memory 11808 MiB.
2026-10-08T21:22:30Z INFO [2177/2500] ade7963a-b319-4902-8206-063c7f98da7d: valid; 3.5 s; peak memory 11808 MiB.
2026-10-08T21:22:31Z INFO [2178/2500] ade7c5b2-4414-4ec2-9003-1a831a08122c: valid; 1.3 s; peak memory 11808 MiB.
2026-10-08T21:22:33Z INFO [2179/2500] ade88402-b266-42b6-8254-79ebc6588717: not valid; 1.7 s; peak memory 11808 MiB.
2026-10-08T21:22:34Z INFO [2180/2500] ade8a8e5-80c0-497b-9847-c11c058146f6: valid; 1.0 s; peak memory 11808 MiB.
2026-10-08T21:22:37Z INFO [2181/2500] ade8eef3-533c-4655-8967-781df73b81ef: valid; 3.4 s; peak memory 11808 MiB.
2026-10-08T21:22:40Z INFO [2182/2500] ade917ff-0916-4e4e-8623-2ef9f0ea9c7b: valid; 2.7 s; peak memory 11808 MiB.
2026-10-08T21:22:43Z INFO [2183/2500] ade97a10-ced5-45d3-88be-bd2ecca23185: valid; 3.5 s; peak memory 11808 MiB.
2026-10-08T21:22:53Z INFO [2184/2500] ade9f8e0-3d4c-47f0-aae2-b0aead6e1d91: valid; 9.6 s; peak memory 11808 MiB.
2026-10-08T21:22:56Z INFO [2185/2500] adea201c-1b1f-485b-afce-ff738b1d716f: valid; 3.5 s; peak memory 11808 MiB.
2026-10-08T21:23:00Z INFO [2186/2500] adea90fd-cdae-4073-82ad-7a8437248420: not valid; 3.4 s; peak memory 11808 MiB.
2026-10-08T21:23:01Z INFO [2187/2500] adeaf3e2-80e0-42e2-af2c-9e0e11e6eb23: valid; 1.6 s; peak memory 11808 MiB.
2026-10-08T21:23:02Z WARNING adeafbea-8db5-4a83-b189-3ca91ff26648: failed while retrieving asset information from the DANDI API (NotFoundError: No asset at path 'sub-440959/sub-440959_ses-20190221T140717_behavior+ecephys+ogen.nwb' in version 0.231012.2129. Verify the path is correct and the asset exists in this version. Use 'dandi ls' to list available assets.)
2026-10-08T21:23:03Z INFO [2189/2500] adeb27ce-0575-4989-bc67-5ddbe2d6c252: not valid; 1.5 s; peak memory 11808 MiB.
2026-10-08T21:23:05Z INFO [2190/2500] adebf67c-6fa4-4f9f-a5c5-4d4ca5296928: valid; 2.1 s; peak memory 11808 MiB.
2026-10-08T21:23:07Z INFO [2191/2500] adec2b32-7851-47c6-8970-301cf9fa935b: valid; 1.6 s; peak memory 11808 MiB.
2026-10-08T21:23:09Z INFO [2192/2500] adec9837-40fc-40eb-a13f-74a46956b379: not valid; 1.8 s; peak memory 11808 MiB.
2026-10-08T21:23:10Z INFO [2193/2500] adec9d9f-8ecf-40b0-985b-248d67852eb6: valid; 1.5 s; peak memory 11808 MiB.
2026-10-08T21:23:12Z INFO [2194/2500] adeca161-662a-49e4-b83d-27dfdb61cc21: not valid; 1.4 s; peak memory 11808 MiB.
2026-10-08T21:23:14Z INFO [2195/2500] aded9046-b311-49e6-950c-50a5d600bae0: valid; 2.2 s; peak memory 11808 MiB.
2026-10-08T21:23:16Z INFO [2196/2500] adedea4e-047e-46ff-a99f-526ef0bafa4d: not valid; 2.1 s; peak memory 11808 MiB.
2026-10-08T21:23:19Z INFO [2197/2500] adee6283-78fa-4bae-9b19-5b4a4c7c6939: valid; 2.9 s; peak memory 11808 MiB.
2026-10-08T21:23:21Z INFO [2198/2500] adee83fa-f715-4068-a789-6071f4d1c6e7: valid; 1.8 s; peak memory 11808 MiB.
2026-10-08T21:23:23Z INFO [2199/2500] adee8648-9095-4288-b09f-0037e76c1113: valid; 2.7 s; peak memory 11808 MiB.
2026-10-08T21:23:26Z INFO [2200/2500] adef165a-5055-4fb8-ba0d-91518dc310b1: valid; 2.2 s; peak memory 11808 MiB.
2026-10-08T21:23:27Z INFO [2200/2500] adef165a-5055-4fb8-ba0d-91518dc310b1: checkpointed 178210 new records.
2026-10-08T21:23:28Z INFO [2201/2500] adef5ab7-8ce8-4ec9-a8b4-530ca5724f29: not valid; 1.5 s; peak memory 11808 MiB.
2026-10-08T21:23:30Z INFO [2202/2500] adf038bc-7f90-4774-9d03-cd983115d676: valid; 1.4 s; peak memory 11808 MiB.
2026-10-08T21:23:32Z INFO [2203/2500] adf05b12-ae09-4671-9604-f2e27f31e6a4: valid; 2.2 s; peak memory 11808 MiB.
2026-10-08T21:23:35Z INFO [2204/2500] adf061ba-c8bb-48cf-9d1e-2f39c3bf3f9f: valid; 2.8 s; peak memory 11808 MiB.
2026-10-08T21:23:36Z INFO [2205/2500] adf06a8b-c9da-4ef6-8eea-ea6ef5e5e546: valid; 1.4 s; peak memory 11808 MiB.
2026-10-08T21:23:38Z INFO [2206/2500] adf1256a-1591-4733-9bf3-56ba9d355b17: not valid; 1.5 s; peak memory 11808 MiB.
2026-10-08T21:23:40Z INFO [2207/2500] adf1c569-c2e9-49af-ae95-474016c0fe5c: valid; 2.8 s; peak memory 11808 MiB.
2026-10-08T21:23:42Z INFO [2208/2500] adf254ea-0523-42ef-bce4-47da4e63def6: valid; 1.3 s; peak memory 11808 MiB.
2026-10-08T21:23:44Z INFO [2209/2500] adf267f1-7c4e-4703-ac13-ddb02328d328: valid; 2.0 s; peak memory 11808 MiB.
2026-10-08T21:24:00Z INFO [2210/2500] adf29166-da6d-44d9-b9e1-5b8d446ddc25: valid; 16.3 s; peak memory 11808 MiB.
2026-10-08T21:24:02Z INFO [2211/2500] adf2ebd8-a444-4ba9-955b-baa9f5e53b3b: not valid; 1.8 s; peak memory 11808 MiB.
2026-10-08T21:24:03Z INFO [2212/2500] adf35a75-a639-49d4-8583-f8d2fc769e53: valid; 1.4 s; peak memory 11808 MiB.
2026-10-08T21:24:06Z INFO [2213/2500] adf426a6-1eeb-4fcb-b036-84a01e188121: valid; 2.4 s; peak memory 11808 MiB.
2026-10-08T21:24:19Z INFO [2214/2500] adf4a67a-dfa9-461a-8b78-f87e4ef0dd28: valid; 12.9 s; peak memory 11808 MiB.
2026-10-08T21:24:21Z INFO [2215/2500] adf4cbff-7db9-481c-8311-d45cd5bd9263: valid; 2.0 s; peak memory 11808 MiB.
2026-10-08T21:24:23Z INFO [2216/2500] adf52b8c-5370-44da-8d74-dd9ad8b716c2: valid; 2.7 s; peak memory 11808 MiB.
2026-10-08T21:24:30Z INFO [2217/2500] adf570fc-1327-42b3-a759-10b6dc3c1930: not valid; 7.2 s; peak memory 11808 MiB.
2026-10-08T21:24:33Z INFO [2218/2500] adf6d6a2-78a1-4eab-8b7b-7bf9e041d3b3: not valid; 2.0 s; peak memory 11808 MiB.
2026-10-08T21:24:47Z INFO [2219/2500] adf71874-4bcd-4aa5-bd50-fd7871088a1b: valid; 14.9 s; peak memory 11808 MiB.
2026-10-08T21:24:49Z INFO [2220/2500] adf77f0e-a24c-4800-8b6b-1062eaa6a92e: valid; 1.8 s; peak memory 11808 MiB.
2026-10-08T21:24:52Z INFO [2221/2500] adf800b6-774b-4089-b35b-697108db363a: valid; 2.7 s; peak memory 11808 MiB.
2026-10-08T21:24:54Z INFO [2222/2500] adf85308-222c-4dac-a9f8-049e067da341: valid; 2.0 s; peak memory 11808 MiB.
2026-10-08T21:24:57Z INFO [2223/2500] adf96798-fea8-414d-8452-19f080310dfd: valid; 2.6 s; peak memory 11808 MiB.
2026-10-08T21:25:14Z INFO [2224/2500] adf98d72-0c14-46a8-b229-4f07ee50e46d: valid; 17.8 s; peak memory 11808 MiB.
2026-10-08T21:25:16Z INFO [2225/2500] adfa3363-da85-44ae-9190-f1f3731bb3d6: not valid; 1.7 s; peak memory 11808 MiB.
2026-10-08T21:25:17Z INFO [2226/2500] adfac351-29bc-4834-acd9-3f7378c69562: valid; 1.4 s; peak memory 11808 MiB.
2026-10-08T21:25:20Z INFO [2227/2500] adfb9efa-53ae-4c43-af4d-cfa95b345494: valid; 2.6 s; peak memory 11808 MiB.
2026-10-08T21:25:44Z INFO [2228/2500] adfc0e3e-2683-4bdf-8320-eb3ff67c800f: valid; 24.0 s; peak memory 11808 MiB.
2026-10-08T21:25:46Z INFO [2229/2500] adfc37bb-1dcd-4c85-81c9-c5834439eab2: valid; 2.2 s; peak memory 11808 MiB.
2026-10-08T21:25:48Z INFO [2230/2500] adfc58a2-9cd9-4256-b2f2-f83c5235f058: not valid; 2.3 s; peak memory 11808 MiB.
2026-10-08T21:25:51Z INFO [2231/2500] adfc5ada-86d8-41fc-be9a-3c9977ef74e5: valid; 3.0 s; peak memory 11808 MiB.
2026-10-08T21:25:53Z INFO [2232/2500] adfc9532-e134-490f-8cec-f3e061c9c09d: valid; 1.3 s; peak memory 11808 MiB.
2026-10-08T21:25:54Z INFO [2233/2500] adfce24c-a76e-434d-974b-30f5673f5373: valid; 1.4 s; peak memory 11808 MiB.
2026-10-08T21:25:57Z INFO [2234/2500] adfcf500-cc8f-47da-83b8-e55f7dc65eeb: valid; 2.7 s; peak memory 11808 MiB.
2026-10-08T21:25:59Z WARNING adfd3722-d1c6-48c8-b840-3d603cdaea4b: failed while opening the NWB file (ConstructError: (root/acquisition/_iblmic_audioSpectrogram/bands GroupBuilder {'attributes': {'colnames': array(['freq'], dtype=object), 'description': 'spectogram frequencies', 'namespace': 'core', 'neurodata_type': 'FrequencyBandsTable', 'object_id': '227e1cdb-8953-4b0d-bf43-0af4b4a450f4'}, 'groups': {}, 'datasets': {'freq': root/acquisition/_iblmic_audioSpectrogram/bands/freq DatasetBuilder {'attributes': {'description': 'frequency value', 'namespace': 'hdmf-common', 'neurodata_type': 'VectorData', 'object_id': '7ebaf3a0-d9ed-473e-92eb-9a66c143042e'}, 'data': <HDF5 dataset "freq": shape (257,), type "<f4">}, 'id': root/acquisition/_iblmic_audioSpectrogram/bands/id DatasetBuilder {'attributes': {'namespace': 'hdmf-common', 'neurodata_type': 'ElementIdentifiers', 'object_id': '7333f4e3-4e7f-4557-ade0-ac49c3034726'}, 'data': <HDF5 dataset "id": shape (257,), type "<i4">}}, 'links': {}}, "Could not construct FrequencyBandsTable object due to: column must have the same number of rows as 'id'"))
2026-10-08T21:26:01Z INFO [2236/2500] adfd7619-b606-4d05-ba82-96eca641fe09: not valid; 1.7 s; peak memory 11808 MiB.
2026-10-08T21:26:01Z WARNING adfd8afc-3f72-4c75-b018-e82546b37b94: failed while retrieving asset information from the DANDI API (NotFoundError: No asset at path 'sub-449141/sub-449141_ses-20190530T173316_behavior+ecephys+ogen.nwb' in version 0.231012.2129. Verify the path is correct and the asset exists in this version. Use 'dandi ls' to list available assets.)
2026-10-08T21:26:03Z INFO [2238/2500] adfdb0ca-5b8a-49ed-87d1-c75b5c6124a2: not valid; 2.3 s; peak memory 11808 MiB.
2026-10-08T21:26:06Z INFO [2239/2500] adfdf8cd-7b3b-4847-ad19-e0203a174a57: valid; 2.7 s; peak memory 11808 MiB.
2026-10-08T21:26:08Z WARNING adfe45c4-cbdc-4b11-ba62-ff3bd941193d: failed while opening the NWB file (ConstructError: (root/acquisition/_iblmic_audioSpectrogram/bands GroupBuilder {'attributes': {'colnames': array(['freq'], dtype=object), 'description': 'spectogram frequencies', 'namespace': 'core', 'neurodata_type': 'FrequencyBandsTable', 'object_id': '25e5d5f6-d0c7-4f0f-92e5-ba837197cc29'}, 'groups': {}, 'datasets': {'freq': root/acquisition/_iblmic_audioSpectrogram/bands/freq DatasetBuilder {'attributes': {'description': 'frequency value', 'namespace': 'hdmf-common', 'neurodata_type': 'VectorData', 'object_id': '3f98f4bf-8d2e-4438-8228-59d7abb52131'}, 'data': <HDF5 dataset "freq": shape (257,), type "<f4">}, 'id': root/acquisition/_iblmic_audioSpectrogram/bands/id DatasetBuilder {'attributes': {'namespace': 'hdmf-common', 'neurodata_type': 'ElementIdentifiers', 'object_id': '9f0bfaaa-82b7-43c5-911f-682ec5f0f449'}, 'data': <HDF5 dataset "id": shape (257,), type "<i4">}}, 'links': {}}, "Could not construct FrequencyBandsTable object due to: column must have the same number of rows as 'id'"))
2026-10-08T21:26:10Z INFO [2241/2500] adfefaac-5b13-4f95-9c4a-652099345391: not valid; 2.0 s; peak memory 11808 MiB.
2026-10-08T21:26:19Z INFO [2242/2500] adff52d1-5b69-4447-bbcc-4a7db52778e7: valid; 9.4 s; peak memory 11808 MiB.
2026-10-08T21:26:20Z INFO [2243/2500] ae002c71-254f-447c-9f8a-9cc258b16635: valid; 1.5 s; peak memory 11808 MiB.
2026-10-08T21:26:23Z INFO [2244/2500] ae003917-fa4c-4394-97ea-bf38931e459a: valid; 2.2 s; peak memory 11808 MiB.
2026-10-08T21:26:24Z INFO [2245/2500] ae00b0a9-eafe-46c7-a8f7-8e66139630ba: valid; 1.5 s; peak memory 11808 MiB.
2026-10-08T21:26:29Z INFO [2246/2500] ae0146e3-1395-4ccd-9caa-1de898f83174: valid; 4.4 s; peak memory 11808 MiB.
2026-10-08T21:26:43Z INFO [2247/2500] ae018431-2d3e-477e-bed2-1625f17b9207: valid; 14.8 s; peak memory 11808 MiB.
2026-10-08T21:26:45Z INFO [2248/2500] ae019aa1-fc67-43bd-8165-ef6eb509bc7b: not valid; 1.9 s; peak memory 11808 MiB.
2026-10-08T21:26:48Z INFO [2249/2500] ae02189b-0ba6-4710-ae18-43a39348a9aa: not valid; 3.1 s; peak memory 11808 MiB.
2026-10-08T21:26:50Z INFO [2250/2500] ae02412f-21b1-4044-9466-e1137f654c9c: valid; 2.2 s; peak memory 11808 MiB.
2026-10-08T21:26:52Z INFO [2250/2500] ae02412f-21b1-4044-9466-e1137f654c9c: checkpointed 178260 new records.
2026-10-08T21:26:53Z INFO [2251/2500] ae0245b6-3988-40ac-847c-3bb5e9df83f6: valid; 1.6 s; peak memory 11808 MiB.
2026-10-08T21:26:59Z INFO [2252/2500] ae025b81-2318-47ca-9365-5df811ecef59: valid; 5.4 s; peak memory 11808 MiB.
2026-10-08T21:27:00Z INFO [2253/2500] ae0281ae-42fc-4a98-8084-1fce8b9df7cb: valid; 1.3 s; peak memory 11808 MiB.
2026-10-08T21:27:08Z INFO [2254/2500] ae02ae49-4681-4390-8066-3c54050fdbf4: valid; 8.3 s; peak memory 11808 MiB.
2026-10-08T21:27:10Z INFO [2255/2500] ae02f0ab-cde6-4c22-84b3-a1618060a863: not valid; 2.1 s; peak memory 11808 MiB.
2026-10-08T21:27:12Z INFO [2256/2500] ae02fc92-486d-47c3-9e34-eda8ade26299: valid; 1.8 s; peak memory 11808 MiB.
2026-10-08T21:27:15Z INFO [2257/2500] ae03cf8c-d087-4d8d-85e4-afcf6e39a704: not valid; 2.4 s; peak memory 11808 MiB.
2026-10-08T21:27:17Z INFO [2258/2500] ae03dfaa-51f8-4a1c-9202-330351db0663: valid; 2.6 s; peak memory 11808 MiB.
2026-10-08T21:27:19Z INFO [2259/2500] ae03f632-8bfa-4bf5-beba-0feab2eb5a67: valid; 1.5 s; peak memory 11808 MiB.
2026-10-08T21:27:20Z INFO [2260/2500] ae045917-d82c-4e71-989f-ff677d04b99a: valid; 1.4 s; peak memory 11808 MiB.
2026-10-08T21:27:22Z INFO [2261/2500] ae04f775-c16b-4ac4-9368-ac1750cc8347: valid; 2.3 s; peak memory 11808 MiB.
2026-10-08T21:27:24Z INFO [2262/2500] ae05ec86-b548-43e0-94fc-b37cc00bc0c0: not valid; 1.8 s; peak memory 11808 MiB.
2026-10-08T21:27:26Z INFO [2263/2500] ae063d9a-5125-4a43-b8ae-83046cd27f65: valid; 2.1 s; peak memory 11808 MiB.
2026-10-08T21:27:27Z INFO [2264/2500] ae066d6c-56a5-498a-b49a-9bc015c781e0: valid; 1.0 s; peak memory 11808 MiB.
2026-10-08T21:27:29Z INFO [2265/2500] ae06cb58-fc9c-4fae-8814-d4c1e9fc11b2: not valid; 1.7 s; peak memory 11808 MiB.
2026-10-08T21:27:31Z INFO [2266/2500] ae07b8fc-2f90-4958-8f38-0b76578e6e56: valid; 2.4 s; peak memory 11808 MiB.
2026-10-08T21:27:33Z INFO [2267/2500] ae08431c-0602-4fe9-9d87-82b0adac7ff1: valid; 2.3 s; peak memory 11808 MiB.
2026-10-08T21:27:35Z INFO [2268/2500] ae08e235-de61-4330-9c38-1f460a3a56b0: valid; 2.0 s; peak memory 11808 MiB.
2026-10-08T21:27:38Z INFO [2269/2500] ae0944f8-b0a2-4f10-9570-164dbd7d4a14: valid; 2.6 s; peak memory 11808 MiB.
2026-10-08T21:27:40Z INFO [2270/2500] ae095415-5805-4947-9984-b13bfd5d1aef: not valid; 2.3 s; peak memory 11808 MiB.
2026-10-08T21:27:42Z INFO [2271/2500] ae0a404f-2342-49c6-bdc7-1fe2c72897dd: valid; 1.4 s; peak memory 11808 MiB.
2026-10-08T21:27:44Z INFO [2272/2500] ae0a4cda-dc63-4d55-8b13-e1ea084aa0b3: not valid; 1.9 s; peak memory 11808 MiB.
2026-10-08T21:27:48Z INFO [2273/2500] ae0a66f8-ccab-4fa9-a21d-077a89080a7d: valid; 4.7 s; peak memory 11808 MiB.
2026-10-08T21:27:50Z INFO [2274/2500] ae0aa6ad-0055-4457-82ba-83d9f30381ae: not valid; 1.7 s; peak memory 11808 MiB.
2026-10-08T21:28:05Z INFO [2275/2500] ae0aac1f-842f-4a84-828e-e7bdf4e21adf: valid; 14.9 s; peak memory 11808 MiB.
2026-10-08T21:28:25Z INFO [2276/2500] ae0afa90-f1d6-4331-abe0-98bcfe0d6922: valid; 19.7 s; peak memory 11808 MiB.
2026-10-08T21:28:33Z INFO [2277/2500] ae0b0120-7065-4153-9b31-5045f89a548f: valid; 8.2 s; peak memory 11808 MiB.
2026-10-08T21:28:34Z INFO [2278/2500] ae0b055a-f667-48d7-97aa-48df61fbdaed: valid; 1.4 s; peak memory 11808 MiB.
2026-10-08T21:28:37Z INFO [2279/2500] ae0b1784-1bb0-442b-95dd-91ca389a56ef: valid; 2.3 s; peak memory 11808 MiB.
2026-10-08T21:28:46Z INFO [2280/2500] ae0bba6f-d414-429b-9eba-4855c5bdff10: valid; 9.8 s; peak memory 11808 MiB.
2026-10-08T21:28:48Z INFO [2281/2500] ae0bdf53-8da9-4877-a04c-f869984f8ce9: valid; 1.5 s; peak memory 11808 MiB.
2026-10-08T21:28:49Z INFO [2282/2500] ae0bf3e2-c2fe-4425-b551-ac956f5c338b: valid; 1.3 s; peak memory 11808 MiB.
2026-10-08T21:28:50Z INFO [2283/2500] ae0c7001-c264-4223-8890-0226bf969d73: valid; 1.4 s; peak memory 11808 MiB.
2026-10-08T21:28:58Z INFO [2284/2500] ae0d22a9-f749-45b3-94c1-9e32fc17fdd8: valid; 7.3 s; peak memory 11808 MiB.
2026-10-08T21:28:59Z INFO [2285/2500] ae0e4ad6-91b0-43ec-9dff-a0e4605e39e4: valid; 1.6 s; peak memory 11808 MiB.
2026-10-08T21:29:03Z INFO [2286/2500] ae0e9add-c550-4afe-9aaf-018e32b5c373: valid; 3.6 s; peak memory 11808 MiB.
2026-10-08T21:29:26Z INFO [2287/2500] ae0f1558-1fa1-4184-8a6d-78771c0b4368: valid; 23.3 s; peak memory 11808 MiB.
2026-10-08T21:29:34Z INFO [2288/2500] ae0f1c23-c699-4c13-b35a-1d103db27a4d: valid; 8.0 s; peak memory 11808 MiB.
2026-10-08T21:29:37Z INFO [2289/2500] ae0f1f5f-e620-46d2-ba0d-42a9aaca450b: valid; 2.8 s; peak memory 11808 MiB.
2026-10-08T21:29:40Z INFO [2290/2500] ae0f5b64-d834-4af5-a180-995abe016591: valid; 3.3 s; peak memory 11808 MiB.
2026-10-08T21:29:42Z INFO [2291/2500] ae0fcad4-4bcc-43bc-bac7-57bc88e66ecd: valid; 2.0 s; peak memory 11808 MiB.
2026-10-08T21:29:44Z INFO [2292/2500] ae1020fe-6074-4d11-806f-832a1e2de038: valid; 2.0 s; peak memory 11808 MiB.
2026-10-08T21:29:48Z INFO [2293/2500] ae107b80-a8f4-41df-a72d-fa6058ba69cd: valid; 3.1 s; peak memory 11808 MiB.
2026-10-08T21:30:04Z INFO [2294/2500] ae10d561-daf5-49fa-8fae-5bbeb26ad8dc: not valid; 16.5 s; peak memory 11808 MiB.
2026-10-08T21:30:05Z INFO [2295/2500] ae10e7cb-0844-4b4e-a0b9-c401596fa0ff: valid; 1.4 s; peak memory 11808 MiB.
2026-10-08T21:30:05Z WARNING ae112bd4-6fd5-4548-8edd-83290f78d32f: failed while retrieving asset information from the DANDI API (NotFoundError: No such Dandiset: 001269)
2026-10-08T21:30:08Z WARNING ae113aa4-fc5e-4ab0-9724-3828e63e7086: failed while opening the NWB file (ConstructError: (root/acquisition/event_code_meanings GroupBuilder {'attributes': {'colnames': array(['value', 'meaning'], dtype=object), 'description': 'Mapping integer event codes to event labels', 'namespace': 'ndx-events', 'neurodata_type': 'MeaningsTable', 'object_id': '49381970-2981-44d9-afcf-bccbb9799960'}, 'groups': {}, 'datasets': {'id': root/acquisition/event_code_meanings/id DatasetBuilder {'attributes': {'namespace': 'hdmf-common', 'neurodata_type': 'ElementIdentifiers', 'object_id': '4cd3ff94-7bab-48fb-b2f2-54a6a71d5b49'}, 'data': <HDF5 dataset "id": shape (26,), type "<i8">}, 'meaning': root/acquisition/event_code_meanings/meaning DatasetBuilder {'attributes': {'description': 'The meaning of the value in the parent CategoricalVectorData object.', 'namespace': 'hdmf-experimental', 'neurodata_type': 'VectorData', 'object_id': '36f8becb-4886-4638-8d5a-caaca41e6673'}, 'data': <StrDataset for HDF5 dataset "meaning": shape (26,), type "|O">}, 'value': root/acquisition/event_code_meanings/value DatasetBuilder {'attributes': {'description': 'The value of the parent CategoricalVectorData object.', 'namespace': 'hdmf-experimental', 'neurodata_type': 'VectorData', 'object_id': '926f4825-3e11-4214-8d2f-0c5911a4e80f'}, 'data': <HDF5 dataset "value": shape (26,), type "<i8">}}, 'links': {}}, "Could not construct MeaningsTable object due to: MeaningsTable.__init__: missing argument 'target'"))
2026-10-08T21:30:09Z INFO [2298/2500] ae113fb3-2eee-4ba5-b355-b3613cec5f15: valid; 1.3 s; peak memory 11808 MiB.
2026-10-08T21:30:17Z INFO [2299/2500] ae11494a-d304-48c9-8fcb-804a373b59a6: valid; 8.0 s; peak memory 11808 MiB.
2026-10-08T21:30:19Z INFO [2300/2500] ae115ef0-b43d-4b75-aba2-114d291c902c: not valid; 2.2 s; peak memory 11808 MiB.
2026-10-08T21:30:20Z INFO [2300/2500] ae115ef0-b43d-4b75-aba2-114d291c902c: checkpointed 178310 new records.
2026-10-08T21:30:22Z INFO [2301/2500] ae116611-e4df-4ff1-996e-759f664a839a: valid; 1.4 s; peak memory 11808 MiB.
2026-10-08T21:30:22Z WARNING ae118bf8-404d-47e9-bb7f-d359f6892f7c: failed while retrieving asset information from the DANDI API (NotFoundError: No asset at path 'sub-parkinson-simulated-lfp/sub-parkinson-simulated-lfp_ses-5624_ecephys.nwb' in version 0.250327.2220. Verify the path is correct and the asset exists in this version. Use 'dandi ls' to list available assets.)
2026-10-08T21:30:23Z INFO [2303/2500] ae11f0a3-a4ac-47f5-bd11-f887eeb94ebb: valid; 1.3 s; peak memory 11808 MiB.
2026-10-08T21:30:26Z INFO [2304/2500] ae123189-90f4-48e9-a925-e43dbb4cb358: valid; 3.0 s; peak memory 11808 MiB.
2026-10-08T21:30:28Z INFO [2305/2500] ae12d889-c8da-44f4-a8b5-ab3bce3d5e1e: valid; 2.1 s; peak memory 11808 MiB.
2026-10-08T21:30:31Z INFO [2306/2500] ae131358-dc83-4e85-b730-6966aa6650ca: valid; 2.2 s; peak memory 11808 MiB.
2026-10-08T21:30:38Z INFO [2307/2500] ae139bd0-43c4-4290-9925-e4402facdcf9: valid; 7.4 s; peak memory 11808 MiB.
2026-10-08T21:30:41Z INFO [2308/2500] ae140096-5a8a-4c26-abb0-2b39cde00905: valid; 3.0 s; peak memory 11808 MiB.
2026-10-08T21:30:42Z INFO [2309/2500] ae140183-e1aa-496d-afb8-8f29b809f146: valid; 1.4 s; peak memory 11808 MiB.
2026-10-08T21:30:44Z INFO [2310/2500] ae1473ae-ef54-436d-b6bd-393f21986c6b: valid; 1.9 s; peak memory 11808 MiB.
2026-10-08T21:30:47Z INFO [2311/2500] ae149e73-5ee9-4086-a2fb-a341ab1740ab: valid; 2.9 s; peak memory 11808 MiB.
2026-10-08T21:30:55Z INFO [2312/2500] ae14a051-76db-475f-a33d-a80af2f88f92: valid; 7.5 s; peak memory 11808 MiB.
2026-10-08T21:30:57Z INFO [2313/2500] ae155e9c-d9a6-4146-b2a5-80ef958485fc: valid; 2.0 s; peak memory 11808 MiB.
2026-10-08T21:31:22Z INFO [2314/2500] ae156cc7-b9a5-4d21-8eea-32433e904e39: valid; 25.0 s; peak memory 11808 MiB.
2026-10-08T21:31:23Z INFO [2315/2500] ae158531-98f7-486b-aee9-7447038587dc: valid; 1.6 s; peak memory 11808 MiB.
2026-10-08T21:31:26Z INFO [2316/2500] ae161529-6e4f-4cb4-b10d-d57013153fc9: valid; 2.7 s; peak memory 11808 MiB.
2026-10-08T21:31:27Z INFO [2317/2500] ae161fe4-061b-486a-9cb1-6be4c60c0344: valid; 1.4 s; peak memory 11808 MiB.
2026-10-08T21:31:31Z INFO [2318/2500] ae169b5b-f4f0-4073-b0f7-a9c488a2ea9a: not valid; 4.0 s; peak memory 11808 MiB.
2026-10-08T21:31:45Z INFO [2319/2500] ae1711f2-6804-4daf-a324-cfa083b5de21: valid; 14.0 s; peak memory 11808 MiB.
2026-10-08T21:31:49Z INFO [2320/2500] ae17da00-720f-4d15-a707-b9aa907623d2: valid; 3.7 s; peak memory 11808 MiB.
2026-10-08T21:31:51Z INFO [2321/2500] ae17ec65-cffb-4989-b004-eef06a65c580: valid; 2.2 s; peak memory 11808 MiB.
2026-10-08T21:31:53Z INFO [2322/2500] ae18235d-7d05-4c89-a38c-e3f9d3f57052: not valid; 2.3 s; peak memory 11808 MiB.
2026-10-08T21:31:57Z INFO [2323/2500] ae18adfe-1d4e-41b1-9318-894e76642eb8: valid; 3.4 s; peak memory 11808 MiB.
2026-10-08T21:31:59Z INFO [2324/2500] ae18b17e-cef9-4503-8e6e-6d454df82704: valid; 2.7 s; peak memory 11808 MiB.
2026-10-08T21:32:01Z INFO [2325/2500] ae18bbc9-842e-476e-adca-772063f3986c: not valid; 1.8 s; peak memory 11808 MiB.
2026-10-08T21:32:03Z INFO [2326/2500] ae192817-72f5-4331-952e-3fe903a0671a: not valid; 1.7 s; peak memory 11808 MiB.
2026-10-08T21:32:05Z INFO [2327/2500] ae1a0602-e319-4fe2-982e-acaabc1cabaa: valid; 1.9 s; peak memory 11808 MiB.
2026-10-08T21:32:06Z INFO [2328/2500] ae1b0768-9733-4362-8494-c995d5bb3620: valid; 1.5 s; peak memory 11808 MiB.
2026-10-08T21:32:40Z INFO [2329/2500] ae1b7f05-a17c-4270-89a6-e791eb4f3a92: valid; 33.6 s; peak memory 11808 MiB.
2026-10-08T21:32:42Z INFO [2330/2500] ae1b88ac-a7ef-4332-b0b6-fb362d7ef0ee: valid; 1.8 s; peak memory 11808 MiB.
2026-10-08T21:32:44Z INFO [2331/2500] ae1bf98a-c407-4740-b616-da89ffa2cbdd: valid; 2.0 s; peak memory 11808 MiB.
2026-10-08T21:32:47Z INFO [2332/2500] ae1c16b8-87a8-4a45-b0c3-44dcbb6e1add: valid; 3.6 s; peak memory 11808 MiB.
2026-10-08T21:32:53Z INFO [2333/2500] ae1d0cc4-a209-4a3f-b012-63dbcfb0ea06: not valid; 5.4 s; peak memory 11808 MiB.
2026-10-08T21:32:55Z INFO [2334/2500] ae1d41bc-99b6-4b47-9bef-220aeb928c4a: valid; 2.2 s; peak memory 11808 MiB.
2026-10-08T21:33:03Z INFO [2335/2500] ae1d69ca-bc78-4ff8-9ccf-0b846401e39d: not valid; 7.7 s; peak memory 11808 MiB.
2026-10-08T21:33:05Z WARNING ae1daec3-f885-4200-9678-a0954d0598ab: failed while opening the NWB file (ConstructError: (root/acquisition/_iblmic_audioSpectrogram/bands GroupBuilder {'attributes': {'colnames': array(['freq'], dtype=object), 'description': 'spectogram frequencies', 'namespace': 'core', 'neurodata_type': 'FrequencyBandsTable', 'object_id': 'd37f2307-11e6-4f7f-88a1-e54838cdd18f'}, 'groups': {}, 'datasets': {'freq': root/acquisition/_iblmic_audioSpectrogram/bands/freq DatasetBuilder {'attributes': {'description': 'frequency value', 'namespace': 'hdmf-common', 'neurodata_type': 'VectorData', 'object_id': 'a5c9cf80-31ea-4b2d-96da-9bdb0c5f3af5'}, 'data': <HDF5 dataset "freq": shape (257,), type "<f4">}, 'id': root/acquisition/_iblmic_audioSpectrogram/bands/id DatasetBuilder {'attributes': {'namespace': 'hdmf-common', 'neurodata_type': 'ElementIdentifiers', 'object_id': '5e75b118-e815-41b3-ad5c-e63b03e1410c'}, 'data': <HDF5 dataset "id": shape (257,), type "<i4">}}, 'links': {}}, "Could not construct FrequencyBandsTable object due to: column must have the same number of rows as 'id'"))
2026-10-08T21:33:06Z INFO [2337/2500] ae1e0082-05ba-4019-87d1-6b8238fbbfc3: valid; 1.4 s; peak memory 11808 MiB.
2026-10-08T21:33:08Z INFO [2338/2500] ae1e7f05-6681-4f43-92ae-5e20c583d628: not valid; 1.6 s; peak memory 11808 MiB.
2026-10-08T21:33:10Z INFO [2339/2500] ae1f0726-7d9d-4806-9fb7-dc9a35651e0d: valid; 2.6 s; peak memory 11808 MiB.
2026-10-08T21:33:31Z INFO [2340/2500] ae1f9b7f-1afc-4e66-af1d-2c0b7ce8e125: not valid; 20.5 s; peak memory 11808 MiB.
2026-10-08T21:33:48Z INFO [2341/2500] ae1fc9f0-ef6c-4504-860a-e48433da80f0: valid; 17.5 s; peak memory 11808 MiB.
2026-10-08T21:33:52Z INFO [2342/2500] ae1fe39a-e41e-4a58-a80a-be9af4f5c0df: valid; 3.4 s; peak memory 11808 MiB.
2026-10-08T21:33:54Z INFO [2343/2500] ae201abd-3240-4851-ac83-09324986dc16: valid; 2.0 s; peak memory 11808 MiB.
2026-10-08T21:33:55Z INFO [2344/2500] ae211b60-b29b-4621-9c04-6bd658114f4f: valid; 1.2 s; peak memory 11808 MiB.
2026-10-08T21:33:56Z INFO [2345/2500] ae216ea8-1c35-485e-a314-edac0b038b0b: valid; 1.3 s; peak memory 11808 MiB.
2026-10-08T21:33:58Z INFO [2346/2500] ae21859a-954b-41f9-9bf5-3611a3ccbc70: not valid; 1.9 s; peak memory 11808 MiB.
2026-10-08T21:34:00Z INFO [2347/2500] ae21caa8-be58-415f-b10d-8b0dfe7a4843: not valid; 2.0 s; peak memory 11808 MiB.
2026-10-08T21:34:03Z INFO [2348/2500] ae21d0c5-8823-49a8-af03-e558349dc958: valid; 2.9 s; peak memory 11808 MiB.
2026-10-08T21:34:14Z INFO [2349/2500] ae2281b3-f712-4011-b5ca-fc1a3db5a0e9: valid; 11.2 s; peak memory 11808 MiB.
2026-10-08T21:34:18Z INFO [2350/2500] ae22a18d-e76b-4cb3-817e-19dc10282a91: valid; 3.3 s; peak memory 11808 MiB.
2026-10-08T21:34:19Z INFO [2350/2500] ae22a18d-e76b-4cb3-817e-19dc10282a91: checkpointed 178360 new records.
2026-10-08T21:34:20Z INFO [2351/2500] ae22f83b-d9b7-4858-bd25-e72d2b5a41a8: valid; 1.4 s; peak memory 11808 MiB.
2026-10-08T21:34:25Z INFO [2352/2500] ae2332f3-0860-446f-9d69-f0af965c5b18: valid; 4.6 s; peak memory 11808 MiB.
2026-10-08T21:34:29Z INFO [2353/2500] ae24acfc-7afa-490f-8ebc-e8864e7d6afb: valid; 3.8 s; peak memory 11808 MiB.
2026-10-08T21:34:32Z INFO [2354/2500] ae24d421-fa40-49a8-b928-fbe0ea0e8f8c: valid; 2.7 s; peak memory 11808 MiB.
2026-10-08T21:34:34Z INFO [2355/2500] ae25df88-485f-452a-b8d1-7d230a7bd43f: valid; 2.7 s; peak memory 11808 MiB.
2026-10-08T21:34:36Z INFO [2356/2500] ae26a885-9568-4cf1-8a9d-2607cc2a4954: not valid; 1.6 s; peak memory 11808 MiB.
2026-10-08T21:34:39Z INFO [2357/2500] ae273bd4-e85e-45a1-afb7-a55437a8256d: valid; 2.9 s; peak memory 11808 MiB.
2026-10-08T21:34:42Z INFO [2358/2500] ae27748f-ac0d-426e-baf8-84b021426c0b: not valid; 3.2 s; peak memory 11808 MiB.
2026-10-08T21:34:45Z INFO [2359/2500] ae277873-e5be-4afe-b31c-e0c5e3209d41: valid; 2.7 s; peak memory 11808 MiB.
2026-10-08T21:34:46Z INFO [2360/2500] ae27d257-9ce4-4050-a739-c74b734e3de8: valid; 1.6 s; peak memory 11808 MiB.
2026-10-08T21:34:48Z INFO [2361/2500] ae28b61f-7b5a-4114-a0c7-c230c77d0670: valid; 1.5 s; peak memory 11808 MiB.
2026-10-08T21:34:49Z INFO [2362/2500] ae297374-5cd1-4601-92ea-389bb92ae040: valid; 1.4 s; peak memory 11808 MiB.
2026-10-08T21:35:04Z INFO [2363/2500] ae29b18a-0373-40bc-b540-dc98c1beaaea: valid; 14.6 s; peak memory 11808 MiB.
2026-10-08T21:35:07Z INFO [2364/2500] ae29eefe-50b8-4c4b-aadd-d80f408ffc8a: valid; 3.2 s; peak memory 11808 MiB.
2026-10-08T21:35:08Z INFO [2365/2500] ae2c38d5-d5ea-4019-9f1a-e062abbccbac: valid; 1.5 s; peak memory 11808 MiB.
2026-10-08T21:35:10Z INFO [2366/2500] ae2c9ece-1329-4d44-bb10-ac0674c2e0e8: valid; 1.7 s; peak memory 11808 MiB.
2026-10-08T21:35:22Z INFO [2367/2500] ae2d1a6a-0a7f-49ee-b0cc-d8e81612bab6: valid; 12.0 s; peak memory 11808 MiB.
2026-10-08T21:35:24Z INFO [2368/2500] ae2d4aa3-1613-453b-ad17-d27d66b152d9: not valid; 1.5 s; peak memory 11808 MiB.
2026-10-08T21:35:26Z WARNING ae2dc863-c09b-4115-990a-dcb207db3c4b: failed while opening the NWB file (ConstructError: (root/acquisition/_iblmic_audioSpectrogram/bands GroupBuilder {'attributes': {'colnames': array(['freq'], dtype=object), 'description': 'spectogram frequencies', 'namespace': 'core', 'neurodata_type': 'FrequencyBandsTable', 'object_id': '23943e7d-3680-4a8b-ac87-6b2f505b070e'}, 'groups': {}, 'datasets': {'freq': root/acquisition/_iblmic_audioSpectrogram/bands/freq DatasetBuilder {'attributes': {'description': 'frequency value', 'namespace': 'hdmf-common', 'neurodata_type': 'VectorData', 'object_id': 'a28e69a2-cdcc-4feb-927d-7496b313dc50'}, 'data': <HDF5 dataset "freq": shape (257,), type "<f4">}, 'id': root/acquisition/_iblmic_audioSpectrogram/bands/id DatasetBuilder {'attributes': {'namespace': 'hdmf-common', 'neurodata_type': 'ElementIdentifiers', 'object_id': 'b3d9be11-28e6-4cf8-85ce-467442e2a3aa'}, 'data': <HDF5 dataset "id": shape (257,), type "<i4">}}, 'links': {}}, "Could not construct FrequencyBandsTable object due to: column must have the same number of rows as 'id'"))
2026-10-08T21:35:28Z INFO [2370/2500] ae2e79f6-23ae-4624-a970-e8a2af900017: valid; 2.4 s; peak memory 11808 MiB.
2026-10-08T21:35:42Z INFO [2371/2500] ae2ec33a-4e8d-489f-9191-85477b267299: not valid; 14.1 s; peak memory 11808 MiB.
2026-10-08T21:35:44Z INFO [2372/2500] ae2f1340-1caa-4f66-8918-4f346f33eb60: valid; 1.5 s; peak memory 11808 MiB.
2026-10-08T21:35:46Z INFO [2373/2500] ae2fb085-0f99-48d2-8c91-d5480d32d32d: valid; 2.6 s; peak memory 11808 MiB.
2026-10-08T21:35:48Z INFO [2374/2500] ae2ff6af-b846-4240-996f-b10e2ed4241b: valid; 2.1 s; peak memory 11808 MiB.
2026-10-08T21:35:57Z INFO [2375/2500] ae304034-f16f-4fb5-9b89-7efc5b2dedae: valid; 9.0 s; peak memory 11808 MiB.
2026-10-08T21:36:00Z INFO [2376/2500] ae30b66e-58c7-4868-8a7a-653434937356: valid; 2.4 s; peak memory 11808 MiB.
2026-10-08T21:36:01Z INFO [2377/2500] ae31176e-cd6b-4151-8373-956c00eb9772: valid; 1.4 s; peak memory 11808 MiB.
2026-10-08T21:36:03Z INFO [2378/2500] ae31c476-35d2-4ac2-ab87-2fc034750211: valid; 1.8 s; peak memory 11808 MiB.
2026-10-08T21:36:21Z INFO [2379/2500] ae3208e4-a4cb-4470-9863-3a4ea538ead0: valid; 18.1 s; peak memory 11808 MiB.
2026-10-08T21:36:35Z INFO [2380/2500] ae322d3a-0ed8-4cf1-bcd3-9f0e568b9fbd: valid; 13.5 s; peak memory 11808 MiB.
2026-10-08T21:36:36Z INFO [2381/2500] ae337c36-b295-4331-b7e1-f67857cd5a47: valid; 1.7 s; peak memory 11808 MiB.
2026-10-08T21:36:45Z INFO [2382/2500] ae337fbb-4a8e-43c1-8175-cc8ac0780033: valid; 8.2 s; peak memory 11808 MiB.
2026-10-08T21:36:46Z INFO [2383/2500] ae33c66e-7e58-4b20-b7ea-f7e69a6ba497: valid; 1.2 s; peak memory 11808 MiB.
2026-10-08T21:36:48Z INFO [2384/2500] ae33d0a9-e5e1-442b-8491-752ea29f0c12: valid; 2.7 s; peak memory 11808 MiB.
2026-10-08T21:36:53Z INFO [2385/2500] ae344136-3cc0-4737-8c90-0518d3c2c9e7: valid; 4.6 s; peak memory 11808 MiB.
2026-10-08T21:36:54Z INFO [2386/2500] ae3448dc-3665-4566-8654-e9e19590333e: valid; 1.2 s; peak memory 11808 MiB.
2026-10-08T21:37:01Z INFO [2387/2500] ae349330-82fd-47d7-837e-a075d7d4098b: not valid; 7.0 s; peak memory 11808 MiB.
2026-10-08T21:37:04Z INFO [2388/2500] ae350193-d246-416c-b9c2-c3f3d63608d6: valid; 2.9 s; peak memory 11808 MiB.
2026-10-08T21:37:06Z INFO [2389/2500] ae35b79c-fb11-4aee-9747-8150751581a5: valid; 1.5 s; peak memory 11808 MiB.
2026-10-08T21:37:08Z INFO [2390/2500] ae35b961-46e3-438e-a1e9-24e9fe56c9b0: not valid; 1.9 s; peak memory 11808 MiB.
2026-10-08T21:37:10Z INFO [2391/2500] ae35e3a2-373f-4b8c-a3cb-ce6af2a45603: valid; 2.5 s; peak memory 11808 MiB.
2026-10-08T21:37:14Z WARNING ae35eefc-249d-412d-b297-9a7f9d83aee4: failed while opening the NWB file (ConstructError: (root/acquisition/_iblmic_audioSpectrogram/bands GroupBuilder {'attributes': {'colnames': array(['freq'], dtype=object), 'description': 'spectogram frequencies', 'namespace': 'core', 'neurodata_type': 'FrequencyBandsTable', 'object_id': '00994c42-9a6a-4a5d-a958-00f4301ec277'}, 'groups': {}, 'datasets': {'freq': root/acquisition/_iblmic_audioSpectrogram/bands/freq DatasetBuilder {'attributes': {'description': 'frequency value', 'namespace': 'hdmf-common', 'neurodata_type': 'VectorData', 'object_id': '2114cba6-8354-4aba-aa9e-84ece36ee657'}, 'data': <HDF5 dataset "freq": shape (257,), type "<f4">}, 'id': root/acquisition/_iblmic_audioSpectrogram/bands/id DatasetBuilder {'attributes': {'namespace': 'hdmf-common', 'neurodata_type': 'ElementIdentifiers', 'object_id': '35022088-5b74-4619-b312-09ac14fb4b77'}, 'data': <HDF5 dataset "id": shape (257,), type "<i4">}}, 'links': {}}, "Could not construct FrequencyBandsTable object due to: column must have the same number of rows as 'id'"))
2026-10-08T21:37:15Z INFO [2393/2500] ae36034b-73fa-4da8-8d00-7db0ec99a99e: valid; 1.5 s; peak memory 11808 MiB.
2026-10-08T21:37:17Z WARNING ae370bbe-87d2-4e84-a9a3-21a2a6ec21ab: failed while opening the NWB file (ConstructError: (root/acquisition/_iblmic_audioSpectrogram/bands GroupBuilder {'attributes': {'colnames': array(['freq'], dtype=object), 'description': 'spectogram frequencies', 'namespace': 'core', 'neurodata_type': 'FrequencyBandsTable', 'object_id': '057a8330-c005-4599-ac29-8098061c5dfe'}, 'groups': {}, 'datasets': {'freq': root/acquisition/_iblmic_audioSpectrogram/bands/freq DatasetBuilder {'attributes': {'description': 'frequency value', 'namespace': 'hdmf-common', 'neurodata_type': 'VectorData', 'object_id': '452dab93-7888-4467-ae96-0cf1daea565b'}, 'data': <HDF5 dataset "freq": shape (257,), type "<f4">}, 'id': root/acquisition/_iblmic_audioSpectrogram/bands/id DatasetBuilder {'attributes': {'namespace': 'hdmf-common', 'neurodata_type': 'ElementIdentifiers', 'object_id': 'faac641c-de51-4212-9b3c-89d6385a20c7'}, 'data': <HDF5 dataset "id": shape (257,), type "<i4">}}, 'links': {}}, "Could not construct FrequencyBandsTable object due to: column must have the same number of rows as 'id'"))
2026-10-08T21:37:19Z INFO [2395/2500] ae37dfdf-3fd9-4fb6-ac49-a168763423c0: valid; 2.3 s; peak memory 11808 MiB.
2026-10-08T21:37:21Z INFO [2396/2500] ae387850-5cfa-4305-80aa-337dbdfdd26c: not valid; 1.8 s; peak memory 11808 MiB.
2026-10-08T21:37:23Z INFO [2397/2500] ae38a4d6-2aa8-47a6-8a77-869ecfe91672: valid; 2.2 s; peak memory 11808 MiB.
2026-10-08T21:37:25Z INFO [2398/2500] ae38d9fa-e541-4a39-84c8-1283917b4c47: valid; 1.6 s; peak memory 11808 MiB.
2026-10-08T21:37:27Z INFO [2399/2500] ae38eff1-142b-4288-9c4c-5367d5169819: not valid; 1.6 s; peak memory 11808 MiB.
2026-10-08T21:37:52Z INFO [2400/2500] ae394293-88f2-4254-b522-851aea80d8fc: valid; 25.7 s; peak memory 11808 MiB.
2026-10-08T21:37:54Z INFO [2400/2500] ae394293-88f2-4254-b522-851aea80d8fc: checkpointed 178410 new records.
2026-10-08T21:37:57Z INFO [2401/2500] ae39503d-3b55-440e-9b06-906eb08a5bb2: not valid; 3.2 s; peak memory 11808 MiB.
2026-10-08T21:37:59Z INFO [2402/2500] ae39a86a-db11-41c1-a2a2-b572761bb859: valid; 2.1 s; peak memory 11808 MiB.
2026-10-08T21:38:01Z INFO [2403/2500] ae39cc8b-a6c9-4b2d-a5d5-ea4206b0043a: valid; 2.2 s; peak memory 11808 MiB.
2026-10-08T21:38:03Z INFO [2404/2500] ae3a2334-cb10-4d06-a645-b0bcd2b5930b: valid; 1.7 s; peak memory 11808 MiB.
2026-10-08T21:38:05Z INFO [2405/2500] ae3a8161-1f60-40b3-9a88-dff2067fd761: valid; 2.2 s; peak memory 11808 MiB.
2026-10-08T21:38:07Z INFO [2406/2500] ae3aa731-146f-4238-bf4e-55d58a9c2523: not valid; 1.6 s; peak memory 11808 MiB.
2026-10-08T21:38:10Z INFO [2407/2500] ae3acd0d-ce05-4e03-affc-a8ceff3c8387: valid; 3.0 s; peak memory 11808 MiB.
2026-10-08T21:38:13Z INFO [2408/2500] ae3b2c8c-2f74-4316-bb9e-5a7a60eef4ef: valid; 3.0 s; peak memory 11808 MiB.
2026-10-08T21:38:22Z INFO [2409/2500] ae3b60ce-aca0-4b2f-aaf8-e48742efd5e2: valid; 9.3 s; peak memory 11808 MiB.
2026-10-08T21:38:24Z INFO [2410/2500] ae3ba075-0a58-42dd-868a-ab70ab9ff3e0: not valid; 2.2 s; peak memory 11808 MiB.
2026-10-08T21:38:27Z INFO [2411/2500] ae3ce276-809a-4cdf-8140-6d99d7193520: valid; 2.7 s; peak memory 11808 MiB.
2026-10-08T21:38:29Z INFO [2412/2500] ae3ce454-77f4-4fe3-bf5a-55946ce2ca16: valid; 2.3 s; peak memory 11808 MiB.
2026-10-08T21:38:31Z INFO [2413/2500] ae3cf5b9-0c91-4b6f-8e70-fe62263d1478: not valid; 2.3 s; peak memory 11808 MiB.
2026-10-08T21:38:34Z INFO [2414/2500] ae3d5faa-fc87-46d2-b00f-5df56d7e2bb9: valid; 2.2 s; peak memory 11808 MiB.
2026-10-08T21:38:42Z INFO [2415/2500] ae3dee0f-721f-4f38-a7e8-2832dd8b825d: valid; 8.8 s; peak memory 11808 MiB.
2026-10-08T21:38:49Z INFO [2416/2500] ae3ea3c3-fb3f-414c-aabe-f77ef8d6d3b2: valid; 7.2 s; peak memory 11808 MiB.
2026-10-08T21:38:51Z INFO [2417/2500] ae3ed550-4180-4587-8d53-4a83eab16a62: valid; 1.5 s; peak memory 11808 MiB.
2026-10-08T21:38:54Z INFO [2418/2500] ae3f2f47-df27-42ca-b054-95df62126b2a: valid; 3.4 s; peak memory 11808 MiB.
2026-10-08T21:38:56Z INFO [2419/2500] ae3f3348-c31c-417a-8130-ae1e24b9b5ec: valid; 1.6 s; peak memory 11808 MiB.
2026-10-08T21:39:30Z INFO [2420/2500] ae3f828f-b0ff-4a1b-acfb-92c3877c7568: valid; 34.3 s; peak memory 11808 MiB.
2026-10-08T21:39:32Z INFO [2421/2500] ae3fea61-7b7b-4622-a8ff-aea770131ce0: not valid; 1.4 s; peak memory 11808 MiB.
2026-10-08T21:39:34Z INFO [2422/2500] ae401676-f7e0-47f6-ba55-95329493fa2c: valid; 2.7 s; peak memory 11808 MiB.
2026-10-08T21:39:42Z INFO [2423/2500] ae404f70-6bde-4462-8e96-b3c9eeab7d1b: valid; 7.5 s; peak memory 11808 MiB.
2026-10-08T21:39:51Z INFO [2424/2500] ae40e64f-15b1-46f0-850f-1a621f1a0c89: valid; 8.9 s; peak memory 11808 MiB.
2026-10-08T21:39:54Z INFO [2425/2500] ae419829-b3fb-4888-9c17-34e0b7024a81: not valid; 3.2 s; peak memory 11808 MiB.
2026-10-08T21:39:55Z INFO [2426/2500] ae41f036-6a9b-4ca0-9364-d561ff7745f7: valid; 1.5 s; peak memory 11808 MiB.
2026-10-08T21:39:57Z INFO [2427/2500] ae41fb53-3a41-4275-94a3-14986f36ac7e: valid; 1.6 s; peak memory 11808 MiB.
2026-10-08T21:40:02Z INFO [2428/2500] ae426cf7-4d16-4abe-91a5-8be881913982: valid; 4.7 s; peak memory 11808 MiB.
2026-10-08T21:40:04Z INFO [2429/2500] ae426d00-3b79-438e-9a37-9dcb34680b8a: not valid; 2.0 s; peak memory 11808 MiB.
2026-10-08T21:40:07Z INFO [2430/2500] ae426e7c-1c13-48ce-bba2-f63bf302b64b: valid; 2.9 s; peak memory 11808 MiB.
2026-10-08T21:40:09Z INFO [2431/2500] ae430bf9-01fb-4b78-a935-ebb97af37a04: valid; 1.9 s; peak memory 11808 MiB.
2026-10-08T21:40:11Z INFO [2432/2500] ae44a41b-c152-44f0-834a-beed6ec49820: not valid; 2.4 s; peak memory 11808 MiB.
2026-10-08T21:40:13Z INFO [2433/2500] ae44ad49-4b5a-4c4f-9ecf-d970e78f28d9: not valid; 1.6 s; peak memory 11808 MiB.
2026-10-08T21:40:14Z INFO [2434/2500] ae44e756-51f2-4e4b-9293-65dbb1e9a825: not valid; 1.6 s; peak memory 11808 MiB.
2026-10-08T21:40:16Z INFO [2435/2500] ae45a38b-319a-4655-80b9-4a350e4ac3e6: valid; 1.4 s; peak memory 11808 MiB.
2026-10-08T21:40:18Z INFO [2436/2500] ae4616a5-7ea6-46cc-88fb-7651883487a1: not valid; 2.0 s; peak memory 11808 MiB.
2026-10-08T21:40:33Z INFO [2437/2500] ae46bb9c-760b-4baf-ae5f-2d3583f63778: valid; 14.9 s; peak memory 11808 MiB.
2026-10-08T21:40:34Z INFO [2438/2500] ae46de02-6c37-42a7-920d-c0f2f485fbf9: valid; 1.4 s; peak memory 11808 MiB.
2026-10-08T21:40:36Z INFO [2439/2500] ae47a45b-7adc-4c8d-b14b-fff8f49cf5da: valid; 2.1 s; peak memory 11808 MiB.
2026-10-08T21:40:38Z INFO [2440/2500] ae47fb59-9d91-4158-87de-0f81092eead6: valid; 2.3 s; peak memory 11808 MiB.
2026-10-08T21:40:40Z INFO [2441/2500] ae47fcc0-75c5-4775-a0cc-2296be5b97cd: not valid; 1.4 s; peak memory 11808 MiB.
2026-10-08T21:40:50Z INFO [2442/2500] ae48152a-cf78-462e-bc62-190b93f1dd6d: not valid; 9.9 s; peak memory 11808 MiB.
2026-10-08T21:40:53Z INFO [2443/2500] ae485755-5e9d-43ff-b3d8-310b44e800bc: valid; 3.7 s; peak memory 11808 MiB.
2026-10-08T21:40:55Z INFO [2444/2500] ae4970b9-908c-4004-b27c-f45aae1c594e: valid; 2.0 s; peak memory 11808 MiB.
2026-10-08T21:41:00Z INFO [2445/2500] ae49c51f-1ee4-41b2-8872-76e456e3ffb2: valid; 4.8 s; peak memory 11808 MiB.
2026-10-08T21:41:03Z INFO [2446/2500] ae4a7797-8802-48e2-8a08-4043d0b6fcd6: valid; 2.9 s; peak memory 11808 MiB.
2026-10-08T21:41:05Z INFO [2447/2500] ae4af3c6-5dbc-44ba-8836-ae4e61335628: valid; 2.0 s; peak memory 11808 MiB.
2026-10-08T21:41:08Z INFO [2448/2500] ae4b1ab8-c2bd-4e1e-b819-cddedea1d4bf: valid; 3.2 s; peak memory 11808 MiB.
2026-10-08T21:41:10Z INFO [2449/2500] ae4b24bf-7243-4658-bd5b-d5740892a159: valid; 1.5 s; peak memory 11808 MiB.
2026-10-08T21:41:22Z INFO [2450/2500] ae4bcfee-7255-4bcf-aa80-41ef9ff59045: valid; 12.0 s; peak memory 11808 MiB.
2026-10-08T21:41:23Z INFO [2450/2500] ae4bcfee-7255-4bcf-aa80-41ef9ff59045: checkpointed 178460 new records.
2026-10-08T21:41:24Z INFO [2451/2500] ae4bea37-48ed-46ff-a757-b1c1600be286: valid; 1.1 s; peak memory 11808 MiB.
2026-10-08T21:41:38Z INFO [2452/2500] ae4ce664-5c18-4c05-b493-70e2512c0cb9: valid; 13.6 s; peak memory 11808 MiB.
2026-10-08T21:41:40Z INFO [2453/2500] ae4cf746-90a6-4c68-bf1b-7e1964df7b58: not valid; 2.0 s; peak memory 11808 MiB.
2026-10-08T21:41:51Z INFO [2454/2500] ae4d784e-9e60-4342-96d5-42c1e2f0890d: not valid; 10.9 s; peak memory 11808 MiB.
2026-10-08T21:41:59Z INFO [2455/2500] ae4d9214-acd3-4bab-8de9-0e565df5a5aa: valid; 8.1 s; peak memory 11808 MiB.
2026-10-08T21:42:01Z INFO [2456/2500] ae4da288-dbbc-4de8-b1b6-c10ac3de5c79: not valid; 1.9 s; peak memory 11808 MiB.
2026-10-08T21:42:01Z WARNING ae4daaee-d22f-4b99-82a9-5816652d8172: failed while retrieving asset information from the DANDI API (NotFoundError: No asset at path 'sub-parkinson-simulated-lfp/sub-parkinson-simulated-lfp_ses-3408_ecephys.nwb' in version 0.250327.2220. Verify the path is correct and the asset exists in this version. Use 'dandi ls' to list available assets.)
2026-10-08T21:42:04Z INFO [2458/2500] ae4e6174-7338-4bb1-ae26-0663b1179cef: valid; 3.2 s; peak memory 11808 MiB.
2026-10-08T21:42:06Z INFO [2459/2500] ae4e87c4-127c-44fc-9943-c6db942930d6: valid; 2.2 s; peak memory 11808 MiB.
2026-10-08T21:42:09Z INFO [2460/2500] ae4eaca8-9636-4c02-ab9b-0577c9efd856: valid; 2.3 s; peak memory 11808 MiB.
2026-10-08T21:42:11Z INFO [2461/2500] ae4ebe7b-15ba-4081-9c7f-d40e8cfa8279: valid; 2.0 s; peak memory 11808 MiB.
2026-10-08T21:42:56Z INFO [2462/2500] ae4f13b6-9a5e-4ced-b49a-60dbfac10321: valid; 45.4 s; peak memory 11808 MiB.
2026-10-08T21:42:57Z INFO [2463/2500] ae4f2dd3-dd1d-4aee-9055-6e292250b7ae: not valid; 1.5 s; peak memory 11808 MiB.
2026-10-08T21:42:59Z INFO [2464/2500] ae4f4423-6686-472e-b7d7-cb15b79cd60f: valid; 1.9 s; peak memory 11808 MiB.
2026-10-08T21:43:01Z INFO [2465/2500] ae4f9e80-0744-4ba0-8e5b-dc375168a0da: valid; 1.2 s; peak memory 11808 MiB.
2026-10-08T21:43:02Z INFO [2466/2500] ae501ccc-cb7c-4640-a6a8-65fb675a5b03: valid; 1.5 s; peak memory 11808 MiB.
2026-10-08T21:43:04Z INFO [2467/2500] ae504bb6-e053-4481-8441-8a1b72c23a02: valid; 1.8 s; peak memory 11808 MiB.
2026-10-08T21:43:07Z INFO [2468/2500] ae521106-c832-423d-8eb1-4fab6ff01202: valid; 3.3 s; peak memory 11808 MiB.
2026-10-08T21:43:08Z INFO [2469/2500] ae529751-9613-4145-a221-12e906044eb3: valid; 1.2 s; peak memory 11808 MiB.
2026-10-08T21:43:10Z INFO [2470/2500] ae52ca1f-eedd-4a3f-857a-25fb3f73ff78: valid; 1.8 s; peak memory 11808 MiB.
2026-10-08T21:43:13Z INFO [2471/2500] ae52dda0-fa6d-4d24-b95f-b1dbc1458fe9: valid; 2.7 s; peak memory 11808 MiB.
2026-10-08T21:43:15Z INFO [2472/2500] ae544819-9627-4e3b-ab52-e9783d66ef7e: valid; 2.4 s; peak memory 11808 MiB.
2026-10-08T21:43:18Z INFO [2473/2500] ae5448a5-3fce-46e7-ad8c-98336345f9c7: valid; 2.4 s; peak memory 11808 MiB.
2026-10-08T21:43:24Z INFO [2474/2500] ae546913-7a54-4532-ab76-1f71c334a7e8: valid; 6.2 s; peak memory 11808 MiB.
2026-10-08T21:43:26Z INFO [2475/2500] ae5474a0-3e8a-4acb-9414-53fe3ab5bdba: valid; 2.3 s; peak memory 11808 MiB.
2026-10-08T21:43:29Z INFO [2476/2500] ae548667-962d-4978-becf-da2b4100319d: valid; 2.6 s; peak memory 11808 MiB.
2026-10-08T21:43:29Z WARNING ae55f288-aa05-4739-9e24-0ac4c28ec165: failed while retrieving asset information from the DANDI API (NotFoundError: No asset at path 'sub-LG445/sub-LG445_ses-20250328_obj-kneem8_ophys.nwb' in version 0.260915.2135. Verify the path is correct and the asset exists in this version. Use 'dandi ls' to list available assets.)
2026-10-08T21:43:31Z WARNING ae55f455-c1ac-4868-93ed-384c458d9e8b: failed while opening the NWB file (ConstructError: (root/acquisition/_iblmic_audioSpectrogram/bands GroupBuilder {'attributes': {'colnames': array(['freq'], dtype=object), 'description': 'spectogram frequencies', 'namespace': 'core', 'neurodata_type': 'FrequencyBandsTable', 'object_id': 'cd72770b-9f0e-4834-b291-46631fedde9b'}, 'groups': {}, 'datasets': {'freq': root/acquisition/_iblmic_audioSpectrogram/bands/freq DatasetBuilder {'attributes': {'description': 'frequency value', 'namespace': 'hdmf-common', 'neurodata_type': 'VectorData', 'object_id': '06d35059-bea1-4572-a0c4-e209dc3969a2'}, 'data': <HDF5 dataset "freq": shape (257,), type "<f4">}, 'id': root/acquisition/_iblmic_audioSpectrogram/bands/id DatasetBuilder {'attributes': {'namespace': 'hdmf-common', 'neurodata_type': 'ElementIdentifiers', 'object_id': 'c9a2fa32-7949-4271-92e2-4be1496e5218'}, 'data': <HDF5 dataset "id": shape (257,), type "<i4">}}, 'links': {}}, "Could not construct FrequencyBandsTable object due to: column must have the same number of rows as 'id'"))
2026-10-08T21:43:38Z INFO [2479/2500] ae55fb4c-9eea-49c9-b2aa-42c9dd964506: valid; 6.9 s; peak memory 11808 MiB.
2026-10-08T21:43:42Z INFO [2480/2500] ae5638d4-29b1-4eb6-9382-c81aabc71f64: valid; 4.0 s; peak memory 11808 MiB.
2026-10-08T21:43:43Z INFO [2481/2500] ae57d805-eab3-4245-aeb3-e99d42c05732: valid; 1.1 s; peak memory 11808 MiB.
2026-10-08T21:43:45Z INFO [2482/2500] ae57e6b8-be83-43e1-9322-1bd534edae4e: not valid; 2.0 s; peak memory 11808 MiB.
2026-10-08T21:43:48Z INFO [2483/2500] ae587f8c-8e75-47ba-b00f-980381525dc6: valid; 3.7 s; peak memory 11808 MiB.
2026-10-08T21:44:02Z INFO [2484/2500] ae58bc73-1f22-4e3d-9205-c37fd0edd42a: valid; 13.0 s; peak memory 11808 MiB.
2026-10-08T21:44:04Z INFO [2485/2500] ae58f5fe-2dff-4a76-ab83-4d555247dd0b: valid; 2.7 s; peak memory 11808 MiB.
2026-10-08T21:44:06Z INFO [2486/2500] ae594fe2-2c2f-4da1-98b9-50b9e6733d18: not valid; 1.6 s; peak memory 11808 MiB.
2026-10-08T21:44:08Z INFO [2487/2500] ae5979ab-c148-4b9f-862f-c85ce5eef914: valid; 2.5 s; peak memory 11808 MiB.
2026-10-08T21:44:10Z INFO [2488/2500] ae598746-f52c-4113-b5f6-a538c9f542e1: valid; 2.1 s; peak memory 11808 MiB.
2026-10-08T21:44:13Z WARNING ae59ad88-db62-4b70-a17d-2a89a5a74cc9: failed while opening the NWB file (ConstructError: (root/acquisition/_iblmic_audioSpectrogram/bands GroupBuilder {'attributes': {'colnames': array(['freq'], dtype=object), 'description': 'spectogram frequencies', 'namespace': 'core', 'neurodata_type': 'FrequencyBandsTable', 'object_id': 'fbc29bc2-20aa-48a1-89bc-36f3d7260b9a'}, 'groups': {}, 'datasets': {'freq': root/acquisition/_iblmic_audioSpectrogram/bands/freq DatasetBuilder {'attributes': {'description': 'frequency value', 'namespace': 'hdmf-common', 'neurodata_type': 'VectorData', 'object_id': '73637072-7d06-41d0-87d1-7bb9de0933eb'}, 'data': <HDF5 dataset "freq": shape (257,), type "<f4">}, 'id': root/acquisition/_iblmic_audioSpectrogram/bands/id DatasetBuilder {'attributes': {'namespace': 'hdmf-common', 'neurodata_type': 'ElementIdentifiers', 'object_id': '28301105-85d4-41b3-bc01-a6ae4131f8ad'}, 'data': <HDF5 dataset "id": shape (257,), type "<i4">}}, 'links': {}}, "Could not construct FrequencyBandsTable object due to: column must have the same number of rows as 'id'"))
2026-10-08T21:44:33Z INFO [2490/2500] ae59b106-9e80-43a5-897e-c3b311573eb4: valid; 20.2 s; peak memory 11808 MiB.
2026-10-08T21:44:34Z INFO [2491/2500] ae5a71ff-348f-4c8c-8616-b9227199a4cb: not valid; 1.6 s; peak memory 11808 MiB.
2026-10-08T21:44:36Z INFO [2492/2500] ae5ad6b2-4042-4149-9f66-063a5c99b13d: not valid; 1.7 s; peak memory 11808 MiB.
2026-10-08T21:44:38Z INFO [2493/2500] ae5adb5e-4210-4cca-9674-b9af6912d490: valid; 2.3 s; peak memory 11808 MiB.
2026-10-08T21:44:41Z INFO [2494/2500] ae5adb7a-c74f-4952-a874-67b3e79819b8: valid; 2.6 s; peak memory 11808 MiB.
2026-10-08T21:44:43Z INFO [2495/2500] ae5c2e51-fb5e-4aa3-b41e-d31e25edbb01: valid; 1.6 s; peak memory 11808 MiB.
2026-10-08T21:44:44Z INFO [2496/2500] ae5c6a5b-163c-41bd-8cb6-8c04b691e272: valid; 1.3 s; peak memory 11808 MiB.
2026-10-08T21:44:48Z INFO [2497/2500] ae5c83ef-3fb1-48e0-8696-f28daa2a1a49: valid; 3.9 s; peak memory 11808 MiB.
2026-10-08T21:44:51Z INFO [2498/2500] ae5d3595-1d12-4b58-b614-525e3f6b40f6: valid; 3.2 s; peak memory 11808 MiB.
2026-10-08T21:45:02Z INFO [2499/2500] ae5d47ac-d900-49ed-b9a2-b97ec2800364: valid; 11.3 s; peak memory 11808 MiB.
2026-10-08T21:45:05Z INFO [2500/2500] ae5d9172-d3f9-4ccd-9137-efaddb327c9b: valid; 3.2 s; peak memory 11808 MiB.
2026-10-08T21:45:07Z INFO [2500/2500] ae5d9172-d3f9-4ccd-9137-efaddb327c9b: checkpointed 178510 new records.
2026-10-08T21:45:08Z INFO Wrote 178510 records to /tmp/derivatives/content_id_to_valid_nwb_file.jsonl (2372 new, 128 failed) in 199.0 min (peak memory 11808 MiB).
