2026-10-09T09:40:50Z INFO Logging to /tmp/logs/update_2026-10-09T09-40-50Z.log.
2026-10-09T09:40:50Z INFO Update content-id-to-valid-nwb-file (base directory /tmp).
2026-10-09T09:40:54Z INFO Processing 2500 items (188510 already recorded).
2026-10-09T09:40:55Z INFO [1/2500] 00c4ef28-e6cd-42d4-88be-e7f5e5990879: valid; 1.9 s; peak memory 474 MiB.
2026-10-09T09:40:57Z INFO [2/2500] 01d80f29-7e32-4d95-9ccb-0cfc2ca48ede: valid; 1.3 s; peak memory 475 MiB.
2026-10-09T09:40:58Z INFO [3/2500] 05816952-d049-4610-bdfb-f7a3a9fe268a: valid; 1.4 s; peak memory 477 MiB.
2026-10-09T09:40:59Z INFO [4/2500] 08cbe3bd-bc48-4780-bb85-49df1911ef51: valid; 1.4 s; peak memory 477 MiB.
2026-10-09T09:41:01Z INFO [5/2500] 09abda3a-441a-4f03-b15e-16d56875f7a9: valid; 1.3 s; peak memory 479 MiB.
2026-10-09T09:41:02Z INFO [6/2500] 09dad3d9-69a9-481e-a7db-761a9b4ca04a: valid; 1.4 s; peak memory 481 MiB.
2026-10-09T09:41:04Z INFO [7/2500] 0afd79c1-9fdb-42d2-be6a-8399c523a893: valid; 1.3 s; peak memory 483 MiB.
2026-10-09T09:41:05Z INFO [8/2500] 0c89a6d9-0b39-4dcd-b5c6-3d16ce012ac0: valid; 1.4 s; peak memory 483 MiB.
2026-10-09T09:41:06Z INFO [9/2500] 0f3501b9-157c-4e28-bf6f-f740ae75cf71: valid; 1.3 s; peak memory 483 MiB.
2026-10-09T09:41:08Z INFO [10/2500] 10f0421d-a3b3-43ed-869a-a9c9bf6353fb: valid; 1.5 s; peak memory 483 MiB.
2026-10-09T09:41:09Z INFO [11/2500] 154ffd51-1f73-4cab-b302-03fed9b02b08: valid; 1.2 s; peak memory 483 MiB.
2026-10-09T09:41:10Z INFO [12/2500] 15feff40-6a26-401d-a2fc-55274150d3f8: valid; 1.3 s; peak memory 483 MiB.
2026-10-09T09:41:11Z INFO [13/2500] 174dc191-19f2-4e87-ba9c-da8529fee031: valid; 1.3 s; peak memory 485 MiB.
2026-10-09T09:41:13Z INFO [14/2500] 189185b8-ae32-4a3c-9a0e-f1f04430b13f: valid; 1.3 s; peak memory 487 MiB.
2026-10-09T09:41:14Z INFO [15/2500] 195cb35f-bd21-4d46-9eab-2aea3cd196e7: valid; 1.2 s; peak memory 487 MiB.
2026-10-09T09:41:15Z INFO [16/2500] 19801fef-f4de-4ee8-b77b-f7d5e64cfeb5: valid; 1.3 s; peak memory 487 MiB.
2026-10-09T09:41:16Z INFO [17/2500] 1b5ad137-5b6d-4245-ac16-36ad03a4b77b: valid; 1.2 s; peak memory 487 MiB.
2026-10-09T09:41:18Z INFO [18/2500] 1c4658d7-1d90-44e2-8e9a-84a50cb2acf5: valid; 1.3 s; peak memory 487 MiB.
2026-10-09T09:41:19Z INFO [19/2500] 1e6aaafd-2260-4448-8d36-94bdf93a9c6e: valid; 1.2 s; peak memory 488 MiB.
2026-10-09T09:41:20Z INFO [20/2500] 1f07ea96-6e27-4990-bd62-72fe6984022d: valid; 1.2 s; peak memory 490 MiB.
2026-10-09T09:41:21Z INFO [21/2500] 2214a984-c248-404c-9129-161f307f9fbc: valid; 1.2 s; peak memory 491 MiB.
2026-10-09T09:41:23Z INFO [22/2500] 2384c463-d1fc-4893-8631-5671f5f4bdf2: valid; 1.3 s; peak memory 491 MiB.
2026-10-09T09:41:24Z INFO [23/2500] 255ff935-b551-4e51-92e4-3edc3667ce44: valid; 1.3 s; peak memory 491 MiB.
2026-10-09T09:41:25Z INFO [24/2500] 2624ad51-4d3c-407c-836f-c150ee0da4c4: valid; 1.3 s; peak memory 492 MiB.
2026-10-09T09:41:27Z INFO [25/2500] 2ad6bdb2-0e43-4965-b2cb-cab709f3defc: valid; 1.3 s; peak memory 492 MiB.
2026-10-09T09:41:28Z INFO [26/2500] 2bf5e85f-c3f8-41af-89e7-79ee91615515: valid; 1.2 s; peak memory 492 MiB.
2026-10-09T09:41:29Z INFO [27/2500] 2c8d4520-1687-44c2-9bab-3aa1760efba6: valid; 1.2 s; peak memory 492 MiB.
2026-10-09T09:41:30Z INFO [28/2500] 2e14f9af-62d4-4a1a-a6f2-84a1e1ad93d9: valid; 1.2 s; peak memory 492 MiB.
2026-10-09T09:41:32Z INFO [29/2500] 2e46f2ab-4cf6-40c8-a4a9-ffd6717d155f: valid; 1.4 s; peak memory 492 MiB.
2026-10-09T09:41:33Z INFO [30/2500] 2ed0aaed-6c88-4f24-ac78-0178f7c32e4a: valid; 1.2 s; peak memory 492 MiB.
2026-10-09T09:41:34Z INFO [31/2500] 2ef02a1e-dfcb-47c6-a50b-f9a150123184: valid; 1.3 s; peak memory 492 MiB.
2026-10-09T09:41:35Z INFO [32/2500] 2f75774e-b0d3-40a9-9d12-5f04bbaf31e9: valid; 1.2 s; peak memory 492 MiB.
2026-10-09T09:41:37Z INFO [33/2500] 304e0c2e-b7df-42ea-9596-115f936fcec1: valid; 1.3 s; peak memory 492 MiB.
2026-10-09T09:41:38Z INFO [34/2500] 3140644e-6805-4284-9107-1b6ae094162f: valid; 1.2 s; peak memory 492 MiB.
2026-10-09T09:41:39Z INFO [35/2500] 321dfd14-72a1-40d7-856b-170eb11c475a: valid; 1.2 s; peak memory 492 MiB.
2026-10-09T09:41:40Z INFO [36/2500] 326026b5-51ab-4e43-87ef-2ce1348f3890: valid; 1.2 s; peak memory 492 MiB.
2026-10-09T09:41:42Z INFO [37/2500] 32c8e7f6-72a2-4d70-a63b-6e62d496c146: valid; 1.3 s; peak memory 492 MiB.
2026-10-09T09:41:43Z INFO [38/2500] 344c008b-61eb-4e5c-bc4d-8465a75993f5: valid; 1.4 s; peak memory 492 MiB.
2026-10-09T09:41:44Z INFO [39/2500] 344dd7d3-7a18-4b4a-85ec-769eaeff00ee: valid; 1.2 s; peak memory 492 MiB.
2026-10-09T09:41:45Z INFO [40/2500] 35b21cf5-3192-46cc-bd97-cd3977446fec: valid; 1.3 s; peak memory 492 MiB.
2026-10-09T09:41:47Z INFO [41/2500] 3650c75f-fc06-4b57-918d-ff4e9cd0e780: valid; 1.2 s; peak memory 492 MiB.
2026-10-09T09:41:48Z INFO [42/2500] 39d6b25c-9675-4bba-b076-9264cc949aae: valid; 1.4 s; peak memory 492 MiB.
2026-10-09T09:41:49Z INFO [43/2500] 3a01ba28-0cfa-4c3e-8c09-43b1a45bd2ac: valid; 1.4 s; peak memory 492 MiB.
2026-10-09T09:41:51Z INFO [44/2500] 3b7edf47-bd63-4a70-bfde-3c5dd3551fc4: valid; 1.3 s; peak memory 492 MiB.
2026-10-09T09:41:52Z INFO [45/2500] 3d1b5ffa-ac5f-40a8-b5d4-c1047ebfc70e: valid; 1.4 s; peak memory 492 MiB.
2026-10-09T09:41:53Z INFO [46/2500] 3ee624ff-ebcf-4b4e-ba16-0c6820983763: valid; 1.2 s; peak memory 492 MiB.
2026-10-09T09:41:55Z INFO [47/2500] 409dcace-624f-4b89-b539-f7a7190b816e: valid; 1.4 s; peak memory 492 MiB.
2026-10-09T09:41:56Z INFO [48/2500] 40b5570c-9ca1-4bf3-9a6e-9bb00998fb56: valid; 1.4 s; peak memory 492 MiB.
2026-10-09T09:41:57Z INFO [49/2500] 41908ee0-0056-4fcc-8342-39a7dc5a0b2d: valid; 1.3 s; peak memory 494 MiB.
2026-10-09T09:41:58Z INFO [50/2500] 41d3f27c-bd01-4ea8-aa6d-55dc4409ad6d: valid; 1.2 s; peak memory 494 MiB.
2026-10-09T09:42:00Z INFO [50/2500] 41d3f27c-bd01-4ea8-aa6d-55dc4409ad6d: checkpointed 188560 new records.
2026-10-09T09:42:01Z INFO [51/2500] 42195ba1-d7b2-4694-b239-fb77efa1400d: valid; 1.4 s; peak memory 496 MiB.
2026-10-09T09:42:03Z INFO [52/2500] 42734f6b-6c0b-4c98-98cd-e5dd3a974277: valid; 1.5 s; peak memory 496 MiB.
2026-10-09T09:42:04Z INFO [53/2500] 467f8797-437b-4127-ba6d-60385d197673: valid; 1.3 s; peak memory 496 MiB.
2026-10-09T09:42:05Z INFO [54/2500] 46bbe41c-a530-4787-a905-cd252c52bd2d: valid; 1.3 s; peak memory 496 MiB.
2026-10-09T09:42:07Z INFO [55/2500] 476b92b0-5433-46b6-a067-39aae4be126c: valid; 1.2 s; peak memory 496 MiB.
2026-10-09T09:42:08Z INFO [56/2500] 486e55ad-c38c-4c37-b0ec-97afe0acf4e9: valid; 1.3 s; peak memory 498 MiB.
2026-10-09T09:42:09Z INFO [57/2500] 499f34e9-ebd0-4a0a-bd08-04fd3d1bd8b3: valid; 1.2 s; peak memory 498 MiB.
2026-10-09T09:42:10Z INFO [58/2500] 4bbc9d3e-7937-4923-b2a2-c300e0d5700b: valid; 1.2 s; peak memory 498 MiB.
2026-10-09T09:42:11Z INFO [59/2500] 4f17fe77-3760-48cc-9aa8-7b10a14e17f2: valid; 1.2 s; peak memory 498 MiB.
2026-10-09T09:42:13Z INFO [60/2500] 505f3f86-5f41-4105-877a-94c41544857e: valid; 1.4 s; peak memory 498 MiB.
2026-10-09T09:42:14Z INFO [61/2500] 51492069-0c3a-4581-96b6-5c4744ab8dd5: valid; 1.3 s; peak memory 499 MiB.
2026-10-09T09:42:15Z INFO [62/2500] 52236d03-f8de-4af2-b817-2b35e63c7ae5: valid; 1.5 s; peak memory 501 MiB.
2026-10-09T09:42:17Z INFO [63/2500] 559a9afc-44e7-4776-b153-103d08298abf: valid; 1.3 s; peak memory 503 MiB.
2026-10-09T09:42:18Z INFO [64/2500] 58f5f824-8a90-4456-9a47-7253e172669c: valid; 1.5 s; peak memory 503 MiB.
2026-10-09T09:42:20Z INFO [65/2500] 599850d9-24ef-417d-853e-073a6ca47d63: valid; 1.3 s; peak memory 503 MiB.
2026-10-09T09:42:21Z INFO [66/2500] 59993431-0d59-4c74-b825-d49316093fae: valid; 1.3 s; peak memory 503 MiB.
2026-10-09T09:42:22Z INFO [67/2500] 5a04619e-df79-41fc-87ce-fa80dc8236f6: valid; 1.4 s; peak memory 503 MiB.
2026-10-09T09:42:24Z INFO [68/2500] 5a59f92b-7bc3-4989-8d17-60a9007d5f7a: valid; 1.3 s; peak memory 503 MiB.
2026-10-09T09:42:25Z INFO [69/2500] 5be2779f-5bf5-4da1-9907-7b99a3f8279e: valid; 1.5 s; peak memory 503 MiB.
2026-10-09T09:42:26Z INFO [70/2500] 5c273177-d678-4c8c-a86f-a3f2c54b3550: valid; 1.2 s; peak memory 503 MiB.
2026-10-09T09:42:29Z INFO [71/2500] 5d8f5e01-2aa6-40c2-be3e-256a16d08b90: valid; 2.9 s; peak memory 503 MiB.
2026-10-09T09:42:31Z INFO [72/2500] 5d911df1-7b72-4bf3-a3a1-6c159d62b982: valid; 1.4 s; peak memory 503 MiB.
2026-10-09T09:42:32Z INFO [73/2500] 5dc71473-65d9-4e78-950e-b3aa2990923e: valid; 1.4 s; peak memory 503 MiB.
2026-10-09T09:42:33Z INFO [74/2500] 6029e3f0-cbf8-4955-b356-d837efc40e9f: valid; 1.2 s; peak memory 503 MiB.
2026-10-09T09:42:34Z INFO [75/2500] 604cd569-0c27-481f-8b66-123aa6459420: valid; 1.2 s; peak memory 503 MiB.
2026-10-09T09:42:36Z INFO [76/2500] 63eb08cc-f28b-4f9d-a176-43d8447e5e70: valid; 1.3 s; peak memory 503 MiB.
2026-10-09T09:42:37Z INFO [77/2500] 6514d3e9-6278-4c60-9b48-b3aec03013b8: valid; 1.4 s; peak memory 503 MiB.
2026-10-09T09:42:38Z INFO [78/2500] 668f2810-c4c7-4042-bb50-6c5f932711b1: valid; 1.4 s; peak memory 503 MiB.
2026-10-09T09:42:40Z INFO [79/2500] 66eeab5d-09a7-4247-a5d4-2af80eca7daf: valid; 1.3 s; peak memory 503 MiB.
2026-10-09T09:42:41Z INFO [80/2500] 687f986d-524a-40e2-addd-83342cb00f1c: valid; 1.2 s; peak memory 503 MiB.
2026-10-09T09:42:42Z INFO [81/2500] 6992bd6a-a935-49c5-9c0d-32bceaa8740c: valid; 1.2 s; peak memory 503 MiB.
2026-10-09T09:42:44Z INFO [82/2500] 6a8aacf0-89f9-447c-a5fd-b814e3476946: valid; 1.4 s; peak memory 503 MiB.
2026-10-09T09:42:45Z INFO [83/2500] 6c03fb93-f3fc-4132-81d5-0b89cc76f1c2: valid; 1.2 s; peak memory 503 MiB.
2026-10-09T09:42:46Z INFO [84/2500] 6cd6b77c-ce9c-4cbc-a4e6-be9f2349f3d5: valid; 1.2 s; peak memory 503 MiB.
2026-10-09T09:42:47Z INFO [85/2500] 6dd04b99-276d-448a-b8ce-6aee2ffd71bd: valid; 1.3 s; peak memory 503 MiB.
2026-10-09T09:42:48Z INFO [86/2500] 6e194ccd-7603-4eb5-b17d-73e8bf99dc3b: valid; 1.1 s; peak memory 503 MiB.
2026-10-09T09:42:50Z INFO [87/2500] 7253d405-35e2-45ef-95e6-18257185a9fa: valid; 1.4 s; peak memory 503 MiB.
2026-10-09T09:42:51Z INFO [88/2500] 7321efcb-8169-4aab-8aea-ce90c184f4fa: valid; 1.4 s; peak memory 503 MiB.
2026-10-09T09:42:52Z INFO [89/2500] 7369ceed-8af4-4123-8131-13f03deebefc: valid; 1.3 s; peak memory 503 MiB.
2026-10-09T09:42:54Z INFO [90/2500] 74b44cac-1604-4bb9-bc92-287998c04c2e: valid; 1.3 s; peak memory 503 MiB.
2026-10-09T09:42:55Z INFO [91/2500] 763148a9-b424-4ec0-8959-001585e3e7c8: valid; 1.2 s; peak memory 503 MiB.
2026-10-09T09:42:56Z INFO [92/2500] 76cdfa5e-160c-41ea-8c02-8595bec3fd99: valid; 1.4 s; peak memory 504 MiB.
2026-10-09T09:42:58Z INFO [93/2500] 77543c26-5186-48ce-9029-12bf5a4ad9f5: valid; 1.2 s; peak memory 505 MiB.
2026-10-09T09:42:59Z INFO [94/2500] 777c6a1b-66b1-4f6a-92dd-a44518995f4b: valid; 1.4 s; peak memory 505 MiB.
2026-10-09T09:43:00Z INFO [95/2500] 77b33f1d-7aa6-411a-9455-a353bfc0c27a: valid; 1.3 s; peak memory 505 MiB.
2026-10-09T09:43:02Z INFO [96/2500] 7b16ada0-f572-40c7-b556-4b82c509f34c: valid; 1.4 s; peak memory 506 MiB.
2026-10-09T09:43:03Z INFO [97/2500] 7b3ae653-740d-4dc3-8a19-3f5598c3182c: valid; 1.5 s; peak memory 506 MiB.
2026-10-09T09:43:05Z INFO [98/2500] 7c2a1377-b820-4f75-a37d-eda1ae442fcc: valid; 1.3 s; peak memory 507 MiB.
2026-10-09T09:43:06Z INFO [99/2500] 7d395972-9377-410d-9932-a10266544e52: valid; 1.3 s; peak memory 508 MiB.
2026-10-09T09:43:07Z INFO [100/2500] 7f49b836-3180-4983-a951-49711ba860ac: valid; 1.3 s; peak memory 510 MiB.
2026-10-09T09:43:09Z INFO [100/2500] 7f49b836-3180-4983-a951-49711ba860ac: checkpointed 188610 new records.
2026-10-09T09:43:10Z INFO [101/2500] 8215daed-f961-484b-a6e1-d1a873813e2e: valid; 1.3 s; peak memory 512 MiB.
2026-10-09T09:43:11Z INFO [102/2500] 82f0c1cf-930b-4294-96d8-c3cd26f86815: valid; 1.4 s; peak memory 512 MiB.
2026-10-09T09:43:13Z INFO [103/2500] 84819b02-3b62-4af2-aa6e-95671ff08f88: valid; 1.4 s; peak memory 512 MiB.
2026-10-09T09:43:14Z INFO [104/2500] 86786881-d992-46d3-8e19-24b5d45b5112: valid; 1.2 s; peak memory 512 MiB.
2026-10-09T09:43:15Z INFO [105/2500] 8958452f-11e7-47cc-b4eb-8c5f9b1c5cd3: valid; 1.2 s; peak memory 512 MiB.
2026-10-09T09:43:16Z INFO [106/2500] 89b62ec1-5f7d-4a76-9c11-f6d13cdff46d: valid; 1.3 s; peak memory 512 MiB.
2026-10-09T09:43:18Z INFO [107/2500] 8ae810e3-595a-4ef5-b3d0-7d1d84118f77: valid; 1.3 s; peak memory 512 MiB.
2026-10-09T09:43:19Z INFO [108/2500] 8b037b8c-3f3d-4e50-aa7b-b38bcb09e7e2: valid; 1.3 s; peak memory 512 MiB.
2026-10-09T09:43:20Z INFO [109/2500] 8ba7f46c-bf3d-4dd8-a1e2-2a75c3477442: valid; 1.3 s; peak memory 512 MiB.
2026-10-09T09:43:22Z INFO [110/2500] 8e4effc3-1b92-4cd2-bfc4-e82b8695ae3b: valid; 1.3 s; peak memory 512 MiB.
2026-10-09T09:43:23Z INFO [111/2500] 8f248bda-4b6a-422c-9180-595f0a390b63: valid; 1.3 s; peak memory 512 MiB.
2026-10-09T09:43:24Z INFO [112/2500] 90d8ab31-a268-426a-9f52-ad6b074a1bc1: valid; 1.4 s; peak memory 512 MiB.
2026-10-09T09:43:26Z INFO [113/2500] 91cf09b9-9371-4219-b6a1-520a67526686: valid; 1.2 s; peak memory 512 MiB.
2026-10-09T09:43:27Z INFO [114/2500] 92c18a92-3484-4748-afc1-65f6cc5b2b14: valid; 1.3 s; peak memory 512 MiB.
2026-10-09T09:43:28Z INFO [115/2500] 93452b0e-697d-4b8e-99aa-c49d3d0bfa58: valid; 1.2 s; peak memory 512 MiB.
2026-10-09T09:43:30Z INFO [116/2500] 96348a30-a168-4a84-afd0-54f53747c6b3: valid; 1.4 s; peak memory 512 MiB.
2026-10-09T09:43:31Z INFO [117/2500] 991baa9d-352f-40fa-a196-e52f6f46a7ed: valid; 1.4 s; peak memory 512 MiB.
2026-10-09T09:43:32Z INFO [118/2500] 99728073-cdf3-4f44-b11d-46def34b4ebe: valid; 1.3 s; peak memory 512 MiB.
2026-10-09T09:43:33Z INFO [119/2500] 9a419ed3-7a7c-4ff9-b00f-7e3fda183a2e: valid; 1.3 s; peak memory 512 MiB.
2026-10-09T09:43:35Z INFO [120/2500] 9a6dcc89-fa69-47cc-a712-5915584c179d: valid; 1.2 s; peak memory 512 MiB.
2026-10-09T09:43:36Z INFO [121/2500] 9b8dd35f-9766-4d77-b56d-70b804d48548: valid; 1.3 s; peak memory 512 MiB.
2026-10-09T09:43:37Z INFO [122/2500] 9e102657-6d47-486c-a51d-be4b21736830: valid; 1.3 s; peak memory 512 MiB.
2026-10-09T09:43:39Z INFO [123/2500] 9f3e52e2-5319-4cbe-a4d8-a63bdcbc3837: valid; 1.3 s; peak memory 512 MiB.
2026-10-09T09:43:40Z INFO [124/2500] a3da6fd5-e1c9-44c7-8cc5-41cf7dfdded0: valid; 1.2 s; peak memory 512 MiB.
2026-10-09T09:43:41Z INFO [125/2500] a831517f-503a-44b3-b774-224f6dd3a517: valid; 1.3 s; peak memory 512 MiB.
2026-10-09T09:43:42Z INFO [126/2500] a998cc6f-ec31-4430-8ffe-9f76143a53ad: valid; 1.2 s; peak memory 512 MiB.
2026-10-09T09:43:44Z INFO [127/2500] a99d2b22-6c94-4788-8b2d-848078851f00: valid; 1.3 s; peak memory 512 MiB.
2026-10-09T09:43:45Z INFO [128/2500] ab8bc14a-7a6a-4a4f-96ae-7365e5078194: valid; 1.2 s; peak memory 512 MiB.
2026-10-09T09:43:46Z INFO [129/2500] acbfabde-e461-419f-928a-ef3c3488ce82: valid; 1.3 s; peak memory 512 MiB.
2026-10-09T09:43:47Z INFO [130/2500] aef07432-17e6-4f53-b668-e8e0efd1bcd3: valid; 1.3 s; peak memory 512 MiB.
2026-10-09T09:43:49Z INFO [131/2500] aefb4fad-3180-4b4c-b247-0cd007f43f90: valid; 1.3 s; peak memory 512 MiB.
2026-10-09T09:43:50Z INFO [132/2500] b4a3fe6a-5a4f-4ca4-8513-7ba60f2bde31: valid; 1.3 s; peak memory 512 MiB.
2026-10-09T09:43:51Z INFO [133/2500] b5b2c673-a9ae-4e5e-8a0d-2688afc99c38: valid; 1.4 s; peak memory 512 MiB.
2026-10-09T09:43:53Z INFO [134/2500] b5ee4f3e-bb2e-49c2-9654-475575bb11f8: valid; 1.2 s; peak memory 512 MiB.
2026-10-09T09:43:54Z INFO [135/2500] b6f8fdf7-78ba-4ccf-865e-2d7046a2db1b: valid; 1.2 s; peak memory 512 MiB.
2026-10-09T09:43:55Z INFO [136/2500] b710b5d6-c5b3-4346-8d4e-cf62c51f691b: valid; 1.2 s; peak memory 512 MiB.
2026-10-09T09:43:56Z INFO [137/2500] b84e6616-710b-4877-a1c7-ff977da1a6c4: valid; 1.3 s; peak memory 512 MiB.
2026-10-09T09:43:58Z INFO [138/2500] bb2dd570-53dd-4b8f-9e8b-8b36f7181bde: valid; 1.3 s; peak memory 512 MiB.
2026-10-09T09:43:59Z INFO [139/2500] bc55cd1f-739f-4507-8261-abef23528349: valid; 1.4 s; peak memory 512 MiB.
2026-10-09T09:44:01Z INFO [140/2500] bd7e4bff-ef05-4386-b3e7-df6021300f39: valid; 2.5 s; peak memory 515 MiB.
2026-10-09T09:44:04Z INFO [141/2500] bd7e7b6d-54bc-4c5e-bfca-c88f4192780e: valid; 2.8 s; peak memory 518 MiB.
2026-10-09T09:44:06Z INFO [142/2500] bd7fa78e-7075-4b1a-a209-33d4a47f1df7: valid; 1.5 s; peak memory 518 MiB.
2026-10-09T09:44:07Z INFO [143/2500] bd7faaf8-6988-4c5e-8799-9b931953a71c: valid; 1.5 s; peak memory 518 MiB.
2026-10-09T09:44:09Z INFO [144/2500] bd8002ef-c6af-4f71-8c07-c49e96f87728: valid; 1.4 s; peak memory 518 MiB.
2026-10-09T09:44:10Z INFO [145/2500] bd800a26-5038-416b-8a9f-e94af232bbc4: valid; 1.2 s; peak memory 518 MiB.
2026-10-09T09:44:12Z INFO [146/2500] bd80dba0-8b08-4168-ba88-3239d2f0dffc: not valid; 2.5 s; peak memory 521 MiB.
2026-10-09T09:44:16Z INFO [147/2500] bd80dcd9-cb0b-476f-a647-800c2209a941: valid; 3.2 s; peak memory 525 MiB.
2026-10-09T09:44:18Z INFO [148/2500] bd816c19-ed3e-4427-b651-5e3146415ce0: valid; 2.0 s; peak memory 536 MiB.
2026-10-09T09:44:25Z INFO [149/2500] bd819395-3c38-4af4-ae94-4b23e05e8aad: valid; 7.3 s; peak memory 584 MiB.
2026-10-09T09:44:28Z INFO [150/2500] bd81b0c1-d8c7-45b9-9cca-19f36889494e: valid; 3.4 s; peak memory 628 MiB.
2026-10-09T09:44:30Z INFO [150/2500] bd81b0c1-d8c7-45b9-9cca-19f36889494e: checkpointed 188660 new records.
2026-10-09T09:44:31Z INFO [151/2500] bd82bf5a-78c8-4951-8956-7e7a320c41c7: valid; 1.2 s; peak memory 628 MiB.
2026-10-09T09:44:33Z INFO [152/2500] bd82c24d-da93-4925-8fb6-2ff0f6788cea: valid; 2.1 s; peak memory 628 MiB.
2026-10-09T09:44:35Z INFO [153/2500] bd831430-7480-444b-bab7-1ab2e8c3d18a: valid; 1.7 s; peak memory 628 MiB.
2026-10-09T09:44:36Z INFO [154/2500] bd8507e5-87b6-49da-a8b1-330548eb6a34: valid; 1.3 s; peak memory 628 MiB.
2026-10-09T09:44:38Z INFO [155/2500] bd850a08-b714-4f6c-82f0-f3aa62ecbb76: valid; 1.7 s; peak memory 628 MiB.
2026-10-09T09:44:39Z INFO [156/2500] bd855a72-de29-4d7b-916c-b14e633eb6fa: not valid; 1.7 s; peak memory 628 MiB.
2026-10-09T09:44:45Z INFO [157/2500] bd85a1a4-0978-4ef0-994e-2c485fbca07a: valid; 5.3 s; peak memory 628 MiB.
2026-10-09T09:44:49Z INFO [158/2500] bd860ec0-24ae-4e97-b15d-dc96ee3f0ecc: valid; 3.9 s; peak memory 628 MiB.
2026-10-09T09:44:52Z INFO [159/2500] bd86689f-af00-4933-899b-6040c510b865: valid; 3.2 s; peak memory 629 MiB.
2026-10-09T09:44:54Z INFO [160/2500] bd868fff-1ecb-44dc-8c92-0cfdeef983ee: valid; 2.4 s; peak memory 630 MiB.
2026-10-09T09:44:57Z INFO [161/2500] bd86a84f-1478-4ade-83e4-d30d8113e3b7: valid; 2.9 s; peak memory 640 MiB.
2026-10-09T09:44:58Z INFO [162/2500] bd870931-0cbd-4029-82f3-e7414c0f00cd: valid; 1.3 s; peak memory 641 MiB.
2026-10-09T09:45:05Z INFO [163/2500] bd87127e-47c3-4016-835c-2175ec5d0891: valid; 6.1 s; peak memory 648 MiB.
2026-10-09T09:45:06Z INFO [164/2500] bd872a7c-4168-4b12-aa5a-692ce24e5cf5: valid; 1.6 s; peak memory 649 MiB.
2026-10-09T09:45:21Z INFO [165/2500] bd874960-bfac-4309-8e1f-b7bb895d8d0a: valid; 14.4 s; peak memory 718 MiB.
2026-10-09T09:45:23Z INFO [166/2500] bd883fa0-6617-44e8-9605-ddceef338b1f: valid; 2.0 s; peak memory 727 MiB.
2026-10-09T09:45:24Z INFO [167/2500] bd8a2c06-0b97-41e8-a8e0-e7774e9d298c: not valid; 1.6 s; peak memory 731 MiB.
2026-10-09T09:45:26Z INFO [168/2500] bd8a30d8-db85-4854-b8f1-e815c2a7d2d0: not valid; 1.7 s; peak memory 736 MiB.
2026-10-09T09:45:27Z INFO [169/2500] bd8a4d6f-7cfd-4e58-9801-d44f7e61e602: not valid; 1.6 s; peak memory 736 MiB.
2026-10-09T09:45:29Z INFO [170/2500] bd8a785b-4661-4e5a-92e3-4261a9b4ef49: valid; 1.3 s; peak memory 736 MiB.
2026-10-09T09:45:31Z INFO [171/2500] bd8ac96d-441c-47ed-876b-d51b00ea2f78: valid; 2.4 s; peak memory 736 MiB.
2026-10-09T09:45:39Z INFO [172/2500] bd8acc2f-1bba-4022-9db4-f538f972dba8: valid; 8.0 s; peak memory 736 MiB.
2026-10-09T09:45:39Z WARNING bd8b110b-aee5-4f77-a2ca-c22c152ecf92: failed while retrieving asset information from the DANDI API (NotFoundError: No asset at path 'sub-LG609/sub-LG609_ses-20250914_obj-1ygiykj_ophys.nwb' in version 0.260915.2135. Verify the path is correct and the asset exists in this version. Use 'dandi ls' to list available assets.)
2026-10-09T09:45:41Z INFO [174/2500] bd8bb3ed-ba0e-42d4-9055-ee9a26631d4d: valid; 1.3 s; peak memory 736 MiB.
2026-10-09T09:45:43Z INFO [175/2500] bd8bbed1-5b9a-4872-8206-4f74a0bc65a4: valid; 2.3 s; peak memory 736 MiB.
2026-10-09T09:45:45Z INFO [176/2500] bd8c78c7-04d4-46a6-93bc-86090dda9e63: not valid; 1.8 s; peak memory 736 MiB.
2026-10-09T09:45:47Z INFO [177/2500] bd8d4be1-14c3-4f4b-aaf6-d50d77c54fdb: valid; 2.0 s; peak memory 736 MiB.
2026-10-09T09:45:49Z INFO [178/2500] bd8dce02-a4b0-43f5-a555-03e403abd851: valid; 2.4 s; peak memory 736 MiB.
2026-10-09T09:45:52Z INFO [179/2500] bd8dcfc5-45bb-4bdb-b7bd-fd073d789afa: valid; 2.3 s; peak memory 736 MiB.
2026-10-09T09:45:53Z INFO [180/2500] bd8dd112-1c75-4364-8111-122c08c130c1: valid; 1.3 s; peak memory 736 MiB.
2026-10-09T09:45:56Z INFO [181/2500] bd8e12e6-6fb5-4ecf-bae8-b46e51a89be0: valid; 3.2 s; peak memory 736 MiB.
2026-10-09T09:46:03Z INFO [182/2500] bd8e535b-5ce3-4224-9411-4faffcf155c9: valid; 6.7 s; peak memory 753 MiB.
2026-10-09T09:46:14Z INFO [183/2500] bd8ee2b4-7072-4bf9-af24-773e789c47e9: valid; 11.1 s; peak memory 779 MiB.
2026-10-09T09:46:17Z INFO [184/2500] bd8f0182-dfb2-44c0-9225-56cc4b11f258: not valid; 2.8 s; peak memory 781 MiB.
2026-10-09T09:46:19Z INFO [185/2500] bd8f04a2-2f69-4b2e-bd34-89a99b8afc6b: valid; 2.6 s; peak memory 782 MiB.
2026-10-09T09:46:22Z INFO [186/2500] bd8f7b38-2390-4b19-b23f-825e9572a6e6: valid; 2.3 s; peak memory 782 MiB.
2026-10-09T09:46:23Z INFO [187/2500] bd8fabaf-3bf5-451d-87ef-f498676fa285: valid; 1.4 s; peak memory 782 MiB.
2026-10-09T09:46:24Z INFO [188/2500] bd8fe1e6-ad9a-4438-bcbb-c6ab7839eec6: valid; 1.2 s; peak memory 783 MiB.
2026-10-09T09:46:26Z INFO [189/2500] bd90071c-2b5d-4c1e-b4cd-5a34626232d9: valid; 1.8 s; peak memory 788 MiB.
2026-10-09T09:46:27Z INFO [190/2500] bd908ef3-2ea8-405d-b752-3ce027172bc8: valid; 1.2 s; peak memory 790 MiB.
2026-10-09T09:46:29Z INFO [191/2500] bd912df0-ae82-4efd-8116-5fa021e4276d: valid; 2.1 s; peak memory 790 MiB.
2026-10-09T09:46:31Z INFO [192/2500] bd912ee7-38fd-41cf-bd95-b0dc09c2bc84: valid; 2.0 s; peak memory 795 MiB.
2026-10-09T09:46:39Z INFO [193/2500] bd918cde-6539-4eb2-9b6b-bc7adcd90edb: valid; 7.8 s; peak memory 804 MiB.
2026-10-09T09:46:41Z INFO [194/2500] bd91cb52-fb29-4473-a4ea-cc2caeb3bbe8: not valid; 1.7 s; peak memory 804 MiB.
2026-10-09T09:46:42Z INFO [195/2500] bd91f973-e136-47ce-a43d-cfd121b0d10e: valid; 1.4 s; peak memory 804 MiB.
2026-10-09T09:46:44Z INFO [196/2500] bd91fce3-12cf-49d6-a21b-d675bdb3a0b7: valid; 2.1 s; peak memory 804 MiB.
2026-10-09T09:46:46Z INFO [197/2500] bd92404a-1165-44c9-9ca3-6c659b5582d0: valid; 1.6 s; peak memory 804 MiB.
2026-10-09T09:46:47Z INFO [198/2500] bd9329ac-c8a5-470c-8727-fe991d89e66c: not valid; 1.2 s; peak memory 804 MiB.
2026-10-09T09:46:49Z INFO [199/2500] bd9353d8-6ca3-4bb3-842f-dcfb81fab18a: valid; 1.7 s; peak memory 804 MiB.
2026-10-09T09:46:59Z INFO [200/2500] bd93594b-ce60-43d5-a174-2c6fdcd905ed: valid; 10.3 s; peak memory 804 MiB.
2026-10-09T09:47:01Z INFO [200/2500] bd93594b-ce60-43d5-a174-2c6fdcd905ed: checkpointed 188710 new records.
2026-10-09T09:47:03Z INFO [201/2500] bd937555-98fa-40f5-896c-234e0893a392: valid; 2.0 s; peak memory 804 MiB.
2026-10-09T09:47:07Z INFO [202/2500] bd941855-0082-4485-bd46-726c7be7e6ba: valid; 4.0 s; peak memory 804 MiB.
2026-10-09T09:47:10Z INFO [203/2500] bd94283d-8d89-4818-b345-0a29e6bee404: valid; 3.5 s; peak memory 804 MiB.
2026-10-09T09:47:11Z INFO [204/2500] bd9476b0-edcc-45df-8646-d88e31ddbf45: not valid; 1.0 s; peak memory 804 MiB.
2026-10-09T09:47:13Z INFO [205/2500] bd9505ec-b66f-42cb-bf90-e7016412f4f9: not valid; 1.5 s; peak memory 804 MiB.
2026-10-09T09:47:17Z INFO [206/2500] bd954f2e-9ee1-494a-adb4-5fdc27a050d6: valid; 3.8 s; peak memory 808 MiB.
2026-10-09T09:47:19Z INFO [207/2500] bd95bc66-442a-4864-8ff0-48b1568e959a: valid; 2.3 s; peak memory 808 MiB.
2026-10-09T09:47:20Z INFO [208/2500] bd95f279-6a5f-4ca2-8b0c-28903c5ed587: valid; 1.4 s; peak memory 808 MiB.
2026-10-09T09:47:23Z INFO [209/2500] bd9669f8-10e0-4be7-9013-01e4aaffe344: valid; 2.4 s; peak memory 818 MiB.
2026-10-09T09:47:28Z INFO [210/2500] bd968e0c-a9ea-4746-a504-2b264ab8e3aa: valid; 5.6 s; peak memory 818 MiB.
2026-10-09T09:47:30Z INFO [211/2500] bd973777-adce-4173-8140-fd4e2d943c42: valid; 2.1 s; peak memory 818 MiB.
2026-10-09T09:47:32Z WARNING bd97e92f-bb40-471b-ab4c-ba434fcf550f: failed while opening the NWB file (ConstructError: (root/acquisition/_iblmic_audioSpectrogram/bands GroupBuilder {'attributes': {'colnames': array(['freq'], dtype=object), 'description': 'spectogram frequencies', 'namespace': 'core', 'neurodata_type': 'FrequencyBandsTable', 'object_id': '5969cecf-752b-4b9d-b097-b2c4bfa0186a'}, 'groups': {}, 'datasets': {'freq': root/acquisition/_iblmic_audioSpectrogram/bands/freq DatasetBuilder {'attributes': {'description': 'frequency value', 'namespace': 'hdmf-common', 'neurodata_type': 'VectorData', 'object_id': '4c201546-e89e-4a4a-b473-c6ccd7a3a4dd'}, 'data': <HDF5 dataset "freq": shape (257,), type "<f4">}, 'id': root/acquisition/_iblmic_audioSpectrogram/bands/id DatasetBuilder {'attributes': {'namespace': 'hdmf-common', 'neurodata_type': 'ElementIdentifiers', 'object_id': '05621253-35bf-4cda-bc59-4fbb29d42aed'}, 'data': <HDF5 dataset "id": shape (257,), type "<i4">}}, 'links': {}}, "Could not construct FrequencyBandsTable object due to: column must have the same number of rows as 'id'"))
2026-10-09T09:47:34Z INFO [213/2500] bd986236-7103-4644-912f-9b266956e99d: valid; 1.3 s; peak memory 971 MiB.
2026-10-09T09:47:36Z INFO [214/2500] bd988aba-1070-47c0-a31c-bf0e86c64c66: valid; 2.4 s; peak memory 971 MiB.
2026-10-09T09:47:39Z INFO [215/2500] bd98c422-1abf-45f1-a3fe-c2991c55896d: valid; 3.1 s; peak memory 971 MiB.
2026-10-09T09:47:40Z INFO [216/2500] bd997008-6c79-43d0-86f1-a9b1684e9c31: valid; 1.3 s; peak memory 971 MiB.
2026-10-09T09:47:43Z INFO [217/2500] bd99c876-ed65-4841-b494-146e8f3da6cf: valid; 2.8 s; peak memory 971 MiB.
2026-10-09T09:47:46Z INFO [218/2500] bd9a1e3d-d061-4aed-a078-c5d0e72d9076: valid; 2.6 s; peak memory 971 MiB.
2026-10-09T09:47:48Z INFO [219/2500] bd9a7692-b5a8-400a-a29b-ba0aced5c22a: valid; 2.3 s; peak memory 971 MiB.
2026-10-09T09:47:50Z INFO [220/2500] bd9b01f0-ccfc-4e4d-8ae6-fc5c0a59a20b: valid; 1.5 s; peak memory 971 MiB.
2026-10-09T09:47:51Z INFO [221/2500] bd9baf54-88f5-4f82-a22d-12b997728324: valid; 1.9 s; peak memory 971 MiB.
2026-10-09T09:47:53Z INFO [222/2500] bd9be531-b49d-4a0e-ac0b-aaecc237e34b: not valid; 1.8 s; peak memory 971 MiB.
2026-10-09T09:48:38Z INFO [223/2500] bd9cf33c-8ac7-4180-bf67-c63fb2350118: valid; 44.2 s; peak memory 1048 MiB.
2026-10-09T09:48:40Z INFO [224/2500] bd9cfa8e-9f29-4b59-b428-1d4125a63620: valid; 2.0 s; peak memory 1052 MiB.
2026-10-09T09:48:43Z INFO [225/2500] bd9d3a1f-6837-47d9-b83f-d23a8f43385a: valid; 3.3 s; peak memory 1056 MiB.
2026-10-09T09:48:48Z INFO [226/2500] bd9db804-c2ff-482e-9c9a-cbedada9d9fe: valid; 5.3 s; peak memory 1056 MiB.
2026-10-09T09:48:53Z INFO [227/2500] bd9dff5b-638e-4461-8854-2e6ebe0b8dcc: not valid; 4.6 s; peak memory 1056 MiB.
2026-10-09T09:49:00Z INFO [228/2500] bd9ec8f0-a54f-41ec-b717-c29697609f61: valid; 7.1 s; peak memory 1056 MiB.
2026-10-09T09:49:01Z INFO [229/2500] bd9ed7da-1df6-49c5-ac77-d872d8584255: valid; 1.0 s; peak memory 1056 MiB.
2026-10-09T09:49:04Z INFO [230/2500] bd9f5b8d-591b-41fb-9194-6719fd07b4bd: valid; 3.5 s; peak memory 1056 MiB.
2026-10-09T09:49:06Z INFO [231/2500] bda093a8-e616-405e-8331-4397b3f3ab4d: valid; 2.1 s; peak memory 1056 MiB.
2026-10-09T09:49:08Z INFO [232/2500] bda379db-1fcb-439c-909c-24a67c80351f: valid; 1.2 s; peak memory 1056 MiB.
2026-10-09T09:49:10Z INFO [233/2500] bda599f2-d739-428f-af4c-41c97227ba52: valid; 2.8 s; peak memory 1059 MiB.
2026-10-09T09:49:12Z INFO [234/2500] bda5c42a-7c75-4d81-8371-8de683c700b7: valid; 1.2 s; peak memory 1060 MiB.
2026-10-09T09:49:13Z INFO [235/2500] bda623b3-9e85-4108-961c-ec8b41ed158a: valid; 1.2 s; peak memory 1060 MiB.
2026-10-09T09:49:13Z WARNING bda799de-f04b-4fa7-9984-eabfefc9b57c: failed while retrieving asset information from the DANDI API (NotFoundError: No asset at path 'sub-ZS060/sub-ZS060_ses-behavior-ZS060-2021-04-28-15-16-45.nwb' in version 0.260928.2230. Verify the path is correct and the asset exists in this version. Use 'dandi ls' to list available assets.)
2026-10-09T09:49:20Z INFO [237/2500] bda829a6-96ec-4a3b-8821-a4ce7187f860: not valid; 6.8 s; peak memory 1071 MiB.
2026-10-09T09:49:26Z INFO [238/2500] bda87a29-1e35-4452-96e5-5e805c0ccebf: valid; 6.4 s; peak memory 1071 MiB.
2026-10-09T09:49:27Z INFO [239/2500] bda8e903-7633-4188-aa74-39defb6eccc6: valid; 1.2 s; peak memory 1071 MiB.
2026-10-09T09:49:30Z INFO [240/2500] bda9540b-a689-4533-9320-57f73a2362cf: not valid; 2.4 s; peak memory 1071 MiB.
2026-10-09T09:49:32Z INFO [241/2500] bda96608-eac3-4530-862d-1f174e3e8e6c: valid; 2.0 s; peak memory 1071 MiB.
2026-10-09T09:49:33Z INFO [242/2500] bda9d3b0-6e17-4a5d-9183-7f1441f6c71e: valid; 1.6 s; peak memory 1071 MiB.
2026-10-09T09:49:35Z INFO [243/2500] bdaa4319-61f9-4c9c-a091-4d582e9062c9: valid; 1.3 s; peak memory 1071 MiB.
2026-10-09T09:49:36Z INFO [244/2500] bdaa6dfd-61fd-4767-84e7-5b065158778e: not valid; 1.5 s; peak memory 1071 MiB.
2026-10-09T09:49:38Z INFO [245/2500] bdab3bc1-5ebb-4004-a930-3a074f673fc7: not valid; 1.9 s; peak memory 1071 MiB.
2026-10-09T09:49:40Z INFO [246/2500] bdab6036-4c0f-4b61-b677-1056b5b340ca: valid; 2.1 s; peak memory 1071 MiB.
2026-10-09T09:49:42Z INFO [247/2500] bdac59b9-aff6-431e-9067-d292a2f0e095: valid; 2.1 s; peak memory 1071 MiB.
2026-10-09T09:49:45Z INFO [248/2500] bdacbf5c-803c-4b29-8be5-659c9dcb0a07: valid; 2.3 s; peak memory 1071 MiB.
2026-10-09T09:49:55Z INFO [249/2500] bdad5d7a-6d73-4af1-94e3-49ac744ff0b1: not valid; 10.8 s; peak memory 1096 MiB.
2026-10-09T09:49:57Z INFO [250/2500] bdaddad0-203e-469c-a4e0-a71e0bf095ae: valid; 1.8 s; peak memory 1098 MiB.
2026-10-09T09:49:59Z INFO [250/2500] bdaddad0-203e-469c-a4e0-a71e0bf095ae: checkpointed 188760 new records.
2026-10-09T09:50:02Z INFO [251/2500] bdadf4de-b35f-4f03-ba1b-fe8fdb45b1eb: not valid; 3.6 s; peak memory 1103 MiB.
2026-10-09T09:50:04Z INFO [252/2500] bdae02be-b1aa-4b54-add0-c44d9b61e2d4: valid; 1.2 s; peak memory 1104 MiB.
2026-10-09T09:51:42Z INFO [253/2500] bdae1922-544a-4cda-80d2-5cc62dfeaf7b: valid; 98.8 s; peak memory 1493 MiB.
2026-10-09T09:51:47Z INFO [254/2500] bdae32a9-ed93-4d8f-b001-b48c65904c31: not valid; 4.9 s; peak memory 1493 MiB.
2026-10-09T09:51:49Z INFO [255/2500] bdaea3b3-df11-447c-bccf-3d4b1dbadfff: valid; 1.3 s; peak memory 1493 MiB.
2026-10-09T09:51:50Z INFO [256/2500] bdaeb690-2135-4032-a609-ba4767a00fe5: valid; 1.8 s; peak memory 1493 MiB.
2026-10-09T09:51:53Z INFO [257/2500] bdaf9963-2eaa-4e4d-aa86-f225da4b9b08: valid; 2.3 s; peak memory 1493 MiB.
2026-10-09T09:51:53Z WARNING bdb02833-78c8-448e-adfe-0b3a451e9b0f: failed while retrieving asset information from the DANDI API (NotFoundError: No asset at path 'sub-parkinson-simulated-lfp/sub-parkinson-simulated-lfp_ses-6383_ecephys.nwb' in version 0.250327.2220. Verify the path is correct and the asset exists in this version. Use 'dandi ls' to list available assets.)
2026-10-09T09:51:55Z INFO [259/2500] bdb09a6e-dbcb-488c-b0dc-0e01a61d6fb6: not valid; 1.7 s; peak memory 1493 MiB.
2026-10-09T09:52:01Z INFO [260/2500] bdb0eea5-bf3e-45dc-8330-c31408b22da5: valid; 6.8 s; peak memory 1499 MiB.
2026-10-09T09:52:05Z INFO [261/2500] bdb0fdad-9759-4720-b7f1-5a0291e3728b: not valid; 3.4 s; peak memory 1505 MiB.
2026-10-09T09:52:07Z INFO [262/2500] bdb18f8e-25ef-4591-b5f1-b44fb0dc7d11: valid; 2.6 s; peak memory 1511 MiB.
2026-10-09T09:52:16Z INFO [263/2500] bdb1d0e4-95ed-4e38-84ea-cedb42be6518: not valid; 8.6 s; peak memory 1578 MiB.
2026-10-09T09:52:19Z WARNING bdb29bb9-653b-498c-b53f-0bdb7b73a71a: failed while opening the NWB file (ConstructError: (root/general/optogenetics/PatternedOptogeneticStimulusSite GroupBuilder {'attributes': {'effector': 'GUR-3/PRDX-2', 'namespace': 'ndx-patterned-ogen', 'neurodata_type': 'PatternedOptogeneticStimulusSite', 'object_id': '19d96faa-7657-4e10-b59b-a876e828e9f7'}, 'groups': {}, 'datasets': {'description': root/general/optogenetics/PatternedOptogeneticStimulusSite/description DatasetBuilder {'attributes': {}, 'data': 'Scanning'}, 'excitation_lambda': root/general/optogenetics/PatternedOptogeneticStimulusSite/excitation_lambda DatasetBuilder {'attributes': {}, 'data': np.float64(850.0)}, 'location': root/general/optogenetics/PatternedOptogeneticStimulusSite/location DatasetBuilder {'attributes': {}, 'data': 'whole brain'}}, 'links': {'device': root/general/optogenetics/PatternedOptogeneticStimulusSite/device LinkBuilder {'builder': root/general/devices/OptogeneticDevice GroupBuilder {'attributes': {'description': '', 'namespace': 'core', 'neurodata_type': 'Device', 'object_id': 'a94821c5-e95b-496a-894c-634aa18f2348'}, 'groups': {}, 'datasets': {}, 'links': {}}}, 'light_source': root/general/optogenetics/PatternedOptogeneticStimulusSite/light_source LinkBuilder {'builder': root/general/devices/AmplifiedLaser GroupBuilder {'attributes': {'description': 'For two-photon optogenetic targeting, we used an optical parametric amplifier (OPA; Light Conversion ORPHEUS) pumped by a femtosecond amplified laser (Light Conversion PHAROS).', 'filter_description': 'Short pass at 1040 nm', 'manufacturer': 'Light Conversion', 'model': 'ORPHEUS amplifier and PHAROS laser', 'namespace': 'ndx-patterned-ogen', 'neurodata_type': 'LightSource', 'object_id': '4bf947ba-a691-4db9-9bee-eb35d74cfa30', 'peak_power_in_W': np.float64(0.0012), 'pulse_rate_in_Hz': np.float64(500000.0), 'stimulation_wavelength_in_nm': np.float64(850.0)}, 'groups': {}, 'datasets': {}, 'links': {}}}}}, "Could not construct PatternedOptogeneticStimulusSite object due to: CustomClassGenerator.set_init.<locals>.__init__: incorrect type for 'spatial_light_modulator' (got 'list', expected 'Device')"))
2026-10-09T09:52:21Z INFO [265/2500] bdb2fb9b-715a-4f72-a64c-3daed007f79a: not valid; 2.1 s; peak memory 1734 MiB.
2026-10-09T09:52:22Z INFO [266/2500] bdb3efcf-cbf0-439a-a412-6679be6261f1: not valid; 1.7 s; peak memory 1734 MiB.
2026-10-09T09:52:24Z INFO [267/2500] bdb42b4c-fb8d-43d2-b896-57faa52dde28: valid; 1.8 s; peak memory 1734 MiB.
2026-10-09T09:52:25Z INFO [268/2500] bdb43108-991a-4a35-bb22-c19b39f7257c: valid; 1.2 s; peak memory 1734 MiB.
2026-10-09T09:52:27Z INFO [269/2500] bdb43e8b-b08b-44bb-b320-9d6abf1f878f: valid; 2.0 s; peak memory 1734 MiB.
2026-10-09T09:52:29Z INFO [270/2500] bdb48f4e-528c-4379-b3a6-11577e54b65d: valid; 1.4 s; peak memory 1734 MiB.
2026-10-09T09:52:41Z INFO [271/2500] bdb4ac20-9a3d-4dcc-b6db-3baf607cd27b: valid; 12.1 s; peak memory 1734 MiB.
2026-10-09T09:52:44Z INFO [272/2500] bdb53d44-923d-4bb4-8992-4cbe386b9f56: valid; 2.8 s; peak memory 1734 MiB.
2026-10-09T09:52:52Z INFO [273/2500] bdb54953-fa69-49e6-b640-640d73412f76: valid; 8.2 s; peak memory 1734 MiB.
2026-10-09T09:53:08Z INFO [274/2500] bdb5887b-383a-4aaa-95b0-641429ea0da3: valid; 15.9 s; peak memory 1734 MiB.
2026-10-09T09:53:17Z INFO [275/2500] bdb5c5fa-092d-419d-8a22-a7c9ac08a27d: valid; 9.2 s; peak memory 1734 MiB.
2026-10-09T09:53:19Z INFO [276/2500] bdb5e39c-b3ca-431d-aac6-fda81fd817d8: valid; 1.6 s; peak memory 1734 MiB.
2026-10-09T09:53:21Z INFO [277/2500] bdb623c1-cd1a-473a-abc0-492dc9ea98fa: valid; 1.9 s; peak memory 1734 MiB.
2026-10-09T09:53:22Z INFO [278/2500] bdb68ada-42b1-419f-b3c3-dd5add2a491e: valid; 1.3 s; peak memory 1734 MiB.
2026-10-09T09:53:25Z INFO [279/2500] bdb69d80-ad7c-4949-86b6-82eca6414b94: valid; 3.4 s; peak memory 1734 MiB.
2026-10-09T09:53:39Z INFO [280/2500] bdb74fb2-85f7-4d3d-8b4d-2c3e1e6372ae: valid; 13.7 s; peak memory 1734 MiB.
2026-10-09T09:53:41Z INFO [281/2500] bdb7dc39-31b4-48e4-825e-59c86475850d: valid; 2.6 s; peak memory 1734 MiB.
2026-10-09T09:53:43Z INFO [282/2500] bdb803c2-3ed4-4f3f-a95c-4a80b1af8c87: valid; 1.9 s; peak memory 1736 MiB.
2026-10-09T09:53:46Z INFO [283/2500] bdb8831a-e937-4acd-bce9-30d79209d6f6: not valid; 2.9 s; peak memory 1745 MiB.
2026-10-09T09:53:48Z INFO [284/2500] bdb8fa1e-8df2-49b8-8096-958b4283bf49: valid; 1.3 s; peak memory 1747 MiB.
2026-10-09T09:53:49Z INFO [285/2500] bdb90238-2d24-43a6-b35a-2d2c13ece584: valid; 1.2 s; peak memory 1750 MiB.
2026-10-09T09:53:51Z INFO [286/2500] bdb928f5-9f27-4c82-9a6a-918f087a461c: valid; 2.0 s; peak memory 1759 MiB.
2026-10-09T09:53:53Z INFO [287/2500] bdb994ee-66ad-4781-882f-b04096af55f5: valid; 2.4 s; peak memory 1762 MiB.
2026-10-09T09:53:55Z WARNING bdba5a4b-5e2a-4e5d-9d01-c4995d1dd481: failed while opening the NWB file (ConstructError: (root/acquisition/_iblmic_audioSpectrogram/bands GroupBuilder {'attributes': {'colnames': array(['freq'], dtype=object), 'description': 'spectogram frequencies', 'namespace': 'core', 'neurodata_type': 'FrequencyBandsTable', 'object_id': '8b4cdc93-64c7-4814-9920-1a859c1c773f'}, 'groups': {}, 'datasets': {'freq': root/acquisition/_iblmic_audioSpectrogram/bands/freq DatasetBuilder {'attributes': {'description': 'frequency value', 'namespace': 'hdmf-common', 'neurodata_type': 'VectorData', 'object_id': '4fc83dbe-4b46-425e-8b44-91348499b005'}, 'data': <HDF5 dataset "freq": shape (257,), type "<f4">}, 'id': root/acquisition/_iblmic_audioSpectrogram/bands/id DatasetBuilder {'attributes': {'namespace': 'hdmf-common', 'neurodata_type': 'ElementIdentifiers', 'object_id': '9735a3ff-13b4-4060-a6cf-5cf9bcf86332'}, 'data': <HDF5 dataset "id": shape (257,), type "<i4">}}, 'links': {}}, "Could not construct FrequencyBandsTable object due to: column must have the same number of rows as 'id'"))
2026-10-09T09:53:59Z INFO [289/2500] bdbb0900-a361-4d7f-bed9-f5abab9447fa: valid; 4.0 s; peak memory 1915 MiB.
2026-10-09T09:54:00Z INFO [290/2500] bdbb4c37-946d-4637-86e0-9d07f48ff883: valid; 1.0 s; peak memory 1915 MiB.
2026-10-09T09:54:02Z INFO [291/2500] bdbbf947-f0fe-4e92-b7e3-f1c774c8c2c4: not valid; 1.9 s; peak memory 1915 MiB.
2026-10-09T09:54:04Z INFO [292/2500] bdbc2f25-7d1a-4ad1-942e-c6c7d5378c8c: valid; 1.4 s; peak memory 1915 MiB.
2026-10-09T09:54:05Z INFO [293/2500] bdbc4e46-6153-4949-8db9-16f7b4e45202: not valid; 1.4 s; peak memory 1915 MiB.
2026-10-09T09:54:08Z INFO [294/2500] bdbca6ce-5f73-4e9b-8373-de65c4f52f02: not valid; 2.4 s; peak memory 1915 MiB.
2026-10-09T09:54:09Z INFO [295/2500] bdbcd752-d596-42d2-adc7-2662afbea17d: not valid; 1.9 s; peak memory 1915 MiB.
2026-10-09T09:54:19Z INFO [296/2500] bdbd01eb-bb84-4675-b48b-10a5e788ce53: valid; 9.3 s; peak memory 1915 MiB.
2026-10-09T09:54:21Z INFO [297/2500] bdbd45b3-c520-4c02-ae24-44a54382597c: valid; 2.4 s; peak memory 1915 MiB.
2026-10-09T09:54:24Z INFO [298/2500] bdbd4a1f-55af-4636-90fc-06f4bcade019: not valid; 2.4 s; peak memory 1915 MiB.
2026-10-09T09:54:27Z INFO [299/2500] bdbdf6d6-bf4f-425f-9e77-437f008fbc0d: valid; 3.1 s; peak memory 1915 MiB.
2026-10-09T09:54:28Z INFO [300/2500] bdbdffbe-a6f8-4789-866f-70d015cf4598: valid; 1.3 s; peak memory 1915 MiB.
2026-10-09T09:54:30Z INFO [300/2500] bdbdffbe-a6f8-4789-866f-70d015cf4598: checkpointed 188810 new records.
2026-10-09T09:54:32Z INFO [301/2500] bdbe2802-f5af-4b88-b840-e2edf1fb0716: valid; 2.2 s; peak memory 1915 MiB.
2026-10-09T09:54:33Z INFO [302/2500] bdbe83e4-e90c-493b-ae88-ec100bede4cc: valid; 1.7 s; peak memory 1915 MiB.
2026-10-09T09:54:38Z INFO [303/2500] bdbe87fb-11d6-4061-8e67-16e71f0c80b0: valid; 5.0 s; peak memory 1915 MiB.
2026-10-09T09:54:40Z INFO [304/2500] bdbea7e3-55d5-4158-ad8e-346af944e8a4: not valid; 1.3 s; peak memory 1915 MiB.
2026-10-09T09:54:46Z INFO [305/2500] bdbeca9d-8010-49e4-9e3c-097cd7b37e1f: valid; 6.6 s; peak memory 1915 MiB.
2026-10-09T09:54:48Z INFO [306/2500] bdbf105b-cc94-4042-a3f2-9ab250ae9d36: valid; 1.3 s; peak memory 1915 MiB.
2026-10-09T09:54:49Z INFO [307/2500] bdbfb2ef-4fe1-4472-9a60-d9559722f2f9: not valid; 1.9 s; peak memory 1915 MiB.
2026-10-09T09:54:51Z INFO [308/2500] bdc01034-27b0-42ea-9d1e-c19d9e4f7ffd: valid; 1.3 s; peak memory 1915 MiB.
2026-10-09T09:54:54Z INFO [309/2500] bdc016e1-76d7-43af-a3d8-289840bc2fb9: valid; 3.0 s; peak memory 1915 MiB.
2026-10-09T09:54:56Z INFO [310/2500] bdc01e4f-fc87-44f8-9a15-29c300ccad0d: valid; 2.3 s; peak memory 1915 MiB.
2026-10-09T09:54:57Z INFO [311/2500] bdc02ba1-e634-4414-aaa4-e00c06df0e2a: valid; 1.1 s; peak memory 1915 MiB.
2026-10-09T09:54:58Z INFO [312/2500] bdc03979-6deb-4156-aaf6-205300dda178: valid; 1.1 s; peak memory 1915 MiB.
2026-10-09T09:55:00Z INFO [313/2500] bdc0697d-e58f-41d7-8633-f791d1f8dfba: valid; 1.8 s; peak memory 1915 MiB.
2026-10-09T09:55:10Z INFO [314/2500] bdc0d3d5-e056-4581-ae36-49581c41154a: not valid; 10.4 s; peak memory 1915 MiB.
2026-10-09T09:55:12Z INFO [315/2500] bdc12feb-ee3d-43c7-ad3b-147ea53dc440: valid; 1.9 s; peak memory 1915 MiB.
2026-10-09T09:55:13Z INFO [316/2500] bdc1f491-295a-451a-9456-71a3233743d5: not valid; 1.0 s; peak memory 1915 MiB.
2026-10-09T09:55:16Z INFO [317/2500] bdc2b2a9-0ed8-4837-8b84-b08ca567716a: valid; 3.1 s; peak memory 1915 MiB.
2026-10-09T09:55:27Z INFO [318/2500] bdc2be39-0eef-4621-8dfb-398ae4be22ba: not valid; 10.9 s; peak memory 1915 MiB.
2026-10-09T09:55:29Z INFO [319/2500] bdc3880a-8da6-4e1c-aca3-b6683d53b434: not valid; 2.1 s; peak memory 1915 MiB.
2026-10-09T09:55:31Z INFO [320/2500] bdc3b6c8-2512-4ba0-b177-65f793ce185e: not valid; 1.5 s; peak memory 1915 MiB.
2026-10-09T09:55:33Z INFO [321/2500] bdc432b8-b467-4daf-bcc6-31088298c8b4: valid; 2.1 s; peak memory 1915 MiB.
2026-10-09T09:55:34Z INFO [322/2500] bdc4c949-d6ce-42e5-a185-950cb19aaeab: valid; 1.4 s; peak memory 1915 MiB.
2026-10-09T09:55:36Z INFO [323/2500] bdc518aa-2d11-42bf-a49c-e945c672a6b2: valid; 1.6 s; peak memory 1915 MiB.
2026-10-09T09:55:38Z WARNING bdc5cb75-0301-4700-9469-097caf4ad2cf: failed while opening the NWB file (ConstructError: (root/acquisition/_iblmic_audioSpectrogram/bands GroupBuilder {'attributes': {'colnames': array(['freq'], dtype=object), 'description': 'spectogram frequencies', 'namespace': 'core', 'neurodata_type': 'FrequencyBandsTable', 'object_id': '69b29103-5756-437f-b4c9-5fa8c14764f8'}, 'groups': {}, 'datasets': {'freq': root/acquisition/_iblmic_audioSpectrogram/bands/freq DatasetBuilder {'attributes': {'description': 'frequency value', 'namespace': 'hdmf-common', 'neurodata_type': 'VectorData', 'object_id': 'b51ed5ee-2627-4678-8c6f-8f9594d1351b'}, 'data': <HDF5 dataset "freq": shape (257,), type "<f4">}, 'id': root/acquisition/_iblmic_audioSpectrogram/bands/id DatasetBuilder {'attributes': {'namespace': 'hdmf-common', 'neurodata_type': 'ElementIdentifiers', 'object_id': '00cf92a8-5028-4cfe-a463-95ac77cd7b42'}, 'data': <HDF5 dataset "id": shape (257,), type "<i4">}}, 'links': {}}, "Could not construct FrequencyBandsTable object due to: column must have the same number of rows as 'id'"))
2026-10-09T09:55:40Z INFO [325/2500] bdc5f7d2-4c41-4a21-ac86-24f0d40d0e03: valid; 2.1 s; peak memory 2051 MiB.
2026-10-09T09:55:42Z INFO [326/2500] bdc6fb71-6e20-4bc5-a4f2-1a876438d4c4: valid; 1.8 s; peak memory 2051 MiB.
2026-10-09T09:55:44Z INFO [327/2500] bdc8221c-3ed6-491b-96b1-953b6a150a37: valid; 2.7 s; peak memory 2051 MiB.
2026-10-09T09:55:52Z INFO [328/2500] bdc83d42-66d3-43c9-8ade-7fb6d4e73d28: valid; 7.5 s; peak memory 2051 MiB.
2026-10-09T09:56:01Z INFO [329/2500] bdc846e1-d045-4f23-8a4c-1e4ea9d47671: valid; 9.1 s; peak memory 2051 MiB.
2026-10-09T09:56:03Z INFO [330/2500] bdc863cf-0ee8-4618-b8ad-f566f6b57082: not valid; 1.7 s; peak memory 2051 MiB.
2026-10-09T09:56:17Z INFO [331/2500] bdc87c87-30ba-4621-b596-aebff63b894d: valid; 14.5 s; peak memory 2082 MiB.
2026-10-09T09:56:19Z INFO [332/2500] bdc8e023-ab50-42dc-aae2-ca876d1593d5: valid; 1.5 s; peak memory 2084 MiB.
2026-10-09T09:56:22Z INFO [333/2500] bdc9611c-fca7-45d2-acf4-f9ff4de78fec: valid; 3.0 s; peak memory 2094 MiB.
2026-10-09T09:56:23Z INFO [334/2500] bdcaeee0-0232-421a-8f2d-6898633e92bc: valid; 1.4 s; peak memory 2096 MiB.
2026-10-09T09:56:24Z INFO [335/2500] bdcbb281-b2ac-45da-a51e-679a88fb40e7: not valid; 1.4 s; peak memory 2100 MiB.
2026-10-09T09:56:24Z WARNING bdcbbf7f-324c-459a-b7ec-9a862cda10d2: failed while retrieving asset information from the DANDI API (NotFoundError: No asset at path 'sub-LG615/sub-LG615_ses-20250921_obj-gfvpq1_ophys.nwb' in version 0.260915.2135. Verify the path is correct and the asset exists in this version. Use 'dandi ls' to list available assets.)
2026-10-09T09:56:29Z INFO [337/2500] bdcbf277-5a32-41a3-a1d1-9a621498a829: valid; 4.3 s; peak memory 2105 MiB.
2026-10-09T09:56:33Z INFO [338/2500] bdcc1d69-1002-441d-9415-5ad5bd1c2395: valid; 3.9 s; peak memory 2105 MiB.
2026-10-09T09:56:34Z INFO [339/2500] bdcc5bce-0691-461a-9c85-51dd03508d04: valid; 1.3 s; peak memory 2105 MiB.
2026-10-09T09:56:37Z INFO [340/2500] bdccdcc5-8566-4144-b79a-02bd35a49b2e: valid; 2.9 s; peak memory 2105 MiB.
2026-10-09T09:56:39Z INFO [341/2500] bdcd1216-045d-4aa0-a847-9392c5947683: not valid; 2.0 s; peak memory 2105 MiB.
2026-10-09T09:56:41Z INFO [342/2500] bdcd4d88-39aa-4b9a-a412-56f17246a1df: valid; 2.3 s; peak memory 2105 MiB.
2026-10-09T09:56:42Z INFO [343/2500] bdcd58ef-494a-46ab-8600-2c70a451b947: valid; 1.2 s; peak memory 2105 MiB.
2026-10-09T09:56:44Z INFO [344/2500] bdcd5f46-67cf-4418-b566-9fefbe2739fe: valid; 1.3 s; peak memory 2105 MiB.
2026-10-09T09:56:57Z INFO [345/2500] bdcd7551-6ac1-47e9-b05c-dab803f598f9: valid; 13.6 s; peak memory 2157 MiB.
2026-10-09T09:56:59Z INFO [346/2500] bdcd8161-7b9e-4465-b2d2-bba43bab381b: valid; 1.9 s; peak memory 2157 MiB.
2026-10-09T09:57:01Z INFO [347/2500] bdcdb401-5633-469b-833a-e6571043bfb5: valid; 1.4 s; peak memory 2157 MiB.
2026-10-09T09:57:03Z INFO [348/2500] bdcdbfef-59c6-42b5-8be1-ef7e6a363e29: valid; 1.9 s; peak memory 2157 MiB.
2026-10-09T09:57:04Z INFO [349/2500] bdcde674-520e-43d6-bb5c-1e1bcf3594c7: not valid; 1.8 s; peak memory 2157 MiB.
2026-10-09T09:57:09Z INFO [350/2500] bdceb014-1b5c-49fb-b2e5-c3af70c36ca2: valid; 4.6 s; peak memory 2157 MiB.
2026-10-09T09:57:11Z INFO [350/2500] bdceb014-1b5c-49fb-b2e5-c3af70c36ca2: checkpointed 188860 new records.
2026-10-09T09:57:14Z INFO [351/2500] bdcf29c2-a3cf-459a-98de-57d04caa2262: valid; 3.4 s; peak memory 2157 MiB.
2026-10-09T09:57:16Z INFO [352/2500] bdcfb766-ee2a-4248-80da-eadd2253bf6a: not valid; 1.8 s; peak memory 2157 MiB.
2026-10-09T09:57:17Z INFO [353/2500] bdd12067-9908-4eb1-a99a-8ff1781927a2: valid; 1.6 s; peak memory 2157 MiB.
2026-10-09T09:57:19Z INFO [354/2500] bdd24d04-f8e5-45e6-81e3-64ead837ecb7: valid; 1.6 s; peak memory 2157 MiB.
2026-10-09T09:57:21Z INFO [355/2500] bdd25e89-3ae6-40f1-bc61-33049953e24e: valid; 1.9 s; peak memory 2157 MiB.
2026-10-09T09:57:35Z INFO [356/2500] bdd2794b-beb2-42a3-b0ff-f79d6918e920: not valid; 14.2 s; peak memory 2158 MiB.
2026-10-09T09:57:37Z WARNING bdd2d3e7-d8f9-4ac6-b957-e9bc61642a46: failed while opening the NWB file (ConstructError: (root/acquisition/event_code_meanings GroupBuilder {'attributes': {'colnames': array(['value', 'meaning'], dtype=object), 'description': 'Mapping integer event codes to event labels', 'namespace': 'ndx-events', 'neurodata_type': 'MeaningsTable', 'object_id': 'fc7bd4b7-9224-4f97-8ecf-9224fa8e978f'}, 'groups': {}, 'datasets': {'id': root/acquisition/event_code_meanings/id DatasetBuilder {'attributes': {'namespace': 'hdmf-common', 'neurodata_type': 'ElementIdentifiers', 'object_id': '735327a4-94c1-44da-8079-0cd7ccb5eef2'}, 'data': <HDF5 dataset "id": shape (26,), type "<i8">}, 'meaning': root/acquisition/event_code_meanings/meaning DatasetBuilder {'attributes': {'description': 'The meaning of the value in the parent CategoricalVectorData object.', 'namespace': 'hdmf-experimental', 'neurodata_type': 'VectorData', 'object_id': '448b880f-ef0d-4958-9bd8-51773b5e1f06'}, 'data': <StrDataset for HDF5 dataset "meaning": shape (26,), type "|O">}, 'value': root/acquisition/event_code_meanings/value DatasetBuilder {'attributes': {'description': 'The value of the parent CategoricalVectorData object.', 'namespace': 'hdmf-experimental', 'neurodata_type': 'VectorData', 'object_id': 'a8bc4311-cdad-4cbb-8e00-42aca43704b4'}, 'data': <HDF5 dataset "value": shape (26,), type "<i8">}}, 'links': {}}, "Could not construct MeaningsTable object due to: MeaningsTable.__init__: missing argument 'target'"))
2026-10-09T09:57:38Z INFO [358/2500] bdd3337a-d009-4e14-b41b-10fb1a38e771: valid; 1.2 s; peak memory 2310 MiB.
2026-10-09T09:57:42Z INFO [359/2500] bdd34606-5b5e-4088-b837-8fbdaa40c9b7: valid; 4.3 s; peak memory 2310 MiB.
2026-10-09T09:57:45Z INFO [360/2500] bdd37cd7-0758-45ff-8eef-cfe12107548f: valid; 2.7 s; peak memory 2310 MiB.
2026-10-09T09:57:47Z INFO [361/2500] bdd3ce06-e599-4888-a851-8a5cb37c5b17: valid; 1.8 s; peak memory 2310 MiB.
2026-10-09T09:57:49Z INFO [362/2500] bdd3e97b-76ee-4324-a0bc-cbcbee8f44fd: valid; 2.0 s; peak memory 2310 MiB.
2026-10-09T09:57:51Z INFO [363/2500] bdd3ee3e-0b88-4d17-8bc2-1ab5f6b27cb8: valid; 2.5 s; peak memory 2310 MiB.
2026-10-09T09:57:53Z INFO [364/2500] bdd3fd25-c916-48dd-afaf-94a2e7f5b02b: not valid; 1.7 s; peak memory 2310 MiB.
2026-10-09T09:57:54Z INFO [365/2500] bdd420b8-80d7-4b0d-9de8-8e7e02ae6043: valid; 1.1 s; peak memory 2310 MiB.
2026-10-09T09:57:59Z INFO [366/2500] bdd42469-af1a-41a9-9025-64bb493273b1: valid; 5.3 s; peak memory 2310 MiB.
2026-10-09T09:58:01Z INFO [367/2500] bdd4f2d5-ee90-4923-8763-fa46945a6d4f: valid; 2.0 s; peak memory 2310 MiB.
2026-10-09T09:58:06Z INFO [368/2500] bdd4f51c-6a00-4acf-ab3a-815191ef31d0: valid; 4.4 s; peak memory 2310 MiB.
2026-10-09T09:58:07Z INFO [369/2500] bdd52027-9054-4dd3-addf-259cd10eb2bb: valid; 1.4 s; peak memory 2310 MiB.
2026-10-09T09:58:10Z INFO [370/2500] bdd56d04-9bdf-47d6-ab49-d684c490627c: valid; 2.8 s; peak memory 2310 MiB.
2026-10-09T09:58:12Z INFO [371/2500] bdd57745-a0dc-4840-97fd-4404b76c3750: valid; 1.9 s; peak memory 2310 MiB.
2026-10-09T09:58:14Z INFO [372/2500] bdd5b6c6-73b7-4e04-87fb-cad49bc96ab8: valid; 2.3 s; peak memory 2310 MiB.
2026-10-09T09:58:14Z WARNING bdd6017c-ad33-4319-9867-fc8bb96bbb02: failed while retrieving asset information from the DANDI API (NotFoundError: No asset at path '409828_2018-12-13_15-10-05.nwb.zarr' in version draft. Verify the path is correct and the asset exists in this version. Use 'dandi ls' to list available assets.)
2026-10-09T09:58:16Z INFO [374/2500] bdd62e47-d38b-4add-919e-478e7a4b2c51: not valid; 1.5 s; peak memory 2310 MiB.
2026-10-09T09:58:18Z INFO [375/2500] bdd66422-0d18-400d-9ce7-1e26eabd0380: valid; 2.0 s; peak memory 2310 MiB.
2026-10-09T09:58:19Z INFO [376/2500] bdd680b4-0c89-45f5-af64-aacfcd7bd74d: valid; 1.3 s; peak memory 2310 MiB.
2026-10-09T09:58:20Z INFO [377/2500] bdd6f8d7-2b39-4476-beac-9450985cb2fa: valid; 1.2 s; peak memory 2310 MiB.
2026-10-09T09:58:23Z INFO [378/2500] bdd78b09-6184-459f-aee5-845c37e88462: valid; 2.5 s; peak memory 2310 MiB.
2026-10-09T09:58:25Z INFO [379/2500] bdd792aa-1df0-40df-9fa7-53c9a1fc91c0: valid; 2.3 s; peak memory 2310 MiB.
2026-10-09T09:58:28Z INFO [380/2500] bdd85dbd-896b-4bd6-9adf-cad444b2b6be: valid; 2.6 s; peak memory 2310 MiB.
2026-10-09T09:58:33Z INFO [381/2500] bdd8b475-4110-4650-b974-543d0f1b1172: not valid; 5.1 s; peak memory 2310 MiB.
2026-10-09T09:58:34Z INFO [382/2500] bdd95828-9278-4d96-8660-0395ce3fc013: valid; 1.5 s; peak memory 2310 MiB.
2026-10-09T09:58:36Z INFO [383/2500] bdda5448-ed84-4c9f-af76-5e6103f88268: not valid; 1.5 s; peak memory 2310 MiB.
2026-10-09T09:58:37Z INFO [384/2500] bdda744e-c903-44ad-8945-2ee5633e9052: not valid; 1.4 s; peak memory 2310 MiB.
2026-10-09T09:59:07Z INFO [385/2500] bdda8335-8ea4-430e-b1b3-65b73623cd09: not valid; 30.0 s; peak memory 3283 MiB.
2026-10-09T09:59:08Z INFO [386/2500] bddafc04-96f8-419c-ba28-3f889fbfeb12: valid; 1.3 s; peak memory 3283 MiB.
2026-10-09T09:59:11Z INFO [387/2500] bddb7670-7675-4451-bde0-c61b25bed9ef: valid; 2.4 s; peak memory 3283 MiB.
2026-10-09T09:59:19Z INFO [388/2500] bddbc1cc-7fa3-427f-8fa4-55db7bd02de4: valid; 8.4 s; peak memory 3283 MiB.
2026-10-09T09:59:21Z INFO [389/2500] bdddd3ea-ff90-426d-aa7a-6d9079aa2fa2: not valid; 2.1 s; peak memory 3283 MiB.
2026-10-09T09:59:28Z INFO [390/2500] bdde0e19-c012-4f62-b600-78c58948c7f4: valid; 6.4 s; peak memory 3283 MiB.
2026-10-09T09:59:30Z INFO [391/2500] bddecdb8-1d50-4a08-a714-f9f5b3f3b69a: not valid; 2.1 s; peak memory 3283 MiB.
2026-10-09T09:59:32Z INFO [392/2500] bddfc3a9-663e-4e70-b622-401df46b8d45: valid; 1.7 s; peak memory 3283 MiB.
2026-10-09T10:01:25Z INFO [393/2500] bddfe820-67c0-471e-aec4-1e1cb9510649: valid; 113.2 s; peak memory 4402 MiB.
2026-10-09T10:01:27Z INFO [394/2500] bde08de8-9aa2-4cf6-b72d-569e6fdd97f8: valid; 2.4 s; peak memory 4412 MiB.
2026-10-09T10:01:30Z INFO [395/2500] bde0b323-e18d-4547-95d2-c48403931dfa: valid; 2.8 s; peak memory 4415 MiB.
2026-10-09T10:01:31Z INFO [396/2500] bde1644e-8a00-41e7-bba8-254e50b078d5: valid; 1.4 s; peak memory 4418 MiB.
2026-10-09T10:01:33Z INFO [397/2500] bde16d4f-0758-427b-bb4b-b4a337ac33cc: valid; 1.8 s; peak memory 4424 MiB.
2026-10-09T10:01:35Z INFO [398/2500] bde1c34d-5dc9-4fec-9eee-97d5e27669df: valid; 1.7 s; peak memory 4428 MiB.
2026-10-09T10:01:37Z INFO [399/2500] bde1eb1d-0ed9-43b5-a9e0-7e9126d77d97: not valid; 1.6 s; peak memory 4430 MiB.
2026-10-09T10:01:39Z INFO [400/2500] bde2100e-c5a8-49ab-a0b5-0af51a5cf39d: valid; 2.9 s; peak memory 4436 MiB.
2026-10-09T10:01:41Z INFO [400/2500] bde2100e-c5a8-49ab-a0b5-0af51a5cf39d: checkpointed 188910 new records.
2026-10-09T10:01:48Z INFO [401/2500] bde36f9c-f789-4765-957d-5ce97e9a64a6: valid; 7.2 s; peak memory 4442 MiB.
2026-10-09T10:01:50Z INFO [402/2500] bde4bbeb-0ed9-4842-b2e7-229d1fcb8617: not valid; 1.6 s; peak memory 4442 MiB.
2026-10-09T10:01:52Z WARNING bde58928-a18b-46d4-9650-5fb52a43c124: failed while opening the NWB file (ConstructError: (root/acquisition/_iblmic_audioSpectrogram/bands GroupBuilder {'attributes': {'colnames': array(['freq'], dtype=object), 'description': 'spectogram frequencies', 'namespace': 'core', 'neurodata_type': 'FrequencyBandsTable', 'object_id': 'a72b2b3b-eab2-4bb5-83a8-b6a6b0a9f34d'}, 'groups': {}, 'datasets': {'freq': root/acquisition/_iblmic_audioSpectrogram/bands/freq DatasetBuilder {'attributes': {'description': 'frequency value', 'namespace': 'hdmf-common', 'neurodata_type': 'VectorData', 'object_id': '71ad35fb-61e0-4c70-9168-7674355e8e04'}, 'data': <HDF5 dataset "freq": shape (257,), type "<f4">}, 'id': root/acquisition/_iblmic_audioSpectrogram/bands/id DatasetBuilder {'attributes': {'namespace': 'hdmf-common', 'neurodata_type': 'ElementIdentifiers', 'object_id': '6e2c5f2a-b8f4-4d96-b4be-9fb405ec16ef'}, 'data': <HDF5 dataset "id": shape (257,), type "<i4">}}, 'links': {}}, "Could not construct FrequencyBandsTable object due to: column must have the same number of rows as 'id'"))
2026-10-09T10:01:53Z INFO [404/2500] bde6d80d-a9e8-4623-8411-0c8dd262f8c1: not valid; 1.7 s; peak memory 4519 MiB.
2026-10-09T10:01:55Z INFO [405/2500] bde80b93-750a-4be5-a922-650a2107e3dd: valid; 1.5 s; peak memory 4519 MiB.
2026-10-09T10:01:59Z INFO [406/2500] bde8e906-9943-44a4-b2ae-e8809a6789cc: valid; 4.3 s; peak memory 4519 MiB.
2026-10-09T10:02:03Z INFO [407/2500] bde99b9b-e705-463c-9c90-cc4e1e3ba0ba: not valid; 3.6 s; peak memory 4519 MiB.
2026-10-09T10:02:05Z INFO [408/2500] bde9b905-7a44-45c1-8b44-776adaec0df5: valid; 1.7 s; peak memory 4519 MiB.
2026-10-09T10:02:06Z INFO [409/2500] bde9d30e-fe1e-4ebf-8e56-e3934396d1a0: valid; 1.6 s; peak memory 4519 MiB.
2026-10-09T10:02:08Z INFO [410/2500] bdead237-3038-49b2-ab4a-6506b649f55a: valid; 1.4 s; peak memory 4519 MiB.
2026-10-09T10:02:10Z INFO [411/2500] bdeae295-a1f4-4b1b-910a-17237c09cce2: not valid; 2.1 s; peak memory 4519 MiB.
2026-10-09T10:02:11Z INFO [412/2500] bdebc102-2dc3-4b7e-9526-e53a6e7e083b: valid; 1.8 s; peak memory 4519 MiB.
2026-10-09T10:02:13Z INFO [413/2500] bdebffe6-0071-4843-a375-eb6130b48f01: valid; 2.0 s; peak memory 4519 MiB.
2026-10-09T10:04:22Z INFO [414/2500] bdec3824-b5bc-4242-b81d-f1344c6b9fe2: valid; 128.6 s; peak memory 4519 MiB.
2026-10-09T10:04:24Z INFO [415/2500] bdecb855-6014-4cb0-a4e1-ac8801617149: not valid; 2.0 s; peak memory 4519 MiB.
2026-10-09T10:04:25Z INFO [416/2500] bded461a-3ee8-4339-894b-b3a646ac65ca: valid; 1.3 s; peak memory 4519 MiB.
2026-10-09T10:04:26Z INFO [417/2500] bded5e84-64cb-4646-a755-b01db600b535: valid; 1.2 s; peak memory 4519 MiB.
2026-10-09T10:04:29Z INFO [418/2500] bded5f86-02f9-45b2-9bc0-29a1dd11d756: valid; 2.3 s; peak memory 4519 MiB.
2026-10-09T10:04:31Z INFO [419/2500] bded9eef-2b5f-42be-9fd3-b6c990ed9fc8: valid; 2.5 s; peak memory 4519 MiB.
2026-10-09T10:04:33Z INFO [420/2500] bded9fc5-4bf1-4ee9-a988-501f2819683e: not valid; 2.0 s; peak memory 4519 MiB.
2026-10-09T10:04:36Z INFO [421/2500] bdeda46b-c31d-4380-963c-ca135c0ac4f4: valid; 2.4 s; peak memory 4519 MiB.
2026-10-09T10:04:37Z INFO [422/2500] bdeed0c8-c78e-44fa-bee4-686abbfadad2: valid; 1.4 s; peak memory 4519 MiB.
2026-10-09T10:04:38Z INFO [423/2500] bdeee549-dd6e-49ca-8138-2c2dfd2d8029: valid; 1.2 s; peak memory 4519 MiB.
2026-10-09T10:04:40Z INFO [424/2500] bdef64e6-665a-4a08-9309-4941ef07df94: not valid; 1.6 s; peak memory 4519 MiB.
2026-10-09T10:04:41Z INFO [425/2500] bdefce00-773c-4c70-b7d3-7af0c00c27d8: valid; 1.3 s; peak memory 4519 MiB.
2026-10-09T10:04:41Z WARNING bdeff87f-4532-482a-bfec-eec4a1f1334f: failed while retrieving asset information from the DANDI API (NotFoundError: No such Dandiset: 000561)
2026-10-09T10:04:46Z INFO [427/2500] bdf02c3b-32cd-424f-8b4f-eb22f072fa83: not valid; 4.8 s; peak memory 4519 MiB.
2026-10-09T10:04:47Z INFO [428/2500] bdf069da-473c-449f-b2d4-570a6a60d686: not valid; 1.1 s; peak memory 4519 MiB.
2026-10-09T10:04:51Z INFO [429/2500] bdf091b0-30dd-46ce-add4-f7db6db56875: not valid; 3.8 s; peak memory 4519 MiB.
2026-10-09T10:05:01Z INFO [430/2500] bdf09b22-db5f-411a-aadb-ea8c55fb2882: valid; 10.5 s; peak memory 4519 MiB.
2026-10-09T10:05:20Z INFO [431/2500] bdf0b102-44f9-4d2a-820d-5cc0e689b329: valid; 19.0 s; peak memory 4519 MiB.
2026-10-09T10:05:23Z WARNING bdf0ebec-5c82-4566-a3a6-d325e598256e: failed while opening the NWB file (ConstructError: (root/acquisition/_iblmic_audioSpectrogram/bands GroupBuilder {'attributes': {'colnames': array(['freq'], dtype=object), 'description': 'spectogram frequencies', 'namespace': 'core', 'neurodata_type': 'FrequencyBandsTable', 'object_id': '12897a6b-8f7d-42f0-9b1e-1f3dcaeb3938'}, 'groups': {}, 'datasets': {'freq': root/acquisition/_iblmic_audioSpectrogram/bands/freq DatasetBuilder {'attributes': {'description': 'frequency value', 'namespace': 'hdmf-common', 'neurodata_type': 'VectorData', 'object_id': 'a65aeec1-651a-4d38-8df9-eb43fd833a23'}, 'data': <HDF5 dataset "freq": shape (257,), type "<f4">}, 'id': root/acquisition/_iblmic_audioSpectrogram/bands/id DatasetBuilder {'attributes': {'namespace': 'hdmf-common', 'neurodata_type': 'ElementIdentifiers', 'object_id': '72f8cd3e-3144-44a5-982b-ee63c4028f00'}, 'data': <HDF5 dataset "id": shape (257,), type "<i4">}}, 'links': {}}, "Could not construct FrequencyBandsTable object due to: column must have the same number of rows as 'id'"))
2026-10-09T10:05:27Z INFO [433/2500] bdf15009-8243-4de9-97cb-fef45d9d94fc: valid; 4.8 s; peak memory 4519 MiB.
2026-10-09T10:05:30Z INFO [434/2500] bdf1dd16-b523-420e-a533-2ff5dfe82cf0: valid; 2.5 s; peak memory 4519 MiB.
2026-10-09T10:05:32Z INFO [435/2500] bdf23806-fadb-467b-af26-07728b8a63fc: not valid; 2.2 s; peak memory 4519 MiB.
2026-10-09T10:05:35Z INFO [436/2500] bdf28641-8b8e-4533-8143-dd8f748a2094: valid; 2.5 s; peak memory 4519 MiB.
2026-10-09T10:05:38Z INFO [437/2500] bdf35b54-2db2-47cf-8ff8-c7af47f110b3: valid; 3.0 s; peak memory 4519 MiB.
2026-10-09T10:05:40Z INFO [438/2500] bdf3c8bf-41d2-4e41-a79e-f8201582b5c2: valid; 2.6 s; peak memory 4519 MiB.
2026-10-09T10:05:41Z INFO [439/2500] bdf3f46e-5de6-4c46-9f3b-f9b786462f82: valid; 1.0 s; peak memory 4519 MiB.
2026-10-09T10:05:45Z INFO [440/2500] bdf54912-9591-45c6-b30d-5cc923ae5ee0: valid; 3.5 s; peak memory 4519 MiB.
2026-10-09T10:05:47Z INFO [441/2500] bdf59a64-9deb-485c-a165-e1e902ad3c83: not valid; 2.2 s; peak memory 4519 MiB.
2026-10-09T10:05:48Z INFO [442/2500] bdf5ca51-7d5b-42c5-97d6-2ef8d9fade47: valid; 1.3 s; peak memory 4519 MiB.
2026-10-09T10:05:50Z WARNING bdf627af-22ce-42ad-98f3-9e8c20234137: failed while opening the NWB file (ConstructError: (root/acquisition/_iblmic_audioSpectrogram/bands GroupBuilder {'attributes': {'colnames': array(['freq'], dtype=object), 'description': 'spectogram frequencies', 'namespace': 'core', 'neurodata_type': 'FrequencyBandsTable', 'object_id': '509c8542-521d-4d95-b5f7-a3a87a49e9e2'}, 'groups': {}, 'datasets': {'freq': root/acquisition/_iblmic_audioSpectrogram/bands/freq DatasetBuilder {'attributes': {'description': 'frequency value', 'namespace': 'hdmf-common', 'neurodata_type': 'VectorData', 'object_id': 'efea10c4-476a-4812-b77c-51824dc49b05'}, 'data': <HDF5 dataset "freq": shape (257,), type "<f4">}, 'id': root/acquisition/_iblmic_audioSpectrogram/bands/id DatasetBuilder {'attributes': {'namespace': 'hdmf-common', 'neurodata_type': 'ElementIdentifiers', 'object_id': '98e38b89-00d9-4986-bbd8-c471de544eb7'}, 'data': <HDF5 dataset "id": shape (257,), type "<i4">}}, 'links': {}}, "Could not construct FrequencyBandsTable object due to: column must have the same number of rows as 'id'"))
2026-10-09T10:05:52Z INFO [444/2500] bdf66af6-34c1-4985-88c0-14f9b461ca60: valid; 1.8 s; peak memory 4519 MiB.
2026-10-09T10:05:54Z INFO [445/2500] bdf688fc-46e1-424c-9dc4-a1ec7cf9e412: valid; 2.0 s; peak memory 4519 MiB.
2026-10-09T10:05:57Z INFO [446/2500] bdf71611-a44f-4002-953a-c597a29fdf5a: valid; 2.7 s; peak memory 4519 MiB.
2026-10-09T10:06:17Z INFO [447/2500] bdf7298d-9806-4a26-a198-2fe5388b3d60: valid; 20.2 s; peak memory 4519 MiB.
2026-10-09T10:06:31Z INFO [448/2500] bdf7edbb-7777-49c2-b238-a9532fec3a97: valid; 14.1 s; peak memory 4519 MiB.
2026-10-09T10:06:33Z INFO [449/2500] bdf8f075-fe46-40dc-8e20-98f07793c94c: valid; 2.3 s; peak memory 4519 MiB.
2026-10-09T10:06:36Z INFO [450/2500] bdf96797-e7a1-4a53-91b2-42e73089b062: valid; 2.3 s; peak memory 4519 MiB.
2026-10-09T10:06:37Z INFO [450/2500] bdf96797-e7a1-4a53-91b2-42e73089b062: checkpointed 188960 new records.
2026-10-09T10:06:42Z INFO [451/2500] bdf977a3-869a-4abc-a83c-8c687f17ceb8: valid; 4.5 s; peak memory 4519 MiB.
2026-10-09T10:06:46Z INFO [452/2500] bdf98a48-baed-453d-ae81-5ae0c00b52ed: valid; 4.2 s; peak memory 4519 MiB.
2026-10-09T10:06:47Z INFO [453/2500] bdf9b109-d7c8-4198-9178-3ad7051f1302: valid; 1.0 s; peak memory 4519 MiB.
2026-10-09T10:06:49Z INFO [454/2500] bdfa1655-8859-48cd-bb64-ccacddc28188: not valid; 1.6 s; peak memory 4519 MiB.
2026-10-09T10:06:50Z INFO [455/2500] bdfaecbe-7ec7-46ca-8a3b-efadbf8cf5c9: not valid; 1.5 s; peak memory 4519 MiB.
2026-10-09T10:08:47Z INFO [456/2500] bdfb174e-482b-48e6-a5ff-20cfccdec5f1: valid; 116.9 s; peak memory 4640 MiB.
2026-10-09T10:08:49Z INFO [457/2500] bdfb93cb-01b3-4f5c-a029-b5d5df893b35: valid; 2.3 s; peak memory 4640 MiB.
2026-10-09T10:08:51Z INFO [458/2500] bdfbb045-7143-4ccd-961a-d1577e82cdb2: valid; 2.0 s; peak memory 4640 MiB.
2026-10-09T10:08:53Z INFO [459/2500] bdfbdcc3-19f7-443e-9226-183674a65764: valid; 1.3 s; peak memory 4640 MiB.
2026-10-09T10:09:04Z INFO [460/2500] bdfbde18-2856-48c4-ac9c-b9121c032f03: valid; 11.9 s; peak memory 4640 MiB.
2026-10-09T10:09:07Z INFO [461/2500] bdfc245f-c6b8-4213-bf78-fb67d99ab38a: valid; 2.6 s; peak memory 4640 MiB.
2026-10-09T10:09:11Z INFO [462/2500] bdfc7903-bd52-4c5c-a389-22dc6aec862d: not valid; 4.2 s; peak memory 4640 MiB.
2026-10-09T10:09:13Z INFO [463/2500] bdfcee46-b538-45de-9791-c73740f8cd12: valid; 1.3 s; peak memory 4640 MiB.
2026-10-09T10:09:14Z INFO [464/2500] bdfd184f-c8ea-45a4-9ae4-b33ad2da7c52: valid; 1.3 s; peak memory 4640 MiB.
2026-10-09T10:09:20Z INFO [465/2500] bdfd207b-34b8-4e60-b800-94fc868c7ec6: not valid; 6.5 s; peak memory 4640 MiB.
2026-10-09T10:09:22Z INFO [466/2500] bdfd345b-4884-4008-a50a-a21379a215db: valid; 1.9 s; peak memory 4640 MiB.
2026-10-09T10:09:23Z INFO [467/2500] bdfd57f1-787e-4e80-affc-78145c88ae1b: valid; 1.3 s; peak memory 4640 MiB.
2026-10-09T10:09:25Z INFO [468/2500] bdfd88ef-8970-4a88-91cd-afb0c5786694: not valid; 1.2 s; peak memory 4640 MiB.
2026-10-09T10:09:26Z INFO [469/2500] bdfd88fa-4f56-4459-8888-405f3e6070b4: not valid; 1.8 s; peak memory 4640 MiB.
2026-10-09T10:09:27Z INFO [470/2500] bdfe6015-cd76-40f9-9526-d0d67b3a939b: valid; 1.1 s; peak memory 4640 MiB.
2026-10-09T10:09:29Z INFO [471/2500] bdfe8230-06d6-49c2-a21b-caf836e12f4f: valid; 1.9 s; peak memory 4640 MiB.
2026-10-09T10:09:31Z INFO [472/2500] bdfe95f8-f2dc-4a00-b6a8-03bd0f8b8723: valid; 1.4 s; peak memory 4640 MiB.
2026-10-09T10:09:35Z INFO [473/2500] bdff26ed-6048-42c6-9c5d-96083c79261c: valid; 4.1 s; peak memory 4640 MiB.
2026-10-09T10:09:41Z INFO [474/2500] be00380c-3f10-4edc-8ec3-5d29a04df849: valid; 5.7 s; peak memory 4640 MiB.
2026-10-09T10:09:46Z INFO [475/2500] be014fba-24f5-4fdf-b154-4f8142a99c3e: not valid; 5.4 s; peak memory 4640 MiB.
2026-10-09T10:09:48Z INFO [476/2500] be0191cd-91bf-48b2-8caa-39c1a82c3a2b: valid; 2.3 s; peak memory 4640 MiB.
2026-10-09T10:09:55Z INFO [477/2500] be026c61-6023-491a-850b-7b72926a43d5: not valid; 6.4 s; peak memory 4640 MiB.
2026-10-09T10:09:56Z INFO [478/2500] be02f153-ba5b-43f1-a1c6-c953672adcb8: valid; 1.4 s; peak memory 4640 MiB.
2026-10-09T10:09:58Z INFO [479/2500] be032c25-baec-47e6-9098-1fdadcd1b550: valid; 1.5 s; peak memory 4640 MiB.
2026-10-09T10:10:00Z INFO [480/2500] be0362b9-9e86-4d6e-8177-ae8c995881d4: valid; 2.3 s; peak memory 4640 MiB.
2026-10-09T10:10:03Z INFO [481/2500] be03c741-56f8-4171-b7d0-089ac130a1e8: valid; 2.8 s; peak memory 4640 MiB.
2026-10-09T10:10:04Z INFO [482/2500] be0417be-c235-4aca-8c6c-9ae1390d0358: valid; 1.3 s; peak memory 4640 MiB.
2026-10-09T10:10:06Z WARNING be045f64-d4c0-4e81-886d-d92302894c37: failed while opening the NWB file (ConstructError: (root/acquisition/_iblmic_audioSpectrogram/bands GroupBuilder {'attributes': {'colnames': array(['freq'], dtype=object), 'description': 'spectogram frequencies', 'namespace': 'core', 'neurodata_type': 'FrequencyBandsTable', 'object_id': '33a853d7-6a43-4444-8a69-548fee876bf5'}, 'groups': {}, 'datasets': {'freq': root/acquisition/_iblmic_audioSpectrogram/bands/freq DatasetBuilder {'attributes': {'description': 'frequency value', 'namespace': 'hdmf-common', 'neurodata_type': 'VectorData', 'object_id': 'c39e242d-1b99-4b70-af45-cf4d19da0a96'}, 'data': <HDF5 dataset "freq": shape (257,), type "<f4">}, 'id': root/acquisition/_iblmic_audioSpectrogram/bands/id DatasetBuilder {'attributes': {'namespace': 'hdmf-common', 'neurodata_type': 'ElementIdentifiers', 'object_id': '7d899df9-a928-4ad2-8b95-ffecebb9fc63'}, 'data': <HDF5 dataset "id": shape (257,), type "<i4">}}, 'links': {}}, "Could not construct FrequencyBandsTable object due to: column must have the same number of rows as 'id'"))
2026-10-09T10:10:07Z INFO [484/2500] be048ead-132f-4706-bb0f-41d6f27d10ac: not valid; 1.4 s; peak memory 4781 MiB.
2026-10-09T10:10:09Z INFO [485/2500] be04b388-e207-45fc-869d-99a26b0229db: valid; 2.2 s; peak memory 4781 MiB.
2026-10-09T10:10:11Z INFO [486/2500] be053d2f-f6d3-4a6e-8f54-82c64a75b0f0: valid; 1.3 s; peak memory 4781 MiB.
2026-10-09T10:10:12Z INFO [487/2500] be053e76-2441-40c9-84eb-9acb7081efba: valid; 1.4 s; peak memory 4781 MiB.
2026-10-09T10:10:27Z INFO [488/2500] be054ef5-4f84-4be5-8ddb-839172d48011: valid; 14.5 s; peak memory 4781 MiB.
2026-10-09T10:10:28Z INFO [489/2500] be05db07-c453-4b11-a8c6-02af2ecad1f3: valid; 1.8 s; peak memory 4781 MiB.
2026-10-09T10:10:30Z INFO [490/2500] be063b36-e98e-4405-862b-ddbb3562bdc4: valid; 1.3 s; peak memory 4781 MiB.
2026-10-09T10:10:30Z WARNING be0728e6-d726-4490-a125-29f9c0288186: failed while retrieving asset information from the DANDI API (NotFoundError: No asset at path 'sub-699321/sub-699321_ses-1312636156_probe-2_ecephys.nwb' in version 0.250311.2145. Verify the path is correct and the asset exists in this version. Use 'dandi ls' to list available assets.)
2026-10-09T10:10:31Z INFO [492/2500] be07513d-f00f-4e79-80d1-daa097c10859: valid; 1.2 s; peak memory 4781 MiB.
2026-10-09T10:10:33Z INFO [493/2500] be075d57-ae42-42ac-8597-568b75750f7d: valid; 1.9 s; peak memory 4781 MiB.
2026-10-09T10:10:35Z INFO [494/2500] be083f0e-c0ed-4073-ab24-1bb9213db78c: not valid; 1.7 s; peak memory 4781 MiB.
2026-10-09T10:10:36Z INFO [495/2500] be0877bb-ae1a-4ed5-8049-6543a4d878ee: not valid; 1.6 s; peak memory 4781 MiB.
2026-10-09T10:10:39Z INFO [496/2500] be090d00-fbba-43a5-ae5b-090ae7268c43: not valid; 2.7 s; peak memory 4781 MiB.
2026-10-09T10:10:40Z INFO [497/2500] be09ca14-9ec7-439b-9a4f-338fb42be23d: valid; 1.2 s; peak memory 4781 MiB.
2026-10-09T10:10:43Z INFO [498/2500] be0a4ab7-8cf7-43d9-ba4d-6b6e41cdb86d: valid; 2.7 s; peak memory 4781 MiB.
2026-10-09T10:10:44Z INFO [499/2500] be0a7354-dbfd-4f70-9504-2aefdba24218: not valid; 1.5 s; peak memory 4781 MiB.
2026-10-09T10:10:58Z INFO [500/2500] be0b1d14-0704-4f03-bb56-9f2054fdb55c: valid; 13.5 s; peak memory 4781 MiB.
2026-10-09T10:10:59Z INFO [500/2500] be0b1d14-0704-4f03-bb56-9f2054fdb55c: checkpointed 189010 new records.
2026-10-09T10:11:04Z INFO [501/2500] be0b3c90-b563-4e0b-817e-5510043ce237: valid; 4.4 s; peak memory 4781 MiB.
2026-10-09T10:11:22Z INFO [502/2500] be0b8bea-d75c-4f8d-9217-85cf50678070: not valid; 18.4 s; peak memory 4781 MiB.
2026-10-09T10:11:24Z INFO [503/2500] be0cb8e8-b700-45fc-a838-2612814837d6: valid; 1.3 s; peak memory 4781 MiB.
2026-10-09T10:11:25Z INFO [504/2500] be0d02b1-2a1c-4e56-a563-66e60b67b94b: valid; 1.8 s; peak memory 4781 MiB.
2026-10-09T10:11:27Z INFO [505/2500] be0d6c5f-3afa-4910-8da2-0a3821db8d3e: valid; 1.2 s; peak memory 4781 MiB.
2026-10-09T10:11:28Z INFO [506/2500] be0da9ba-b0d1-40b4-8477-bff049ecf5b7: valid; 1.8 s; peak memory 4781 MiB.
2026-10-09T10:11:30Z INFO [507/2500] be0dc7e9-b3e7-45a2-aba6-fb820740f918: not valid; 1.4 s; peak memory 4781 MiB.
2026-10-09T10:11:32Z INFO [508/2500] be0de8bc-7181-43f5-9493-0e2bac7c346d: valid; 2.2 s; peak memory 4781 MiB.
2026-10-09T10:11:35Z INFO [509/2500] be0e89ce-8ef2-41f8-9422-a42d37f757f2: valid; 2.7 s; peak memory 4781 MiB.
2026-10-09T10:11:46Z INFO [510/2500] be10aca2-ef8f-4e38-a4a0-fd0758ea7678: valid; 11.3 s; peak memory 4781 MiB.
2026-10-09T10:11:57Z INFO [511/2500] be116d43-67cb-4773-b562-630d525a9bb7: valid; 11.5 s; peak memory 4781 MiB.
2026-10-09T10:11:59Z INFO [512/2500] be118fe0-4c11-4aee-94d3-e8f1bbf34fce: valid; 1.9 s; peak memory 4781 MiB.
2026-10-09T10:12:09Z INFO [513/2500] be11ea5d-bb62-4e6d-8fea-e115c32e1f3a: valid; 9.6 s; peak memory 4781 MiB.
2026-10-09T10:12:12Z INFO [514/2500] be12135a-c2ee-4896-8c10-0601d489b3f7: valid; 3.0 s; peak memory 4781 MiB.
2026-10-09T10:14:22Z INFO [515/2500] be123c5d-e648-4c71-b472-9796083c803b: not valid; 129.8 s; peak memory 5202 MiB.
2026-10-09T10:14:26Z INFO [516/2500] be125d52-ea40-4bf9-8f46-432daf64ceb6: valid; 4.3 s; peak memory 5202 MiB.
2026-10-09T10:14:27Z INFO [517/2500] be1264c0-ecf0-455b-b933-a995c1ec7bfd: valid; 1.4 s; peak memory 5202 MiB.
2026-10-09T10:14:29Z INFO [518/2500] be12a019-e4ef-4bba-baeb-27c8bd68d8f2: not valid; 1.3 s; peak memory 5202 MiB.
2026-10-09T10:14:31Z INFO [519/2500] be133ab6-5262-408f-84af-6839f3ab572e: valid; 2.3 s; peak memory 5203 MiB.
2026-10-09T10:14:32Z INFO [520/2500] be13febf-f1ec-4e9d-9901-97b66dd49bf9: valid; 1.3 s; peak memory 5204 MiB.
2026-10-09T10:14:34Z INFO [521/2500] be142f7a-3973-471c-818b-19dbdf4b7fc9: valid; 1.3 s; peak memory 5205 MiB.
2026-10-09T10:14:36Z INFO [522/2500] be149dfe-783a-4dfb-a2a1-7434f62c869e: valid; 2.4 s; peak memory 5206 MiB.
2026-10-09T10:14:38Z WARNING be14a7ef-3a0a-4746-909d-09b99b655627: failed while opening the NWB file (ConstructError: (root/acquisition/_iblmic_audioSpectrogram/bands GroupBuilder {'attributes': {'colnames': array(['freq'], dtype=object), 'description': 'spectogram frequencies', 'namespace': 'core', 'neurodata_type': 'FrequencyBandsTable', 'object_id': '07a51078-2f7d-4c52-a28a-74bcdccc4219'}, 'groups': {}, 'datasets': {'freq': root/acquisition/_iblmic_audioSpectrogram/bands/freq DatasetBuilder {'attributes': {'description': 'frequency value', 'namespace': 'hdmf-common', 'neurodata_type': 'VectorData', 'object_id': '66423f56-d9f6-47ac-ad27-dc7deaa24f37'}, 'data': <HDF5 dataset "freq": shape (257,), type "<f4">}, 'id': root/acquisition/_iblmic_audioSpectrogram/bands/id DatasetBuilder {'attributes': {'namespace': 'hdmf-common', 'neurodata_type': 'ElementIdentifiers', 'object_id': '99721a74-02e0-4aae-ac5d-f006e18d0ebd'}, 'data': <HDF5 dataset "id": shape (257,), type "<i4">}}, 'links': {}}, "Could not construct FrequencyBandsTable object due to: column must have the same number of rows as 'id'"))
2026-10-09T10:14:40Z INFO [524/2500] be14b70c-5885-417b-bb88-ed4ba85e32ba: valid; 2.3 s; peak memory 5359 MiB.
2026-10-09T10:14:45Z INFO [525/2500] be14dfa4-f2d8-461e-bfb5-df7c0070044d: valid; 4.5 s; peak memory 5359 MiB.
2026-10-09T10:14:46Z INFO [526/2500] be150197-2b33-4d84-ab3a-b623bd2092b6: valid; 1.4 s; peak memory 5359 MiB.
2026-10-09T10:14:47Z INFO [527/2500] be15fcfe-d059-44b0-a3b9-12ee7b909786: not valid; 1.5 s; peak memory 5359 MiB.
2026-10-09T10:14:49Z INFO [528/2500] be164a91-dc94-407f-8bab-99f1764b6922: not valid; 1.4 s; peak memory 5359 MiB.
2026-10-09T10:15:01Z INFO [529/2500] be165449-a2c4-4263-bdaa-d41bc65d4219: valid; 11.8 s; peak memory 5359 MiB.
2026-10-09T10:15:06Z INFO [530/2500] be1667d4-5b02-4e5d-b207-feb28c20c759: valid; 5.5 s; peak memory 5359 MiB.
2026-10-09T10:15:33Z INFO [531/2500] be1676f9-12f4-4daf-802a-197b582db354: not valid; 26.3 s; peak memory 5359 MiB.
2026-10-09T10:15:35Z INFO [532/2500] be1690a2-72b6-4544-bdc7-2a330c766dd2: valid; 2.2 s; peak memory 5359 MiB.
2026-10-09T10:15:38Z INFO [533/2500] be16abd5-10df-43cb-9179-5f6e9970c549: valid; 2.8 s; peak memory 5359 MiB.
2026-10-09T10:15:40Z INFO [534/2500] be1701f0-1d82-4f38-b2c9-02dbcd52d150: valid; 2.8 s; peak memory 5359 MiB.
2026-10-09T10:15:43Z INFO [535/2500] be17769e-e239-4dd2-8033-a98fa889d826: valid; 2.3 s; peak memory 5359 MiB.
2026-10-09T10:15:46Z INFO [536/2500] be17812b-c9a4-43a5-80e5-86ccc33e990d: valid; 2.9 s; peak memory 5359 MiB.
2026-10-09T10:15:47Z INFO [537/2500] be17b0ff-e51e-474b-8537-ffd7da782f24: valid; 1.3 s; peak memory 5359 MiB.
2026-10-09T10:15:50Z INFO [538/2500] be184147-e326-42d3-85da-9c2b0f77208a: valid; 2.8 s; peak memory 5359 MiB.
2026-10-09T10:15:53Z INFO [539/2500] be184398-1443-4098-be1c-4bfa14c1a9ea: valid; 2.8 s; peak memory 5359 MiB.
2026-10-09T10:15:55Z INFO [540/2500] be1874ac-9a21-4b1a-8dbc-ace8a6b128a1: valid; 2.7 s; peak memory 5359 MiB.
2026-10-09T10:16:05Z INFO [541/2500] be188471-fd80-4dca-81e2-2443bff81b87: valid; 9.8 s; peak memory 5359 MiB.
2026-10-09T10:16:07Z INFO [542/2500] be18e371-57b6-4e3c-9466-9fd48d059382: valid; 2.4 s; peak memory 5359 MiB.
2026-10-09T10:16:11Z INFO [543/2500] be190600-3f8d-45fc-914a-5d1b001ea79d: valid; 3.7 s; peak memory 5359 MiB.
2026-10-09T10:16:14Z INFO [544/2500] be1959db-34e8-4342-8c6e-58f7675cc671: valid; 2.5 s; peak memory 5359 MiB.
2026-10-09T10:16:19Z INFO [545/2500] be1aa885-d1b6-4e08-b942-4a4d0a78a9c2: valid; 4.9 s; peak memory 5359 MiB.
2026-10-09T10:16:20Z INFO [546/2500] be1ac538-b001-4268-bc45-7abfa01c29d7: valid; 1.8 s; peak memory 5359 MiB.
2026-10-09T10:16:22Z INFO [547/2500] be1b41a4-cf66-4a36-8c05-34ed12d39d22: valid; 1.8 s; peak memory 5359 MiB.
2026-10-09T10:16:23Z INFO [548/2500] be1bcc86-743f-44d5-9a90-63d3992d24f4: valid; 1.3 s; peak memory 5359 MiB.
2026-10-09T10:16:25Z INFO [549/2500] be1bdb20-b531-40bf-a89f-086d5bf7d0d1: valid; 1.3 s; peak memory 5359 MiB.
2026-10-09T10:16:28Z INFO [550/2500] be1cb467-2713-48af-89c8-03414c8a4885: valid; 3.0 s; peak memory 5359 MiB.
2026-10-09T10:16:29Z INFO [550/2500] be1cb467-2713-48af-89c8-03414c8a4885: checkpointed 189060 new records.
2026-10-09T10:16:32Z INFO [551/2500] be1cf8ef-a976-4966-9e27-02474c9a1ee0: valid; 2.9 s; peak memory 5359 MiB.
2026-10-09T10:16:46Z INFO [552/2500] be1cfee6-2f66-4eed-b2a8-b6b6fd729b80: valid; 14.0 s; peak memory 5389 MiB.
2026-10-09T10:16:48Z WARNING be1d234c-12a9-47ec-bb64-efd3ad338a3c: failed while opening the NWB file (ConstructError: (root/acquisition/_iblmic_audioSpectrogram/bands GroupBuilder {'attributes': {'colnames': array(['freq'], dtype=object), 'description': 'spectogram frequencies', 'namespace': 'core', 'neurodata_type': 'FrequencyBandsTable', 'object_id': '5c8d43e7-3254-458d-adbc-c6a7fd3ea2eb'}, 'groups': {}, 'datasets': {'freq': root/acquisition/_iblmic_audioSpectrogram/bands/freq DatasetBuilder {'attributes': {'description': 'frequency value', 'namespace': 'hdmf-common', 'neurodata_type': 'VectorData', 'object_id': '27fa940e-5ec0-470f-a25c-402c4fa670d3'}, 'data': <HDF5 dataset "freq": shape (257,), type "<f4">}, 'id': root/acquisition/_iblmic_audioSpectrogram/bands/id DatasetBuilder {'attributes': {'namespace': 'hdmf-common', 'neurodata_type': 'ElementIdentifiers', 'object_id': 'a69ddc03-c9aa-45c7-9141-e202870f0e37'}, 'data': <HDF5 dataset "id": shape (257,), type "<i4">}}, 'links': {}}, "Could not construct FrequencyBandsTable object due to: column must have the same number of rows as 'id'"))
2026-10-09T10:16:50Z INFO [554/2500] be1dbb4b-a6aa-4e26-9b36-9941e656647d: valid; 1.4 s; peak memory 5542 MiB.
2026-10-09T10:16:52Z INFO [555/2500] be1e6308-204f-4620-a04f-d1dff499bf43: valid; 2.6 s; peak memory 5542 MiB.
2026-10-09T10:16:54Z INFO [556/2500] be1e85a8-a82e-4445-abc3-e78519bce64d: valid; 1.5 s; peak memory 5542 MiB.
2026-10-09T10:16:56Z INFO [557/2500] be1ec5e6-ef1c-4eba-882a-17a7631b2db1: valid; 2.4 s; peak memory 5542 MiB.
2026-10-09T10:16:58Z INFO [558/2500] be1ecc7b-1a15-472a-9486-e9f5f0346e09: not valid; 1.8 s; peak memory 5542 MiB.
2026-10-09T10:17:00Z INFO [559/2500] be1f1e1c-9c26-48fb-8bda-6a40e4563bc4: valid; 2.3 s; peak memory 5542 MiB.
2026-10-09T10:17:07Z INFO [560/2500] be1f9ce8-53c4-4551-9173-ca09ca309b15: valid; 6.5 s; peak memory 5542 MiB.
2026-10-09T10:17:09Z INFO [561/2500] be200f08-166e-42d6-9ec5-02aa45f58307: not valid; 1.7 s; peak memory 5542 MiB.
2026-10-09T10:17:10Z INFO [562/2500] be2024ec-afeb-4b68-86f5-0d6a45d6990c: valid; 1.3 s; peak memory 5542 MiB.
2026-10-09T10:17:16Z INFO [563/2500] be208a99-6799-4cdb-806e-14a90ce8c76f: valid; 5.9 s; peak memory 5542 MiB.
2026-10-09T10:17:18Z INFO [564/2500] be20cc59-f580-475b-9811-9099a94afcc4: not valid; 2.0 s; peak memory 5542 MiB.
2026-10-09T10:17:20Z INFO [565/2500] be21bc53-1fb5-45b1-a318-0252060f834c: valid; 2.1 s; peak memory 5542 MiB.
2026-10-09T10:17:22Z INFO [566/2500] be21e00c-b623-47ed-a49d-79f39b7d3a75: valid; 2.2 s; peak memory 5542 MiB.
2026-10-09T10:17:26Z INFO [567/2500] be220f5f-7cf7-4bc5-bf3e-ab784d1708be: valid; 3.6 s; peak memory 5542 MiB.
2026-10-09T10:17:29Z INFO [568/2500] be232cbd-d25a-4f18-95fc-f4098e2c0f34: valid; 3.3 s; peak memory 5542 MiB.
2026-10-09T10:17:31Z INFO [569/2500] be235d77-0ed5-4a58-9e7a-0bc58ef92ddd: not valid; 1.5 s; peak memory 5542 MiB.
2026-10-09T10:17:47Z INFO [570/2500] be23775a-e775-4ee4-8ce0-9caba3038489: valid; 17.0 s; peak memory 5542 MiB.
2026-10-09T10:17:54Z INFO [571/2500] be23bf54-b006-4f0a-a734-6c56a209adf0: valid; 6.9 s; peak memory 5542 MiB.
2026-10-09T10:17:57Z INFO [572/2500] be23c96f-b0bb-4b7c-af8f-a4c515ca527a: not valid; 3.0 s; peak memory 5542 MiB.
2026-10-09T10:18:00Z INFO [573/2500] be23cf6b-6bfa-47e3-a2b9-ac5941f17bed: valid; 2.9 s; peak memory 5542 MiB.
2026-10-09T10:18:03Z INFO [574/2500] be23e2f9-e3c2-41b0-9d33-b411ae58fc74: valid; 2.5 s; peak memory 5542 MiB.
2026-10-09T10:18:04Z INFO [575/2500] be2440cb-9ca9-437f-8a03-1fde5b9b23bf: valid; 1.4 s; peak memory 5542 MiB.
2026-10-09T10:18:06Z INFO [576/2500] be244d5e-53e9-47c0-90e7-5ad1e7992e26: valid; 2.0 s; peak memory 5542 MiB.
2026-10-09T10:18:08Z INFO [577/2500] be249f4d-4403-48c1-af29-ff05b29d300d: valid; 1.8 s; peak memory 5542 MiB.
2026-10-09T10:18:11Z INFO [578/2500] be253a05-2330-4625-a687-fe9aa9c5d7a2: valid; 2.8 s; peak memory 5542 MiB.
2026-10-09T10:18:12Z INFO [579/2500] be26972a-7b18-458c-b697-69c1bbb3aefc: valid; 1.2 s; peak memory 5542 MiB.
2026-10-09T10:18:13Z INFO [580/2500] be26c6a1-e274-48cf-95e5-b3882f2dc27d: valid; 1.2 s; peak memory 5542 MiB.
2026-10-09T10:18:23Z INFO [581/2500] be26d130-1b38-45ad-9e1c-6fdf8bcff7d1: valid; 9.6 s; peak memory 5542 MiB.
2026-10-09T10:18:25Z INFO [582/2500] be26ea41-ec58-4e33-b0f2-4b9ebd53055a: valid; 2.3 s; peak memory 5542 MiB.
2026-10-09T10:18:38Z INFO [583/2500] be271722-b44b-4774-a0ac-6fc55e61b886: valid; 13.0 s; peak memory 5624 MiB.
2026-10-09T10:18:41Z INFO [584/2500] be2717d8-6e0e-401d-b963-90a53fc8ab0b: valid; 2.7 s; peak memory 5624 MiB.
2026-10-09T10:18:42Z INFO [585/2500] be27202a-89ed-4470-99e0-38416739dbe3: valid; 1.7 s; peak memory 5625 MiB.
2026-10-09T10:18:44Z INFO [586/2500] be273b05-fe16-4746-859c-6427bba672ac: not valid; 1.7 s; peak memory 5625 MiB.
2026-10-09T10:18:46Z INFO [587/2500] be27780e-34f6-496d-b5ce-6116d9ee15f3: valid; 1.9 s; peak memory 5625 MiB.
2026-10-09T10:18:50Z INFO [588/2500] be277bc3-a9ff-46b5-a2d9-4142ccbc0d47: valid; 3.9 s; peak memory 5625 MiB.
2026-10-09T10:18:52Z INFO [589/2500] be2797c1-4c80-4826-a813-897cabc501b6: valid; 1.9 s; peak memory 5625 MiB.
2026-10-09T10:19:11Z INFO [590/2500] be27ae9f-9486-40fe-b1c6-d2d70b16c5f4: not valid; 19.3 s; peak memory 5625 MiB.
2026-10-09T10:19:13Z INFO [591/2500] be28024b-3380-4b62-9d83-9ccf29a28f61: not valid; 1.6 s; peak memory 5625 MiB.
2026-10-09T10:19:14Z INFO [592/2500] be283e79-cbb9-41a5-becb-20f75dbdd7aa: not valid; 1.6 s; peak memory 5625 MiB.
2026-10-09T10:19:17Z INFO [593/2500] be28b35b-c871-4f6e-b3e0-defd1b2b3029: valid; 2.3 s; peak memory 5625 MiB.
2026-10-09T10:19:18Z WARNING be28bffb-ddf6-4789-b206-b9b7c9d6158a: failed while opening the NWB file (ConstructError: (root/acquisition/_iblmic_audioSpectrogram/bands GroupBuilder {'attributes': {'colnames': array(['freq'], dtype=object), 'description': 'spectogram frequencies', 'namespace': 'core', 'neurodata_type': 'FrequencyBandsTable', 'object_id': 'f591c7d2-7398-47d0-9167-9be900ba1e91'}, 'groups': {}, 'datasets': {'freq': root/acquisition/_iblmic_audioSpectrogram/bands/freq DatasetBuilder {'attributes': {'description': 'frequency value', 'namespace': 'hdmf-common', 'neurodata_type': 'VectorData', 'object_id': '4af45730-6b6a-4a29-96b3-e5463d32b96a'}, 'data': <HDF5 dataset "freq": shape (257,), type "<f4">}, 'id': root/acquisition/_iblmic_audioSpectrogram/bands/id DatasetBuilder {'attributes': {'namespace': 'hdmf-common', 'neurodata_type': 'ElementIdentifiers', 'object_id': '09a6daac-fcd2-47f0-a844-e30a61f9e4b6'}, 'data': <HDF5 dataset "id": shape (257,), type "<i4">}}, 'links': {}}, "Could not construct FrequencyBandsTable object due to: column must have the same number of rows as 'id'"))
2026-10-09T10:19:20Z INFO [595/2500] be293975-0e80-4160-a944-75f721a6b198: not valid; 1.4 s; peak memory 5745 MiB.
2026-10-09T10:19:22Z INFO [596/2500] be296c27-f53a-4af3-84c1-efde58cdba8a: valid; 1.9 s; peak memory 5745 MiB.
2026-10-09T10:19:24Z INFO [597/2500] be29e983-6c5c-439f-a450-dd1799e5f85d: valid; 2.3 s; peak memory 5745 MiB.
2026-10-09T10:19:25Z INFO [598/2500] be2a55c9-71cc-4692-b23b-9e7b6540fe74: valid; 1.1 s; peak memory 5745 MiB.
2026-10-09T10:19:26Z INFO [599/2500] be2af8d7-a6ad-4592-9720-1ee412ec63bf: not valid; 1.4 s; peak memory 5745 MiB.
2026-10-09T10:19:28Z INFO [600/2500] be2b7993-d665-4a62-a674-aa38e9c6604d: valid; 1.2 s; peak memory 5745 MiB.
2026-10-09T10:19:29Z INFO [600/2500] be2b7993-d665-4a62-a674-aa38e9c6604d: checkpointed 189110 new records.
2026-10-09T10:19:37Z INFO [601/2500] be2b8c4c-52f1-40d9-9717-e97d66d6c959: valid; 7.5 s; peak memory 5745 MiB.
2026-10-09T10:19:38Z INFO [602/2500] be2ba984-aaaf-4c55-88b7-6ef3345a59ac: valid; 1.2 s; peak memory 5745 MiB.
2026-10-09T10:19:41Z INFO [603/2500] be2c08ed-5e5b-4f1b-8d32-37663be32010: valid; 2.7 s; peak memory 5745 MiB.
2026-10-09T10:19:46Z INFO [604/2500] be2c4e5e-1c5f-429f-b6cd-fefaa3e9b70c: valid; 5.4 s; peak memory 5745 MiB.
2026-10-09T10:19:49Z INFO [605/2500] be2c8e99-39e0-45be-b670-f42a9c8c73c0: valid; 2.8 s; peak memory 5745 MiB.
2026-10-09T10:21:56Z INFO [606/2500] be2ca1fd-bce8-4ee0-a2b8-c600761469ee: valid; 127.5 s; peak memory 5948 MiB.
2026-10-09T10:22:00Z INFO [607/2500] be2ce693-664c-4088-b532-564793caceb6: valid; 4.0 s; peak memory 5948 MiB.
2026-10-09T10:22:02Z INFO [608/2500] be2d5f85-da5a-480d-a731-e4b8a17eb6f0: valid; 1.3 s; peak memory 5948 MiB.
2026-10-09T10:22:03Z INFO [609/2500] be2dc5c0-e9cb-4d9a-8e49-4c39b5e4b852: valid; 1.2 s; peak memory 5948 MiB.
2026-10-09T10:22:07Z INFO [610/2500] be2f16a8-9468-40c3-8881-62df99077e25: valid; 4.4 s; peak memory 5948 MiB.
2026-10-09T10:22:10Z INFO [611/2500] be2fd0d0-8ead-4f99-9c7b-8fdc8c892809: valid; 3.3 s; peak memory 5948 MiB.
2026-10-09T10:22:24Z INFO [612/2500] be2fd425-5948-41fc-b22f-258ae8aa4f44: valid; 13.2 s; peak memory 5948 MiB.
2026-10-09T10:22:30Z INFO [613/2500] be2fea92-ae67-430a-b0f9-c7d41186b42a: valid; 6.8 s; peak memory 6093 MiB.
2026-10-09T10:22:31Z WARNING be3033a9-8efe-4192-863a-7dd5f9ee8a10: failed while retrieving asset information from the DANDI API (NotFoundError: No asset at path 'sub-EPCNHP1/sub-EPCNHP1_ses-2019-07-22-007_ecephys.nwb' in version 0.240701.1903. Verify the path is correct and the asset exists in this version. Use 'dandi ls' to list available assets.)
2026-10-09T10:22:34Z INFO [615/2500] be304bff-3f07-4d53-9921-f94a12298b23: valid; 3.2 s; peak memory 6093 MiB.
2026-10-09T10:22:36Z INFO [616/2500] be30f588-90ba-4fb3-9b46-516b4e1257b9: valid; 2.2 s; peak memory 6093 MiB.
2026-10-09T10:22:38Z INFO [617/2500] be31887a-3acd-41e2-974e-3c4d82ebfbbe: not valid; 2.0 s; peak memory 6093 MiB.
2026-10-09T10:22:40Z INFO [618/2500] be31d764-b4cb-4e02-a899-2b6d94c73a26: not valid; 1.6 s; peak memory 6093 MiB.
2026-10-09T10:22:42Z INFO [619/2500] be32360b-469a-4c70-991c-f95a4156ab7e: valid; 2.2 s; peak memory 6093 MiB.
2026-10-09T10:22:44Z INFO [620/2500] be3240bf-4179-421b-812b-a3b7760a5e09: valid; 1.9 s; peak memory 6093 MiB.
2026-10-09T10:22:47Z INFO [621/2500] be330cf7-ec2a-4b0f-9f49-d6f4d13d6a1c: not valid; 3.1 s; peak memory 6093 MiB.
2026-10-09T10:22:49Z INFO [622/2500] be336d37-2f11-41ef-8141-7bf8c95f7a89: valid; 1.8 s; peak memory 6093 MiB.
2026-10-09T10:22:52Z INFO [623/2500] be347d47-3097-497d-8367-82bd568093d1: valid; 3.9 s; peak memory 6093 MiB.
2026-10-09T10:23:01Z INFO [624/2500] be35b119-0bda-47c3-9cbe-dfa5eb03956b: valid; 8.3 s; peak memory 6258 MiB.
2026-10-09T10:23:03Z INFO [625/2500] be35d8d1-f133-4aa0-84ad-0785a96d0ef7: valid; 2.0 s; peak memory 6258 MiB.
2026-10-09T10:23:16Z INFO [626/2500] be36e924-5e6a-4d76-8977-e2f519262d21: valid; 13.1 s; peak memory 6258 MiB.
2026-10-09T10:23:18Z INFO [627/2500] be37096f-9dd3-4d6e-9c3c-392903a14e47: valid; 2.3 s; peak memory 6258 MiB.
2026-10-09T10:23:20Z INFO [628/2500] be377ead-16c6-4535-b098-d31abbefa017: not valid; 1.8 s; peak memory 6258 MiB.
2026-10-09T10:23:22Z INFO [629/2500] be387750-ef57-4dab-93de-6129655405a8: valid; 2.5 s; peak memory 6258 MiB.
2026-10-09T10:23:24Z INFO [630/2500] be39d641-0129-4ceb-b2f3-55bc3eea3ea7: valid; 1.3 s; peak memory 6258 MiB.
2026-10-09T10:23:25Z INFO [631/2500] be39fa27-4b6b-4ad3-9c77-a6e0cc672ad7: valid; 1.6 s; peak memory 6258 MiB.
2026-10-09T10:23:30Z INFO [632/2500] be3a370c-ab95-424c-91d1-8a842843c725: valid; 4.3 s; peak memory 6258 MiB.
2026-10-09T10:23:32Z INFO [633/2500] be3b88eb-e4a3-4749-8271-fbf44b55e88c: valid; 2.1 s; peak memory 6258 MiB.
2026-10-09T10:23:33Z INFO [634/2500] be3ba37c-ea06-4d59-8e46-eb8a97113048: valid; 1.5 s; peak memory 6258 MiB.
2026-10-09T10:23:35Z INFO [635/2500] be3bf0e4-af75-47f5-8d38-69a53c9c95a4: valid; 2.3 s; peak memory 6258 MiB.
2026-10-09T10:23:37Z INFO [636/2500] be3c0baf-d402-438a-a3ce-25fc7020b298: valid; 1.4 s; peak memory 6258 MiB.
2026-10-09T10:23:40Z INFO [637/2500] be3c5a35-3669-465b-afef-c4e1c0f28818: not valid; 2.7 s; peak memory 6260 MiB.
2026-10-09T10:23:41Z INFO [638/2500] be3c705a-0389-48b6-8361-391483ea09b8: valid; 1.4 s; peak memory 6260 MiB.
2026-10-09T10:23:44Z INFO [639/2500] be3ca6ae-a975-4a98-ac5d-001b94cf4ad0: valid; 2.7 s; peak memory 6262 MiB.
2026-10-09T10:23:45Z INFO [640/2500] be3d48eb-6b9d-4b96-a22f-75103aede6d4: valid; 1.3 s; peak memory 6262 MiB.
2026-10-09T10:23:47Z WARNING be3e28be-247e-457c-8be0-21ea3756ecfb: failed while opening the NWB file (ConstructError: (root/acquisition/_iblmic_audioSpectrogram/bands GroupBuilder {'attributes': {'colnames': array(['freq'], dtype=object), 'description': 'spectogram frequencies', 'namespace': 'core', 'neurodata_type': 'FrequencyBandsTable', 'object_id': '670f0604-4a3d-4e8c-a439-ad6f2baa0f5a'}, 'groups': {}, 'datasets': {'freq': root/acquisition/_iblmic_audioSpectrogram/bands/freq DatasetBuilder {'attributes': {'description': 'frequency value', 'namespace': 'hdmf-common', 'neurodata_type': 'VectorData', 'object_id': '9a3d5753-a043-427b-893e-50b2968b1940'}, 'data': <HDF5 dataset "freq": shape (257,), type "<f4">}, 'id': root/acquisition/_iblmic_audioSpectrogram/bands/id DatasetBuilder {'attributes': {'namespace': 'hdmf-common', 'neurodata_type': 'ElementIdentifiers', 'object_id': '08c9e15e-d8fe-4c73-91d7-d58c8eb03b4b'}, 'data': <HDF5 dataset "id": shape (257,), type "<i4">}}, 'links': {}}, "Could not construct FrequencyBandsTable object due to: column must have the same number of rows as 'id'"))
2026-10-09T10:23:48Z INFO [642/2500] be3eb889-6d17-494a-b314-7f2e272cfb65: valid; 1.3 s; peak memory 6416 MiB.
2026-10-09T10:24:16Z INFO [643/2500] be3eeeea-81bf-490c-81eb-31b29481582b: not valid; 27.6 s; peak memory 6416 MiB.
2026-10-09T10:24:17Z INFO [644/2500] be3f8018-f467-4c9d-bf09-b2751db14b9f: valid; 1.3 s; peak memory 6416 MiB.
2026-10-09T10:24:19Z INFO [645/2500] be405703-d8e6-4417-8120-63bcab4796ad: valid; 2.3 s; peak memory 6416 MiB.
2026-10-09T10:24:21Z INFO [646/2500] be406252-f336-4924-b21d-069790f9fcbe: valid; 1.3 s; peak memory 6416 MiB.
2026-10-09T10:24:22Z INFO [647/2500] be40ca23-33cf-4752-8fab-4c277b8e0232: valid; 1.1 s; peak memory 6416 MiB.
2026-10-09T10:24:24Z INFO [648/2500] be40d98e-7a41-4b5a-b253-d0394b113580: valid; 2.2 s; peak memory 6416 MiB.
2026-10-09T10:24:28Z INFO [649/2500] be40e89f-bcc3-4e0e-9bfa-05fb99f45905: not valid; 4.4 s; peak memory 6416 MiB.
2026-10-09T10:24:49Z INFO [650/2500] be41af0a-9aee-4a1e-b705-3e329bbfc3f8: valid; 21.1 s; peak memory 6416 MiB.
2026-10-09T10:24:51Z INFO [650/2500] be41af0a-9aee-4a1e-b705-3e329bbfc3f8: checkpointed 189160 new records.
2026-10-09T10:24:52Z INFO [651/2500] be42805a-90d7-4524-85e0-ce4640f78ec8: valid; 1.4 s; peak memory 6416 MiB.
2026-10-09T10:24:56Z INFO [652/2500] be42d39c-e475-460d-9e69-762e696f12d8: valid; 3.3 s; peak memory 6416 MiB.
2026-10-09T10:24:57Z INFO [653/2500] be42ea96-fe4f-4e48-82c5-8ce4d406cee8: valid; 1.5 s; peak memory 6416 MiB.
2026-10-09T10:24:59Z INFO [654/2500] be449025-3edb-4880-827b-d447bc3d1655: valid; 1.8 s; peak memory 6416 MiB.
2026-10-09T10:25:00Z INFO [655/2500] be44a8b2-7c02-4166-8ff9-39c1fb663574: valid; 1.1 s; peak memory 6416 MiB.
2026-10-09T10:25:01Z INFO [656/2500] be450760-a190-4806-a6eb-44b50a9868e5: valid; 1.1 s; peak memory 6416 MiB.
2026-10-09T10:25:03Z INFO [657/2500] be4525d3-80a7-4aa9-b50f-dfeb91b9db11: not valid; 1.6 s; peak memory 6416 MiB.
2026-10-09T10:25:04Z INFO [658/2500] be454072-e34d-43dd-9ad5-a7c93a73c008: valid; 1.1 s; peak memory 6416 MiB.
2026-10-09T10:25:14Z INFO [659/2500] be4594ef-f0db-43b4-b4fa-823927ee3b40: not valid; 10.2 s; peak memory 6416 MiB.
2026-10-09T10:25:26Z INFO [660/2500] be461250-b6eb-4f78-8b25-5f11e5c72be7: valid; 11.5 s; peak memory 6416 MiB.
2026-10-09T10:25:27Z INFO [661/2500] be46f64b-eb49-4952-bc62-97a3a7248c41: valid; 1.3 s; peak memory 6416 MiB.
2026-10-09T10:25:28Z INFO [662/2500] be46fe10-b1c8-4c12-9062-1250cb2dc14d: valid; 1.3 s; peak memory 6416 MiB.
2026-10-09T10:25:31Z INFO [663/2500] be475df4-6888-4995-be33-98d5b79dc97d: valid; 3.2 s; peak memory 6416 MiB.
2026-10-09T10:25:33Z INFO [664/2500] be47b923-79cd-4d4a-9231-d2c90f984780: not valid; 1.5 s; peak memory 6416 MiB.
2026-10-09T10:25:35Z INFO [665/2500] be480608-2d39-4a50-b4e7-fc46cc373662: valid; 2.3 s; peak memory 6416 MiB.
2026-10-09T10:25:37Z INFO [666/2500] be48c248-fbfe-47d2-b4ef-243f51e176c5: valid; 1.8 s; peak memory 6416 MiB.
2026-10-09T10:25:38Z WARNING be48d964-f725-45d9-b0dd-34e4f3d5bfee: failed while opening the NWB file (PathNotFoundError: nothing found at path '')
2026-10-09T10:25:40Z INFO [668/2500] be48e35c-4975-4e6f-b1f6-2b194bb85781: valid; 2.4 s; peak memory 6416 MiB.
2026-10-09T10:25:54Z INFO [669/2500] be49b76f-a4b5-418c-82b8-3285679aa1d3: valid; 13.3 s; peak memory 6423 MiB.
2026-10-09T10:25:55Z INFO [670/2500] be4a6109-51be-4040-be27-c725bb21e653: not valid; 1.7 s; peak memory 6423 MiB.
2026-10-09T10:25:57Z INFO [671/2500] be4ac926-8f2e-4f7e-b9a2-ba9aaa21860f: valid; 1.3 s; peak memory 6423 MiB.
2026-10-09T10:26:00Z INFO [672/2500] be4b0195-3f28-4388-b346-e341fbb3ab23: valid; 3.7 s; peak memory 6423 MiB.
2026-10-09T10:26:02Z INFO [673/2500] be4c63a7-1c66-458b-a950-a35fa91aa74a: valid; 2.1 s; peak memory 6430 MiB.
2026-10-09T10:26:12Z INFO [674/2500] be4d3149-950c-41e1-af6a-9506740d14b8: not valid; 9.6 s; peak memory 6663 MiB.
2026-10-09T10:26:23Z INFO [675/2500] be4dca70-bc2e-4502-8728-7b961d047974: valid; 11.0 s; peak memory 6763 MiB.
2026-10-09T10:26:26Z INFO [676/2500] be4e6c78-94cc-4609-89fd-6f83be976a76: valid; 3.1 s; peak memory 6763 MiB.
2026-10-09T10:26:28Z INFO [677/2500] be4e848d-c9a4-44c0-a437-074bd366b711: valid; 1.8 s; peak memory 6763 MiB.
2026-10-09T10:26:29Z INFO [678/2500] be4ea6ad-a4c8-4d80-8776-521a087f9cb6: valid; 1.3 s; peak memory 6763 MiB.
2026-10-09T10:26:32Z INFO [679/2500] be4eb22a-08ea-4976-bcad-3a1c37460681: valid; 2.7 s; peak memory 6764 MiB.
2026-10-09T10:26:34Z WARNING be4ed5d4-d236-4fc9-b5c2-848e14db7753: failed while opening the NWB file (ConstructError: (root/acquisition/_iblmic_audioSpectrogram/bands GroupBuilder {'attributes': {'colnames': array(['freq'], dtype=object), 'description': 'spectogram frequencies', 'namespace': 'core', 'neurodata_type': 'FrequencyBandsTable', 'object_id': '8e177d00-66a6-4c63-9dd5-9478995a2df9'}, 'groups': {}, 'datasets': {'freq': root/acquisition/_iblmic_audioSpectrogram/bands/freq DatasetBuilder {'attributes': {'description': 'frequency value', 'namespace': 'hdmf-common', 'neurodata_type': 'VectorData', 'object_id': '8bd4a834-e6aa-49eb-8b68-f09978ab9f86'}, 'data': <HDF5 dataset "freq": shape (257,), type "<f4">}, 'id': root/acquisition/_iblmic_audioSpectrogram/bands/id DatasetBuilder {'attributes': {'namespace': 'hdmf-common', 'neurodata_type': 'ElementIdentifiers', 'object_id': 'c3884817-77c3-4719-b911-98ecc00704c3'}, 'data': <HDF5 dataset "id": shape (257,), type "<i4">}}, 'links': {}}, "Could not construct FrequencyBandsTable object due to: column must have the same number of rows as 'id'"))
2026-10-09T10:26:40Z INFO [681/2500] be4f240e-6200-4e61-b3c1-807de81625a5: valid; 5.6 s; peak memory 6917 MiB.
2026-10-09T10:26:41Z INFO [682/2500] be4f3025-750b-4774-8fd8-961bf1dcc47b: not valid; 1.4 s; peak memory 6917 MiB.
2026-10-09T10:26:44Z INFO [683/2500] be5016b1-308e-41ef-9b5b-951324e3e8bc: valid; 3.2 s; peak memory 6917 MiB.
2026-10-09T10:26:47Z INFO [684/2500] be508272-5d1b-409f-992e-d55af3e81c92: valid; 2.4 s; peak memory 6917 MiB.
2026-10-09T10:26:48Z INFO [685/2500] be51cb64-b24c-4f3f-bbe5-a606ae8158e8: valid; 1.8 s; peak memory 6917 MiB.
2026-10-09T10:26:51Z INFO [686/2500] be52164e-17d6-4f94-8568-d5bc1d27e8c7: valid; 2.2 s; peak memory 6917 MiB.
2026-10-09T10:26:54Z INFO [687/2500] be5272f9-4a3d-49d6-b428-f7f636e1fb80: valid; 3.0 s; peak memory 6917 MiB.
2026-10-09T10:26:55Z INFO [688/2500] be528885-f113-416b-b754-4ff1bb33c439: valid; 1.3 s; peak memory 6917 MiB.
2026-10-09T10:26:57Z INFO [689/2500] be531a59-6331-4959-9e6c-8f8f1f14320c: valid; 2.6 s; peak memory 6917 MiB.
2026-10-09T10:26:59Z INFO [690/2500] be532a29-75bd-43ee-a79d-2f69d10332d4: valid; 1.4 s; peak memory 6917 MiB.
2026-10-09T10:27:05Z INFO [691/2500] be54825d-5bd6-41a5-9475-40223567c478: valid; 6.6 s; peak memory 6917 MiB.
2026-10-09T10:27:07Z INFO [692/2500] be54e890-990b-4de4-96f3-03ec1077629e: valid; 1.8 s; peak memory 6917 MiB.
2026-10-09T10:27:09Z INFO [693/2500] be54f995-012e-4ac3-adbc-9d8ec9f2826a: valid; 1.9 s; peak memory 6917 MiB.
2026-10-09T10:27:11Z INFO [694/2500] be5677d0-7748-4d17-96f1-ba4d1341a40f: not valid; 1.5 s; peak memory 6917 MiB.
2026-10-09T10:27:13Z INFO [695/2500] be569694-4c36-4403-aaeb-c82376649f9c: not valid; 2.4 s; peak memory 6917 MiB.
2026-10-09T10:27:16Z INFO [696/2500] be5726c6-7712-4edc-a23e-baf3e4668d56: valid; 2.7 s; peak memory 6917 MiB.
2026-10-09T10:27:17Z INFO [697/2500] be572c7c-8a0f-4e86-9d46-79e082cd2ae2: valid; 1.2 s; peak memory 6917 MiB.
2026-10-09T10:27:18Z INFO [698/2500] be57a7c2-ab3d-4943-8b51-394462e13c70: not valid; 1.6 s; peak memory 6917 MiB.
2026-10-09T10:27:26Z INFO [699/2500] be57a9c0-2ae7-4cb3-8b27-42f3086e442e: not valid; 8.0 s; peak memory 6917 MiB.
2026-10-09T10:27:29Z INFO [700/2500] be5866a2-bcdb-4178-bbb0-a640ffc3b571: not valid; 2.6 s; peak memory 6917 MiB.
2026-10-09T10:27:31Z INFO [700/2500] be5866a2-bcdb-4178-bbb0-a640ffc3b571: checkpointed 189210 new records.
2026-10-09T10:27:34Z INFO [701/2500] be5879cd-d9c7-4a17-8294-a5167cf92bf5: not valid; 3.8 s; peak memory 6917 MiB.
2026-10-09T10:27:36Z INFO [702/2500] be58a325-170a-49af-9a81-7f6395800ebf: valid; 1.8 s; peak memory 6917 MiB.
2026-10-09T10:27:38Z INFO [703/2500] be5933e8-022f-4fcf-81bf-0e7ffbbc75c3: not valid; 1.6 s; peak memory 6917 MiB.
2026-10-09T10:27:40Z INFO [704/2500] be59dd93-40e3-4ff0-8447-f3f4db503bcf: valid; 2.1 s; peak memory 6917 MiB.
2026-10-09T10:27:42Z WARNING be5a5c21-83a2-40c7-a4c2-70c2786c6d6b: failed while opening the NWB file (ConstructError: (root/acquisition/_iblmic_audioSpectrogram/bands GroupBuilder {'attributes': {'colnames': array(['freq'], dtype=object), 'description': 'spectogram frequencies', 'namespace': 'core', 'neurodata_type': 'FrequencyBandsTable', 'object_id': '3a565f2a-44e4-4438-840d-653f4dc0165d'}, 'groups': {}, 'datasets': {'freq': root/acquisition/_iblmic_audioSpectrogram/bands/freq DatasetBuilder {'attributes': {'description': 'frequency value', 'namespace': 'hdmf-common', 'neurodata_type': 'VectorData', 'object_id': '10358dfd-91cd-4bdc-996d-aced2d67165e'}, 'data': <HDF5 dataset "freq": shape (257,), type "<f4">}, 'id': root/acquisition/_iblmic_audioSpectrogram/bands/id DatasetBuilder {'attributes': {'namespace': 'hdmf-common', 'neurodata_type': 'ElementIdentifiers', 'object_id': '15be6197-4190-440e-828c-aac6fddf5a3c'}, 'data': <HDF5 dataset "id": shape (257,), type "<i4">}}, 'links': {}}, "Could not construct FrequencyBandsTable object due to: column must have the same number of rows as 'id'"))
2026-10-09T10:27:43Z INFO [706/2500] be5a5fba-7921-4196-8162-41eca642bdbc: valid; 1.1 s; peak memory 6917 MiB.
2026-10-09T10:27:44Z INFO [707/2500] be5aaeeb-18dc-4420-bdc5-3c4842ed0460: valid; 1.3 s; peak memory 6917 MiB.
2026-10-09T10:27:46Z INFO [708/2500] be5ab8a6-4e02-4b04-9a1b-976eb2fecbbd: valid; 2.3 s; peak memory 6917 MiB.
2026-10-09T10:27:49Z INFO [709/2500] be5b72cd-83a1-4315-8d7b-ba28855d85b0: valid; 2.8 s; peak memory 6917 MiB.
2026-10-09T10:27:51Z INFO [710/2500] be5ba28e-b059-43d7-a019-0f8aebec2342: valid; 1.8 s; peak memory 6917 MiB.
2026-10-09T10:27:57Z INFO [711/2500] be5baaf7-568c-4ac9-aea9-201de3a917f1: valid; 5.8 s; peak memory 6917 MiB.
2026-10-09T10:27:58Z INFO [712/2500] be5c4ac2-8eb2-470f-92fc-bff02eaf4bc6: valid; 1.4 s; peak memory 6917 MiB.
2026-10-09T10:28:04Z INFO [713/2500] be5c6d3d-38cc-4106-9abd-2e765106de28: valid; 6.0 s; peak memory 6917 MiB.
2026-10-09T10:28:07Z INFO [714/2500] be5c9699-41da-42a0-aa73-294c8e420318: valid; 2.4 s; peak memory 6917 MiB.
2026-10-09T10:28:08Z INFO [715/2500] be5ca9c5-2da6-466e-aa97-67b9d29d2c3a: valid; 1.4 s; peak memory 6917 MiB.
2026-10-09T10:28:10Z INFO [716/2500] be5dc234-3313-4546-943a-4cdb29c8b986: valid; 1.6 s; peak memory 6917 MiB.
2026-10-09T10:28:22Z INFO [717/2500] be5e77ab-de7f-4fe5-8730-65dff9c5ada0: valid; 12.5 s; peak memory 7111 MiB.
2026-10-09T10:28:23Z INFO [718/2500] be5eaf27-9d0b-4755-b7c4-ba123eda2bf7: valid; 1.2 s; peak memory 7111 MiB.
2026-10-09T10:28:26Z INFO [719/2500] be5f3812-b7a2-42c0-8dc3-086e2401d4fc: not valid; 2.2 s; peak memory 7111 MiB.
2026-10-09T10:28:28Z INFO [720/2500] be60092d-45e7-4771-9a6e-766d1a8d2706: valid; 2.6 s; peak memory 7111 MiB.
2026-10-09T10:28:30Z INFO [721/2500] be60e949-6c41-45f7-86db-13c06f9b8350: not valid; 1.6 s; peak memory 7111 MiB.
2026-10-09T10:28:31Z INFO [722/2500] be60edbc-61f1-40eb-94bd-f0328c040cb2: valid; 1.3 s; peak memory 7111 MiB.
2026-10-09T10:28:32Z INFO [723/2500] be60fce6-81ac-483f-91d9-45c0168bd30a: valid; 1.4 s; peak memory 7111 MiB.
2026-10-09T10:28:36Z INFO [724/2500] be61408d-ee0a-4d71-9b29-2f50413fe9b4: valid; 3.9 s; peak memory 7111 MiB.
2026-10-09T10:28:42Z INFO [725/2500] be6195ac-f758-484b-bd6c-f63826b55291: valid; 5.7 s; peak memory 7111 MiB.
2026-10-09T10:28:43Z INFO [726/2500] be619d32-e5d1-4f7d-ba7a-1b4472c5d7a7: valid; 1.3 s; peak memory 7111 MiB.
2026-10-09T10:28:45Z INFO [727/2500] be6238dc-5684-463a-88b4-362614ce9e48: valid; 2.1 s; peak memory 7111 MiB.
2026-10-09T10:28:48Z INFO [728/2500] be634f44-d600-4a25-ba97-ce2ce39e64e5: valid; 2.2 s; peak memory 7111 MiB.
2026-10-09T10:28:50Z INFO [729/2500] be635846-f02c-4014-a2bf-b629ea72071a: valid; 2.6 s; peak memory 7111 MiB.
2026-10-09T10:28:52Z INFO [730/2500] be6379b6-98a5-47c0-ac38-d1b4e87ab9e9: valid; 2.1 s; peak memory 7111 MiB.
2026-10-09T10:28:54Z WARNING be6428a6-a34d-4078-b15e-e9c39f0bb101: failed while opening the NWB file (ConstructError: (root/acquisition/_iblmic_audioSpectrogram/bands GroupBuilder {'attributes': {'colnames': array(['freq'], dtype=object), 'description': 'spectogram frequencies', 'namespace': 'core', 'neurodata_type': 'FrequencyBandsTable', 'object_id': 'a2937c79-4c51-4ea6-b8fb-25311bd5b9b3'}, 'groups': {}, 'datasets': {'freq': root/acquisition/_iblmic_audioSpectrogram/bands/freq DatasetBuilder {'attributes': {'description': 'frequency value', 'namespace': 'hdmf-common', 'neurodata_type': 'VectorData', 'object_id': '41d1c129-d8fb-4a98-98bb-969ea0e21434'}, 'data': <HDF5 dataset "freq": shape (257,), type "<f4">}, 'id': root/acquisition/_iblmic_audioSpectrogram/bands/id DatasetBuilder {'attributes': {'namespace': 'hdmf-common', 'neurodata_type': 'ElementIdentifiers', 'object_id': '24acf3a0-a127-4b45-bf59-6f94432c3883'}, 'data': <HDF5 dataset "id": shape (257,), type "<i4">}}, 'links': {}}, "Could not construct FrequencyBandsTable object due to: column must have the same number of rows as 'id'"))
2026-10-09T10:28:57Z INFO [732/2500] be64a851-1b38-4681-ab4a-89fdc3d47750: valid; 2.4 s; peak memory 7205 MiB.
2026-10-09T10:28:58Z INFO [733/2500] be6555a8-a4ba-4c8b-9296-bc543fe19cc3: valid; 1.7 s; peak memory 7205 MiB.
2026-10-09T10:28:58Z WARNING be66e8c5-93f2-4a12-9587-832c0a8cc3f4: failed while retrieving asset information from the DANDI API (NotFoundError: No such Dandiset: 000561)
2026-10-09T10:29:00Z INFO [735/2500] be67071a-761f-43bb-b0c7-d9e7a7cac0af: valid; 1.3 s; peak memory 7205 MiB.
2026-10-09T10:29:02Z INFO [736/2500] be6724c7-660a-4ebd-a114-4b490ffd65ea: not valid; 1.9 s; peak memory 7205 MiB.
2026-10-09T10:29:04Z INFO [737/2500] be67a637-a9ec-437c-92c7-6db8793c5036: valid; 1.9 s; peak memory 7205 MiB.
2026-10-09T10:29:05Z INFO [738/2500] be6850cd-24d0-426e-b59d-a9496a7a7931: valid; 1.1 s; peak memory 7205 MiB.
2026-10-09T10:29:09Z INFO [739/2500] be689c2d-7451-4e81-bd1d-6e89dea8d163: valid; 4.3 s; peak memory 7205 MiB.
2026-10-09T10:29:11Z INFO [740/2500] be691537-1fd9-4655-9c02-d839dbeedb6d: valid; 1.8 s; peak memory 7205 MiB.
2026-10-09T10:29:13Z INFO [741/2500] be69a976-12ea-488f-b2b0-50696a30be43: valid; 2.7 s; peak memory 7205 MiB.
2026-10-09T10:29:15Z INFO [742/2500] be6a2e3d-3d5f-4209-8cac-86e6d761df0a: not valid; 1.5 s; peak memory 7205 MiB.
2026-10-09T10:29:17Z INFO [743/2500] be6a3358-8230-437c-ac76-dd0a4ab2f936: not valid; 2.1 s; peak memory 7205 MiB.
2026-10-09T10:29:19Z INFO [744/2500] be6a9494-7d0d-4f31-b187-e3d86cdfe018: valid; 1.9 s; peak memory 7205 MiB.
2026-10-09T10:29:21Z INFO [745/2500] be6af41a-b5ce-4fb1-b6f8-57380072e576: valid; 1.9 s; peak memory 7205 MiB.
2026-10-09T10:29:22Z INFO [746/2500] be6b166a-a97c-4f9f-b9ed-279b6d6869ac: valid; 1.4 s; peak memory 7205 MiB.
2026-10-09T10:29:44Z INFO [747/2500] be6ba9bb-27b8-4266-b47e-a583e38273b1: valid; 21.6 s; peak memory 7205 MiB.
2026-10-09T10:29:46Z INFO [748/2500] be6bd1ff-cdf8-42ac-9c61-af54c99e2f55: valid; 2.6 s; peak memory 7205 MiB.
2026-10-09T10:29:47Z INFO [749/2500] be6db82e-c009-49ad-9239-4881d0d508e1: not valid; 1.0 s; peak memory 7205 MiB.
2026-10-09T10:29:49Z INFO [750/2500] be6e89b0-11ee-4994-8559-ea71eb8419f2: valid; 1.5 s; peak memory 7205 MiB.
2026-10-09T10:29:51Z INFO [750/2500] be6e89b0-11ee-4994-8559-ea71eb8419f2: checkpointed 189260 new records.
2026-10-09T10:29:52Z INFO [751/2500] be6f0381-1615-4613-a5df-d8b555c4494f: valid; 1.3 s; peak memory 7205 MiB.
2026-10-09T10:29:54Z INFO [752/2500] be6f111d-c0df-4702-aad2-3cd6eb13bdc7: valid; 1.7 s; peak memory 7205 MiB.
2026-10-09T10:29:56Z INFO [753/2500] be6fa500-ae35-4450-8ae3-8d0cbd9f8770: valid; 2.6 s; peak memory 7205 MiB.
2026-10-09T10:29:59Z INFO [754/2500] be6fe2b5-1f83-44f6-ae73-cd71f17b415f: valid; 2.5 s; peak memory 7205 MiB.
2026-10-09T10:30:00Z INFO [755/2500] be6fe704-44f2-4dc0-b829-1245ba519680: valid; 1.2 s; peak memory 7205 MiB.
2026-10-09T10:30:02Z INFO [756/2500] be703239-a371-4135-a294-135e7f158d0e: not valid; 1.9 s; peak memory 7205 MiB.
2026-10-09T10:30:03Z INFO [757/2500] be704fbf-b1a3-40d9-8198-4f2d6bc35d79: valid; 1.1 s; peak memory 7205 MiB.
2026-10-09T10:30:21Z INFO [758/2500] be70c769-02f3-448e-b395-74864212ae3d: valid; 17.9 s; peak memory 7205 MiB.
2026-10-09T10:30:22Z INFO [759/2500] be70e1fe-7842-4a2e-bef5-32487dce5de7: valid; 1.1 s; peak memory 7205 MiB.
2026-10-09T10:30:25Z INFO [760/2500] be70ec16-2a5b-4244-b54b-57f878b4ff12: valid; 3.5 s; peak memory 7205 MiB.
2026-10-09T10:30:34Z INFO [761/2500] be70f160-2d8f-4a4d-911f-5c5e9c5c984e: valid; 8.7 s; peak memory 7205 MiB.
2026-10-09T10:30:36Z INFO [762/2500] be711d5a-3be4-4ab5-aa28-70d0e8f9ceeb: valid; 1.8 s; peak memory 7205 MiB.
2026-10-09T10:30:38Z INFO [763/2500] be71ff07-3a8f-4fd2-8089-85151006e737: not valid; 1.9 s; peak memory 7205 MiB.
2026-10-09T10:30:40Z INFO [764/2500] be7200e0-4447-48e2-9865-5cbdc7f24279: valid; 1.9 s; peak memory 7205 MiB.
2026-10-09T10:30:44Z INFO [765/2500] be72e296-939d-4f37-a360-c0021c120160: valid; 4.6 s; peak memory 7205 MiB.
2026-10-09T10:30:51Z INFO [766/2500] be72ee39-dfb6-4fbd-a39c-196deee3e872: not valid; 6.7 s; peak memory 7205 MiB.
2026-10-09T10:30:52Z INFO [767/2500] be72ef11-0a55-4966-80b4-4fa084870466: valid; 1.3 s; peak memory 7205 MiB.
2026-10-09T10:30:55Z INFO [768/2500] be73dfd1-389d-4faf-b854-ccadafbd8e9a: valid; 2.2 s; peak memory 7205 MiB.
2026-10-09T10:30:56Z INFO [769/2500] be73f581-92ab-4295-949e-0e8fef847039: valid; 1.1 s; peak memory 7205 MiB.
2026-10-09T10:30:57Z INFO [770/2500] be74471d-8f59-4073-9abe-70deb485cb9f: not valid; 1.6 s; peak memory 7205 MiB.
2026-10-09T10:30:58Z INFO [771/2500] be745e87-d7ae-4447-a4d4-caa57c69a9b9: valid; 1.3 s; peak memory 7205 MiB.
2026-10-09T10:31:02Z INFO [772/2500] be74809e-530b-4499-a511-b7599e0570b6: not valid; 3.5 s; peak memory 7205 MiB.
2026-10-09T10:31:04Z INFO [773/2500] be748391-b949-4070-a2b3-6cad78821809: valid; 2.1 s; peak memory 7205 MiB.
2026-10-09T10:31:06Z INFO [774/2500] be74aa99-7804-4258-aa64-c8c2e4b76dcd: valid; 2.2 s; peak memory 7205 MiB.
2026-10-09T10:31:13Z INFO [775/2500] be74b9c9-cc0c-45f5-886c-0cbe6d892d4d: valid; 7.1 s; peak memory 7205 MiB.
2026-10-09T10:31:15Z INFO [776/2500] be74fd03-8d7b-4660-b121-78d5dc6d422f: valid; 1.8 s; peak memory 7205 MiB.
2026-10-09T10:31:15Z WARNING be754b8d-8129-4388-9d45-4c690463b6ac: failed while retrieving asset information from the DANDI API (NotFoundError: No asset at path 'sub-parkinson-simulated-beta/sub-parkinson-simulated-beta_ses-2845_ecephys.nwb' in version 0.250327.2220. Verify the path is correct and the asset exists in this version. Use 'dandi ls' to list available assets.)
2026-10-09T10:31:17Z INFO [778/2500] be757739-0be7-4c16-b635-3ee4a80e7257: not valid; 1.4 s; peak memory 7205 MiB.
2026-10-09T10:31:20Z INFO [779/2500] be75c802-3f09-476b-a5e6-1e843c20c8e9: not valid; 3.7 s; peak memory 7205 MiB.
2026-10-09T10:31:22Z INFO [780/2500] be762098-af6a-4e72-9ca6-9edd63f83a07: valid; 1.9 s; peak memory 7205 MiB.
2026-10-09T10:31:24Z INFO [781/2500] be762cc5-9beb-414f-8827-07f3f07c0c13: valid; 1.4 s; peak memory 7205 MiB.
2026-10-09T10:31:25Z INFO [782/2500] be771dbb-2a23-4c69-8128-2d9f79be4470: not valid; 1.5 s; peak memory 7205 MiB.
2026-10-09T10:31:25Z WARNING be77d8ea-5958-42af-b051-cd786f86c885: failed while retrieving asset information from the DANDI API (NotFoundError: No asset at path 'sub-healthy-simulated-lfp/sub-healthy-simulated-lfp_ses-2081_ecephys.nwb' in version 0.250327.2220. Verify the path is correct and the asset exists in this version. Use 'dandi ls' to list available assets.)
2026-10-09T10:31:30Z INFO [784/2500] be780aa9-482e-4ebf-9632-9f6ef187e7f9: valid; 4.8 s; peak memory 7205 MiB.
2026-10-09T10:31:32Z INFO [785/2500] be788970-9c4d-40cc-b4dd-f7c0574249e4: not valid; 1.6 s; peak memory 7205 MiB.
2026-10-09T10:31:33Z WARNING be7891fa-d466-40df-aae4-00c19793ba1e: failed while opening the NWB file (ConstructError: (root/acquisition/_iblmic_audioSpectrogram/bands GroupBuilder {'attributes': {'colnames': array(['freq'], dtype=object), 'description': 'spectogram frequencies', 'namespace': 'core', 'neurodata_type': 'FrequencyBandsTable', 'object_id': 'd4534d4c-a21c-43c0-8671-6451da543e44'}, 'groups': {}, 'datasets': {'freq': root/acquisition/_iblmic_audioSpectrogram/bands/freq DatasetBuilder {'attributes': {'description': 'frequency value', 'namespace': 'hdmf-common', 'neurodata_type': 'VectorData', 'object_id': '9d25fff3-5f3c-4b6c-8266-5fbc71c68687'}, 'data': <HDF5 dataset "freq": shape (257,), type "<f4">}, 'id': root/acquisition/_iblmic_audioSpectrogram/bands/id DatasetBuilder {'attributes': {'namespace': 'hdmf-common', 'neurodata_type': 'ElementIdentifiers', 'object_id': '98b97063-77aa-420c-ac02-8a76981f902a'}, 'data': <HDF5 dataset "id": shape (257,), type "<i4">}}, 'links': {}}, "Could not construct FrequencyBandsTable object due to: column must have the same number of rows as 'id'"))
2026-10-09T10:31:35Z INFO [787/2500] be78a325-2d7c-4614-bc5a-84e951631a70: valid; 2.1 s; peak memory 7322 MiB.
2026-10-09T10:31:37Z INFO [788/2500] be78ae03-aed3-451f-8e52-3f05b7668a48: valid; 1.7 s; peak memory 7322 MiB.
2026-10-09T10:31:40Z INFO [789/2500] be78c38f-2ed3-406a-a502-61d4e3107f01: valid; 2.6 s; peak memory 7322 MiB.
2026-10-09T10:33:55Z INFO [790/2500] be78f00e-262a-4665-aa39-978272afb1bd: valid; 135.4 s; peak memory 7844 MiB.
2026-10-09T10:34:03Z INFO [791/2500] be792344-5efd-46a5-bebb-2e5146d68059: valid; 8.3 s; peak memory 8011 MiB.
2026-10-09T10:34:05Z INFO [792/2500] be7a42b6-8192-4d92-bb6f-b1413f593c10: valid; 1.8 s; peak memory 8012 MiB.
2026-10-09T10:34:09Z INFO [793/2500] be7a5964-df23-4b6c-8dd4-4051ff5761f0: valid; 3.4 s; peak memory 8012 MiB.
2026-10-09T10:34:10Z INFO [794/2500] be7a7bd8-0470-497d-a80c-0fdc48cbcd05: valid; 1.4 s; peak memory 8012 MiB.
2026-10-09T10:34:11Z INFO [795/2500] be7addd6-4d86-40a0-86a1-6117a79318e1: valid; 1.3 s; peak memory 8012 MiB.
2026-10-09T10:34:14Z INFO [796/2500] be7b87df-fcbc-416c-95bd-641c7d4d91fb: valid; 3.0 s; peak memory 8012 MiB.
2026-10-09T10:34:15Z INFO [797/2500] be7be10b-a449-498e-95cb-5a858679dcfb: valid; 1.0 s; peak memory 8012 MiB.
2026-10-09T10:34:28Z INFO [798/2500] be7bf68a-d0d4-4185-b302-07bba59caba2: valid; 12.4 s; peak memory 8012 MiB.
2026-10-09T10:34:31Z INFO [799/2500] be7bfdc5-05fc-4b24-ae20-9222563b8b8e: not valid; 3.4 s; peak memory 8012 MiB.
2026-10-09T10:34:33Z INFO [800/2500] be7c5055-7ed6-4cb4-9474-4099a55648cb: not valid; 1.7 s; peak memory 8012 MiB.
2026-10-09T10:34:34Z INFO [800/2500] be7c5055-7ed6-4cb4-9474-4099a55648cb: checkpointed 189310 new records.
2026-10-09T10:34:39Z INFO [801/2500] be7dbfa2-fb74-4394-ad7d-d2ab658bfacb: not valid; 5.1 s; peak memory 8012 MiB.
2026-10-09T10:34:42Z WARNING be7eb00b-1e6c-4fd7-aff6-dd8ae87cd402: failed while opening the NWB file (ConstructError: (root/general/optogenetics/PatternedOptogeneticStimulusSite GroupBuilder {'attributes': {'effector': 'GUR-3/PRDX-2', 'namespace': 'ndx-patterned-ogen', 'neurodata_type': 'PatternedOptogeneticStimulusSite', 'object_id': 'c2acfd0c-de7c-4066-86c6-38ccb55a4780'}, 'groups': {}, 'datasets': {'description': root/general/optogenetics/PatternedOptogeneticStimulusSite/description DatasetBuilder {'attributes': {}, 'data': 'Scanning'}, 'excitation_lambda': root/general/optogenetics/PatternedOptogeneticStimulusSite/excitation_lambda DatasetBuilder {'attributes': {}, 'data': np.float64(850.0)}, 'location': root/general/optogenetics/PatternedOptogeneticStimulusSite/location DatasetBuilder {'attributes': {}, 'data': 'whole brain'}}, 'links': {'device': root/general/optogenetics/PatternedOptogeneticStimulusSite/device LinkBuilder {'builder': root/general/devices/OptogeneticDevice GroupBuilder {'attributes': {'description': '', 'namespace': 'core', 'neurodata_type': 'Device', 'object_id': 'c6b0e8d8-2c8c-432f-9860-c27f3b935e94'}, 'groups': {}, 'datasets': {}, 'links': {}}}, 'light_source': root/general/optogenetics/PatternedOptogeneticStimulusSite/light_source LinkBuilder {'builder': root/general/devices/AmplifiedLaser GroupBuilder {'attributes': {'description': 'For two-photon optogenetic targeting, we used an optical parametric amplifier (OPA; Light Conversion ORPHEUS) pumped by a femtosecond amplified laser (Light Conversion PHAROS).', 'filter_description': 'Short pass at 1040 nm', 'manufacturer': 'Light Conversion', 'model': 'ORPHEUS amplifier and PHAROS laser', 'namespace': 'ndx-patterned-ogen', 'neurodata_type': 'LightSource', 'object_id': '3c24e729-2c6c-4abb-a029-6a0db62ed568', 'peak_power_in_W': np.float64(0.0012), 'pulse_rate_in_Hz': np.float64(500000.0), 'stimulation_wavelength_in_nm': np.float64(850.0)}, 'groups': {}, 'datasets': {}, 'links': {}}}}}, "Could not construct PatternedOptogeneticStimulusSite object due to: CustomClassGenerator.set_init.<locals>.__init__: incorrect type for 'spatial_light_modulator' (got 'list', expected 'Device')"))
2026-10-09T10:34:43Z INFO [803/2500] be7ec9ba-59e1-4deb-a61f-88dbd308e145: valid; 1.3 s; peak memory 8165 MiB.
2026-10-09T10:34:46Z INFO [804/2500] be8022e2-3d71-49f5-aa39-af21efbab0c2: valid; 2.4 s; peak memory 8165 MiB.
2026-10-09T10:34:48Z INFO [805/2500] be806eb2-2f9f-4597-8922-6f88a109f04f: not valid; 2.4 s; peak memory 8165 MiB.
2026-10-09T10:35:02Z INFO [806/2500] be80bd52-06b7-4f03-9bdb-28c92e8acf9c: valid; 14.3 s; peak memory 8165 MiB.
2026-10-09T10:35:06Z INFO [807/2500] be80f88f-87f3-4828-9d24-80d8508489fb: not valid; 3.8 s; peak memory 8165 MiB.
2026-10-09T10:35:14Z INFO [808/2500] be82a65b-f5bb-4536-bbe1-c42799389d19: valid; 7.8 s; peak memory 8165 MiB.
2026-10-09T10:35:15Z INFO [809/2500] be82c9fb-ba9d-47f8-8320-b4593692ffcc: valid; 1.3 s; peak memory 8165 MiB.
2026-10-09T10:35:48Z INFO [810/2500] be82cb50-34ef-4471-98c0-c0a4e8d12609: valid; 32.9 s; peak memory 8165 MiB.
2026-10-09T10:35:49Z INFO [811/2500] be832303-21ab-4250-b00a-864243af3263: valid; 1.0 s; peak memory 8165 MiB.
2026-10-09T10:35:51Z INFO [812/2500] be84ad98-1252-4513-ab1a-c69979e58727: valid; 2.2 s; peak memory 8165 MiB.
2026-10-09T10:35:59Z INFO [813/2500] be84f5e2-376c-487f-a9e1-20a52d8ecee8: valid; 8.3 s; peak memory 8165 MiB.
2026-10-09T10:36:01Z INFO [814/2500] be84f801-ef13-4b0b-b1c6-feb7f6df4a78: valid; 1.8 s; peak memory 8165 MiB.
2026-10-09T10:36:03Z INFO [815/2500] be857292-53bb-4f17-85ee-6ff1f4a02992: valid; 1.4 s; peak memory 8165 MiB.
2026-10-09T10:36:04Z INFO [816/2500] be85f9d6-8f93-461e-b443-bb0972476fe2: valid; 1.2 s; peak memory 8165 MiB.
2026-10-09T10:36:06Z INFO [817/2500] be85fa51-c4fa-4214-b879-969d006fce69: valid; 2.2 s; peak memory 8165 MiB.
2026-10-09T10:36:07Z INFO [818/2500] be862fde-479b-4ad5-9b91-8745d46fd49b: valid; 1.3 s; peak memory 8165 MiB.
2026-10-09T10:36:12Z INFO [819/2500] be8670d1-696d-4149-aa78-232431006f2b: valid; 4.6 s; peak memory 8165 MiB.
2026-10-09T10:36:14Z INFO [820/2500] be868f9c-87af-4881-9a76-24b39651bb75: valid; 1.8 s; peak memory 8165 MiB.
2026-10-09T10:36:32Z INFO [821/2500] be86d428-3374-4995-9da0-5e8106c8b5d6: valid; 18.2 s; peak memory 8165 MiB.
2026-10-09T10:36:34Z INFO [822/2500] be87c285-9fbf-4911-a760-e46ed2a1fa03: valid; 2.5 s; peak memory 8165 MiB.
2026-10-09T10:36:37Z INFO [823/2500] be88d061-fb15-4d8d-abae-468502955371: valid; 2.3 s; peak memory 8165 MiB.
2026-10-09T10:36:44Z INFO [824/2500] be89279b-dca7-4f49-a4d2-13418f97160f: valid; 7.4 s; peak memory 8165 MiB.
2026-10-09T10:36:46Z INFO [825/2500] be89a103-153b-482f-8bc2-36a052545f37: valid; 2.0 s; peak memory 8165 MiB.
2026-10-09T10:36:48Z INFO [826/2500] be89b4d3-0a7c-479d-96ce-95157ecf306b: valid; 1.7 s; peak memory 8165 MiB.
2026-10-09T10:36:49Z INFO [827/2500] be89d45c-17f2-4eb0-bf01-342b73015ba2: not valid; 1.0 s; peak memory 8165 MiB.
2026-10-09T10:36:51Z INFO [828/2500] be89f857-8ac7-49a7-9d83-c9d331b22acc: valid; 2.5 s; peak memory 8165 MiB.
2026-10-09T10:36:53Z INFO [829/2500] be8a16c1-7a16-413f-9757-7824ded7d570: not valid; 1.5 s; peak memory 8165 MiB.
2026-10-09T10:37:02Z INFO [830/2500] be8a7f92-5fda-42f5-83c4-db7b552cd376: valid; 9.0 s; peak memory 8165 MiB.
2026-10-09T10:37:04Z INFO [831/2500] be8bbc76-424e-4f58-9ced-b6f7478aa338: valid; 1.8 s; peak memory 8165 MiB.
2026-10-09T10:37:05Z INFO [832/2500] be8c1098-9756-43a8-af84-3586fa29d8de: valid; 1.3 s; peak memory 8165 MiB.
2026-10-09T10:37:12Z INFO [833/2500] be8c3aca-1279-4f9b-8926-08dbeef86e23: valid; 7.6 s; peak memory 8165 MiB.
2026-10-09T10:37:29Z INFO [834/2500] be8cd772-95a2-430d-bde0-516a0876c6f4: valid; 16.8 s; peak memory 8165 MiB.
2026-10-09T10:37:31Z INFO [835/2500] be8ce6c9-2f7a-4fff-8b21-dd86667e0a8c: valid; 1.3 s; peak memory 8165 MiB.
2026-10-09T10:37:32Z INFO [836/2500] be8ceba8-aaa1-46df-ad01-d6f8a9346322: valid; 1.9 s; peak memory 8165 MiB.
2026-10-09T10:37:35Z INFO [837/2500] be8d09c3-02fe-41ab-9d17-b30310f58c7e: valid; 2.7 s; peak memory 8165 MiB.
2026-10-09T10:37:36Z INFO [838/2500] be8d2d88-f630-47ad-94eb-6b5fa9a2e479: valid; 1.2 s; peak memory 8165 MiB.
2026-10-09T10:37:40Z INFO [839/2500] be8d9b47-8f62-4775-862f-a15d49fa3e8e: not valid; 3.5 s; peak memory 8165 MiB.
2026-10-09T10:37:41Z INFO [840/2500] be8de403-7a02-4307-ba97-02c1c276df4c: valid; 1.2 s; peak memory 8165 MiB.
2026-10-09T10:37:43Z INFO [841/2500] be8e2f16-6891-4d55-b36c-2e76b885035b: valid; 1.7 s; peak memory 8165 MiB.
2026-10-09T10:37:50Z INFO [842/2500] be8e4cca-e261-4ae5-b74f-f773fd19f103: valid; 7.8 s; peak memory 8165 MiB.
2026-10-09T10:37:52Z INFO [843/2500] be8fa5fc-a7e7-4212-a94b-466921acafa8: valid; 1.7 s; peak memory 8165 MiB.
2026-10-09T10:38:01Z INFO [844/2500] be8fa923-fc02-40c2-8bd5-462d3093d591: valid; 9.1 s; peak memory 8165 MiB.
2026-10-09T10:38:04Z INFO [845/2500] be8fdf2a-ed4e-4970-9b72-a86533dbbda8: valid; 2.6 s; peak memory 8165 MiB.
2026-10-09T10:38:06Z INFO [846/2500] be908f08-8d5c-4a43-b9b7-295572d4ffe1: not valid; 1.8 s; peak memory 8165 MiB.
2026-10-09T10:38:09Z INFO [847/2500] be90a525-d477-4057-8c06-17f9f4a420bd: valid; 3.0 s; peak memory 8165 MiB.
2026-10-09T10:38:10Z WARNING be90c4ca-7043-4831-a7ff-1e08907171dc: failed while opening the NWB file (ConstructError: (root/acquisition/_iblmic_audioSpectrogram/bands GroupBuilder {'attributes': {'colnames': array(['freq'], dtype=object), 'description': 'spectogram frequencies', 'namespace': 'core', 'neurodata_type': 'FrequencyBandsTable', 'object_id': '50ab9712-44ec-4cb7-8e27-4ef0675b4bdc'}, 'groups': {}, 'datasets': {'freq': root/acquisition/_iblmic_audioSpectrogram/bands/freq DatasetBuilder {'attributes': {'description': 'frequency value', 'namespace': 'hdmf-common', 'neurodata_type': 'VectorData', 'object_id': '2befba8c-dd7f-403b-b393-4c9f723be2a5'}, 'data': <HDF5 dataset "freq": shape (257,), type "<f4">}, 'id': root/acquisition/_iblmic_audioSpectrogram/bands/id DatasetBuilder {'attributes': {'namespace': 'hdmf-common', 'neurodata_type': 'ElementIdentifiers', 'object_id': 'ce543463-32cc-4321-b059-3c77ab0f76f0'}, 'data': <HDF5 dataset "id": shape (257,), type "<i4">}}, 'links': {}}, "Could not construct FrequencyBandsTable object due to: column must have the same number of rows as 'id'"))
2026-10-09T10:38:12Z INFO [849/2500] be914ca4-a16e-4199-b103-f4a0c8ecb019: valid; 1.7 s; peak memory 8174 MiB.
2026-10-09T10:38:14Z WARNING be92115a-abb1-47c2-81e5-5b93c3995d7c: failed while opening the NWB file (ConstructError: (root/acquisition/_iblmic_audioSpectrogram/bands GroupBuilder {'attributes': {'colnames': array(['freq'], dtype=object), 'description': 'spectogram frequencies', 'namespace': 'core', 'neurodata_type': 'FrequencyBandsTable', 'object_id': 'b6b22408-f37a-41ef-83a9-3931dd88b7e6'}, 'groups': {}, 'datasets': {'freq': root/acquisition/_iblmic_audioSpectrogram/bands/freq DatasetBuilder {'attributes': {'description': 'frequency value', 'namespace': 'hdmf-common', 'neurodata_type': 'VectorData', 'object_id': '7b04c0ce-c6de-49e2-9383-a941aeab72cd'}, 'data': <HDF5 dataset "freq": shape (257,), type "<f4">}, 'id': root/acquisition/_iblmic_audioSpectrogram/bands/id DatasetBuilder {'attributes': {'namespace': 'hdmf-common', 'neurodata_type': 'ElementIdentifiers', 'object_id': '09997e6d-364d-4a2b-98e4-49094377288c'}, 'data': <HDF5 dataset "id": shape (257,), type "<i4">}}, 'links': {}}, "Could not construct FrequencyBandsTable object due to: column must have the same number of rows as 'id'"))
2026-10-09T10:38:15Z INFO [850/2500] be92115a-abb1-47c2-81e5-5b93c3995d7c: checkpointed 189360 new records.
2026-10-09T10:38:16Z INFO [851/2500] be92427c-894a-4389-91c2-965f8541782e: valid; 1.3 s; peak memory 8174 MiB.
2026-10-09T10:38:19Z INFO [852/2500] be927927-a8a4-42ca-be95-790ccd4691c8: valid; 2.3 s; peak memory 8174 MiB.
2026-10-09T10:38:21Z INFO [853/2500] be9290eb-e98a-4641-9ada-f7aba7432762: valid; 1.7 s; peak memory 8174 MiB.
2026-10-09T10:38:25Z INFO [854/2500] be93225d-737d-40f7-b6e8-7c05161293ab: valid; 4.6 s; peak memory 8174 MiB.
2026-10-09T10:38:27Z INFO [855/2500] be937980-b508-40e3-a132-cf5151315d32: valid; 1.6 s; peak memory 8174 MiB.
2026-10-09T10:38:29Z INFO [856/2500] be93ae71-a7a8-41e3-9e21-a24fe2043418: valid; 1.8 s; peak memory 8174 MiB.
2026-10-09T10:38:46Z INFO [857/2500] be93f8b1-122f-4fc9-b7b9-6c58ac28745c: valid; 17.7 s; peak memory 8174 MiB.
2026-10-09T10:39:04Z INFO [858/2500] be940f94-10d4-42aa-a6b3-91dc47e5cb7b: valid; 17.5 s; peak memory 8174 MiB.
2026-10-09T10:39:05Z INFO [859/2500] be941fe5-bc4a-4625-a5c5-4aea638a5079: not valid; 1.5 s; peak memory 8174 MiB.
2026-10-09T10:39:09Z INFO [860/2500] be94d2ab-cea9-4048-bc88-35f49f1495e6: valid; 3.4 s; peak memory 8174 MiB.
2026-10-09T10:39:11Z INFO [861/2500] be94e409-9681-4750-b2f2-393b055072a6: valid; 2.0 s; peak memory 8174 MiB.
2026-10-09T10:39:13Z INFO [862/2500] be95560f-6034-4f9e-9de3-4269ad500776: valid; 2.1 s; peak memory 8174 MiB.
2026-10-09T10:39:14Z INFO [863/2500] be95639d-a5c8-4539-b1c5-f7abbbb5007d: valid; 1.3 s; peak memory 8174 MiB.
2026-10-09T10:39:17Z INFO [864/2500] be9573dd-fabb-4982-a997-9d6bd620be9c: valid; 3.0 s; peak memory 8174 MiB.
2026-10-09T10:39:23Z INFO [865/2500] be9616f0-c0cc-4319-babf-ca69b109f489: not valid; 5.7 s; peak memory 8174 MiB.
2026-10-09T10:39:38Z INFO [866/2500] be9653c0-d3f1-4cf9-9f59-aa133c487f46: valid; 15.3 s; peak memory 8174 MiB.
2026-10-09T10:39:39Z INFO [867/2500] be965c18-6453-4238-a1f4-1acd81ab3cc1: not valid; 1.4 s; peak memory 8174 MiB.
2026-10-09T10:39:40Z WARNING be96f630-a6ea-4e60-be86-914a4ca6a4cd: failed while retrieving asset information from the DANDI API (NotFoundError: No such Dandiset: 001533)
2026-10-09T10:39:40Z WARNING be970e81-00f6-447a-b563-7b7476221b29: failed while opening the NWB file (PathNotFoundError: nothing found at path '')
2026-10-09T10:39:42Z INFO [870/2500] be970f1e-639c-4787-b605-3f9a4be07b87: valid; 1.3 s; peak memory 8174 MiB.
2026-10-09T10:39:45Z INFO [871/2500] be973d27-37ff-4f65-a298-1edf1ab3775c: valid; 2.7 s; peak memory 8174 MiB.
2026-10-09T10:39:48Z INFO [872/2500] be9804bf-f79c-468e-955f-89faa50d7fb7: valid; 3.2 s; peak memory 8174 MiB.
2026-10-09T10:39:50Z INFO [873/2500] be984a05-60f8-408b-8272-8cbcb900f530: valid; 2.5 s; peak memory 8174 MiB.
2026-10-09T10:39:52Z INFO [874/2500] be994fcb-89c6-4494-8810-c8ab9302c977: valid; 1.8 s; peak memory 8174 MiB.
2026-10-09T10:40:04Z INFO [875/2500] be99f619-36bc-4eeb-9d7c-e6f380bf40c1: not valid; 11.8 s; peak memory 8174 MiB.
2026-10-09T10:40:05Z INFO [876/2500] be9a9fb5-1326-4443-808e-75d427962621: valid; 1.0 s; peak memory 8174 MiB.
2026-10-09T10:40:08Z INFO [877/2500] be9b7df2-f5f3-4d5a-94da-a29ec092967e: valid; 3.6 s; peak memory 8174 MiB.
2026-10-09T10:40:10Z INFO [878/2500] be9c0a94-9dc5-482c-9a2e-0166cb290e11: valid; 1.3 s; peak memory 8174 MiB.
2026-10-09T10:40:12Z INFO [879/2500] be9ca015-c318-4fbc-82a0-27dd9f2c7615: valid; 2.3 s; peak memory 8174 MiB.
2026-10-09T10:40:13Z INFO [880/2500] be9cb8db-8429-4524-a373-649fcca981ee: valid; 1.2 s; peak memory 8174 MiB.
2026-10-09T10:40:15Z INFO [881/2500] be9cd67b-3e8c-41c1-9ba6-de9f59c40864: valid; 1.9 s; peak memory 8174 MiB.
2026-10-09T10:40:17Z INFO [882/2500] be9d022a-b8e1-48bb-9297-d3a88ad69761: valid; 1.8 s; peak memory 8174 MiB.
2026-10-09T10:40:20Z INFO [883/2500] be9d676f-ed74-407a-9546-8b6b6e46aaef: valid; 3.0 s; peak memory 8174 MiB.
2026-10-09T10:40:22Z INFO [884/2500] be9f2c07-9bcf-4c3f-868e-0f1141fd5704: valid; 2.3 s; peak memory 8174 MiB.
2026-10-09T10:40:26Z INFO [885/2500] be9f4ae6-c5f0-4ce0-840a-fa690dcb75d4: valid; 3.3 s; peak memory 8174 MiB.
2026-10-09T10:40:27Z INFO [886/2500] bea060c8-7958-4261-b32e-41db797d8d14: valid; 1.2 s; peak memory 8174 MiB.
2026-10-09T10:40:28Z INFO [887/2500] bea06341-6e03-4491-8453-2100194423c6: valid; 1.3 s; peak memory 8174 MiB.
2026-10-09T10:40:31Z INFO [888/2500] bea14b62-0824-4454-a088-671819853300: valid; 2.5 s; peak memory 8174 MiB.
2026-10-09T10:40:33Z INFO [889/2500] bea176c4-6ced-4fca-85f9-cd95c54c0dc4: valid; 2.6 s; peak memory 8174 MiB.
2026-10-09T10:40:35Z INFO [890/2500] bea2c9b0-fd99-4321-9358-ca332dc5bcab: not valid; 1.5 s; peak memory 8174 MiB.
2026-10-09T10:40:36Z INFO [891/2500] bea2f592-6d53-451a-be6f-5050bd41ecdb: valid; 1.7 s; peak memory 8174 MiB.
2026-10-09T10:40:43Z INFO [892/2500] bea4f814-50e7-4b70-8b80-84fd9700c34d: valid; 6.7 s; peak memory 8174 MiB.
2026-10-09T10:41:00Z INFO [893/2500] bea50758-c32b-4ed2-b570-2e4ff0efba98: not valid; 16.7 s; peak memory 8174 MiB.
2026-10-09T10:41:03Z INFO [894/2500] bea50c69-764e-4b9e-8c77-ead29081213a: not valid; 2.8 s; peak memory 8174 MiB.
2026-10-09T10:41:05Z INFO [895/2500] bea5cb57-0caf-4277-975f-66be30ee6f5a: valid; 2.5 s; peak memory 8174 MiB.
2026-10-09T10:41:06Z INFO [896/2500] bea603e0-3f6a-49b2-b8d9-1ffa05b8525d: valid; 1.1 s; peak memory 8174 MiB.
2026-10-09T10:41:06Z WARNING bea6577e-8772-47fe-911a-ad0e33cb05d5: failed while retrieving asset information from the DANDI API (NotFoundError: No asset at path '409828_2018-11-29_13-42-04.nwb.zarr' in version draft. Verify the path is correct and the asset exists in this version. Use 'dandi ls' to list available assets.)
2026-10-09T10:41:08Z INFO [898/2500] bea6a862-f492-4594-accd-56bff27b48bc: not valid; 1.5 s; peak memory 8174 MiB.
2026-10-09T10:41:09Z INFO [899/2500] bea7a86f-8120-4965-bcf4-856b3295a7a0: valid; 1.3 s; peak memory 8174 MiB.
2026-10-09T10:41:15Z INFO [900/2500] bea7bb9d-ba79-48e7-86ea-4a7259774c2d: not valid; 5.9 s; peak memory 8174 MiB.
2026-10-09T10:41:16Z INFO [900/2500] bea7bb9d-ba79-48e7-86ea-4a7259774c2d: checkpointed 189410 new records.
2026-10-09T10:41:45Z INFO [901/2500] bea806f1-5d1d-4d14-9eb1-b7a5a9d1676e: valid; 28.6 s; peak memory 8174 MiB.
2026-10-09T10:41:46Z INFO [902/2500] bea95618-85d8-4069-b46c-82097379a186: valid; 1.3 s; peak memory 8174 MiB.
2026-10-09T10:41:47Z INFO [903/2500] bea99f92-f999-4b09-8b5b-3c1906d7b1d5: not valid; 1.4 s; peak memory 8174 MiB.
2026-10-09T10:42:02Z INFO [904/2500] bea9d520-7b46-463f-a248-f7addc3ba78c: not valid; 15.0 s; peak memory 8217 MiB.
2026-10-09T10:42:05Z INFO [905/2500] bea9f0e9-8cb3-4f87-b67e-062af7acab1a: valid; 2.1 s; peak memory 8218 MiB.
2026-10-09T10:42:09Z INFO [906/2500] beabdcd9-9a0c-47ee-be67-a45307e8d9bc: valid; 4.8 s; peak memory 8223 MiB.
2026-10-09T10:42:12Z INFO [907/2500] beabe1e7-2736-436c-9f82-377d72729ba6: valid; 2.3 s; peak memory 8225 MiB.
2026-10-09T10:42:13Z INFO [908/2500] beac1c2e-8500-4ef9-8a48-6e27230a73ff: not valid; 1.5 s; peak memory 8226 MiB.
2026-10-09T10:42:15Z INFO [909/2500] beac3693-889b-43f0-89f4-75db2368c2da: valid; 1.8 s; peak memory 8229 MiB.
2026-10-09T10:42:17Z INFO [910/2500] beaccde4-8f96-4231-b119-6167b41ca36f: not valid; 1.7 s; peak memory 8231 MiB.
2026-10-09T10:42:23Z INFO [911/2500] beacf057-7b69-4495-b2a3-060e97314e3b: not valid; 6.7 s; peak memory 8234 MiB.
2026-10-09T10:42:25Z INFO [912/2500] beacf9b8-aaed-4825-a17e-85c2d895ac3d: not valid; 1.9 s; peak memory 8234 MiB.
2026-10-09T10:42:27Z INFO [913/2500] bead2433-46d2-42ef-bf00-8fc7df2b1a02: valid; 1.3 s; peak memory 8234 MiB.
2026-10-09T10:42:28Z INFO [914/2500] bead926e-d3e0-4102-9a96-06c18f10970b: valid; 1.7 s; peak memory 8234 MiB.
2026-10-09T10:42:29Z INFO [915/2500] beae5a2d-15b2-41b1-8b67-dab6ff995729: valid; 1.0 s; peak memory 8234 MiB.
2026-10-09T10:42:31Z INFO [916/2500] beaeae86-d66b-4481-b693-4cc48f2934fe: not valid; 1.4 s; peak memory 8234 MiB.
2026-10-09T10:42:33Z INFO [917/2500] beaed288-241f-44a3-891c-daa213b3fc39: valid; 2.0 s; peak memory 8234 MiB.
2026-10-09T10:43:48Z INFO [918/2500] beaf16b6-009b-45af-851b-9dcb23d2a301: valid; 74.8 s; peak memory 8430 MiB.
2026-10-09T10:44:00Z INFO [919/2500] beaf1aad-5dcb-42d8-aa58-a1ce6067b65d: valid; 12.6 s; peak memory 8593 MiB.
2026-10-09T10:44:02Z INFO [920/2500] beaf36af-50cb-49f7-9635-d035cf1a2199: not valid; 2.1 s; peak memory 8593 MiB.
2026-10-09T10:44:04Z INFO [921/2500] beaf8360-090f-4ea8-a14f-29ff1779051f: valid; 1.3 s; peak memory 8593 MiB.
2026-10-09T10:44:06Z INFO [922/2500] beafa763-4587-49f8-9b6c-fddd491feede: valid; 2.0 s; peak memory 8594 MiB.
2026-10-09T10:44:08Z INFO [923/2500] beb00289-ab5c-4d0f-808f-53c506f56969: valid; 2.3 s; peak memory 8599 MiB.
2026-10-09T10:44:09Z INFO [924/2500] beb05a82-4336-4748-b290-9f83512c9efe: valid; 1.3 s; peak memory 8599 MiB.
2026-10-09T10:44:12Z INFO [925/2500] beb07d5c-7878-40f3-888d-5831ba3972dd: valid; 3.3 s; peak memory 8606 MiB.
2026-10-09T10:44:14Z INFO [926/2500] beb0b8c6-7cbe-4cb0-b1c9-e90cc8c64df1: valid; 1.6 s; peak memory 8606 MiB.
2026-10-09T10:44:15Z INFO [927/2500] beb0e485-4161-496e-9607-456b2163d95d: valid; 1.4 s; peak memory 8606 MiB.
2026-10-09T10:44:26Z INFO [928/2500] beb11092-668f-45b1-824c-c53594791fdf: valid; 10.3 s; peak memory 8716 MiB.
2026-10-09T10:44:27Z INFO [929/2500] beb11eab-398a-4763-a4f8-644ba7009fe8: not valid; 1.8 s; peak memory 8716 MiB.
2026-10-09T10:44:30Z INFO [930/2500] beb15cc5-c2ff-4d4b-bbc3-6c9c0d2f9afd: valid; 2.1 s; peak memory 8716 MiB.
2026-10-09T10:44:30Z WARNING beb1bab3-e58e-4363-968a-522e7f2397ca: failed while retrieving asset information from the DANDI API (NotFoundError: No such Dandiset: 000948)
2026-10-09T10:44:31Z INFO [932/2500] beb1cfdb-e8a8-40bf-987a-0c9d35730295: valid; 1.3 s; peak memory 8716 MiB.
2026-10-09T10:44:33Z INFO [933/2500] beb2223b-e53a-4155-8e71-9b8fb8b24db8: valid; 1.9 s; peak memory 8716 MiB.
2026-10-09T10:44:36Z INFO [934/2500] beb28017-c9f6-496c-8865-f2d9452d1a69: valid; 3.6 s; peak memory 8716 MiB.
2026-10-09T10:44:44Z INFO [935/2500] beb491a5-423b-4b80-9b3f-d998ce0c35a4: valid; 7.6 s; peak memory 8716 MiB.
2026-10-09T10:44:46Z INFO [936/2500] beb4ca81-c539-48ff-a4fa-942dc2e80099: valid; 1.9 s; peak memory 8716 MiB.
2026-10-09T10:44:48Z INFO [937/2500] beb4f91b-1762-4406-abd9-325aeae34e63: valid; 2.0 s; peak memory 8716 MiB.
2026-10-09T10:44:51Z INFO [938/2500] beb55db9-4ad0-40a7-a3e6-90c2c5ff2492: valid; 3.1 s; peak memory 8716 MiB.
2026-10-09T10:44:53Z INFO [939/2500] beb6dad6-d1ef-4e85-b47c-a70326483a76: not valid; 1.9 s; peak memory 8716 MiB.
2026-10-09T10:44:55Z INFO [940/2500] beb74e45-47b9-40c7-96bb-d288ba792715: valid; 1.8 s; peak memory 8716 MiB.
2026-10-09T10:45:03Z INFO [941/2500] beb7966c-2679-4523-bf8b-f57d1c5acf9c: valid; 7.9 s; peak memory 8716 MiB.
2026-10-09T10:45:10Z INFO [942/2500] beb7ea1c-9056-458e-9ec0-aebd69afc7bd: valid; 6.9 s; peak memory 8716 MiB.
2026-10-09T10:45:11Z INFO [943/2500] beb962a1-d68a-4e33-995f-642bef2dc659: valid; 1.9 s; peak memory 8716 MiB.
2026-10-09T10:45:13Z INFO [944/2500] beb9c3ad-39a8-435e-95e4-85054e0d9d10: valid; 1.1 s; peak memory 8716 MiB.
2026-10-09T10:45:19Z INFO [945/2500] beba93e1-a48c-4fcb-ae06-e5047eed5454: valid; 6.0 s; peak memory 8716 MiB.
2026-10-09T10:45:50Z INFO [946/2500] bebafdaa-9743-4839-becf-28c5b9950354: valid; 31.7 s; peak memory 8716 MiB.
2026-10-09T10:45:54Z INFO [947/2500] bebbf644-774e-4189-9e34-7c51ab1ca61d: valid; 3.6 s; peak memory 8716 MiB.
2026-10-09T10:45:56Z WARNING bebc932f-53da-4f04-878d-d6182ebdb496: failed while opening the NWB file (ConstructError: (root/acquisition/_iblmic_audioSpectrogram/bands GroupBuilder {'attributes': {'colnames': array(['freq'], dtype=object), 'description': 'spectogram frequencies', 'namespace': 'core', 'neurodata_type': 'FrequencyBandsTable', 'object_id': '17491876-2b04-4e14-b328-ba534b51feb9'}, 'groups': {}, 'datasets': {'freq': root/acquisition/_iblmic_audioSpectrogram/bands/freq DatasetBuilder {'attributes': {'description': 'frequency value', 'namespace': 'hdmf-common', 'neurodata_type': 'VectorData', 'object_id': '451c339c-3c9a-472c-89df-01e364391fe2'}, 'data': <HDF5 dataset "freq": shape (257,), type "<f4">}, 'id': root/acquisition/_iblmic_audioSpectrogram/bands/id DatasetBuilder {'attributes': {'namespace': 'hdmf-common', 'neurodata_type': 'ElementIdentifiers', 'object_id': 'd92b0be3-4599-4bf5-8eaf-6bb31d34fb1c'}, 'data': <HDF5 dataset "id": shape (257,), type "<i4">}}, 'links': {}}, "Could not construct FrequencyBandsTable object due to: column must have the same number of rows as 'id'"))
2026-10-09T10:46:56Z INFO [949/2500] bebd18a8-b061-4bbf-9353-7d3d209f9e74: not valid; 60.2 s; peak memory 8875 MiB.
2026-10-09T10:46:58Z INFO [950/2500] bebd4e58-ad1d-417a-a016-43c2fe405a0d: valid; 2.3 s; peak memory 8876 MiB.
2026-10-09T10:47:00Z INFO [950/2500] bebd4e58-ad1d-417a-a016-43c2fe405a0d: checkpointed 189460 new records.
2026-10-09T10:47:03Z INFO [951/2500] bebd8263-c8da-4758-9604-f84abc449d15: valid; 2.9 s; peak memory 8879 MiB.
2026-10-09T10:47:05Z INFO [952/2500] bebdd942-8b6b-40f1-bd55-d52480718312: valid; 2.7 s; peak memory 8882 MiB.
2026-10-09T10:47:07Z INFO [953/2500] bebdf39e-dfde-41bb-8956-c0c9ac05bd3a: valid; 1.3 s; peak memory 8882 MiB.
2026-10-09T10:47:08Z INFO [954/2500] bebe8094-5e97-4cd0-9852-d29f82c20591: not valid; 1.6 s; peak memory 8882 MiB.
2026-10-09T10:47:10Z INFO [955/2500] bebe9e74-0858-4558-96ba-9d83f44aa2b6: valid; 1.8 s; peak memory 8884 MiB.
2026-10-09T10:47:19Z INFO [956/2500] bebef558-b4d8-4bec-938f-f43a195ef569: valid; 8.8 s; peak memory 8903 MiB.
2026-10-09T10:47:20Z INFO [957/2500] bebf1465-4881-4362-8ac3-4d1dbf3f1f85: valid; 1.7 s; peak memory 8905 MiB.
2026-10-09T10:47:22Z INFO [958/2500] bebf8f84-ba93-4394-9464-334ce321476e: valid; 1.3 s; peak memory 8905 MiB.
2026-10-09T10:47:23Z INFO [959/2500] bebf9dd3-e8a8-4a58-a4a2-8557cc0328e5: valid; 1.3 s; peak memory 8906 MiB.
2026-10-09T10:47:24Z INFO [960/2500] bec02e68-ad38-4dac-811f-c70e72c72865: valid; 1.3 s; peak memory 8906 MiB.
2026-10-09T10:47:25Z INFO [961/2500] bec0a016-0e6f-4adb-8e37-df41b7ffd655: valid; 1.2 s; peak memory 8907 MiB.
2026-10-09T10:47:30Z INFO [962/2500] bec0e975-bf9c-440a-af74-c1ee1f1813ad: valid; 4.6 s; peak memory 8910 MiB.
2026-10-09T10:47:32Z WARNING bec1f7bf-6c32-4f8e-b951-f758a447faab: failed while opening the NWB file (ConstructError: (root/acquisition/_iblmic_audioSpectrogram/bands GroupBuilder {'attributes': {'colnames': array(['freq'], dtype=object), 'description': 'spectogram frequencies', 'namespace': 'core', 'neurodata_type': 'FrequencyBandsTable', 'object_id': 'f035a645-61ed-4fcb-9703-054021e5a046'}, 'groups': {}, 'datasets': {'freq': root/acquisition/_iblmic_audioSpectrogram/bands/freq DatasetBuilder {'attributes': {'description': 'frequency value', 'namespace': 'hdmf-common', 'neurodata_type': 'VectorData', 'object_id': '40dfbbc9-18df-49e4-8bd7-1ff82692af8c'}, 'data': <HDF5 dataset "freq": shape (257,), type "<f4">}, 'id': root/acquisition/_iblmic_audioSpectrogram/bands/id DatasetBuilder {'attributes': {'namespace': 'hdmf-common', 'neurodata_type': 'ElementIdentifiers', 'object_id': '378dce22-4be3-47bb-a55c-cb40526fbd94'}, 'data': <HDF5 dataset "id": shape (257,), type "<i4">}}, 'links': {}}, "Could not construct FrequencyBandsTable object due to: column must have the same number of rows as 'id'"))
2026-10-09T10:47:34Z INFO [964/2500] bec2aa3b-907f-4aa3-9c94-23012e2c58d7: valid; 1.6 s; peak memory 9063 MiB.
2026-10-09T10:47:37Z INFO [965/2500] bec43462-74d5-464f-82ea-008cb2c5d98e: not valid; 3.8 s; peak memory 9063 MiB.
2026-10-09T10:47:39Z INFO [966/2500] bec470df-26d4-4a0e-a3a7-129c7268e708: valid; 1.3 s; peak memory 9063 MiB.
2026-10-09T10:47:41Z INFO [967/2500] bec47ffe-4e20-4e7c-bf83-aaa6ebd850ab: valid; 2.8 s; peak memory 9063 MiB.
2026-10-09T10:47:43Z INFO [968/2500] bec4df43-8896-4aa8-8845-c0a9064b5648: valid; 1.8 s; peak memory 9063 MiB.
2026-10-09T10:47:44Z INFO [969/2500] bec5d635-8530-486d-9ae9-ed44ac509aa1: valid; 1.2 s; peak memory 9063 MiB.
2026-10-09T10:47:46Z INFO [970/2500] bec5ef7f-7433-42a7-9047-44b136be3c9f: valid; 1.9 s; peak memory 9063 MiB.
2026-10-09T10:47:53Z INFO [971/2500] bec60805-5f9b-444e-9544-7a11573fb69c: valid; 6.6 s; peak memory 9063 MiB.
2026-10-09T10:47:55Z INFO [972/2500] bec68d01-73d2-4229-b808-e7122a01a463: valid; 1.8 s; peak memory 9063 MiB.
2026-10-09T10:47:56Z INFO [973/2500] bec732b1-168a-4074-ad04-3a9c34ba02a6: valid; 1.3 s; peak memory 9063 MiB.
2026-10-09T10:47:59Z INFO [974/2500] bec8523d-e8ee-40db-835c-f12de73467e0: valid; 3.0 s; peak memory 9063 MiB.
2026-10-09T10:48:01Z INFO [975/2500] bec8b04b-426b-4537-884e-f717e79ae8ca: valid; 1.7 s; peak memory 9063 MiB.
2026-10-09T10:48:02Z INFO [976/2500] beca4b18-fdbd-41fb-b6c8-cd7dc044990a: valid; 1.3 s; peak memory 9063 MiB.
2026-10-09T10:48:03Z INFO [977/2500] beca6660-8b1d-42b8-9422-fbc1708ab6c2: not valid; 1.4 s; peak memory 9063 MiB.
2026-10-09T10:48:06Z INFO [978/2500] becab27a-888e-42f7-a4ba-07d98036e525: valid; 2.5 s; peak memory 9063 MiB.
2026-10-09T10:48:08Z INFO [979/2500] becad6d8-4bb2-4c10-8387-ee087e1f52cd: valid; 2.2 s; peak memory 9063 MiB.
2026-10-09T10:48:11Z INFO [980/2500] becb7254-fadb-462c-a1c4-16d0cc3553f0: valid; 2.9 s; peak memory 9063 MiB.
2026-10-09T10:48:13Z INFO [981/2500] becba125-6461-4b8f-98a9-0796a5366a86: not valid; 1.6 s; peak memory 9063 MiB.
2026-10-09T10:48:14Z INFO [982/2500] becbb295-db21-4aef-86ed-c3233958e1c8: valid; 1.3 s; peak memory 9063 MiB.
2026-10-09T10:48:15Z INFO [983/2500] becbd387-03fa-4e1c-8993-247d569d4011: not valid; 1.5 s; peak memory 9063 MiB.
2026-10-09T10:48:18Z INFO [984/2500] becc8682-b1bb-4847-926d-859a8f151353: valid; 2.9 s; peak memory 9063 MiB.
2026-10-09T10:48:20Z INFO [985/2500] becc8c23-c0cb-4818-9f6d-9d7ef47acdfc: valid; 1.5 s; peak memory 9063 MiB.
2026-10-09T10:48:21Z INFO [986/2500] becd3634-246b-47f7-8ca2-28a6698ab308: valid; 1.2 s; peak memory 9063 MiB.
2026-10-09T10:48:25Z INFO [987/2500] becd76aa-b6d8-47b3-9332-3f16f6f2b50e: valid; 3.8 s; peak memory 9063 MiB.
2026-10-09T10:48:26Z INFO [988/2500] becd8f8e-1bdd-43a7-8514-703880d479be: valid; 1.2 s; peak memory 9063 MiB.
2026-10-09T10:48:28Z INFO [989/2500] becdb40b-ca5b-4cdb-bc18-16327b61f509: valid; 2.1 s; peak memory 9063 MiB.
2026-10-09T10:48:29Z INFO [990/2500] becdd376-55e9-4908-b94e-2bb925d2831a: valid; 1.2 s; peak memory 9063 MiB.
2026-10-09T10:48:40Z INFO [991/2500] bece4303-9299-4218-a64e-fce108577afa: valid; 11.0 s; peak memory 9063 MiB.
2026-10-09T10:48:42Z INFO [992/2500] becedcc3-4b8b-499d-9879-aa3d5d535f3e: valid; 1.3 s; peak memory 9063 MiB.
2026-10-09T10:48:43Z INFO [993/2500] becef68e-9200-47b1-b82a-f43e5d53444d: not valid; 1.3 s; peak memory 9063 MiB.
2026-10-09T10:48:59Z INFO [994/2500] becf581e-b2fd-476b-8887-defe75f8bfcb: valid; 16.3 s; peak memory 9063 MiB.
2026-10-09T10:49:10Z INFO [995/2500] becf80d0-b61c-486e-8dd0-fd13852314d5: valid; 10.7 s; peak memory 9063 MiB.
2026-10-09T10:49:13Z INFO [996/2500] becfb02f-4e77-439e-9c4f-feaf1629ada5: not valid; 2.8 s; peak memory 9063 MiB.
2026-10-09T10:49:14Z INFO [997/2500] becfb45b-ede4-484c-9ff2-ba96e8353782: valid; 1.7 s; peak memory 9063 MiB.
2026-10-09T10:49:16Z INFO [998/2500] becfc118-2961-4dde-851d-4852da6f253b: not valid; 1.2 s; peak memory 9063 MiB.
2026-10-09T10:49:19Z INFO [999/2500] bed019f6-4e85-4b06-8749-d170118e2654: valid; 3.8 s; peak memory 9063 MiB.
2026-10-09T10:49:21Z INFO [1000/2500] bed0205a-349b-416e-9910-59510f5a0d96: valid; 1.3 s; peak memory 9063 MiB.
2026-10-09T10:49:22Z INFO [1000/2500] bed0205a-349b-416e-9910-59510f5a0d96: checkpointed 189510 new records.
2026-10-09T10:49:24Z INFO [1001/2500] bed08724-abff-405c-889d-43b84a6c038d: not valid; 1.5 s; peak memory 9063 MiB.
2026-10-09T10:49:26Z INFO [1002/2500] bed0e8ea-3dd8-4b5c-811e-8b7eeb34640c: valid; 2.0 s; peak memory 9063 MiB.
2026-10-09T10:49:27Z INFO [1003/2500] bed0f852-1bb6-4275-8c93-626f513832be: not valid; 1.5 s; peak memory 9063 MiB.
2026-10-09T10:49:30Z INFO [1004/2500] bed16af8-1149-4b7f-a9e6-27aa4607b8a2: valid; 2.7 s; peak memory 9063 MiB.
2026-10-09T10:49:31Z INFO [1005/2500] bed194b2-f88c-40e4-8d97-3ab7334c6e52: valid; 1.2 s; peak memory 9063 MiB.
2026-10-09T10:49:33Z INFO [1006/2500] bed1ca62-66ba-4475-9f5a-03d6761fe7ed: not valid; 1.9 s; peak memory 9063 MiB.
2026-10-09T10:49:34Z INFO [1007/2500] bed207a9-a354-499e-be4c-457a92ebcfd4: valid; 1.2 s; peak memory 9063 MiB.
2026-10-09T10:49:38Z INFO [1008/2500] bed22dc9-c3b2-4d60-807e-7ae752f3b72a: valid; 3.9 s; peak memory 9063 MiB.
2026-10-09T10:49:48Z INFO [1009/2500] bed2331e-76fe-48e4-99c4-764e52c3d6ee: valid; 9.7 s; peak memory 9063 MiB.
2026-10-09T10:49:50Z INFO [1010/2500] bed27a53-f24b-4b0f-88c9-45a8b931ae53: valid; 2.3 s; peak memory 9063 MiB.
2026-10-09T10:49:52Z INFO [1011/2500] bed29e91-8c7b-4ad2-b76b-b988b77fd11e: not valid; 2.0 s; peak memory 9063 MiB.
2026-10-09T10:49:54Z INFO [1012/2500] bed307ff-6cea-4bd3-97b1-35b5a926084b: valid; 2.5 s; peak memory 9063 MiB.
2026-10-09T10:49:56Z INFO [1013/2500] bed33109-6766-49ac-bcc2-67b680dcc942: valid; 1.2 s; peak memory 9063 MiB.
2026-10-09T10:49:58Z INFO [1014/2500] bed36afe-82ff-43ff-9491-61b2b369ec80: valid; 2.0 s; peak memory 9063 MiB.
2026-10-09T10:50:11Z INFO [1015/2500] bed38b42-28c5-43b5-9899-ab3c52bb42b5: valid; 13.5 s; peak memory 9063 MiB.
2026-10-09T10:50:13Z INFO [1016/2500] bed4abd9-71ae-4a32-ae21-cd4e1040780c: valid; 1.3 s; peak memory 9063 MiB.
2026-10-09T10:50:14Z INFO [1017/2500] bed501e6-50bf-4786-be81-8af16bc0304d: valid; 1.3 s; peak memory 9063 MiB.
2026-10-09T10:50:26Z INFO [1018/2500] bed58b27-e239-47ac-b0e2-b31019d0fe01: valid; 12.5 s; peak memory 9063 MiB.
2026-10-09T10:50:28Z INFO [1019/2500] bed60d24-03bd-4889-ac4d-3558ea0b53bd: valid; 2.1 s; peak memory 9063 MiB.
2026-10-09T10:50:30Z INFO [1020/2500] bed663dc-9f4f-46e6-b2a3-70572229b472: valid; 1.8 s; peak memory 9063 MiB.
2026-10-09T10:50:47Z INFO [1021/2500] bed6be21-c004-42d6-a689-8efaf45d4256: valid; 16.8 s; peak memory 9063 MiB.
2026-10-09T10:50:53Z INFO [1022/2500] bed6c7a5-369b-4458-85cd-b45ac482d506: not valid; 6.3 s; peak memory 9063 MiB.
2026-10-09T10:51:01Z INFO [1023/2500] bed731fb-74f9-46f6-ac55-081c8ebef66e: valid; 7.3 s; peak memory 9063 MiB.
2026-10-09T10:51:03Z INFO [1024/2500] bed75c7f-d6b2-4ca9-a889-05f3c7290eef: valid; 2.1 s; peak memory 9063 MiB.
2026-10-09T10:51:12Z INFO [1025/2500] bed87398-d1ab-4877-9528-8cf39fcc5c5a: valid; 9.4 s; peak memory 9063 MiB.
2026-10-09T10:51:14Z INFO [1026/2500] bed8df23-a300-44f1-bb8f-202bb2d4fc05: valid; 2.2 s; peak memory 9063 MiB.
2026-10-09T10:51:16Z INFO [1027/2500] bed8febb-17d7-4e4d-8a1c-b27b9d2e63a0: not valid; 1.5 s; peak memory 9063 MiB.
2026-10-09T10:51:17Z INFO [1028/2500] bed929b2-7acf-4d60-9c77-b003f7b17fd5: valid; 1.2 s; peak memory 9063 MiB.
2026-10-09T10:51:19Z INFO [1029/2500] bed9ab9c-e986-41e7-b966-4eaedbb65317: valid; 1.7 s; peak memory 9063 MiB.
2026-10-09T10:51:21Z INFO [1030/2500] bed9bf16-f56c-494b-b706-ac6011d2d865: valid; 2.4 s; peak memory 9063 MiB.
2026-10-09T10:51:24Z INFO [1031/2500] bed9e82b-3d31-4936-92f6-be4f6a60553d: valid; 2.7 s; peak memory 9063 MiB.
2026-10-09T10:51:33Z INFO [1032/2500] bedad07b-3134-4f41-95c3-dd4adb2c434e: valid; 8.9 s; peak memory 9063 MiB.
2026-10-09T10:51:34Z INFO [1033/2500] bedad624-c05e-472b-9b21-9408e1ccf165: valid; 1.3 s; peak memory 9063 MiB.
2026-10-09T10:51:35Z INFO [1034/2500] bedaf596-a43d-4f74-9061-6a0382726369: valid; 1.2 s; peak memory 9063 MiB.
2026-10-09T10:51:37Z INFO [1035/2500] bedafdc6-961a-40ea-95c1-416aefd83c0b: not valid; 1.4 s; peak memory 9063 MiB.
2026-10-09T10:51:38Z INFO [1036/2500] bedb449d-043b-4f46-bbeb-066c2d93a029: not valid; 1.6 s; peak memory 9063 MiB.
2026-10-09T10:51:40Z INFO [1037/2500] bedc048f-547c-4954-9671-eb94da994679: valid; 1.6 s; peak memory 9063 MiB.
2026-10-09T10:51:43Z INFO [1038/2500] bedc33de-2199-40de-b02e-984cfafc173d: valid; 2.7 s; peak memory 9063 MiB.
2026-10-09T10:51:45Z INFO [1039/2500] bedc5633-eac3-4450-886b-f2226eca57d2: valid; 2.0 s; peak memory 9063 MiB.
2026-10-09T10:51:46Z INFO [1040/2500] bedd57d5-05d8-4e7b-a7ae-d04c6dab0c35: valid; 1.3 s; peak memory 9063 MiB.
2026-10-09T10:51:49Z INFO [1041/2500] beddb707-31e6-4ebe-9ae7-f57b0dde2e23: valid; 2.6 s; peak memory 9063 MiB.
2026-10-09T10:51:50Z INFO [1042/2500] bedea26a-e46e-42d2-ae74-2b2ea5367b83: valid; 1.3 s; peak memory 9063 MiB.
2026-10-09T10:51:51Z INFO [1043/2500] bedf0b30-b0b3-412b-98bb-c58776f6fa58: valid; 1.3 s; peak memory 9063 MiB.
2026-10-09T10:51:53Z INFO [1044/2500] bedf3a04-79b6-4c82-bf09-b78bdb71ab8f: valid; 2.2 s; peak memory 9063 MiB.
2026-10-09T10:51:55Z INFO [1045/2500] bedf4ff8-bb89-4a68-a5b8-e0d047c1ebca: valid; 1.2 s; peak memory 9063 MiB.
2026-10-09T10:52:11Z INFO [1046/2500] bedf5cba-9b77-4578-926a-f00fd187c709: valid; 16.5 s; peak memory 9063 MiB.
2026-10-09T10:52:13Z INFO [1047/2500] bedfb8f6-2d9c-4d6f-b0b2-d4c6a7a1e14b: valid; 1.7 s; peak memory 9063 MiB.
2026-10-09T10:52:15Z INFO [1048/2500] bedff54c-af19-40b7-ae69-3a733c4e3cbf: valid; 2.5 s; peak memory 9063 MiB.
2026-10-09T10:52:17Z INFO [1049/2500] bee0977b-7a93-4532-83eb-079fae29dcdd: valid; 1.3 s; peak memory 9063 MiB.
2026-10-09T10:52:18Z INFO [1050/2500] bee0b9e0-d10c-44d2-9a9c-01e977e3310c: valid; 1.7 s; peak memory 9063 MiB.
2026-10-09T10:52:20Z INFO [1050/2500] bee0b9e0-d10c-44d2-9a9c-01e977e3310c: checkpointed 189560 new records.
2026-10-09T10:52:37Z INFO [1051/2500] bee0c262-f6e6-4ec4-9aac-a937076afca1: valid; 17.1 s; peak memory 9063 MiB.
2026-10-09T10:52:39Z INFO [1052/2500] bee0f35a-edf4-4614-97bb-90cb2722ef5c: valid; 1.8 s; peak memory 9063 MiB.
2026-10-09T10:52:39Z WARNING bee10d10-9fad-4e31-b656-2163571d009f: failed while retrieving asset information from the DANDI API (NotFoundError: No asset at path 'sub-717259/sub-717259_ses-717259-2024-06-28-11-17-36-json.nwb' in version 0.260928.2230. Verify the path is correct and the asset exists in this version. Use 'dandi ls' to list available assets.)
2026-10-09T10:52:42Z INFO [1054/2500] bee113d4-5ef6-4115-8acf-bc1c612df17d: valid; 3.7 s; peak memory 9063 MiB.
2026-10-09T10:52:44Z INFO [1055/2500] bee177c6-05a5-4dd8-8551-2fda5f7af475: not valid; 1.8 s; peak memory 9063 MiB.
2026-10-09T10:52:45Z INFO [1056/2500] bee18d7b-8586-45cf-b38f-114a56134e3d: valid; 1.1 s; peak memory 9063 MiB.
2026-10-09T10:52:56Z INFO [1057/2500] bee1d90c-0a54-42d4-8dac-c9bf6fbdfbf4: valid; 10.4 s; peak memory 9063 MiB.
2026-10-09T10:52:58Z INFO [1058/2500] bee2ea65-9bfa-432d-a6a2-b7dbcb8b392b: valid; 2.8 s; peak memory 9063 MiB.
2026-10-09T10:53:01Z INFO [1059/2500] bee30ca2-1bd9-456e-ab0e-8861f18467e6: valid; 2.8 s; peak memory 9063 MiB.
2026-10-09T10:53:03Z INFO [1060/2500] bee43d0b-c8ca-45e3-b91d-89bdd08f8f60: valid; 1.7 s; peak memory 9063 MiB.
2026-10-09T10:53:04Z INFO [1061/2500] bee48b2a-95a6-439d-bcef-d8bdb40eb88b: valid; 1.3 s; peak memory 9063 MiB.
2026-10-09T10:53:06Z INFO [1062/2500] bee5025f-e5d1-49d3-89fc-e0156f6f0d15: valid; 1.3 s; peak memory 9063 MiB.
2026-10-09T10:53:08Z INFO [1063/2500] bee5c1a0-3293-4bfa-9d89-59dc2b3c5bc4: valid; 3.0 s; peak memory 9063 MiB.
2026-10-09T10:53:11Z INFO [1064/2500] bee5dde1-5c00-4f0f-b92b-f43edff3faff: valid; 2.0 s; peak memory 9063 MiB.
2026-10-09T10:53:13Z INFO [1065/2500] bee62819-0a33-45a8-b3fc-440691d60b3d: valid; 2.7 s; peak memory 9063 MiB.
2026-10-09T10:53:16Z INFO [1066/2500] bee80c4d-729d-42a4-abd0-ae7dea77fe73: not valid; 2.7 s; peak memory 9063 MiB.
2026-10-09T10:53:18Z INFO [1067/2500] bee816df-8b36-45d4-bee3-bea792ce3f1c: valid; 2.5 s; peak memory 9063 MiB.
2026-10-09T10:53:22Z INFO [1068/2500] bee85254-7ba5-4719-9daf-80345646208c: valid; 3.5 s; peak memory 9063 MiB.
2026-10-09T10:53:24Z INFO [1069/2500] bee9efbd-7a35-4474-a81c-e84d2b69b275: valid; 1.9 s; peak memory 9063 MiB.
2026-10-09T10:56:02Z INFO [1070/2500] beeba5dd-f803-45fd-9575-06ff0da2034d: valid; 157.9 s; peak memory 9181 MiB.
2026-10-09T10:56:03Z INFO [1071/2500] beebb493-3336-4d59-b28b-42f83f860d5d: valid; 1.6 s; peak memory 9181 MiB.
2026-10-09T10:56:04Z WARNING beec436a-960b-4bd8-a323-cfe35627d408: failed while retrieving asset information from the DANDI API (NotFoundError: No asset at path 'sub-jRGECO1a-13/sub-jRGECO1a-13_obj-6negeh_ophys.nwb' in version draft. Verify the path is correct and the asset exists in this version. Use 'dandi ls' to list available assets.)
2026-10-09T10:56:05Z INFO [1073/2500] beec5015-15f5-4566-ab7b-bbb97809b2bf: valid; 1.2 s; peak memory 9181 MiB.
2026-10-09T10:56:07Z INFO [1074/2500] beed63d5-d48f-448e-9f59-7ff49f6ce50c: valid; 2.3 s; peak memory 9181 MiB.
2026-10-09T10:56:09Z INFO [1075/2500] beedbeaa-affc-404d-afd6-e0ce485da294: not valid; 1.6 s; peak memory 9181 MiB.
2026-10-09T10:56:12Z INFO [1076/2500] beede18b-5aae-47a1-8776-7ba9e5fc7db0: valid; 3.8 s; peak memory 9181 MiB.
2026-10-09T10:56:14Z WARNING beee115e-7181-4a7a-8972-fb8dcc920da3: failed while opening the NWB file (ConstructError: (root/acquisition/_iblmic_audioSpectrogram/bands GroupBuilder {'attributes': {'colnames': array(['freq'], dtype=object), 'description': 'spectogram frequencies', 'namespace': 'core', 'neurodata_type': 'FrequencyBandsTable', 'object_id': 'a3e1a760-ecef-47e9-8e2b-bf0c05e3f212'}, 'groups': {}, 'datasets': {'freq': root/acquisition/_iblmic_audioSpectrogram/bands/freq DatasetBuilder {'attributes': {'description': 'frequency value', 'namespace': 'hdmf-common', 'neurodata_type': 'VectorData', 'object_id': 'b3c44405-0f2a-4def-924e-9503d32017c9'}, 'data': <HDF5 dataset "freq": shape (257,), type "<f4">}, 'id': root/acquisition/_iblmic_audioSpectrogram/bands/id DatasetBuilder {'attributes': {'namespace': 'hdmf-common', 'neurodata_type': 'ElementIdentifiers', 'object_id': '6a0d903f-a93e-4c68-9423-84397cc6dd7c'}, 'data': <HDF5 dataset "id": shape (257,), type "<i4">}}, 'links': {}}, "Could not construct FrequencyBandsTable object due to: column must have the same number of rows as 'id'"))
2026-10-09T10:56:15Z INFO [1078/2500] beef4b3c-9d39-4cf5-8761-56a9fed18e0d: valid; 1.3 s; peak memory 9258 MiB.
2026-10-09T10:56:17Z INFO [1079/2500] beef9c63-94f5-478e-ba4e-ffd37b69f151: valid; 1.8 s; peak memory 9258 MiB.
2026-10-09T10:56:19Z INFO [1080/2500] beefaa0b-ef13-4fd2-b9c6-ae5d3bc484bc: not valid; 1.3 s; peak memory 9258 MiB.
2026-10-09T10:56:22Z INFO [1081/2500] bef0995f-547f-49a7-916e-87ef622e5c84: not valid; 3.7 s; peak memory 9258 MiB.
2026-10-09T10:56:24Z INFO [1082/2500] bef0cf2c-9452-4cd5-b484-292ea0992018: not valid; 1.2 s; peak memory 9258 MiB.
2026-10-09T10:56:25Z INFO [1083/2500] bef129e3-0247-4d7b-9c98-0b9acec7ee79: valid; 1.3 s; peak memory 9258 MiB.
2026-10-09T10:56:27Z INFO [1084/2500] bef148aa-7d27-43e3-b8bb-c9a82fc33244: valid; 2.5 s; peak memory 9258 MiB.
2026-10-09T10:56:30Z INFO [1085/2500] bef25c3f-6e20-4cfc-b2d0-6f1cf0275f8c: valid; 2.9 s; peak memory 9258 MiB.
2026-10-09T10:56:31Z INFO [1086/2500] bef39903-a21f-4659-8835-cee94434bf32: valid; 1.2 s; peak memory 9258 MiB.
2026-10-09T10:56:35Z INFO [1087/2500] bef3cfbb-8446-4734-aa87-a75d7da32365: valid; 3.9 s; peak memory 9258 MiB.
2026-10-09T10:56:37Z INFO [1088/2500] bef4b00d-94bb-43c9-8e77-959229f284ce: not valid; 1.4 s; peak memory 9258 MiB.
2026-10-09T10:56:39Z INFO [1089/2500] bef5b08e-b51d-4d16-8ede-f2ccb524007b: valid; 1.8 s; peak memory 9258 MiB.
2026-10-09T10:56:40Z INFO [1090/2500] bef5e5bc-fcbd-4705-bec6-26b0adbfb5e4: not valid; 1.5 s; peak memory 9258 MiB.
2026-10-09T10:56:41Z INFO [1091/2500] bef5fb21-e990-423f-9dc6-63f725cfc6f5: not valid; 1.3 s; peak memory 9258 MiB.
2026-10-09T10:56:43Z INFO [1092/2500] bef6220c-5bf8-41c7-bbfc-60e148755027: valid; 1.3 s; peak memory 9258 MiB.
2026-10-09T10:56:45Z INFO [1093/2500] bef64d89-cc5d-426a-b7c3-9906bc7dca19: valid; 1.9 s; peak memory 9258 MiB.
2026-10-09T10:56:46Z INFO [1094/2500] bef66661-8e27-48e3-a630-f87e3a71b837: not valid; 1.5 s; peak memory 9258 MiB.
2026-10-09T10:56:56Z INFO [1095/2500] bef6dd6f-a292-4958-9b3e-ec9adc9b5977: valid; 10.1 s; peak memory 9258 MiB.
2026-10-09T10:56:57Z INFO [1096/2500] bef72a3e-9093-4230-96a4-6885e0253e02: valid; 1.2 s; peak memory 9258 MiB.
2026-10-09T10:57:02Z INFO [1097/2500] bef73bfe-ceb4-4256-b436-33ff47ecef68: valid; 4.8 s; peak memory 9258 MiB.
2026-10-09T10:57:03Z INFO [1098/2500] bef742c1-7876-474f-945f-6a90ed32a6df: valid; 1.2 s; peak memory 9258 MiB.
2026-10-09T10:57:05Z INFO [1099/2500] bef77d48-0d34-49af-8f5f-60fabdc0ebe9: valid; 1.8 s; peak memory 9258 MiB.
2026-10-09T10:57:07Z INFO [1100/2500] bef7c2fa-cc17-4e7f-90d8-0d0a5084d7b3: not valid; 2.0 s; peak memory 9258 MiB.
2026-10-09T10:57:09Z INFO [1100/2500] bef7c2fa-cc17-4e7f-90d8-0d0a5084d7b3: checkpointed 189610 new records.
2026-10-09T10:57:10Z INFO [1101/2500] bef7d9c3-ee8b-450c-a4fd-7df5eac270b4: valid; 1.3 s; peak memory 9258 MiB.
2026-10-09T10:57:13Z INFO [1102/2500] bef7dd7f-92f1-4f89-9826-6382649a7374: valid; 3.1 s; peak memory 9258 MiB.
2026-10-09T10:57:23Z INFO [1103/2500] bef81b8e-70ae-46e5-864d-3ff35f57f950: valid; 10.1 s; peak memory 9258 MiB.
2026-10-09T10:57:25Z INFO [1104/2500] bef885e2-4aab-47a1-909a-1f9594b4d010: valid; 2.3 s; peak memory 9258 MiB.
2026-10-09T10:57:36Z INFO [1105/2500] bef8fdc8-41a2-43b6-9bb5-fc7da1bbfd22: not valid; 10.5 s; peak memory 9258 MiB.
2026-10-09T10:57:37Z INFO [1106/2500] bef901e3-1e91-4b7d-a893-f512afa5df8f: valid; 1.3 s; peak memory 9258 MiB.
2026-10-09T10:57:39Z INFO [1107/2500] befa5f49-05b1-4c92-aeab-b8484e29c2c0: valid; 1.3 s; peak memory 9258 MiB.
2026-10-09T10:57:40Z WARNING befbc408-94cb-4f84-91ce-705d35f11364: failed while opening the NWB file (ValueError: Cannot resolve included group spec 'electrodes' with data_type_inc 'ElectrodesTable' because a group spec with the same name already exists with data_type_inc 'DynamicTable', and data type 'DynamicTable' is not a child type of data type 'ElectrodesTable'.)
2026-10-09T10:57:42Z INFO [1109/2500] befcb153-1298-42d3-b06f-6e6c05b59adc: valid; 1.7 s; peak memory 9263 MiB.
2026-10-09T10:57:45Z INFO [1110/2500] befdc59c-1f24-40d5-9c0d-8dfc40729dcb: not valid; 3.6 s; peak memory 9263 MiB.
2026-10-09T10:58:00Z INFO [1111/2500] befe05d4-c953-47f3-8ba1-2ffd513badcf: valid; 14.7 s; peak memory 9263 MiB.
2026-10-09T10:58:01Z INFO [1112/2500] befe2b7d-a5bf-4b14-86fe-72e4ca77c571: not valid; 1.3 s; peak memory 9263 MiB.
2026-10-09T10:58:04Z INFO [1113/2500] befe66de-12e6-465e-8a6c-2d3b197aea9a: valid; 2.6 s; peak memory 9263 MiB.
2026-10-09T10:58:05Z INFO [1114/2500] befe756b-f6a8-4ac5-9630-f31b101821e3: valid; 1.1 s; peak memory 9263 MiB.
2026-10-09T10:58:09Z INFO [1115/2500] befe9d42-a103-48ea-909c-d0489daa5927: valid; 3.9 s; peak memory 9263 MiB.
2026-10-09T10:58:12Z INFO [1116/2500] beff5b91-80b9-43d1-b59d-d14599f7ac1d: valid; 2.9 s; peak memory 9263 MiB.
2026-10-09T10:58:14Z INFO [1117/2500] beff6323-4b5c-4f2b-b55e-25850e3b4d97: valid; 1.6 s; peak memory 9263 MiB.
2026-10-09T10:58:17Z INFO [1118/2500] bf000e83-9d33-4092-88cc-a161e1c3b80e: valid; 3.2 s; peak memory 9263 MiB.
2026-10-09T10:58:24Z INFO [1119/2500] bf0093fd-27ca-4f29-ba30-2f9d6ae83994: valid; 7.6 s; peak memory 9263 MiB.
2026-10-09T10:58:26Z INFO [1120/2500] bf00d2c6-08ac-4d0d-8029-08828983d7b7: not valid; 1.6 s; peak memory 9263 MiB.
2026-10-09T10:58:36Z INFO [1121/2500] bf01adb8-4c4f-4deb-981a-92b4d026cc2a: valid; 10.3 s; peak memory 9263 MiB.
2026-10-09T10:58:38Z INFO [1122/2500] bf01be88-02c7-421f-bb75-ab15609603c6: valid; 1.2 s; peak memory 9263 MiB.
2026-10-09T10:58:39Z INFO [1123/2500] bf02071c-ee3c-4a90-a914-a4db0e3a49b0: not valid; 1.6 s; peak memory 9263 MiB.
2026-10-09T10:58:41Z INFO [1124/2500] bf0243c9-149c-4258-9a44-1ee93f5477d8: valid; 1.4 s; peak memory 9263 MiB.
2026-10-09T10:58:42Z INFO [1125/2500] bf029275-c139-408d-9708-f668f23e0844: valid; 1.3 s; peak memory 9263 MiB.
2026-10-09T10:58:44Z INFO [1126/2500] bf032ee0-3415-4ea6-b5f2-8e6b2e196c28: not valid; 1.9 s; peak memory 9263 MiB.
2026-10-09T10:58:46Z INFO [1127/2500] bf033c35-2221-4067-bb39-a1e0796958e6: valid; 1.8 s; peak memory 9263 MiB.
2026-10-09T10:58:47Z WARNING bf04bca6-5616-446f-b4ed-d158fc320d75: failed while opening the NWB file (ConstructError: (root/acquisition/event_code_meanings GroupBuilder {'attributes': {'colnames': array(['value', 'meaning'], dtype=object), 'description': 'Mapping integer event codes to event labels', 'namespace': 'ndx-events', 'neurodata_type': 'MeaningsTable', 'object_id': '2a845b27-6ee8-44c0-bd9e-8e3212d221b8'}, 'groups': {}, 'datasets': {'id': root/acquisition/event_code_meanings/id DatasetBuilder {'attributes': {'namespace': 'hdmf-common', 'neurodata_type': 'ElementIdentifiers', 'object_id': 'ed76b7e5-2974-44ca-a07a-ccf7620cc716'}, 'data': <HDF5 dataset "id": shape (26,), type "<i8">}, 'meaning': root/acquisition/event_code_meanings/meaning DatasetBuilder {'attributes': {'description': 'The meaning of the value in the parent CategoricalVectorData object.', 'namespace': 'hdmf-experimental', 'neurodata_type': 'VectorData', 'object_id': '92b92818-3e8e-4005-926c-7898c321414b'}, 'data': <StrDataset for HDF5 dataset "meaning": shape (26,), type "|O">}, 'value': root/acquisition/event_code_meanings/value DatasetBuilder {'attributes': {'description': 'The value of the parent CategoricalVectorData object.', 'namespace': 'hdmf-experimental', 'neurodata_type': 'VectorData', 'object_id': '2271adc9-0ade-4018-b272-d663ef2f88b9'}, 'data': <HDF5 dataset "value": shape (26,), type "<i8">}}, 'links': {}}, "Could not construct MeaningsTable object due to: MeaningsTable.__init__: missing argument 'target'"))
2026-10-09T10:58:49Z INFO [1129/2500] bf051edd-7e84-45c4-b76d-b2a1fba76741: valid; 1.9 s; peak memory 9263 MiB.
2026-10-09T10:58:50Z INFO [1130/2500] bf053975-e314-486a-bfc0-45584096c3c1: not valid; 1.4 s; peak memory 9263 MiB.
2026-10-09T10:58:52Z INFO [1131/2500] bf057b08-a77a-44c7-b149-1e3193e12f2c: not valid; 1.4 s; peak memory 9263 MiB.
2026-10-09T10:59:03Z INFO [1132/2500] bf059182-95b1-421d-af64-b9cd16a1787d: valid; 11.1 s; peak memory 9263 MiB.
2026-10-09T10:59:07Z INFO [1133/2500] bf05e1e1-e564-495d-a32e-388fa41b155f: not valid; 4.4 s; peak memory 9263 MiB.
2026-10-09T10:59:07Z WARNING bf062472-75fe-459d-a9aa-f7655de38c3f: failed while retrieving asset information from the DANDI API (NotFoundError: No such Dandiset: 001533)
2026-10-09T10:59:09Z INFO [1135/2500] bf06c5c9-82cd-4e32-87af-9b55fe4189ac: valid; 1.5 s; peak memory 9263 MiB.
2026-10-09T10:59:11Z INFO [1136/2500] bf073e50-8481-4914-9627-6367eda48dfa: valid; 1.9 s; peak memory 9263 MiB.
2026-10-09T10:59:12Z INFO [1137/2500] bf076cb6-747a-4be2-a499-c8c0fc455949: valid; 1.0 s; peak memory 9263 MiB.
2026-10-09T10:59:15Z INFO [1138/2500] bf080468-b53d-4841-a853-77e0c08cdcfe: valid; 3.5 s; peak memory 9263 MiB.
2026-10-09T10:59:17Z INFO [1139/2500] bf0842eb-4d91-4116-b8bf-cf3bb925713e: valid; 2.0 s; peak memory 9263 MiB.
2026-10-09T10:59:19Z INFO [1140/2500] bf085612-5d85-4f4e-ac1c-5d9784e7bfe1: not valid; 1.7 s; peak memory 9263 MiB.
2026-10-09T10:59:21Z INFO [1141/2500] bf08b7e7-9139-48fb-9d29-3fdfb3dd876c: valid; 2.5 s; peak memory 9263 MiB.
2026-10-09T10:59:23Z INFO [1142/2500] bf098bb6-d4b4-4047-881f-9d6e998cff2d: not valid; 1.7 s; peak memory 9263 MiB.
2026-10-09T10:59:24Z INFO [1143/2500] bf09ff79-b315-406a-9450-4400cbf9ad2e: not valid; 1.5 s; peak memory 9263 MiB.
2026-10-09T10:59:26Z INFO [1144/2500] bf0a3654-74ca-4842-bec8-7712ca7324ae: valid; 1.2 s; peak memory 9263 MiB.
2026-10-09T10:59:27Z INFO [1145/2500] bf0c2f85-06c3-4468-8e46-e2a8daa93a00: valid; 1.6 s; peak memory 9263 MiB.
2026-10-09T10:59:29Z INFO [1146/2500] bf0c3343-ea22-4af2-8454-a6e05b433e53: valid; 1.8 s; peak memory 9263 MiB.
2026-10-09T10:59:30Z INFO [1147/2500] bf0cd6ec-6f32-4fb3-9fd3-dc395ad1e0e6: valid; 1.2 s; peak memory 9263 MiB.
2026-10-09T10:59:43Z INFO [1148/2500] bf0cf3bf-0483-4722-ba73-e553476366fa: valid; 12.9 s; peak memory 9263 MiB.
2026-10-09T10:59:45Z INFO [1149/2500] bf0cf80f-11d5-4dfa-b094-59f7b950cdbd: valid; 1.3 s; peak memory 9263 MiB.
2026-10-09T10:59:47Z INFO [1150/2500] bf0d41d3-b4bf-4da4-9928-72c0db976661: valid; 2.4 s; peak memory 9263 MiB.
2026-10-09T10:59:48Z INFO [1150/2500] bf0d41d3-b4bf-4da4-9928-72c0db976661: checkpointed 189660 new records.
2026-10-09T10:59:50Z WARNING bf0e04f9-ccdb-4cd2-a9df-c5ecf7706582: failed while opening the NWB file (ValueError: Cannot resolve included group spec 'electrodes' with data_type_inc 'ElectrodesTable' because a group spec with the same name already exists with data_type_inc 'DynamicTable', and data type 'DynamicTable' is not a child type of data type 'ElectrodesTable'.)
2026-10-09T11:00:22Z INFO [1152/2500] bf0e3e80-823c-483b-86fa-2ce0324acf22: not valid; 31.8 s; peak memory 9263 MiB.
2026-10-09T11:00:25Z INFO [1153/2500] bf0e5655-394c-489d-989f-27edaa976a34: valid; 2.6 s; peak memory 9263 MiB.
2026-10-09T11:00:26Z INFO [1154/2500] bf0edaf1-9ad2-49b2-9eaa-e58a760681cd: valid; 1.2 s; peak memory 9263 MiB.
2026-10-09T11:00:27Z INFO [1155/2500] bf0f4b83-4c58-4b07-890d-b0f2b7485569: valid; 1.2 s; peak memory 9263 MiB.
2026-10-09T11:00:29Z INFO [1156/2500] bf0fa2ae-b3e0-4e89-89fb-1c0f3a31ec11: not valid; 1.6 s; peak memory 9263 MiB.
2026-10-09T11:00:31Z INFO [1157/2500] bf0fb3c4-92df-4f23-a711-a5e12b2b6059: valid; 2.6 s; peak memory 9263 MiB.
2026-10-09T11:00:33Z INFO [1158/2500] bf10155c-d879-43b4-9f8f-ec0c750eb2b3: valid; 1.8 s; peak memory 9263 MiB.
2026-10-09T11:00:34Z INFO [1159/2500] bf103871-c50f-4fc7-bf56-eb0dbcc10d70: valid; 1.4 s; peak memory 9263 MiB.
2026-10-09T11:00:44Z INFO [1160/2500] bf110a8c-8905-43d2-a93c-ea4cd70abad0: valid; 10.1 s; peak memory 9263 MiB.
2026-10-09T11:00:46Z INFO [1161/2500] bf115aa1-42ff-446a-b12d-45b6cfff980d: valid; 1.9 s; peak memory 9263 MiB.
2026-10-09T11:00:48Z INFO [1162/2500] bf11661a-a732-47d2-b0e8-393824fbe6ac: not valid; 1.7 s; peak memory 9263 MiB.
2026-10-09T11:00:49Z INFO [1163/2500] bf122efa-2a9e-4880-a6ea-11fc6a3ef101: valid; 1.3 s; peak memory 9263 MiB.
2026-10-09T11:00:52Z INFO [1164/2500] bf12e7d6-7fd6-47cd-a74d-9489831ff771: valid; 2.2 s; peak memory 9263 MiB.
2026-10-09T11:00:54Z INFO [1165/2500] bf12f831-2e35-4c21-b48f-b68fee20a7b7: valid; 2.4 s; peak memory 9263 MiB.
2026-10-09T11:00:57Z INFO [1166/2500] bf12fef3-56e8-44a6-a3ff-3a09b12c07db: valid; 3.2 s; peak memory 9263 MiB.
2026-10-09T11:00:59Z INFO [1167/2500] bf131373-23cd-45e3-9f16-0d6322372863: valid; 1.9 s; peak memory 9263 MiB.
2026-10-09T11:01:01Z INFO [1168/2500] bf1349a6-a006-4c17-841d-70faa11a4ef3: valid; 2.1 s; peak memory 9263 MiB.
2026-10-09T11:01:04Z INFO [1169/2500] bf142cc1-7b63-46b2-a7e6-4c0434fca5ea: valid; 2.5 s; peak memory 9263 MiB.
2026-10-09T11:01:05Z INFO [1170/2500] bf146211-bf0f-4d1c-8d9c-6c3a77d6deb5: not valid; 1.4 s; peak memory 9263 MiB.
2026-10-09T11:01:07Z INFO [1171/2500] bf159945-d764-4746-bb62-295a243a4e06: valid; 2.3 s; peak memory 9263 MiB.
2026-10-09T11:01:09Z INFO [1172/2500] bf161358-4729-4f0d-bbd7-8f61e24e3392: not valid; 1.5 s; peak memory 9263 MiB.
2026-10-09T11:01:12Z INFO [1173/2500] bf162bd6-2851-40c4-b14a-6f551d9be9d4: valid; 3.4 s; peak memory 9263 MiB.
2026-10-09T11:01:14Z INFO [1174/2500] bf16eb69-1a6b-4f0a-90f8-9a7dd22cadde: valid; 1.5 s; peak memory 9263 MiB.
2026-10-09T11:01:15Z INFO [1175/2500] bf17c013-4cb0-45a1-929c-c2f0318657b8: valid; 1.5 s; peak memory 9263 MiB.
2026-10-09T11:01:19Z INFO [1176/2500] bf17cda5-9749-4a2d-afe3-61a8592e5795: not valid; 3.9 s; peak memory 9263 MiB.
2026-10-09T11:01:22Z INFO [1177/2500] bf1808e2-5d2b-4951-8b6a-ac99208778ce: valid; 3.0 s; peak memory 9263 MiB.
2026-10-09T11:01:24Z INFO [1178/2500] bf18acd3-3ca4-4cea-93b8-6f5e51e77288: valid; 1.5 s; peak memory 9263 MiB.
2026-10-09T11:01:25Z INFO [1179/2500] bf190a58-6a27-40a6-a0c6-8334c6750613: not valid; 1.4 s; peak memory 9263 MiB.
2026-10-09T11:01:28Z INFO [1180/2500] bf1944b4-6d05-4aa9-8284-caf195d111c9: valid; 3.0 s; peak memory 9263 MiB.
2026-10-09T11:01:37Z INFO [1181/2500] bf19b4a6-9385-4ba1-9d43-f3737f955c77: valid; 8.9 s; peak memory 9263 MiB.
2026-10-09T11:01:39Z INFO [1182/2500] bf1b36f8-0856-46d1-8c06-04cb31a51ce3: not valid; 1.6 s; peak memory 9263 MiB.
2026-10-09T11:01:42Z INFO [1183/2500] bf1b8120-855f-4737-b2db-36ed3d960bc6: valid; 3.0 s; peak memory 9263 MiB.
2026-10-09T11:01:43Z WARNING bf1c2027-1ffc-4beb-ab09-663cff759c88: failed while opening the NWB file (ConstructError: (root/acquisition/_iblmic_audioSpectrogram/bands GroupBuilder {'attributes': {'colnames': array(['freq'], dtype=object), 'description': 'spectogram frequencies', 'namespace': 'core', 'neurodata_type': 'FrequencyBandsTable', 'object_id': '0eb2ddb8-4046-4ec6-b655-8087e50c2219'}, 'groups': {}, 'datasets': {'freq': root/acquisition/_iblmic_audioSpectrogram/bands/freq DatasetBuilder {'attributes': {'description': 'frequency value', 'namespace': 'hdmf-common', 'neurodata_type': 'VectorData', 'object_id': '3b2c4ff8-abbf-41b8-ab27-25d54ef386ad'}, 'data': <HDF5 dataset "freq": shape (257,), type "<f4">}, 'id': root/acquisition/_iblmic_audioSpectrogram/bands/id DatasetBuilder {'attributes': {'namespace': 'hdmf-common', 'neurodata_type': 'ElementIdentifiers', 'object_id': '1bcdcf63-1644-412c-9eb3-7d85cd22f149'}, 'data': <HDF5 dataset "id": shape (257,), type "<i4">}}, 'links': {}}, "Could not construct FrequencyBandsTable object due to: column must have the same number of rows as 'id'"))
2026-10-09T11:01:45Z INFO [1185/2500] bf1c254f-f270-4e1e-bdae-c8bc581076ad: valid; 1.4 s; peak memory 9263 MiB.
2026-10-09T11:01:47Z INFO [1186/2500] bf1c34e1-76bb-4625-a3d4-12cf7af753a9: not valid; 2.1 s; peak memory 9263 MiB.
2026-10-09T11:01:48Z INFO [1187/2500] bf1c5a77-5058-473b-888f-99556d41a5b5: not valid; 1.4 s; peak memory 9263 MiB.
2026-10-09T11:02:00Z INFO [1188/2500] bf1ca5be-a29c-46ce-b053-838159a680e1: valid; 11.3 s; peak memory 9263 MiB.
2026-10-09T11:02:08Z INFO [1189/2500] bf1dd414-1ea1-47c8-a6ae-4cd2f94dc4a7: valid; 8.7 s; peak memory 9263 MiB.
2026-10-09T11:02:10Z INFO [1190/2500] bf1e0d38-e0ec-44d6-a511-537aee9aedc6: valid; 1.4 s; peak memory 9263 MiB.
2026-10-09T11:02:11Z INFO [1191/2500] bf1e1f7f-2f22-416e-b2b4-a5ba00dd7cfd: valid; 1.0 s; peak memory 9263 MiB.
2026-10-09T11:02:27Z INFO [1192/2500] bf1e2bf4-9382-4405-a129-66415325a60c: valid; 15.7 s; peak memory 9263 MiB.
2026-10-09T11:02:28Z INFO [1193/2500] bf1e4067-cd7a-4ea1-a86b-3780fac61129: valid; 1.9 s; peak memory 9263 MiB.
2026-10-09T11:02:30Z INFO [1194/2500] bf1e8879-2fef-487a-8f9f-d61a516a161e: not valid; 1.8 s; peak memory 9263 MiB.
2026-10-09T11:02:32Z INFO [1195/2500] bf1e9cd5-7be4-4ff8-8b61-22b75d4efac1: valid; 1.8 s; peak memory 9263 MiB.
2026-10-09T11:02:38Z INFO [1196/2500] bf1f689b-cc03-4f9e-bdbb-1fc42fd8970e: valid; 5.7 s; peak memory 9263 MiB.
2026-10-09T11:02:39Z INFO [1197/2500] bf1f7c48-ebf5-4286-8c0d-1d7026b82726: valid; 1.3 s; peak memory 9263 MiB.
2026-10-09T11:02:41Z INFO [1198/2500] bf1f8a50-eaf3-46af-bb64-7dc35fd053e0: not valid; 1.6 s; peak memory 9263 MiB.
2026-10-09T11:02:50Z INFO [1199/2500] bf20129b-e347-4338-a571-e876843d0357: valid; 9.0 s; peak memory 9263 MiB.
2026-10-09T11:02:51Z WARNING bf201e92-da4a-4fe1-bf0c-57c663c8d203: failed while opening the NWB file (ConstructError: (root/acquisition/_iblmic_audioSpectrogram/bands GroupBuilder {'attributes': {'colnames': array(['freq'], dtype=object), 'description': 'spectogram frequencies', 'namespace': 'core', 'neurodata_type': 'FrequencyBandsTable', 'object_id': '160500d1-a52c-4c26-a575-2be983179d7f'}, 'groups': {}, 'datasets': {'freq': root/acquisition/_iblmic_audioSpectrogram/bands/freq DatasetBuilder {'attributes': {'description': 'frequency value', 'namespace': 'hdmf-common', 'neurodata_type': 'VectorData', 'object_id': '7e813da7-1128-4aa2-8552-de7afd45d46e'}, 'data': <HDF5 dataset "freq": shape (257,), type "<f4">}, 'id': root/acquisition/_iblmic_audioSpectrogram/bands/id DatasetBuilder {'attributes': {'namespace': 'hdmf-common', 'neurodata_type': 'ElementIdentifiers', 'object_id': '5e65e932-7339-494e-ad38-64f56dc04e1d'}, 'data': <HDF5 dataset "id": shape (257,), type "<i4">}}, 'links': {}}, "Could not construct FrequencyBandsTable object due to: column must have the same number of rows as 'id'"))
2026-10-09T11:02:53Z INFO [1200/2500] bf201e92-da4a-4fe1-bf0c-57c663c8d203: checkpointed 189710 new records.
2026-10-09T11:02:55Z INFO [1201/2500] bf20664c-0c19-492c-bf86-51c9aaf68cc8: valid; 1.9 s; peak memory 9263 MiB.
2026-10-09T11:02:56Z INFO [1202/2500] bf20c089-156f-42d0-931d-a3435885b93c: valid; 1.2 s; peak memory 9263 MiB.
2026-10-09T11:02:58Z INFO [1203/2500] bf21252f-b4b2-4bcd-94d3-fa75f6c76758: valid; 2.6 s; peak memory 9263 MiB.
2026-10-09T11:03:09Z INFO [1204/2500] bf22441a-93f8-4a37-a3d3-6a9017509718: valid; 10.4 s; peak memory 9263 MiB.
2026-10-09T11:03:11Z INFO [1205/2500] bf225029-48e0-44b2-93cc-e99171d6d236: valid; 2.0 s; peak memory 9263 MiB.
2026-10-09T11:03:12Z INFO [1206/2500] bf227100-c5db-400e-9b5f-8e10e8752534: valid; 1.3 s; peak memory 9263 MiB.
2026-10-09T11:03:13Z INFO [1207/2500] bf228d40-85b9-4698-8e25-ad1c05fe0e46: valid; 1.2 s; peak memory 9263 MiB.
2026-10-09T11:03:17Z INFO [1208/2500] bf22b752-fa0a-4632-ab10-de7843bd8d64: not valid; 3.8 s; peak memory 9263 MiB.
2026-10-09T11:03:19Z INFO [1209/2500] bf233e39-cfb6-48da-9a72-529640736e1e: not valid; 1.5 s; peak memory 9263 MiB.
2026-10-09T11:03:22Z INFO [1210/2500] bf234cfe-aa46-4623-a37f-681cecc65e00: valid; 3.5 s; peak memory 9263 MiB.
2026-10-09T11:03:23Z INFO [1211/2500] bf24760a-0571-444d-a4c4-87ae5119e122: valid; 1.3 s; peak memory 9263 MiB.
2026-10-09T11:03:25Z INFO [1212/2500] bf24a4fc-e7a0-4e10-b326-25293a1aeac0: valid; 1.4 s; peak memory 9263 MiB.
2026-10-09T11:03:27Z INFO [1213/2500] bf24baac-d96d-49a0-99ac-489807d29779: valid; 2.7 s; peak memory 9263 MiB.
2026-10-09T11:03:29Z INFO [1214/2500] bf24e3fb-cb45-46a0-bf7d-776902b8d803: valid; 1.8 s; peak memory 9263 MiB.
2026-10-09T11:03:31Z INFO [1215/2500] bf256456-c587-418c-b11c-9904e569e095: valid; 1.3 s; peak memory 9263 MiB.
2026-10-09T11:03:32Z INFO [1216/2500] bf257568-a74f-49c6-8a29-c8a0b3ee0c15: valid; 1.3 s; peak memory 9263 MiB.
2026-10-09T11:03:34Z INFO [1217/2500] bf2584d5-64f7-45e0-87c1-175f3e1d891e: valid; 1.7 s; peak memory 9263 MiB.
2026-10-09T11:03:37Z INFO [1218/2500] bf25e6e7-870c-44ff-834e-59124e4bca3f: valid; 3.3 s; peak memory 9263 MiB.
2026-10-09T11:03:39Z INFO [1219/2500] bf260872-c085-4058-aa34-f1bca0959dea: valid; 2.6 s; peak memory 9263 MiB.
2026-10-09T11:03:47Z INFO [1220/2500] bf26a43e-dd79-4fb9-b0f2-c373a6414e0f: valid; 7.6 s; peak memory 9263 MiB.
2026-10-09T11:03:49Z INFO [1221/2500] bf26ce21-53b5-431f-bdb6-5b07b84e33b9: valid; 1.8 s; peak memory 9263 MiB.
2026-10-09T11:03:50Z INFO [1222/2500] bf26dd00-8ccb-4ba3-9f5f-d31f26e23c97: valid; 1.3 s; peak memory 9263 MiB.
2026-10-09T11:03:52Z INFO [1223/2500] bf26e537-5805-4bfb-8349-98e6b6ae79d3: not valid; 2.0 s; peak memory 9263 MiB.
2026-10-09T11:03:54Z INFO [1224/2500] bf2704c0-2cdd-4122-8592-4b4de403a22d: not valid; 1.6 s; peak memory 9263 MiB.
2026-10-09T11:03:57Z INFO [1225/2500] bf2784a8-1416-42aa-8cce-379ec2afdc6e: valid; 3.4 s; peak memory 9263 MiB.
2026-10-09T11:03:59Z INFO [1226/2500] bf27c990-846f-4c61-b2f1-023702786844: valid; 2.0 s; peak memory 9263 MiB.
2026-10-09T11:04:00Z INFO [1227/2500] bf285937-fe36-4178-95cd-4ca0da2c3cb4: valid; 1.3 s; peak memory 9263 MiB.
2026-10-09T11:04:03Z INFO [1228/2500] bf289174-2116-4a52-8143-66a48fbf45f8: valid; 2.7 s; peak memory 9263 MiB.
2026-10-09T11:04:45Z INFO [1229/2500] bf28f29b-7882-4b5d-b35a-8e6542c9b5e9: valid; 41.5 s; peak memory 9263 MiB.
2026-10-09T11:04:46Z INFO [1230/2500] bf291996-366a-4a2d-b016-a2528519e90e: not valid; 1.6 s; peak memory 9263 MiB.
2026-10-09T11:04:51Z INFO [1231/2500] bf298607-22c6-4c27-8aa2-c5adaf4245df: not valid; 4.3 s; peak memory 9263 MiB.
2026-10-09T11:05:06Z INFO [1232/2500] bf29af16-e869-4693-a0b0-8b15e3a8ba30: valid; 15.4 s; peak memory 9263 MiB.
2026-10-09T11:05:08Z WARNING bf2a047c-5a7a-414a-a9c1-0a614828ebea: failed while opening the NWB file (ConstructError: (root/acquisition/_iblmic_audioSpectrogram/bands GroupBuilder {'attributes': {'colnames': array(['freq'], dtype=object), 'description': 'spectogram frequencies', 'namespace': 'core', 'neurodata_type': 'FrequencyBandsTable', 'object_id': '697ccdc4-26c5-403e-9adc-2db83a7b81f3'}, 'groups': {}, 'datasets': {'freq': root/acquisition/_iblmic_audioSpectrogram/bands/freq DatasetBuilder {'attributes': {'description': 'frequency value', 'namespace': 'hdmf-common', 'neurodata_type': 'VectorData', 'object_id': 'de92e710-183f-4211-b464-0969cbd55ce0'}, 'data': <HDF5 dataset "freq": shape (257,), type "<f4">}, 'id': root/acquisition/_iblmic_audioSpectrogram/bands/id DatasetBuilder {'attributes': {'namespace': 'hdmf-common', 'neurodata_type': 'ElementIdentifiers', 'object_id': 'a4c55eb0-7c44-4372-9b8b-9c8152f7fa3a'}, 'data': <HDF5 dataset "id": shape (257,), type "<i4">}}, 'links': {}}, "Could not construct FrequencyBandsTable object due to: column must have the same number of rows as 'id'"))
2026-10-09T11:05:11Z INFO [1234/2500] bf2aab42-7333-4f0b-ac15-676f939ee4f5: not valid; 3.0 s; peak memory 9263 MiB.
2026-10-09T11:05:12Z INFO [1235/2500] bf2acbcc-7b02-44f6-996d-8605a0563485: valid; 1.2 s; peak memory 9263 MiB.
2026-10-09T11:05:14Z INFO [1236/2500] bf2cb951-3ff0-405d-9d89-9abd2fadffd4: valid; 2.1 s; peak memory 9263 MiB.
2026-10-09T11:05:16Z INFO [1237/2500] bf2cc7ec-f2ec-4e3d-95ac-d4717d1e536d: valid; 2.1 s; peak memory 9263 MiB.
2026-10-09T11:05:18Z INFO [1238/2500] bf2d218b-fa2e-4616-b7eb-80fe2282799d: not valid; 2.0 s; peak memory 9263 MiB.
2026-10-09T11:05:20Z INFO [1239/2500] bf2d35a6-1c04-41f0-832d-c0fdf195dfcb: valid; 1.4 s; peak memory 9263 MiB.
2026-10-09T11:05:21Z INFO [1240/2500] bf2ea96b-50d0-4715-b629-955d3acdffca: valid; 1.3 s; peak memory 9263 MiB.
2026-10-09T11:05:22Z INFO [1241/2500] bf2f7dcc-3d62-47fc-9c4e-9a0f7e38a6a6: valid; 1.4 s; peak memory 9263 MiB.
2026-10-09T11:05:33Z INFO [1242/2500] bf2fb45e-10bc-40df-8ecc-f20e201addd0: valid; 11.2 s; peak memory 9263 MiB.
2026-10-09T11:05:36Z INFO [1243/2500] bf30ef42-f545-4c10-a22e-6df7ac552714: valid; 2.3 s; peak memory 9263 MiB.
2026-10-09T11:05:45Z INFO [1244/2500] bf310839-ce7e-4e13-99df-6772b7971a1d: valid; 9.4 s; peak memory 9263 MiB.
2026-10-09T11:05:46Z INFO [1245/2500] bf31e99b-126e-4fef-8c3e-8340714f4aa2: valid; 1.2 s; peak memory 9263 MiB.
2026-10-09T11:05:48Z INFO [1246/2500] bf321a3d-bbc9-4738-9018-216536582e83: valid; 2.0 s; peak memory 9263 MiB.
2026-10-09T11:06:00Z INFO [1247/2500] bf329926-7521-4721-9ce7-f185c4ad2641: valid; 11.5 s; peak memory 9263 MiB.
2026-10-09T11:06:01Z INFO [1248/2500] bf32c81d-6627-4a7b-bbf0-6a5d94629f38: valid; 1.3 s; peak memory 9263 MiB.
2026-10-09T11:06:03Z INFO [1249/2500] bf336f9f-6388-4b2b-8341-39090faf0e7d: not valid; 1.4 s; peak memory 9263 MiB.
2026-10-09T11:06:05Z INFO [1250/2500] bf347a39-e381-4608-8502-47172d4dfc2d: valid; 2.2 s; peak memory 9263 MiB.
2026-10-09T11:06:06Z INFO [1250/2500] bf347a39-e381-4608-8502-47172d4dfc2d: checkpointed 189760 new records.
2026-10-09T11:06:07Z INFO [1251/2500] bf34818f-46df-4fd0-9800-0c895aa5b085: valid; 1.0 s; peak memory 9263 MiB.
2026-10-09T11:06:08Z INFO [1252/2500] bf3541f9-e1c8-4fe6-913b-bc1819e031a1: valid; 1.2 s; peak memory 9263 MiB.
2026-10-09T11:06:09Z INFO [1253/2500] bf359886-ad16-4c39-8c47-40ee9a9687d6: valid; 1.1 s; peak memory 9263 MiB.
2026-10-09T11:06:12Z INFO [1254/2500] bf3697e7-2fd9-4a7f-ac23-beb797096cb4: valid; 2.5 s; peak memory 9263 MiB.
2026-10-09T11:06:14Z INFO [1255/2500] bf36f8b6-20fb-4adb-a8f0-307c8a40c97c: valid; 2.1 s; peak memory 9263 MiB.
2026-10-09T11:06:16Z INFO [1256/2500] bf377ab8-9c57-4988-9eb6-5976a2dd58cd: valid; 1.7 s; peak memory 9263 MiB.
2026-10-09T11:06:17Z INFO [1257/2500] bf37f78f-9340-4871-8e05-939436b89289: valid; 1.3 s; peak memory 9263 MiB.
2026-10-09T11:06:20Z INFO [1258/2500] bf38a98b-dedd-4cbf-89fa-f4b52a59cf91: valid; 3.3 s; peak memory 9263 MiB.
2026-10-09T11:06:37Z INFO [1259/2500] bf39253f-f092-4007-a433-d6a1dce33e67: not valid; 17.2 s; peak memory 9263 MiB.
2026-10-09T11:06:39Z INFO [1260/2500] bf392d6f-7ad5-43df-98cb-cf775cb5ec28: valid; 1.6 s; peak memory 9263 MiB.
2026-10-09T11:06:40Z INFO [1261/2500] bf39d99e-1a7f-44a2-a020-de5dcf49aac1: valid; 1.2 s; peak memory 9263 MiB.
2026-10-09T11:06:42Z INFO [1262/2500] bf3a261b-4308-4c65-af16-fd8d49ffbd24: valid; 1.9 s; peak memory 9263 MiB.
2026-10-09T11:06:44Z INFO [1263/2500] bf3a5f1b-eda7-44af-bce7-816c2f8fa0cb: not valid; 1.6 s; peak memory 9263 MiB.
2026-10-09T11:06:45Z INFO [1264/2500] bf3a7bd3-8a38-4b4d-be4b-c006a60fb8bc: valid; 1.2 s; peak memory 9263 MiB.
2026-10-09T11:06:46Z INFO [1265/2500] bf3a9e96-adab-4225-a694-2304de88931f: not valid; 1.4 s; peak memory 9263 MiB.
2026-10-09T11:06:48Z INFO [1266/2500] bf3b8812-22c7-4a6f-9c61-567e07a2853f: not valid; 1.6 s; peak memory 9263 MiB.
2026-10-09T11:06:50Z INFO [1267/2500] bf3c2053-5777-4f5d-ae55-a8cd864c95f9: valid; 2.3 s; peak memory 9263 MiB.
2026-10-09T11:06:53Z INFO [1268/2500] bf3c3115-d866-4ea3-8a9f-9377d442f179: valid; 2.9 s; peak memory 9263 MiB.
2026-10-09T11:06:58Z INFO [1269/2500] bf3c4275-050a-4408-8e3b-6e16c9a43cc7: valid; 4.5 s; peak memory 9263 MiB.
2026-10-09T11:06:58Z WARNING bf3c5e43-f648-48cb-80d8-109edde85281: failed while retrieving asset information from the DANDI API (NotFoundError: No asset at path 'sub-MutantMouse/sub-MutantMouse_ses-20221220_behavior.nwb' in version 0.260601.1203. Verify the path is correct and the asset exists in this version. Use 'dandi ls' to list available assets.)
2026-10-09T11:06:59Z INFO [1271/2500] bf3c98bc-73e0-4f05-b6e3-7cb22f49662b: valid; 1.1 s; peak memory 9263 MiB.
2026-10-09T11:07:11Z INFO [1272/2500] bf3cfe47-b034-43aa-8810-971d6841f03d: valid; 11.6 s; peak memory 9263 MiB.
2026-10-09T11:07:26Z INFO [1273/2500] bf3d2003-f7f4-4a5d-97a0-b7791b50ede2: valid; 15.2 s; peak memory 9263 MiB.
2026-10-09T11:07:28Z INFO [1274/2500] bf3db765-2144-464f-8d47-e6073e41fa93: not valid; 2.3 s; peak memory 9263 MiB.
2026-10-09T11:07:30Z INFO [1275/2500] bf3e194b-12cd-45f6-8691-822cba7e9db6: not valid; 1.5 s; peak memory 9263 MiB.
2026-10-09T11:07:32Z INFO [1276/2500] bf3e6e5b-a8ff-4a75-a092-38854da33d24: valid; 1.8 s; peak memory 9263 MiB.
2026-10-09T11:07:33Z INFO [1277/2500] bf3e73a2-2195-45ae-916d-b991ccc8970c: not valid; 1.4 s; peak memory 9263 MiB.
2026-10-09T11:07:34Z INFO [1278/2500] bf3e9d90-2016-48f9-976e-d301ac1e728b: valid; 1.3 s; peak memory 9263 MiB.
2026-10-09T11:07:35Z INFO [1279/2500] bf402535-eef1-4fd1-959c-059b55d1112e: valid; 1.0 s; peak memory 9263 MiB.
2026-10-09T11:07:44Z INFO [1280/2500] bf403145-e655-44fa-a380-ea03bfb20092: not valid; 8.4 s; peak memory 9263 MiB.
2026-10-09T11:07:45Z INFO [1281/2500] bf403ca4-5dad-402f-93f5-416aadaed394: valid; 1.4 s; peak memory 9263 MiB.
2026-10-09T11:07:46Z INFO [1282/2500] bf40c2d0-f22b-47b7-9a0a-31856d1124b7: valid; 1.3 s; peak memory 9263 MiB.
2026-10-09T11:07:46Z WARNING bf40caa9-e930-4212-8552-73ca4e5d043b: failed while retrieving asset information from the DANDI API (NotFoundError: No asset at path 'sub-ZS059/sub-ZS059_ses-behavior-ZS059-2021-04-24-15-38-10.nwb' in version 0.260928.2230. Verify the path is correct and the asset exists in this version. Use 'dandi ls' to list available assets.)
2026-10-09T11:07:48Z INFO [1284/2500] bf416b95-1d32-452e-98c2-43e22501c988: valid; 1.9 s; peak memory 9263 MiB.
2026-10-09T11:07:50Z INFO [1285/2500] bf41a8ec-56a6-4a06-bef6-90a1d6e1661a: not valid; 1.5 s; peak memory 9263 MiB.
2026-10-09T11:07:51Z INFO [1286/2500] bf423176-a6b4-4990-b863-da7b0de5717d: valid; 1.3 s; peak memory 9263 MiB.
2026-10-09T11:07:52Z INFO [1287/2500] bf42da0c-82c4-40f9-81e5-94fb7bb3eec1: valid; 1.4 s; peak memory 9263 MiB.
2026-10-09T11:07:53Z WARNING bf436793-b6e7-4725-b863-78e68a21cddb: failed while retrieving asset information from the DANDI API (NotFoundError: No asset at path 'sub-ZS062/sub-ZS062_ses-behavior-ZS062-2021-04-10-19-16-30.nwb' in version 0.260928.2230. Verify the path is correct and the asset exists in this version. Use 'dandi ls' to list available assets.)
2026-10-09T11:07:56Z INFO [1289/2500] bf4368d5-4ef1-4376-bf0a-744d4a4bf9a5: valid; 3.2 s; peak memory 9263 MiB.
2026-10-09T11:07:59Z INFO [1290/2500] bf43cc7b-5e06-4bb4-bf67-4ee82c996fed: valid; 3.5 s; peak memory 9263 MiB.
2026-10-09T11:08:01Z INFO [1291/2500] bf43f589-0754-4f20-b29d-8d4f92cce04d: not valid; 1.9 s; peak memory 9263 MiB.
2026-10-09T11:08:04Z INFO [1292/2500] bf441ddc-193c-4f9b-9055-502168c74fe1: not valid; 3.3 s; peak memory 9263 MiB.
2026-10-09T11:08:06Z INFO [1293/2500] bf4424d3-2699-49a9-b0f5-0d6028971130: valid; 1.3 s; peak memory 9263 MiB.
2026-10-09T11:08:14Z INFO [1294/2500] bf442d0d-0707-43eb-9232-aae8b547bbd1: valid; 8.3 s; peak memory 9263 MiB.
2026-10-09T11:08:15Z INFO [1295/2500] bf4472b5-68a2-449a-acbe-bb931af084ba: not valid; 1.5 s; peak memory 9263 MiB.
2026-10-09T11:08:18Z INFO [1296/2500] bf453a55-1113-4e09-bcd1-23ffbb9e8680: valid; 2.8 s; peak memory 9263 MiB.
2026-10-09T11:08:26Z INFO [1297/2500] bf45ec1e-ecb2-4882-9bea-684f212b1894: not valid; 7.4 s; peak memory 9263 MiB.
2026-10-09T11:08:28Z INFO [1298/2500] bf46109b-f3a8-4aa1-b3ff-bb60384de5cd: valid; 2.4 s; peak memory 9263 MiB.
2026-10-09T11:08:31Z INFO [1299/2500] bf467306-5bb7-468b-9989-f7f6b4120fe3: valid; 3.1 s; peak memory 9263 MiB.
2026-10-09T11:08:32Z INFO [1300/2500] bf47cbea-82a8-4e3d-a781-3e68a7d04b5c: valid; 1.3 s; peak memory 9263 MiB.
2026-10-09T11:08:34Z INFO [1300/2500] bf47cbea-82a8-4e3d-a781-3e68a7d04b5c: checkpointed 189810 new records.
2026-10-09T11:08:36Z INFO [1301/2500] bf481234-5fb9-4bc8-b5d5-47c6e6643478: valid; 2.0 s; peak memory 9263 MiB.
2026-10-09T11:08:37Z INFO [1302/2500] bf48632e-b703-4dae-88ef-c1acdcbd2496: valid; 1.3 s; peak memory 9263 MiB.
2026-10-09T11:08:39Z INFO [1303/2500] bf4866d5-3fd0-4dc1-b5c2-ca481a47e9aa: valid; 2.2 s; peak memory 9263 MiB.
2026-10-09T11:08:40Z INFO [1304/2500] bf48f057-cccc-43e2-98f0-bdefafe3a6c5: valid; 0.9 s; peak memory 9263 MiB.
2026-10-09T11:08:52Z INFO [1305/2500] bf49b91d-214c-44c5-8153-563c0c90625d: valid; 12.2 s; peak memory 9263 MiB.
2026-10-09T11:08:55Z INFO [1306/2500] bf49f905-7799-44bc-9d14-ae5090a43f95: valid; 2.3 s; peak memory 9263 MiB.
2026-10-09T11:08:57Z INFO [1307/2500] bf4a6444-0d50-4b7b-b355-7bf3080df79c: valid; 2.5 s; peak memory 9263 MiB.
2026-10-09T11:08:59Z INFO [1308/2500] bf4af480-8f26-4ba6-ae32-9207897bcae3: valid; 1.6 s; peak memory 9263 MiB.
2026-10-09T11:09:01Z INFO [1309/2500] bf4bb6fd-4ff0-46ee-bdde-fc83819d4ab4: valid; 2.5 s; peak memory 9263 MiB.
2026-10-09T11:09:03Z INFO [1310/2500] bf4bc5f6-faa4-4c44-8e41-2aec9e217cb2: not valid; 1.7 s; peak memory 9263 MiB.
2026-10-09T11:09:05Z INFO [1311/2500] bf4bf75e-1ae3-4d6d-a59b-12a8cc1b0a9b: valid; 1.9 s; peak memory 9263 MiB.
2026-10-09T11:09:07Z INFO [1312/2500] bf4c7ad5-8859-46b2-8001-788fa8ad0986: valid; 1.7 s; peak memory 9263 MiB.
2026-10-09T11:09:08Z INFO [1313/2500] bf4cb835-8277-427e-a668-505a1da36c33: valid; 1.2 s; peak memory 9263 MiB.
2026-10-09T11:09:08Z WARNING bf4d1e11-a095-46b9-9065-5dd04a6c728f: failed while retrieving asset information from the DANDI API (NotFoundError: No asset at path 'sub-healthy-simulated-lfp/sub-healthy-simulated-lfp_ses-9093_ecephys.nwb' in version 0.250327.2220. Verify the path is correct and the asset exists in this version. Use 'dandi ls' to list available assets.)
2026-10-09T11:09:10Z INFO [1315/2500] bf4d30e3-4157-4c12-a68c-146f43e13d02: not valid; 1.5 s; peak memory 9263 MiB.
2026-10-09T11:09:12Z INFO [1316/2500] bf4d6ab8-703a-4f3b-b85d-43fd0c7dd693: valid; 2.5 s; peak memory 9263 MiB.
2026-10-09T11:09:14Z INFO [1317/2500] bf4d8986-ae79-432c-b14a-075014dd6dae: valid; 2.2 s; peak memory 9263 MiB.
2026-10-09T11:09:16Z INFO [1318/2500] bf4e5dae-34c2-442e-85b7-3b9507077c25: valid; 1.3 s; peak memory 9263 MiB.
2026-10-09T11:09:17Z INFO [1319/2500] bf4eab68-2e85-4b34-b99c-86ebde36fc00: valid; 1.9 s; peak memory 9263 MiB.
2026-10-09T11:09:19Z INFO [1320/2500] bf4ec325-1c7b-4d2f-81ed-830525bae9f1: valid; 1.8 s; peak memory 9263 MiB.
2026-10-09T11:09:22Z INFO [1321/2500] bf504ae7-ec30-45c7-a1ae-502c331be9cc: valid; 3.1 s; peak memory 9263 MiB.
2026-10-09T11:09:24Z INFO [1322/2500] bf506cef-c3c4-425f-bd05-afaab35a1d0c: valid; 2.1 s; peak memory 9263 MiB.
2026-10-09T11:09:26Z INFO [1323/2500] bf5076ef-1767-4596-9d40-6ccf493114ea: valid; 1.7 s; peak memory 9263 MiB.
2026-10-09T11:09:28Z INFO [1324/2500] bf50dcba-3ce7-4d2e-a86a-e2d03e98d1e9: valid; 2.0 s; peak memory 9263 MiB.
2026-10-09T11:09:31Z INFO [1325/2500] bf5179ef-d11c-4e63-bca5-ddc92cc5bc46: valid; 2.8 s; peak memory 9263 MiB.
2026-10-09T11:09:33Z INFO [1326/2500] bf518926-9207-4e66-9510-198eea96451b: valid; 1.9 s; peak memory 9263 MiB.
2026-10-09T11:09:39Z INFO [1327/2500] bf527d9d-6ad8-46cc-aa31-f7628b25b8f2: not valid; 6.3 s; peak memory 9263 MiB.
2026-10-09T11:09:41Z INFO [1328/2500] bf52e3d2-dab7-4a6c-93e9-164f9a142dca: not valid; 2.5 s; peak memory 9263 MiB.
2026-10-09T11:09:43Z INFO [1329/2500] bf52ee4c-301c-466d-9417-370ab64446df: not valid; 1.7 s; peak memory 9263 MiB.
2026-10-09T11:09:45Z INFO [1330/2500] bf530a4e-1762-4834-8500-24dbd9018353: valid; 2.0 s; peak memory 9263 MiB.
2026-10-09T11:09:59Z INFO [1331/2500] bf536b88-5d2e-4476-b84e-f44dc1bc95d8: valid; 13.7 s; peak memory 9263 MiB.
2026-10-09T11:10:00Z INFO [1332/2500] bf543858-8937-463c-8888-5f8f8f2e57dc: valid; 1.4 s; peak memory 9263 MiB.
2026-10-09T11:10:02Z WARNING bf54b107-b840-48ef-a191-ac66e84c72eb: failed while opening the NWB file (ConstructError: (root/acquisition/event_code_meanings GroupBuilder {'attributes': {'colnames': array(['value', 'meaning'], dtype=object), 'description': 'Mapping integer event codes to event labels', 'namespace': 'ndx-events', 'neurodata_type': 'MeaningsTable', 'object_id': 'ffb73552-798a-40b9-a336-79bfb1311ee8'}, 'groups': {}, 'datasets': {'id': root/acquisition/event_code_meanings/id DatasetBuilder {'attributes': {'namespace': 'hdmf-common', 'neurodata_type': 'ElementIdentifiers', 'object_id': '609a0d01-cb33-4854-8f20-e4cd8b0db857'}, 'data': <HDF5 dataset "id": shape (26,), type "<i8">}, 'meaning': root/acquisition/event_code_meanings/meaning DatasetBuilder {'attributes': {'description': 'The meaning of the value in the parent CategoricalVectorData object.', 'namespace': 'hdmf-experimental', 'neurodata_type': 'VectorData', 'object_id': '868cb350-55d1-4d75-90d1-bb962f20b041'}, 'data': <StrDataset for HDF5 dataset "meaning": shape (26,), type "|O">}, 'value': root/acquisition/event_code_meanings/value DatasetBuilder {'attributes': {'description': 'The value of the parent CategoricalVectorData object.', 'namespace': 'hdmf-experimental', 'neurodata_type': 'VectorData', 'object_id': 'a7605266-94ec-4302-a9d4-457bd9b950f6'}, 'data': <HDF5 dataset "value": shape (26,), type "<i8">}}, 'links': {}}, "Could not construct MeaningsTable object due to: MeaningsTable.__init__: missing argument 'target'"))
2026-10-09T11:10:05Z INFO [1334/2500] bf5532d3-2b9b-439f-8a90-0c30b0c973c5: valid; 3.2 s; peak memory 9263 MiB.
2026-10-09T11:10:07Z INFO [1335/2500] bf5546c9-2d94-413a-8951-bfb458d0ccba: valid; 1.9 s; peak memory 9263 MiB.
2026-10-09T11:10:10Z INFO [1336/2500] bf55931c-d61f-4478-b927-fc4e20069ca6: valid; 2.6 s; peak memory 9263 MiB.
2026-10-09T11:10:20Z INFO [1337/2500] bf5611c3-fa59-48fc-8a14-af58cadd0033: valid; 10.1 s; peak memory 9263 MiB.
2026-10-09T11:10:20Z WARNING bf56181d-35d6-4601-8989-9d1d81a4a794: failed while retrieving asset information from the DANDI API (NotFoundError: No asset at path 'sub-672850/sub-672850_ses-behavior-672850-2023-06-29-19-35-01.nwb' in version 0.260928.2230. Verify the path is correct and the asset exists in this version. Use 'dandi ls' to list available assets.)
2026-10-09T11:10:22Z INFO [1339/2500] bf563a0c-dd4e-4c90-9aea-bfeccfc74d8c: not valid; 2.0 s; peak memory 9263 MiB.
2026-10-09T11:10:28Z INFO [1340/2500] bf568fd3-df66-46d5-a0e8-689d5b2f0512: not valid; 6.0 s; peak memory 9263 MiB.
2026-10-09T11:10:31Z INFO [1341/2500] bf56bd78-e11e-43ff-bd9a-38e3b20e858f: valid; 2.6 s; peak memory 9263 MiB.
2026-10-09T11:10:32Z INFO [1342/2500] bf5705de-de87-4c64-badb-3375c1c9bfb8: valid; 1.3 s; peak memory 9263 MiB.
2026-10-09T11:10:34Z INFO [1343/2500] bf570e27-ba33-43d8-9c44-261171bfd06a: valid; 2.0 s; peak memory 9263 MiB.
2026-10-09T11:10:36Z INFO [1344/2500] bf572dd1-9052-4846-b287-1562838b31fc: valid; 1.9 s; peak memory 9263 MiB.
2026-10-09T11:10:43Z INFO [1345/2500] bf573c4b-0770-43e4-9f20-29532d5226f6: valid; 7.7 s; peak memory 9263 MiB.
2026-10-09T11:10:45Z WARNING bf5792a8-0b3a-4929-aa94-fbe4c895a37b: failed while opening the NWB file (ConstructError: (root/acquisition/_iblmic_audioSpectrogram/bands GroupBuilder {'attributes': {'colnames': array(['freq'], dtype=object), 'description': 'spectogram frequencies', 'namespace': 'core', 'neurodata_type': 'FrequencyBandsTable', 'object_id': 'a2f23a1d-018e-4ba8-88c1-de5d1d326362'}, 'groups': {}, 'datasets': {'freq': root/acquisition/_iblmic_audioSpectrogram/bands/freq DatasetBuilder {'attributes': {'description': 'frequency value', 'namespace': 'hdmf-common', 'neurodata_type': 'VectorData', 'object_id': '8967c125-2cd7-4edc-8c33-89c91b3df763'}, 'data': <HDF5 dataset "freq": shape (257,), type "<f4">}, 'id': root/acquisition/_iblmic_audioSpectrogram/bands/id DatasetBuilder {'attributes': {'namespace': 'hdmf-common', 'neurodata_type': 'ElementIdentifiers', 'object_id': '08770366-d93d-4d9c-ab21-b3f4a333c07e'}, 'data': <HDF5 dataset "id": shape (257,), type "<i4">}}, 'links': {}}, "Could not construct FrequencyBandsTable object due to: column must have the same number of rows as 'id'"))
2026-10-09T11:10:47Z INFO [1347/2500] bf57dd5f-2bfc-4df5-9a3b-d721573ec26a: not valid; 2.1 s; peak memory 9263 MiB.
2026-10-09T11:10:49Z INFO [1348/2500] bf580cd7-51c1-4309-bf8b-979d80ba8e64: valid; 1.2 s; peak memory 9263 MiB.
2026-10-09T11:10:51Z INFO [1349/2500] bf581b2c-176a-4004-b7be-9a2e7ce5124e: valid; 1.9 s; peak memory 9263 MiB.
2026-10-09T11:10:54Z INFO [1350/2500] bf584f29-05d3-4a28-bb9e-a1cadcdc4d56: valid; 3.1 s; peak memory 9263 MiB.
2026-10-09T11:10:55Z INFO [1350/2500] bf584f29-05d3-4a28-bb9e-a1cadcdc4d56: checkpointed 189860 new records.
2026-10-09T11:10:57Z INFO [1351/2500] bf5a2a62-fbb1-4c0b-887f-92cac672cd24: valid; 1.7 s; peak memory 9263 MiB.
2026-10-09T11:10:58Z INFO [1352/2500] bf5a4e2f-87b2-4098-b1f6-63245591851c: valid; 1.4 s; peak memory 9263 MiB.
2026-10-09T11:11:00Z INFO [1353/2500] bf5a7478-302f-46f9-8886-0a79f47a0025: not valid; 1.7 s; peak memory 9263 MiB.
2026-10-09T11:11:00Z WARNING bf5a7d3a-8125-4688-9abf-3a5569d3b765: failed while retrieving asset information from the DANDI API (NotFoundError: No such Dandiset: 000561)
2026-10-09T11:11:03Z INFO [1355/2500] bf5b0e91-c664-4c37-9ada-4442939195e3: valid; 3.1 s; peak memory 9263 MiB.
2026-10-09T11:11:05Z INFO [1356/2500] bf5b2291-63ae-4d13-aacd-5c541d63eb32: valid; 1.8 s; peak memory 9263 MiB.
2026-10-09T11:11:06Z INFO [1357/2500] bf5b3c68-b45d-4463-b724-2997953d7ff7: valid; 1.2 s; peak memory 9263 MiB.
2026-10-09T11:11:07Z INFO [1358/2500] bf5ba406-af7a-448b-a4d4-8d1c41623c7b: valid; 1.3 s; peak memory 9263 MiB.
2026-10-09T11:11:09Z INFO [1359/2500] bf5c5256-cb47-4188-9bfa-36583aecbe2a: valid; 1.3 s; peak memory 9263 MiB.
2026-10-09T11:11:09Z WARNING bf5c8370-6fa7-4414-8e13-cdffa4c25bc2: failed while retrieving asset information from the DANDI API (NotFoundError: No asset at path 'sub-parkinson-simulated-lfp/sub-parkinson-simulated-lfp_ses-9526_ecephys.nwb' in version 0.250327.2220. Verify the path is correct and the asset exists in this version. Use 'dandi ls' to list available assets.)
2026-10-09T11:11:10Z INFO [1361/2500] bf5c9d56-84ad-4d50-b834-b67ce5d2931f: valid; 1.3 s; peak memory 9263 MiB.
2026-10-09T11:11:11Z INFO [1362/2500] bf5cabfd-eb92-42e3-a56e-aa4661b29609: valid; 1.2 s; peak memory 9263 MiB.
2026-10-09T11:11:19Z INFO [1363/2500] bf5cb7ee-c4ec-4cad-a6b1-15484591ed17: valid; 8.0 s; peak memory 9263 MiB.
2026-10-09T11:11:21Z INFO [1364/2500] bf5cc3fa-fffb-4957-b500-890589a2308d: valid; 2.2 s; peak memory 9263 MiB.
2026-10-09T11:11:23Z INFO [1365/2500] bf5d1a2d-245c-4e23-8feb-cf3225f9330a: not valid; 1.4 s; peak memory 9263 MiB.
2026-10-09T11:11:24Z INFO [1366/2500] bf5d1c87-0b07-4107-b85d-e036eaa43612: valid; 1.3 s; peak memory 9263 MiB.
2026-10-09T11:11:30Z INFO [1367/2500] bf5d46e8-fb7f-4c45-a6d1-3f7c383be0a0: valid; 5.8 s; peak memory 9263 MiB.
2026-10-09T11:11:37Z INFO [1368/2500] bf5d4d38-2084-4910-ab1c-c0cea713dd4b: valid; 7.2 s; peak memory 9263 MiB.
2026-10-09T11:11:39Z INFO [1369/2500] bf5df3e6-6e3a-4fd7-ad55-1527b49486d6: valid; 1.8 s; peak memory 9263 MiB.
2026-10-09T11:11:49Z INFO [1370/2500] bf5e1ffc-0ff3-41be-bebc-e1da1f447834: valid; 9.8 s; peak memory 9263 MiB.
2026-10-09T11:11:50Z INFO [1371/2500] bf5e21c6-d626-4d16-8d6b-bf28083960bd: valid; 1.6 s; peak memory 9263 MiB.
2026-10-09T11:11:57Z INFO [1372/2500] bf5f2a89-455e-4c80-86ec-5aca0869fdf4: valid; 6.8 s; peak memory 9263 MiB.
2026-10-09T11:12:00Z INFO [1373/2500] bf5fec2b-6d91-4b29-8d4c-bf40df7671b2: valid; 2.5 s; peak memory 9263 MiB.
2026-10-09T11:12:04Z INFO [1374/2500] bf604f52-b9c3-412f-9c5c-5579af92b7a0: not valid; 4.4 s; peak memory 9263 MiB.
2026-10-09T11:14:07Z INFO [1375/2500] bf61070f-6e5a-4433-b7a7-b7fcbcdbe60e: valid; 122.6 s; peak memory 9263 MiB.
2026-10-09T11:14:08Z INFO [1376/2500] bf611c16-20ec-488d-868d-0e4aac2acbb2: not valid; 1.6 s; peak memory 9263 MiB.
2026-10-09T11:14:10Z INFO [1377/2500] bf617905-ce90-48e9-8a94-30d14bf477d4: valid; 1.3 s; peak memory 9263 MiB.
2026-10-09T11:16:09Z INFO [1378/2500] bf61895f-10dd-4acd-b81a-0523ddcfc3fb: valid; 118.9 s; peak memory 9659 MiB.
2026-10-09T11:16:10Z INFO [1379/2500] bf61ecbe-6e7f-44bb-9ec3-dee2af711a5b: valid; 1.6 s; peak memory 9660 MiB.
2026-10-09T11:16:24Z INFO [1380/2500] bf641c44-89fa-4a59-a531-b2f4d5804950: valid; 14.1 s; peak memory 9779 MiB.
2026-10-09T11:16:26Z INFO [1381/2500] bf648366-373f-43eb-87cd-47c4fde99bb6: valid; 1.3 s; peak memory 9781 MiB.
2026-10-09T11:16:33Z INFO [1382/2500] bf652653-0d16-42f6-88ee-336e9f2d95c6: not valid; 7.9 s; peak memory 10047 MiB.
2026-10-09T11:16:35Z INFO [1383/2500] bf66725d-8100-4487-ab6a-677efc4bd3ef: valid; 1.3 s; peak memory 10047 MiB.
2026-10-09T11:16:38Z INFO [1384/2500] bf66905b-9100-45d6-9191-977920f5b92f: not valid; 3.8 s; peak memory 10047 MiB.
2026-10-09T11:16:43Z INFO [1385/2500] bf6715ea-d08f-48bc-a10e-9da7dbace372: valid; 4.9 s; peak memory 10047 MiB.
2026-10-09T11:16:44Z INFO [1386/2500] bf674b05-b144-4e40-8e5d-b0dfa145375b: valid; 1.0 s; peak memory 10047 MiB.
2026-10-09T11:16:46Z INFO [1387/2500] bf678455-0dfd-424b-a83c-a01013148c3d: valid; 1.9 s; peak memory 10047 MiB.
2026-10-09T11:16:50Z INFO [1388/2500] bf67aab0-04c6-4054-9aa3-1049d2baba67: valid; 3.7 s; peak memory 10047 MiB.
2026-10-09T11:16:51Z INFO [1389/2500] bf68230a-231e-4686-9186-4b83aa9e5fea: valid; 1.4 s; peak memory 10047 MiB.
2026-10-09T11:16:52Z INFO [1390/2500] bf687cdd-4b3d-49d8-96fc-54724de8882d: valid; 1.0 s; peak memory 10047 MiB.
2026-10-09T11:16:55Z INFO [1391/2500] bf6892c6-928e-40fc-9541-1418573ac597: not valid; 2.2 s; peak memory 10047 MiB.
2026-10-09T11:16:56Z INFO [1392/2500] bf696b7d-e465-4ce6-b3c0-c678c525d16e: valid; 1.1 s; peak memory 10047 MiB.
2026-10-09T11:16:58Z INFO [1393/2500] bf699626-8169-48c2-aba0-c28e8d56c8f1: not valid; 1.9 s; peak memory 10047 MiB.
2026-10-09T11:17:00Z INFO [1394/2500] bf6a8ef2-3438-4acd-9bd4-e594a80ca1c5: valid; 2.4 s; peak memory 10047 MiB.
2026-10-09T11:17:01Z INFO [1395/2500] bf6aba2b-839e-4d82-aa70-d95eb438b236: valid; 1.4 s; peak memory 10047 MiB.
2026-10-09T11:17:03Z INFO [1396/2500] bf6ac798-432d-4e54-bc80-2517d43ff287: valid; 1.8 s; peak memory 10047 MiB.
2026-10-09T11:17:08Z INFO [1397/2500] bf6b3479-735b-4355-81a8-3303ec821e14: valid; 4.6 s; peak memory 10047 MiB.
2026-10-09T11:17:19Z INFO [1398/2500] bf6b5153-0e7d-49b1-9eca-91ae179bd5cf: valid; 10.9 s; peak memory 10047 MiB.
2026-10-09T11:17:20Z INFO [1399/2500] bf6dd321-cfde-41ca-9832-d9cdd30dbc98: valid; 1.3 s; peak memory 10047 MiB.
2026-10-09T11:17:48Z INFO [1400/2500] bf6df0eb-73b3-4f95-bd3d-bc0916e76434: not valid; 27.5 s; peak memory 10047 MiB.
2026-10-09T11:17:49Z INFO [1400/2500] bf6df0eb-73b3-4f95-bd3d-bc0916e76434: checkpointed 189910 new records.
2026-10-09T11:17:51Z INFO [1401/2500] bf6f05e1-461d-4439-a725-19505d1906ad: valid; 1.7 s; peak memory 10047 MiB.
2026-10-09T11:17:52Z INFO [1402/2500] bf6f4b8d-8cc3-43f5-8307-b130016ff780: valid; 1.3 s; peak memory 10047 MiB.
2026-10-09T11:17:56Z INFO [1403/2500] bf6fbfd3-9704-40e7-a8b8-b20de9961e0b: valid; 3.8 s; peak memory 10047 MiB.
2026-10-09T11:17:57Z INFO [1404/2500] bf704fbb-fc55-4141-9e95-5e9eb779c23c: valid; 1.6 s; peak memory 10047 MiB.
2026-10-09T11:17:59Z INFO [1405/2500] bf7098fb-3e2f-4333-be87-fd4d8d0aaab3: valid; 1.2 s; peak memory 10047 MiB.
2026-10-09T11:18:00Z INFO [1406/2500] bf70dca3-a00d-45db-9cf9-0dc541c0f6b4: valid; 1.3 s; peak memory 10047 MiB.
2026-10-09T11:18:04Z INFO [1407/2500] bf7196be-b40d-4fa8-a68f-3a29f0171269: not valid; 4.4 s; peak memory 10047 MiB.
2026-10-09T11:18:14Z INFO [1408/2500] bf72224f-3088-42c0-8bc5-564d163c7911: valid; 10.2 s; peak memory 10047 MiB.
2026-10-09T11:18:16Z INFO [1409/2500] bf72ef35-0d0b-431d-8796-c74025e5b8b5: not valid; 1.0 s; peak memory 10047 MiB.
2026-10-09T11:18:22Z INFO [1410/2500] bf731b4c-48cd-44fd-b615-c20af532fcc6: valid; 6.9 s; peak memory 10047 MiB.
2026-10-09T11:18:25Z INFO [1411/2500] bf738007-298d-4595-913e-c8a26b5faadf: valid; 2.4 s; peak memory 10047 MiB.
2026-10-09T11:18:27Z INFO [1412/2500] bf73801f-698a-437b-9f76-384bf28b1aa2: valid; 1.7 s; peak memory 10047 MiB.
2026-10-09T11:18:27Z WARNING bf73ead3-d3e0-491c-b6f1-59ec976f0ba7: failed while retrieving asset information from the DANDI API (NotFoundError: No such Dandiset: 000561)
2026-10-09T11:18:28Z INFO [1414/2500] bf73f1ed-3e06-4ce2-be9c-36f13a271cfb: valid; 1.4 s; peak memory 10047 MiB.
2026-10-09T11:18:30Z INFO [1415/2500] bf73f76a-6cee-41ff-9fee-8ff683f22336: not valid; 2.0 s; peak memory 10047 MiB.
2026-10-09T11:18:32Z INFO [1416/2500] bf74e435-e02b-4307-9fd2-ee037c5a0a7b: valid; 1.7 s; peak memory 10047 MiB.
2026-10-09T11:18:33Z INFO [1417/2500] bf75396f-f6b7-4744-85da-7e121cbf6264: not valid; 1.4 s; peak memory 10047 MiB.
2026-10-09T11:18:34Z INFO [1418/2500] bf75ba97-b154-402d-9ec4-c141d2520c86: valid; 1.3 s; peak memory 10047 MiB.
2026-10-09T11:18:37Z INFO [1419/2500] bf75fd8f-5f89-4049-b85b-e88b10270ef9: valid; 2.9 s; peak memory 10047 MiB.
2026-10-09T11:18:39Z INFO [1420/2500] bf7680e7-1af6-482b-b365-a6e9838f1281: valid; 1.6 s; peak memory 10047 MiB.
2026-10-09T11:18:40Z INFO [1421/2500] bf76b63a-a391-474d-8dc6-9dafed19f2a1: not valid; 1.3 s; peak memory 10047 MiB.
2026-10-09T11:18:43Z INFO [1422/2500] bf772e6e-f3ea-441c-a797-19ec530650ac: valid; 2.9 s; peak memory 10047 MiB.
2026-10-09T11:18:46Z INFO [1423/2500] bf77e6bc-6197-46a9-b365-0d5e53ac9c1e: valid; 2.6 s; peak memory 10047 MiB.
2026-10-09T11:18:47Z INFO [1424/2500] bf77eb7f-39a5-4054-a993-08cb0eea296a: valid; 1.9 s; peak memory 10047 MiB.
2026-10-09T11:18:52Z INFO [1425/2500] bf78b7cd-a32b-4995-9977-c84e0969189b: not valid; 4.7 s; peak memory 10047 MiB.
2026-10-09T11:18:52Z WARNING bf79435b-39f0-4b7f-9536-89495bbdba21: failed while retrieving asset information from the DANDI API (NotFoundError: No asset at path 'sub-17/sub-17_ses-17_ecephys+image.nwb' in version 0.230530.1822. Verify the path is correct and the asset exists in this version. Use 'dandi ls' to list available assets.)
2026-10-09T11:18:54Z INFO [1427/2500] bf7a01c9-5bd8-456e-acff-bdabb34662da: valid; 2.0 s; peak memory 10047 MiB.
2026-10-09T11:18:56Z INFO [1428/2500] bf7a21a6-e37e-4c9f-a498-a19873484248: valid; 1.2 s; peak memory 10047 MiB.
2026-10-09T11:18:57Z INFO [1429/2500] bf7ac069-f45b-4d3c-b092-6cfd81af95ae: valid; 1.0 s; peak memory 10047 MiB.
2026-10-09T11:18:57Z INFO [1430/2500] bf7b25e5-2f20-4d94-ae51-9bf99bbd814b: valid; 0.9 s; peak memory 10047 MiB.
2026-10-09T11:18:59Z INFO [1431/2500] bf7bc2bd-fad6-4275-84b3-42cc52125873: valid; 1.3 s; peak memory 10047 MiB.
2026-10-09T11:19:02Z INFO [1432/2500] bf7bcb8e-0769-4d1c-bcc1-3b31ef72cb43: valid; 2.8 s; peak memory 10047 MiB.
2026-10-09T11:19:05Z INFO [1433/2500] bf7bd264-93df-4820-9458-1f0ab81b9d66: valid; 3.7 s; peak memory 10047 MiB.
2026-10-09T11:19:07Z INFO [1434/2500] bf7c07e0-5738-49d2-8a73-f1119660cbd3: valid; 1.7 s; peak memory 10047 MiB.
2026-10-09T11:19:09Z INFO [1435/2500] bf7c2ff1-a5e3-4009-9dc8-fbafc7a5537b: valid; 2.2 s; peak memory 10047 MiB.
2026-10-09T11:19:11Z INFO [1436/2500] bf7c47c5-751a-4d93-99c5-8ed3fb383dea: valid; 1.8 s; peak memory 10047 MiB.
2026-10-09T11:19:13Z INFO [1437/2500] bf7d44d1-1281-4fd5-a073-ecea70cdced9: valid; 2.0 s; peak memory 10047 MiB.
2026-10-09T11:19:15Z INFO [1438/2500] bf7d6049-618c-4568-9123-66709fb926d6: valid; 1.9 s; peak memory 10047 MiB.
2026-10-09T11:19:16Z INFO [1439/2500] bf7da092-5772-4239-bbd0-80d05b7fa41f: valid; 1.3 s; peak memory 10047 MiB.
2026-10-09T11:19:18Z INFO [1440/2500] bf7e3a34-6af3-4f59-a2e2-1b4015271700: valid; 2.0 s; peak memory 10047 MiB.
2026-10-09T11:19:19Z INFO [1441/2500] bf7e59f1-9bc3-4ead-903b-2a77554139b4: valid; 1.3 s; peak memory 10047 MiB.
2026-10-09T11:19:21Z INFO [1442/2500] bf7e9c27-2bb5-4a5d-80ac-be704245a7b5: valid; 1.1 s; peak memory 10047 MiB.
2026-10-09T11:19:22Z INFO [1443/2500] bf7ebe20-64bf-48d5-9e34-633c91b28281: not valid; 1.4 s; peak memory 10047 MiB.
2026-10-09T11:19:36Z INFO [1444/2500] bf7edf4d-7be9-41d9-912d-ce2da560c8d5: not valid; 14.2 s; peak memory 10047 MiB.
2026-10-09T11:19:38Z INFO [1445/2500] bf8042fb-2f5a-488d-8e3c-bfff850e34cd: valid; 2.2 s; peak memory 10047 MiB.
2026-10-09T11:19:40Z INFO [1446/2500] bf805abe-700e-41d5-9f0b-ae2935dd0d3c: valid; 1.9 s; peak memory 10047 MiB.
2026-10-09T11:19:42Z INFO [1447/2500] bf809668-a55a-4395-af07-122b19296af9: not valid; 1.3 s; peak memory 10047 MiB.
2026-10-09T11:19:43Z INFO [1448/2500] bf813980-1ee4-4927-9dc7-61df9417d9fc: valid; 1.1 s; peak memory 10047 MiB.
2026-10-09T11:19:57Z INFO [1449/2500] bf81cdb9-7b29-4aa7-ac52-d476aa082d42: valid; 14.1 s; peak memory 10047 MiB.
2026-10-09T11:19:59Z INFO [1450/2500] bf81f774-e874-4e27-8a83-e322c705dc9e: valid; 1.9 s; peak memory 10047 MiB.
2026-10-09T11:20:00Z INFO [1450/2500] bf81f774-e874-4e27-8a83-e322c705dc9e: checkpointed 189960 new records.
2026-10-09T11:20:01Z INFO [1451/2500] bf8248c3-4a95-4018-9274-2cdc3c1c2e48: valid; 1.3 s; peak memory 10047 MiB.
2026-10-09T11:20:02Z INFO [1452/2500] bf826e4e-a3db-447b-89bf-91fa43e144b3: valid; 1.0 s; peak memory 10047 MiB.
2026-10-09T11:20:05Z INFO [1453/2500] bf82bbbd-c0db-4613-ac9f-7c3d2a478cf6: valid; 3.0 s; peak memory 10047 MiB.
2026-10-09T11:20:08Z INFO [1454/2500] bf82d8b7-3070-4431-9ab1-78a0dd8a84c5: valid; 2.9 s; peak memory 10047 MiB.
2026-10-09T11:20:10Z INFO [1455/2500] bf83a7f6-4782-4a0a-b1aa-78f4edfe0952: valid; 1.4 s; peak memory 10047 MiB.
2026-10-09T11:20:11Z INFO [1456/2500] bf83e425-a4d4-48d4-97cf-7ed11eb5fe6e: valid; 1.3 s; peak memory 10047 MiB.
2026-10-09T11:20:18Z INFO [1457/2500] bf8484d2-647f-42ac-b508-b12a814461b4: valid; 6.8 s; peak memory 10047 MiB.
2026-10-09T11:20:19Z INFO [1458/2500] bf848d2a-6fe1-440d-bbe2-f55a851e4a80: valid; 1.3 s; peak memory 10047 MiB.
2026-10-09T11:20:20Z INFO [1459/2500] bf84dd0e-c631-4816-8e3b-a73546a8fb2c: valid; 1.2 s; peak memory 10047 MiB.
2026-10-09T11:20:21Z INFO [1460/2500] bf858603-7687-4032-8777-92cefe838547: valid; 1.2 s; peak memory 10047 MiB.
2026-10-09T11:20:25Z INFO [1461/2500] bf85d1e4-9ecc-4f37-a606-e5f2772d3030: valid; 3.9 s; peak memory 10047 MiB.
2026-10-09T11:20:26Z INFO [1462/2500] bf85e8c6-56ff-442e-a95b-de678cb7bed5: valid; 1.2 s; peak memory 10047 MiB.
2026-10-09T11:20:28Z WARNING bf862e1a-e57c-4482-a211-e7404cea235c: failed while opening the NWB file (ConstructError: (root/acquisition/_iblmic_audioSpectrogram/bands GroupBuilder {'attributes': {'colnames': array(['freq'], dtype=object), 'description': 'spectogram frequencies', 'namespace': 'core', 'neurodata_type': 'FrequencyBandsTable', 'object_id': '26e6bb73-e75a-4533-8e35-bc4bd27f80d1'}, 'groups': {}, 'datasets': {'freq': root/acquisition/_iblmic_audioSpectrogram/bands/freq DatasetBuilder {'attributes': {'description': 'frequency value', 'namespace': 'hdmf-common', 'neurodata_type': 'VectorData', 'object_id': '3e2626ff-2783-49e6-9bcc-01d39e69d599'}, 'data': <HDF5 dataset "freq": shape (257,), type "<f4">}, 'id': root/acquisition/_iblmic_audioSpectrogram/bands/id DatasetBuilder {'attributes': {'namespace': 'hdmf-common', 'neurodata_type': 'ElementIdentifiers', 'object_id': '69e770fd-9bdf-4028-9478-14347b2a2789'}, 'data': <HDF5 dataset "id": shape (257,), type "<i4">}}, 'links': {}}, "Could not construct FrequencyBandsTable object due to: column must have the same number of rows as 'id'"))
2026-10-09T11:20:29Z INFO [1464/2500] bf863600-7acf-42c9-968e-e9501896a1b2: valid; 1.2 s; peak memory 10086 MiB.
2026-10-09T11:20:31Z INFO [1465/2500] bf864c28-b658-4b9d-9c47-a138c67b90c3: valid; 1.2 s; peak memory 10086 MiB.
2026-10-09T11:20:32Z INFO [1466/2500] bf86fe89-cd76-4b4a-bc4c-2e8d74fbfee1: valid; 1.1 s; peak memory 10086 MiB.
2026-10-09T11:20:33Z INFO [1467/2500] bf87551d-dc27-4809-8380-905c44a63f65: valid; 1.2 s; peak memory 10086 MiB.
2026-10-09T11:20:35Z INFO [1468/2500] bf880432-55eb-4b88-b206-5b3c3b6df9f7: valid; 1.8 s; peak memory 10086 MiB.
2026-10-09T11:20:37Z INFO [1469/2500] bf880586-8b0c-4563-9e30-ff474ad22ce1: not valid; 2.6 s; peak memory 10086 MiB.
2026-10-09T11:20:39Z INFO [1470/2500] bf884271-34cc-45e6-b002-5cf9524bd867: valid; 1.2 s; peak memory 10086 MiB.
2026-10-09T11:20:40Z WARNING bf884c6a-1ba6-4606-91c6-424e36d0f73b: failed while opening the NWB file (ConstructError: (root/acquisition/event_code_meanings GroupBuilder {'attributes': {'colnames': array(['value', 'meaning'], dtype=object), 'description': 'Mapping integer event codes to event labels', 'namespace': 'ndx-events', 'neurodata_type': 'MeaningsTable', 'object_id': '96ceca51-f7a2-4672-85a1-5f4f78593f77'}, 'groups': {}, 'datasets': {'id': root/acquisition/event_code_meanings/id DatasetBuilder {'attributes': {'namespace': 'hdmf-common', 'neurodata_type': 'ElementIdentifiers', 'object_id': '7195b315-f22f-4471-9ec9-e555cad2fef1'}, 'data': <HDF5 dataset "id": shape (26,), type "<i8">}, 'meaning': root/acquisition/event_code_meanings/meaning DatasetBuilder {'attributes': {'description': 'The meaning of the value in the parent CategoricalVectorData object.', 'namespace': 'hdmf-experimental', 'neurodata_type': 'VectorData', 'object_id': 'c8e0b6cb-76a0-49de-9012-d31aac44a42e'}, 'data': <StrDataset for HDF5 dataset "meaning": shape (26,), type "|O">}, 'value': root/acquisition/event_code_meanings/value DatasetBuilder {'attributes': {'description': 'The value of the parent CategoricalVectorData object.', 'namespace': 'hdmf-experimental', 'neurodata_type': 'VectorData', 'object_id': 'd40b8172-20d5-4e96-9cd7-9020828921de'}, 'data': <HDF5 dataset "value": shape (26,), type "<i8">}}, 'links': {}}, "Could not construct MeaningsTable object due to: MeaningsTable.__init__: missing argument 'target'"))
2026-10-09T11:20:42Z INFO [1472/2500] bf884f3c-6746-4878-886a-f6774adf74a2: valid; 1.8 s; peak memory 10086 MiB.
2026-10-09T11:20:44Z INFO [1473/2500] bf88b318-82a3-47a1-844a-9e2d202017bf: valid; 2.1 s; peak memory 10086 MiB.
2026-10-09T11:20:45Z INFO [1474/2500] bf892dc8-bd7d-42dc-9573-4197b7750bfa: not valid; 1.3 s; peak memory 10086 MiB.
2026-10-09T11:20:50Z INFO [1475/2500] bf8937fe-1ea4-4fdf-af08-919a7b75ad9f: not valid; 4.7 s; peak memory 10086 MiB.
2026-10-09T11:20:52Z INFO [1476/2500] bf8941b4-5873-46c1-8988-96cf699d4009: valid; 1.8 s; peak memory 10086 MiB.
2026-10-09T11:20:53Z INFO [1477/2500] bf8a9e52-d391-4ccb-8682-3466e7d3ac13: valid; 1.0 s; peak memory 10086 MiB.
2026-10-09T11:20:55Z INFO [1478/2500] bf8b3d1f-5adc-4d33-9666-ae0989600444: valid; 2.2 s; peak memory 10086 MiB.
2026-10-09T11:20:56Z INFO [1479/2500] bf8bab37-b011-4cb3-b162-d4034e21dd41: valid; 1.0 s; peak memory 10086 MiB.
2026-10-09T11:21:00Z INFO [1480/2500] bf8c061d-af5d-4593-81f6-b3defe1c9886: not valid; 4.1 s; peak memory 10086 MiB.
2026-10-09T11:21:10Z INFO [1481/2500] bf8dfcda-61ad-4b6f-8e89-84c64cd5bf53: not valid; 9.7 s; peak memory 10086 MiB.
2026-10-09T11:21:11Z INFO [1482/2500] bf8e6c04-e433-4713-a91f-4b42c919fbf0: valid; 1.8 s; peak memory 10086 MiB.
2026-10-09T11:21:24Z INFO [1483/2500] bf8f2b06-877c-4637-8873-7aeea4ef9850: valid; 12.2 s; peak memory 10086 MiB.
2026-10-09T11:21:26Z INFO [1484/2500] bf8f43f6-ae86-4134-bd6b-c6ee82e0d501: valid; 2.4 s; peak memory 10086 MiB.
2026-10-09T11:21:29Z INFO [1485/2500] bf8f4dac-5035-452b-bae8-4b54dbb9432c: not valid; 3.1 s; peak memory 10086 MiB.
2026-10-09T11:21:32Z INFO [1486/2500] bf8f9bdd-713d-4fcd-8e5e-77b42bbf6386: valid; 2.7 s; peak memory 10086 MiB.
2026-10-09T11:21:43Z INFO [1487/2500] bf906cc9-0c8c-407c-81b5-ab4482800405: valid; 11.4 s; peak memory 10086 MiB.
2026-10-09T11:21:46Z INFO [1488/2500] bf909a2e-88a5-451c-af4e-a90c2a5b47a5: valid; 3.1 s; peak memory 10086 MiB.
2026-10-09T11:21:47Z INFO [1489/2500] bf912ec7-9117-43c8-8ee7-354d3be2b870: valid; 1.0 s; peak memory 10086 MiB.
2026-10-09T11:21:49Z INFO [1490/2500] bf9165ce-c67a-42c1-a01a-ab30ae887cc7: valid; 2.0 s; peak memory 10086 MiB.
2026-10-09T11:21:53Z INFO [1491/2500] bf924b35-d13c-423a-8993-c5341cf5face: not valid; 4.0 s; peak memory 10086 MiB.
2026-10-09T11:22:00Z INFO [1492/2500] bf924d62-8086-46ca-a9b6-99d4ed472f03: not valid; 7.1 s; peak memory 10086 MiB.
2026-10-09T11:22:03Z INFO [1493/2500] bf9289bb-1404-41f4-8a3b-ca5004e7ae1b: valid; 2.4 s; peak memory 10086 MiB.
2026-10-09T11:22:04Z INFO [1494/2500] bf929be8-e108-4cd6-8d84-dc98a37740d3: valid; 1.4 s; peak memory 10086 MiB.
2026-10-09T11:22:06Z INFO [1495/2500] bf929ce8-6d10-49f2-b867-667f993b5fd4: valid; 1.8 s; peak memory 10086 MiB.
2026-10-09T11:22:20Z INFO [1496/2500] bf92b277-24dd-44ba-bd05-49bd29252df8: valid; 14.2 s; peak memory 10086 MiB.
2026-10-09T11:23:46Z INFO [1497/2500] bf938b65-f89e-4ec9-bff4-eb08122aea70: valid; 85.7 s; peak memory 10086 MiB.
2026-10-09T11:23:48Z INFO [1498/2500] bf93f53d-bed7-4fb8-8c5a-9908d87a1554: not valid; 2.4 s; peak memory 10086 MiB.
2026-10-09T11:23:50Z INFO [1499/2500] bf94a1ea-0cfe-4304-b087-462bde950f39: valid; 1.8 s; peak memory 10086 MiB.
2026-10-09T11:23:54Z INFO [1500/2500] bf94eaeb-2844-4a51-a1df-2d1bc1dd6d45: valid; 3.9 s; peak memory 10086 MiB.
2026-10-09T11:23:55Z INFO [1500/2500] bf94eaeb-2844-4a51-a1df-2d1bc1dd6d45: checkpointed 190010 new records.
2026-10-09T11:23:58Z INFO [1501/2500] bf9544d1-70ee-4cb7-95c5-4153041297e1: valid; 2.5 s; peak memory 10086 MiB.
2026-10-09T11:24:00Z INFO [1502/2500] bf95ad9a-35f5-4bed-a645-70b6f5eba505: valid; 1.9 s; peak memory 10086 MiB.
2026-10-09T11:24:01Z INFO [1503/2500] bf95c29f-8782-490c-ba62-6330ab1f7714: valid; 1.3 s; peak memory 10086 MiB.
2026-10-09T11:24:05Z INFO [1504/2500] bf970d76-84ca-4e7d-8b02-71fca4e2eb42: not valid; 3.5 s; peak memory 10086 MiB.
2026-10-09T11:24:06Z INFO [1505/2500] bf974721-b41a-4942-b4cb-77607ed9fdfd: valid; 1.4 s; peak memory 10086 MiB.
2026-10-09T11:24:08Z INFO [1506/2500] bf974824-04ca-4ed5-be6d-8c07c42bfce7: not valid; 2.0 s; peak memory 10086 MiB.
2026-10-09T11:24:12Z INFO [1507/2500] bf97a346-49b2-4cea-a53d-dd007c3161e5: valid; 4.0 s; peak memory 10086 MiB.
2026-10-09T11:24:14Z INFO [1508/2500] bf97db3b-36d6-491c-a686-fef4ce50e2b4: valid; 1.6 s; peak memory 10086 MiB.
2026-10-09T11:24:15Z WARNING bf985082-fef3-4991-8f92-dfb69597e5eb: failed while opening the NWB file (ConstructError: (root/acquisition/_iblmic_audioSpectrogram/bands GroupBuilder {'attributes': {'colnames': array(['freq'], dtype=object), 'description': 'spectogram frequencies', 'namespace': 'core', 'neurodata_type': 'FrequencyBandsTable', 'object_id': '9bbad524-4d6a-4cae-8d14-78170bd539cc'}, 'groups': {}, 'datasets': {'freq': root/acquisition/_iblmic_audioSpectrogram/bands/freq DatasetBuilder {'attributes': {'description': 'frequency value', 'namespace': 'hdmf-common', 'neurodata_type': 'VectorData', 'object_id': 'e7074ef5-9acd-4aea-9b93-d07d4b56b40f'}, 'data': <HDF5 dataset "freq": shape (257,), type "<f4">}, 'id': root/acquisition/_iblmic_audioSpectrogram/bands/id DatasetBuilder {'attributes': {'namespace': 'hdmf-common', 'neurodata_type': 'ElementIdentifiers', 'object_id': '8cb8ae38-cb2a-4c35-92d4-da05197a094b'}, 'data': <HDF5 dataset "id": shape (257,), type "<i4">}}, 'links': {}}, "Could not construct FrequencyBandsTable object due to: column must have the same number of rows as 'id'"))
2026-10-09T11:24:16Z WARNING bf9913d2-b4e7-462e-b071-07db3e4b1401: failed while opening the NWB file (PathNotFoundError: nothing found at path '')
2026-10-09T11:24:18Z INFO [1511/2500] bf992903-540d-4782-9daa-eca133df4fb5: valid; 2.0 s; peak memory 10086 MiB.
2026-10-09T11:24:19Z INFO [1512/2500] bf9943ea-21df-4031-8c2d-5f4993761c86: valid; 1.4 s; peak memory 10086 MiB.
2026-10-09T11:24:22Z INFO [1513/2500] bf999d84-4e19-4f9f-9169-6f203849800b: not valid; 2.4 s; peak memory 10086 MiB.
2026-10-09T11:24:26Z INFO [1514/2500] bf99a663-f3f3-4a10-80e6-8fad17e03372: valid; 3.9 s; peak memory 10086 MiB.
2026-10-09T11:24:36Z INFO [1515/2500] bf99bbb4-8066-49cf-9da6-542a159e5bbc: valid; 10.4 s; peak memory 10086 MiB.
2026-10-09T11:24:37Z INFO [1516/2500] bf99d600-0850-4993-a72b-2d7a62048164: valid; 0.9 s; peak memory 10086 MiB.
2026-10-09T11:24:38Z INFO [1517/2500] bf9a7ab6-70f1-49fc-b5f6-244027e8d1b6: valid; 1.1 s; peak memory 10086 MiB.
2026-10-09T11:24:40Z INFO [1518/2500] bf9a89b4-abec-42e2-aaf4-4beba8187dbe: valid; 2.1 s; peak memory 10086 MiB.
2026-10-09T11:24:43Z INFO [1519/2500] bf9a931d-03ea-4677-8d94-89d614707a84: valid; 3.2 s; peak memory 10086 MiB.
2026-10-09T11:24:45Z WARNING bf9aab2b-7e78-46aa-be3a-1222a178e6ef: failed while opening the NWB file (ConstructError: (root/acquisition/event_code_meanings GroupBuilder {'attributes': {'colnames': array(['value', 'meaning'], dtype=object), 'description': 'Mapping integer event codes to event labels', 'namespace': 'ndx-events', 'neurodata_type': 'MeaningsTable', 'object_id': '8ece942a-98b2-4770-bb3d-3ef3eaf03910'}, 'groups': {}, 'datasets': {'id': root/acquisition/event_code_meanings/id DatasetBuilder {'attributes': {'namespace': 'hdmf-common', 'neurodata_type': 'ElementIdentifiers', 'object_id': 'f9a92931-bbc3-4533-bd87-2c48259c5a2e'}, 'data': <HDF5 dataset "id": shape (26,), type "<i8">}, 'meaning': root/acquisition/event_code_meanings/meaning DatasetBuilder {'attributes': {'description': 'The meaning of the value in the parent CategoricalVectorData object.', 'namespace': 'hdmf-experimental', 'neurodata_type': 'VectorData', 'object_id': '50f6925a-3305-4b52-b75a-96fea4d2e82c'}, 'data': <StrDataset for HDF5 dataset "meaning": shape (26,), type "|O">}, 'value': root/acquisition/event_code_meanings/value DatasetBuilder {'attributes': {'description': 'The value of the parent CategoricalVectorData object.', 'namespace': 'hdmf-experimental', 'neurodata_type': 'VectorData', 'object_id': '0cef4ba2-4571-40b7-9dbe-f206f2531dee'}, 'data': <HDF5 dataset "value": shape (26,), type "<i8">}}, 'links': {}}, "Could not construct MeaningsTable object due to: MeaningsTable.__init__: missing argument 'target'"))
2026-10-09T11:24:48Z INFO [1521/2500] bf9af1e8-c374-463b-9b5b-e10fbab1daa3: valid; 2.8 s; peak memory 10086 MiB.
2026-10-09T11:24:50Z INFO [1522/2500] bf9b016a-75cf-4ad7-bfd2-d439622c3f66: valid; 1.9 s; peak memory 10086 MiB.
2026-10-09T11:24:51Z INFO [1523/2500] bf9b8c51-3aec-4b98-9816-b1fe370c583a: valid; 1.2 s; peak memory 10086 MiB.
2026-10-09T11:24:53Z INFO [1524/2500] bf9ba51f-719b-4f0f-822a-286af04638ff: valid; 1.2 s; peak memory 10086 MiB.
2026-10-09T11:24:54Z INFO [1525/2500] bf9bcefb-8630-4726-b79c-3b278de898c3: valid; 1.4 s; peak memory 10086 MiB.
2026-10-09T11:24:56Z INFO [1526/2500] bf9cc7e7-ffdd-448c-917d-468d8eaa9cc8: valid; 2.1 s; peak memory 10086 MiB.
2026-10-09T11:24:57Z INFO [1527/2500] bf9d2427-f726-4ef4-9f25-db2d17b6851c: not valid; 1.2 s; peak memory 10086 MiB.
2026-10-09T11:24:59Z INFO [1528/2500] bf9d5f0e-b3f9-4efb-9d33-40572903d059: valid; 1.3 s; peak memory 10086 MiB.
2026-10-09T11:25:00Z INFO [1529/2500] bf9d6c2c-7667-4e19-beb0-e3078a9af316: valid; 1.6 s; peak memory 10086 MiB.
2026-10-09T11:25:05Z INFO [1530/2500] bf9dc47e-446a-4770-b2f9-b74aa78ba688: valid; 5.1 s; peak memory 10086 MiB.
2026-10-09T11:25:10Z INFO [1531/2500] bf9dfc12-5229-491f-849f-02c576a58669: valid; 4.5 s; peak memory 10086 MiB.
2026-10-09T11:25:12Z INFO [1532/2500] bf9e6806-86ed-4c78-807c-297d847783ca: valid; 1.9 s; peak memory 10086 MiB.
2026-10-09T11:25:22Z INFO [1533/2500] bf9ebc9b-0ec0-40a3-bb12-30e78cb10b70: valid; 10.7 s; peak memory 10086 MiB.
2026-10-09T11:25:24Z INFO [1534/2500] bf9f7a1d-9219-4ae5-9d39-e101bb041dc0: valid; 1.3 s; peak memory 10086 MiB.
2026-10-09T11:25:25Z INFO [1535/2500] bf9f8cbe-4b8d-4791-b7a1-2c918b2908f2: not valid; 1.3 s; peak memory 10086 MiB.
2026-10-09T11:25:26Z INFO [1536/2500] bf9f9366-25f0-4334-a6d3-9e2792854ae9: valid; 1.4 s; peak memory 10086 MiB.
2026-10-09T11:25:28Z INFO [1537/2500] bfa00a79-51d4-45d2-a01a-d3838a5891dd: valid; 1.3 s; peak memory 10086 MiB.
2026-10-09T11:25:29Z INFO [1538/2500] bfa0abd1-19ae-405f-8342-470a6b8abe81: valid; 1.2 s; peak memory 10086 MiB.
2026-10-09T11:25:41Z INFO [1539/2500] bfa0e023-505d-4466-b850-4ceb5d9cb835: valid; 12.3 s; peak memory 10086 MiB.
2026-10-09T11:25:43Z INFO [1540/2500] bfa126ac-8fe1-4e70-a3d7-7232c05e3430: not valid; 1.8 s; peak memory 10086 MiB.
2026-10-09T11:25:46Z INFO [1541/2500] bfa18dd7-1bda-4bbf-9830-b1d3778df489: valid; 2.7 s; peak memory 10086 MiB.
2026-10-09T11:26:01Z INFO [1542/2500] bfa212c8-0080-49b6-9c33-c794b41e2a51: valid; 15.0 s; peak memory 10086 MiB.
2026-10-09T11:26:04Z INFO [1543/2500] bfa229cf-d518-47e4-8545-02138a248326: valid; 3.6 s; peak memory 10086 MiB.
2026-10-09T11:26:12Z INFO [1544/2500] bfa24b67-676b-4081-a138-27e7172c5485: valid; 7.3 s; peak memory 10086 MiB.
2026-10-09T11:26:13Z INFO [1545/2500] bfa299da-7847-4b06-834e-0212628f6ab4: valid; 1.2 s; peak memory 10086 MiB.
2026-10-09T11:26:15Z INFO [1546/2500] bfa40b9c-d3e1-4ad4-a9e3-d5716d18e498: not valid; 2.2 s; peak memory 10086 MiB.
2026-10-09T11:26:26Z INFO [1547/2500] bfa42292-5e11-4f42-ab2d-8eea76817ce8: valid; 11.3 s; peak memory 10086 MiB.
2026-10-09T11:26:28Z INFO [1548/2500] bfa47ab2-d46e-44c7-8f24-12e43d99e1ff: valid; 1.7 s; peak memory 10086 MiB.
2026-10-09T11:26:30Z INFO [1549/2500] bfa5a80a-b102-48db-9286-460420a3fc96: valid; 1.8 s; peak memory 10086 MiB.
2026-10-09T11:26:32Z INFO [1550/2500] bfa5ceb6-e6e9-4fd6-a6e5-c346d9917449: valid; 1.6 s; peak memory 10086 MiB.
2026-10-09T11:26:33Z INFO [1550/2500] bfa5ceb6-e6e9-4fd6-a6e5-c346d9917449: checkpointed 190060 new records.
2026-10-09T11:26:34Z INFO [1551/2500] bfa65ae1-dd43-45f7-85eb-a81ebcfffe0e: not valid; 1.3 s; peak memory 10086 MiB.
2026-10-09T11:26:36Z INFO [1552/2500] bfa699b8-df77-458c-8910-68c9c0724d11: not valid; 1.5 s; peak memory 10086 MiB.
2026-10-09T11:26:37Z INFO [1553/2500] bfa6fe72-c900-4f24-a8e5-efa5764f5881: valid; 1.2 s; peak memory 10086 MiB.
2026-10-09T11:26:49Z INFO [1554/2500] bfa7aebd-6eb6-461c-8ace-91563649d2ed: valid; 12.2 s; peak memory 10086 MiB.
2026-10-09T11:26:51Z INFO [1555/2500] bfa9b4f9-9b38-406b-8a0f-90b17c71b567: not valid; 1.4 s; peak memory 10086 MiB.
2026-10-09T11:26:57Z INFO [1556/2500] bfa9f93d-a3b4-445b-8f09-6fcdb73a9642: valid; 6.7 s; peak memory 10086 MiB.
2026-10-09T11:27:08Z INFO [1557/2500] bfaa6c40-0fe4-475b-8a13-70b41abc78c9: not valid; 10.6 s; peak memory 10086 MiB.
2026-10-09T11:27:10Z WARNING bfaa89f7-35ed-4fe2-b1ff-b6b973c32483: failed while opening the NWB file (ConstructError: (root/acquisition/event_code_meanings GroupBuilder {'attributes': {'colnames': array(['value', 'meaning'], dtype=object), 'description': 'Mapping integer event codes to event labels', 'namespace': 'ndx-events', 'neurodata_type': 'MeaningsTable', 'object_id': 'a739dee1-53dd-4027-a8b0-f5ff53d134bf'}, 'groups': {}, 'datasets': {'id': root/acquisition/event_code_meanings/id DatasetBuilder {'attributes': {'namespace': 'hdmf-common', 'neurodata_type': 'ElementIdentifiers', 'object_id': '89694452-27f0-444a-8440-47a5a833890f'}, 'data': <HDF5 dataset "id": shape (26,), type "<i8">}, 'meaning': root/acquisition/event_code_meanings/meaning DatasetBuilder {'attributes': {'description': 'The meaning of the value in the parent CategoricalVectorData object.', 'namespace': 'hdmf-experimental', 'neurodata_type': 'VectorData', 'object_id': '82e24ce5-f345-4ac3-92fc-b41cdc230c74'}, 'data': <StrDataset for HDF5 dataset "meaning": shape (26,), type "|O">}, 'value': root/acquisition/event_code_meanings/value DatasetBuilder {'attributes': {'description': 'The value of the parent CategoricalVectorData object.', 'namespace': 'hdmf-experimental', 'neurodata_type': 'VectorData', 'object_id': '4b2ff662-7672-45e1-b377-3d5d12039cbc'}, 'data': <HDF5 dataset "value": shape (26,), type "<i8">}}, 'links': {}}, "Could not construct MeaningsTable object due to: MeaningsTable.__init__: missing argument 'target'"))
2026-10-09T11:27:11Z INFO [1559/2500] bfaab1b6-40dd-4117-8b67-793aaa3ec2ca: valid; 1.6 s; peak memory 10086 MiB.
2026-10-09T11:27:42Z INFO [1560/2500] bfab3da8-7c0a-4b27-a2ab-abfeef853519: valid; 30.5 s; peak memory 10086 MiB.
2026-10-09T11:27:44Z INFO [1561/2500] bfabd0bb-5d7e-4c2c-8e3e-aec61cf69d2f: valid; 2.3 s; peak memory 10086 MiB.
2026-10-09T11:27:50Z INFO [1562/2500] bfac28ac-b954-41d5-b456-ea1a5d35077f: valid; 5.6 s; peak memory 10086 MiB.
2026-10-09T11:28:03Z INFO [1563/2500] bfac6166-fbf7-4c46-8e68-77cd58c13298: not valid; 13.0 s; peak memory 10086 MiB.
2026-10-09T11:28:04Z INFO [1564/2500] bfac89f4-b485-46b1-9ba6-d42b5a4df629: not valid; 1.6 s; peak memory 10086 MiB.
2026-10-09T11:28:06Z INFO [1565/2500] bfacb206-fc54-476a-ae25-40c87fcb4b76: not valid; 1.3 s; peak memory 10086 MiB.
2026-10-09T11:28:07Z WARNING bfacd797-f4ab-4395-8806-c6f6d57bd9f4: failed while opening the NWB file (ConstructError: (root/acquisition/_iblmic_audioSpectrogram/bands GroupBuilder {'attributes': {'colnames': array(['freq'], dtype=object), 'description': 'spectogram frequencies', 'namespace': 'core', 'neurodata_type': 'FrequencyBandsTable', 'object_id': 'd4e694db-d21f-43d1-85de-f09a62cef02f'}, 'groups': {}, 'datasets': {'freq': root/acquisition/_iblmic_audioSpectrogram/bands/freq DatasetBuilder {'attributes': {'description': 'frequency value', 'namespace': 'hdmf-common', 'neurodata_type': 'VectorData', 'object_id': '66538542-a28f-41d9-8ebe-1e6b9f78d44f'}, 'data': <HDF5 dataset "freq": shape (257,), type "<f4">}, 'id': root/acquisition/_iblmic_audioSpectrogram/bands/id DatasetBuilder {'attributes': {'namespace': 'hdmf-common', 'neurodata_type': 'ElementIdentifiers', 'object_id': 'fdbc6ae2-23bd-46b0-9058-5fb7131b14ff'}, 'data': <HDF5 dataset "id": shape (257,), type "<i4">}}, 'links': {}}, "Could not construct FrequencyBandsTable object due to: column must have the same number of rows as 'id'"))
2026-10-09T11:28:09Z INFO [1567/2500] bfadcbf8-dafb-40b4-a8b0-4cb621c21f78: valid; 1.3 s; peak memory 10086 MiB.
2026-10-09T11:28:10Z INFO [1568/2500] bfae7abb-1860-4147-b8ab-4c382d937882: valid; 1.3 s; peak memory 10086 MiB.
2026-10-09T11:28:11Z INFO [1569/2500] bfae935f-6ce4-4fc8-afe8-ef804636dd7d: valid; 1.3 s; peak memory 10086 MiB.
2026-10-09T11:28:25Z INFO [1570/2500] bfaee80c-1a02-4f81-ae04-ce9a61f71dfa: valid; 14.2 s; peak memory 10086 MiB.
2026-10-09T11:28:28Z INFO [1571/2500] bfaeeb4c-190a-4984-af57-9a524ac1423f: valid; 3.0 s; peak memory 10086 MiB.
2026-10-09T11:28:29Z WARNING bfaf1666-7e6c-4fe2-8405-8efcde0fdd67: failed while retrieving asset information from the DANDI API (NotFoundError: No asset at path 'sub-parkinson-simulated-beta/sub-parkinson-simulated-beta_ses-7666_ecephys.nwb' in version 0.250327.2220. Verify the path is correct and the asset exists in this version. Use 'dandi ls' to list available assets.)
2026-10-09T11:28:30Z INFO [1573/2500] bfaf4b7f-92f3-4cf4-9a4b-0a80f9fc9212: not valid; 1.6 s; peak memory 10086 MiB.
2026-10-09T11:28:32Z INFO [1574/2500] bfaf709f-4069-437a-9d9e-028f44a34d88: valid; 1.9 s; peak memory 10086 MiB.
2026-10-09T11:28:34Z INFO [1575/2500] bfaf8cd4-d230-4fc8-bd6b-70c38b614379: valid; 1.9 s; peak memory 10086 MiB.
2026-10-09T11:28:37Z INFO [1576/2500] bfaf93e2-1f8f-4ed1-9fa4-dff165f74f81: valid; 3.2 s; peak memory 10086 MiB.
2026-10-09T11:28:38Z INFO [1577/2500] bfafc383-ea4d-4514-a8ae-be55680ffc51: valid; 1.2 s; peak memory 10086 MiB.
2026-10-09T11:28:41Z INFO [1578/2500] bfb02f59-f31d-4357-9bc6-12b60de40430: valid; 2.4 s; peak memory 10086 MiB.
2026-10-09T11:28:48Z INFO [1579/2500] bfb06145-1cd2-46a5-8026-1950fc0e474e: valid; 7.2 s; peak memory 10086 MiB.
2026-10-09T11:28:49Z INFO [1580/2500] bfb0859d-6376-4329-b885-3de55683539b: not valid; 1.6 s; peak memory 10086 MiB.
2026-10-09T11:28:51Z INFO [1581/2500] bfb08af8-58cf-4ddb-819d-1d758a2e8bb7: valid; 2.1 s; peak memory 10086 MiB.
2026-10-09T11:28:53Z INFO [1582/2500] bfb0920a-b6c3-48b6-b99c-1e932789449c: valid; 2.0 s; peak memory 10086 MiB.
2026-10-09T11:28:55Z INFO [1583/2500] bfb0e01a-f15d-4470-b2c2-49433f3b77e4: not valid; 1.6 s; peak memory 10086 MiB.
2026-10-09T11:28:57Z INFO [1584/2500] bfb209c4-44e8-4ca8-9810-d22a689fd422: valid; 2.1 s; peak memory 10086 MiB.
2026-10-09T11:29:07Z INFO [1585/2500] bfb2a761-37db-4625-905b-4aafc0c4df30: valid; 10.1 s; peak memory 10086 MiB.
2026-10-09T11:29:14Z INFO [1586/2500] bfb2b8ce-1bce-4d00-8066-bb0af136883d: valid; 6.6 s; peak memory 10086 MiB.
2026-10-09T11:29:15Z INFO [1587/2500] bfb3cc4b-6b69-4d80-9709-8174fb6b588d: not valid; 1.4 s; peak memory 10086 MiB.
2026-10-09T11:29:17Z INFO [1588/2500] bfb3f083-a060-48ac-aade-10bd96a0c2f5: valid; 1.4 s; peak memory 10086 MiB.
2026-10-09T11:29:18Z INFO [1589/2500] bfb46c59-a99d-404b-ae0c-7ee0b5ef111d: valid; 1.6 s; peak memory 10086 MiB.
2026-10-09T11:29:20Z INFO [1590/2500] bfb4d00c-4458-48a6-8289-7403e8aaac63: not valid; 1.9 s; peak memory 10086 MiB.
2026-10-09T11:29:22Z INFO [1591/2500] bfb4f2fb-aad6-4494-87b1-56997f72672a: not valid; 1.7 s; peak memory 10086 MiB.
2026-10-09T11:29:27Z INFO [1592/2500] bfb594ea-b1ee-45ce-8b6d-cb38c29b551a: valid; 4.7 s; peak memory 10086 MiB.
2026-10-09T11:29:57Z INFO [1593/2500] bfb5bf58-0ca0-4b80-9283-cb830c0eb78a: valid; 30.4 s; peak memory 10086 MiB.
2026-10-09T11:29:58Z INFO [1594/2500] bfb5c37f-57d1-465c-be2f-bb51e39c8207: not valid; 1.4 s; peak memory 10086 MiB.
2026-10-09T11:30:12Z INFO [1595/2500] bfb5d2e0-cdee-40da-9356-6ef95e1ad8e4: valid; 13.6 s; peak memory 10086 MiB.
2026-10-09T11:30:14Z INFO [1596/2500] bfb5d597-e147-44dc-b7e5-e763f771e19b: valid; 1.7 s; peak memory 10086 MiB.
2026-10-09T11:30:17Z INFO [1597/2500] bfb60c1e-2c1a-4932-8056-400433f6f739: valid; 3.1 s; peak memory 10086 MiB.
2026-10-09T11:30:26Z INFO [1598/2500] bfb67305-6927-4f86-84a0-a12b887ef93b: valid; 9.6 s; peak memory 10086 MiB.
2026-10-09T11:30:28Z INFO [1599/2500] bfb69af2-7fe0-4b92-93bc-84e771357674: valid; 1.3 s; peak memory 10086 MiB.
2026-10-09T11:30:31Z INFO [1600/2500] bfb6a1d1-c637-4837-ae10-e835aa78b51c: valid; 3.6 s; peak memory 10086 MiB.
2026-10-09T11:30:33Z INFO [1600/2500] bfb6a1d1-c637-4837-ae10-e835aa78b51c: checkpointed 190110 new records.
2026-10-09T11:30:38Z INFO [1601/2500] bfb70129-b397-4408-a0a4-533ef8178163: not valid; 4.9 s; peak memory 10086 MiB.
2026-10-09T11:30:40Z INFO [1602/2500] bfb732d4-53bc-461c-98e6-6948aff8c22e: not valid; 2.1 s; peak memory 10086 MiB.
2026-10-09T11:30:44Z INFO [1603/2500] bfb76faf-64a0-4599-a61b-53efb05f63d9: valid; 4.5 s; peak memory 10086 MiB.
2026-10-09T11:30:46Z INFO [1604/2500] bfb777af-0079-4b92-a76c-b705b96206de: not valid; 1.6 s; peak memory 10086 MiB.
2026-10-09T11:30:48Z INFO [1605/2500] bfb7ac7e-304b-4275-98a5-8a780459b078: valid; 2.0 s; peak memory 10086 MiB.
2026-10-09T11:30:50Z INFO [1606/2500] bfb7c47d-ce08-4b89-becd-b99f9866cfbd: valid; 1.9 s; peak memory 10086 MiB.
2026-10-09T11:30:51Z INFO [1607/2500] bfb8253e-93dc-4c82-9c4d-80777606e6fc: not valid; 1.7 s; peak memory 10086 MiB.
2026-10-09T11:30:53Z INFO [1608/2500] bfb921f2-d4f7-4e6e-9d1f-016c45b13307: valid; 1.9 s; peak memory 10086 MiB.
2026-10-09T11:30:55Z INFO [1609/2500] bfb956c4-29b4-4742-8ef0-36dc219b324b: valid; 1.3 s; peak memory 10086 MiB.
2026-10-09T11:30:56Z INFO [1610/2500] bfb9feb9-8fd7-4f7b-889c-55dde7bb3145: valid; 1.3 s; peak memory 10086 MiB.
2026-10-09T11:30:57Z INFO [1611/2500] bfba35f4-539c-4e2a-ae34-7a60f72d771e: not valid; 1.6 s; peak memory 10086 MiB.
2026-10-09T11:30:59Z INFO [1612/2500] bfba9129-ec5f-48cc-be30-920b9e333ae2: valid; 1.4 s; peak memory 10086 MiB.
2026-10-09T11:31:00Z INFO [1613/2500] bfbb3063-4f91-4648-a252-939f499b3884: valid; 1.3 s; peak memory 10086 MiB.
2026-10-09T11:31:01Z INFO [1614/2500] bfbb463f-cd60-46e7-836d-00681cd71188: valid; 1.4 s; peak memory 10086 MiB.
2026-10-09T11:31:07Z INFO [1615/2500] bfbc3e14-1229-4b25-8662-56191c270c2c: valid; 5.9 s; peak memory 10086 MiB.
2026-10-09T11:31:10Z INFO [1616/2500] bfbc4db5-b016-426c-b35c-2a6ef482dde7: valid; 2.5 s; peak memory 10086 MiB.
2026-10-09T11:31:13Z INFO [1617/2500] bfbc52cd-7815-4877-8958-92d5fe3cf0a8: valid; 2.9 s; peak memory 10086 MiB.
2026-10-09T11:31:17Z INFO [1618/2500] bfbca373-a7f6-4a3c-91aa-a5d91cbe5431: valid; 3.9 s; peak memory 10086 MiB.
2026-10-09T11:31:19Z INFO [1619/2500] bfbda352-a796-4c47-9302-e6eb08868fc5: valid; 2.2 s; peak memory 10086 MiB.
2026-10-09T11:31:21Z INFO [1620/2500] bfbe2d66-21ea-4248-8692-87ff949e771e: not valid; 1.8 s; peak memory 10086 MiB.
2026-10-09T11:31:22Z INFO [1621/2500] bfbe319f-52aa-4c26-81bf-5f9482efbf06: valid; 1.0 s; peak memory 10086 MiB.
2026-10-09T11:31:38Z INFO [1622/2500] bfbe39a1-997e-4748-ae14-0282ae2a2013: not valid; 15.9 s; peak memory 10086 MiB.
2026-10-09T11:31:39Z INFO [1623/2500] bfbec298-2dd8-455d-a80e-cd73f3423362: valid; 1.3 s; peak memory 10086 MiB.
2026-10-09T11:31:40Z INFO [1624/2500] bfbf63e0-aa97-410a-907f-c2649ae77e45: not valid; 1.5 s; peak memory 10086 MiB.
2026-10-09T11:31:42Z INFO [1625/2500] bfbf6833-b7b5-4be6-90c8-be4f2ae37029: valid; 1.7 s; peak memory 10086 MiB.
2026-10-09T11:31:45Z INFO [1626/2500] bfc02af2-4833-4e0a-835c-f8af6e2e331c: valid; 3.2 s; peak memory 10086 MiB.
2026-10-09T11:31:47Z INFO [1627/2500] bfc06bee-c6ed-47fe-9e80-e03fa7ce8306: not valid; 1.5 s; peak memory 10086 MiB.
2026-10-09T11:31:48Z INFO [1628/2500] bfc07000-ca22-4375-83b3-fdd41b58d98f: not valid; 1.4 s; peak memory 10086 MiB.
2026-10-09T11:31:51Z INFO [1629/2500] bfc08e20-42ad-4866-8ffd-b99d16310324: valid; 2.5 s; peak memory 10086 MiB.
2026-10-09T11:31:54Z INFO [1630/2500] bfc0acfe-39a2-4314-857d-7b1af47461a5: valid; 3.6 s; peak memory 10086 MiB.
2026-10-09T11:31:55Z INFO [1631/2500] bfc0f628-8c60-4dc4-a5d1-b1a7d1638b93: not valid; 1.2 s; peak memory 10086 MiB.
2026-10-09T11:31:58Z INFO [1632/2500] bfc1c787-cab9-4bfd-980b-c6f78c498b23: valid; 2.9 s; peak memory 10086 MiB.
2026-10-09T11:32:04Z INFO [1633/2500] bfc25a5f-1712-4522-aebe-47ad826bd526: not valid; 6.1 s; peak memory 10086 MiB.
2026-10-09T11:32:06Z INFO [1634/2500] bfc2c373-61e3-4ce4-b6af-c03a4337f946: valid; 1.4 s; peak memory 10086 MiB.
2026-10-09T11:32:07Z INFO [1635/2500] bfc36de2-2079-4a9a-af97-009d2cc78616: not valid; 1.4 s; peak memory 10086 MiB.
2026-10-09T11:32:10Z INFO [1636/2500] bfc443ad-4770-46f0-af0e-9f04a064e42c: valid; 2.3 s; peak memory 10086 MiB.
2026-10-09T11:32:11Z INFO [1637/2500] bfc44800-cbbe-49ed-9538-b802520a8d12: not valid; 1.6 s; peak memory 10086 MiB.
2026-10-09T11:32:20Z INFO [1638/2500] bfc53cf2-7c7a-4cbe-b592-4b2cb6b8b4a0: valid; 9.0 s; peak memory 10086 MiB.
2026-10-09T11:32:23Z INFO [1639/2500] bfc54f17-f8a4-4a2d-a8ac-844768a72df5: valid; 2.8 s; peak memory 10086 MiB.
2026-10-09T11:32:26Z INFO [1640/2500] bfc5567f-0e00-4832-9686-e54f88bbe753: valid; 2.7 s; peak memory 10086 MiB.
2026-10-09T11:32:27Z INFO [1641/2500] bfc5913b-4eaf-457d-b2c7-e036c334ccb2: valid; 1.7 s; peak memory 10086 MiB.
2026-10-09T11:32:32Z INFO [1642/2500] bfc5c467-f2e1-40d2-9764-38a03db85e78: valid; 4.8 s; peak memory 10086 MiB.
2026-10-09T11:32:33Z INFO [1643/2500] bfc5df5b-93bd-4504-a9a8-0de0483e04fa: valid; 1.3 s; peak memory 10086 MiB.
2026-10-09T11:32:35Z INFO [1644/2500] bfc67ca1-d65c-461d-946a-73e5348afcb5: valid; 1.3 s; peak memory 10086 MiB.
2026-10-09T11:32:43Z INFO [1645/2500] bfc6a73e-4313-4a97-a593-264c16df220c: not valid; 8.4 s; peak memory 10086 MiB.
2026-10-09T11:32:45Z INFO [1646/2500] bfc76495-0dfc-4cb7-8364-18e71c93eae7: not valid; 1.5 s; peak memory 10086 MiB.
2026-10-09T11:32:46Z INFO [1647/2500] bfc7d797-f7dc-41b5-aade-5cc49df866c4: valid; 1.8 s; peak memory 10086 MiB.
2026-10-09T11:32:49Z INFO [1648/2500] bfc7ee6b-f309-461a-b882-863c88ed356a: valid; 3.0 s; peak memory 10086 MiB.
2026-10-09T11:32:51Z INFO [1649/2500] bfc8182b-955d-493f-b023-322ea27f8f78: not valid; 1.4 s; peak memory 10086 MiB.
2026-10-09T11:32:53Z INFO [1650/2500] bfc82ab1-c734-4abe-a417-093e03c23ee5: valid; 2.7 s; peak memory 10086 MiB.
2026-10-09T11:32:55Z INFO [1650/2500] bfc82ab1-c734-4abe-a417-093e03c23ee5: checkpointed 190160 new records.
2026-10-09T11:32:56Z INFO [1651/2500] bfc89802-5f1f-4df4-8e19-1ca205843a96: not valid; 1.6 s; peak memory 10086 MiB.
2026-10-09T11:33:03Z INFO [1652/2500] bfc89b40-244f-428b-aec2-e32699f81ec8: valid; 6.5 s; peak memory 10086 MiB.
2026-10-09T11:33:05Z INFO [1653/2500] bfc9fbaf-7fec-4fb6-b409-fbbac70c4cd3: valid; 2.6 s; peak memory 10086 MiB.
2026-10-09T11:33:11Z INFO [1654/2500] bfca4186-d484-41c5-a6dd-df8b110a3e0f: valid; 5.4 s; peak memory 10086 MiB.
2026-10-09T11:33:25Z INFO [1655/2500] bfca84cb-f27d-4f0d-bdf2-f484319cbce6: valid; 14.2 s; peak memory 10086 MiB.
2026-10-09T11:33:28Z INFO [1656/2500] bfcad029-a068-4407-a7dd-39cee80350d4: valid; 2.7 s; peak memory 10086 MiB.
2026-10-09T11:33:37Z INFO [1657/2500] bfcb2154-4e14-425f-b78d-dbde1c0a14f8: valid; 8.7 s; peak memory 10086 MiB.
2026-10-09T11:33:38Z INFO [1658/2500] bfcb8b46-d2ee-4a51-9eb5-64d336c833b7: valid; 1.2 s; peak memory 10086 MiB.
2026-10-09T11:33:39Z INFO [1659/2500] bfcba7de-d35b-4759-8aa3-0e7be2525faf: valid; 1.1 s; peak memory 10086 MiB.
2026-10-09T11:33:42Z INFO [1660/2500] bfcca181-4d20-401e-bfe6-63400a4d1bc1: valid; 2.9 s; peak memory 10086 MiB.
2026-10-09T11:33:43Z INFO [1661/2500] bfcdb9e2-19f4-4d62-85e1-586cca43e707: valid; 1.3 s; peak memory 10086 MiB.
2026-10-09T11:33:45Z INFO [1662/2500] bfce9235-fa4b-4af5-bc35-7a96456b3e8b: not valid; 1.7 s; peak memory 10086 MiB.
2026-10-09T11:33:46Z INFO [1663/2500] bfce9f9b-e1db-424f-91d1-7fe71eedf2a6: not valid; 1.4 s; peak memory 10086 MiB.
2026-10-09T11:33:48Z INFO [1664/2500] bfceaa85-165c-432f-9bed-119b76cdcdb9: valid; 1.8 s; peak memory 10086 MiB.
2026-10-09T11:34:02Z INFO [1665/2500] bfcf11ee-96fc-40f6-b69b-6fce694e1f13: valid; 13.9 s; peak memory 10086 MiB.
2026-10-09T11:34:03Z INFO [1666/2500] bfd09e4b-8ce3-4d0c-b477-b39841124d2f: valid; 1.2 s; peak memory 10086 MiB.
2026-10-09T11:34:05Z WARNING bfd17e29-3b5d-4c3f-9992-83496c2076de: failed while opening the NWB file (ConstructError: (root/acquisition/_iblmic_audioSpectrogram/bands GroupBuilder {'attributes': {'colnames': array(['freq'], dtype=object), 'description': 'spectogram frequencies', 'namespace': 'core', 'neurodata_type': 'FrequencyBandsTable', 'object_id': 'a816d6a6-5305-4799-bf5d-4bc3618512da'}, 'groups': {}, 'datasets': {'freq': root/acquisition/_iblmic_audioSpectrogram/bands/freq DatasetBuilder {'attributes': {'description': 'frequency value', 'namespace': 'hdmf-common', 'neurodata_type': 'VectorData', 'object_id': '8fa68715-db4d-49f0-a48b-a1c22d53272a'}, 'data': <HDF5 dataset "freq": shape (257,), type "<f4">}, 'id': root/acquisition/_iblmic_audioSpectrogram/bands/id DatasetBuilder {'attributes': {'namespace': 'hdmf-common', 'neurodata_type': 'ElementIdentifiers', 'object_id': '1d97075d-8737-455b-a5f2-099a44dc98b3'}, 'data': <HDF5 dataset "id": shape (257,), type "<i4">}}, 'links': {}}, "Could not construct FrequencyBandsTable object due to: column must have the same number of rows as 'id'"))
2026-10-09T11:34:06Z INFO [1668/2500] bfd1b45a-db3d-4236-89e8-71ad017f5888: valid; 1.5 s; peak memory 10086 MiB.
2026-10-09T11:34:08Z INFO [1669/2500] bfd241a6-7aff-4197-8965-e911313ced80: not valid; 1.6 s; peak memory 10086 MiB.
2026-10-09T11:34:10Z INFO [1670/2500] bfd2671e-5f6a-457b-a40f-3a1dd84193aa: valid; 2.7 s; peak memory 10086 MiB.
2026-10-09T11:34:12Z INFO [1671/2500] bfd289c6-627c-4913-88ee-852c6f0e2a18: not valid; 1.4 s; peak memory 10086 MiB.
2026-10-09T11:34:15Z INFO [1672/2500] bfd2f979-210e-4f97-96e8-3e76745520e7: valid; 2.7 s; peak memory 10086 MiB.
2026-10-09T11:34:18Z INFO [1673/2500] bfd3057d-1ec3-4233-8b74-276d017fa0e9: not valid; 3.6 s; peak memory 10086 MiB.
2026-10-09T11:34:22Z INFO [1674/2500] bfd36e49-c9f3-4cd1-bafc-c32c821e6e98: valid; 3.3 s; peak memory 10086 MiB.
2026-10-09T11:34:23Z INFO [1675/2500] bfd385cc-9c53-41f2-b87b-bfc89b8dd72e: valid; 1.7 s; peak memory 10086 MiB.
2026-10-09T11:34:36Z INFO [1676/2500] bfd3ab8b-a9ec-45cf-87a0-944660c0575b: valid; 12.8 s; peak memory 10086 MiB.
2026-10-09T11:34:39Z INFO [1677/2500] bfd4cbca-389d-4788-ba45-816ada147f1b: valid; 3.0 s; peak memory 10086 MiB.
2026-10-09T11:34:41Z INFO [1678/2500] bfd4cf52-3a8a-4347-ba49-5584d4b3957d: not valid; 1.7 s; peak memory 10086 MiB.
2026-10-09T11:34:47Z INFO [1679/2500] bfd4d144-10f4-432f-9d28-42c743ebb2f2: valid; 6.3 s; peak memory 10086 MiB.
2026-10-09T11:34:49Z INFO [1680/2500] bfd503d6-cf31-459b-87dd-4c81f0077ded: not valid; 2.1 s; peak memory 10086 MiB.
2026-10-09T11:34:51Z INFO [1681/2500] bfd53c0f-20bd-4c21-b82b-997687f9a183: valid; 1.5 s; peak memory 10086 MiB.
2026-10-09T11:34:52Z INFO [1682/2500] bfd59301-6b4c-4bc1-840d-01175e665195: valid; 1.5 s; peak memory 10086 MiB.
2026-10-09T11:34:55Z INFO [1683/2500] bfd5f26b-7d74-436f-8779-af761fc348f8: valid; 2.3 s; peak memory 10086 MiB.
2026-10-09T11:34:56Z INFO [1684/2500] bfd64942-2ed2-4fc8-a04e-571175876d73: not valid; 1.7 s; peak memory 10086 MiB.
2026-10-09T11:35:00Z INFO [1685/2500] bfd66119-8cd8-4ae7-863a-da43bafdcc58: valid; 3.6 s; peak memory 10086 MiB.
2026-10-09T11:35:03Z INFO [1686/2500] bfd69503-896e-40bf-8d4a-46a9159725d3: valid; 3.3 s; peak memory 10086 MiB.
2026-10-09T11:35:05Z INFO [1687/2500] bfd742a4-e7e6-4025-81a8-98781c411614: valid; 2.3 s; peak memory 10086 MiB.
2026-10-09T11:35:08Z INFO [1688/2500] bfd92a49-927f-4309-9164-d5ac3de1eb50: valid; 2.1 s; peak memory 10086 MiB.
2026-10-09T11:35:09Z INFO [1689/2500] bfd9de8b-9905-4dc6-8993-3d15959946a7: valid; 1.6 s; peak memory 10086 MiB.
2026-10-09T11:35:10Z INFO [1690/2500] bfda3095-352b-4647-8b3e-f88099bf0341: valid; 1.3 s; peak memory 10086 MiB.
2026-10-09T11:35:12Z INFO [1691/2500] bfdac285-20d7-4fb6-baa7-2bfa97c34554: not valid; 1.9 s; peak memory 10086 MiB.
2026-10-09T11:35:14Z INFO [1692/2500] bfdaf912-2f66-4baf-abbf-e2a622e91f1d: valid; 1.3 s; peak memory 10086 MiB.
2026-10-09T11:35:15Z INFO [1693/2500] bfdb885b-1217-4362-a963-9092845658b5: valid; 1.3 s; peak memory 10086 MiB.
2026-10-09T11:35:16Z INFO [1694/2500] bfdbbd9a-e5d8-4ba7-add0-0f7e69e68f84: valid; 0.9 s; peak memory 10086 MiB.
2026-10-09T11:35:17Z INFO [1695/2500] bfdbfcf2-2b32-433a-89d2-4d33910f88e0: valid; 1.2 s; peak memory 10086 MiB.
2026-10-09T11:35:20Z INFO [1696/2500] bfdc3d41-6f56-45d0-b436-36ea6595905f: valid; 2.5 s; peak memory 10086 MiB.
2026-10-09T11:35:21Z INFO [1697/2500] bfdcbac5-7256-4a0f-bfff-07e2c985545f: not valid; 1.6 s; peak memory 10086 MiB.
2026-10-09T11:35:24Z INFO [1698/2500] bfdcd221-1158-4460-a62a-dadb6062cf9b: valid; 2.3 s; peak memory 10086 MiB.
2026-10-09T11:35:25Z INFO [1699/2500] bfddc70e-e25d-4503-b050-cf5e56ddc851: valid; 2.0 s; peak memory 10086 MiB.
2026-10-09T11:35:27Z INFO [1700/2500] bfde9966-0418-47b4-bda2-551a38b104df: valid; 1.7 s; peak memory 10086 MiB.
2026-10-09T11:35:29Z INFO [1700/2500] bfde9966-0418-47b4-bda2-551a38b104df: checkpointed 190210 new records.
2026-10-09T11:35:30Z INFO [1701/2500] bfdebbe3-6234-4abc-b445-ffe844fe2673: not valid; 1.9 s; peak memory 10086 MiB.
2026-10-09T11:35:32Z INFO [1702/2500] bfdf63a4-ac9e-4267-89e5-1c2fedd93085: valid; 1.6 s; peak memory 10086 MiB.
2026-10-09T11:35:33Z INFO [1703/2500] bfe03410-ade3-4ee3-8549-c9a3d0d64d60: not valid; 1.4 s; peak memory 10086 MiB.
2026-10-09T11:35:36Z INFO [1704/2500] bfe164a3-21b9-4222-9b4d-2aad83dd3ddc: valid; 3.0 s; peak memory 10086 MiB.
2026-10-09T11:35:38Z INFO [1705/2500] bfe1b2e5-43ba-4a7a-9381-b3a4f534b188: not valid; 1.2 s; peak memory 10086 MiB.
2026-10-09T11:35:39Z INFO [1706/2500] bfe1f1d8-d0c6-41e2-b36b-bc81ac2ec6ea: valid; 1.3 s; peak memory 10086 MiB.
2026-10-09T11:35:40Z INFO [1707/2500] bfe2529b-3f98-4a67-ab92-a235861ee802: valid; 1.5 s; peak memory 10086 MiB.
2026-10-09T11:35:42Z INFO [1708/2500] bfe29cbb-db35-437e-ab27-3fd0bf2847e7: not valid; 1.4 s; peak memory 10086 MiB.
2026-10-09T11:35:45Z INFO [1709/2500] bfe2bc90-5b1c-4182-a749-8fa0b7f682f1: not valid; 3.6 s; peak memory 10086 MiB.
2026-10-09T11:35:47Z INFO [1710/2500] bfe3df7f-ed72-4fb3-bc8b-eb29c8eae2da: valid; 1.8 s; peak memory 10086 MiB.
2026-10-09T11:35:49Z INFO [1711/2500] bfe4821c-e97e-4087-a98c-639903e763b1: valid; 2.0 s; peak memory 10086 MiB.
2026-10-09T11:35:51Z INFO [1712/2500] bfe4ae40-0bd3-42a3-abaf-a3e6d518157b: valid; 1.9 s; peak memory 10086 MiB.
2026-10-09T11:35:53Z INFO [1713/2500] bfe4cea5-4154-4572-962b-9115a271b977: valid; 1.7 s; peak memory 10086 MiB.
2026-10-09T11:36:04Z INFO [1714/2500] bfe4ef55-d08d-4777-a68b-46a4e9170b68: valid; 11.4 s; peak memory 10086 MiB.
2026-10-09T11:36:04Z WARNING bfe50220-a389-45ef-9267-2b7670f7f2c2: failed while retrieving asset information from the DANDI API (NotFoundError: No such Dandiset: 000948)
2026-10-09T11:36:06Z INFO [1716/2500] bfe523b8-5958-4c33-b02c-a7768280561a: valid; 2.3 s; peak memory 10086 MiB.
2026-10-09T11:36:08Z INFO [1717/2500] bfe68217-e2cb-49a0-89de-fee6ef51aa76: valid; 1.3 s; peak memory 10086 MiB.
2026-10-09T11:36:10Z INFO [1718/2500] bfe6d42e-a141-45eb-bbc8-b32c8c734466: valid; 2.1 s; peak memory 10086 MiB.
2026-10-09T11:36:13Z INFO [1719/2500] bfe7b6e2-bbcf-414c-a6e1-f8c8d467a0cd: not valid; 2.7 s; peak memory 10086 MiB.
2026-10-09T11:36:14Z INFO [1720/2500] bfe7d5e8-9bd0-4ae2-aafa-473fb6ea3d0f: valid; 1.9 s; peak memory 10086 MiB.
2026-10-09T11:36:18Z INFO [1721/2500] bfe7f1cf-b874-4140-90ac-ee572acdd067: valid; 3.4 s; peak memory 10086 MiB.
2026-10-09T11:36:20Z INFO [1722/2500] bfe861ce-cf84-4b48-837c-19310e46c7d6: valid; 1.9 s; peak memory 10086 MiB.
2026-10-09T11:36:26Z INFO [1723/2500] bfe8dd0d-c6f0-4577-b154-4e09dfc13951: valid; 6.5 s; peak memory 10086 MiB.
2026-10-09T11:36:29Z INFO [1724/2500] bfe91cd2-0c5a-4fff-b1b1-13c24a3bb390: valid; 3.2 s; peak memory 10086 MiB.
2026-10-09T11:36:32Z INFO [1725/2500] bfe94915-da85-41bb-a83e-16adfa783333: valid; 3.1 s; peak memory 10086 MiB.
2026-10-09T11:36:35Z INFO [1726/2500] bfe9a88e-0e63-4dca-95b3-77590aae0f38: valid; 2.8 s; peak memory 10086 MiB.
2026-10-09T11:36:37Z INFO [1727/2500] bfeac630-bd4d-4c71-bc66-890be890203a: valid; 1.3 s; peak memory 10086 MiB.
2026-10-09T11:36:43Z INFO [1728/2500] bfeb1064-6c41-46f4-bd3c-b8cd99d7ecdc: valid; 6.5 s; peak memory 10086 MiB.
2026-10-09T11:36:45Z INFO [1729/2500] bfeb26e4-ef51-4414-934f-71a08fb56bb7: valid; 2.1 s; peak memory 10086 MiB.
2026-10-09T11:36:46Z INFO [1730/2500] bfebe6f2-0380-425b-b6d5-8a0d463176f0: valid; 1.3 s; peak memory 10086 MiB.
2026-10-09T11:36:48Z INFO [1731/2500] bfebea70-d405-4839-a890-608814e18e9a: valid; 1.3 s; peak memory 10086 MiB.
2026-10-09T11:36:49Z INFO [1732/2500] bfec4059-1adc-44b7-867f-4cd6d65cb541: valid; 1.8 s; peak memory 10086 MiB.
2026-10-09T11:36:51Z INFO [1733/2500] bfecf699-5fb1-477d-8e96-f02629e59d08: valid; 1.3 s; peak memory 10086 MiB.
2026-10-09T11:36:52Z INFO [1734/2500] bfee56fa-3dcc-45fc-aa4e-179f14a81eae: valid; 1.1 s; peak memory 10086 MiB.
2026-10-09T11:37:44Z INFO [1735/2500] bfee5794-b705-49d5-9f18-5a18272b4348: valid; 52.0 s; peak memory 10086 MiB.
2026-10-09T11:37:45Z INFO [1736/2500] bfee57d1-76dd-45c4-b7fc-d3e59b530ed1: valid; 1.2 s; peak memory 10086 MiB.
2026-10-09T11:37:47Z INFO [1737/2500] bfee8d82-c0e1-40ab-b400-0fb9f1c133cb: valid; 1.9 s; peak memory 10086 MiB.
2026-10-09T11:37:49Z INFO [1738/2500] bfeebc21-d665-4a61-b727-baab299542c0: not valid; 1.8 s; peak memory 10086 MiB.
2026-10-09T11:37:49Z WARNING bfeebdfa-a290-4448-8601-f08f17fed5f9: failed while retrieving asset information from the DANDI API (NotFoundError: No such Dandiset: 000732)
2026-10-09T11:37:50Z INFO [1740/2500] bfef4eae-14ac-42f3-b963-20ff858e5923: valid; 1.5 s; peak memory 10086 MiB.
2026-10-09T11:37:52Z INFO [1741/2500] bfef5c35-4081-47bd-9544-e8188ebb2ccd: not valid; 1.8 s; peak memory 10086 MiB.
2026-10-09T11:37:54Z INFO [1742/2500] bfef8aaf-e89c-46cf-b473-692037561059: not valid; 1.5 s; peak memory 10086 MiB.
2026-10-09T11:37:55Z INFO [1743/2500] bfef9f7e-97f5-4815-a2e7-4caa4c20139e: valid; 1.7 s; peak memory 10086 MiB.
2026-10-09T11:37:58Z INFO [1744/2500] bfefde07-96ba-4240-98bf-545974590877: valid; 2.5 s; peak memory 10086 MiB.
2026-10-09T11:38:01Z INFO [1745/2500] bff02684-aba8-433a-9ccb-e57a49be5052: valid; 3.0 s; peak memory 10086 MiB.
2026-10-09T11:38:03Z INFO [1746/2500] bff07dd0-10de-42e4-a1c9-20906eed3905: valid; 2.2 s; peak memory 10086 MiB.
2026-10-09T11:38:05Z INFO [1747/2500] bff0a6d9-aa85-4889-880a-0dd4fb4d9858: valid; 1.8 s; peak memory 10086 MiB.
2026-10-09T11:38:07Z INFO [1748/2500] bff0ccf6-9340-48a2-90c1-c308d0cff90e: valid; 1.7 s; peak memory 10086 MiB.
2026-10-09T11:38:08Z INFO [1749/2500] bff0d0ad-5129-4eb7-97af-e6b27000e3db: valid; 1.3 s; peak memory 10086 MiB.
2026-10-09T11:38:10Z INFO [1750/2500] bff16025-7fb8-4ec9-b4e5-585de7d20538: valid; 1.9 s; peak memory 10086 MiB.
2026-10-09T11:38:11Z INFO [1750/2500] bff16025-7fb8-4ec9-b4e5-585de7d20538: checkpointed 190260 new records.
2026-10-09T11:38:12Z INFO [1751/2500] bff17052-1669-4168-b055-8636a628b53b: valid; 1.2 s; peak memory 10086 MiB.
2026-10-09T11:38:14Z INFO [1752/2500] bff18fa1-939c-4a77-bbc1-8a4cd860323d: valid; 1.9 s; peak memory 10086 MiB.
2026-10-09T11:38:15Z INFO [1753/2500] bff1affe-ef2d-4505-a376-4b8b0e27965c: not valid; 1.2 s; peak memory 10086 MiB.
2026-10-09T11:38:19Z INFO [1754/2500] bff1c1bf-aacf-48a3-9b98-c6d6ba4c499f: not valid; 3.5 s; peak memory 10086 MiB.
2026-10-09T11:38:21Z INFO [1755/2500] bff1e232-6eb8-4294-bdcf-0ab1cde116a6: valid; 1.8 s; peak memory 10086 MiB.
2026-10-09T11:38:23Z INFO [1756/2500] bff21b8a-20b9-4598-8620-d53baf70c3a7: valid; 1.9 s; peak memory 10086 MiB.
2026-10-09T11:38:26Z INFO [1757/2500] bff25021-9ce1-44cd-b53d-4732878f6f71: not valid; 3.6 s; peak memory 10086 MiB.
2026-10-09T11:38:28Z INFO [1758/2500] bff31409-7b2d-4d6b-9ec6-e8a1ffa9c24e: valid; 1.2 s; peak memory 10086 MiB.
2026-10-09T11:38:30Z INFO [1759/2500] bff3282f-67fd-48ea-bcbc-c9763ce012b1: not valid; 2.3 s; peak memory 10086 MiB.
2026-10-09T11:38:32Z INFO [1760/2500] bff4629b-787c-4b3a-9974-3ac838f107ed: valid; 2.7 s; peak memory 10086 MiB.
2026-10-09T11:38:34Z INFO [1761/2500] bff46676-973b-41f6-961e-a77dbe938c72: valid; 1.3 s; peak memory 10086 MiB.
2026-10-09T11:38:36Z INFO [1762/2500] bff4b28b-ca4f-4852-86f1-0e6e5a4d3912: valid; 2.0 s; peak memory 10086 MiB.
2026-10-09T11:38:37Z INFO [1763/2500] bff5bf71-88f6-4d75-9dab-05d5823d42e0: valid; 1.6 s; peak memory 10086 MiB.
2026-10-09T11:38:39Z INFO [1764/2500] bff62e0b-63f2-4b0e-a563-676c535eb09c: valid; 1.4 s; peak memory 10086 MiB.
2026-10-09T11:38:41Z INFO [1765/2500] bff631a1-28f0-4f73-9709-5c08e5ee6cdd: not valid; 2.2 s; peak memory 10086 MiB.
2026-10-09T11:38:43Z INFO [1766/2500] bff63a05-bd88-466e-9b6d-9a8592817355: valid; 2.2 s; peak memory 10086 MiB.
2026-10-09T11:38:46Z INFO [1767/2500] bff64b3c-44ab-42cd-82b3-215951db695d: valid; 2.4 s; peak memory 10086 MiB.
2026-10-09T11:38:48Z INFO [1768/2500] bff729cd-fdfd-4b38-b01a-9452b2dc441b: valid; 2.4 s; peak memory 10086 MiB.
2026-10-09T11:39:05Z INFO [1769/2500] bff85152-3126-4249-a5b7-e9042d245158: not valid; 16.7 s; peak memory 10086 MiB.
2026-10-09T11:39:06Z INFO [1770/2500] bff8ea90-9f85-47bc-b1fc-40aab23094dc: not valid; 1.4 s; peak memory 10086 MiB.
2026-10-09T11:39:19Z INFO [1771/2500] bff95e52-7908-41a1-b1ee-e522df4e7483: valid; 13.0 s; peak memory 10086 MiB.
2026-10-09T11:39:21Z WARNING bff98901-65c6-41e5-817c-27733b5796ce: failed while opening the NWB file (ConstructError: (root/acquisition/_iblmic_audioSpectrogram/bands GroupBuilder {'attributes': {'colnames': array(['freq'], dtype=object), 'description': 'spectogram frequencies', 'namespace': 'core', 'neurodata_type': 'FrequencyBandsTable', 'object_id': '958d196a-ee34-466a-ba94-d5491150dbd0'}, 'groups': {}, 'datasets': {'freq': root/acquisition/_iblmic_audioSpectrogram/bands/freq DatasetBuilder {'attributes': {'description': 'frequency value', 'namespace': 'hdmf-common', 'neurodata_type': 'VectorData', 'object_id': '8d22713e-52c7-4d26-83cb-81524f3162b1'}, 'data': <HDF5 dataset "freq": shape (257,), type "<f4">}, 'id': root/acquisition/_iblmic_audioSpectrogram/bands/id DatasetBuilder {'attributes': {'namespace': 'hdmf-common', 'neurodata_type': 'ElementIdentifiers', 'object_id': 'ff8d26e3-8323-4777-ab35-98620c7b4000'}, 'data': <HDF5 dataset "id": shape (257,), type "<i4">}}, 'links': {}}, "Could not construct FrequencyBandsTable object due to: column must have the same number of rows as 'id'"))
2026-10-09T11:39:22Z INFO [1773/2500] bff9a799-4914-4846-9d26-6c3376e12542: valid; 1.1 s; peak memory 10086 MiB.
2026-10-09T11:39:24Z INFO [1774/2500] bff9c703-d3e0-4e39-b9bc-a0c8c2275350: not valid; 1.7 s; peak memory 10086 MiB.
2026-10-09T11:39:26Z INFO [1775/2500] bff9ca84-e745-4aa0-8c58-73d1051b5ec5: valid; 2.5 s; peak memory 10086 MiB.
2026-10-09T11:39:42Z INFO [1776/2500] bffae65d-9e14-4a7a-b7b3-1c3057835041: valid; 16.1 s; peak memory 10086 MiB.
2026-10-09T11:39:45Z INFO [1777/2500] bffb3207-3de8-4c21-beab-7ea44ab80418: valid; 2.8 s; peak memory 10086 MiB.
2026-10-09T11:39:52Z INFO [1778/2500] bffc9b5e-e9e2-481e-897a-061d0c22a61e: valid; 6.7 s; peak memory 10086 MiB.
2026-10-09T11:39:54Z INFO [1779/2500] bffcb139-c9c8-4ffc-a0dc-e87cfe9619ac: valid; 1.8 s; peak memory 10086 MiB.
2026-10-09T11:40:00Z INFO [1780/2500] bffcf157-0ba4-4791-901b-c82b8f0cc098: valid; 6.2 s; peak memory 10086 MiB.
2026-10-09T11:40:02Z INFO [1781/2500] bffd151a-f9cd-4511-8259-bdd096da2317: valid; 1.9 s; peak memory 10086 MiB.
2026-10-09T11:40:03Z INFO [1782/2500] bffd3a59-183c-4ab3-8745-d1cd0e4624ff: valid; 1.2 s; peak memory 10086 MiB.
2026-10-09T11:40:05Z INFO [1783/2500] bffd745e-0d17-4a46-b6eb-42461bb776b1: valid; 1.8 s; peak memory 10086 MiB.
2026-10-09T11:40:07Z INFO [1784/2500] bffdc4f8-4592-40c7-bd72-2ff77c870ae9: not valid; 1.8 s; peak memory 10086 MiB.
2026-10-09T11:40:09Z INFO [1785/2500] bffed4fa-d500-4a60-a761-a1ce6668e9a3: valid; 2.7 s; peak memory 10086 MiB.
2026-10-09T11:40:12Z INFO [1786/2500] bfff18aa-fd08-4395-a1e8-ceb629c9bd05: valid; 3.1 s; peak memory 10086 MiB.
2026-10-09T11:40:15Z INFO [1787/2500] bfff3f12-b04f-4cd8-895c-7aaac17acfba: valid; 2.8 s; peak memory 10086 MiB.
2026-10-09T11:40:19Z INFO [1788/2500] bfffc895-c477-428b-8127-956c7457d92b: valid; 3.6 s; peak memory 10086 MiB.
2026-10-09T11:40:37Z INFO [1789/2500] bfffc8c5-872c-4e8f-a5eb-b9227ea23562: valid; 18.1 s; peak memory 10086 MiB.
2026-10-09T11:40:39Z INFO [1790/2500] bfffd953-2f02-40db-9ec2-510a35bbe615: valid; 2.3 s; peak memory 10086 MiB.
2026-10-09T11:41:08Z INFO [1791/2500] bfffe2f0-9677-473a-85b4-e1d70ddc8c80: not valid; 28.3 s; peak memory 10086 MiB.
2026-10-09T11:41:09Z INFO [1792/2500] bfffeada-95cc-4b6f-969d-417f1e091c21: valid; 1.8 s; peak memory 10086 MiB.
2026-10-09T11:41:11Z INFO [1793/2500] c0004436-4267-4b6e-b801-eb1a2bb94dec: valid; 1.4 s; peak memory 10086 MiB.
2026-10-09T11:41:12Z INFO [1794/2500] c000de4b-4ae1-49c2-886c-8635dcee3a93: not valid; 1.8 s; peak memory 10086 MiB.
2026-10-09T11:41:21Z INFO [1795/2500] c00137dd-6581-4fd1-bf41-5dcd0392ae26: valid; 9.0 s; peak memory 10086 MiB.
2026-10-09T11:41:23Z INFO [1796/2500] c0013d14-418f-4dfd-b7a4-f85cac18250b: valid; 1.7 s; peak memory 10086 MiB.
2026-10-09T11:41:24Z INFO [1797/2500] c0019bcb-2ad8-4a03-b152-ce3b71e3ce78: valid; 1.2 s; peak memory 10086 MiB.
2026-10-09T11:41:26Z INFO [1798/2500] c0025595-00ca-4c8e-8120-efc0fc1bab0c: not valid; 1.6 s; peak memory 10086 MiB.
2026-10-09T11:41:28Z INFO [1799/2500] c00278b4-edb8-4ca6-a1b1-4b90d76db419: valid; 2.3 s; peak memory 10086 MiB.
2026-10-09T11:41:30Z INFO [1800/2500] c002c140-edf0-48c2-9c9c-3f956edae627: not valid; 1.8 s; peak memory 10086 MiB.
2026-10-09T11:41:31Z INFO [1800/2500] c002c140-edf0-48c2-9c9c-3f956edae627: checkpointed 190310 new records.
2026-10-09T11:41:33Z WARNING c002e59a-c580-4b76-9767-d17b539cef40: failed while opening the NWB file (ConstructError: (root/acquisition/_iblmic_audioSpectrogram/bands GroupBuilder {'attributes': {'colnames': array(['freq'], dtype=object), 'description': 'spectogram frequencies', 'namespace': 'core', 'neurodata_type': 'FrequencyBandsTable', 'object_id': 'e68eeb03-c1a6-413a-9b59-b80279136678'}, 'groups': {}, 'datasets': {'freq': root/acquisition/_iblmic_audioSpectrogram/bands/freq DatasetBuilder {'attributes': {'description': 'frequency value', 'namespace': 'hdmf-common', 'neurodata_type': 'VectorData', 'object_id': 'd34b8fc2-0d68-44f8-878f-c0a3d2cd023f'}, 'data': <HDF5 dataset "freq": shape (257,), type "<f4">}, 'id': root/acquisition/_iblmic_audioSpectrogram/bands/id DatasetBuilder {'attributes': {'namespace': 'hdmf-common', 'neurodata_type': 'ElementIdentifiers', 'object_id': '02f65ae7-8d39-4269-b3b8-d0b07bc2f322'}, 'data': <HDF5 dataset "id": shape (257,), type "<i4">}}, 'links': {}}, "Could not construct FrequencyBandsTable object due to: column must have the same number of rows as 'id'"))
2026-10-09T11:41:35Z INFO [1802/2500] c0030dfd-f399-4252-a109-6f39f3828e8f: valid; 1.8 s; peak memory 10086 MiB.
2026-10-09T11:41:36Z INFO [1803/2500] c0032838-0b23-456a-a1b5-5b05b76f0092: valid; 1.3 s; peak memory 10086 MiB.
2026-10-09T11:41:40Z INFO [1804/2500] c0038e77-b571-44fb-a61a-215a78015434: not valid; 3.2 s; peak memory 10086 MiB.
2026-10-09T11:41:42Z INFO [1805/2500] c0046443-9103-478d-a54f-7dbf2cdd4163: not valid; 2.0 s; peak memory 10086 MiB.
2026-10-09T11:41:43Z INFO [1806/2500] c004675b-d738-42c4-bb24-42c8fc903bfe: valid; 1.3 s; peak memory 10086 MiB.
2026-10-09T11:41:43Z WARNING c0047deb-8334-4d07-8e31-a7d4f26263ac: failed while retrieving asset information from the DANDI API (NotFoundError: No asset at path 'sub-parkinson-simulated-beta/sub-parkinson-simulated-beta_ses-5923_ecephys.nwb' in version 0.250327.2220. Verify the path is correct and the asset exists in this version. Use 'dandi ls' to list available assets.)
2026-10-09T11:41:45Z INFO [1808/2500] c004bebc-466e-4961-9376-345fce75c177: valid; 2.4 s; peak memory 10086 MiB.
2026-10-09T11:41:45Z WARNING c004c0db-7d98-4a18-9813-556305c2f0e8: failed while retrieving asset information from the DANDI API (NotFoundError: No asset at path 'sub-LG609/sub-LG609_ses-20250909_obj-rp6t1i_ophys.nwb' in version 0.260915.2135. Verify the path is correct and the asset exists in this version. Use 'dandi ls' to list available assets.)
2026-10-09T11:41:47Z INFO [1810/2500] c004c1ec-a7de-4894-b3ed-61b1dd37b1aa: valid; 1.3 s; peak memory 10086 MiB.
2026-10-09T11:41:48Z INFO [1811/2500] c0058fab-5ed7-40e3-b508-c2024713bd30: valid; 1.3 s; peak memory 10086 MiB.
2026-10-09T11:41:52Z INFO [1812/2500] c005e384-a894-4d83-8db5-45af21940cab: valid; 3.7 s; peak memory 10086 MiB.
2026-10-09T11:41:53Z INFO [1813/2500] c006144e-b1ee-4333-a414-52e578501658: valid; 1.4 s; peak memory 10086 MiB.
2026-10-09T11:41:54Z INFO [1814/2500] c0061916-8922-436a-9fbd-c969edf6f397: valid; 1.4 s; peak memory 10086 MiB.
2026-10-09T11:42:02Z INFO [1815/2500] c006a323-45c3-445e-b05e-4784c0c497ef: valid; 7.9 s; peak memory 10086 MiB.
2026-10-09T11:42:04Z INFO [1816/2500] c006b910-d8b9-4c4e-8706-3f87796850a7: valid; 1.9 s; peak memory 10086 MiB.
2026-10-09T11:42:06Z INFO [1817/2500] c006e4e3-c508-4883-9f71-6d5241fbf630: valid; 1.3 s; peak memory 10086 MiB.
2026-10-09T11:42:08Z INFO [1818/2500] c006eb4c-dbcd-49c9-a4bb-26329e8a15c4: valid; 1.9 s; peak memory 10086 MiB.
2026-10-09T11:42:09Z INFO [1819/2500] c0079840-5a22-4bd2-b182-0530b75aac8f: valid; 1.8 s; peak memory 10086 MiB.
2026-10-09T11:42:11Z INFO [1820/2500] c007be13-6527-468c-9b57-0b367229e9b7: valid; 1.3 s; peak memory 10086 MiB.
2026-10-09T11:42:20Z INFO [1821/2500] c008b164-4a2b-4c13-893e-f3387b40d47d: valid; 9.0 s; peak memory 10086 MiB.
2026-10-09T11:42:30Z INFO [1822/2500] c008b45e-fd90-4b33-81d4-1b3e1b83beb7: valid; 10.3 s; peak memory 10086 MiB.
2026-10-09T11:42:32Z INFO [1823/2500] c009468b-f95a-4a8c-aaf2-44090a8a7b7a: valid; 1.7 s; peak memory 10086 MiB.
2026-10-09T11:42:33Z INFO [1824/2500] c0098ef3-d610-47ed-b781-7b6ef258a799: not valid; 1.4 s; peak memory 10086 MiB.
2026-10-09T11:42:34Z INFO [1825/2500] c00a21c7-a371-4b1f-ad93-2ad81f6a7851: valid; 1.3 s; peak memory 10086 MiB.
2026-10-09T11:42:36Z INFO [1826/2500] c00a3ecf-183f-4b40-9538-bd0f265b6960: valid; 1.2 s; peak memory 10086 MiB.
2026-10-09T11:42:43Z INFO [1827/2500] c00a5cea-c356-4f26-9b1c-2bacc6b7a670: valid; 7.0 s; peak memory 10086 MiB.
2026-10-09T11:42:44Z WARNING c00a6632-c4aa-40de-ad81-92e0f0c8f95a: failed while opening the NWB file (ConstructError: (root/acquisition/_iblmic_audioSpectrogram/bands GroupBuilder {'attributes': {'colnames': array(['freq'], dtype=object), 'description': 'spectogram frequencies', 'namespace': 'core', 'neurodata_type': 'FrequencyBandsTable', 'object_id': '7b575b9e-13e8-48b0-b544-8cebda35cc04'}, 'groups': {}, 'datasets': {'freq': root/acquisition/_iblmic_audioSpectrogram/bands/freq DatasetBuilder {'attributes': {'description': 'frequency value', 'namespace': 'hdmf-common', 'neurodata_type': 'VectorData', 'object_id': '51cd7666-15e8-4258-9f7e-f00cba64074a'}, 'data': <HDF5 dataset "freq": shape (257,), type "<f4">}, 'id': root/acquisition/_iblmic_audioSpectrogram/bands/id DatasetBuilder {'attributes': {'namespace': 'hdmf-common', 'neurodata_type': 'ElementIdentifiers', 'object_id': 'bcbc3a6f-9bee-44f5-9df2-aff9d8c7b17f'}, 'data': <HDF5 dataset "id": shape (257,), type "<i4">}}, 'links': {}}, "Could not construct FrequencyBandsTable object due to: column must have the same number of rows as 'id'"))
2026-10-09T11:42:46Z WARNING c00b4ec3-c62c-44c5-bb55-0008461bc8d7: failed while opening the NWB file (ConstructError: (root/acquisition/event_code_meanings GroupBuilder {'attributes': {'colnames': array(['value', 'meaning'], dtype=object), 'description': 'Mapping integer event codes to event labels', 'namespace': 'ndx-events', 'neurodata_type': 'MeaningsTable', 'object_id': '455ce8ba-8680-4186-b59b-567c35733828'}, 'groups': {}, 'datasets': {'id': root/acquisition/event_code_meanings/id DatasetBuilder {'attributes': {'namespace': 'hdmf-common', 'neurodata_type': 'ElementIdentifiers', 'object_id': '6570f000-2f01-4d7d-a4d2-35b3b3e8a9c2'}, 'data': <HDF5 dataset "id": shape (26,), type "<i8">}, 'meaning': root/acquisition/event_code_meanings/meaning DatasetBuilder {'attributes': {'description': 'The meaning of the value in the parent CategoricalVectorData object.', 'namespace': 'hdmf-experimental', 'neurodata_type': 'VectorData', 'object_id': 'b185ebfd-768b-49c6-84e8-112de3595b6b'}, 'data': <StrDataset for HDF5 dataset "meaning": shape (26,), type "|O">}, 'value': root/acquisition/event_code_meanings/value DatasetBuilder {'attributes': {'description': 'The value of the parent CategoricalVectorData object.', 'namespace': 'hdmf-experimental', 'neurodata_type': 'VectorData', 'object_id': 'e52d6bd9-c09d-49ef-9e46-4113f1ff6c52'}, 'data': <HDF5 dataset "value": shape (26,), type "<i8">}}, 'links': {}}, "Could not construct MeaningsTable object due to: MeaningsTable.__init__: missing argument 'target'"))
2026-10-09T11:42:47Z INFO [1830/2500] c00b8717-c8c4-449d-8129-6f4aea7aabcc: not valid; 1.1 s; peak memory 10086 MiB.
2026-10-09T11:42:48Z INFO [1831/2500] c00bb4dd-2e2b-4573-8094-7189c0494978: valid; 1.3 s; peak memory 10086 MiB.
2026-10-09T11:42:50Z INFO [1832/2500] c00c460e-2dae-4416-b1a7-c7ca122db16d: valid; 1.7 s; peak memory 10086 MiB.
2026-10-09T11:42:52Z INFO [1833/2500] c00c579d-a0b0-4dd1-b34a-eccf1d5204aa: valid; 1.4 s; peak memory 10086 MiB.
2026-10-09T11:43:07Z INFO [1834/2500] c00c5aaa-4be0-43d4-af33-3f7c9fa4ae2f: valid; 15.4 s; peak memory 10086 MiB.
2026-10-09T11:43:08Z INFO [1835/2500] c00c86b2-03a9-4513-a5de-96300d0badd8: valid; 1.1 s; peak memory 10086 MiB.
2026-10-09T11:43:10Z INFO [1836/2500] c00c9643-195b-4f57-9ae1-7e99d1b2b4c1: valid; 2.4 s; peak memory 10086 MiB.
2026-10-09T11:43:14Z INFO [1837/2500] c00cc881-a62e-41b4-b78b-bedc74574b19: not valid; 3.7 s; peak memory 10086 MiB.
2026-10-09T11:43:15Z INFO [1838/2500] c00d4a23-4374-4c5f-94ac-fc70a85bf48c: valid; 1.3 s; peak memory 10086 MiB.
2026-10-09T11:43:17Z INFO [1839/2500] c00da48b-dd3e-437d-9abf-bb96d04fac1c: valid; 1.5 s; peak memory 10086 MiB.
2026-10-09T11:43:18Z INFO [1840/2500] c00dff9a-35da-4ae7-b558-c145c495c5d4: not valid; 1.3 s; peak memory 10086 MiB.
2026-10-09T11:43:30Z INFO [1841/2500] c00fd4e5-3bc3-4c4b-8f7e-2a81a8e0eff3: valid; 12.3 s; peak memory 10086 MiB.
2026-10-09T11:43:34Z INFO [1842/2500] c0103ae5-979a-43b0-bc89-404e264029c0: valid; 3.9 s; peak memory 10086 MiB.
2026-10-09T11:43:43Z INFO [1843/2500] c010f3fa-7f43-4b34-84d8-8cb6679d835c: valid; 9.0 s; peak memory 10086 MiB.
2026-10-09T11:43:46Z INFO [1844/2500] c012705b-1672-4699-942b-f45a809ffe8b: valid; 2.4 s; peak memory 10086 MiB.
2026-10-09T11:43:47Z WARNING c012b902-3f69-47da-9008-e28584a9229b: failed while opening the NWB file (ValueError: Cannot resolve included group spec 'electrodes' with data_type_inc 'ElectrodesTable' because a group spec with the same name already exists with data_type_inc 'DynamicTable', and data type 'DynamicTable' is not a child type of data type 'ElectrodesTable'.)
2026-10-09T11:43:48Z INFO [1846/2500] c013357e-c5a5-4798-92ce-687a32f619d2: valid; 1.0 s; peak memory 10086 MiB.
2026-10-09T11:43:50Z INFO [1847/2500] c0136d74-9f7e-49de-b7c2-79f878b992bb: valid; 1.7 s; peak memory 10086 MiB.
2026-10-09T11:43:54Z INFO [1848/2500] c0139fcf-2850-46e7-a88b-c028798846f4: valid; 4.6 s; peak memory 10086 MiB.
2026-10-09T11:43:56Z WARNING c013a4c1-565e-47bd-9eff-d9e050484d12: failed while opening the NWB file (ConstructError: (root/acquisition/event_code_meanings GroupBuilder {'attributes': {'colnames': array(['value', 'meaning'], dtype=object), 'description': 'Mapping integer event codes to event labels', 'namespace': 'ndx-events', 'neurodata_type': 'MeaningsTable', 'object_id': '24ab89d3-02f4-44a0-838e-9e1deb8107bc'}, 'groups': {}, 'datasets': {'id': root/acquisition/event_code_meanings/id DatasetBuilder {'attributes': {'namespace': 'hdmf-common', 'neurodata_type': 'ElementIdentifiers', 'object_id': 'd904de1d-3c13-4d0f-bd93-d0142e67192d'}, 'data': <HDF5 dataset "id": shape (26,), type "<i8">}, 'meaning': root/acquisition/event_code_meanings/meaning DatasetBuilder {'attributes': {'description': 'The meaning of the value in the parent CategoricalVectorData object.', 'namespace': 'hdmf-experimental', 'neurodata_type': 'VectorData', 'object_id': 'c7d9ae12-c32a-4148-9bdb-1d46f2c24548'}, 'data': <StrDataset for HDF5 dataset "meaning": shape (26,), type "|O">}, 'value': root/acquisition/event_code_meanings/value DatasetBuilder {'attributes': {'description': 'The value of the parent CategoricalVectorData object.', 'namespace': 'hdmf-experimental', 'neurodata_type': 'VectorData', 'object_id': 'e8899d68-c302-4f69-add8-a66d5ef65996'}, 'data': <HDF5 dataset "value": shape (26,), type "<i8">}}, 'links': {}}, "Could not construct MeaningsTable object due to: MeaningsTable.__init__: missing argument 'target'"))
2026-10-09T11:43:58Z INFO [1850/2500] c013cc5a-5c8b-48e9-8bee-dd3042daa16e: valid; 1.9 s; peak memory 10086 MiB.
2026-10-09T11:43:59Z INFO [1850/2500] c013cc5a-5c8b-48e9-8bee-dd3042daa16e: checkpointed 190360 new records.
2026-10-09T11:44:02Z INFO [1851/2500] c0150a95-6cf8-43a8-9e96-416bf03a489d: valid; 2.4 s; peak memory 10086 MiB.
2026-10-09T11:44:05Z INFO [1852/2500] c015bf22-b51c-4867-aba1-31bf9996e6eb: valid; 2.7 s; peak memory 10086 MiB.
2026-10-09T11:44:07Z INFO [1853/2500] c0163dac-1efe-4479-8d49-90005440431a: not valid; 2.7 s; peak memory 10086 MiB.
2026-10-09T11:44:11Z INFO [1854/2500] c016b99f-e6b9-4886-ad2e-23888a7f6b72: valid; 3.7 s; peak memory 10086 MiB.
2026-10-09T11:44:13Z INFO [1855/2500] c016bad9-de63-4061-bb2d-737f775d1f5d: not valid; 1.7 s; peak memory 10086 MiB.
2026-10-09T11:44:15Z INFO [1856/2500] c016dfe3-2a37-4cce-8134-a9e2f17a0a21: valid; 2.6 s; peak memory 10086 MiB.
2026-10-09T11:44:17Z INFO [1857/2500] c0178620-e35c-4fcf-977b-5bdb7b286955: not valid; 1.9 s; peak memory 10086 MiB.
2026-10-09T11:44:19Z INFO [1858/2500] c0186f51-8d3e-428e-83ae-c8484f97ddd7: valid; 2.1 s; peak memory 10086 MiB.
2026-10-09T11:44:26Z INFO [1859/2500] c0189aae-9183-4cbd-88b0-b0cc263b201b: not valid; 6.8 s; peak memory 10086 MiB.
2026-10-09T11:44:27Z INFO [1860/2500] c019c553-aa48-445f-b8b0-344aab5b75cf: valid; 1.3 s; peak memory 10086 MiB.
2026-10-09T11:44:30Z INFO [1861/2500] c01a41cc-2769-420e-af49-f31c8c533d10: valid; 2.4 s; peak memory 10086 MiB.
2026-10-09T11:44:32Z INFO [1862/2500] c01b45e6-e2f6-4eca-8575-a00423eea456: valid; 2.3 s; peak memory 10086 MiB.
2026-10-09T11:44:34Z INFO [1863/2500] c01c48f1-fac4-4442-9c6f-615472fd4026: valid; 1.7 s; peak memory 10086 MiB.
2026-10-09T11:44:35Z INFO [1864/2500] c01c77cc-5aa1-4002-ba66-f0ab5e6005c3: valid; 1.6 s; peak memory 10086 MiB.
2026-10-09T11:44:38Z INFO [1865/2500] c01c87ac-2112-455d-91a4-1dea6c2deddd: valid; 2.2 s; peak memory 10086 MiB.
2026-10-09T11:44:39Z INFO [1866/2500] c01cca4f-c935-452d-b2a2-5c08b735bd98: valid; 1.2 s; peak memory 10086 MiB.
2026-10-09T11:44:40Z INFO [1867/2500] c01cecb3-1fa1-4b54-bcf2-d839d6554d79: valid; 1.2 s; peak memory 10086 MiB.
2026-10-09T11:44:47Z INFO [1868/2500] c01d521e-6c1a-4528-a023-dff4a579a10a: valid; 6.7 s; peak memory 10086 MiB.
2026-10-09T11:44:50Z INFO [1869/2500] c01d624c-65df-4d0c-bafa-1f7c334509fc: not valid; 3.4 s; peak memory 10086 MiB.
2026-10-09T11:44:51Z INFO [1870/2500] c01d64e3-9f67-4300-abe9-040b5c4409f4: valid; 1.2 s; peak memory 10086 MiB.
2026-10-09T11:44:54Z INFO [1871/2500] c01db879-8562-4761-9570-764902b5b9b4: valid; 2.6 s; peak memory 10086 MiB.
2026-10-09T11:44:56Z INFO [1872/2500] c01dd00c-0c5e-474b-9b93-68b78674b0a5: valid; 1.8 s; peak memory 10086 MiB.
2026-10-09T11:44:57Z INFO [1873/2500] c01dede2-40b3-47ac-a35f-04535776a609: valid; 1.7 s; peak memory 10086 MiB.
2026-10-09T11:45:00Z INFO [1874/2500] c01e4f09-7513-425e-8639-e33ed15e3fd3: valid; 2.4 s; peak memory 10086 MiB.
2026-10-09T11:45:03Z INFO [1875/2500] c01e9167-fef6-4943-bd51-47edf1c20110: valid; 3.1 s; peak memory 10086 MiB.
2026-10-09T11:45:04Z INFO [1876/2500] c01efb10-1d61-4556-9797-7212ac7e6e4a: valid; 1.5 s; peak memory 10086 MiB.
2026-10-09T11:45:06Z INFO [1877/2500] c01f1ea8-7f5d-4858-bfb2-c3baa5ca3f39: valid; 1.3 s; peak memory 10086 MiB.
2026-10-09T11:45:08Z INFO [1878/2500] c01f29fd-5edd-416b-900b-71b58d2752cc: not valid; 2.6 s; peak memory 10086 MiB.
2026-10-09T11:45:10Z INFO [1879/2500] c01f6746-257c-4dd2-93ee-f822ef8f3c36: not valid; 1.4 s; peak memory 10086 MiB.
2026-10-09T11:45:12Z INFO [1880/2500] c01f7089-5c61-42b4-8793-ed38feaa3f98: valid; 2.4 s; peak memory 10086 MiB.
2026-10-09T11:45:13Z INFO [1881/2500] c01f7591-e4fb-4944-ab95-d5a1ba27c951: valid; 1.2 s; peak memory 10086 MiB.
2026-10-09T11:45:15Z INFO [1882/2500] c01f78bd-96a1-4c8e-8439-dd157d5bcaa8: valid; 1.3 s; peak memory 10086 MiB.
2026-10-09T11:45:16Z INFO [1883/2500] c020088f-e44c-4180-8402-34576159faa4: not valid; 1.7 s; peak memory 10086 MiB.
2026-10-09T11:45:19Z INFO [1884/2500] c02023c4-6503-4136-bd5e-aac1d59fcff3: valid; 2.6 s; peak memory 10086 MiB.
2026-10-09T11:45:21Z INFO [1885/2500] c0205d9f-1791-46e9-bf84-d3c563f25e73: valid; 1.8 s; peak memory 10086 MiB.
2026-10-09T11:45:27Z INFO [1886/2500] c0207428-a72b-4697-85cc-9428291a2a01: not valid; 6.1 s; peak memory 10086 MiB.
2026-10-09T11:47:04Z INFO [1887/2500] c0215b45-0bcf-474b-9ff7-bb533e504914: valid; 97.6 s; peak memory 10086 MiB.
2026-10-09T11:47:06Z INFO [1888/2500] c0219dab-0ca8-4e4d-bff2-603a687b42f2: valid; 1.7 s; peak memory 10086 MiB.
2026-10-09T11:47:08Z INFO [1889/2500] c0220bb4-4023-4815-a1c1-7a3e922301f6: valid; 1.7 s; peak memory 10086 MiB.
2026-10-09T11:47:10Z INFO [1890/2500] c0228a8b-c42b-4a8b-b639-d3c406df6805: not valid; 2.4 s; peak memory 10086 MiB.
2026-10-09T11:47:21Z INFO [1891/2500] c0229cd1-da4f-4620-b6eb-cf396c6395d1: valid; 11.1 s; peak memory 10086 MiB.
2026-10-09T11:47:23Z WARNING c023f545-6278-4de5-a076-5cc09e777643: failed while opening the NWB file (ConstructError: (root/acquisition/_iblmic_audioSpectrogram/bands GroupBuilder {'attributes': {'colnames': array(['freq'], dtype=object), 'description': 'spectogram frequencies', 'namespace': 'core', 'neurodata_type': 'FrequencyBandsTable', 'object_id': '22632909-2147-4f22-8f81-9ec24baff50c'}, 'groups': {}, 'datasets': {'freq': root/acquisition/_iblmic_audioSpectrogram/bands/freq DatasetBuilder {'attributes': {'description': 'frequency value', 'namespace': 'hdmf-common', 'neurodata_type': 'VectorData', 'object_id': '382d1de1-f13e-4a2c-aa31-298d57e9dc60'}, 'data': <HDF5 dataset "freq": shape (257,), type "<f4">}, 'id': root/acquisition/_iblmic_audioSpectrogram/bands/id DatasetBuilder {'attributes': {'namespace': 'hdmf-common', 'neurodata_type': 'ElementIdentifiers', 'object_id': 'ccf1b775-84c9-4f92-9ef8-c976a2124a53'}, 'data': <HDF5 dataset "id": shape (257,), type "<i4">}}, 'links': {}}, "Could not construct FrequencyBandsTable object due to: column must have the same number of rows as 'id'"))
2026-10-09T11:47:25Z INFO [1893/2500] c0249e29-cb19-4f6e-8136-890858b6fda7: valid; 1.3 s; peak memory 10086 MiB.
2026-10-09T11:47:27Z INFO [1894/2500] c024b8a3-ef9b-4be9-bd96-a507fd6bea92: valid; 2.7 s; peak memory 10086 MiB.
2026-10-09T11:47:41Z INFO [1895/2500] c025f7dd-01c5-4d30-b506-9edf3b82eda2: not valid; 13.4 s; peak memory 10086 MiB.
2026-10-09T11:47:43Z INFO [1896/2500] c0265d41-c1cd-4074-aea5-8d697fd6fd08: not valid; 2.0 s; peak memory 10086 MiB.
2026-10-09T11:47:44Z INFO [1897/2500] c026606b-c1bd-4fe5-8b24-a35ca8e2ec48: valid; 1.6 s; peak memory 10086 MiB.
2026-10-09T11:47:47Z INFO [1898/2500] c026abe1-70c9-4929-bcd1-09f74477b274: valid; 2.4 s; peak memory 10086 MiB.
2026-10-09T11:48:03Z INFO [1899/2500] c026bca5-931a-41f7-be1e-46b832260116: valid; 16.4 s; peak memory 10086 MiB.
2026-10-09T11:48:06Z INFO [1900/2500] c027afde-67f7-49dd-8059-f883de5183e4: valid; 3.0 s; peak memory 10086 MiB.
2026-10-09T11:48:08Z INFO [1900/2500] c027afde-67f7-49dd-8059-f883de5183e4: checkpointed 190410 new records.
2026-10-09T11:48:09Z INFO [1901/2500] c027c074-0caf-4004-bc31-fd02425b8161: not valid; 0.9 s; peak memory 10086 MiB.
2026-10-09T11:48:10Z INFO [1902/2500] c027d3b9-8b05-46cd-afcf-9bba49b9371a: valid; 1.3 s; peak memory 10086 MiB.
2026-10-09T11:48:12Z INFO [1903/2500] c028012e-244d-418e-a41c-e9c44582db09: valid; 2.1 s; peak memory 10086 MiB.
2026-10-09T11:48:13Z INFO [1904/2500] c028a728-db31-4ae9-976e-1f9c6679d841: valid; 1.2 s; peak memory 10086 MiB.
2026-10-09T11:48:15Z INFO [1905/2500] c028def1-d0db-4fdf-8536-07fb26de8444: valid; 1.8 s; peak memory 10086 MiB.
2026-10-09T11:48:17Z INFO [1906/2500] c0293aa6-31e6-45de-ac8b-66d7f8fdd591: valid; 2.2 s; peak memory 10086 MiB.
2026-10-09T11:48:19Z INFO [1907/2500] c029fa65-dd63-4d9f-bd63-16b49afdfa4c: valid; 2.1 s; peak memory 10086 MiB.
2026-10-09T11:48:21Z INFO [1908/2500] c02a104c-c5ad-47d8-9668-043fe694d68b: valid; 1.5 s; peak memory 10086 MiB.
2026-10-09T11:48:23Z INFO [1909/2500] c02a1264-fc36-4c12-9f3c-99ba6ea588be: valid; 2.2 s; peak memory 10086 MiB.
2026-10-09T11:48:25Z INFO [1910/2500] c02a3fd5-06c3-4f56-b038-aa9ff7081804: valid; 1.8 s; peak memory 10086 MiB.
2026-10-09T11:48:26Z INFO [1911/2500] c02a6103-06ed-4cbd-9468-289e61234e09: valid; 1.8 s; peak memory 10086 MiB.
2026-10-09T11:48:28Z INFO [1912/2500] c02aa814-0b95-4208-af73-0b1ddcd4ac8d: not valid; 1.3 s; peak memory 10086 MiB.
2026-10-09T11:48:29Z INFO [1913/2500] c02d22c8-5180-499e-a5d7-5d9ff4a5ac42: valid; 1.6 s; peak memory 10086 MiB.
2026-10-09T11:48:31Z INFO [1914/2500] c02d6588-deab-46c6-96f7-fd93735864d9: valid; 1.3 s; peak memory 10086 MiB.
2026-10-09T11:48:33Z INFO [1915/2500] c02dcca2-8e7e-49dc-9ce0-1fa4a293d8e7: not valid; 1.9 s; peak memory 10086 MiB.
2026-10-09T11:48:34Z INFO [1916/2500] c02e07bf-2661-4e6b-a849-b89699d602cd: valid; 1.8 s; peak memory 10086 MiB.
2026-10-09T11:48:36Z INFO [1917/2500] c02ee704-0cad-46ae-b28f-5f6d3f8b7235: valid; 2.1 s; peak memory 10086 MiB.
2026-10-09T11:48:40Z INFO [1918/2500] c02f5953-b34c-4644-8630-d39ba38fc4c7: valid; 3.9 s; peak memory 10086 MiB.
2026-10-09T11:48:42Z INFO [1919/2500] c02f6bd9-3bce-4ee1-a907-3c8f595c824c: valid; 2.2 s; peak memory 10086 MiB.
2026-10-09T11:48:49Z INFO [1920/2500] c02f869c-9527-4b54-89c0-6b1177ee34a8: valid; 6.6 s; peak memory 10086 MiB.
2026-10-09T11:48:51Z INFO [1921/2500] c02f8d3d-5cd3-4a4d-aed2-c7d0d7ca6474: valid; 2.3 s; peak memory 10086 MiB.
2026-10-09T11:48:53Z INFO [1922/2500] c0303ef4-d930-47f1-ae3a-5e9d30cf86b4: valid; 1.6 s; peak memory 10086 MiB.
2026-10-09T11:48:55Z WARNING c0311d80-44df-4b11-9f3b-c42ef89713b4: failed while opening the NWB file (ConstructError: (root/acquisition/_iblmic_audioSpectrogram/bands GroupBuilder {'attributes': {'colnames': array(['freq'], dtype=object), 'description': 'spectogram frequencies', 'namespace': 'core', 'neurodata_type': 'FrequencyBandsTable', 'object_id': '9936e1c4-1ab7-4fc5-979a-4067142504e5'}, 'groups': {}, 'datasets': {'freq': root/acquisition/_iblmic_audioSpectrogram/bands/freq DatasetBuilder {'attributes': {'description': 'frequency value', 'namespace': 'hdmf-common', 'neurodata_type': 'VectorData', 'object_id': '6fcb5438-8a39-4995-a399-1269daf12439'}, 'data': <HDF5 dataset "freq": shape (257,), type "<f4">}, 'id': root/acquisition/_iblmic_audioSpectrogram/bands/id DatasetBuilder {'attributes': {'namespace': 'hdmf-common', 'neurodata_type': 'ElementIdentifiers', 'object_id': '8db14c35-4cc0-4221-85d2-4fd2d64ea2f9'}, 'data': <HDF5 dataset "id": shape (257,), type "<i4">}}, 'links': {}}, "Could not construct FrequencyBandsTable object due to: column must have the same number of rows as 'id'"))
2026-10-09T11:48:56Z INFO [1924/2500] c03197b1-38de-4568-8bf3-33d95d9c9c70: not valid; 1.7 s; peak memory 10086 MiB.
2026-10-09T11:48:58Z INFO [1925/2500] c031dacd-1619-4282-b949-2262e508bb28: valid; 1.2 s; peak memory 10086 MiB.
2026-10-09T11:49:06Z INFO [1926/2500] c0337b26-52d5-43f7-bc84-10bb523383fc: valid; 8.2 s; peak memory 10086 MiB.
2026-10-09T11:49:08Z INFO [1927/2500] c033f457-6b6f-4c34-8038-e17895c2ef16: valid; 2.1 s; peak memory 10086 MiB.
2026-10-09T11:49:09Z INFO [1928/2500] c03444d7-edf9-4dbd-a5c3-4c0588963522: not valid; 1.3 s; peak memory 10086 MiB.
2026-10-09T11:49:11Z INFO [1929/2500] c0348192-4a63-4127-8504-fa691601ede3: valid; 1.3 s; peak memory 10086 MiB.
2026-10-09T11:49:12Z INFO [1930/2500] c034d14b-9b65-4624-b4cb-77b5279d22ee: not valid; 1.6 s; peak memory 10086 MiB.
2026-10-09T11:49:15Z INFO [1931/2500] c0351468-8249-4169-ba75-6e20ecb8ef4d: not valid; 2.8 s; peak memory 10086 MiB.
2026-10-09T11:49:25Z INFO [1932/2500] c0352341-1881-423a-a1b5-27ae83e38d84: valid; 10.4 s; peak memory 10086 MiB.
2026-10-09T11:49:28Z INFO [1933/2500] c0362864-d985-47dd-bc74-4c47108ea2be: valid; 2.5 s; peak memory 10086 MiB.
2026-10-09T11:49:29Z INFO [1934/2500] c0368d0d-4e31-4adf-98ac-f337506282d5: not valid; 1.4 s; peak memory 10086 MiB.
2026-10-09T11:49:31Z INFO [1935/2500] c036b169-f54c-42c9-978d-8292b79884cf: valid; 2.1 s; peak memory 10086 MiB.
2026-10-09T11:49:34Z INFO [1936/2500] c0372417-fd14-4a08-9417-244d2b0e60db: valid; 2.1 s; peak memory 10086 MiB.
2026-10-09T11:49:36Z INFO [1937/2500] c03794c5-e3a0-4da5-926f-1766e799e8d5: not valid; 2.0 s; peak memory 10086 MiB.
2026-10-09T11:49:37Z INFO [1938/2500] c037d42b-067a-4a01-9477-bdd9440a963e: valid; 1.2 s; peak memory 10086 MiB.
2026-10-09T11:49:38Z INFO [1939/2500] c03892f5-efae-402e-8783-2aa9e138d99f: not valid; 1.3 s; peak memory 10086 MiB.
2026-10-09T11:49:42Z INFO [1940/2500] c038e385-bc4c-4434-bc22-56a444e09586: not valid; 3.5 s; peak memory 10086 MiB.
2026-10-09T11:49:46Z INFO [1941/2500] c03903f0-4e1d-441e-87bf-97a93932e194: valid; 4.8 s; peak memory 10086 MiB.
2026-10-09T11:49:48Z INFO [1942/2500] c0393507-8ee1-417f-8f86-3f493a287310: valid; 1.9 s; peak memory 10086 MiB.
2026-10-09T11:49:51Z INFO [1943/2500] c039d380-35df-4347-80a7-c2976c2cf40c: valid; 2.3 s; peak memory 10086 MiB.
2026-10-09T11:49:58Z INFO [1944/2500] c039d3a4-0ea8-4145-a818-d7033bad92f2: valid; 7.0 s; peak memory 10086 MiB.
2026-10-09T11:49:59Z INFO [1945/2500] c039dd86-1873-4589-8b17-28a5e9f70a80: not valid; 1.5 s; peak memory 10086 MiB.
2026-10-09T11:50:00Z INFO [1946/2500] c03a502e-e98a-4a6f-9b13-737c85cbdb37: not valid; 1.3 s; peak memory 10086 MiB.
2026-10-09T11:50:01Z WARNING c03ad0cc-6b3b-4e70-bbd3-fe0291bf1f96: failed while retrieving asset information from the DANDI API (NotFoundError: No asset at path 'sub-R6/sub-R6_ses-20200210T210000_obj-r0awni_ophys.nwb' in version 0.260415.1712. Verify the path is correct and the asset exists in this version. Use 'dandi ls' to list available assets.)
2026-10-09T11:50:04Z INFO [1948/2500] c03afe99-f81e-4f8c-a081-e3221eb9d2e3: not valid; 3.0 s; peak memory 10086 MiB.
2026-10-09T11:50:05Z INFO [1949/2500] c03b3d07-9d20-4f1d-a76e-4da96b9874c0: not valid; 1.2 s; peak memory 10086 MiB.
2026-10-09T11:50:11Z INFO [1950/2500] c03bb7a6-da8b-40ab-9de8-27e527309aa6: valid; 6.6 s; peak memory 10086 MiB.
2026-10-09T11:50:13Z INFO [1950/2500] c03bb7a6-da8b-40ab-9de8-27e527309aa6: checkpointed 190460 new records.
2026-10-09T11:50:26Z INFO [1951/2500] c03bbb14-99e7-4d47-b96d-563a3c2aba26: not valid; 12.7 s; peak memory 10086 MiB.
2026-10-09T11:50:28Z INFO [1952/2500] c03c0e6e-c968-4bd2-b4c0-14fd77c910a7: valid; 2.4 s; peak memory 10086 MiB.
2026-10-09T11:50:30Z INFO [1953/2500] c03c4cad-e8b7-4cdc-849e-f30127cc02c6: valid; 2.0 s; peak memory 10086 MiB.
2026-10-09T11:50:40Z INFO [1954/2500] c03c582b-5c81-47ab-9822-6205a218f4bc: valid; 10.0 s; peak memory 10086 MiB.
2026-10-09T11:50:47Z INFO [1955/2500] c03ce99f-8e0e-4ba3-9159-ae2490082cda: valid; 7.0 s; peak memory 10086 MiB.
2026-10-09T11:50:49Z INFO [1956/2500] c03cec9f-16d0-4d7e-8cb1-b695ac187b3a: not valid; 2.1 s; peak memory 10086 MiB.
2026-10-09T11:50:51Z INFO [1957/2500] c03da806-fbcd-4220-b708-d113587d85ef: not valid; 1.6 s; peak memory 10086 MiB.
2026-10-09T11:50:52Z INFO [1958/2500] c03dcbbc-2775-411e-8975-58d479318f26: valid; 1.7 s; peak memory 10086 MiB.
2026-10-09T11:50:55Z INFO [1959/2500] c03dd544-7ea4-4979-8567-4741c29b0e66: valid; 2.7 s; peak memory 10086 MiB.
2026-10-09T11:50:57Z INFO [1960/2500] c03f05ca-3cba-46af-8a8f-ceeb3362663f: valid; 2.0 s; peak memory 10086 MiB.
2026-10-09T11:50:57Z WARNING c03f9047-c7ea-4927-af6e-06bb67c9f80c: failed while retrieving asset information from the DANDI API (NotFoundError: No such Dandiset: 000561)
2026-10-09T11:51:14Z INFO [1962/2500] c040aae0-a062-44e1-8c4e-84ad7bc4815c: valid; 16.4 s; peak memory 10086 MiB.
2026-10-09T11:51:16Z INFO [1963/2500] c04156e4-8086-42b4-9a05-1ed49ac694cb: valid; 2.4 s; peak memory 10086 MiB.
2026-10-09T11:51:27Z INFO [1964/2500] c041cab9-5d8e-4b62-b5e8-d207e63ce7e5: valid; 11.2 s; peak memory 10086 MiB.
2026-10-09T11:51:28Z INFO [1965/2500] c0425bd9-de3a-414f-b089-989479f98cac: valid; 1.2 s; peak memory 10086 MiB.
2026-10-09T11:51:30Z WARNING c04267ca-23aa-46d8-ab5b-6654323a5ac5: failed while opening the NWB file (ConstructError: (root/acquisition/_iblmic_audioSpectrogram/bands GroupBuilder {'attributes': {'colnames': array(['freq'], dtype=object), 'description': 'spectogram frequencies', 'namespace': 'core', 'neurodata_type': 'FrequencyBandsTable', 'object_id': '81e8c787-8d30-4727-9459-5abb2c4781e2'}, 'groups': {}, 'datasets': {'freq': root/acquisition/_iblmic_audioSpectrogram/bands/freq DatasetBuilder {'attributes': {'description': 'frequency value', 'namespace': 'hdmf-common', 'neurodata_type': 'VectorData', 'object_id': '7deb48ea-0c14-4169-abab-669cd44b487e'}, 'data': <HDF5 dataset "freq": shape (257,), type "<f4">}, 'id': root/acquisition/_iblmic_audioSpectrogram/bands/id DatasetBuilder {'attributes': {'namespace': 'hdmf-common', 'neurodata_type': 'ElementIdentifiers', 'object_id': '8db46d28-760c-4e86-a9a7-01bc121fc4b7'}, 'data': <HDF5 dataset "id": shape (257,), type "<i4">}}, 'links': {}}, "Could not construct FrequencyBandsTable object due to: column must have the same number of rows as 'id'"))
2026-10-09T11:51:32Z INFO [1967/2500] c0432f3d-a8f9-4675-b3ea-fe4ebafdf410: valid; 1.8 s; peak memory 10086 MiB.
2026-10-09T11:51:43Z INFO [1968/2500] c0439e00-e424-401c-a27d-c69f5c88f73d: valid; 11.2 s; peak memory 10086 MiB.
2026-10-09T11:51:44Z INFO [1969/2500] c043cf2b-736c-4345-a3c6-b8edb91bc84c: not valid; 1.1 s; peak memory 10086 MiB.
2026-10-09T11:51:45Z INFO [1970/2500] c0440536-746c-4a0a-85fd-12d582d2304f: valid; 1.2 s; peak memory 10086 MiB.
2026-10-09T11:51:53Z INFO [1971/2500] c0445e47-9459-499e-bfca-63ca95a680c2: valid; 8.1 s; peak memory 10086 MiB.
2026-10-09T11:51:55Z INFO [1972/2500] c0452880-757e-4a21-837e-53d1bd1e6995: valid; 1.2 s; peak memory 10086 MiB.
2026-10-09T11:51:57Z INFO [1973/2500] c045ac7c-49fa-4e2d-8088-35eb10da3a1b: valid; 2.0 s; peak memory 10086 MiB.
2026-10-09T11:52:03Z INFO [1974/2500] c046cc72-8f02-4054-8b88-41a1c1da04dd: valid; 6.3 s; peak memory 10086 MiB.
2026-10-09T11:52:04Z INFO [1975/2500] c04742ae-0b57-4a00-bde5-52c10360bbd3: valid; 1.2 s; peak memory 10086 MiB.
2026-10-09T11:52:06Z INFO [1976/2500] c047ad04-976c-49a5-a477-98d1d89d0315: valid; 1.7 s; peak memory 10086 MiB.
2026-10-09T11:52:08Z INFO [1977/2500] c049521f-c50f-44ed-a23b-ced1a9362f29: not valid; 2.5 s; peak memory 10086 MiB.
2026-10-09T11:52:11Z INFO [1978/2500] c04a0f14-254c-43d0-8270-832ccc6c92b9: valid; 2.7 s; peak memory 10086 MiB.
2026-10-09T11:52:13Z INFO [1979/2500] c04a28fb-fd6b-46f1-9523-df66076a31e2: valid; 1.9 s; peak memory 10086 MiB.
2026-10-09T11:52:14Z INFO [1980/2500] c04a5e3f-b6d1-47c8-8207-cfc9fad286c4: valid; 1.3 s; peak memory 10086 MiB.
2026-10-09T11:52:16Z INFO [1981/2500] c04b0cbf-3fd3-4428-89c1-a4d522de8739: valid; 1.2 s; peak memory 10086 MiB.
2026-10-09T11:52:17Z INFO [1982/2500] c04b1f6e-d58d-4174-a1fa-8025df030ccd: not valid; 1.8 s; peak memory 10086 MiB.
2026-10-09T11:52:19Z INFO [1983/2500] c04bae1e-3538-4826-b67a-0f1423f3c34c: valid; 1.9 s; peak memory 10086 MiB.
2026-10-09T11:52:20Z INFO [1984/2500] c04c617d-8fa3-4221-a793-3259cd0de4a5: valid; 1.2 s; peak memory 10086 MiB.
2026-10-09T11:52:21Z INFO [1985/2500] c04c6801-5b40-40c4-8511-888c6ef665e4: valid; 0.9 s; peak memory 10086 MiB.
2026-10-09T11:52:25Z INFO [1986/2500] c04c9b79-d8dc-4811-8862-56c2e02775db: valid; 3.7 s; peak memory 10086 MiB.
2026-10-09T11:52:27Z INFO [1987/2500] c04cd741-1be4-4489-b882-8d058a543b62: not valid; 1.5 s; peak memory 10086 MiB.
2026-10-09T11:52:30Z INFO [1988/2500] c04d1371-f243-4802-ac46-1b99c457e9b0: not valid; 3.4 s; peak memory 10086 MiB.
2026-10-09T11:52:31Z INFO [1989/2500] c04d6c6f-107e-4dff-98b0-1ba354da038c: valid; 1.3 s; peak memory 10086 MiB.
2026-10-09T11:52:32Z INFO [1990/2500] c04db280-0a3a-4daf-9346-5bc6bea5a4d4: valid; 1.0 s; peak memory 10086 MiB.
2026-10-09T11:52:33Z INFO [1991/2500] c04dbbbe-a0df-4538-b780-59f3429f0161: valid; 1.2 s; peak memory 10086 MiB.
2026-10-09T11:52:45Z INFO [1992/2500] c04e50bb-0ac5-45c8-aa8c-427bc96ff0cb: valid; 11.3 s; peak memory 10086 MiB.
2026-10-09T11:52:50Z INFO [1993/2500] c04e7871-3337-4967-98f2-2440af2d1739: valid; 5.2 s; peak memory 10086 MiB.
2026-10-09T11:52:52Z INFO [1994/2500] c04fadfd-8646-489d-8112-5db40907c4fb: valid; 2.5 s; peak memory 10086 MiB.
2026-10-09T11:52:56Z INFO [1995/2500] c04fd49f-da03-410c-9cae-6cb1b3d8fcaa: not valid; 3.9 s; peak memory 10086 MiB.
2026-10-09T11:52:58Z WARNING c050693b-f46e-4182-90fc-e52196910f21: failed while opening the NWB file (ConstructError: (root/acquisition/_iblmic_audioSpectrogram/bands GroupBuilder {'attributes': {'colnames': array(['freq'], dtype=object), 'description': 'spectogram frequencies', 'namespace': 'core', 'neurodata_type': 'FrequencyBandsTable', 'object_id': 'edc837f1-2980-4d94-b1cf-683698870776'}, 'groups': {}, 'datasets': {'freq': root/acquisition/_iblmic_audioSpectrogram/bands/freq DatasetBuilder {'attributes': {'description': 'frequency value', 'namespace': 'hdmf-common', 'neurodata_type': 'VectorData', 'object_id': 'a0c6011c-0af8-47b4-9ac0-8aafec9d7f82'}, 'data': <HDF5 dataset "freq": shape (257,), type "<f4">}, 'id': root/acquisition/_iblmic_audioSpectrogram/bands/id DatasetBuilder {'attributes': {'namespace': 'hdmf-common', 'neurodata_type': 'ElementIdentifiers', 'object_id': '88b95d70-d994-40e0-95f9-7b9a3b656c67'}, 'data': <HDF5 dataset "id": shape (257,), type "<i4">}}, 'links': {}}, "Could not construct FrequencyBandsTable object due to: column must have the same number of rows as 'id'"))
2026-10-09T11:53:00Z INFO [1997/2500] c0519d56-a97a-4151-8a5a-e6f12f2e5f5c: valid; 1.7 s; peak memory 10086 MiB.
2026-10-09T11:53:04Z INFO [1998/2500] c051c3a2-e0ab-4486-97ae-7a4d729bbdd2: not valid; 3.9 s; peak memory 10086 MiB.
2026-10-09T11:53:05Z WARNING c052c641-00a4-44c7-af1b-574531651912: failed while opening the NWB file (ConstructError: (root/acquisition/_iblmic_audioSpectrogram/bands GroupBuilder {'attributes': {'colnames': array(['freq'], dtype=object), 'description': 'spectogram frequencies', 'namespace': 'core', 'neurodata_type': 'FrequencyBandsTable', 'object_id': '504d74fa-bea3-492c-a572-a46e3359fd87'}, 'groups': {}, 'datasets': {'freq': root/acquisition/_iblmic_audioSpectrogram/bands/freq DatasetBuilder {'attributes': {'description': 'frequency value', 'namespace': 'hdmf-common', 'neurodata_type': 'VectorData', 'object_id': '03cbc991-1d6a-4207-aea9-cfcba1cca2c8'}, 'data': <HDF5 dataset "freq": shape (257,), type "<f4">}, 'id': root/acquisition/_iblmic_audioSpectrogram/bands/id DatasetBuilder {'attributes': {'namespace': 'hdmf-common', 'neurodata_type': 'ElementIdentifiers', 'object_id': '2fc5cc33-09d1-4f05-8a84-bfacbec46022'}, 'data': <HDF5 dataset "id": shape (257,), type "<i4">}}, 'links': {}}, "Could not construct FrequencyBandsTable object due to: column must have the same number of rows as 'id'"))
2026-10-09T11:53:07Z INFO [2000/2500] c0530c0d-93ce-4eb4-80b7-817a7a17d420: not valid; 1.6 s; peak memory 10086 MiB.
2026-10-09T11:53:08Z INFO [2000/2500] c0530c0d-93ce-4eb4-80b7-817a7a17d420: checkpointed 190510 new records.
2026-10-09T11:53:10Z INFO [2001/2500] c053d42f-dec2-438b-aad2-ed230e73bd91: valid; 1.4 s; peak memory 10086 MiB.
2026-10-09T11:53:13Z INFO [2002/2500] c054a065-d534-432e-93fb-1d87384c473c: valid; 2.9 s; peak memory 10086 MiB.
2026-10-09T11:53:14Z INFO [2003/2500] c054b553-c467-48d2-86c4-1f2448cedc39: valid; 1.2 s; peak memory 10086 MiB.
2026-10-09T11:53:18Z INFO [2004/2500] c054d762-660f-4f3a-a0cd-9fc175ffeed4: valid; 4.1 s; peak memory 10086 MiB.
2026-10-09T11:53:19Z INFO [2005/2500] c054eff2-e90e-42a7-a62c-a1375635def1: not valid; 1.3 s; peak memory 10086 MiB.
2026-10-09T11:53:25Z INFO [2006/2500] c054f34d-595a-456f-82c6-2d4e662f5561: valid; 6.1 s; peak memory 10086 MiB.
2026-10-09T11:53:28Z INFO [2007/2500] c0552cbf-62c1-478f-8ecf-7f3e84818fae: valid; 2.9 s; peak memory 10086 MiB.
2026-10-09T11:53:30Z INFO [2008/2500] c0553685-4f35-423c-83c9-6a929838139e: valid; 1.9 s; peak memory 10086 MiB.
2026-10-09T11:53:34Z INFO [2009/2500] c05570f3-4d46-4946-9e49-f5f0a35f73e9: valid; 3.9 s; peak memory 10086 MiB.
2026-10-09T11:53:37Z INFO [2010/2500] c055eca0-dde6-4fdc-97e7-a13249f8d5c3: valid; 2.6 s; peak memory 10086 MiB.
2026-10-09T11:53:39Z INFO [2011/2500] c0564826-756b-4008-9261-8800628e48ed: valid; 1.8 s; peak memory 10086 MiB.
2026-10-09T11:53:39Z WARNING c0571d3a-6965-43f8-b715-d4f4657dcb0f: failed while retrieving asset information from the DANDI API (NotFoundError: No asset at path 'sub-parkinson-simulated-beta/sub-parkinson-simulated-beta_ses-4432_ecephys.nwb' in version 0.250327.2220. Verify the path is correct and the asset exists in this version. Use 'dandi ls' to list available assets.)
2026-10-09T11:53:44Z INFO [2013/2500] c0572a80-56b9-4a2b-91fe-2d76c08404b6: valid; 4.8 s; peak memory 10086 MiB.
2026-10-09T11:53:45Z INFO [2014/2500] c05758dd-77d2-40cc-85a0-bfd6437e1b53: not valid; 1.2 s; peak memory 10086 MiB.
2026-10-09T11:53:46Z INFO [2015/2500] c0575a5f-c6b0-44c3-81e7-5cce7266b37a: not valid; 1.4 s; peak memory 10086 MiB.
2026-10-09T11:53:47Z INFO [2016/2500] c057d224-9e83-4714-a73d-323ed9056ada: valid; 1.1 s; peak memory 10086 MiB.
2026-10-09T11:53:51Z INFO [2017/2500] c058dfde-8f12-4ffc-9efd-90f6879c2233: valid; 3.7 s; peak memory 10086 MiB.
2026-10-09T11:53:52Z INFO [2018/2500] c05919aa-a054-4277-a35f-1d54325feccb: valid; 1.1 s; peak memory 10086 MiB.
2026-10-09T11:53:54Z INFO [2019/2500] c0596048-c9bf-4f8f-818d-2ba853163a12: valid; 2.1 s; peak memory 10086 MiB.
2026-10-09T11:53:56Z INFO [2020/2500] c0597f88-63e6-4e17-b3f7-70a8fec50491: valid; 1.8 s; peak memory 10086 MiB.
2026-10-09T11:54:01Z INFO [2021/2500] c059a8dd-d2e9-4548-8ea9-016e13481c83: valid; 4.5 s; peak memory 10086 MiB.
2026-10-09T11:54:03Z INFO [2022/2500] c059cde2-39ce-4aae-a395-3e867fd373e3: not valid; 2.4 s; peak memory 10086 MiB.
2026-10-09T11:54:04Z INFO [2023/2500] c05a3de9-8825-42d4-99f2-618ed7b8b8fa: valid; 1.3 s; peak memory 10086 MiB.
2026-10-09T11:54:06Z INFO [2024/2500] c05aa59d-283e-4bfa-86c2-b4e1107f3753: valid; 1.3 s; peak memory 10086 MiB.
2026-10-09T11:54:07Z INFO [2025/2500] c05ad951-5908-4dac-9639-319c4bc5101a: valid; 1.3 s; peak memory 10086 MiB.
2026-10-09T11:54:10Z INFO [2026/2500] c05afc40-9376-4cd2-9202-08e7e8b5ab76: valid; 2.8 s; peak memory 10086 MiB.
2026-10-09T11:54:12Z INFO [2027/2500] c05b3fe6-eeef-402b-839f-43aa201495a5: valid; 1.9 s; peak memory 10086 MiB.
2026-10-09T11:54:13Z INFO [2028/2500] c05b8df0-c32c-4af4-91f4-1377dad113f0: valid; 1.8 s; peak memory 10086 MiB.
2026-10-09T11:54:15Z WARNING c05bed09-68f5-44c6-8925-545e503946e5: failed while opening the NWB file (ConstructError: (root/acquisition/_iblmic_audioSpectrogram/bands GroupBuilder {'attributes': {'colnames': array(['freq'], dtype=object), 'description': 'spectogram frequencies', 'namespace': 'core', 'neurodata_type': 'FrequencyBandsTable', 'object_id': '72691997-621a-403e-a8b7-4f974a11c680'}, 'groups': {}, 'datasets': {'freq': root/acquisition/_iblmic_audioSpectrogram/bands/freq DatasetBuilder {'attributes': {'description': 'frequency value', 'namespace': 'hdmf-common', 'neurodata_type': 'VectorData', 'object_id': 'b7bf7f3c-b671-4bc7-bd1a-9a67c6ac986e'}, 'data': <HDF5 dataset "freq": shape (257,), type "<f4">}, 'id': root/acquisition/_iblmic_audioSpectrogram/bands/id DatasetBuilder {'attributes': {'namespace': 'hdmf-common', 'neurodata_type': 'ElementIdentifiers', 'object_id': 'af09c67a-debc-49e1-bab4-20855d3eb9ce'}, 'data': <HDF5 dataset "id": shape (257,), type "<i4">}}, 'links': {}}, "Could not construct FrequencyBandsTable object due to: column must have the same number of rows as 'id'"))
2026-10-09T11:54:16Z INFO [2030/2500] c05daf5f-792b-45c9-8f86-56ba63bfed1b: valid; 1.2 s; peak memory 10086 MiB.
2026-10-09T11:54:18Z INFO [2031/2500] c05de8db-90e7-42c1-95b2-aaa9b866c515: valid; 2.1 s; peak memory 10086 MiB.
2026-10-09T11:54:19Z INFO [2032/2500] c05df09f-b95f-4a84-b35a-4c47b8f03020: valid; 1.0 s; peak memory 10086 MiB.
2026-10-09T11:54:21Z INFO [2033/2500] c05e1744-5107-4a1f-9411-73a5cad4ea1a: not valid; 1.5 s; peak memory 10086 MiB.
2026-10-09T11:54:22Z INFO [2034/2500] c05e4dc8-18c7-466e-b8bc-dd50a0a748c6: valid; 1.4 s; peak memory 10086 MiB.
2026-10-09T11:54:25Z INFO [2035/2500] c05e7b6f-54fc-47a4-84a5-92c09f3b9f9a: valid; 3.0 s; peak memory 10086 MiB.
2026-10-09T11:54:28Z INFO [2036/2500] c06012ee-2edc-4283-a35d-8f1d294180d3: valid; 3.1 s; peak memory 10086 MiB.
2026-10-09T11:54:30Z INFO [2037/2500] c06033cc-e5bc-4ce4-a1d8-66828a076fbc: valid; 1.3 s; peak memory 10086 MiB.
2026-10-09T11:54:31Z INFO [2038/2500] c060655c-ea5e-4f0e-829e-d1be5fe9cdde: valid; 1.3 s; peak memory 10086 MiB.
2026-10-09T11:54:42Z INFO [2039/2500] c060b383-8912-4a40-bf03-5c1b3e056d04: valid; 11.0 s; peak memory 10086 MiB.
2026-10-09T11:54:45Z INFO [2040/2500] c061b465-cda5-466d-9196-b74159dba604: not valid; 2.9 s; peak memory 10086 MiB.
2026-10-09T11:54:47Z INFO [2041/2500] c06201ee-7ae7-4a3c-af5e-fa7d2db758bd: valid; 1.7 s; peak memory 10086 MiB.
2026-10-09T11:54:49Z INFO [2042/2500] c0631676-d91c-4c83-8c32-5f212ee2d931: not valid; 1.9 s; peak memory 10086 MiB.
2026-10-09T11:54:50Z INFO [2043/2500] c0635eb8-a9d9-499c-924b-f952411d3bbb: not valid; 1.5 s; peak memory 10086 MiB.
2026-10-09T11:55:00Z INFO [2044/2500] c06385e7-6d40-4cec-b8e7-d041cf3d064d: valid; 9.4 s; peak memory 10086 MiB.
2026-10-09T11:55:01Z INFO [2045/2500] c06398e4-2cef-4491-adc8-bd3d05468815: valid; 1.8 s; peak memory 10086 MiB.
2026-10-09T11:55:03Z INFO [2046/2500] c064aff8-ad09-4782-b62e-16a7ec07dc4e: valid; 1.3 s; peak memory 10086 MiB.
2026-10-09T11:55:17Z INFO [2047/2500] c0658b10-d9ae-49a9-8c65-b2444fd358b5: valid; 14.9 s; peak memory 10086 MiB.
2026-10-09T11:55:27Z INFO [2048/2500] c0659e0a-0a9b-4781-9b12-8437579a98d7: valid; 9.4 s; peak memory 10086 MiB.
2026-10-09T11:55:28Z INFO [2049/2500] c065bb37-5141-4555-a233-73cd8ca93b32: valid; 1.3 s; peak memory 10086 MiB.
2026-10-09T11:55:33Z INFO [2050/2500] c065dd98-0428-425b-93c6-a3a372168f76: valid; 4.9 s; peak memory 10086 MiB.
2026-10-09T11:55:34Z INFO [2050/2500] c065dd98-0428-425b-93c6-a3a372168f76: checkpointed 190560 new records.
2026-10-09T11:55:34Z WARNING c065e3ec-18f2-4c06-92fc-9707356e4cee: failed while retrieving asset information from the DANDI API (NotFoundError: No asset at path 'sub-ZS062/sub-ZS062_ses-behavior-ZS062-2021-04-15-17-52-49.nwb' in version 0.260928.2230. Verify the path is correct and the asset exists in this version. Use 'dandi ls' to list available assets.)
2026-10-09T11:55:36Z INFO [2052/2500] c065fa8b-4c13-4391-9845-f8da6ecdfee2: valid; 1.3 s; peak memory 10086 MiB.
2026-10-09T11:55:37Z INFO [2053/2500] c0662a13-24fb-4c11-b789-c0a6f40dbe6f: valid; 1.2 s; peak memory 10086 MiB.
2026-10-09T11:55:38Z INFO [2054/2500] c06685e2-0dde-4938-b4d6-d7b88ae009e4: valid; 1.3 s; peak memory 10086 MiB.
2026-10-09T11:55:39Z INFO [2055/2500] c0668feb-76d8-4002-a156-893e42ef96bf: valid; 1.1 s; peak memory 10086 MiB.
2026-10-09T11:55:40Z INFO [2056/2500] c066e5c5-5e88-4df6-a2d9-d0a732c46b50: valid; 0.9 s; peak memory 10086 MiB.
2026-10-09T11:55:44Z INFO [2057/2500] c066f5a3-8c26-426b-8436-58c1cc430c60: not valid; 3.4 s; peak memory 10086 MiB.
2026-10-09T11:55:45Z INFO [2058/2500] c0670c4a-d0f8-4a35-a6b9-d1ba8f70e0d2: not valid; 1.7 s; peak memory 10086 MiB.
2026-10-09T11:55:47Z INFO [2059/2500] c0671d9d-9cf1-4716-8618-22a812617917: not valid; 1.5 s; peak memory 10086 MiB.
2026-10-09T11:56:03Z INFO [2060/2500] c0674b07-a86c-4a1d-be8c-7900b6c2f9b5: valid; 15.8 s; peak memory 10086 MiB.
2026-10-09T11:56:04Z INFO [2061/2500] c067607e-d26a-4517-a3e1-424af8696b58: not valid; 1.3 s; peak memory 10086 MiB.
2026-10-09T11:56:05Z INFO [2062/2500] c06837d5-80cf-4948-91a2-dafae67a92b7: valid; 1.4 s; peak memory 10086 MiB.
2026-10-09T11:56:07Z INFO [2063/2500] c068a95c-06fb-4c2f-a197-f791b366c31a: valid; 1.7 s; peak memory 10086 MiB.
2026-10-09T11:56:10Z INFO [2064/2500] c069345b-7e43-4daf-bf28-e0407cdb8598: valid; 2.9 s; peak memory 10086 MiB.
2026-10-09T11:56:11Z INFO [2065/2500] c06950e5-be71-4b13-b081-2f0c669d0396: valid; 1.3 s; peak memory 10086 MiB.
2026-10-09T11:56:13Z INFO [2066/2500] c069a20e-6cd9-4187-93ea-6d85003b8649: valid; 1.3 s; peak memory 10086 MiB.
2026-10-09T11:56:20Z INFO [2067/2500] c069a91d-136a-42a7-a936-ee6c8ea7e9dd: valid; 7.4 s; peak memory 10086 MiB.
2026-10-09T11:56:22Z INFO [2068/2500] c069ce20-2d54-4ebc-a8e6-8381aa76bc25: valid; 2.4 s; peak memory 10086 MiB.
2026-10-09T11:56:32Z INFO [2069/2500] c069fc01-9276-4c39-b39a-93cc57d95afe: valid; 9.2 s; peak memory 10086 MiB.
2026-10-09T11:56:36Z INFO [2070/2500] c06ab03d-ec0f-43a9-a055-5500dff8d463: valid; 4.7 s; peak memory 10086 MiB.
2026-10-09T11:56:38Z INFO [2071/2500] c06b1be9-eab2-4fb9-bd68-6534b5a29322: not valid; 1.5 s; peak memory 10086 MiB.
2026-10-09T11:56:41Z INFO [2072/2500] c06b3de6-d268-49b8-b030-4b9787c5a664: valid; 2.8 s; peak memory 10086 MiB.
2026-10-09T11:56:41Z WARNING c06bf593-7e05-40bc-826e-b398bb08c22b: failed while retrieving asset information from the DANDI API (NotFoundError: No asset at path 'sub-F1/sub-F1_ses-20190413T210000_behavior+ophys.nwb' in version 0.260415.1712. Verify the path is correct and the asset exists in this version. Use 'dandi ls' to list available assets.)
2026-10-09T11:56:48Z INFO [2074/2500] c06c7861-48e9-4601-961a-a49411b7d0e4: valid; 7.1 s; peak memory 10086 MiB.
2026-10-09T11:56:50Z INFO [2075/2500] c06c991e-ef65-4de6-b147-e2a373e8c086: valid; 2.5 s; peak memory 10086 MiB.
2026-10-09T11:56:52Z INFO [2076/2500] c06cf4fa-5625-4d1f-95f1-3a51e50d6099: valid; 1.5 s; peak memory 10086 MiB.
2026-10-09T11:56:54Z INFO [2077/2500] c06d0084-b6a0-40f7-8de5-332e3844d5df: valid; 1.8 s; peak memory 10086 MiB.
2026-10-09T11:56:57Z INFO [2078/2500] c06d564b-3f40-4db8-af1c-a3fc9561225d: not valid; 3.4 s; peak memory 10086 MiB.
2026-10-09T11:56:59Z INFO [2079/2500] c06d5ff8-17f4-4b08-b5d0-c1ceb5edc5c9: valid; 2.0 s; peak memory 10086 MiB.
2026-10-09T11:57:01Z INFO [2080/2500] c06d723a-0552-4ee1-9a63-d58fa822d93d: valid; 1.6 s; peak memory 10086 MiB.
2026-10-09T11:57:02Z INFO [2081/2500] c06ec940-76a0-4e17-b1c6-363d17942874: valid; 1.2 s; peak memory 10086 MiB.
2026-10-09T11:57:09Z INFO [2082/2500] c0708241-3574-457c-8257-954dd7bc95a9: valid; 6.7 s; peak memory 10086 MiB.
2026-10-09T11:57:24Z INFO [2083/2500] c071e067-1b6c-400f-9e6c-c7341f7b6236: valid; 15.1 s; peak memory 10086 MiB.
2026-10-09T11:57:26Z INFO [2084/2500] c072007d-ab30-415d-91df-5024c7178b71: valid; 1.8 s; peak memory 10086 MiB.
2026-10-09T11:57:27Z INFO [2085/2500] c072edd1-589b-42b1-9afd-2ce1e2628754: valid; 1.5 s; peak memory 10086 MiB.
2026-10-09T11:57:29Z INFO [2086/2500] c073cf26-818b-4b61-8f5f-16fc4fa6fb7b: not valid; 1.6 s; peak memory 10086 MiB.
2026-10-09T11:57:30Z INFO [2087/2500] c0743e47-3842-4782-8053-2b9c316ac9a3: valid; 1.5 s; peak memory 10086 MiB.
2026-10-09T11:57:33Z INFO [2088/2500] c0745c77-b5f5-45bf-a6b0-1c96f92d4c18: valid; 2.4 s; peak memory 10086 MiB.
2026-10-09T11:57:49Z INFO [2089/2500] c0745e5e-3ffd-4b36-999f-4cab4393bc0f: valid; 15.9 s; peak memory 10086 MiB.
2026-10-09T11:57:51Z INFO [2090/2500] c074c47e-b82c-4bda-8bf5-0e315f7d0bca: valid; 1.9 s; peak memory 10086 MiB.
2026-10-09T11:57:58Z INFO [2091/2500] c074f3d3-1944-4fca-998e-9c49fd3c00af: not valid; 7.5 s; peak memory 10086 MiB.
2026-10-09T11:58:01Z INFO [2092/2500] c07656c6-ec05-4e6f-8fc3-e924afacf54a: valid; 2.6 s; peak memory 10086 MiB.
2026-10-09T11:58:01Z WARNING c076670a-7af9-4753-8b20-d9173e8a2436: failed while retrieving asset information from the DANDI API (NotFoundError: No such Dandiset: 000561)
2026-10-09T11:58:02Z INFO [2094/2500] c0771949-17ba-471f-8949-4d05d307d04b: not valid; 1.7 s; peak memory 10086 MiB.
2026-10-09T11:58:04Z INFO [2095/2500] c07738d0-6670-4351-8e53-406d66b2b179: valid; 1.2 s; peak memory 10086 MiB.
2026-10-09T11:58:07Z INFO [2096/2500] c0776035-7386-4052-b524-b67d22438260: not valid; 3.5 s; peak memory 10086 MiB.
2026-10-09T11:58:11Z INFO [2097/2500] c0776051-9110-43c8-8b78-fae252227015: not valid; 4.1 s; peak memory 10086 MiB.
2026-10-09T11:58:14Z INFO [2098/2500] c077d4f3-6049-4bdf-9032-beb3f796002b: valid; 2.6 s; peak memory 10086 MiB.
2026-10-09T11:58:15Z INFO [2099/2500] c077d730-bf5b-4c7f-b90b-00293a0e2bbe: not valid; 1.6 s; peak memory 10086 MiB.
2026-10-09T11:58:17Z INFO [2100/2500] c077de5d-0b6b-4928-ab0e-2cd90f3f1f57: valid; 1.3 s; peak memory 10086 MiB.
2026-10-09T11:58:18Z INFO [2100/2500] c077de5d-0b6b-4928-ab0e-2cd90f3f1f57: checkpointed 190610 new records.
2026-10-09T11:58:19Z INFO [2101/2500] c077e77a-3435-4ea6-a60a-31242630dc98: valid; 1.3 s; peak memory 10086 MiB.
2026-10-09T11:58:21Z INFO [2102/2500] c077f682-a5d6-40a8-b436-463875a2d7a2: valid; 1.3 s; peak memory 10086 MiB.
2026-10-09T11:58:22Z INFO [2103/2500] c0780f3a-ef9d-4416-8cf6-74d4265ca739: not valid; 1.3 s; peak memory 10086 MiB.
2026-10-09T11:58:24Z INFO [2104/2500] c0782069-2770-4b84-80fa-ded3f6699e46: not valid; 2.3 s; peak memory 10086 MiB.
2026-10-09T11:58:26Z INFO [2105/2500] c0786aac-717f-44d5-9b3e-6f4e8155f6d4: valid; 1.7 s; peak memory 10086 MiB.
2026-10-09T11:58:29Z INFO [2106/2500] c078830b-acd9-408f-9eee-0e6bb07277c6: valid; 3.4 s; peak memory 10086 MiB.
2026-10-09T11:58:31Z INFO [2107/2500] c07895a4-f1c6-4a59-85d0-dfd54ac275e5: valid; 1.2 s; peak memory 10086 MiB.
2026-10-09T11:58:34Z INFO [2108/2500] c078ce13-f275-4bda-b351-ecb3373be314: not valid; 3.4 s; peak memory 10086 MiB.
2026-10-09T11:58:37Z INFO [2109/2500] c078eef3-7636-4054-ba1d-a2d8a645876e: valid; 3.2 s; peak memory 10086 MiB.
2026-10-09T11:58:43Z INFO [2110/2500] c0792802-edf9-4af8-8979-27547c6f8a1f: valid; 5.8 s; peak memory 10086 MiB.
2026-10-09T11:58:45Z INFO [2111/2500] c079e225-b26d-48cf-8a74-837446f8bc7a: valid; 1.6 s; peak memory 10086 MiB.
2026-10-09T11:58:46Z INFO [2112/2500] c079e22a-4825-4450-a9ca-667d5fcafc3f: not valid; 1.4 s; peak memory 10086 MiB.
2026-10-09T11:58:47Z INFO [2113/2500] c07ae2ad-b3df-4169-9d1e-d5cb545903cf: valid; 1.0 s; peak memory 10086 MiB.
2026-10-09T11:58:50Z INFO [2114/2500] c07b8714-9071-49b9-b4c4-562abe92ca28: valid; 3.0 s; peak memory 10086 MiB.
2026-10-09T11:59:16Z INFO [2115/2500] c07caab0-0a62-488e-98a1-80f8f909221a: not valid; 25.8 s; peak memory 10086 MiB.
2026-10-09T11:59:16Z WARNING c07cb2da-30f3-4e16-b4b6-87a31c990f50: failed while retrieving asset information from the DANDI API (NotFoundError: No asset at path 'sub-parkinson-simulated-lfp/sub-parkinson-simulated-lfp_ses-3690_ecephys.nwb' in version 0.250327.2220. Verify the path is correct and the asset exists in this version. Use 'dandi ls' to list available assets.)
2026-10-09T11:59:19Z INFO [2117/2500] c07d4829-de05-44ae-8201-59794b2a722e: valid; 2.7 s; peak memory 10086 MiB.
2026-10-09T12:02:00Z INFO [2118/2500] c07e1bf7-410b-49a5-aacf-fb20034d2b71: not valid; 161.8 s; peak memory 10086 MiB.
2026-10-09T12:02:02Z INFO [2119/2500] c07eaac9-94b1-4ee4-bf9e-10a619e25eab: not valid; 2.0 s; peak memory 10086 MiB.
2026-10-09T12:02:04Z WARNING c07f024b-c1ea-48ab-83ea-edd611311f8a: failed while opening the NWB file (ConstructError: (root/acquisition/_iblmic_audioSpectrogram/bands GroupBuilder {'attributes': {'colnames': array(['freq'], dtype=object), 'description': 'spectogram frequencies', 'namespace': 'core', 'neurodata_type': 'FrequencyBandsTable', 'object_id': '1be2904e-20c7-4cc3-ae11-dbc2b04f73d5'}, 'groups': {}, 'datasets': {'freq': root/acquisition/_iblmic_audioSpectrogram/bands/freq DatasetBuilder {'attributes': {'description': 'frequency value', 'namespace': 'hdmf-common', 'neurodata_type': 'VectorData', 'object_id': '6a156055-1aa2-4289-9cd8-6dafd69d6b3a'}, 'data': <HDF5 dataset "freq": shape (257,), type "<f4">}, 'id': root/acquisition/_iblmic_audioSpectrogram/bands/id DatasetBuilder {'attributes': {'namespace': 'hdmf-common', 'neurodata_type': 'ElementIdentifiers', 'object_id': '4313ca38-db61-43e4-b555-ff3af710346e'}, 'data': <HDF5 dataset "id": shape (257,), type "<i4">}}, 'links': {}}, "Could not construct FrequencyBandsTable object due to: column must have the same number of rows as 'id'"))
2026-10-09T12:02:07Z INFO [2121/2500] c07f9f37-96d3-4acc-b67e-e6618978a3e8: valid; 2.8 s; peak memory 10086 MiB.
2026-10-09T12:02:09Z INFO [2122/2500] c07fe745-651a-476d-a15b-e1507b4917d6: not valid; 1.6 s; peak memory 10086 MiB.
2026-10-09T12:02:10Z INFO [2123/2500] c0800d7a-4078-435d-896a-453447c4b067: valid; 1.3 s; peak memory 10086 MiB.
2026-10-09T12:02:12Z INFO [2124/2500] c0802bd0-b846-480e-a4fa-583a27e7dedb: not valid; 1.8 s; peak memory 10086 MiB.
2026-10-09T12:02:13Z INFO [2125/2500] c0814181-3098-40fa-a4f8-79257d501119: valid; 1.4 s; peak memory 10086 MiB.
2026-10-09T12:02:16Z INFO [2126/2500] c0814c24-c981-4135-9ac1-795f6746f66f: valid; 2.5 s; peak memory 10086 MiB.
2026-10-09T12:02:18Z INFO [2127/2500] c0817741-af06-4014-a1d3-805e87b87812: valid; 2.0 s; peak memory 10086 MiB.
2026-10-09T12:02:23Z INFO [2128/2500] c081bcb6-76b1-4077-92ab-1a8cdc6e6af2: valid; 4.9 s; peak memory 10086 MiB.
2026-10-09T12:02:25Z INFO [2129/2500] c0835314-4dca-4568-aaea-6a7f3179938c: valid; 2.3 s; peak memory 10086 MiB.
2026-10-09T12:02:25Z WARNING c0839413-114d-47ee-8550-cd1b8b0a7284: failed while retrieving asset information from the DANDI API (NotFoundError: No asset at path 'sub-EPCNHP2/sub-EPCNHP2_ses-2021-02-17-007_ecephys.nwb' in version 0.240701.1903. Verify the path is correct and the asset exists in this version. Use 'dandi ls' to list available assets.)
2026-10-09T12:02:27Z INFO [2131/2500] c0843131-a687-4763-9aa4-e1588a03958e: valid; 1.8 s; peak memory 10086 MiB.
2026-10-09T12:02:27Z WARNING c084b028-16e3-4a2b-bf9d-40936acb2fa7: failed while retrieving asset information from the DANDI API (NotFoundError: No asset at path 'sub-parkinson-simulated-beta/sub-parkinson-simulated-beta_ses-3690_ecephys.nwb' in version 0.250327.2220. Verify the path is correct and the asset exists in this version. Use 'dandi ls' to list available assets.)
2026-10-09T12:02:29Z WARNING c084d4f8-87dd-46ea-a85f-0e8f7ff78e0b: failed while opening the NWB file (ConstructError: (root/acquisition/_iblmic_audioSpectrogram/bands GroupBuilder {'attributes': {'colnames': array(['freq'], dtype=object), 'description': 'spectogram frequencies', 'namespace': 'core', 'neurodata_type': 'FrequencyBandsTable', 'object_id': 'bba246a5-ba8c-475a-8c6c-5742c4943e79'}, 'groups': {}, 'datasets': {'freq': root/acquisition/_iblmic_audioSpectrogram/bands/freq DatasetBuilder {'attributes': {'description': 'frequency value', 'namespace': 'hdmf-common', 'neurodata_type': 'VectorData', 'object_id': '01fe1a26-09ea-4e93-8239-7b304fc97bde'}, 'data': <HDF5 dataset "freq": shape (257,), type "<f4">}, 'id': root/acquisition/_iblmic_audioSpectrogram/bands/id DatasetBuilder {'attributes': {'namespace': 'hdmf-common', 'neurodata_type': 'ElementIdentifiers', 'object_id': '0aaed35c-cd49-4e72-bf10-f4f8c718a594'}, 'data': <HDF5 dataset "id": shape (257,), type "<i4">}}, 'links': {}}, "Could not construct FrequencyBandsTable object due to: column must have the same number of rows as 'id'"))
2026-10-09T12:02:30Z INFO [2134/2500] c0857967-31d3-43df-855b-64c66bbdd7fe: valid; 0.9 s; peak memory 10086 MiB.
2026-10-09T12:02:32Z INFO [2135/2500] c0862a84-ba8c-4fec-9226-3bceaa697fc8: valid; 2.0 s; peak memory 10086 MiB.
2026-10-09T12:02:34Z INFO [2136/2500] c08638a5-25cf-491c-bbd2-bf70b656d718: valid; 2.4 s; peak memory 10086 MiB.
2026-10-09T12:02:44Z INFO [2137/2500] c0864573-7e04-485e-a400-8bfec19b51a7: not valid; 10.5 s; peak memory 10086 MiB.
2026-10-09T12:02:47Z INFO [2138/2500] c0865e6e-d4a6-4cd1-859a-481b4fb1382a: valid; 2.1 s; peak memory 10086 MiB.
2026-10-09T12:02:48Z INFO [2139/2500] c086f968-c160-4719-99a1-5f97b1017a54: valid; 1.8 s; peak memory 10086 MiB.
2026-10-09T12:02:52Z INFO [2140/2500] c0879a10-c899-436e-804f-ceab5025e120: valid; 3.6 s; peak memory 10086 MiB.
2026-10-09T12:02:59Z INFO [2141/2500] c087db8b-d731-4741-993a-e620cc09bc8f: valid; 6.9 s; peak memory 10086 MiB.
2026-10-09T12:03:16Z INFO [2142/2500] c087e7df-1114-4cc6-ba7f-f05fe7b775e6: valid; 17.2 s; peak memory 10086 MiB.
2026-10-09T12:03:18Z INFO [2143/2500] c0884861-5762-4ce3-8c19-e7e99e8af74b: valid; 1.8 s; peak memory 10086 MiB.
2026-10-09T12:03:21Z INFO [2144/2500] c088fd38-3211-4a83-a0d8-382cce91c9f3: valid; 3.7 s; peak memory 10086 MiB.
2026-10-09T12:03:24Z INFO [2145/2500] c0890557-929f-434c-b976-b76f97a82424: not valid; 2.6 s; peak memory 10086 MiB.
2026-10-09T12:03:25Z INFO [2146/2500] c0890bca-3156-4eb4-928e-b4e1c577c0f7: valid; 1.3 s; peak memory 10086 MiB.
2026-10-09T12:03:27Z INFO [2147/2500] c08a9764-7ba3-4842-8bf0-0b96cfa9eb1a: valid; 1.8 s; peak memory 10086 MiB.
2026-10-09T12:03:29Z INFO [2148/2500] c08aa9be-a763-4a6e-8888-f5d1c8dfcd0c: not valid; 1.6 s; peak memory 10086 MiB.
2026-10-09T12:03:31Z INFO [2149/2500] c08ae480-574c-44f5-b5a1-76de2a389817: valid; 2.1 s; peak memory 10086 MiB.
2026-10-09T12:03:34Z INFO [2150/2500] c08b77fe-379a-4128-a4b2-f7c2ca61f6e0: valid; 3.6 s; peak memory 10086 MiB.
2026-10-09T12:03:36Z INFO [2150/2500] c08b77fe-379a-4128-a4b2-f7c2ca61f6e0: checkpointed 190660 new records.
2026-10-09T12:03:38Z INFO [2151/2500] c08bdb09-f540-44a4-9e9d-dec8337fa9a0: valid; 1.9 s; peak memory 10086 MiB.
2026-10-09T12:03:41Z INFO [2152/2500] c08be5ee-53c0-4506-9215-480cb14a49dd: valid; 3.4 s; peak memory 10086 MiB.
2026-10-09T12:03:47Z INFO [2153/2500] c08ce797-60a3-4dbb-aa87-378e7380b1b0: valid; 5.5 s; peak memory 10086 MiB.
2026-10-09T12:03:48Z INFO [2154/2500] c08d6d6f-04aa-4d2e-b1d0-4fc4860e5c6d: valid; 1.2 s; peak memory 10086 MiB.
2026-10-09T12:03:58Z INFO [2155/2500] c08d71f9-1007-4ef7-a840-452e46d39052: valid; 9.8 s; peak memory 10086 MiB.
2026-10-09T12:03:59Z INFO [2156/2500] c08e1015-ed44-448e-9b47-2149d5cce78f: not valid; 1.6 s; peak memory 10086 MiB.
2026-10-09T12:04:02Z INFO [2157/2500] c08e9b54-4883-459d-a821-561bc38ad9d5: valid; 2.5 s; peak memory 10086 MiB.
2026-10-09T12:04:04Z INFO [2158/2500] c08ee211-2fe1-4180-a7d8-421513323f17: valid; 2.2 s; peak memory 10086 MiB.
2026-10-09T12:04:08Z INFO [2159/2500] c08f2626-5a44-4fce-940f-39e59a38c863: not valid; 3.9 s; peak memory 10086 MiB.
2026-10-09T12:04:09Z INFO [2160/2500] c08f2d4b-5d95-4d16-9168-e7bdea4b9e62: valid; 1.3 s; peak memory 10086 MiB.
2026-10-09T12:04:10Z INFO [2161/2500] c08f8302-e399-4550-a7d0-2d0af7fcda40: valid; 1.2 s; peak memory 10086 MiB.
2026-10-09T12:04:12Z INFO [2162/2500] c08f9d90-5b40-4723-9a22-11f1b4ac6e79: valid; 1.3 s; peak memory 10086 MiB.
2026-10-09T12:04:16Z INFO [2163/2500] c08f9e86-1d7b-45b7-b508-d32aa7d9fbb1: valid; 4.0 s; peak memory 10086 MiB.
2026-10-09T12:04:17Z INFO [2164/2500] c090ef44-6ff5-4957-aa05-5819c0ab3934: valid; 1.3 s; peak memory 10086 MiB.
2026-10-09T12:04:18Z INFO [2165/2500] c090f85d-9361-4d2f-92d6-c0c0fab08781: not valid; 1.2 s; peak memory 10086 MiB.
2026-10-09T12:04:22Z INFO [2166/2500] c0912361-6968-4f22-9f48-1486b8f5f806: not valid; 3.8 s; peak memory 10086 MiB.
2026-10-09T12:04:23Z INFO [2167/2500] c09131be-18c0-459e-a794-668d67129cba: valid; 1.4 s; peak memory 10086 MiB.
2026-10-09T12:04:26Z INFO [2168/2500] c0913613-bb59-4239-b45d-b89d1453b188: valid; 2.4 s; peak memory 10086 MiB.
2026-10-09T12:04:29Z INFO [2169/2500] c0919902-8f2f-42dc-b60f-55cc5063f732: not valid; 3.5 s; peak memory 10086 MiB.
2026-10-09T12:04:31Z INFO [2170/2500] c091ae61-bb49-4f7a-961d-52ff5010612b: valid; 1.5 s; peak memory 10086 MiB.
2026-10-09T12:04:32Z INFO [2171/2500] c092342f-6c0d-409a-9f83-688243de190d: valid; 1.2 s; peak memory 10086 MiB.
2026-10-09T12:04:43Z INFO [2172/2500] c092ee8c-bac6-4aa0-bc0c-0b4881685e30: valid; 11.0 s; peak memory 10086 MiB.
2026-10-09T12:04:44Z INFO [2173/2500] c092fdb9-d0ba-467a-92c0-d171dca41339: valid; 1.4 s; peak memory 10086 MiB.
2026-10-09T12:04:46Z INFO [2174/2500] c0932f52-6868-4be9-99eb-127af33e9ccf: valid; 1.9 s; peak memory 10086 MiB.
2026-10-09T12:04:49Z INFO [2175/2500] c0936451-f6d3-4759-ad84-fe63013b608e: valid; 2.7 s; peak memory 10086 MiB.
2026-10-09T12:04:50Z INFO [2176/2500] c0937b33-05e6-48cf-a80f-b9c5eb99a53e: valid; 0.9 s; peak memory 10086 MiB.
2026-10-09T12:04:51Z INFO [2177/2500] c093ae70-67b2-4103-910d-bf2f35b07dc4: valid; 0.9 s; peak memory 10086 MiB.
2026-10-09T12:04:57Z INFO [2178/2500] c093b5bc-0056-4562-a8a2-f867efd00b22: not valid; 5.6 s; peak memory 10086 MiB.
2026-10-09T12:04:58Z INFO [2179/2500] c0951c83-2e47-42e1-b2e6-cece91a1aa2e: not valid; 1.8 s; peak memory 10086 MiB.
2026-10-09T12:05:00Z INFO [2180/2500] c095b0f9-11bc-4684-9dbb-60066c4cef21: not valid; 1.3 s; peak memory 10086 MiB.
2026-10-09T12:05:02Z INFO [2181/2500] c0963172-ed10-4a54-91de-ac92e492cea1: valid; 2.2 s; peak memory 10086 MiB.
2026-10-09T12:05:03Z INFO [2182/2500] c0969eda-71af-4f09-b4f5-eded0f100a9e: valid; 1.3 s; peak memory 10086 MiB.
2026-10-09T12:05:07Z INFO [2183/2500] c096d271-3778-4ffd-b810-bf8f557643de: valid; 3.9 s; peak memory 10086 MiB.
2026-10-09T12:05:10Z INFO [2184/2500] c09718d1-0e11-48da-89cf-7295c1506a32: valid; 2.7 s; peak memory 10086 MiB.
2026-10-09T12:05:11Z INFO [2185/2500] c097642f-5904-4a39-8480-bbda0ba27e31: valid; 1.1 s; peak memory 10086 MiB.
2026-10-09T12:05:16Z INFO [2186/2500] c0979297-afb1-4ebc-a117-96833bfd6234: valid; 5.5 s; peak memory 10086 MiB.
2026-10-09T12:05:18Z INFO [2187/2500] c0979651-7212-4754-99f6-57d98dda547e: valid; 1.3 s; peak memory 10086 MiB.
2026-10-09T12:05:19Z INFO [2188/2500] c097d456-23ce-468a-8802-bcce6928ed41: not valid; 1.4 s; peak memory 10086 MiB.
2026-10-09T12:05:21Z INFO [2189/2500] c0989018-d556-48fd-95f4-f427a81c9b7d: valid; 2.3 s; peak memory 10086 MiB.
2026-10-09T12:05:23Z INFO [2190/2500] c0999726-c07e-4f90-afa8-c3b769a22155: valid; 1.6 s; peak memory 10086 MiB.
2026-10-09T12:05:27Z INFO [2191/2500] c099a06e-4e83-4ef3-9492-52ad17dd1da9: not valid; 3.8 s; peak memory 10086 MiB.
2026-10-09T12:05:29Z INFO [2192/2500] c09a3481-d341-4341-b7be-a21b0f086c1a: valid; 2.4 s; peak memory 10086 MiB.
2026-10-09T12:05:43Z INFO [2193/2500] c09a724c-829f-4aa3-bae2-9fab09d9b051: valid; 13.9 s; peak memory 10086 MiB.
2026-10-09T12:05:45Z INFO [2194/2500] c09ad769-634d-44d0-8c5e-da8dbc762af1: valid; 1.9 s; peak memory 10086 MiB.
2026-10-09T12:05:47Z INFO [2195/2500] c09afabf-2404-4289-87d5-8d3f9348060c: valid; 1.8 s; peak memory 10086 MiB.
2026-10-09T12:05:49Z INFO [2196/2500] c09b1425-6549-4dfc-b87f-813151e60af3: valid; 2.6 s; peak memory 10086 MiB.
2026-10-09T12:05:50Z INFO [2197/2500] c09b52e9-dc95-4767-910e-4096c3e4db77: not valid; 1.1 s; peak memory 10086 MiB.
2026-10-09T12:05:52Z INFO [2198/2500] c09bd708-ebc6-4ebf-96de-958cd6cd08af: not valid; 1.8 s; peak memory 10086 MiB.
2026-10-09T12:05:55Z INFO [2199/2500] c09bfc9c-5b89-4452-bada-229eec148db3: valid; 3.0 s; peak memory 10086 MiB.
2026-10-09T12:05:57Z INFO [2200/2500] c09c2449-7a17-49b9-90db-d5c816777146: valid; 1.4 s; peak memory 10086 MiB.
2026-10-09T12:05:58Z INFO [2200/2500] c09c2449-7a17-49b9-90db-d5c816777146: checkpointed 190710 new records.
2026-10-09T12:06:00Z INFO [2201/2500] c09c7eba-a628-43c7-8c8b-73f5be192332: valid; 2.5 s; peak memory 10086 MiB.
2026-10-09T12:06:02Z INFO [2202/2500] c09ce4ba-8fee-41f0-aafb-157fb5cab0f3: not valid; 1.7 s; peak memory 10086 MiB.
2026-10-09T12:06:18Z INFO [2203/2500] c09d012e-fc42-406a-b864-6a445116e911: valid; 15.6 s; peak memory 10086 MiB.
2026-10-09T12:06:20Z INFO [2204/2500] c09d5fa7-10de-46cd-b5b7-d656845106e7: valid; 2.0 s; peak memory 10086 MiB.
2026-10-09T12:06:22Z WARNING c09e5d3e-ed11-4ca6-ade9-5e11649b7f71: failed while opening the NWB file (ConstructError: (root/acquisition/_iblmic_audioSpectrogram/bands GroupBuilder {'attributes': {'colnames': array(['freq'], dtype=object), 'description': 'spectogram frequencies', 'namespace': 'core', 'neurodata_type': 'FrequencyBandsTable', 'object_id': 'c856a88e-0ea8-4ea5-bf97-8d03e252c8f8'}, 'groups': {}, 'datasets': {'freq': root/acquisition/_iblmic_audioSpectrogram/bands/freq DatasetBuilder {'attributes': {'description': 'frequency value', 'namespace': 'hdmf-common', 'neurodata_type': 'VectorData', 'object_id': 'f3c19b33-2b62-434e-bc00-d0267a4dc52f'}, 'data': <HDF5 dataset "freq": shape (257,), type "<f4">}, 'id': root/acquisition/_iblmic_audioSpectrogram/bands/id DatasetBuilder {'attributes': {'namespace': 'hdmf-common', 'neurodata_type': 'ElementIdentifiers', 'object_id': 'c2851c61-76c9-4632-a89e-158e5d7d0e83'}, 'data': <HDF5 dataset "id": shape (257,), type "<i4">}}, 'links': {}}, "Could not construct FrequencyBandsTable object due to: column must have the same number of rows as 'id'"))
2026-10-09T12:06:24Z INFO [2206/2500] c09fcb81-82e9-4720-bf00-013d68838698: valid; 1.9 s; peak memory 10086 MiB.
2026-10-09T12:06:26Z INFO [2207/2500] c0a08ed6-d2a1-47ed-bea0-61790e5e0389: valid; 2.0 s; peak memory 10086 MiB.
2026-10-09T12:06:34Z INFO [2208/2500] c0a13f76-b3d1-4952-855e-5d1b3f6ec3f6: valid; 8.6 s; peak memory 10086 MiB.
2026-10-09T12:06:35Z INFO [2209/2500] c0a1714f-148c-4073-b218-965504742ff0: valid; 1.1 s; peak memory 10086 MiB.
2026-10-09T12:06:37Z INFO [2210/2500] c0a1b885-71d2-4abb-8dd4-bb5660f01aa1: valid; 1.3 s; peak memory 10086 MiB.
2026-10-09T12:06:38Z INFO [2211/2500] c0a1ea89-ce4f-4560-9587-f9fcf09fdbbc: not valid; 1.4 s; peak memory 10086 MiB.
2026-10-09T12:06:42Z INFO [2212/2500] c0a20516-f935-4c9c-b4e9-d828f3d3291f: valid; 4.0 s; peak memory 10086 MiB.
2026-10-09T12:06:44Z INFO [2213/2500] c0a2347c-5373-41cf-bee7-d49de17fabc9: valid; 1.8 s; peak memory 10086 MiB.
2026-10-09T12:06:52Z INFO [2214/2500] c0a23bc4-8037-429a-bf4d-df8b504a0cd8: not valid; 8.3 s; peak memory 10086 MiB.
2026-10-09T12:06:56Z INFO [2215/2500] c0a25dcd-9b7a-4a1d-9dc6-c80a4b276df8: valid; 3.6 s; peak memory 10086 MiB.
2026-10-09T12:06:57Z INFO [2216/2500] c0a27927-0806-4ffd-b5d5-8e7aa9a2d934: valid; 1.3 s; peak memory 10086 MiB.
2026-10-09T12:06:59Z INFO [2217/2500] c0a28d17-0831-4f2d-a4f3-8a94989a63db: valid; 1.9 s; peak memory 10086 MiB.
2026-10-09T12:07:02Z INFO [2218/2500] c0a28dc3-aded-4c1a-bbfb-f25f335121f0: not valid; 2.8 s; peak memory 10086 MiB.
2026-10-09T12:07:03Z INFO [2219/2500] c0a2cc0b-dba8-4dd6-9d4c-f9f57ee8cb83: not valid; 1.5 s; peak memory 10086 MiB.
2026-10-09T12:07:05Z INFO [2220/2500] c0a2fd21-559a-42da-8701-23be68ae2fb1: not valid; 1.5 s; peak memory 10086 MiB.
2026-10-09T12:07:07Z INFO [2221/2500] c0a2ffd7-4b6d-41f7-8b64-f00780277657: valid; 2.4 s; peak memory 10086 MiB.
2026-10-09T12:07:09Z INFO [2222/2500] c0a34167-8d09-432e-a435-56686261a440: valid; 1.9 s; peak memory 10086 MiB.
2026-10-09T12:07:10Z INFO [2223/2500] c0a3ce7a-4c42-4deb-8391-469f36af8230: valid; 1.4 s; peak memory 10086 MiB.
2026-10-09T12:08:22Z INFO [2224/2500] c0a3d408-12d0-4658-9998-81e100c947cb: valid; 71.5 s; peak memory 10086 MiB.
2026-10-09T12:08:22Z WARNING c0a3f95e-6207-4867-8484-90cc394dc597: failed while retrieving asset information from the DANDI API (NotFoundError: No such Dandiset: 001533)
2026-10-09T12:08:24Z INFO [2226/2500] c0a4148b-bf00-4cb8-9bd8-ff576fae43c0: valid; 2.0 s; peak memory 10086 MiB.
2026-10-09T12:08:28Z INFO [2227/2500] c0a43941-3221-4624-86e5-edebb0f4e5d2: valid; 3.8 s; peak memory 10086 MiB.
2026-10-09T12:08:35Z INFO [2228/2500] c0a46f53-b57a-4c3c-a8bd-ecdcec722ad7: valid; 6.3 s; peak memory 10086 MiB.
2026-10-09T12:08:36Z INFO [2229/2500] c0a52ba2-b07b-4174-9367-c3881f56bc7b: valid; 1.3 s; peak memory 10086 MiB.
2026-10-09T12:08:48Z INFO [2230/2500] c0a5932f-9bba-42be-be89-e7cc25a8ba3f: not valid; 12.1 s; peak memory 10086 MiB.
2026-10-09T12:08:49Z INFO [2231/2500] c0a5bbf6-f36b-4c53-8230-db9cf0f6f373: valid; 1.2 s; peak memory 10086 MiB.
2026-10-09T12:08:51Z INFO [2232/2500] c0a6c182-12a2-4af9-9d27-d93f99bb4784: valid; 2.2 s; peak memory 10086 MiB.
2026-10-09T12:08:53Z INFO [2233/2500] c0a72087-3ab2-476a-ad8b-c52f64dae1c9: valid; 1.8 s; peak memory 10086 MiB.
2026-10-09T12:08:54Z INFO [2234/2500] c0a75ed9-3bdc-4cc9-8c02-fe61f5a690b5: valid; 1.2 s; peak memory 10086 MiB.
2026-10-09T12:08:56Z INFO [2235/2500] c0a778e4-f78f-4eb6-9ec7-fe8344e796d3: valid; 1.9 s; peak memory 10086 MiB.
2026-10-09T12:08:58Z INFO [2236/2500] c0a7f07a-1472-423a-bd55-361b95f9b337: valid; 1.8 s; peak memory 10086 MiB.
2026-10-09T12:08:59Z INFO [2237/2500] c0a85eae-052c-45f0-ad9c-f8824b28782b: not valid; 1.4 s; peak memory 10086 MiB.
2026-10-09T12:09:07Z INFO [2238/2500] c0a86a2d-054b-4de6-83c1-be18fc90afbb: valid; 8.0 s; peak memory 10086 MiB.
2026-10-09T12:09:08Z INFO [2239/2500] c0a95935-b12d-4f03-a045-74c61f0a0804: valid; 1.0 s; peak memory 10086 MiB.
2026-10-09T12:09:16Z INFO [2240/2500] c0aa15b5-18ba-428e-8957-35eff93a811d: valid; 7.6 s; peak memory 10086 MiB.
2026-10-09T12:09:19Z INFO [2241/2500] c0aa34b4-ec77-4190-b32b-32736c1827e0: not valid; 3.0 s; peak memory 10086 MiB.
2026-10-09T12:09:20Z INFO [2242/2500] c0aa40e8-eec7-4fc1-8968-fd6b13573c76: valid; 1.3 s; peak memory 10086 MiB.
2026-10-09T12:09:22Z INFO [2243/2500] c0aabaca-af6b-4186-ae5a-cef72622a16f: valid; 1.4 s; peak memory 10086 MiB.
2026-10-09T12:09:24Z INFO [2244/2500] c0ab80b4-8829-43b7-b977-6c14c1a5ce96: valid; 2.0 s; peak memory 10086 MiB.
2026-10-09T12:09:29Z INFO [2245/2500] c0ab8e6d-cae6-4ae2-90b0-c8b040a0cfef: valid; 5.1 s; peak memory 10086 MiB.
2026-10-09T12:09:37Z INFO [2246/2500] c0ac017c-94a3-4ec6-b2f3-11b575f17272: not valid; 8.2 s; peak memory 10086 MiB.
2026-10-09T12:09:44Z INFO [2247/2500] c0ac63be-97bc-4dc0-93cd-716c3d9fdb5e: valid; 6.9 s; peak memory 10086 MiB.
2026-10-09T12:09:54Z INFO [2248/2500] c0ac67f7-1fc4-4609-9cc6-5a671d5d528d: not valid; 10.6 s; peak memory 10086 MiB.
2026-10-09T12:09:56Z INFO [2249/2500] c0ac7a24-8e78-45d9-a2ef-7baac375c23a: not valid; 1.4 s; peak memory 10086 MiB.
2026-10-09T12:09:58Z INFO [2250/2500] c0ad13f1-1fa5-45b1-91ac-3505363e0d5b: valid; 1.9 s; peak memory 10086 MiB.
2026-10-09T12:09:59Z INFO [2250/2500] c0ad13f1-1fa5-45b1-91ac-3505363e0d5b: checkpointed 190760 new records.
2026-10-09T12:10:00Z INFO [2251/2500] c0ad493b-452e-4664-b634-f287695d7168: valid; 1.1 s; peak memory 10086 MiB.
2026-10-09T12:10:02Z INFO [2252/2500] c0ad908d-3620-4c9f-87db-4bc21bb8045f: valid; 2.3 s; peak memory 10086 MiB.
2026-10-09T12:10:11Z INFO [2253/2500] c0ae1354-7a4b-4dd7-9fb4-942e702a9226: valid; 8.1 s; peak memory 10086 MiB.
2026-10-09T12:10:14Z INFO [2254/2500] c0ae14c6-2810-44fb-9a50-6094266705a6: valid; 3.5 s; peak memory 10086 MiB.
2026-10-09T12:10:16Z INFO [2255/2500] c0aeeca9-2100-429b-87c0-e1f7d937c991: not valid; 2.2 s; peak memory 10086 MiB.
2026-10-09T12:10:50Z INFO [2256/2500] c0afe1b4-2813-4d31-958b-950350a70dc8: valid; 34.0 s; peak memory 10086 MiB.
2026-10-09T12:10:52Z INFO [2257/2500] c0b05f5e-1a46-4e27-a4c4-c44b953db666: not valid; 1.3 s; peak memory 10086 MiB.
2026-10-09T12:10:53Z INFO [2258/2500] c0b0771a-04c1-490a-aeae-046b7e36b526: valid; 1.9 s; peak memory 10086 MiB.
2026-10-09T12:11:00Z INFO [2259/2500] c0b0c9b2-bbb3-4071-b23a-d3af0a0457cd: valid; 6.6 s; peak memory 10086 MiB.
2026-10-09T12:11:02Z INFO [2260/2500] c0b0cd69-a035-4a85-830d-426f279e3da0: not valid; 1.7 s; peak memory 10086 MiB.
2026-10-09T12:11:03Z INFO [2261/2500] c0b17036-3697-4a17-a8fc-0e1fac65a11e: valid; 1.3 s; peak memory 10086 MiB.
2026-10-09T12:11:07Z INFO [2262/2500] c0b1ab21-c00a-4e9c-a3ad-981405928829: valid; 3.9 s; peak memory 10086 MiB.
2026-10-09T12:11:07Z WARNING c0b1abf8-8464-48af-9dc0-5045be923b21: failed while retrieving asset information from the DANDI API (NotFoundError: No asset at path 'sub-parkinson-simulated-lfp/sub-parkinson-simulated-lfp_ses-1463_ecephys.nwb' in version 0.250327.2220. Verify the path is correct and the asset exists in this version. Use 'dandi ls' to list available assets.)
2026-10-09T12:11:11Z INFO [2264/2500] c0b1d712-2cf4-4fb5-829d-1b283b8ace5d: valid; 4.1 s; peak memory 10086 MiB.
2026-10-09T12:11:21Z INFO [2265/2500] c0b26443-f33b-4e7a-8b3b-c11b06436e5f: not valid; 10.2 s; peak memory 10086 MiB.
2026-10-09T12:11:24Z INFO [2266/2500] c0b2b2a9-57c5-412b-9f5f-46f710ca718f: valid; 2.7 s; peak memory 10086 MiB.
2026-10-09T12:11:26Z INFO [2267/2500] c0b2c1e7-a4d7-409d-9fed-b2eb191516f9: valid; 1.7 s; peak memory 10086 MiB.
2026-10-09T12:11:27Z WARNING c0b32bd9-d1f2-46ea-bfef-1671ad712c44: failed while opening the NWB file (ConstructError: (root/acquisition/_iblmic_audioSpectrogram/bands GroupBuilder {'attributes': {'colnames': array(['freq'], dtype=object), 'description': 'spectogram frequencies', 'namespace': 'core', 'neurodata_type': 'FrequencyBandsTable', 'object_id': '88c279e8-9654-4128-8d57-041114f21cd8'}, 'groups': {}, 'datasets': {'freq': root/acquisition/_iblmic_audioSpectrogram/bands/freq DatasetBuilder {'attributes': {'description': 'frequency value', 'namespace': 'hdmf-common', 'neurodata_type': 'VectorData', 'object_id': 'f60fea05-99da-4b96-8657-2e91500a89ca'}, 'data': <HDF5 dataset "freq": shape (257,), type "<f4">}, 'id': root/acquisition/_iblmic_audioSpectrogram/bands/id DatasetBuilder {'attributes': {'namespace': 'hdmf-common', 'neurodata_type': 'ElementIdentifiers', 'object_id': '703bc525-1e80-45ab-81f4-1c9afc7edecc'}, 'data': <HDF5 dataset "id": shape (257,), type "<i4">}}, 'links': {}}, "Could not construct FrequencyBandsTable object due to: column must have the same number of rows as 'id'"))
2026-10-09T12:11:27Z WARNING c0b37df8-fd9d-429e-a949-c90fe823c1f1: failed while retrieving asset information from the DANDI API (NotFoundError: No such Dandiset: 001533)
2026-10-09T12:11:29Z WARNING c0b3fc1a-eb6a-46dc-910e-56e9894298cf: failed while opening the NWB file (ConstructError: (root/acquisition/_iblmic_audioSpectrogram/bands GroupBuilder {'attributes': {'colnames': array(['freq'], dtype=object), 'description': 'spectogram frequencies', 'namespace': 'core', 'neurodata_type': 'FrequencyBandsTable', 'object_id': '3928ab55-9bcb-478a-bc17-435fe75f3a9e'}, 'groups': {}, 'datasets': {'freq': root/acquisition/_iblmic_audioSpectrogram/bands/freq DatasetBuilder {'attributes': {'description': 'frequency value', 'namespace': 'hdmf-common', 'neurodata_type': 'VectorData', 'object_id': '0ca5aba0-75e8-4c2d-8e0f-90ab3b84b7d4'}, 'data': <HDF5 dataset "freq": shape (257,), type "<f4">}, 'id': root/acquisition/_iblmic_audioSpectrogram/bands/id DatasetBuilder {'attributes': {'namespace': 'hdmf-common', 'neurodata_type': 'ElementIdentifiers', 'object_id': '0b2aa76b-0ad7-48a3-ac01-6fd509997e2e'}, 'data': <HDF5 dataset "id": shape (257,), type "<i4">}}, 'links': {}}, "Could not construct FrequencyBandsTable object due to: column must have the same number of rows as 'id'"))
2026-10-09T12:11:30Z INFO [2271/2500] c0b42acb-bdc5-40db-8072-86971f7f8d29: valid; 0.9 s; peak memory 10086 MiB.
2026-10-09T12:11:41Z INFO [2272/2500] c0b499cb-31d1-4e31-9b90-9017f0ae12cc: valid; 11.0 s; peak memory 10086 MiB.
2026-10-09T12:12:37Z INFO [2273/2500] c0b5edd0-a9ac-4f7a-ab51-486b95fbc691: valid; 55.3 s; peak memory 10086 MiB.
2026-10-09T12:12:56Z INFO [2274/2500] c0b62cb6-b874-41b1-95c0-9a45eb6a3eab: valid; 19.1 s; peak memory 10086 MiB.
2026-10-09T12:13:26Z INFO [2275/2500] c0b650d0-73e3-4ce8-9531-67bfb4a0afe3: not valid; 29.8 s; peak memory 10086 MiB.
2026-10-09T12:13:27Z INFO [2276/2500] c0b65284-3974-4559-98c8-8648330f11bd: valid; 1.2 s; peak memory 10086 MiB.
2026-10-09T12:13:30Z INFO [2277/2500] c0b690cc-565d-48f7-8eab-d8810c851036: valid; 2.8 s; peak memory 10086 MiB.
2026-10-09T12:13:31Z INFO [2278/2500] c0b7112e-33fc-4e5a-b0a6-1179076d1a4d: valid; 1.2 s; peak memory 10086 MiB.
2026-10-09T12:13:34Z INFO [2279/2500] c0b71f0b-2f70-492c-b5d9-7073d1d443c1: valid; 3.6 s; peak memory 10086 MiB.
2026-10-09T12:13:36Z INFO [2280/2500] c0b73d88-bac6-4f60-8645-cb9d5dbb4791: valid; 1.7 s; peak memory 10086 MiB.
2026-10-09T12:13:37Z INFO [2281/2500] c0b74390-3347-46d9-8721-ebe1d14d878f: not valid; 1.4 s; peak memory 10086 MiB.
2026-10-09T12:13:39Z INFO [2282/2500] c0b74b69-87a2-479b-a102-06acc030ddff: not valid; 1.4 s; peak memory 10086 MiB.
2026-10-09T12:13:41Z INFO [2283/2500] c0b86c27-1b43-46c1-8cf2-474180fedda4: valid; 1.9 s; peak memory 10086 MiB.
2026-10-09T12:13:42Z INFO [2284/2500] c0b8ae09-4421-4750-9164-7859b6d637da: valid; 1.8 s; peak memory 10086 MiB.
2026-10-09T12:13:46Z INFO [2285/2500] c0b8af18-abde-4341-ba57-7ceeaefad40f: valid; 3.3 s; peak memory 10086 MiB.
2026-10-09T12:13:47Z INFO [2286/2500] c0b92e6e-2446-44dc-93b9-93d2436c727e: valid; 1.6 s; peak memory 10086 MiB.
2026-10-09T12:13:50Z INFO [2287/2500] c0b984f7-5aa0-450b-a000-9bb7ca41798b: valid; 2.6 s; peak memory 10086 MiB.
2026-10-09T12:13:51Z INFO [2288/2500] c0babc9c-cbac-449c-875c-62ffadb7e77e: valid; 1.2 s; peak memory 10086 MiB.
2026-10-09T12:13:52Z INFO [2289/2500] c0bac9e5-0296-4b52-8150-2f73dd04e724: valid; 1.3 s; peak memory 10086 MiB.
2026-10-09T12:13:54Z INFO [2290/2500] c0bae233-442b-4428-bbd8-a60961fb6a40: valid; 1.4 s; peak memory 10086 MiB.
2026-10-09T12:13:56Z INFO [2291/2500] c0bb484b-9d4f-4b18-b0b2-516cba3d9c9b: valid; 2.5 s; peak memory 10086 MiB.
2026-10-09T12:13:58Z INFO [2292/2500] c0bb65ae-b2a6-44ae-b1ea-7b15a7445003: valid; 1.8 s; peak memory 10086 MiB.
2026-10-09T12:14:02Z INFO [2293/2500] c0bb8267-b491-47b9-8909-687226bf7669: valid; 4.0 s; peak memory 10086 MiB.
2026-10-09T12:14:03Z INFO [2294/2500] c0bb8d3c-a275-4969-82b4-c211ff2953af: valid; 1.3 s; peak memory 10086 MiB.
2026-10-09T12:14:05Z INFO [2295/2500] c0bb9e18-4c61-49d8-bf47-18a89f79cc62: valid; 1.2 s; peak memory 10086 MiB.
2026-10-09T12:14:07Z INFO [2296/2500] c0bc5bb0-10ee-4184-ace8-5385d7744ab3: valid; 2.0 s; peak memory 10086 MiB.
2026-10-09T12:14:08Z INFO [2297/2500] c0bc64b9-55b9-4802-95e5-8c1fb60b2368: not valid; 1.6 s; peak memory 10086 MiB.
2026-10-09T12:14:11Z INFO [2298/2500] c0bd26b2-2914-461a-bc99-74e78feae590: valid; 2.5 s; peak memory 10086 MiB.
2026-10-09T12:14:13Z INFO [2299/2500] c0bd5df6-1ad5-41bc-8662-3f03f9f85297: valid; 1.9 s; peak memory 10086 MiB.
2026-10-09T12:14:14Z INFO [2300/2500] c0bddd13-b261-47d0-b8ec-8a3c483c5480: valid; 1.9 s; peak memory 10086 MiB.
2026-10-09T12:14:16Z INFO [2300/2500] c0bddd13-b261-47d0-b8ec-8a3c483c5480: checkpointed 190810 new records.
2026-10-09T12:14:18Z INFO [2301/2500] c0bf676f-da0a-4949-8ac1-76e6d848ca04: valid; 2.2 s; peak memory 10086 MiB.
2026-10-09T12:14:21Z INFO [2302/2500] c0bf7f13-d16e-4e51-bb21-99eb447233a3: valid; 2.6 s; peak memory 10086 MiB.
2026-10-09T12:14:22Z INFO [2303/2500] c0bfae71-0c22-4789-a74f-6faa1d17b5a7: valid; 1.8 s; peak memory 10086 MiB.
2026-10-09T12:14:25Z INFO [2304/2500] c0c0d205-5cbd-4957-a030-c2d41d9488ea: valid; 2.6 s; peak memory 10086 MiB.
2026-10-09T12:14:27Z INFO [2305/2500] c0c0dcbd-6597-4cd1-afa4-eeb24183c275: valid; 1.8 s; peak memory 10086 MiB.
2026-10-09T12:14:29Z INFO [2306/2500] c0c1cc9f-df9b-4a31-bfac-3aac372c56cd: valid; 2.0 s; peak memory 10086 MiB.
2026-10-09T12:14:30Z WARNING c0c20065-4895-42a5-a7ad-11461cabcc95: failed while opening the NWB file (ConstructError: (root/acquisition/event_code_meanings GroupBuilder {'attributes': {'colnames': array(['value', 'meaning'], dtype=object), 'description': 'Mapping integer event codes to event labels', 'namespace': 'ndx-events', 'neurodata_type': 'MeaningsTable', 'object_id': '480910de-8351-486b-93b6-b5c46aec336b'}, 'groups': {}, 'datasets': {'id': root/acquisition/event_code_meanings/id DatasetBuilder {'attributes': {'namespace': 'hdmf-common', 'neurodata_type': 'ElementIdentifiers', 'object_id': '4e33a480-73b0-4dc3-89b4-792f399a25e5'}, 'data': <HDF5 dataset "id": shape (26,), type "<i8">}, 'meaning': root/acquisition/event_code_meanings/meaning DatasetBuilder {'attributes': {'description': 'The meaning of the value in the parent CategoricalVectorData object.', 'namespace': 'hdmf-experimental', 'neurodata_type': 'VectorData', 'object_id': 'a1c9e227-5eaf-4523-bf8c-d42fa4d4af8a'}, 'data': <StrDataset for HDF5 dataset "meaning": shape (26,), type "|O">}, 'value': root/acquisition/event_code_meanings/value DatasetBuilder {'attributes': {'description': 'The value of the parent CategoricalVectorData object.', 'namespace': 'hdmf-experimental', 'neurodata_type': 'VectorData', 'object_id': '026e0776-c170-404c-8240-42d02f4379ce'}, 'data': <HDF5 dataset "value": shape (26,), type "<i8">}}, 'links': {}}, "Could not construct MeaningsTable object due to: MeaningsTable.__init__: missing argument 'target'"))
2026-10-09T12:14:32Z INFO [2308/2500] c0c267cf-25db-42f8-a810-8fd843aecc34: valid; 2.1 s; peak memory 10086 MiB.
2026-10-09T12:14:34Z INFO [2309/2500] c0c2d82f-846b-42c5-aedd-08059febc7e8: not valid; 1.9 s; peak memory 10086 MiB.
2026-10-09T12:14:38Z INFO [2310/2500] c0c319c1-60f8-49dd-8350-22b691354b1b: valid; 3.8 s; peak memory 10086 MiB.
2026-10-09T12:14:43Z INFO [2311/2500] c0c33564-87c9-486a-bd3e-9fa6b02ae76a: valid; 5.0 s; peak memory 10086 MiB.
2026-10-09T12:14:44Z INFO [2312/2500] c0c3b69f-f62a-46e2-8caf-f590dc15f412: not valid; 1.4 s; peak memory 10086 MiB.
2026-10-09T12:14:57Z INFO [2313/2500] c0c3bbc7-2959-4835-9034-473431614d98: valid; 13.0 s; peak memory 10086 MiB.
2026-10-09T12:14:59Z INFO [2314/2500] c0c3bfb4-bbfd-42e3-a4bd-8cb91f145f7b: not valid; 1.8 s; peak memory 10086 MiB.
2026-10-09T12:15:10Z INFO [2315/2500] c0c40434-2a2b-4a27-a7c3-54d554917160: not valid; 10.4 s; peak memory 10086 MiB.
2026-10-09T12:15:11Z INFO [2316/2500] c0c4056b-7a9a-4858-afb9-c5bc62d7acb9: not valid; 1.5 s; peak memory 10086 MiB.
2026-10-09T12:15:16Z INFO [2317/2500] c0c4fbb5-b8be-4b13-b132-52140539fffe: valid; 4.7 s; peak memory 10086 MiB.
2026-10-09T12:15:18Z INFO [2318/2500] c0c4fd90-28b5-4fc5-874f-ddd40b36b70f: not valid; 1.8 s; peak memory 10086 MiB.
2026-10-09T12:15:21Z INFO [2319/2500] c0c5d4f0-6df8-456a-a191-29b54bd0517f: valid; 3.1 s; peak memory 10086 MiB.
2026-10-09T12:15:24Z INFO [2320/2500] c0c69078-528f-4bf4-baf5-794680e27e6b: valid; 3.1 s; peak memory 10086 MiB.
2026-10-09T12:15:28Z INFO [2321/2500] c0c6eae1-6ce2-4730-a73f-d8729e697e3a: valid; 4.0 s; peak memory 10086 MiB.
2026-10-09T12:15:34Z INFO [2322/2500] c0c6f75c-c39a-4a01-86d1-1905ca1ec30d: not valid; 5.8 s; peak memory 10086 MiB.
2026-10-09T12:15:43Z INFO [2323/2500] c0c719db-3fcb-473e-9fe4-bd786859e673: valid; 8.8 s; peak memory 10086 MiB.
2026-10-09T12:15:46Z INFO [2324/2500] c0c792c4-1e19-4ddf-bc06-760b1ecbbd34: valid; 3.7 s; peak memory 10086 MiB.
2026-10-09T12:16:26Z INFO [2325/2500] c0c7a4f5-4b98-4531-8c21-ea9a1f47f4a9: valid; 39.7 s; peak memory 10086 MiB.
2026-10-09T12:16:28Z INFO [2326/2500] c0c7dda4-5aba-4471-83ad-bc6fdbe853be: valid; 2.0 s; peak memory 10086 MiB.
2026-10-09T12:16:29Z INFO [2327/2500] c0c7ed4b-0b6e-4716-80e7-d045c52bd078: valid; 1.0 s; peak memory 10086 MiB.
2026-10-09T12:16:32Z INFO [2328/2500] c0c832af-6e74-47de-b015-d9574786027c: valid; 2.7 s; peak memory 10086 MiB.
2026-10-09T12:16:33Z INFO [2329/2500] c0c8679d-472f-4777-a23a-87bb3ff569c3: valid; 1.2 s; peak memory 10086 MiB.
2026-10-09T12:16:37Z INFO [2330/2500] c0c89d88-04ef-4e29-9ed9-440c27ff609a: not valid; 4.1 s; peak memory 10086 MiB.
2026-10-09T12:16:38Z INFO [2331/2500] c0c8a249-f628-4719-bdc8-578849d370ee: valid; 1.2 s; peak memory 10086 MiB.
2026-10-09T12:16:39Z INFO [2332/2500] c0c92682-978b-4fea-b3e5-4c666f31031c: valid; 1.2 s; peak memory 10086 MiB.
2026-10-09T12:16:41Z INFO [2333/2500] c0c94509-df35-4413-8c3e-87c89a811262: valid; 1.2 s; peak memory 10086 MiB.
2026-10-09T12:16:42Z INFO [2334/2500] c0c9a056-23fc-4d0f-96db-f53700c08a58: valid; 1.1 s; peak memory 10086 MiB.
2026-10-09T12:16:43Z INFO [2335/2500] c0ca5903-37d4-40ea-bfb1-674f47c8836a: valid; 1.2 s; peak memory 10086 MiB.
2026-10-09T12:16:45Z INFO [2336/2500] c0ca9194-7866-43af-be28-8eee7cfbfc0b: valid; 2.1 s; peak memory 10086 MiB.
2026-10-09T12:16:47Z INFO [2337/2500] c0caa263-f43c-450d-b80b-5aced1c9c7ce: valid; 2.3 s; peak memory 10086 MiB.
2026-10-09T12:16:51Z INFO [2338/2500] c0cab458-51a6-4e12-8333-f5156d3ad7d8: valid; 3.8 s; peak memory 10086 MiB.
2026-10-09T12:16:53Z WARNING c0caee29-da2f-4106-95fd-d6866877eb94: failed while opening the NWB file (ConstructError: (root/acquisition/event_code_meanings GroupBuilder {'attributes': {'colnames': array(['value', 'meaning'], dtype=object), 'description': 'Mapping integer event codes to event labels', 'namespace': 'ndx-events', 'neurodata_type': 'MeaningsTable', 'object_id': '58f17316-b621-427b-91c0-4c673dc05489'}, 'groups': {}, 'datasets': {'id': root/acquisition/event_code_meanings/id DatasetBuilder {'attributes': {'namespace': 'hdmf-common', 'neurodata_type': 'ElementIdentifiers', 'object_id': '3a5df987-654f-405c-b760-812ac253d01f'}, 'data': <HDF5 dataset "id": shape (26,), type "<i8">}, 'meaning': root/acquisition/event_code_meanings/meaning DatasetBuilder {'attributes': {'description': 'The meaning of the value in the parent CategoricalVectorData object.', 'namespace': 'hdmf-experimental', 'neurodata_type': 'VectorData', 'object_id': 'aa9530eb-a44e-499c-ab73-b1d6e741c006'}, 'data': <StrDataset for HDF5 dataset "meaning": shape (26,), type "|O">}, 'value': root/acquisition/event_code_meanings/value DatasetBuilder {'attributes': {'description': 'The value of the parent CategoricalVectorData object.', 'namespace': 'hdmf-experimental', 'neurodata_type': 'VectorData', 'object_id': 'c1fffba1-0ac2-4800-b9f3-f2059d4cb3a0'}, 'data': <HDF5 dataset "value": shape (26,), type "<i8">}}, 'links': {}}, "Could not construct MeaningsTable object due to: MeaningsTable.__init__: missing argument 'target'"))
2026-10-09T12:16:54Z INFO [2340/2500] c0caf971-e98e-4029-9cf3-41b90be8f10e: valid; 1.3 s; peak memory 10086 MiB.
2026-10-09T12:17:02Z INFO [2341/2500] c0cb07af-af8b-47ff-894d-abfd190ea0c3: valid; 7.6 s; peak memory 10086 MiB.
2026-10-09T12:17:03Z INFO [2342/2500] c0cb2b31-ddbb-4763-aa2a-315f8468eff2: valid; 1.9 s; peak memory 10086 MiB.
2026-10-09T12:17:18Z INFO [2343/2500] c0cbe1bb-bf43-4581-80e2-17692e30a742: valid; 14.9 s; peak memory 10086 MiB.
2026-10-09T12:17:20Z INFO [2344/2500] c0cc20e4-7cbf-407b-967a-d6b6720fec8d: valid; 1.5 s; peak memory 10086 MiB.
2026-10-09T12:17:22Z INFO [2345/2500] c0cc4472-ddd8-42c3-9741-80825c4c8c5b: valid; 2.0 s; peak memory 10086 MiB.
2026-10-09T12:17:26Z INFO [2346/2500] c0cc904c-56ed-470d-9cd5-e5e03d904434: valid; 4.3 s; peak memory 10086 MiB.
2026-10-09T12:17:28Z INFO [2347/2500] c0ccfb6a-b229-420e-ae8e-b5d5604a7604: valid; 1.9 s; peak memory 10086 MiB.
2026-10-09T12:17:29Z INFO [2348/2500] c0cd7fe5-b004-4dfb-8855-22ffd5747ec2: valid; 1.3 s; peak memory 10086 MiB.
2026-10-09T12:18:31Z INFO [2349/2500] c0ce5cd7-583c-4711-8e73-8a26fc2cdd9c: not valid; 62.0 s; peak memory 10086 MiB.
2026-10-09T12:18:33Z INFO [2350/2500] c0ce78ac-11ce-451d-a1af-a96e7ab1c009: valid; 1.8 s; peak memory 10086 MiB.
2026-10-09T12:18:35Z INFO [2350/2500] c0ce78ac-11ce-451d-a1af-a96e7ab1c009: checkpointed 190860 new records.
2026-10-09T12:18:36Z INFO [2351/2500] c0ce7998-60f1-4a3f-bdd6-8cec2e36b54f: valid; 1.2 s; peak memory 10086 MiB.
2026-10-09T12:18:47Z INFO [2352/2500] c0cedbde-d9b2-4a69-a081-38b79a3e01c2: valid; 11.5 s; peak memory 10086 MiB.
2026-10-09T12:18:48Z INFO [2353/2500] c0cf0ce5-4707-4ff2-837c-a4220bff5261: valid; 1.3 s; peak memory 10086 MiB.
2026-10-09T12:18:51Z INFO [2354/2500] c0cf1c03-ecd1-428f-80f0-381d4ac33a1a: valid; 2.6 s; peak memory 10086 MiB.
2026-10-09T12:18:53Z INFO [2355/2500] c0cf694a-7f6f-4e6d-94bc-adf8d6e6c484: valid; 2.2 s; peak memory 10086 MiB.
2026-10-09T12:18:57Z INFO [2356/2500] c0cf7b4c-6a1b-4439-9e48-7b053d0f415c: valid; 3.8 s; peak memory 10086 MiB.
2026-10-09T12:18:58Z INFO [2357/2500] c0cf814d-41c1-4bf0-8206-b07bbed44898: valid; 1.2 s; peak memory 10086 MiB.
2026-10-09T12:19:03Z INFO [2358/2500] c0cfad48-101e-48f9-9c48-eb0f0f715000: valid; 4.9 s; peak memory 10086 MiB.
2026-10-09T12:19:05Z INFO [2359/2500] c0d01730-bb73-4a95-bc9f-2c36a7964fb9: valid; 1.4 s; peak memory 10086 MiB.
2026-10-09T12:19:07Z INFO [2360/2500] c0d07004-f6bd-4a73-a7ef-39324a843b7d: not valid; 2.1 s; peak memory 10086 MiB.
2026-10-09T12:19:09Z INFO [2361/2500] c0d0d0a8-a3a5-4978-9b54-6b38b6f8fa02: not valid; 2.6 s; peak memory 10086 MiB.
2026-10-09T12:20:11Z INFO [2362/2500] c0d11a58-0ee1-4e3d-940a-c1a8b28a3648: valid; 61.7 s; peak memory 10086 MiB.
2026-10-09T12:20:13Z INFO [2363/2500] c0d13b0e-b307-4814-9aac-b66d68a4a70e: valid; 1.7 s; peak memory 10086 MiB.
2026-10-09T12:20:23Z INFO [2364/2500] c0d1bcaf-dea5-4d55-808d-1527e0ee61c8: valid; 10.5 s; peak memory 10086 MiB.
2026-10-09T12:20:26Z INFO [2365/2500] c0d24b61-7d96-4235-91f7-826dfd6e6c3c: valid; 2.5 s; peak memory 10086 MiB.
2026-10-09T12:20:27Z INFO [2366/2500] c0d2d920-9d7e-445a-968a-735cd137dfb9: valid; 1.2 s; peak memory 10086 MiB.
2026-10-09T12:20:28Z INFO [2367/2500] c0d37392-bc11-47e3-8f91-aaf34c244ef5: valid; 1.2 s; peak memory 10086 MiB.
2026-10-09T12:20:31Z INFO [2368/2500] c0d3a462-c771-42b5-85bd-d3de21b998c6: valid; 2.8 s; peak memory 10086 MiB.
2026-10-09T12:20:32Z INFO [2369/2500] c0d488e7-1f9c-4cb7-ab47-135c1a565a5c: valid; 1.3 s; peak memory 10086 MiB.
2026-10-09T12:20:42Z INFO [2370/2500] c0d49d20-fa2e-4bbd-9c44-53887bdfcfb4: not valid; 9.6 s; peak memory 10086 MiB.
2026-10-09T12:20:46Z INFO [2371/2500] c0d4a949-0d46-4396-a8e4-92c6af0ca976: not valid; 4.1 s; peak memory 10086 MiB.
2026-10-09T12:20:47Z INFO [2372/2500] c0d4b3e2-1645-4f78-93bc-2ddc8d4e224e: valid; 1.2 s; peak memory 10086 MiB.
2026-10-09T12:20:52Z INFO [2373/2500] c0d4dcff-0416-4505-9a87-760f3c8a87b7: valid; 4.7 s; peak memory 10086 MiB.
2026-10-09T12:20:53Z INFO [2374/2500] c0d5a563-6653-474c-be9a-5c61e3044150: valid; 1.2 s; peak memory 10086 MiB.
2026-10-09T12:20:55Z INFO [2375/2500] c0d5cc94-88f6-4174-ac34-dfc09a8c80a1: not valid; 1.5 s; peak memory 10086 MiB.
2026-10-09T12:20:56Z INFO [2376/2500] c0d69b11-4fd5-4ba7-90cf-cee463add5dd: not valid; 1.5 s; peak memory 10086 MiB.
2026-10-09T12:20:57Z INFO [2377/2500] c0d75e37-4270-49de-a794-743375b71b75: valid; 1.2 s; peak memory 10086 MiB.
2026-10-09T12:21:01Z INFO [2378/2500] c0d76bd5-4409-48a0-b310-4b73dab58434: not valid; 3.4 s; peak memory 10086 MiB.
2026-10-09T12:21:02Z INFO [2379/2500] c0d86aa7-4799-400b-8050-a8e1a0e91395: valid; 1.3 s; peak memory 10086 MiB.
2026-10-09T12:21:03Z INFO [2380/2500] c0d8a4cf-4e2b-4755-94d7-79c10c683720: valid; 1.3 s; peak memory 10086 MiB.
2026-10-09T12:21:05Z INFO [2381/2500] c0da2f46-999d-4f79-aeb8-411a5905a6d2: not valid; 1.6 s; peak memory 10086 MiB.
2026-10-09T12:21:07Z INFO [2382/2500] c0daaad4-baa5-49da-89e3-209882bb95c7: valid; 1.9 s; peak memory 10086 MiB.
2026-10-09T12:21:08Z INFO [2383/2500] c0dae7f5-0907-4ee3-be83-87375a31ed24: not valid; 1.6 s; peak memory 10086 MiB.
2026-10-09T12:21:10Z INFO [2384/2500] c0db38dd-d52e-46f1-a78d-d244e6f4d086: valid; 1.3 s; peak memory 10086 MiB.
2026-10-09T12:21:12Z INFO [2385/2500] c0db4401-d317-4cc1-bbbc-838b55ef8c1a: valid; 1.8 s; peak memory 10086 MiB.
2026-10-09T12:21:14Z INFO [2386/2500] c0dc074a-5ac1-4e71-a6be-25207e986472: valid; 2.7 s; peak memory 10086 MiB.
2026-10-09T12:21:17Z INFO [2387/2500] c0dc6223-15e6-450a-bc26-e794d3ec4b46: not valid; 2.9 s; peak memory 10086 MiB.
2026-10-09T12:21:20Z INFO [2388/2500] c0dc791c-b482-4572-8f1e-9308cb012123: valid; 2.4 s; peak memory 10086 MiB.
2026-10-09T12:21:21Z INFO [2389/2500] c0dcd118-f2ed-45e6-a3bd-818e65362935: valid; 1.4 s; peak memory 10086 MiB.
2026-10-09T12:21:22Z INFO [2390/2500] c0dd1351-cebb-4e8f-bb59-857a71b64f8c: valid; 1.4 s; peak memory 10086 MiB.
2026-10-09T12:21:24Z INFO [2391/2500] c0dd5436-6dca-40aa-8797-8652ccc2f92c: not valid; 1.9 s; peak memory 10086 MiB.
2026-10-09T12:21:27Z INFO [2392/2500] c0dd64fe-4df1-4969-b9e9-883f8728506f: not valid; 3.2 s; peak memory 10086 MiB.
2026-10-09T12:21:29Z INFO [2393/2500] c0dda82a-4737-4438-8af2-d5190d2325ef: valid; 1.6 s; peak memory 10086 MiB.
2026-10-09T12:21:30Z INFO [2394/2500] c0dde93e-87ea-413f-af36-951100400b71: not valid; 1.5 s; peak memory 10086 MiB.
2026-10-09T12:21:34Z INFO [2395/2500] c0de89d9-8fdd-49d2-9a2c-c8c83eb654df: not valid; 3.8 s; peak memory 10086 MiB.
2026-10-09T12:21:35Z INFO [2396/2500] c0debc4e-b850-4a2e-9b06-9ef454387f57: valid; 1.0 s; peak memory 10086 MiB.
2026-10-09T12:21:37Z INFO [2397/2500] c0df8c01-47bc-44ed-b3b3-bf85d3144685: not valid; 2.2 s; peak memory 10086 MiB.
2026-10-09T12:21:39Z INFO [2398/2500] c0dfe0e7-01bf-4e31-96f4-4d598e5c9d92: valid; 1.3 s; peak memory 10086 MiB.
2026-10-09T12:21:40Z INFO [2399/2500] c0dff355-6343-4386-a39e-7da876403587: valid; 1.3 s; peak memory 10086 MiB.
2026-10-09T12:21:49Z INFO [2400/2500] c0e02734-2e45-446b-8134-38d3f96306e1: not valid; 8.6 s; peak memory 10086 MiB.
2026-10-09T12:21:50Z INFO [2400/2500] c0e02734-2e45-446b-8134-38d3f96306e1: checkpointed 190910 new records.
2026-10-09T12:21:54Z INFO [2401/2500] c0e031eb-2517-4e39-85e5-f2987db5e5eb: valid; 3.4 s; peak memory 10086 MiB.
2026-10-09T12:21:57Z INFO [2402/2500] c0e0837a-d7b6-4782-8666-601bf484b69a: valid; 3.2 s; peak memory 10086 MiB.
2026-10-09T12:21:59Z INFO [2403/2500] c0e0d5b3-19e4-4c09-a4c9-2040636df0be: valid; 2.4 s; peak memory 10086 MiB.
2026-10-09T12:22:00Z INFO [2404/2500] c0e193cd-effb-4b6f-9908-fd285f950572: valid; 1.4 s; peak memory 10086 MiB.
2026-10-09T12:22:02Z INFO [2405/2500] c0e1985d-bb4d-457d-a085-cf6dfe3ad34e: valid; 1.9 s; peak memory 10086 MiB.
2026-10-09T12:22:04Z INFO [2406/2500] c0e1d37f-16dd-4643-a2a9-423bfb5cbeac: not valid; 1.6 s; peak memory 10086 MiB.
2026-10-09T12:22:05Z INFO [2407/2500] c0e23e5f-cd20-4a76-b110-8afed7c8e449: valid; 1.4 s; peak memory 10086 MiB.
2026-10-09T12:22:07Z INFO [2408/2500] c0e27ce4-1523-4c4f-a75a-62be2edb0166: not valid; 1.4 s; peak memory 10086 MiB.
2026-10-09T12:22:08Z INFO [2409/2500] c0e2bbc9-460b-44cf-a5ee-ac8fceabb77a: valid; 1.2 s; peak memory 10086 MiB.
2026-10-09T12:22:09Z INFO [2410/2500] c0e2e899-c035-480d-9c59-d0d0163dfccc: valid; 1.3 s; peak memory 10086 MiB.
2026-10-09T12:22:15Z INFO [2411/2500] c0e30257-8c07-4b47-a355-fc5d571207f6: valid; 5.8 s; peak memory 10086 MiB.
2026-10-09T12:22:16Z INFO [2412/2500] c0e33073-c3f0-4d33-aca9-1251498488ad: valid; 1.3 s; peak memory 10086 MiB.
2026-10-09T12:22:18Z INFO [2413/2500] c0e377ee-f5aa-4f85-b8cd-a4acdd5c3e1d: valid; 1.8 s; peak memory 10086 MiB.
2026-10-09T12:22:20Z INFO [2414/2500] c0e4205f-266e-4202-b451-23620ef63826: valid; 1.8 s; peak memory 10086 MiB.
2026-10-09T12:22:23Z INFO [2415/2500] c0e4fc04-53ec-4251-b471-c883d1340dad: valid; 2.7 s; peak memory 10086 MiB.
2026-10-09T12:22:24Z INFO [2416/2500] c0e5af14-9886-4a04-b21d-f3f1db6c1046: not valid; 1.4 s; peak memory 10086 MiB.
2026-10-09T12:22:28Z INFO [2417/2500] c0e5d8f2-dbe1-4144-be6f-3075c9529862: not valid; 4.3 s; peak memory 10086 MiB.
2026-10-09T12:22:31Z INFO [2418/2500] c0e5f0e4-fcd8-43cb-80b9-95452090de4e: valid; 2.5 s; peak memory 10086 MiB.
2026-10-09T12:22:32Z INFO [2419/2500] c0e620a0-272f-40c0-902c-00e63da8ddce: not valid; 1.1 s; peak memory 10086 MiB.
2026-10-09T12:22:33Z INFO [2420/2500] c0e696c3-59a0-4860-b2e7-3541e5a07ab8: valid; 1.4 s; peak memory 10086 MiB.
2026-10-09T12:22:51Z INFO [2421/2500] c0e75fd3-f803-491b-9dfb-ba14f2bc9b1d: valid; 17.4 s; peak memory 10086 MiB.
2026-10-09T12:22:54Z INFO [2422/2500] c0e7600a-f04d-4cec-9d21-ebf77d1ee23a: valid; 3.2 s; peak memory 10086 MiB.
2026-10-09T12:22:56Z INFO [2423/2500] c0e864d3-8e6d-482f-905d-60664cb4f40e: valid; 1.9 s; peak memory 10086 MiB.
2026-10-09T12:22:58Z INFO [2424/2500] c0e8b654-7b74-4b76-b99b-b275dfdce406: not valid; 1.9 s; peak memory 10086 MiB.
2026-10-09T12:23:00Z INFO [2425/2500] c0e8e800-3f3e-4214-9032-d8a430c0d8ef: valid; 2.6 s; peak memory 10086 MiB.
2026-10-09T12:23:02Z WARNING c0e8ec02-df50-48ae-ba07-1300a4007577: failed while opening the NWB file (ConstructError: (root/acquisition/event_code_meanings GroupBuilder {'attributes': {'colnames': array(['value', 'meaning'], dtype=object), 'description': 'Mapping integer event codes to event labels', 'namespace': 'ndx-events', 'neurodata_type': 'MeaningsTable', 'object_id': '3f62fe5d-7962-4dd1-9510-496a0f520028'}, 'groups': {}, 'datasets': {'id': root/acquisition/event_code_meanings/id DatasetBuilder {'attributes': {'namespace': 'hdmf-common', 'neurodata_type': 'ElementIdentifiers', 'object_id': 'c65033de-6a64-431b-bfbc-9476bc96552c'}, 'data': <HDF5 dataset "id": shape (26,), type "<i8">}, 'meaning': root/acquisition/event_code_meanings/meaning DatasetBuilder {'attributes': {'description': 'The meaning of the value in the parent CategoricalVectorData object.', 'namespace': 'hdmf-experimental', 'neurodata_type': 'VectorData', 'object_id': '841ace68-d2eb-4534-a226-2116c4f04042'}, 'data': <StrDataset for HDF5 dataset "meaning": shape (26,), type "|O">}, 'value': root/acquisition/event_code_meanings/value DatasetBuilder {'attributes': {'description': 'The value of the parent CategoricalVectorData object.', 'namespace': 'hdmf-experimental', 'neurodata_type': 'VectorData', 'object_id': '3f4eb7e6-02f5-4580-ba4b-2f4fad9650d3'}, 'data': <HDF5 dataset "value": shape (26,), type "<i8">}}, 'links': {}}, "Could not construct MeaningsTable object due to: MeaningsTable.__init__: missing argument 'target'"))
2026-10-09T12:23:05Z INFO [2427/2500] c0e9e485-62d6-400e-81c7-0db3bfa765f8: valid; 2.4 s; peak memory 10086 MiB.
2026-10-09T12:23:12Z INFO [2428/2500] c0ea588f-6300-4719-956d-29e217705268: valid; 7.2 s; peak memory 10086 MiB.
2026-10-09T12:23:12Z WARNING c0eadf33-3f83-4eb8-b5a4-1d9f8e11c494: failed while retrieving asset information from the DANDI API (NotFoundError: No such Dandiset: 000948)
2026-10-09T12:23:14Z INFO [2430/2500] c0eb52f6-92fd-42bd-966b-363834b89c67: valid; 2.1 s; peak memory 10086 MiB.
2026-10-09T12:23:22Z INFO [2431/2500] c0eb5417-7563-4be5-9d7a-fc51f48b15ac: valid; 7.8 s; peak memory 10086 MiB.
2026-10-09T12:23:23Z INFO [2432/2500] c0ebea91-2f18-4c27-a56f-3023e3c0350f: not valid; 1.6 s; peak memory 10086 MiB.
2026-10-09T12:23:25Z INFO [2433/2500] c0ec5325-0d62-4129-96a7-709651d3cc57: not valid; 1.5 s; peak memory 10086 MiB.
2026-10-09T12:23:26Z INFO [2434/2500] c0ed1937-adec-4f65-b06a-9d85bbec5637: valid; 1.2 s; peak memory 10086 MiB.
2026-10-09T12:23:28Z INFO [2435/2500] c0ed78d5-e341-4c07-b21c-1b541c7170f9: valid; 1.8 s; peak memory 10086 MiB.
2026-10-09T12:23:30Z INFO [2436/2500] c0ed9b62-4ba2-432d-b0fb-eccfc069ddc4: valid; 2.2 s; peak memory 10086 MiB.
2026-10-09T12:23:32Z INFO [2437/2500] c0ede67a-9ad4-49f3-897a-6f0f76fa0a1c: valid; 2.1 s; peak memory 10086 MiB.
2026-10-09T12:23:34Z WARNING c0edf9a9-9bce-4564-b09b-52728a96d7d1: failed while opening the NWB file (ConstructError: (root/acquisition/_iblmic_audioSpectrogram/bands GroupBuilder {'attributes': {'colnames': array(['freq'], dtype=object), 'description': 'spectogram frequencies', 'namespace': 'core', 'neurodata_type': 'FrequencyBandsTable', 'object_id': '51a0e4bc-58d2-42f4-b7d5-eada836510a5'}, 'groups': {}, 'datasets': {'freq': root/acquisition/_iblmic_audioSpectrogram/bands/freq DatasetBuilder {'attributes': {'description': 'frequency value', 'namespace': 'hdmf-common', 'neurodata_type': 'VectorData', 'object_id': 'ceb9c75b-4123-4417-bd93-8c699c42fbc6'}, 'data': <HDF5 dataset "freq": shape (257,), type "<f4">}, 'id': root/acquisition/_iblmic_audioSpectrogram/bands/id DatasetBuilder {'attributes': {'namespace': 'hdmf-common', 'neurodata_type': 'ElementIdentifiers', 'object_id': '467dd8e1-950d-4f53-b0e7-c7430f8c55e9'}, 'data': <HDF5 dataset "id": shape (257,), type "<i4">}}, 'links': {}}, "Could not construct FrequencyBandsTable object due to: column must have the same number of rows as 'id'"))
2026-10-09T12:23:35Z INFO [2439/2500] c0ee39f2-3bf0-4251-a8ef-f28f5d7c6f26: not valid; 1.4 s; peak memory 10086 MiB.
2026-10-09T12:23:37Z INFO [2440/2500] c0ef7a97-2716-415a-b717-001b6a25927a: valid; 1.3 s; peak memory 10086 MiB.
2026-10-09T12:23:39Z INFO [2441/2500] c0efaff4-16ac-46b2-bf25-c8e5f0219127: valid; 2.4 s; peak memory 10086 MiB.
2026-10-09T12:23:41Z INFO [2442/2500] c0efb117-ec8e-4d60-9bee-b78272752194: valid; 2.2 s; peak memory 10086 MiB.
2026-10-09T12:23:43Z INFO [2443/2500] c0efdb5c-0228-4494-ab33-1af428c6eff6: valid; 1.3 s; peak memory 10086 MiB.
2026-10-09T12:23:44Z INFO [2444/2500] c0f019c9-995d-42ed-9d5b-b46c4892758f: not valid; 1.1 s; peak memory 10086 MiB.
2026-10-09T12:23:55Z INFO [2445/2500] c0f0c024-ddd9-4bda-89ba-9cf18e35dcdb: valid; 10.8 s; peak memory 10086 MiB.
2026-10-09T12:23:59Z INFO [2446/2500] c0f14521-f586-4634-a1de-93d537083f0e: valid; 4.3 s; peak memory 10086 MiB.
2026-10-09T12:24:02Z INFO [2447/2500] c0f16948-13e4-46aa-9716-eff1991bdb49: valid; 2.9 s; peak memory 10086 MiB.
2026-10-09T12:24:04Z INFO [2448/2500] c0f19733-b023-440f-9226-0f97351c8261: valid; 2.3 s; peak memory 10086 MiB.
2026-10-09T12:24:05Z INFO [2449/2500] c0f23834-c6f5-46ad-b1f6-86651e878c90: valid; 1.3 s; peak memory 10086 MiB.
2026-10-09T12:24:07Z INFO [2450/2500] c0f37719-62a5-4911-999f-30640dcb886d: not valid; 1.7 s; peak memory 10086 MiB.
2026-10-09T12:24:08Z INFO [2450/2500] c0f37719-62a5-4911-999f-30640dcb886d: checkpointed 190960 new records.
2026-10-09T12:24:10Z INFO [2451/2500] c0f39818-7106-4a22-9413-fbb3fbc07f5c: not valid; 1.6 s; peak memory 10086 MiB.
2026-10-09T12:24:19Z INFO [2452/2500] c0f3bb89-a60b-4221-a5e2-41d05570543c: valid; 9.3 s; peak memory 10086 MiB.
2026-10-09T12:24:27Z INFO [2453/2500] c0f3fc8d-4585-4e97-b18c-af2f66cda1da: valid; 7.8 s; peak memory 10086 MiB.
2026-10-09T12:24:29Z INFO [2454/2500] c0f42140-9da8-4445-b5fb-a9e712b8c26e: valid; 2.1 s; peak memory 10086 MiB.
2026-10-09T12:24:32Z INFO [2455/2500] c0f44931-d9cb-4e68-bd20-501ede84093a: valid; 3.3 s; peak memory 10086 MiB.
2026-10-09T12:24:34Z INFO [2456/2500] c0f4727f-d6ab-4ee8-9a3a-a0b734869e12: not valid; 1.8 s; peak memory 10086 MiB.
2026-10-09T12:24:36Z INFO [2457/2500] c0f4c4b3-0f4c-4f1d-be61-7d45989c7e9e: valid; 1.4 s; peak memory 10086 MiB.
2026-10-09T12:24:50Z INFO [2458/2500] c0f5193e-6e40-40a5-b9df-fa007fd20a12: valid; 14.4 s; peak memory 10086 MiB.
2026-10-09T12:24:52Z INFO [2459/2500] c0f52034-f584-40a4-9d46-f8f02ca83c05: not valid; 1.5 s; peak memory 10086 MiB.
2026-10-09T12:24:57Z INFO [2460/2500] c0f586ec-8544-4690-810a-d4a0b6f90648: not valid; 5.0 s; peak memory 10086 MiB.
2026-10-09T12:24:57Z WARNING c0f5e155-baeb-4284-ada9-e27f5c41408a: failed while retrieving asset information from the DANDI API (NotFoundError: No such Dandiset: 000561)
2026-10-09T12:25:04Z INFO [2462/2500] c0f615b6-6dcf-45ca-8d81-2604be6743b7: valid; 7.4 s; peak memory 10086 MiB.
2026-10-09T12:25:05Z INFO [2463/2500] c0f72804-4824-49cc-a2bb-776265592870: valid; 1.0 s; peak memory 10086 MiB.
2026-10-09T12:25:07Z INFO [2464/2500] c0f7785f-a69a-4e1f-99b3-3d6275768e3a: valid; 2.4 s; peak memory 10086 MiB.
2026-10-09T12:25:09Z INFO [2465/2500] c0f7b6c0-cb44-43dd-a6df-9055e3af9dc5: valid; 1.2 s; peak memory 10086 MiB.
2026-10-09T12:25:10Z INFO [2466/2500] c0f87e50-5636-495e-9d42-79b6f38c7922: not valid; 1.6 s; peak memory 10086 MiB.
2026-10-09T12:25:12Z INFO [2467/2500] c0f89ee4-97ef-4113-a7b0-bf6d652492a5: not valid; 1.5 s; peak memory 10086 MiB.
2026-10-09T12:25:13Z INFO [2468/2500] c0f91248-e3d3-4fe8-9dbe-82c5ff0b8bdc: valid; 0.9 s; peak memory 10086 MiB.
2026-10-09T12:25:14Z INFO [2469/2500] c0f922a8-3d0a-44ef-8f5e-e5557904aa5d: valid; 1.3 s; peak memory 10086 MiB.
2026-10-09T12:25:15Z INFO [2470/2500] c0fa1787-4f72-42fd-9962-5bd40d477e58: valid; 1.2 s; peak memory 10086 MiB.
2026-10-09T12:25:16Z INFO [2471/2500] c0fa270e-1493-4c0f-a1e6-6b15b81947aa: valid; 1.3 s; peak memory 10086 MiB.
2026-10-09T12:25:18Z INFO [2472/2500] c0fa2c30-8eb1-47a0-80b2-6f33cf7b24f5: valid; 1.2 s; peak memory 10086 MiB.
2026-10-09T12:25:24Z INFO [2473/2500] c0faebae-b458-489f-8bba-2530289e7d7f: valid; 6.4 s; peak memory 10086 MiB.
2026-10-09T12:25:26Z INFO [2474/2500] c0fb48a3-de98-43a4-aac6-a2ecbdc040db: not valid; 1.5 s; peak memory 10086 MiB.
2026-10-09T12:25:34Z INFO [2475/2500] c0fbdced-3156-4da8-89ac-d74fa171d967: valid; 8.4 s; peak memory 10086 MiB.
2026-10-09T12:25:35Z INFO [2476/2500] c0fbf339-ba23-4df3-aa24-a82adc52de65: not valid; 1.4 s; peak memory 10086 MiB.
2026-10-09T12:25:37Z INFO [2477/2500] c0fc2998-68fd-46ac-967a-11811eea2762: not valid; 1.6 s; peak memory 10086 MiB.
2026-10-09T12:25:39Z INFO [2478/2500] c0fc9d3e-f0d4-479e-903f-35bac5e54437: valid; 1.7 s; peak memory 10086 MiB.
2026-10-09T12:25:40Z INFO [2479/2500] c0fd14ea-660b-486c-bb11-9163522ec476: valid; 1.8 s; peak memory 10086 MiB.
2026-10-09T12:25:43Z INFO [2480/2500] c0fd6ab9-8d4e-43e6-9392-271e506524be: valid; 2.5 s; peak memory 10086 MiB.
2026-10-09T12:25:44Z INFO [2481/2500] c0fd843b-08cc-4a96-9229-575f90bcee3c: valid; 1.3 s; peak memory 10086 MiB.
2026-10-09T12:25:46Z INFO [2482/2500] c0fdb314-6dc1-4542-8af5-9d65a57b35f3: valid; 1.8 s; peak memory 10086 MiB.
2026-10-09T12:25:55Z INFO [2483/2500] c0fded17-cad9-40e1-9db5-47760661aa3d: valid; 9.1 s; peak memory 10086 MiB.
2026-10-09T12:25:57Z INFO [2484/2500] c0fe6146-0fd2-4802-a4bd-fd74710dba78: valid; 1.9 s; peak memory 10086 MiB.
2026-10-09T12:26:00Z INFO [2485/2500] c0fe6530-4a6a-4e24-aa54-05a506c0addb: valid; 3.0 s; peak memory 10086 MiB.
2026-10-09T12:26:06Z INFO [2486/2500] c0ff97b3-7363-4f85-ab1d-2967f41ea502: valid; 6.2 s; peak memory 10086 MiB.
2026-10-09T12:26:11Z INFO [2487/2500] c0ffdbd9-d64d-426e-93fa-a661ff4104e1: valid; 5.2 s; peak memory 10086 MiB.
2026-10-09T12:26:11Z WARNING c100b08f-3c71-4553-ae2b-14a64d34e50c: failed while retrieving asset information from the DANDI API (NotFoundError: No such Dandiset: 000561)
2026-10-09T12:26:13Z INFO [2489/2500] c100c642-72ad-49a2-9e76-61f9001db918: valid; 1.4 s; peak memory 10086 MiB.
2026-10-09T12:26:23Z INFO [2490/2500] c100e41b-3051-4b1c-beaa-3f7015ea290f: valid; 10.3 s; peak memory 10086 MiB.
2026-10-09T12:26:25Z INFO [2491/2500] c100feac-7724-41b1-94f1-0df0df1424bb: not valid; 1.8 s; peak memory 10086 MiB.
2026-10-09T12:26:26Z INFO [2492/2500] c1023705-1a71-4ca8-b9d8-0c918e5824cb: valid; 1.4 s; peak memory 10086 MiB.
2026-10-09T12:26:28Z INFO [2493/2500] c1025fdc-90fb-46c9-8999-91b9dc1e1f14: valid; 1.2 s; peak memory 10086 MiB.
2026-10-09T12:26:32Z INFO [2494/2500] c1029b75-6253-437b-b63f-209194f14a61: valid; 4.3 s; peak memory 10086 MiB.
2026-10-09T12:26:33Z INFO [2495/2500] c102d078-39f6-4f45-9fc1-5ea3add042cc: valid; 1.3 s; peak memory 10086 MiB.
2026-10-09T12:26:37Z INFO [2496/2500] c103052e-3944-4cc2-8d74-b87c304a6653: valid; 3.8 s; peak memory 10086 MiB.
2026-10-09T12:26:39Z INFO [2497/2500] c1036907-e42b-40da-a27e-3f2ee317c3df: valid; 2.3 s; peak memory 10086 MiB.
2026-10-09T12:26:40Z INFO [2498/2500] c10441f6-2579-4531-a036-3ee73906ed1d: valid; 1.1 s; peak memory 10086 MiB.
2026-10-09T12:26:43Z INFO [2499/2500] c105b9aa-518f-4388-81af-c67a8450d92a: valid; 2.4 s; peak memory 10086 MiB.
2026-10-09T12:26:45Z INFO [2500/2500] c1062d31-34ef-4fdd-88c1-7d93466f486f: valid; 1.9 s; peak memory 10086 MiB.
2026-10-09T12:26:46Z INFO [2500/2500] c1062d31-34ef-4fdd-88c1-7d93466f486f: checkpointed 191010 new records.
2026-10-09T12:26:48Z INFO Wrote 191010 records to /tmp/derivatives/content_id_to_valid_nwb_file.jsonl (2392 new, 108 failed) in 165.9 min (peak memory 10086 MiB).
