2026-10-10T16:54:29Z INFO Logging to /tmp/logs/update_2026-10-10T16-54-29Z.log.
2026-10-10T16:54:29Z INFO Update content-id-to-valid-nwb-file (base directory /tmp).
2026-10-10T16:54:33Z INFO Processing 1000 items (203010 already recorded).
2026-10-10T16:54:35Z INFO [1/1000] d367de06-e96b-42b1-a411-d2208f684203: not valid; 2.2 s; peak memory 491 MiB.
2026-10-10T16:54:35Z WARNING d3682868-005c-4d67-9ead-1d8b803e65e6: failed while retrieving asset information from the DANDI API (NotFoundError: No asset at path 'sub-parkinson-simulated-lfp/sub-parkinson-simulated-lfp_ses-807_ecephys.nwb' in version 0.250327.2220. Verify the path is correct and the asset exists in this version. Use 'dandi ls' to list available assets.)
2026-10-10T16:54:37Z INFO [3/1000] d368689c-9709-4d05-84b4-ed819d4e1e7c: valid; 2.4 s; peak memory 491 MiB.
2026-10-10T16:54:41Z INFO [4/1000] d36881de-ccd1-4984-bbfc-c55699126773: valid; 3.3 s; peak memory 491 MiB.
2026-10-10T16:54:42Z INFO [5/1000] d368e38a-c905-4584-b0ea-fafc03f1e9e2: valid; 1.5 s; peak memory 491 MiB.
2026-10-10T16:54:49Z INFO [6/1000] d368eded-7720-4970-97fe-d954ea11f073: valid; 7.3 s; peak memory 491 MiB.
2026-10-10T16:54:52Z INFO [7/1000] d369bb5a-d555-4b8e-99c1-b937124c3254: not valid; 2.5 s; peak memory 491 MiB.
2026-10-10T16:54:54Z INFO [8/1000] d36acffa-69b0-4a77-af35-530117620996: valid; 1.6 s; peak memory 491 MiB.
2026-10-10T16:54:55Z INFO [9/1000] d36ae90c-930e-43d4-bdbe-344c1c082186: valid; 1.3 s; peak memory 491 MiB.
2026-10-10T16:54:57Z INFO [10/1000] d36aef8f-e2ff-4359-808a-cd41aff7cd66: valid; 2.1 s; peak memory 491 MiB.
2026-10-10T16:55:00Z INFO [11/1000] d36af875-a3ed-4cda-ab90-f84d8eb7d5fc: valid; 3.3 s; peak memory 491 MiB.
2026-10-10T16:55:03Z INFO [12/1000] d36b2735-1c4f-42fd-9189-dbfd73ac1b63: valid; 2.3 s; peak memory 491 MiB.
2026-10-10T16:55:05Z INFO [13/1000] d36b5640-5818-472f-9bc8-7a907312e6c0: not valid; 2.0 s; peak memory 491 MiB.
2026-10-10T16:55:06Z INFO [14/1000] d36b7868-9394-4634-bf9a-326dbfb58313: valid; 1.4 s; peak memory 491 MiB.
2026-10-10T16:55:08Z INFO [15/1000] d36b9efc-f302-4943-9f67-fd6eae29d9cc: valid; 2.1 s; peak memory 491 MiB.
2026-10-10T16:55:10Z INFO [16/1000] d36d0ca3-678e-4fbf-a733-ec89299707ca: valid; 2.3 s; peak memory 491 MiB.
2026-10-10T16:55:13Z INFO [17/1000] d36d6afd-ff0c-47c1-910d-bf730d1ccd83: not valid; 2.4 s; peak memory 491 MiB.
2026-10-10T16:55:14Z INFO [18/1000] d36e8144-2f37-4e98-8de7-aa26c22fc873: valid; 1.0 s; peak memory 491 MiB.
2026-10-10T16:55:15Z INFO [19/1000] d36f5fc8-8079-4264-ada2-bc1bb8950677: not valid; 1.6 s; peak memory 491 MiB.
2026-10-10T16:55:18Z INFO [20/1000] d36fde4e-a2c0-414a-bd51-fa59a751edd2: valid; 2.8 s; peak memory 491 MiB.
2026-10-10T16:55:20Z INFO [21/1000] d36fe945-2829-4203-a179-99644b7d0f9b: valid; 1.4 s; peak memory 491 MiB.
2026-10-10T16:55:22Z INFO [22/1000] d370f2c4-fe33-4516-be1a-3b9c84e705e0: not valid; 1.9 s; peak memory 492 MiB.
2026-10-10T16:55:24Z INFO [23/1000] d37136a7-8da7-451e-ae36-20b8c0024650: valid; 2.8 s; peak memory 492 MiB.
2026-10-10T16:55:26Z INFO [24/1000] d3713dd5-1757-440a-a01f-e84ddaa5c0f0: not valid; 1.4 s; peak memory 492 MiB.
2026-10-10T16:55:27Z INFO [25/1000] d371451f-949b-4c8b-9385-aec714f33040: not valid; 1.6 s; peak memory 492 MiB.
2026-10-10T16:55:29Z INFO [26/1000] d3714e30-df52-447b-8f67-51b155764af6: valid; 1.2 s; peak memory 492 MiB.
2026-10-10T16:55:30Z INFO [27/1000] d3718e3d-3ae7-4626-9927-03a2e4f975fc: valid; 1.3 s; peak memory 492 MiB.
2026-10-10T16:55:32Z WARNING d37249c0-430b-42ce-b750-f11b792822d2: failed while opening the NWB file (ConstructError: (root/acquisition/event_code_meanings GroupBuilder {'attributes': {'colnames': array(['value', 'meaning'], dtype=object), 'description': 'Mapping integer event codes to event labels', 'namespace': 'ndx-events', 'neurodata_type': 'MeaningsTable', 'object_id': '067ebb48-abf9-43a3-aec4-542cfead9d90'}, 'groups': {}, 'datasets': {'id': root/acquisition/event_code_meanings/id DatasetBuilder {'attributes': {'namespace': 'hdmf-common', 'neurodata_type': 'ElementIdentifiers', 'object_id': 'd20cb887-20c5-4da9-bea2-963f78a8cb4b'}, 'data': <HDF5 dataset "id": shape (26,), type "<i8">}, 'meaning': root/acquisition/event_code_meanings/meaning DatasetBuilder {'attributes': {'description': 'The meaning of the value in the parent CategoricalVectorData object.', 'namespace': 'hdmf-experimental', 'neurodata_type': 'VectorData', 'object_id': 'e2146b40-4b55-4a8f-be5a-af5a308ea56e'}, 'data': <StrDataset for HDF5 dataset "meaning": shape (26,), type "|O">}, 'value': root/acquisition/event_code_meanings/value DatasetBuilder {'attributes': {'description': 'The value of the parent CategoricalVectorData object.', 'namespace': 'hdmf-experimental', 'neurodata_type': 'VectorData', 'object_id': '4e9e3cd6-ce05-4481-9e39-88eaa564cde3'}, 'data': <HDF5 dataset "value": shape (26,), type "<i8">}}, 'links': {}}, "Could not construct MeaningsTable object due to: MeaningsTable.__init__: missing argument 'target'"))
2026-10-10T16:55:51Z INFO [29/1000] d372766f-7dec-4be1-a1be-9f4746604b10: valid; 19.1 s; peak memory 644 MiB.
2026-10-10T16:55:52Z WARNING d372c2e6-a391-4170-aaf6-2a60da1a0657: failed while opening the NWB file (ValueError: Cannot resolve included group spec 'electrodes' with data_type_inc 'ElectrodesTable' because a group spec with the same name already exists with data_type_inc 'DynamicTable', and data type 'DynamicTable' is not a child type of data type 'ElectrodesTable'.)
2026-10-10T16:55:54Z WARNING d3730563-e5b5-4267-90a6-5c2367d6eb66: failed while opening the NWB file (ConstructError: (root/acquisition/_iblmic_audioSpectrogram/bands GroupBuilder {'attributes': {'colnames': array(['freq'], dtype=object), 'description': 'spectogram frequencies', 'namespace': 'core', 'neurodata_type': 'FrequencyBandsTable', 'object_id': '341d6cd8-18d9-47e9-b29c-0e44780f3b6b'}, 'groups': {}, 'datasets': {'freq': root/acquisition/_iblmic_audioSpectrogram/bands/freq DatasetBuilder {'attributes': {'description': 'frequency value', 'namespace': 'hdmf-common', 'neurodata_type': 'VectorData', 'object_id': '367e01bb-9977-4958-987f-2eda1dfb051e'}, 'data': <HDF5 dataset "freq": shape (257,), type "<f4">}, 'id': root/acquisition/_iblmic_audioSpectrogram/bands/id DatasetBuilder {'attributes': {'namespace': 'hdmf-common', 'neurodata_type': 'ElementIdentifiers', 'object_id': 'a1b9a3d0-184c-48ec-95c1-92b69d6fdcaa'}, 'data': <HDF5 dataset "id": shape (257,), type "<i4">}}, 'links': {}}, "Could not construct FrequencyBandsTable object due to: column must have the same number of rows as 'id'"))
2026-10-10T16:55:57Z INFO [32/1000] d3737043-e70b-4473-86f8-beef988e5af8: valid; 2.3 s; peak memory 644 MiB.
2026-10-10T16:55:58Z INFO [33/1000] d373f3a4-b31e-4ac0-904c-0504e310f1b4: valid; 1.8 s; peak memory 644 MiB.
2026-10-10T16:56:00Z INFO [34/1000] d37421c9-cdaf-4081-abd7-7d3f3a691246: not valid; 1.8 s; peak memory 644 MiB.
2026-10-10T16:56:03Z INFO [35/1000] d3749c6e-0f70-4307-913a-d1dd5bc835e5: valid; 2.5 s; peak memory 644 MiB.
2026-10-10T16:56:04Z INFO [36/1000] d375181b-7323-46a2-b8d9-cfdc89a628a6: valid; 1.3 s; peak memory 644 MiB.
2026-10-10T16:56:06Z INFO [37/1000] d37589b7-2de2-4c39-b925-b6d67f4e79ba: not valid; 2.1 s; peak memory 644 MiB.
2026-10-10T16:56:08Z INFO [38/1000] d375dac1-5865-4d0d-9f13-1e9ab42d64d7: valid; 1.9 s; peak memory 644 MiB.
2026-10-10T16:56:16Z INFO [39/1000] d376bad1-930a-44b4-95ea-9de4d324b051: valid; 7.5 s; peak memory 644 MiB.
2026-10-10T16:56:17Z INFO [40/1000] d376c799-938a-400a-8a8b-1cf01fe6da4a: valid; 1.3 s; peak memory 644 MiB.
2026-10-10T16:56:25Z INFO [41/1000] d3782802-3447-4288-8f97-c533bd4875f3: not valid; 7.8 s; peak memory 644 MiB.
2026-10-10T16:56:26Z INFO [42/1000] d3786c86-b35b-4bcb-a26c-27befb411721: valid; 1.7 s; peak memory 644 MiB.
2026-10-10T16:56:28Z INFO [43/1000] d3787a04-28ed-4eaa-828b-2cbe4cbfd276: valid; 1.3 s; peak memory 644 MiB.
2026-10-10T16:56:29Z INFO [44/1000] d37898ea-3fc7-4842-93da-f14ec16026c1: valid; 1.5 s; peak memory 644 MiB.
2026-10-10T16:56:30Z INFO [45/1000] d3790f47-fe3d-459d-8376-7b482ef7b0f4: valid; 1.0 s; peak memory 644 MiB.
2026-10-10T16:56:32Z INFO [46/1000] d3796a9d-d557-4f90-af24-4bcb5b0cfbfe: valid; 2.1 s; peak memory 644 MiB.
2026-10-10T16:56:35Z INFO [47/1000] d37987be-70ae-4770-ab9d-ffb2a61dfc04: not valid; 2.3 s; peak memory 644 MiB.
2026-10-10T16:56:44Z INFO [48/1000] d3799c74-d156-44c6-ac36-49b56ab5a67b: not valid; 9.4 s; peak memory 644 MiB.
2026-10-10T16:56:46Z INFO [49/1000] d379df83-464a-4aa4-a2fc-69b58b37a094: not valid; 1.7 s; peak memory 644 MiB.
2026-10-10T16:56:48Z INFO [50/1000] d37a387d-f2ef-4faf-852d-55e935030b32: valid; 2.0 s; peak memory 644 MiB.
2026-10-10T16:56:49Z INFO [50/1000] d37a387d-f2ef-4faf-852d-55e935030b32: checkpointed 203060 new records.
2026-10-10T16:56:50Z INFO [51/1000] d37a5243-783e-437b-a924-4ec66b204632: valid; 1.1 s; peak memory 644 MiB.
2026-10-10T16:56:51Z INFO [52/1000] d37a6689-f151-4faf-b4ed-1c920dd84c71: valid; 1.3 s; peak memory 644 MiB.
2026-10-10T16:56:53Z INFO [53/1000] d37ac1ad-e9f8-4bf2-b7a8-005b58e82e43: valid; 1.9 s; peak memory 644 MiB.
2026-10-10T16:56:56Z INFO [54/1000] d37ae1c2-53fc-4aa6-9dc7-04ce84c139a7: valid; 2.3 s; peak memory 644 MiB.
2026-10-10T16:56:57Z INFO [55/1000] d37b46dc-1fba-468d-bdda-7ce40e9bcc63: valid; 1.1 s; peak memory 644 MiB.
2026-10-10T16:57:03Z INFO [56/1000] d37ba109-f516-43ae-b0fb-64b180b46d1a: not valid; 6.2 s; peak memory 644 MiB.
2026-10-10T16:57:04Z INFO [57/1000] d37c5771-6f47-4aac-b5ca-219bcdd28ad7: valid; 1.5 s; peak memory 644 MiB.
2026-10-10T16:57:23Z INFO [58/1000] d37c5d21-913b-4bce-a7d3-13659ac23854: valid; 18.5 s; peak memory 644 MiB.
2026-10-10T16:57:24Z INFO [59/1000] d37c7f1b-48c1-408f-85d5-859f849a41ea: valid; 1.0 s; peak memory 644 MiB.
2026-10-10T16:57:26Z INFO [60/1000] d37c85cd-2c98-4c28-8269-4f899a27e6c8: not valid; 2.4 s; peak memory 644 MiB.
2026-10-10T16:57:30Z INFO [61/1000] d37ca496-bff0-4e85-abef-b496dc1c4633: valid; 4.0 s; peak memory 644 MiB.
2026-10-10T16:58:54Z INFO [62/1000] d37cf145-e9ff-4e05-8193-f664aa332212: valid; 83.8 s; peak memory 644 MiB.
2026-10-10T16:58:57Z WARNING d37d1794-c714-49bb-a8a2-19234dc6199f: failed while opening the NWB file (ConstructError: (root/acquisition/event_code_meanings GroupBuilder {'attributes': {'colnames': array(['value', 'meaning'], dtype=object), 'description': 'Mapping integer event codes to event labels', 'namespace': 'ndx-events', 'neurodata_type': 'MeaningsTable', 'object_id': 'cd3fdc5e-7cc9-4b6b-afba-6622915ceb11'}, 'groups': {}, 'datasets': {'id': root/acquisition/event_code_meanings/id DatasetBuilder {'attributes': {'namespace': 'hdmf-common', 'neurodata_type': 'ElementIdentifiers', 'object_id': 'bae664b2-9af1-4464-9715-a27d7c8a4fb1'}, 'data': <HDF5 dataset "id": shape (26,), type "<i8">}, 'meaning': root/acquisition/event_code_meanings/meaning DatasetBuilder {'attributes': {'description': 'The meaning of the value in the parent CategoricalVectorData object.', 'namespace': 'hdmf-experimental', 'neurodata_type': 'VectorData', 'object_id': '8cd1906a-c783-4201-acd6-0485507f0e2e'}, 'data': <StrDataset for HDF5 dataset "meaning": shape (26,), type "|O">}, 'value': root/acquisition/event_code_meanings/value DatasetBuilder {'attributes': {'description': 'The value of the parent CategoricalVectorData object.', 'namespace': 'hdmf-experimental', 'neurodata_type': 'VectorData', 'object_id': '6911a8b9-c4a1-468d-bea4-1d3abfae111b'}, 'data': <HDF5 dataset "value": shape (26,), type "<i8">}}, 'links': {}}, "Could not construct MeaningsTable object due to: MeaningsTable.__init__: missing argument 'target'"))
2026-10-10T16:58:59Z INFO [64/1000] d37d1962-041b-4108-ab39-5fe8b9ba0c30: valid; 2.8 s; peak memory 646 MiB.
2026-10-10T16:59:01Z INFO [65/1000] d37d1b32-e34f-4ff2-8ed6-d3fb62510d67: valid; 1.3 s; peak memory 646 MiB.
2026-10-10T16:59:03Z INFO [66/1000] d37d6f78-4902-456a-9294-c42bf6cf1f78: valid; 2.4 s; peak memory 646 MiB.
2026-10-10T16:59:05Z INFO [67/1000] d37f81ad-78b8-46c9-ac85-205d247887b8: valid; 1.9 s; peak memory 646 MiB.
2026-10-10T16:59:07Z INFO [68/1000] d37fd057-92ec-4fdc-931a-5a90cb6c871d: valid; 2.0 s; peak memory 646 MiB.
2026-10-10T16:59:08Z INFO [69/1000] d37fd62a-f432-4f5e-b423-c180664d4180: valid; 1.2 s; peak memory 646 MiB.
2026-10-10T16:59:10Z INFO [70/1000] d37fef14-d3ec-47f9-88d1-e6ca3ef7a892: not valid; 1.5 s; peak memory 646 MiB.
2026-10-10T16:59:11Z INFO [71/1000] d37ff9d7-a51f-4248-a300-6ac3ad5f26de: not valid; 1.8 s; peak memory 646 MiB.
2026-10-10T16:59:13Z INFO [72/1000] d3802513-d86d-4f9c-832c-6b2dfd19952c: valid; 1.2 s; peak memory 646 MiB.
2026-10-10T16:59:14Z INFO [73/1000] d3803132-fdf2-4283-969b-ceb14436defd: not valid; 1.8 s; peak memory 646 MiB.
2026-10-10T16:59:16Z INFO [74/1000] d3805577-28f6-4d89-af73-efe875308954: valid; 2.0 s; peak memory 646 MiB.
2026-10-10T16:59:18Z INFO [75/1000] d38071a2-d976-4593-8b6a-dfba983c3f23: not valid; 1.9 s; peak memory 646 MiB.
2026-10-10T16:59:29Z INFO [76/1000] d3808431-e7c1-46ec-ad9a-4c468480b479: valid; 10.8 s; peak memory 646 MiB.
2026-10-10T16:59:31Z INFO [77/1000] d381900c-3a6e-4e6a-b2b1-9e1dc829aa7c: not valid; 2.1 s; peak memory 646 MiB.
2026-10-10T16:59:33Z WARNING d3820336-c5c4-49e6-b7ae-817207e99fd3: failed while opening the NWB file (ConstructError: (root/acquisition/_iblmic_audioSpectrogram/bands GroupBuilder {'attributes': {'colnames': array(['freq'], dtype=object), 'description': 'spectogram frequencies', 'namespace': 'core', 'neurodata_type': 'FrequencyBandsTable', 'object_id': '01d7bcc0-d4e1-416c-98bc-b83856d91675'}, 'groups': {}, 'datasets': {'freq': root/acquisition/_iblmic_audioSpectrogram/bands/freq DatasetBuilder {'attributes': {'description': 'frequency value', 'namespace': 'hdmf-common', 'neurodata_type': 'VectorData', 'object_id': 'c11d2e47-808b-4247-b0bc-656d0c81ab45'}, 'data': <HDF5 dataset "freq": shape (257,), type "<f4">}, 'id': root/acquisition/_iblmic_audioSpectrogram/bands/id DatasetBuilder {'attributes': {'namespace': 'hdmf-common', 'neurodata_type': 'ElementIdentifiers', 'object_id': '2a73a41b-64a6-4a2c-8995-005b40abad32'}, 'data': <HDF5 dataset "id": shape (257,), type "<i4">}}, 'links': {}}, "Could not construct FrequencyBandsTable object due to: column must have the same number of rows as 'id'"))
2026-10-10T16:59:47Z INFO [79/1000] d382f9fe-f602-4410-8ad4-9e87368191f1: not valid; 14.3 s; peak memory 646 MiB.
2026-10-10T17:00:00Z INFO [80/1000] d383168a-d8e5-49bc-b0cf-bbc963ad1550: not valid; 12.2 s; peak memory 646 MiB.
2026-10-10T17:00:01Z INFO [81/1000] d383f716-da09-4ee6-ac24-d59088df84b6: valid; 1.5 s; peak memory 646 MiB.
2026-10-10T17:00:03Z INFO [82/1000] d384a449-7ced-4cd1-8b20-fc404c80883f: not valid; 1.9 s; peak memory 646 MiB.
2026-10-10T17:00:05Z WARNING d384d65d-b5f9-4e97-939d-555830efbe6f: failed while opening the NWB file (ConstructError: (root/acquisition/_iblmic_audioSpectrogram/bands GroupBuilder {'attributes': {'colnames': array(['freq'], dtype=object), 'description': 'spectogram frequencies', 'namespace': 'core', 'neurodata_type': 'FrequencyBandsTable', 'object_id': '2b125dc7-fdee-4c0c-a158-d869999c5ba2'}, 'groups': {}, 'datasets': {'freq': root/acquisition/_iblmic_audioSpectrogram/bands/freq DatasetBuilder {'attributes': {'description': 'frequency value', 'namespace': 'hdmf-common', 'neurodata_type': 'VectorData', 'object_id': '71c9ca88-be09-4230-8fa9-42148f7457ef'}, 'data': <HDF5 dataset "freq": shape (257,), type "<f4">}, 'id': root/acquisition/_iblmic_audioSpectrogram/bands/id DatasetBuilder {'attributes': {'namespace': 'hdmf-common', 'neurodata_type': 'ElementIdentifiers', 'object_id': 'ac087338-297a-47ef-82e3-1f705490dd79'}, 'data': <HDF5 dataset "id": shape (257,), type "<i4">}}, 'links': {}}, "Could not construct FrequencyBandsTable object due to: column must have the same number of rows as 'id'"))
2026-10-10T17:00:06Z INFO [84/1000] d3851823-a516-45a4-bf46-b37023371dd6: valid; 1.4 s; peak memory 646 MiB.
2026-10-10T17:00:08Z INFO [85/1000] d38530ff-b297-4b35-8f21-3c94a192d728: valid; 2.0 s; peak memory 646 MiB.
2026-10-10T17:00:19Z INFO [86/1000] d385affb-ef65-4a20-849d-d08752385eeb: not valid; 10.7 s; peak memory 646 MiB.
2026-10-10T17:00:21Z INFO [87/1000] d38667d6-6758-4261-8a0b-381aded4ea6f: valid; 2.4 s; peak memory 646 MiB.
2026-10-10T17:00:25Z INFO [88/1000] d386753b-5afd-4806-bc8f-ec43ea88a956: valid; 3.9 s; peak memory 646 MiB.
2026-10-10T17:00:27Z INFO [89/1000] d386fc86-516a-481c-9c89-118e1c754fcd: valid; 1.8 s; peak memory 646 MiB.
2026-10-10T17:00:29Z INFO [90/1000] d38726f8-81ec-4226-afa1-8bf6138efd0a: not valid; 1.9 s; peak memory 646 MiB.
2026-10-10T17:00:31Z INFO [91/1000] d3872c42-6dfc-460f-ae21-aa0a302b2c6e: valid; 2.0 s; peak memory 646 MiB.
2026-10-10T17:00:32Z INFO [92/1000] d388693c-7085-4a54-b4e4-ef8aecaa7949: valid; 1.4 s; peak memory 646 MiB.
2026-10-10T17:00:34Z INFO [93/1000] d389121d-e5ae-42cc-87d5-6fc04096d233: not valid; 1.8 s; peak memory 646 MiB.
2026-10-10T17:00:35Z INFO [94/1000] d389ada5-44a9-4aa2-bc01-c037ff7b62d8: valid; 1.3 s; peak memory 646 MiB.
2026-10-10T17:00:38Z INFO [95/1000] d38a27cb-f762-49f0-983b-8e14286fb369: valid; 2.8 s; peak memory 646 MiB.
2026-10-10T17:00:38Z WARNING d38ae367-03d2-424f-8649-00d19f19eae5: failed while retrieving asset information from the DANDI API (NotFoundError: No asset at path 'sub-LG615/sub-LG615_ses-20250916_obj-wjfocs_ophys.nwb' in version 0.260915.2135. Verify the path is correct and the asset exists in this version. Use 'dandi ls' to list available assets.)
2026-10-10T17:00:40Z INFO [97/1000] d38b975a-cb84-4161-95e3-0bc6739f45c4: not valid; 1.4 s; peak memory 646 MiB.
2026-10-10T17:00:42Z INFO [98/1000] d38bfaea-200d-4f31-80bb-f3f83751edf2: valid; 1.9 s; peak memory 646 MiB.
2026-10-10T17:00:45Z INFO [99/1000] d38c0cea-090c-4038-a5f9-433771fb8956: valid; 3.0 s; peak memory 646 MiB.
2026-10-10T17:00:48Z INFO [100/1000] d38c587b-15b4-4338-af2a-569663b672a9: valid; 3.1 s; peak memory 646 MiB.
2026-10-10T17:00:49Z INFO [100/1000] d38c587b-15b4-4338-af2a-569663b672a9: checkpointed 203110 new records.
2026-10-10T17:00:52Z INFO [101/1000] d38ca138-1cf5-4156-b7dd-5240eecc6d0a: valid; 3.2 s; peak memory 646 MiB.
2026-10-10T17:00:54Z INFO [102/1000] d38ca608-70b7-439f-9b7b-accf7a646ecd: valid; 1.2 s; peak memory 646 MiB.
2026-10-10T17:01:39Z INFO [103/1000] d38d1f37-0a4d-471b-9e7f-036b4397f03a: valid; 45.8 s; peak memory 646 MiB.
2026-10-10T17:01:41Z INFO [104/1000] d38d7dfc-5915-4078-a437-f409116a7a93: valid; 1.8 s; peak memory 646 MiB.
2026-10-10T17:01:44Z INFO [105/1000] d38ddad3-5d19-449b-b95c-4b5e27d417ed: valid; 2.5 s; peak memory 646 MiB.
2026-10-10T17:01:45Z INFO [106/1000] d38dff80-4921-45b1-91e0-84ddb05efb67: valid; 1.3 s; peak memory 646 MiB.
2026-10-10T17:01:47Z INFO [107/1000] d38e4c61-0e20-403d-af08-525d005b9479: valid; 2.1 s; peak memory 646 MiB.
2026-10-10T17:01:48Z INFO [108/1000] d38e5742-8ba3-4507-a5da-68889c744aa5: valid; 1.3 s; peak memory 646 MiB.
2026-10-10T17:01:50Z INFO [109/1000] d38f50c0-dde4-46d8-8b57-bf3c682764eb: valid; 1.3 s; peak memory 646 MiB.
2026-10-10T17:01:53Z INFO [110/1000] d390212e-6efe-4f92-85b9-7145f6de9b4b: not valid; 3.2 s; peak memory 646 MiB.
2026-10-10T17:01:55Z INFO [111/1000] d39097dc-640a-4aee-a5c5-16a115b672fe: valid; 1.8 s; peak memory 646 MiB.
2026-10-10T17:01:56Z INFO [112/1000] d390fd08-71f7-46fc-8bf2-6a293fcb1997: valid; 1.1 s; peak memory 646 MiB.
2026-10-10T17:01:57Z INFO [113/1000] d391f796-f7c4-4c44-9416-a1335d1b4fe8: valid; 1.3 s; peak memory 646 MiB.
2026-10-10T17:01:58Z INFO [114/1000] d39244f7-b8c3-4529-9664-4a8c9ac57a16: valid; 1.2 s; peak memory 646 MiB.
2026-10-10T17:02:01Z INFO [115/1000] d3925b43-c890-4b4e-b761-59c61f6de461: valid; 2.5 s; peak memory 646 MiB.
2026-10-10T17:02:07Z INFO [116/1000] d3929ce2-2fc4-4d2e-8a02-741e406bf724: valid; 6.5 s; peak memory 646 MiB.
2026-10-10T17:02:09Z INFO [117/1000] d3931c3c-99a1-435c-bf9b-54e221747f4a: valid; 1.3 s; peak memory 646 MiB.
2026-10-10T17:02:10Z INFO [118/1000] d3931ec4-64b9-4c49-be94-fb10ec09bd0f: valid; 1.1 s; peak memory 646 MiB.
2026-10-10T17:02:12Z INFO [119/1000] d3936e91-c18a-4f65-9c82-4f87d202e7e1: valid; 1.9 s; peak memory 646 MiB.
2026-10-10T17:02:13Z INFO [120/1000] d393ff0b-0f74-401e-b9e1-e503c6b4ec7d: valid; 1.2 s; peak memory 646 MiB.
2026-10-10T17:02:15Z INFO [121/1000] d394944d-9cd2-42f4-8ada-0decc23f360a: valid; 2.0 s; peak memory 646 MiB.
2026-10-10T17:02:18Z INFO [122/1000] d39503f9-32db-4f9e-84ed-bd2f4bac736e: valid; 3.1 s; peak memory 646 MiB.
2026-10-10T17:02:19Z INFO [123/1000] d395462f-e277-4745-abaf-999342941ec7: valid; 1.3 s; peak memory 646 MiB.
2026-10-10T17:02:21Z INFO [124/1000] d395abf3-ddd1-400c-9085-c55e98079a9f: valid; 1.8 s; peak memory 646 MiB.
2026-10-10T17:02:25Z INFO [125/1000] d395f6e2-3944-44a4-a007-ea68d2da13ce: valid; 4.4 s; peak memory 646 MiB.
2026-10-10T17:02:27Z INFO [126/1000] d396235a-e230-4662-b15e-1c8d5f2d6140: valid; 1.9 s; peak memory 646 MiB.
2026-10-10T17:02:29Z INFO [127/1000] d396396f-0710-4c6d-8ab1-0cd56dde9734: valid; 1.4 s; peak memory 646 MiB.
2026-10-10T17:02:31Z INFO [128/1000] d3969d69-36b9-435f-a10b-714c429ed30b: valid; 1.9 s; peak memory 646 MiB.
2026-10-10T17:02:33Z INFO [129/1000] d396f2e3-0716-4fab-bcd2-ef3340997f98: valid; 2.9 s; peak memory 646 MiB.
2026-10-10T17:02:35Z INFO [130/1000] d3988e6e-bc75-48db-ad9b-a4e1ee5ec8ee: valid; 2.0 s; peak memory 646 MiB.
2026-10-10T17:02:38Z INFO [131/1000] d398ac16-8be4-4419-976f-ebcd71c4a497: not valid; 2.1 s; peak memory 646 MiB.
2026-10-10T17:02:39Z INFO [132/1000] d3990c55-bf0d-45f4-bc8d-9522d2987e08: not valid; 1.7 s; peak memory 646 MiB.
2026-10-10T17:02:39Z WARNING d399639e-ace0-405c-86e7-01f8bebb7f60: failed while retrieving asset information from the DANDI API (NotFoundError: No such Dandiset: 001533)
2026-10-10T17:03:00Z INFO [134/1000] d39979fd-8599-4e08-a125-590777e4cc1f: valid; 20.5 s; peak memory 646 MiB.
2026-10-10T17:03:02Z WARNING d399ea8b-8b1e-403c-8831-bddd1ef4c72b: failed while opening the NWB file (ConstructError: (root/acquisition/_iblmic_audioSpectrogram/bands GroupBuilder {'attributes': {'colnames': array(['freq'], dtype=object), 'description': 'spectogram frequencies', 'namespace': 'core', 'neurodata_type': 'FrequencyBandsTable', 'object_id': '4c5e470a-593e-44dc-9034-27cb613b0702'}, 'groups': {}, 'datasets': {'freq': root/acquisition/_iblmic_audioSpectrogram/bands/freq DatasetBuilder {'attributes': {'description': 'frequency value', 'namespace': 'hdmf-common', 'neurodata_type': 'VectorData', 'object_id': 'bc2d2789-8dd1-4045-ba2c-488b78b79662'}, 'data': <HDF5 dataset "freq": shape (257,), type "<f4">}, 'id': root/acquisition/_iblmic_audioSpectrogram/bands/id DatasetBuilder {'attributes': {'namespace': 'hdmf-common', 'neurodata_type': 'ElementIdentifiers', 'object_id': 'eb06030a-3bee-4dbc-8ea5-b81a40730ee5'}, 'data': <HDF5 dataset "id": shape (257,), type "<i4">}}, 'links': {}}, "Could not construct FrequencyBandsTable object due to: column must have the same number of rows as 'id'"))
2026-10-10T17:03:03Z INFO [136/1000] d39b00b8-58af-4214-9f26-d09f91a7863e: valid; 1.4 s; peak memory 647 MiB.
2026-10-10T17:03:06Z INFO [137/1000] d39b2022-662e-4fbd-834f-c26ad561b70b: valid; 3.0 s; peak memory 647 MiB.
2026-10-10T17:03:08Z INFO [138/1000] d39b6fda-69ea-4ab5-a00d-922a31113b9d: not valid; 1.7 s; peak memory 647 MiB.
2026-10-10T17:03:10Z INFO [139/1000] d39b8241-8001-477d-9961-26893db91138: valid; 2.0 s; peak memory 647 MiB.
2026-10-10T17:03:11Z INFO [140/1000] d39bd4f1-3eb2-4601-a6f1-2dec04772bef: valid; 1.3 s; peak memory 647 MiB.
2026-10-10T17:03:19Z INFO [141/1000] d39c43d3-297f-4600-b1cf-7df3ce811b39: valid; 7.5 s; peak memory 647 MiB.
2026-10-10T17:03:20Z WARNING d39ccbdc-1029-4a44-b0e4-8b4f25ead6eb: failed while opening the NWB file (ValueError: Cannot resolve included group spec 'electrodes' with data_type_inc 'ElectrodesTable' because a group spec with the same name already exists with data_type_inc 'DynamicTable', and data type 'DynamicTable' is not a child type of data type 'ElectrodesTable'.)
2026-10-10T17:03:21Z INFO [143/1000] d39ceb9b-076e-4595-b7fd-88f6f1687c2b: valid; 1.3 s; peak memory 647 MiB.
2026-10-10T17:03:23Z INFO [144/1000] d39d0be9-12e1-45fa-a790-f56a097e7079: valid; 1.7 s; peak memory 647 MiB.
2026-10-10T17:03:25Z WARNING d39d60ac-f594-478c-bd7d-872baafb1844: failed while opening the NWB file (ConstructError: (root/acquisition/_iblmic_audioSpectrogram/bands GroupBuilder {'attributes': {'colnames': array(['freq'], dtype=object), 'description': 'spectogram frequencies', 'namespace': 'core', 'neurodata_type': 'FrequencyBandsTable', 'object_id': '2c05fcb7-4210-4661-bc80-7e71fa8d604e'}, 'groups': {}, 'datasets': {'freq': root/acquisition/_iblmic_audioSpectrogram/bands/freq DatasetBuilder {'attributes': {'description': 'frequency value', 'namespace': 'hdmf-common', 'neurodata_type': 'VectorData', 'object_id': '8e23036d-ad73-4c59-8e83-a16363a34a87'}, 'data': <HDF5 dataset "freq": shape (257,), type "<f4">}, 'id': root/acquisition/_iblmic_audioSpectrogram/bands/id DatasetBuilder {'attributes': {'namespace': 'hdmf-common', 'neurodata_type': 'ElementIdentifiers', 'object_id': '3505f034-acdb-4e83-b5a1-e12471b24b5b'}, 'data': <HDF5 dataset "id": shape (257,), type "<i4">}}, 'links': {}}, "Could not construct FrequencyBandsTable object due to: column must have the same number of rows as 'id'"))
2026-10-10T17:03:27Z INFO [146/1000] d39dac61-2d23-4d7c-8ba3-bc7d7d156e8d: valid; 2.1 s; peak memory 647 MiB.
2026-10-10T17:03:28Z INFO [147/1000] d39dffe8-6f7d-4136-9fb5-8a4e556ff6f6: valid; 1.1 s; peak memory 647 MiB.
2026-10-10T17:03:48Z INFO [148/1000] d39e0711-eeed-42e5-b0c9-fc2fcb4a71b7: valid; 19.6 s; peak memory 647 MiB.
2026-10-10T17:03:50Z INFO [149/1000] d39e81a4-8420-4d62-8ba6-d7cd3a50a33f: valid; 1.9 s; peak memory 647 MiB.
2026-10-10T17:03:52Z INFO [150/1000] d39eac78-d3c9-4e55-b15d-81463f560cfe: valid; 2.5 s; peak memory 647 MiB.
2026-10-10T17:03:54Z INFO [150/1000] d39eac78-d3c9-4e55-b15d-81463f560cfe: checkpointed 203160 new records.
2026-10-10T17:03:57Z INFO [151/1000] d39ecf2c-bdd8-4e35-9677-4209bd0f86cd: valid; 3.0 s; peak memory 647 MiB.
2026-10-10T17:03:58Z INFO [152/1000] d39ee02a-5ada-4fa8-ad25-27b5f4a39b99: valid; 1.2 s; peak memory 647 MiB.
2026-10-10T17:04:00Z INFO [153/1000] d39ef73a-02ed-4bff-b3fd-0de53b0e76c9: valid; 1.9 s; peak memory 647 MiB.
2026-10-10T17:04:01Z INFO [154/1000] d39f3faf-3f75-43f8-97cc-00cf2c6e94c8: not valid; 1.5 s; peak memory 647 MiB.
2026-10-10T17:04:03Z INFO [155/1000] d39f526e-9663-430b-bda4-fd0278fd7aec: valid; 2.0 s; peak memory 647 MiB.
2026-10-10T17:04:05Z INFO [156/1000] d3a00967-ea15-4a30-8c77-1c711b79f1c5: valid; 1.4 s; peak memory 647 MiB.
2026-10-10T17:04:21Z INFO [157/1000] d3a0097b-95e7-4669-bc09-57f232ceae75: valid; 16.5 s; peak memory 647 MiB.
2026-10-10T17:04:23Z WARNING d3a02913-f9fd-4ab7-8d46-c2aa2d249b0f: failed while opening the NWB file (ConstructError: (root/acquisition/_iblmic_audioSpectrogram/bands GroupBuilder {'attributes': {'colnames': array(['freq'], dtype=object), 'description': 'spectogram frequencies', 'namespace': 'core', 'neurodata_type': 'FrequencyBandsTable', 'object_id': '0f9aa4a6-e9dc-4eda-bf6c-a6e709bda035'}, 'groups': {}, 'datasets': {'freq': root/acquisition/_iblmic_audioSpectrogram/bands/freq DatasetBuilder {'attributes': {'description': 'frequency value', 'namespace': 'hdmf-common', 'neurodata_type': 'VectorData', 'object_id': 'c601e242-076f-406b-80c5-630a36f7a734'}, 'data': <HDF5 dataset "freq": shape (257,), type "<f4">}, 'id': root/acquisition/_iblmic_audioSpectrogram/bands/id DatasetBuilder {'attributes': {'namespace': 'hdmf-common', 'neurodata_type': 'ElementIdentifiers', 'object_id': 'ba544f3f-04ab-4b09-84b2-478e969ccae9'}, 'data': <HDF5 dataset "id": shape (257,), type "<i4">}}, 'links': {}}, "Could not construct FrequencyBandsTable object due to: column must have the same number of rows as 'id'"))
2026-10-10T17:04:23Z WARNING d3a02f6c-15a1-4493-b6c4-e786d4a425e8: failed while retrieving asset information from the DANDI API (NotFoundError: No such Dandiset: 000477)
2026-10-10T17:04:23Z WARNING d3a03228-ec9e-4d6b-8884-0743a4bdb63f: failed while retrieving asset information from the DANDI API (NotFoundError: No such Dandiset: 000720)
2026-10-10T17:04:25Z INFO [161/1000] d3a03469-e82a-42b1-a755-6198ae73f5ee: not valid; 1.7 s; peak memory 647 MiB.
2026-10-10T17:04:29Z INFO [162/1000] d3a03926-c473-4cc9-8e00-69ff463af137: not valid; 4.3 s; peak memory 647 MiB.
2026-10-10T17:04:32Z INFO [163/1000] d3a05e94-3b30-49d7-86f2-e4d748f01041: valid; 2.5 s; peak memory 647 MiB.
2026-10-10T17:06:29Z INFO [164/1000] d3a0a1b4-487e-4cf5-b2cd-111eb83996c4: valid; 117.1 s; peak memory 647 MiB.
2026-10-10T17:06:29Z WARNING d3a0f1ed-bc7a-434d-8adf-3fdb88a770fe: failed while retrieving asset information from the DANDI API (NotFoundError: No asset at path 'sub-LG609/sub-LG609_ses-20250909_obj-sjbe93_ophys.nwb' in version 0.260915.2135. Verify the path is correct and the asset exists in this version. Use 'dandi ls' to list available assets.)
2026-10-10T17:06:31Z INFO [166/1000] d3a18f97-5390-439d-9635-40513b61a031: not valid; 1.4 s; peak memory 647 MiB.
2026-10-10T17:06:32Z INFO [167/1000] d3a2f8ef-4f7b-4d55-b79b-40c2baccf652: valid; 1.3 s; peak memory 647 MiB.
2026-10-10T17:06:34Z INFO [168/1000] d3a313e7-ee90-47fb-b328-b9692fb672a1: valid; 1.9 s; peak memory 647 MiB.
2026-10-10T17:06:35Z INFO [169/1000] d3a3633d-a3bf-4168-8316-fcd8de4f7499: valid; 1.3 s; peak memory 647 MiB.
2026-10-10T17:06:37Z INFO [170/1000] d3a3a712-ae23-46a0-bb1b-07c0e49a8a2a: not valid; 1.4 s; peak memory 647 MiB.
2026-10-10T17:06:39Z INFO [171/1000] d3a3de41-cb36-41c7-ab61-5cef367ee44d: valid; 2.3 s; peak memory 647 MiB.
2026-10-10T17:06:42Z INFO [172/1000] d3a44175-e46c-4e8f-b928-34f3776acdbb: not valid; 2.8 s; peak memory 647 MiB.
2026-10-10T17:06:44Z INFO [173/1000] d3a44838-4a2c-4291-beef-18f0ffd27fde: valid; 2.0 s; peak memory 647 MiB.
2026-10-10T17:06:46Z INFO [174/1000] d3a48213-beaf-4f56-852e-89637b951e14: valid; 2.1 s; peak memory 647 MiB.
2026-10-10T17:06:47Z INFO [175/1000] d3a48ac3-3afc-4c55-8b4e-1e7db0ac2390: valid; 1.4 s; peak memory 647 MiB.
2026-10-10T17:06:56Z INFO [176/1000] d3a60aa4-04ea-4ec4-a775-eb3eb0368fab: valid; 9.0 s; peak memory 647 MiB.
2026-10-10T17:06:58Z INFO [177/1000] d3a62749-d2e1-4f83-b6db-b79eafe606a3: valid; 2.2 s; peak memory 647 MiB.
2026-10-10T17:07:00Z INFO [178/1000] d3a62a07-9c8b-4d8a-a821-66c7da0d05de: not valid; 1.5 s; peak memory 647 MiB.
2026-10-10T17:07:02Z INFO [179/1000] d3a6c6b5-546a-452f-b4ef-926764f4d6a9: valid; 1.5 s; peak memory 647 MiB.
2026-10-10T17:07:18Z INFO [180/1000] d3a709e5-5604-45bb-a710-391f2ae97c23: valid; 16.9 s; peak memory 647 MiB.
2026-10-10T17:07:20Z INFO [181/1000] d3a74f9b-cf92-414e-bfea-dd2bddfa6999: not valid; 1.3 s; peak memory 647 MiB.
2026-10-10T17:07:21Z INFO [182/1000] d3a7fde0-d8ab-4860-916d-04a024c4706a: not valid; 1.7 s; peak memory 647 MiB.
2026-10-10T17:07:23Z INFO [183/1000] d3a866b8-f78c-44b4-bf5f-4e142a6f9dfd: valid; 1.3 s; peak memory 647 MiB.
2026-10-10T17:07:25Z INFO [184/1000] d3a8bcb5-4661-454b-8426-a591b754ce1e: valid; 1.9 s; peak memory 647 MiB.
2026-10-10T17:07:27Z INFO [185/1000] d3a9a97a-5df3-4c62-91c3-e22b5047290c: valid; 2.4 s; peak memory 647 MiB.
2026-10-10T17:07:30Z INFO [186/1000] d3a9bd6c-53bb-4cbb-a736-8afe298faf68: valid; 2.8 s; peak memory 647 MiB.
2026-10-10T17:07:46Z INFO [187/1000] d3aa2719-ab09-4193-a32a-732ac9fa5c91: valid; 16.2 s; peak memory 647 MiB.
2026-10-10T17:07:47Z INFO [188/1000] d3aa28e4-2c14-4fd0-b69b-bf970799247f: valid; 1.4 s; peak memory 647 MiB.
2026-10-10T17:07:49Z INFO [189/1000] d3aa6ff4-6f46-4e95-b1d8-869f11f8d6ed: valid; 1.9 s; peak memory 647 MiB.
2026-10-10T17:07:51Z INFO [190/1000] d3aab1be-6cbe-486b-8ee7-283aa73fdd6b: valid; 1.3 s; peak memory 647 MiB.
2026-10-10T17:07:52Z INFO [191/1000] d3aae72d-1dad-4cd2-ada9-ed439cfa7bec: valid; 1.2 s; peak memory 647 MiB.
2026-10-10T17:07:57Z INFO [192/1000] d3ab243f-a7f6-469d-aceb-230dc590a10e: valid; 5.0 s; peak memory 647 MiB.
2026-10-10T17:07:59Z INFO [193/1000] d3ab416b-8332-4d75-a5f8-a364f70c1156: valid; 1.9 s; peak memory 647 MiB.
2026-10-10T17:08:02Z INFO [194/1000] d3abb4b6-16c8-4182-83b4-a8d2ecc16705: not valid; 3.2 s; peak memory 647 MiB.
2026-10-10T17:08:04Z INFO [195/1000] d3abd619-0903-458b-a30e-0b788c14dd9d: valid; 2.0 s; peak memory 647 MiB.
2026-10-10T17:08:05Z INFO [196/1000] d3ac42f7-66e0-4f3e-b5f7-651291df11f3: valid; 1.3 s; peak memory 647 MiB.
2026-10-10T17:08:07Z INFO [197/1000] d3ac4d0f-15ef-46ac-bf17-8fb8078f1eee: valid; 2.1 s; peak memory 647 MiB.
2026-10-10T17:08:09Z INFO [198/1000] d3ac5358-d46c-4d4e-8949-3baa80905a57: not valid; 1.2 s; peak memory 647 MiB.
2026-10-10T17:08:10Z WARNING d3ae1043-71b1-456f-a4b0-ebc8a142e5df: failed while opening the NWB file (ValueError: Cannot resolve included group spec 'electrodes' with data_type_inc 'ElectrodesTable' because a group spec with the same name already exists with data_type_inc 'DynamicTable', and data type 'DynamicTable' is not a child type of data type 'ElectrodesTable'.)
2026-10-10T17:08:11Z INFO [200/1000] d3af076a-03e8-432e-896b-478fb1b56880: valid; 1.2 s; peak memory 647 MiB.
2026-10-10T17:08:13Z INFO [200/1000] d3af076a-03e8-432e-896b-478fb1b56880: checkpointed 203210 new records.
2026-10-10T17:08:14Z INFO [201/1000] d3af4191-8dec-43b8-9074-305cdf4a3c46: valid; 1.4 s; peak memory 647 MiB.
2026-10-10T17:08:16Z INFO [202/1000] d3afaad1-268b-4e5d-89fa-b8803404e709: not valid; 1.6 s; peak memory 647 MiB.
2026-10-10T17:08:18Z INFO [203/1000] d3b0874a-2468-4e60-82b4-13ce3754e99d: valid; 2.0 s; peak memory 647 MiB.
2026-10-10T17:08:19Z INFO [204/1000] d3b11ab8-74d6-4daf-916b-7102a191b282: not valid; 1.3 s; peak memory 647 MiB.
2026-10-10T17:08:20Z INFO [205/1000] d3b1724d-14b9-4c18-9003-9c7f8c8f9623: valid; 1.2 s; peak memory 647 MiB.
2026-10-10T17:08:25Z INFO [206/1000] d3b18667-9791-407d-88ff-8394aef613bb: valid; 5.3 s; peak memory 647 MiB.
2026-10-10T17:08:28Z INFO [207/1000] d3b1b031-fffa-4b8a-bd35-3b939842b91e: valid; 2.3 s; peak memory 647 MiB.
2026-10-10T17:08:30Z INFO [208/1000] d3b1e295-ea9e-45c7-a7b4-d31e5e2470f3: valid; 1.9 s; peak memory 647 MiB.
2026-10-10T17:08:44Z INFO [209/1000] d3b1f986-aa41-4a6b-a549-011c3951231e: valid; 14.0 s; peak memory 647 MiB.
2026-10-10T17:08:45Z INFO [210/1000] d3b2772d-c8b7-4136-a6e2-3c931c48f507: valid; 1.4 s; peak memory 647 MiB.
2026-10-10T17:08:47Z INFO [211/1000] d3b2b118-e4b9-4abb-a7d0-e8e91c94320a: not valid; 1.6 s; peak memory 647 MiB.
2026-10-10T17:08:51Z INFO [212/1000] d3b31e89-b2e7-4073-a15e-62afa112ceea: valid; 4.7 s; peak memory 647 MiB.
2026-10-10T17:08:53Z INFO [213/1000] d3b33d6a-21b6-4830-9ea0-69ed926f9817: valid; 1.3 s; peak memory 647 MiB.
2026-10-10T17:08:56Z INFO [214/1000] d3b42bba-d3c9-467a-95ff-a47a251d860a: valid; 3.0 s; peak memory 647 MiB.
2026-10-10T17:08:57Z INFO [215/1000] d3b43142-eda1-457f-8e45-145c8d6a5a4f: valid; 1.3 s; peak memory 647 MiB.
2026-10-10T17:08:59Z INFO [216/1000] d3b4ae77-5351-4040-8316-db8c24b72858: valid; 2.5 s; peak memory 647 MiB.
2026-10-10T17:09:01Z INFO [217/1000] d3b55938-f7b4-450e-b878-dde1c53224bd: valid; 1.1 s; peak memory 647 MiB.
2026-10-10T17:09:02Z INFO [218/1000] d3b5b421-cc13-434b-a30d-a5110af954a4: not valid; 1.4 s; peak memory 647 MiB.
2026-10-10T17:09:04Z INFO [219/1000] d3b5e569-781f-4137-86ed-9d784a8a3462: not valid; 1.8 s; peak memory 647 MiB.
2026-10-10T17:09:23Z INFO [220/1000] d3b5f9dd-8ff9-492d-96e8-70171b840c16: valid; 18.9 s; peak memory 647 MiB.
2026-10-10T17:09:24Z INFO [221/1000] d3b60b69-95e9-40d0-854b-57daa89f9d93: valid; 1.5 s; peak memory 647 MiB.
2026-10-10T17:09:26Z INFO [222/1000] d3b64225-cdfe-4167-80ad-4e53870a4f4e: valid; 1.3 s; peak memory 647 MiB.
2026-10-10T17:09:27Z INFO [223/1000] d3b69792-ecdf-4aa7-86db-7bc5985df1dc: valid; 1.3 s; peak memory 647 MiB.
2026-10-10T17:09:36Z INFO [224/1000] d3b6aea8-4138-46b4-94b8-3f288349562e: valid; 8.8 s; peak memory 647 MiB.
2026-10-10T17:09:38Z INFO [225/1000] d3b725d6-2c01-4481-b094-8a4f76709879: valid; 2.6 s; peak memory 647 MiB.
2026-10-10T17:09:39Z INFO [226/1000] d3b75b19-bba1-4fe6-8144-95d699344447: valid; 1.0 s; peak memory 647 MiB.
2026-10-10T17:09:41Z INFO [227/1000] d3b8a7de-bcb0-466f-929a-2ceccb7cc5cf: valid; 1.8 s; peak memory 647 MiB.
2026-10-10T17:09:45Z INFO [228/1000] d3b8b643-55ae-48ea-933f-cd00514a9c90: not valid; 3.8 s; peak memory 647 MiB.
2026-10-10T17:09:57Z INFO [229/1000] d3b8e9ac-0f2f-48d5-a81f-af7e2d6c3a15: valid; 11.8 s; peak memory 647 MiB.
2026-10-10T17:09:59Z INFO [230/1000] d3b92675-b902-4fdf-851d-dfc93467ad6f: valid; 2.4 s; peak memory 647 MiB.
2026-10-10T17:10:02Z INFO [231/1000] d3b957db-2236-4687-983f-2b0b8c647af1: valid; 2.8 s; peak memory 647 MiB.
2026-10-10T17:10:03Z INFO [232/1000] d3b98315-5105-4637-bce4-069edb7df366: valid; 1.3 s; peak memory 647 MiB.
2026-10-10T17:10:04Z INFO [233/1000] d3b9b644-835b-4934-bf77-c97d96003997: valid; 1.4 s; peak memory 647 MiB.
2026-10-10T17:10:06Z INFO [234/1000] d3ba083c-8860-494d-8526-446f1ecc0343: valid; 1.9 s; peak memory 647 MiB.
2026-10-10T17:10:11Z INFO [235/1000] d3bac00b-cf49-4a53-921f-e7c60808b0e4: valid; 5.0 s; peak memory 647 MiB.
2026-10-10T17:10:14Z INFO [236/1000] d3bb52a9-bac6-4f7d-8a33-5e2191ca7c7e: valid; 2.4 s; peak memory 647 MiB.
2026-10-10T17:10:16Z INFO [237/1000] d3bb7132-afe1-4cea-80c7-972221591205: valid; 2.1 s; peak memory 647 MiB.
2026-10-10T17:10:17Z INFO [238/1000] d3bba162-3d65-4624-971a-e78e7a1b3854: valid; 1.2 s; peak memory 647 MiB.
2026-10-10T17:10:19Z INFO [239/1000] d3bd0495-455d-44a6-b431-f22637fc32d6: valid; 2.2 s; peak memory 647 MiB.
2026-10-10T17:10:24Z INFO [240/1000] d3bd0708-6755-4063-a39a-7174a037175e: valid; 4.1 s; peak memory 647 MiB.
2026-10-10T17:10:26Z INFO [241/1000] d3bd9a50-5caf-43c6-87a5-678bd2b8777f: valid; 2.2 s; peak memory 647 MiB.
2026-10-10T17:10:27Z INFO [242/1000] d3bea6dc-1716-4448-bc5a-462eb492f951: valid; 1.2 s; peak memory 647 MiB.
2026-10-10T17:10:28Z INFO [243/1000] d3beb5a6-d1eb-4b86-98fa-3b293b333307: valid; 1.1 s; peak memory 647 MiB.
2026-10-10T17:10:30Z WARNING d3c00240-e9a7-443a-8db7-9b7eb3d259eb: failed while opening the NWB file (ConstructError: (root/acquisition/event_code_meanings GroupBuilder {'attributes': {'colnames': array(['value', 'meaning'], dtype=object), 'description': 'Mapping integer event codes to event labels', 'namespace': 'ndx-events', 'neurodata_type': 'MeaningsTable', 'object_id': 'dad89062-b657-4cc1-9a68-aee7ac3b241f'}, 'groups': {}, 'datasets': {'id': root/acquisition/event_code_meanings/id DatasetBuilder {'attributes': {'namespace': 'hdmf-common', 'neurodata_type': 'ElementIdentifiers', 'object_id': '7afc270b-a203-440e-afbd-01fb42c2bf7e'}, 'data': <HDF5 dataset "id": shape (26,), type "<i8">}, 'meaning': root/acquisition/event_code_meanings/meaning DatasetBuilder {'attributes': {'description': 'The meaning of the value in the parent CategoricalVectorData object.', 'namespace': 'hdmf-experimental', 'neurodata_type': 'VectorData', 'object_id': '07ce62cf-d32e-43c2-8986-237ab84ba4a5'}, 'data': <StrDataset for HDF5 dataset "meaning": shape (26,), type "|O">}, 'value': root/acquisition/event_code_meanings/value DatasetBuilder {'attributes': {'description': 'The value of the parent CategoricalVectorData object.', 'namespace': 'hdmf-experimental', 'neurodata_type': 'VectorData', 'object_id': 'bf0a7dd0-11f5-470a-a34c-2273e2b1b8fd'}, 'data': <HDF5 dataset "value": shape (26,), type "<i8">}}, 'links': {}}, "Could not construct MeaningsTable object due to: MeaningsTable.__init__: missing argument 'target'"))
2026-10-10T17:10:48Z INFO [245/1000] d3c08a6f-8586-4ac3-86b0-a0c26200f503: valid; 18.6 s; peak memory 648 MiB.
2026-10-10T17:10:50Z INFO [246/1000] d3c0ebde-45f3-490f-8693-8d6baace974c: valid; 1.4 s; peak memory 648 MiB.
2026-10-10T17:10:52Z INFO [247/1000] d3c163be-19b2-4292-a225-f15ac24010bb: valid; 2.1 s; peak memory 648 MiB.
2026-10-10T17:11:01Z INFO [248/1000] d3c1f401-3e03-4028-acee-60be93c4d51c: valid; 9.1 s; peak memory 648 MiB.
2026-10-10T17:11:03Z INFO [249/1000] d3c1fd89-a6f5-40ac-94e0-485489239939: valid; 2.0 s; peak memory 648 MiB.
2026-10-10T17:11:08Z INFO [250/1000] d3c2106e-56cf-46ae-9d3e-5b3667648c92: valid; 5.6 s; peak memory 648 MiB.
2026-10-10T17:11:10Z INFO [250/1000] d3c2106e-56cf-46ae-9d3e-5b3667648c92: checkpointed 203260 new records.
2026-10-10T17:11:12Z INFO [251/1000] d3c24ddf-a066-4219-8ef4-59eec2119ead: valid; 2.5 s; peak memory 648 MiB.
2026-10-10T17:11:14Z WARNING d3c259d3-af73-4876-893d-ec97b7c566a6: failed while opening the NWB file (ConstructError: (root/acquisition/_iblmic_audioSpectrogram/bands GroupBuilder {'attributes': {'colnames': array(['freq'], dtype=object), 'description': 'spectogram frequencies', 'namespace': 'core', 'neurodata_type': 'FrequencyBandsTable', 'object_id': '77df165b-aa1e-4091-9d90-ff5e5c9d7dc8'}, 'groups': {}, 'datasets': {'freq': root/acquisition/_iblmic_audioSpectrogram/bands/freq DatasetBuilder {'attributes': {'description': 'frequency value', 'namespace': 'hdmf-common', 'neurodata_type': 'VectorData', 'object_id': 'c77907d1-c61c-4ffb-9376-5bb1a3953acf'}, 'data': <HDF5 dataset "freq": shape (257,), type "<f4">}, 'id': root/acquisition/_iblmic_audioSpectrogram/bands/id DatasetBuilder {'attributes': {'namespace': 'hdmf-common', 'neurodata_type': 'ElementIdentifiers', 'object_id': '3b68e954-4b47-428e-aab2-740a817368de'}, 'data': <HDF5 dataset "id": shape (257,), type "<i4">}}, 'links': {}}, "Could not construct FrequencyBandsTable object due to: column must have the same number of rows as 'id'"))
2026-10-10T17:11:16Z INFO [253/1000] d3c25de1-13f2-44f6-9f61-7ea692192f7d: valid; 1.3 s; peak memory 648 MiB.
2026-10-10T17:11:32Z INFO [254/1000] d3c28663-3cd1-409b-af3e-60206fae377b: valid; 16.5 s; peak memory 648 MiB.
2026-10-10T17:11:34Z INFO [255/1000] d3c2aa35-f8e1-4659-93bf-45189f01f851: not valid; 1.8 s; peak memory 648 MiB.
2026-10-10T17:11:35Z INFO [256/1000] d3c3546b-bd86-4754-b2c0-ae2ee7f83c38: valid; 1.3 s; peak memory 648 MiB.
2026-10-10T17:11:36Z INFO [257/1000] d3c3ea10-fda9-4a1d-a407-141fc5719e1e: valid; 1.3 s; peak memory 648 MiB.
2026-10-10T17:11:40Z INFO [258/1000] d3c5d5f9-1e2e-498d-8572-a28e38de90aa: valid; 3.3 s; peak memory 648 MiB.
2026-10-10T17:11:42Z INFO [259/1000] d3c5dd00-2b80-4bef-ac64-cb24cba1d17b: valid; 2.1 s; peak memory 648 MiB.
2026-10-10T17:11:43Z INFO [260/1000] d3c5e49b-b5d7-4610-ac9a-a29555dc744d: valid; 1.4 s; peak memory 648 MiB.
2026-10-10T17:11:44Z INFO [261/1000] d3c5e4dd-9132-4f95-a7f5-22549a2a10e0: valid; 1.3 s; peak memory 648 MiB.
2026-10-10T17:11:46Z INFO [262/1000] d3c6a250-609c-4fe2-bdb3-33b414e98995: valid; 1.3 s; peak memory 648 MiB.
2026-10-10T17:11:46Z WARNING d3c7fdb7-c7fb-400b-b89a-f4a7726bd7ce: failed while retrieving asset information from the DANDI API (NotFoundError: No such Dandiset: 000948)
2026-10-10T17:11:48Z WARNING d3c8a41b-f55a-4f60-a036-55f0e33bd592: failed while opening the NWB file (ConstructError: (root/acquisition/event_code_meanings GroupBuilder {'attributes': {'colnames': array(['value', 'meaning'], dtype=object), 'description': 'Mapping integer event codes to event labels', 'namespace': 'ndx-events', 'neurodata_type': 'MeaningsTable', 'object_id': 'e5a0fcbe-8011-4881-99e5-b10e2710ab51'}, 'groups': {}, 'datasets': {'id': root/acquisition/event_code_meanings/id DatasetBuilder {'attributes': {'namespace': 'hdmf-common', 'neurodata_type': 'ElementIdentifiers', 'object_id': '8b7c2ac7-cee2-421d-922e-3d70e03340fa'}, 'data': <HDF5 dataset "id": shape (26,), type "<i8">}, 'meaning': root/acquisition/event_code_meanings/meaning DatasetBuilder {'attributes': {'description': 'The meaning of the value in the parent CategoricalVectorData object.', 'namespace': 'hdmf-experimental', 'neurodata_type': 'VectorData', 'object_id': 'f74f2d02-9ae9-431f-8c74-b3be3b35130f'}, 'data': <StrDataset for HDF5 dataset "meaning": shape (26,), type "|O">}, 'value': root/acquisition/event_code_meanings/value DatasetBuilder {'attributes': {'description': 'The value of the parent CategoricalVectorData object.', 'namespace': 'hdmf-experimental', 'neurodata_type': 'VectorData', 'object_id': 'f453e5cc-3ee5-429b-afe1-da087c9b097d'}, 'data': <HDF5 dataset "value": shape (26,), type "<i8">}}, 'links': {}}, "Could not construct MeaningsTable object due to: MeaningsTable.__init__: missing argument 'target'"))
2026-10-10T17:11:50Z INFO [265/1000] d3c8d207-37b2-4066-bf12-e936c01d8be1: valid; 2.5 s; peak memory 648 MiB.
2026-10-10T17:12:04Z INFO [266/1000] d3c9aed4-b519-46ab-833a-f26a0bd39b46: valid; 13.3 s; peak memory 648 MiB.
2026-10-10T17:12:05Z WARNING d3cbe78e-42d4-4286-b6c0-1999e50394f5: failed while opening the NWB file (ConstructError: (root/acquisition/_iblmic_audioSpectrogram/bands GroupBuilder {'attributes': {'colnames': array(['freq'], dtype=object), 'description': 'spectogram frequencies', 'namespace': 'core', 'neurodata_type': 'FrequencyBandsTable', 'object_id': '88f47133-8cbe-486a-a5ae-386ec343b670'}, 'groups': {}, 'datasets': {'freq': root/acquisition/_iblmic_audioSpectrogram/bands/freq DatasetBuilder {'attributes': {'description': 'frequency value', 'namespace': 'hdmf-common', 'neurodata_type': 'VectorData', 'object_id': '45c34191-5688-4beb-b9b2-0d246e414b30'}, 'data': <HDF5 dataset "freq": shape (257,), type "<f4">}, 'id': root/acquisition/_iblmic_audioSpectrogram/bands/id DatasetBuilder {'attributes': {'namespace': 'hdmf-common', 'neurodata_type': 'ElementIdentifiers', 'object_id': 'c0ed5aa4-f3a4-42d6-8d5e-08bcddb57c57'}, 'data': <HDF5 dataset "id": shape (257,), type "<i4">}}, 'links': {}}, "Could not construct FrequencyBandsTable object due to: column must have the same number of rows as 'id'"))
2026-10-10T17:12:07Z INFO [268/1000] d3cc24f1-8247-4e2c-846d-97aea5e4b7f8: not valid; 1.5 s; peak memory 648 MiB.
2026-10-10T17:12:10Z INFO [269/1000] d3cc57e7-09e5-42de-a6f8-6de61d7de024: valid; 3.1 s; peak memory 648 MiB.
2026-10-10T17:12:11Z INFO [270/1000] d3cd0a61-3171-4c44-b629-2160664f0724: not valid; 1.3 s; peak memory 648 MiB.
2026-10-10T17:12:13Z INFO [271/1000] d3cd441e-35a0-4ac9-9fee-e66122433c11: not valid; 1.6 s; peak memory 648 MiB.
2026-10-10T17:12:14Z INFO [272/1000] d3cd4a65-d24d-4e79-b077-b3515f972a83: valid; 1.4 s; peak memory 648 MiB.
2026-10-10T17:12:17Z INFO [273/1000] d3cdd62e-f4a3-423a-95ee-750a5bc6d95d: valid; 2.7 s; peak memory 648 MiB.
2026-10-10T17:12:18Z INFO [274/1000] d3cde36b-3a4b-4334-9713-64cb8de97406: not valid; 1.1 s; peak memory 648 MiB.
2026-10-10T17:12:19Z INFO [275/1000] d3cdf230-2911-46b2-8fbd-cf8806cf6d28: valid; 1.3 s; peak memory 648 MiB.
2026-10-10T17:13:04Z INFO [276/1000] d3ce5467-3a0f-43d2-bcfe-8a5c63f39f49: valid; 44.4 s; peak memory 648 MiB.
2026-10-10T17:13:14Z INFO [277/1000] d3ce5541-a3cc-4186-b7f7-8ce64008cd1d: valid; 9.8 s; peak memory 648 MiB.
2026-10-10T17:13:16Z INFO [278/1000] d3ce5779-1d4f-4113-93d9-55b93ac5323f: valid; 2.2 s; peak memory 648 MiB.
2026-10-10T17:13:17Z INFO [279/1000] d3cf4a84-8639-402e-b6ff-9abcd7ee7874: valid; 1.3 s; peak memory 648 MiB.
2026-10-10T17:13:18Z INFO [280/1000] d3cf4e91-5e20-4b82-963d-f3e2cad4ac4c: valid; 1.4 s; peak memory 648 MiB.
2026-10-10T17:13:23Z INFO [281/1000] d3cfa2e8-2450-46b2-b7d8-c7dfa38a4515: valid; 4.1 s; peak memory 648 MiB.
2026-10-10T17:13:26Z INFO [282/1000] d3cfe3ef-02f8-4eba-9b26-6e65eb5b54e9: not valid; 3.4 s; peak memory 648 MiB.
2026-10-10T17:13:41Z INFO [283/1000] d3d03c34-ef90-406d-a80a-4c384e6e3a58: valid; 14.6 s; peak memory 648 MiB.
2026-10-10T17:13:43Z INFO [284/1000] d3d0d5ca-7a0a-460c-ae6c-8cd83ca91fff: not valid; 2.1 s; peak memory 648 MiB.
2026-10-10T17:13:44Z INFO [285/1000] d3d104de-fe78-455f-b344-62965c302bcf: valid; 1.2 s; peak memory 648 MiB.
2026-10-10T17:13:45Z INFO [286/1000] d3d15d7d-6dea-4b8a-b184-41500e89dffc: valid; 1.3 s; peak memory 648 MiB.
2026-10-10T17:13:46Z INFO [287/1000] d3d1c725-c996-47d0-ab58-06aa7cc3e52f: valid; 1.3 s; peak memory 648 MiB.
2026-10-10T17:13:57Z INFO [288/1000] d3d1d113-8c11-4baa-85c2-ad707b6b99f3: valid; 10.9 s; peak memory 648 MiB.
2026-10-10T17:13:59Z INFO [289/1000] d3d1e0b5-c2a5-4686-be96-53dd8bc2a843: valid; 1.8 s; peak memory 648 MiB.
2026-10-10T17:14:03Z INFO [290/1000] d3d29fb1-bb2c-4df7-a124-fbe37e2d12dc: valid; 4.1 s; peak memory 648 MiB.
2026-10-10T17:14:10Z INFO [291/1000] d3d2b0ff-2d01-498d-84b1-f2f7f890c421: valid; 6.8 s; peak memory 648 MiB.
2026-10-10T17:14:11Z INFO [292/1000] d3d2f683-c634-48cd-8a5c-498467b59b2a: valid; 1.3 s; peak memory 648 MiB.
2026-10-10T17:14:14Z INFO [293/1000] d3d338c1-aa07-402d-b05a-845cdf6c4de6: valid; 2.9 s; peak memory 648 MiB.
2026-10-10T17:14:21Z INFO [294/1000] d3d37e23-46cf-4d37-98d3-3f3751a4cf5e: not valid; 6.3 s; peak memory 648 MiB.
2026-10-10T17:14:22Z WARNING d3d3f417-d02a-4a2a-8fea-de9aa6088f9b: failed while opening the NWB file (ConstructError: (root/acquisition/event_code_meanings GroupBuilder {'attributes': {'colnames': array(['value', 'meaning'], dtype=object), 'description': 'Mapping integer event codes to event labels', 'namespace': 'ndx-events', 'neurodata_type': 'MeaningsTable', 'object_id': '39f448a6-ff75-4e75-860e-f137cada9bf1'}, 'groups': {}, 'datasets': {'id': root/acquisition/event_code_meanings/id DatasetBuilder {'attributes': {'namespace': 'hdmf-common', 'neurodata_type': 'ElementIdentifiers', 'object_id': '765f0c57-910b-4c5f-97fc-fba7dd8d0f5e'}, 'data': <HDF5 dataset "id": shape (26,), type "<i8">}, 'meaning': root/acquisition/event_code_meanings/meaning DatasetBuilder {'attributes': {'description': 'The meaning of the value in the parent CategoricalVectorData object.', 'namespace': 'hdmf-experimental', 'neurodata_type': 'VectorData', 'object_id': '20227dae-3583-42f8-8254-71e064a61ca2'}, 'data': <StrDataset for HDF5 dataset "meaning": shape (26,), type "|O">}, 'value': root/acquisition/event_code_meanings/value DatasetBuilder {'attributes': {'description': 'The value of the parent CategoricalVectorData object.', 'namespace': 'hdmf-experimental', 'neurodata_type': 'VectorData', 'object_id': '441fbb55-c1cc-4ee6-9caf-366859e37a70'}, 'data': <HDF5 dataset "value": shape (26,), type "<i8">}}, 'links': {}}, "Could not construct MeaningsTable object due to: MeaningsTable.__init__: missing argument 'target'"))
2026-10-10T17:14:26Z INFO [296/1000] d3d480fc-077e-4797-8e65-0a355d65ebd5: valid; 3.4 s; peak memory 648 MiB.
2026-10-10T17:14:27Z INFO [297/1000] d3d4d4cd-f432-40d2-8d6e-cb87feab8783: not valid; 1.5 s; peak memory 648 MiB.
2026-10-10T17:14:29Z INFO [298/1000] d3d6d5e9-49ed-4542-bc08-1f67dbf3e466: not valid; 1.7 s; peak memory 648 MiB.
2026-10-10T17:14:30Z INFO [299/1000] d3d73763-bf8e-4606-899d-48f6e56fc8e2: valid; 1.2 s; peak memory 648 MiB.
2026-10-10T17:14:30Z WARNING d3d747d6-d0fe-4b88-9123-98d508d89820: failed while retrieving asset information from the DANDI API (NotFoundError: No such Dandiset: 000948)
2026-10-10T17:14:32Z INFO [300/1000] d3d747d6-d0fe-4b88-9123-98d508d89820: checkpointed 203310 new records.
2026-10-10T17:14:33Z INFO [301/1000] d3d757c7-3ed1-4e0b-ad31-962b79c55406: valid; 1.0 s; peak memory 648 MiB.
2026-10-10T17:14:34Z INFO [302/1000] d3d807ed-c4db-4e93-8806-1624d80b4031: valid; 1.0 s; peak memory 648 MiB.
2026-10-10T17:14:35Z INFO [303/1000] d3d8947e-1ca2-46d8-b315-df8c3f0fe68f: valid; 1.5 s; peak memory 648 MiB.
2026-10-10T17:14:36Z INFO [304/1000] d3d8a5ec-a04b-4dec-bd60-3a1662edef12: valid; 1.4 s; peak memory 648 MiB.
2026-10-10T17:14:38Z INFO [305/1000] d3da0f53-86c6-4e6b-b84d-794c4afd20eb: valid; 1.2 s; peak memory 648 MiB.
2026-10-10T17:14:39Z INFO [306/1000] d3dac17b-7a7d-43df-9308-632c651bb723: valid; 1.4 s; peak memory 648 MiB.
2026-10-10T17:14:40Z INFO [307/1000] d3dafe14-135f-401e-9aaf-2e4563fe7fb9: valid; 1.2 s; peak memory 648 MiB.
2026-10-10T17:14:42Z INFO [308/1000] d3db3bf6-3271-46ab-9b5e-1c8d17126d99: valid; 1.9 s; peak memory 648 MiB.
2026-10-10T17:14:44Z INFO [309/1000] d3db4e2e-5fbb-43e1-bdbb-5f7ef9edebab: valid; 1.9 s; peak memory 648 MiB.
2026-10-10T17:14:45Z INFO [310/1000] d3db8093-932e-44a3-8874-40baed005852: valid; 1.1 s; peak memory 648 MiB.
2026-10-10T17:14:47Z INFO [311/1000] d3dbe7ef-6d67-48cb-a70b-569db8d3c83c: not valid; 2.1 s; peak memory 648 MiB.
2026-10-10T17:14:49Z INFO [312/1000] d3dbf3d9-23b2-4038-8750-5dd074abb931: valid; 1.7 s; peak memory 648 MiB.
2026-10-10T17:14:51Z INFO [313/1000] d3dc4026-80db-45fa-b2f5-fb23ea5a81e9: valid; 2.3 s; peak memory 648 MiB.
2026-10-10T17:14:54Z INFO [314/1000] d3dce6eb-bea2-4aaa-ac02-95446f2e6a4b: valid; 2.7 s; peak memory 648 MiB.
2026-10-10T17:14:56Z INFO [315/1000] d3de9deb-ee80-40f5-b567-e961088f6344: valid; 2.0 s; peak memory 648 MiB.
2026-10-10T17:15:01Z INFO [316/1000] d3df2413-0281-408e-943c-a1f0e09b969f: valid; 5.4 s; peak memory 648 MiB.
2026-10-10T17:15:03Z INFO [317/1000] d3df6cb1-4f8a-4938-bc30-77abba65f673: valid; 1.3 s; peak memory 648 MiB.
2026-10-10T17:15:04Z INFO [318/1000] d3dfd372-2e79-4032-b0bc-68f4b6795b45: valid; 1.2 s; peak memory 648 MiB.
2026-10-10T17:15:07Z INFO [319/1000] d3e0e459-50fa-4cc6-b491-7a09e2766ca3: valid; 2.7 s; peak memory 648 MiB.
2026-10-10T17:15:08Z INFO [320/1000] d3e0f34d-df4d-48ba-8558-5ec103307ca4: valid; 1.2 s; peak memory 648 MiB.
2026-10-10T17:15:10Z INFO [321/1000] d3e14e5c-33f2-4eb9-b495-bcfee07a07ba: not valid; 2.1 s; peak memory 648 MiB.
2026-10-10T17:15:19Z INFO [322/1000] d3e17704-20f0-4472-a3d1-141161c3f746: not valid; 9.2 s; peak memory 648 MiB.
2026-10-10T17:15:22Z INFO [323/1000] d3e17c8a-14c7-4c0d-ba9c-1a4c20db97f0: valid; 2.7 s; peak memory 648 MiB.
2026-10-10T17:15:54Z INFO [324/1000] d3e1ab6e-13c1-400e-affe-7c48a9a7e3c1: not valid; 32.4 s; peak memory 648 MiB.
2026-10-10T17:15:57Z INFO [325/1000] d3e1e77a-2387-4b19-ac01-c51491c114b8: valid; 2.4 s; peak memory 648 MiB.
2026-10-10T17:15:59Z INFO [326/1000] d3e213ef-fcb2-46a8-98a8-80e2d18c8f7c: valid; 2.6 s; peak memory 648 MiB.
2026-10-10T17:16:01Z INFO [327/1000] d3e393a0-0450-4fb7-9431-83d0bdbca030: valid; 2.1 s; peak memory 648 MiB.
2026-10-10T17:16:03Z INFO [328/1000] d3e44731-7f13-467e-ae89-45c7a69163e9: valid; 1.4 s; peak memory 648 MiB.
2026-10-10T17:16:05Z INFO [329/1000] d3e4665b-af86-44c2-a379-699e32a53cd5: valid; 2.3 s; peak memory 648 MiB.
2026-10-10T17:16:10Z INFO [330/1000] d3e49444-508a-4fc2-9c98-b9a79519a191: valid; 5.6 s; peak memory 648 MiB.
2026-10-10T17:16:13Z INFO [331/1000] d3e52113-c3ce-47c9-89b4-b5ba2f8db4ce: not valid; 2.7 s; peak memory 648 MiB.
2026-10-10T17:16:15Z INFO [332/1000] d3e5d99b-2816-4e8e-a173-4369a91187ae: not valid; 1.8 s; peak memory 648 MiB.
2026-10-10T17:16:17Z INFO [333/1000] d3e5f1e2-5a32-4a0b-8045-1d0bf508a29b: valid; 1.7 s; peak memory 648 MiB.
2026-10-10T17:16:33Z INFO [334/1000] d3e66bfc-d656-449b-99df-8fbac44447a9: not valid; 16.3 s; peak memory 648 MiB.
2026-10-10T17:16:38Z INFO [335/1000] d3e76e7e-be98-4d56-bfcb-ffbeb11bd56c: valid; 5.3 s; peak memory 648 MiB.
2026-10-10T17:16:39Z INFO [336/1000] d3e7700e-9258-4a43-9b5c-c8a010616b14: valid; 1.3 s; peak memory 648 MiB.
2026-10-10T17:16:41Z INFO [337/1000] d3e7764a-0e88-417b-b425-cf07639e6d17: valid; 1.3 s; peak memory 648 MiB.
2026-10-10T17:16:42Z INFO [338/1000] d3e7f22a-8fbc-4aae-9cfc-63a5acb036f7: valid; 1.3 s; peak memory 648 MiB.
2026-10-10T17:16:45Z INFO [339/1000] d3e84fe8-3aed-4062-83cd-82ff389f5ece: valid; 2.5 s; peak memory 648 MiB.
2026-10-10T17:16:46Z INFO [340/1000] d3e85be3-d6b0-46a4-9c7b-566e6d3e93a6: valid; 1.3 s; peak memory 648 MiB.
2026-10-10T17:16:48Z INFO [341/1000] d3e85bf6-a430-4afc-acff-547d1f069c19: valid; 1.8 s; peak memory 648 MiB.
2026-10-10T17:16:49Z INFO [342/1000] d3e9aceb-6612-4e50-9d7a-777e96c918e9: valid; 1.2 s; peak memory 648 MiB.
2026-10-10T17:16:51Z INFO [343/1000] d3e9b5c9-a7b2-4f5f-a2a2-03e4dab10eb4: valid; 2.0 s; peak memory 648 MiB.
2026-10-10T17:16:53Z INFO [344/1000] d3ea06f5-1b5d-4b94-8ea1-f74be5e4e164: valid; 2.3 s; peak memory 648 MiB.
2026-10-10T17:16:55Z INFO [345/1000] d3ea5767-96ff-4352-b6a0-e216bcff259a: valid; 2.1 s; peak memory 648 MiB.
2026-10-10T17:16:57Z WARNING d3eab010-7cd6-48bd-95c9-c5421a36256f: failed while opening the NWB file (ConstructError: (root/acquisition/_iblmic_audioSpectrogram/bands GroupBuilder {'attributes': {'colnames': array(['freq'], dtype=object), 'description': 'spectogram frequencies', 'namespace': 'core', 'neurodata_type': 'FrequencyBandsTable', 'object_id': 'dddefa67-c53d-4b83-b757-7d029edb5dc7'}, 'groups': {}, 'datasets': {'freq': root/acquisition/_iblmic_audioSpectrogram/bands/freq DatasetBuilder {'attributes': {'description': 'frequency value', 'namespace': 'hdmf-common', 'neurodata_type': 'VectorData', 'object_id': '801d70e4-e3b5-4709-83b4-450f979a8bfe'}, 'data': <HDF5 dataset "freq": shape (257,), type "<f4">}, 'id': root/acquisition/_iblmic_audioSpectrogram/bands/id DatasetBuilder {'attributes': {'namespace': 'hdmf-common', 'neurodata_type': 'ElementIdentifiers', 'object_id': '7c070131-b90d-40fe-8627-9893e81c80ad'}, 'data': <HDF5 dataset "id": shape (257,), type "<i4">}}, 'links': {}}, "Could not construct FrequencyBandsTable object due to: column must have the same number of rows as 'id'"))
2026-10-10T17:17:01Z INFO [347/1000] d3eaec6e-79e9-4368-98d2-7787cb8aad22: valid; 3.6 s; peak memory 648 MiB.
2026-10-10T17:17:06Z INFO [348/1000] d3ebb272-ec8e-4745-aef1-dcbb1de1a5a1: not valid; 5.3 s; peak memory 648 MiB.
2026-10-10T17:17:08Z INFO [349/1000] d3ec9de2-5d18-4603-b428-2b5570c87615: valid; 2.2 s; peak memory 648 MiB.
2026-10-10T17:17:10Z INFO [350/1000] d3ed9027-3111-4a33-8e4a-af5b91cd069e: not valid; 1.4 s; peak memory 648 MiB.
2026-10-10T17:17:11Z INFO [350/1000] d3ed9027-3111-4a33-8e4a-af5b91cd069e: checkpointed 203360 new records.
2026-10-10T17:17:12Z INFO [351/1000] d3edc816-493e-41ba-8782-a010144c5956: valid; 1.2 s; peak memory 648 MiB.
2026-10-10T17:17:13Z INFO [352/1000] d3ee487f-027b-4498-9342-c4a9dc9fabbf: valid; 1.1 s; peak memory 648 MiB.
2026-10-10T17:17:14Z INFO [353/1000] d3ef64ed-2f10-431d-81d3-c8a73ed56e7f: valid; 1.1 s; peak memory 648 MiB.
2026-10-10T17:17:16Z INFO [354/1000] d3efa5cd-dc92-4a6c-b24b-d7a90752447f: valid; 2.0 s; peak memory 648 MiB.
2026-10-10T17:17:16Z WARNING d3f00458-c5d3-448f-baed-515af530855d: failed while retrieving asset information from the DANDI API (NotFoundError: No asset at path 'sub-F3/sub-F3_ses-20190414T210000_obj-n4e7d4_behavior+ophys.nwb' in version 0.260415.1712. Verify the path is correct and the asset exists in this version. Use 'dandi ls' to list available assets.)
2026-10-10T17:17:20Z INFO [356/1000] d3f0287c-b5b1-4aca-92b3-bae91d909a95: not valid; 3.8 s; peak memory 648 MiB.
2026-10-10T17:19:34Z INFO [357/1000] d3f0a1f1-2578-4f44-a10e-781795b3d9aa: valid; 133.5 s; peak memory 648 MiB.
2026-10-10T17:19:46Z INFO [358/1000] d3f0ca43-1497-4e65-ac1d-5c3742ac405d: valid; 12.0 s; peak memory 648 MiB.
2026-10-10T17:19:48Z INFO [359/1000] d3f0f463-aaf6-473f-b572-2c917e465350: valid; 2.2 s; peak memory 648 MiB.
2026-10-10T17:19:50Z INFO [360/1000] d3f24ba5-c37f-48c4-9ee0-4aa6283eb093: valid; 2.3 s; peak memory 648 MiB.
2026-10-10T17:19:52Z INFO [361/1000] d3f27bfa-f879-4b61-8015-5ea9ee7c8959: valid; 2.1 s; peak memory 648 MiB.
2026-10-10T17:19:52Z WARNING d3f2e277-fc83-48af-a8be-9f4255075405: failed while retrieving asset information from the DANDI API (NotFoundError: No such Dandiset: 000561)
2026-10-10T17:19:55Z INFO [363/1000] d3f32a23-e663-4609-9ace-48ec33e8eed3: valid; 2.8 s; peak memory 648 MiB.
2026-10-10T17:19:57Z INFO [364/1000] d3f47412-96bb-4c63-a6ba-5c98e089e713: not valid; 2.0 s; peak memory 648 MiB.
2026-10-10T17:19:59Z INFO [365/1000] d3f529d2-2c1c-427e-b87f-25bfd295233d: valid; 1.3 s; peak memory 648 MiB.
2026-10-10T17:20:03Z INFO [366/1000] d3f54f9a-9737-4b00-b54a-e338f5a3549e: valid; 4.2 s; peak memory 648 MiB.
2026-10-10T17:20:07Z INFO [367/1000] d3f59266-38e3-4184-b0c1-5821549b7771: not valid; 4.1 s; peak memory 648 MiB.
2026-10-10T17:20:10Z INFO [368/1000] d3f5b644-645c-49f8-93c0-9e7301b3622f: valid; 3.2 s; peak memory 648 MiB.
2026-10-10T17:20:12Z INFO [369/1000] d3f5bfae-ce1d-4c12-a34c-41db09ceb045: not valid; 1.5 s; peak memory 648 MiB.
2026-10-10T17:20:14Z INFO [370/1000] d3f5cbdf-952e-4102-acd7-6504209cda0d: valid; 2.2 s; peak memory 648 MiB.
2026-10-10T17:20:16Z INFO [371/1000] d3f5e8ae-ea3d-4ec9-aa77-0d49f0663bfa: valid; 2.3 s; peak memory 648 MiB.
2026-10-10T17:20:18Z INFO [372/1000] d3f6609b-9f65-4540-8497-ad9fa1484d65: not valid; 1.5 s; peak memory 648 MiB.
2026-10-10T17:20:20Z INFO [373/1000] d3f78135-fead-4497-be32-136eba40f1b6: valid; 2.0 s; peak memory 648 MiB.
2026-10-10T17:20:22Z INFO [374/1000] d3f87bb1-67ab-4365-80fb-1d980ee77999: not valid; 2.5 s; peak memory 648 MiB.
2026-10-10T17:20:38Z INFO [375/1000] d3f889c4-a02e-4e2c-a5e5-3415af34bb67: valid; 15.9 s; peak memory 648 MiB.
2026-10-10T17:20:40Z INFO [376/1000] d3f88d63-3133-4aae-a94e-bb3c47fcf39a: valid; 2.1 s; peak memory 648 MiB.
2026-10-10T17:20:42Z INFO [377/1000] d3f8c9e0-8abc-458f-92fd-143ef12f5ee7: not valid; 1.7 s; peak memory 648 MiB.
2026-10-10T17:20:44Z INFO [378/1000] d3f9e59b-a7bb-453b-86d5-eac3acf20f02: valid; 2.0 s; peak memory 648 MiB.
2026-10-10T17:20:47Z INFO [379/1000] d3fa932a-0fa0-4945-99ee-1fd8eaf13549: valid; 2.6 s; peak memory 648 MiB.
2026-10-10T17:20:48Z INFO [380/1000] d3fab7ad-e42c-4777-9ef6-0d9a4e561d01: valid; 1.3 s; peak memory 648 MiB.
2026-10-10T17:20:53Z INFO [381/1000] d3fb5967-6f92-41b9-84c8-79e30ba9bcdf: not valid; 5.6 s; peak memory 648 MiB.
2026-10-10T17:20:55Z INFO [382/1000] d3fb65c4-dcb6-40e0-83e7-00de0b09cb0b: valid; 1.2 s; peak memory 648 MiB.
2026-10-10T17:20:59Z INFO [383/1000] d3fc5116-db19-47ab-a548-844f7998e18d: valid; 4.1 s; peak memory 648 MiB.
2026-10-10T17:21:02Z INFO [384/1000] d3fc8686-60d7-495e-8867-d81db20bdd6f: valid; 2.9 s; peak memory 648 MiB.
2026-10-10T17:21:14Z INFO [385/1000] d3fd1849-cc86-4f2b-a384-3a3e57b9afdb: valid; 12.4 s; peak memory 648 MiB.
2026-10-10T17:21:17Z INFO [386/1000] d3fd797c-b050-47c5-8401-ae301f3a28c6: not valid; 2.6 s; peak memory 648 MiB.
2026-10-10T17:21:20Z INFO [387/1000] d3fdbe97-9e70-439a-a286-f45de03859b3: valid; 2.9 s; peak memory 648 MiB.
2026-10-10T17:21:21Z INFO [388/1000] d3fe5f86-ffa9-4b10-8e33-b84f8274e38c: valid; 1.3 s; peak memory 648 MiB.
2026-10-10T17:21:22Z INFO [389/1000] d3fe6159-819c-4daa-9c4a-b513ae1fc006: valid; 1.0 s; peak memory 648 MiB.
2026-10-10T17:21:23Z INFO [390/1000] d3fec560-6a47-4cd5-88ed-e7cf3720b87d: valid; 1.0 s; peak memory 648 MiB.
2026-10-10T17:21:25Z INFO [391/1000] d3feee74-d116-46a2-8614-98f2b276a4db: not valid; 1.7 s; peak memory 648 MiB.
2026-10-10T17:21:27Z INFO [392/1000] d3fef0a4-21db-4d01-a66c-c528f7afe999: valid; 2.0 s; peak memory 648 MiB.
2026-10-10T17:21:28Z INFO [393/1000] d3ff316f-dd2a-43fa-835a-2dd7a23308da: valid; 1.2 s; peak memory 648 MiB.
2026-10-10T17:21:33Z INFO [394/1000] d3ff5641-2423-4104-a3ee-2794c8fe6b5f: valid; 4.9 s; peak memory 648 MiB.
2026-10-10T17:21:35Z WARNING d3ff9f77-0300-450f-913e-ecd31b6030bd: failed while opening the NWB file (ConstructError: (root/acquisition/_iblmic_audioSpectrogram/bands GroupBuilder {'attributes': {'colnames': array(['freq'], dtype=object), 'description': 'spectogram frequencies', 'namespace': 'core', 'neurodata_type': 'FrequencyBandsTable', 'object_id': '6626233b-6560-4bad-824d-4bec66c456fd'}, 'groups': {}, 'datasets': {'freq': root/acquisition/_iblmic_audioSpectrogram/bands/freq DatasetBuilder {'attributes': {'description': 'frequency value', 'namespace': 'hdmf-common', 'neurodata_type': 'VectorData', 'object_id': '124bb4c5-35d6-4ab3-a1b7-2e3d7475330b'}, 'data': <HDF5 dataset "freq": shape (257,), type "<f4">}, 'id': root/acquisition/_iblmic_audioSpectrogram/bands/id DatasetBuilder {'attributes': {'namespace': 'hdmf-common', 'neurodata_type': 'ElementIdentifiers', 'object_id': 'a1e78240-0173-4b08-a8d4-dea30cadfddf'}, 'data': <HDF5 dataset "id": shape (257,), type "<i4">}}, 'links': {}}, "Could not construct FrequencyBandsTable object due to: column must have the same number of rows as 'id'"))
2026-10-10T17:21:37Z INFO [396/1000] d400f119-8a09-419a-a772-758f6ea081b0: valid; 2.0 s; peak memory 649 MiB.
2026-10-10T17:21:39Z INFO [397/1000] d4015c0f-1943-4d70-a90c-a17660864d15: valid; 2.1 s; peak memory 649 MiB.
2026-10-10T17:21:42Z INFO [398/1000] d40173b0-0a3b-48c4-8bc2-3ba69d43057d: valid; 2.9 s; peak memory 649 MiB.
2026-10-10T17:22:14Z INFO [399/1000] d402c454-3a78-47d5-bd23-5c3ed5d5f67b: not valid; 32.8 s; peak memory 649 MiB.
2026-10-10T17:22:26Z INFO [400/1000] d402ceb7-7b07-458b-be3f-91a705197855: valid; 11.8 s; peak memory 649 MiB.
2026-10-10T17:22:27Z INFO [400/1000] d402ceb7-7b07-458b-be3f-91a705197855: checkpointed 203410 new records.
2026-10-10T17:22:31Z INFO [401/1000] d402daa4-6d1f-4f26-ab20-00654700bbb5: valid; 3.3 s; peak memory 649 MiB.
2026-10-10T17:22:32Z INFO [402/1000] d402db49-bbd4-4ce0-bec7-2c7bb7db514d: not valid; 1.5 s; peak memory 649 MiB.
2026-10-10T17:22:43Z INFO [403/1000] d4034790-6232-48f0-8386-5a1dc1d8f1ae: valid; 10.8 s; peak memory 649 MiB.
2026-10-10T17:22:44Z INFO [404/1000] d403b0e3-9903-432c-8f97-028f885d6859: valid; 1.3 s; peak memory 649 MiB.
2026-10-10T17:22:47Z INFO [405/1000] d404510c-d136-480d-895c-3d4646dec7c9: not valid; 2.4 s; peak memory 649 MiB.
2026-10-10T17:22:49Z INFO [406/1000] d4049c57-6dac-404b-a7a8-3184a7af4f68: valid; 2.1 s; peak memory 649 MiB.
2026-10-10T17:22:51Z INFO [407/1000] d404aef2-37ad-4f40-afa9-69fab5d235f5: valid; 1.9 s; peak memory 649 MiB.
2026-10-10T17:22:53Z INFO [408/1000] d4050460-720a-4775-8cab-56b64e9105f6: valid; 2.2 s; peak memory 649 MiB.
2026-10-10T17:22:56Z INFO [409/1000] d40572a9-6356-4ebb-9746-20d474b255c5: not valid; 2.9 s; peak memory 649 MiB.
2026-10-10T17:22:57Z INFO [410/1000] d405e705-0652-4f39-a6ee-67b74b0d12e3: valid; 1.3 s; peak memory 649 MiB.
2026-10-10T17:22:59Z INFO [411/1000] d4064285-a686-45d7-94d3-26ff1b32b28a: valid; 1.6 s; peak memory 649 MiB.
2026-10-10T17:23:01Z INFO [412/1000] d406bbce-6d84-4b89-9263-9beee0185187: valid; 2.3 s; peak memory 649 MiB.
2026-10-10T17:23:13Z INFO [413/1000] d407bfa9-a2c1-484f-a17c-430ae75c1049: valid; 12.5 s; peak memory 649 MiB.
2026-10-10T17:23:15Z INFO [414/1000] d407d02f-32e6-4ee2-b45d-0df4d230ede1: not valid; 1.9 s; peak memory 649 MiB.
2026-10-10T17:23:19Z INFO [415/1000] d4082235-c1b2-4a43-8283-bd53bd0f621f: valid; 4.0 s; peak memory 649 MiB.
2026-10-10T17:23:21Z INFO [416/1000] d4085fca-1e0e-455a-a576-be07ad3bccc2: valid; 1.4 s; peak memory 649 MiB.
2026-10-10T17:23:22Z INFO [417/1000] d4091d91-796a-40b9-a5df-a1c131d3fdeb: not valid; 1.8 s; peak memory 649 MiB.
2026-10-10T17:23:24Z INFO [418/1000] d4094cf9-c2d7-4a34-b591-555c0330c4a6: not valid; 1.5 s; peak memory 649 MiB.
2026-10-10T17:23:26Z INFO [419/1000] d409a65c-5cd8-4771-bd5c-57fb190ba945: not valid; 1.6 s; peak memory 649 MiB.
2026-10-10T17:23:28Z INFO [420/1000] d409eaf6-22c3-4e53-bda0-a27e0cf55417: valid; 2.0 s; peak memory 649 MiB.
2026-10-10T17:23:31Z INFO [421/1000] d40a431a-0a1d-448d-a13e-2d99da4a5434: valid; 3.6 s; peak memory 649 MiB.
2026-10-10T17:23:33Z INFO [422/1000] d40a7448-5823-4cf0-abb6-b6f0b8136dcc: not valid; 1.3 s; peak memory 649 MiB.
2026-10-10T17:23:34Z INFO [423/1000] d40b4889-8828-4ab7-8477-3e74ac081d9e: not valid; 1.8 s; peak memory 649 MiB.
2026-10-10T17:23:36Z INFO [424/1000] d40c6def-f85c-454f-873f-d737330e1016: valid; 1.3 s; peak memory 649 MiB.
2026-10-10T17:23:37Z INFO [425/1000] d40c8eff-5ae1-49de-8df5-0f608d287072: valid; 1.1 s; peak memory 649 MiB.
2026-10-10T17:23:50Z INFO [426/1000] d40c90fe-af4b-45d5-8953-4a2c09089195: valid; 13.1 s; peak memory 649 MiB.
2026-10-10T17:23:50Z WARNING d40ccfea-5c11-4bea-b243-24556537d1b2: failed while retrieving asset information from the DANDI API (NotFoundError: No asset at path 'sub-ZS061/sub-ZS061_ses-behavior-ZS061-2021-03-18-17-39-19.nwb' in version 0.260928.2230. Verify the path is correct and the asset exists in this version. Use 'dandi ls' to list available assets.)
2026-10-10T17:23:52Z INFO [428/1000] d40cd8ef-8719-4ea8-abca-ac43ab027349: not valid; 1.6 s; peak memory 649 MiB.
2026-10-10T17:23:53Z INFO [429/1000] d40d1718-b22e-4258-a696-d53eb36e8354: valid; 1.3 s; peak memory 649 MiB.
2026-10-10T17:23:54Z INFO [430/1000] d40e0112-34f4-4378-a167-95a5dda712f2: valid; 1.2 s; peak memory 649 MiB.
2026-10-10T17:23:56Z INFO [431/1000] d40e0dcb-cc18-4a68-a12f-c45ea805acc6: valid; 2.3 s; peak memory 649 MiB.
2026-10-10T17:23:58Z INFO [432/1000] d40e4d6e-e30c-4de9-b16f-b324f993f547: valid; 1.7 s; peak memory 649 MiB.
2026-10-10T17:23:59Z INFO [433/1000] d40f0eff-e39d-40cf-95b7-5ed4ca3a890f: valid; 1.2 s; peak memory 649 MiB.
2026-10-10T17:24:01Z INFO [434/1000] d40f252f-6354-41d5-9e18-2eaf4861d2ba: not valid; 1.5 s; peak memory 649 MiB.
2026-10-10T17:24:03Z INFO [435/1000] d40f4732-7909-4597-aec2-9077a9a9370e: not valid; 1.7 s; peak memory 649 MiB.
2026-10-10T17:24:04Z INFO [436/1000] d40f4e6c-de76-401f-8346-214401ed628e: valid; 1.3 s; peak memory 649 MiB.
2026-10-10T17:24:08Z INFO [437/1000] d40f5b68-7e95-4fd2-9b61-fcc7804b6b27: valid; 4.6 s; peak memory 649 MiB.
2026-10-10T17:24:10Z WARNING d40fac38-13f6-4355-acc8-d5b36905256a: failed while opening the NWB file (ConstructError: (root/acquisition/_iblmic_audioSpectrogram/bands GroupBuilder {'attributes': {'colnames': array(['freq'], dtype=object), 'description': 'spectogram frequencies', 'namespace': 'core', 'neurodata_type': 'FrequencyBandsTable', 'object_id': 'a409f11a-0484-45f1-923e-90d55ec82cd3'}, 'groups': {}, 'datasets': {'freq': root/acquisition/_iblmic_audioSpectrogram/bands/freq DatasetBuilder {'attributes': {'description': 'frequency value', 'namespace': 'hdmf-common', 'neurodata_type': 'VectorData', 'object_id': 'd3752e1b-47fc-4ad5-b72b-b93bb7e3a8f3'}, 'data': <HDF5 dataset "freq": shape (257,), type "<f4">}, 'id': root/acquisition/_iblmic_audioSpectrogram/bands/id DatasetBuilder {'attributes': {'namespace': 'hdmf-common', 'neurodata_type': 'ElementIdentifiers', 'object_id': '0592695e-80ab-401d-a607-6d364a12e094'}, 'data': <HDF5 dataset "id": shape (257,), type "<i4">}}, 'links': {}}, "Could not construct FrequencyBandsTable object due to: column must have the same number of rows as 'id'"))
2026-10-10T17:24:15Z INFO [439/1000] d41082cd-109d-42f4-a6fb-d0aae2dc4cb7: not valid; 4.4 s; peak memory 649 MiB.
2026-10-10T17:24:16Z INFO [440/1000] d4108af5-c0b6-4eb3-a4dd-877344fc8b01: valid; 1.2 s; peak memory 649 MiB.
2026-10-10T17:24:18Z INFO [441/1000] d410e5da-9bdd-4fb8-8175-1fe05a0c7419: valid; 2.1 s; peak memory 649 MiB.
2026-10-10T17:24:27Z INFO [442/1000] d4114277-6b7d-422a-952e-80781f2ffaf6: valid; 8.6 s; peak memory 649 MiB.
2026-10-10T17:24:28Z INFO [443/1000] d41174af-ef9d-48be-8f5f-b85236633cb7: valid; 1.2 s; peak memory 649 MiB.
2026-10-10T17:24:30Z INFO [444/1000] d4122358-45a9-4eb5-a185-b2e9e71e24ed: valid; 2.4 s; peak memory 649 MiB.
2026-10-10T17:24:33Z INFO [445/1000] d412869c-3ff0-4109-b3f2-54c0b86d9313: valid; 2.9 s; peak memory 649 MiB.
2026-10-10T17:24:35Z INFO [446/1000] d4135b19-eb66-4df8-96da-0680d63aecd0: not valid; 1.6 s; peak memory 649 MiB.
2026-10-10T17:24:36Z INFO [447/1000] d413a09a-5cea-44df-953a-c0a3e38de4f6: valid; 1.5 s; peak memory 649 MiB.
2026-10-10T17:24:40Z INFO [448/1000] d413ba6c-5e82-4fe6-b16a-4572182cb7d7: valid; 3.3 s; peak memory 649 MiB.
2026-10-10T17:24:41Z INFO [449/1000] d41406b2-fbef-410d-b5a6-c76ab8c8b568: not valid; 1.0 s; peak memory 649 MiB.
2026-10-10T17:24:42Z INFO [450/1000] d4141f1f-456a-4789-8fcc-57e42fd42175: not valid; 1.5 s; peak memory 649 MiB.
2026-10-10T17:24:44Z INFO [450/1000] d4141f1f-456a-4789-8fcc-57e42fd42175: checkpointed 203460 new records.
2026-10-10T17:24:45Z INFO [451/1000] d414589e-5b68-4140-bd11-f868496c021c: valid; 1.4 s; peak memory 649 MiB.
2026-10-10T17:24:46Z INFO [452/1000] d4147f88-0462-452d-aa17-fec5418d5144: not valid; 1.4 s; peak memory 649 MiB.
2026-10-10T17:24:48Z INFO [453/1000] d414d759-9245-4913-9033-c6dde199e885: not valid; 1.4 s; peak memory 649 MiB.
2026-10-10T17:24:51Z INFO [454/1000] d414e8e7-5c36-47f0-92e3-d2268cb272c1: valid; 3.2 s; peak memory 649 MiB.
2026-10-10T17:24:53Z WARNING d414f8a5-c16a-4990-a384-e0c4db204c5a: failed while opening the NWB file (ConstructError: (root/acquisition/_iblmic_audioSpectrogram/bands GroupBuilder {'attributes': {'colnames': array(['freq'], dtype=object), 'description': 'spectogram frequencies', 'namespace': 'core', 'neurodata_type': 'FrequencyBandsTable', 'object_id': '830073a8-4d62-441e-a589-29d602db250b'}, 'groups': {}, 'datasets': {'freq': root/acquisition/_iblmic_audioSpectrogram/bands/freq DatasetBuilder {'attributes': {'description': 'frequency value', 'namespace': 'hdmf-common', 'neurodata_type': 'VectorData', 'object_id': 'aba2878f-68b4-478d-82a9-ae005a33cc62'}, 'data': <HDF5 dataset "freq": shape (257,), type "<f4">}, 'id': root/acquisition/_iblmic_audioSpectrogram/bands/id DatasetBuilder {'attributes': {'namespace': 'hdmf-common', 'neurodata_type': 'ElementIdentifiers', 'object_id': '8fbc273b-5fe6-43cb-b146-c82ff02cbcdf'}, 'data': <HDF5 dataset "id": shape (257,), type "<i4">}}, 'links': {}}, "Could not construct FrequencyBandsTable object due to: column must have the same number of rows as 'id'"))
2026-10-10T17:24:55Z INFO [456/1000] d4157d53-7237-4629-b047-c9a9a0556c3c: valid; 2.1 s; peak memory 649 MiB.
2026-10-10T17:24:57Z INFO [457/1000] d41664b9-486a-430c-89b0-5805ea3fa96a: valid; 2.2 s; peak memory 649 MiB.
2026-10-10T17:25:05Z INFO [458/1000] d416b651-36ac-4fd1-bbf4-d44dbb1e1bcb: valid; 7.6 s; peak memory 649 MiB.
2026-10-10T17:25:06Z INFO [459/1000] d416cfea-b3c9-4a6f-a89e-a570a98a1821: valid; 1.3 s; peak memory 649 MiB.
2026-10-10T17:25:09Z INFO [460/1000] d417aee8-b4b5-48f2-8f1c-7ba7996aba2e: valid; 2.4 s; peak memory 649 MiB.
2026-10-10T17:25:10Z INFO [461/1000] d417e29b-9668-4b74-b960-504cb981dfaf: valid; 1.6 s; peak memory 649 MiB.
2026-10-10T17:25:16Z INFO [462/1000] d4180ac9-9d18-4155-9e1d-f10cdb6cdf4c: valid; 5.6 s; peak memory 649 MiB.
2026-10-10T17:25:18Z INFO [463/1000] d4181d1d-74ed-40ce-8d18-d9825d9b5886: valid; 2.3 s; peak memory 649 MiB.
2026-10-10T17:25:20Z INFO [464/1000] d41897d4-cde0-4581-b8b1-bbfea6e21a63: valid; 1.3 s; peak memory 649 MiB.
2026-10-10T17:25:21Z INFO [465/1000] d418c7e9-453e-40c7-b3de-57993047a3d5: not valid; 1.6 s; peak memory 649 MiB.
2026-10-10T17:25:24Z INFO [466/1000] d41950f2-b840-4920-ad68-3c24e88976e1: valid; 3.2 s; peak memory 649 MiB.
2026-10-10T17:25:26Z INFO [467/1000] d41a92b5-d145-40da-9457-3f88da762107: valid; 1.3 s; peak memory 649 MiB.
2026-10-10T17:25:27Z INFO [468/1000] d41abfbf-ff57-47dd-8699-71bb54189f53: valid; 1.9 s; peak memory 649 MiB.
2026-10-10T17:25:43Z INFO [469/1000] d41ae132-a0c0-4ef8-a0ab-42b5cbbfc466: valid; 15.9 s; peak memory 649 MiB.
2026-10-10T17:25:47Z INFO [470/1000] d41af582-a6a3-43d7-80b0-37e2702b5c92: valid; 4.0 s; peak memory 649 MiB.
2026-10-10T17:25:49Z INFO [471/1000] d41b4416-dd92-45bc-b3e4-3c8cbf41ccc9: not valid; 1.8 s; peak memory 649 MiB.
2026-10-10T17:25:51Z INFO [472/1000] d41b7ebb-ca0f-4f73-9013-52ae6e65c9f1: not valid; 2.0 s; peak memory 649 MiB.
2026-10-10T17:25:53Z INFO [473/1000] d41c1429-ceae-4b53-b1a5-ecec4834f403: not valid; 1.5 s; peak memory 649 MiB.
2026-10-10T17:26:21Z INFO [474/1000] d41cc0dc-200e-4094-a131-7a32af398bc9: valid; 28.2 s; peak memory 649 MiB.
2026-10-10T17:26:23Z INFO [475/1000] d41cc8a7-4c2a-49a0-b625-c93b75193268: valid; 2.1 s; peak memory 649 MiB.
2026-10-10T17:26:26Z INFO [476/1000] d41d291c-c6f8-4ec7-ba38-ee2000c97aa3: not valid; 3.3 s; peak memory 649 MiB.
2026-10-10T17:26:27Z INFO [477/1000] d41d8776-a402-4aee-8fcc-15f5ae133f8a: valid; 1.3 s; peak memory 649 MiB.
2026-10-10T17:26:29Z INFO [478/1000] d41e2393-97aa-4e20-a93d-d6dd87093d76: valid; 1.4 s; peak memory 649 MiB.
2026-10-10T17:26:33Z INFO [479/1000] d41e780b-d4d1-44c1-a6ce-43bd78fb6aa9: not valid; 4.4 s; peak memory 649 MiB.
2026-10-10T17:26:35Z WARNING d41ec4bd-eb96-4b25-9fad-1633a450ea3f: failed while opening the NWB file (ConstructError: (root/acquisition/_iblmic_audioSpectrogram/bands GroupBuilder {'attributes': {'colnames': array(['freq'], dtype=object), 'description': 'spectogram frequencies', 'namespace': 'core', 'neurodata_type': 'FrequencyBandsTable', 'object_id': '9cd193ce-a369-464c-bd78-59e202aadc74'}, 'groups': {}, 'datasets': {'freq': root/acquisition/_iblmic_audioSpectrogram/bands/freq DatasetBuilder {'attributes': {'description': 'frequency value', 'namespace': 'hdmf-common', 'neurodata_type': 'VectorData', 'object_id': 'f400e9c7-8fa6-4524-9c35-ccd43d51b74c'}, 'data': <HDF5 dataset "freq": shape (257,), type "<f4">}, 'id': root/acquisition/_iblmic_audioSpectrogram/bands/id DatasetBuilder {'attributes': {'namespace': 'hdmf-common', 'neurodata_type': 'ElementIdentifiers', 'object_id': '207aa750-ad5d-4f2e-8458-18ebf8d3bdd7'}, 'data': <HDF5 dataset "id": shape (257,), type "<i4">}}, 'links': {}}, "Could not construct FrequencyBandsTable object due to: column must have the same number of rows as 'id'"))
2026-10-10T17:26:38Z INFO [481/1000] d421b2c5-1a8c-4baa-98f8-cdb74b24c4ad: valid; 2.4 s; peak memory 650 MiB.
2026-10-10T17:26:39Z INFO [482/1000] d42218d5-d746-45ce-be91-d71c5a267adc: not valid; 1.1 s; peak memory 650 MiB.
2026-10-10T17:26:41Z WARNING d4221ac5-dd47-49ac-8993-c07915bbda29: failed while opening the NWB file (ConstructError: (root/acquisition/_iblmic_audioSpectrogram/bands GroupBuilder {'attributes': {'colnames': array(['freq'], dtype=object), 'description': 'spectogram frequencies', 'namespace': 'core', 'neurodata_type': 'FrequencyBandsTable', 'object_id': '2420afac-8380-4e6c-a2f0-ccb71bcb3521'}, 'groups': {}, 'datasets': {'freq': root/acquisition/_iblmic_audioSpectrogram/bands/freq DatasetBuilder {'attributes': {'description': 'frequency value', 'namespace': 'hdmf-common', 'neurodata_type': 'VectorData', 'object_id': '5dd943dc-dba9-4b08-a5de-fe2b7538a611'}, 'data': <HDF5 dataset "freq": shape (257,), type "<f4">}, 'id': root/acquisition/_iblmic_audioSpectrogram/bands/id DatasetBuilder {'attributes': {'namespace': 'hdmf-common', 'neurodata_type': 'ElementIdentifiers', 'object_id': 'af125355-bcd1-4081-901f-c7ac3cabf4bb'}, 'data': <HDF5 dataset "id": shape (257,), type "<i4">}}, 'links': {}}, "Could not construct FrequencyBandsTable object due to: column must have the same number of rows as 'id'"))
2026-10-10T17:26:44Z INFO [484/1000] d42269cb-a55b-420f-9abd-8281cd6b4613: not valid; 2.7 s; peak memory 650 MiB.
2026-10-10T17:26:53Z INFO [485/1000] d4229024-42a2-4924-941d-c85ab205f46e: valid; 9.3 s; peak memory 650 MiB.
2026-10-10T17:26:54Z INFO [486/1000] d4230df7-648f-4943-b8b7-5acd7548ff4a: not valid; 1.5 s; peak memory 650 MiB.
2026-10-10T17:26:56Z INFO [487/1000] d423b604-8ae8-43df-aad1-174403567744: valid; 1.4 s; peak memory 650 MiB.
2026-10-10T17:26:57Z INFO [488/1000] d423d0dd-1e4e-407d-aeae-d2c640408eb0: not valid; 1.5 s; peak memory 650 MiB.
2026-10-10T17:27:01Z INFO [489/1000] d423f743-debe-4f42-811a-20a6a4896a08: valid; 4.1 s; peak memory 650 MiB.
2026-10-10T17:27:04Z INFO [490/1000] d42423ca-d741-4c9b-bfb7-b16dde7bc370: valid; 2.5 s; peak memory 650 MiB.
2026-10-10T17:27:05Z INFO [491/1000] d424da4d-be72-4f1c-9acc-1f057c130275: valid; 1.2 s; peak memory 650 MiB.
2026-10-10T17:27:07Z WARNING d4253206-037c-419c-860a-5c7f523083d9: failed while opening the NWB file (ConstructError: (root/acquisition/_iblmic_audioSpectrogram/bands GroupBuilder {'attributes': {'colnames': array(['freq'], dtype=object), 'description': 'spectogram frequencies', 'namespace': 'core', 'neurodata_type': 'FrequencyBandsTable', 'object_id': '74c60708-7ca1-4b03-8aac-6ce2809c08cd'}, 'groups': {}, 'datasets': {'freq': root/acquisition/_iblmic_audioSpectrogram/bands/freq DatasetBuilder {'attributes': {'description': 'frequency value', 'namespace': 'hdmf-common', 'neurodata_type': 'VectorData', 'object_id': '8979515b-3ea6-47ba-b52a-2ebe03274a87'}, 'data': <HDF5 dataset "freq": shape (257,), type "<f4">}, 'id': root/acquisition/_iblmic_audioSpectrogram/bands/id DatasetBuilder {'attributes': {'namespace': 'hdmf-common', 'neurodata_type': 'ElementIdentifiers', 'object_id': '31b7c569-55c4-4f0e-991c-9f77228b452e'}, 'data': <HDF5 dataset "id": shape (257,), type "<i4">}}, 'links': {}}, "Could not construct FrequencyBandsTable object due to: column must have the same number of rows as 'id'"))
2026-10-10T17:27:10Z INFO [493/1000] d4263034-2f29-4b0b-937b-729dbd9c4597: valid; 2.5 s; peak memory 650 MiB.
2026-10-10T17:27:11Z INFO [494/1000] d4264560-5042-40ad-86f0-643a8ea7936b: valid; 1.2 s; peak memory 650 MiB.
2026-10-10T17:27:16Z INFO [495/1000] d4264bf3-6441-4e60-957d-9f9dac12491d: valid; 5.0 s; peak memory 650 MiB.
2026-10-10T17:27:17Z INFO [496/1000] d4279f46-97a3-4557-b7e0-c187f9ee04cd: valid; 1.6 s; peak memory 650 MiB.
2026-10-10T17:27:23Z INFO [497/1000] d427a0bd-208f-480a-a9f1-a4d60bcf04fc: not valid; 5.5 s; peak memory 650 MiB.
2026-10-10T17:27:26Z INFO [498/1000] d427c6e7-bd5d-4d41-9630-ba22c6730a90: valid; 3.0 s; peak memory 650 MiB.
2026-10-10T17:29:06Z INFO [499/1000] d427db4c-d0a2-47e0-b34d-4499fe243610: valid; 99.9 s; peak memory 650 MiB.
2026-10-10T17:29:07Z INFO [500/1000] d428022e-b3af-4870-b111-38dbdc8e525d: valid; 1.3 s; peak memory 650 MiB.
2026-10-10T17:29:08Z INFO [500/1000] d428022e-b3af-4870-b111-38dbdc8e525d: checkpointed 203510 new records.
2026-10-10T17:29:11Z WARNING d4283a1a-7e0e-4145-892a-a73d04ef3907: failed while opening the NWB file (ConstructError: (root/acquisition/event_code_meanings GroupBuilder {'attributes': {'colnames': array(['value', 'meaning'], dtype=object), 'description': 'Mapping integer event codes to event labels', 'namespace': 'ndx-events', 'neurodata_type': 'MeaningsTable', 'object_id': '40cdf4a8-4c86-4af3-9cb4-4a58611479da'}, 'groups': {}, 'datasets': {'id': root/acquisition/event_code_meanings/id DatasetBuilder {'attributes': {'namespace': 'hdmf-common', 'neurodata_type': 'ElementIdentifiers', 'object_id': '355f2e32-240d-47f7-944b-e09b892bb110'}, 'data': <HDF5 dataset "id": shape (26,), type "<i8">}, 'meaning': root/acquisition/event_code_meanings/meaning DatasetBuilder {'attributes': {'description': 'The meaning of the value in the parent CategoricalVectorData object.', 'namespace': 'hdmf-experimental', 'neurodata_type': 'VectorData', 'object_id': '8fc53421-9477-496c-bd9e-f0fe6b510d2f'}, 'data': <StrDataset for HDF5 dataset "meaning": shape (26,), type "|O">}, 'value': root/acquisition/event_code_meanings/value DatasetBuilder {'attributes': {'description': 'The value of the parent CategoricalVectorData object.', 'namespace': 'hdmf-experimental', 'neurodata_type': 'VectorData', 'object_id': 'ffe82516-5e8f-4615-96a2-231b1a804992'}, 'data': <HDF5 dataset "value": shape (26,), type "<i8">}}, 'links': {}}, "Could not construct MeaningsTable object due to: MeaningsTable.__init__: missing argument 'target'"))
2026-10-10T17:29:12Z INFO [502/1000] d428832c-b6e6-44a6-98c6-f3e9c21a7a35: not valid; 1.6 s; peak memory 650 MiB.
2026-10-10T17:29:15Z INFO [503/1000] d428fa99-31c3-49ce-8e19-c5d58c903c6a: valid; 2.5 s; peak memory 650 MiB.
2026-10-10T17:29:23Z INFO [504/1000] d4294668-024c-45cb-bbf7-9218fd030b8f: valid; 8.4 s; peak memory 650 MiB.
2026-10-10T17:29:23Z WARNING d429cd65-2630-4ddb-85ff-e1547a47c9b0: failed while retrieving asset information from the DANDI API (NotFoundError: No asset at path 'sub-MS21/sub-MS21_ses-Peter-MS21-180625-153927-concat_behavior+ecephys.nwb' in version 0.250624.0444. Verify the path is correct and the asset exists in this version. Use 'dandi ls' to list available assets.)
2026-10-10T17:29:25Z INFO [506/1000] d429e6bf-d91e-450d-87d0-7ab68dec9f9a: valid; 1.3 s; peak memory 650 MiB.
2026-10-10T17:29:27Z INFO [507/1000] d42a7cf0-0f36-4c08-855f-c71cbe6865f4: valid; 2.3 s; peak memory 650 MiB.
2026-10-10T17:29:28Z INFO [508/1000] d42a7e0e-6e12-4aab-87cc-817e900d0d7f: valid; 1.2 s; peak memory 650 MiB.
2026-10-10T17:29:38Z INFO [509/1000] d42b4b40-5bbc-405b-9efe-c737b4b8df49: valid; 9.9 s; peak memory 650 MiB.
2026-10-10T17:29:39Z INFO [510/1000] d42b56c5-6b27-4e36-a7e8-b4967fd210d2: not valid; 1.4 s; peak memory 650 MiB.
2026-10-10T17:29:43Z INFO [511/1000] d42b6835-d036-4bdf-9ea0-77b4fb6fe818: valid; 3.8 s; peak memory 650 MiB.
2026-10-10T17:29:43Z WARNING d42bff3b-504f-43f9-832f-5235a5047149: failed while retrieving asset information from the DANDI API (NotFoundError: No such Dandiset: 001533)
2026-10-10T17:29:43Z WARNING d42c534d-2fd3-4966-a706-d645c55a5389: failed while retrieving asset information from the DANDI API (NotFoundError: No asset at path 'sub-parkinson-simulated-lfp/sub-parkinson-simulated-lfp_ses-5828_ecephys.nwb' in version 0.250327.2220. Verify the path is correct and the asset exists in this version. Use 'dandi ls' to list available assets.)
2026-10-10T17:29:45Z INFO [514/1000] d42ca4b6-158e-4946-b981-7e02d146b080: valid; 1.3 s; peak memory 650 MiB.
2026-10-10T17:29:47Z INFO [515/1000] d42d24b4-d6c2-41ca-a634-182a799a3703: not valid; 2.8 s; peak memory 650 MiB.
2026-10-10T17:29:55Z INFO [516/1000] d42dc4db-b995-4961-bec2-6d620c71d7cb: valid; 7.4 s; peak memory 650 MiB.
2026-10-10T17:29:57Z INFO [517/1000] d42dfcb3-ce1b-4c86-a2d3-5cf93e3db03a: valid; 2.1 s; peak memory 650 MiB.
2026-10-10T17:29:58Z INFO [518/1000] d42e3760-5066-4638-9aa9-afa47ed79adc: valid; 1.4 s; peak memory 650 MiB.
2026-10-10T17:30:01Z INFO [519/1000] d42ec234-e9e3-46a7-8cfa-d5aebbb664dc: valid; 2.8 s; peak memory 650 MiB.
2026-10-10T17:30:03Z INFO [520/1000] d42f05dc-17d2-424e-a39a-128ae8cfe65b: valid; 1.5 s; peak memory 650 MiB.
2026-10-10T17:30:07Z INFO [521/1000] d42f18d5-95ca-421e-8213-dd5b91bc2ff8: valid; 4.9 s; peak memory 650 MiB.
2026-10-10T17:30:12Z INFO [522/1000] d42f2c24-6fb5-410d-a32b-7c66af7ed0c5: valid; 4.1 s; peak memory 650 MiB.
2026-10-10T17:30:13Z INFO [523/1000] d42f327b-1425-4355-9faa-bd02b0d50f52: valid; 1.3 s; peak memory 650 MiB.
2026-10-10T17:30:14Z INFO [524/1000] d42f4b36-5a58-4d03-8717-e2e8f34d86b5: not valid; 1.0 s; peak memory 650 MiB.
2026-10-10T17:30:17Z INFO [525/1000] d42f8a87-5d57-4485-ba0d-176ee3ebb457: not valid; 3.1 s; peak memory 650 MiB.
2026-10-10T17:30:19Z INFO [526/1000] d4304734-f04a-465e-9cf4-5717d34f9f65: valid; 2.2 s; peak memory 650 MiB.
2026-10-10T17:30:20Z INFO [527/1000] d4305f20-28c2-4a17-82d8-b71f7728c9e8: valid; 1.3 s; peak memory 650 MiB.
2026-10-10T17:30:24Z INFO [528/1000] d430c941-6dea-426c-819a-b19bdd093f51: valid; 3.1 s; peak memory 650 MiB.
2026-10-10T17:30:31Z INFO [529/1000] d4316883-82a8-449f-8394-43501a433ad8: valid; 7.3 s; peak memory 650 MiB.
2026-10-10T17:30:38Z INFO [530/1000] d43174de-f43f-4f05-bf14-9ec6694756cc: not valid; 7.0 s; peak memory 650 MiB.
2026-10-10T17:30:39Z INFO [531/1000] d4318ad4-08fa-4fa8-8718-d6763e0678d0: valid; 1.3 s; peak memory 650 MiB.
2026-10-10T17:30:40Z INFO [532/1000] d431929b-d35d-4beb-9449-c907f8c57043: valid; 1.2 s; peak memory 650 MiB.
2026-10-10T17:30:43Z INFO [533/1000] d432511f-c9aa-40ec-b596-1180bec0ca52: valid; 2.2 s; peak memory 650 MiB.
2026-10-10T17:30:55Z INFO [534/1000] d432772f-572a-47fe-8593-e89302a8a31c: valid; 12.4 s; peak memory 650 MiB.
2026-10-10T17:30:56Z INFO [535/1000] d432995f-7073-4c69-bf7d-221c5e54b901: not valid; 1.0 s; peak memory 650 MiB.
2026-10-10T17:30:57Z INFO [536/1000] d432ed1b-55fe-47b0-948a-f15a497fd514: valid; 1.0 s; peak memory 650 MiB.
2026-10-10T17:31:01Z INFO [537/1000] d4335bac-b28b-47e6-8f68-c03485e13923: valid; 4.0 s; peak memory 650 MiB.
2026-10-10T17:31:02Z INFO [538/1000] d4338667-57b6-404d-98dc-7ef932bf572a: valid; 1.3 s; peak memory 650 MiB.
2026-10-10T17:31:04Z WARNING d43394a8-a2b9-4cf6-86b7-06f62d4ae555: failed while opening the NWB file (ConstructError: (root/acquisition/_iblmic_audioSpectrogram/bands GroupBuilder {'attributes': {'colnames': array(['freq'], dtype=object), 'description': 'spectogram frequencies', 'namespace': 'core', 'neurodata_type': 'FrequencyBandsTable', 'object_id': 'd2cc793a-618c-4baf-b036-03a71508eb54'}, 'groups': {}, 'datasets': {'freq': root/acquisition/_iblmic_audioSpectrogram/bands/freq DatasetBuilder {'attributes': {'description': 'frequency value', 'namespace': 'hdmf-common', 'neurodata_type': 'VectorData', 'object_id': 'a6df879a-3768-4184-ba42-3c2db88b6041'}, 'data': <HDF5 dataset "freq": shape (257,), type "<f4">}, 'id': root/acquisition/_iblmic_audioSpectrogram/bands/id DatasetBuilder {'attributes': {'namespace': 'hdmf-common', 'neurodata_type': 'ElementIdentifiers', 'object_id': '5bc962bb-a489-4ff5-8105-b383d26cddfd'}, 'data': <HDF5 dataset "id": shape (257,), type "<i4">}}, 'links': {}}, "Could not construct FrequencyBandsTable object due to: column must have the same number of rows as 'id'"))
2026-10-10T17:31:06Z INFO [540/1000] d433de8b-dd97-4d4f-8ec0-de18eb07f9ad: not valid; 1.5 s; peak memory 650 MiB.
2026-10-10T17:31:07Z INFO [541/1000] d43421c4-8f08-4733-a763-98d6334ca14c: valid; 1.5 s; peak memory 650 MiB.
2026-10-10T17:31:08Z INFO [542/1000] d4352848-29d2-4b55-890b-7b8fffdaf6f8: valid; 1.2 s; peak memory 650 MiB.
2026-10-10T17:31:11Z INFO [543/1000] d435db3c-7132-48d0-aae4-693fba24f72e: valid; 2.3 s; peak memory 650 MiB.
2026-10-10T17:31:13Z INFO [544/1000] d4361047-796f-4277-9bfb-1876fa3edf32: valid; 2.6 s; peak memory 650 MiB.
2026-10-10T17:31:17Z INFO [545/1000] d43974cf-c98e-4b6e-b4fc-0956049011a5: valid; 3.6 s; peak memory 650 MiB.
2026-10-10T17:31:19Z INFO [546/1000] d43979ee-41d7-47a5-bcf9-c236f2b3a9e5: valid; 2.0 s; peak memory 650 MiB.
2026-10-10T17:31:20Z INFO [547/1000] d439b841-4b14-4ef8-b12c-f1efa1f331fc: valid; 1.3 s; peak memory 650 MiB.
2026-10-10T17:31:26Z INFO [548/1000] d43a2666-1e37-4aa7-b512-eeaf6ef1d337: not valid; 6.0 s; peak memory 650 MiB.
2026-10-10T17:31:27Z INFO [549/1000] d43ad97a-882d-47d5-bebc-45ecfd688da5: valid; 1.3 s; peak memory 650 MiB.
2026-10-10T17:31:29Z INFO [550/1000] d43adabf-d745-46a1-8836-edb44477dce5: not valid; 1.7 s; peak memory 650 MiB.
2026-10-10T17:31:30Z INFO [550/1000] d43adabf-d745-46a1-8836-edb44477dce5: checkpointed 203560 new records.
2026-10-10T17:31:32Z INFO [551/1000] d43b6a7b-1682-4cf2-96a7-c759b873fff7: valid; 1.8 s; peak memory 650 MiB.
2026-10-10T17:31:35Z INFO [552/1000] d43bb4ec-aeaa-49e0-aa3b-d6dd977e9d40: valid; 2.3 s; peak memory 650 MiB.
2026-10-10T17:31:35Z WARNING d43c02d4-71ba-4cfb-a58c-8502d9b81f61: failed while retrieving asset information from the DANDI API (NotFoundError: No such Dandiset: 001533)
2026-10-10T17:32:22Z INFO [554/1000] d43c4192-cf5c-4ce9-9293-5ccb745a74de: valid; 46.8 s; peak memory 650 MiB.
2026-10-10T17:32:24Z WARNING d43c9581-9f83-4db2-a09a-351a903c701b: failed while opening the NWB file (ConstructError: (root/acquisition/_iblmic_audioSpectrogram/bands GroupBuilder {'attributes': {'colnames': array(['freq'], dtype=object), 'description': 'spectogram frequencies', 'namespace': 'core', 'neurodata_type': 'FrequencyBandsTable', 'object_id': '997c7c64-6cb9-429d-ba7a-17cfd6090c5e'}, 'groups': {}, 'datasets': {'freq': root/acquisition/_iblmic_audioSpectrogram/bands/freq DatasetBuilder {'attributes': {'description': 'frequency value', 'namespace': 'hdmf-common', 'neurodata_type': 'VectorData', 'object_id': '1f6d8929-f87e-4c09-aa53-fb44f75cb007'}, 'data': <HDF5 dataset "freq": shape (257,), type "<f4">}, 'id': root/acquisition/_iblmic_audioSpectrogram/bands/id DatasetBuilder {'attributes': {'namespace': 'hdmf-common', 'neurodata_type': 'ElementIdentifiers', 'object_id': '58b7d290-570c-4907-a8cf-c5fe4a087299'}, 'data': <HDF5 dataset "id": shape (257,), type "<i4">}}, 'links': {}}, "Could not construct FrequencyBandsTable object due to: column must have the same number of rows as 'id'"))
2026-10-10T17:32:26Z INFO [556/1000] d43d54f6-dfbc-4ec2-a856-d1d886a3c30a: valid; 2.2 s; peak memory 650 MiB.
2026-10-10T17:32:34Z INFO [557/1000] d43d6b32-ad64-46e7-8f87-38bd0a6dbfa7: valid; 8.3 s; peak memory 650 MiB.
2026-10-10T17:32:52Z INFO [558/1000] d43e7c05-926f-4349-9fae-534ebb60d77c: valid; 17.3 s; peak memory 650 MiB.
2026-10-10T17:32:53Z INFO [559/1000] d43eb568-a7a5-4dbd-afcb-8c4e029c503d: not valid; 1.9 s; peak memory 650 MiB.
2026-10-10T17:33:02Z INFO [560/1000] d43ed64e-eca2-43de-825a-e137b4f06fa3: not valid; 8.3 s; peak memory 650 MiB.
2026-10-10T17:33:14Z INFO [561/1000] d43f58c8-971a-49a6-8f59-a0238d62882d: valid; 12.7 s; peak memory 650 MiB.
2026-10-10T17:33:18Z INFO [562/1000] d43f64f1-efba-4a0b-9883-3e936ee8aaf8: not valid; 3.3 s; peak memory 650 MiB.
2026-10-10T17:33:20Z INFO [563/1000] d43ff69b-2496-4cc9-b799-0baa74d4000c: valid; 2.2 s; peak memory 650 MiB.
2026-10-10T17:33:21Z INFO [564/1000] d44004d6-367d-42a2-b2c4-503f4be1e6e2: valid; 1.6 s; peak memory 650 MiB.
2026-10-10T17:33:23Z INFO [565/1000] d4403d28-4217-4483-bf8f-020cb7c86b94: valid; 1.7 s; peak memory 650 MiB.
2026-10-10T17:33:25Z INFO [566/1000] d4405b0d-68b3-4c8e-930c-0ff402aaf210: valid; 2.0 s; peak memory 650 MiB.
2026-10-10T17:33:28Z INFO [567/1000] d440c632-1d3b-43ff-8fc5-d33f99bf8770: valid; 2.5 s; peak memory 650 MiB.
2026-10-10T17:33:29Z INFO [568/1000] d441eca4-bece-4d27-bc79-a1a9d915dfcb: valid; 1.3 s; peak memory 650 MiB.
2026-10-10T17:33:32Z INFO [569/1000] d4420037-6253-434b-b1af-3c130b3266fc: valid; 3.0 s; peak memory 650 MiB.
2026-10-10T17:33:35Z INFO [570/1000] d44297d8-ad66-4d40-965b-9defa5ac4601: valid; 3.5 s; peak memory 650 MiB.
2026-10-10T17:33:36Z INFO [571/1000] d4429e20-5df9-401f-8d21-707e4bda92c0: valid; 1.0 s; peak memory 650 MiB.
2026-10-10T17:33:37Z INFO [572/1000] d442dac7-04d8-41ee-aba9-08747b0e6cae: valid; 1.2 s; peak memory 650 MiB.
2026-10-10T17:33:38Z INFO [573/1000] d4432800-b1d6-4071-88dc-420f6bd2ee1d: not valid; 0.9 s; peak memory 650 MiB.
2026-10-10T17:33:55Z INFO [574/1000] d4440d6b-e464-42b2-86ad-9e875658af51: valid; 17.0 s; peak memory 650 MiB.
2026-10-10T17:33:57Z INFO [575/1000] d44431a0-908e-4b4a-8bf7-0f113ef3699c: valid; 1.4 s; peak memory 650 MiB.
2026-10-10T17:33:59Z INFO [576/1000] d444e2c1-0614-4743-a094-378a46071156: valid; 2.2 s; peak memory 650 MiB.
2026-10-10T17:34:16Z INFO [577/1000] d4453d89-bfe9-44b5-99dc-134522f1e567: valid; 16.6 s; peak memory 650 MiB.
2026-10-10T17:34:20Z INFO [578/1000] d44547fb-b904-479b-8c3e-2a80cf02d110: not valid; 4.5 s; peak memory 650 MiB.
2026-10-10T17:34:38Z INFO [579/1000] d44616e1-758c-41aa-95ec-3759a5a484b3: valid; 17.7 s; peak memory 650 MiB.
2026-10-10T17:34:39Z INFO [580/1000] d44644a2-3446-42b5-8a7d-c23800fbc323: valid; 1.4 s; peak memory 650 MiB.
2026-10-10T17:34:46Z INFO [581/1000] d446fab4-43e5-4012-93cf-9175b1c100fc: valid; 6.9 s; peak memory 650 MiB.
2026-10-10T17:34:48Z INFO [582/1000] d4476e7b-5a21-459c-b967-b418d320bf80: valid; 2.2 s; peak memory 650 MiB.
2026-10-10T17:34:50Z INFO [583/1000] d4478661-6fdb-448c-9643-45f72a5766b0: valid; 2.0 s; peak memory 650 MiB.
2026-10-10T17:34:52Z INFO [584/1000] d4478c85-debf-426f-aa4c-f9d84f23ea28: valid; 2.0 s; peak memory 650 MiB.
2026-10-10T17:34:54Z INFO [585/1000] d447efc1-71f4-4884-abea-ea771350dc03: valid; 1.3 s; peak memory 650 MiB.
2026-10-10T17:34:55Z INFO [586/1000] d4482583-d9ef-4edb-87e2-d728a7064bb7: valid; 1.4 s; peak memory 650 MiB.
2026-10-10T17:34:57Z INFO [587/1000] d4484dd4-adc0-4178-8310-dbdaf7e97f5b: valid; 1.7 s; peak memory 650 MiB.
2026-10-10T17:34:59Z INFO [588/1000] d4485e2c-fcc8-418c-85de-889b8aa10390: valid; 2.1 s; peak memory 650 MiB.
2026-10-10T17:35:00Z INFO [589/1000] d449183b-d3b5-4990-a794-76af03a4a750: not valid; 1.5 s; peak memory 650 MiB.
2026-10-10T17:35:08Z INFO [590/1000] d4498087-c49d-4851-9d40-b64f8ef998ba: valid; 7.6 s; peak memory 650 MiB.
2026-10-10T17:35:10Z INFO [591/1000] d44a13cc-a3ac-4674-a521-d78b8d0c1a07: valid; 2.0 s; peak memory 650 MiB.
2026-10-10T17:35:11Z INFO [592/1000] d44a3d49-1073-4e0e-8ce4-dffa01a4b167: valid; 1.0 s; peak memory 650 MiB.
2026-10-10T17:35:13Z INFO [593/1000] d44b7f47-0366-4764-a2ea-331f20c1e20c: valid; 2.0 s; peak memory 650 MiB.
2026-10-10T17:35:15Z INFO [594/1000] d44bd988-7a5c-4351-bb9c-3ad135f342c4: valid; 2.4 s; peak memory 650 MiB.
2026-10-10T17:35:18Z INFO [595/1000] d44c08f6-d8b5-4041-9f9f-469ff3a9a928: valid; 2.3 s; peak memory 650 MiB.
2026-10-10T17:35:19Z INFO [596/1000] d44c2494-77e4-480e-aea0-eba2a2101a81: valid; 1.2 s; peak memory 650 MiB.
2026-10-10T17:35:21Z INFO [597/1000] d44c6f46-5239-4991-9b82-203a7d85c729: valid; 2.0 s; peak memory 650 MiB.
2026-10-10T17:35:22Z INFO [598/1000] d44cce27-ad89-40f1-99d0-047a25aa5412: not valid; 1.5 s; peak memory 650 MiB.
2026-10-10T17:35:24Z INFO [599/1000] d44ce396-c2f1-4e40-998b-effaae23d69d: valid; 1.7 s; peak memory 650 MiB.
2026-10-10T17:35:25Z INFO [600/1000] d44cfc2a-6ac8-4263-8c23-fe02188cda1e: valid; 1.4 s; peak memory 650 MiB.
2026-10-10T17:35:27Z INFO [600/1000] d44cfc2a-6ac8-4263-8c23-fe02188cda1e: checkpointed 203610 new records.
2026-10-10T17:35:29Z INFO [601/1000] d44d0503-418f-4172-a163-92e099f43432: valid; 2.0 s; peak memory 650 MiB.
2026-10-10T17:35:30Z INFO [602/1000] d44d74cd-79a1-4ae4-acf3-5e33ef984d2d: valid; 1.1 s; peak memory 650 MiB.
2026-10-10T17:35:31Z INFO [603/1000] d44d98ca-4605-4013-ba72-cd8916863b5f: valid; 1.3 s; peak memory 650 MiB.
2026-10-10T17:35:33Z INFO [604/1000] d44e1773-b4fa-4de6-84f1-4e8b70ace83d: valid; 2.3 s; peak memory 650 MiB.
2026-10-10T17:35:35Z INFO [605/1000] d44e4ee3-f6fc-4ece-97f2-e1e274e15678: valid; 1.9 s; peak memory 650 MiB.
2026-10-10T17:35:37Z INFO [606/1000] d44e5d3d-ca03-4b49-b144-c0e33966971a: valid; 2.0 s; peak memory 650 MiB.
2026-10-10T17:35:41Z INFO [607/1000] d44eed8a-5e56-47b7-9d29-15d4092bf862: valid; 3.9 s; peak memory 650 MiB.
2026-10-10T17:35:43Z INFO [608/1000] d44f70c3-9eea-4ddc-9a44-00e0eb2b63eb: valid; 1.8 s; peak memory 650 MiB.
2026-10-10T17:35:43Z WARNING d44f8677-9568-4490-a338-1f34fa563745: failed while retrieving asset information from the DANDI API (NotFoundError: No asset at path 'sub-parkinson-simulated-lfp/sub-parkinson-simulated-lfp_ses-7650_ecephys.nwb' in version 0.250327.2220. Verify the path is correct and the asset exists in this version. Use 'dandi ls' to list available assets.)
2026-10-10T17:35:44Z INFO [610/1000] d44f8c47-c031-489a-979c-13f52aedbd8f: valid; 1.4 s; peak memory 650 MiB.
2026-10-10T17:35:48Z INFO [611/1000] d44fa04c-8455-4c3c-beec-25bd35d64e27: valid; 3.4 s; peak memory 650 MiB.
2026-10-10T17:35:50Z INFO [612/1000] d4506751-b3f4-4d37-bbef-f584de072f65: valid; 2.1 s; peak memory 650 MiB.
2026-10-10T17:36:02Z INFO [613/1000] d45080b8-fbc8-42da-a07c-2b5cf307eaff: valid; 12.0 s; peak memory 650 MiB.
2026-10-10T17:36:03Z INFO [614/1000] d4509892-cba7-429b-868a-1c1cfcc7ed59: not valid; 1.5 s; peak memory 650 MiB.
2026-10-10T17:36:06Z INFO [615/1000] d450b102-ccd8-4449-9ef9-697f45b5327f: valid; 2.3 s; peak memory 650 MiB.
2026-10-10T17:36:09Z INFO [616/1000] d450fbec-4548-418b-acda-1713301a4a7c: valid; 3.0 s; peak memory 650 MiB.
2026-10-10T17:36:10Z INFO [617/1000] d451c603-badc-478d-a0a7-ca6ddfd87fd9: valid; 1.3 s; peak memory 650 MiB.
2026-10-10T17:36:12Z INFO [618/1000] d451d596-9e37-4630-b0b2-da606eaef8e9: not valid; 1.7 s; peak memory 650 MiB.
2026-10-10T17:36:17Z INFO [619/1000] d4521704-6f24-4436-ae68-d80ba86d9d2e: valid; 4.9 s; peak memory 650 MiB.
2026-10-10T17:36:18Z INFO [620/1000] d4521c78-2f2f-4d74-bbb5-2818fab40dae: valid; 1.0 s; peak memory 650 MiB.
2026-10-10T17:36:19Z INFO [621/1000] d4526d1a-3dc4-415d-b34a-13fe72ac05ea: valid; 1.0 s; peak memory 650 MiB.
2026-10-10T17:36:20Z INFO [622/1000] d452e258-047d-44eb-967d-664571531887: valid; 1.7 s; peak memory 650 MiB.
2026-10-10T17:36:23Z INFO [623/1000] d45323b1-11d7-4a93-bb38-057dd77cc39c: valid; 2.2 s; peak memory 650 MiB.
2026-10-10T17:36:35Z INFO [624/1000] d45324d1-812c-4d1b-8d48-3604bd3b6c3e: valid; 12.1 s; peak memory 650 MiB.
2026-10-10T17:36:36Z INFO [625/1000] d454020b-8a4d-4534-bb00-0a5617ed6725: valid; 1.8 s; peak memory 650 MiB.
2026-10-10T17:36:38Z INFO [626/1000] d454c6d7-e53a-4988-9604-e49c0209b05a: valid; 1.3 s; peak memory 650 MiB.
2026-10-10T17:36:42Z INFO [627/1000] d454ead5-52d4-4d8d-8a6f-0f9076038e61: valid; 4.2 s; peak memory 650 MiB.
2026-10-10T17:36:49Z INFO [628/1000] d4552dd1-1ef1-4814-98f6-e40f3d3de6ce: valid; 7.3 s; peak memory 650 MiB.
2026-10-10T17:36:57Z INFO [629/1000] d455769e-a91c-4e85-8a9f-a557c3c716d2: valid; 8.0 s; peak memory 650 MiB.
2026-10-10T17:37:04Z INFO [630/1000] d4558a9d-95f3-4c7f-93bf-026257b19a9a: valid; 7.2 s; peak memory 650 MiB.
2026-10-10T17:37:20Z INFO [631/1000] d4558d35-dfe2-4374-94d4-226646425270: valid; 15.5 s; peak memory 650 MiB.
2026-10-10T17:37:22Z INFO [632/1000] d455a8ab-a397-4602-89df-58ee3e904415: valid; 2.5 s; peak memory 650 MiB.
2026-10-10T17:37:27Z INFO [633/1000] d455b826-7d11-4919-be04-74a43d1933ad: valid; 4.4 s; peak memory 650 MiB.
2026-10-10T17:37:29Z INFO [634/1000] d45657c9-f354-4a1e-8d1e-3c9737dd3d76: valid; 2.0 s; peak memory 650 MiB.
2026-10-10T17:37:30Z INFO [635/1000] d4569811-9531-47a5-90e4-b2b969ed61eb: valid; 1.2 s; peak memory 650 MiB.
2026-10-10T17:37:32Z INFO [636/1000] d456a03f-0b2a-4d49-a8bc-88ed6bed7b23: valid; 2.0 s; peak memory 650 MiB.
2026-10-10T17:37:34Z INFO [637/1000] d456caa9-5d26-48fc-ba19-50cf54d813ab: valid; 1.9 s; peak memory 650 MiB.
2026-10-10T17:37:45Z INFO [638/1000] d45731f7-2a00-44a7-907d-2928058478f6: valid; 10.6 s; peak memory 650 MiB.
2026-10-10T17:37:58Z INFO [639/1000] d4574edf-c63c-4542-bf48-1af3714c59d5: valid; 13.3 s; peak memory 650 MiB.
2026-10-10T17:37:59Z INFO [640/1000] d4576a2d-df7e-47aa-aa18-57464d3b8388: valid; 0.9 s; peak memory 650 MiB.
2026-10-10T17:38:01Z INFO [641/1000] d457db67-8cee-4b26-bf94-abad378e4988: valid; 2.0 s; peak memory 650 MiB.
2026-10-10T17:38:02Z INFO [642/1000] d4580fe7-0e29-486c-ba04-024031fd0359: not valid; 1.4 s; peak memory 650 MiB.
2026-10-10T17:38:03Z INFO [643/1000] d458989e-4d32-40d4-86ed-d7be33199fc9: valid; 1.3 s; peak memory 650 MiB.
2026-10-10T17:38:05Z INFO [644/1000] d458b9fd-b2fd-4cca-8d79-585e10a37eb0: valid; 1.2 s; peak memory 650 MiB.
2026-10-10T17:38:06Z INFO [645/1000] d4591c3e-f92c-4cc6-aec8-4af4894d886e: not valid; 1.3 s; peak memory 650 MiB.
2026-10-10T17:38:07Z INFO [646/1000] d4592488-c6f4-499b-8966-d5a4984de8da: valid; 1.3 s; peak memory 650 MiB.
2026-10-10T17:38:09Z INFO [647/1000] d459456f-17e9-4678-8585-2b7de0400686: not valid; 1.6 s; peak memory 650 MiB.
2026-10-10T17:38:11Z INFO [648/1000] d45a94bc-bfc3-40fc-a9a7-0fd7c5136895: valid; 1.9 s; peak memory 650 MiB.
2026-10-10T17:38:17Z INFO [649/1000] d45ad9c5-3d85-4ecc-bee7-30b0f6f842cc: valid; 6.2 s; peak memory 650 MiB.
2026-10-10T17:38:19Z INFO [650/1000] d45b5283-31b7-496b-9101-b943908f0065: valid; 2.0 s; peak memory 650 MiB.
2026-10-10T17:38:20Z INFO [650/1000] d45b5283-31b7-496b-9101-b943908f0065: checkpointed 203660 new records.
2026-10-10T17:38:24Z INFO [651/1000] d45b5ee6-a704-48a0-887b-fe67595d6c21: valid; 3.6 s; peak memory 650 MiB.
2026-10-10T17:38:26Z INFO [652/1000] d45b63f5-5d5f-470e-be56-2a8529086129: valid; 2.0 s; peak memory 650 MiB.
2026-10-10T17:38:28Z INFO [653/1000] d45c200d-c518-46d3-b7b9-d1f12d9899d4: valid; 2.2 s; peak memory 650 MiB.
2026-10-10T17:38:30Z INFO [654/1000] d45c5934-b682-4c87-b2c5-312ccaaf64c3: valid; 2.0 s; peak memory 650 MiB.
2026-10-10T17:38:33Z INFO [655/1000] d45cbb47-96e9-45c7-b720-69bb145d6eec: valid; 3.2 s; peak memory 650 MiB.
2026-10-10T17:38:36Z INFO [656/1000] d45d9f5e-7370-47f8-a176-8ba257b66047: not valid; 2.3 s; peak memory 650 MiB.
2026-10-10T17:38:59Z INFO [657/1000] d45ddb40-ba7e-42f1-9536-b56277fa4747: valid; 23.4 s; peak memory 650 MiB.
2026-10-10T17:39:00Z INFO [658/1000] d45e98f0-d6fd-4a1c-9364-8e05a66e8c92: not valid; 1.5 s; peak memory 650 MiB.
2026-10-10T17:39:03Z INFO [659/1000] d45ee60d-4f47-4993-b8d9-97f337b8e2f5: valid; 2.2 s; peak memory 650 MiB.
2026-10-10T17:39:05Z INFO [660/1000] d45eedd0-14ac-40fc-b55f-4818146e3486: valid; 2.3 s; peak memory 650 MiB.
2026-10-10T17:39:06Z INFO [661/1000] d45f6031-0dab-47b0-a6e3-ccaa1eb36fec: not valid; 1.3 s; peak memory 650 MiB.
2026-10-10T17:39:08Z INFO [662/1000] d45fcd56-1bb2-46fd-9bbc-d76333d3228d: not valid; 2.0 s; peak memory 650 MiB.
2026-10-10T17:39:11Z INFO [663/1000] d4602808-af26-428e-be8a-9a20e6ad8d08: valid; 3.1 s; peak memory 650 MiB.
2026-10-10T17:39:13Z INFO [664/1000] d4604cc6-c906-46c5-be46-34a52e4d09bd: valid; 1.2 s; peak memory 650 MiB.
2026-10-10T17:39:14Z INFO [665/1000] d460d119-27af-4f08-8be6-0bf1d4b0d460: not valid; 1.8 s; peak memory 650 MiB.
2026-10-10T17:39:29Z INFO [666/1000] d4610701-ef74-484f-ab1f-8c4fb1e5fd25: valid; 14.7 s; peak memory 650 MiB.
2026-10-10T17:39:57Z INFO [667/1000] d46110fe-76ab-49e7-ba72-4a6eff31d37d: valid; 28.0 s; peak memory 650 MiB.
2026-10-10T17:40:02Z INFO [668/1000] d4612207-1a72-41ff-9522-50c784a98db2: not valid; 5.3 s; peak memory 650 MiB.
2026-10-10T17:40:24Z INFO [669/1000] d4621654-0fd4-4021-bf14-4fbbb0063c2c: valid; 22.2 s; peak memory 650 MiB.
2026-10-10T17:40:27Z INFO [670/1000] d4623162-6e85-4240-afc6-3707126ee0dd: valid; 2.5 s; peak memory 650 MiB.
2026-10-10T17:40:30Z INFO [671/1000] d4626b20-1d12-4604-b0e2-bf58220bc855: valid; 2.8 s; peak memory 650 MiB.
2026-10-10T17:40:31Z INFO [672/1000] d4635659-f633-4e69-9afb-d65742f7f96f: valid; 1.3 s; peak memory 650 MiB.
2026-10-10T17:40:33Z INFO [673/1000] d463877e-19f2-42a9-8d25-dd89e81b7e94: valid; 2.1 s; peak memory 650 MiB.
2026-10-10T17:40:34Z INFO [674/1000] d463b046-16a0-493f-a1f5-771006daf6dd: valid; 1.3 s; peak memory 650 MiB.
2026-10-10T17:40:36Z INFO [675/1000] d463c409-1125-4e02-b226-55d1c6eaa6bd: valid; 1.3 s; peak memory 650 MiB.
2026-10-10T17:40:36Z WARNING d4648e18-3da1-4009-a444-294b46378f4d: failed while retrieving asset information from the DANDI API (NotFoundError: No asset at path 'sub-parkinson-simulated-lfp/sub-parkinson-simulated-lfp_ses-7781_ecephys.nwb' in version 0.250327.2220. Verify the path is correct and the asset exists in this version. Use 'dandi ls' to list available assets.)
2026-10-10T17:40:37Z INFO [677/1000] d46499f7-32a5-44ca-94c6-fa8e2ad723de: not valid; 1.6 s; peak memory 650 MiB.
2026-10-10T17:40:39Z INFO [678/1000] d464f7d0-1078-4f4c-8583-5158b0dc9acb: valid; 2.0 s; peak memory 650 MiB.
2026-10-10T17:40:41Z INFO [679/1000] d465ef3b-3b5c-4d1a-8f7d-570fd8683c18: valid; 1.9 s; peak memory 650 MiB.
2026-10-10T17:40:43Z INFO [680/1000] d4663984-979f-4568-8526-0dea0efe028c: not valid; 1.7 s; peak memory 650 MiB.
2026-10-10T17:40:53Z INFO [681/1000] d466c740-4d35-465b-aa36-65fba0f89de0: valid; 9.6 s; peak memory 650 MiB.
2026-10-10T17:40:54Z INFO [682/1000] d466e246-2260-4513-be68-115b8329aa69: not valid; 1.9 s; peak memory 650 MiB.
2026-10-10T17:40:55Z INFO [683/1000] d467a330-34e4-425f-b8bd-8db82bf56283: valid; 1.0 s; peak memory 650 MiB.
2026-10-10T17:41:00Z INFO [684/1000] d4680d00-562a-4b85-984f-7e647e6a5033: not valid; 4.1 s; peak memory 650 MiB.
2026-10-10T17:41:04Z INFO [685/1000] d468fe21-7421-410b-a702-6350d23c150b: not valid; 4.3 s; peak memory 650 MiB.
2026-10-10T17:41:05Z INFO [686/1000] d4694861-8eee-468a-bc53-35bdd58f131a: valid; 1.3 s; peak memory 650 MiB.
2026-10-10T17:41:15Z INFO [687/1000] d469aee8-9dd9-4f17-8e8b-e8e93dbfe857: valid; 10.1 s; peak memory 650 MiB.
2026-10-10T17:41:17Z INFO [688/1000] d469e387-64b6-442b-b4e2-c36dddd2a417: valid; 1.4 s; peak memory 650 MiB.
2026-10-10T17:41:18Z INFO [689/1000] d46a2c50-9969-42a5-944c-7771194e2238: valid; 1.1 s; peak memory 650 MiB.
2026-10-10T17:41:20Z INFO [690/1000] d46a747b-5fa6-4581-b2e4-57395e9d933c: not valid; 2.0 s; peak memory 650 MiB.
2026-10-10T17:41:22Z WARNING d46b1fbc-08dc-44bd-897c-d1efdd062f35: failed while opening the NWB file (ConstructError: (root/acquisition/_iblmic_audioSpectrogram/bands GroupBuilder {'attributes': {'colnames': array(['freq'], dtype=object), 'description': 'spectogram frequencies', 'namespace': 'core', 'neurodata_type': 'FrequencyBandsTable', 'object_id': '73360acd-3b0a-482e-a56e-f57d5cfb62a5'}, 'groups': {}, 'datasets': {'freq': root/acquisition/_iblmic_audioSpectrogram/bands/freq DatasetBuilder {'attributes': {'description': 'frequency value', 'namespace': 'hdmf-common', 'neurodata_type': 'VectorData', 'object_id': '48049aa5-9411-4bae-926b-4b99e933edcd'}, 'data': <HDF5 dataset "freq": shape (257,), type "<f4">}, 'id': root/acquisition/_iblmic_audioSpectrogram/bands/id DatasetBuilder {'attributes': {'namespace': 'hdmf-common', 'neurodata_type': 'ElementIdentifiers', 'object_id': '46ef0378-ec44-471e-8236-e01a67c410e7'}, 'data': <HDF5 dataset "id": shape (257,), type "<i4">}}, 'links': {}}, "Could not construct FrequencyBandsTable object due to: column must have the same number of rows as 'id'"))
2026-10-10T17:41:23Z INFO [692/1000] d46c3835-0a56-4c99-8936-60210e81eec4: valid; 1.3 s; peak memory 650 MiB.
2026-10-10T17:41:24Z INFO [693/1000] d46c4678-f8c3-44a3-9c35-4f2fd6b301e9: valid; 1.4 s; peak memory 650 MiB.
2026-10-10T17:41:27Z INFO [694/1000] d46c7640-f1ae-45bf-ace4-34120d2a889f: valid; 2.2 s; peak memory 650 MiB.
2026-10-10T17:41:30Z INFO [695/1000] d46c7f77-473e-48b7-9150-0b779f25fd8c: valid; 3.6 s; peak memory 650 MiB.
2026-10-10T17:41:33Z INFO [696/1000] d46cf5a1-0e05-4ed7-8706-f4cea7800a2b: valid; 2.8 s; peak memory 650 MiB.
2026-10-10T17:41:34Z INFO [697/1000] d46cf5c9-706a-47e2-a089-2fd74692198b: valid; 1.3 s; peak memory 650 MiB.
2026-10-10T17:41:37Z INFO [698/1000] d46d3f08-80f8-430d-bf0b-315722f1f0a8: valid; 2.5 s; peak memory 650 MiB.
2026-10-10T17:41:41Z INFO [699/1000] d46e0995-a092-42be-9de8-95bd640588a3: valid; 4.1 s; peak memory 650 MiB.
2026-10-10T17:41:41Z WARNING d46e1622-cbc8-40d2-8b0f-6c9fc25b4879: failed while retrieving asset information from the DANDI API (NotFoundError: No asset at path 'sub-669489/sub-669489_ses-behavior-669489-2023-07-01-16-31-54.nwb' in version 0.260928.2230. Verify the path is correct and the asset exists in this version. Use 'dandi ls' to list available assets.)
2026-10-10T17:41:42Z INFO [700/1000] d46e1622-cbc8-40d2-8b0f-6c9fc25b4879: checkpointed 203710 new records.
2026-10-10T17:41:44Z INFO [701/1000] d46e82de-bf7c-433e-8d97-a3c5bcaf620b: valid; 2.1 s; peak memory 650 MiB.
2026-10-10T17:41:53Z INFO [702/1000] d46ed10e-c4df-4050-b920-9fc24a429d81: valid; 8.5 s; peak memory 650 MiB.
2026-10-10T17:41:54Z INFO [703/1000] d46f51d2-c580-488b-beea-27072207f76e: valid; 1.3 s; peak memory 650 MiB.
2026-10-10T17:41:56Z INFO [704/1000] d46f706b-d2d1-4e2b-9b6c-89201bcd6e31: valid; 2.2 s; peak memory 650 MiB.
2026-10-10T17:41:58Z INFO [705/1000] d46f779e-0c77-4779-837d-26b54de7b408: valid; 1.3 s; peak memory 650 MiB.
2026-10-10T17:42:07Z INFO [706/1000] d46fcd71-ab55-40c5-b2d6-67b69b3c1a2c: valid; 9.7 s; peak memory 650 MiB.
2026-10-10T17:42:09Z INFO [707/1000] d46fd3af-1e2e-4fc8-b8ad-bc52fd7ca382: not valid; 1.7 s; peak memory 650 MiB.
2026-10-10T17:42:10Z INFO [708/1000] d46fd95b-f5f9-42c2-b45a-0038da1fa893: valid; 1.3 s; peak memory 650 MiB.
2026-10-10T17:42:12Z INFO [709/1000] d4701da3-e6c3-45a0-9c56-e4ad2e4aac30: valid; 1.4 s; peak memory 650 MiB.
2026-10-10T17:42:15Z INFO [710/1000] d4707c98-f7cf-4219-9d85-97944ab525cb: not valid; 3.5 s; peak memory 650 MiB.
2026-10-10T17:42:17Z INFO [711/1000] d4712072-cbd8-4e20-bd48-5421c2a56d81: valid; 2.1 s; peak memory 650 MiB.
2026-10-10T17:42:19Z INFO [712/1000] d471bbd2-d085-4c67-8f6b-4563b3c0004d: not valid; 1.6 s; peak memory 650 MiB.
2026-10-10T17:42:21Z INFO [713/1000] d471d6e0-a5c3-452c-9f00-632228c56bea: valid; 1.8 s; peak memory 650 MiB.
2026-10-10T17:42:22Z INFO [714/1000] d471eac1-b804-43cf-8e42-c32091e84fcc: valid; 1.1 s; peak memory 650 MiB.
2026-10-10T17:42:24Z INFO [715/1000] d471edcd-09b6-4569-9106-f45d91846999: valid; 1.7 s; peak memory 650 MiB.
2026-10-10T17:42:26Z INFO [716/1000] d4721a7c-429c-4658-90a6-e257a06a3230: valid; 2.3 s; peak memory 650 MiB.
2026-10-10T17:42:27Z INFO [717/1000] d4721e2a-d254-4e56-9374-1b80f77e1676: valid; 1.2 s; peak memory 650 MiB.
2026-10-10T17:42:29Z INFO [718/1000] d4731aab-fa07-4996-aef6-02aedbb1bb43: valid; 2.4 s; peak memory 650 MiB.
2026-10-10T17:42:34Z INFO [719/1000] d4732c08-6d2f-414e-9ec4-4d4811688555: valid; 4.1 s; peak memory 650 MiB.
2026-10-10T17:42:35Z INFO [720/1000] d47337df-4356-42cb-9979-92939f3e8ffa: valid; 1.9 s; peak memory 650 MiB.
2026-10-10T17:42:37Z INFO [721/1000] d47341b3-abca-45fb-95bc-c67b8fb3e93b: valid; 1.4 s; peak memory 650 MiB.
2026-10-10T17:42:41Z INFO [722/1000] d473fe9b-94e4-4a5c-be23-f744e26cd33d: valid; 3.8 s; peak memory 650 MiB.
2026-10-10T17:42:43Z INFO [723/1000] d4743efa-7ed0-46af-8c61-f8253fab9d5b: valid; 2.2 s; peak memory 650 MiB.
2026-10-10T17:42:44Z INFO [724/1000] d4744903-8bbb-4c11-b108-1249c64866a8: not valid; 1.5 s; peak memory 650 MiB.
2026-10-10T17:42:49Z INFO [725/1000] d4750c24-6440-477d-8a56-eedbf9623db0: valid; 4.8 s; peak memory 650 MiB.
2026-10-10T17:42:50Z INFO [726/1000] d4754039-bcd2-4c32-b8e4-67c1e3f7ffd0: valid; 1.3 s; peak memory 650 MiB.
2026-10-10T17:42:52Z INFO [727/1000] d475a105-0127-45f8-aaaf-2453b9383e2d: valid; 1.9 s; peak memory 650 MiB.
2026-10-10T17:42:55Z INFO [728/1000] d47669fc-e621-409f-8f3d-cbf2c7f77f34: valid; 2.6 s; peak memory 650 MiB.
2026-10-10T17:42:59Z INFO [729/1000] d476eaa2-5662-4ec2-9129-b5b97367598e: valid; 3.7 s; peak memory 650 MiB.
2026-10-10T17:43:00Z INFO [730/1000] d477354e-d9ef-4751-bfe6-78738575fd7b: valid; 1.3 s; peak memory 650 MiB.
2026-10-10T17:43:00Z WARNING d4786ebc-d743-4db5-942b-0ff791b6b85e: failed while retrieving asset information from the DANDI API (NotFoundError: No asset at path 'sub-healthy-simulated-lfp/sub-healthy-simulated-lfp_ses-1745_ecephys.nwb' in version 0.250327.2220. Verify the path is correct and the asset exists in this version. Use 'dandi ls' to list available assets.)
2026-10-10T17:43:01Z INFO [732/1000] d4793211-8a86-46cd-bb32-300e796cddef: valid; 1.2 s; peak memory 650 MiB.
2026-10-10T17:43:02Z INFO [733/1000] d47938ed-db05-4caa-be8d-c51b7fc0e04e: valid; 1.2 s; peak memory 650 MiB.
2026-10-10T17:43:06Z INFO [734/1000] d47962e2-a21d-4504-b808-a6a945f6b33b: valid; 3.7 s; peak memory 650 MiB.
2026-10-10T17:43:11Z INFO [735/1000] d479cac7-0259-4502-bf68-298cbfb825fa: not valid; 4.7 s; peak memory 650 MiB.
2026-10-10T17:43:12Z INFO [736/1000] d479e51f-c7db-413c-a8c5-06179111f412: not valid; 1.6 s; peak memory 650 MiB.
2026-10-10T17:43:15Z INFO [737/1000] d47abda5-3551-490a-8d6e-938069d97195: valid; 2.3 s; peak memory 650 MiB.
2026-10-10T17:43:18Z INFO [738/1000] d47b1500-50d1-4e02-a34b-49593e23bcfb: not valid; 3.8 s; peak memory 650 MiB.
2026-10-10T17:43:55Z INFO [739/1000] d47b9f6b-8187-4f0a-a85c-5eaaf1f8a807: valid; 36.2 s; peak memory 650 MiB.
2026-10-10T17:43:57Z INFO [740/1000] d47c42e3-0e59-426b-b3ab-43918a883a32: valid; 2.7 s; peak memory 650 MiB.
2026-10-10T17:43:59Z INFO [741/1000] d47cabc0-d907-49cf-a8e6-91c48dd8cf23: valid; 1.3 s; peak memory 650 MiB.
2026-10-10T17:44:02Z INFO [742/1000] d47cd007-0807-466f-b834-12cf7ad162c7: valid; 3.1 s; peak memory 650 MiB.
2026-10-10T17:44:13Z INFO [743/1000] d47cf0d8-a67c-4ea5-908a-a8b3444316a9: valid; 11.7 s; peak memory 650 MiB.
2026-10-10T17:44:16Z INFO [744/1000] d47d3adb-3cf6-43d9-8c6c-00d2c37ba268: valid; 2.6 s; peak memory 650 MiB.
2026-10-10T17:44:17Z INFO [745/1000] d47d3f92-4ebd-41f0-899d-e73784e06a53: valid; 1.3 s; peak memory 650 MiB.
2026-10-10T17:44:20Z INFO [746/1000] d47d4a66-c7ca-4531-9461-4d834f7aef3b: not valid; 2.3 s; peak memory 650 MiB.
2026-10-10T17:44:27Z INFO [747/1000] d47d6ae5-37ff-47d2-b144-86fc94f2b7c4: valid; 7.5 s; peak memory 650 MiB.
2026-10-10T17:44:29Z INFO [748/1000] d47eb2dd-9051-4cc5-ac30-2a692b9a0445: valid; 2.3 s; peak memory 650 MiB.
2026-10-10T17:44:34Z INFO [749/1000] d47ebbdc-92c7-43f2-8347-495cc4083484: valid; 5.0 s; peak memory 650 MiB.
2026-10-10T17:44:36Z INFO [750/1000] d47ece41-22db-4d46-b951-b0a74e2ab310: valid; 1.1 s; peak memory 650 MiB.
2026-10-10T17:44:37Z INFO [750/1000] d47ece41-22db-4d46-b951-b0a74e2ab310: checkpointed 203760 new records.
2026-10-10T17:44:39Z INFO [751/1000] d47eeea6-13c4-4373-8daf-a9056a9c4418: not valid; 1.8 s; peak memory 650 MiB.
2026-10-10T17:44:40Z INFO [752/1000] d47f0eba-8501-41b1-886e-d2db1287b119: valid; 1.5 s; peak memory 650 MiB.
2026-10-10T17:44:41Z INFO [753/1000] d47fb2c1-73ba-4701-b127-e3488de006fa: valid; 1.1 s; peak memory 650 MiB.
2026-10-10T17:44:44Z INFO [754/1000] d4800cc4-e6dc-4546-b633-3602b66757b1: valid; 2.4 s; peak memory 650 MiB.
2026-10-10T17:44:45Z INFO [755/1000] d481884b-ff8f-48d9-bcbc-9331680a75d9: valid; 1.2 s; peak memory 650 MiB.
2026-10-10T17:44:48Z INFO [756/1000] d481e83c-3ec2-4f77-8635-0c100a9e50d3: valid; 2.9 s; peak memory 650 MiB.
2026-10-10T17:44:49Z INFO [757/1000] d4828ae6-b638-41f7-a438-68d058aef941: valid; 1.6 s; peak memory 650 MiB.
2026-10-10T17:44:52Z INFO [758/1000] d482d58b-90c3-4ece-9be7-650514d89730: valid; 3.1 s; peak memory 650 MiB.
2026-10-10T17:45:00Z INFO [759/1000] d48409b6-674b-482a-972c-3d07a7913123: valid; 7.1 s; peak memory 650 MiB.
2026-10-10T17:45:01Z INFO [760/1000] d4849f9b-d582-4a00-bb54-4205b47535c2: not valid; 1.8 s; peak memory 650 MiB.
2026-10-10T17:45:03Z INFO [761/1000] d484deb4-0810-4989-b90e-6beb39f4f0ab: valid; 1.2 s; peak memory 650 MiB.
2026-10-10T17:45:04Z INFO [762/1000] d485ad88-6280-4fce-a806-4edbf5b49f36: not valid; 1.8 s; peak memory 650 MiB.
2026-10-10T17:45:07Z INFO [763/1000] d485d4f6-5723-4775-bc81-82bc2e0944f5: valid; 2.9 s; peak memory 650 MiB.
2026-10-10T17:45:09Z INFO [764/1000] d48637a7-b32d-4caa-a56a-6850988de40f: valid; 1.8 s; peak memory 650 MiB.
2026-10-10T17:45:11Z INFO [765/1000] d4865f47-861e-4bde-9023-f970a24b7fb4: valid; 2.1 s; peak memory 650 MiB.
2026-10-10T17:45:13Z INFO [766/1000] d4869bd4-b0e6-4b85-a42f-b1e03f7c38cd: valid; 1.8 s; peak memory 650 MiB.
2026-10-10T17:45:15Z INFO [767/1000] d486de9c-0a56-4ec1-93e1-74b222bc5f9f: valid; 2.4 s; peak memory 650 MiB.
2026-10-10T17:45:17Z INFO [768/1000] d486ed3d-e089-4548-b6f8-5d39e95be481: valid; 1.3 s; peak memory 650 MiB.
2026-10-10T17:45:22Z INFO [769/1000] d486f476-4fcd-4b7c-b893-8e371de72a73: valid; 5.7 s; peak memory 650 MiB.
2026-10-10T17:45:24Z INFO [770/1000] d4884627-fbc4-4ecf-8224-03bbe078f2a0: valid; 1.3 s; peak memory 650 MiB.
2026-10-10T17:45:29Z INFO [771/1000] d4889601-8e08-4fca-9af2-5347a1099e85: not valid; 5.6 s; peak memory 650 MiB.
2026-10-10T17:45:31Z INFO [772/1000] d488e581-6221-4317-80c3-53569a49ec2c: valid; 2.1 s; peak memory 650 MiB.
2026-10-10T17:45:33Z INFO [773/1000] d4891690-5b91-4a23-aee3-72b3e6722d84: not valid; 2.1 s; peak memory 650 MiB.
2026-10-10T17:45:38Z INFO [774/1000] d489e2a4-4a0c-465f-a10b-b3dc285d55fb: valid; 4.7 s; peak memory 650 MiB.
2026-10-10T17:45:39Z INFO [775/1000] d48a0b3f-5ebc-476d-b59b-2e63b47a836a: valid; 1.2 s; peak memory 650 MiB.
2026-10-10T17:45:41Z INFO [776/1000] d48a71c9-ea0a-4b07-ba3d-e8bcf5047825: valid; 1.6 s; peak memory 650 MiB.
2026-10-10T17:46:32Z INFO [777/1000] d48a7b60-d009-48a9-9744-927dad0e87be: valid; 51.2 s; peak memory 650 MiB.
2026-10-10T17:46:45Z INFO [778/1000] d48b43a2-bb27-47c7-935d-fe1410e305a0: not valid; 12.7 s; peak memory 650 MiB.
2026-10-10T17:46:46Z INFO [779/1000] d48c213a-b613-4ce0-83ff-766389890b10: valid; 1.2 s; peak memory 650 MiB.
2026-10-10T17:46:48Z INFO [780/1000] d48c4874-83a4-4671-b0d4-e17a664d8d99: valid; 1.9 s; peak memory 650 MiB.
2026-10-10T17:46:49Z INFO [781/1000] d48cb6fe-1db6-43a2-b46a-c6b089467430: valid; 1.2 s; peak memory 650 MiB.
2026-10-10T17:46:57Z INFO [782/1000] d48cf312-3333-4fc2-a580-47044b4d8b80: valid; 7.6 s; peak memory 650 MiB.
2026-10-10T17:47:00Z INFO [783/1000] d48e1462-dfca-46ce-b9a6-b5a1f6eed67b: not valid; 3.6 s; peak memory 650 MiB.
2026-10-10T17:47:02Z INFO [784/1000] d48e24f4-4a34-49cb-9a9b-97300a6d1134: valid; 2.0 s; peak memory 650 MiB.
2026-10-10T17:47:05Z INFO [785/1000] d48e4716-c17b-4bcd-b117-015b55e4d09a: valid; 2.5 s; peak memory 650 MiB.
2026-10-10T17:47:07Z WARNING d48ecd44-207e-4849-bf04-801366736bca: failed while opening the NWB file (ConstructError: (root/acquisition/_iblmic_audioSpectrogram/bands GroupBuilder {'attributes': {'colnames': array(['freq'], dtype=object), 'description': 'spectogram frequencies', 'namespace': 'core', 'neurodata_type': 'FrequencyBandsTable', 'object_id': 'a3f87334-b1da-4586-a3f9-7f33d7af762c'}, 'groups': {}, 'datasets': {'freq': root/acquisition/_iblmic_audioSpectrogram/bands/freq DatasetBuilder {'attributes': {'description': 'frequency value', 'namespace': 'hdmf-common', 'neurodata_type': 'VectorData', 'object_id': '9e8583fd-0d29-43c8-8b2c-0365f220dde3'}, 'data': <HDF5 dataset "freq": shape (257,), type "<f4">}, 'id': root/acquisition/_iblmic_audioSpectrogram/bands/id DatasetBuilder {'attributes': {'namespace': 'hdmf-common', 'neurodata_type': 'ElementIdentifiers', 'object_id': '81deee73-114e-4e74-836a-86906609e22e'}, 'data': <HDF5 dataset "id": shape (257,), type "<i4">}}, 'links': {}}, "Could not construct FrequencyBandsTable object due to: column must have the same number of rows as 'id'"))
2026-10-10T17:47:09Z INFO [787/1000] d48f183d-4d95-4567-9d46-376e14d28a13: valid; 2.0 s; peak memory 650 MiB.
2026-10-10T17:47:10Z INFO [788/1000] d48fc21c-c45c-40f4-915c-a2cec5b76b67: valid; 1.2 s; peak memory 650 MiB.
2026-10-10T17:47:14Z INFO [789/1000] d48ffc73-5d3a-42b1-ab38-7396951babda: valid; 3.8 s; peak memory 650 MiB.
2026-10-10T17:47:17Z INFO [790/1000] d490652e-f0a3-4a4f-8822-b02e2d34d981: valid; 3.0 s; peak memory 650 MiB.
2026-10-10T17:47:19Z INFO [791/1000] d490b219-7db9-4dde-9ea1-0752c2c00db3: valid; 1.9 s; peak memory 650 MiB.
2026-10-10T17:47:20Z INFO [792/1000] d491a428-5514-4612-a65e-58bd61e5d9ce: valid; 1.3 s; peak memory 650 MiB.
2026-10-10T17:47:22Z INFO [793/1000] d492568e-928e-4e79-a4a0-ee56e3e5e4d8: not valid; 1.7 s; peak memory 650 MiB.
2026-10-10T17:47:24Z INFO [794/1000] d492dab1-ff60-4c57-b3b8-20ccace7b44a: valid; 2.1 s; peak memory 650 MiB.
2026-10-10T17:47:40Z INFO [795/1000] d493a49e-af76-422b-ae65-cf4cbe35b95c: valid; 16.1 s; peak memory 650 MiB.
2026-10-10T17:47:42Z INFO [796/1000] d4941f05-b608-457e-b01c-b394b8dc7d0f: valid; 2.1 s; peak memory 650 MiB.
2026-10-10T17:47:44Z INFO [797/1000] d495ac98-d410-495b-a530-76c6b99a64d2: valid; 2.3 s; peak memory 650 MiB.
2026-10-10T17:47:46Z INFO [798/1000] d495b49e-1c6c-43a3-863e-31f21d2b6e02: valid; 1.3 s; peak memory 650 MiB.
2026-10-10T17:47:48Z INFO [799/1000] d495d295-ca94-47b5-84e0-d012e5e8e18a: valid; 2.4 s; peak memory 650 MiB.
2026-10-10T17:47:51Z INFO [800/1000] d4962338-16b4-4c25-b3ac-114d4132a104: valid; 2.7 s; peak memory 650 MiB.
2026-10-10T17:47:52Z INFO [800/1000] d4962338-16b4-4c25-b3ac-114d4132a104: checkpointed 203810 new records.
2026-10-10T17:47:55Z INFO [801/1000] d49748ff-bb72-4dea-8e33-6af68878e89e: not valid; 2.5 s; peak memory 650 MiB.
2026-10-10T17:48:02Z INFO [802/1000] d497a6ab-a38e-499e-b038-4d018dfa6de1: valid; 7.7 s; peak memory 650 MiB.
2026-10-10T17:48:09Z INFO [803/1000] d497aa04-32b1-4eff-89ef-0763ef789fc9: valid; 6.8 s; peak memory 650 MiB.
2026-10-10T17:48:12Z INFO [804/1000] d4981e29-2fb0-4d8f-95d9-83479cc3f425: valid; 2.9 s; peak memory 650 MiB.
2026-10-10T17:48:14Z INFO [805/1000] d49989d9-de62-4eaa-b2ec-ad2bf6a328df: valid; 1.9 s; peak memory 650 MiB.
2026-10-10T17:48:15Z INFO [806/1000] d4999865-0985-4e44-80f8-641a96ddc7c7: valid; 1.1 s; peak memory 650 MiB.
2026-10-10T17:48:17Z INFO [807/1000] d499986c-d464-463c-bfc1-e8ee5c78b2d5: not valid; 1.5 s; peak memory 650 MiB.
2026-10-10T17:48:18Z INFO [808/1000] d49ac1ae-92b7-467f-b2fd-7323f20ed9f4: valid; 1.4 s; peak memory 650 MiB.
2026-10-10T17:48:20Z INFO [809/1000] d49b1d88-195a-4cc1-ab02-9d19e2bb7000: valid; 2.5 s; peak memory 650 MiB.
2026-10-10T17:48:22Z INFO [810/1000] d49b5518-3bc1-4089-9be0-90bb17054335: valid; 1.2 s; peak memory 650 MiB.
2026-10-10T17:48:25Z INFO [811/1000] d49b5c4d-3227-4d70-95fd-a1e6788b2604: not valid; 3.0 s; peak memory 650 MiB.
2026-10-10T17:48:26Z INFO [812/1000] d49bb5c1-faea-4c79-8d61-47ba44a9a72c: valid; 1.3 s; peak memory 650 MiB.
2026-10-10T17:48:38Z INFO [813/1000] d49be823-37bb-4170-9c43-3c6d7abfc81b: valid; 12.1 s; peak memory 650 MiB.
2026-10-10T17:48:39Z INFO [814/1000] d49c7554-6095-41a9-be1c-ddd73f2294b1: not valid; 1.4 s; peak memory 650 MiB.
2026-10-10T17:48:41Z INFO [815/1000] d49cb0fd-662f-440e-bd07-542faa685a70: valid; 1.8 s; peak memory 650 MiB.
2026-10-10T17:48:41Z WARNING d49e068c-43db-4112-96b1-7853b2260eb9: failed while retrieving asset information from the DANDI API (NotFoundError: No asset at path 'sub-LG445/sub-LG445_ses-LG445-20250324_obj-3i6s2k_ophys.nwb' in version 0.260915.2135. Verify the path is correct and the asset exists in this version. Use 'dandi ls' to list available assets.)
2026-10-10T17:48:43Z INFO [817/1000] d49e5b21-6aaf-4a37-ac4d-0e73e7e0ee98: not valid; 1.7 s; peak memory 650 MiB.
2026-10-10T17:48:44Z INFO [818/1000] d49f09f8-9279-46aa-b00b-7d796ba1424c: valid; 1.2 s; peak memory 650 MiB.
2026-10-10T17:49:06Z INFO [819/1000] d49f5c7c-8ece-4b46-8e14-a309061f409a: valid; 21.4 s; peak memory 650 MiB.
2026-10-10T17:49:07Z INFO [820/1000] d49f66f1-3203-4e62-b75c-ac3449703d4e: valid; 1.8 s; peak memory 650 MiB.
2026-10-10T17:49:09Z WARNING d49f6dd9-999a-400d-94fe-f58de40ba901: failed while opening the NWB file (ConstructError: (root/acquisition/_iblmic_audioSpectrogram/bands GroupBuilder {'attributes': {'colnames': array(['freq'], dtype=object), 'description': 'spectogram frequencies', 'namespace': 'core', 'neurodata_type': 'FrequencyBandsTable', 'object_id': '11985549-39ff-4a4d-b5f0-8c63090d53d6'}, 'groups': {}, 'datasets': {'freq': root/acquisition/_iblmic_audioSpectrogram/bands/freq DatasetBuilder {'attributes': {'description': 'frequency value', 'namespace': 'hdmf-common', 'neurodata_type': 'VectorData', 'object_id': '30df7e42-868e-42cd-b472-916244b9ff92'}, 'data': <HDF5 dataset "freq": shape (257,), type "<f4">}, 'id': root/acquisition/_iblmic_audioSpectrogram/bands/id DatasetBuilder {'attributes': {'namespace': 'hdmf-common', 'neurodata_type': 'ElementIdentifiers', 'object_id': '63f61111-9a50-4768-a617-d902a8bc335e'}, 'data': <HDF5 dataset "id": shape (257,), type "<i4">}}, 'links': {}}, "Could not construct FrequencyBandsTable object due to: column must have the same number of rows as 'id'"))
2026-10-10T17:49:12Z INFO [822/1000] d49f8b33-216c-42e5-9c80-05532905d03d: valid; 2.6 s; peak memory 650 MiB.
2026-10-10T17:49:13Z INFO [823/1000] d4a022df-4a39-4056-9fe5-37711b024202: valid; 1.3 s; peak memory 650 MiB.
2026-10-10T17:49:17Z INFO [824/1000] d4a0db3c-b81f-408d-a475-9f8ab8868839: valid; 3.6 s; peak memory 650 MiB.
2026-10-10T17:49:23Z INFO [825/1000] d4a12787-7e6f-48d8-93a5-a95a4f19f27c: not valid; 6.3 s; peak memory 650 MiB.
2026-10-10T17:49:25Z INFO [826/1000] d4a12d73-2a0d-47f0-b815-bd132b7fe735: not valid; 1.8 s; peak memory 650 MiB.
2026-10-10T17:49:27Z INFO [827/1000] d4a15f16-bbde-4608-97a7-54eec466f283: valid; 2.1 s; peak memory 650 MiB.
2026-10-10T17:49:29Z INFO [828/1000] d4a1785e-e5e8-49c9-8a59-1dc72ffad896: valid; 1.7 s; peak memory 650 MiB.
2026-10-10T17:49:46Z INFO [829/1000] d4a2234e-b22b-4a6e-8f52-75e96f724f40: valid; 17.7 s; peak memory 650 MiB.
2026-10-10T17:49:57Z INFO [830/1000] d4a2d835-da2f-46e2-a135-0edcb80e3189: valid; 10.9 s; peak memory 650 MiB.
2026-10-10T17:49:59Z INFO [831/1000] d4a38bd1-7a7a-4050-8943-4585c811ad39: valid; 2.1 s; peak memory 650 MiB.
2026-10-10T17:50:01Z INFO [832/1000] d4a456fa-95d0-463c-b3a6-bd5058f4f81f: valid; 1.3 s; peak memory 650 MiB.
2026-10-10T17:50:02Z INFO [833/1000] d4a4a5a8-3849-459a-979c-3a5fb87940e2: not valid; 1.5 s; peak memory 650 MiB.
2026-10-10T17:50:04Z INFO [834/1000] d4a4bed4-e4a3-41d9-8065-b6b3bd394677: valid; 1.4 s; peak memory 650 MiB.
2026-10-10T17:50:07Z INFO [835/1000] d4a50475-e60a-4a46-a6a0-07b4f3e44dfc: valid; 2.9 s; peak memory 650 MiB.
2026-10-10T17:50:08Z INFO [836/1000] d4a51fdd-12f0-4d7d-8657-bb92bbdca4f7: valid; 1.2 s; peak memory 650 MiB.
2026-10-10T17:50:09Z INFO [837/1000] d4a52f55-79b0-4667-9024-9d4f6b9d630e: valid; 1.2 s; peak memory 650 MiB.
2026-10-10T17:50:32Z INFO [838/1000] d4a5a289-3e91-4bc6-aa21-4cdd23cb361b: valid; 22.5 s; peak memory 650 MiB.
2026-10-10T17:50:41Z INFO [839/1000] d4a6860c-15fa-45e7-9df8-ebd6db613443: not valid; 9.2 s; peak memory 650 MiB.
2026-10-10T17:50:42Z INFO [840/1000] d4a6bf0a-2551-4afe-907e-db2b1a325c85: not valid; 1.5 s; peak memory 650 MiB.
2026-10-10T17:50:46Z INFO [841/1000] d4a708e2-3df4-40dc-8149-e69a47308a46: valid; 3.3 s; peak memory 650 MiB.
2026-10-10T17:50:47Z INFO [842/1000] d4a735f0-45fe-4bc4-89ac-185500ba1bed: valid; 1.3 s; peak memory 650 MiB.
2026-10-10T17:50:48Z INFO [843/1000] d4a86eda-76ea-4028-88df-31df9761cf3c: valid; 1.3 s; peak memory 650 MiB.
2026-10-10T17:50:49Z INFO [844/1000] d4a8f949-13ab-4266-b324-ee676282f783: valid; 1.3 s; peak memory 650 MiB.
2026-10-10T17:50:57Z INFO [845/1000] d4a8fc8e-5925-4c42-a219-8b07fcfd7527: valid; 7.4 s; peak memory 650 MiB.
2026-10-10T17:50:59Z INFO [846/1000] d4a90775-51da-4eab-8178-9c611aadc405: valid; 2.5 s; peak memory 650 MiB.
2026-10-10T17:51:01Z INFO [847/1000] d4a9c3dc-e28e-4bb6-a404-7cef8b8195bd: valid; 1.2 s; peak memory 650 MiB.
2026-10-10T17:51:02Z INFO [848/1000] d4aa4695-443e-47d9-a4bf-8b6ff38477bc: valid; 1.3 s; peak memory 650 MiB.
2026-10-10T17:51:03Z INFO [849/1000] d4aacbb3-bbb9-498e-b65c-feee5776d663: valid; 1.4 s; peak memory 650 MiB.
2026-10-10T17:51:12Z INFO [850/1000] d4abd63b-65f6-48f5-afbe-de8c8b780c2e: valid; 8.4 s; peak memory 650 MiB.
2026-10-10T17:51:13Z INFO [850/1000] d4abd63b-65f6-48f5-afbe-de8c8b780c2e: checkpointed 203860 new records.
2026-10-10T17:51:15Z INFO [851/1000] d4ac2003-17ec-41f7-a992-0f084eaf8613: not valid; 1.5 s; peak memory 650 MiB.
2026-10-10T17:51:16Z INFO [852/1000] d4acab42-10c0-4d9d-abfc-91e869d1a2a5: not valid; 1.6 s; peak memory 650 MiB.
2026-10-10T17:51:18Z INFO [853/1000] d4accd25-8583-4c85-aa4a-d86708f5d42b: not valid; 1.4 s; peak memory 650 MiB.
2026-10-10T17:51:22Z INFO [854/1000] d4ad8d23-9cdc-40c5-9e17-87dd7b7f9c29: valid; 4.8 s; peak memory 650 MiB.
2026-10-10T17:51:24Z INFO [855/1000] d4ad983c-8b27-48d5-8251-d0b7f541859a: valid; 1.4 s; peak memory 650 MiB.
2026-10-10T17:51:26Z INFO [856/1000] d4ad9c14-974c-4ac7-98f9-bb4dfb7a875f: valid; 1.8 s; peak memory 650 MiB.
2026-10-10T17:51:35Z INFO [857/1000] d4ae41b4-fa18-45a6-b472-9d6b624d7875: valid; 10.0 s; peak memory 650 MiB.
2026-10-10T17:51:38Z INFO [858/1000] d4ae4e38-85e8-4a8d-a84e-cda275f3ce7f: valid; 2.1 s; peak memory 650 MiB.
2026-10-10T17:53:43Z INFO [859/1000] d4aeacdc-c7ab-4d4f-a747-4bc82b4fa98b: not valid; 125.4 s; peak memory 650 MiB.
2026-10-10T17:54:01Z INFO [860/1000] d4af9c32-dfef-4be9-98ce-cebd37290915: valid; 18.1 s; peak memory 650 MiB.
2026-10-10T17:54:02Z INFO [861/1000] d4afaa42-8b07-4b03-a6fe-7157b80f3fd2: valid; 1.3 s; peak memory 650 MiB.
2026-10-10T17:54:05Z INFO [862/1000] d4b04a0b-8bf8-4911-868d-b56fe255513b: not valid; 3.0 s; peak memory 650 MiB.
2026-10-10T17:54:08Z INFO [863/1000] d4b0728e-be7b-4ac0-bf6c-0870ffe868ec: not valid; 3.1 s; peak memory 650 MiB.
2026-10-10T17:54:26Z INFO [864/1000] d4b110ca-0d27-4174-ae36-c4b71b2be9e4: not valid; 17.6 s; peak memory 650 MiB.
2026-10-10T17:54:30Z INFO [865/1000] d4b14255-009c-4a59-b63c-4ca9bcd5e31c: valid; 3.5 s; peak memory 650 MiB.
2026-10-10T17:54:32Z INFO [866/1000] d4b172d8-4aa0-4926-b8d2-92f288a8b052: valid; 2.9 s; peak memory 650 MiB.
2026-10-10T17:54:34Z INFO [867/1000] d4b18cf1-e7dd-4337-b3dc-e42d8a1abb19: valid; 1.2 s; peak memory 650 MiB.
2026-10-10T17:54:36Z INFO [868/1000] d4b2aa69-9f26-468e-ac3c-b7d4b43b61a9: valid; 2.4 s; peak memory 650 MiB.
2026-10-10T17:54:38Z INFO [869/1000] d4b3728a-c56b-498b-a383-b4a4cf187b76: valid; 2.0 s; peak memory 650 MiB.
2026-10-10T17:54:39Z INFO [870/1000] d4b3cdd6-4358-4b5a-8d36-5f7a966c6af8: valid; 1.3 s; peak memory 650 MiB.
2026-10-10T17:55:04Z INFO [871/1000] d4b42a4e-713d-409c-81e6-3840c6c59b59: not valid; 24.6 s; peak memory 650 MiB.
2026-10-10T17:55:05Z INFO [872/1000] d4b477c4-0bf7-4e89-b02e-096cfbe2db92: not valid; 1.5 s; peak memory 650 MiB.
2026-10-10T17:55:08Z INFO [873/1000] d4b49944-67a0-44f5-8024-5bace38eb429: not valid; 2.6 s; peak memory 650 MiB.
2026-10-10T17:55:10Z INFO [874/1000] d4b50033-7d15-4c8c-8ab0-e3bda45b6bee: valid; 1.6 s; peak memory 650 MiB.
2026-10-10T17:55:23Z INFO [875/1000] d4b56d8a-d5b6-41f3-9ced-7c0ae755131a: valid; 13.7 s; peak memory 650 MiB.
2026-10-10T17:55:26Z INFO [876/1000] d4b6230b-4e9d-413a-b828-72b83e323244: valid; 3.1 s; peak memory 650 MiB.
2026-10-10T17:55:28Z INFO [877/1000] d4b64211-443e-41c1-a8ea-132d9640ec5b: valid; 1.3 s; peak memory 650 MiB.
2026-10-10T17:55:31Z INFO [878/1000] d4b6545f-3a5d-4bfe-9136-2946447a4e40: valid; 3.2 s; peak memory 650 MiB.
2026-10-10T17:55:33Z INFO [879/1000] d4b65c62-bae9-4c1f-9992-429df57f5d10: valid; 1.7 s; peak memory 650 MiB.
2026-10-10T17:55:44Z INFO [880/1000] d4b6e72d-2d58-4bc1-b20a-4b1ca2f14884: valid; 11.8 s; peak memory 650 MiB.
2026-10-10T17:55:46Z INFO [881/1000] d4b818a9-f071-41f1-b316-019d955b367a: valid; 1.9 s; peak memory 650 MiB.
2026-10-10T17:55:59Z INFO [882/1000] d4b83e2b-6e76-4f76-b6c2-d9bc7f3d363d: valid; 13.0 s; peak memory 650 MiB.
2026-10-10T17:56:01Z INFO [883/1000] d4b888d1-d96b-475a-b773-015782ee7369: valid; 2.1 s; peak memory 650 MiB.
2026-10-10T17:56:07Z INFO [884/1000] d4b8f95e-2bf3-4a0e-9cf2-bd4c68d86a7c: valid; 5.9 s; peak memory 650 MiB.
2026-10-10T17:56:09Z INFO [885/1000] d4b955d6-66a5-4857-b1c3-2a7ca0969300: valid; 1.8 s; peak memory 650 MiB.
2026-10-10T17:56:11Z INFO [886/1000] d4b99072-f3f8-4a5d-865f-0c107f418174: valid; 2.0 s; peak memory 650 MiB.
2026-10-10T17:56:13Z INFO [887/1000] d4ba36fa-1a22-45bd-87b8-5340ff6c1778: valid; 1.7 s; peak memory 650 MiB.
2026-10-10T17:56:15Z INFO [888/1000] d4bba883-aee7-4e0f-80a5-4a65e8384cfd: valid; 2.1 s; peak memory 650 MiB.
2026-10-10T17:56:17Z INFO [889/1000] d4bcb9e7-d7db-4e22-9fb6-06c9d8b12108: valid; 2.2 s; peak memory 650 MiB.
2026-10-10T17:56:20Z INFO [890/1000] d4bcbe3b-8ef6-45da-97b7-48f7e46ff37b: valid; 3.2 s; peak memory 650 MiB.
2026-10-10T17:56:22Z INFO [891/1000] d4bd468a-e1d8-46bd-b99a-d67bea570f87: valid; 1.1 s; peak memory 650 MiB.
2026-10-10T17:56:24Z INFO [892/1000] d4bd7942-3d7a-4515-936c-e4cfb4514e7f: valid; 2.3 s; peak memory 650 MiB.
2026-10-10T17:56:27Z INFO [893/1000] d4bd8538-52fe-42da-906b-bfe170881df6: valid; 2.9 s; peak memory 650 MiB.
2026-10-10T17:56:30Z INFO [894/1000] d4bdb41f-1cdd-49ed-b456-399220dfc4fa: valid; 3.6 s; peak memory 650 MiB.
2026-10-10T17:56:32Z WARNING d4be18a4-838f-499b-8413-e61d8a579542: failed while opening the NWB file (ConstructError: (root/acquisition/event_code_meanings GroupBuilder {'attributes': {'colnames': array(['value', 'meaning'], dtype=object), 'description': 'Mapping integer event codes to event labels', 'namespace': 'ndx-events', 'neurodata_type': 'MeaningsTable', 'object_id': 'b65a0ccd-fd21-4f6b-bb0e-052269c73553'}, 'groups': {}, 'datasets': {'id': root/acquisition/event_code_meanings/id DatasetBuilder {'attributes': {'namespace': 'hdmf-common', 'neurodata_type': 'ElementIdentifiers', 'object_id': '240d4f60-e765-4576-a0a1-d6aadb20b0b5'}, 'data': <HDF5 dataset "id": shape (26,), type "<i8">}, 'meaning': root/acquisition/event_code_meanings/meaning DatasetBuilder {'attributes': {'description': 'The meaning of the value in the parent CategoricalVectorData object.', 'namespace': 'hdmf-experimental', 'neurodata_type': 'VectorData', 'object_id': 'd09321ca-e282-4164-aeca-462294386988'}, 'data': <StrDataset for HDF5 dataset "meaning": shape (26,), type "|O">}, 'value': root/acquisition/event_code_meanings/value DatasetBuilder {'attributes': {'description': 'The value of the parent CategoricalVectorData object.', 'namespace': 'hdmf-experimental', 'neurodata_type': 'VectorData', 'object_id': '87b3dffe-f036-479a-899f-4047b2a8239d'}, 'data': <HDF5 dataset "value": shape (26,), type "<i8">}}, 'links': {}}, "Could not construct MeaningsTable object due to: MeaningsTable.__init__: missing argument 'target'"))
2026-10-10T17:56:51Z INFO [896/1000] d4be9fa3-4161-4345-9449-45cdb7fe8e99: valid; 18.8 s; peak memory 650 MiB.
2026-10-10T17:57:06Z INFO [897/1000] d4bee9ad-9260-4fdb-93d7-26224b4dc614: valid; 15.9 s; peak memory 650 MiB.
2026-10-10T17:57:07Z WARNING d4bf66e9-c7cf-4447-ad7a-c6f0084fe43e: failed while retrieving asset information from the DANDI API (NotFoundError: No asset at path 'sub-LG445/sub-LG445_ses-20250324_obj-aq5rkt_ophys.nwb' in version 0.260915.2135. Verify the path is correct and the asset exists in this version. Use 'dandi ls' to list available assets.)
2026-10-10T17:57:08Z INFO [899/1000] d4c031f7-fa88-45c4-85a2-612c1b0c077e: not valid; 1.8 s; peak memory 650 MiB.
2026-10-10T17:57:10Z WARNING d4c04077-b4cb-4e7a-a803-d05bd2028746: failed while opening the NWB file (ConstructError: (root/acquisition/_iblmic_audioSpectrogram/bands GroupBuilder {'attributes': {'colnames': array(['freq'], dtype=object), 'description': 'spectogram frequencies', 'namespace': 'core', 'neurodata_type': 'FrequencyBandsTable', 'object_id': '99f8df9e-aae0-483c-a01a-f1990efd3273'}, 'groups': {}, 'datasets': {'freq': root/acquisition/_iblmic_audioSpectrogram/bands/freq DatasetBuilder {'attributes': {'description': 'frequency value', 'namespace': 'hdmf-common', 'neurodata_type': 'VectorData', 'object_id': 'bab96c98-eb45-4928-8f51-859817385bef'}, 'data': <HDF5 dataset "freq": shape (257,), type "<f4">}, 'id': root/acquisition/_iblmic_audioSpectrogram/bands/id DatasetBuilder {'attributes': {'namespace': 'hdmf-common', 'neurodata_type': 'ElementIdentifiers', 'object_id': '13590212-6bd8-4169-b54d-2fe84d316781'}, 'data': <HDF5 dataset "id": shape (257,), type "<i4">}}, 'links': {}}, "Could not construct FrequencyBandsTable object due to: column must have the same number of rows as 'id'"))
2026-10-10T17:57:12Z INFO [900/1000] d4c04077-b4cb-4e7a-a803-d05bd2028746: checkpointed 203910 new records.
2026-10-10T17:57:17Z INFO [901/1000] d4c07d0f-8609-44ce-93fb-bea7cf2e7133: valid; 4.9 s; peak memory 650 MiB.
2026-10-10T17:57:18Z INFO [902/1000] d4c0b5ff-7c23-4c97-b6e4-853f76d6faa7: not valid; 1.6 s; peak memory 650 MiB.
2026-10-10T17:57:19Z INFO [903/1000] d4c0d601-3cbd-41a4-9ee1-9bf3d7778999: valid; 1.3 s; peak memory 650 MiB.
2026-10-10T17:57:21Z INFO [904/1000] d4c108e2-47d4-4b49-a4f2-273c64d08991: valid; 1.3 s; peak memory 650 MiB.
2026-10-10T17:57:23Z INFO [905/1000] d4c217af-1d77-4b19-bf0f-c1277c6eea4b: valid; 2.3 s; peak memory 650 MiB.
2026-10-10T17:57:25Z WARNING d4c30ce3-3497-4a0f-95b2-43eb65c71529: failed while opening the NWB file (ConstructError: (root/acquisition/_iblmic_audioSpectrogram/bands GroupBuilder {'attributes': {'colnames': array(['freq'], dtype=object), 'description': 'spectogram frequencies', 'namespace': 'core', 'neurodata_type': 'FrequencyBandsTable', 'object_id': 'c323a901-e835-407e-9539-ac6a03b1c290'}, 'groups': {}, 'datasets': {'freq': root/acquisition/_iblmic_audioSpectrogram/bands/freq DatasetBuilder {'attributes': {'description': 'frequency value', 'namespace': 'hdmf-common', 'neurodata_type': 'VectorData', 'object_id': 'de65f2a0-3ac2-4d4c-9f20-16ad74b8ee11'}, 'data': <HDF5 dataset "freq": shape (257,), type "<f4">}, 'id': root/acquisition/_iblmic_audioSpectrogram/bands/id DatasetBuilder {'attributes': {'namespace': 'hdmf-common', 'neurodata_type': 'ElementIdentifiers', 'object_id': 'f7a46f55-c059-4576-8f9a-8a30e909bb44'}, 'data': <HDF5 dataset "id": shape (257,), type "<i4">}}, 'links': {}}, "Could not construct FrequencyBandsTable object due to: column must have the same number of rows as 'id'"))
2026-10-10T17:57:28Z INFO [907/1000] d4c32121-4da4-4771-8ea9-e9407576b155: valid; 2.6 s; peak memory 650 MiB.
2026-10-10T17:57:29Z INFO [908/1000] d4c3b25d-896b-41f6-a3b1-f8b59447f0f8: not valid; 1.5 s; peak memory 650 MiB.
2026-10-10T17:57:30Z INFO [909/1000] d4c4166b-8037-4615-8478-6e181208fe7c: valid; 1.2 s; peak memory 650 MiB.
2026-10-10T17:57:32Z INFO [910/1000] d4c46121-5602-4583-8a05-c82f357ba1f4: valid; 2.2 s; peak memory 650 MiB.
2026-10-10T17:57:35Z INFO [911/1000] d4c4732c-2f2a-46d8-90fe-d86203174630: valid; 2.3 s; peak memory 650 MiB.
2026-10-10T17:57:37Z INFO [912/1000] d4c4fbc2-8ee6-4996-881c-561af32509da: valid; 2.1 s; peak memory 650 MiB.
2026-10-10T17:57:38Z INFO [913/1000] d4c5751f-61b6-49c3-99a1-48692f531b48: not valid; 1.5 s; peak memory 650 MiB.
2026-10-10T17:57:40Z WARNING d4c6dda3-1a4c-4504-a6fa-20535b8e1846: failed while opening the NWB file (ConstructError: (root/acquisition/_iblmic_audioSpectrogram/bands GroupBuilder {'attributes': {'colnames': array(['freq'], dtype=object), 'description': 'spectogram frequencies', 'namespace': 'core', 'neurodata_type': 'FrequencyBandsTable', 'object_id': '14c24ba5-2abf-40e3-a8c4-a2bf76bfae31'}, 'groups': {}, 'datasets': {'freq': root/acquisition/_iblmic_audioSpectrogram/bands/freq DatasetBuilder {'attributes': {'description': 'frequency value', 'namespace': 'hdmf-common', 'neurodata_type': 'VectorData', 'object_id': 'c395de7b-d2e6-4511-9d60-96535dfe0a40'}, 'data': <HDF5 dataset "freq": shape (257,), type "<f4">}, 'id': root/acquisition/_iblmic_audioSpectrogram/bands/id DatasetBuilder {'attributes': {'namespace': 'hdmf-common', 'neurodata_type': 'ElementIdentifiers', 'object_id': 'e9238272-aa4d-4300-8b41-f47d10c864c3'}, 'data': <HDF5 dataset "id": shape (257,), type "<i4">}}, 'links': {}}, "Could not construct FrequencyBandsTable object due to: column must have the same number of rows as 'id'"))
2026-10-10T17:57:44Z INFO [915/1000] d4c7147a-7686-46ad-8a68-e5ca80a57a46: valid; 3.2 s; peak memory 650 MiB.
2026-10-10T17:58:04Z INFO [916/1000] d4c71fdc-f2fc-4034-ba80-9b2e30d1fdf0: valid; 20.0 s; peak memory 650 MiB.
2026-10-10T17:58:06Z INFO [917/1000] d4c7715d-2cfa-4fe1-b40b-4161b3e44892: valid; 1.8 s; peak memory 650 MiB.
2026-10-10T17:58:07Z INFO [918/1000] d4c7a4d0-373d-4b24-a873-6ef7eb5f7d72: valid; 1.2 s; peak memory 650 MiB.
2026-10-10T17:58:41Z INFO [919/1000] d4c7cbc5-198d-4a06-86d0-b661b4f8ffe1: not valid; 34.4 s; peak memory 650 MiB.
2026-10-10T17:58:53Z INFO [920/1000] d4c82b1a-7512-49d1-822d-efcb47b9f011: valid; 11.9 s; peak memory 650 MiB.
2026-10-10T17:58:56Z INFO [921/1000] d4c9db6a-95d1-4129-aa77-cc6eab96aebd: valid; 2.8 s; peak memory 650 MiB.
2026-10-10T17:59:09Z INFO [922/1000] d4ca45d6-b4ba-4ee0-b56f-63cf38158f0b: valid; 12.7 s; peak memory 650 MiB.
2026-10-10T17:59:10Z INFO [923/1000] d4ca7592-c72f-4482-b610-78315c322620: not valid; 1.2 s; peak memory 650 MiB.
2026-10-10T17:59:27Z INFO [924/1000] d4cb0ec9-c5de-4249-a5f6-77abb0b1492f: valid; 17.7 s; peak memory 650 MiB.
2026-10-10T17:59:40Z INFO [925/1000] d4cb2bb7-e6a0-485a-bdc6-342ff50de5e1: valid; 12.2 s; peak memory 650 MiB.
2026-10-10T17:59:49Z INFO [926/1000] d4cb5519-4404-4d77-9768-875c6d2242ec: not valid; 9.6 s; peak memory 650 MiB.
2026-10-10T17:59:52Z INFO [927/1000] d4cb61a0-23c0-4cbf-8d9f-9b1f634bb35a: valid; 2.8 s; peak memory 650 MiB.
2026-10-10T18:00:03Z INFO [928/1000] d4cbbf76-b657-4b97-b703-c99e258f8eab: valid; 10.9 s; peak memory 650 MiB.
2026-10-10T18:00:04Z INFO [929/1000] d4cbcddc-5350-40b4-8031-ae79dddd768a: valid; 1.3 s; peak memory 650 MiB.
2026-10-10T18:00:06Z WARNING d4cc286e-3b4f-4136-bf7c-baf024a2e109: failed while opening the NWB file (ConstructError: (root/acquisition/event_code_meanings GroupBuilder {'attributes': {'colnames': array(['value', 'meaning'], dtype=object), 'description': 'Mapping integer event codes to event labels', 'namespace': 'ndx-events', 'neurodata_type': 'MeaningsTable', 'object_id': 'b0d5eb71-5a4a-4070-afb1-d37e99a54584'}, 'groups': {}, 'datasets': {'id': root/acquisition/event_code_meanings/id DatasetBuilder {'attributes': {'namespace': 'hdmf-common', 'neurodata_type': 'ElementIdentifiers', 'object_id': 'f894e16d-c023-4622-a517-d82965cb622f'}, 'data': <HDF5 dataset "id": shape (26,), type "<i8">}, 'meaning': root/acquisition/event_code_meanings/meaning DatasetBuilder {'attributes': {'description': 'The meaning of the value in the parent CategoricalVectorData object.', 'namespace': 'hdmf-experimental', 'neurodata_type': 'VectorData', 'object_id': '7347ebf5-599c-4290-a31b-8971c428bc6c'}, 'data': <StrDataset for HDF5 dataset "meaning": shape (26,), type "|O">}, 'value': root/acquisition/event_code_meanings/value DatasetBuilder {'attributes': {'description': 'The value of the parent CategoricalVectorData object.', 'namespace': 'hdmf-experimental', 'neurodata_type': 'VectorData', 'object_id': 'a968a654-d617-4fbf-b141-198f98858539'}, 'data': <HDF5 dataset "value": shape (26,), type "<i8">}}, 'links': {}}, "Could not construct MeaningsTable object due to: MeaningsTable.__init__: missing argument 'target'"))
2026-10-10T18:00:08Z INFO [931/1000] d4ccb6bb-f3d3-4fcc-9942-3cfd43255683: valid; 1.5 s; peak memory 650 MiB.
2026-10-10T18:00:10Z INFO [932/1000] d4cd113b-007d-45cb-8132-ed85508ec625: valid; 2.3 s; peak memory 650 MiB.
2026-10-10T18:00:11Z INFO [933/1000] d4cd5472-63e6-4982-9222-204bb0e61d13: valid; 1.3 s; peak memory 650 MiB.
2026-10-10T18:00:58Z INFO [934/1000] d4cd649e-9876-4853-8ecc-13fbfcea5eca: valid; 46.6 s; peak memory 650 MiB.
2026-10-10T18:01:00Z INFO [935/1000] d4cd676d-4f57-43a2-a31d-dcd82f46b50e: not valid; 2.3 s; peak memory 650 MiB.
2026-10-10T18:01:04Z INFO [936/1000] d4cda2b2-41f7-460b-9380-9c8432234d75: not valid; 3.9 s; peak memory 650 MiB.
2026-10-10T18:01:05Z INFO [937/1000] d4cdb82c-f1be-4945-9a57-d62a1205614f: valid; 1.0 s; peak memory 650 MiB.
2026-10-10T18:01:07Z INFO [938/1000] d4cdcdad-65b1-4cea-935e-ce5a7d4cefb1: valid; 1.8 s; peak memory 650 MiB.
2026-10-10T18:01:09Z INFO [939/1000] d4cf61aa-3b1b-44be-ad47-c95039c71da6: valid; 1.9 s; peak memory 650 MiB.
2026-10-10T18:01:11Z WARNING d4cf9f43-b35e-47d6-a6ec-0c6303d8b2d9: failed while opening the NWB file (ConstructError: (root/acquisition/_iblmic_audioSpectrogram/bands GroupBuilder {'attributes': {'colnames': array(['freq'], dtype=object), 'description': 'spectogram frequencies', 'namespace': 'core', 'neurodata_type': 'FrequencyBandsTable', 'object_id': 'a8b793e3-929d-41b6-9568-89850834b433'}, 'groups': {}, 'datasets': {'freq': root/acquisition/_iblmic_audioSpectrogram/bands/freq DatasetBuilder {'attributes': {'description': 'frequency value', 'namespace': 'hdmf-common', 'neurodata_type': 'VectorData', 'object_id': '3dd16e2a-8047-4459-bb1d-38adfc4f25ac'}, 'data': <HDF5 dataset "freq": shape (257,), type "<f4">}, 'id': root/acquisition/_iblmic_audioSpectrogram/bands/id DatasetBuilder {'attributes': {'namespace': 'hdmf-common', 'neurodata_type': 'ElementIdentifiers', 'object_id': '0efe40aa-8791-4565-87ad-3d5b578a3ab5'}, 'data': <HDF5 dataset "id": shape (257,), type "<i4">}}, 'links': {}}, "Could not construct FrequencyBandsTable object due to: column must have the same number of rows as 'id'"))
2026-10-10T18:02:34Z INFO [941/1000] d4d0647f-6501-497a-9b9c-f13f173c7bc1: not valid; 83.3 s; peak memory 650 MiB.
2026-10-10T18:02:43Z INFO [942/1000] d4d0a611-ebbe-4234-9957-7ae5b81c8a4d: valid; 8.8 s; peak memory 650 MiB.
2026-10-10T18:02:46Z INFO [943/1000] d4d0d977-66cd-4c15-a35b-016a5cd349bb: valid; 3.1 s; peak memory 650 MiB.
2026-10-10T18:02:48Z INFO [944/1000] d4d236a6-2e2e-4453-b1df-5d4bd407549b: valid; 2.1 s; peak memory 650 MiB.
2026-10-10T18:02:50Z INFO [945/1000] d4d28906-eef8-4646-92d4-83bb84a8f76c: valid; 1.9 s; peak memory 650 MiB.
2026-10-10T18:02:53Z INFO [946/1000] d4d319b7-89e6-4249-89df-552092bdab5a: not valid; 2.5 s; peak memory 650 MiB.
2026-10-10T18:02:55Z WARNING d4d3e310-7253-4f0f-a243-80ba146ecb08: failed while opening the NWB file (ConstructError: (root/acquisition/_iblmic_audioSpectrogram/bands GroupBuilder {'attributes': {'colnames': array(['freq'], dtype=object), 'description': 'spectogram frequencies', 'namespace': 'core', 'neurodata_type': 'FrequencyBandsTable', 'object_id': '806e612b-3770-4722-af32-14834274f14e'}, 'groups': {}, 'datasets': {'freq': root/acquisition/_iblmic_audioSpectrogram/bands/freq DatasetBuilder {'attributes': {'description': 'frequency value', 'namespace': 'hdmf-common', 'neurodata_type': 'VectorData', 'object_id': '3387e674-7866-4ef6-9964-ca609c50f325'}, 'data': <HDF5 dataset "freq": shape (257,), type "<f4">}, 'id': root/acquisition/_iblmic_audioSpectrogram/bands/id DatasetBuilder {'attributes': {'namespace': 'hdmf-common', 'neurodata_type': 'ElementIdentifiers', 'object_id': '8611a454-b5a0-4d0a-8c43-1c6d63364ebf'}, 'data': <HDF5 dataset "id": shape (257,), type "<i4">}}, 'links': {}}, "Could not construct FrequencyBandsTable object due to: column must have the same number of rows as 'id'"))
2026-10-10T18:03:07Z INFO [948/1000] d4d441ab-2152-4b78-bf22-7be898446c57: valid; 11.9 s; peak memory 650 MiB.
2026-10-10T18:03:10Z INFO [949/1000] d4d45682-1655-4696-a946-06591eb9be82: valid; 3.0 s; peak memory 650 MiB.
2026-10-10T18:03:12Z INFO [950/1000] d4d46e64-5b11-4ca7-adc2-8cade4e858bf: valid; 2.3 s; peak memory 650 MiB.
2026-10-10T18:03:13Z INFO [950/1000] d4d46e64-5b11-4ca7-adc2-8cade4e858bf: checkpointed 203960 new records.
2026-10-10T18:03:40Z INFO [951/1000] d4d4ce87-b346-431e-834e-167b742544d6: valid; 26.9 s; peak memory 650 MiB.
2026-10-10T18:03:42Z INFO [952/1000] d4d4d5ad-8445-4915-a4af-6df9c57c5241: not valid; 1.5 s; peak memory 650 MiB.
2026-10-10T18:03:43Z INFO [953/1000] d4d4db6a-a3cf-4eaa-9e2d-527fef4d4ce4: valid; 1.6 s; peak memory 650 MiB.
2026-10-10T18:03:45Z INFO [954/1000] d4d5001c-a56f-4f1e-adb9-880773e06ed8: valid; 2.1 s; peak memory 650 MiB.
2026-10-10T18:03:47Z INFO [955/1000] d4d59191-f338-4833-af60-6330ce2fe658: valid; 1.4 s; peak memory 650 MiB.
2026-10-10T18:03:49Z INFO [956/1000] d4d5de6d-6206-4714-bf22-8fbdf194a1be: valid; 1.8 s; peak memory 650 MiB.
2026-10-10T18:03:51Z INFO [957/1000] d4d602d6-ddb6-473c-ad4c-58ab7445c47b: valid; 2.9 s; peak memory 650 MiB.
2026-10-10T18:03:53Z INFO [958/1000] d4d65919-c9ca-4452-a0d5-dc4e05295a50: valid; 1.3 s; peak memory 650 MiB.
2026-10-10T18:03:56Z INFO [959/1000] d4d6bfec-80a7-494c-8101-439f470090e2: not valid; 2.9 s; peak memory 650 MiB.
2026-10-10T18:03:57Z INFO [960/1000] d4d83c58-5dc0-4fab-a740-e4afb79478ac: not valid; 1.5 s; peak memory 650 MiB.
2026-10-10T18:04:08Z INFO [961/1000] d4d8fd17-8862-4ac6-8d5e-555105bfed3b: valid; 11.3 s; peak memory 650 MiB.
2026-10-10T18:04:10Z INFO [962/1000] d4d8fdf2-8f5f-4a1f-9358-efe2227d996a: valid; 1.1 s; peak memory 650 MiB.
2026-10-10T18:04:35Z INFO [963/1000] d4d90c00-adde-4bed-a029-18b4ee061a8f: valid; 25.2 s; peak memory 650 MiB.
2026-10-10T18:04:36Z INFO [964/1000] d4d93493-14d2-40eb-b9f7-6f34fd6d9894: not valid; 1.5 s; peak memory 650 MiB.
2026-10-10T18:04:50Z INFO [965/1000] d4d950bc-4ef4-43d2-8f8c-a15053cbec52: valid; 13.6 s; peak memory 650 MiB.
2026-10-10T18:05:02Z INFO [966/1000] d4da1c50-7b1b-4079-bd27-9620a8d9eec0: valid; 12.4 s; peak memory 650 MiB.
2026-10-10T18:05:02Z WARNING d4da2122-4266-4bbe-a608-0ecfa610eb14: failed while retrieving asset information from the DANDI API (NotFoundError: No such Dandiset: 001533)
2026-10-10T18:05:05Z INFO [968/1000] d4dac2f2-1994-4779-89ee-dd3e233424dc: valid; 2.8 s; peak memory 650 MiB.
2026-10-10T18:05:08Z INFO [969/1000] d4db1105-132b-442e-b81c-d22022bf4c94: valid; 2.8 s; peak memory 650 MiB.
2026-10-10T18:05:10Z INFO [970/1000] d4db8fc2-0b6b-46fe-bbef-a2a17b0b694f: valid; 2.6 s; peak memory 650 MiB.
2026-10-10T18:05:10Z WARNING d4dbc249-1aeb-483d-abe1-5ddb099f7443: failed while retrieving asset information from the DANDI API (NotFoundError: No asset at path 'sub-healthy-simulated-lfp/sub-healthy-simulated-lfp_ses-1913_ecephys.nwb' in version 0.250327.2220. Verify the path is correct and the asset exists in this version. Use 'dandi ls' to list available assets.)
2026-10-10T18:05:13Z INFO [972/1000] d4dc1b1b-226f-4293-922f-53c3fd0bc69a: valid; 2.9 s; peak memory 650 MiB.
2026-10-10T18:05:15Z INFO [973/1000] d4dc558c-fd99-4965-85c7-367dfc9e3894: valid; 1.4 s; peak memory 650 MiB.
2026-10-10T18:05:22Z INFO [974/1000] d4dc9356-0246-4e2f-b557-ffb3036e2752: valid; 7.7 s; peak memory 650 MiB.
2026-10-10T18:05:24Z INFO [975/1000] d4dcb229-0d23-43b7-9d14-9911bed504cd: valid; 1.5 s; peak memory 650 MiB.
2026-10-10T18:05:26Z INFO [976/1000] d4dd29e3-980a-4798-af18-3cd1d28e09ee: valid; 1.9 s; peak memory 650 MiB.
2026-10-10T18:05:28Z INFO [977/1000] d4dde270-3ada-4d53-aa81-bf4778cc1a26: valid; 2.1 s; peak memory 650 MiB.
2026-10-10T18:05:29Z INFO [978/1000] d4de2c57-531f-4a77-8b2d-afba4f02abf9: valid; 1.6 s; peak memory 650 MiB.
2026-10-10T18:05:33Z INFO [979/1000] d4de4a87-becb-4661-b90b-bc1d1aa10dcf: valid; 3.2 s; peak memory 650 MiB.
2026-10-10T18:05:35Z INFO [980/1000] d4de893a-98d3-4968-8ebe-03ecf0bafb60: valid; 2.2 s; peak memory 650 MiB.
2026-10-10T18:05:39Z INFO [981/1000] d4deb45a-5a50-4ad9-b244-fad5d3a7987a: valid; 4.4 s; peak memory 650 MiB.
2026-10-10T18:05:44Z INFO [982/1000] d4dec07c-3490-466a-b865-3212f2a5bfb9: valid; 4.8 s; peak memory 650 MiB.
2026-10-10T18:05:46Z INFO [983/1000] d4df9025-16df-47da-a51c-4ca315b40fb4: valid; 1.8 s; peak memory 650 MiB.
2026-10-10T18:05:47Z INFO [984/1000] d4dfaf29-4ef3-4c56-ad11-fa7a6003ab16: valid; 1.6 s; peak memory 650 MiB.
2026-10-10T18:05:49Z INFO [985/1000] d4dfcad3-5f42-4d9f-ac25-1073344fd676: valid; 1.2 s; peak memory 650 MiB.
2026-10-10T18:05:50Z INFO [986/1000] d4dfe6be-edd5-40d7-b09c-e65a6eff6140: valid; 1.7 s; peak memory 650 MiB.
2026-10-10T18:05:53Z INFO [987/1000] d4e07326-fd15-49ff-8141-10c361be4555: valid; 2.7 s; peak memory 650 MiB.
2026-10-10T18:05:55Z INFO [988/1000] d4e08f59-389e-4082-b0a3-9ee6153e34be: not valid; 2.4 s; peak memory 650 MiB.
2026-10-10T18:05:57Z INFO [989/1000] d4e0b39e-44c7-4270-ae5a-6b62e3c39584: not valid; 1.9 s; peak memory 650 MiB.
2026-10-10T18:06:03Z INFO [990/1000] d4e13d75-8d96-47e1-8bb7-881f85d63e82: valid; 5.6 s; peak memory 650 MiB.
2026-10-10T18:06:04Z WARNING d4e1a6da-344f-47a3-b147-93439d9056be: failed while opening the NWB file (ConstructError: (root/acquisition/event_code_meanings GroupBuilder {'attributes': {'colnames': array(['value', 'meaning'], dtype=object), 'description': 'Mapping integer event codes to event labels', 'namespace': 'ndx-events', 'neurodata_type': 'MeaningsTable', 'object_id': '9a3f8198-694c-492f-95ac-1a435cced38f'}, 'groups': {}, 'datasets': {'id': root/acquisition/event_code_meanings/id DatasetBuilder {'attributes': {'namespace': 'hdmf-common', 'neurodata_type': 'ElementIdentifiers', 'object_id': '38a60584-6c2a-43ef-a7e1-24e7f934182b'}, 'data': <HDF5 dataset "id": shape (26,), type "<i8">}, 'meaning': root/acquisition/event_code_meanings/meaning DatasetBuilder {'attributes': {'description': 'The meaning of the value in the parent CategoricalVectorData object.', 'namespace': 'hdmf-experimental', 'neurodata_type': 'VectorData', 'object_id': 'f27d7e47-e175-49df-b001-fff6fae78de3'}, 'data': <StrDataset for HDF5 dataset "meaning": shape (26,), type "|O">}, 'value': root/acquisition/event_code_meanings/value DatasetBuilder {'attributes': {'description': 'The value of the parent CategoricalVectorData object.', 'namespace': 'hdmf-experimental', 'neurodata_type': 'VectorData', 'object_id': '6dd46a62-3406-4a42-a27f-cd2935bb598b'}, 'data': <HDF5 dataset "value": shape (26,), type "<i8">}}, 'links': {}}, "Could not construct MeaningsTable object due to: MeaningsTable.__init__: missing argument 'target'"))
2026-10-10T18:06:06Z INFO [992/1000] d4e1e187-b41d-467b-b157-5171208a3fcf: valid; 1.2 s; peak memory 650 MiB.
2026-10-10T18:06:24Z INFO [993/1000] d4e329a9-d743-4a8c-83e5-14015cfeb7e8: valid; 18.6 s; peak memory 650 MiB.
2026-10-10T18:06:35Z INFO [994/1000] d4e3ace4-f083-49ea-9a32-e5bb5c2e4257: valid; 11.1 s; peak memory 650 MiB.
2026-10-10T18:06:55Z INFO [995/1000] d4e3cf64-8455-45e3-a5a3-acb74f5a4b37: valid; 19.9 s; peak memory 650 MiB.
2026-10-10T18:06:58Z INFO [996/1000] d4e44b74-abd7-4892-98b7-4137987f0dd7: valid; 2.8 s; peak memory 650 MiB.
2026-10-10T18:07:09Z INFO [997/1000] d4e4c626-c634-461e-9979-6322712a094e: valid; 11.6 s; peak memory 650 MiB.
2026-10-10T18:07:11Z INFO [998/1000] d4e4da53-ba24-4fd7-a47b-a4476b0fced1: valid; 1.5 s; peak memory 650 MiB.
2026-10-10T18:07:13Z INFO [999/1000] d4e4eb55-5569-4f8c-a922-934a2dd5a334: valid; 2.1 s; peak memory 650 MiB.
2026-10-10T18:07:16Z INFO [1000/1000] d4e54673-85a7-48bc-9b16-9bba13aa73b9: valid; 2.7 s; peak memory 650 MiB.
2026-10-10T18:07:17Z INFO [1000/1000] d4e54673-85a7-48bc-9b16-9bba13aa73b9: checkpointed 204010 new records.
2026-10-10T18:07:18Z INFO Wrote 204010 records to /tmp/derivatives/content_id_to_valid_nwb_file.jsonl (940 new, 60 failed) in 72.7 min (peak memory 650 MiB).
