2026-10-03T08:33:21Z INFO Logging to /tmp/logs/update_2026-10-03T08-33-21Z.log.
2026-10-03T08:33:21Z INFO Update content-id-to-valid-nwb-file (base directory /tmp).
2026-10-03T08:33:24Z INFO Processing 2500 items (96010 already recorded).
2026-10-03T08:33:25Z INFO [1/2500] 2f866312-ef3f-4713-9fc2-5b0140d1f2f9: not valid; 1.4 s; peak memory 365 MiB.
2026-10-03T08:33:36Z INFO [2/2500] 2f8675bb-b53c-4f36-a6aa-6d73dfbfd65a: valid; 10.5 s; peak memory 558 MiB.
2026-10-03T08:33:37Z INFO [3/2500] 2f87361f-d1bd-4da5-9577-27f8b407fbfc: valid; 1.7 s; peak memory 561 MiB.
2026-10-03T08:33:40Z INFO [4/2500] 2f875bee-48bf-4f0d-9205-7fa72e9377cf: valid; 2.3 s; peak memory 563 MiB.
2026-10-03T08:33:42Z INFO [5/2500] 2f87949a-0ca7-4b62-b52d-53e86498149b: valid; 2.6 s; peak memory 584 MiB.
2026-10-03T08:33:45Z INFO [6/2500] 2f87a6ca-fa41-4b1e-bceb-fc27c6821f36: valid; 3.1 s; peak memory 606 MiB.
2026-10-03T08:33:47Z INFO [7/2500] 2f882cb0-1454-4432-9427-fe1ab1404409: valid; 1.6 s; peak memory 616 MiB.
2026-10-03T08:33:48Z INFO [8/2500] 2f884d28-9070-420d-88b2-5c958f9c43c3: valid; 1.2 s; peak memory 618 MiB.
2026-10-03T08:33:50Z WARNING 2f885fb0-ce37-43a1-ae50-f81a46ac4478: failed while opening the NWB file (ConstructError: (root/acquisition/_iblmic_audioSpectrogram/bands GroupBuilder {'attributes': {'colnames': array(['freq'], dtype=object), 'description': 'spectogram frequencies', 'namespace': 'core', 'neurodata_type': 'FrequencyBandsTable', 'object_id': 'd096f1c5-d0e9-4af6-9ca6-02bb3b352817'}, 'groups': {}, 'datasets': {'freq': root/acquisition/_iblmic_audioSpectrogram/bands/freq DatasetBuilder {'attributes': {'description': 'frequency value', 'namespace': 'hdmf-common', 'neurodata_type': 'VectorData', 'object_id': '87a766ce-46c9-4aef-a781-acf27fe48a84'}, 'data': <HDF5 dataset "freq": shape (257,), type "<f4">}, 'id': root/acquisition/_iblmic_audioSpectrogram/bands/id DatasetBuilder {'attributes': {'namespace': 'hdmf-common', 'neurodata_type': 'ElementIdentifiers', 'object_id': 'f1fd26d1-bdb2-4059-9823-1a61018730ac'}, 'data': <HDF5 dataset "id": shape (257,), type "<i4">}}, 'links': {}}, "Could not construct FrequencyBandsTable object due to: column must have the same number of rows as 'id'"))
2026-10-03T08:33:50Z INFO [10/2500] 2f88adc3-fa4d-4c48-8794-56920c81a7f2: valid; 0.8 s; peak memory 628 MiB.
2026-10-03T08:33:52Z INFO [11/2500] 2f88c70e-35ae-47e5-b5a5-f28e3400105a: valid; 1.9 s; peak memory 634 MiB.
2026-10-03T08:33:53Z INFO [12/2500] 2f88e21c-d476-4efd-af46-86416764f7bd: valid; 1.0 s; peak memory 634 MiB.
2026-10-03T08:33:54Z INFO [13/2500] 2f88fc22-6059-47ea-87e2-df664bd07e50: valid; 1.0 s; peak memory 634 MiB.
2026-10-03T08:33:55Z INFO [14/2500] 2f896f23-ea8e-4f8d-b8a1-0e28e6c95b57: valid; 0.8 s; peak memory 634 MiB.
2026-10-03T08:34:03Z INFO [15/2500] 2f8a4be5-f315-4f9c-b651-cb7f59da775d: not valid; 7.5 s; peak memory 634 MiB.
2026-10-03T08:34:04Z INFO [16/2500] 2f8a6cc6-5831-4667-8547-7ed2c915ddd4: valid; 1.7 s; peak memory 634 MiB.
2026-10-03T08:34:06Z INFO [17/2500] 2f8accfe-97fa-4ca7-8643-f13d8bdddfc3: valid; 1.3 s; peak memory 634 MiB.
2026-10-03T08:34:07Z INFO [18/2500] 2f8ae534-18cd-47f4-870d-2872735a6334: valid; 1.4 s; peak memory 634 MiB.
2026-10-03T08:34:08Z INFO [19/2500] 2f8aef39-9b40-4ed0-9ea5-27b4b0dfc7bc: valid; 1.0 s; peak memory 634 MiB.
2026-10-03T08:34:09Z INFO [20/2500] 2f8c60c7-737a-4747-a422-192ef3154261: valid; 1.0 s; peak memory 641 MiB.
2026-10-03T08:34:11Z INFO [21/2500] 2f8cae71-439a-4e3f-b710-dcd880fa9fa9: valid; 2.0 s; peak memory 649 MiB.
2026-10-03T08:34:12Z INFO [22/2500] 2f8cd2e6-4595-4b1b-8024-6cb141dd321c: valid; 0.8 s; peak memory 651 MiB.
2026-10-03T08:34:14Z INFO [23/2500] 2f8d8b12-346d-4640-8050-7a80f238eaeb: valid; 2.1 s; peak memory 662 MiB.
2026-10-03T08:34:15Z INFO [24/2500] 2f8de7ea-e1af-428a-a3b3-f39eb1fa085a: not valid; 0.9 s; peak memory 665 MiB.
2026-10-03T08:34:17Z INFO [25/2500] 2f8df115-532d-4fee-8321-277ef6404ae7: not valid; 2.3 s; peak memory 675 MiB.
2026-10-03T08:34:18Z INFO [26/2500] 2f8e27ea-3fa9-4357-9146-8f4401daac6f: valid; 0.9 s; peak memory 677 MiB.
2026-10-03T08:34:19Z INFO [27/2500] 2f8f74eb-4fd2-448e-b9b8-6d4ce4e3c2bd: valid; 0.8 s; peak memory 679 MiB.
2026-10-03T08:34:21Z INFO [28/2500] 2f8f7747-a071-4707-b405-51d25303df5d: not valid; 2.6 s; peak memory 687 MiB.
2026-10-03T08:34:23Z INFO [29/2500] 2f90ae47-44c3-495f-80c1-96909df8627e: not valid; 1.7 s; peak memory 687 MiB.
2026-10-03T08:34:24Z INFO [30/2500] 2f915891-1b0a-4d34-b9dc-613911875f61: valid; 1.3 s; peak memory 687 MiB.
2026-10-03T08:34:27Z INFO [31/2500] 2f91a513-8cff-44e8-be01-eae12f2f99fc: valid; 2.7 s; peak memory 687 MiB.
2026-10-03T08:34:29Z INFO [32/2500] 2f91bf7f-224c-4570-a21b-20902ab7777e: valid; 2.0 s; peak memory 687 MiB.
2026-10-03T08:34:30Z INFO [33/2500] 2f9264fc-8b6e-4f60-979c-99ca3e3bc041: valid; 0.8 s; peak memory 687 MiB.
2026-10-03T08:34:30Z WARNING 2f92cdd9-ae5a-4c47-bf5e-6b21d538c8a5: failed while retrieving asset information from the DANDI API (NotFoundError: No such Dandiset: 001269)
2026-10-03T08:34:31Z INFO [35/2500] 2f92d6d8-ac9c-456f-bba7-3faee4f37954: valid; 1.3 s; peak memory 687 MiB.
2026-10-03T08:34:33Z INFO [36/2500] 2f937054-4906-44c9-bdfa-7277f096406c: valid; 2.1 s; peak memory 687 MiB.
2026-10-03T08:34:34Z INFO [37/2500] 2f937558-0b1f-4857-b7aa-c678bcce63fc: not valid; 1.1 s; peak memory 687 MiB.
2026-10-03T08:34:37Z INFO [38/2500] 2f937862-1d6d-49f3-9d75-6754678741ae: not valid; 2.7 s; peak memory 687 MiB.
2026-10-03T08:34:38Z INFO [39/2500] 2f93b9f0-f004-4267-a19c-373aea20c5ad: not valid; 0.9 s; peak memory 687 MiB.
2026-10-03T08:34:39Z INFO [40/2500] 2f93f3c2-e0ef-480e-8056-143737bddb8c: valid; 0.9 s; peak memory 687 MiB.
2026-10-03T08:34:39Z INFO [41/2500] 2f945b44-1e5b-437e-979e-c364207843fc: valid; 0.7 s; peak memory 687 MiB.
2026-10-03T08:34:40Z INFO [42/2500] 2f945fd0-9112-4318-ae4f-f7a96fe8c7fd: valid; 0.8 s; peak memory 687 MiB.
2026-10-03T08:34:41Z INFO [43/2500] 2f95cfbc-c7cb-43e9-98e4-62a4428a0515: valid; 1.2 s; peak memory 687 MiB.
2026-10-03T08:34:43Z INFO [44/2500] 2f96d035-2d48-4be5-af25-f4a9fc88d20e: valid; 1.4 s; peak memory 687 MiB.
2026-10-03T08:34:44Z INFO [45/2500] 2f96ee89-a282-4480-a925-f69698c90edf: valid; 1.2 s; peak memory 688 MiB.
2026-10-03T08:34:55Z INFO [46/2500] 2f9767c2-a253-491f-af89-7e45e677fe7b: valid; 11.3 s; peak memory 728 MiB.
2026-10-03T08:34:57Z INFO [47/2500] 2f97bd19-5734-4596-a28b-85de67c9ddd9: valid; 1.6 s; peak memory 730 MiB.
2026-10-03T08:34:59Z INFO [48/2500] 2f9880da-825d-4dc8-9cd9-64f0a9251ee1: valid; 2.2 s; peak memory 730 MiB.
2026-10-03T08:35:01Z INFO [49/2500] 2f98ed52-c091-4f05-a7e7-9f3d32c66731: valid; 1.7 s; peak memory 730 MiB.
2026-10-03T08:35:02Z INFO [50/2500] 2f994179-236b-44e0-b6ca-3073638330f3: valid; 0.7 s; peak memory 730 MiB.
2026-10-03T08:35:02Z INFO [50/2500] 2f994179-236b-44e0-b6ca-3073638330f3: checkpointed 96060 records.
2026-10-03T08:35:04Z WARNING 2f996b29-50dd-4458-bdaf-17fed2476bbf: failed while opening the NWB file (ConstructError: (root/acquisition/event_code_meanings GroupBuilder {'attributes': {'colnames': array(['value', 'meaning'], dtype=object), 'description': 'Mapping integer event codes to event labels', 'namespace': 'ndx-events', 'neurodata_type': 'MeaningsTable', 'object_id': 'a70e1903-85a8-4d9b-a116-9d857bf09651'}, 'groups': {}, 'datasets': {'id': root/acquisition/event_code_meanings/id DatasetBuilder {'attributes': {'namespace': 'hdmf-common', 'neurodata_type': 'ElementIdentifiers', 'object_id': 'd8e5e5b9-7461-4fa1-9621-af80723594ff'}, 'data': <HDF5 dataset "id": shape (26,), type "<i8">}, 'meaning': root/acquisition/event_code_meanings/meaning DatasetBuilder {'attributes': {'description': 'The meaning of the value in the parent CategoricalVectorData object.', 'namespace': 'hdmf-experimental', 'neurodata_type': 'VectorData', 'object_id': 'a6520a71-3553-4e37-a2be-5debd5e5e054'}, 'data': <StrDataset for HDF5 dataset "meaning": shape (26,), type "|O">}, 'value': root/acquisition/event_code_meanings/value DatasetBuilder {'attributes': {'description': 'The value of the parent CategoricalVectorData object.', 'namespace': 'hdmf-experimental', 'neurodata_type': 'VectorData', 'object_id': 'db7e18b8-b4d7-4316-bd5e-236e8367c5cf'}, 'data': <HDF5 dataset "value": shape (26,), type "<i8">}}, 'links': {}}, "Could not construct MeaningsTable object due to: MeaningsTable.__init__: missing argument 'target'"))
2026-10-03T08:35:04Z INFO [52/2500] 2f9ac4fa-a039-4c6c-8e69-383aac9b7d49: valid; 0.8 s; peak memory 730 MiB.
2026-10-03T08:35:06Z INFO [53/2500] 2f9ada38-6d2b-4e10-8d10-7e2bd3fa6bb2: valid; 1.4 s; peak memory 730 MiB.
2026-10-03T08:35:07Z INFO [54/2500] 2f9b3efc-32fb-4c39-a8cc-2df1fbaa5cfc: not valid; 1.5 s; peak memory 731 MiB.
2026-10-03T08:35:08Z INFO [55/2500] 2f9b44c1-dc07-4891-ba0b-4933b766a409: not valid; 1.0 s; peak memory 731 MiB.
2026-10-03T08:35:09Z INFO [56/2500] 2f9b4bc0-ec54-449b-892b-cc95a7a8042f: not valid; 1.0 s; peak memory 731 MiB.
2026-10-03T08:35:11Z WARNING 2f9ba992-cfe4-4a35-9e85-b80271d20775: failed while opening the NWB file (ConstructError: (root/acquisition/_iblmic_audioSpectrogram/bands GroupBuilder {'attributes': {'colnames': array(['freq'], dtype=object), 'description': 'spectogram frequencies', 'namespace': 'core', 'neurodata_type': 'FrequencyBandsTable', 'object_id': '14ee9a67-8626-469d-a743-60679d68fc70'}, 'groups': {}, 'datasets': {'freq': root/acquisition/_iblmic_audioSpectrogram/bands/freq DatasetBuilder {'attributes': {'description': 'frequency value', 'namespace': 'hdmf-common', 'neurodata_type': 'VectorData', 'object_id': '1c939cda-e53c-4f5e-bf75-9e111165e2d4'}, 'data': <HDF5 dataset "freq": shape (257,), type "<f4">}, 'id': root/acquisition/_iblmic_audioSpectrogram/bands/id DatasetBuilder {'attributes': {'namespace': 'hdmf-common', 'neurodata_type': 'ElementIdentifiers', 'object_id': '9b7f8a42-1a3c-468e-8b29-515e345aaf24'}, 'data': <HDF5 dataset "id": shape (257,), type "<i4">}}, 'links': {}}, "Could not construct FrequencyBandsTable object due to: column must have the same number of rows as 'id'"))
2026-10-03T08:35:20Z INFO [58/2500] 2f9c5b2d-d7dd-44db-a6e7-d1edfb7cb282: not valid; 9.8 s; peak memory 793 MiB.
2026-10-03T08:35:20Z WARNING 2f9d6f94-6e29-4ee1-830e-5470a377f654: failed while retrieving asset information from the DANDI API (NotFoundError: No such Dandiset: 000948)
2026-10-03T08:35:28Z INFO [60/2500] 2f9dbe35-ddfd-49fd-befb-05fe3d9974a5: valid; 7.8 s; peak memory 822 MiB.
2026-10-03T08:35:30Z INFO [61/2500] 2f9debcc-bd7e-464f-9366-e9ce7360f2cd: valid; 2.2 s; peak memory 835 MiB.
2026-10-03T08:35:32Z WARNING 2f9e2b8b-1242-4c4f-a144-bcf1f35d2cd9: failed while opening the NWB file (ConstructError: (root/acquisition/_iblmic_audioSpectrogram/bands GroupBuilder {'attributes': {'colnames': array(['freq'], dtype=object), 'description': 'spectogram frequencies', 'namespace': 'core', 'neurodata_type': 'FrequencyBandsTable', 'object_id': 'bec7e375-5434-46c8-9d58-28828fc88b0a'}, 'groups': {}, 'datasets': {'freq': root/acquisition/_iblmic_audioSpectrogram/bands/freq DatasetBuilder {'attributes': {'description': 'frequency value', 'namespace': 'hdmf-common', 'neurodata_type': 'VectorData', 'object_id': '8b0002c6-7ced-4913-a50a-a555edbc0fe2'}, 'data': <HDF5 dataset "freq": shape (257,), type "<f4">}, 'id': root/acquisition/_iblmic_audioSpectrogram/bands/id DatasetBuilder {'attributes': {'namespace': 'hdmf-common', 'neurodata_type': 'ElementIdentifiers', 'object_id': 'a7b7c611-4617-4309-a5c6-2d943fa94c91'}, 'data': <HDF5 dataset "id": shape (257,), type "<i4">}}, 'links': {}}, "Could not construct FrequencyBandsTable object due to: column must have the same number of rows as 'id'"))
2026-10-03T08:35:38Z INFO [63/2500] 2f9e51a6-0c23-4477-8052-5b0397f8f403: valid; 6.7 s; peak memory 866 MiB.
2026-10-03T08:35:49Z INFO [64/2500] 2f9e6b18-ce0d-4552-850a-d5205ceb76f1: valid; 10.6 s; peak memory 912 MiB.
2026-10-03T08:35:50Z INFO [65/2500] 2f9eb9b0-e767-45dd-ab17-866c8f473b3b: valid; 1.0 s; peak memory 913 MiB.
2026-10-03T08:35:52Z INFO [66/2500] 2f9f62d1-6134-45ee-a522-d75edd0a54fc: valid; 1.7 s; peak memory 913 MiB.
2026-10-03T08:36:01Z INFO [67/2500] 2f9f873b-b841-49eb-9a3e-6d87920074e8: not valid; 9.5 s; peak memory 913 MiB.
2026-10-03T08:36:02Z INFO [68/2500] 2f9fd694-d3dc-4557-acb8-96b56e459055: valid; 1.3 s; peak memory 917 MiB.
2026-10-03T08:36:03Z INFO [69/2500] 2fa139b6-9793-431f-93cc-dc633dcca215: valid; 1.0 s; peak memory 923 MiB.
2026-10-03T08:36:05Z INFO [70/2500] 2fa13e24-7fc2-4873-9c1c-0bba641ef2e9: valid; 1.2 s; peak memory 927 MiB.
2026-10-03T08:36:06Z INFO [71/2500] 2fa1c26a-cc92-4056-940c-9f22ba8e9e23: valid; 1.2 s; peak memory 937 MiB.
2026-10-03T08:36:11Z INFO [72/2500] 2fa1e6d9-ffa2-4eb9-9bce-9112760ebcb1: valid; 5.4 s; peak memory 972 MiB.
2026-10-03T08:36:13Z INFO [73/2500] 2fa28936-c333-47e7-b820-824692161869: not valid; 1.5 s; peak memory 976 MiB.
2026-10-03T08:36:13Z INFO [74/2500] 2fa2d637-5e97-4c9b-a9da-91b1937fffa3: valid; 0.8 s; peak memory 979 MiB.
2026-10-03T08:36:15Z WARNING 2fa2e54a-6cbf-4ab2-9a90-38e9265a04b9: failed while opening the NWB file (ConstructError: (root/acquisition/_iblmic_audioSpectrogram/bands GroupBuilder {'attributes': {'colnames': array(['freq'], dtype=object), 'description': 'spectogram frequencies', 'namespace': 'core', 'neurodata_type': 'FrequencyBandsTable', 'object_id': '5fa0282a-6241-47dd-aa76-0507e440e0b0'}, 'groups': {}, 'datasets': {'freq': root/acquisition/_iblmic_audioSpectrogram/bands/freq DatasetBuilder {'attributes': {'description': 'frequency value', 'namespace': 'hdmf-common', 'neurodata_type': 'VectorData', 'object_id': '024f1874-ef6d-4a29-a473-c9ee49e15451'}, 'data': <HDF5 dataset "freq": shape (257,), type "<f4">}, 'id': root/acquisition/_iblmic_audioSpectrogram/bands/id DatasetBuilder {'attributes': {'namespace': 'hdmf-common', 'neurodata_type': 'ElementIdentifiers', 'object_id': '2f4a7182-2033-4cc6-83c9-79dd6a08f412'}, 'data': <HDF5 dataset "id": shape (257,), type "<i4">}}, 'links': {}}, "Could not construct FrequencyBandsTable object due to: column must have the same number of rows as 'id'"))
2026-10-03T08:36:15Z INFO [76/2500] 2fa30739-6339-44f4-96ba-78ed1617497e: valid; 0.6 s; peak memory 982 MiB.
2026-10-03T08:36:17Z INFO [77/2500] 2fa442a8-8419-4a0d-8536-03620ba6c8c7: valid; 1.2 s; peak memory 982 MiB.
2026-10-03T08:36:18Z INFO [78/2500] 2fa45f41-4d64-4b5d-98e3-3ea6ea238545: valid; 0.9 s; peak memory 982 MiB.
2026-10-03T08:36:19Z WARNING 2fa48c4b-5103-40cf-ba07-0752e3921a86: failed while opening the NWB file (ConstructError: (root/acquisition/_iblmic_audioSpectrogram/bands GroupBuilder {'attributes': {'colnames': array(['freq'], dtype=object), 'description': 'spectogram frequencies', 'namespace': 'core', 'neurodata_type': 'FrequencyBandsTable', 'object_id': '099b046e-79f5-4478-9e11-7f76db0609ea'}, 'groups': {}, 'datasets': {'freq': root/acquisition/_iblmic_audioSpectrogram/bands/freq DatasetBuilder {'attributes': {'description': 'frequency value', 'namespace': 'hdmf-common', 'neurodata_type': 'VectorData', 'object_id': '8d886364-b56d-41f1-a81f-ba8e0ed8523d'}, 'data': <HDF5 dataset "freq": shape (257,), type "<f4">}, 'id': root/acquisition/_iblmic_audioSpectrogram/bands/id DatasetBuilder {'attributes': {'namespace': 'hdmf-common', 'neurodata_type': 'ElementIdentifiers', 'object_id': '0470ab64-b3b3-4fa5-bb88-b4770c1ccfac'}, 'data': <HDF5 dataset "id": shape (257,), type "<i4">}}, 'links': {}}, "Could not construct FrequencyBandsTable object due to: column must have the same number of rows as 'id'"))
2026-10-03T08:36:20Z INFO [80/2500] 2fa4b6a7-6ac5-4701-9532-a7f591361ec1: not valid; 1.3 s; peak memory 982 MiB.
2026-10-03T08:36:21Z INFO [81/2500] 2fa4c2ff-4dfa-42e7-a0bb-97f9b0a2be59: valid; 0.7 s; peak memory 982 MiB.
2026-10-03T08:36:22Z INFO [82/2500] 2fa4d741-21e1-4f28-a721-34ae650edaff: valid; 0.8 s; peak memory 982 MiB.
2026-10-03T08:36:23Z INFO [83/2500] 2fa51740-22e1-4a8e-99d6-699474dfca6a: valid; 1.5 s; peak memory 982 MiB.
2026-10-03T08:36:24Z WARNING 2fa52893-8430-4186-b78a-a4d39390f8ff: failed while opening the NWB file (ConstructError: (root/acquisition/_iblmic_audioSpectrogram/bands GroupBuilder {'attributes': {'colnames': array(['freq'], dtype=object), 'description': 'spectogram frequencies', 'namespace': 'core', 'neurodata_type': 'FrequencyBandsTable', 'object_id': 'b933da19-c66e-4ca3-aa47-57fe860df8b8'}, 'groups': {}, 'datasets': {'freq': root/acquisition/_iblmic_audioSpectrogram/bands/freq DatasetBuilder {'attributes': {'description': 'frequency value', 'namespace': 'hdmf-common', 'neurodata_type': 'VectorData', 'object_id': '61bded1e-4dc3-4ddf-bd05-b7ded7da4948'}, 'data': <HDF5 dataset "freq": shape (257,), type "<f4">}, 'id': root/acquisition/_iblmic_audioSpectrogram/bands/id DatasetBuilder {'attributes': {'namespace': 'hdmf-common', 'neurodata_type': 'ElementIdentifiers', 'object_id': '39b9f9b0-9c89-4e91-a0ef-6fb17db63446'}, 'data': <HDF5 dataset "id": shape (257,), type "<i4">}}, 'links': {}}, "Could not construct FrequencyBandsTable object due to: column must have the same number of rows as 'id'"))
2026-10-03T08:36:25Z INFO [85/2500] 2fa5af64-e38f-480f-9782-dc27022d50fd: valid; 0.9 s; peak memory 982 MiB.
2026-10-03T08:36:26Z INFO [86/2500] 2fa63182-259e-4fe4-8763-dea91fbb2d21: valid; 1.1 s; peak memory 982 MiB.
2026-10-03T08:36:27Z INFO [87/2500] 2fa6985b-589a-432e-a119-2e61c2d0201c: valid; 1.2 s; peak memory 982 MiB.
2026-10-03T08:36:30Z INFO [88/2500] 2fa69b36-2ea6-46d5-85e4-abef4930a640: valid; 2.5 s; peak memory 982 MiB.
2026-10-03T08:36:31Z INFO [89/2500] 2fa6e82f-aa69-4c6a-8091-408782a2c56f: valid; 1.3 s; peak memory 982 MiB.
2026-10-03T08:36:33Z INFO [90/2500] 2fa72dbd-74b4-4da7-a5a3-8591ba503fd2: valid; 1.6 s; peak memory 982 MiB.
2026-10-03T08:36:34Z INFO [91/2500] 2fa8a4cf-6899-415e-b45c-ce356e23f969: not valid; 1.0 s; peak memory 983 MiB.
2026-10-03T08:36:35Z INFO [92/2500] 2fa91a78-a67f-4067-869b-ab840bd53b76: valid; 0.9 s; peak memory 983 MiB.
2026-10-03T08:36:36Z INFO [93/2500] 2fa98ef6-5952-4e26-a077-354e2d9f83c2: not valid; 1.4 s; peak memory 983 MiB.
2026-10-03T08:36:37Z WARNING 2faa1307-83d1-4784-8dee-f1d00c150d09: failed while opening the NWB file (ConstructError: (root/acquisition/_iblmic_audioSpectrogram/bands GroupBuilder {'attributes': {'colnames': array(['freq'], dtype=object), 'description': 'spectogram frequencies', 'namespace': 'core', 'neurodata_type': 'FrequencyBandsTable', 'object_id': 'aded8576-4721-413d-8bc7-748901a7738a'}, 'groups': {}, 'datasets': {'freq': root/acquisition/_iblmic_audioSpectrogram/bands/freq DatasetBuilder {'attributes': {'description': 'frequency value', 'namespace': 'hdmf-common', 'neurodata_type': 'VectorData', 'object_id': '212b6104-d43e-49ac-95d8-8147a05c22c5'}, 'data': <HDF5 dataset "freq": shape (257,), type "<f4">}, 'id': root/acquisition/_iblmic_audioSpectrogram/bands/id DatasetBuilder {'attributes': {'namespace': 'hdmf-common', 'neurodata_type': 'ElementIdentifiers', 'object_id': 'c037586f-07d4-44a8-b7f7-a3012a5250f6'}, 'data': <HDF5 dataset "id": shape (257,), type "<i4">}}, 'links': {}}, "Could not construct FrequencyBandsTable object due to: column must have the same number of rows as 'id'"))
2026-10-03T08:36:39Z INFO [95/2500] 2faa61f2-0025-479e-ae77-2817b89209bb: valid; 1.5 s; peak memory 984 MiB.
2026-10-03T08:36:39Z INFO [96/2500] 2faa831c-26a9-4025-8871-2e7df2d879eb: valid; 0.6 s; peak memory 984 MiB.
2026-10-03T08:36:50Z INFO [97/2500] 2fab892a-59ba-4de1-bd3b-3c03acba0293: valid; 10.8 s; peak memory 1004 MiB.
2026-10-03T08:36:51Z INFO [98/2500] 2facc36f-6105-4ffa-ab0b-afd5cab32662: not valid; 0.8 s; peak memory 1004 MiB.
2026-10-03T08:36:52Z INFO [99/2500] 2facc963-9046-4fe3-baf3-228f3c23acf4: valid; 1.3 s; peak memory 1004 MiB.
2026-10-03T08:36:56Z INFO [100/2500] 2fad13da-3d4c-4e0c-83cc-e661a6ff4769: valid; 3.3 s; peak memory 1009 MiB.
2026-10-03T08:36:56Z INFO [100/2500] 2fad13da-3d4c-4e0c-83cc-e661a6ff4769: checkpointed 96110 records.
2026-10-03T08:36:57Z INFO [101/2500] 2fae4752-cca6-47d9-834d-3447bd8777a7: valid; 1.2 s; peak memory 1020 MiB.
2026-10-03T08:36:58Z INFO [102/2500] 2faef46a-f8a2-41d1-be28-895f368996c7: valid; 0.8 s; peak memory 1022 MiB.
2026-10-03T08:37:01Z INFO [103/2500] 2faf397f-82dc-4110-8442-3d7489aa7c08: valid; 3.1 s; peak memory 1029 MiB.
2026-10-03T08:37:03Z INFO [104/2500] 2faf53db-e788-42b0-be69-1e56d9954ab5: valid; 1.4 s; peak memory 1036 MiB.
2026-10-03T08:37:04Z INFO [105/2500] 2faf8025-b3b3-4aa4-984f-f4426ef8ba48: valid; 0.8 s; peak memory 1037 MiB.
2026-10-03T08:37:04Z INFO [106/2500] 2fafc11a-6646-4b87-97e7-1fdfb4e5c79e: valid; 0.8 s; peak memory 1039 MiB.
2026-10-03T08:37:16Z INFO [107/2500] 2fafc4e1-27a7-4295-aac2-5cba4dbfb331: valid; 11.7 s; peak memory 1076 MiB.
2026-10-03T08:37:22Z INFO [108/2500] 2faffe45-9e0f-4238-9756-c873fdd3c78b: valid; 5.6 s; peak memory 1137 MiB.
2026-10-03T08:37:24Z INFO [109/2500] 2fb002b2-35cf-463d-b337-c1b22960c8ae: valid; 1.8 s; peak memory 1146 MiB.
2026-10-03T08:37:34Z INFO [110/2500] 2fb04db5-40cc-4acc-89e5-5f85a66c1766: valid; 10.6 s; peak memory 1148 MiB.
2026-10-03T08:37:35Z INFO [111/2500] 2fb04fe7-6c7b-4f99-b5b6-49d1b1ade746: not valid; 0.7 s; peak memory 1148 MiB.
2026-10-03T08:37:36Z WARNING 2fb0596f-7088-4adc-835d-142faa8b2666: failed while opening the NWB file (ConstructError: (root/acquisition/_iblmic_audioSpectrogram/bands GroupBuilder {'attributes': {'colnames': array(['freq'], dtype=object), 'description': 'spectogram frequencies', 'namespace': 'core', 'neurodata_type': 'FrequencyBandsTable', 'object_id': 'f451e2a2-ac7d-464a-a933-cd184e15d1b9'}, 'groups': {}, 'datasets': {'freq': root/acquisition/_iblmic_audioSpectrogram/bands/freq DatasetBuilder {'attributes': {'description': 'frequency value', 'namespace': 'hdmf-common', 'neurodata_type': 'VectorData', 'object_id': 'af3eeb90-2887-4f4a-96ac-3c0320105c69'}, 'data': <HDF5 dataset "freq": shape (257,), type "<f4">}, 'id': root/acquisition/_iblmic_audioSpectrogram/bands/id DatasetBuilder {'attributes': {'namespace': 'hdmf-common', 'neurodata_type': 'ElementIdentifiers', 'object_id': 'fe054300-c3ed-483c-8208-2016e1fa8dfb'}, 'data': <HDF5 dataset "id": shape (257,), type "<i4">}}, 'links': {}}, "Could not construct FrequencyBandsTable object due to: column must have the same number of rows as 'id'"))
2026-10-03T08:37:38Z INFO [113/2500] 2fb06f92-e1eb-4ca0-8421-8adf6f031838: not valid; 1.7 s; peak memory 1148 MiB.
2026-10-03T08:37:52Z INFO [114/2500] 2fb146a5-28e9-41e4-a0bc-ca5c5865d8ae: not valid; 14.0 s; peak memory 1334 MiB.
2026-10-03T08:37:53Z INFO [115/2500] 2fb1ab95-a70d-400a-beb0-c901924fe55e: valid; 0.9 s; peak memory 1334 MiB.
2026-10-03T08:37:53Z WARNING 2fb1c944-e9c6-4569-a95c-ac854464c12c: failed while retrieving asset information from the DANDI API (NotFoundError: No such Dandiset: 000561)
2026-10-03T08:37:57Z INFO [117/2500] 2fb20dea-d85c-4bc8-a9ea-076cdfd7ab01: valid; 4.6 s; peak memory 1351 MiB.
2026-10-03T08:37:58Z INFO [118/2500] 2fb21efc-07d4-40d0-bd6f-84332d1ac537: valid; 0.8 s; peak memory 1351 MiB.
2026-10-03T08:37:59Z INFO [119/2500] 2fb24e8f-bb16-41fa-b2b2-04e8a130b247: valid; 1.1 s; peak memory 1352 MiB.
2026-10-03T08:38:00Z INFO [120/2500] 2fb2a76b-4b25-47df-962a-23f605bc209b: not valid; 1.2 s; peak memory 1354 MiB.
2026-10-03T08:38:01Z WARNING 2fb2b406-af32-49aa-8ca5-2acf4d5b9a27: failed while opening the NWB file (ConstructError: (root/acquisition/event_code_meanings GroupBuilder {'attributes': {'colnames': array(['value', 'meaning'], dtype=object), 'description': 'Mapping integer event codes to event labels', 'namespace': 'ndx-events', 'neurodata_type': 'MeaningsTable', 'object_id': 'f47314d2-7c7e-4f70-8e5a-217cf26783bd'}, 'groups': {}, 'datasets': {'id': root/acquisition/event_code_meanings/id DatasetBuilder {'attributes': {'namespace': 'hdmf-common', 'neurodata_type': 'ElementIdentifiers', 'object_id': '7a0e8ece-a1bb-4c20-aa54-b919d8485d04'}, 'data': <HDF5 dataset "id": shape (26,), type "<i8">}, 'meaning': root/acquisition/event_code_meanings/meaning DatasetBuilder {'attributes': {'description': 'The meaning of the value in the parent CategoricalVectorData object.', 'namespace': 'hdmf-experimental', 'neurodata_type': 'VectorData', 'object_id': '49a5c543-7209-4383-888d-b4dd53ef10d2'}, 'data': <StrDataset for HDF5 dataset "meaning": shape (26,), type "|O">}, 'value': root/acquisition/event_code_meanings/value DatasetBuilder {'attributes': {'description': 'The value of the parent CategoricalVectorData object.', 'namespace': 'hdmf-experimental', 'neurodata_type': 'VectorData', 'object_id': '05c97a3b-9f5c-4939-9bb0-377ee8c0f8b1'}, 'data': <HDF5 dataset "value": shape (26,), type "<i8">}}, 'links': {}}, "Could not construct MeaningsTable object due to: MeaningsTable.__init__: missing argument 'target'"))
2026-10-03T08:38:03Z INFO [122/2500] 2fb36f81-c913-4498-a0f1-55426ba80e72: valid; 1.2 s; peak memory 1358 MiB.
2026-10-03T08:38:04Z INFO [123/2500] 2fb5418c-bc99-4278-a7cb-f2b9c1f00a34: valid; 1.4 s; peak memory 1359 MiB.
2026-10-03T08:38:06Z INFO [124/2500] 2fb5502e-0df4-48b1-98a1-44d0cfb5e3e3: valid; 2.3 s; peak memory 1359 MiB.
2026-10-03T08:38:10Z INFO [125/2500] 2fb6ceeb-9c39-49ab-9d58-37e5c5838dfd: not valid; 3.9 s; peak memory 1359 MiB.
2026-10-03T08:38:11Z INFO [126/2500] 2fb76a44-9d34-461a-8356-b72106602ac8: valid; 0.8 s; peak memory 1359 MiB.
2026-10-03T08:38:12Z INFO [127/2500] 2fb7c222-f944-48e8-8c93-4f30b2d5b6d5: not valid; 1.0 s; peak memory 1359 MiB.
2026-10-03T08:38:13Z INFO [128/2500] 2fb82b78-605c-40bb-a04d-d920da0e62d1: valid; 1.2 s; peak memory 1361 MiB.
2026-10-03T08:38:14Z INFO [129/2500] 2fb910db-17ce-4baf-8d04-151f334c514b: valid; 0.9 s; peak memory 1361 MiB.
2026-10-03T08:38:15Z INFO [130/2500] 2fba444a-edbf-4ae9-9c5c-43e6d0ae613a: valid; 0.8 s; peak memory 1361 MiB.
2026-10-03T08:38:16Z INFO [131/2500] 2fbab916-1df0-40d9-a8d9-81f280e59aea: valid; 0.8 s; peak memory 1361 MiB.
2026-10-03T08:38:17Z INFO [132/2500] 2fbb4c0f-ab3a-4344-ae8a-6500954cb02f: valid; 1.3 s; peak memory 1362 MiB.
2026-10-03T08:38:18Z INFO [133/2500] 2fbb5d92-8cf1-4479-8ccb-1c9e31bf108b: not valid; 1.2 s; peak memory 1362 MiB.
2026-10-03T08:38:21Z INFO [134/2500] 2fbb62ca-a5c0-419b-bab7-e016235a9162: valid; 2.2 s; peak memory 1367 MiB.
2026-10-03T08:38:26Z INFO [135/2500] 2fbc1cb9-5793-45a2-87f8-d52593162de3: valid; 5.6 s; peak memory 1373 MiB.
2026-10-03T08:38:27Z INFO [136/2500] 2fbc8d78-96fe-47b0-8c1c-41fe378b933a: valid; 0.8 s; peak memory 1373 MiB.
2026-10-03T08:38:29Z INFO [137/2500] 2fbc9aeb-a338-4e37-a059-fcdb088f6253: valid; 2.4 s; peak memory 1373 MiB.
2026-10-03T08:38:30Z INFO [138/2500] 2fbcc4a7-5ba1-4966-842b-27fbe8775f16: valid; 0.7 s; peak memory 1374 MiB.
2026-10-03T08:38:33Z INFO [139/2500] 2fbce988-b46e-4067-b419-9c7664ea1feb: valid; 2.7 s; peak memory 1377 MiB.
2026-10-03T08:38:34Z INFO [140/2500] 2fbd4707-17a1-4e0a-b6fc-80bb612e3c6f: not valid; 1.2 s; peak memory 1377 MiB.
2026-10-03T08:38:35Z INFO [141/2500] 2fbd6e54-4bca-4749-a52c-bff4e11a6ce5: valid; 0.8 s; peak memory 1377 MiB.
2026-10-03T08:38:36Z INFO [142/2500] 2fbe3a20-8d9d-4595-933f-77b9eaa2d123: valid; 0.8 s; peak memory 1377 MiB.
2026-10-03T08:38:37Z WARNING 2fbe541d-2070-4448-9b01-bb019dbe9a7e: failed while opening the NWB file (ValueError: Cannot resolve included group spec 'electrodes' with data_type_inc 'ElectrodesTable' because a group spec with the same name already exists with data_type_inc 'DynamicTable', and data type 'DynamicTable' is not a child type of data type 'ElectrodesTable'.)
2026-10-03T08:38:37Z WARNING 2fbed5b2-e963-41c9-be4c-d2272a4a1f08: failed while retrieving asset information from the DANDI API (NotFoundError: No asset at path 'sub-LG449/sub-LG449_ses-20250331_obj-1wsgdfg_ophys.nwb' in version 0.260915.2135. Verify the path is correct and the asset exists in this version. Use 'dandi ls' to list available assets.)
2026-10-03T08:38:39Z INFO [145/2500] 2fbeea2d-72cc-498f-a3b4-74fb6723b6bd: valid; 1.9 s; peak memory 1378 MiB.
2026-10-03T08:38:40Z INFO [146/2500] 2fbf01ba-6487-4420-b8bd-8706d80b6dc0: valid; 1.3 s; peak memory 1391 MiB.
2026-10-03T08:38:42Z INFO [147/2500] 2fbf1e29-3cbc-42d4-bfa4-e17931dfc928: valid; 1.2 s; peak memory 1391 MiB.
2026-10-03T08:38:43Z INFO [148/2500] 2fc00c01-3928-468e-8ce7-395b2e0d8d4c: valid; 1.4 s; peak memory 1392 MiB.
2026-10-03T08:38:44Z INFO [149/2500] 2fc05f50-2626-4811-9c00-cfff30554260: valid; 1.2 s; peak memory 1393 MiB.
2026-10-03T08:38:46Z INFO [150/2500] 2fc0e74a-c63e-4d63-b2b3-509a0f605308: valid; 1.7 s; peak memory 1395 MiB.
2026-10-03T08:38:47Z INFO [150/2500] 2fc0e74a-c63e-4d63-b2b3-509a0f605308: checkpointed 96160 records.
2026-10-03T08:38:49Z INFO [151/2500] 2fc103b1-b693-46d5-8a29-f34365601398: valid; 2.3 s; peak memory 1398 MiB.
2026-10-03T08:38:50Z INFO [152/2500] 2fc166ed-ac84-483d-9e18-880bd5eef2f2: valid; 0.9 s; peak memory 1398 MiB.
2026-10-03T08:38:52Z INFO [153/2500] 2fc1b932-6516-49eb-9262-cdebb4f94dfa: not valid; 2.0 s; peak memory 1400 MiB.
2026-10-03T08:38:53Z INFO [154/2500] 2fc222f5-1617-4134-8c94-76065a57864f: valid; 0.8 s; peak memory 1400 MiB.
2026-10-03T08:38:53Z WARNING 2fc2c0b7-b3ce-4182-b7ce-9dcc3dba861e: failed while retrieving asset information from the DANDI API (NotFoundError: No such Dandiset: 001533)
2026-10-03T08:38:59Z INFO [156/2500] 2fc300d5-9670-4f4f-b925-b819b5467fde: valid; 6.6 s; peak memory 1458 MiB.
2026-10-03T08:39:00Z INFO [157/2500] 2fc3250a-9061-4bee-be15-0a0afea7da4b: not valid; 1.1 s; peak memory 1462 MiB.
2026-10-03T08:39:01Z INFO [158/2500] 2fc39e0b-0ba0-4af7-b2ca-626690153987: valid; 0.8 s; peak memory 1464 MiB.
2026-10-03T08:39:02Z INFO [159/2500] 2fc4243a-9db6-48f9-82ae-39aca51acfa0: not valid; 1.0 s; peak memory 1466 MiB.
2026-10-03T08:39:03Z INFO [160/2500] 2fc470b7-d317-40c1-8b07-7591478bf09b: valid; 1.2 s; peak memory 1476 MiB.
2026-10-03T08:39:15Z INFO [161/2500] 2fc48635-b6b2-4963-b06b-6a7bcd076291: valid; 11.5 s; peak memory 1685 MiB.
2026-10-03T08:39:15Z WARNING 2fc4d143-8604-4129-b60b-f5843aeb9b7f: failed while retrieving asset information from the DANDI API (NotFoundError: No asset at path 'sub-715814/sub-715814_ses-1329090859.nwb' in version 0.250311.2145. Verify the path is correct and the asset exists in this version. Use 'dandi ls' to list available assets.)
2026-10-03T08:39:15Z WARNING 2fc55389-5777-4ed8-b697-efc882b1adac: failed while retrieving asset information from the DANDI API (NotFoundError: No asset at path 'sub-751181/sub-751181_ses-behavior-751181-2025-02-25-12-12-30.nwb' in version 0.260928.2230. Verify the path is correct and the asset exists in this version. Use 'dandi ls' to list available assets.)
2026-10-03T08:39:16Z INFO [164/2500] 2fc57df2-ae2b-4f21-8db8-80785fc44094: not valid; 1.3 s; peak memory 1686 MiB.
2026-10-03T08:39:18Z INFO [165/2500] 2fc5ec89-ff99-4c8b-9e33-27082c448eda: valid; 1.9 s; peak memory 1686 MiB.
2026-10-03T08:39:19Z INFO [166/2500] 2fc67db2-cd98-4574-9b37-8c077f8bc976: valid; 0.8 s; peak memory 1686 MiB.
2026-10-03T08:39:20Z INFO [167/2500] 2fc68f7c-c0a7-49e1-88fc-138ae2bc4931: valid; 0.8 s; peak memory 1687 MiB.
2026-10-03T08:39:21Z INFO [168/2500] 2fc74add-2695-491a-9b63-a27051d82032: not valid; 1.0 s; peak memory 1687 MiB.
2026-10-03T08:39:22Z INFO [169/2500] 2fc79adb-19a3-4451-9f45-c38e97bd6e0a: not valid; 1.2 s; peak memory 1687 MiB.
2026-10-03T08:39:23Z INFO [170/2500] 2fc7af82-6ca0-41cf-8ae0-b71d71cdeccf: valid; 0.8 s; peak memory 1687 MiB.
2026-10-03T08:39:24Z INFO [171/2500] 2fc7d656-f7d0-4f24-8ddf-d77f3393520c: valid; 1.1 s; peak memory 1687 MiB.
2026-10-03T08:39:26Z INFO [172/2500] 2fc85d7c-72a1-4e0b-832c-fbf72ac516ee: valid; 2.2 s; peak memory 1692 MiB.
2026-10-03T08:39:31Z INFO [173/2500] 2fcc8352-d37b-4938-ac20-6245255a3b29: not valid; 5.3 s; peak memory 1702 MiB.
2026-10-03T08:39:32Z INFO [174/2500] 2fcc85f7-1a68-4613-a1f2-e21e91e57701: valid; 0.8 s; peak memory 1702 MiB.
2026-10-03T08:39:36Z INFO [175/2500] 2fcdadd9-fff7-4161-9361-8362fdac8efb: not valid; 4.1 s; peak memory 1707 MiB.
2026-10-03T08:39:37Z INFO [176/2500] 2fce20e8-1857-476d-95d7-c3f1f06c4f37: valid; 1.3 s; peak memory 1708 MiB.
2026-10-03T08:40:34Z INFO [177/2500] 2fce6816-dc15-4427-bc14-feacb460ae4c: not valid; 56.5 s; peak memory 1998 MiB.
2026-10-03T08:40:35Z INFO [178/2500] 2fceabe8-908b-461a-b49d-9f4c9af88da5: valid; 1.1 s; peak memory 2000 MiB.
2026-10-03T08:40:35Z WARNING 2fcf669e-2ed9-448b-b2db-e1d112b71d39: failed while retrieving asset information from the DANDI API (NotFoundError: No such Dandiset: 001533)
2026-10-03T08:40:36Z INFO [180/2500] 2fcfa42c-ab82-4209-acbf-a6e1200039ae: valid; 0.7 s; peak memory 2002 MiB.
2026-10-03T08:40:37Z INFO [181/2500] 2fcfacc0-4571-447b-a393-5612a8e85cb7: valid; 0.9 s; peak memory 2006 MiB.
2026-10-03T08:40:37Z INFO [182/2500] 2fd0079b-fe11-48b4-a3e5-88be4aae37cb: valid; 0.8 s; peak memory 2007 MiB.
2026-10-03T08:40:38Z INFO [183/2500] 2fd07044-726f-41b7-8632-dfa1829a2c62: valid; 0.8 s; peak memory 2009 MiB.
2026-10-03T08:40:50Z INFO [184/2500] 2fd07e45-3329-4ffd-889d-da97793e5b47: valid; 12.2 s; peak memory 2109 MiB.
2026-10-03T08:40:52Z INFO [185/2500] 2fd082b3-3f50-4ab8-9e26-bbbce5957fc1: valid; 1.2 s; peak memory 2109 MiB.
2026-10-03T08:40:52Z INFO [186/2500] 2fd0bd52-08da-4a70-b68f-afb05db8f212: valid; 0.8 s; peak memory 2109 MiB.
2026-10-03T08:40:59Z INFO [187/2500] 2fd11725-1b38-4972-a89a-5421cd6dfed2: valid; 6.4 s; peak memory 2109 MiB.
2026-10-03T08:40:59Z INFO [188/2500] 2fd25591-f725-4bec-9d4f-74d9432c1a7c: valid; 0.7 s; peak memory 2109 MiB.
2026-10-03T08:41:03Z INFO [189/2500] 2fd28c06-b010-4efe-85f9-9156e0fbe833: valid; 3.3 s; peak memory 2109 MiB.
2026-10-03T08:41:05Z INFO [190/2500] 2fd2b6c4-f24b-42bc-bb8a-bbd13f154e94: valid; 1.9 s; peak memory 2109 MiB.
2026-10-03T08:41:14Z INFO [191/2500] 2fd482e3-a4da-4583-8b71-de2ddd6d169a: valid; 9.6 s; peak memory 2109 MiB.
2026-10-03T08:41:16Z INFO [192/2500] 2fd53fc1-32d4-4694-8de6-128ca4036f61: not valid; 1.3 s; peak memory 2109 MiB.
2026-10-03T08:41:16Z WARNING 2fd5ca9e-f7e7-417b-aeae-a2029cee3225: failed while retrieving asset information from the DANDI API (NotFoundError: No asset at path 'sub-parkinson-simulated-lfp/sub-parkinson-simulated-lfp_ses-4833_ecephys.nwb' in version 0.250327.2220. Verify the path is correct and the asset exists in this version. Use 'dandi ls' to list available assets.)
2026-10-03T08:41:17Z WARNING 2fd5cfe7-1149-4c56-b6c5-67d74874e5d1: failed while opening the NWB file (ConstructError: (root/acquisition/_iblmic_audioSpectrogram/bands GroupBuilder {'attributes': {'colnames': array(['freq'], dtype=object), 'description': 'spectogram frequencies', 'namespace': 'core', 'neurodata_type': 'FrequencyBandsTable', 'object_id': '8f00bbf0-8036-40dc-a71e-15c67506f2ce'}, 'groups': {}, 'datasets': {'freq': root/acquisition/_iblmic_audioSpectrogram/bands/freq DatasetBuilder {'attributes': {'description': 'frequency value', 'namespace': 'hdmf-common', 'neurodata_type': 'VectorData', 'object_id': '175fbc7e-36a6-4c74-8b64-d2917be6488b'}, 'data': <HDF5 dataset "freq": shape (257,), type "<f4">}, 'id': root/acquisition/_iblmic_audioSpectrogram/bands/id DatasetBuilder {'attributes': {'namespace': 'hdmf-common', 'neurodata_type': 'ElementIdentifiers', 'object_id': '31fbf865-02d9-4698-b078-b9268dff7ffc'}, 'data': <HDF5 dataset "id": shape (257,), type "<i4">}}, 'links': {}}, "Could not construct FrequencyBandsTable object due to: column must have the same number of rows as 'id'"))
2026-10-03T08:41:19Z INFO [195/2500] 2fd6088a-6271-4c12-a964-03c4ba29794a: valid; 1.7 s; peak memory 2109 MiB.
2026-10-03T08:41:20Z INFO [196/2500] 2fd65c1a-6c25-4b3e-a770-e7bf7a0712b6: not valid; 1.5 s; peak memory 2109 MiB.
2026-10-03T08:41:21Z INFO [197/2500] 2fd7253c-285f-452b-8e50-54afa4ac0d4c: not valid; 0.8 s; peak memory 2109 MiB.
2026-10-03T08:41:22Z INFO [198/2500] 2fd7b767-e98c-4f13-bae2-3bc52399ee82: not valid; 1.2 s; peak memory 2109 MiB.
2026-10-03T08:41:24Z INFO [199/2500] 2fd80dfc-8783-4059-9f98-aee9d63fdd02: valid; 1.8 s; peak memory 2109 MiB.
2026-10-03T08:41:27Z INFO [200/2500] 2fd851dd-5f8d-4a2a-9609-c58424db51da: valid; 2.7 s; peak memory 2109 MiB.
2026-10-03T08:41:27Z INFO [200/2500] 2fd851dd-5f8d-4a2a-9609-c58424db51da: checkpointed 96210 records.
2026-10-03T08:41:34Z INFO [201/2500] 2fd89b2b-72d3-48c3-9e6f-5afb84af18cf: valid; 6.4 s; peak memory 2109 MiB.
2026-10-03T08:41:35Z INFO [202/2500] 2fd8a3db-999c-48eb-8c48-ca527008fd9b: valid; 1.2 s; peak memory 2109 MiB.
2026-10-03T08:41:37Z INFO [203/2500] 2fd8a79b-cb1f-45e2-bdae-1059af436b74: valid; 2.5 s; peak memory 2109 MiB.
2026-10-03T08:41:42Z INFO [204/2500] 2fd8fb12-3c21-4067-b8e8-44972b064b50: valid; 4.6 s; peak memory 2109 MiB.
2026-10-03T08:41:43Z INFO [205/2500] 2fda9454-e0d4-4748-9671-e2dcaee8fbea: valid; 1.2 s; peak memory 2109 MiB.
2026-10-03T08:41:44Z INFO [206/2500] 2fdafd7a-a966-45c2-b313-8fe4da10af1a: valid; 0.8 s; peak memory 2109 MiB.
2026-10-03T08:41:46Z INFO [207/2500] 2fdb240e-bf77-42ce-9d5d-2fddc134c802: valid; 2.1 s; peak memory 2109 MiB.
2026-10-03T08:41:50Z INFO [208/2500] 2fdb283d-6786-4211-9810-75cc648f7166: not valid; 4.0 s; peak memory 2109 MiB.
2026-10-03T08:41:51Z INFO [209/2500] 2fdbacdd-1e13-4f89-b49b-db9443a30dc0: valid; 1.1 s; peak memory 2109 MiB.
2026-10-03T08:41:53Z INFO [210/2500] 2fdbb5c2-c3d7-4849-b481-af3b74ad7c37: valid; 1.4 s; peak memory 2109 MiB.
2026-10-03T08:41:56Z INFO [211/2500] 2fdc10de-d803-423c-b16e-0c71284421cf: not valid; 3.6 s; peak memory 2109 MiB.
2026-10-03T08:41:57Z INFO [212/2500] 2fdc4da7-a02f-41fe-b55a-84bb1e6324bd: valid; 0.6 s; peak memory 2109 MiB.
2026-10-03T08:41:58Z INFO [213/2500] 2fdc860a-855f-4489-95e3-badb25c5105e: valid; 0.8 s; peak memory 2109 MiB.
2026-10-03T08:41:59Z INFO [214/2500] 2fdcf8e8-0abe-4676-aa8b-86d945810544: not valid; 1.1 s; peak memory 2109 MiB.
2026-10-03T08:42:00Z INFO [215/2500] 2fdd0468-b69a-421d-b4ce-931d29bff96a: valid; 0.8 s; peak memory 2109 MiB.
2026-10-03T08:43:21Z INFO [216/2500] 2fdd6f75-8fa7-46d5-b291-346248c5cdc5: valid; 81.4 s; peak memory 2284 MiB.
2026-10-03T08:43:22Z INFO [217/2500] 2fddf8fe-dcfc-40ef-87f7-9e5f2c9fdef8: not valid; 1.5 s; peak memory 2284 MiB.
2026-10-03T08:43:23Z INFO [218/2500] 2fde057c-f3ea-479e-8d4e-68725ea5aace: not valid; 0.9 s; peak memory 2285 MiB.
2026-10-03T08:43:25Z INFO [219/2500] 2fdf979a-b08e-41ed-8c8d-806960ba04fb: valid; 1.3 s; peak memory 2286 MiB.
2026-10-03T08:43:33Z INFO [220/2500] 2fdffbd2-f158-4877-86dd-f456446f67c8: valid; 8.8 s; peak memory 2445 MiB.
2026-10-03T08:43:36Z INFO [221/2500] 2fe06762-0ead-4f30-a0ab-3e38c3e356bf: valid; 2.1 s; peak memory 2445 MiB.
2026-10-03T08:43:36Z INFO [222/2500] 2fe07e51-03c6-4b3f-88cf-628e43df3611: valid; 0.5 s; peak memory 2445 MiB.
2026-10-03T08:43:37Z INFO [223/2500] 2fe0a851-aebb-43f9-a1ae-a6e335fe0ea6: valid; 0.9 s; peak memory 2445 MiB.
2026-10-03T08:43:38Z INFO [224/2500] 2fe0aa06-4a80-42e7-913c-02a240694ed5: valid; 0.9 s; peak memory 2445 MiB.
2026-10-03T08:43:45Z INFO [225/2500] 2fe0c247-bbc5-4d06-a134-55c1db9f1b76: valid; 7.4 s; peak memory 2641 MiB.
2026-10-03T08:43:46Z INFO [226/2500] 2fe0dea8-1108-4aee-b7f0-3ae19c350117: valid; 0.9 s; peak memory 2643 MiB.
2026-10-03T08:43:47Z INFO [227/2500] 2fe0e52a-7535-4da7-a84d-7c5d204750a0: not valid; 1.1 s; peak memory 2648 MiB.
2026-10-03T08:43:58Z INFO [228/2500] 2fe196d8-074e-40cd-8e9b-12c93fe38182: valid; 10.5 s; peak memory 2664 MiB.
2026-10-03T08:43:59Z INFO [229/2500] 2fe1de67-2094-4c49-9bb3-30ae104c0827: valid; 0.8 s; peak memory 2664 MiB.
2026-10-03T08:43:59Z INFO [230/2500] 2fe1f372-c36d-4f6e-b887-3b38231c33cd: valid; 0.7 s; peak memory 2664 MiB.
2026-10-03T08:44:00Z INFO [231/2500] 2fe330e2-2e8b-4a6f-93db-7f25975e7f4e: valid; 0.8 s; peak memory 2664 MiB.
2026-10-03T08:44:01Z WARNING 2fe358ba-3980-48de-a7a1-b61e8b25254b: failed while opening the NWB file (ConstructError: (root/acquisition/event_code_meanings GroupBuilder {'attributes': {'colnames': array(['value', 'meaning'], dtype=object), 'description': 'Mapping integer event codes to event labels', 'namespace': 'ndx-events', 'neurodata_type': 'MeaningsTable', 'object_id': '57bbb8cc-a328-46d7-8e56-7b792446c1b2'}, 'groups': {}, 'datasets': {'id': root/acquisition/event_code_meanings/id DatasetBuilder {'attributes': {'namespace': 'hdmf-common', 'neurodata_type': 'ElementIdentifiers', 'object_id': '10fecb9e-4ef4-411e-9957-064189339b7b'}, 'data': <HDF5 dataset "id": shape (26,), type "<i8">}, 'meaning': root/acquisition/event_code_meanings/meaning DatasetBuilder {'attributes': {'description': 'The meaning of the value in the parent CategoricalVectorData object.', 'namespace': 'hdmf-experimental', 'neurodata_type': 'VectorData', 'object_id': '0716ddec-0b35-417f-811a-73e4d7935239'}, 'data': <StrDataset for HDF5 dataset "meaning": shape (26,), type "|O">}, 'value': root/acquisition/event_code_meanings/value DatasetBuilder {'attributes': {'description': 'The value of the parent CategoricalVectorData object.', 'namespace': 'hdmf-experimental', 'neurodata_type': 'VectorData', 'object_id': '4be4ac98-cb2f-42d8-b2dc-058799726d0e'}, 'data': <HDF5 dataset "value": shape (26,), type "<i8">}}, 'links': {}}, "Could not construct MeaningsTable object due to: MeaningsTable.__init__: missing argument 'target'"))
2026-10-03T08:44:02Z INFO [233/2500] 2fe39253-b504-4f00-974f-63a5ba5151e0: not valid; 1.1 s; peak memory 2664 MiB.
2026-10-03T08:44:04Z INFO [234/2500] 2fe4d6dc-1dd0-4a04-ae49-3058d22bc8fa: valid; 1.7 s; peak memory 2664 MiB.
2026-10-03T08:44:06Z INFO [235/2500] 2fe4ef6f-2554-4376-8359-689c45f34343: not valid; 2.5 s; peak memory 2665 MiB.
2026-10-03T08:44:07Z INFO [236/2500] 2fe5446e-de35-47db-a452-4ed89e6ac20a: valid; 0.9 s; peak memory 2665 MiB.
2026-10-03T08:44:09Z INFO [237/2500] 2fe55396-582e-402c-bf00-5ae485f088ef: valid; 1.5 s; peak memory 2665 MiB.
2026-10-03T08:44:10Z INFO [238/2500] 2fe5b2b9-8538-410d-8064-f07a4a2b9e43: valid; 1.2 s; peak memory 2665 MiB.
2026-10-03T08:44:11Z INFO [239/2500] 2fe5f018-f397-4784-a72c-39d17398cd85: not valid; 1.1 s; peak memory 2665 MiB.
2026-10-03T08:44:13Z INFO [240/2500] 2fe62a03-4d1b-49b0-9306-8860ac0043ba: valid; 1.7 s; peak memory 2665 MiB.
2026-10-03T08:44:17Z INFO [241/2500] 2fe6a73b-32e6-41c8-84db-0662a7126b12: valid; 4.6 s; peak memory 2665 MiB.
2026-10-03T08:44:19Z INFO [242/2500] 2fe6b47b-0652-43b4-9aa8-57faafb0e728: not valid; 1.4 s; peak memory 2665 MiB.
2026-10-03T08:44:21Z INFO [243/2500] 2fe6c799-3257-4e19-8ab8-a2bc43b4fbd2: valid; 2.1 s; peak memory 2665 MiB.
2026-10-03T08:44:22Z INFO [244/2500] 2fe6f64c-e185-4112-95ee-c754b645d8e6: valid; 0.7 s; peak memory 2665 MiB.
2026-10-03T08:44:24Z INFO [245/2500] 2fe761ff-2692-4845-984e-0df4d80738dd: valid; 2.2 s; peak memory 2665 MiB.
2026-10-03T08:44:25Z INFO [246/2500] 2fe7eb78-d99a-4db6-8bfb-8780591839da: valid; 1.2 s; peak memory 2665 MiB.
2026-10-03T08:44:26Z INFO [247/2500] 2fe7f55b-e96f-44a2-a329-4d1a4ae9f7b5: valid; 1.0 s; peak memory 2665 MiB.
2026-10-03T08:44:27Z INFO [248/2500] 2fe7f714-e4bb-4044-a9f9-3fdd8a91fe61: valid; 0.7 s; peak memory 2665 MiB.
2026-10-03T08:44:37Z INFO [249/2500] 2fe8eef1-fc29-4d5d-a5af-3d796cb3910e: valid; 10.4 s; peak memory 2665 MiB.
2026-10-03T08:44:39Z INFO [250/2500] 2fe90ca7-44b8-41b5-b274-61ba2041973a: valid; 1.8 s; peak memory 2665 MiB.
2026-10-03T08:44:40Z INFO [250/2500] 2fe90ca7-44b8-41b5-b274-61ba2041973a: checkpointed 96260 records.
2026-10-03T08:44:42Z INFO [251/2500] 2fe92278-632e-4a8d-b0fe-891f5a5d18ed: valid; 2.1 s; peak memory 2668 MiB.
2026-10-03T08:44:42Z WARNING 2fe9991e-d553-41ef-9d07-c74061587c8a: failed while retrieving asset information from the DANDI API (NotFoundError: No asset at path 'sub-parkinson-simulated-lfp/sub-parkinson-simulated-lfp_ses-466_ecephys.nwb' in version 0.250327.2220. Verify the path is correct and the asset exists in this version. Use 'dandi ls' to list available assets.)
2026-10-03T08:44:43Z INFO [253/2500] 2fea1833-cc3e-4e23-a251-46ca8351f38b: not valid; 1.0 s; peak memory 2668 MiB.
2026-10-03T08:44:44Z INFO [254/2500] 2fea5400-ea0a-4c5c-81a9-626cee780ed5: valid; 0.8 s; peak memory 2668 MiB.
2026-10-03T08:44:46Z INFO [255/2500] 2feb567a-aff2-4d35-97f1-5392802fef2c: valid; 2.2 s; peak memory 2669 MiB.
2026-10-03T08:44:47Z INFO [256/2500] 2feb6c4b-46d0-404d-b6d1-0016992f152f: valid; 1.2 s; peak memory 2671 MiB.
2026-10-03T08:44:48Z INFO [257/2500] 2feba555-a5f4-4eed-99fd-077f86a043de: not valid; 1.1 s; peak memory 2672 MiB.
2026-10-03T08:44:50Z INFO [258/2500] 2febda45-fcfd-45a8-adc8-f7d905e86f76: valid; 1.8 s; peak memory 2674 MiB.
2026-10-03T08:44:51Z INFO [259/2500] 2febfe33-3470-42f6-8fbd-9da94ff0c3b0: valid; 1.1 s; peak memory 2676 MiB.
2026-10-03T08:44:56Z INFO [260/2500] 2fec4726-eddb-4df5-a9eb-6ec0ccabbf18: valid; 4.9 s; peak memory 2684 MiB.
2026-10-03T08:44:57Z INFO [261/2500] 2fec7c14-33de-4a7d-8783-e098a9d6b13d: valid; 1.5 s; peak memory 2684 MiB.
2026-10-03T08:44:58Z INFO [262/2500] 2feca468-cb66-4f59-867a-bfc24e30edf7: not valid; 0.9 s; peak memory 2684 MiB.
2026-10-03T08:45:02Z INFO [263/2500] 2fed587b-bf3c-485f-8a90-585375c1324b: not valid; 3.5 s; peak memory 2698 MiB.
2026-10-03T08:45:04Z INFO [264/2500] 2fed9856-cea3-4713-b7ff-4f1adea6c3c3: valid; 1.8 s; peak memory 2699 MiB.
2026-10-03T08:45:05Z INFO [265/2500] 2fedf89e-5c22-4ea1-b860-eba17f8d70a8: valid; 1.1 s; peak memory 2701 MiB.
2026-10-03T08:45:06Z INFO [266/2500] 2fedfab2-8fd4-49ac-952e-41c40ca717a1: valid; 1.8 s; peak memory 2703 MiB.
2026-10-03T08:45:08Z INFO [267/2500] 2fee08ca-ab01-42b0-bf15-2423d1287a01: valid; 1.2 s; peak memory 2704 MiB.
2026-10-03T08:45:09Z INFO [268/2500] 2fee2ba9-8fa0-4929-ad4a-769b0f81936a: valid; 1.2 s; peak memory 2705 MiB.
2026-10-03T08:45:09Z INFO [269/2500] 2feebe94-a691-42ce-ba57-935a9e7d1640: valid; 0.7 s; peak memory 2705 MiB.
2026-10-03T08:45:12Z INFO [270/2500] 2fef90cd-9997-4be8-b6b7-0fa505e1e790: not valid; 2.6 s; peak memory 2708 MiB.
2026-10-03T08:45:13Z INFO [271/2500] 2ff06186-f8b2-4665-a85d-ab36d2e4402f: not valid; 1.2 s; peak memory 2712 MiB.
2026-10-03T08:45:14Z INFO [272/2500] 2ff08cc0-d468-4601-94e9-e143c3add33e: valid; 0.8 s; peak memory 2712 MiB.
2026-10-03T08:45:15Z INFO [273/2500] 2ff0c742-c514-4a86-b365-4dbbba312f46: valid; 0.9 s; peak memory 2713 MiB.
2026-10-03T08:45:17Z INFO [274/2500] 2ff14f91-dfe8-4ad7-baf2-062161f16271: valid; 2.0 s; peak memory 2714 MiB.
2026-10-03T08:45:19Z INFO [275/2500] 2ff1888b-1e2d-4b61-8f80-280ac2a15fa0: valid; 1.5 s; peak memory 2714 MiB.
2026-10-03T08:45:20Z WARNING 2ff1f276-177f-48b6-8fcc-44af330f86b3: failed while opening the NWB file (ConstructError: (root/acquisition/_iblmic_audioSpectrogram/bands GroupBuilder {'attributes': {'colnames': array(['freq'], dtype=object), 'description': 'spectogram frequencies', 'namespace': 'core', 'neurodata_type': 'FrequencyBandsTable', 'object_id': 'bf4a2562-3ce1-4c6f-8d35-f32892244abe'}, 'groups': {}, 'datasets': {'freq': root/acquisition/_iblmic_audioSpectrogram/bands/freq DatasetBuilder {'attributes': {'description': 'frequency value', 'namespace': 'hdmf-common', 'neurodata_type': 'VectorData', 'object_id': 'fb1af96d-0f5a-4928-bc3b-2de048a05322'}, 'data': <HDF5 dataset "freq": shape (257,), type "<f4">}, 'id': root/acquisition/_iblmic_audioSpectrogram/bands/id DatasetBuilder {'attributes': {'namespace': 'hdmf-common', 'neurodata_type': 'ElementIdentifiers', 'object_id': '362c0321-4652-4b11-956c-6879c67b35cc'}, 'data': <HDF5 dataset "id": shape (257,), type "<i4">}}, 'links': {}}, "Could not construct FrequencyBandsTable object due to: column must have the same number of rows as 'id'"))
2026-10-03T08:45:23Z INFO [277/2500] 2ff23b53-7b74-4c7e-b549-0fb759805e6c: valid; 2.9 s; peak memory 2714 MiB.
2026-10-03T08:45:23Z INFO [278/2500] 2ff29427-095e-460f-b20e-ad2f78d3a851: not valid; 0.9 s; peak memory 2714 MiB.
2026-10-03T08:45:25Z INFO [279/2500] 2ff2bc6c-dc3b-4b44-bad1-a19d1c8d133c: valid; 1.4 s; peak memory 2714 MiB.
2026-10-03T08:45:30Z INFO [280/2500] 2ff4a5fc-e9cf-47e2-92cd-58327bab4698: not valid; 4.8 s; peak memory 2715 MiB.
2026-10-03T08:45:31Z INFO [281/2500] 2ff5920e-172a-4de8-bf6e-d355a140cf71: not valid; 1.4 s; peak memory 2715 MiB.
2026-10-03T08:45:35Z INFO [282/2500] 2ff65432-f9d4-4e25-8128-02e2df861049: valid; 4.2 s; peak memory 2720 MiB.
2026-10-03T08:45:37Z INFO [283/2500] 2ff74983-db36-4ee0-8ab8-a469862a68a4: valid; 1.5 s; peak memory 2722 MiB.
2026-10-03T08:45:38Z INFO [284/2500] 2ff78595-b562-4ae1-83a6-65410a25c8a1: valid; 0.8 s; peak memory 2722 MiB.
2026-10-03T08:45:46Z INFO [285/2500] 2ff7b869-2cf4-4d42-9d03-1e9523f3dd27: valid; 8.8 s; peak memory 2754 MiB.
2026-10-03T08:45:48Z WARNING 2ff8125b-5355-48d4-93f4-7d743b3bbe81: failed while opening the NWB file (ConstructError: (root/acquisition/_iblmic_audioSpectrogram/bands GroupBuilder {'attributes': {'colnames': array(['freq'], dtype=object), 'description': 'spectogram frequencies', 'namespace': 'core', 'neurodata_type': 'FrequencyBandsTable', 'object_id': '6cd319fa-61ab-4d4e-b799-3dd47cfc6844'}, 'groups': {}, 'datasets': {'freq': root/acquisition/_iblmic_audioSpectrogram/bands/freq DatasetBuilder {'attributes': {'description': 'frequency value', 'namespace': 'hdmf-common', 'neurodata_type': 'VectorData', 'object_id': '451ca58c-7f72-492c-b3f3-1b5da085af13'}, 'data': <HDF5 dataset "freq": shape (257,), type "<f4">}, 'id': root/acquisition/_iblmic_audioSpectrogram/bands/id DatasetBuilder {'attributes': {'namespace': 'hdmf-common', 'neurodata_type': 'ElementIdentifiers', 'object_id': 'd8acc050-1354-41b8-8ff7-9d1a1d0d916f'}, 'data': <HDF5 dataset "id": shape (257,), type "<i4">}}, 'links': {}}, "Could not construct FrequencyBandsTable object due to: column must have the same number of rows as 'id'"))
2026-10-03T08:45:50Z INFO [287/2500] 2ff85d11-1bf7-427d-b0e1-d6ddd6230285: not valid; 2.3 s; peak memory 2757 MiB.
2026-10-03T08:45:52Z INFO [288/2500] 2ff8789d-ac06-4f32-850e-94438562c1f9: valid; 1.9 s; peak memory 2759 MiB.
2026-10-03T08:45:53Z INFO [289/2500] 2ff87d5b-3ca7-446c-8fd0-d511d743309d: valid; 0.7 s; peak memory 2761 MiB.
2026-10-03T08:45:53Z INFO [290/2500] 2ff89045-4770-44f5-839b-df684698b209: valid; 0.8 s; peak memory 2762 MiB.
2026-10-03T08:45:55Z INFO [291/2500] 2ff8d74c-72a2-4f25-ac47-fc703464dade: valid; 1.8 s; peak memory 2762 MiB.
2026-10-03T08:45:56Z INFO [292/2500] 2ff926e8-8f41-4587-baa3-9a736f61ee1a: not valid; 0.7 s; peak memory 2763 MiB.
2026-10-03T08:45:57Z INFO [293/2500] 2ff93d66-0ead-4015-b735-5407e60d0f46: valid; 1.2 s; peak memory 2765 MiB.
2026-10-03T08:45:59Z INFO [294/2500] 2ff95333-dfe9-4bb7-9282-ee55f12f5145: valid; 1.9 s; peak memory 2765 MiB.
2026-10-03T08:46:00Z INFO [295/2500] 2ff9cb06-60bf-46bf-8f54-5ec4d5e249ab: not valid; 1.0 s; peak memory 2765 MiB.
2026-10-03T08:46:01Z INFO [296/2500] 2ff9cfc3-d140-46d6-895d-4c58974556c5: valid; 1.2 s; peak memory 2766 MiB.
2026-10-03T08:46:02Z INFO [297/2500] 2ffa7523-82ce-4b23-918e-be923499ef16: not valid; 1.3 s; peak memory 2766 MiB.
2026-10-03T08:46:04Z INFO [298/2500] 2ffab574-e0a9-441e-a502-73a9cc0f2256: valid; 2.1 s; peak memory 2766 MiB.
2026-10-03T08:46:09Z INFO [299/2500] 2ffacb64-c62c-471e-939e-378114636308: not valid; 4.8 s; peak memory 2784 MiB.
2026-10-03T08:46:10Z INFO [300/2500] 2ffb68fb-2415-4e90-b5a5-407551f8d499: not valid; 1.0 s; peak memory 2786 MiB.
2026-10-03T08:46:11Z INFO [300/2500] 2ffb68fb-2415-4e90-b5a5-407551f8d499: checkpointed 96310 records.
2026-10-03T08:46:18Z INFO [301/2500] 2ffb88cc-dce2-4295-bc54-cfd9870cf982: valid; 7.3 s; peak memory 2803 MiB.
2026-10-03T08:46:20Z INFO [302/2500] 2ffc842b-9406-40c7-91b4-53c1a92e8ab2: valid; 1.5 s; peak memory 2805 MiB.
2026-10-03T08:46:21Z INFO [303/2500] 2ffc9ed9-d7e3-4f66-844d-ca4340e5e82b: not valid; 1.2 s; peak memory 2805 MiB.
2026-10-03T08:46:23Z INFO [304/2500] 2ffd6922-3774-4c94-b57c-7dd1765a9756: not valid; 1.6 s; peak memory 2805 MiB.
2026-10-03T08:47:03Z INFO [305/2500] 2ffe2382-c5ee-4f37-a774-b3f8af0399f4: valid; 40.0 s; peak memory 2942 MiB.
2026-10-03T08:47:04Z INFO [306/2500] 2ffe29f9-bbcd-45e1-ae77-d39e8c7b4444: valid; 0.9 s; peak memory 2944 MiB.
2026-10-03T08:47:04Z INFO [307/2500] 2ffe2b1b-6c16-4e88-aa08-6406c41799b5: valid; 0.9 s; peak memory 2946 MiB.
2026-10-03T08:48:27Z INFO [308/2500] 2ffe82e1-3f36-4a76-a120-8841b86cb581: valid; 82.8 s; peak memory 3497 MiB.
2026-10-03T08:48:29Z WARNING 2ffea2c8-4794-4645-b2b6-5e689d893973: failed while opening the NWB file (ConstructError: (root/general/optogenetics/PatternedOptogeneticStimulusSite GroupBuilder {'attributes': {'effector': 'GUR-3/PRDX-2', 'namespace': 'ndx-patterned-ogen', 'neurodata_type': 'PatternedOptogeneticStimulusSite', 'object_id': '77e7f34b-d3b5-4497-a722-73a02f6fecf9'}, 'groups': {}, 'datasets': {'description': root/general/optogenetics/PatternedOptogeneticStimulusSite/description DatasetBuilder {'attributes': {}, 'data': 'Scanning'}, 'excitation_lambda': root/general/optogenetics/PatternedOptogeneticStimulusSite/excitation_lambda DatasetBuilder {'attributes': {}, 'data': np.float64(850.0)}, 'location': root/general/optogenetics/PatternedOptogeneticStimulusSite/location DatasetBuilder {'attributes': {}, 'data': 'whole brain'}}, 'links': {'device': root/general/optogenetics/PatternedOptogeneticStimulusSite/device LinkBuilder {'builder': root/general/devices/OptogeneticDevice GroupBuilder {'attributes': {'description': '', 'namespace': 'core', 'neurodata_type': 'Device', 'object_id': 'c5e98c79-9220-40ef-9b28-3748e35d978f'}, 'groups': {}, 'datasets': {}, 'links': {}}}, 'light_source': root/general/optogenetics/PatternedOptogeneticStimulusSite/light_source LinkBuilder {'builder': root/general/devices/AmplifiedLaser GroupBuilder {'attributes': {'description': 'For two-photon optogenetic targeting, we used an optical parametric amplifier (OPA; Light Conversion ORPHEUS) pumped by a femtosecond amplified laser (Light Conversion PHAROS).', 'filter_description': 'Short pass at 1040 nm', 'manufacturer': 'Light Conversion', 'model': 'ORPHEUS amplifier and PHAROS laser', 'namespace': 'ndx-patterned-ogen', 'neurodata_type': 'LightSource', 'object_id': '68a27ab1-2a77-498c-a3a6-aba4f4cc4305', 'peak_power_in_W': np.float64(0.0012), 'pulse_rate_in_Hz': np.float64(500000.0), 'stimulation_wavelength_in_nm': np.float64(850.0)}, 'groups': {}, 'datasets': {}, 'links': {}}}}}, "Could not construct PatternedOptogeneticStimulusSite object due to: CustomClassGenerator.set_init.<locals>.__init__: incorrect type for 'spatial_light_modulator' (got 'list', expected 'Device')"))
2026-10-03T08:48:31Z INFO [310/2500] 2ffee9f7-f559-410e-8360-67d039ae0dc1: not valid; 1.3 s; peak memory 3497 MiB.
2026-10-03T08:48:32Z INFO [311/2500] 2fff0a70-3393-4a3c-9b0c-54bc6668dc5b: valid; 1.6 s; peak memory 3501 MiB.
2026-10-03T08:48:35Z INFO [312/2500] 2fff39c9-5a00-4e1d-95c0-2dc6aac62259: valid; 3.2 s; peak memory 3502 MiB.
2026-10-03T08:48:37Z INFO [313/2500] 2fff44e0-e335-4e2d-8666-3ab6c102fb6f: not valid; 1.3 s; peak memory 3505 MiB.
2026-10-03T08:48:38Z INFO [314/2500] 2fffa9f3-df2b-47c0-98d1-c70844b3b4c0: not valid; 1.0 s; peak memory 3505 MiB.
2026-10-03T08:48:39Z INFO [315/2500] 30012cdb-e2ae-4448-bc9a-d7d301dd0c82: not valid; 1.0 s; peak memory 3505 MiB.
2026-10-03T08:48:40Z INFO [316/2500] 3002050b-75ad-4ac0-95f5-da83c9d0eca2: valid; 1.1 s; peak memory 3505 MiB.
2026-10-03T08:48:41Z INFO [317/2500] 30020a63-714f-4205-a862-4d65b110a0eb: not valid; 1.7 s; peak memory 3505 MiB.
2026-10-03T08:48:42Z INFO [318/2500] 3002517f-6866-47c7-ac6a-4a9d54a6e464: valid; 0.6 s; peak memory 3505 MiB.
2026-10-03T08:48:44Z INFO [319/2500] 3002fcc0-7c31-4dfe-8c6f-48193cbc7997: valid; 2.0 s; peak memory 3505 MiB.
2026-10-03T08:48:45Z INFO [320/2500] 30037b42-19be-4a28-8c05-ba6a61ba4a92: valid; 0.6 s; peak memory 3505 MiB.
2026-10-03T08:48:46Z INFO [321/2500] 300408fa-91df-408d-bfd1-d4e00790d8a1: valid; 1.4 s; peak memory 3505 MiB.
2026-10-03T08:48:48Z INFO [322/2500] 30046e69-e6c1-42c1-b461-4e08c56401ec: valid; 2.0 s; peak memory 3505 MiB.
2026-10-03T08:48:49Z INFO [323/2500] 300494b1-08fd-4cae-899e-46447e0f348b: not valid; 0.9 s; peak memory 3505 MiB.
2026-10-03T08:48:50Z INFO [324/2500] 3006018a-8ed1-470f-8ed1-4e2babb3198a: valid; 1.2 s; peak memory 3505 MiB.
2026-10-03T08:48:51Z INFO [325/2500] 300634be-277b-411b-ba00-71c549f95ec2: valid; 1.1 s; peak memory 3505 MiB.
2026-10-03T08:49:00Z INFO [326/2500] 3006a7ce-3807-453f-a640-4e1c31986884: valid; 8.5 s; peak memory 3606 MiB.
2026-10-03T08:49:02Z INFO [327/2500] 30079bd7-e356-4bd6-b564-1ebe81f1c087: valid; 2.0 s; peak memory 3606 MiB.
2026-10-03T08:49:10Z INFO [328/2500] 30080dd7-cac9-4718-85fc-59370b62aba8: valid; 8.5 s; peak memory 3606 MiB.
2026-10-03T08:49:21Z INFO [329/2500] 30081900-2918-44bf-bddb-5788ad7fad05: valid; 11.2 s; peak memory 3606 MiB.
2026-10-03T08:49:23Z INFO [330/2500] 3008731e-3411-4fef-9d15-4293fc5f8d05: valid; 1.7 s; peak memory 3606 MiB.
2026-10-03T08:49:28Z INFO [331/2500] 300876ce-24ae-4027-be6e-bf013dbd2734: valid; 5.5 s; peak memory 3606 MiB.
2026-10-03T08:49:30Z INFO [332/2500] 3008f0df-611d-4f88-bc55-85e3786a6728: not valid; 1.6 s; peak memory 3606 MiB.
2026-10-03T08:49:31Z INFO [333/2500] 30091b1f-6498-4f84-9806-7080b0dac6e3: valid; 0.8 s; peak memory 3606 MiB.
2026-10-03T08:49:32Z INFO [334/2500] 30099515-f46e-4a0a-9238-78979f61220a: valid; 1.2 s; peak memory 3606 MiB.
2026-10-03T08:49:34Z INFO [335/2500] 3009b051-f662-415c-90bb-e2f0a25abdbc: not valid; 1.9 s; peak memory 3606 MiB.
2026-10-03T08:49:41Z INFO [336/2500] 3009b407-7bf5-4a53-91f8-89c1efa0ea36: valid; 6.9 s; peak memory 3606 MiB.
2026-10-03T08:49:42Z INFO [337/2500] 300a5f13-697c-49cf-82e0-273e843db47f: valid; 0.8 s; peak memory 3606 MiB.
2026-10-03T08:49:44Z INFO [338/2500] 300aa54f-c7de-4118-bec1-78d52f4bbc05: not valid; 1.8 s; peak memory 3606 MiB.
2026-10-03T08:49:44Z INFO [339/2500] 300bf8fd-3657-400d-b179-a8d892512c15: valid; 0.8 s; peak memory 3606 MiB.
2026-10-03T08:49:45Z INFO [340/2500] 300d9f03-1b8a-471a-b383-7a10f8c4ceb0: valid; 1.0 s; peak memory 3606 MiB.
2026-10-03T08:49:47Z INFO [341/2500] 300e2fae-1018-4a3e-b7d4-14cbd071f70f: valid; 1.9 s; peak memory 3606 MiB.
2026-10-03T08:49:49Z INFO [342/2500] 300e5806-3269-485b-bde4-f86f56069303: valid; 1.4 s; peak memory 3606 MiB.
2026-10-03T08:49:50Z INFO [343/2500] 300e7372-896c-4a85-8e8d-25b02d789126: valid; 1.8 s; peak memory 3606 MiB.
2026-10-03T08:49:54Z INFO [344/2500] 300ec169-67c5-462b-9e64-d5d73c12acef: valid; 3.3 s; peak memory 3606 MiB.
2026-10-03T08:49:55Z WARNING 300fb966-0580-4a61-b9c3-334d9faab77a: failed while opening the NWB file (ConstructError: (root/acquisition/_iblmic_audioSpectrogram/bands GroupBuilder {'attributes': {'colnames': array(['freq'], dtype=object), 'description': 'spectogram frequencies', 'namespace': 'core', 'neurodata_type': 'FrequencyBandsTable', 'object_id': '8c1a6f83-5eb4-4a6c-a6c7-59e2d685f588'}, 'groups': {}, 'datasets': {'freq': root/acquisition/_iblmic_audioSpectrogram/bands/freq DatasetBuilder {'attributes': {'description': 'frequency value', 'namespace': 'hdmf-common', 'neurodata_type': 'VectorData', 'object_id': '1392eb20-2553-4fc7-a65b-ee0f6a934269'}, 'data': <HDF5 dataset "freq": shape (257,), type "<f4">}, 'id': root/acquisition/_iblmic_audioSpectrogram/bands/id DatasetBuilder {'attributes': {'namespace': 'hdmf-common', 'neurodata_type': 'ElementIdentifiers', 'object_id': '00980bdf-86d3-42e6-80fb-92734537c1be'}, 'data': <HDF5 dataset "id": shape (257,), type "<i4">}}, 'links': {}}, "Could not construct FrequencyBandsTable object due to: column must have the same number of rows as 'id'"))
2026-10-03T08:49:56Z INFO [346/2500] 3010280c-f399-4834-9587-adbacdfafdc2: valid; 1.1 s; peak memory 3606 MiB.
2026-10-03T08:49:57Z INFO [347/2500] 30109668-6bac-47a6-b8fd-dbd60519f8d1: valid; 0.8 s; peak memory 3606 MiB.
2026-10-03T08:49:58Z INFO [348/2500] 301188f1-66f5-4d02-8244-951e287da9f3: valid; 1.2 s; peak memory 3606 MiB.
2026-10-03T08:50:09Z INFO [349/2500] 30121ee7-74c1-4829-9346-ab6b4e8ac43d: valid; 11.2 s; peak memory 3606 MiB.
2026-10-03T08:50:11Z INFO [350/2500] 3012b631-4a84-425b-b67f-7bccca44dabe: valid; 1.2 s; peak memory 3606 MiB.
2026-10-03T08:50:11Z INFO [350/2500] 3012b631-4a84-425b-b67f-7bccca44dabe: checkpointed 96360 records.
2026-10-03T08:50:12Z INFO [351/2500] 30131eae-8374-4d52-b9bb-354e6ae51593: not valid; 0.9 s; peak memory 3606 MiB.
2026-10-03T08:50:13Z INFO [352/2500] 30133e18-2ad8-4ff9-a1d0-6c196eb44b61: valid; 0.6 s; peak memory 3606 MiB.
2026-10-03T08:50:13Z WARNING 301374b1-46d0-4bc7-9201-1c06ec018188: failed while retrieving asset information from the DANDI API (NotFoundError: No asset at path 'sub-699462/sub-699462_ses-behavior-699462-2024-01-14-15-41-48.nwb' in version 0.260928.2230. Verify the path is correct and the asset exists in this version. Use 'dandi ls' to list available assets.)
2026-10-03T08:50:14Z INFO [354/2500] 301393e4-2805-47e1-8274-3d1f2f6f34f8: valid; 1.2 s; peak memory 3606 MiB.
2026-10-03T08:50:15Z INFO [355/2500] 3014132b-29df-4bab-84da-457eca6234a9: valid; 1.3 s; peak memory 3606 MiB.
2026-10-03T08:50:18Z INFO [356/2500] 3014b696-5f98-437d-afe1-a018db943724: not valid; 2.7 s; peak memory 3606 MiB.
2026-10-03T08:50:19Z INFO [357/2500] 30156689-7e69-4e95-b36e-60b54defadb7: not valid; 1.1 s; peak memory 3606 MiB.
2026-10-03T08:50:20Z INFO [358/2500] 30158497-931e-46e8-b1ad-be6571a77919: not valid; 0.9 s; peak memory 3606 MiB.
2026-10-03T08:50:21Z INFO [359/2500] 3015b4a7-5d9e-443a-8e20-ae3cc8fdc29c: valid; 1.3 s; peak memory 3606 MiB.
2026-10-03T08:50:25Z INFO [360/2500] 301633ce-dc68-48cb-be8d-ea0642be0d7d: not valid; 3.2 s; peak memory 3606 MiB.
2026-10-03T08:50:32Z INFO [361/2500] 30165233-8974-46f5-88e1-818e92561761: valid; 7.5 s; peak memory 3606 MiB.
2026-10-03T08:50:43Z INFO [362/2500] 3016ac95-3b72-46b3-9424-9aefa38e50a5: valid; 11.0 s; peak memory 3606 MiB.
2026-10-03T08:50:44Z INFO [363/2500] 3016c0ca-ca51-42d8-815c-59479965c762: valid; 0.7 s; peak memory 3606 MiB.
2026-10-03T08:50:45Z INFO [364/2500] 3016db27-1afc-4859-b7b3-42bc70a1536c: valid; 1.2 s; peak memory 3606 MiB.
2026-10-03T08:50:46Z INFO [365/2500] 30171521-dd47-42b9-b41a-f3b7018845d2: valid; 0.9 s; peak memory 3606 MiB.
2026-10-03T08:50:47Z INFO [366/2500] 3017601c-d7a7-4416-b3bd-ddacce5779df: valid; 1.0 s; peak memory 3606 MiB.
2026-10-03T08:50:48Z INFO [367/2500] 3017ce56-6db6-4f1b-9f43-daf710104617: valid; 1.1 s; peak memory 3606 MiB.
2026-10-03T08:50:48Z WARNING 30182eec-8113-492f-b752-1251f57ab110: failed while retrieving asset information from the DANDI API (NotFoundError: No asset at path 'sub-parkinson-simulated-beta/sub-parkinson-simulated-beta_ses-6499_ecephys.nwb' in version 0.250327.2220. Verify the path is correct and the asset exists in this version. Use 'dandi ls' to list available assets.)
2026-10-03T08:50:49Z INFO [369/2500] 30186433-8797-427b-b87d-658e5d855477: not valid; 1.0 s; peak memory 3606 MiB.
2026-10-03T08:50:54Z INFO [370/2500] 30186cf2-8269-4ddd-8022-9e40da07b8e3: valid; 5.1 s; peak memory 3606 MiB.
2026-10-03T08:51:16Z INFO [371/2500] 301882ff-4d5c-424f-a1ea-75ce64572732: not valid; 21.3 s; peak memory 3606 MiB.
2026-10-03T08:51:16Z INFO [372/2500] 30191992-cd48-4862-b6c1-49005c59c869: not valid; 0.8 s; peak memory 3606 MiB.
2026-10-03T08:51:17Z INFO [373/2500] 30193bdc-ec3d-41d1-b617-9a0dcca924d7: valid; 1.1 s; peak memory 3606 MiB.
2026-10-03T08:51:19Z INFO [374/2500] 30194e62-ff02-4a5c-ac7f-5040b900a55f: valid; 1.3 s; peak memory 3606 MiB.
2026-10-03T08:51:20Z INFO [375/2500] 3019e55b-d166-4666-b115-96b0c273c523: valid; 1.2 s; peak memory 3606 MiB.
2026-10-03T08:51:25Z INFO [376/2500] 301a4b97-44cd-4018-ab77-07dad8d61669: not valid; 5.1 s; peak memory 3606 MiB.
2026-10-03T08:51:26Z INFO [377/2500] 301a4d8e-7c98-4a78-9a8d-936a2105c85d: valid; 0.8 s; peak memory 3606 MiB.
2026-10-03T08:51:36Z INFO [378/2500] 301ad94f-fa10-4152-8797-8ae9a2cc6264: valid; 10.3 s; peak memory 3702 MiB.
2026-10-03T08:51:38Z INFO [379/2500] 301b2026-6d8b-4b8a-82a5-8890e2a2a190: valid; 1.4 s; peak memory 3702 MiB.
2026-10-03T08:51:39Z INFO [380/2500] 301b9179-3e46-451f-80fd-f4222c88a64b: valid; 1.1 s; peak memory 3702 MiB.
2026-10-03T08:51:41Z INFO [381/2500] 301bb1d5-846d-43b3-af62-ed479d2d6070: valid; 2.5 s; peak memory 3702 MiB.
2026-10-03T08:51:43Z INFO [382/2500] 301d0b9b-196d-4e60-9d34-b0b06046d0e6: valid; 1.5 s; peak memory 3702 MiB.
2026-10-03T08:51:57Z INFO [383/2500] 301d5ea9-9989-43a3-9d37-578bdaf6c544: not valid; 14.7 s; peak memory 3702 MiB.
2026-10-03T08:51:59Z INFO [384/2500] 301dbfe5-0f36-4c3d-8764-16bf70644946: valid; 1.1 s; peak memory 3702 MiB.
2026-10-03T08:52:00Z INFO [385/2500] 301e9f10-e9dc-4afe-ac8d-c2b0579f68c9: valid; 1.1 s; peak memory 3702 MiB.
2026-10-03T08:52:01Z INFO [386/2500] 301ea335-7e01-4b2d-8c32-9daea047a4f2: valid; 1.3 s; peak memory 3702 MiB.
2026-10-03T08:52:06Z INFO [387/2500] 301f0c06-c833-405e-99eb-a8b7da6a1165: valid; 5.4 s; peak memory 3728 MiB.
2026-10-03T08:52:07Z INFO [388/2500] 301f9126-0bd9-41e5-8ec6-ceea578de836: valid; 1.2 s; peak memory 3728 MiB.
2026-10-03T08:52:09Z INFO [389/2500] 301fdbaa-3919-4f1f-8089-92334f7c88d7: valid; 1.4 s; peak memory 3729 MiB.
2026-10-03T08:52:11Z INFO [390/2500] 3020670d-8799-4efc-aab1-8385e7895a64: valid; 1.8 s; peak memory 3729 MiB.
2026-10-03T08:52:12Z INFO [391/2500] 30208de7-7d6c-4626-95b1-44677848c843: valid; 1.2 s; peak memory 3729 MiB.
2026-10-03T08:52:13Z INFO [392/2500] 302129dd-63e5-46d6-bed8-90b89b4063e5: valid; 1.2 s; peak memory 3729 MiB.
2026-10-03T08:52:17Z INFO [393/2500] 30217a66-4eec-4216-816b-0ef5e2fc483f: valid; 4.0 s; peak memory 3729 MiB.
2026-10-03T08:52:19Z INFO [394/2500] 3021efb0-383c-43d1-91b4-f2cc90c5e2e5: valid; 2.1 s; peak memory 3729 MiB.
2026-10-03T08:52:20Z INFO [395/2500] 3021f1ef-3fae-4896-bf82-ce89625c4cff: not valid; 0.7 s; peak memory 3729 MiB.
2026-10-03T08:52:21Z INFO [396/2500] 3024048c-489a-4041-8233-250e3addd0f5: valid; 1.5 s; peak memory 3729 MiB.
2026-10-03T08:52:22Z INFO [397/2500] 30241f65-077a-4804-ae37-dd3e106c05c1: valid; 0.9 s; peak memory 3729 MiB.
2026-10-03T08:52:24Z INFO [398/2500] 30243036-cdd4-4036-b060-161bff3ec84b: valid; 2.1 s; peak memory 3729 MiB.
2026-10-03T08:52:26Z INFO [399/2500] 302440e9-c14f-41b0-acbe-7f2031aeaef7: valid; 1.2 s; peak memory 3729 MiB.
2026-10-03T08:52:27Z INFO [400/2500] 30249eea-fa58-4700-ab0f-59255607471f: not valid; 1.0 s; peak memory 3729 MiB.
2026-10-03T08:52:27Z INFO [400/2500] 30249eea-fa58-4700-ab0f-59255607471f: checkpointed 96410 records.
2026-10-03T08:52:29Z INFO [401/2500] 3024adeb-1aa8-4aef-9847-f55cb29ebfa2: valid; 1.2 s; peak memory 3729 MiB.
2026-10-03T08:52:31Z INFO [402/2500] 30255eb6-fb49-4326-83cf-bc69d839f90f: valid; 2.8 s; peak memory 3729 MiB.
2026-10-03T08:52:33Z INFO [403/2500] 30270bc5-0ef3-44db-ab7b-a0085987fd63: valid; 1.9 s; peak memory 3729 MiB.
2026-10-03T08:52:34Z INFO [404/2500] 302712c7-595b-446d-9dfb-0e71944eb67c: valid; 0.7 s; peak memory 3729 MiB.
2026-10-03T08:52:35Z INFO [405/2500] 30279b8c-5387-4e47-a6e2-865c71805cea: valid; 0.9 s; peak memory 3729 MiB.
2026-10-03T08:52:37Z INFO [406/2500] 30285dc8-ca04-4c66-bd41-41593848f150: valid; 2.1 s; peak memory 3729 MiB.
2026-10-03T08:52:38Z INFO [407/2500] 3028df35-f0e6-48ea-81a1-4a076648922c: valid; 0.9 s; peak memory 3729 MiB.
2026-10-03T08:52:41Z INFO [408/2500] 3028fbb4-e652-4c9e-9e94-c8235ffb41fb: valid; 2.9 s; peak memory 3729 MiB.
2026-10-03T08:53:55Z INFO [409/2500] 3028fd50-555b-4704-9fbd-cd1575544778: not valid; 74.8 s; peak memory 3845 MiB.
2026-10-03T08:53:57Z INFO [410/2500] 30296886-06e9-4f42-b022-618b9573c0ff: valid; 1.4 s; peak memory 3847 MiB.
2026-10-03T08:53:58Z INFO [411/2500] 3029b798-a286-432a-a132-ed132bd17bcc: not valid; 0.9 s; peak memory 3848 MiB.
2026-10-03T08:53:58Z WARNING 302a2cce-f119-46bd-bb8b-9c81b87077af: failed while retrieving asset information from the DANDI API (NotFoundError: No asset at path 'sub-17/sub-17_ses-1_behavior+ecephys.nwb' in version 0.260702.0824. Verify the path is correct and the asset exists in this version. Use 'dandi ls' to list available assets.)
2026-10-03T08:53:59Z INFO [413/2500] 302a4b91-e2a8-44b4-ab02-208ff58c4f3e: not valid; 0.9 s; peak memory 3849 MiB.
2026-10-03T08:54:00Z INFO [414/2500] 302a6985-3d49-4438-a3ab-ec5b5a92b41d: valid; 1.1 s; peak memory 3850 MiB.
2026-10-03T08:54:02Z INFO [415/2500] 302aaf85-66ce-4734-8183-77613f584f69: valid; 1.6 s; peak memory 3851 MiB.
2026-10-03T08:54:03Z INFO [416/2500] 302ae266-a730-47ed-9894-08913aec45ca: not valid; 1.1 s; peak memory 3851 MiB.
2026-10-03T08:54:03Z INFO [417/2500] 302b0249-1480-4c81-88ab-6c709c6f5ad3: valid; 0.7 s; peak memory 3851 MiB.
2026-10-03T08:54:04Z INFO [418/2500] 302b5240-7085-4c52-94fd-50f6d77c3205: not valid; 0.9 s; peak memory 3851 MiB.
2026-10-03T08:54:05Z INFO [419/2500] 302ba4f7-e7a5-425a-b48a-3f0c18228b64: valid; 0.7 s; peak memory 3851 MiB.
2026-10-03T08:54:06Z WARNING 302c101d-c566-47ac-979a-ee819cc8fec3: failed while opening the NWB file (ConstructError: (root/acquisition/_iblmic_audioSpectrogram/bands GroupBuilder {'attributes': {'colnames': array(['freq'], dtype=object), 'description': 'spectogram frequencies', 'namespace': 'core', 'neurodata_type': 'FrequencyBandsTable', 'object_id': 'faab38c7-8482-422a-81b8-8e0ea7aa24ff'}, 'groups': {}, 'datasets': {'freq': root/acquisition/_iblmic_audioSpectrogram/bands/freq DatasetBuilder {'attributes': {'description': 'frequency value', 'namespace': 'hdmf-common', 'neurodata_type': 'VectorData', 'object_id': '294be937-558a-4822-aa45-2fab978eb0ec'}, 'data': <HDF5 dataset "freq": shape (257,), type "<f4">}, 'id': root/acquisition/_iblmic_audioSpectrogram/bands/id DatasetBuilder {'attributes': {'namespace': 'hdmf-common', 'neurodata_type': 'ElementIdentifiers', 'object_id': '90c5e01c-8b7b-4010-b10b-36f6b09f3254'}, 'data': <HDF5 dataset "id": shape (257,), type "<i4">}}, 'links': {}}, "Could not construct FrequencyBandsTable object due to: column must have the same number of rows as 'id'"))
2026-10-03T08:54:07Z INFO [421/2500] 302c270c-1665-4e5f-abbc-70303f0ec0b9: valid; 0.6 s; peak memory 3851 MiB.
2026-10-03T08:54:08Z INFO [422/2500] 302c8334-0f9e-41ff-904d-2311193ad7f4: valid; 1.4 s; peak memory 3851 MiB.
2026-10-03T08:54:09Z INFO [423/2500] 302cf91d-973c-44bc-b204-ebf908820d00: valid; 0.7 s; peak memory 3851 MiB.
2026-10-03T08:54:12Z INFO [424/2500] 302d8698-f581-42c4-8060-a750936c9f75: valid; 3.1 s; peak memory 3851 MiB.
2026-10-03T08:54:13Z INFO [425/2500] 302dce24-8f28-41a0-9da2-6fec4ca54cab: not valid; 0.9 s; peak memory 3851 MiB.
2026-10-03T08:54:14Z INFO [426/2500] 302ddb65-91e2-4abc-ab7c-040a95d8e61c: valid; 1.1 s; peak memory 3851 MiB.
2026-10-03T08:54:15Z INFO [427/2500] 302de564-bb86-4674-8233-830ca580e409: valid; 0.6 s; peak memory 3851 MiB.
2026-10-03T08:54:16Z WARNING 302e6a8e-2e76-441f-bf6a-52c4073fb4ee: failed while opening the NWB file (ConstructError: (root/acquisition/_iblmic_audioSpectrogram/bands GroupBuilder {'attributes': {'colnames': array(['freq'], dtype=object), 'description': 'spectogram frequencies', 'namespace': 'core', 'neurodata_type': 'FrequencyBandsTable', 'object_id': '125e0948-e8ee-4338-9d3c-5543687b49ae'}, 'groups': {}, 'datasets': {'freq': root/acquisition/_iblmic_audioSpectrogram/bands/freq DatasetBuilder {'attributes': {'description': 'frequency value', 'namespace': 'hdmf-common', 'neurodata_type': 'VectorData', 'object_id': '370b04b0-c350-45b4-9cb2-c1f83d078a51'}, 'data': <HDF5 dataset "freq": shape (257,), type "<f4">}, 'id': root/acquisition/_iblmic_audioSpectrogram/bands/id DatasetBuilder {'attributes': {'namespace': 'hdmf-common', 'neurodata_type': 'ElementIdentifiers', 'object_id': 'ed7b6fd5-9793-484c-a452-0d030eaeba0c'}, 'data': <HDF5 dataset "id": shape (257,), type "<i4">}}, 'links': {}}, "Could not construct FrequencyBandsTable object due to: column must have the same number of rows as 'id'"))
2026-10-03T08:54:18Z INFO [429/2500] 302ea13b-a680-42bb-88a8-b096888483c7: valid; 2.2 s; peak memory 3851 MiB.
2026-10-03T08:54:19Z INFO [430/2500] 302ec7e9-ebc1-4ea9-a876-831b67013435: valid; 0.7 s; peak memory 3851 MiB.
2026-10-03T08:54:19Z INFO [431/2500] 302f4f28-aab3-47d4-9a3e-3327ea90fccd: valid; 0.7 s; peak memory 3851 MiB.
2026-10-03T08:54:35Z INFO [432/2500] 30300a11-7ea9-493a-9f42-718d263bae1c: not valid; 15.7 s; peak memory 3878 MiB.
2026-10-03T08:54:45Z INFO [433/2500] 30309452-5f2b-47d0-9d18-d75ff154367f: valid; 9.4 s; peak memory 4069 MiB.
2026-10-03T08:54:48Z INFO [434/2500] 303096d7-26a0-4232-940b-317aa3eb2dc1: not valid; 3.5 s; peak memory 4078 MiB.
2026-10-03T08:54:50Z INFO [435/2500] 3030e6cf-72da-47b2-9bc6-b7e7375a501f: valid; 1.5 s; peak memory 4097 MiB.
2026-10-03T08:54:58Z INFO [436/2500] 3030eb5a-f27b-4f4f-bc34-5131aa1023ff: valid; 8.6 s; peak memory 4166 MiB.
2026-10-03T08:54:59Z INFO [437/2500] 3031c416-3834-4895-b929-cc9e883ebd9a: valid; 0.8 s; peak memory 4168 MiB.
2026-10-03T08:55:00Z INFO [438/2500] 3032cd62-b0e5-44a4-bf19-a8b8875bde3a: valid; 1.2 s; peak memory 4176 MiB.
2026-10-03T08:55:06Z INFO [439/2500] 3032e9cc-dd87-426c-96aa-94fd5e9f729c: valid; 5.8 s; peak memory 4222 MiB.
2026-10-03T08:55:07Z INFO [440/2500] 3032f6c1-54b1-490f-9e3f-c32a7e54f1a4: not valid; 0.8 s; peak memory 4224 MiB.
2026-10-03T08:55:09Z INFO [441/2500] 30336e38-d33f-4319-8d14-dab67b9e509c: valid; 1.7 s; peak memory 4224 MiB.
2026-10-03T08:55:10Z INFO [442/2500] 30337b32-46fe-4b1c-be22-5dcfd4ac4548: not valid; 1.2 s; peak memory 4224 MiB.
2026-10-03T08:55:17Z INFO [443/2500] 303386df-c2cd-447f-8576-2fa14f2b8ce9: not valid; 7.8 s; peak memory 4277 MiB.
2026-10-03T08:55:20Z INFO [444/2500] 303390b3-3e21-4ad6-bf0a-97d124b98271: valid; 2.8 s; peak memory 4277 MiB.
2026-10-03T08:55:21Z INFO [445/2500] 3033b964-95fe-4db1-8ee2-8fa8242e1771: not valid; 1.0 s; peak memory 4277 MiB.
2026-10-03T08:55:22Z INFO [446/2500] 30351c62-d94a-486b-9e0c-57671ff269bd: valid; 1.1 s; peak memory 4277 MiB.
2026-10-03T08:55:23Z INFO [447/2500] 303599c0-8dae-445b-9c1e-ec0dddbf782d: valid; 1.0 s; peak memory 4277 MiB.
2026-10-03T08:55:24Z INFO [448/2500] 3036cfa7-02c3-4855-83ab-cce7cf803ccd: not valid; 1.0 s; peak memory 4277 MiB.
2026-10-03T08:55:25Z INFO [449/2500] 3036d046-5b7c-4675-8db7-fd0b22513938: not valid; 0.9 s; peak memory 4280 MiB.
2026-10-03T08:55:27Z INFO [450/2500] 30373a5f-2fa0-4d5e-98d4-7892cd30aee6: valid; 1.5 s; peak memory 4283 MiB.
2026-10-03T08:55:28Z INFO [450/2500] 30373a5f-2fa0-4d5e-98d4-7892cd30aee6: checkpointed 96460 records.
2026-10-03T08:55:29Z INFO [451/2500] 30375747-ecaf-4fb6-9e49-9f37ee982650: not valid; 1.1 s; peak memory 4283 MiB.
2026-10-03T08:55:30Z INFO [452/2500] 3037f608-2e9e-4fb2-b9b1-c68a027732d8: valid; 1.2 s; peak memory 4283 MiB.
2026-10-03T08:55:30Z INFO [453/2500] 3038a616-eb0b-4534-9a07-280e8d997163: valid; 0.7 s; peak memory 4283 MiB.
2026-10-03T08:55:31Z INFO [454/2500] 3038c2d8-8d58-4533-8d56-e38698882674: valid; 0.9 s; peak memory 4283 MiB.
2026-10-03T08:55:32Z INFO [455/2500] 3038cb87-6708-49c1-9582-919c582c0703: valid; 0.9 s; peak memory 4283 MiB.
2026-10-03T08:55:35Z INFO [456/2500] 3038fb4b-e2f3-480c-82b6-a06d7592c188: valid; 2.6 s; peak memory 4283 MiB.
2026-10-03T08:55:38Z INFO [457/2500] 3039a6b2-8065-41e6-9f31-339a64f3d910: valid; 3.0 s; peak memory 4283 MiB.
2026-10-03T08:55:39Z INFO [458/2500] 303b2958-7b13-4ead-b4d6-08c4f4311a84: valid; 0.9 s; peak memory 4283 MiB.
2026-10-03T08:55:41Z INFO [459/2500] 303bc03f-c5bf-48bd-9e96-cf154595b39b: valid; 2.0 s; peak memory 4283 MiB.
2026-10-03T08:55:42Z INFO [460/2500] 303bdde4-c220-4b03-9ba4-82be9113654c: valid; 1.5 s; peak memory 4283 MiB.
2026-10-03T08:55:44Z INFO [461/2500] 303c1c25-618e-489f-a11e-61e6742c9edd: valid; 1.3 s; peak memory 4283 MiB.
2026-10-03T08:55:44Z INFO [462/2500] 303c66a2-f7f5-4e8a-bbf9-6f8b1fb6e6ac: valid; 0.5 s; peak memory 4283 MiB.
2026-10-03T08:55:45Z INFO [463/2500] 303ceb0c-3319-455a-89af-f173386d920b: valid; 1.0 s; peak memory 4283 MiB.
2026-10-03T08:55:51Z INFO [464/2500] 303dbdb7-6c32-4945-b9a8-4633a555691d: valid; 6.4 s; peak memory 4283 MiB.
2026-10-03T08:55:52Z INFO [465/2500] 303ebaac-6365-4053-a7d4-3ab8b8ad1a45: valid; 1.0 s; peak memory 4283 MiB.
2026-10-03T08:55:54Z INFO [466/2500] 303ec446-9e1a-4a01-a74b-a83cda91bf13: valid; 1.1 s; peak memory 4283 MiB.
2026-10-03T08:56:00Z INFO [467/2500] 303fa28e-98f3-4169-9d89-66fb940226cb: valid; 6.7 s; peak memory 4283 MiB.
2026-10-03T08:56:01Z INFO [468/2500] 304024f9-24e0-44b1-b62d-f89444519a9b: valid; 0.8 s; peak memory 4283 MiB.
2026-10-03T08:56:02Z INFO [469/2500] 3040b46a-e3dd-4f28-85b0-cc275a64b3e8: valid; 0.7 s; peak memory 4283 MiB.
2026-10-03T08:56:04Z INFO [470/2500] 3040dfc4-1b3c-4664-bd1b-2aed750c5bce: valid; 2.0 s; peak memory 4283 MiB.
2026-10-03T08:56:04Z INFO [471/2500] 30412042-b5e8-43f8-a506-5946d5947860: valid; 0.6 s; peak memory 4283 MiB.
2026-10-03T08:56:04Z WARNING 30412856-38a4-439e-90f6-32d51ecbf594: failed while retrieving asset information from the DANDI API (NotFoundError: No asset at path 'sub-parkinson-simulated-lfp/sub-parkinson-simulated-lfp_ses-5460_ecephys.nwb' in version 0.250327.2220. Verify the path is correct and the asset exists in this version. Use 'dandi ls' to list available assets.)
2026-10-03T08:56:06Z INFO [473/2500] 30413e06-13d9-4aa2-9c7f-b8aa355e6076: valid; 1.2 s; peak memory 4283 MiB.
2026-10-03T08:56:08Z INFO [474/2500] 304147c8-7c81-4a5f-97c4-510e3ed8076f: valid; 2.1 s; peak memory 4283 MiB.
2026-10-03T08:56:18Z INFO [475/2500] 3041d5dc-53cf-4bec-b051-f92fafe05a2c: valid; 10.1 s; peak memory 4283 MiB.
2026-10-03T08:56:23Z INFO [476/2500] 3041da37-d7d1-46ca-a2e2-bb7908379b51: valid; 5.4 s; peak memory 4290 MiB.
2026-10-03T08:56:26Z INFO [477/2500] 30423c0f-074d-4771-8183-53c617f0590f: not valid; 2.4 s; peak memory 4290 MiB.
2026-10-03T08:56:27Z WARNING 3042a0db-7972-44ea-a59f-d196af116a8d: failed while opening the NWB file (ConstructError: (root/acquisition/_iblmic_audioSpectrogram/bands GroupBuilder {'attributes': {'colnames': array(['freq'], dtype=object), 'description': 'spectogram frequencies', 'namespace': 'core', 'neurodata_type': 'FrequencyBandsTable', 'object_id': 'b4d03a9a-0d84-4694-9a48-310f9e81f112'}, 'groups': {}, 'datasets': {'freq': root/acquisition/_iblmic_audioSpectrogram/bands/freq DatasetBuilder {'attributes': {'description': 'frequency value', 'namespace': 'hdmf-common', 'neurodata_type': 'VectorData', 'object_id': 'b57ca278-2986-4fc1-bb8b-3aac5c4b2a87'}, 'data': <HDF5 dataset "freq": shape (257,), type "<f4">}, 'id': root/acquisition/_iblmic_audioSpectrogram/bands/id DatasetBuilder {'attributes': {'namespace': 'hdmf-common', 'neurodata_type': 'ElementIdentifiers', 'object_id': 'b8483f88-4b7a-47fa-9a21-7a4ae7c4434f'}, 'data': <HDF5 dataset "id": shape (257,), type "<i4">}}, 'links': {}}, "Could not construct FrequencyBandsTable object due to: column must have the same number of rows as 'id'"))
2026-10-03T08:56:29Z INFO [479/2500] 30431e03-d813-4210-900c-35094a5b567b: valid; 2.7 s; peak memory 4290 MiB.
2026-10-03T08:56:32Z INFO [480/2500] 30438aba-596f-486a-b340-1b694de851f2: not valid; 2.7 s; peak memory 4290 MiB.
2026-10-03T08:56:33Z INFO [481/2500] 30442f1d-2972-4fd3-8fbd-3935fcc3ed86: valid; 0.7 s; peak memory 4290 MiB.
2026-10-03T08:56:35Z INFO [482/2500] 304459f9-1ba1-498a-827b-58d3abe6a15e: valid; 1.7 s; peak memory 4290 MiB.
2026-10-03T08:56:37Z INFO [483/2500] 304464a3-c9a2-4f25-8270-c553557bbc24: valid; 2.0 s; peak memory 4290 MiB.
2026-10-03T08:56:38Z INFO [484/2500] 3044b08c-e0f4-449b-8a7b-6f0b77930028: valid; 1.0 s; peak memory 4290 MiB.
2026-10-03T08:56:38Z INFO [485/2500] 3044d27e-42ca-4981-89fa-3ccee23909a9: valid; 0.7 s; peak memory 4290 MiB.
2026-10-03T08:56:44Z INFO [486/2500] 30461416-a690-45b3-9375-5d3fcbeb09b0: valid; 5.9 s; peak memory 4290 MiB.
2026-10-03T08:56:56Z INFO [487/2500] 30461aee-a66e-4201-ab2f-65c0baee6004: not valid; 11.6 s; peak memory 4298 MiB.
2026-10-03T08:56:57Z INFO [488/2500] 30474f92-76c8-4a2a-8f3c-4a33cca5f45a: valid; 1.3 s; peak memory 4301 MiB.
2026-10-03T08:56:58Z INFO [489/2500] 30479a56-c787-4527-9277-702aa124b8ca: valid; 0.9 s; peak memory 4301 MiB.
2026-10-03T08:57:00Z INFO [490/2500] 30486273-7706-452d-a588-061b693ee906: valid; 1.8 s; peak memory 4304 MiB.
2026-10-03T08:57:03Z INFO [491/2500] 30492cb4-16e9-430d-a270-164b5deffa60: valid; 2.6 s; peak memory 4308 MiB.
2026-10-03T08:57:03Z INFO [492/2500] 30495042-eb6a-4740-ad66-7dd09c33f282: valid; 0.8 s; peak memory 4309 MiB.
2026-10-03T08:57:06Z INFO [493/2500] 30497f1e-c121-40dd-99a0-dab1ce80d1e7: valid; 2.2 s; peak memory 4311 MiB.
2026-10-03T08:57:06Z INFO [494/2500] 3049cbe5-7751-422f-94cf-cbef7127d38b: valid; 0.7 s; peak memory 4311 MiB.
2026-10-03T08:57:07Z INFO [495/2500] 3049faf1-c2c5-429b-87e7-7c9deb6a5cc3: valid; 0.8 s; peak memory 4311 MiB.
2026-10-03T08:57:08Z INFO [496/2500] 304a1300-2cf6-4fa5-be3c-2f7913bae837: not valid; 1.2 s; peak memory 4311 MiB.
2026-10-03T08:57:10Z INFO [497/2500] 304a6305-7d29-49fc-b7c5-fedd98247c9a: valid; 1.4 s; peak memory 4311 MiB.
2026-10-03T08:57:23Z INFO [498/2500] 304aea29-e6fb-4b59-bc9e-89ab71c1805d: valid; 13.3 s; peak memory 4315 MiB.
2026-10-03T08:57:24Z INFO [499/2500] 304b1105-1db1-4d5b-8503-48c2d9e871a9: not valid; 1.0 s; peak memory 4317 MiB.
2026-10-03T08:57:25Z INFO [500/2500] 304b285e-1cce-47f3-85b3-4beba70a27a0: valid; 0.8 s; peak memory 4318 MiB.
2026-10-03T08:57:25Z INFO [500/2500] 304b285e-1cce-47f3-85b3-4beba70a27a0: checkpointed 96510 records.
2026-10-03T08:57:26Z WARNING 304b525f-2da2-419b-b8a8-0720179bb26e: failed while opening the NWB file (ConstructError: (root/acquisition/event_code_meanings GroupBuilder {'attributes': {'colnames': array(['value', 'meaning'], dtype=object), 'description': 'Mapping integer event codes to event labels', 'namespace': 'ndx-events', 'neurodata_type': 'MeaningsTable', 'object_id': '99d02712-e647-407a-b453-9040309935df'}, 'groups': {}, 'datasets': {'id': root/acquisition/event_code_meanings/id DatasetBuilder {'attributes': {'namespace': 'hdmf-common', 'neurodata_type': 'ElementIdentifiers', 'object_id': 'bcc7511f-db9d-4233-8869-73e6d6898188'}, 'data': <HDF5 dataset "id": shape (26,), type "<i8">}, 'meaning': root/acquisition/event_code_meanings/meaning DatasetBuilder {'attributes': {'description': 'The meaning of the value in the parent CategoricalVectorData object.', 'namespace': 'hdmf-experimental', 'neurodata_type': 'VectorData', 'object_id': '15abdb8b-7ddd-43bb-9da2-45cfe57b66b2'}, 'data': <StrDataset for HDF5 dataset "meaning": shape (26,), type "|O">}, 'value': root/acquisition/event_code_meanings/value DatasetBuilder {'attributes': {'description': 'The value of the parent CategoricalVectorData object.', 'namespace': 'hdmf-experimental', 'neurodata_type': 'VectorData', 'object_id': 'c950eb0a-deba-4638-8425-801fe8f3fe3e'}, 'data': <HDF5 dataset "value": shape (26,), type "<i8">}}, 'links': {}}, "Could not construct MeaningsTable object due to: MeaningsTable.__init__: missing argument 'target'"))
2026-10-03T08:57:27Z INFO [502/2500] 304c0cc1-280c-450c-b907-d84b5b315b87: valid; 0.9 s; peak memory 4320 MiB.
2026-10-03T08:57:28Z INFO [503/2500] 304c4e6e-e2b0-4a02-8918-caf21fc38a81: not valid; 1.0 s; peak memory 4320 MiB.
2026-10-03T08:57:30Z INFO [504/2500] 304c7323-9800-425b-908f-f29595e7e779: not valid; 2.3 s; peak memory 4322 MiB.
2026-10-03T08:57:32Z INFO [505/2500] 304c8aae-3c0b-4caf-bc02-46d0607c801a: valid; 1.5 s; peak memory 4322 MiB.
2026-10-03T08:57:39Z INFO [506/2500] 304d37bc-07e6-4c15-b442-a8516cad5345: valid; 7.3 s; peak memory 4339 MiB.
2026-10-03T08:57:41Z WARNING 304db476-1148-498c-b158-c152c0c13e12: failed while opening the NWB file (ConstructError: (root/acquisition/_iblmic_audioSpectrogram/bands GroupBuilder {'attributes': {'colnames': array(['freq'], dtype=object), 'description': 'spectogram frequencies', 'namespace': 'core', 'neurodata_type': 'FrequencyBandsTable', 'object_id': 'ab59e8ac-c509-412b-96e6-feb4c258f5ed'}, 'groups': {}, 'datasets': {'freq': root/acquisition/_iblmic_audioSpectrogram/bands/freq DatasetBuilder {'attributes': {'description': 'frequency value', 'namespace': 'hdmf-common', 'neurodata_type': 'VectorData', 'object_id': '565ed501-c216-4cdb-a14c-522716f1ef90'}, 'data': <HDF5 dataset "freq": shape (257,), type "<f4">}, 'id': root/acquisition/_iblmic_audioSpectrogram/bands/id DatasetBuilder {'attributes': {'namespace': 'hdmf-common', 'neurodata_type': 'ElementIdentifiers', 'object_id': 'e30ef4aa-0b63-46d4-9d93-431af7517038'}, 'data': <HDF5 dataset "id": shape (257,), type "<i4">}}, 'links': {}}, "Could not construct FrequencyBandsTable object due to: column must have the same number of rows as 'id'"))
2026-10-03T08:57:41Z INFO [508/2500] 304e61ac-cfd7-4eec-b4ab-128d3b5facc9: not valid; 0.8 s; peak memory 4341 MiB.
2026-10-03T08:57:43Z WARNING 304e7f5c-ec7d-4a52-9833-5fbb3bcf7f16: failed while opening the NWB file (ConstructError: (root/acquisition/_iblmic_audioSpectrogram/bands GroupBuilder {'attributes': {'colnames': array(['freq'], dtype=object), 'description': 'spectogram frequencies', 'namespace': 'core', 'neurodata_type': 'FrequencyBandsTable', 'object_id': '9217d68c-f56a-44a3-a546-2f528f4eebbd'}, 'groups': {}, 'datasets': {'freq': root/acquisition/_iblmic_audioSpectrogram/bands/freq DatasetBuilder {'attributes': {'description': 'frequency value', 'namespace': 'hdmf-common', 'neurodata_type': 'VectorData', 'object_id': '2b2c1835-a5c5-4922-86a3-c1357c0687af'}, 'data': <HDF5 dataset "freq": shape (257,), type "<f4">}, 'id': root/acquisition/_iblmic_audioSpectrogram/bands/id DatasetBuilder {'attributes': {'namespace': 'hdmf-common', 'neurodata_type': 'ElementIdentifiers', 'object_id': 'b688c4b0-d410-41b4-ae5a-27421aaaf2d3'}, 'data': <HDF5 dataset "id": shape (257,), type "<i4">}}, 'links': {}}, "Could not construct FrequencyBandsTable object due to: column must have the same number of rows as 'id'"))
2026-10-03T08:57:43Z INFO [510/2500] 304f1cdd-463f-48b4-ad97-d5a26895bfce: not valid; 0.9 s; peak memory 4345 MiB.
2026-10-03T08:57:45Z INFO [511/2500] 304f2f0f-5cfd-44d3-b2ff-bf9f313e16d1: valid; 1.5 s; peak memory 4346 MiB.
2026-10-03T08:57:46Z INFO [512/2500] 304f3c54-1af3-422c-9250-2f386ac0e34d: valid; 1.0 s; peak memory 4353 MiB.
2026-10-03T08:57:50Z INFO [513/2500] 304f8def-f7d2-4e2f-a31d-e6853282b389: valid; 4.4 s; peak memory 4373 MiB.
2026-10-03T08:57:51Z INFO [514/2500] 30510363-ab08-4998-b8f7-6632ae0b9f65: valid; 0.7 s; peak memory 4373 MiB.
2026-10-03T08:57:52Z INFO [515/2500] 30512f63-0599-4366-8176-329e31619a56: valid; 1.2 s; peak memory 4376 MiB.
2026-10-03T08:57:54Z INFO [516/2500] 30513c0b-a658-46e5-b835-2b7f4ebfaaeb: valid; 2.0 s; peak memory 4377 MiB.
2026-10-03T08:57:55Z INFO [517/2500] 30513dec-d8b3-4d13-beef-015298b46d37: valid; 1.2 s; peak memory 4379 MiB.
2026-10-03T08:57:56Z INFO [518/2500] 3051738f-7672-45aa-b0f3-247812e9bacb: valid; 0.8 s; peak memory 4380 MiB.
2026-10-03T08:57:58Z INFO [519/2500] 30520da9-3aef-49c5-9e5c-15108e3db5ba: valid; 1.3 s; peak memory 4383 MiB.
2026-10-03T08:57:59Z INFO [520/2500] 30523a6c-bd9b-4910-9e2c-cb002207eb47: valid; 0.9 s; peak memory 4383 MiB.
2026-10-03T08:58:00Z INFO [521/2500] 3052ab07-f89e-4cf9-84ab-029ac696a019: not valid; 1.8 s; peak memory 4383 MiB.
2026-10-03T08:58:02Z INFO [522/2500] 3052c5a2-4e11-4d8d-a12c-6df526a9911d: valid; 1.5 s; peak memory 4383 MiB.
2026-10-03T08:58:03Z INFO [523/2500] 3053d189-3c1d-4151-b30e-7effef40ac1c: valid; 1.6 s; peak memory 4384 MiB.
2026-10-03T08:58:05Z INFO [524/2500] 3054c186-0008-4c26-bf65-ac107d4bece8: valid; 1.5 s; peak memory 4384 MiB.
2026-10-03T08:58:06Z INFO [525/2500] 3054fb1f-377b-451b-b7c8-7ca539dd72fa: not valid; 0.9 s; peak memory 4384 MiB.
2026-10-03T08:58:07Z INFO [526/2500] 3055af49-3a47-4a2e-b04f-e4bee048d90d: valid; 1.4 s; peak memory 4384 MiB.
2026-10-03T08:58:08Z INFO [527/2500] 3055cd09-d19c-4430-b603-d1f9350764c4: not valid; 0.6 s; peak memory 4384 MiB.
2026-10-03T08:58:09Z INFO [528/2500] 3056093d-d371-4364-bb55-7a1fff8d926c: valid; 1.2 s; peak memory 4384 MiB.
2026-10-03T08:58:11Z INFO [529/2500] 30561e78-5070-4747-8b9f-ea095e11e2b8: not valid; 1.7 s; peak memory 4384 MiB.
2026-10-03T08:58:11Z INFO [530/2500] 305632e4-ca42-4435-bfc5-fa014e69c1d9: valid; 0.7 s; peak memory 4384 MiB.
2026-10-03T08:58:13Z INFO [531/2500] 30563e67-0938-4462-b222-077e75fb5ac0: valid; 1.2 s; peak memory 4384 MiB.
2026-10-03T08:58:14Z INFO [532/2500] 305662d2-2152-4210-84e1-56e5aa821615: valid; 1.6 s; peak memory 4384 MiB.
2026-10-03T08:58:15Z INFO [533/2500] 305665f3-de94-4e00-8f65-c03d60690903: valid; 1.2 s; peak memory 4384 MiB.
2026-10-03T08:58:17Z INFO [534/2500] 305685fa-c7fe-49e6-bf91-68c67cab21ff: valid; 1.6 s; peak memory 4384 MiB.
2026-10-03T08:58:19Z INFO [535/2500] 30574f93-0cbd-4d9a-84eb-6eca055855ea: valid; 1.7 s; peak memory 4384 MiB.
2026-10-03T08:58:20Z INFO [536/2500] 3057a9c5-9629-4c31-9718-5484afe4cc1a: valid; 0.9 s; peak memory 4384 MiB.
2026-10-03T08:58:21Z INFO [537/2500] 3057b791-d6e6-4db1-8801-fce60737a631: valid; 1.6 s; peak memory 4384 MiB.
2026-10-03T08:58:29Z INFO [538/2500] 3057eb88-0190-4aef-9d96-9979fec39774: valid; 7.8 s; peak memory 4384 MiB.
2026-10-03T08:58:31Z INFO [539/2500] 30580c88-96c6-438b-8fa5-4dbe0bffd482: valid; 1.5 s; peak memory 4384 MiB.
2026-10-03T08:58:32Z INFO [540/2500] 3058478e-ea33-4df8-9419-a8eeb649085c: not valid; 1.1 s; peak memory 4384 MiB.
2026-10-03T08:58:33Z INFO [541/2500] 3058f8a7-6a62-4ee3-9ff5-24ce0f6fe687: valid; 1.0 s; peak memory 4384 MiB.
2026-10-03T08:58:34Z INFO [542/2500] 30596a2e-2b31-452d-8ffd-5e521b0f6110: valid; 1.0 s; peak memory 4385 MiB.
2026-10-03T08:58:35Z INFO [543/2500] 30597a0e-2a25-4ded-9a23-d57d5bb451ff: not valid; 1.2 s; peak memory 4386 MiB.
2026-10-03T08:58:36Z INFO [544/2500] 3059f4b4-8774-463d-8119-e0d3503f69dd: not valid; 1.2 s; peak memory 4386 MiB.
2026-10-03T08:58:37Z INFO [545/2500] 305b2471-82a4-42fe-8c2d-6301c96252e4: valid; 1.2 s; peak memory 4386 MiB.
2026-10-03T08:58:39Z INFO [546/2500] 305b8bfa-1ac9-45be-a95f-af11b5be7f6b: valid; 1.8 s; peak memory 4392 MiB.
2026-10-03T08:58:40Z INFO [547/2500] 305c22f9-7b1a-4331-8e66-6b3e73eb59e0: valid; 0.8 s; peak memory 4396 MiB.
2026-10-03T08:58:41Z INFO [548/2500] 305c8c2b-a31b-4200-827b-acae517d586b: valid; 1.2 s; peak memory 4398 MiB.
2026-10-03T08:58:43Z INFO [549/2500] 305cdf66-c7d1-4f7b-8d00-7f3e1a92d4a3: valid; 2.3 s; peak memory 4402 MiB.
2026-10-03T08:58:44Z INFO [550/2500] 305d3c72-df76-4a53-9af1-dce11db15c19: not valid; 0.9 s; peak memory 4402 MiB.
2026-10-03T08:58:45Z INFO [550/2500] 305d3c72-df76-4a53-9af1-dce11db15c19: checkpointed 96560 records.
2026-10-03T08:58:46Z INFO [551/2500] 305d633c-b6da-49e1-b538-5fafbfd4f893: valid; 1.2 s; peak memory 4404 MiB.
2026-10-03T08:58:47Z INFO [552/2500] 305ddee0-4ec9-4b70-9197-73f7d684d27b: valid; 1.1 s; peak memory 4409 MiB.
2026-10-03T08:58:48Z INFO [553/2500] 305e0e9c-e18b-426a-b312-5d116722482b: valid; 1.3 s; peak memory 4413 MiB.
2026-10-03T08:58:49Z INFO [554/2500] 305e295a-5d84-42c6-aee0-d9332436a7b8: not valid; 1.1 s; peak memory 4418 MiB.
2026-10-03T08:58:51Z INFO [555/2500] 305e692f-fc01-4d5c-881b-5f24b26bcc48: valid; 1.6 s; peak memory 4422 MiB.
2026-10-03T08:58:55Z INFO [556/2500] 305eb727-64e7-48a1-a431-c15e2f0894f1: not valid; 4.0 s; peak memory 4432 MiB.
2026-10-03T08:58:56Z INFO [557/2500] 305ec321-3a30-46c8-ad09-c48687b4febd: not valid; 0.9 s; peak memory 4436 MiB.
2026-10-03T08:58:57Z INFO [558/2500] 305f52a7-d467-41c1-b761-bc9558434816: not valid; 1.3 s; peak memory 4440 MiB.
2026-10-03T08:58:59Z INFO [559/2500] 305f6c8f-2393-4051-98e0-9f3644d73e5c: not valid; 1.8 s; peak memory 4443 MiB.
2026-10-03T08:59:00Z INFO [560/2500] 305f9c17-c166-45c2-bcc4-e6c1008084ef: valid; 1.4 s; peak memory 4448 MiB.
2026-10-03T08:59:01Z INFO [561/2500] 30606448-7ce3-4cc5-a015-5bd18d4a24b2: valid; 0.6 s; peak memory 4450 MiB.
2026-10-03T08:59:02Z INFO [562/2500] 30608516-8422-434f-9728-4ed8c1adab72: valid; 0.9 s; peak memory 4450 MiB.
2026-10-03T08:59:02Z INFO [563/2500] 30609203-8293-4cdf-95cb-fbc1372d25e5: valid; 0.6 s; peak memory 4452 MiB.
2026-10-03T08:59:52Z INFO [564/2500] 3060d3f1-6651-402f-bba7-0890c4e60166: not valid; 49.5 s; peak memory 4947 MiB.
2026-10-03T08:59:53Z INFO [565/2500] 3061abdb-8419-4bd2-985c-f78b489b863b: not valid; 0.8 s; peak memory 4947 MiB.
2026-10-03T09:00:01Z INFO [566/2500] 3062572b-cc05-4df6-8bbe-9c49225ce92f: valid; 8.4 s; peak memory 5081 MiB.
2026-10-03T09:00:02Z INFO [567/2500] 3062dad1-3377-4084-92aa-d1814b53675e: valid; 1.0 s; peak memory 5081 MiB.
2026-10-03T09:00:03Z INFO [568/2500] 3062f091-6fe1-497e-8de1-851c8d7473b9: valid; 1.2 s; peak memory 5081 MiB.
2026-10-03T09:00:08Z INFO [569/2500] 3062f1b3-1dd7-4e24-b10b-7e5b390bd4fc: valid; 4.8 s; peak memory 5081 MiB.
2026-10-03T09:00:09Z WARNING 3063413d-78f2-4db2-b002-0d6a8bed097c: failed while opening the NWB file (ConstructError: (root/acquisition/_iblmic_audioSpectrogram/bands GroupBuilder {'attributes': {'colnames': array(['freq'], dtype=object), 'description': 'spectogram frequencies', 'namespace': 'core', 'neurodata_type': 'FrequencyBandsTable', 'object_id': 'dafb9dcb-1c08-4d7a-86f9-2f87f0c1c224'}, 'groups': {}, 'datasets': {'freq': root/acquisition/_iblmic_audioSpectrogram/bands/freq DatasetBuilder {'attributes': {'description': 'frequency value', 'namespace': 'hdmf-common', 'neurodata_type': 'VectorData', 'object_id': 'fc83989c-b6f0-42bc-baf5-92b19306ed1f'}, 'data': <HDF5 dataset "freq": shape (257,), type "<f4">}, 'id': root/acquisition/_iblmic_audioSpectrogram/bands/id DatasetBuilder {'attributes': {'namespace': 'hdmf-common', 'neurodata_type': 'ElementIdentifiers', 'object_id': 'bc05a364-7889-4745-9b11-88326c92b20c'}, 'data': <HDF5 dataset "id": shape (257,), type "<i4">}}, 'links': {}}, "Could not construct FrequencyBandsTable object due to: column must have the same number of rows as 'id'"))
2026-10-03T09:00:11Z INFO [571/2500] 30636b64-534f-40fa-99f8-b0a0375fe3f8: valid; 1.6 s; peak memory 5089 MiB.
2026-10-03T09:00:12Z INFO [572/2500] 3063ac74-0bd9-458f-933b-8fa46f86dc3c: valid; 1.2 s; peak memory 5099 MiB.
2026-10-03T09:00:20Z INFO [573/2500] 3063db45-1ac7-4378-a86b-6a321bca2b00: not valid; 8.2 s; peak memory 5176 MiB.
2026-10-03T09:00:22Z INFO [574/2500] 3063f80f-678b-4da2-81ce-5c980fe62b1a: valid; 1.8 s; peak memory 5185 MiB.
2026-10-03T09:00:24Z INFO [575/2500] 30649013-f661-42b8-91bd-47edf62e4c94: valid; 1.5 s; peak memory 5188 MiB.
2026-10-03T09:00:25Z INFO [576/2500] 30655551-760b-4607-802f-02e2f1e29b58: not valid; 1.3 s; peak memory 5188 MiB.
2026-10-03T09:00:26Z INFO [577/2500] 3065c013-b3c9-4b70-8a94-9566b66225bf: valid; 0.7 s; peak memory 5188 MiB.
2026-10-03T09:00:28Z INFO [578/2500] 3066559f-041c-462a-8f01-202427f78240: valid; 2.6 s; peak memory 5188 MiB.
2026-10-03T09:00:30Z INFO [579/2500] 30666e10-a77d-4a9a-9c4b-7760c95c71ea: valid; 1.6 s; peak memory 5188 MiB.
2026-10-03T09:00:32Z INFO [580/2500] 3066b2f5-11cd-438c-ac09-f10af85abd0a: valid; 2.1 s; peak memory 5188 MiB.
2026-10-03T09:00:34Z INFO [581/2500] 3066e5d2-5c5d-4b6a-ba3a-2e0823b82d33: valid; 2.0 s; peak memory 5189 MiB.
2026-10-03T09:00:47Z INFO [582/2500] 30671319-6da7-4032-a808-9868f61df856: valid; 12.8 s; peak memory 5190 MiB.
2026-10-03T09:00:48Z INFO [583/2500] 306786e7-801f-4ef9-bc1a-8237c501ba2f: valid; 0.9 s; peak memory 5190 MiB.
2026-10-03T09:00:50Z INFO [584/2500] 306790ac-2ed1-4d35-881c-68860662b0d6: not valid; 2.2 s; peak memory 5190 MiB.
2026-10-03T09:00:51Z INFO [585/2500] 30681bfd-c069-49e3-98d6-110522663c0e: not valid; 1.2 s; peak memory 5190 MiB.
2026-10-03T09:01:01Z INFO [586/2500] 306834cf-5dbb-40c4-bd45-aaf86c013f37: not valid; 9.6 s; peak memory 5258 MiB.
2026-10-03T09:01:02Z INFO [587/2500] 30683c0a-6116-44d8-9507-15c916e89419: valid; 1.4 s; peak memory 5265 MiB.
2026-10-03T09:01:09Z INFO [588/2500] 30689b44-8054-4928-b2d9-8e255b2d3015: valid; 6.7 s; peak memory 5280 MiB.
2026-10-03T09:01:14Z INFO [589/2500] 30697761-b0d7-4e04-95a0-67cf98fcd5ea: valid; 5.2 s; peak memory 5295 MiB.
2026-10-03T09:01:15Z INFO [590/2500] 3069aa07-32c5-4d30-86e2-dafe923612e2: not valid; 0.9 s; peak memory 5299 MiB.
2026-10-03T09:01:20Z INFO [591/2500] 306a2bd9-0c9e-4fa3-ad6e-5f7d72f216f6: valid; 5.7 s; peak memory 5495 MiB.
2026-10-03T09:01:22Z INFO [592/2500] 306aadb8-2e7a-456f-bf69-dd6db6837dcc: valid; 1.5 s; peak memory 5495 MiB.
2026-10-03T09:01:23Z INFO [593/2500] 306af565-3e6f-48d0-b755-8bca5ca3404a: valid; 0.6 s; peak memory 5495 MiB.
2026-10-03T09:01:23Z INFO [594/2500] 306b2d07-67d0-4e21-a15f-c3e24221fa8a: valid; 0.8 s; peak memory 5495 MiB.
2026-10-03T09:01:24Z INFO [595/2500] 306ba38f-fda4-4991-bd9c-d45e6d620a82: not valid; 1.1 s; peak memory 5495 MiB.
2026-10-03T09:01:26Z INFO [596/2500] 306bb751-ea36-4d22-94f0-d8853faf240a: not valid; 1.4 s; peak memory 5495 MiB.
2026-10-03T09:01:35Z INFO [597/2500] 306bf4d7-e270-40f6-9f07-d67db5a82c4e: valid; 9.2 s; peak memory 5495 MiB.
2026-10-03T09:01:36Z INFO [598/2500] 306c56f9-9bc5-45c1-8ae8-7ec084eed895: valid; 1.2 s; peak memory 5495 MiB.
2026-10-03T09:01:37Z INFO [599/2500] 306d0419-1145-4566-a3bf-da3a5dda5ed4: valid; 0.9 s; peak memory 5495 MiB.
2026-10-03T09:01:38Z INFO [600/2500] 306dc447-62ec-4870-9b69-e6e2c6b1dc99: valid; 0.7 s; peak memory 5495 MiB.
2026-10-03T09:01:38Z INFO [600/2500] 306dc447-62ec-4870-9b69-e6e2c6b1dc99: checkpointed 96610 records.
2026-10-03T09:01:39Z INFO [601/2500] 306ddde6-ab7a-41dd-9ba7-8981afd0c924: valid; 1.0 s; peak memory 5495 MiB.
2026-10-03T09:01:42Z INFO [602/2500] 306e0680-2915-4800-844c-45b047c0f79c: not valid; 2.3 s; peak memory 5495 MiB.
2026-10-03T09:01:42Z INFO [603/2500] 306ee6c8-e909-4e63-b70d-a155e0480894: valid; 0.7 s; peak memory 5495 MiB.
2026-10-03T09:01:44Z INFO [604/2500] 306f9857-5631-4365-94ed-71ed0b697235: valid; 1.9 s; peak memory 5495 MiB.
2026-10-03T09:01:46Z INFO [605/2500] 306fdf25-6894-4004-94be-0918d3265c84: valid; 1.2 s; peak memory 5495 MiB.
2026-10-03T09:01:46Z INFO [606/2500] 3070055a-3f8d-492a-8685-ee43c1e007cc: valid; 0.8 s; peak memory 5495 MiB.
2026-10-03T09:01:48Z INFO [607/2500] 30701b36-e7d6-453d-bc4f-7edb8f0b1982: valid; 1.2 s; peak memory 5495 MiB.
2026-10-03T09:01:48Z INFO [608/2500] 3070574b-c8d0-4b17-bdd4-577b0ec9a351: valid; 0.7 s; peak memory 5495 MiB.
2026-10-03T09:01:50Z INFO [609/2500] 30707bee-5ef2-4b3f-8a08-3ae3affb4204: valid; 1.5 s; peak memory 5495 MiB.
2026-10-03T09:01:51Z WARNING 3071000d-cc14-4cfe-8537-51a6b70e30b6: failed while opening the NWB file (ConstructError: (root/acquisition/_iblmic_audioSpectrogram/bands GroupBuilder {'attributes': {'colnames': array(['freq'], dtype=object), 'description': 'spectogram frequencies', 'namespace': 'core', 'neurodata_type': 'FrequencyBandsTable', 'object_id': 'f67da063-2eb5-4b8d-9937-82c68219bedd'}, 'groups': {}, 'datasets': {'freq': root/acquisition/_iblmic_audioSpectrogram/bands/freq DatasetBuilder {'attributes': {'description': 'frequency value', 'namespace': 'hdmf-common', 'neurodata_type': 'VectorData', 'object_id': '9702e6f0-d1b1-44a7-80ce-0ec2ea996340'}, 'data': <HDF5 dataset "freq": shape (257,), type "<f4">}, 'id': root/acquisition/_iblmic_audioSpectrogram/bands/id DatasetBuilder {'attributes': {'namespace': 'hdmf-common', 'neurodata_type': 'ElementIdentifiers', 'object_id': '793a7f72-929a-46ad-bc76-71d6a056ed61'}, 'data': <HDF5 dataset "id": shape (257,), type "<i4">}}, 'links': {}}, "Could not construct FrequencyBandsTable object due to: column must have the same number of rows as 'id'"))
2026-10-03T09:01:52Z INFO [611/2500] 307117a2-0d96-45d9-bc76-3e52d1f9cc08: not valid; 0.9 s; peak memory 5495 MiB.
2026-10-03T09:01:53Z INFO [612/2500] 30711949-12be-4704-9fa9-80f109b9ff68: valid; 0.7 s; peak memory 5495 MiB.
2026-10-03T09:01:53Z INFO [613/2500] 307120e1-ba7c-43c9-bfef-a8015c7f86a7: valid; 0.8 s; peak memory 5495 MiB.
2026-10-03T09:01:56Z INFO [614/2500] 307127ca-3279-4091-b337-36076979c33c: valid; 2.3 s; peak memory 5495 MiB.
2026-10-03T09:01:57Z INFO [615/2500] 30716c7c-c05a-4fa9-bde3-2e407f1b1b64: valid; 1.0 s; peak memory 5495 MiB.
2026-10-03T09:02:04Z INFO [616/2500] 307230d8-0001-46c4-a4d2-5e0f9ef37129: valid; 7.5 s; peak memory 5495 MiB.
2026-10-03T09:02:07Z INFO [617/2500] 307283ea-a446-40a0-89ac-f832fe37debf: valid; 2.7 s; peak memory 5495 MiB.
2026-10-03T09:02:21Z INFO [618/2500] 3072ac68-67db-40c8-86c8-b5cb39f65072: not valid; 13.9 s; peak memory 5495 MiB.
2026-10-03T09:02:22Z INFO [619/2500] 3073decb-cbc7-4cb5-bfa0-7ba91dc418e7: not valid; 0.9 s; peak memory 5495 MiB.
2026-10-03T09:02:23Z INFO [620/2500] 3073fb59-a770-4cda-87d4-d02f9dc0ea07: not valid; 1.0 s; peak memory 5495 MiB.
2026-10-03T09:02:25Z INFO [621/2500] 3074c3a1-304a-456e-b63b-cd7b300f6669: valid; 2.4 s; peak memory 5495 MiB.
2026-10-03T09:02:26Z INFO [622/2500] 3074dab7-0662-46a7-856b-1d84221615d8: valid; 0.9 s; peak memory 5495 MiB.
2026-10-03T09:02:27Z INFO [623/2500] 3074e23e-d652-4e01-b3d2-7152f266f679: not valid; 0.5 s; peak memory 5495 MiB.
2026-10-03T09:02:27Z INFO [624/2500] 3076e7d3-d659-4771-b55f-7ffab00e12b1: valid; 0.8 s; peak memory 5495 MiB.
2026-10-03T09:02:30Z INFO [625/2500] 3077dd62-3360-472b-8871-28d9c8cd7e3f: valid; 2.3 s; peak memory 5495 MiB.
2026-10-03T09:02:31Z INFO [626/2500] 3077edcf-7be6-4c3f-8090-a132142a9d4e: not valid; 0.9 s; peak memory 5495 MiB.
2026-10-03T09:02:31Z INFO [627/2500] 3078e445-4e90-4309-8dcc-4ad861b3e6f3: valid; 0.7 s; peak memory 5495 MiB.
2026-10-03T09:02:31Z WARNING 30797ba7-4cb7-4589-aaa5-19af5da3f5f4: failed while retrieving asset information from the DANDI API (NotFoundError: No such Dandiset: 001889)
2026-10-03T09:02:32Z INFO [629/2500] 307981fe-e75d-4f76-b815-ac44f6aa8d89: valid; 0.9 s; peak memory 5495 MiB.
2026-10-03T09:02:33Z INFO [630/2500] 3079b27c-1dc4-4b74-b822-9500eceb1868: valid; 0.9 s; peak memory 5495 MiB.
2026-10-03T09:02:34Z INFO [631/2500] 3079d75a-69dc-4bd2-a274-485a9cc88535: valid; 1.1 s; peak memory 5495 MiB.
2026-10-03T09:02:35Z INFO [632/2500] 307a0a90-874a-48c1-b6bf-5b83c2b5fc5a: valid; 1.1 s; peak memory 5495 MiB.
2026-10-03T09:02:36Z INFO [633/2500] 307b192c-74b7-4f84-9bff-03481b09d6d8: valid; 0.9 s; peak memory 5495 MiB.
2026-10-03T09:02:44Z INFO [634/2500] 307bf6b2-1fa6-4bef-bc21-9cf3549edf75: not valid; 7.8 s; peak memory 5516 MiB.
2026-10-03T09:02:45Z INFO [635/2500] 307c6cb1-bc66-4e3e-8cfd-5f22946608e8: valid; 1.4 s; peak memory 5525 MiB.
2026-10-03T09:02:46Z INFO [636/2500] 307c7eeb-61d0-46ac-86b1-e7fb7c14cd86: valid; 0.8 s; peak memory 5525 MiB.
2026-10-03T09:02:48Z INFO [637/2500] 307c9884-9977-4b24-b433-2cfed73a1fcf: valid; 1.3 s; peak memory 5525 MiB.
2026-10-03T09:02:48Z INFO [638/2500] 307ccf35-bd08-4459-8760-33194f0f42b6: valid; 0.8 s; peak memory 5525 MiB.
2026-10-03T09:02:49Z INFO [639/2500] 307d2e41-33ff-43ae-bf9e-ba86e4dc6ee8: not valid; 1.0 s; peak memory 5525 MiB.
2026-10-03T09:02:50Z INFO [640/2500] 307d58c8-04ad-463c-9357-9a46752cf3bf: valid; 0.9 s; peak memory 5525 MiB.
2026-10-03T09:02:51Z INFO [641/2500] 307e0a0d-923d-4a22-a124-9e36e1e934fa: valid; 0.9 s; peak memory 5525 MiB.
2026-10-03T09:02:52Z INFO [642/2500] 307e1237-529d-4c06-929d-73317122106e: valid; 1.3 s; peak memory 5525 MiB.
2026-10-03T09:02:53Z INFO [643/2500] 307e14a6-706c-419c-8848-36c906876ce5: valid; 0.8 s; peak memory 5525 MiB.
2026-10-03T09:02:55Z WARNING 307ecbe2-ca03-4cc5-9132-1d337f88b65d: failed while opening the NWB file (ConstructError: (root/acquisition/_iblmic_audioSpectrogram/bands GroupBuilder {'attributes': {'colnames': array(['freq'], dtype=object), 'description': 'spectogram frequencies', 'namespace': 'core', 'neurodata_type': 'FrequencyBandsTable', 'object_id': '68b0a0f6-02fa-4ec9-8047-ddc72596c4eb'}, 'groups': {}, 'datasets': {'freq': root/acquisition/_iblmic_audioSpectrogram/bands/freq DatasetBuilder {'attributes': {'description': 'frequency value', 'namespace': 'hdmf-common', 'neurodata_type': 'VectorData', 'object_id': '0fe63257-4939-460e-9548-d672e3979e42'}, 'data': <HDF5 dataset "freq": shape (257,), type "<f4">}, 'id': root/acquisition/_iblmic_audioSpectrogram/bands/id DatasetBuilder {'attributes': {'namespace': 'hdmf-common', 'neurodata_type': 'ElementIdentifiers', 'object_id': 'e217de91-07cc-407a-bd6e-c8689fd41ee9'}, 'data': <HDF5 dataset "id": shape (257,), type "<i4">}}, 'links': {}}, "Could not construct FrequencyBandsTable object due to: column must have the same number of rows as 'id'"))
2026-10-03T09:03:00Z INFO [645/2500] 307efb72-b862-4188-9027-2f463da6c666: valid; 5.2 s; peak memory 5525 MiB.
2026-10-03T09:03:01Z INFO [646/2500] 307f062d-5c32-4be7-82e2-f6aacd131a8c: valid; 1.5 s; peak memory 5525 MiB.
2026-10-03T09:03:02Z INFO [647/2500] 307f1307-8e43-4907-9c0d-151d4029ce06: valid; 1.1 s; peak memory 5526 MiB.
2026-10-03T09:03:03Z INFO [648/2500] 3080e311-1e83-4aab-8207-a03c2c1b969c: valid; 1.1 s; peak memory 5528 MiB.
2026-10-03T09:03:05Z INFO [649/2500] 308102e0-260c-4e97-8806-08db37fd8b0a: valid; 1.3 s; peak memory 5530 MiB.
2026-10-03T09:03:06Z INFO [650/2500] 3081acfc-3fbd-44e6-83ba-9cc07a16774e: not valid; 1.1 s; peak memory 5530 MiB.
2026-10-03T09:03:06Z INFO [650/2500] 3081acfc-3fbd-44e6-83ba-9cc07a16774e: checkpointed 96660 records.
2026-10-03T09:03:07Z WARNING 3081da68-41ad-49ef-a1ee-3bba2c1b154e: failed while retrieving asset information from the DANDI API (NotFoundError: No such Dandiset: 001533)
2026-10-03T09:03:09Z INFO [652/2500] 30824136-2a9c-4bc9-a2a5-54168a37855d: valid; 2.1 s; peak memory 5532 MiB.
2026-10-03T09:03:10Z INFO [653/2500] 30829fe7-ed9d-44a5-ac70-4666b1dbff92: valid; 1.5 s; peak memory 5552 MiB.
2026-10-03T09:03:11Z INFO [654/2500] 3082fe48-e0fe-45f4-b901-5e62e86894e5: not valid; 0.9 s; peak memory 5552 MiB.
2026-10-03T09:03:12Z INFO [655/2500] 3083197b-8188-4a8e-a85a-ed434df5e6e5: valid; 1.3 s; peak memory 5552 MiB.
2026-10-03T09:03:13Z INFO [656/2500] 30831c91-c738-431d-9745-0a36ba9f6de4: not valid; 0.8 s; peak memory 5552 MiB.
2026-10-03T09:03:14Z INFO [657/2500] 3083312d-a44c-4fb2-8f74-684174bcf6f1: valid; 0.9 s; peak memory 5552 MiB.
2026-10-03T09:03:16Z INFO [658/2500] 308397a8-0e81-4646-8baf-0edcb62e9188: valid; 2.0 s; peak memory 5552 MiB.
2026-10-03T09:03:26Z INFO [659/2500] 3083b461-a3c6-44e3-9f9f-d355de39e586: not valid; 10.1 s; peak memory 5560 MiB.
2026-10-03T09:03:27Z INFO [660/2500] 3083f795-d65b-4d3a-8f8d-6e906fa0ce4b: valid; 1.1 s; peak memory 5565 MiB.
2026-10-03T09:03:28Z INFO [661/2500] 3085963b-2858-4595-922b-7eab4bb982a8: valid; 0.8 s; peak memory 5567 MiB.
2026-10-03T09:03:29Z INFO [662/2500] 308668ac-44a1-4763-8494-26f09e186bb0: valid; 1.6 s; peak memory 5576 MiB.
2026-10-03T09:03:30Z INFO [663/2500] 30868161-2843-445b-9d55-be81a7810b33: valid; 0.6 s; peak memory 5579 MiB.
2026-10-03T09:03:31Z INFO [664/2500] 3086a0f7-0368-4aa5-9cfe-fd93e9af9997: valid; 0.7 s; peak memory 5581 MiB.
2026-10-03T09:03:32Z INFO [665/2500] 3086bec8-bd81-4e1e-a1ec-0b9bd48cb1cc: not valid; 1.2 s; peak memory 5589 MiB.
2026-10-03T09:03:34Z INFO [666/2500] 3086ca67-10b7-461c-9071-6002488ba8c7: valid; 2.1 s; peak memory 5594 MiB.
2026-10-03T09:03:35Z INFO [667/2500] 30879d6d-5999-4ace-8426-1e61c200d2b7: valid; 0.7 s; peak memory 5596 MiB.
2026-10-03T09:03:37Z INFO [668/2500] 30880ded-5aa6-409e-becd-f59bd060694d: valid; 2.2 s; peak memory 5599 MiB.
2026-10-03T09:03:42Z INFO [669/2500] 3088193b-6299-4237-a710-22f7ef780bf5: valid; 4.6 s; peak memory 5600 MiB.
2026-10-03T09:03:44Z INFO [670/2500] 30886ad4-0369-493d-b273-12a022edd8fb: valid; 1.9 s; peak memory 5600 MiB.
2026-10-03T09:03:45Z INFO [671/2500] 30889ca9-315b-4f5b-b44a-5881076a3823: not valid; 1.1 s; peak memory 5600 MiB.
2026-10-03T09:03:45Z INFO [672/2500] 3088b5f1-afa6-42c5-bb0c-fbee1fdb7f6e: valid; 0.6 s; peak memory 5600 MiB.
2026-10-03T09:03:46Z INFO [673/2500] 3088d5da-a611-4425-8132-16a9a19390f0: valid; 0.8 s; peak memory 5600 MiB.
2026-10-03T09:03:47Z INFO [674/2500] 3088def3-39fb-4b1e-a2b4-60636578d494: valid; 0.9 s; peak memory 5600 MiB.
2026-10-03T09:03:48Z INFO [675/2500] 3088e8f5-cbc6-4ec5-b8a5-db699643742c: valid; 0.9 s; peak memory 5600 MiB.
2026-10-03T09:03:49Z INFO [676/2500] 3088ff06-5b4b-434b-b0d6-c7249eabc9d5: valid; 0.6 s; peak memory 5600 MiB.
2026-10-03T09:03:51Z INFO [677/2500] 30890f7d-d3ad-43fb-977e-f415877f8d3f: valid; 2.1 s; peak memory 5600 MiB.
2026-10-03T09:03:51Z INFO [678/2500] 30893f61-941b-47b7-980d-5f6f1f972ab4: valid; 0.7 s; peak memory 5600 MiB.
2026-10-03T09:03:53Z INFO [679/2500] 3089d16e-2432-4049-981e-7bc0abb0eda4: valid; 1.5 s; peak memory 5600 MiB.
2026-10-03T09:03:53Z INFO [680/2500] 308a964d-a8ce-4415-91ff-dbb0cacc7ac9: valid; 0.7 s; peak memory 5600 MiB.
2026-10-03T09:03:56Z INFO [681/2500] 308aa2dc-a1bc-41ae-b59b-ec0c01f76425: valid; 2.4 s; peak memory 5600 MiB.
2026-10-03T09:03:57Z INFO [682/2500] 308aa8a2-8e10-4806-b1a2-557ad2d50225: not valid; 1.0 s; peak memory 5600 MiB.
2026-10-03T09:03:58Z INFO [683/2500] 308bbae9-7bef-43f5-ab11-44df121a060d: valid; 1.1 s; peak memory 5605 MiB.
2026-10-03T09:03:59Z INFO [684/2500] 308c753c-ae3f-42fd-ae89-85e1c1dc7293: not valid; 1.2 s; peak memory 5606 MiB.
2026-10-03T09:04:01Z INFO [685/2500] 308cb999-aa5a-43d5-9e7a-b92090d983b7: valid; 1.7 s; peak memory 5608 MiB.
2026-10-03T09:04:06Z INFO [686/2500] 308d36a3-f834-4f11-bbc6-7388fa6aa493: valid; 4.8 s; peak memory 5643 MiB.
2026-10-03T09:04:11Z INFO [687/2500] 308d9fb6-2de2-4e28-9247-6b6ddde4475c: valid; 5.3 s; peak memory 5664 MiB.
2026-10-03T09:04:12Z INFO [688/2500] 308dc6fc-28dd-48e8-a255-7ab4d875f37b: not valid; 1.0 s; peak memory 5667 MiB.
2026-10-03T09:04:26Z INFO [689/2500] 308dfbd5-9fb4-4cda-bc6e-bfacb52bfe64: valid; 13.7 s; peak memory 5761 MiB.
2026-10-03T09:04:30Z INFO [690/2500] 308e2de4-5fc5-4f60-bfd1-6b2eeea1332a: valid; 4.6 s; peak memory 5761 MiB.
2026-10-03T09:04:39Z INFO [691/2500] 308e334f-d83c-4a1c-a069-3aff760e0447: valid; 8.5 s; peak memory 5761 MiB.
2026-10-03T09:04:41Z INFO [692/2500] 308e7f32-dff0-4b1c-889e-4391dd69c783: valid; 2.4 s; peak memory 5761 MiB.
2026-10-03T09:04:42Z INFO [693/2500] 308ea4a8-876d-4602-a354-c3e1fb1f6981: valid; 1.2 s; peak memory 5761 MiB.
2026-10-03T09:04:44Z INFO [694/2500] 308eee38-f306-48a0-82ac-a1a83e48fe37: valid; 1.6 s; peak memory 5761 MiB.
2026-10-03T09:05:25Z INFO [695/2500] 308f5e16-987a-41ee-9ff3-0bdb3b6e8523: valid; 41.2 s; peak memory 5983 MiB.
2026-10-03T09:05:26Z INFO [696/2500] 308f788f-b014-4f88-a8bb-ea465039d7d9: valid; 0.9 s; peak memory 5983 MiB.
2026-10-03T09:05:27Z INFO [697/2500] 309027a3-87d2-42c0-9841-8b06598677c9: valid; 1.2 s; peak memory 5983 MiB.
2026-10-03T09:05:29Z INFO [698/2500] 30907b44-f638-4a49-90d7-3c563758f2ea: valid; 1.4 s; peak memory 5983 MiB.
2026-10-03T09:05:30Z INFO [699/2500] 3090aa6b-f808-4907-81e0-a2dd286bdc54: valid; 1.3 s; peak memory 5983 MiB.
2026-10-03T09:05:32Z INFO [700/2500] 30912ba1-5c63-4462-babd-11933a2ae3f6: not valid; 1.7 s; peak memory 5983 MiB.
2026-10-03T09:05:32Z INFO [700/2500] 30912ba1-5c63-4462-babd-11933a2ae3f6: checkpointed 96710 records.
2026-10-03T09:05:38Z INFO [701/2500] 3092bece-2923-48e3-97a1-6685b91d866e: not valid; 6.1 s; peak memory 6184 MiB.
2026-10-03T09:05:40Z INFO [702/2500] 3093511d-29d9-483c-b60b-d715dbf6e8b9: valid; 1.1 s; peak memory 6184 MiB.
2026-10-03T09:05:42Z INFO [703/2500] 30935d07-1988-4736-b9d7-1acdfd08e84c: valid; 2.0 s; peak memory 6184 MiB.
2026-10-03T09:05:42Z INFO [704/2500] 3093ef68-e1a4-4417-9c42-587a074b783b: not valid; 0.9 s; peak memory 6184 MiB.
2026-10-03T09:05:43Z INFO [705/2500] 30940837-f095-498f-aa03-4eab8081606b: valid; 0.9 s; peak memory 6184 MiB.
2026-10-03T09:05:45Z INFO [706/2500] 30956371-2551-410b-b96f-e14b6fa9736f: not valid; 1.7 s; peak memory 6184 MiB.
2026-10-03T09:05:46Z INFO [707/2500] 30969ad6-aa5a-403e-bd94-a6a711451cc4: valid; 1.1 s; peak memory 6184 MiB.
2026-10-03T09:05:47Z INFO [708/2500] 3096c05f-ba9d-416d-8598-d0a274e8a864: valid; 0.9 s; peak memory 6184 MiB.
2026-10-03T09:05:47Z WARNING 3096d828-b879-4f9c-a4e9-f74ba3ba8d07: failed while retrieving asset information from the DANDI API (NotFoundError: No asset at path 'sub-F3/sub-F3_ses-TD1NoShock_behavior.nwb' in version 0.260902.1724. Verify the path is correct and the asset exists in this version. Use 'dandi ls' to list available assets.)
2026-10-03T09:05:48Z INFO [710/2500] 3096eb8b-ce71-44db-a7af-fcad51273109: valid; 1.3 s; peak memory 6184 MiB.
2026-10-03T09:05:54Z INFO [711/2500] 3096fcfc-578d-43d9-ac5f-c5b052f04f54: valid; 5.6 s; peak memory 6184 MiB.
2026-10-03T09:05:55Z INFO [712/2500] 3097f2e8-af10-4250-9e71-886709795066: valid; 0.8 s; peak memory 6184 MiB.
2026-10-03T09:05:56Z INFO [713/2500] 30984d74-0dd3-4879-9633-362c0dcaee94: valid; 1.2 s; peak memory 6184 MiB.
2026-10-03T09:05:58Z INFO [714/2500] 309857c1-c3bf-476d-9233-791c590d2149: valid; 2.2 s; peak memory 6184 MiB.
2026-10-03T09:06:00Z INFO [715/2500] 30985a2c-01e2-4c8d-85a6-151390693b03: valid; 1.6 s; peak memory 6184 MiB.
2026-10-03T09:06:01Z INFO [716/2500] 30985ddb-65ee-4ac4-a6aa-7fceb46b88a7: not valid; 1.0 s; peak memory 6184 MiB.
2026-10-03T09:06:02Z INFO [717/2500] 3098f674-b27c-4f22-99d8-269beaa8378c: valid; 0.7 s; peak memory 6184 MiB.
2026-10-03T09:06:02Z INFO [718/2500] 30992a3a-9b3e-4b8a-a1ce-385d697328b6: valid; 0.7 s; peak memory 6184 MiB.
2026-10-03T09:06:03Z INFO [719/2500] 30993f70-a753-45d3-bae2-9ef3c285e0c2: valid; 0.8 s; peak memory 6184 MiB.
2026-10-03T09:06:04Z INFO [720/2500] 30994a1a-6d5f-4cf8-a240-a36a70d46ccd: valid; 1.1 s; peak memory 6184 MiB.
2026-10-03T09:06:05Z INFO [721/2500] 309a0098-e37b-4cfe-a598-b0dd1207dbba: not valid; 1.1 s; peak memory 6184 MiB.
2026-10-03T09:06:06Z INFO [722/2500] 309a3746-e7c2-464f-90bf-feff1e107ba3: valid; 0.7 s; peak memory 6184 MiB.
2026-10-03T09:06:07Z INFO [723/2500] 309a8ceb-be94-47d5-b505-0d901723885e: valid; 1.1 s; peak memory 6184 MiB.
2026-10-03T09:06:08Z INFO [724/2500] 309ada3d-705f-4675-8a19-6247a8dc0c1c: valid; 0.8 s; peak memory 6184 MiB.
2026-10-03T09:06:09Z WARNING 309c6d55-0dd6-49f2-b01b-90213fe5b4d5: failed while opening the NWB file (ConstructError: (root/acquisition/event_code_meanings GroupBuilder {'attributes': {'colnames': array(['value', 'meaning'], dtype=object), 'description': 'Mapping integer event codes to event labels', 'namespace': 'ndx-events', 'neurodata_type': 'MeaningsTable', 'object_id': 'aff7c8fd-7e1f-4346-827a-6c90eccf8c30'}, 'groups': {}, 'datasets': {'id': root/acquisition/event_code_meanings/id DatasetBuilder {'attributes': {'namespace': 'hdmf-common', 'neurodata_type': 'ElementIdentifiers', 'object_id': '98b36887-5601-400d-bcce-e12e313af74b'}, 'data': <HDF5 dataset "id": shape (26,), type "<i8">}, 'meaning': root/acquisition/event_code_meanings/meaning DatasetBuilder {'attributes': {'description': 'The meaning of the value in the parent CategoricalVectorData object.', 'namespace': 'hdmf-experimental', 'neurodata_type': 'VectorData', 'object_id': 'fcc96213-1fbe-4867-8af5-69719c9148c7'}, 'data': <StrDataset for HDF5 dataset "meaning": shape (26,), type "|O">}, 'value': root/acquisition/event_code_meanings/value DatasetBuilder {'attributes': {'description': 'The value of the parent CategoricalVectorData object.', 'namespace': 'hdmf-experimental', 'neurodata_type': 'VectorData', 'object_id': 'c074b5de-5118-4722-9e8b-2f87b1e9d935'}, 'data': <HDF5 dataset "value": shape (26,), type "<i8">}}, 'links': {}}, "Could not construct MeaningsTable object due to: MeaningsTable.__init__: missing argument 'target'"))
2026-10-03T09:06:11Z INFO [726/2500] 309ce804-3cdf-43f4-a37a-a017203ab70b: valid; 1.8 s; peak memory 6184 MiB.
2026-10-03T09:06:13Z INFO [727/2500] 309da27b-fd76-4cdd-b144-9d1358aa4801: valid; 1.7 s; peak memory 6184 MiB.
2026-10-03T09:06:16Z INFO [728/2500] 309dcb2f-4b2e-4e4f-b281-83602aef211a: valid; 3.1 s; peak memory 6184 MiB.
2026-10-03T09:06:16Z WARNING 309e2682-cef6-4489-8680-f65b4164f939: failed while retrieving asset information from the DANDI API (NotFoundError: No asset at path 'sub-460436/sub-460436_ses-20200109T111437_behavior+ecephys+ogen.nwb' in version 0.231012.2129. Verify the path is correct and the asset exists in this version. Use 'dandi ls' to list available assets.)
2026-10-03T09:06:17Z INFO [730/2500] 309e3883-ad3f-4481-988d-caf7b85e2f07: valid; 1.0 s; peak memory 6184 MiB.
2026-10-03T09:06:18Z INFO [731/2500] 309f690d-a4a8-4c85-bdd2-b70608af7680: not valid; 0.9 s; peak memory 6184 MiB.
2026-10-03T09:06:24Z INFO [732/2500] 30a0203a-7689-4531-8929-e81b97d6c1c3: valid; 6.2 s; peak memory 6305 MiB.
2026-10-03T09:06:25Z INFO [733/2500] 30a022df-bfa7-483a-9cd2-b9ea836184dd: valid; 0.8 s; peak memory 6305 MiB.
2026-10-03T09:06:46Z INFO [734/2500] 30a08375-fc7a-43f0-9186-719b54540db7: not valid; 21.5 s; peak memory 6305 MiB.
2026-10-03T09:06:47Z INFO [735/2500] 30a0bf39-a41a-47fc-a46b-2dae2e7f9bc8: valid; 0.8 s; peak memory 6305 MiB.
2026-10-03T09:06:49Z INFO [736/2500] 30a10880-91fd-48ae-a6b3-ec1b3e9b5bbb: valid; 2.1 s; peak memory 6305 MiB.
2026-10-03T09:06:50Z INFO [737/2500] 30a13a16-e08a-40f1-85cd-5482427cd34f: valid; 1.1 s; peak memory 6305 MiB.
2026-10-03T09:06:51Z INFO [738/2500] 30a217a1-f4ff-4497-b3c7-d68cbde6f161: valid; 1.3 s; peak memory 6305 MiB.
2026-10-03T09:07:02Z INFO [739/2500] 30a22a83-065b-4e2e-9148-da2d3e1ed906: valid; 10.5 s; peak memory 6334 MiB.
2026-10-03T09:07:04Z INFO [740/2500] 30a22d0e-3893-42eb-aea3-e47cde76d4ad: not valid; 2.0 s; peak memory 6338 MiB.
2026-10-03T09:07:05Z INFO [741/2500] 30a30ed8-fe64-4a44-bf33-54adbafc5f72: valid; 1.4 s; peak memory 6341 MiB.
2026-10-03T09:07:06Z INFO [742/2500] 30a3654c-b904-47ff-8e86-7bf1e874d788: valid; 0.7 s; peak memory 6342 MiB.
2026-10-03T09:07:08Z INFO [743/2500] 30a44e97-ef38-4cc5-85bf-b3a49169986e: valid; 2.2 s; peak memory 6349 MiB.
2026-10-03T09:07:10Z INFO [744/2500] 30a4d686-5e5b-48c2-a863-8196d0ddf3ea: valid; 1.5 s; peak memory 6356 MiB.
2026-10-03T09:07:31Z INFO [745/2500] 30a5279e-2206-4235-8bcd-b2444ed4c4f1: valid; 21.8 s; peak memory 7265 MiB.
2026-10-03T09:07:32Z INFO [746/2500] 30a52817-d99a-4bbb-9653-f31674b83aeb: valid; 0.8 s; peak memory 7265 MiB.
2026-10-03T09:07:33Z INFO [747/2500] 30a56579-510c-429d-a75e-f17d5ff1c35d: not valid; 1.0 s; peak memory 7265 MiB.
2026-10-03T09:07:34Z INFO [748/2500] 30a58c16-c562-4864-99e4-6bf8815da848: not valid; 1.0 s; peak memory 7265 MiB.
2026-10-03T09:07:35Z INFO [749/2500] 30a59ce7-4edb-4e79-84c2-ce662aaa1960: valid; 0.9 s; peak memory 7265 MiB.
2026-10-03T09:07:36Z INFO [750/2500] 30a60709-1ca3-487b-abbb-8b0be4bd80b8: valid; 1.2 s; peak memory 7265 MiB.
2026-10-03T09:07:37Z INFO [750/2500] 30a60709-1ca3-487b-abbb-8b0be4bd80b8: checkpointed 96760 records.
2026-10-03T09:07:38Z INFO [751/2500] 30a6d023-2337-4565-b1a2-28bf27cb6434: valid; 0.9 s; peak memory 7265 MiB.
2026-10-03T09:07:43Z INFO [752/2500] 30a75664-717f-4749-bd00-cb686540c315: valid; 5.0 s; peak memory 7265 MiB.
2026-10-03T09:07:44Z INFO [753/2500] 30a75ce7-f4ce-4007-893f-fb10d342bc59: valid; 0.7 s; peak memory 7265 MiB.
2026-10-03T09:07:45Z INFO [754/2500] 30a7ada3-55e8-4e56-9d16-de23d5f0ab37: valid; 1.4 s; peak memory 7265 MiB.
2026-10-03T09:07:46Z INFO [755/2500] 30a7fd76-71d9-442c-9ee9-36258efe16b9: valid; 0.8 s; peak memory 7265 MiB.
2026-10-03T09:07:48Z INFO [756/2500] 30a80a3b-1204-4004-a70b-eec23ac28092: valid; 2.0 s; peak memory 7265 MiB.
2026-10-03T09:07:49Z INFO [757/2500] 30a8d023-8fc6-4882-be36-9d07fe5ea8c7: valid; 1.5 s; peak memory 7265 MiB.
2026-10-03T09:07:50Z INFO [758/2500] 30a8ea31-08b1-4346-8864-d505eaa8eec4: valid; 0.8 s; peak memory 7265 MiB.
2026-10-03T09:07:51Z INFO [759/2500] 30a992eb-9a1e-4a41-aebd-dc2f25fd101f: not valid; 1.1 s; peak memory 7265 MiB.
2026-10-03T09:07:51Z WARNING 30a9c833-3dc8-4d4c-baf1-ca3b99a1141d: failed while retrieving asset information from the DANDI API (NotFoundError: No such Dandiset: 001533)
2026-10-03T09:07:53Z INFO [761/2500] 30aa81f5-bee3-4728-9a6c-ea58b298559c: valid; 1.6 s; peak memory 7265 MiB.
2026-10-03T09:07:53Z INFO [762/2500] 30ab109a-90e1-4152-b61a-d753b1dc535d: valid; 0.6 s; peak memory 7265 MiB.
2026-10-03T09:07:56Z INFO [763/2500] 30ab37ff-9a3d-4df8-9747-6017a56386a6: valid; 2.7 s; peak memory 7265 MiB.
2026-10-03T09:07:57Z INFO [764/2500] 30abc27d-7f41-4564-ac92-4baf901a9b1a: valid; 0.9 s; peak memory 7265 MiB.
2026-10-03T09:07:58Z INFO [765/2500] 30abc41e-ec92-428e-b3b5-153a28f451c0: valid; 0.8 s; peak memory 7265 MiB.
2026-10-03T09:08:00Z INFO [766/2500] 30ac1366-f952-4c4e-87f0-94942d3934f6: valid; 2.1 s; peak memory 7265 MiB.
2026-10-03T09:08:01Z INFO [767/2500] 30ac3807-6097-44c8-b479-cfad11cf08e9: not valid; 1.2 s; peak memory 7265 MiB.
2026-10-03T09:08:03Z INFO [768/2500] 30acbe0c-c367-4338-910d-a056519268c4: valid; 1.4 s; peak memory 7265 MiB.
2026-10-03T09:08:10Z INFO [769/2500] 30acf26b-e3e9-444e-8808-357466ac2d8d: valid; 7.4 s; peak memory 7265 MiB.
2026-10-03T09:08:11Z INFO [770/2500] 30ad524d-04b2-49ab-944c-25c428c6daa2: valid; 1.2 s; peak memory 7265 MiB.
2026-10-03T09:08:12Z INFO [771/2500] 30ad52fe-2f1f-45a3-a3a7-8dd3f1b40fdf: valid; 1.0 s; peak memory 7265 MiB.
2026-10-03T09:08:13Z INFO [772/2500] 30adcb8c-bed3-4386-b71c-e3ffe580beb0: valid; 0.9 s; peak memory 7265 MiB.
2026-10-03T09:08:21Z INFO [773/2500] 30aef2f3-13a0-4ac0-a901-c342bd7475d7: valid; 7.4 s; peak memory 7284 MiB.
2026-10-03T09:08:21Z WARNING 30afbbf2-585f-43e9-be3d-648f05838e23: failed while retrieving asset information from the DANDI API (NotFoundError: No asset at path 'sub-healthy-simulated-beta/sub-healthy-simulated-beta_ses-8866_ecephys.nwb' in version 0.250327.2220. Verify the path is correct and the asset exists in this version. Use 'dandi ls' to list available assets.)
2026-10-03T09:08:21Z INFO [775/2500] 30b07ac0-2d0a-41be-ad7e-68312f503b80: valid; 0.9 s; peak memory 7286 MiB.
2026-10-03T09:08:22Z WARNING 30b07dcf-5b48-4012-ae65-c6597129b408: failed while retrieving asset information from the DANDI API (NotFoundError: No asset at path 'sub-parkinson-simulated-beta/sub-parkinson-simulated-beta_ses-3746_ecephys.nwb' in version 0.250327.2220. Verify the path is correct and the asset exists in this version. Use 'dandi ls' to list available assets.)
2026-10-03T09:08:22Z INFO [777/2500] 30b0c62d-7121-4dc8-adab-87e9cfd72eb7: not valid; 0.9 s; peak memory 7288 MiB.
2026-10-03T09:08:33Z INFO [778/2500] 30b0da25-030b-40f6-a53c-09b73cbc695f: valid; 10.3 s; peak memory 7517 MiB.
2026-10-03T09:08:34Z INFO [779/2500] 30b0e635-7ed5-4fb3-b9b5-8fc5ef024628: valid; 1.1 s; peak memory 7517 MiB.
2026-10-03T09:08:38Z INFO [780/2500] 30b150b4-c638-484c-8f7d-a1a5bdc9ec7b: valid; 3.7 s; peak memory 7531 MiB.
2026-10-03T09:08:39Z INFO [781/2500] 30b15556-d956-4c10-8b1a-92386f3f7b50: valid; 1.3 s; peak memory 7538 MiB.
2026-10-03T09:08:42Z INFO [782/2500] 30b1bdcc-ecd0-4393-85c8-35fe676f8c9c: not valid; 3.1 s; peak memory 7543 MiB.
2026-10-03T09:08:44Z INFO [783/2500] 30b1ca09-99fe-4014-a494-70bc48612823: valid; 1.8 s; peak memory 7543 MiB.
2026-10-03T09:08:59Z INFO [784/2500] 30b27a0b-15d3-4fdc-beeb-9c9c5e9a1c96: valid; 15.4 s; peak memory 7543 MiB.
2026-10-03T09:09:01Z INFO [785/2500] 30b3ba64-7012-45ce-8c88-10238aa041ef: valid; 2.1 s; peak memory 7543 MiB.
2026-10-03T09:09:02Z INFO [786/2500] 30b4173d-42db-4f0d-9143-819bb2a03709: valid; 1.0 s; peak memory 7543 MiB.
2026-10-03T09:09:04Z INFO [787/2500] 30b42120-adbb-4f69-9f93-8f20dcd226b3: not valid; 1.5 s; peak memory 7543 MiB.
2026-10-03T09:09:33Z INFO [788/2500] 30b4a55e-b609-486a-af92-1931531f9086: valid; 29.7 s; peak memory 8133 MiB.
2026-10-03T09:09:35Z INFO [789/2500] 30b52cb3-36d8-41a6-839f-92e59c3cec21: valid; 2.0 s; peak memory 8133 MiB.
2026-10-03T09:09:37Z INFO [790/2500] 30b59d66-b561-4ef0-8a85-b270d6b63ee5: valid; 1.9 s; peak memory 8140 MiB.
2026-10-03T09:09:38Z INFO [791/2500] 30b5b3a1-b366-4f7f-95eb-972cd23d1b2a: valid; 1.2 s; peak memory 8147 MiB.
2026-10-03T09:09:44Z INFO [792/2500] 30b5c7da-5146-49b2-9fb5-d9bfa08a21de: valid; 5.2 s; peak memory 8184 MiB.
2026-10-03T09:09:45Z INFO [793/2500] 30b6da1b-5631-4d65-8632-ae3491fa74cd: valid; 1.1 s; peak memory 8198 MiB.
2026-10-03T09:09:46Z INFO [794/2500] 30b75bcc-7ebd-4a8b-8fe5-68eb1056631e: not valid; 0.9 s; peak memory 8205 MiB.
2026-10-03T09:09:46Z INFO [795/2500] 30b847d6-5332-431c-a49d-2e123a790c2d: valid; 0.6 s; peak memory 8208 MiB.
2026-10-03T09:09:48Z INFO [796/2500] 30bb0724-559c-4caf-a339-68a928434094: valid; 2.1 s; peak memory 8212 MiB.
2026-10-03T09:09:49Z INFO [797/2500] 30bb68f7-965f-472a-93b9-63e9d8a8ba79: not valid; 1.0 s; peak memory 8212 MiB.
2026-10-03T09:09:51Z INFO [798/2500] 30bba676-0406-423b-a137-72c3b147060e: valid; 1.7 s; peak memory 8212 MiB.
2026-10-03T09:09:53Z INFO [799/2500] 30bbffed-8272-41b8-b5b4-b86a03fda7a1: valid; 1.9 s; peak memory 8212 MiB.
2026-10-03T09:09:55Z INFO [800/2500] 30bc03c2-dd30-47cf-8c15-b484c290b112: valid; 1.5 s; peak memory 8212 MiB.
2026-10-03T09:09:55Z INFO [800/2500] 30bc03c2-dd30-47cf-8c15-b484c290b112: checkpointed 96810 records.
2026-10-03T09:09:56Z INFO [801/2500] 30bc1bae-2727-4a2e-a659-67877fe63e01: valid; 1.2 s; peak memory 8212 MiB.
2026-10-03T09:09:57Z INFO [802/2500] 30bc5834-1187-41cd-93fb-af6f3f8c914f: valid; 0.9 s; peak memory 8212 MiB.
2026-10-03T09:09:58Z INFO [803/2500] 30bcabed-233d-458d-9182-a1ec6df59d84: not valid; 1.1 s; peak memory 8212 MiB.
2026-10-03T09:10:00Z INFO [804/2500] 30bd2700-8405-4572-8688-00923c69cff1: valid; 1.1 s; peak memory 8212 MiB.
2026-10-03T09:10:01Z INFO [805/2500] 30bd3bd1-6492-40d0-bd86-ee7834b14995: valid; 1.8 s; peak memory 8212 MiB.
2026-10-03T09:10:13Z INFO [806/2500] 30bd603c-8431-44e3-a81f-e470d1c6b19c: valid; 12.1 s; peak memory 8307 MiB.
2026-10-03T09:10:15Z INFO [807/2500] 30bdec26-8c22-40af-894d-a00b0c8d9002: valid; 1.4 s; peak memory 8308 MiB.
2026-10-03T09:10:17Z INFO [808/2500] 30bdfa4c-d0e8-4324-9c79-caa8406ed84e: valid; 1.8 s; peak memory 8308 MiB.
2026-10-03T09:10:22Z INFO [809/2500] 30be195a-143b-4485-9ba1-f3f2cf73573d: valid; 5.4 s; peak memory 8308 MiB.
2026-10-03T09:10:23Z INFO [810/2500] 30be3465-4f58-4ced-a57a-5616f07fcbfa: not valid; 0.9 s; peak memory 8308 MiB.
2026-10-03T09:11:32Z INFO [811/2500] 30be5dca-19fc-420a-8ae1-d1c974e831d4: valid; 68.8 s; peak memory 8655 MiB.
2026-10-03T09:12:00Z INFO [812/2500] 30be67d0-7975-494a-bc64-977731a71b8f: valid; 28.7 s; peak memory 8655 MiB.
2026-10-03T09:12:01Z INFO [813/2500] 30bea3de-56dd-4aed-85f0-5fd9b7382e05: valid; 0.8 s; peak memory 8655 MiB.
2026-10-03T09:12:02Z INFO [814/2500] 30bed16d-5154-4bf9-95a3-74acc4637e8a: valid; 0.9 s; peak memory 8655 MiB.
2026-10-03T09:12:04Z INFO [815/2500] 30befdf7-4004-40c8-b1b9-72b238308aad: valid; 1.8 s; peak memory 8655 MiB.
2026-10-03T09:12:05Z INFO [816/2500] 30bf0f42-e689-4b0a-bd22-5c71759e43a3: valid; 0.8 s; peak memory 8655 MiB.
2026-10-03T09:12:07Z INFO [817/2500] 30c0006c-248a-4770-ade9-55a35740422f: not valid; 2.4 s; peak memory 8655 MiB.
2026-10-03T09:12:08Z INFO [818/2500] 30c053a1-7f0d-4e1c-a394-a4895b1799c4: valid; 0.7 s; peak memory 8655 MiB.
2026-10-03T09:12:08Z WARNING 30c0c770-0e5c-4d73-afca-2c3dc44e04b7: failed while retrieving asset information from the DANDI API (NotFoundError: No asset at path 'sub-782394/sub-782394_ses-behavior-782394-2025-04-23-10-51-14.nwb' in version 0.260928.2230. Verify the path is correct and the asset exists in this version. Use 'dandi ls' to list available assets.)
2026-10-03T09:12:09Z INFO [820/2500] 30c0da96-eb6d-4e53-a2b7-4d7c4d46decf: not valid; 1.3 s; peak memory 8655 MiB.
2026-10-03T09:12:11Z INFO [821/2500] 30c1d6b9-a31b-4fe6-a315-cfbb6bd70f16: valid; 1.4 s; peak memory 8655 MiB.
2026-10-03T09:12:11Z INFO [822/2500] 30c1eb72-317c-4654-a706-797f2f5ade3e: valid; 0.8 s; peak memory 8655 MiB.
2026-10-03T09:12:12Z INFO [823/2500] 30c2c64d-cd5b-4a31-a61c-919593ce1ded: valid; 0.6 s; peak memory 8655 MiB.
2026-10-03T09:12:13Z INFO [824/2500] 30c2ffe7-ce0c-4e81-94ba-baf337800cd3: valid; 0.9 s; peak memory 8655 MiB.
2026-10-03T09:12:14Z INFO [825/2500] 30c4229f-a2c1-4b21-9be7-8007925d6ad3: valid; 0.6 s; peak memory 8655 MiB.
2026-10-03T09:12:14Z INFO [826/2500] 30c47e52-a774-40d5-89da-b86b301abd64: valid; 1.0 s; peak memory 8655 MiB.
2026-10-03T09:12:15Z INFO [827/2500] 30c4868d-439b-4c3d-bd3a-f3af464704ac: valid; 0.9 s; peak memory 8655 MiB.
2026-10-03T09:12:16Z INFO [828/2500] 30c6ce6a-deeb-4779-8b5a-3ac0a76700c2: valid; 0.7 s; peak memory 8655 MiB.
2026-10-03T09:12:19Z INFO [829/2500] 30c73d6c-592a-48d4-ab37-b8c337ac2109: not valid; 2.7 s; peak memory 8655 MiB.
2026-10-03T09:12:19Z INFO [830/2500] 30c749e1-11bd-4f14-8161-e4734f8f8e59: valid; 0.6 s; peak memory 8655 MiB.
2026-10-03T09:12:21Z INFO [831/2500] 30c7d7e0-d1a7-4209-a202-0d07e215621b: valid; 1.3 s; peak memory 8655 MiB.
2026-10-03T09:12:22Z INFO [832/2500] 30c8467d-faca-44bd-99fd-436a845a0f38: valid; 0.8 s; peak memory 8655 MiB.
2026-10-03T09:12:23Z INFO [833/2500] 30c89ec8-80ff-41a2-ae49-e332c4e47d9e: valid; 1.8 s; peak memory 8655 MiB.
2026-10-03T09:12:24Z WARNING 30c9043f-457d-4f70-8444-02656a3af554: failed while opening the NWB file (ConstructError: (root/acquisition/_iblmic_audioSpectrogram/bands GroupBuilder {'attributes': {'colnames': array(['freq'], dtype=object), 'description': 'spectogram frequencies', 'namespace': 'core', 'neurodata_type': 'FrequencyBandsTable', 'object_id': 'acf22479-8557-4a4d-acdc-8781236677a0'}, 'groups': {}, 'datasets': {'freq': root/acquisition/_iblmic_audioSpectrogram/bands/freq DatasetBuilder {'attributes': {'description': 'frequency value', 'namespace': 'hdmf-common', 'neurodata_type': 'VectorData', 'object_id': 'c8918c05-63a2-4b41-ab60-c33938d48846'}, 'data': <HDF5 dataset "freq": shape (257,), type "<f4">}, 'id': root/acquisition/_iblmic_audioSpectrogram/bands/id DatasetBuilder {'attributes': {'namespace': 'hdmf-common', 'neurodata_type': 'ElementIdentifiers', 'object_id': 'bd01ce0d-43e7-4b7a-bc07-7f3642998f68'}, 'data': <HDF5 dataset "id": shape (257,), type "<i4">}}, 'links': {}}, "Could not construct FrequencyBandsTable object due to: column must have the same number of rows as 'id'"))
2026-10-03T09:12:26Z INFO [835/2500] 30c99789-33aa-4d8a-9022-59b89704b8f5: valid; 1.6 s; peak memory 8655 MiB.
2026-10-03T09:12:27Z INFO [836/2500] 30c9b865-7663-4471-8e4a-70a1c2cf71e2: not valid; 1.4 s; peak memory 8655 MiB.
2026-10-03T09:12:28Z INFO [837/2500] 30c9fec4-4dc9-4dc9-8087-45a7cf5c48e0: valid; 0.7 s; peak memory 8655 MiB.
2026-10-03T09:12:30Z INFO [838/2500] 30ca8630-c73e-4a13-95d4-a869b834e77d: valid; 1.3 s; peak memory 8655 MiB.
2026-10-03T09:12:31Z INFO [839/2500] 30ca987b-7400-4a4e-8283-b9de0dc41ba6: valid; 1.9 s; peak memory 8655 MiB.
2026-10-03T09:12:36Z INFO [840/2500] 30cbc6bd-38fc-4320-a902-6a29ad0790a5: valid; 4.8 s; peak memory 8655 MiB.
2026-10-03T09:12:39Z INFO [841/2500] 30cbfbfb-7cec-4676-94ae-1510e3440fdf: valid; 2.6 s; peak memory 8655 MiB.
2026-10-03T09:12:41Z INFO [842/2500] 30cc040a-e764-4f38-8ed0-d74652d86d44: valid; 1.9 s; peak memory 8655 MiB.
2026-10-03T09:12:41Z INFO [843/2500] 30cc1ff6-c879-44bb-8d63-2fa1659b717d: valid; 0.8 s; peak memory 8655 MiB.
2026-10-03T09:12:43Z INFO [844/2500] 30cc3ac2-fa14-4e09-a615-0ba888ffe76b: valid; 1.6 s; peak memory 8655 MiB.
2026-10-03T09:12:44Z INFO [845/2500] 30cc7167-04a2-4f2e-854a-3eed6f4db2d5: valid; 1.4 s; peak memory 8655 MiB.
2026-10-03T09:12:45Z INFO [846/2500] 30cd4988-d6bd-4af9-b499-e8d971e39240: valid; 0.9 s; peak memory 8655 MiB.
2026-10-03T09:12:46Z INFO [847/2500] 30cdc063-a0f2-486b-a86d-c873324e9ce0: not valid; 0.8 s; peak memory 8655 MiB.
2026-10-03T09:12:49Z INFO [848/2500] 30ce23f1-12b9-41d0-98e1-cc210c93456f: valid; 2.6 s; peak memory 8655 MiB.
2026-10-03T09:12:50Z INFO [849/2500] 30ce3b47-c8e5-4e42-be69-2e041fae8096: valid; 1.0 s; peak memory 8655 MiB.
2026-10-03T09:12:52Z INFO [850/2500] 30ce9b5c-3589-44b2-81b2-a26a23513fb3: valid; 2.1 s; peak memory 8655 MiB.
2026-10-03T09:12:53Z INFO [850/2500] 30ce9b5c-3589-44b2-81b2-a26a23513fb3: checkpointed 96860 records.
2026-10-03T09:12:53Z INFO [851/2500] 30ced3b7-864d-422f-a502-a3b06b818b28: valid; 0.7 s; peak memory 8655 MiB.
2026-10-03T09:12:57Z INFO [852/2500] 30cedd71-28a1-49e4-9298-65d8d064f422: not valid; 3.5 s; peak memory 8655 MiB.
2026-10-03T09:13:03Z INFO [853/2500] 30cf78cf-df77-4a16-bf35-7d9036e89b03: valid; 6.3 s; peak memory 8655 MiB.
2026-10-03T09:13:04Z WARNING 30cf817d-e251-4912-9620-50130d767030: failed while opening the NWB file (ValueError: Cannot resolve included group spec 'electrodes' with data_type_inc 'ElectrodesTable' because a group spec with the same name already exists with data_type_inc 'DynamicTable', and data type 'DynamicTable' is not a child type of data type 'ElectrodesTable'.)
2026-10-03T09:13:05Z INFO [855/2500] 30cfcb85-4712-4c67-86e6-c7d6afde8876: not valid; 1.0 s; peak memory 8655 MiB.
2026-10-03T09:13:06Z INFO [856/2500] 30d02aea-eac3-41db-aba4-89c19dbdf604: valid; 1.4 s; peak memory 8655 MiB.
2026-10-03T09:13:09Z INFO [857/2500] 30d03a5a-b34c-4060-87ce-76a4f3db2552: valid; 2.8 s; peak memory 8655 MiB.
2026-10-03T09:13:11Z INFO [858/2500] 30d14e05-8f7b-4bf5-a3b7-5dcdac5caed7: not valid; 1.8 s; peak memory 8655 MiB.
2026-10-03T09:13:12Z INFO [859/2500] 30d18d2d-b769-432f-bf8c-06812789cdd7: valid; 1.0 s; peak memory 8655 MiB.
2026-10-03T09:13:14Z INFO [860/2500] 30d1b1c4-a403-4d2d-b775-c8040075de0b: not valid; 1.7 s; peak memory 8655 MiB.
2026-10-03T09:13:15Z INFO [861/2500] 30d1eb15-27e9-4ba3-a294-ff2e4be6b342: valid; 1.3 s; peak memory 8655 MiB.
2026-10-03T09:13:17Z INFO [862/2500] 30d23559-297c-484d-bfaf-811637eb9794: valid; 2.3 s; peak memory 8655 MiB.
2026-10-03T09:13:18Z INFO [863/2500] 30d2839e-0e3e-4c4e-908a-8e3ffe323749: valid; 0.7 s; peak memory 8655 MiB.
2026-10-03T09:13:19Z INFO [864/2500] 30d2f1a3-44a4-49c5-8504-7214121f959a: valid; 1.6 s; peak memory 8655 MiB.
2026-10-03T09:13:21Z INFO [865/2500] 30d45a91-a5cb-40dd-876d-70554bc4a40c: valid; 1.6 s; peak memory 8655 MiB.
2026-10-03T09:13:22Z INFO [866/2500] 30d46059-fae0-4fa5-83e1-ff62f9d5ff7a: not valid; 0.8 s; peak memory 8655 MiB.
2026-10-03T09:13:23Z INFO [867/2500] 30d461f5-2cda-4f0e-bca5-f5817207d42f: valid; 0.7 s; peak memory 8655 MiB.
2026-10-03T09:13:31Z INFO [868/2500] 30d47557-f86a-404a-aee3-eaf8c4a97683: valid; 8.1 s; peak memory 8655 MiB.
2026-10-03T09:13:32Z WARNING 30d546c3-7d53-43ad-9d25-089355e254da: failed while opening the NWB file (ConstructError: (root/acquisition/event_code_meanings GroupBuilder {'attributes': {'colnames': array(['value', 'meaning'], dtype=object), 'description': 'Mapping integer event codes to event labels', 'namespace': 'ndx-events', 'neurodata_type': 'MeaningsTable', 'object_id': 'f0a38fe2-89c0-4e22-8fd2-b0f1095107c9'}, 'groups': {}, 'datasets': {'id': root/acquisition/event_code_meanings/id DatasetBuilder {'attributes': {'namespace': 'hdmf-common', 'neurodata_type': 'ElementIdentifiers', 'object_id': '75fc607a-e5e7-4f44-a70b-30bec9953c16'}, 'data': <HDF5 dataset "id": shape (26,), type "<i8">}, 'meaning': root/acquisition/event_code_meanings/meaning DatasetBuilder {'attributes': {'description': 'The meaning of the value in the parent CategoricalVectorData object.', 'namespace': 'hdmf-experimental', 'neurodata_type': 'VectorData', 'object_id': '8c88f12d-0d74-4afa-b27e-e539b2f7878d'}, 'data': <StrDataset for HDF5 dataset "meaning": shape (26,), type "|O">}, 'value': root/acquisition/event_code_meanings/value DatasetBuilder {'attributes': {'description': 'The value of the parent CategoricalVectorData object.', 'namespace': 'hdmf-experimental', 'neurodata_type': 'VectorData', 'object_id': '6275c705-5a1b-47aa-b93d-6e130fd27113'}, 'data': <HDF5 dataset "value": shape (26,), type "<i8">}}, 'links': {}}, "Could not construct MeaningsTable object due to: MeaningsTable.__init__: missing argument 'target'"))
2026-10-03T09:13:32Z INFO [870/2500] 30d5591e-1407-4555-a65f-7803037ac33b: not valid; 0.7 s; peak memory 8655 MiB.
2026-10-03T09:13:34Z INFO [871/2500] 30d5ea65-67b7-408c-8243-aa38fd08f3f7: valid; 1.7 s; peak memory 8655 MiB.
2026-10-03T09:13:35Z INFO [872/2500] 30d5f240-5426-4af4-b109-0239acff92cc: valid; 0.5 s; peak memory 8655 MiB.
2026-10-03T09:13:36Z INFO [873/2500] 30d61d6e-34b7-43d3-9717-b172b511a86c: not valid; 1.0 s; peak memory 8655 MiB.
2026-10-03T09:13:42Z INFO [874/2500] 30d6b144-ec81-432e-9b03-15aae92fd962: valid; 6.4 s; peak memory 8655 MiB.
2026-10-03T09:13:43Z INFO [875/2500] 30d6ed36-636f-4cea-9a0d-fc12c43b1386: valid; 1.1 s; peak memory 8655 MiB.
2026-10-03T09:13:44Z INFO [876/2500] 30d6f5a7-9814-454d-a199-f9fdf2d3e553: valid; 0.8 s; peak memory 8655 MiB.
2026-10-03T09:13:45Z INFO [877/2500] 30d7fde8-52a0-43cf-bcbe-693826953e49: valid; 1.4 s; peak memory 8655 MiB.
2026-10-03T09:14:00Z INFO [878/2500] 30d83545-4306-4a2a-b2af-61294b4040d7: valid; 15.0 s; peak memory 8655 MiB.
2026-10-03T09:14:02Z INFO [879/2500] 30d8f65d-3433-4b75-a576-7c201890b1ec: valid; 1.5 s; peak memory 8655 MiB.
2026-10-03T09:14:03Z INFO [880/2500] 30d9cb7d-beb6-4879-8f2d-a70d77b2b5ad: not valid; 1.3 s; peak memory 8655 MiB.
2026-10-03T09:14:08Z INFO [881/2500] 30d9f9e6-0b81-4e4d-86fb-5f76042c6dba: valid; 4.8 s; peak memory 8655 MiB.
2026-10-03T09:14:09Z INFO [882/2500] 30da447a-50a5-4397-aff9-95f12b21e331: valid; 0.6 s; peak memory 8655 MiB.
2026-10-03T09:14:09Z INFO [883/2500] 30db515a-2b76-4893-8f05-1b1c1c255178: valid; 0.6 s; peak memory 8655 MiB.
2026-10-03T09:14:09Z WARNING 30db51c8-bebf-47dd-b105-73dfe5a44335: failed while retrieving asset information from the DANDI API (NotFoundError: No asset at path 'sub-MS22/sub-MS22_ses-Peter-MS22-180622-115734-concat_behavior+ecephys.nwb' in version 0.250624.0444. Verify the path is correct and the asset exists in this version. Use 'dandi ls' to list available assets.)
2026-10-03T09:14:10Z INFO [885/2500] 30dc3fb3-98cc-472b-a76a-c54bf92ce9b5: not valid; 1.1 s; peak memory 8655 MiB.
2026-10-03T09:14:14Z INFO [886/2500] 30dc5e56-7c06-4b12-9eb7-6be011126714: valid; 3.6 s; peak memory 8655 MiB.
2026-10-03T09:14:15Z WARNING 30dcf867-299f-4bba-a488-ee6c850dfbce: failed while opening the NWB file (ConstructError: (root/acquisition/_iblmic_audioSpectrogram/bands GroupBuilder {'attributes': {'colnames': array(['freq'], dtype=object), 'description': 'spectogram frequencies', 'namespace': 'core', 'neurodata_type': 'FrequencyBandsTable', 'object_id': 'fb6d88cc-0bde-4e5e-a49b-379234374cf4'}, 'groups': {}, 'datasets': {'freq': root/acquisition/_iblmic_audioSpectrogram/bands/freq DatasetBuilder {'attributes': {'description': 'frequency value', 'namespace': 'hdmf-common', 'neurodata_type': 'VectorData', 'object_id': '83a449ae-68f1-4066-bdc4-2fd89917decc'}, 'data': <HDF5 dataset "freq": shape (257,), type "<f4">}, 'id': root/acquisition/_iblmic_audioSpectrogram/bands/id DatasetBuilder {'attributes': {'namespace': 'hdmf-common', 'neurodata_type': 'ElementIdentifiers', 'object_id': 'd89dfa27-ff20-4d60-852b-453138754204'}, 'data': <HDF5 dataset "id": shape (257,), type "<i4">}}, 'links': {}}, "Could not construct FrequencyBandsTable object due to: column must have the same number of rows as 'id'"))
2026-10-03T09:14:16Z INFO [888/2500] 30dd08cf-5b50-4563-8a2d-4a588a829e7c: valid; 1.2 s; peak memory 8655 MiB.
2026-10-03T09:14:17Z INFO [889/2500] 30dd168f-0ec0-4c16-9346-11051055a800: not valid; 0.9 s; peak memory 8655 MiB.
2026-10-03T09:14:19Z INFO [890/2500] 30ded37c-c56c-457b-997b-402b1737b2be: valid; 1.7 s; peak memory 8655 MiB.
2026-10-03T09:14:20Z INFO [891/2500] 30def10a-b9ec-4bd5-a271-ef474fb051e2: not valid; 1.1 s; peak memory 8655 MiB.
2026-10-03T09:14:23Z INFO [892/2500] 30df507a-33e0-4147-bc98-08b1efb86fe7: valid; 2.6 s; peak memory 8655 MiB.
2026-10-03T09:14:25Z INFO [893/2500] 30e1afa2-6387-4b2b-8da0-6c10e6d5fa57: valid; 2.1 s; peak memory 8655 MiB.
2026-10-03T09:14:26Z INFO [894/2500] 30e291ea-638d-4d24-a5bf-23af2dcafae3: not valid; 1.4 s; peak memory 8655 MiB.
2026-10-03T09:14:28Z WARNING 30e2c6f3-9c6b-41aa-8721-df6309a3ed0f: failed while opening the NWB file (ConstructError: (root/general/optogenetics/PatternedOptogeneticStimulusSite GroupBuilder {'attributes': {'effector': 'GUR-3/PRDX-2', 'namespace': 'ndx-patterned-ogen', 'neurodata_type': 'PatternedOptogeneticStimulusSite', 'object_id': '58a2b469-cc1e-4bc8-80ec-f33e896df0b4'}, 'groups': {}, 'datasets': {'description': root/general/optogenetics/PatternedOptogeneticStimulusSite/description DatasetBuilder {'attributes': {}, 'data': 'Scanning'}, 'excitation_lambda': root/general/optogenetics/PatternedOptogeneticStimulusSite/excitation_lambda DatasetBuilder {'attributes': {}, 'data': np.float64(850.0)}, 'location': root/general/optogenetics/PatternedOptogeneticStimulusSite/location DatasetBuilder {'attributes': {}, 'data': 'whole brain'}}, 'links': {'device': root/general/optogenetics/PatternedOptogeneticStimulusSite/device LinkBuilder {'builder': root/general/devices/OptogeneticDevice GroupBuilder {'attributes': {'description': '', 'namespace': 'core', 'neurodata_type': 'Device', 'object_id': '156d2fa7-15fd-4a0c-bb5f-558c86bd3564'}, 'groups': {}, 'datasets': {}, 'links': {}}}, 'light_source': root/general/optogenetics/PatternedOptogeneticStimulusSite/light_source LinkBuilder {'builder': root/general/devices/AmplifiedLaser GroupBuilder {'attributes': {'description': 'For two-photon optogenetic targeting, we used an optical parametric amplifier (OPA; Light Conversion ORPHEUS) pumped by a femtosecond amplified laser (Light Conversion PHAROS).', 'filter_description': 'Short pass at 1040 nm', 'manufacturer': 'Light Conversion', 'model': 'ORPHEUS amplifier and PHAROS laser', 'namespace': 'ndx-patterned-ogen', 'neurodata_type': 'LightSource', 'object_id': '04b58b66-1da9-4033-90da-24c8afb585cc', 'peak_power_in_W': np.float64(0.0012), 'pulse_rate_in_Hz': np.float64(500000.0), 'stimulation_wavelength_in_nm': np.float64(850.0)}, 'groups': {}, 'datasets': {}, 'links': {}}}}}, "Could not construct PatternedOptogeneticStimulusSite object due to: CustomClassGenerator.set_init.<locals>.__init__: incorrect type for 'spatial_light_modulator' (got 'list', expected 'Device')"))
2026-10-03T09:14:29Z INFO [896/2500] 30e3117e-51d2-4e83-9c3a-29cf96d2d220: valid; 1.5 s; peak memory 8655 MiB.
2026-10-03T09:14:31Z INFO [897/2500] 30e33031-9a61-4702-b66a-2ec9cc80223e: valid; 2.0 s; peak memory 8655 MiB.
2026-10-03T09:14:39Z INFO [898/2500] 30e37d14-4504-4414-b887-8367b86a054b: valid; 7.3 s; peak memory 8655 MiB.
2026-10-03T09:14:54Z INFO [899/2500] 30e3d528-226d-44f5-85b8-3759e019eda7: not valid; 15.8 s; peak memory 8655 MiB.
2026-10-03T09:15:00Z INFO [900/2500] 30e45c71-7419-4ebd-b27d-93e00ffcdcc4: not valid; 5.3 s; peak memory 8677 MiB.
2026-10-03T09:15:00Z INFO [900/2500] 30e45c71-7419-4ebd-b27d-93e00ffcdcc4: checkpointed 96910 records.
2026-10-03T09:15:01Z INFO [901/2500] 30e51cde-590a-499a-8726-5213206a56ce: valid; 0.9 s; peak memory 8677 MiB.
2026-10-03T09:15:03Z INFO [902/2500] 30e5e5be-c958-420f-b794-cf2f1f716d33: valid; 1.2 s; peak memory 8677 MiB.
2026-10-03T09:15:04Z INFO [903/2500] 30e60104-baca-4bea-bd7e-2b8fc79100a3: not valid; 1.1 s; peak memory 8677 MiB.
2026-10-03T09:15:05Z INFO [904/2500] 30e6236d-083a-4e12-8f02-8739263b445b: valid; 1.3 s; peak memory 8677 MiB.
2026-10-03T09:15:07Z INFO [905/2500] 30e68e07-7351-4901-af7a-4dfcdc659cea: valid; 1.9 s; peak memory 8677 MiB.
2026-10-03T09:15:08Z INFO [906/2500] 30e6d82b-b9d7-48ff-8af9-2856bbaa6f85: valid; 1.3 s; peak memory 8677 MiB.
2026-10-03T09:15:09Z INFO [907/2500] 30e7646a-1cf9-41bb-8afe-773a94dfae68: not valid; 1.0 s; peak memory 8677 MiB.
2026-10-03T09:15:10Z INFO [908/2500] 30e775aa-5edd-4e13-aa11-dc1963a8d676: valid; 1.0 s; peak memory 8677 MiB.
2026-10-03T09:15:12Z INFO [909/2500] 30e80a6e-0999-4fe6-b66f-76231d0523e3: valid; 1.8 s; peak memory 8677 MiB.
2026-10-03T09:15:17Z INFO [910/2500] 30e86267-63b7-445f-8f17-1752fbeca4b9: valid; 5.1 s; peak memory 8677 MiB.
2026-10-03T09:15:18Z INFO [911/2500] 30e8640b-eaef-4394-acd8-518fac8f650a: valid; 0.8 s; peak memory 8677 MiB.
2026-10-03T09:15:23Z INFO [912/2500] 30e8cfc4-86aa-409f-8f87-2a4569bff6fc: valid; 5.4 s; peak memory 8677 MiB.
2026-10-03T09:15:25Z INFO [913/2500] 30e8f952-ca80-457b-8a55-28fb8d461983: valid; 1.4 s; peak memory 8677 MiB.
2026-10-03T09:15:26Z INFO [914/2500] 30e933df-ce05-463e-adda-0bc2e6408767: valid; 1.0 s; peak memory 8677 MiB.
2026-10-03T09:15:26Z INFO [915/2500] 30e94a93-b73d-42a5-bc73-081b2280acb0: not valid; 0.9 s; peak memory 8677 MiB.
2026-10-03T09:15:29Z INFO [916/2500] 30e9b9a0-f64c-445c-ac22-a53049322422: not valid; 3.0 s; peak memory 8677 MiB.
2026-10-03T09:15:30Z INFO [917/2500] 30e9e4fc-c88f-4356-8623-96e87d77f5dc: valid; 1.0 s; peak memory 8677 MiB.
2026-10-03T09:15:32Z INFO [918/2500] 30ea5ad8-80c2-4c41-9e38-faeb4fdc4964: valid; 2.1 s; peak memory 8677 MiB.
2026-10-03T09:15:39Z INFO [919/2500] 30ea84d1-c797-4325-a463-1b7ee422dc3f: valid; 6.1 s; peak memory 8677 MiB.
2026-10-03T09:15:40Z INFO [920/2500] 30eb61c0-53b3-4e2c-9a2d-776b42930e93: valid; 1.1 s; peak memory 8677 MiB.
2026-10-03T09:15:41Z INFO [921/2500] 30eb7278-358b-4bea-9d5d-155e0473d4e2: valid; 1.1 s; peak memory 8677 MiB.
2026-10-03T09:15:42Z INFO [922/2500] 30eb9ca3-fdb3-4e25-b41c-163339f9c353: valid; 0.8 s; peak memory 8677 MiB.
2026-10-03T09:15:43Z INFO [923/2500] 30eba6a5-4a81-44b3-ae9a-eb9105ca6df4: valid; 1.1 s; peak memory 8677 MiB.
2026-10-03T09:15:44Z INFO [924/2500] 30ebbc98-852f-4858-a3ca-599aa0b6f363: valid; 1.5 s; peak memory 8677 MiB.
2026-10-03T09:15:45Z INFO [925/2500] 30ebeb50-de58-48c2-9ca8-57d2b4ae6559: valid; 1.1 s; peak memory 8677 MiB.
2026-10-03T09:15:48Z INFO [926/2500] 30ed4a72-22ef-4313-b00d-56a30237757f: valid; 2.8 s; peak memory 8677 MiB.
2026-10-03T09:15:49Z INFO [927/2500] 30ed5b52-f07a-4eb2-8853-9967dcc011bc: valid; 1.3 s; peak memory 8677 MiB.
2026-10-03T09:15:50Z INFO [928/2500] 30edc55e-e02b-4783-b979-eb6d38ab1d47: valid; 0.8 s; peak memory 8677 MiB.
2026-10-03T09:15:51Z INFO [929/2500] 30ee03ac-fc3b-489c-8169-268c89dfd6c5: valid; 0.8 s; peak memory 8677 MiB.
2026-10-03T09:15:52Z INFO [930/2500] 30ee0d15-cd24-442b-a0ef-6ae65572cd12: valid; 1.0 s; peak memory 8677 MiB.
2026-10-03T09:15:53Z INFO [931/2500] 30ee10e5-e5a6-4610-b124-578c59b89327: not valid; 1.1 s; peak memory 8677 MiB.
2026-10-03T09:15:54Z INFO [932/2500] 30ee14e9-7373-47ae-ab87-f1dc850a031d: not valid; 0.9 s; peak memory 8677 MiB.
2026-10-03T09:15:55Z INFO [933/2500] 30ee3109-05d5-4b38-a2b9-c87d277ea346: valid; 1.1 s; peak memory 8677 MiB.
2026-10-03T09:16:05Z INFO [934/2500] 30eead7a-6d48-4adc-bcd3-833d013ef38c: valid; 9.6 s; peak memory 8819 MiB.
2026-10-03T09:16:06Z INFO [935/2500] 30eed6bc-cc24-493e-8c52-421382283184: not valid; 1.0 s; peak memory 8819 MiB.
2026-10-03T09:16:06Z WARNING 30ef1afc-1457-459d-aaaf-445368e27982: failed while retrieving asset information from the DANDI API (NotFoundError: No asset at path 'sub-parkinson-simulated-lfp/sub-parkinson-simulated-lfp_ses-4774_ecephys.nwb' in version 0.250327.2220. Verify the path is correct and the asset exists in this version. Use 'dandi ls' to list available assets.)
2026-10-03T09:16:07Z INFO [937/2500] 30ef4de0-e34c-4e97-a2ec-7894e8ae13f1: valid; 1.5 s; peak memory 8819 MiB.
2026-10-03T09:16:09Z INFO [938/2500] 30ef6b7b-0152-42ab-8165-e3041fd616ce: valid; 1.8 s; peak memory 8819 MiB.
2026-10-03T09:16:11Z INFO [939/2500] 30f0a8dd-2910-4701-9312-7d212e47395e: valid; 1.9 s; peak memory 8819 MiB.
2026-10-03T09:16:12Z INFO [940/2500] 30f17c16-d9fc-4a45-89ff-9cee10492742: not valid; 1.0 s; peak memory 8819 MiB.
2026-10-03T09:16:22Z INFO [941/2500] 30f1df10-3d77-4b61-a909-38911a0f3281: valid; 10.3 s; peak memory 8819 MiB.
2026-10-03T09:16:23Z INFO [942/2500] 30f20d33-958d-4355-ae86-328c4c80a74b: not valid; 0.7 s; peak memory 8819 MiB.
2026-10-03T09:16:24Z INFO [943/2500] 30f25c31-c37e-4783-842e-65e2ec88cb4b: valid; 0.8 s; peak memory 8819 MiB.
2026-10-03T09:16:26Z INFO [944/2500] 30f2d465-c2f1-4c6f-9389-da894ce0d965: valid; 2.5 s; peak memory 8819 MiB.
2026-10-03T09:16:28Z INFO [945/2500] 30f2e6cf-dca3-4113-88bb-f73ff8b352cd: valid; 1.7 s; peak memory 8819 MiB.
2026-10-03T09:16:30Z INFO [946/2500] 30f33719-de2e-4a09-9db8-2f5d189aeec7: not valid; 2.2 s; peak memory 8819 MiB.
2026-10-03T09:16:31Z INFO [947/2500] 30f352bb-32d3-492b-8c9b-d945d81cc841: valid; 1.3 s; peak memory 8819 MiB.
2026-10-03T09:16:36Z INFO [948/2500] 30f3a5b4-1c2e-4342-8fe8-774511c38392: valid; 4.2 s; peak memory 8819 MiB.
2026-10-03T09:16:37Z INFO [949/2500] 30f3f66b-1520-451e-a011-709e8d1ad949: valid; 1.4 s; peak memory 8819 MiB.
2026-10-03T09:16:39Z INFO [950/2500] 30f455c4-6fe3-4e79-ba0d-fc699aab842b: valid; 2.1 s; peak memory 8819 MiB.
2026-10-03T09:16:40Z INFO [950/2500] 30f455c4-6fe3-4e79-ba0d-fc699aab842b: checkpointed 96960 records.
2026-10-03T09:16:41Z INFO [951/2500] 30f4685f-da5d-4a0e-8481-ec151b55e277: valid; 0.8 s; peak memory 8819 MiB.
2026-10-03T09:16:42Z INFO [952/2500] 30f49bab-67b5-4bdb-8a4a-11cdb1d06650: valid; 1.1 s; peak memory 8819 MiB.
2026-10-03T09:16:43Z INFO [953/2500] 30f4c79c-5538-4eeb-973d-30ebe46cfd96: valid; 1.0 s; peak memory 8819 MiB.
2026-10-03T09:16:44Z INFO [954/2500] 30f63606-2389-474c-938a-ae2220619779: valid; 1.5 s; peak memory 8819 MiB.
2026-10-03T09:16:50Z INFO [955/2500] 30f642dc-f6bf-46a0-8c9d-fe4211f37dbb: valid; 5.4 s; peak memory 8819 MiB.
2026-10-03T09:16:51Z INFO [956/2500] 30f69d76-66bd-400a-8fbd-26d874a51ffc: valid; 1.3 s; peak memory 8819 MiB.
2026-10-03T09:16:57Z INFO [957/2500] 30f6b72f-acb9-4b8c-8981-75be5fc8317b: valid; 6.5 s; peak memory 8819 MiB.
2026-10-03T09:16:59Z INFO [958/2500] 30f711a1-302b-4547-995e-3f241a878eb3: valid; 1.2 s; peak memory 8819 MiB.
2026-10-03T09:16:59Z INFO [959/2500] 30f76e7f-098a-4e9a-8485-bdcd5d3dd1ba: not valid; 0.9 s; peak memory 8819 MiB.
2026-10-03T09:17:02Z INFO [960/2500] 30f7b96e-05cd-4816-8a38-3c6ef33ba0b4: valid; 2.3 s; peak memory 8819 MiB.
2026-10-03T09:17:03Z INFO [961/2500] 30f89985-81b7-4117-b2ad-079efd33a6b6: not valid; 0.8 s; peak memory 8819 MiB.
2026-10-03T09:17:04Z INFO [962/2500] 30f8b3dc-e789-42d6-94d8-b8250381c852: not valid; 1.4 s; peak memory 8819 MiB.
2026-10-03T09:17:11Z INFO [963/2500] 30f8f080-424a-484f-91e1-6b18289dfdc5: valid; 6.9 s; peak memory 8819 MiB.
2026-10-03T09:17:12Z INFO [964/2500] 30f8fcb6-6e90-4cfa-8f25-fffb5346cf1c: valid; 1.1 s; peak memory 8819 MiB.
2026-10-03T09:17:14Z INFO [965/2500] 30f91e27-6be5-4d74-933e-15917069ef16: valid; 2.5 s; peak memory 8819 MiB.
2026-10-03T09:18:46Z INFO [966/2500] 30f94bc2-522a-42c4-84d9-0e899ce1f3c8: valid; 91.1 s; peak memory 9013 MiB.
2026-10-03T09:18:54Z INFO [967/2500] 30fa452a-e0cb-4ee4-9b7c-0d8cfd0a6030: valid; 8.0 s; peak memory 9073 MiB.
2026-10-03T09:18:55Z INFO [968/2500] 30fa5220-f69a-470b-9b45-faffc49c2789: valid; 1.5 s; peak memory 9080 MiB.
2026-10-03T09:18:56Z INFO [969/2500] 30fa81ce-88dd-4388-b20a-528961797ebf: valid; 0.8 s; peak memory 9080 MiB.
2026-10-03T09:18:59Z INFO [970/2500] 30fa91e5-f607-445d-8746-eebfdec4604d: valid; 3.5 s; peak memory 9087 MiB.
2026-10-03T09:19:01Z INFO [971/2500] 30fb62e7-dfbe-417e-8b54-af1ca6feba3e: valid; 1.2 s; peak memory 9097 MiB.
2026-10-03T09:19:02Z INFO [972/2500] 30fbb904-b6af-48b0-bea0-07d075100eb3: valid; 1.9 s; peak memory 9114 MiB.
2026-10-03T09:19:03Z INFO [973/2500] 30fc523f-83db-41bf-923e-5386b62ca016: valid; 0.7 s; peak memory 9117 MiB.
2026-10-03T09:19:15Z INFO [974/2500] 30fc6cd2-2d8e-4e3f-a792-4dad026ced5e: valid; 11.9 s; peak memory 9306 MiB.
2026-10-03T09:19:16Z INFO [975/2500] 30fc8709-f2eb-4921-82e7-57f027d1f2b3: valid; 1.2 s; peak memory 9306 MiB.
2026-10-03T09:19:17Z INFO [976/2500] 30fc90df-000b-4230-aa98-5ff0595332a6: valid; 1.3 s; peak memory 9306 MiB.
2026-10-03T09:19:19Z INFO [977/2500] 30fd0dff-a99f-4cbc-96db-5668725dcf5b: valid; 1.4 s; peak memory 9306 MiB.
2026-10-03T09:19:28Z INFO [978/2500] 30fdc39a-6c6a-49e6-985d-07aa37782207: valid; 8.9 s; peak memory 9309 MiB.
2026-10-03T09:19:28Z INFO [979/2500] 30fe2bdd-52ca-4d31-b6bf-75ce95062999: valid; 0.6 s; peak memory 9309 MiB.
2026-10-03T09:19:30Z INFO [980/2500] 30fe97c6-7338-4b23-92f9-5834875ac57e: not valid; 1.2 s; peak memory 9309 MiB.
2026-10-03T09:19:30Z INFO [981/2500] 30fe9f05-9d4f-497b-bd0b-d312501fcc8e: valid; 0.8 s; peak memory 9309 MiB.
2026-10-03T09:19:31Z INFO [982/2500] 30feb4ef-c3eb-4228-9e53-b6c3eb58bcef: valid; 1.0 s; peak memory 9309 MiB.
2026-10-03T09:19:33Z INFO [983/2500] 30fef3ad-2fd3-4df1-b772-70f51afde401: valid; 1.5 s; peak memory 9309 MiB.
2026-10-03T09:19:54Z INFO [984/2500] 30ff30e9-042b-4648-9e19-1f1d851ce4f3: valid; 21.3 s; peak memory 9733 MiB.
2026-10-03T09:19:59Z INFO [985/2500] 30ff53c9-2905-4198-86b6-52e816eb7c37: valid; 5.2 s; peak memory 9733 MiB.
2026-10-03T09:20:01Z INFO [986/2500] 30ff6464-505a-4277-b2e1-1118d93523a8: valid; 1.2 s; peak memory 9733 MiB.
2026-10-03T09:20:02Z INFO [987/2500] 30ffb7a4-4742-4e68-9cdd-a6cb1e391be0: valid; 1.1 s; peak memory 9733 MiB.
2026-10-03T09:20:15Z INFO [988/2500] 30ffdd8d-b24e-4a41-97fe-abfd03fae23c: valid; 12.9 s; peak memory 9733 MiB.
2026-10-03T09:20:16Z INFO [989/2500] 31008dab-25e1-4b92-aefd-f8af566eb217: valid; 1.1 s; peak memory 9733 MiB.
2026-10-03T09:20:17Z INFO [990/2500] 3100c9a9-a5c2-4050-bc83-207a30cac920: valid; 1.6 s; peak memory 9733 MiB.
2026-10-03T09:20:17Z WARNING 31011aae-26fd-4bc7-9177-ff209a55fbb1: failed while retrieving asset information from the DANDI API (NotFoundError: No asset at path 'sub-ZS062/sub-ZS062_ses-behavior-ZS062-2021-04-01-17-49-36.nwb' in version 0.260928.2230. Verify the path is correct and the asset exists in this version. Use 'dandi ls' to list available assets.)
2026-10-03T09:20:19Z WARNING 31013015-0ac3-44b7-9644-4f41ca24b1e6: failed while opening the NWB file (ConstructError: (root/acquisition/_iblmic_audioSpectrogram/bands GroupBuilder {'attributes': {'colnames': array(['freq'], dtype=object), 'description': 'spectogram frequencies', 'namespace': 'core', 'neurodata_type': 'FrequencyBandsTable', 'object_id': '92321af9-bfb9-4dd6-ad36-6508d4986d67'}, 'groups': {}, 'datasets': {'freq': root/acquisition/_iblmic_audioSpectrogram/bands/freq DatasetBuilder {'attributes': {'description': 'frequency value', 'namespace': 'hdmf-common', 'neurodata_type': 'VectorData', 'object_id': 'cafe64f8-a7b4-4c74-895d-bcc02a2e6079'}, 'data': <HDF5 dataset "freq": shape (257,), type "<f4">}, 'id': root/acquisition/_iblmic_audioSpectrogram/bands/id DatasetBuilder {'attributes': {'namespace': 'hdmf-common', 'neurodata_type': 'ElementIdentifiers', 'object_id': '9bdf2fb2-e5b8-4254-b5d1-3b10d5b9e650'}, 'data': <HDF5 dataset "id": shape (257,), type "<i4">}}, 'links': {}}, "Could not construct FrequencyBandsTable object due to: column must have the same number of rows as 'id'"))
2026-10-03T09:20:21Z INFO [993/2500] 31020320-c404-4984-be5e-d2790a7152a3: valid; 1.9 s; peak memory 9733 MiB.
2026-10-03T09:20:31Z INFO [994/2500] 31020f5f-0467-4f8e-990a-d1f6fb6c1e5e: valid; 10.0 s; peak memory 9733 MiB.
2026-10-03T09:20:35Z INFO [995/2500] 31023fce-2d7d-41b4-8893-3d3d02099564: valid; 4.1 s; peak memory 9733 MiB.
2026-10-03T09:20:35Z INFO [996/2500] 3102c0de-e437-4e7a-b478-fc864949cd19: valid; 0.9 s; peak memory 9733 MiB.
2026-10-03T09:20:36Z INFO [997/2500] 3102e7cd-cb40-4486-a4de-30dbb32e3515: valid; 0.9 s; peak memory 9733 MiB.
2026-10-03T09:20:38Z INFO [998/2500] 3103eb9d-032d-4325-a4d8-610c1f1a77d1: valid; 1.8 s; peak memory 9733 MiB.
2026-10-03T09:20:39Z WARNING 31042cfc-b2b3-4e6a-9dc3-512c143956f9: failed while opening the NWB file (ValueError: Cannot resolve included group spec 'electrodes' with data_type_inc 'ElectrodesTable' because a group spec with the same name already exists with data_type_inc 'DynamicTable', and data type 'DynamicTable' is not a child type of data type 'ElectrodesTable'.)
2026-10-03T09:20:40Z INFO [1000/2500] 310475b1-21cd-4e56-bd29-78cfee2a774e: not valid; 1.1 s; peak memory 9733 MiB.
2026-10-03T09:20:41Z INFO [1000/2500] 310475b1-21cd-4e56-bd29-78cfee2a774e: checkpointed 97010 records.
2026-10-03T09:20:42Z INFO [1001/2500] 310478b9-f581-4866-a29d-d9252927a63c: not valid; 1.0 s; peak memory 9733 MiB.
2026-10-03T09:20:44Z INFO [1002/2500] 3104a3e3-b781-4d98-b432-c049c63e75af: valid; 1.6 s; peak memory 9733 MiB.
2026-10-03T09:20:45Z INFO [1003/2500] 3104f934-8a39-4c2f-a126-21bb783899dd: valid; 1.6 s; peak memory 9733 MiB.
2026-10-03T09:20:56Z INFO [1004/2500] 31056cef-6002-47a3-9307-830ef09c9c1d: valid; 10.9 s; peak memory 9772 MiB.
2026-10-03T09:20:57Z INFO [1005/2500] 3105726d-0f4c-4349-9083-3ac03c17de6a: valid; 0.7 s; peak memory 9772 MiB.
2026-10-03T09:20:58Z INFO [1006/2500] 31059d91-eab6-4cf2-b729-bab37a5e7a28: valid; 1.2 s; peak memory 9772 MiB.
2026-10-03T09:21:05Z INFO [1007/2500] 3105bce9-fab0-446b-a8d8-40964ef14a55: valid; 7.5 s; peak memory 9772 MiB.
2026-10-03T09:21:07Z INFO [1008/2500] 3106113e-9084-45fa-b027-7748830640a9: valid; 1.2 s; peak memory 9772 MiB.
2026-10-03T09:21:08Z INFO [1009/2500] 31062446-a6cb-4579-b4f9-c5e6bf667f0a: valid; 1.5 s; peak memory 9772 MiB.
2026-10-03T09:21:10Z INFO [1010/2500] 31062866-f0c6-488e-a620-e4dd710914aa: valid; 2.0 s; peak memory 9772 MiB.
2026-10-03T09:21:11Z INFO [1011/2500] 31062f66-8950-451d-876c-2662a3409311: valid; 0.8 s; peak memory 9772 MiB.
2026-10-03T09:21:12Z INFO [1012/2500] 31066cfc-78d9-4844-8b58-48d9c06625c5: valid; 1.4 s; peak memory 9772 MiB.
2026-10-03T09:21:17Z INFO [1013/2500] 31077d99-ab33-4081-8081-7897054ba44c: valid; 4.4 s; peak memory 9853 MiB.
2026-10-03T09:21:18Z INFO [1014/2500] 31078105-1a50-4874-8ad1-4a0c05e51a86: not valid; 1.6 s; peak memory 9853 MiB.
2026-10-03T09:21:19Z INFO [1015/2500] 3107bd9a-9346-4b32-8169-123f6f76ce9f: valid; 0.9 s; peak memory 9853 MiB.
2026-10-03T09:21:20Z INFO [1016/2500] 3107d64b-2a20-4381-b5bb-f1b265baa2c9: valid; 0.6 s; peak memory 9853 MiB.
2026-10-03T09:21:21Z INFO [1017/2500] 3107feb9-675b-4fb0-83e0-c53756b4dd94: not valid; 1.4 s; peak memory 9853 MiB.
2026-10-03T09:21:24Z INFO [1018/2500] 3108a2ec-7d93-4dd6-b909-e4ec1aec2c8f: valid; 2.4 s; peak memory 9853 MiB.
2026-10-03T09:21:27Z INFO [1019/2500] 31090745-ee51-4900-bda6-02d47bb1fc36: valid; 3.1 s; peak memory 9853 MiB.
2026-10-03T09:21:28Z INFO [1020/2500] 31092ca7-96a2-4549-80a1-9b358cd1735f: not valid; 0.9 s; peak memory 9853 MiB.
2026-10-03T09:21:30Z INFO [1021/2500] 3109a4b6-42d2-415e-808d-3982244b24d2: valid; 2.1 s; peak memory 9853 MiB.
2026-10-03T09:21:31Z INFO [1022/2500] 310a1431-7e0e-450a-a02c-ec2e0ce5f2a3: valid; 1.0 s; peak memory 9853 MiB.
2026-10-03T09:21:31Z INFO [1023/2500] 310a8d0d-d790-45ce-b577-97649e93da88: valid; 0.7 s; peak memory 9853 MiB.
2026-10-03T09:21:33Z INFO [1024/2500] 310b1125-fd59-45b0-bfed-bf1b9fc580a3: valid; 1.2 s; peak memory 9853 MiB.
2026-10-03T09:21:34Z INFO [1025/2500] 310b34c0-d688-479b-92da-15416f6af2de: not valid; 1.3 s; peak memory 9853 MiB.
2026-10-03T09:21:35Z INFO [1026/2500] 310b5b2d-7e74-4a99-8a84-6f690a290efb: valid; 0.7 s; peak memory 9853 MiB.
2026-10-03T09:21:37Z INFO [1027/2500] 310bc345-7677-4661-9328-bea2d7557b04: not valid; 2.1 s; peak memory 9853 MiB.
2026-10-03T09:21:38Z INFO [1028/2500] 310bcccf-8372-44fe-8b94-f6ca45e6e440: valid; 1.4 s; peak memory 9853 MiB.
2026-10-03T09:21:40Z INFO [1029/2500] 310c5a64-5690-4bbd-b257-c54a3ae8f090: valid; 1.9 s; peak memory 9853 MiB.
2026-10-03T09:21:44Z INFO [1030/2500] 310dde27-880e-4dc2-aa73-9997998b2f02: valid; 4.1 s; peak memory 9853 MiB.
2026-10-03T09:21:45Z INFO [1031/2500] 310de400-2703-461e-937d-2fa6043c04bd: valid; 1.3 s; peak memory 9853 MiB.
2026-10-03T09:21:47Z INFO [1032/2500] 310e43e2-7c2a-43a4-a4e7-99e54163ca68: valid; 1.6 s; peak memory 9853 MiB.
2026-10-03T09:21:48Z INFO [1033/2500] 310ebfa9-fae7-4446-bd78-589ada72e03f: valid; 1.0 s; peak memory 9853 MiB.
2026-10-03T09:21:54Z INFO [1034/2500] 310ed642-7a87-4b09-b224-9a5ba6f826c5: valid; 6.2 s; peak memory 9853 MiB.
2026-10-03T09:21:55Z INFO [1035/2500] 310efb19-9f03-4c8e-a066-8d08a8057efd: valid; 1.0 s; peak memory 9853 MiB.
2026-10-03T09:21:57Z INFO [1036/2500] 31108498-5eea-4726-afb8-deca26d05060: valid; 1.4 s; peak memory 9853 MiB.
2026-10-03T09:21:59Z INFO [1037/2500] 31118036-3752-4212-a567-f6b4d3ef6e8c: valid; 2.1 s; peak memory 9853 MiB.
2026-10-03T09:22:00Z INFO [1038/2500] 31118941-c3c3-4734-8586-64ae1350d71f: not valid; 1.4 s; peak memory 9853 MiB.
2026-10-03T09:22:02Z INFO [1039/2500] 31119d4b-dcb2-456a-964c-419ca4a84760: valid; 1.6 s; peak memory 9853 MiB.
2026-10-03T09:22:06Z INFO [1040/2500] 3112275c-aa51-48d8-9962-70cb51fe02cf: not valid; 3.7 s; peak memory 9853 MiB.
2026-10-03T09:22:07Z INFO [1041/2500] 31123ce2-8740-4694-bdae-1b7851097bfe: valid; 0.9 s; peak memory 9853 MiB.
2026-10-03T09:22:09Z INFO [1042/2500] 31124b62-65c1-455b-a387-c1ef4a45a08d: valid; 2.3 s; peak memory 9853 MiB.
2026-10-03T09:22:10Z INFO [1043/2500] 3112d7f1-4ce1-4b8b-8a5e-62f5026d5c8f: valid; 1.3 s; peak memory 9853 MiB.
2026-10-03T09:22:12Z INFO [1044/2500] 31133e89-4101-4eee-90e6-ecd1427c4871: valid; 1.9 s; peak memory 9853 MiB.
2026-10-03T09:22:13Z INFO [1045/2500] 31136ef8-809b-4d1f-b042-084d41e9db3e: valid; 1.2 s; peak memory 9853 MiB.
2026-10-03T09:22:36Z INFO [1046/2500] 3113958a-148a-426c-ae87-bed28c5ccd35: valid; 22.6 s; peak memory 9853 MiB.
2026-10-03T09:22:39Z INFO [1047/2500] 3113c4a0-eddb-4d18-a218-5f328f890c1a: valid; 2.8 s; peak memory 9853 MiB.
2026-10-03T09:22:41Z INFO [1048/2500] 3113d794-776b-491f-9221-e2beb8636873: valid; 2.0 s; peak memory 9853 MiB.
2026-10-03T09:22:41Z INFO [1049/2500] 3114bf1e-e131-4bde-9eea-9605f4a1f5ea: valid; 0.6 s; peak memory 9853 MiB.
2026-10-03T09:22:42Z INFO [1050/2500] 3115777e-b8b0-4173-b9da-9bd9047e580a: not valid; 1.2 s; peak memory 9853 MiB.
2026-10-03T09:22:43Z INFO [1050/2500] 3115777e-b8b0-4173-b9da-9bd9047e580a: checkpointed 97060 records.
2026-10-03T09:22:44Z INFO [1051/2500] 3115bbde-a396-4f28-91c6-9c7ae4adf989: valid; 0.9 s; peak memory 9853 MiB.
2026-10-03T09:22:50Z INFO [1052/2500] 3115e0c2-c0ec-4be8-b76f-e3d7c67eb8a8: valid; 5.8 s; peak memory 9853 MiB.
2026-10-03T09:22:51Z INFO [1053/2500] 31162e8e-35e3-440a-8228-fd836114f0b0: valid; 0.9 s; peak memory 9853 MiB.
2026-10-03T09:22:53Z INFO [1054/2500] 3116bbdb-5dff-4bc7-acd8-1f0ce471f446: valid; 2.0 s; peak memory 9853 MiB.
2026-10-03T09:22:54Z INFO [1055/2500] 3116c9e4-ea63-4bed-ac93-635448eee146: valid; 0.9 s; peak memory 9853 MiB.
2026-10-03T09:22:54Z INFO [1056/2500] 31171df3-633a-4f18-ae14-7622bd76fcb3: valid; 0.6 s; peak memory 9853 MiB.
2026-10-03T09:22:55Z INFO [1057/2500] 31177dba-b681-4731-9046-63e3245fdd46: valid; 0.9 s; peak memory 9853 MiB.
2026-10-03T09:22:56Z INFO [1058/2500] 311787d9-cb2a-44a4-b76a-78280bd798ff: valid; 0.8 s; peak memory 9853 MiB.
2026-10-03T09:22:57Z INFO [1059/2500] 31180c86-7edc-412b-89e4-030713d90300: valid; 1.4 s; peak memory 9853 MiB.
2026-10-03T09:22:58Z INFO [1060/2500] 31181d8a-ee2a-4f53-a974-8d42b23510f7: not valid; 1.0 s; peak memory 9853 MiB.
2026-10-03T09:23:00Z INFO [1061/2500] 3118cf6c-fc3e-47b2-9fcb-63a6743f63e1: valid; 1.4 s; peak memory 9853 MiB.
2026-10-03T09:23:01Z INFO [1062/2500] 31197207-8861-4218-a882-f748e28dba1a: valid; 1.2 s; peak memory 9853 MiB.
2026-10-03T09:23:02Z INFO [1063/2500] 31197e38-4ac2-4119-9136-4bbc21caeba6: not valid; 1.0 s; peak memory 9853 MiB.
2026-10-03T09:23:13Z INFO [1064/2500] 3119c7c6-cab8-4e67-b342-472f50ee375d: not valid; 10.9 s; peak memory 9853 MiB.
2026-10-03T09:23:14Z INFO [1065/2500] 3119dc6e-e782-4c6c-ad67-49de1ff18de0: not valid; 1.0 s; peak memory 9853 MiB.
2026-10-03T09:23:16Z INFO [1066/2500] 3119f413-a2ee-46bc-a477-ab1bdc347b97: valid; 2.4 s; peak memory 9853 MiB.
2026-10-03T09:23:17Z INFO [1067/2500] 311a16e9-9943-48f9-a19c-6fa99d70d9ce: not valid; 1.2 s; peak memory 9853 MiB.
2026-10-03T09:23:20Z INFO [1068/2500] 311a3e46-21ee-447d-a621-894a4a74edd2: valid; 2.4 s; peak memory 9853 MiB.
2026-10-03T09:23:20Z INFO [1069/2500] 311ab478-583f-4fb5-871a-fec80b8eb603: valid; 0.7 s; peak memory 9853 MiB.
2026-10-03T09:23:23Z INFO [1070/2500] 311b305c-245e-4af2-9f8d-17aef6bfacbf: valid; 2.6 s; peak memory 9853 MiB.
2026-10-03T09:23:23Z WARNING 311bb30d-78f8-47ff-acfb-088d81d5666c: failed while retrieving asset information from the DANDI API (NotFoundError: No such Dandiset: 000477)
2026-10-03T09:23:24Z INFO [1072/2500] 311c06d6-1fe0-4365-be09-f92b6bfb60b9: not valid; 1.1 s; peak memory 9853 MiB.
2026-10-03T09:23:25Z INFO [1073/2500] 311cb068-f92b-4699-a043-b35bda1f53f6: valid; 0.6 s; peak memory 9853 MiB.
2026-10-03T09:23:26Z INFO [1074/2500] 311e1096-7dc3-4934-b91b-0a2be8f1c9fe: not valid; 1.0 s; peak memory 9853 MiB.
2026-10-03T09:23:27Z INFO [1075/2500] 311e787a-d410-4e39-a4aa-baa39f879c96: not valid; 1.0 s; peak memory 9853 MiB.
2026-10-03T09:23:29Z INFO [1076/2500] 311e8bad-e0c8-44f8-a6ef-b7e23b1a7b8a: valid; 2.2 s; peak memory 9853 MiB.
2026-10-03T09:23:30Z INFO [1077/2500] 311f8076-1262-4edf-97d6-cf5d52e97dd6: not valid; 1.0 s; peak memory 9853 MiB.
2026-10-03T09:23:32Z INFO [1078/2500] 311fb806-6a81-4ad4-862f-509cbc68b44b: valid; 1.7 s; peak memory 9853 MiB.
2026-10-03T09:23:33Z INFO [1079/2500] 3120527f-35bd-404d-8156-15264b007819: valid; 1.2 s; peak memory 9853 MiB.
2026-10-03T09:23:34Z INFO [1080/2500] 3120a46d-afe3-4747-95e5-cf03ac1efcaf: valid; 1.1 s; peak memory 9853 MiB.
2026-10-03T09:23:36Z INFO [1081/2500] 31210438-44c8-485c-b23d-85c99ba51c41: valid; 1.6 s; peak memory 9853 MiB.
2026-10-03T09:23:37Z INFO [1082/2500] 31216a06-0086-4405-885c-21ad760848bc: not valid; 1.3 s; peak memory 9853 MiB.
2026-10-03T09:23:40Z INFO [1083/2500] 31221f7b-2dfd-4a21-a2e2-1ce99cf7cddc: valid; 2.6 s; peak memory 9853 MiB.
2026-10-03T09:23:41Z WARNING 31227e9a-052a-4280-a253-ec2d91e2b0b3: failed while opening the NWB file (ConstructError: (root/acquisition/_iblmic_audioSpectrogram/bands GroupBuilder {'attributes': {'colnames': array(['freq'], dtype=object), 'description': 'spectogram frequencies', 'namespace': 'core', 'neurodata_type': 'FrequencyBandsTable', 'object_id': 'de6781b4-31a9-40ef-bd7c-551af29e8e60'}, 'groups': {}, 'datasets': {'freq': root/acquisition/_iblmic_audioSpectrogram/bands/freq DatasetBuilder {'attributes': {'description': 'frequency value', 'namespace': 'hdmf-common', 'neurodata_type': 'VectorData', 'object_id': '8fd4fb94-d9df-47b0-b6bd-76d16a29c4e8'}, 'data': <HDF5 dataset "freq": shape (257,), type "<f4">}, 'id': root/acquisition/_iblmic_audioSpectrogram/bands/id DatasetBuilder {'attributes': {'namespace': 'hdmf-common', 'neurodata_type': 'ElementIdentifiers', 'object_id': 'c1ca3d24-e677-45a1-921c-4bcee7c36832'}, 'data': <HDF5 dataset "id": shape (257,), type "<i4">}}, 'links': {}}, "Could not construct FrequencyBandsTable object due to: column must have the same number of rows as 'id'"))
2026-10-03T09:23:42Z INFO [1085/2500] 31234530-d485-4cbe-b2c1-be8b8aecc0f8: valid; 0.8 s; peak memory 9853 MiB.
2026-10-03T09:23:43Z INFO [1086/2500] 3123a287-7e17-4446-bb13-5604e53c4b17: valid; 1.6 s; peak memory 9853 MiB.
2026-10-03T09:23:49Z INFO [1087/2500] 3123ab78-b983-48c8-8514-a81c1b1b5f2f: valid; 5.4 s; peak memory 9853 MiB.
2026-10-03T09:23:51Z INFO [1088/2500] 3123c004-5c91-4189-9cb9-71050e9ba7c4: valid; 2.0 s; peak memory 9853 MiB.
2026-10-03T09:23:52Z INFO [1089/2500] 31241243-0740-4e6d-a993-3f3ee478054b: not valid; 1.9 s; peak memory 9853 MiB.
2026-10-03T09:23:55Z INFO [1090/2500] 3124418d-5955-44fa-9eb2-5dbd8bb3eb16: valid; 2.6 s; peak memory 9853 MiB.
2026-10-03T09:23:56Z INFO [1091/2500] 3124677d-02ea-414a-8fb4-77ae931f8884: valid; 0.8 s; peak memory 9853 MiB.
2026-10-03T09:23:59Z INFO [1092/2500] 31246add-aa8b-4b50-aef1-2510dc1c9511: valid; 3.1 s; peak memory 9853 MiB.
2026-10-03T09:24:00Z INFO [1093/2500] 31248d7c-ffb8-4636-9948-4c81bfde076c: valid; 0.8 s; peak memory 9853 MiB.
2026-10-03T09:24:01Z INFO [1094/2500] 3124b85b-7e26-4022-8dd5-ac4098c449b4: valid; 0.9 s; peak memory 9853 MiB.
2026-10-03T09:24:01Z INFO [1095/2500] 31252bc0-856b-4e61-9ee3-1fe7a77dd4b9: valid; 0.7 s; peak memory 9853 MiB.
2026-10-03T09:24:03Z INFO [1096/2500] 312590cb-9968-4642-b19d-c1321445d110: valid; 1.7 s; peak memory 9853 MiB.
2026-10-03T09:24:04Z INFO [1097/2500] 31263599-d80c-4887-b54c-97de8d8d65ef: valid; 1.5 s; peak memory 9853 MiB.
2026-10-03T09:24:05Z INFO [1098/2500] 31264b98-54e1-4291-ae28-2103ab50472b: valid; 0.8 s; peak memory 9853 MiB.
2026-10-03T09:24:06Z INFO [1099/2500] 31265aa8-7e75-4cf9-87cb-2744729a1758: not valid; 1.2 s; peak memory 9853 MiB.
2026-10-03T09:24:08Z INFO [1100/2500] 31267731-94e1-465d-b7e9-e807861016c4: valid; 1.3 s; peak memory 9853 MiB.
2026-10-03T09:24:08Z INFO [1100/2500] 31267731-94e1-465d-b7e9-e807861016c4: checkpointed 97110 records.
2026-10-03T09:24:10Z INFO [1101/2500] 3126d8a8-378f-488b-b61b-b226fe2e1dcc: not valid; 1.3 s; peak memory 9853 MiB.
2026-10-03T09:24:12Z INFO [1102/2500] 3126e78e-d1eb-43a8-a0d8-1aa8c477903f: valid; 2.0 s; peak memory 9853 MiB.
2026-10-03T09:24:13Z INFO [1103/2500] 3126fd02-3a5b-411d-a65c-b01a5208a5dc: valid; 0.8 s; peak memory 9853 MiB.
2026-10-03T09:24:14Z INFO [1104/2500] 312726bd-e149-46d7-8662-dc26e666f253: valid; 1.7 s; peak memory 9853 MiB.
2026-10-03T09:24:15Z INFO [1105/2500] 312784aa-6355-48f6-8ef7-558988e4d61b: valid; 1.1 s; peak memory 9853 MiB.
2026-10-03T09:24:20Z INFO [1106/2500] 312824cf-07d3-4706-be02-8f12cad053fa: valid; 4.1 s; peak memory 9853 MiB.
2026-10-03T09:24:21Z INFO [1107/2500] 31284433-7a61-48c1-b0a7-5289459f601d: valid; 1.0 s; peak memory 9853 MiB.
2026-10-03T09:26:44Z INFO [1108/2500] 31289670-2713-4daf-9b35-bdaca32f4620: valid; 143.6 s; peak memory 9853 MiB.
2026-10-03T09:26:45Z INFO [1109/2500] 3128a124-4ccd-4320-91ce-f20d28481c4f: valid; 1.2 s; peak memory 9853 MiB.
2026-10-03T09:26:46Z INFO [1110/2500] 3128cfd8-9552-4e7a-9f63-05aa2d496a78: not valid; 1.0 s; peak memory 9853 MiB.
2026-10-03T09:26:47Z INFO [1111/2500] 3129068d-033c-46a3-9578-41f9c6fe2911: valid; 0.7 s; peak memory 9853 MiB.
2026-10-03T09:26:47Z WARNING 312912f5-f268-4b5c-bec1-19272b5b24ca: failed while retrieving asset information from the DANDI API (NotFoundError: No asset at path 'sub-8/sub-8_ses-8_ecephys+image.nwb' in version 0.230530.1822. Verify the path is correct and the asset exists in this version. Use 'dandi ls' to list available assets.)
2026-10-03T09:26:48Z INFO [1113/2500] 31295b26-a00f-4e66-940c-f5db1ed393d8: not valid; 1.1 s; peak memory 9853 MiB.
2026-10-03T09:26:49Z INFO [1114/2500] 31297c69-4ebe-4c41-b749-aaa05520ae42: valid; 1.2 s; peak memory 9853 MiB.
2026-10-03T09:27:03Z INFO [1115/2500] 312a0e06-e260-4ef3-a363-27f56aa3122d: valid; 13.4 s; peak memory 9853 MiB.
2026-10-03T09:27:06Z INFO [1116/2500] 312a523c-cdb4-4a02-9b5d-fb394c3f9fdf: not valid; 3.6 s; peak memory 9853 MiB.
2026-10-03T09:27:07Z INFO [1117/2500] 312a6740-7a59-4314-88f7-22ec9c02454a: valid; 0.9 s; peak memory 9853 MiB.
2026-10-03T09:27:08Z INFO [1118/2500] 312a8596-1338-47a5-abb1-f2762b10f569: valid; 0.9 s; peak memory 9853 MiB.
2026-10-03T09:27:17Z INFO [1119/2500] 312ad8dc-11dc-4b53-86be-051c8b575ef2: valid; 9.0 s; peak memory 9853 MiB.
2026-10-03T09:27:18Z INFO [1120/2500] 312b526c-98da-45e3-bf71-3b74c1f3ca18: valid; 1.2 s; peak memory 9853 MiB.
2026-10-03T09:27:19Z INFO [1121/2500] 312c6415-8da7-4458-908b-eac6707f44d4: valid; 0.8 s; peak memory 9853 MiB.
2026-10-03T09:27:22Z INFO [1122/2500] 312d101d-01e4-43b2-bc06-c3329175c2dd: valid; 2.9 s; peak memory 9853 MiB.
2026-10-03T09:27:24Z INFO [1123/2500] 312d6c63-8369-4cd8-a0d3-a14586c83ed8: valid; 2.0 s; peak memory 9853 MiB.
2026-10-03T09:27:25Z INFO [1124/2500] 312d9be2-368d-4e61-a714-7b336ca93545: valid; 0.8 s; peak memory 9853 MiB.
2026-10-03T09:27:26Z INFO [1125/2500] 312db348-e868-4877-a7a1-bf988156b278: valid; 1.0 s; peak memory 9853 MiB.
2026-10-03T09:27:27Z INFO [1126/2500] 312f0a31-4940-4879-b055-b8ac100ce915: not valid; 1.0 s; peak memory 9853 MiB.
2026-10-03T09:27:28Z INFO [1127/2500] 312f0cec-95bd-41fe-88d4-b541a76eaaf0: valid; 1.3 s; peak memory 9853 MiB.
2026-10-03T09:27:33Z INFO [1128/2500] 312f4e0c-e4b1-47de-8e9c-b9f26572d252: valid; 4.6 s; peak memory 9853 MiB.
2026-10-03T09:27:34Z INFO [1129/2500] 312fed39-7478-4cbc-bfe0-a8639af9ccc7: valid; 1.0 s; peak memory 9853 MiB.
2026-10-03T09:27:34Z INFO [1130/2500] 31302ced-6227-44ca-9b5b-71121fb7fdd6: valid; 0.8 s; peak memory 9853 MiB.
2026-10-03T09:27:35Z INFO [1131/2500] 3130587d-a9dd-4d37-ad01-345a73c105bd: valid; 0.6 s; peak memory 9853 MiB.
2026-10-03T09:27:36Z INFO [1132/2500] 3130aa91-3210-4b8f-a381-381c13e08953: valid; 0.9 s; peak memory 9853 MiB.
2026-10-03T09:27:37Z INFO [1133/2500] 3130e989-707b-4080-b02c-5128794258d4: valid; 1.2 s; peak memory 9853 MiB.
2026-10-03T09:27:58Z INFO [1134/2500] 31313f4c-0cac-47b7-9ca4-9a16f3b6a4cc: valid; 21.2 s; peak memory 9853 MiB.
2026-10-03T09:27:59Z INFO [1135/2500] 31316164-b68b-45c3-96ad-bec318e31e47: valid; 1.2 s; peak memory 9853 MiB.
2026-10-03T09:28:00Z INFO [1136/2500] 313165a8-75e7-4eec-af2b-32f36fe3a91c: not valid; 0.8 s; peak memory 9853 MiB.
2026-10-03T09:28:02Z INFO [1137/2500] 31322d58-4b27-4c2a-9d1f-875df06397f0: valid; 1.2 s; peak memory 9853 MiB.
2026-10-03T09:28:03Z INFO [1138/2500] 313242f1-f117-41b1-93ab-8c33b0ffa97c: valid; 1.2 s; peak memory 9853 MiB.
2026-10-03T09:28:03Z WARNING 3132a23b-d9bc-46a6-8558-dd184a5759a4: failed while retrieving asset information from the DANDI API (NotFoundError: No asset at path 'sub-440957/sub-440957_ses-20190212T153751_behavior+ecephys+ogen.nwb' in version 0.231012.2129. Verify the path is correct and the asset exists in this version. Use 'dandi ls' to list available assets.)
2026-10-03T09:28:04Z INFO [1140/2500] 3132d06f-ddf1-4c8a-9427-3db8ee1a428a: not valid; 1.2 s; peak memory 9853 MiB.
2026-10-03T09:28:06Z INFO [1141/2500] 31332fb5-fa27-4a0d-a537-e2f427fa5c2f: valid; 1.9 s; peak memory 9853 MiB.
2026-10-03T09:28:07Z WARNING 31348e8d-7230-4179-8b52-92e94b6be7e5: failed while opening the NWB file (ConstructError: (root/acquisition/_iblmic_audioSpectrogram/bands GroupBuilder {'attributes': {'colnames': array(['freq'], dtype=object), 'description': 'spectogram frequencies', 'namespace': 'core', 'neurodata_type': 'FrequencyBandsTable', 'object_id': 'ba47bb34-6838-4323-8405-fd5a5f041d55'}, 'groups': {}, 'datasets': {'freq': root/acquisition/_iblmic_audioSpectrogram/bands/freq DatasetBuilder {'attributes': {'description': 'frequency value', 'namespace': 'hdmf-common', 'neurodata_type': 'VectorData', 'object_id': 'eb4cf29a-f1ee-4041-84d7-51ce91f48db2'}, 'data': <HDF5 dataset "freq": shape (257,), type "<f4">}, 'id': root/acquisition/_iblmic_audioSpectrogram/bands/id DatasetBuilder {'attributes': {'namespace': 'hdmf-common', 'neurodata_type': 'ElementIdentifiers', 'object_id': '3909634a-8791-4459-a250-0916643955c9'}, 'data': <HDF5 dataset "id": shape (257,), type "<i4">}}, 'links': {}}, "Could not construct FrequencyBandsTable object due to: column must have the same number of rows as 'id'"))
2026-10-03T09:28:08Z INFO [1143/2500] 3134dd86-18a7-4942-96f5-d9157937a92c: not valid; 0.8 s; peak memory 9853 MiB.
2026-10-03T09:28:09Z INFO [1144/2500] 31355e8a-895f-4e6e-8a21-d0a5463682d0: valid; 0.8 s; peak memory 9853 MiB.
2026-10-03T09:28:12Z INFO [1145/2500] 31361d82-80e6-4af4-885c-1509f073a2bc: valid; 2.8 s; peak memory 9853 MiB.
2026-10-03T09:28:17Z INFO [1146/2500] 31364926-180e-4bf1-835b-d584c286072f: valid; 5.7 s; peak memory 9853 MiB.
2026-10-03T09:28:19Z INFO [1147/2500] 31365ffb-6961-44de-9543-c8d708b4f002: not valid; 1.3 s; peak memory 9853 MiB.
2026-10-03T09:28:20Z INFO [1148/2500] 31377a44-0b44-4950-b195-0d5dbaab429f: valid; 1.7 s; peak memory 9853 MiB.
2026-10-03T09:28:22Z INFO [1149/2500] 3138b6dd-e0dd-46d2-aa6b-155416183a36: valid; 1.3 s; peak memory 9853 MiB.
2026-10-03T09:28:23Z INFO [1150/2500] 31390e0b-e8d1-4875-a779-a846e2b6ba09: valid; 1.2 s; peak memory 9853 MiB.
2026-10-03T09:28:24Z INFO [1150/2500] 31390e0b-e8d1-4875-a779-a846e2b6ba09: checkpointed 97160 records.
2026-10-03T09:28:27Z INFO [1151/2500] 313939b4-f0d7-4057-91b2-6eb19692568e: valid; 3.1 s; peak memory 9853 MiB.
2026-10-03T09:28:29Z INFO [1152/2500] 313941f9-86c5-4985-aa00-c2d8db2812c6: not valid; 2.6 s; peak memory 9853 MiB.
2026-10-03T09:28:30Z INFO [1153/2500] 313a02da-7b22-4c01-96ae-2bb8cbef8b3a: not valid; 1.2 s; peak memory 9853 MiB.
2026-10-03T09:28:31Z WARNING 313a58b0-fba3-4844-8974-4c5bf3f17fec: failed while retrieving asset information from the DANDI API (NotFoundError: No asset at path 'sub-healthy-simulated-lfp/sub-healthy-simulated-lfp_ses-5077_ecephys.nwb' in version 0.250327.2220. Verify the path is correct and the asset exists in this version. Use 'dandi ls' to list available assets.)
2026-10-03T09:28:31Z INFO [1155/2500] 313ae03a-321a-4c89-af3a-4a49e88fc031: not valid; 0.6 s; peak memory 9853 MiB.
2026-10-03T09:28:32Z INFO [1156/2500] 313b117e-4349-419c-a998-b69a863a5ea8: valid; 0.6 s; peak memory 9853 MiB.
2026-10-03T09:28:33Z INFO [1157/2500] 313b2ab2-bcb2-4cca-9e2a-8e7debe40d36: valid; 1.1 s; peak memory 9853 MiB.
2026-10-03T09:28:34Z INFO [1158/2500] 313c454c-6a0c-41de-be38-6ff9e74fe883: not valid; 1.2 s; peak memory 9853 MiB.
2026-10-03T09:28:35Z INFO [1159/2500] 313c8008-7222-41a7-af7d-6695592dcebe: not valid; 1.0 s; peak memory 9853 MiB.
2026-10-03T09:28:36Z INFO [1160/2500] 313d2834-9318-4deb-830b-ef2eae7577cf: valid; 1.0 s; peak memory 9853 MiB.
2026-10-03T09:28:37Z INFO [1161/2500] 313d7755-e55a-43d7-a3e7-108b7aeda971: not valid; 0.6 s; peak memory 9853 MiB.
2026-10-03T09:28:38Z INFO [1162/2500] 313e96d1-7e40-4ee5-bacb-250568bb2ea1: valid; 1.1 s; peak memory 9853 MiB.
2026-10-03T09:28:40Z INFO [1163/2500] 313ec340-ec4e-4519-9372-94b3aff45e5a: valid; 2.0 s; peak memory 9853 MiB.
2026-10-03T09:28:42Z INFO [1164/2500] 313f12f9-32f1-4b62-af75-e3b42e1bf8df: not valid; 1.7 s; peak memory 9853 MiB.
2026-10-03T09:28:42Z INFO [1165/2500] 314061ef-bfdf-4d4f-b68b-5b0669d084e1: valid; 0.8 s; peak memory 9853 MiB.
2026-10-03T09:28:43Z INFO [1166/2500] 3140f905-1245-49cf-9961-07a9b37a9c7b: valid; 0.9 s; peak memory 9853 MiB.
2026-10-03T09:28:44Z INFO [1167/2500] 31412801-4a78-41b8-aae2-ed4f5aa85658: valid; 1.2 s; peak memory 9853 MiB.
2026-10-03T09:28:47Z INFO [1168/2500] 31425db0-a8c6-4508-aab2-fb86f4232dda: valid; 2.1 s; peak memory 9853 MiB.
2026-10-03T09:28:48Z INFO [1169/2500] 3142d6f2-ec14-4983-b58f-a39c0eca8a43: not valid; 0.9 s; peak memory 9853 MiB.
2026-10-03T09:28:49Z INFO [1170/2500] 314346fe-739c-4748-80b5-6e7f75480e17: valid; 1.3 s; peak memory 9853 MiB.
2026-10-03T09:28:54Z INFO [1171/2500] 31436ab6-3025-4979-828f-7df6d1185c32: valid; 5.1 s; peak memory 9853 MiB.
2026-10-03T09:28:55Z INFO [1172/2500] 3143970b-6481-4713-9476-54aa4901558d: valid; 1.0 s; peak memory 9853 MiB.
2026-10-03T09:28:56Z INFO [1173/2500] 3143cd1f-8292-4768-baf8-46b91ba67f92: not valid; 1.0 s; peak memory 9853 MiB.
2026-10-03T09:28:57Z WARNING 3143ce70-fc5b-4ba8-b7ed-bcd9226aeead: failed while opening the NWB file (ConstructError: (root/acquisition/_iblmic_audioSpectrogram/bands GroupBuilder {'attributes': {'colnames': array(['freq'], dtype=object), 'description': 'spectogram frequencies', 'namespace': 'core', 'neurodata_type': 'FrequencyBandsTable', 'object_id': '2066082f-47cf-4af9-8bba-af977a3aaf75'}, 'groups': {}, 'datasets': {'freq': root/acquisition/_iblmic_audioSpectrogram/bands/freq DatasetBuilder {'attributes': {'description': 'frequency value', 'namespace': 'hdmf-common', 'neurodata_type': 'VectorData', 'object_id': '182649ff-edb6-40db-9fe5-d761806fd86d'}, 'data': <HDF5 dataset "freq": shape (257,), type "<f4">}, 'id': root/acquisition/_iblmic_audioSpectrogram/bands/id DatasetBuilder {'attributes': {'namespace': 'hdmf-common', 'neurodata_type': 'ElementIdentifiers', 'object_id': 'a37738e0-6077-4389-a8e6-58cbae18a6cd'}, 'data': <HDF5 dataset "id": shape (257,), type "<i4">}}, 'links': {}}, "Could not construct FrequencyBandsTable object due to: column must have the same number of rows as 'id'"))
2026-10-03T09:28:59Z INFO [1175/2500] 314437f7-73f9-49c8-956b-213f65e20816: valid; 1.6 s; peak memory 9853 MiB.
2026-10-03T09:29:07Z INFO [1176/2500] 3144d621-de91-4c4f-b14c-d90985e85427: valid; 8.8 s; peak memory 9853 MiB.
2026-10-03T09:29:08Z INFO [1177/2500] 3144e62b-5132-47d6-8705-7fa1c680a780: not valid; 1.0 s; peak memory 9853 MiB.
2026-10-03T09:29:10Z INFO [1178/2500] 3144faf1-ebc5-4132-bc90-1db683a19590: valid; 1.8 s; peak memory 9853 MiB.
2026-10-03T09:29:12Z INFO [1179/2500] 31459b76-dbe1-452a-8642-3d44abcecbc4: valid; 1.6 s; peak memory 9853 MiB.
2026-10-03T09:29:13Z INFO [1180/2500] 3145faba-daaf-4fc2-8c35-0b721dd15345: valid; 0.8 s; peak memory 9853 MiB.
2026-10-03T09:29:14Z INFO [1181/2500] 31461b03-26d9-4bad-ad45-48f343c9de5a: not valid; 1.2 s; peak memory 9853 MiB.
2026-10-03T09:29:21Z INFO [1182/2500] 314623f5-b3b9-41c9-af3a-93e3b5e318b5: valid; 7.7 s; peak memory 9853 MiB.
2026-10-03T09:29:23Z INFO [1183/2500] 31469b11-611c-4ba4-8f78-a6090b36015d: not valid; 1.5 s; peak memory 9853 MiB.
2026-10-03T09:29:27Z INFO [1184/2500] 3146c965-0def-40c4-b32c-32d11d02e46f: valid; 4.4 s; peak memory 9853 MiB.
2026-10-03T09:29:28Z INFO [1185/2500] 3147b6ca-81e4-455a-8add-62d57f9cef19: not valid; 1.1 s; peak memory 9853 MiB.
2026-10-03T09:29:31Z INFO [1186/2500] 3147f9b2-9388-43d2-a57f-8d560eb5cb03: not valid; 2.7 s; peak memory 9853 MiB.
2026-10-03T09:29:32Z INFO [1187/2500] 31482323-1c42-4b71-9ad6-84788d61f35f: valid; 0.9 s; peak memory 9853 MiB.
2026-10-03T09:29:33Z INFO [1188/2500] 31482dd6-7d87-4533-a45c-1fe5859754d8: valid; 1.5 s; peak memory 9853 MiB.
2026-10-03T09:29:36Z INFO [1189/2500] 314855f1-98bf-423f-be8f-b3c80712dfc4: valid; 2.5 s; peak memory 9853 MiB.
2026-10-03T09:29:37Z INFO [1190/2500] 3148b3de-4287-4d82-826c-01329b1d082e: valid; 0.9 s; peak memory 9853 MiB.
2026-10-03T09:29:44Z INFO [1191/2500] 3148c98f-414d-4e68-b7a3-9fc800964af7: valid; 7.7 s; peak memory 9853 MiB.
2026-10-03T09:29:46Z INFO [1192/2500] 3149e2e3-87dc-41ff-9756-c0b7e169fc85: valid; 1.4 s; peak memory 9853 MiB.
2026-10-03T09:30:03Z INFO [1193/2500] 314a36ce-20c6-44b1-9a76-76ffe5455c1d: not valid; 17.3 s; peak memory 9853 MiB.
2026-10-03T09:30:04Z INFO [1194/2500] 314a5476-eb07-4b44-8243-ecffcb50ae30: not valid; 1.1 s; peak memory 9853 MiB.
2026-10-03T09:30:05Z INFO [1195/2500] 314aaece-3975-4986-9997-8780de3f00ff: valid; 1.1 s; peak memory 9853 MiB.
2026-10-03T09:30:09Z INFO [1196/2500] 314ab146-78b6-4d83-8278-9800210eafdd: valid; 4.0 s; peak memory 9853 MiB.
2026-10-03T09:30:10Z INFO [1197/2500] 314ab196-7d42-41f7-8a7d-51d68bef30b8: valid; 0.8 s; peak memory 9853 MiB.
2026-10-03T09:30:11Z INFO [1198/2500] 314ab307-16c4-417a-b311-47c543552b33: valid; 0.9 s; peak memory 9853 MiB.
2026-10-03T09:30:12Z INFO [1199/2500] 314abf90-d7c2-463f-9f37-468ffbc1d080: valid; 1.0 s; peak memory 9853 MiB.
2026-10-03T09:30:13Z WARNING 314b5ee2-0466-436d-ae36-6ff7ac273f9d: failed while opening the NWB file (ValueError: Cannot resolve included group spec 'electrodes' with data_type_inc 'ElectrodesTable' because a group spec with the same name already exists with data_type_inc 'DynamicTable', and data type 'DynamicTable' is not a child type of data type 'ElectrodesTable'.)
2026-10-03T09:30:14Z INFO [1200/2500] 314b5ee2-0466-436d-ae36-6ff7ac273f9d: checkpointed 97210 records.
2026-10-03T09:30:36Z INFO [1201/2500] 314c4958-703d-431c-8255-a12864a5de2e: not valid; 21.8 s; peak memory 9853 MiB.
2026-10-03T09:30:37Z INFO [1202/2500] 314c9192-00d8-4085-853a-67587c27a651: not valid; 0.8 s; peak memory 9853 MiB.
2026-10-03T09:30:38Z INFO [1203/2500] 314c920c-194e-4f54-8b02-17eef9515a95: valid; 1.5 s; peak memory 9853 MiB.
2026-10-03T09:30:40Z INFO [1204/2500] 314c974b-ea1e-4a8c-b981-848ff830f8ff: valid; 1.8 s; peak memory 9853 MiB.
2026-10-03T09:30:41Z INFO [1205/2500] 314cb03f-8f2f-4eab-9d5c-e69c51852289: valid; 0.6 s; peak memory 9853 MiB.
2026-10-03T09:30:42Z INFO [1206/2500] 314cf8c7-92ed-4d1e-b38b-3462f585aaf7: valid; 1.4 s; peak memory 9853 MiB.
2026-10-03T09:30:43Z INFO [1207/2500] 314cf92d-0839-4e61-baa1-934300a33f00: valid; 0.9 s; peak memory 9853 MiB.
2026-10-03T09:30:44Z INFO [1208/2500] 314d620c-9377-4518-abce-e17deac184af: valid; 1.3 s; peak memory 9853 MiB.
2026-10-03T09:30:46Z INFO [1209/2500] 314dbc2e-5968-41d5-bd25-fc3373d57e31: valid; 2.2 s; peak memory 9853 MiB.
2026-10-03T09:30:47Z INFO [1210/2500] 314ded9f-b3c1-416a-b34f-56f7e64453b6: valid; 1.1 s; peak memory 9853 MiB.
2026-10-03T09:30:48Z INFO [1211/2500] 314e1ccd-5114-4bd2-a80f-1ae741ff5fc3: valid; 0.8 s; peak memory 9853 MiB.
2026-10-03T09:30:49Z INFO [1212/2500] 314eff6a-23aa-4ba3-b807-345760cf6a04: valid; 0.8 s; peak memory 9853 MiB.
2026-10-03T09:30:50Z INFO [1213/2500] 314f253f-558a-4259-a9eb-cf81040e5157: valid; 0.7 s; peak memory 9853 MiB.
2026-10-03T09:30:52Z INFO [1214/2500] 314f2736-5d99-4beb-a063-9a44f8cdf4c4: valid; 1.9 s; peak memory 9853 MiB.
2026-10-03T09:30:52Z INFO [1215/2500] 3150abfd-d2b4-4a96-8cf9-a174fbb02be3: valid; 0.8 s; peak memory 9853 MiB.
2026-10-03T09:30:53Z INFO [1216/2500] 315130b5-051e-4d25-9983-a68b4bc27220: valid; 0.8 s; peak memory 9853 MiB.
2026-10-03T09:30:53Z WARNING 31518f37-f5ad-41f6-a54a-d10e03cb4704: failed while retrieving asset information from the DANDI API (NotFoundError: No asset at path 'sub-parkinson-simulated-beta/sub-parkinson-simulated-beta_ses-7921_ecephys.nwb' in version 0.250327.2220. Verify the path is correct and the asset exists in this version. Use 'dandi ls' to list available assets.)
2026-10-03T09:30:54Z INFO [1218/2500] 3151a5f8-7a8a-48f4-ba1f-73a662887924: valid; 0.9 s; peak memory 9853 MiB.
2026-10-03T09:30:55Z INFO [1219/2500] 31523a43-757c-4f50-8fe3-4d2891513846: valid; 0.7 s; peak memory 9853 MiB.
2026-10-03T09:30:56Z INFO [1220/2500] 31526164-2fc3-4f6b-9085-0138b4c0fd67: valid; 0.8 s; peak memory 9853 MiB.
2026-10-03T09:30:57Z INFO [1221/2500] 31529fe5-4b34-438e-acda-e5f133142d10: valid; 0.9 s; peak memory 9853 MiB.
2026-10-03T09:30:58Z INFO [1222/2500] 31532a33-8449-4014-af29-9b763ef7f88a: valid; 1.0 s; peak memory 9853 MiB.
2026-10-03T09:31:02Z INFO [1223/2500] 31533409-40dd-4d48-9f5f-e8d403be0b53: valid; 3.9 s; peak memory 9853 MiB.
2026-10-03T09:31:02Z INFO [1224/2500] 3153916b-72ee-4a02-a792-d592e21575c8: not valid; 0.8 s; peak memory 9853 MiB.
2026-10-03T09:31:02Z WARNING 3153f125-b808-44eb-aeb9-3a4ee3167210: failed while retrieving asset information from the DANDI API (NotFoundError: No asset at path 'sub-1/sub-1_ses-1_ecephys+image.nwb' in version 0.230530.1822. Verify the path is correct and the asset exists in this version. Use 'dandi ls' to list available assets.)
2026-10-03T09:31:03Z INFO [1226/2500] 31548595-b5ef-45c1-bf1b-52e381319bd1: not valid; 0.9 s; peak memory 9853 MiB.
2026-10-03T09:31:05Z INFO [1227/2500] 3154ed0c-5f6f-4fd8-98b8-b26374d446f9: not valid; 1.8 s; peak memory 9853 MiB.
2026-10-03T09:31:08Z INFO [1228/2500] 315546b3-1c71-46ef-8b45-2862a2d97dc0: not valid; 2.7 s; peak memory 9853 MiB.
2026-10-03T09:31:13Z INFO [1229/2500] 31565260-7bb5-4c34-9fd9-9e4ebab6aed3: valid; 5.0 s; peak memory 9853 MiB.
2026-10-03T09:31:14Z INFO [1230/2500] 3156a589-0590-4a0b-a30b-685d9926d28a: valid; 0.9 s; peak memory 9853 MiB.
2026-10-03T09:31:16Z INFO [1231/2500] 31572ecd-0715-453c-955b-8d2e38ccb300: valid; 2.0 s; peak memory 9853 MiB.
2026-10-03T09:31:17Z WARNING 3157308e-cba4-42d1-92b3-63de4dc4f5a0: failed while opening the NWB file (ConstructError: (root/acquisition/_iblmic_audioSpectrogram/bands GroupBuilder {'attributes': {'colnames': array(['freq'], dtype=object), 'description': 'spectogram frequencies', 'namespace': 'core', 'neurodata_type': 'FrequencyBandsTable', 'object_id': '6be60fcf-e0a2-4cf5-ac53-2cf70b5c4cfb'}, 'groups': {}, 'datasets': {'freq': root/acquisition/_iblmic_audioSpectrogram/bands/freq DatasetBuilder {'attributes': {'description': 'frequency value', 'namespace': 'hdmf-common', 'neurodata_type': 'VectorData', 'object_id': '29d2c6be-8885-4dba-adda-abbadd70aadf'}, 'data': <HDF5 dataset "freq": shape (257,), type "<f4">}, 'id': root/acquisition/_iblmic_audioSpectrogram/bands/id DatasetBuilder {'attributes': {'namespace': 'hdmf-common', 'neurodata_type': 'ElementIdentifiers', 'object_id': '8225ff8f-2390-4141-819b-fff952e343cf'}, 'data': <HDF5 dataset "id": shape (257,), type "<i4">}}, 'links': {}}, "Could not construct FrequencyBandsTable object due to: column must have the same number of rows as 'id'"))
2026-10-03T09:31:19Z INFO [1233/2500] 315813f4-3a5b-46de-a192-5e631ed52f8d: valid; 1.8 s; peak memory 9853 MiB.
2026-10-03T09:31:20Z INFO [1234/2500] 3158f855-1718-4407-909a-8f45b4a60723: valid; 1.5 s; peak memory 9853 MiB.
2026-10-03T09:31:25Z INFO [1235/2500] 3158fc2a-aa1f-4b6b-8349-2d8fee1d3d42: valid; 5.1 s; peak memory 9853 MiB.
2026-10-03T09:31:27Z INFO [1236/2500] 315a2909-9d4a-4a6c-b349-4ed9dd1245ab: not valid; 2.0 s; peak memory 9853 MiB.
2026-10-03T09:31:28Z INFO [1237/2500] 315a8b0b-2062-4ae6-ba77-05d33ff27e9b: valid; 1.2 s; peak memory 9853 MiB.
2026-10-03T09:31:31Z INFO [1238/2500] 315ab0ae-0a69-4bd4-a78a-909159c3920e: not valid; 2.5 s; peak memory 9853 MiB.
2026-10-03T09:31:32Z INFO [1239/2500] 315abd17-b666-4549-8f48-d57f6a936d35: valid; 1.0 s; peak memory 9853 MiB.
2026-10-03T09:31:33Z INFO [1240/2500] 315b18d8-4241-426e-9f85-fa06b32ce145: not valid; 1.0 s; peak memory 9853 MiB.
2026-10-03T09:31:34Z INFO [1241/2500] 315b6eb8-5666-4970-8413-b8bed8be04d1: valid; 1.2 s; peak memory 9853 MiB.
2026-10-03T09:31:36Z INFO [1242/2500] 315bd841-b68e-44bf-810d-ffc9476f9833: valid; 1.7 s; peak memory 9853 MiB.
2026-10-03T09:31:39Z INFO [1243/2500] 315d21a6-6865-4cb1-aad5-f423fec13320: not valid; 3.4 s; peak memory 9853 MiB.
2026-10-03T09:31:40Z INFO [1244/2500] 315d24e6-d058-490c-856a-f4961868a431: not valid; 1.1 s; peak memory 9853 MiB.
2026-10-03T09:31:44Z INFO [1245/2500] 315e2978-33bc-4a12-8019-279abbe16e36: valid; 4.2 s; peak memory 9853 MiB.
2026-10-03T09:31:46Z INFO [1246/2500] 315e3b51-d2be-4f05-a13e-865d4b07cd0f: valid; 1.2 s; peak memory 9853 MiB.
2026-10-03T09:31:46Z INFO [1247/2500] 315e9eac-6e8b-4455-b4ba-772e2a424a58: valid; 0.8 s; peak memory 9853 MiB.
2026-10-03T09:31:47Z INFO [1248/2500] 315f9de5-e3fb-4a16-94ef-99b506e6c7a7: valid; 0.8 s; peak memory 9853 MiB.
2026-10-03T09:31:49Z INFO [1249/2500] 315fa920-8a1e-4ca2-959c-da6ce9e4f35a: valid; 1.7 s; peak memory 9853 MiB.
2026-10-03T09:31:50Z INFO [1250/2500] 3160e5fe-96a9-4181-a503-8378493a122f: not valid; 1.2 s; peak memory 9853 MiB.
2026-10-03T09:31:51Z INFO [1250/2500] 3160e5fe-96a9-4181-a503-8378493a122f: checkpointed 97260 records.
2026-10-03T09:31:52Z INFO [1251/2500] 3160ee57-e818-426b-afa3-bc80ba440de6: not valid; 1.2 s; peak memory 9853 MiB.
2026-10-03T09:31:53Z INFO [1252/2500] 3161b5df-185a-42c3-ba2c-fdec4ec5acb2: valid; 0.8 s; peak memory 9853 MiB.
2026-10-03T09:31:56Z INFO [1253/2500] 3161d1ba-7d08-4151-bf2f-b5cdf15d569c: valid; 2.7 s; peak memory 9853 MiB.
2026-10-03T09:31:57Z INFO [1254/2500] 31620b46-44da-4cf3-8d83-7f28f4148612: not valid; 0.9 s; peak memory 9853 MiB.
2026-10-03T09:31:58Z INFO [1255/2500] 316231ac-bda4-48f8-ab15-0e580e200fe8: valid; 0.9 s; peak memory 9853 MiB.
2026-10-03T09:32:00Z INFO [1256/2500] 31624876-d105-4d52-8eff-f935b6ba80fb: valid; 2.3 s; peak memory 9853 MiB.
2026-10-03T09:32:01Z WARNING 3162c17e-6fce-4ea7-b072-b8ab9fc89fd1: failed while opening the NWB file (ConstructError: (root/acquisition/event_code_meanings GroupBuilder {'attributes': {'colnames': array(['value', 'meaning'], dtype=object), 'description': 'Mapping integer event codes to event labels', 'namespace': 'ndx-events', 'neurodata_type': 'MeaningsTable', 'object_id': '09ec1efd-aeee-4994-891c-6cdeeb7920ea'}, 'groups': {}, 'datasets': {'id': root/acquisition/event_code_meanings/id DatasetBuilder {'attributes': {'namespace': 'hdmf-common', 'neurodata_type': 'ElementIdentifiers', 'object_id': '97e2780a-86cb-4060-8a69-ee9231cd462b'}, 'data': <HDF5 dataset "id": shape (26,), type "<i8">}, 'meaning': root/acquisition/event_code_meanings/meaning DatasetBuilder {'attributes': {'description': 'The meaning of the value in the parent CategoricalVectorData object.', 'namespace': 'hdmf-experimental', 'neurodata_type': 'VectorData', 'object_id': 'fda78e5b-718f-49c9-a5bf-390b4bc6e1e2'}, 'data': <StrDataset for HDF5 dataset "meaning": shape (26,), type "|O">}, 'value': root/acquisition/event_code_meanings/value DatasetBuilder {'attributes': {'description': 'The value of the parent CategoricalVectorData object.', 'namespace': 'hdmf-experimental', 'neurodata_type': 'VectorData', 'object_id': 'adbdcdc1-d636-4d6d-8784-1aabf4e4ea82'}, 'data': <HDF5 dataset "value": shape (26,), type "<i8">}}, 'links': {}}, "Could not construct MeaningsTable object due to: MeaningsTable.__init__: missing argument 'target'"))
2026-10-03T09:32:02Z INFO [1258/2500] 3162e139-8249-46ea-98a9-06de862d55ff: valid; 1.0 s; peak memory 9853 MiB.
2026-10-03T09:32:03Z INFO [1259/2500] 31635895-1214-467d-8ad6-ececcd43e83f: valid; 0.9 s; peak memory 9853 MiB.
2026-10-03T09:32:04Z INFO [1260/2500] 31638056-68eb-406a-ad52-ceae92b71f42: valid; 1.2 s; peak memory 9853 MiB.
2026-10-03T09:32:05Z INFO [1261/2500] 31639d62-e854-4b69-ab8a-03110fd997fd: not valid; 1.2 s; peak memory 9853 MiB.
2026-10-03T09:32:07Z INFO [1262/2500] 31642d94-6927-4217-86f4-d63c917f277a: valid; 1.6 s; peak memory 9853 MiB.
2026-10-03T09:32:10Z INFO [1263/2500] 3164a1a4-3e95-4776-a027-0713523f9267: not valid; 3.0 s; peak memory 9853 MiB.
2026-10-03T09:32:11Z INFO [1264/2500] 3165bd4c-b2e5-4591-b3ef-70fc1d6c56d5: not valid; 1.0 s; peak memory 9853 MiB.
2026-10-03T09:32:12Z INFO [1265/2500] 3165beb0-3df6-4366-bd2c-4122b8aea9df: valid; 1.1 s; peak memory 9853 MiB.
2026-10-03T09:32:13Z INFO [1266/2500] 3165f55a-3296-4712-aa7f-cd7e367e0b9c: valid; 1.2 s; peak memory 9853 MiB.
2026-10-03T09:32:16Z INFO [1267/2500] 31664a46-1c1e-439b-950e-57573ccde466: valid; 3.1 s; peak memory 9853 MiB.
2026-10-03T09:32:17Z INFO [1268/2500] 3166b9c3-77ab-4143-ae21-f9cb5d7f0174: valid; 1.3 s; peak memory 9853 MiB.
2026-10-03T09:32:20Z INFO [1269/2500] 316755a7-70b0-4a8d-b55b-1b42cf296bbc: not valid; 2.3 s; peak memory 9853 MiB.
2026-10-03T09:32:21Z INFO [1270/2500] 3167c264-96af-4a67-b7e9-b2009ea08dde: not valid; 1.8 s; peak memory 9853 MiB.
2026-10-03T09:32:22Z INFO [1271/2500] 3167f3cb-8e48-497a-a3aa-d5d463dc02d6: valid; 0.8 s; peak memory 9853 MiB.
2026-10-03T09:32:23Z INFO [1272/2500] 31689f54-9719-40e6-b543-1f5c634e8b99: valid; 1.1 s; peak memory 9853 MiB.
2026-10-03T09:32:25Z INFO [1273/2500] 3168bde3-627a-413c-a9e5-9ddbe599c2ce: valid; 1.2 s; peak memory 9853 MiB.
2026-10-03T09:32:26Z INFO [1274/2500] 31691cb2-e1e0-46ae-a8bd-2f115a1e9fe7: valid; 1.5 s; peak memory 9853 MiB.
2026-10-03T09:32:27Z INFO [1275/2500] 3169f987-b73a-4978-b08c-d5c1354c3f91: valid; 0.8 s; peak memory 9853 MiB.
2026-10-03T09:32:28Z WARNING 316a1483-4f5f-405d-84d1-8683bd37a26f: failed while opening the NWB file (ConstructError: (root/acquisition/_iblmic_audioSpectrogram/bands GroupBuilder {'attributes': {'colnames': array(['freq'], dtype=object), 'description': 'spectogram frequencies', 'namespace': 'core', 'neurodata_type': 'FrequencyBandsTable', 'object_id': '8da68c0e-c585-42ce-ba6b-b289791e86e6'}, 'groups': {}, 'datasets': {'freq': root/acquisition/_iblmic_audioSpectrogram/bands/freq DatasetBuilder {'attributes': {'description': 'frequency value', 'namespace': 'hdmf-common', 'neurodata_type': 'VectorData', 'object_id': '0ed3b4a6-20b4-4c4e-a09d-78a1b75cb8e8'}, 'data': <HDF5 dataset "freq": shape (257,), type "<f4">}, 'id': root/acquisition/_iblmic_audioSpectrogram/bands/id DatasetBuilder {'attributes': {'namespace': 'hdmf-common', 'neurodata_type': 'ElementIdentifiers', 'object_id': '47215f68-d895-4412-8d89-1e01b35c2f3d'}, 'data': <HDF5 dataset "id": shape (257,), type "<i4">}}, 'links': {}}, "Could not construct FrequencyBandsTable object due to: column must have the same number of rows as 'id'"))
2026-10-03T09:32:29Z INFO [1277/2500] 316a3a43-5d6e-405b-b9fa-382412196933: valid; 1.1 s; peak memory 9853 MiB.
2026-10-03T09:32:30Z INFO [1278/2500] 316a77ac-a4aa-4a17-b32c-ca5ac6a42968: valid; 1.1 s; peak memory 9853 MiB.
2026-10-03T09:32:32Z INFO [1279/2500] 316aef23-75eb-45ec-997e-e4f0f123c048: valid; 1.7 s; peak memory 9853 MiB.
2026-10-03T09:32:33Z INFO [1280/2500] 316b21bb-cd11-4875-a6fa-f720c0205393: valid; 1.1 s; peak memory 9853 MiB.
2026-10-03T09:32:34Z INFO [1281/2500] 316b343c-070c-4778-b915-63d2f73e1181: not valid; 0.9 s; peak memory 9853 MiB.
2026-10-03T09:32:35Z INFO [1282/2500] 316c06e2-06d1-43d9-abdb-582b77be0540: valid; 1.1 s; peak memory 9853 MiB.
2026-10-03T09:32:36Z INFO [1283/2500] 316d02b9-86e1-412b-8f98-e3db53e4f8d1: valid; 0.7 s; peak memory 9853 MiB.
2026-10-03T09:32:37Z INFO [1284/2500] 316d27e8-e095-459f-a596-ebd685689155: valid; 1.1 s; peak memory 9853 MiB.
2026-10-03T09:32:38Z WARNING 316d437a-ba4c-45b1-8061-15d27a0f7339: failed while opening the NWB file (ConstructError: (root/acquisition/_iblmic_audioSpectrogram/bands GroupBuilder {'attributes': {'colnames': array(['freq'], dtype=object), 'description': 'spectogram frequencies', 'namespace': 'core', 'neurodata_type': 'FrequencyBandsTable', 'object_id': '9d3bbdba-6d1e-4ff4-837b-ba87e03493f4'}, 'groups': {}, 'datasets': {'freq': root/acquisition/_iblmic_audioSpectrogram/bands/freq DatasetBuilder {'attributes': {'description': 'frequency value', 'namespace': 'hdmf-common', 'neurodata_type': 'VectorData', 'object_id': '60c72f70-8b57-47b1-a36d-d25ae7286787'}, 'data': <HDF5 dataset "freq": shape (257,), type "<f4">}, 'id': root/acquisition/_iblmic_audioSpectrogram/bands/id DatasetBuilder {'attributes': {'namespace': 'hdmf-common', 'neurodata_type': 'ElementIdentifiers', 'object_id': '9a69d2c2-89f2-4885-9408-5ab5c89cd371'}, 'data': <HDF5 dataset "id": shape (257,), type "<i4">}}, 'links': {}}, "Could not construct FrequencyBandsTable object due to: column must have the same number of rows as 'id'"))
2026-10-03T09:32:39Z INFO [1286/2500] 316dd593-927b-4329-95c6-f30468a30b64: valid; 0.8 s; peak memory 9853 MiB.
2026-10-03T09:32:40Z INFO [1287/2500] 316ec728-da93-4458-9698-f309407c6efe: valid; 0.8 s; peak memory 9853 MiB.
2026-10-03T09:32:42Z INFO [1288/2500] 316ed6a0-d3fa-4c6f-8e11-9ac58dad78ff: valid; 1.8 s; peak memory 9853 MiB.
2026-10-03T09:32:42Z INFO [1289/2500] 316edb07-ca55-42f9-a191-5d4a3cedc300: valid; 0.6 s; peak memory 9853 MiB.
2026-10-03T09:32:51Z INFO [1290/2500] 316f0635-ef39-4a50-8680-82e836496e9d: valid; 8.7 s; peak memory 9853 MiB.
2026-10-03T09:32:52Z INFO [1291/2500] 316f462e-e538-4fbd-83bb-d51ea2f388c4: valid; 1.3 s; peak memory 9853 MiB.
2026-10-03T09:32:55Z INFO [1292/2500] 316f56fe-0595-4aa8-8069-0a7f85f4e1c7: valid; 2.8 s; peak memory 9853 MiB.
2026-10-03T09:32:56Z INFO [1293/2500] 316fccf3-9a02-46ba-81da-fe19720b4665: valid; 1.1 s; peak memory 9853 MiB.
2026-10-03T09:32:59Z INFO [1294/2500] 316fd618-e891-4fe7-a3a4-8c5c90f78b44: valid; 3.2 s; peak memory 9853 MiB.
2026-10-03T09:32:59Z WARNING 3170080b-9428-4734-b105-569081e8d084: failed while retrieving asset information from the DANDI API (NotFoundError: No asset at path 'sub-ZS059/sub-ZS059_ses-behavior-ZS059-2021-04-14-14-51-04.nwb' in version 0.260928.2230. Verify the path is correct and the asset exists in this version. Use 'dandi ls' to list available assets.)
2026-10-03T09:33:00Z INFO [1296/2500] 31707276-d193-4fc8-9e22-51266597d96d: not valid; 1.0 s; peak memory 9853 MiB.
2026-10-03T09:33:01Z INFO [1297/2500] 3170c7a5-8ad1-49d7-8a07-1fbb8000ab38: not valid; 0.7 s; peak memory 9853 MiB.
2026-10-03T09:33:02Z INFO [1298/2500] 3170eecd-7ab5-47a0-839a-cceb2efb4e30: not valid; 0.9 s; peak memory 9853 MiB.
2026-10-03T09:33:04Z INFO [1299/2500] 317127e2-743c-4446-b54f-8a014ee83a7c: not valid; 1.8 s; peak memory 9853 MiB.
2026-10-03T09:33:05Z INFO [1300/2500] 31717c79-32f1-4fbf-a261-c9c959df7c45: valid; 0.9 s; peak memory 9853 MiB.
2026-10-03T09:33:05Z INFO [1300/2500] 31717c79-32f1-4fbf-a261-c9c959df7c45: checkpointed 97310 records.
2026-10-03T09:33:06Z INFO [1301/2500] 31732620-c96e-446a-9ef5-317e8ba3e7d3: not valid; 1.0 s; peak memory 9853 MiB.
2026-10-03T09:33:08Z INFO [1302/2500] 317475db-4164-4167-b900-9b14abdb9596: valid; 1.8 s; peak memory 9853 MiB.
2026-10-03T09:33:09Z INFO [1303/2500] 317487c1-9dd4-44fb-8781-9724d36fde0a: valid; 1.1 s; peak memory 9853 MiB.
2026-10-03T09:33:10Z INFO [1304/2500] 31752acc-c4c2-4e6e-9ffc-bf6a2a267bdd: valid; 0.9 s; peak memory 9853 MiB.
2026-10-03T09:33:11Z INFO [1305/2500] 31755374-e8da-4644-b180-f961a7be7d25: valid; 1.3 s; peak memory 9853 MiB.
2026-10-03T09:33:12Z INFO [1306/2500] 31757351-0498-43ab-96a1-9597b88ea00c: valid; 0.8 s; peak memory 9853 MiB.
2026-10-03T09:33:14Z INFO [1307/2500] 3175b4e8-cf19-44c6-a470-952d548aa8d1: valid; 1.3 s; peak memory 9853 MiB.
2026-10-03T09:33:14Z INFO [1308/2500] 31762cf4-142b-4929-9a0d-a09cdb1d6502: valid; 0.8 s; peak memory 9853 MiB.
2026-10-03T09:33:15Z INFO [1309/2500] 31764286-0c8e-48e3-8352-8e933cbc988d: valid; 0.9 s; peak memory 9853 MiB.
2026-10-03T09:33:15Z WARNING 31765a79-1ce4-4e70-8b1b-49740899fd10: failed while retrieving asset information from the DANDI API (NotFoundError: No asset at path 'sub-699472/sub-699472_ses-behavior-699472-2024-01-09-13-30-56.nwb' in version 0.260928.2230. Verify the path is correct and the asset exists in this version. Use 'dandi ls' to list available assets.)
2026-10-03T09:33:16Z INFO [1311/2500] 31767fa0-066a-4488-8be2-3b46175bd2c6: not valid; 1.1 s; peak memory 9853 MiB.
2026-10-03T09:33:17Z INFO [1312/2500] 31771ea1-4ea8-4b2f-9104-ae05720273ac: valid; 0.8 s; peak memory 9853 MiB.
2026-10-03T09:33:18Z INFO [1313/2500] 31774842-9be6-469b-ba7d-27fbd464b3fc: valid; 0.8 s; peak memory 9853 MiB.
2026-10-03T09:33:20Z INFO [1314/2500] 317765fb-f028-4b0b-8f8d-73c5ec10b503: valid; 1.6 s; peak memory 9853 MiB.
2026-10-03T09:33:20Z INFO [1315/2500] 31776ecc-0873-4385-8769-72f7b9e81a06: valid; 0.7 s; peak memory 9853 MiB.
2026-10-03T09:33:21Z INFO [1316/2500] 3177ba53-75a6-4036-ba4a-780ce19d5222: valid; 0.7 s; peak memory 9853 MiB.
2026-10-03T09:33:22Z INFO [1317/2500] 317807c0-e6ba-46d8-956c-732f3616e062: valid; 0.8 s; peak memory 9853 MiB.
2026-10-03T09:33:25Z INFO [1318/2500] 31783ad1-d255-4ddb-8c4d-9d8b64542b42: not valid; 3.0 s; peak memory 9853 MiB.
2026-10-03T09:33:28Z INFO [1319/2500] 3178e136-66b3-4089-abb9-791b6afdd979: valid; 3.3 s; peak memory 9853 MiB.
2026-10-03T09:33:29Z INFO [1320/2500] 3179026a-5243-4fce-a941-bed7f554bd6d: valid; 0.9 s; peak memory 9853 MiB.
2026-10-03T09:33:31Z INFO [1321/2500] 317a27fa-1985-4ab8-86b3-167d8a7c186c: valid; 1.5 s; peak memory 9853 MiB.
2026-10-03T09:33:32Z INFO [1322/2500] 317acf76-f8b3-499d-84a9-8a1081bb9dfe: valid; 1.5 s; peak memory 9853 MiB.
2026-10-03T09:33:33Z INFO [1323/2500] 317b0d8b-586c-4601-93ec-e4f27b96f3e2: valid; 0.9 s; peak memory 9853 MiB.
2026-10-03T09:33:40Z INFO [1324/2500] 317b59a4-91cc-47e7-8f9a-cf8fad743b09: valid; 6.6 s; peak memory 9853 MiB.
2026-10-03T09:33:44Z INFO [1325/2500] 317b606b-3994-4edb-8290-4b0eeaa7da57: valid; 4.5 s; peak memory 9853 MiB.
2026-10-03T09:33:45Z INFO [1326/2500] 317b6cc2-ce10-4c5e-b557-a09fbad0d1e0: valid; 0.9 s; peak memory 9853 MiB.
2026-10-03T09:33:46Z INFO [1327/2500] 317ba07f-43c4-4925-8c95-c478cede79c2: valid; 1.1 s; peak memory 9853 MiB.
2026-10-03T09:33:58Z INFO [1328/2500] 317ba649-2ed5-46de-b4fc-81c7883ce00d: not valid; 12.2 s; peak memory 9853 MiB.
2026-10-03T09:34:00Z INFO [1329/2500] 317bae5b-b3a1-460a-9400-0afb4c319ebc: valid; 1.6 s; peak memory 9853 MiB.
2026-10-03T09:34:01Z WARNING 317bc303-b3ce-434c-b1c4-7077da2c24d5: failed while opening the NWB file (ConstructError: (root/acquisition/event_code_meanings GroupBuilder {'attributes': {'colnames': array(['value', 'meaning'], dtype=object), 'description': 'Mapping integer event codes to event labels', 'namespace': 'ndx-events', 'neurodata_type': 'MeaningsTable', 'object_id': '8aa8fb16-47ab-4930-ae62-82d242f93b33'}, 'groups': {}, 'datasets': {'id': root/acquisition/event_code_meanings/id DatasetBuilder {'attributes': {'namespace': 'hdmf-common', 'neurodata_type': 'ElementIdentifiers', 'object_id': 'cb9b1e44-de82-43f2-a7d0-9a0af6b4ebce'}, 'data': <HDF5 dataset "id": shape (26,), type "<i8">}, 'meaning': root/acquisition/event_code_meanings/meaning DatasetBuilder {'attributes': {'description': 'The meaning of the value in the parent CategoricalVectorData object.', 'namespace': 'hdmf-experimental', 'neurodata_type': 'VectorData', 'object_id': 'b4497dee-1934-43aa-9e0c-fc3357934d9f'}, 'data': <StrDataset for HDF5 dataset "meaning": shape (26,), type "|O">}, 'value': root/acquisition/event_code_meanings/value DatasetBuilder {'attributes': {'description': 'The value of the parent CategoricalVectorData object.', 'namespace': 'hdmf-experimental', 'neurodata_type': 'VectorData', 'object_id': 'ba150663-60cb-434f-a17f-50d100babed2'}, 'data': <HDF5 dataset "value": shape (26,), type "<i8">}}, 'links': {}}, "Could not construct MeaningsTable object due to: MeaningsTable.__init__: missing argument 'target'"))
2026-10-03T09:34:02Z INFO [1331/2500] 317c060a-398b-4ee5-b6d4-4dea17e614c8: not valid; 1.3 s; peak memory 9853 MiB.
2026-10-03T09:34:03Z INFO [1332/2500] 317c080c-5142-4397-95e6-7c165cf6b14f: valid; 0.7 s; peak memory 9853 MiB.
2026-10-03T09:34:04Z INFO [1333/2500] 317c1935-6a63-4488-8a62-a98aa9c6d507: valid; 1.6 s; peak memory 9853 MiB.
2026-10-03T09:34:06Z INFO [1334/2500] 317cc576-1e78-4461-a6f1-a2f272794d5f: valid; 1.3 s; peak memory 9853 MiB.
2026-10-03T09:34:07Z WARNING 317d4195-0375-41d7-a436-63d99003ae47: failed while opening the NWB file (ConstructError: (root/acquisition/_iblmic_audioSpectrogram/bands GroupBuilder {'attributes': {'colnames': array(['freq'], dtype=object), 'description': 'spectogram frequencies', 'namespace': 'core', 'neurodata_type': 'FrequencyBandsTable', 'object_id': '3d7f56cd-5328-4bbd-a3b1-02c1f775df5e'}, 'groups': {}, 'datasets': {'freq': root/acquisition/_iblmic_audioSpectrogram/bands/freq DatasetBuilder {'attributes': {'description': 'frequency value', 'namespace': 'hdmf-common', 'neurodata_type': 'VectorData', 'object_id': '1ec9a721-c5c8-4cc9-a96c-12de10ed32be'}, 'data': <HDF5 dataset "freq": shape (257,), type "<f4">}, 'id': root/acquisition/_iblmic_audioSpectrogram/bands/id DatasetBuilder {'attributes': {'namespace': 'hdmf-common', 'neurodata_type': 'ElementIdentifiers', 'object_id': 'd7e654bb-ae88-4a62-a7ab-aa6d95f9b319'}, 'data': <HDF5 dataset "id": shape (257,), type "<i4">}}, 'links': {}}, "Could not construct FrequencyBandsTable object due to: column must have the same number of rows as 'id'"))
2026-10-03T09:34:07Z WARNING 317d6752-05ac-4b02-b8b2-674fad725b7a: failed while retrieving asset information from the DANDI API (NotFoundError: No such Dandiset: 000948)
2026-10-03T09:34:08Z INFO [1337/2500] 317ddd08-f99a-4d00-bae3-892eff078dd8: valid; 1.1 s; peak memory 9853 MiB.
2026-10-03T09:34:09Z INFO [1338/2500] 317e28b5-9428-4a0d-9f39-8585df648cb5: valid; 1.3 s; peak memory 9853 MiB.
2026-10-03T09:34:10Z INFO [1339/2500] 317e8500-0675-42ba-bb88-4a9615b4d546: valid; 0.8 s; peak memory 9853 MiB.
2026-10-03T09:34:12Z INFO [1340/2500] 317ebc3a-bd0f-4130-87d9-e5699502b3ac: valid; 1.4 s; peak memory 9853 MiB.
2026-10-03T09:34:13Z INFO [1341/2500] 317f5e07-52fd-49aa-aeec-f21ce127acea: valid; 1.5 s; peak memory 9853 MiB.
2026-10-03T09:34:24Z INFO [1342/2500] 317fbef2-26c2-429c-9009-4c0e3bb0834a: valid; 10.8 s; peak memory 9853 MiB.
2026-10-03T09:34:25Z INFO [1343/2500] 317fc6b3-5bd9-4d73-830a-f744e36f0e51: not valid; 1.4 s; peak memory 9853 MiB.
2026-10-03T09:34:26Z INFO [1344/2500] 31804a10-0ec4-44fa-a6d5-55ee8c5569d1: valid; 0.7 s; peak memory 9853 MiB.
2026-10-03T09:34:27Z INFO [1345/2500] 3180510c-2193-4636-882a-8e9df8ed1ebf: valid; 0.7 s; peak memory 9853 MiB.
2026-10-03T09:34:27Z INFO [1346/2500] 3180667c-53d0-441f-b0e9-122c2087353b: valid; 0.8 s; peak memory 9853 MiB.
2026-10-03T09:34:29Z INFO [1347/2500] 31810997-b0fa-41a3-bb0f-e5ab32f9e916: valid; 1.5 s; peak memory 9853 MiB.
2026-10-03T09:34:30Z INFO [1348/2500] 31814abe-0c91-43d5-acf4-0f8b3e939d67: valid; 1.1 s; peak memory 9853 MiB.
2026-10-03T09:34:41Z INFO [1349/2500] 31814cef-acd7-4aa9-a9e4-b4ce6926c90f: valid; 10.7 s; peak memory 9853 MiB.
2026-10-03T09:34:43Z INFO [1350/2500] 31818d0e-1dc4-4add-b8a5-279eb2ae4359: valid; 1.9 s; peak memory 9853 MiB.
2026-10-03T09:34:43Z INFO [1350/2500] 31818d0e-1dc4-4add-b8a5-279eb2ae4359: checkpointed 97360 records.
2026-10-03T09:34:45Z INFO [1351/2500] 3181eeef-9392-4306-be56-a0a772ef1803: valid; 1.6 s; peak memory 9853 MiB.
2026-10-03T09:34:47Z INFO [1352/2500] 3182259c-bf9e-499f-af62-fc1533ba3cab: valid; 1.9 s; peak memory 9853 MiB.
2026-10-03T09:34:48Z INFO [1353/2500] 3182c229-8d90-4c40-b68b-7a2fa059e1a8: valid; 1.2 s; peak memory 9853 MiB.
2026-10-03T09:34:50Z INFO [1354/2500] 31830330-25d9-410b-9340-a13ae68049b2: valid; 1.8 s; peak memory 9853 MiB.
2026-10-03T09:34:51Z INFO [1355/2500] 31840310-c826-48be-bd5e-4908c3935946: valid; 1.3 s; peak memory 9853 MiB.
2026-10-03T09:34:52Z INFO [1356/2500] 31840e70-7871-49f1-967b-1fb290540e4b: valid; 1.1 s; peak memory 9853 MiB.
2026-10-03T09:34:53Z INFO [1357/2500] 318415e4-9515-4667-bc8c-38c57a3a93c0: valid; 1.1 s; peak memory 9853 MiB.
2026-10-03T09:34:56Z INFO [1358/2500] 31842ac9-8164-4371-bd90-2a8485448238: not valid; 2.6 s; peak memory 9853 MiB.
2026-10-03T09:34:57Z INFO [1359/2500] 318435f9-4a3a-41aa-8b8d-e9774374e210: valid; 1.1 s; peak memory 9853 MiB.
2026-10-03T09:34:58Z INFO [1360/2500] 31844e29-9502-469a-8c49-bb7a63253c7f: valid; 0.6 s; peak memory 9853 MiB.
2026-10-03T09:34:59Z INFO [1361/2500] 3184dabc-22d9-440d-a79f-b3f838580c61: valid; 1.2 s; peak memory 9853 MiB.
2026-10-03T09:35:01Z INFO [1362/2500] 318531b8-0240-4624-bf2d-281b29496c6d: valid; 1.7 s; peak memory 9853 MiB.
2026-10-03T09:35:02Z INFO [1363/2500] 31854735-d604-4586-893f-21389d8b5a7e: valid; 1.5 s; peak memory 9853 MiB.
2026-10-03T09:35:03Z INFO [1364/2500] 3185655e-c408-433d-843c-b8ad49d85464: valid; 1.0 s; peak memory 9853 MiB.
2026-10-03T09:35:05Z INFO [1365/2500] 318631e4-45c7-4821-8eda-b10097344285: valid; 1.4 s; peak memory 9853 MiB.
2026-10-03T09:35:11Z INFO [1366/2500] 3186c42b-e5b1-4fbe-8298-bdeee700ae7c: valid; 6.9 s; peak memory 9853 MiB.
2026-10-03T09:35:11Z WARNING 3186d496-ca4e-4554-9956-4f3b78a2653f: failed while retrieving asset information from the DANDI API (NotFoundError: No asset at path 'sub-parkinson-simulated-lfp/sub-parkinson-simulated-lfp_ses-7400_ecephys.nwb' in version 0.250327.2220. Verify the path is correct and the asset exists in this version. Use 'dandi ls' to list available assets.)
2026-10-03T09:35:13Z INFO [1368/2500] 3186e1cf-5e23-423b-aa46-b3d01df66187: valid; 1.1 s; peak memory 9853 MiB.
2026-10-03T09:35:14Z INFO [1369/2500] 31877438-376e-48eb-b313-1c139ea14d81: valid; 1.2 s; peak memory 9853 MiB.
2026-10-03T09:35:19Z INFO [1370/2500] 31878e4b-aca1-4088-8f2f-3e1507f07331: valid; 4.7 s; peak memory 9853 MiB.
2026-10-03T09:35:19Z INFO [1371/2500] 3187da12-b1ed-4d14-a65f-fe47e68503e2: valid; 0.6 s; peak memory 9853 MiB.
2026-10-03T09:35:20Z INFO [1372/2500] 31880196-2054-49fe-a71a-de4957528677: valid; 1.3 s; peak memory 9853 MiB.
2026-10-03T09:35:22Z INFO [1373/2500] 31882782-b874-4557-82f0-1e9b9abeff18: not valid; 1.1 s; peak memory 9853 MiB.
2026-10-03T09:35:23Z INFO [1374/2500] 31890e69-0ed5-4edd-91f4-19cd7f78e3ba: valid; 1.7 s; peak memory 9853 MiB.
2026-10-03T09:35:24Z INFO [1375/2500] 31892fd8-0ac1-47a2-b6bd-c868aa8109c3: valid; 1.2 s; peak memory 9853 MiB.
2026-10-03T09:35:25Z INFO [1376/2500] 31898aca-a048-4376-ab69-04f6ddd6cbba: valid; 1.0 s; peak memory 9853 MiB.
2026-10-03T09:35:26Z INFO [1377/2500] 3189c48d-61e8-4c29-a752-3a70b2903418: valid; 0.8 s; peak memory 9853 MiB.
2026-10-03T09:35:28Z INFO [1378/2500] 318a6686-189c-4ada-94ff-416be9326923: valid; 1.5 s; peak memory 9853 MiB.
2026-10-03T09:35:30Z INFO [1379/2500] 318b2058-9352-48e3-9b5a-da692607213b: not valid; 2.1 s; peak memory 9853 MiB.
2026-10-03T09:35:31Z INFO [1380/2500] 318b2731-3b14-4d4a-889b-d12831f4e52d: valid; 1.3 s; peak memory 9853 MiB.
2026-10-03T09:35:38Z INFO [1381/2500] 318b377b-821f-4b26-a828-bc9e00d40538: valid; 6.9 s; peak memory 9853 MiB.
2026-10-03T09:35:40Z INFO [1382/2500] 318b48e0-70d5-4442-81e3-9155b8efe468: valid; 2.0 s; peak memory 9853 MiB.
2026-10-03T09:35:41Z INFO [1383/2500] 318be094-d183-41ba-afef-217831e369c4: valid; 0.8 s; peak memory 9853 MiB.
2026-10-03T09:35:42Z INFO [1384/2500] 318cb42f-80a2-4e8e-af3c-a0b49aba6414: valid; 1.0 s; peak memory 9853 MiB.
2026-10-03T09:35:43Z INFO [1385/2500] 318cdfd3-774e-4036-83d9-957efed60e9b: valid; 0.8 s; peak memory 9853 MiB.
2026-10-03T09:35:44Z INFO [1386/2500] 318d09d7-75f8-4ed0-bc74-e0e2da228b0f: valid; 1.7 s; peak memory 9853 MiB.
2026-10-03T09:35:46Z INFO [1387/2500] 318d541f-03fc-4a37-831e-aa7a15004d01: not valid; 1.9 s; peak memory 9853 MiB.
2026-10-03T09:35:47Z INFO [1388/2500] 318d64de-9a98-491a-af2f-46386981a434: not valid; 0.9 s; peak memory 9853 MiB.
2026-10-03T09:35:48Z INFO [1389/2500] 318dbfca-2ad9-42e8-a26b-d4012c4e77db: valid; 0.8 s; peak memory 9853 MiB.
2026-10-03T09:35:48Z INFO [1390/2500] 318e9e5b-01e2-4d0b-9566-95179a51150c: valid; 0.6 s; peak memory 9853 MiB.
2026-10-03T09:35:50Z WARNING 318f2399-9c21-4939-8c2a-e4e326861ff8: failed while opening the NWB file (ConstructError: (root/acquisition/event_code_meanings GroupBuilder {'attributes': {'colnames': array(['value', 'meaning'], dtype=object), 'description': 'Mapping integer event codes to event labels', 'namespace': 'ndx-events', 'neurodata_type': 'MeaningsTable', 'object_id': '05dd76f3-11c9-4f67-a6e1-3fda1e90fe9f'}, 'groups': {}, 'datasets': {'id': root/acquisition/event_code_meanings/id DatasetBuilder {'attributes': {'namespace': 'hdmf-common', 'neurodata_type': 'ElementIdentifiers', 'object_id': '3940feb1-9823-46a3-ba3d-6cd4414a7529'}, 'data': <HDF5 dataset "id": shape (26,), type "<i8">}, 'meaning': root/acquisition/event_code_meanings/meaning DatasetBuilder {'attributes': {'description': 'The meaning of the value in the parent CategoricalVectorData object.', 'namespace': 'hdmf-experimental', 'neurodata_type': 'VectorData', 'object_id': 'ef87968e-b13b-478c-91d8-73a7cf76153e'}, 'data': <StrDataset for HDF5 dataset "meaning": shape (26,), type "|O">}, 'value': root/acquisition/event_code_meanings/value DatasetBuilder {'attributes': {'description': 'The value of the parent CategoricalVectorData object.', 'namespace': 'hdmf-experimental', 'neurodata_type': 'VectorData', 'object_id': '55949d7c-7029-4fd9-b5a5-34e51c45632e'}, 'data': <HDF5 dataset "value": shape (26,), type "<i8">}}, 'links': {}}, "Could not construct MeaningsTable object due to: MeaningsTable.__init__: missing argument 'target'"))
2026-10-03T09:35:51Z INFO [1392/2500] 318f5569-2bde-4a21-adce-e00ac8b06e8d: valid; 1.2 s; peak memory 9853 MiB.
2026-10-03T09:36:01Z INFO [1393/2500] 3190ed37-ab3b-4b22-9e0b-ae6543259d4c: valid; 10.3 s; peak memory 9853 MiB.
2026-10-03T09:36:02Z INFO [1394/2500] 31915b62-35c7-426d-a2c4-edf72ce24f36: not valid; 1.2 s; peak memory 9853 MiB.
2026-10-03T09:36:03Z INFO [1395/2500] 319164e9-e673-4bcf-ba98-55d1ad5045f6: valid; 0.8 s; peak memory 9853 MiB.
2026-10-03T09:36:05Z INFO [1396/2500] 31917639-3a7a-4c34-b683-7ef008e72027: valid; 1.5 s; peak memory 9853 MiB.
2026-10-03T09:36:06Z INFO [1397/2500] 319239ee-8adf-42fc-a7ef-38348e65465e: valid; 1.1 s; peak memory 9853 MiB.
2026-10-03T09:36:07Z INFO [1398/2500] 31927c84-6fe8-452e-9feb-ab77010c6245: not valid; 0.9 s; peak memory 9853 MiB.
2026-10-03T09:36:15Z INFO [1399/2500] 319294b1-8dc0-4833-99ea-b3580aba810a: valid; 8.6 s; peak memory 9853 MiB.
2026-10-03T09:36:17Z INFO [1400/2500] 31944207-c6f4-4257-8453-b3266588c782: valid; 1.4 s; peak memory 9853 MiB.
2026-10-03T09:36:17Z INFO [1400/2500] 31944207-c6f4-4257-8453-b3266588c782: checkpointed 97410 records.
2026-10-03T09:36:23Z INFO [1401/2500] 31951714-059f-4952-a60e-3b9933e3fba8: not valid; 5.3 s; peak memory 9853 MiB.
2026-10-03T09:36:24Z INFO [1402/2500] 31952ab4-bbbe-451f-a9a9-abed655745f2: not valid; 0.8 s; peak memory 9853 MiB.
2026-10-03T09:36:26Z INFO [1403/2500] 3196ad42-61b2-405a-bd23-78a2cf0a6575: valid; 2.1 s; peak memory 9853 MiB.
2026-10-03T09:36:27Z INFO [1404/2500] 3196ef52-32b9-44c2-8fcb-e58e0ca27674: not valid; 1.0 s; peak memory 9853 MiB.
2026-10-03T09:36:28Z WARNING 31972e40-5c73-4cfe-b29f-72aca7e92c3b: failed while opening the NWB file (ConstructError: (root/acquisition/_iblmic_audioSpectrogram/bands GroupBuilder {'attributes': {'colnames': array(['freq'], dtype=object), 'description': 'spectogram frequencies', 'namespace': 'core', 'neurodata_type': 'FrequencyBandsTable', 'object_id': '5bd7e2f6-5d3b-4b88-9c56-0ef80eef9e80'}, 'groups': {}, 'datasets': {'freq': root/acquisition/_iblmic_audioSpectrogram/bands/freq DatasetBuilder {'attributes': {'description': 'frequency value', 'namespace': 'hdmf-common', 'neurodata_type': 'VectorData', 'object_id': '699b8545-596a-467c-b0e9-ca1944f33e40'}, 'data': <HDF5 dataset "freq": shape (257,), type "<f4">}, 'id': root/acquisition/_iblmic_audioSpectrogram/bands/id DatasetBuilder {'attributes': {'namespace': 'hdmf-common', 'neurodata_type': 'ElementIdentifiers', 'object_id': '91e6940a-6956-44da-9a58-813ea723fdf3'}, 'data': <HDF5 dataset "id": shape (257,), type "<i4">}}, 'links': {}}, "Could not construct FrequencyBandsTable object due to: column must have the same number of rows as 'id'"))
2026-10-03T09:36:29Z INFO [1406/2500] 319777b7-f602-474d-b22c-76df5ccbf17a: not valid; 1.3 s; peak memory 9853 MiB.
2026-10-03T09:36:30Z INFO [1407/2500] 3197ad7f-508a-43d5-a3f5-165ae3040e55: valid; 0.8 s; peak memory 9853 MiB.
2026-10-03T09:36:31Z INFO [1408/2500] 3197e917-6a54-4458-8314-8667322a131c: valid; 1.0 s; peak memory 9853 MiB.
2026-10-03T09:36:32Z INFO [1409/2500] 319834ab-8340-4280-871b-845abebabb78: valid; 0.7 s; peak memory 9853 MiB.
2026-10-03T09:36:33Z INFO [1410/2500] 3198986d-bc25-4c97-aa00-e726b9a054e9: not valid; 1.1 s; peak memory 9853 MiB.
2026-10-03T09:36:36Z INFO [1411/2500] 3198da90-381b-4f86-8d71-f08c7f4f0fe4: valid; 3.0 s; peak memory 9853 MiB.
2026-10-03T09:36:36Z INFO [1412/2500] 3198e4c5-4948-41c2-b4c8-5d4eb5fcda51: valid; 0.6 s; peak memory 9853 MiB.
2026-10-03T09:36:38Z INFO [1413/2500] 3199286b-c2f7-4d48-b2bd-e61a1f58c1ad: valid; 2.0 s; peak memory 9853 MiB.
2026-10-03T09:36:39Z INFO [1414/2500] 3199aec9-96d7-4956-a022-2fe7b62750b3: valid; 0.9 s; peak memory 9853 MiB.
2026-10-03T09:36:40Z INFO [1415/2500] 3199b5c1-2e40-43c3-a042-8475a832989e: not valid; 1.2 s; peak memory 9853 MiB.
2026-10-03T09:36:42Z INFO [1416/2500] 319a193c-e4a8-453d-b06a-a24885cee0f8: valid; 1.8 s; peak memory 9853 MiB.
2026-10-03T09:36:42Z WARNING 319a6d63-cdb0-4a30-9e5e-072ecbc293fe: failed while retrieving asset information from the DANDI API (NotFoundError: No asset at path 'sub-440959/sub-440959_ses-20190221T140717_behavior+ecephys+ogen.nwb' in version 0.231012.2129. Verify the path is correct and the asset exists in this version. Use 'dandi ls' to list available assets.)
2026-10-03T09:36:43Z INFO [1418/2500] 319ad91f-4f79-4c77-bca5-48b5cfbf9815: valid; 1.1 s; peak memory 9853 MiB.
2026-10-03T09:36:44Z INFO [1419/2500] 319b3cb0-3826-420a-8c7f-cba0ff7783b5: valid; 0.8 s; peak memory 9853 MiB.
2026-10-03T09:36:45Z INFO [1420/2500] 319b435a-ea3f-4786-9142-6b7266e01551: valid; 0.7 s; peak memory 9853 MiB.
2026-10-03T09:36:46Z INFO [1421/2500] 319be360-6c85-42d4-add8-260850e74f18: not valid; 0.8 s; peak memory 9853 MiB.
2026-10-03T09:36:47Z INFO [1422/2500] 319c54ab-674a-475c-a261-9f91cc1702c8: valid; 1.7 s; peak memory 9853 MiB.
2026-10-03T09:36:48Z INFO [1423/2500] 319c9a82-0d62-4496-877b-eaa830272376: valid; 0.9 s; peak memory 9853 MiB.
2026-10-03T09:36:50Z INFO [1424/2500] 319cc8f4-84aa-4372-838e-d53a5b9743ac: valid; 1.5 s; peak memory 9853 MiB.
2026-10-03T09:36:50Z INFO [1425/2500] 319cdecd-d131-4ef1-ab0f-ed0804842584: valid; 0.6 s; peak memory 9853 MiB.
2026-10-03T09:36:51Z WARNING 319cfd56-c71e-4ecc-ba55-2a2775ced805: failed while opening the NWB file (ConstructError: (root/acquisition/_iblmic_audioSpectrogram/bands GroupBuilder {'attributes': {'colnames': array(['freq'], dtype=object), 'description': 'spectogram frequencies', 'namespace': 'core', 'neurodata_type': 'FrequencyBandsTable', 'object_id': '5487eaf8-9d47-4b03-9432-b40fb3b88809'}, 'groups': {}, 'datasets': {'freq': root/acquisition/_iblmic_audioSpectrogram/bands/freq DatasetBuilder {'attributes': {'description': 'frequency value', 'namespace': 'hdmf-common', 'neurodata_type': 'VectorData', 'object_id': 'fcb8d877-d2ff-4efb-8533-7f933f465fb8'}, 'data': <HDF5 dataset "freq": shape (257,), type "<f4">}, 'id': root/acquisition/_iblmic_audioSpectrogram/bands/id DatasetBuilder {'attributes': {'namespace': 'hdmf-common', 'neurodata_type': 'ElementIdentifiers', 'object_id': '917c8510-d8f1-4757-98dc-bd972bcc5a0f'}, 'data': <HDF5 dataset "id": shape (257,), type "<i4">}}, 'links': {}}, "Could not construct FrequencyBandsTable object due to: column must have the same number of rows as 'id'"))
2026-10-03T09:36:54Z INFO [1427/2500] 319d22c8-6c6e-41bb-9bf9-9c6773d2b2ad: valid; 2.6 s; peak memory 9853 MiB.
2026-10-03T09:36:55Z INFO [1428/2500] 319d555f-b380-4869-b325-08850a730c75: not valid; 1.0 s; peak memory 9853 MiB.
2026-10-03T09:37:00Z INFO [1429/2500] 319e37f0-005e-4115-a8bb-b2d802074f7b: valid; 5.2 s; peak memory 9853 MiB.
2026-10-03T09:37:01Z INFO [1430/2500] 319e4509-8346-40fa-ab6d-14caf6e1e095: valid; 1.2 s; peak memory 9853 MiB.
2026-10-03T09:37:03Z INFO [1431/2500] 319e7a66-b8f7-41c5-b596-b202201dc1cd: not valid; 1.1 s; peak memory 9853 MiB.
2026-10-03T09:37:03Z INFO [1432/2500] 319f5fe9-0a09-4cb2-9664-a91b556183b3: valid; 0.7 s; peak memory 9853 MiB.
2026-10-03T09:37:12Z INFO [1433/2500] 319fcb93-7308-47c9-913b-c9aa71b9ce4f: valid; 9.1 s; peak memory 9853 MiB.
2026-10-03T09:37:23Z INFO [1434/2500] 31a05e05-48b4-4889-a8b3-8dffcdc8ef89: valid; 10.9 s; peak memory 9853 MiB.
2026-10-03T09:37:25Z INFO [1435/2500] 31a0e735-9c54-4900-9788-973f0dc3079c: valid; 1.6 s; peak memory 9853 MiB.
2026-10-03T09:37:26Z INFO [1436/2500] 31a10efd-199f-44ca-a727-d166750e13c1: valid; 0.7 s; peak memory 9853 MiB.
2026-10-03T09:37:27Z INFO [1437/2500] 31a158d9-11b3-4d55-be8c-9b96e45b3ae3: valid; 1.3 s; peak memory 9853 MiB.
2026-10-03T09:37:27Z WARNING 31a1ca14-8a0c-4af4-a3ab-e4d9f48685a0: failed while retrieving asset information from the DANDI API (NotFoundError: No such Dandiset: 000477)
2026-10-03T09:37:28Z INFO [1439/2500] 31a22080-cf82-48bf-bf3d-4550c08455cf: not valid; 1.0 s; peak memory 9853 MiB.
2026-10-03T09:37:31Z INFO [1440/2500] 31a268c1-9779-4419-a40e-d41b3394ddce: valid; 2.9 s; peak memory 9853 MiB.
2026-10-03T09:37:32Z INFO [1441/2500] 31a279d5-62f1-4341-bd9e-417ccfe66344: valid; 1.0 s; peak memory 9853 MiB.
2026-10-03T09:37:33Z INFO [1442/2500] 31a2e629-f2bd-4889-a3af-68b959ada69b: not valid; 1.1 s; peak memory 9853 MiB.
2026-10-03T09:37:40Z INFO [1443/2500] 31a311c9-5556-477f-bf64-5546fac23d02: valid; 7.1 s; peak memory 9853 MiB.
2026-10-03T09:37:41Z INFO [1444/2500] 31a338f4-60ce-48fa-a7e1-7f82053556fb: not valid; 1.2 s; peak memory 9853 MiB.
2026-10-03T09:37:42Z INFO [1445/2500] 31a3581a-9bf3-4949-9081-d2ceaa7859d0: valid; 1.1 s; peak memory 9853 MiB.
2026-10-03T09:37:43Z WARNING 31a35d13-ccf1-44a9-bae5-319da3a155c0: failed while opening the NWB file (ConstructError: (root/acquisition/_iblmic_audioSpectrogram/bands GroupBuilder {'attributes': {'colnames': array(['freq'], dtype=object), 'description': 'spectogram frequencies', 'namespace': 'core', 'neurodata_type': 'FrequencyBandsTable', 'object_id': '320e8fc1-c67e-43b6-9efc-fb1bfcf047ea'}, 'groups': {}, 'datasets': {'freq': root/acquisition/_iblmic_audioSpectrogram/bands/freq DatasetBuilder {'attributes': {'description': 'frequency value', 'namespace': 'hdmf-common', 'neurodata_type': 'VectorData', 'object_id': '8cdb7264-fbb7-422e-a1d1-8933d9363bce'}, 'data': <HDF5 dataset "freq": shape (257,), type "<f4">}, 'id': root/acquisition/_iblmic_audioSpectrogram/bands/id DatasetBuilder {'attributes': {'namespace': 'hdmf-common', 'neurodata_type': 'ElementIdentifiers', 'object_id': 'd1783319-e29a-4f67-b25c-938b55a746fa'}, 'data': <HDF5 dataset "id": shape (257,), type "<i4">}}, 'links': {}}, "Could not construct FrequencyBandsTable object due to: column must have the same number of rows as 'id'"))
2026-10-03T09:37:45Z INFO [1447/2500] 31a3ec2a-4c33-451d-813b-a213a60fd55d: not valid; 1.1 s; peak memory 9853 MiB.
2026-10-03T09:37:47Z INFO [1448/2500] 31a47078-2e75-4965-b019-65b4073f54ca: valid; 2.0 s; peak memory 9853 MiB.
2026-10-03T09:37:48Z INFO [1449/2500] 31a5ee02-ae06-4093-94f6-291be4434dda: valid; 1.4 s; peak memory 9853 MiB.
2026-10-03T09:37:49Z INFO [1450/2500] 31a76d1f-4f88-48e9-aa23-f488966653eb: valid; 1.2 s; peak memory 9853 MiB.
2026-10-03T09:37:50Z INFO [1450/2500] 31a76d1f-4f88-48e9-aa23-f488966653eb: checkpointed 97460 records.
2026-10-03T09:37:52Z INFO [1451/2500] 31a7af84-3893-43b5-9cfc-5221e5ecea70: valid; 2.2 s; peak memory 9853 MiB.
2026-10-03T09:37:53Z INFO [1452/2500] 31a80af4-8e06-4e5d-87ee-927cbb7e3814: valid; 1.3 s; peak memory 9853 MiB.
2026-10-03T09:37:55Z INFO [1453/2500] 31a83ed7-0c00-4f35-84be-c81b897ca3f1: valid; 1.6 s; peak memory 9853 MiB.
2026-10-03T09:37:55Z INFO [1454/2500] 31a83ef8-d7a2-4a95-8662-3997ef58f5a2: valid; 0.6 s; peak memory 9853 MiB.
2026-10-03T09:37:58Z INFO [1455/2500] 31a861de-0d28-4486-8660-5ef95b4fe6a3: valid; 2.6 s; peak memory 9853 MiB.
2026-10-03T09:38:00Z INFO [1456/2500] 31a8ceb7-779e-49a2-bf96-1727850c5bcb: valid; 1.6 s; peak memory 9853 MiB.
2026-10-03T09:38:01Z INFO [1457/2500] 31a9abbe-0bd5-45b1-be71-e420ed56ed49: valid; 1.7 s; peak memory 9853 MiB.
2026-10-03T09:38:02Z INFO [1458/2500] 31a9c7aa-b90f-4579-add5-dd57b06979e4: valid; 0.7 s; peak memory 9853 MiB.
2026-10-03T09:38:03Z INFO [1459/2500] 31aa2046-c7ac-452d-8848-e67336b61329: not valid; 1.4 s; peak memory 9853 MiB.
2026-10-03T09:38:05Z WARNING 31aa6f13-9148-43dc-a4e5-6c9875c41bf2: failed while opening the NWB file (ConstructError: (root/acquisition/event_code_meanings GroupBuilder {'attributes': {'colnames': array(['value', 'meaning'], dtype=object), 'description': 'Mapping integer event codes to event labels', 'namespace': 'ndx-events', 'neurodata_type': 'MeaningsTable', 'object_id': '376a5b35-604a-4c18-bd19-ac69bf9eb5fc'}, 'groups': {}, 'datasets': {'id': root/acquisition/event_code_meanings/id DatasetBuilder {'attributes': {'namespace': 'hdmf-common', 'neurodata_type': 'ElementIdentifiers', 'object_id': 'e4f470b9-df43-4267-910e-dbc9fb5e992c'}, 'data': <HDF5 dataset "id": shape (26,), type "<i8">}, 'meaning': root/acquisition/event_code_meanings/meaning DatasetBuilder {'attributes': {'description': 'The meaning of the value in the parent CategoricalVectorData object.', 'namespace': 'hdmf-experimental', 'neurodata_type': 'VectorData', 'object_id': 'e73381e8-1b69-4e93-abcd-44d7afc28be9'}, 'data': <StrDataset for HDF5 dataset "meaning": shape (26,), type "|O">}, 'value': root/acquisition/event_code_meanings/value DatasetBuilder {'attributes': {'description': 'The value of the parent CategoricalVectorData object.', 'namespace': 'hdmf-experimental', 'neurodata_type': 'VectorData', 'object_id': '04bc3a78-d5e4-4748-a989-1fa2aac70e66'}, 'data': <HDF5 dataset "value": shape (26,), type "<i8">}}, 'links': {}}, "Could not construct MeaningsTable object due to: MeaningsTable.__init__: missing argument 'target'"))
2026-10-03T09:38:06Z INFO [1461/2500] 31aade36-5feb-43eb-bade-49c5dbf1b2ac: valid; 1.7 s; peak memory 9853 MiB.
2026-10-03T09:38:08Z INFO [1462/2500] 31ab93ef-3576-4c64-9152-d782b979c740: not valid; 1.4 s; peak memory 9853 MiB.
2026-10-03T09:38:09Z INFO [1463/2500] 31ac2596-8ab9-4df6-9184-ae65acf67f93: valid; 1.0 s; peak memory 9853 MiB.
2026-10-03T09:38:10Z INFO [1464/2500] 31acb18e-a2e8-4137-b11c-e1578e10e4e4: valid; 1.5 s; peak memory 9853 MiB.
2026-10-03T09:38:17Z INFO [1465/2500] 31acc14e-fa13-4b85-b6c7-821d8c688271: not valid; 6.2 s; peak memory 9853 MiB.
2026-10-03T09:38:18Z INFO [1466/2500] 31ad3a9a-60b2-4528-bd7a-c6943a970c2b: valid; 2.0 s; peak memory 9853 MiB.
2026-10-03T09:38:19Z INFO [1467/2500] 31aebcfa-c6f4-4fa4-aae7-8fc6032b7963: valid; 0.8 s; peak memory 9853 MiB.
2026-10-03T09:38:20Z INFO [1468/2500] 31afa659-09ea-4c19-adab-392e3313b865: valid; 0.8 s; peak memory 9853 MiB.
2026-10-03T09:38:21Z INFO [1469/2500] 31afaf43-ca77-4510-a001-b030d30d1bac: valid; 0.8 s; peak memory 9853 MiB.
2026-10-03T09:38:26Z INFO [1470/2500] 31b017b6-955a-44fb-b181-41c63e16c9ec: valid; 5.2 s; peak memory 9853 MiB.
2026-10-03T09:38:27Z INFO [1471/2500] 31b0b9ed-8022-4db1-8ab5-b37e6ead749e: valid; 0.8 s; peak memory 9853 MiB.
2026-10-03T09:38:29Z INFO [1472/2500] 31b153e1-3077-431e-8753-b31e542c7d97: not valid; 2.5 s; peak memory 9853 MiB.
2026-10-03T09:38:31Z INFO [1473/2500] 31b1917f-779e-4e55-8229-b1bd9b20411c: valid; 1.1 s; peak memory 9853 MiB.
2026-10-03T09:38:33Z INFO [1474/2500] 31b1921e-c53c-4ca6-9295-aa71cdb8779c: valid; 2.2 s; peak memory 9853 MiB.
2026-10-03T09:38:34Z INFO [1475/2500] 31b219d9-5b90-40fe-8a15-0c0d48ac0bdc: not valid; 1.2 s; peak memory 9853 MiB.
2026-10-03T09:38:35Z INFO [1476/2500] 31b276d7-daee-4af9-9d53-31a7750a78ce: not valid; 0.9 s; peak memory 9853 MiB.
2026-10-03T09:38:36Z INFO [1477/2500] 31b3adec-723c-476a-b81e-1b756d1c6d3b: valid; 1.2 s; peak memory 9853 MiB.
2026-10-03T09:38:38Z INFO [1478/2500] 31b3bb50-f035-486d-a483-a335dbedf965: valid; 2.0 s; peak memory 9853 MiB.
2026-10-03T09:38:39Z INFO [1479/2500] 31b44345-6c36-4a65-bd6f-b7c82668dc66: valid; 1.1 s; peak memory 9853 MiB.
2026-10-03T09:38:44Z INFO [1480/2500] 31b49214-9456-40b8-834e-daebab8a8587: not valid; 4.5 s; peak memory 9853 MiB.
2026-10-03T09:38:45Z INFO [1481/2500] 31b49fc8-28ea-4b16-8d0f-f3e7eebe1b5b: valid; 0.9 s; peak memory 9853 MiB.
2026-10-03T09:38:46Z INFO [1482/2500] 31b4aa12-dd81-47b4-86d5-e30675545e4c: valid; 1.4 s; peak memory 9853 MiB.
2026-10-03T09:38:47Z INFO [1483/2500] 31b4b314-e703-4f3e-9ed9-3f3a1ee90e22: valid; 0.8 s; peak memory 9853 MiB.
2026-10-03T09:38:49Z INFO [1484/2500] 31b60549-504f-485b-af9e-ad4f9b9c7dc7: valid; 1.7 s; peak memory 9853 MiB.
2026-10-03T09:38:50Z INFO [1485/2500] 31b655d2-d609-4883-a0ee-ee0b7f8f0e18: valid; 1.1 s; peak memory 9853 MiB.
2026-10-03T09:38:51Z INFO [1486/2500] 31b744a5-3176-4da1-8938-a2353cf81059: valid; 1.3 s; peak memory 9853 MiB.
2026-10-03T09:38:57Z INFO [1487/2500] 31b7f55f-80ef-4834-b557-6407c8eab904: valid; 6.1 s; peak memory 9853 MiB.
2026-10-03T09:38:58Z INFO [1488/2500] 31b84a2c-37bf-4bd1-a71c-a9240f254407: valid; 1.3 s; peak memory 9853 MiB.
2026-10-03T09:39:00Z INFO [1489/2500] 31b8f101-be71-41c7-b590-5b36eba6fcf2: valid; 1.9 s; peak memory 9853 MiB.
2026-10-03T09:39:02Z WARNING 31b8fb59-855b-43b3-aa53-0784b5a7051c: failed while opening the NWB file (ConstructError: (root/acquisition/_iblmic_audioSpectrogram/bands GroupBuilder {'attributes': {'colnames': array(['freq'], dtype=object), 'description': 'spectogram frequencies', 'namespace': 'core', 'neurodata_type': 'FrequencyBandsTable', 'object_id': '31e10443-a7de-47c1-8ee4-40fa865d95e4'}, 'groups': {}, 'datasets': {'freq': root/acquisition/_iblmic_audioSpectrogram/bands/freq DatasetBuilder {'attributes': {'description': 'frequency value', 'namespace': 'hdmf-common', 'neurodata_type': 'VectorData', 'object_id': 'c41eb10c-2cec-4b08-94c2-d0113003eb02'}, 'data': <HDF5 dataset "freq": shape (257,), type "<f4">}, 'id': root/acquisition/_iblmic_audioSpectrogram/bands/id DatasetBuilder {'attributes': {'namespace': 'hdmf-common', 'neurodata_type': 'ElementIdentifiers', 'object_id': '3f56d5c9-80ad-4d6e-9a14-7c540647e4b1'}, 'data': <HDF5 dataset "id": shape (257,), type "<i4">}}, 'links': {}}, "Could not construct FrequencyBandsTable object due to: column must have the same number of rows as 'id'"))
2026-10-03T09:39:05Z INFO [1491/2500] 31b949e7-41b7-4ab7-ab44-438e2fee0b01: not valid; 3.3 s; peak memory 9853 MiB.
2026-10-03T09:39:06Z INFO [1492/2500] 31b95e9d-444f-40db-8eb7-a784d5785034: not valid; 0.9 s; peak memory 9853 MiB.
2026-10-03T09:39:07Z WARNING 31b9900c-271f-4613-b77f-19ba77203b94: failed while opening the NWB file (ConstructError: (root/acquisition/_iblmic_audioSpectrogram/bands GroupBuilder {'attributes': {'colnames': array(['freq'], dtype=object), 'description': 'spectogram frequencies', 'namespace': 'core', 'neurodata_type': 'FrequencyBandsTable', 'object_id': 'e507a5a9-6f51-46b2-98d7-76631e07f234'}, 'groups': {}, 'datasets': {'freq': root/acquisition/_iblmic_audioSpectrogram/bands/freq DatasetBuilder {'attributes': {'description': 'frequency value', 'namespace': 'hdmf-common', 'neurodata_type': 'VectorData', 'object_id': '73aa8541-1844-4908-a227-41824f765000'}, 'data': <HDF5 dataset "freq": shape (257,), type "<f4">}, 'id': root/acquisition/_iblmic_audioSpectrogram/bands/id DatasetBuilder {'attributes': {'namespace': 'hdmf-common', 'neurodata_type': 'ElementIdentifiers', 'object_id': 'd842336a-8271-485e-aa32-f7e9b1249597'}, 'data': <HDF5 dataset "id": shape (257,), type "<i4">}}, 'links': {}}, "Could not construct FrequencyBandsTable object due to: column must have the same number of rows as 'id'"))
2026-10-03T09:39:09Z INFO [1494/2500] 31ba232d-7b9d-47ea-bf60-2db6f17f65a2: valid; 1.8 s; peak memory 9853 MiB.
2026-10-03T09:39:09Z WARNING 31bafe3f-196a-4654-b0b6-593763734ecb: failed while retrieving asset information from the DANDI API (NotFoundError: No such Dandiset: 001533)
2026-10-03T09:39:10Z WARNING 31bb3da7-99ae-450e-b7e9-6989119fc4b1: failed while opening the NWB file (ConstructError: (root/acquisition/_iblmic_audioSpectrogram/bands GroupBuilder {'attributes': {'colnames': array(['freq'], dtype=object), 'description': 'spectogram frequencies', 'namespace': 'core', 'neurodata_type': 'FrequencyBandsTable', 'object_id': '784b261e-64d0-438f-8c89-121002d4b007'}, 'groups': {}, 'datasets': {'freq': root/acquisition/_iblmic_audioSpectrogram/bands/freq DatasetBuilder {'attributes': {'description': 'frequency value', 'namespace': 'hdmf-common', 'neurodata_type': 'VectorData', 'object_id': '0941536d-b165-458c-86ea-764e1e14a6e2'}, 'data': <HDF5 dataset "freq": shape (257,), type "<f4">}, 'id': root/acquisition/_iblmic_audioSpectrogram/bands/id DatasetBuilder {'attributes': {'namespace': 'hdmf-common', 'neurodata_type': 'ElementIdentifiers', 'object_id': '1da87f98-79b0-4ff5-bfe0-37abbe8ed2fa'}, 'data': <HDF5 dataset "id": shape (257,), type "<i4">}}, 'links': {}}, "Could not construct FrequencyBandsTable object due to: column must have the same number of rows as 'id'"))
2026-10-03T09:39:11Z INFO [1497/2500] 31bb5b5f-3ecc-4e73-bbda-091117d638b2: valid; 0.9 s; peak memory 9853 MiB.
2026-10-03T09:39:26Z INFO [1498/2500] 31bb60d2-6de4-41ea-a6f0-376a1ff945e7: valid; 14.7 s; peak memory 9853 MiB.
2026-10-03T09:39:27Z INFO [1499/2500] 31bbf2a5-60be-45a3-a8a5-27e548145151: valid; 1.2 s; peak memory 9853 MiB.
2026-10-03T09:39:29Z INFO [1500/2500] 31bc0b25-1b2d-497e-aad6-c88e8635975f: valid; 1.9 s; peak memory 9853 MiB.
2026-10-03T09:39:29Z INFO [1500/2500] 31bc0b25-1b2d-497e-aad6-c88e8635975f: checkpointed 97510 records.
2026-10-03T09:39:30Z INFO [1501/2500] 31bc1589-105b-40d7-9149-000b05d48f52: valid; 1.0 s; peak memory 9853 MiB.
2026-10-03T09:41:14Z INFO [1502/2500] 31bc1ceb-822d-4ba5-9729-0743fca2ad22: valid; 103.8 s; peak memory 9853 MiB.
2026-10-03T09:41:24Z INFO [1503/2500] 31bc3c60-0668-4305-a993-281cb2d01a03: not valid; 9.4 s; peak memory 9853 MiB.
2026-10-03T09:41:25Z INFO [1504/2500] 31bc6b6b-31a5-4727-99f6-57caea57216a: valid; 1.4 s; peak memory 9853 MiB.
2026-10-03T09:41:27Z INFO [1505/2500] 31bc9559-59e1-4e69-a5f6-d2fb5333938f: valid; 1.8 s; peak memory 9853 MiB.
2026-10-03T09:41:28Z INFO [1506/2500] 31bccbbe-494f-455b-82ae-dd0bcf2626ed: valid; 0.9 s; peak memory 9853 MiB.
2026-10-03T09:41:29Z INFO [1507/2500] 31bcdcd1-18c2-4238-aee8-dbe613ea9412: valid; 1.3 s; peak memory 9853 MiB.
2026-10-03T09:41:30Z INFO [1508/2500] 31bd69b1-3499-4f31-882c-4e5fea2a9940: not valid; 1.2 s; peak memory 9853 MiB.
2026-10-03T09:41:32Z INFO [1509/2500] 31be05c7-3465-4bb0-8591-7c5bc3b66391: valid; 2.2 s; peak memory 9853 MiB.
2026-10-03T09:41:34Z INFO [1510/2500] 31beb2f2-2ff9-449d-b0e5-88a9d38c58a7: valid; 1.4 s; peak memory 9853 MiB.
2026-10-03T09:41:35Z INFO [1511/2500] 31bf72b3-6c80-4342-b7cd-3b1617ed3c9a: valid; 1.5 s; peak memory 9853 MiB.
2026-10-03T09:41:37Z INFO [1512/2500] 31c00c34-19aa-44cd-a851-8561311418d7: valid; 2.0 s; peak memory 9853 MiB.
2026-10-03T09:41:38Z INFO [1513/2500] 31c02da4-fde4-42dd-b796-eb2ae3518105: valid; 1.2 s; peak memory 9853 MiB.
2026-10-03T09:41:40Z INFO [1514/2500] 31c03e1c-3916-4e3d-b3fb-f42d410473f3: valid; 1.3 s; peak memory 9853 MiB.
2026-10-03T09:41:40Z INFO [1515/2500] 31c0541a-05a1-4f93-9e30-e2ade8860a5a: valid; 0.7 s; peak memory 9853 MiB.
2026-10-03T09:41:44Z INFO [1516/2500] 31c0d025-7f95-4fb7-9f3e-f196f6b1777c: valid; 4.1 s; peak memory 9853 MiB.
2026-10-03T09:41:45Z INFO [1517/2500] 31c1121a-7394-4d6d-9ff1-34da9381c01b: valid; 1.0 s; peak memory 9853 MiB.
2026-10-03T09:41:46Z INFO [1518/2500] 31c154cd-3ddf-43c6-b499-3e7fde4bc321: valid; 0.8 s; peak memory 9853 MiB.
2026-10-03T09:41:48Z INFO [1519/2500] 31c17cad-2aba-4711-8b2e-63646b4845f3: valid; 1.7 s; peak memory 9853 MiB.
2026-10-03T09:41:49Z INFO [1520/2500] 31c20166-747d-41b3-82a4-f9ddee1be43c: valid; 0.8 s; peak memory 9853 MiB.
2026-10-03T09:41:50Z INFO [1521/2500] 31c27b4f-f208-4ba2-a687-c3bcdf41a445: valid; 1.2 s; peak memory 9853 MiB.
2026-10-03T09:41:54Z INFO [1522/2500] 31c2a107-9b1e-4311-9ae1-165ef1e4da16: valid; 3.9 s; peak memory 9853 MiB.
2026-10-03T09:41:55Z INFO [1523/2500] 31c2b105-2467-4f86-a0c9-6d816d9f370e: valid; 0.8 s; peak memory 9853 MiB.
2026-10-03T09:41:56Z INFO [1524/2500] 31c305a4-2a29-4f7b-8ece-ad3e76715ac8: not valid; 0.9 s; peak memory 9853 MiB.
2026-10-03T09:42:12Z INFO [1525/2500] 31c32271-c10f-47a5-bd94-950dd3c6bed9: valid; 16.6 s; peak memory 9853 MiB.
2026-10-03T09:42:13Z INFO [1526/2500] 31c3b6cd-a9df-4446-b3ad-aa58ed332a92: valid; 0.8 s; peak memory 9853 MiB.
2026-10-03T09:42:15Z INFO [1527/2500] 31c40bc0-db0a-40c2-9857-0d23ffbcbe58: valid; 1.8 s; peak memory 9853 MiB.
2026-10-03T09:42:16Z INFO [1528/2500] 31c43d2f-120a-44f9-a836-9757a0e402f4: valid; 0.9 s; peak memory 9853 MiB.
2026-10-03T09:42:18Z INFO [1529/2500] 31c46997-06de-40b4-a7b8-54711ec2ef60: valid; 1.9 s; peak memory 9853 MiB.
2026-10-03T09:42:19Z INFO [1530/2500] 31c4a4e9-736a-42e8-adc0-59fcc14a74ac: valid; 1.1 s; peak memory 9853 MiB.
2026-10-03T09:42:20Z INFO [1531/2500] 31c53e10-8f3d-4535-8ff1-02881d4db192: valid; 1.3 s; peak memory 9853 MiB.
2026-10-03T09:42:21Z INFO [1532/2500] 31c5f708-5755-43dc-a983-1ad7bf0e0c56: valid; 1.0 s; peak memory 9853 MiB.
2026-10-03T09:42:23Z INFO [1533/2500] 31c60bef-c6de-4685-a06f-ad0ae6572cec: valid; 2.6 s; peak memory 9853 MiB.
2026-10-03T09:42:24Z WARNING 31c658ad-879f-45e3-b88e-5aa3bc1624e8: failed while retrieving asset information from the DANDI API (NotFoundError: No asset at path 'sub-healthy-simulated-beta/sub-healthy-simulated-beta_ses-9494_ecephys.nwb' in version 0.250327.2220. Verify the path is correct and the asset exists in this version. Use 'dandi ls' to list available assets.)
2026-10-03T09:42:24Z INFO [1535/2500] 31c6b5d1-0238-425c-a8d6-7523483de27f: valid; 0.8 s; peak memory 9853 MiB.
2026-10-03T09:42:25Z INFO [1536/2500] 31c6f5c3-62c6-4fed-8927-4ca330e0381d: not valid; 1.1 s; peak memory 9853 MiB.
2026-10-03T09:42:27Z INFO [1537/2500] 31c8053a-6fef-4f34-94ca-59a09f7f3e6b: valid; 1.1 s; peak memory 9853 MiB.
2026-10-03T09:42:27Z INFO [1538/2500] 31c81981-b633-4f4b-823e-b9fd683c2984: valid; 0.9 s; peak memory 9853 MiB.
2026-10-03T09:42:28Z INFO [1539/2500] 31c8b8cf-0b37-4b23-b106-0d2d7033a874: valid; 0.9 s; peak memory 9853 MiB.
2026-10-03T09:42:31Z INFO [1540/2500] 31c8e590-a879-4b31-9757-96ef727cc98d: not valid; 2.5 s; peak memory 9853 MiB.
2026-10-03T09:42:32Z INFO [1541/2500] 31c91c69-5289-4e3f-bc35-dc983276cde3: not valid; 1.1 s; peak memory 9853 MiB.
2026-10-03T09:42:33Z INFO [1542/2500] 31c93cea-993b-4aa1-a928-38dac4d8f6a5: not valid; 0.8 s; peak memory 9853 MiB.
2026-10-03T09:42:33Z INFO [1543/2500] 31c96258-89ee-45e3-8653-01f432cc2b95: valid; 0.8 s; peak memory 9853 MiB.
2026-10-03T09:42:35Z INFO [1544/2500] 31c96a0b-4c27-46a7-80d0-3c613c8c48fb: valid; 1.3 s; peak memory 9853 MiB.
2026-10-03T09:42:36Z INFO [1545/2500] 31c9935f-885a-4587-9f90-ae428a07a9e1: valid; 1.6 s; peak memory 9853 MiB.
2026-10-03T09:42:37Z INFO [1546/2500] 31ca5a79-b3ca-42ab-9018-2836bf490b65: not valid; 1.0 s; peak memory 9853 MiB.
2026-10-03T09:42:38Z INFO [1547/2500] 31cac089-a44d-473c-9145-c25072d03d4f: valid; 0.9 s; peak memory 9853 MiB.
2026-10-03T09:42:39Z INFO [1548/2500] 31caddb3-d8a0-4239-b5ff-dd965d3ca098: valid; 0.8 s; peak memory 9853 MiB.
2026-10-03T09:42:40Z INFO [1549/2500] 31cafae4-2d83-47e3-b483-fb561c20d245: valid; 1.4 s; peak memory 9853 MiB.
2026-10-03T09:42:41Z INFO [1550/2500] 31cb2e78-95ee-4d69-9e56-a53d0c934f93: valid; 0.7 s; peak memory 9853 MiB.
2026-10-03T09:42:42Z INFO [1550/2500] 31cb2e78-95ee-4d69-9e56-a53d0c934f93: checkpointed 97560 records.
2026-10-03T09:42:43Z INFO [1551/2500] 31cb3cb7-25dc-4cbc-8a35-9bf4b5ede990: valid; 0.9 s; peak memory 9853 MiB.
2026-10-03T09:42:44Z INFO [1552/2500] 31cb5a56-da91-46bf-9ca1-fc86f0bb5a47: not valid; 0.9 s; peak memory 9853 MiB.
2026-10-03T09:42:45Z INFO [1553/2500] 31ccff59-af15-4556-93f3-9ef2deb2b429: valid; 1.3 s; peak memory 9853 MiB.
2026-10-03T09:42:46Z INFO [1554/2500] 31cdfceb-9dc9-4bf5-aade-5f34bbcae169: valid; 0.8 s; peak memory 9853 MiB.
2026-10-03T09:42:47Z WARNING 31cecde3-c54f-4c86-b9c6-5de82cb7e316: failed while opening the NWB file (ConstructError: (root/acquisition/_iblmic_audioSpectrogram/bands GroupBuilder {'attributes': {'colnames': array(['freq'], dtype=object), 'description': 'spectogram frequencies', 'namespace': 'core', 'neurodata_type': 'FrequencyBandsTable', 'object_id': '3f908980-0fb5-437b-a60a-0248b7491dab'}, 'groups': {}, 'datasets': {'freq': root/acquisition/_iblmic_audioSpectrogram/bands/freq DatasetBuilder {'attributes': {'description': 'frequency value', 'namespace': 'hdmf-common', 'neurodata_type': 'VectorData', 'object_id': '7695828b-ada1-4f54-93e2-ae8f861ab79d'}, 'data': <HDF5 dataset "freq": shape (257,), type "<f4">}, 'id': root/acquisition/_iblmic_audioSpectrogram/bands/id DatasetBuilder {'attributes': {'namespace': 'hdmf-common', 'neurodata_type': 'ElementIdentifiers', 'object_id': '4bdf61d3-a5c9-447f-9c62-1190388b496d'}, 'data': <HDF5 dataset "id": shape (257,), type "<i4">}}, 'links': {}}, "Could not construct FrequencyBandsTable object due to: column must have the same number of rows as 'id'"))
2026-10-03T09:42:48Z INFO [1556/2500] 31cf9dde-4bf6-4fe8-aae4-3731ca8e9c67: valid; 0.7 s; peak memory 9853 MiB.
2026-10-03T09:42:51Z INFO [1557/2500] 31cf9f9f-12a9-4a50-aee4-427498d18a01: valid; 3.4 s; peak memory 9853 MiB.
2026-10-03T09:42:52Z INFO [1558/2500] 31d02a2d-b5ea-40f2-80f3-a6d1c7bc70cf: valid; 0.7 s; peak memory 9853 MiB.
2026-10-03T09:42:53Z INFO [1559/2500] 31d04351-55df-4976-8902-9e3ae4f9655a: valid; 1.1 s; peak memory 9853 MiB.
2026-10-03T09:42:54Z INFO [1560/2500] 31d0c538-185c-4ce0-8ee5-736c7dcaa80e: not valid; 0.9 s; peak memory 9853 MiB.
2026-10-03T09:42:54Z INFO [1561/2500] 31d100be-f137-4121-b143-62a7b450cf6b: valid; 0.7 s; peak memory 9853 MiB.
2026-10-03T09:42:55Z INFO [1562/2500] 31d13d3f-14fd-4126-a76e-61f43f22b764: valid; 0.9 s; peak memory 9853 MiB.
2026-10-03T09:42:56Z INFO [1563/2500] 31d15ac3-8c93-4f41-9e01-c802c59fda41: valid; 0.7 s; peak memory 9853 MiB.
2026-10-03T09:42:57Z INFO [1564/2500] 31d2bb91-cbcf-4c88-bd7b-0e30890cde1e: not valid; 1.2 s; peak memory 9853 MiB.
2026-10-03T09:42:59Z INFO [1565/2500] 31d318ae-09f7-4ffd-b4b2-74a7e76c85e7: valid; 1.5 s; peak memory 9853 MiB.
2026-10-03T09:42:59Z INFO [1566/2500] 31d37a28-7948-4cbb-a410-a4d48863347c: valid; 0.8 s; peak memory 9853 MiB.
2026-10-03T09:43:02Z INFO [1567/2500] 31d3b1b3-7d28-4709-86e9-130576632e1b: not valid; 2.8 s; peak memory 9853 MiB.
2026-10-03T09:43:03Z INFO [1568/2500] 31d4fe4d-1b13-43d1-b8f2-5fe9bcd919e5: valid; 0.9 s; peak memory 9853 MiB.
2026-10-03T09:43:07Z INFO [1569/2500] 31d557ef-c63e-4b47-8f0b-42a74cd9d0e8: not valid; 4.5 s; peak memory 9853 MiB.
2026-10-03T09:43:10Z INFO [1570/2500] 31d5d386-0c75-4be0-b9f1-7d3cb2455f4b: not valid; 2.7 s; peak memory 9853 MiB.
2026-10-03T09:43:12Z INFO [1571/2500] 31d6c6e7-9285-40fe-afd0-969c71de9733: valid; 2.1 s; peak memory 9853 MiB.
2026-10-03T09:43:13Z INFO [1572/2500] 31d75c8a-1d9d-43cb-8281-8e1cc9269abb: valid; 0.8 s; peak memory 9853 MiB.
2026-10-03T09:43:16Z INFO [1573/2500] 31d7f0b5-ed53-4d2f-b88b-e09af0c84b76: valid; 3.1 s; peak memory 9853 MiB.
2026-10-03T09:43:17Z INFO [1574/2500] 31d88335-f2a1-47bd-89f7-de20d0afb638: valid; 1.3 s; peak memory 9853 MiB.
2026-10-03T09:43:19Z INFO [1575/2500] 31d8e14d-682f-4ddd-b161-b1e63054eb4e: valid; 1.0 s; peak memory 9853 MiB.
2026-10-03T09:43:20Z INFO [1576/2500] 31d9530a-ed52-479b-9353-4c69a1b17813: valid; 1.1 s; peak memory 9853 MiB.
2026-10-03T09:43:21Z WARNING 31d95fe0-0825-42c3-9826-b3b70f8802de: failed while opening the NWB file (ConstructError: (root/acquisition/_iblmic_audioSpectrogram/bands GroupBuilder {'attributes': {'colnames': array(['freq'], dtype=object), 'description': 'spectogram frequencies', 'namespace': 'core', 'neurodata_type': 'FrequencyBandsTable', 'object_id': '6be1155b-e5ec-452b-9fdb-cb3a31b04227'}, 'groups': {}, 'datasets': {'freq': root/acquisition/_iblmic_audioSpectrogram/bands/freq DatasetBuilder {'attributes': {'description': 'frequency value', 'namespace': 'hdmf-common', 'neurodata_type': 'VectorData', 'object_id': '1d6fee51-e4d0-4f25-acaa-37fe48292e98'}, 'data': <HDF5 dataset "freq": shape (257,), type "<f4">}, 'id': root/acquisition/_iblmic_audioSpectrogram/bands/id DatasetBuilder {'attributes': {'namespace': 'hdmf-common', 'neurodata_type': 'ElementIdentifiers', 'object_id': '73e10508-1cb0-4a63-90d7-3467a81ed32a'}, 'data': <HDF5 dataset "id": shape (257,), type "<i4">}}, 'links': {}}, "Could not construct FrequencyBandsTable object due to: column must have the same number of rows as 'id'"))
2026-10-03T09:43:22Z INFO [1578/2500] 31d9be1a-4b4a-4e00-993d-b8c54fb1ec2a: not valid; 1.3 s; peak memory 9853 MiB.
2026-10-03T09:43:23Z INFO [1579/2500] 31da44c4-df38-42d1-b77b-114baaa48f74: valid; 1.2 s; peak memory 9853 MiB.
2026-10-03T09:44:43Z INFO [1580/2500] 31db1b25-8d68-40d6-92d2-97e6f0a3a654: valid; 79.7 s; peak memory 9853 MiB.
2026-10-03T09:44:44Z INFO [1581/2500] 31db8934-a9ee-493f-a368-3c174357cef7: not valid; 1.2 s; peak memory 9853 MiB.
2026-10-03T09:44:45Z INFO [1582/2500] 31dc3ba1-6b3b-4029-b782-04bd81475399: valid; 0.9 s; peak memory 9853 MiB.
2026-10-03T09:44:46Z INFO [1583/2500] 31dd5509-e5b2-45c6-9f74-1b0750edc811: valid; 0.9 s; peak memory 9853 MiB.
2026-10-03T09:44:47Z INFO [1584/2500] 31dd819a-2dc6-49da-bef8-3c4ce046fd15: valid; 1.2 s; peak memory 9853 MiB.
2026-10-03T09:44:48Z INFO [1585/2500] 31dde05d-fbe4-419c-a0a4-5d05be499ad6: not valid; 0.8 s; peak memory 9853 MiB.
2026-10-03T09:44:49Z INFO [1586/2500] 31de23e1-6221-42b3-8980-d02d82b35e7a: valid; 1.0 s; peak memory 9853 MiB.
2026-10-03T09:44:50Z INFO [1587/2500] 31de3d59-a62b-44f0-8c06-b6bbbb8aedf5: valid; 1.0 s; peak memory 9853 MiB.
2026-10-03T09:44:52Z INFO [1588/2500] 31de520c-e34a-40b7-919f-891881cf30bc: not valid; 2.2 s; peak memory 9853 MiB.
2026-10-03T09:44:53Z INFO [1589/2500] 31de6afc-e26e-42c5-936b-706b59ff6364: valid; 0.8 s; peak memory 9853 MiB.
2026-10-03T09:44:54Z INFO [1590/2500] 31df1ebf-d521-4d02-b521-0d3d1f3491cd: not valid; 0.9 s; peak memory 9853 MiB.
2026-10-03T09:44:55Z INFO [1591/2500] 31df4697-1714-43c8-aee8-1126a91f6f50: valid; 1.1 s; peak memory 9853 MiB.
2026-10-03T09:44:56Z INFO [1592/2500] 31df4e62-1ab7-4024-9e13-b7f56fc0dde0: valid; 0.7 s; peak memory 9853 MiB.
2026-10-03T09:44:59Z INFO [1593/2500] 31df5253-d8ca-4b39-a30a-e1e91501dea8: valid; 2.8 s; peak memory 9853 MiB.
2026-10-03T09:45:01Z INFO [1594/2500] 31df9a73-d9c2-4ee7-9c39-e91ee622f118: valid; 2.1 s; peak memory 9853 MiB.
2026-10-03T09:45:02Z INFO [1595/2500] 31dfa5a2-61f1-42aa-8e3a-bd3657647c9f: not valid; 0.9 s; peak memory 9853 MiB.
2026-10-03T09:45:03Z INFO [1596/2500] 31dffba2-04df-4b4f-91f4-ce9380081869: valid; 1.0 s; peak memory 9853 MiB.
2026-10-03T09:45:03Z INFO [1597/2500] 31e185e2-8207-4b33-9b16-280d34c7e1fb: valid; 0.7 s; peak memory 9853 MiB.
2026-10-03T09:45:05Z INFO [1598/2500] 31e1a2ad-e4fd-4abc-820b-87fe977fabe8: valid; 2.1 s; peak memory 9853 MiB.
2026-10-03T09:45:07Z INFO [1599/2500] 31e1cb2e-6e9a-442e-8023-45ef1e709320: not valid; 1.2 s; peak memory 9853 MiB.
2026-10-03T09:45:08Z INFO [1600/2500] 31e26f8b-099a-4969-b880-4562ec0744e0: valid; 1.0 s; peak memory 9853 MiB.
2026-10-03T09:45:08Z INFO [1600/2500] 31e26f8b-099a-4969-b880-4562ec0744e0: checkpointed 97610 records.
2026-10-03T09:45:09Z INFO [1601/2500] 31e274a0-407d-4797-8494-f08df0d2b29f: valid; 0.8 s; peak memory 9853 MiB.
2026-10-03T09:45:10Z INFO [1602/2500] 31e39469-5e6e-4c32-a898-f2c27189141b: valid; 0.8 s; peak memory 9853 MiB.
2026-10-03T09:45:13Z INFO [1603/2500] 31e39741-4248-432c-b8f1-d12272ade387: valid; 3.3 s; peak memory 9853 MiB.
2026-10-03T09:45:15Z INFO [1604/2500] 31e4f88e-7329-40d0-b0aa-98c43f25fcf9: valid; 1.7 s; peak memory 9853 MiB.
2026-10-03T09:45:18Z WARNING 31e531a5-d3c8-4033-ae7c-b5d37e0599f2: failed while opening the NWB file (ConstructError: (root/acquisition/_iblmic_audioSpectrogram/bands GroupBuilder {'attributes': {'colnames': array(['freq'], dtype=object), 'description': 'spectogram frequencies', 'namespace': 'core', 'neurodata_type': 'FrequencyBandsTable', 'object_id': '831c73cd-db9a-4022-afad-d7aa2013d46d'}, 'groups': {}, 'datasets': {'freq': root/acquisition/_iblmic_audioSpectrogram/bands/freq DatasetBuilder {'attributes': {'description': 'frequency value', 'namespace': 'hdmf-common', 'neurodata_type': 'VectorData', 'object_id': '45a1fce8-0afa-497c-be5f-9b0c4eff5e11'}, 'data': <HDF5 dataset "freq": shape (257,), type "<f4">}, 'id': root/acquisition/_iblmic_audioSpectrogram/bands/id DatasetBuilder {'attributes': {'namespace': 'hdmf-common', 'neurodata_type': 'ElementIdentifiers', 'object_id': 'b393fe5b-cef3-41a6-9160-eb47d6d93e16'}, 'data': <HDF5 dataset "id": shape (257,), type "<i4">}}, 'links': {}}, "Could not construct FrequencyBandsTable object due to: column must have the same number of rows as 'id'"))
2026-10-03T09:45:19Z INFO [1606/2500] 31e57fb0-a40f-4ace-8d66-787ff3131de6: valid; 1.3 s; peak memory 9853 MiB.
2026-10-03T09:45:20Z INFO [1607/2500] 31e59132-90ee-4439-8e39-3f891416451b: not valid; 1.1 s; peak memory 9853 MiB.
2026-10-03T09:45:22Z INFO [1608/2500] 31e5e79e-908a-4a70-bf60-4af5d5dd0954: valid; 1.3 s; peak memory 9853 MiB.
2026-10-03T09:45:26Z INFO [1609/2500] 31e656b9-dccf-4b14-bcec-ef0ada1edea7: valid; 4.7 s; peak memory 9853 MiB.
2026-10-03T09:45:27Z INFO [1610/2500] 31e6cb06-49f4-45a0-97f7-824b5f4321ed: valid; 0.9 s; peak memory 9853 MiB.
2026-10-03T09:45:28Z INFO [1611/2500] 31e6e04a-7e58-4dad-a621-03ac6b559586: valid; 1.3 s; peak memory 9853 MiB.
2026-10-03T09:45:31Z INFO [1612/2500] 31e77f26-e662-456c-b14a-70c637ef9710: valid; 2.2 s; peak memory 9853 MiB.
2026-10-03T09:45:32Z INFO [1613/2500] 31e7a4fa-a81a-47f5-a79f-f4fa07ddfe18: valid; 1.4 s; peak memory 9853 MiB.
2026-10-03T09:45:34Z INFO [1614/2500] 31e7aa1c-9bfc-4135-b861-3c3b6a984f2b: valid; 1.9 s; peak memory 9853 MiB.
2026-10-03T09:45:35Z INFO [1615/2500] 31e8574d-421d-4628-a25c-5b095b086a82: valid; 0.8 s; peak memory 9853 MiB.
2026-10-03T09:45:36Z INFO [1616/2500] 31e88bfa-9ab4-4a3e-b5c7-ed1ea94014de: valid; 0.8 s; peak memory 9853 MiB.
2026-10-03T09:45:36Z INFO [1617/2500] 31e901bb-2cc2-4ee5-9084-f67285df21e6: not valid; 0.9 s; peak memory 9853 MiB.
2026-10-03T09:45:38Z INFO [1618/2500] 31e9377d-b0c7-4c82-a57a-67f8bf12f894: valid; 1.4 s; peak memory 9853 MiB.
2026-10-03T09:45:39Z INFO [1619/2500] 31e9b8d3-0f19-486b-9eee-31ff68c36258: not valid; 0.9 s; peak memory 9853 MiB.
2026-10-03T09:45:40Z INFO [1620/2500] 31eb6a53-6d30-46ce-94f0-5f2a87b14e4e: valid; 1.2 s; peak memory 9853 MiB.
2026-10-03T09:45:41Z INFO [1621/2500] 31eb7f99-ebbb-4ab0-ab1d-655fcbd52fb5: valid; 1.3 s; peak memory 9853 MiB.
2026-10-03T09:45:43Z INFO [1622/2500] 31ebef4a-6f4d-4a32-8728-70cfdd11bc76: valid; 1.7 s; peak memory 9853 MiB.
2026-10-03T09:45:47Z INFO [1623/2500] 31ec21ff-6b6c-4e0c-bbb0-acaa11431861: valid; 3.7 s; peak memory 9853 MiB.
2026-10-03T09:46:07Z INFO [1624/2500] 31ecbbf3-6062-4c3a-aea7-aa4979e057fc: valid; 20.5 s; peak memory 9853 MiB.
2026-10-03T09:46:08Z INFO [1625/2500] 31ece894-634a-48f0-9576-9271162a6b2c: not valid; 0.9 s; peak memory 9853 MiB.
2026-10-03T09:46:09Z INFO [1626/2500] 31ed307f-e8a4-41d1-8896-aba639831e16: valid; 1.2 s; peak memory 9853 MiB.
2026-10-03T09:46:11Z INFO [1627/2500] 31eebc0d-be7c-4358-bf0a-b5c9a4659461: valid; 1.2 s; peak memory 9853 MiB.
2026-10-03T09:46:14Z INFO [1628/2500] 31eedcc7-4848-4ac3-bda9-1d6a22bccf4f: valid; 3.5 s; peak memory 9853 MiB.
2026-10-03T09:46:16Z INFO [1629/2500] 31ef4ead-cd10-46d3-953a-43f1873da342: valid; 1.9 s; peak memory 9853 MiB.
2026-10-03T09:46:18Z INFO [1630/2500] 31ef693b-5b29-4615-be92-f1221f7f7902: valid; 2.1 s; peak memory 9853 MiB.
2026-10-03T09:46:19Z INFO [1631/2500] 31f0696f-9fb2-4c37-81e4-6fbedd5adcd4: valid; 0.8 s; peak memory 9853 MiB.
2026-10-03T09:46:20Z INFO [1632/2500] 31f08f7d-9e34-41f1-924c-74fe4237ccb1: valid; 0.8 s; peak memory 9853 MiB.
2026-10-03T09:46:20Z INFO [1633/2500] 31f0ea49-519e-4e72-8f15-0820287478f1: valid; 0.8 s; peak memory 9853 MiB.
2026-10-03T09:46:25Z INFO [1634/2500] 31f1343e-04e2-4b13-a920-96359c37a2cf: not valid; 4.8 s; peak memory 9853 MiB.
2026-10-03T09:46:26Z INFO [1635/2500] 31f1465f-3c34-4767-8e07-b75180214181: valid; 1.2 s; peak memory 9853 MiB.
2026-10-03T09:46:27Z INFO [1636/2500] 31f219e7-d4e4-4718-a672-a6129c8f2dab: not valid; 0.9 s; peak memory 9853 MiB.
2026-10-03T09:46:28Z INFO [1637/2500] 31f25832-dd8e-40fe-9a46-d4695f7eaa6d: not valid; 1.1 s; peak memory 9853 MiB.
2026-10-03T09:46:35Z INFO [1638/2500] 31f29872-4c55-48ca-b12e-1c0b11ca01c8: valid; 6.5 s; peak memory 9853 MiB.
2026-10-03T09:46:37Z INFO [1639/2500] 31f38b41-e4c6-4ce5-b3b7-3845549f0c5f: valid; 2.0 s; peak memory 9853 MiB.
2026-10-03T09:46:40Z INFO [1640/2500] 31f3934e-9835-46cd-b7ad-dcfedf661ef2: valid; 3.6 s; peak memory 9853 MiB.
2026-10-03T09:46:42Z INFO [1641/2500] 31f3aedd-0975-4c41-a61b-d38f5075b86a: valid; 1.7 s; peak memory 9853 MiB.
2026-10-03T09:46:43Z INFO [1642/2500] 31f3d956-bee5-4578-8788-a767267b8ab8: valid; 0.8 s; peak memory 9853 MiB.
2026-10-03T09:46:44Z INFO [1643/2500] 31f3deee-7110-450d-b626-a054b5f23abe: valid; 0.8 s; peak memory 9853 MiB.
2026-10-03T09:46:45Z WARNING 31f4595f-702b-4941-8510-1d87f8c62567: failed while opening the NWB file (ConstructError: (root/acquisition/_iblmic_audioSpectrogram/bands GroupBuilder {'attributes': {'colnames': array(['freq'], dtype=object), 'description': 'spectogram frequencies', 'namespace': 'core', 'neurodata_type': 'FrequencyBandsTable', 'object_id': 'bc495b26-c8c4-47ad-a693-b8ff15fd1955'}, 'groups': {}, 'datasets': {'freq': root/acquisition/_iblmic_audioSpectrogram/bands/freq DatasetBuilder {'attributes': {'description': 'frequency value', 'namespace': 'hdmf-common', 'neurodata_type': 'VectorData', 'object_id': 'c4973c43-05c7-45f2-968c-1ff5fbc00d27'}, 'data': <HDF5 dataset "freq": shape (257,), type "<f4">}, 'id': root/acquisition/_iblmic_audioSpectrogram/bands/id DatasetBuilder {'attributes': {'namespace': 'hdmf-common', 'neurodata_type': 'ElementIdentifiers', 'object_id': 'd3ebacc0-8a7f-49b3-99a1-50ba2b514de4'}, 'data': <HDF5 dataset "id": shape (257,), type "<i4">}}, 'links': {}}, "Could not construct FrequencyBandsTable object due to: column must have the same number of rows as 'id'"))
2026-10-03T09:46:53Z INFO [1645/2500] 31f50cf7-480b-4eb4-9ff6-efb247b17876: valid; 7.5 s; peak memory 9853 MiB.
2026-10-03T09:46:54Z INFO [1646/2500] 31f5773b-8bdc-417e-a6d0-80c49c5917f6: valid; 1.8 s; peak memory 9853 MiB.
2026-10-03T09:46:56Z INFO [1647/2500] 31f591b9-9234-4bec-afca-d98dd7cfef81: valid; 1.7 s; peak memory 9853 MiB.
2026-10-03T09:46:59Z INFO [1648/2500] 31f6204e-c563-45c5-b2bf-db701b51442b: valid; 2.9 s; peak memory 9853 MiB.
2026-10-03T09:47:00Z INFO [1649/2500] 31f638b7-61e3-4415-89e9-d8a6659dc606: valid; 1.0 s; peak memory 9853 MiB.
2026-10-03T09:47:21Z INFO [1650/2500] 31f63e46-aa15-426f-aedb-3a93d934f004: not valid; 21.0 s; peak memory 9853 MiB.
2026-10-03T09:47:22Z INFO [1650/2500] 31f63e46-aa15-426f-aedb-3a93d934f004: checkpointed 97660 records.
2026-10-03T09:47:23Z INFO [1651/2500] 31f6536c-23cf-4596-9305-44e7d3f5a14f: valid; 1.0 s; peak memory 9853 MiB.
2026-10-03T09:47:24Z INFO [1652/2500] 31f66b6d-3360-486c-b434-3cb05ec8cd8d: not valid; 1.3 s; peak memory 9853 MiB.
2026-10-03T09:47:25Z INFO [1653/2500] 31f6dfbf-4a21-4cd8-9eee-6690b93c0598: valid; 1.1 s; peak memory 9853 MiB.
2026-10-03T09:47:29Z INFO [1654/2500] 31f6f177-4eaf-4f7f-b8fb-3966c03f7988: not valid; 4.0 s; peak memory 9853 MiB.
2026-10-03T09:47:32Z INFO [1655/2500] 31f709f3-0f03-45e1-97f5-d403a06e47b6: valid; 2.9 s; peak memory 9853 MiB.
2026-10-03T09:47:33Z INFO [1656/2500] 31f723f6-249c-4a90-91b6-2f1cdeea8275: valid; 1.2 s; peak memory 9853 MiB.
2026-10-03T09:47:34Z INFO [1657/2500] 31f727df-42a8-4c63-8829-cbe50156aa13: valid; 1.1 s; peak memory 9853 MiB.
2026-10-03T09:47:36Z INFO [1658/2500] 31f7333a-ca83-4cb1-a39f-366f9553e797: valid; 1.4 s; peak memory 9853 MiB.
2026-10-03T09:47:42Z INFO [1659/2500] 31f74949-d4c4-42ba-b319-a8fe161da013: valid; 6.2 s; peak memory 9853 MiB.
2026-10-03T09:47:53Z INFO [1660/2500] 31f7d1df-1447-4482-ab28-2fb8d31a3989: valid; 11.2 s; peak memory 9853 MiB.
2026-10-03T09:47:54Z INFO [1661/2500] 31f82e1b-ebc6-4823-ba61-2477981243b3: valid; 1.2 s; peak memory 9853 MiB.
2026-10-03T09:47:55Z INFO [1662/2500] 31f9698e-d2cd-4d11-b3de-666e7d631b34: valid; 0.9 s; peak memory 9853 MiB.
2026-10-03T09:47:56Z INFO [1663/2500] 31f97f09-5617-4914-8788-6db9f54b3227: valid; 0.9 s; peak memory 9853 MiB.
2026-10-03T09:48:01Z INFO [1664/2500] 31f98bae-0df6-4ba4-bbdd-2e2c010ee0de: valid; 4.4 s; peak memory 9853 MiB.
2026-10-03T09:48:02Z INFO [1665/2500] 31f9c841-8685-4352-8aa7-0940bd96d8d4: not valid; 1.0 s; peak memory 9853 MiB.
2026-10-03T09:48:02Z INFO [1666/2500] 31f9d4b9-9bc6-44bb-b201-36721550565a: not valid; 0.6 s; peak memory 9853 MiB.
2026-10-03T09:48:03Z INFO [1667/2500] 31fa1400-50ae-4d33-be0a-95d7d90c9dd2: valid; 0.8 s; peak memory 9853 MiB.
2026-10-03T09:48:04Z INFO [1668/2500] 31fa2f94-e99e-4a29-abc8-2320df13cca6: valid; 1.2 s; peak memory 9853 MiB.
2026-10-03T09:48:05Z INFO [1669/2500] 31fa9b50-74d5-405a-a7c7-497bd43aaf5b: valid; 1.1 s; peak memory 9853 MiB.
2026-10-03T09:48:07Z INFO [1670/2500] 31fc0411-4d85-48a2-b622-b271e5396b67: valid; 1.3 s; peak memory 9853 MiB.
2026-10-03T09:48:07Z INFO [1671/2500] 31fc49e7-c6c5-4d6c-95b1-4a4a27f29f34: valid; 0.9 s; peak memory 9853 MiB.
2026-10-03T09:48:09Z INFO [1672/2500] 31fc506f-f819-4257-b85f-ce446b0a511f: valid; 1.4 s; peak memory 9853 MiB.
2026-10-03T09:48:11Z INFO [1673/2500] 31fc64a0-85d9-4e69-ab82-cdd3a10c7dd8: valid; 1.7 s; peak memory 9853 MiB.
2026-10-03T09:48:15Z INFO [1674/2500] 31fc8d46-372c-4aa9-bce5-c190bb5a6891: valid; 4.5 s; peak memory 9853 MiB.
2026-10-03T09:48:16Z INFO [1675/2500] 31fd7f97-08d9-41ba-aebe-167bfb49ab4b: valid; 0.8 s; peak memory 9853 MiB.
2026-10-03T09:48:17Z INFO [1676/2500] 31fda4fe-0c4c-4e99-b221-6c30c1089b1d: valid; 0.7 s; peak memory 9853 MiB.
2026-10-03T09:48:18Z INFO [1677/2500] 31fe4239-3997-4420-bb8a-37d012528a0f: valid; 1.5 s; peak memory 9853 MiB.
2026-10-03T09:48:19Z INFO [1678/2500] 31fe5d78-4c2d-4c34-97a5-aae2d7aaa12b: valid; 0.8 s; peak memory 9853 MiB.
2026-10-03T09:48:20Z INFO [1679/2500] 31ff4804-8898-462b-a63e-ffa352638ad2: valid; 0.7 s; peak memory 9853 MiB.
2026-10-03T09:48:21Z INFO [1680/2500] 31ffa558-edf1-47ca-a407-7b530a4d544d: not valid; 0.9 s; peak memory 9853 MiB.
2026-10-03T09:48:21Z INFO [1681/2500] 32002d78-29bb-4dd4-9a3b-e1de5266cfc2: valid; 0.8 s; peak memory 9853 MiB.
2026-10-03T09:48:23Z INFO [1682/2500] 32004261-e8a6-4335-b4c5-3d0cc9ec8fe8: valid; 1.3 s; peak memory 9853 MiB.
2026-10-03T09:48:24Z INFO [1683/2500] 32010404-7a3a-4aad-8e78-833fe8e9ef59: not valid; 1.2 s; peak memory 9853 MiB.
2026-10-03T09:48:25Z INFO [1684/2500] 32015849-30e7-4651-93a1-61dfa7c040e3: not valid; 1.7 s; peak memory 9853 MiB.
2026-10-03T09:48:27Z INFO [1685/2500] 32016138-e22b-4aee-9a4c-049fd0cb0fdc: valid; 1.3 s; peak memory 9853 MiB.
2026-10-03T09:48:28Z INFO [1686/2500] 32019337-d0b8-4825-a54d-67dfb5b2d46a: valid; 1.6 s; peak memory 9853 MiB.
2026-10-03T09:48:30Z WARNING 3201b58f-86c2-48ec-ab84-55111da9d35b: failed while opening the NWB file (ConstructError: (root/acquisition/_iblmic_audioSpectrogram/bands GroupBuilder {'attributes': {'colnames': array(['freq'], dtype=object), 'description': 'spectogram frequencies', 'namespace': 'core', 'neurodata_type': 'FrequencyBandsTable', 'object_id': '00be3a49-279d-4f21-9b5a-2b40e7bc6de1'}, 'groups': {}, 'datasets': {'freq': root/acquisition/_iblmic_audioSpectrogram/bands/freq DatasetBuilder {'attributes': {'description': 'frequency value', 'namespace': 'hdmf-common', 'neurodata_type': 'VectorData', 'object_id': '307c5eb3-d412-4d97-94e0-beacbcd9fd42'}, 'data': <HDF5 dataset "freq": shape (257,), type "<f4">}, 'id': root/acquisition/_iblmic_audioSpectrogram/bands/id DatasetBuilder {'attributes': {'namespace': 'hdmf-common', 'neurodata_type': 'ElementIdentifiers', 'object_id': '437daabe-a6fc-4a81-af68-ae17ead02c41'}, 'data': <HDF5 dataset "id": shape (257,), type "<i4">}}, 'links': {}}, "Could not construct FrequencyBandsTable object due to: column must have the same number of rows as 'id'"))
2026-10-03T09:48:35Z INFO [1688/2500] 3201ddae-e2ec-4778-9ada-8edc67c6cfae: not valid; 5.0 s; peak memory 9853 MiB.
2026-10-03T09:48:37Z INFO [1689/2500] 32030869-cf7f-45ab-b1a4-06275e65a7ce: valid; 1.8 s; peak memory 9853 MiB.
2026-10-03T09:48:39Z INFO [1690/2500] 32030d26-f121-41d5-8668-9a92798c1bca: valid; 2.1 s; peak memory 9853 MiB.
2026-10-03T09:48:41Z INFO [1691/2500] 32045685-d0c5-48fb-a55e-37c6025fdca9: not valid; 2.8 s; peak memory 9853 MiB.
2026-10-03T09:48:42Z INFO [1692/2500] 3204f357-40ba-499c-a6c9-1f272ea60640: valid; 0.7 s; peak memory 9853 MiB.
2026-10-03T09:48:44Z INFO [1693/2500] 3204f578-739c-48b8-b5f4-8f6bf05e2ae3: valid; 2.0 s; peak memory 9853 MiB.
2026-10-03T09:48:58Z INFO [1694/2500] 3206e98b-81ba-4953-87ab-45e9dceec35f: valid; 14.3 s; peak memory 9853 MiB.
2026-10-03T09:49:01Z INFO [1695/2500] 320700fd-65a3-4a83-9943-cf0a9148d3cc: valid; 2.2 s; peak memory 9853 MiB.
2026-10-03T09:49:02Z INFO [1696/2500] 3207c1d6-ce06-4879-91c1-0d5bfe8baf0c: valid; 0.9 s; peak memory 9853 MiB.
2026-10-03T09:49:02Z INFO [1697/2500] 3207d0ba-e48e-45c3-ace0-cc94d0eba7c8: valid; 0.6 s; peak memory 9853 MiB.
2026-10-03T09:49:04Z INFO [1698/2500] 32083d05-cf25-4c6f-bc60-1ecb60cb66a4: valid; 1.8 s; peak memory 9853 MiB.
2026-10-03T09:49:05Z INFO [1699/2500] 320843eb-630d-4871-8ffa-e57b37862b53: valid; 0.8 s; peak memory 9853 MiB.
2026-10-03T09:49:06Z INFO [1700/2500] 3208707c-5c6d-4529-9ffe-51aec97d16bb: valid; 0.9 s; peak memory 9853 MiB.
2026-10-03T09:49:06Z INFO [1700/2500] 3208707c-5c6d-4529-9ffe-51aec97d16bb: checkpointed 97710 records.
2026-10-03T09:49:07Z INFO [1701/2500] 32092dc8-089a-48f5-8cfd-252a59a4d0a5: valid; 0.7 s; peak memory 9853 MiB.
2026-10-03T09:49:08Z INFO [1702/2500] 320973b4-5793-45db-9f14-6717357df88a: valid; 0.6 s; peak memory 9853 MiB.
2026-10-03T09:49:08Z WARNING 320a268a-4d30-4a69-b52b-f8bfb0dbb570: failed while retrieving asset information from the DANDI API (NotFoundError: No asset at path 'sub-EPCNHP2/sub-EPCNHP2_ses-2021-03-01-005_ecephys.nwb' in version 0.240701.1903. Verify the path is correct and the asset exists in this version. Use 'dandi ls' to list available assets.)
2026-10-03T09:49:09Z INFO [1704/2500] 320a3052-0c57-427c-841c-3d60711b336d: valid; 1.2 s; peak memory 9853 MiB.
2026-10-03T09:49:10Z INFO [1705/2500] 320a55ea-e4ef-47de-8cd6-a3da43d21903: valid; 1.5 s; peak memory 9853 MiB.
2026-10-03T09:49:12Z INFO [1706/2500] 320acb1e-c409-4bcf-973a-744819abae5d: valid; 1.0 s; peak memory 9853 MiB.
2026-10-03T09:49:17Z INFO [1707/2500] 320acc6c-aa32-4fcb-b6a5-a5efc824e685: valid; 5.9 s; peak memory 9853 MiB.
2026-10-03T09:49:18Z INFO [1708/2500] 320ad602-bf44-45cb-9d76-1337598873fd: valid; 0.8 s; peak memory 9853 MiB.
2026-10-03T09:49:31Z INFO [1709/2500] 320bf5e2-d873-449b-afde-563f9ba8f902: valid; 13.0 s; peak memory 9853 MiB.
2026-10-03T09:49:33Z INFO [1710/2500] 320c037b-1cf8-46f0-98c2-9be28692d42d: not valid; 1.2 s; peak memory 9853 MiB.
2026-10-03T09:49:43Z INFO [1711/2500] 320c1406-dd19-4597-81f9-dfcb8fd9516b: not valid; 10.1 s; peak memory 9853 MiB.
2026-10-03T09:49:44Z INFO [1712/2500] 320c2c3d-055c-4d11-9fef-c5244a9d5674: valid; 1.6 s; peak memory 9853 MiB.
2026-10-03T09:49:52Z INFO [1713/2500] 320c6a7f-9bd9-4a2a-858f-5e0df97d6ea3: valid; 7.6 s; peak memory 9853 MiB.
2026-10-03T09:49:53Z INFO [1714/2500] 320cc761-26cb-4cf3-bbc2-9bfba64fd34c: not valid; 1.2 s; peak memory 9853 MiB.
2026-10-03T09:50:02Z INFO [1715/2500] 320d41cd-f7da-443d-8cc9-775ae0aca6ad: not valid; 9.2 s; peak memory 9853 MiB.
2026-10-03T09:50:03Z INFO [1716/2500] 320d5134-78ea-45d4-80ce-0d209b28dbb6: not valid; 1.1 s; peak memory 9853 MiB.
2026-10-03T09:50:04Z INFO [1717/2500] 320dbe91-032f-4cb3-9f29-6b45f3b15795: valid; 0.9 s; peak memory 9853 MiB.
2026-10-03T09:50:05Z INFO [1718/2500] 320e3576-5a75-46f4-9683-532be2185e7d: valid; 0.9 s; peak memory 9853 MiB.
2026-10-03T09:50:06Z INFO [1719/2500] 320e5c54-8016-44f7-a058-4db4040e253c: valid; 1.1 s; peak memory 9853 MiB.
2026-10-03T09:50:18Z INFO [1720/2500] 320e6ed0-b2e3-4d48-94e6-9ab909822efe: not valid; 11.8 s; peak memory 9853 MiB.
2026-10-03T09:50:19Z INFO [1721/2500] 320f5d6b-6957-4605-a1b3-023cbfe978d7: valid; 1.2 s; peak memory 9853 MiB.
2026-10-03T09:50:21Z INFO [1722/2500] 3210c40c-8e52-4307-8e8c-f82b7eb9d101: valid; 1.4 s; peak memory 9853 MiB.
2026-10-03T09:50:21Z INFO [1723/2500] 3210ed68-fa39-45dc-8dfa-e00b2a7c2d0c: valid; 0.7 s; peak memory 9853 MiB.
2026-10-03T09:50:22Z INFO [1724/2500] 321119b6-5459-49e0-aec1-3d58dd68b154: valid; 0.9 s; peak memory 9853 MiB.
2026-10-03T09:50:23Z INFO [1725/2500] 32113f6a-50d3-42d6-9d01-521822a1e08f: valid; 0.8 s; peak memory 9853 MiB.
2026-10-03T09:50:24Z INFO [1726/2500] 32116d38-0305-4e75-92dd-135653808bb4: valid; 1.5 s; peak memory 9853 MiB.
2026-10-03T09:50:25Z INFO [1727/2500] 321181ad-f474-4a14-aaec-8482339cbd40: not valid; 0.9 s; peak memory 9853 MiB.
2026-10-03T09:50:27Z INFO [1728/2500] 3211e3bd-face-41ec-a338-db7cee20468c: valid; 1.6 s; peak memory 9853 MiB.
2026-10-03T09:50:32Z INFO [1729/2500] 32129822-c144-496a-ac50-e117d43ccacc: valid; 4.7 s; peak memory 9853 MiB.
2026-10-03T09:50:33Z INFO [1730/2500] 3212a18d-83e4-4802-949a-cf5c1c564356: valid; 0.9 s; peak memory 9853 MiB.
2026-10-03T09:50:33Z INFO [1731/2500] 321321f0-4e34-453a-aa5a-ed7d2c5c4b92: not valid; 0.6 s; peak memory 9853 MiB.
2026-10-03T09:50:34Z INFO [1732/2500] 3213413b-eb1a-474b-ae89-546517786692: valid; 0.8 s; peak memory 9853 MiB.
2026-10-03T09:50:35Z INFO [1733/2500] 32136a79-13d9-459a-96be-4cc3cb4531ca: valid; 0.8 s; peak memory 9853 MiB.
2026-10-03T09:50:36Z INFO [1734/2500] 32137fe2-71c0-439e-9724-8bbf639280ae: valid; 0.9 s; peak memory 9853 MiB.
2026-10-03T09:50:37Z INFO [1735/2500] 32138a24-1a2a-47b8-ad8f-e1a7b623f129: not valid; 1.0 s; peak memory 9853 MiB.
2026-10-03T09:50:42Z INFO [1736/2500] 3213b587-6902-4994-bac8-a8a9a4916924: valid; 5.2 s; peak memory 9853 MiB.
2026-10-03T09:50:42Z INFO [1737/2500] 3214224d-1093-4111-b7fb-7045c170b357: valid; 0.6 s; peak memory 9853 MiB.
2026-10-03T09:50:43Z INFO [1738/2500] 321433d2-1569-4db3-a391-d03157d89cfd: valid; 0.8 s; peak memory 9853 MiB.
2026-10-03T09:50:49Z INFO [1739/2500] 3214e8d2-dfeb-4b8e-81cd-ecbd226d6dc4: valid; 5.5 s; peak memory 9853 MiB.
2026-10-03T09:50:50Z INFO [1740/2500] 32152e47-a912-4aa6-9062-6938b766cdfc: valid; 1.8 s; peak memory 9853 MiB.
2026-10-03T09:50:51Z INFO [1741/2500] 32154323-8a11-4310-9e1d-e6788cbaa2ac: not valid; 0.9 s; peak memory 9853 MiB.
2026-10-03T09:50:52Z INFO [1742/2500] 32155382-83fc-4dee-98f6-f433c54e46c4: valid; 0.7 s; peak memory 9853 MiB.
2026-10-03T09:50:53Z INFO [1743/2500] 32156b4b-8c27-468b-961d-e177dd3711e6: valid; 0.6 s; peak memory 9853 MiB.
2026-10-03T09:50:53Z INFO [1744/2500] 321589ad-1e94-4faa-a63d-4d0c9a31f1e7: valid; 0.7 s; peak memory 9853 MiB.
2026-10-03T09:51:02Z INFO [1745/2500] 3215fb15-2930-4be1-a7f6-3775c17d0853: valid; 8.2 s; peak memory 9853 MiB.
2026-10-03T09:51:03Z INFO [1746/2500] 3216024d-9dce-4b9e-9210-63dbd9fa8e45: valid; 1.6 s; peak memory 9853 MiB.
2026-10-03T09:51:04Z INFO [1747/2500] 32165ac7-366f-46ce-acef-6b7f1479fc5c: valid; 1.0 s; peak memory 9853 MiB.
2026-10-03T09:51:07Z INFO [1748/2500] 321670f0-be4e-43f6-98d8-6515a7e8bb1d: valid; 2.5 s; peak memory 9853 MiB.
2026-10-03T09:51:11Z INFO [1749/2500] 3217695e-f721-4584-9f05-e37c8bccd8b6: not valid; 4.2 s; peak memory 9853 MiB.
2026-10-03T09:51:12Z INFO [1750/2500] 3219664d-e41e-491c-a9c7-162dfdff40d7: valid; 0.8 s; peak memory 9853 MiB.
2026-10-03T09:51:13Z INFO [1750/2500] 3219664d-e41e-491c-a9c7-162dfdff40d7: checkpointed 97760 records.
2026-10-03T09:51:14Z INFO [1751/2500] 32197691-72c3-421c-ad5f-4a6fd6bc6a56: valid; 1.0 s; peak memory 9853 MiB.
2026-10-03T09:51:14Z INFO [1752/2500] 3219ed05-4f1b-4f9f-89d1-6db277535fe1: valid; 0.9 s; peak memory 9853 MiB.
2026-10-03T09:51:15Z INFO [1753/2500] 3219fd98-6e52-4764-81ca-b780ee8fa326: not valid; 0.7 s; peak memory 9853 MiB.
2026-10-03T09:51:16Z INFO [1754/2500] 321a63df-8f01-40fa-8b38-4cc16a0db2e2: not valid; 1.1 s; peak memory 9853 MiB.
2026-10-03T09:51:17Z INFO [1755/2500] 321abbf9-8a55-448a-8a88-3c7b4a9c9c9e: valid; 1.2 s; peak memory 9853 MiB.
2026-10-03T09:51:18Z INFO [1756/2500] 321b02b5-6fa9-4932-a086-57ecb96b638f: valid; 0.9 s; peak memory 9853 MiB.
2026-10-03T09:51:19Z INFO [1757/2500] 321b429a-9e13-4124-b6e3-7194c1abb98b: valid; 0.7 s; peak memory 9853 MiB.
2026-10-03T09:51:21Z INFO [1758/2500] 321c2361-f17a-4a28-91dc-7ac5389ffd4f: valid; 2.0 s; peak memory 9853 MiB.
2026-10-03T09:51:22Z INFO [1759/2500] 321c7cc5-3d9e-4346-95bf-a29ae62a5d31: valid; 0.7 s; peak memory 9853 MiB.
2026-10-03T09:51:23Z INFO [1760/2500] 321cac0c-8432-4bb4-836b-eb2b118e0b27: not valid; 1.1 s; peak memory 9853 MiB.
2026-10-03T09:51:32Z INFO [1761/2500] 321cd81d-e497-4209-b8c5-ce9cbd637775: valid; 9.5 s; peak memory 9853 MiB.
2026-10-03T09:51:33Z INFO [1762/2500] 321d3d43-5d16-4385-9bd1-be5b54c1ed63: not valid; 1.0 s; peak memory 9853 MiB.
2026-10-03T09:51:34Z INFO [1763/2500] 321dd235-b3cb-4baf-aa9a-c1ae922fe2ac: valid; 0.8 s; peak memory 9853 MiB.
2026-10-03T09:51:39Z INFO [1764/2500] 321f3fa7-1f31-4452-827e-738633e2bcf3: valid; 4.6 s; peak memory 9853 MiB.
2026-10-03T09:51:40Z INFO [1765/2500] 321f9654-c789-4ca5-9f3c-ff800a9c489e: not valid; 1.1 s; peak memory 9853 MiB.
2026-10-03T09:51:42Z INFO [1766/2500] 32201563-f307-46e0-9bce-99f7907bd0ae: valid; 1.9 s; peak memory 9853 MiB.
2026-10-03T09:51:51Z INFO [1767/2500] 322035b3-1fb4-4df8-a9c1-e26173b39fbb: valid; 9.6 s; peak memory 9853 MiB.
2026-10-03T09:51:53Z INFO [1768/2500] 32208d25-072c-45d3-ae23-65565cecf6fe: valid; 1.4 s; peak memory 9853 MiB.
2026-10-03T09:51:54Z INFO [1769/2500] 3220b477-0e64-486c-8284-2d09be093655: not valid; 0.9 s; peak memory 9853 MiB.
2026-10-03T09:51:55Z INFO [1770/2500] 3221199b-8b50-4424-9f9f-1b81361e6e43: valid; 1.0 s; peak memory 9853 MiB.
2026-10-03T09:51:56Z INFO [1771/2500] 32225458-ba47-46fb-bab5-fc0fd58c2ce1: valid; 0.9 s; peak memory 9853 MiB.
2026-10-03T09:52:19Z INFO [1772/2500] 3222b37e-ae65-4e86-88d0-908cb26f451d: valid; 23.8 s; peak memory 9853 MiB.
2026-10-03T09:52:20Z INFO [1773/2500] 3222c242-9f08-47a9-9a09-9d4d6ee17f2c: valid; 0.7 s; peak memory 9853 MiB.
2026-10-03T09:52:21Z INFO [1774/2500] 32230c45-34ca-4b57-bc80-9648d1971d4e: valid; 0.7 s; peak memory 9853 MiB.
2026-10-03T09:52:21Z INFO [1775/2500] 3223321c-2848-4748-9117-9c0809458c7c: valid; 0.8 s; peak memory 9853 MiB.
2026-10-03T09:52:28Z INFO [1776/2500] 3223501c-52ec-4e60-8bd3-51e69ce392e8: not valid; 6.1 s; peak memory 9853 MiB.
2026-10-03T09:52:29Z INFO [1777/2500] 32238ad1-5ea5-429c-afe9-2f546fb8bf60: not valid; 1.1 s; peak memory 9853 MiB.
2026-10-03T09:52:30Z INFO [1778/2500] 32242109-f47c-486e-a520-201dd6f86cbe: not valid; 1.5 s; peak memory 9853 MiB.
2026-10-03T09:52:32Z INFO [1779/2500] 3224561b-143f-46e0-a083-67ec0dd37569: valid; 1.6 s; peak memory 9853 MiB.
2026-10-03T09:52:33Z WARNING 32247d4d-425b-4b3f-870d-676f6f9d4e6a: failed while opening the NWB file (ConstructError: (root/acquisition/event_code_meanings GroupBuilder {'attributes': {'colnames': array(['value', 'meaning'], dtype=object), 'description': 'Mapping integer event codes to event labels', 'namespace': 'ndx-events', 'neurodata_type': 'MeaningsTable', 'object_id': '3ecbc403-e843-419c-b3c0-e78479a6f98e'}, 'groups': {}, 'datasets': {'id': root/acquisition/event_code_meanings/id DatasetBuilder {'attributes': {'namespace': 'hdmf-common', 'neurodata_type': 'ElementIdentifiers', 'object_id': 'cd29e6c7-edcd-45ef-ac05-6226987e6f85'}, 'data': <HDF5 dataset "id": shape (26,), type "<i8">}, 'meaning': root/acquisition/event_code_meanings/meaning DatasetBuilder {'attributes': {'description': 'The meaning of the value in the parent CategoricalVectorData object.', 'namespace': 'hdmf-experimental', 'neurodata_type': 'VectorData', 'object_id': '4de7d18a-9e5e-4d3b-ae74-7d93afa558b5'}, 'data': <StrDataset for HDF5 dataset "meaning": shape (26,), type "|O">}, 'value': root/acquisition/event_code_meanings/value DatasetBuilder {'attributes': {'description': 'The value of the parent CategoricalVectorData object.', 'namespace': 'hdmf-experimental', 'neurodata_type': 'VectorData', 'object_id': 'dcd6e02c-58cb-451f-ad0b-c78cfa55ff1e'}, 'data': <HDF5 dataset "value": shape (26,), type "<i8">}}, 'links': {}}, "Could not construct MeaningsTable object due to: MeaningsTable.__init__: missing argument 'target'"))
2026-10-03T09:52:34Z INFO [1781/2500] 32248eb8-b86a-4cca-9b31-7b59f85da2c4: valid; 1.7 s; peak memory 9853 MiB.
2026-10-03T09:52:36Z INFO [1782/2500] 3224c7ea-0a9b-4cc4-84e3-320b38db7d99: valid; 1.2 s; peak memory 9853 MiB.
2026-10-03T09:52:36Z INFO [1783/2500] 3224e940-3e3a-4567-97a8-e4896787fde8: valid; 0.5 s; peak memory 9853 MiB.
2026-10-03T09:52:38Z INFO [1784/2500] 322535b4-a486-45f6-a6a8-6165f0019dbf: valid; 1.8 s; peak memory 9853 MiB.
2026-10-03T09:52:41Z INFO [1785/2500] 32274615-70c2-4384-ba26-1bb8b26c9709: valid; 3.2 s; peak memory 9853 MiB.
2026-10-03T09:52:42Z INFO [1786/2500] 3227e51d-56cf-4011-ad5f-841db3cc927b: valid; 0.9 s; peak memory 9853 MiB.
2026-10-03T09:52:43Z INFO [1787/2500] 3227fb46-d98e-419b-aa8a-a22ed4e32a35: not valid; 1.3 s; peak memory 9853 MiB.
2026-10-03T09:52:45Z INFO [1788/2500] 3228279d-2f29-498f-bdd2-b5bc06825f77: valid; 2.0 s; peak memory 9853 MiB.
2026-10-03T09:52:47Z INFO [1789/2500] 32284045-e003-40d1-bda0-eb0b6f94b6d0: valid; 1.2 s; peak memory 9853 MiB.
2026-10-03T09:52:48Z INFO [1790/2500] 32292339-a902-4b61-bc0f-339f689c7275: valid; 1.4 s; peak memory 9853 MiB.
2026-10-03T09:52:49Z INFO [1791/2500] 32292b5d-1c65-4ecb-8e0f-f5934d289bf9: valid; 0.8 s; peak memory 9853 MiB.
2026-10-03T09:52:50Z INFO [1792/2500] 32296c29-c76b-4a4a-bd56-c928cdbba974: valid; 1.3 s; peak memory 9853 MiB.
2026-10-03T09:52:57Z INFO [1793/2500] 3229c659-688d-41f0-9912-954a581e7272: valid; 6.4 s; peak memory 9853 MiB.
2026-10-03T09:52:58Z INFO [1794/2500] 322a6378-8d02-4170-8259-345acd8d2aea: valid; 1.3 s; peak memory 9853 MiB.
2026-10-03T09:52:59Z INFO [1795/2500] 322aa099-4a6c-48ef-8987-6e6dd27b1b56: valid; 0.8 s; peak memory 9853 MiB.
2026-10-03T09:53:00Z INFO [1796/2500] 322ad4c1-324f-4933-9e4d-82aa1f2be0dd: valid; 1.2 s; peak memory 9853 MiB.
2026-10-03T09:53:01Z INFO [1797/2500] 322b05f5-bfe0-4f97-8e46-c712745d0b55: valid; 0.8 s; peak memory 9853 MiB.
2026-10-03T09:53:02Z INFO [1798/2500] 322b2740-b371-45e9-88d9-3958d6d08fd3: valid; 1.1 s; peak memory 9853 MiB.
2026-10-03T09:53:02Z INFO [1799/2500] 322b3a2b-c860-4fa7-bcdc-64213f48b4cb: valid; 0.6 s; peak memory 9853 MiB.
2026-10-03T09:53:04Z INFO [1800/2500] 322b6972-58db-4045-96e3-37fbc92244c1: valid; 1.2 s; peak memory 9853 MiB.
2026-10-03T09:53:04Z INFO [1800/2500] 322b6972-58db-4045-96e3-37fbc92244c1: checkpointed 97810 records.
2026-10-03T09:53:05Z INFO [1801/2500] 322ba13f-c4d9-4b7d-ad76-12b9e11396e7: valid; 1.1 s; peak memory 9853 MiB.
2026-10-03T09:53:20Z INFO [1802/2500] 322ca0f3-3fb5-4b09-97b7-2b37cf1de8e1: valid; 14.9 s; peak memory 9853 MiB.
2026-10-03T09:53:25Z INFO [1803/2500] 322ca5d6-2dfc-4dea-94d3-275afaebc470: valid; 5.1 s; peak memory 9853 MiB.
2026-10-03T09:53:26Z INFO [1804/2500] 322cfbce-fe38-4eec-93f7-e2548cf57fc2: valid; 0.9 s; peak memory 9853 MiB.
2026-10-03T09:53:27Z INFO [1805/2500] 322db448-8a46-4816-880b-4c43132baf3c: valid; 0.8 s; peak memory 9853 MiB.
2026-10-03T09:53:31Z INFO [1806/2500] 322e03a2-1460-4068-880b-0ef21fba6f18: valid; 3.8 s; peak memory 9853 MiB.
2026-10-03T09:53:32Z INFO [1807/2500] 322ebc7b-232d-4423-98b5-b881c3497ddb: valid; 1.2 s; peak memory 9853 MiB.
2026-10-03T09:53:34Z INFO [1808/2500] 322f4898-3687-48c2-a4e9-a9c366540cad: valid; 1.4 s; peak memory 9853 MiB.
2026-10-03T09:53:35Z INFO [1809/2500] 322f60c0-0b9c-41b8-a7db-eba2d5ed3c2d: valid; 1.6 s; peak memory 9853 MiB.
2026-10-03T09:53:39Z INFO [1810/2500] 3230903a-7977-47bd-b818-17b017a117ac: not valid; 4.2 s; peak memory 9853 MiB.
2026-10-03T09:53:41Z INFO [1811/2500] 32309ca8-b88e-4b75-9dca-90bbd80c3a9b: not valid; 1.2 s; peak memory 9853 MiB.
2026-10-03T09:53:42Z WARNING 32311849-e697-46f5-83b6-6768b86b1864: failed while opening the NWB file (ConstructError: (root/acquisition/_iblmic_audioSpectrogram/bands GroupBuilder {'attributes': {'colnames': array(['freq'], dtype=object), 'description': 'spectogram frequencies', 'namespace': 'core', 'neurodata_type': 'FrequencyBandsTable', 'object_id': '6bed1e57-4963-4176-a90f-ede525eb6026'}, 'groups': {}, 'datasets': {'freq': root/acquisition/_iblmic_audioSpectrogram/bands/freq DatasetBuilder {'attributes': {'description': 'frequency value', 'namespace': 'hdmf-common', 'neurodata_type': 'VectorData', 'object_id': 'b325f78f-6967-4718-af93-575aa14c0625'}, 'data': <HDF5 dataset "freq": shape (257,), type "<f4">}, 'id': root/acquisition/_iblmic_audioSpectrogram/bands/id DatasetBuilder {'attributes': {'namespace': 'hdmf-common', 'neurodata_type': 'ElementIdentifiers', 'object_id': '5394d753-30ef-4516-97c5-7ea5b4140af3'}, 'data': <HDF5 dataset "id": shape (257,), type "<i4">}}, 'links': {}}, "Could not construct FrequencyBandsTable object due to: column must have the same number of rows as 'id'"))
2026-10-03T09:53:44Z INFO [1813/2500] 3231e121-ba9b-4dd4-82a2-511401c7e2c4: valid; 1.7 s; peak memory 9853 MiB.
2026-10-03T09:53:45Z INFO [1814/2500] 3231f2a1-bf3a-49f6-8f09-97cf66371eab: valid; 1.2 s; peak memory 9853 MiB.
2026-10-03T09:53:46Z INFO [1815/2500] 3232226e-08ea-4dc4-88be-ce3e1abe3c2c: valid; 1.1 s; peak memory 9853 MiB.
2026-10-03T09:53:47Z INFO [1816/2500] 32331649-8eaa-44f1-8044-de84e87f977f: valid; 1.1 s; peak memory 9853 MiB.
2026-10-03T09:53:48Z INFO [1817/2500] 3233cc5c-3537-4714-a545-3442a9bd33a1: not valid; 0.9 s; peak memory 9853 MiB.
2026-10-03T09:53:51Z INFO [1818/2500] 32345bff-d238-4df8-ba4b-6b14824ffb58: not valid; 2.9 s; peak memory 9853 MiB.
2026-10-03T09:53:52Z INFO [1819/2500] 3234859e-afe8-4e2b-b10c-12acfde90f83: valid; 1.1 s; peak memory 9853 MiB.
2026-10-03T09:53:53Z WARNING 32358873-c954-4fc6-ba27-4df0c8da2fad: failed while opening the NWB file (ConstructError: (root/acquisition/_iblmic_audioSpectrogram/bands GroupBuilder {'attributes': {'colnames': array(['freq'], dtype=object), 'description': 'spectogram frequencies', 'namespace': 'core', 'neurodata_type': 'FrequencyBandsTable', 'object_id': '02caab50-f158-4135-b6ae-bd27ceb22500'}, 'groups': {}, 'datasets': {'freq': root/acquisition/_iblmic_audioSpectrogram/bands/freq DatasetBuilder {'attributes': {'description': 'frequency value', 'namespace': 'hdmf-common', 'neurodata_type': 'VectorData', 'object_id': 'be3a8027-d0f5-4a1f-aad5-f285cf942120'}, 'data': <HDF5 dataset "freq": shape (257,), type "<f4">}, 'id': root/acquisition/_iblmic_audioSpectrogram/bands/id DatasetBuilder {'attributes': {'namespace': 'hdmf-common', 'neurodata_type': 'ElementIdentifiers', 'object_id': '18d3e14a-0e27-4631-b9ae-ef54322e614c'}, 'data': <HDF5 dataset "id": shape (257,), type "<i4">}}, 'links': {}}, "Could not construct FrequencyBandsTable object due to: column must have the same number of rows as 'id'"))
2026-10-03T09:54:01Z INFO [1821/2500] 3236604e-0d56-4f3c-abcf-353530d0a22c: valid; 8.1 s; peak memory 9853 MiB.
2026-10-03T09:54:03Z INFO [1822/2500] 3236af0b-5e0f-462e-97ae-61c7dffb6287: valid; 1.3 s; peak memory 9853 MiB.
2026-10-03T09:54:04Z INFO [1823/2500] 3236ef94-1022-40a0-9a8c-dc1f30593dc2: valid; 0.8 s; peak memory 9853 MiB.
2026-10-03T09:54:06Z INFO [1824/2500] 3237422a-80cc-4bd8-a1e4-0af2414edf2c: valid; 2.1 s; peak memory 9853 MiB.
2026-10-03T09:54:14Z INFO [1825/2500] 32374b91-f8ed-4790-acbf-dac2802d06ac: valid; 8.1 s; peak memory 9853 MiB.
2026-10-03T09:54:15Z INFO [1826/2500] 32379a03-402a-4f33-90e6-07fea9c8c0db: not valid; 1.0 s; peak memory 9853 MiB.
2026-10-03T09:54:31Z INFO [1827/2500] 32386c69-5209-480f-a102-d50683ba4a30: valid; 16.3 s; peak memory 9853 MiB.
2026-10-03T09:54:32Z INFO [1828/2500] 32390fb2-6486-4e65-9e2b-85722f12a015: not valid; 1.1 s; peak memory 9853 MiB.
2026-10-03T09:54:33Z INFO [1829/2500] 3239a6ac-da86-4269-afec-56d7de4b41dd: valid; 0.7 s; peak memory 9853 MiB.
2026-10-03T09:54:34Z INFO [1830/2500] 3239bdde-62f9-4c2d-9ace-54aea1305641: valid; 1.1 s; peak memory 9853 MiB.
2026-10-03T09:54:35Z INFO [1831/2500] 3239c1ca-1d65-4487-a994-cec156a0adb0: valid; 1.3 s; peak memory 9853 MiB.
2026-10-03T09:54:36Z INFO [1832/2500] 3239c32c-31d8-4916-b10c-dd53c0c9c41f: valid; 0.7 s; peak memory 9853 MiB.
2026-10-03T09:54:37Z INFO [1833/2500] 323a0a23-0e32-4889-b832-3064bf97a683: valid; 0.9 s; peak memory 9853 MiB.
2026-10-03T09:54:37Z INFO [1834/2500] 323a8406-41f0-4079-8035-0e57179877d1: valid; 0.6 s; peak memory 9853 MiB.
2026-10-03T09:54:38Z INFO [1835/2500] 323a8e6e-1ffc-4f63-bf1c-2af8ddfd64de: valid; 0.5 s; peak memory 9853 MiB.
2026-10-03T09:54:41Z INFO [1836/2500] 323aaa40-9e49-4977-92c9-950a08d39662: valid; 2.8 s; peak memory 9853 MiB.
2026-10-03T09:54:42Z INFO [1837/2500] 323ab7bb-af9f-4a4d-bc05-507e661f794d: valid; 1.7 s; peak memory 9853 MiB.
2026-10-03T09:54:44Z INFO [1838/2500] 323b0750-803c-46c6-804b-611ed39ffd01: valid; 1.5 s; peak memory 9853 MiB.
2026-10-03T09:54:45Z INFO [1839/2500] 323bf6d5-e1c1-40c0-bc80-260e37b5f45c: valid; 0.8 s; peak memory 9853 MiB.
2026-10-03T09:54:46Z INFO [1840/2500] 323c1234-1f4b-4483-9e3a-e3c5c725fd68: valid; 0.8 s; peak memory 9853 MiB.
2026-10-03T09:54:46Z INFO [1841/2500] 323c318f-0a6a-40d3-92d1-ee44ddc033d1: valid; 0.8 s; peak memory 9853 MiB.
2026-10-03T09:54:47Z INFO [1842/2500] 323d2689-18a4-414f-aa0b-397407c20e06: valid; 0.6 s; peak memory 9853 MiB.
2026-10-03T09:54:57Z INFO [1843/2500] 323daf83-8e2e-45ad-9ecd-021a6505d6d6: not valid; 10.1 s; peak memory 9853 MiB.
2026-10-03T09:54:59Z INFO [1844/2500] 323e14ea-fe82-48ad-b86f-e7fb863a65bf: valid; 2.1 s; peak memory 9853 MiB.
2026-10-03T09:55:00Z INFO [1845/2500] 323e7ea2-7bb9-4e18-ad4f-8a01cd7ecfa6: not valid; 0.9 s; peak memory 9853 MiB.
2026-10-03T09:55:01Z INFO [1846/2500] 323eb177-3a36-45f4-9975-fda759f2b020: not valid; 0.8 s; peak memory 9853 MiB.
2026-10-03T09:55:02Z INFO [1847/2500] 323ec5d0-4e26-44da-9e46-8eb2e922e228: valid; 1.2 s; peak memory 9853 MiB.
2026-10-03T09:55:04Z INFO [1848/2500] 323f41b5-005e-42ee-904b-2c0c0c0b34f9: valid; 1.5 s; peak memory 9853 MiB.
2026-10-03T09:55:06Z INFO [1849/2500] 323f990c-6907-413b-a5cf-e06c01cb15d9: valid; 2.5 s; peak memory 9853 MiB.
2026-10-03T09:55:07Z INFO [1850/2500] 323fdcd5-f98b-43d2-85aa-f3d06686bc5c: valid; 0.8 s; peak memory 9853 MiB.
2026-10-03T09:55:08Z INFO [1850/2500] 323fdcd5-f98b-43d2-85aa-f3d06686bc5c: checkpointed 97860 records.
2026-10-03T09:55:09Z INFO [1851/2500] 323fedef-3c40-4c32-aab0-ef2e69c94b17: valid; 1.4 s; peak memory 9853 MiB.
2026-10-03T09:55:10Z WARNING 32405931-e8fc-406e-8bf0-d53680a1a5f4: failed while opening the NWB file (ConstructError: (root/acquisition/_iblmic_audioSpectrogram/bands GroupBuilder {'attributes': {'colnames': array(['freq'], dtype=object), 'description': 'spectogram frequencies', 'namespace': 'core', 'neurodata_type': 'FrequencyBandsTable', 'object_id': '10375aaf-22d3-4546-9d6b-97044dec457d'}, 'groups': {}, 'datasets': {'freq': root/acquisition/_iblmic_audioSpectrogram/bands/freq DatasetBuilder {'attributes': {'description': 'frequency value', 'namespace': 'hdmf-common', 'neurodata_type': 'VectorData', 'object_id': '46f7f562-3e1e-4921-8650-2f04e2aac5c0'}, 'data': <HDF5 dataset "freq": shape (257,), type "<f4">}, 'id': root/acquisition/_iblmic_audioSpectrogram/bands/id DatasetBuilder {'attributes': {'namespace': 'hdmf-common', 'neurodata_type': 'ElementIdentifiers', 'object_id': '3ef3251a-04d3-4f58-ae34-41b9953ced6b'}, 'data': <HDF5 dataset "id": shape (257,), type "<i4">}}, 'links': {}}, "Could not construct FrequencyBandsTable object due to: column must have the same number of rows as 'id'"))
2026-10-03T09:55:12Z INFO [1853/2500] 32405cf6-4088-486d-be96-6631d83b0dc3: valid; 1.9 s; peak memory 9853 MiB.
2026-10-03T09:55:15Z INFO [1854/2500] 32406f5f-f40d-4bc6-a4b3-87374473cd44: valid; 2.6 s; peak memory 9853 MiB.
2026-10-03T09:55:16Z INFO [1855/2500] 3240a4c8-2d34-44a1-95e6-23b2c679797f: valid; 0.8 s; peak memory 9853 MiB.
2026-10-03T09:55:18Z INFO [1856/2500] 3240b99a-417b-4832-b9d3-c61891af9b17: valid; 2.1 s; peak memory 9853 MiB.
2026-10-03T09:55:19Z INFO [1857/2500] 3241122b-df36-4036-b84a-63ae9bd21fbf: not valid; 1.1 s; peak memory 9853 MiB.
2026-10-03T09:55:20Z INFO [1858/2500] 32418fbd-3563-4fd7-80a4-18606bd749bd: not valid; 1.0 s; peak memory 9853 MiB.
2026-10-03T09:55:21Z INFO [1859/2500] 32420eef-4ca8-4d32-8081-12dbb645870a: not valid; 1.1 s; peak memory 9853 MiB.
2026-10-03T09:55:26Z INFO [1860/2500] 32420f92-7da0-4e1f-8aea-5939173e060d: valid; 5.0 s; peak memory 9853 MiB.
2026-10-03T09:55:27Z INFO [1861/2500] 3242bf92-ccf6-4cb8-b489-e98e8607239e: valid; 1.2 s; peak memory 9853 MiB.
2026-10-03T09:55:28Z INFO [1862/2500] 32433b72-2af9-4930-9cd9-273318446fdd: valid; 1.4 s; peak memory 9853 MiB.
2026-10-03T09:55:31Z INFO [1863/2500] 324369c8-1346-42d6-b698-e2ade141ec06: valid; 2.3 s; peak memory 9853 MiB.
2026-10-03T09:55:33Z INFO [1864/2500] 3243faae-fc9b-4141-a2a0-3934038b33c1: valid; 2.3 s; peak memory 9853 MiB.
2026-10-03T09:55:34Z INFO [1865/2500] 3244556e-4db8-475d-b34b-492e207f1d29: not valid; 1.2 s; peak memory 9853 MiB.
2026-10-03T09:55:36Z INFO [1866/2500] 32449f1d-33c1-4558-a2ee-f93a658d952a: valid; 2.0 s; peak memory 9853 MiB.
2026-10-03T09:55:38Z INFO [1867/2500] 3245afb9-4301-4784-a6cc-7131d322b501: not valid; 1.5 s; peak memory 9853 MiB.
2026-10-03T09:55:48Z INFO [1868/2500] 3245f1c4-fd99-446a-b5a1-d4a6c87f1e1f: valid; 10.3 s; peak memory 9853 MiB.
2026-10-03T09:55:49Z INFO [1869/2500] 32460225-1636-4915-9661-c37cfd1c801d: not valid; 1.1 s; peak memory 9853 MiB.
2026-10-03T09:55:51Z INFO [1870/2500] 32465ab1-278b-4396-b15a-8b7e896eb2cd: valid; 1.6 s; peak memory 9853 MiB.
2026-10-03T09:55:51Z INFO [1871/2500] 3246cc9c-8a54-47e5-b72b-8d4b3ebeb6d1: valid; 0.6 s; peak memory 9853 MiB.
2026-10-03T09:55:52Z INFO [1872/2500] 32471630-a243-4aeb-ac87-b687ad2e97cb: valid; 0.9 s; peak memory 9853 MiB.
2026-10-03T09:55:53Z INFO [1873/2500] 324727aa-041c-42db-a5ee-b737a30d6db4: valid; 1.1 s; peak memory 9853 MiB.
2026-10-03T09:55:54Z INFO [1874/2500] 324780e6-99e0-42cc-b05e-36a7b3b2b609: valid; 0.8 s; peak memory 9853 MiB.
2026-10-03T09:56:02Z INFO [1875/2500] 3247f916-484d-4411-9107-0261a99307ca: valid; 8.0 s; peak memory 9853 MiB.
2026-10-03T09:56:03Z INFO [1876/2500] 32484c80-a03c-467c-a668-9030f9f11104: not valid; 1.0 s; peak memory 9853 MiB.
2026-10-03T09:56:04Z INFO [1877/2500] 3248bcb6-3459-4d5b-99d8-2429515119f5: valid; 0.8 s; peak memory 9853 MiB.
2026-10-03T09:56:05Z INFO [1878/2500] 324a66e3-3635-4178-ad4a-a2daec9cb111: not valid; 1.2 s; peak memory 9853 MiB.
2026-10-03T09:56:14Z INFO [1879/2500] 324ad618-09e6-48d3-9c35-0f4e98605dd6: valid; 8.8 s; peak memory 9853 MiB.
2026-10-03T09:56:14Z INFO [1880/2500] 324afc9f-5385-4044-aa9c-cd405f03349b: valid; 0.6 s; peak memory 9853 MiB.
2026-10-03T09:56:16Z INFO [1881/2500] 324b4ce0-719b-4555-8282-416813b04d60: not valid; 1.1 s; peak memory 9853 MiB.
2026-10-03T09:56:20Z INFO [1882/2500] 324b9a2a-98a3-419a-970b-f48e977c6173: not valid; 3.9 s; peak memory 9853 MiB.
2026-10-03T09:56:21Z INFO [1883/2500] 324c7bb6-547a-4898-84f3-b24433d3c916: valid; 1.2 s; peak memory 9853 MiB.
2026-10-03T09:56:21Z INFO [1884/2500] 324c95c5-9e4d-45cb-9a5a-ad2eed33ef13: valid; 0.5 s; peak memory 9853 MiB.
2026-10-03T09:56:27Z INFO [1885/2500] 324cb6c8-8cba-4ec3-9df5-bd8143039a11: valid; 5.5 s; peak memory 9853 MiB.
2026-10-03T09:56:28Z INFO [1886/2500] 324cbcc7-fcfd-4251-99e7-f9507cc22a2e: not valid; 1.1 s; peak memory 9853 MiB.
2026-10-03T09:56:34Z INFO [1887/2500] 324cc276-1e2e-47f5-ae09-b4ee8a694e9d: not valid; 5.9 s; peak memory 9853 MiB.
2026-10-03T09:56:36Z INFO [1888/2500] 324ccb4d-b81e-4dbb-a29d-ef474eef0d50: valid; 2.4 s; peak memory 9853 MiB.
2026-10-03T09:56:37Z WARNING 324d0a2b-865a-4d48-87b3-7d5d150275f1: failed while opening the NWB file (ConstructError: (root/acquisition/_iblmic_audioSpectrogram/bands GroupBuilder {'attributes': {'colnames': array(['freq'], dtype=object), 'description': 'spectogram frequencies', 'namespace': 'core', 'neurodata_type': 'FrequencyBandsTable', 'object_id': '07162d28-ca97-42a8-904e-d870c27e150e'}, 'groups': {}, 'datasets': {'freq': root/acquisition/_iblmic_audioSpectrogram/bands/freq DatasetBuilder {'attributes': {'description': 'frequency value', 'namespace': 'hdmf-common', 'neurodata_type': 'VectorData', 'object_id': 'a879b7c7-8b3f-4360-8160-3a3f2358fbd6'}, 'data': <HDF5 dataset "freq": shape (257,), type "<f4">}, 'id': root/acquisition/_iblmic_audioSpectrogram/bands/id DatasetBuilder {'attributes': {'namespace': 'hdmf-common', 'neurodata_type': 'ElementIdentifiers', 'object_id': 'b70193c4-6467-43a7-ac97-0e298b06c705'}, 'data': <HDF5 dataset "id": shape (257,), type "<i4">}}, 'links': {}}, "Could not construct FrequencyBandsTable object due to: column must have the same number of rows as 'id'"))
2026-10-03T09:56:39Z INFO [1890/2500] 324d793f-fa45-49c1-a624-18662611391f: valid; 1.9 s; peak memory 9853 MiB.
2026-10-03T09:56:41Z INFO [1891/2500] 324e4a4a-1dec-4d9d-a4f9-1333e9e292ef: not valid; 1.3 s; peak memory 9853 MiB.
2026-10-03T09:56:43Z INFO [1892/2500] 324f0547-8e62-491b-8449-962a9eb9e54b: not valid; 2.3 s; peak memory 9853 MiB.
2026-10-03T09:56:47Z INFO [1893/2500] 324fda55-123a-4ddc-8dac-ee9dffd3cbdb: valid; 4.4 s; peak memory 9853 MiB.
2026-10-03T09:56:49Z INFO [1894/2500] 32507165-43f0-4f69-af48-9be4c9f45900: valid; 1.8 s; peak memory 9853 MiB.
2026-10-03T09:56:50Z INFO [1895/2500] 3250e664-7c64-4a2c-aabb-b0be773fe213: valid; 0.7 s; peak memory 9853 MiB.
2026-10-03T09:56:52Z INFO [1896/2500] 3251106e-5c3a-4a16-ae02-dca7dd6998be: not valid; 2.3 s; peak memory 9853 MiB.
2026-10-03T09:56:53Z INFO [1897/2500] 32518e59-0253-4c0e-9f2f-ec3222f81677: valid; 1.0 s; peak memory 9853 MiB.
2026-10-03T09:56:54Z INFO [1898/2500] 3251d6a6-6ac5-4d04-8ec2-4d64cdcda8c1: not valid; 0.9 s; peak memory 9853 MiB.
2026-10-03T09:56:55Z INFO [1899/2500] 325208c5-d7a4-4180-8f52-b3be3be1db7a: valid; 1.2 s; peak memory 9853 MiB.
2026-10-03T09:56:56Z INFO [1900/2500] 3253d6ab-b06a-4bf3-8540-0db7319daeaa: valid; 0.6 s; peak memory 9853 MiB.
2026-10-03T09:56:56Z INFO [1900/2500] 3253d6ab-b06a-4bf3-8540-0db7319daeaa: checkpointed 97910 records.
2026-10-03T09:56:58Z INFO [1901/2500] 32551331-e892-4028-96c5-03bd4f985394: valid; 1.9 s; peak memory 9853 MiB.
2026-10-03T09:56:59Z INFO [1902/2500] 3255404a-236c-4d10-8d03-4b6b683b5d60: valid; 0.8 s; peak memory 9853 MiB.
2026-10-03T09:57:00Z INFO [1903/2500] 32559304-aa34-42e0-b1a5-2c86996f21b5: valid; 1.1 s; peak memory 9853 MiB.
2026-10-03T09:57:02Z INFO [1904/2500] 3255b918-4c01-40d9-933e-aef02638e9da: valid; 1.8 s; peak memory 9853 MiB.
2026-10-03T09:57:03Z INFO [1905/2500] 3256030a-60de-4dd2-aee9-ebb026bd6a37: not valid; 1.2 s; peak memory 9853 MiB.
2026-10-03T09:57:08Z INFO [1906/2500] 3256be37-b93d-4d95-8538-87ad47c21948: valid; 5.2 s; peak memory 9853 MiB.
2026-10-03T09:57:10Z INFO [1907/2500] 32570b30-e54c-428d-9426-cdae9dd810a3: valid; 1.8 s; peak memory 9853 MiB.
2026-10-03T09:57:11Z INFO [1908/2500] 32570d9a-02ff-4bfd-88e2-62e59204fd78: valid; 1.2 s; peak memory 9853 MiB.
2026-10-03T09:57:14Z INFO [1909/2500] 3258265e-e722-4df2-a3d6-29c7d770d09b: valid; 2.6 s; peak memory 9853 MiB.
2026-10-03T09:57:15Z INFO [1910/2500] 32583274-5178-4c0d-9bf6-e7a92731d4dc: valid; 1.0 s; peak memory 9853 MiB.
2026-10-03T09:57:24Z INFO [1911/2500] 32586096-9d1d-4182-bf9a-75d12c7cc83b: valid; 8.9 s; peak memory 9853 MiB.
2026-10-03T09:57:25Z INFO [1912/2500] 3258b6b5-43db-492b-9136-611292c08f74: valid; 0.8 s; peak memory 9853 MiB.
2026-10-03T09:57:26Z WARNING 3258cf22-a09b-4804-971b-774afcdd8f01: failed while opening the NWB file (ConstructError: (root/acquisition/_iblmic_audioSpectrogram/bands GroupBuilder {'attributes': {'colnames': array(['freq'], dtype=object), 'description': 'spectogram frequencies', 'namespace': 'core', 'neurodata_type': 'FrequencyBandsTable', 'object_id': 'b82309b8-b337-4116-abe8-1f79828c55da'}, 'groups': {}, 'datasets': {'freq': root/acquisition/_iblmic_audioSpectrogram/bands/freq DatasetBuilder {'attributes': {'description': 'frequency value', 'namespace': 'hdmf-common', 'neurodata_type': 'VectorData', 'object_id': '3176f9f6-d7dd-475a-9e85-8e8c65ea792c'}, 'data': <HDF5 dataset "freq": shape (257,), type "<f4">}, 'id': root/acquisition/_iblmic_audioSpectrogram/bands/id DatasetBuilder {'attributes': {'namespace': 'hdmf-common', 'neurodata_type': 'ElementIdentifiers', 'object_id': 'e9254b0d-f6f7-4cb5-9c45-7541cd3e1c3e'}, 'data': <HDF5 dataset "id": shape (257,), type "<i4">}}, 'links': {}}, "Could not construct FrequencyBandsTable object due to: column must have the same number of rows as 'id'"))
2026-10-03T09:57:27Z INFO [1914/2500] 3259347a-2ea9-4403-95ad-f54ed12e49e9: not valid; 0.9 s; peak memory 9853 MiB.
2026-10-03T09:57:29Z INFO [1915/2500] 32596bc8-436f-4693-af83-7baa41349034: not valid; 1.8 s; peak memory 9853 MiB.
2026-10-03T09:57:29Z INFO [1916/2500] 325ad851-e761-4586-a146-b78dd0a7e73d: valid; 0.9 s; peak memory 9853 MiB.
2026-10-03T09:57:32Z INFO [1917/2500] 325b662a-ba07-44d4-a867-f72db2409cf0: not valid; 2.9 s; peak memory 9853 MiB.
2026-10-03T09:57:33Z INFO [1918/2500] 325c4bad-fdb3-4e15-8f33-88f674e5e949: valid; 0.8 s; peak memory 9853 MiB.
2026-10-03T09:57:35Z INFO [1919/2500] 325ca6f9-e17c-4f4d-b1a8-ad39a83f169f: not valid; 1.8 s; peak memory 9853 MiB.
2026-10-03T09:57:36Z INFO [1920/2500] 325ca90a-18d6-4540-8c5b-587b4ae59ab6: valid; 0.8 s; peak memory 9853 MiB.
2026-10-03T09:57:37Z INFO [1921/2500] 325d239a-a0ea-4574-932b-4f51ca292f16: valid; 1.0 s; peak memory 9853 MiB.
2026-10-03T09:57:43Z INFO [1922/2500] 325d7b9b-2926-4fae-8855-47027e012532: valid; 6.3 s; peak memory 9853 MiB.
2026-10-03T09:57:44Z INFO [1923/2500] 325ee505-a714-496b-ab25-8dcf8a22c845: not valid; 0.9 s; peak memory 9853 MiB.
2026-10-03T09:58:14Z INFO [1924/2500] 325f9b0b-7840-4ffc-98f9-33332e9cc1ce: valid; 29.7 s; peak memory 9853 MiB.
2026-10-03T09:58:14Z INFO [1925/2500] 325fd2ee-60af-4a8f-b35b-e6e7fc425e89: valid; 0.9 s; peak memory 9853 MiB.
2026-10-03T09:58:35Z INFO [1926/2500] 32603f60-5ddf-47fb-bc33-96d8d2e638dc: valid; 20.9 s; peak memory 9853 MiB.
2026-10-03T09:58:36Z INFO [1927/2500] 32604b75-b2e9-4cd7-ba29-e872074a43e4: valid; 1.1 s; peak memory 9853 MiB.
2026-10-03T09:58:37Z INFO [1928/2500] 32614527-fb42-45d6-82ba-abe9e28ec6e9: valid; 0.7 s; peak memory 9853 MiB.
2026-10-03T09:58:38Z INFO [1929/2500] 326173d0-e6ab-4645-b7f5-e33d5bfa768f: valid; 0.8 s; peak memory 9853 MiB.
2026-10-03T09:58:40Z INFO [1930/2500] 3261c57f-9e50-467d-a479-9ab920d12b3f: valid; 2.1 s; peak memory 9853 MiB.
2026-10-03T09:58:41Z INFO [1931/2500] 3261c8c6-eb0d-4783-8ddd-046a6c956125: valid; 1.3 s; peak memory 9853 MiB.
2026-10-03T09:58:42Z INFO [1932/2500] 3261cca8-093f-40f7-af3a-a9345195ceb1: valid; 1.1 s; peak memory 9853 MiB.
2026-10-03T09:58:43Z INFO [1933/2500] 3261d5cc-dee6-45b6-8672-94c596687a75: valid; 0.9 s; peak memory 9853 MiB.
2026-10-03T09:58:45Z INFO [1934/2500] 32627eed-e137-466b-afb1-4f95d711690b: valid; 1.6 s; peak memory 9853 MiB.
2026-10-03T09:58:47Z INFO [1935/2500] 32630f23-3284-45ca-ba5a-61d691771e02: not valid; 2.1 s; peak memory 9853 MiB.
2026-10-03T09:58:52Z INFO [1936/2500] 32636327-a94b-4048-b453-4e3231033532: valid; 4.6 s; peak memory 9853 MiB.
2026-10-03T09:58:53Z INFO [1937/2500] 3264aabd-aa80-4d67-a20e-107a86bb0651: valid; 1.8 s; peak memory 9853 MiB.
2026-10-03T09:58:54Z INFO [1938/2500] 326509e0-3027-4120-9d3a-cf58c450750f: valid; 0.8 s; peak memory 9853 MiB.
2026-10-03T09:58:55Z INFO [1939/2500] 32650c64-d81b-48bf-b670-eaa3e2fac933: not valid; 1.2 s; peak memory 9853 MiB.
2026-10-03T09:58:57Z INFO [1940/2500] 32652fb3-019c-451a-9cc9-49e335ca544b: valid; 1.9 s; peak memory 9853 MiB.
2026-10-03T09:58:59Z INFO [1941/2500] 326535c2-2c07-4a06-a7a4-6b6a4a332ea3: valid; 2.1 s; peak memory 9853 MiB.
2026-10-03T09:59:00Z INFO [1942/2500] 32655372-7518-4cb6-b7b0-474d066b940e: valid; 1.2 s; peak memory 9853 MiB.
2026-10-03T09:59:03Z INFO [1943/2500] 32659234-96b7-45da-9f84-165a917906d1: not valid; 2.3 s; peak memory 9853 MiB.
2026-10-03T09:59:04Z INFO [1944/2500] 326595ea-7c0f-47ed-9500-fa7e9af68a5f: not valid; 1.0 s; peak memory 9853 MiB.
2026-10-03T09:59:05Z INFO [1945/2500] 3265e6e8-235b-43f6-804e-88e1f6e6ecbc: valid; 1.1 s; peak memory 9853 MiB.
2026-10-03T09:59:06Z INFO [1946/2500] 32670776-ed33-4872-bffb-baba56570471: valid; 1.2 s; peak memory 9853 MiB.
2026-10-03T09:59:07Z INFO [1947/2500] 32675a8d-2cd5-4f61-8c83-031a6d5252c9: not valid; 1.2 s; peak memory 9853 MiB.
2026-10-03T09:59:08Z INFO [1948/2500] 3267a2f4-b321-4367-8705-8c3a1f3811fa: valid; 0.9 s; peak memory 9853 MiB.
2026-10-03T09:59:09Z INFO [1949/2500] 3267a339-1ab3-4051-ab0a-a2028cb4a675: valid; 1.3 s; peak memory 9853 MiB.
2026-10-03T09:59:12Z INFO [1950/2500] 3267c228-8000-4636-9daa-4583f0dc8f61: valid; 2.3 s; peak memory 9853 MiB.
2026-10-03T09:59:12Z INFO [1950/2500] 3267c228-8000-4636-9daa-4583f0dc8f61: checkpointed 97960 records.
2026-10-03T09:59:13Z INFO [1951/2500] 32682ccd-c0f6-4c2f-8249-60be59504833: valid; 0.8 s; peak memory 9853 MiB.
2026-10-03T09:59:15Z INFO [1952/2500] 32682fbb-c457-4f33-9ffc-52c36e36bfe7: valid; 1.5 s; peak memory 9853 MiB.
2026-10-03T09:59:18Z INFO [1953/2500] 32685c5c-8f19-4137-bdff-c0aa987b6c34: valid; 3.7 s; peak memory 9853 MiB.
2026-10-03T09:59:20Z INFO [1954/2500] 326880b5-37a7-448a-8e66-e11a972d84d7: valid; 1.9 s; peak memory 9853 MiB.
2026-10-03T09:59:27Z INFO [1955/2500] 3268b35d-8244-4a84-ba53-f9b391c56426: valid; 6.2 s; peak memory 9853 MiB.
2026-10-03T09:59:28Z INFO [1956/2500] 32691164-8595-4854-8a2f-c6113f6fce7f: valid; 1.9 s; peak memory 9853 MiB.
2026-10-03T09:59:30Z INFO [1957/2500] 32699bea-9ba0-4243-b231-79b63aba6530: valid; 1.2 s; peak memory 9853 MiB.
2026-10-03T09:59:30Z INFO [1958/2500] 3269f61f-24cc-4054-a45d-c89973c45d4c: valid; 0.8 s; peak memory 9853 MiB.
2026-10-03T09:59:36Z INFO [1959/2500] 326a233f-040d-41bf-8cf5-034cfaecfb86: valid; 5.3 s; peak memory 9853 MiB.
2026-10-03T09:59:36Z INFO [1960/2500] 326a7034-beeb-4578-9f9d-702ac43b5641: valid; 0.6 s; peak memory 9853 MiB.
2026-10-03T09:59:50Z INFO [1961/2500] 326b0ad3-d07b-47c2-b7c2-ea587d2a4389: valid; 13.5 s; peak memory 9853 MiB.
2026-10-03T09:59:51Z INFO [1962/2500] 326b9ab0-4262-4b3c-b711-517e515f3749: valid; 1.5 s; peak memory 9853 MiB.
2026-10-03T09:59:54Z INFO [1963/2500] 326bb029-fc9a-463f-9069-5ad94ce7fb73: not valid; 2.8 s; peak memory 9853 MiB.
2026-10-03T09:59:55Z INFO [1964/2500] 326c2691-117e-41dc-8de1-0d10ea9390cb: valid; 1.1 s; peak memory 9853 MiB.
2026-10-03T10:00:25Z INFO [1965/2500] 326c6c49-e23a-4640-9ac9-f4ab184a1aac: valid; 29.4 s; peak memory 9853 MiB.
2026-10-03T10:00:26Z INFO [1966/2500] 326cd8c9-4d4d-4a1d-904b-ae742ed7c21a: not valid; 1.0 s; peak memory 9853 MiB.
2026-10-03T10:00:27Z INFO [1967/2500] 326de11e-2c63-4ebb-b6b5-ed50f3f38295: not valid; 1.0 s; peak memory 9853 MiB.
2026-10-03T10:00:28Z INFO [1968/2500] 326e7cda-6588-42e5-a138-7b1334cac233: not valid; 1.2 s; peak memory 9853 MiB.
2026-10-03T10:00:33Z INFO [1969/2500] 326ecfda-2f75-4f83-ada6-a86f274fedb9: valid; 5.1 s; peak memory 9853 MiB.
2026-10-03T10:00:34Z INFO [1970/2500] 326eebce-0c35-4905-ba4d-9467662e4ee8: not valid; 0.7 s; peak memory 9853 MiB.
2026-10-03T10:00:35Z INFO [1971/2500] 326f0375-6810-4a7d-9dd3-c463cf81a2d5: valid; 1.5 s; peak memory 9853 MiB.
2026-10-03T10:00:36Z WARNING 326f1d32-e021-4675-afd2-53f0cb9ef362: failed while opening the NWB file (ConstructError: (root/acquisition/_iblmic_audioSpectrogram/bands GroupBuilder {'attributes': {'colnames': array(['freq'], dtype=object), 'description': 'spectogram frequencies', 'namespace': 'core', 'neurodata_type': 'FrequencyBandsTable', 'object_id': '412d4754-ba01-4d53-abc9-42467a55ada5'}, 'groups': {}, 'datasets': {'freq': root/acquisition/_iblmic_audioSpectrogram/bands/freq DatasetBuilder {'attributes': {'description': 'frequency value', 'namespace': 'hdmf-common', 'neurodata_type': 'VectorData', 'object_id': 'a2ce3d6d-d73d-431c-97c2-d09fcbc7d660'}, 'data': <HDF5 dataset "freq": shape (257,), type "<f4">}, 'id': root/acquisition/_iblmic_audioSpectrogram/bands/id DatasetBuilder {'attributes': {'namespace': 'hdmf-common', 'neurodata_type': 'ElementIdentifiers', 'object_id': 'a7053458-c149-4577-a30b-5ffc0e94228c'}, 'data': <HDF5 dataset "id": shape (257,), type "<i4">}}, 'links': {}}, "Could not construct FrequencyBandsTable object due to: column must have the same number of rows as 'id'"))
2026-10-03T10:00:39Z INFO [1973/2500] 326f1f17-a807-4de9-9e67-112545ea2ff5: not valid; 2.5 s; peak memory 9853 MiB.
2026-10-03T10:00:40Z INFO [1974/2500] 326f8d4d-ec39-4602-964f-96a2f52cfcf5: valid; 1.1 s; peak memory 9853 MiB.
2026-10-03T10:00:42Z INFO [1975/2500] 326fceb7-0c7a-4096-9dd9-ca9508cb19b0: valid; 1.9 s; peak memory 9853 MiB.
2026-10-03T10:02:58Z INFO [1976/2500] 32701cfa-8932-4d9b-9f4d-cc05cb22ae89: not valid; 135.6 s; peak memory 9853 MiB.
2026-10-03T10:02:59Z INFO [1977/2500] 3270503c-3bb8-45e8-985a-5666cf3bab58: not valid; 1.3 s; peak memory 9853 MiB.
2026-10-03T10:03:01Z INFO [1978/2500] 3270c720-aa61-4787-8664-387f127baa7a: valid; 2.4 s; peak memory 9853 MiB.
2026-10-03T10:03:02Z INFO [1979/2500] 3270f49a-654c-428a-99c1-c49f8bc13850: valid; 1.2 s; peak memory 9853 MiB.
2026-10-03T10:03:03Z INFO [1980/2500] 3271d7af-60d6-489e-8c64-f810b476bd73: not valid; 0.8 s; peak memory 9853 MiB.
2026-10-03T10:03:06Z INFO [1981/2500] 3273d9d9-0b64-4d31-9bf1-b0891c9fd88e: valid; 2.3 s; peak memory 9853 MiB.
2026-10-03T10:03:07Z INFO [1982/2500] 3274064e-b667-486a-b099-0e30ebc47b0f: valid; 1.4 s; peak memory 9853 MiB.
2026-10-03T10:03:08Z INFO [1983/2500] 32740ce7-408a-48e0-9c3f-ca5f0944c6f0: not valid; 1.0 s; peak memory 9853 MiB.
2026-10-03T10:03:09Z INFO [1984/2500] 32740ed1-7cf0-43af-94ab-2a07bd4f5832: valid; 0.9 s; peak memory 9853 MiB.
2026-10-03T10:03:10Z INFO [1985/2500] 32756ef8-1f89-4377-a1fa-9992c84ff73b: not valid; 0.8 s; peak memory 9853 MiB.
2026-10-03T10:03:15Z INFO [1986/2500] 327614c7-f013-428e-bb5b-ea92c60e2ca1: valid; 4.9 s; peak memory 9853 MiB.
2026-10-03T10:03:16Z INFO [1987/2500] 3276b317-c195-42c8-8b59-e08628943a88: valid; 1.5 s; peak memory 9853 MiB.
2026-10-03T10:03:17Z INFO [1988/2500] 3276bed0-5f4b-42aa-9769-0df1e12e8c0b: not valid; 1.2 s; peak memory 9853 MiB.
2026-10-03T10:03:23Z INFO [1989/2500] 3276e0cf-7028-429c-ab20-8965d1ace66f: valid; 5.4 s; peak memory 9853 MiB.
2026-10-03T10:03:24Z INFO [1990/2500] 32773c0b-78e7-4fb7-9297-00265054680d: not valid; 1.1 s; peak memory 9853 MiB.
2026-10-03T10:03:28Z INFO [1991/2500] 32774288-3474-4be5-bd73-4b6411ae27a1: valid; 4.7 s; peak memory 9853 MiB.
2026-10-03T10:03:28Z WARNING 3278785c-193b-4343-b52f-524b8491bcd3: failed while retrieving asset information from the DANDI API (NotFoundError: No asset at path 'sub-460434/sub-460434_ses-20191112T114755_behavior+ecephys+ogen.nwb' in version 0.231012.2129. Verify the path is correct and the asset exists in this version. Use 'dandi ls' to list available assets.)
2026-10-03T10:03:36Z INFO [1993/2500] 3278fc32-7772-42b8-862b-321a4c7034e0: valid; 7.8 s; peak memory 9853 MiB.
2026-10-03T10:03:38Z INFO [1994/2500] 327959e6-a67e-4c22-ba26-163332d37146: valid; 1.3 s; peak memory 9853 MiB.
2026-10-03T10:03:42Z INFO [1995/2500] 32796761-1a67-46c8-824f-0201e93ac690: valid; 4.1 s; peak memory 9853 MiB.
2026-10-03T10:03:43Z INFO [1996/2500] 3279ec03-ace0-47ff-89ab-ee4708151dbc: valid; 0.9 s; peak memory 9853 MiB.
2026-10-03T10:03:43Z INFO [1997/2500] 327a1ab0-08fc-44bc-9627-e055f7a90b05: valid; 0.8 s; peak memory 9853 MiB.
2026-10-03T10:03:57Z INFO [1998/2500] 327b06db-2ea2-49d6-aadf-d3341d9f6041: valid; 14.2 s; peak memory 9853 MiB.
2026-10-03T10:03:59Z INFO [1999/2500] 327c669d-be43-4744-85fa-d6b51fdac33a: not valid; 1.8 s; peak memory 9853 MiB.
2026-10-03T10:04:03Z INFO [2000/2500] 327c8cfe-5363-45b6-a770-05d59d184aef: valid; 3.4 s; peak memory 9853 MiB.
2026-10-03T10:04:03Z INFO [2000/2500] 327c8cfe-5363-45b6-a770-05d59d184aef: checkpointed 98010 records.
2026-10-03T10:04:15Z INFO [2001/2500] 327cacff-d08a-4e28-92fc-8b4f05fa4569: valid; 12.1 s; peak memory 9853 MiB.
2026-10-03T10:04:18Z INFO [2002/2500] 327cb323-d1fc-4287-9284-ee8617eee94c: valid; 2.7 s; peak memory 9853 MiB.
2026-10-03T10:04:19Z INFO [2003/2500] 327d5698-0d3d-4ee0-aa7b-baa85952b334: valid; 1.3 s; peak memory 9853 MiB.
2026-10-03T10:04:20Z INFO [2004/2500] 327e02f7-32b0-433a-93f8-5c0413bbb743: valid; 0.9 s; peak memory 9853 MiB.
2026-10-03T10:04:20Z WARNING 327fa0d6-59fc-4419-85ce-4c22cd1f690e: failed while retrieving asset information from the DANDI API (NotFoundError: No such Dandiset: 001533)
2026-10-03T10:04:20Z WARNING 3280ab58-a8ec-4102-bb5c-a48dfa8ba1d3: failed while retrieving asset information from the DANDI API (NotFoundError: No such Dandiset: 000948)
2026-10-03T10:04:22Z INFO [2007/2500] 3280dfbb-fe38-4a98-9f0f-5a63d53ce1ca: valid; 2.0 s; peak memory 9853 MiB.
2026-10-03T10:04:24Z INFO [2008/2500] 3281229d-af07-44de-ba3a-59a021b05861: not valid; 1.2 s; peak memory 9853 MiB.
2026-10-03T10:04:24Z INFO [2009/2500] 328246e3-728a-437f-a4be-3b192b385296: valid; 0.8 s; peak memory 9853 MiB.
2026-10-03T10:04:25Z INFO [2010/2500] 3282960e-efd5-44a3-988c-9ae22c468a83: valid; 0.9 s; peak memory 9853 MiB.
2026-10-03T10:04:27Z INFO [2011/2500] 3282be19-2ead-4eb2-96e5-4ab5db25565d: not valid; 1.2 s; peak memory 9853 MiB.
2026-10-03T10:04:30Z INFO [2012/2500] 32835bbb-6726-4208-bc3e-7ff0ddf832c9: valid; 3.0 s; peak memory 9853 MiB.
2026-10-03T10:04:35Z INFO [2013/2500] 32837ab8-8168-4384-bc86-f0dbca9bc825: valid; 5.3 s; peak memory 9853 MiB.
2026-10-03T10:04:37Z INFO [2014/2500] 3283b37f-b8eb-4876-b47b-6e091099e918: valid; 2.4 s; peak memory 9853 MiB.
2026-10-03T10:04:39Z INFO [2015/2500] 3283be15-7e27-4e2a-b3c4-54749f47659d: valid; 1.5 s; peak memory 9853 MiB.
2026-10-03T10:04:40Z INFO [2016/2500] 3283c8ee-80d2-4612-a822-429680afa7c3: valid; 1.1 s; peak memory 9853 MiB.
2026-10-03T10:04:41Z INFO [2017/2500] 32843f00-e6b5-4594-8d2c-9d7826d95810: valid; 1.6 s; peak memory 9853 MiB.
2026-10-03T10:04:47Z INFO [2018/2500] 3284c4cd-0a95-4f46-a67a-ef344622b1de: valid; 5.6 s; peak memory 9853 MiB.
2026-10-03T10:04:48Z INFO [2019/2500] 3284d314-c0be-4b1a-bd31-87231539459b: valid; 1.1 s; peak memory 9853 MiB.
2026-10-03T10:04:50Z INFO [2020/2500] 3285d285-fa33-45ca-b1e3-b5d75a93a5f4: valid; 2.3 s; peak memory 9853 MiB.
2026-10-03T10:04:52Z INFO [2021/2500] 328636a2-581d-4c65-92d0-bed562eb271a: valid; 1.3 s; peak memory 9853 MiB.
2026-10-03T10:04:52Z INFO [2022/2500] 3286fa09-dbb3-4f10-9c54-6ffa0cfb1eac: not valid; 0.8 s; peak memory 9853 MiB.
2026-10-03T10:04:54Z INFO [2023/2500] 3286fbaa-075f-4165-9b2c-d38bd1d61db0: valid; 1.2 s; peak memory 9853 MiB.
2026-10-03T10:04:55Z INFO [2024/2500] 3287080c-890e-4e86-be69-c76afb7c1fc7: valid; 1.7 s; peak memory 9853 MiB.
2026-10-03T10:04:56Z INFO [2025/2500] 3288ebd5-1172-47e6-b6b4-ae8cfe80fb25: not valid; 0.8 s; peak memory 9853 MiB.
2026-10-03T10:04:58Z INFO [2026/2500] 3289eb5d-a03a-45b8-a8d6-0b025a38c813: valid; 1.8 s; peak memory 9853 MiB.
2026-10-03T10:05:00Z INFO [2027/2500] 328b4b47-88f6-40b9-a65f-4cc2e1be8719: valid; 2.1 s; peak memory 9853 MiB.
2026-10-03T10:05:01Z INFO [2028/2500] 328b8b83-efae-44b7-b5c3-f49caef890df: valid; 1.0 s; peak memory 9853 MiB.
2026-10-03T10:05:02Z WARNING 328bcdf1-520b-44c9-9d98-f5f70953e319: failed while opening the NWB file (ConstructError: (root/acquisition/_iblmic_audioSpectrogram/bands GroupBuilder {'attributes': {'colnames': array(['freq'], dtype=object), 'description': 'spectogram frequencies', 'namespace': 'core', 'neurodata_type': 'FrequencyBandsTable', 'object_id': 'a522224d-1225-4c73-9909-e259bf94853d'}, 'groups': {}, 'datasets': {'freq': root/acquisition/_iblmic_audioSpectrogram/bands/freq DatasetBuilder {'attributes': {'description': 'frequency value', 'namespace': 'hdmf-common', 'neurodata_type': 'VectorData', 'object_id': '811005ba-b1da-4d4b-bfbc-ddce20920eae'}, 'data': <HDF5 dataset "freq": shape (257,), type "<f4">}, 'id': root/acquisition/_iblmic_audioSpectrogram/bands/id DatasetBuilder {'attributes': {'namespace': 'hdmf-common', 'neurodata_type': 'ElementIdentifiers', 'object_id': '43b8741f-763e-406b-b753-37462768a437'}, 'data': <HDF5 dataset "id": shape (257,), type "<i4">}}, 'links': {}}, "Could not construct FrequencyBandsTable object due to: column must have the same number of rows as 'id'"))
2026-10-03T10:05:02Z WARNING 328c7a7e-19bd-46a1-af5c-ad883f1c46cc: failed while retrieving asset information from the DANDI API (NotFoundError: No asset at path 'sub-F4/sub-F4_ses-TD2Shock_behavior.nwb' in version 0.260902.1724. Verify the path is correct and the asset exists in this version. Use 'dandi ls' to list available assets.)
2026-10-03T10:05:03Z INFO [2031/2500] 328c8552-8573-470e-9bda-7b43da8764e8: valid; 0.8 s; peak memory 9853 MiB.
2026-10-03T10:05:07Z INFO [2032/2500] 328cf9b3-6258-4d0d-b9df-d1a34a36853d: valid; 4.4 s; peak memory 9853 MiB.
2026-10-03T10:05:10Z INFO [2033/2500] 328d1714-9656-4583-a201-e700dfeebdb0: not valid; 2.7 s; peak memory 9853 MiB.
2026-10-03T10:05:11Z INFO [2034/2500] 328d1f2c-b019-4041-897a-488982430c10: valid; 0.9 s; peak memory 9853 MiB.
2026-10-03T10:05:12Z INFO [2035/2500] 328d22d1-4ac4-4ac6-881d-749a12c4c08a: not valid; 1.3 s; peak memory 9853 MiB.
2026-10-03T10:05:14Z INFO [2036/2500] 328d56b2-0333-40f5-9208-22473cb658c6: not valid; 1.1 s; peak memory 9853 MiB.
2026-10-03T10:05:14Z INFO [2037/2500] 328d8d68-0626-4ef4-ae9b-e0933f826286: valid; 0.9 s; peak memory 9853 MiB.
2026-10-03T10:05:17Z INFO [2038/2500] 328d9107-2727-40eb-80dd-aaede8836991: valid; 2.4 s; peak memory 9853 MiB.
2026-10-03T10:05:18Z INFO [2039/2500] 328dd4e7-bb38-4c9f-b7c6-64fa6a88dfb2: valid; 1.3 s; peak memory 9853 MiB.
2026-10-03T10:05:21Z INFO [2040/2500] 328df44c-c0e1-4fd4-8608-fab1b7a222e5: valid; 3.2 s; peak memory 9853 MiB.
2026-10-03T10:05:23Z INFO [2041/2500] 328edbe4-5d10-42e3-b8d8-7a2c48757e33: not valid; 1.3 s; peak memory 9853 MiB.
2026-10-03T10:05:24Z INFO [2042/2500] 328f49ff-e9d2-4ec6-8c85-3fdd07a2cae4: valid; 1.1 s; peak memory 9853 MiB.
2026-10-03T10:05:25Z INFO [2043/2500] 328fe152-89f2-439c-ace5-18ec61e5aac9: valid; 0.9 s; peak memory 9853 MiB.
2026-10-03T10:05:27Z INFO [2044/2500] 329126c9-0333-4e96-a507-c9198fe653f8: valid; 2.0 s; peak memory 9853 MiB.
2026-10-03T10:05:27Z INFO [2045/2500] 3291285a-b68d-4028-b831-4b4c31fb9146: valid; 0.7 s; peak memory 9853 MiB.
2026-10-03T10:05:29Z INFO [2046/2500] 32930c1a-7284-42d8-8522-a1803e623ec1: valid; 1.1 s; peak memory 9853 MiB.
2026-10-03T10:05:29Z INFO [2047/2500] 32930f6f-cda5-4cf9-b217-6c2d18afce16: valid; 0.8 s; peak memory 9853 MiB.
2026-10-03T10:05:30Z INFO [2048/2500] 32940a1f-33e4-4c60-b48b-a91a1c1c2dfe: not valid; 1.0 s; peak memory 9853 MiB.
2026-10-03T10:05:45Z INFO [2049/2500] 32941b00-0fb0-4e69-a86b-696a13e2714f: valid; 14.2 s; peak memory 9853 MiB.
2026-10-03T10:05:45Z INFO [2050/2500] 3294aeda-a4a2-4a2b-8df0-03274b64e852: valid; 0.9 s; peak memory 9853 MiB.
2026-10-03T10:05:46Z INFO [2050/2500] 3294aeda-a4a2-4a2b-8df0-03274b64e852: checkpointed 98060 records.
2026-10-03T10:05:47Z INFO [2051/2500] 3295d590-b681-4d8f-ac8f-a402a9bdb620: valid; 1.2 s; peak memory 9853 MiB.
2026-10-03T10:05:49Z INFO [2052/2500] 3296041b-c90c-49ed-828f-6f8ec64dbf8c: valid; 2.0 s; peak memory 9853 MiB.
2026-10-03T10:05:50Z INFO [2053/2500] 3297ebed-d8b5-4dbc-86e0-5b8890c0365b: not valid; 0.9 s; peak memory 9853 MiB.
2026-10-03T10:05:52Z INFO [2054/2500] 32986a4b-8d42-4885-9a93-ffcaff7a000c: valid; 1.3 s; peak memory 9853 MiB.
2026-10-03T10:05:54Z INFO [2055/2500] 3298edd3-1a2d-4950-b507-d3f4c09b2831: valid; 2.2 s; peak memory 9853 MiB.
2026-10-03T10:05:55Z INFO [2056/2500] 32992a10-2556-4f9d-b5d3-9e9cf7cf989b: valid; 0.8 s; peak memory 9853 MiB.
2026-10-03T10:05:56Z INFO [2057/2500] 329a8bdf-b46f-4a4a-9f5b-8f92a83ab542: valid; 1.7 s; peak memory 9853 MiB.
2026-10-03T10:05:58Z INFO [2058/2500] 329b29b2-bc1e-488e-a314-236e14b22742: valid; 1.4 s; peak memory 9853 MiB.
2026-10-03T10:05:59Z INFO [2059/2500] 329b43a4-2711-464e-a6ee-f59492319e85: valid; 0.9 s; peak memory 9853 MiB.
2026-10-03T10:05:59Z INFO [2060/2500] 329b8d95-e232-4644-bce2-8134e18f368f: not valid; 0.9 s; peak memory 9853 MiB.
2026-10-03T10:06:01Z INFO [2061/2500] 329b8dfe-d1d1-46a9-9a28-af434bc13338: valid; 1.7 s; peak memory 9853 MiB.
2026-10-03T10:06:03Z INFO [2062/2500] 329b92d6-3e1b-49fd-81c8-324e2bba272f: valid; 1.5 s; peak memory 9853 MiB.
2026-10-03T10:06:04Z INFO [2063/2500] 329c0fdf-4526-43e4-ae7d-94ca18694cc9: not valid; 1.3 s; peak memory 9853 MiB.
2026-10-03T10:06:05Z INFO [2064/2500] 329c35d5-10d4-4d99-9bd5-a59912513873: valid; 1.5 s; peak memory 9853 MiB.
2026-10-03T10:06:07Z INFO [2065/2500] 329c47bb-009f-45ba-8328-ddeeb4b46d87: not valid; 1.3 s; peak memory 9853 MiB.
2026-10-03T10:06:08Z INFO [2066/2500] 329c4dde-fd44-4a6c-9066-5091b29e1657: not valid; 1.1 s; peak memory 9853 MiB.
2026-10-03T10:06:09Z INFO [2067/2500] 329c51e8-8ef0-474a-bd79-0ba0dd6357f0: valid; 1.5 s; peak memory 9853 MiB.
2026-10-03T10:06:12Z INFO [2068/2500] 329c8ed8-3bd7-42c3-b3ad-4f5a66209840: not valid; 2.9 s; peak memory 9853 MiB.
2026-10-03T10:06:14Z INFO [2069/2500] 329cbeb6-8cc2-4a31-bd76-0ea9b45e2634: valid; 2.0 s; peak memory 9853 MiB.
2026-10-03T10:06:15Z INFO [2070/2500] 329cc68b-7405-43ad-a2fe-545d2bf2ec5d: valid; 1.0 s; peak memory 9853 MiB.
2026-10-03T10:06:24Z INFO [2071/2500] 329ce769-4e1f-4f40-9887-280cd5313687: valid; 8.7 s; peak memory 9853 MiB.
2026-10-03T10:06:25Z INFO [2072/2500] 329d9b0a-053e-407e-8e52-d46f8fc20560: not valid; 0.9 s; peak memory 9853 MiB.
2026-10-03T10:06:27Z INFO [2073/2500] 329e48cb-fbe3-4cfc-986f-47fb308e640f: not valid; 1.8 s; peak memory 9853 MiB.
2026-10-03T10:06:35Z INFO [2074/2500] 329e5adf-296f-4234-8e21-24b0739262e1: valid; 8.4 s; peak memory 9853 MiB.
2026-10-03T10:06:42Z INFO [2075/2500] 329e722e-67c9-413b-b78d-0b30a1b0aa51: valid; 7.1 s; peak memory 9853 MiB.
2026-10-03T10:06:43Z INFO [2076/2500] 329f0aca-cabd-4e0c-a6c8-6dbd8c14d1b7: valid; 0.7 s; peak memory 9853 MiB.
2026-10-03T10:06:44Z INFO [2077/2500] 329f344c-ca97-4cd9-a2a2-540761693e5d: valid; 1.6 s; peak memory 9853 MiB.
2026-10-03T10:06:46Z INFO [2078/2500] 329feccb-8251-40b3-b3cb-8c1750c75ca6: valid; 1.2 s; peak memory 9853 MiB.
2026-10-03T10:06:48Z INFO [2079/2500] 32a032ac-7635-40d1-9ee9-5fd95bc5279f: valid; 2.0 s; peak memory 9853 MiB.
2026-10-03T10:06:49Z INFO [2080/2500] 32a04eaa-a39a-436f-a00f-93055f268744: valid; 1.1 s; peak memory 9853 MiB.
2026-10-03T10:06:50Z INFO [2081/2500] 32a065fb-fa2a-4246-a4e6-3a185b061906: valid; 1.2 s; peak memory 9853 MiB.
2026-10-03T10:06:51Z INFO [2082/2500] 32a09b70-c44c-4bee-bb47-fa0f76f3c1b4: not valid; 0.9 s; peak memory 9853 MiB.
2026-10-03T10:06:53Z WARNING 32a0d135-e12d-48bf-b1e4-6ed06ed0360a: failed while opening the NWB file (ConstructError: (root/general/optogenetics/PatternedOptogeneticStimulusSite GroupBuilder {'attributes': {'effector': 'GUR-3/PRDX-2', 'namespace': 'ndx-patterned-ogen', 'neurodata_type': 'PatternedOptogeneticStimulusSite', 'object_id': '64d7b33e-673c-4880-8146-066f70c5e776'}, 'groups': {}, 'datasets': {'description': root/general/optogenetics/PatternedOptogeneticStimulusSite/description DatasetBuilder {'attributes': {}, 'data': 'Scanning'}, 'excitation_lambda': root/general/optogenetics/PatternedOptogeneticStimulusSite/excitation_lambda DatasetBuilder {'attributes': {}, 'data': np.float64(850.0)}, 'location': root/general/optogenetics/PatternedOptogeneticStimulusSite/location DatasetBuilder {'attributes': {}, 'data': 'whole brain'}}, 'links': {'device': root/general/optogenetics/PatternedOptogeneticStimulusSite/device LinkBuilder {'builder': root/general/devices/OptogeneticDevice GroupBuilder {'attributes': {'description': '', 'namespace': 'core', 'neurodata_type': 'Device', 'object_id': '6093adb8-41e4-4365-ac11-96077f0db17a'}, 'groups': {}, 'datasets': {}, 'links': {}}}, 'light_source': root/general/optogenetics/PatternedOptogeneticStimulusSite/light_source LinkBuilder {'builder': root/general/devices/AmplifiedLaser GroupBuilder {'attributes': {'description': 'For two-photon optogenetic targeting, we used an optical parametric amplifier (OPA; Light Conversion ORPHEUS) pumped by a femtosecond amplified laser (Light Conversion PHAROS).', 'filter_description': 'Short pass at 1040 nm', 'manufacturer': 'Light Conversion', 'model': 'ORPHEUS amplifier and PHAROS laser', 'namespace': 'ndx-patterned-ogen', 'neurodata_type': 'LightSource', 'object_id': 'c0055696-6550-4461-9f04-11d8ca36aac1', 'peak_power_in_W': np.float64(0.0012), 'pulse_rate_in_Hz': np.float64(500000.0), 'stimulation_wavelength_in_nm': np.float64(850.0)}, 'groups': {}, 'datasets': {}, 'links': {}}}}}, "Could not construct PatternedOptogeneticStimulusSite object due to: CustomClassGenerator.set_init.<locals>.__init__: incorrect type for 'spatial_light_modulator' (got 'list', expected 'Device')"))
2026-10-03T10:06:54Z INFO [2084/2500] 32a0ed27-3f99-45f7-bfa1-6841138e4306: valid; 0.8 s; peak memory 9853 MiB.
2026-10-03T10:06:54Z INFO [2085/2500] 32a16a62-7e21-48af-9c6b-411762f479fb: not valid; 0.6 s; peak memory 9853 MiB.
2026-10-03T10:06:55Z INFO [2086/2500] 32a1a59c-2037-4376-a10b-7ab99e64c777: valid; 0.9 s; peak memory 9853 MiB.
2026-10-03T10:06:56Z INFO [2087/2500] 32a1ecab-28c1-4124-95f3-916048085a19: not valid; 0.9 s; peak memory 9853 MiB.
2026-10-03T10:07:01Z INFO [2088/2500] 32a26dab-c133-472f-bf0f-3642fc625166: valid; 5.2 s; peak memory 9853 MiB.
2026-10-03T10:07:02Z INFO [2089/2500] 32a2ab22-f604-40ee-8d72-0c7de98334f0: valid; 0.8 s; peak memory 9853 MiB.
2026-10-03T10:07:03Z INFO [2090/2500] 32a38057-e71d-4d08-be62-4b02281e86a7: valid; 0.6 s; peak memory 9853 MiB.
2026-10-03T10:07:05Z INFO [2091/2500] 32a4c72d-fde0-4b5d-8003-52c80f521d09: valid; 1.8 s; peak memory 9853 MiB.
2026-10-03T10:07:05Z INFO [2092/2500] 32a4d995-2bfe-45a2-a0e2-9d30e162d56c: valid; 0.8 s; peak memory 9853 MiB.
2026-10-03T10:07:07Z INFO [2093/2500] 32a568bc-0e90-4638-bbea-6d24dd56e090: valid; 1.5 s; peak memory 9853 MiB.
2026-10-03T10:08:01Z INFO [2094/2500] 32a5f888-5ebc-40c1-8383-5d9589f86b83: valid; 53.7 s; peak memory 9853 MiB.
2026-10-03T10:08:02Z INFO [2095/2500] 32a68908-6ec7-45a9-b34d-42d6269a47f7: valid; 1.2 s; peak memory 9853 MiB.
2026-10-03T10:08:04Z INFO [2096/2500] 32a6bb8b-eff1-47fd-a8d4-d304b27c2cfb: valid; 1.9 s; peak memory 9853 MiB.
2026-10-03T10:08:06Z INFO [2097/2500] 32a6bdbd-5ea9-4bef-81f3-d8e71dd1c100: valid; 2.6 s; peak memory 9853 MiB.
2026-10-03T10:08:07Z INFO [2098/2500] 32a7f1c5-25fc-4eab-be91-d291c630e1a1: valid; 0.9 s; peak memory 9853 MiB.
2026-10-03T10:08:10Z INFO [2099/2500] 32a811d6-96f1-4eaf-859a-9a747b371af8: valid; 2.8 s; peak memory 9853 MiB.
2026-10-03T10:08:11Z INFO [2100/2500] 32a82017-69e0-48e9-9e68-9d45ba9dbf61: valid; 0.8 s; peak memory 9853 MiB.
2026-10-03T10:08:12Z INFO [2100/2500] 32a82017-69e0-48e9-9e68-9d45ba9dbf61: checkpointed 98110 records.
2026-10-03T10:08:13Z WARNING 32a82acb-fac1-48c8-9bc1-af4041753a80: failed while opening the NWB file (ConstructError: (root/acquisition/event_code_meanings GroupBuilder {'attributes': {'colnames': array(['value', 'meaning'], dtype=object), 'description': 'Mapping integer event codes to event labels', 'namespace': 'ndx-events', 'neurodata_type': 'MeaningsTable', 'object_id': '1463673c-e86a-4107-9ec2-576ef8821979'}, 'groups': {}, 'datasets': {'id': root/acquisition/event_code_meanings/id DatasetBuilder {'attributes': {'namespace': 'hdmf-common', 'neurodata_type': 'ElementIdentifiers', 'object_id': '95c05d8c-ea6c-4e58-ae6e-d2390e341b9b'}, 'data': <HDF5 dataset "id": shape (26,), type "<i8">}, 'meaning': root/acquisition/event_code_meanings/meaning DatasetBuilder {'attributes': {'description': 'The meaning of the value in the parent CategoricalVectorData object.', 'namespace': 'hdmf-experimental', 'neurodata_type': 'VectorData', 'object_id': 'b8160017-1d15-412c-bac0-e2c510d2644b'}, 'data': <StrDataset for HDF5 dataset "meaning": shape (26,), type "|O">}, 'value': root/acquisition/event_code_meanings/value DatasetBuilder {'attributes': {'description': 'The value of the parent CategoricalVectorData object.', 'namespace': 'hdmf-experimental', 'neurodata_type': 'VectorData', 'object_id': '5bff2e52-193c-40f4-8508-29e0fe134630'}, 'data': <HDF5 dataset "value": shape (26,), type "<i8">}}, 'links': {}}, "Could not construct MeaningsTable object due to: MeaningsTable.__init__: missing argument 'target'"))
2026-10-03T10:08:14Z INFO [2102/2500] 32a9806b-447f-4152-a92d-241f667b67d2: not valid; 1.3 s; peak memory 9853 MiB.
2026-10-03T10:08:15Z INFO [2103/2500] 32aa1fd6-3f6a-4389-b13e-9cbc9f8f4278: not valid; 0.9 s; peak memory 9853 MiB.
2026-10-03T10:08:16Z INFO [2104/2500] 32aa98c8-1347-4a30-b587-eb5304a9c776: valid; 1.4 s; peak memory 9853 MiB.
2026-10-03T10:08:17Z INFO [2105/2500] 32aacacc-e441-490f-8e15-dd10f1e0dbd6: valid; 1.0 s; peak memory 9853 MiB.
2026-10-03T10:08:22Z INFO [2106/2500] 32ab0524-46fd-4029-a085-90db39db9e21: not valid; 4.5 s; peak memory 9853 MiB.
2026-10-03T10:08:23Z INFO [2107/2500] 32ab351e-1b01-4266-bd12-e5f163d49640: not valid; 1.3 s; peak memory 9853 MiB.
2026-10-03T10:08:24Z INFO [2108/2500] 32ac13a1-f070-47a4-851b-4421f48a7839: valid; 0.8 s; peak memory 9853 MiB.
2026-10-03T10:09:29Z INFO [2109/2500] 32accacd-7cb0-4463-bd65-102fa93116bc: not valid; 65.4 s; peak memory 9853 MiB.
2026-10-03T10:09:31Z INFO [2110/2500] 32acd91e-4d04-4a23-aceb-79288c108854: valid; 1.4 s; peak memory 9853 MiB.
2026-10-03T10:09:31Z INFO [2111/2500] 32acef21-ba83-430c-a0b3-5661353830f6: valid; 0.7 s; peak memory 9853 MiB.
2026-10-03T10:09:33Z INFO [2112/2500] 32ad1afd-d0b6-4914-b2d9-15eb80793eff: valid; 1.6 s; peak memory 9853 MiB.
2026-10-03T10:09:35Z INFO [2113/2500] 32ada568-1ee4-4b09-af1b-7ec7ec1fcf8a: valid; 2.2 s; peak memory 9853 MiB.
2026-10-03T10:09:36Z INFO [2114/2500] 32aea1b4-41ca-427f-b986-e282667e8fe0: not valid; 1.1 s; peak memory 9853 MiB.
2026-10-03T10:09:37Z INFO [2115/2500] 32aeda51-70b5-48cf-9b03-c7a1a7ebcbc1: valid; 0.6 s; peak memory 9853 MiB.
2026-10-03T10:09:38Z INFO [2116/2500] 32af1df6-3f44-4834-bddc-ac949840c1dc: valid; 1.0 s; peak memory 9853 MiB.
2026-10-03T10:09:39Z INFO [2117/2500] 32af33d4-e472-4dbb-be1e-29aa61cf06db: not valid; 0.9 s; peak memory 9853 MiB.
2026-10-03T10:09:41Z INFO [2118/2500] 32b0d120-8f6c-4902-9329-b51d1907eed4: valid; 1.8 s; peak memory 9853 MiB.
2026-10-03T10:09:50Z INFO [2119/2500] 32b14534-4ba2-42c2-bb9a-0145e783de18: valid; 9.0 s; peak memory 9853 MiB.
2026-10-03T10:09:53Z INFO [2120/2500] 32b1cca1-e5eb-4d2e-be7a-b6951642ff78: valid; 3.4 s; peak memory 9853 MiB.
2026-10-03T10:09:56Z INFO [2121/2500] 32b26da7-042c-413a-a33e-44b057c4593e: not valid; 2.7 s; peak memory 9853 MiB.
2026-10-03T10:09:57Z INFO [2122/2500] 32b2a0f7-5b02-498c-b8cb-f73f2d13abcb: not valid; 1.0 s; peak memory 9853 MiB.
2026-10-03T10:09:57Z WARNING 32b2d1a6-55f3-4e54-8402-55d85bc011ab: failed while retrieving asset information from the DANDI API (NotFoundError: No asset at path 'sub-parkinson-simulated-beta/sub-parkinson-simulated-beta_ses-3207_ecephys.nwb' in version 0.250327.2220. Verify the path is correct and the asset exists in this version. Use 'dandi ls' to list available assets.)
2026-10-03T10:09:58Z INFO [2124/2500] 32b2f632-b653-4937-9fc0-3000e361f4c5: valid; 1.2 s; peak memory 9853 MiB.
2026-10-03T10:09:59Z INFO [2125/2500] 32b31c05-73aa-4364-bfd4-1cc1c708c376: valid; 0.7 s; peak memory 9853 MiB.
2026-10-03T10:10:15Z INFO [2126/2500] 32b39e0e-de4d-4e1a-af2d-b65861e16ef9: valid; 16.4 s; peak memory 9853 MiB.
2026-10-03T10:10:17Z INFO [2127/2500] 32b3e4a5-6822-434e-b530-24137c30c623: valid; 1.6 s; peak memory 9853 MiB.
2026-10-03T10:10:18Z INFO [2128/2500] 32b433f9-0855-4d21-8078-63a35644712c: valid; 0.8 s; peak memory 9853 MiB.
2026-10-03T10:10:19Z INFO [2129/2500] 32b4c98e-9eb1-4cd8-ab32-28c5fcfc10e7: valid; 0.9 s; peak memory 9853 MiB.
2026-10-03T10:10:19Z INFO [2130/2500] 32b4d122-7bb0-4481-b0da-54cde5ca985a: valid; 0.9 s; peak memory 9853 MiB.
2026-10-03T10:10:20Z INFO [2131/2500] 32b51a6a-9ec4-4162-81ac-db44c061ca20: valid; 0.8 s; peak memory 9853 MiB.
2026-10-03T10:10:21Z WARNING 32b5a577-52b0-41f4-a711-9002fd669b88: failed while opening the NWB file (ValueError: Cannot resolve included group spec 'electrodes' with data_type_inc 'ElectrodesTable' because a group spec with the same name already exists with data_type_inc 'DynamicTable', and data type 'DynamicTable' is not a child type of data type 'ElectrodesTable'.)
2026-10-03T10:10:23Z INFO [2133/2500] 32b5f639-e4b5-40c1-9ee6-40bdc4640e25: valid; 1.9 s; peak memory 9853 MiB.
2026-10-03T10:10:24Z INFO [2134/2500] 32b65828-55e4-4589-b2a8-21d49e86bcc1: not valid; 1.2 s; peak memory 9853 MiB.
2026-10-03T10:10:25Z INFO [2135/2500] 32b68b7a-71ec-4271-95b3-362e7594a0bf: not valid; 1.1 s; peak memory 9853 MiB.
2026-10-03T10:10:38Z INFO [2136/2500] 32b71c3e-ab62-4160-b204-c92a9828ede5: valid; 12.6 s; peak memory 9853 MiB.
2026-10-03T10:10:39Z INFO [2137/2500] 32b7a0e8-bc75-4b63-92e9-e7b631f0941d: valid; 0.7 s; peak memory 9853 MiB.
2026-10-03T10:10:40Z INFO [2138/2500] 32b7e20f-06b3-4a00-a6fe-c2373028148e: valid; 0.9 s; peak memory 9853 MiB.
2026-10-03T10:10:40Z INFO [2139/2500] 32b86953-0b27-45c0-932b-60e0d99ff0cd: valid; 0.8 s; peak memory 9853 MiB.
2026-10-03T10:10:42Z INFO [2140/2500] 32b86d36-f364-4df0-aaf8-8ad58d1b3ea9: valid; 1.9 s; peak memory 9853 MiB.
2026-10-03T10:10:48Z INFO [2141/2500] 32b871a7-ee2f-4264-80c0-9009837456d2: valid; 5.7 s; peak memory 9853 MiB.
2026-10-03T10:10:50Z INFO [2142/2500] 32b8c425-abfb-44e4-91b6-7e050f7686c5: valid; 1.6 s; peak memory 9853 MiB.
2026-10-03T10:10:50Z INFO [2143/2500] 32b8df61-0bfa-4419-a15f-bcdfdd5af5d2: valid; 0.8 s; peak memory 9853 MiB.
2026-10-03T10:10:51Z INFO [2144/2500] 32b95f63-379c-47ea-94b2-6c30115cdefc: valid; 0.6 s; peak memory 9853 MiB.
2026-10-03T10:10:54Z INFO [2145/2500] 32b96aa8-8078-453e-a199-df36a91f8ed1: valid; 2.5 s; peak memory 9853 MiB.
2026-10-03T10:10:57Z INFO [2146/2500] 32b9c4c2-c8c5-4986-91ef-89cf4a31acc2: valid; 3.0 s; peak memory 9853 MiB.
2026-10-03T10:10:57Z INFO [2147/2500] 32b9dc2e-7fd9-4df5-9419-7e3e3a44e4fb: valid; 0.7 s; peak memory 9853 MiB.
2026-10-03T10:10:58Z INFO [2148/2500] 32ba7fa0-a5d3-4312-b25f-a897b938b3da: not valid; 0.9 s; peak memory 9853 MiB.
2026-10-03T10:10:59Z INFO [2149/2500] 32bab9e0-cb3f-45d1-86db-ac0ff1d525a3: not valid; 1.1 s; peak memory 9853 MiB.
2026-10-03T10:10:59Z WARNING 32bb26eb-0697-465e-a089-10ca4d57f823: failed while retrieving asset information from the DANDI API (NotFoundError: No such Dandiset: 000948)
2026-10-03T10:11:00Z INFO [2150/2500] 32bb26eb-0697-465e-a089-10ca4d57f823: checkpointed 98160 records.
2026-10-03T10:11:01Z INFO [2151/2500] 32bb3f1b-f061-4675-8aca-de1377008dbb: not valid; 1.5 s; peak memory 9853 MiB.
2026-10-03T10:11:02Z INFO [2152/2500] 32bb839f-859d-4438-8c03-b22ecaeea474: valid; 0.9 s; peak memory 9853 MiB.
2026-10-03T10:11:03Z INFO [2153/2500] 32bb9b65-c5cc-405d-a362-b82511174391: valid; 0.9 s; peak memory 9853 MiB.
2026-10-03T10:11:04Z INFO [2154/2500] 32bbbea0-88a8-40ab-bdb8-088efe7e6d50: valid; 1.1 s; peak memory 9853 MiB.
2026-10-03T10:11:06Z WARNING 32bbc666-c4ca-4984-be2d-11633fd683cc: failed while opening the NWB file (ConstructError: (root/acquisition/_iblmic_audioSpectrogram/bands GroupBuilder {'attributes': {'colnames': array(['freq'], dtype=object), 'description': 'spectogram frequencies', 'namespace': 'core', 'neurodata_type': 'FrequencyBandsTable', 'object_id': '8b2e683f-2235-4317-8f4a-e2bea6c60cf3'}, 'groups': {}, 'datasets': {'freq': root/acquisition/_iblmic_audioSpectrogram/bands/freq DatasetBuilder {'attributes': {'description': 'frequency value', 'namespace': 'hdmf-common', 'neurodata_type': 'VectorData', 'object_id': 'a162db29-fdce-45bf-affc-bd031baac2d3'}, 'data': <HDF5 dataset "freq": shape (257,), type "<f4">}, 'id': root/acquisition/_iblmic_audioSpectrogram/bands/id DatasetBuilder {'attributes': {'namespace': 'hdmf-common', 'neurodata_type': 'ElementIdentifiers', 'object_id': '49a58e74-31b8-4706-99e5-c62ba87abbe8'}, 'data': <HDF5 dataset "id": shape (257,), type "<i4">}}, 'links': {}}, "Could not construct FrequencyBandsTable object due to: column must have the same number of rows as 'id'"))
2026-10-03T10:11:07Z INFO [2156/2500] 32bd5447-37ef-42bc-93dd-c5b83699215a: valid; 1.0 s; peak memory 9853 MiB.
2026-10-03T10:11:08Z INFO [2157/2500] 32bdccd5-c438-4271-9a73-22954686a817: not valid; 1.0 s; peak memory 9853 MiB.
2026-10-03T10:11:09Z INFO [2158/2500] 32be05fb-6392-4442-9ef2-fa91638d3660: valid; 1.3 s; peak memory 9853 MiB.
2026-10-03T10:11:10Z INFO [2159/2500] 32be49f8-a919-44cd-8f08-64d5e62fddc9: valid; 1.3 s; peak memory 9853 MiB.
2026-10-03T10:11:11Z INFO [2160/2500] 32be5dd1-d5bb-44e6-9665-b3ff80be6da1: not valid; 1.1 s; peak memory 9853 MiB.
2026-10-03T10:11:12Z INFO [2161/2500] 32beea25-9228-44d7-9f3f-936ef2ebf93f: not valid; 1.0 s; peak memory 9853 MiB.
2026-10-03T10:11:13Z INFO [2162/2500] 32bf1637-87e4-4e59-b38b-56ab62d38a27: valid; 0.6 s; peak memory 9853 MiB.
2026-10-03T10:11:14Z INFO [2163/2500] 32bf20a8-cf56-47df-ae6e-584e1aff9ea3: valid; 1.0 s; peak memory 9853 MiB.
2026-10-03T10:11:15Z INFO [2164/2500] 32bf22e5-406b-40e0-aca9-83224534f94f: not valid; 1.4 s; peak memory 9853 MiB.
2026-10-03T10:11:20Z INFO [2165/2500] 32bf3756-a1bc-4ac5-bf0f-0e799de7078e: valid; 4.9 s; peak memory 9853 MiB.
2026-10-03T10:11:21Z INFO [2166/2500] 32bf3a74-e560-42c7-8365-11e5889a34b6: valid; 1.2 s; peak memory 9853 MiB.
2026-10-03T10:11:23Z INFO [2167/2500] 32bf74ba-0cc2-43b4-9f26-9b388b94df01: valid; 1.5 s; peak memory 9853 MiB.
2026-10-03T10:11:25Z INFO [2168/2500] 32bf8daa-42ca-4d43-82df-da642f7e2379: not valid; 1.8 s; peak memory 9853 MiB.
2026-10-03T10:11:26Z INFO [2169/2500] 32bfab24-9d4d-4db9-9a92-b5ee53c9a74d: valid; 1.3 s; peak memory 9853 MiB.
2026-10-03T10:11:27Z INFO [2170/2500] 32bfda20-9c7d-4f73-b981-b4e018b5511f: valid; 1.4 s; peak memory 9853 MiB.
2026-10-03T10:11:29Z INFO [2171/2500] 32c04669-a54d-4b54-80cb-9884ec98d20c: valid; 1.2 s; peak memory 9853 MiB.
2026-10-03T10:11:31Z INFO [2172/2500] 32c056e1-2ec6-494c-8e3c-93e520775570: valid; 2.0 s; peak memory 9853 MiB.
2026-10-03T10:11:38Z INFO [2173/2500] 32c09a7b-de90-494e-a54a-2d6faebb7a8c: valid; 7.8 s; peak memory 9853 MiB.
2026-10-03T10:11:40Z INFO [2174/2500] 32c09b46-1b05-4fd0-bf19-74d2df8908ed: valid; 1.8 s; peak memory 9853 MiB.
2026-10-03T10:11:41Z INFO [2175/2500] 32c0bc03-03db-46d5-b533-8a0b711c136b: valid; 0.8 s; peak memory 9853 MiB.
2026-10-03T10:11:42Z INFO [2176/2500] 32c0fb4d-7af3-4cd4-9963-fed47a4e03cb: valid; 1.0 s; peak memory 9853 MiB.
2026-10-03T10:11:43Z INFO [2177/2500] 32c10e84-0ed3-4727-9c5f-3f4999b4d7b0: not valid; 0.9 s; peak memory 9853 MiB.
2026-10-03T10:11:44Z INFO [2178/2500] 32c1335b-ae4c-478b-87a6-6438964b97da: valid; 1.2 s; peak memory 9853 MiB.
2026-10-03T10:11:47Z INFO [2179/2500] 32c1d0de-8f8a-496c-bebc-f4f409c5400f: valid; 3.0 s; peak memory 9853 MiB.
2026-10-03T10:11:49Z INFO [2180/2500] 32c2ab31-33f8-4ee2-851b-bc851561391c: valid; 1.4 s; peak memory 9853 MiB.
2026-10-03T10:11:50Z INFO [2181/2500] 32c2e846-1a20-43c7-927f-d7d7e4b7e9ad: not valid; 1.2 s; peak memory 9853 MiB.
2026-10-03T10:11:51Z INFO [2182/2500] 32c33e61-cc38-4e8f-ba1d-89e238b3a636: not valid; 0.9 s; peak memory 9853 MiB.
2026-10-03T10:11:52Z INFO [2183/2500] 32c4518a-04a2-464b-b5d8-9bc80b35c974: valid; 1.2 s; peak memory 9853 MiB.
2026-10-03T10:11:53Z INFO [2184/2500] 32c4704e-84b8-4c73-8133-01abb4cdd39a: valid; 1.0 s; peak memory 9853 MiB.
2026-10-03T10:11:56Z INFO [2185/2500] 32c472eb-940c-43db-8170-1573e617a624: valid; 3.0 s; peak memory 9853 MiB.
2026-10-03T10:12:04Z INFO [2186/2500] 32c47377-6514-40f9-b599-925a18ea9041: valid; 7.7 s; peak memory 9853 MiB.
2026-10-03T10:12:11Z INFO [2187/2500] 32c4a7ec-9df0-42fc-a516-f32d521b0eb7: valid; 7.7 s; peak memory 9853 MiB.
2026-10-03T10:12:12Z INFO [2188/2500] 32c4f1d3-61e6-4d5a-bcb6-87579dc1844d: not valid; 1.0 s; peak memory 9853 MiB.
2026-10-03T10:12:13Z INFO [2189/2500] 32c552cd-6843-4673-8b5c-b85f1ea45b9a: not valid; 1.0 s; peak memory 9853 MiB.
2026-10-03T10:12:14Z INFO [2190/2500] 32c61d25-1888-4bab-9e20-0a0636438acd: valid; 0.9 s; peak memory 9853 MiB.
2026-10-03T10:12:16Z INFO [2191/2500] 32c663bc-7b43-4407-954c-ca0ba02e7591: not valid; 2.0 s; peak memory 9853 MiB.
2026-10-03T10:12:18Z INFO [2192/2500] 32c6c01a-5c40-4470-bbfd-7e6e1600ec8e: valid; 2.1 s; peak memory 9853 MiB.
2026-10-03T10:12:19Z INFO [2193/2500] 32c6ca5f-679b-4c7d-b1c1-8af45aba9c1d: valid; 1.0 s; peak memory 9853 MiB.
2026-10-03T10:12:20Z INFO [2194/2500] 32c6caaa-264f-46ed-861d-86cced5d023a: valid; 0.9 s; peak memory 9853 MiB.
2026-10-03T10:12:25Z INFO [2195/2500] 32c6cb13-d146-4ecf-a59d-ff806e559f47: not valid; 4.9 s; peak memory 9853 MiB.
2026-10-03T10:12:27Z INFO [2196/2500] 32c6d769-5cd1-439f-8c4f-e4b0231e5f41: valid; 1.9 s; peak memory 9853 MiB.
2026-10-03T10:12:28Z INFO [2197/2500] 32c7c2da-ef69-4d4b-a394-9fc692b1f506: valid; 1.1 s; peak memory 9853 MiB.
2026-10-03T10:12:29Z INFO [2198/2500] 32c7cc82-af61-48c8-928f-d5cdd78f0491: valid; 0.8 s; peak memory 9853 MiB.
2026-10-03T10:12:32Z INFO [2199/2500] 32c7cf63-7b14-4364-b6f5-3ec7e074d723: valid; 2.8 s; peak memory 9853 MiB.
2026-10-03T10:12:33Z INFO [2200/2500] 32c7dc52-1867-4418-8703-280d291d2d2d: valid; 0.8 s; peak memory 9853 MiB.
2026-10-03T10:12:33Z INFO [2200/2500] 32c7dc52-1867-4418-8703-280d291d2d2d: checkpointed 98210 records.
2026-10-03T10:12:35Z WARNING 32c7f8b2-3c03-45b9-81e3-e0c9474e39be: failed while opening the NWB file (ConstructError: (root/acquisition/_iblmic_audioSpectrogram/bands GroupBuilder {'attributes': {'colnames': array(['freq'], dtype=object), 'description': 'spectogram frequencies', 'namespace': 'core', 'neurodata_type': 'FrequencyBandsTable', 'object_id': '080cdcdc-ac4e-417c-a475-0c4f7b38f4da'}, 'groups': {}, 'datasets': {'freq': root/acquisition/_iblmic_audioSpectrogram/bands/freq DatasetBuilder {'attributes': {'description': 'frequency value', 'namespace': 'hdmf-common', 'neurodata_type': 'VectorData', 'object_id': 'a1b338e7-7c7d-41aa-bd29-2fa268415978'}, 'data': <HDF5 dataset "freq": shape (257,), type "<f4">}, 'id': root/acquisition/_iblmic_audioSpectrogram/bands/id DatasetBuilder {'attributes': {'namespace': 'hdmf-common', 'neurodata_type': 'ElementIdentifiers', 'object_id': '78f8b8e8-7054-48e9-b831-8cc24baddc57'}, 'data': <HDF5 dataset "id": shape (257,), type "<i4">}}, 'links': {}}, "Could not construct FrequencyBandsTable object due to: column must have the same number of rows as 'id'"))
2026-10-03T10:12:36Z INFO [2202/2500] 32c835fa-db89-49de-a76c-4951b61bd0d3: valid; 0.9 s; peak memory 9853 MiB.
2026-10-03T10:12:37Z INFO [2203/2500] 32c88e65-eda7-4389-aaa8-e8d7052c8610: valid; 1.5 s; peak memory 9853 MiB.
2026-10-03T10:12:38Z WARNING 32c8ba2a-b0f9-48bb-9cb0-7b0ff85210c5: failed while opening the NWB file (ValueError: Cannot resolve included group spec 'electrodes' with data_type_inc 'ElectrodesTable' because a group spec with the same name already exists with data_type_inc 'DynamicTable', and data type 'DynamicTable' is not a child type of data type 'ElectrodesTable'.)
2026-10-03T10:12:39Z INFO [2205/2500] 32c9cd5b-2289-4dec-8b95-c2cd824a9e92: valid; 0.7 s; peak memory 9853 MiB.
2026-10-03T10:12:40Z INFO [2206/2500] 32ca3208-b592-4af5-afaa-74d7b334cc16: not valid; 1.3 s; peak memory 9853 MiB.
2026-10-03T10:12:41Z INFO [2207/2500] 32ca3f29-6715-4fe1-8c0e-2054791265e9: valid; 1.3 s; peak memory 9853 MiB.
2026-10-03T10:12:50Z INFO [2208/2500] 32ca857d-8960-4bb2-81ff-aaff7948723c: valid; 8.8 s; peak memory 9853 MiB.
2026-10-03T10:12:51Z INFO [2209/2500] 32cbaa33-f755-4e56-a1e5-1761280b6529: valid; 0.9 s; peak memory 9853 MiB.
2026-10-03T10:12:52Z INFO [2210/2500] 32cc389d-b284-4f36-8518-63b16e7cedf1: valid; 1.0 s; peak memory 9853 MiB.
2026-10-03T10:12:54Z INFO [2211/2500] 32cce52e-ac90-4d12-b716-16a367a710d2: valid; 1.6 s; peak memory 9853 MiB.
2026-10-03T10:13:02Z INFO [2212/2500] 32cd6466-bbd5-4ee4-9af4-a5e9742b358b: valid; 8.1 s; peak memory 9853 MiB.
2026-10-03T10:13:03Z INFO [2213/2500] 32cd7338-43a5-4db5-8b05-9b2b46fc642c: valid; 1.3 s; peak memory 9853 MiB.
2026-10-03T10:13:04Z INFO [2214/2500] 32cdc0f8-5dc1-4a6b-b21b-061d630e0250: valid; 0.8 s; peak memory 9853 MiB.
2026-10-03T10:13:05Z INFO [2215/2500] 32cdfebf-62da-4533-a5d9-4087b27d86cd: valid; 0.7 s; peak memory 9853 MiB.
2026-10-03T10:13:06Z INFO [2216/2500] 32ce5efa-3bf3-41aa-a72f-8eb712b697e8: not valid; 1.3 s; peak memory 9853 MiB.
2026-10-03T10:13:07Z INFO [2217/2500] 32cf10db-ef69-4114-94f3-e2dbd18270c8: valid; 1.2 s; peak memory 9853 MiB.
2026-10-03T10:13:08Z INFO [2218/2500] 32cf51e3-7d3b-4a6f-87d6-4e67df48a4d6: valid; 0.8 s; peak memory 9853 MiB.
2026-10-03T10:13:09Z INFO [2219/2500] 32d01538-8a2c-4db8-989f-d6aa7b910243: valid; 1.3 s; peak memory 9853 MiB.
2026-10-03T10:13:10Z INFO [2220/2500] 32d05076-769e-4220-9bba-2ff6209d7d46: valid; 0.8 s; peak memory 9853 MiB.
2026-10-03T10:13:11Z INFO [2221/2500] 32d08694-39bd-41a4-a07f-4b18718f7078: not valid; 1.1 s; peak memory 9853 MiB.
2026-10-03T10:13:12Z INFO [2222/2500] 32d0c0db-e7c2-4321-a3b3-bda7087e22d4: valid; 0.6 s; peak memory 9853 MiB.
2026-10-03T10:13:14Z INFO [2223/2500] 32d0ea92-9523-4a71-ab9e-d02a1d00910b: valid; 1.9 s; peak memory 9853 MiB.
2026-10-03T10:13:15Z INFO [2224/2500] 32d11fe2-c167-45d6-b0d3-63ac2022c706: valid; 1.7 s; peak memory 9853 MiB.
2026-10-03T10:13:16Z INFO [2225/2500] 32d171c2-aac3-4c17-b9d9-65e72b2004b4: valid; 0.9 s; peak memory 9853 MiB.
2026-10-03T10:13:18Z INFO [2226/2500] 32d18dd9-9e6c-4aa4-8c07-538d11dd4e40: valid; 1.3 s; peak memory 9853 MiB.
2026-10-03T10:13:19Z INFO [2227/2500] 32d22e4b-608b-4362-97ed-4b42ead215a0: valid; 1.2 s; peak memory 9853 MiB.
2026-10-03T10:13:20Z INFO [2228/2500] 32d246f1-e644-45d1-a589-a43bf6d36cd7: valid; 1.6 s; peak memory 9853 MiB.
2026-10-03T10:13:21Z INFO [2229/2500] 32d30557-953b-4f05-a2a6-67c3c479ae90: valid; 1.0 s; peak memory 9853 MiB.
2026-10-03T10:13:22Z INFO [2230/2500] 32d406ad-b9ab-414e-aa53-97139894cacd: valid; 0.8 s; peak memory 9853 MiB.
2026-10-03T10:13:23Z INFO [2231/2500] 32d4076a-0a21-4203-86f6-7c60062d38ac: valid; 0.8 s; peak memory 9853 MiB.
2026-10-03T10:13:27Z INFO [2232/2500] 32d47576-abf9-4c71-b3df-872d05e2b2e1: valid; 4.5 s; peak memory 9853 MiB.
2026-10-03T10:13:29Z INFO [2233/2500] 32d49225-a0f2-4984-b192-fc3f2e4a6041: valid; 1.7 s; peak memory 9853 MiB.
2026-10-03T10:13:30Z INFO [2234/2500] 32d4a498-b1d7-4aee-8367-a22358a8d68e: valid; 1.1 s; peak memory 9853 MiB.
2026-10-03T10:13:31Z INFO [2235/2500] 32d58860-0025-4dd2-917d-b5fad945ae61: valid; 1.0 s; peak memory 9853 MiB.
2026-10-03T10:13:32Z WARNING 32d5baf8-be5e-4da6-bd2e-9edf227f5623: failed while opening the NWB file (ConstructError: (root/acquisition/_iblmic_audioSpectrogram/bands GroupBuilder {'attributes': {'colnames': array(['freq'], dtype=object), 'description': 'spectogram frequencies', 'namespace': 'core', 'neurodata_type': 'FrequencyBandsTable', 'object_id': '266dadfb-6bdb-4c8b-a657-6deaa9c6058e'}, 'groups': {}, 'datasets': {'freq': root/acquisition/_iblmic_audioSpectrogram/bands/freq DatasetBuilder {'attributes': {'description': 'frequency value', 'namespace': 'hdmf-common', 'neurodata_type': 'VectorData', 'object_id': '56421fb4-8c1c-4682-8292-12b6495cb22e'}, 'data': <HDF5 dataset "freq": shape (257,), type "<f4">}, 'id': root/acquisition/_iblmic_audioSpectrogram/bands/id DatasetBuilder {'attributes': {'namespace': 'hdmf-common', 'neurodata_type': 'ElementIdentifiers', 'object_id': '7961e2e3-b292-4504-80e4-639bc9da822b'}, 'data': <HDF5 dataset "id": shape (257,), type "<i4">}}, 'links': {}}, "Could not construct FrequencyBandsTable object due to: column must have the same number of rows as 'id'"))
2026-10-03T10:13:35Z INFO [2237/2500] 32d5feae-cb02-45fc-a1ea-25ba3f659098: valid; 2.7 s; peak memory 9853 MiB.
2026-10-03T10:13:36Z INFO [2238/2500] 32d65b71-7e2f-4fce-b120-2901152cbe0c: not valid; 0.9 s; peak memory 9853 MiB.
2026-10-03T10:13:39Z INFO [2239/2500] 32d6c0dd-40c1-4158-8059-ca34449d42a6: valid; 3.1 s; peak memory 9853 MiB.
2026-10-03T10:13:49Z INFO [2240/2500] 32d73d0e-a470-4d29-b895-c4cf077d8b06: valid; 10.0 s; peak memory 9853 MiB.
2026-10-03T10:13:51Z INFO [2241/2500] 32d75427-dbfa-41b9-8f47-9aa9633efa69: valid; 1.8 s; peak memory 9853 MiB.
2026-10-03T10:13:52Z INFO [2242/2500] 32d8497e-d7b1-4218-8919-316ec95a63cc: not valid; 1.0 s; peak memory 9853 MiB.
2026-10-03T10:13:53Z INFO [2243/2500] 32d8dcbe-969c-4809-a626-7cb0e86e2ed8: valid; 1.0 s; peak memory 9853 MiB.
2026-10-03T10:13:54Z INFO [2244/2500] 32d95fa8-f945-4d8b-9d2a-d8c8cdaa33cd: not valid; 0.6 s; peak memory 9853 MiB.
2026-10-03T10:13:55Z INFO [2245/2500] 32d9e679-c8dd-40ea-8f3d-b1c2f8793993: not valid; 1.0 s; peak memory 9853 MiB.
2026-10-03T10:13:57Z INFO [2246/2500] 32da3609-833a-4759-a96f-bdabc541ce09: not valid; 2.3 s; peak memory 9853 MiB.
2026-10-03T10:13:59Z INFO [2247/2500] 32da849c-be99-46e4-870d-24260a221439: valid; 2.0 s; peak memory 9853 MiB.
2026-10-03T10:14:00Z INFO [2248/2500] 32dae7ae-2c4f-43b7-8a81-0c4fdecf1a88: valid; 1.4 s; peak memory 9853 MiB.
2026-10-03T10:14:05Z INFO [2249/2500] 32db10fd-b165-4ded-bc93-b82c20a5247c: valid; 4.8 s; peak memory 9853 MiB.
2026-10-03T10:14:07Z INFO [2250/2500] 32dc2522-fc51-40e0-a703-102360ebf3fb: valid; 1.4 s; peak memory 9853 MiB.
2026-10-03T10:14:07Z INFO [2250/2500] 32dc2522-fc51-40e0-a703-102360ebf3fb: checkpointed 98260 records.
2026-10-03T10:14:08Z INFO [2251/2500] 32dd0694-8f0e-4d4f-aefa-7facf18b369b: valid; 0.8 s; peak memory 9853 MiB.
2026-10-03T10:14:09Z INFO [2252/2500] 32dd6294-d53c-4768-a468-840798e5742f: valid; 0.9 s; peak memory 9853 MiB.
2026-10-03T10:14:10Z WARNING 32de693c-6e63-49d8-b88d-a4cdb801f0b7: failed while opening the NWB file (ConstructError: (root/acquisition/_iblmic_audioSpectrogram/bands GroupBuilder {'attributes': {'colnames': array(['freq'], dtype=object), 'description': 'spectogram frequencies', 'namespace': 'core', 'neurodata_type': 'FrequencyBandsTable', 'object_id': 'd5b0d0ba-9a04-4679-b5b1-f58f6ff981f6'}, 'groups': {}, 'datasets': {'freq': root/acquisition/_iblmic_audioSpectrogram/bands/freq DatasetBuilder {'attributes': {'description': 'frequency value', 'namespace': 'hdmf-common', 'neurodata_type': 'VectorData', 'object_id': '27ea067e-0e57-44a8-b0e9-0daf8012a358'}, 'data': <HDF5 dataset "freq": shape (257,), type "<f4">}, 'id': root/acquisition/_iblmic_audioSpectrogram/bands/id DatasetBuilder {'attributes': {'namespace': 'hdmf-common', 'neurodata_type': 'ElementIdentifiers', 'object_id': 'fddbfdd1-cc22-419a-8759-7f13e687e387'}, 'data': <HDF5 dataset "id": shape (257,), type "<i4">}}, 'links': {}}, "Could not construct FrequencyBandsTable object due to: column must have the same number of rows as 'id'"))
2026-10-03T10:14:11Z INFO [2254/2500] 32defe3a-0fd8-455a-a595-3eb682252cfc: valid; 0.9 s; peak memory 9853 MiB.
2026-10-03T10:14:11Z WARNING 32deff5f-cb8e-4a48-8d8b-c09eea9fe1cc: failed while retrieving asset information from the DANDI API (NotFoundError: No asset at path 'sub-ZS060/sub-ZS060_ses-behavior-ZS060-2021-04-11-16-41-30.nwb' in version 0.260928.2230. Verify the path is correct and the asset exists in this version. Use 'dandi ls' to list available assets.)
2026-10-03T10:14:13Z INFO [2256/2500] 32df2a5c-739a-477c-b73c-8c71a4bd4332: valid; 1.4 s; peak memory 9853 MiB.
2026-10-03T10:14:14Z INFO [2257/2500] 32df2ff5-cdb7-4a4f-9438-05a1e65cb7ca: valid; 1.0 s; peak memory 9853 MiB.
2026-10-03T10:14:15Z INFO [2258/2500] 32dfb06d-2430-40f5-9b6e-bd4c33b0628d: valid; 1.8 s; peak memory 9853 MiB.
2026-10-03T10:14:21Z INFO [2259/2500] 32dfb176-ee09-4617-90e8-d835cf127924: valid; 5.2 s; peak memory 9853 MiB.
2026-10-03T10:14:23Z INFO [2260/2500] 32e007ba-4fa2-4586-adab-a222ca20bd80: valid; 1.9 s; peak memory 9853 MiB.
2026-10-03T10:14:23Z INFO [2261/2500] 32e0f81c-5592-4936-b4b2-232e2a8d12cf: valid; 0.6 s; peak memory 9853 MiB.
2026-10-03T10:14:24Z INFO [2262/2500] 32e298f6-2d27-4f89-82b8-f7eb236e9c04: valid; 1.3 s; peak memory 9853 MiB.
2026-10-03T10:14:25Z INFO [2263/2500] 32e3f250-88a5-415f-a667-3907da6b7f38: valid; 0.9 s; peak memory 9853 MiB.
2026-10-03T10:14:26Z INFO [2264/2500] 32e485f4-9307-491f-8ba2-1bd0c112227c: valid; 0.7 s; peak memory 9853 MiB.
2026-10-03T10:14:27Z INFO [2265/2500] 32e4bf4d-065a-4714-b382-c31d161a2f9b: valid; 0.9 s; peak memory 9853 MiB.
2026-10-03T10:14:32Z INFO [2266/2500] 32e504c2-74a3-40ac-a14c-b08e01a3e793: valid; 4.8 s; peak memory 9853 MiB.
2026-10-03T10:14:36Z INFO [2267/2500] 32e5b414-0ab1-42ca-bf06-fbd32ec0241d: valid; 4.0 s; peak memory 9853 MiB.
2026-10-03T10:14:37Z INFO [2268/2500] 32e638cf-b9c6-4a64-82c2-886cfa7a4db6: valid; 1.1 s; peak memory 9853 MiB.
2026-10-03T10:14:38Z INFO [2269/2500] 32e67187-73a2-4842-a3aa-3c52d670c24e: valid; 1.0 s; peak memory 9853 MiB.
2026-10-03T10:14:39Z INFO [2270/2500] 32e6892e-9781-48a9-937a-6d8afd772dfa: valid; 1.2 s; peak memory 9853 MiB.
2026-10-03T10:14:41Z INFO [2271/2500] 32e6c3df-6d4b-4bd8-98fd-eb2c988db94b: valid; 1.7 s; peak memory 9853 MiB.
2026-10-03T10:14:44Z INFO [2272/2500] 32e6d36c-b7dc-4e91-af59-7073696e6f68: valid; 3.2 s; peak memory 9853 MiB.
2026-10-03T10:14:45Z INFO [2273/2500] 32e6ddf3-e5d9-49d4-b08e-1d9e1f8bcfba: valid; 0.9 s; peak memory 9853 MiB.
2026-10-03T10:14:46Z INFO [2274/2500] 32e6f60c-2d6b-456c-8a0c-d091e3df781a: valid; 1.3 s; peak memory 9853 MiB.
2026-10-03T10:14:47Z INFO [2275/2500] 32e7065d-afd7-4fd3-8f21-ec4006d544cf: valid; 0.8 s; peak memory 9853 MiB.
2026-10-03T10:14:48Z INFO [2276/2500] 32e75a1d-7d29-4383-a75c-2b008cb7f771: valid; 0.7 s; peak memory 9853 MiB.
2026-10-03T10:14:49Z INFO [2277/2500] 32e795ea-4d10-4af7-9c5f-2029c7ac3a80: valid; 1.4 s; peak memory 9853 MiB.
2026-10-03T10:14:50Z INFO [2278/2500] 32e7b44e-b247-483e-b874-dfaf1c5c2668: valid; 1.4 s; peak memory 9853 MiB.
2026-10-03T10:14:52Z INFO [2279/2500] 32e7ba29-0439-4acf-a5d0-efd8ef3b56ea: valid; 1.2 s; peak memory 9853 MiB.
2026-10-03T10:14:53Z INFO [2280/2500] 32e7e96a-cf17-42a7-9153-b6be8398a64d: valid; 1.0 s; peak memory 9853 MiB.
2026-10-03T10:14:54Z INFO [2281/2500] 32e80489-fbd8-4147-adda-cfe2e099c449: valid; 1.3 s; peak memory 9853 MiB.
2026-10-03T10:14:57Z INFO [2282/2500] 32e84e89-aaf4-4caf-9c7f-3221f95b55e2: valid; 2.9 s; peak memory 9853 MiB.
2026-10-03T10:14:58Z INFO [2283/2500] 32e86679-16a9-4b87-9a5c-550e5680d396: valid; 1.0 s; peak memory 9853 MiB.
2026-10-03T10:14:59Z INFO [2284/2500] 32e89fa4-329e-4bb3-b776-3b6e4c6dc5f8: valid; 1.1 s; peak memory 9853 MiB.
2026-10-03T10:15:00Z INFO [2285/2500] 32e9caff-a572-4a83-8464-ee217c930ce3: valid; 0.9 s; peak memory 9853 MiB.
2026-10-03T10:15:05Z INFO [2286/2500] 32ead04e-c032-45eb-8d2d-64cf011127ad: valid; 5.4 s; peak memory 9853 MiB.
2026-10-03T10:15:06Z INFO [2287/2500] 32eb04f1-67a4-4757-97d0-a28d369c5119: valid; 0.8 s; peak memory 9853 MiB.
2026-10-03T10:15:07Z INFO [2288/2500] 32eb5d4f-1114-4725-bd05-cb337c80f3f6: not valid; 0.6 s; peak memory 9853 MiB.
2026-10-03T10:15:08Z INFO [2289/2500] 32ec01b4-c774-4578-85d1-cbbfb44e1a4f: valid; 1.7 s; peak memory 9853 MiB.
2026-10-03T10:15:15Z INFO [2290/2500] 32ec5ffd-e089-4ac7-a4ac-80a0cf367bb2: valid; 6.8 s; peak memory 9853 MiB.
2026-10-03T10:15:17Z INFO [2291/2500] 32ed19d4-e786-4612-aa6d-3d576fb01279: valid; 1.8 s; peak memory 9853 MiB.
2026-10-03T10:15:18Z INFO [2292/2500] 32ed79d8-5359-4977-b1fb-5f39fcd20f05: valid; 1.2 s; peak memory 9853 MiB.
2026-10-03T10:15:20Z INFO [2293/2500] 32ed7e3d-fde1-4578-b161-db3b2f28bd20: valid; 2.0 s; peak memory 9853 MiB.
2026-10-03T10:15:21Z INFO [2294/2500] 32edc530-f89c-436e-96ca-ef0159aca24e: valid; 0.9 s; peak memory 9853 MiB.
2026-10-03T10:15:27Z INFO [2295/2500] 32ede07f-312c-49a7-b77f-56458539116f: valid; 5.7 s; peak memory 9853 MiB.
2026-10-03T10:15:28Z INFO [2296/2500] 32ee30cd-21b8-4c91-bc49-2b85a500d897: valid; 1.5 s; peak memory 9853 MiB.
2026-10-03T10:15:29Z INFO [2297/2500] 32ee3714-15df-4bf1-9083-491da02d4b21: valid; 0.9 s; peak memory 9853 MiB.
2026-10-03T10:15:30Z INFO [2298/2500] 32ee4351-8393-4cf6-b50c-a5236e50be08: valid; 1.3 s; peak memory 9853 MiB.
2026-10-03T10:15:31Z INFO [2299/2500] 32ef2ef3-12fc-4d96-bae3-eeeef3d93a20: valid; 0.9 s; peak memory 9853 MiB.
2026-10-03T10:15:32Z INFO [2300/2500] 32ef5e0e-31bf-46e0-ba25-941f0d89c073: not valid; 0.8 s; peak memory 9853 MiB.
2026-10-03T10:15:33Z INFO [2300/2500] 32ef5e0e-31bf-46e0-ba25-941f0d89c073: checkpointed 98310 records.
2026-10-03T10:15:35Z WARNING 32ef6747-1366-4950-a3f9-81add8054ec5: failed while opening the NWB file (ConstructError: (root/acquisition/_iblmic_audioSpectrogram/bands GroupBuilder {'attributes': {'colnames': array(['freq'], dtype=object), 'description': 'spectogram frequencies', 'namespace': 'core', 'neurodata_type': 'FrequencyBandsTable', 'object_id': 'c07756c6-87a9-4634-9979-77c71ee8095c'}, 'groups': {}, 'datasets': {'freq': root/acquisition/_iblmic_audioSpectrogram/bands/freq DatasetBuilder {'attributes': {'description': 'frequency value', 'namespace': 'hdmf-common', 'neurodata_type': 'VectorData', 'object_id': '0a62e2b7-55d2-41a4-829b-19fafb0ae16c'}, 'data': <HDF5 dataset "freq": shape (257,), type "<f4">}, 'id': root/acquisition/_iblmic_audioSpectrogram/bands/id DatasetBuilder {'attributes': {'namespace': 'hdmf-common', 'neurodata_type': 'ElementIdentifiers', 'object_id': '9ff13eac-a523-4383-a66d-56fda22212cf'}, 'data': <HDF5 dataset "id": shape (257,), type "<i4">}}, 'links': {}}, "Could not construct FrequencyBandsTable object due to: column must have the same number of rows as 'id'"))
2026-10-03T10:15:46Z INFO [2302/2500] 32f0084c-ce5a-43b1-a785-71665412e05e: not valid; 11.1 s; peak memory 9853 MiB.
2026-10-03T10:15:48Z INFO [2303/2500] 32f071e3-0e05-4c06-bb3e-07a7b4668543: not valid; 1.5 s; peak memory 9853 MiB.
2026-10-03T10:15:54Z INFO [2304/2500] 32f23686-007f-4eab-a618-d5ea115e36b5: valid; 6.5 s; peak memory 9853 MiB.
2026-10-03T10:15:55Z INFO [2305/2500] 32f33d64-6176-405f-be2a-f571a190cd5b: valid; 1.0 s; peak memory 9853 MiB.
2026-10-03T10:15:57Z INFO [2306/2500] 32f34b2b-460e-42d4-a18a-ff15be1083d5: valid; 1.1 s; peak memory 9853 MiB.
2026-10-03T10:15:57Z INFO [2307/2500] 32f3769d-76c7-4e72-8503-dc8a4e2155c6: valid; 0.8 s; peak memory 9853 MiB.
2026-10-03T10:15:58Z INFO [2308/2500] 32f3ccb2-bea7-4e57-8f88-2c8fb665a016: not valid; 1.0 s; peak memory 9853 MiB.
2026-10-03T10:15:59Z INFO [2309/2500] 32f4e9d2-402a-4440-8e54-ce68251c2907: valid; 0.9 s; peak memory 9853 MiB.
2026-10-03T10:16:00Z INFO [2310/2500] 32f554cc-f737-4681-accd-b2fb99956117: valid; 1.3 s; peak memory 9853 MiB.
2026-10-03T10:16:01Z INFO [2311/2500] 32f5990c-a5c0-4e04-9537-74459742c92d: valid; 0.8 s; peak memory 9853 MiB.
2026-10-03T10:16:03Z INFO [2312/2500] 32f5f685-f146-472d-88ff-191789bebea0: valid; 1.9 s; peak memory 9853 MiB.
2026-10-03T10:16:04Z INFO [2313/2500] 32f62ecd-0b03-416b-8705-a2870daf8d50: valid; 0.9 s; peak memory 9853 MiB.
2026-10-03T10:16:07Z INFO [2314/2500] 32f6a83a-bc6a-4a7d-9b7f-cb533b07e73a: valid; 3.4 s; peak memory 9853 MiB.
2026-10-03T10:16:08Z INFO [2315/2500] 32f6b35d-ea50-4472-bd74-9d55dc0984df: not valid; 0.9 s; peak memory 9853 MiB.
2026-10-03T10:16:22Z INFO [2316/2500] 32f6c04a-9de4-46bd-b875-8cca568b0a32: valid; 13.4 s; peak memory 9853 MiB.
2026-10-03T10:16:24Z INFO [2317/2500] 32f714b8-cc4a-4524-995e-5588d190be63: valid; 1.9 s; peak memory 9853 MiB.
2026-10-03T10:16:25Z INFO [2318/2500] 32f7d89b-c90b-4071-86a0-fecc5c09520d: valid; 1.0 s; peak memory 9853 MiB.
2026-10-03T10:16:26Z INFO [2319/2500] 32f7d9f4-344e-491e-9dfd-f8ed66a73e85: valid; 2.0 s; peak memory 9853 MiB.
2026-10-03T10:16:28Z INFO [2320/2500] 32f83a29-9eec-4693-a5d6-ebb13489c984: not valid; 1.1 s; peak memory 9853 MiB.
2026-10-03T10:16:29Z INFO [2321/2500] 32f92d07-f565-4788-af5a-907cf38ba769: valid; 1.7 s; peak memory 9853 MiB.
2026-10-03T10:16:30Z INFO [2322/2500] 32f975b4-6d58-4b58-88c9-25d84cf262f2: not valid; 1.0 s; peak memory 9853 MiB.
2026-10-03T10:16:32Z INFO [2323/2500] 32f9f717-d7ab-45c9-9e32-1c6deb8272dd: not valid; 1.7 s; peak memory 9853 MiB.
2026-10-03T10:16:33Z INFO [2324/2500] 32fa63a6-9d2f-44ab-9dbc-d6006beab79c: valid; 0.8 s; peak memory 9853 MiB.
2026-10-03T10:16:35Z INFO [2325/2500] 32fa9ecd-1bb7-4bbe-b7e6-118dfc8ade02: valid; 1.9 s; peak memory 9853 MiB.
2026-10-03T10:16:36Z INFO [2326/2500] 32fb325e-65cc-49fc-8a63-12b5f5aec93d: valid; 1.7 s; peak memory 9853 MiB.
2026-10-03T10:16:41Z INFO [2327/2500] 32fb4c68-3427-4941-a08c-50e6816572fb: valid; 4.3 s; peak memory 9853 MiB.
2026-10-03T10:16:42Z INFO [2328/2500] 32fb63cb-c8a4-495f-9efe-32c8799fdcdd: valid; 0.9 s; peak memory 9853 MiB.
2026-10-03T10:16:43Z WARNING 32fc1d26-a474-42e6-95e8-65fd303f2d75: failed while opening the NWB file (ConstructError: (root/acquisition/_iblmic_audioSpectrogram/bands GroupBuilder {'attributes': {'colnames': array(['freq'], dtype=object), 'description': 'spectogram frequencies', 'namespace': 'core', 'neurodata_type': 'FrequencyBandsTable', 'object_id': 'c5f1401b-92fd-41fc-b708-985f37703196'}, 'groups': {}, 'datasets': {'freq': root/acquisition/_iblmic_audioSpectrogram/bands/freq DatasetBuilder {'attributes': {'description': 'frequency value', 'namespace': 'hdmf-common', 'neurodata_type': 'VectorData', 'object_id': 'ddd40e90-6866-411e-b8bc-29662b2da2b0'}, 'data': <HDF5 dataset "freq": shape (257,), type "<f4">}, 'id': root/acquisition/_iblmic_audioSpectrogram/bands/id DatasetBuilder {'attributes': {'namespace': 'hdmf-common', 'neurodata_type': 'ElementIdentifiers', 'object_id': '366f3210-2d8d-4a0f-b80b-c28bdcca50ef'}, 'data': <HDF5 dataset "id": shape (257,), type "<i4">}}, 'links': {}}, "Could not construct FrequencyBandsTable object due to: column must have the same number of rows as 'id'"))
2026-10-03T10:16:44Z INFO [2330/2500] 32fc2015-37be-4212-b7b0-a823fb688622: not valid; 0.8 s; peak memory 9853 MiB.
2026-10-03T10:16:45Z INFO [2331/2500] 32fdaa63-9c90-40b5-8199-bf2dd2ff547a: valid; 1.2 s; peak memory 9853 MiB.
2026-10-03T10:16:46Z INFO [2332/2500] 32fdc4e2-75b2-4abb-8fde-483b305ea7b5: valid; 0.8 s; peak memory 9853 MiB.
2026-10-03T10:16:47Z INFO [2333/2500] 32fdd448-2a98-4a48-a0f9-6e0204cc91d8: valid; 1.1 s; peak memory 9853 MiB.
2026-10-03T10:16:48Z INFO [2334/2500] 32ff575f-92fe-489c-b2e7-4c70c13c20be: valid; 1.0 s; peak memory 9853 MiB.
2026-10-03T10:16:55Z INFO [2335/2500] 32ff7792-bf60-4618-bbd6-6ff26e75565a: valid; 7.1 s; peak memory 9853 MiB.
2026-10-03T10:16:56Z INFO [2336/2500] 32ffb454-6210-4355-a923-40fde3a00bdb: valid; 0.9 s; peak memory 9853 MiB.
2026-10-03T10:16:56Z INFO [2337/2500] 32ffb4c0-a61e-4478-b7dd-49253f0403c2: valid; 0.8 s; peak memory 9853 MiB.
2026-10-03T10:17:01Z INFO [2338/2500] 32ffca0e-2db7-4c72-9c15-10f923f38a84: valid; 4.8 s; peak memory 9853 MiB.
2026-10-03T10:17:02Z WARNING 32fff86f-621d-4609-9c9c-29bd7ed5108b: failed while opening the NWB file (ValueError: Cannot resolve included group spec 'electrodes' with data_type_inc 'ElectrodesTable' because a group spec with the same name already exists with data_type_inc 'DynamicTable', and data type 'DynamicTable' is not a child type of data type 'ElectrodesTable'.)
2026-10-03T10:17:03Z WARNING 33002b9c-7018-4cbe-8be4-58c05005dd98: failed while opening the NWB file (ConstructError: (root/acquisition/_iblmic_audioSpectrogram/bands GroupBuilder {'attributes': {'colnames': array(['freq'], dtype=object), 'description': 'spectogram frequencies', 'namespace': 'core', 'neurodata_type': 'FrequencyBandsTable', 'object_id': 'c9e6b178-7356-4872-9bfa-0189686bf6c6'}, 'groups': {}, 'datasets': {'freq': root/acquisition/_iblmic_audioSpectrogram/bands/freq DatasetBuilder {'attributes': {'description': 'frequency value', 'namespace': 'hdmf-common', 'neurodata_type': 'VectorData', 'object_id': '4089c1a9-3422-4fb1-a244-ccc67060287a'}, 'data': <HDF5 dataset "freq": shape (257,), type "<f4">}, 'id': root/acquisition/_iblmic_audioSpectrogram/bands/id DatasetBuilder {'attributes': {'namespace': 'hdmf-common', 'neurodata_type': 'ElementIdentifiers', 'object_id': 'e569d753-9718-4e8b-92d0-e86df47610b4'}, 'data': <HDF5 dataset "id": shape (257,), type "<i4">}}, 'links': {}}, "Could not construct FrequencyBandsTable object due to: column must have the same number of rows as 'id'"))
2026-10-03T10:17:04Z INFO [2341/2500] 3300fe58-fc24-44f3-8a34-de2b8fbee24f: not valid; 0.9 s; peak memory 9853 MiB.
2026-10-03T10:17:38Z INFO [2342/2500] 3301a474-625a-49ab-8c98-57ffe48895cc: valid; 34.0 s; peak memory 9853 MiB.
2026-10-03T10:17:40Z INFO [2343/2500] 3301ab4a-5770-447a-86ee-f651ad23d4d0: valid; 1.5 s; peak memory 9853 MiB.
2026-10-03T10:17:41Z INFO [2344/2500] 33029612-ddb4-45f3-98ae-7059e593bb9b: not valid; 1.1 s; peak memory 9853 MiB.
2026-10-03T10:17:42Z INFO [2345/2500] 3302e590-293a-4e99-ae60-aab7feba3934: valid; 1.6 s; peak memory 9853 MiB.
2026-10-03T10:17:43Z INFO [2346/2500] 3302e78f-7717-48b2-b71a-8c482eebfd66: valid; 0.9 s; peak memory 9853 MiB.
2026-10-03T10:17:44Z INFO [2347/2500] 33039157-464a-4e20-b044-f503e4d57232: valid; 0.8 s; peak memory 9853 MiB.
2026-10-03T10:17:45Z INFO [2348/2500] 33044161-cdda-41ae-b2a8-cb3f74e18667: valid; 1.3 s; peak memory 9853 MiB.
2026-10-03T10:17:57Z INFO [2349/2500] 330672c3-9a14-455a-a6bd-88f3332f5327: valid; 11.9 s; peak memory 9853 MiB.
2026-10-03T10:17:58Z INFO [2350/2500] 3307a6bc-2dd7-46eb-a92d-565cf461bde7: valid; 1.0 s; peak memory 9853 MiB.
2026-10-03T10:17:59Z INFO [2350/2500] 3307a6bc-2dd7-46eb-a92d-565cf461bde7: checkpointed 98360 records.
2026-10-03T10:18:00Z INFO [2351/2500] 3307e3ff-f23d-4911-840f-7557c0754f16: valid; 1.4 s; peak memory 9853 MiB.
2026-10-03T10:18:01Z INFO [2352/2500] 3307e57e-c8bd-4b81-ba9d-f585e1e4a09d: valid; 0.9 s; peak memory 9853 MiB.
2026-10-03T10:18:02Z INFO [2353/2500] 3307f47a-3622-4dae-85df-92e6b40bddc4: valid; 0.9 s; peak memory 9853 MiB.
2026-10-03T10:18:03Z INFO [2354/2500] 33085874-bc86-4b59-9d5e-8c479c72aa28: not valid; 1.2 s; peak memory 9853 MiB.
2026-10-03T10:18:25Z INFO [2355/2500] 3308ab0b-f641-4e48-8ce4-d9e08cc61362: not valid; 21.6 s; peak memory 9853 MiB.
2026-10-03T10:18:34Z INFO [2356/2500] 3308fda0-0340-44b1-bd02-7da0e17a532f: not valid; 8.7 s; peak memory 9853 MiB.
2026-10-03T10:18:35Z INFO [2357/2500] 33090b70-5f47-4cdd-a3f5-856505df319e: not valid; 1.6 s; peak memory 9853 MiB.
2026-10-03T10:18:43Z INFO [2358/2500] 33095958-5432-462d-bd88-acc482e2351c: valid; 7.7 s; peak memory 9853 MiB.
2026-10-03T10:18:45Z INFO [2359/2500] 33098255-e8cc-43cc-ae83-2c4ff38fee1b: valid; 1.7 s; peak memory 9853 MiB.
2026-10-03T10:18:46Z INFO [2360/2500] 33098e5a-63d7-4127-b3be-e253b7d114d0: not valid; 1.2 s; peak memory 9853 MiB.
2026-10-03T10:18:48Z INFO [2361/2500] 3309acd8-b522-4341-8f95-d784bfa80b8d: valid; 1.7 s; peak memory 9853 MiB.
2026-10-03T10:18:49Z INFO [2362/2500] 3309c5b9-5970-4a72-8d7b-861b00c583ec: valid; 1.1 s; peak memory 9853 MiB.
2026-10-03T10:19:01Z INFO [2363/2500] 330a3649-add2-4892-a459-5bb87ec5cba2: valid; 12.6 s; peak memory 9853 MiB.
2026-10-03T10:19:04Z INFO [2364/2500] 330a82e0-2269-470d-ab61-21896b266ee8: valid; 3.1 s; peak memory 9853 MiB.
2026-10-03T10:19:07Z INFO [2365/2500] 330a8a37-e10e-42d0-a260-904e5837a2e9: valid; 2.8 s; peak memory 9853 MiB.
2026-10-03T10:19:08Z INFO [2366/2500] 330bb076-abe7-4410-b478-b1824f615278: valid; 1.2 s; peak memory 9853 MiB.
2026-10-03T10:19:09Z INFO [2367/2500] 330ccb2a-4796-4b26-844a-c1fd02d7d23e: valid; 1.0 s; peak memory 9853 MiB.
2026-10-03T10:19:11Z INFO [2368/2500] 330d3eaa-c188-4fb0-8f0b-a3b336447b48: valid; 1.4 s; peak memory 9853 MiB.
2026-10-03T10:19:13Z INFO [2369/2500] 330e0183-83c2-4ac7-8014-7ff5a8b08287: valid; 1.7 s; peak memory 9853 MiB.
2026-10-03T10:19:16Z INFO [2370/2500] 330e329c-5a8e-4531-bda6-56b25335a570: valid; 3.5 s; peak memory 9853 MiB.
2026-10-03T10:19:24Z INFO [2371/2500] 330e3c9e-b292-4dd7-b5f4-eb77098b3759: valid; 8.1 s; peak memory 9853 MiB.
2026-10-03T10:19:25Z INFO [2372/2500] 330e55ef-d316-4cf9-b96d-4d15a25fed30: not valid; 0.9 s; peak memory 9853 MiB.
2026-10-03T10:19:27Z INFO [2373/2500] 330f0a08-a557-4c4b-969e-0192763a8cc5: not valid; 2.3 s; peak memory 9853 MiB.
2026-10-03T10:19:29Z INFO [2374/2500] 330f30fd-dcfd-4fd8-b210-80e49d9b9d4e: valid; 1.3 s; peak memory 9853 MiB.
2026-10-03T10:19:30Z INFO [2375/2500] 331008f4-87c4-41e2-abcc-8dccc4200172: not valid; 0.8 s; peak memory 9853 MiB.
2026-10-03T10:19:31Z INFO [2376/2500] 33102f06-ae50-4d51-a6b8-e9c342f518a7: not valid; 1.5 s; peak memory 9853 MiB.
2026-10-03T10:19:33Z INFO [2377/2500] 33112970-ee64-4639-942b-7f03c26e45ef: valid; 1.4 s; peak memory 9853 MiB.
2026-10-03T10:19:37Z INFO [2378/2500] 3311828a-9331-4bba-be0b-76b6eef6eb95: valid; 4.6 s; peak memory 9853 MiB.
2026-10-03T10:19:48Z INFO [2379/2500] 33122490-f438-4717-acd1-14d0b59b3a29: not valid; 11.1 s; peak memory 9853 MiB.
2026-10-03T10:19:49Z INFO [2380/2500] 331340d0-abad-4879-a7b7-b95d089fffac: valid; 0.9 s; peak memory 9853 MiB.
2026-10-03T10:19:57Z INFO [2381/2500] 3313519c-785a-433c-be2e-333196750323: valid; 8.1 s; peak memory 9853 MiB.
2026-10-03T10:19:59Z WARNING 3313a52e-ecca-4ca6-994f-68e0c22ca19d: failed while opening the NWB file (ConstructError: (root/acquisition/_iblmic_audioSpectrogram/bands GroupBuilder {'attributes': {'colnames': array(['freq'], dtype=object), 'description': 'spectogram frequencies', 'namespace': 'core', 'neurodata_type': 'FrequencyBandsTable', 'object_id': 'd87e7890-6598-4e1a-a3e8-d9b43d65e21f'}, 'groups': {}, 'datasets': {'freq': root/acquisition/_iblmic_audioSpectrogram/bands/freq DatasetBuilder {'attributes': {'description': 'frequency value', 'namespace': 'hdmf-common', 'neurodata_type': 'VectorData', 'object_id': '8cec0937-2d0e-453b-b7b0-7cf68a570d23'}, 'data': <HDF5 dataset "freq": shape (257,), type "<f4">}, 'id': root/acquisition/_iblmic_audioSpectrogram/bands/id DatasetBuilder {'attributes': {'namespace': 'hdmf-common', 'neurodata_type': 'ElementIdentifiers', 'object_id': '3778a5db-4f50-4232-a8fb-59c5e8a6c4bb'}, 'data': <HDF5 dataset "id": shape (257,), type "<i4">}}, 'links': {}}, "Could not construct FrequencyBandsTable object due to: column must have the same number of rows as 'id'"))
2026-10-03T10:19:59Z WARNING 331420d5-949b-4ebe-baca-553ec6877901: failed while retrieving asset information from the DANDI API (NotFoundError: No such Dandiset: 001533)
2026-10-03T10:20:02Z INFO [2384/2500] 3314c581-991e-4868-93c2-28c9f7db1f79: valid; 2.9 s; peak memory 9853 MiB.
2026-10-03T10:20:08Z INFO [2385/2500] 331562d2-fb99-425d-a8e0-1ff35624165e: valid; 5.8 s; peak memory 9853 MiB.
2026-10-03T10:20:09Z INFO [2386/2500] 3315ba2e-57ad-44f5-8032-f0ecfd71e2b3: valid; 1.0 s; peak memory 9853 MiB.
2026-10-03T10:20:10Z INFO [2387/2500] 3316053b-058a-4ca2-aa70-284f328bf2ed: valid; 1.5 s; peak memory 9853 MiB.
2026-10-03T10:20:11Z INFO [2388/2500] 331673ec-9b89-4186-977c-cb5b4306bbdc: valid; 1.0 s; peak memory 9853 MiB.
2026-10-03T10:20:14Z INFO [2389/2500] 3317549f-762c-4891-bca7-0bc3827bdc8a: valid; 3.2 s; peak memory 9853 MiB.
2026-10-03T10:20:15Z INFO [2390/2500] 3317d46a-253a-4ace-b687-1542cc578b5f: valid; 0.8 s; peak memory 9853 MiB.
2026-10-03T10:20:16Z INFO [2391/2500] 3317fd36-ba61-4d44-9abf-1f50aed49c05: valid; 0.9 s; peak memory 9853 MiB.
2026-10-03T10:20:17Z INFO [2392/2500] 3317fd82-e7f3-4cdf-9ba0-5e1e0168c1be: valid; 1.3 s; peak memory 9853 MiB.
2026-10-03T10:20:18Z INFO [2393/2500] 33187b55-93e7-4561-a179-5fe0fc0aeee8: valid; 0.8 s; peak memory 9853 MiB.
2026-10-03T10:20:19Z INFO [2394/2500] 33189243-498b-447b-bc40-2aeb7c7a113f: valid; 1.3 s; peak memory 9853 MiB.
2026-10-03T10:20:20Z INFO [2395/2500] 3318a95d-a9bb-401b-8dfa-94cdd6dc06d7: not valid; 1.0 s; peak memory 9853 MiB.
2026-10-03T10:20:34Z INFO [2396/2500] 33190e4d-190e-4ed8-9bdd-195c9dbf9094: valid; 13.7 s; peak memory 9853 MiB.
2026-10-03T10:20:36Z INFO [2397/2500] 33199964-2db2-4f0f-84b5-b3123e2a0411: not valid; 1.4 s; peak memory 9853 MiB.
2026-10-03T10:20:39Z INFO [2398/2500] 331a3ab3-adf6-4274-a83a-0aef1c32e4e3: valid; 3.7 s; peak memory 9853 MiB.
2026-10-03T10:20:40Z INFO [2399/2500] 331a7b40-870e-4ea9-8c46-c61e46283329: valid; 0.9 s; peak memory 9853 MiB.
2026-10-03T10:20:50Z INFO [2400/2500] 331b380e-18f6-44a2-afbd-b6fd3f0f0e3f: valid; 9.5 s; peak memory 9853 MiB.
2026-10-03T10:20:50Z INFO [2400/2500] 331b380e-18f6-44a2-afbd-b6fd3f0f0e3f: checkpointed 98410 records.
2026-10-03T10:20:51Z INFO [2401/2500] 331b937f-1c4d-4d63-8580-8e4b3ccfa8e5: valid; 0.8 s; peak memory 9853 MiB.
2026-10-03T10:20:52Z INFO [2402/2500] 331bab79-392d-449b-97db-ffd1f7e9cc99: not valid; 0.9 s; peak memory 9853 MiB.
2026-10-03T10:20:53Z INFO [2403/2500] 331bbe22-c268-47fa-8ae2-535480006c34: not valid; 0.8 s; peak memory 9853 MiB.
2026-10-03T10:20:54Z INFO [2404/2500] 331c34b5-6978-42ed-8950-e873582472f9: valid; 1.2 s; peak memory 9853 MiB.
2026-10-03T10:20:55Z INFO [2405/2500] 331c58d5-43e3-46d7-823d-9a52edb760ed: valid; 0.8 s; peak memory 9853 MiB.
2026-10-03T10:20:56Z INFO [2406/2500] 331c67c3-f5f6-4270-b556-8634c719609b: valid; 1.1 s; peak memory 9853 MiB.
2026-10-03T10:20:57Z INFO [2407/2500] 331d2d62-76a9-4a7b-8e6c-3323e4de002b: valid; 1.4 s; peak memory 9853 MiB.
2026-10-03T10:20:59Z INFO [2408/2500] 331dde0d-30d4-4998-81e9-f7c66e578ac0: valid; 1.1 s; peak memory 9853 MiB.
2026-10-03T10:21:00Z INFO [2409/2500] 331e1d7f-a082-405e-9eeb-78f109d53563: valid; 1.0 s; peak memory 9853 MiB.
2026-10-03T10:21:01Z INFO [2410/2500] 331e3c07-a081-4b05-b556-cba188fd9f76: valid; 1.6 s; peak memory 9853 MiB.
2026-10-03T10:21:05Z INFO [2411/2500] 331e5560-cb8f-44f5-8776-be06ab623ae9: valid; 4.1 s; peak memory 9853 MiB.
2026-10-03T10:21:07Z INFO [2412/2500] 331e6761-60f7-4149-8989-b2a3bf8d54b8: valid; 1.9 s; peak memory 9853 MiB.
2026-10-03T10:21:08Z INFO [2413/2500] 331ee432-922b-40ad-961c-e17b762fe2a6: valid; 0.7 s; peak memory 9853 MiB.
2026-10-03T10:21:09Z INFO [2414/2500] 331f49a3-d212-4ef4-bb1f-b0937ff34d1a: valid; 1.1 s; peak memory 9853 MiB.
2026-10-03T10:21:11Z INFO [2415/2500] 331fbae6-32bb-4fda-b6fc-366d1a20590d: not valid; 2.3 s; peak memory 9853 MiB.
2026-10-03T10:21:13Z INFO [2416/2500] 331fc2ae-acce-4b60-8d44-bfeb19c5cfc5: valid; 1.4 s; peak memory 9853 MiB.
2026-10-03T10:21:14Z INFO [2417/2500] 331fe0c7-707f-4e12-bc86-2fe0f72582ab: not valid; 1.5 s; peak memory 9853 MiB.
2026-10-03T10:21:15Z INFO [2418/2500] 332030b6-708b-4ed8-9c56-00661faa616a: valid; 0.9 s; peak memory 9853 MiB.
2026-10-03T10:21:16Z INFO [2419/2500] 3320b1a0-4d3b-4433-bd1e-db5f2662404c: valid; 0.9 s; peak memory 9853 MiB.
2026-10-03T10:21:17Z INFO [2420/2500] 3321b604-9f97-4718-a803-1c84dcdc224b: valid; 0.8 s; peak memory 9853 MiB.
2026-10-03T10:21:18Z INFO [2421/2500] 3321e268-d53b-4492-b3ae-a08579822e26: valid; 1.6 s; peak memory 9853 MiB.
2026-10-03T10:21:24Z INFO [2422/2500] 3322feb9-15b0-4626-a15c-8168c3750a08: valid; 5.8 s; peak memory 9853 MiB.
2026-10-03T10:21:25Z INFO [2423/2500] 33238fc8-a7ba-44dc-8e4b-f450fecdb3e0: valid; 0.8 s; peak memory 9853 MiB.
2026-10-03T10:21:26Z INFO [2424/2500] 33242a5b-5c95-451d-a9a7-3a860f3f70e1: valid; 1.1 s; peak memory 9853 MiB.
2026-10-03T10:21:27Z INFO [2425/2500] 332446cd-655a-4099-9f57-c51541f4e793: valid; 0.8 s; peak memory 9853 MiB.
2026-10-03T10:21:29Z INFO [2426/2500] 3324fe08-e794-4865-a106-55e97631bb3e: valid; 2.4 s; peak memory 9853 MiB.
2026-10-03T10:21:31Z INFO [2427/2500] 33255cdd-79e5-4efe-b6b5-3b6dc1b23451: valid; 2.1 s; peak memory 9853 MiB.
2026-10-03T10:21:32Z INFO [2428/2500] 332578b7-bbaf-474b-b4ef-68551738e6e1: valid; 0.8 s; peak memory 9853 MiB.
2026-10-03T10:21:34Z INFO [2429/2500] 3325d721-3faa-488e-bf04-9a262746de9d: valid; 2.0 s; peak memory 9853 MiB.
2026-10-03T10:21:35Z INFO [2430/2500] 33261757-1307-462a-8881-8689d758505d: valid; 1.5 s; peak memory 9853 MiB.
2026-10-03T10:21:36Z INFO [2431/2500] 33266a58-4c97-46be-abee-f0d5af54f6e4: valid; 0.9 s; peak memory 9853 MiB.
2026-10-03T10:21:37Z INFO [2432/2500] 33267662-10e8-49e6-8377-6b916a8072b3: valid; 1.0 s; peak memory 9853 MiB.
2026-10-03T10:21:40Z INFO [2433/2500] 3327b3ab-2669-405d-a2fe-d3162f2b56e2: not valid; 2.3 s; peak memory 9853 MiB.
2026-10-03T10:21:40Z INFO [2434/2500] 3327b8fa-af3e-425d-86f0-88246c6d644b: valid; 0.8 s; peak memory 9853 MiB.
2026-10-03T10:21:42Z INFO [2435/2500] 3328cf85-f42e-4038-a61d-5aeadc8b5dd4: valid; 1.1 s; peak memory 9853 MiB.
2026-10-03T10:21:42Z INFO [2436/2500] 3329460c-ba96-41ea-9cb5-004687d15b50: not valid; 0.9 s; peak memory 9853 MiB.
2026-10-03T10:21:44Z INFO [2437/2500] 3329d71e-49e7-4d5d-a495-e3719c898285: not valid; 1.3 s; peak memory 9853 MiB.
2026-10-03T10:21:51Z INFO [2438/2500] 332ad206-e09c-47f5-b082-5b78e89501f4: valid; 7.1 s; peak memory 9853 MiB.
2026-10-03T10:21:54Z INFO [2439/2500] 332af44c-c77d-408c-a6f3-deb97cc74060: not valid; 3.3 s; peak memory 9853 MiB.
2026-10-03T10:21:55Z INFO [2440/2500] 332b0b99-c126-43ca-abf7-72c09d93fefe: not valid; 1.0 s; peak memory 9853 MiB.
2026-10-03T10:22:04Z INFO [2441/2500] 332b2a15-7503-4f1a-b515-0b610132cc95: valid; 8.2 s; peak memory 9853 MiB.
2026-10-03T10:22:05Z INFO [2442/2500] 332bcc1b-50af-4eb9-b6b6-5e0f6a293daf: valid; 1.1 s; peak memory 9853 MiB.
2026-10-03T10:22:05Z INFO [2443/2500] 332c2e1a-1ea1-46fc-9b6c-ac5e707ec294: valid; 0.8 s; peak memory 9853 MiB.
2026-10-03T10:22:09Z INFO [2444/2500] 332c8e36-5e70-4bae-a8f6-f5e81b223d01: valid; 3.8 s; peak memory 9853 MiB.
2026-10-03T10:22:11Z WARNING 332d0320-1c40-4a44-8da5-7283052e73e0: failed while opening the NWB file (ConstructError: (root/acquisition/_iblmic_audioSpectrogram/bands GroupBuilder {'attributes': {'colnames': array(['freq'], dtype=object), 'description': 'spectogram frequencies', 'namespace': 'core', 'neurodata_type': 'FrequencyBandsTable', 'object_id': 'f1dc1ff4-9b90-48b5-aa0d-7b323c3c0a42'}, 'groups': {}, 'datasets': {'freq': root/acquisition/_iblmic_audioSpectrogram/bands/freq DatasetBuilder {'attributes': {'description': 'frequency value', 'namespace': 'hdmf-common', 'neurodata_type': 'VectorData', 'object_id': '78a8a72c-8bc5-43f5-9786-c2bcb7ce4259'}, 'data': <HDF5 dataset "freq": shape (257,), type "<f4">}, 'id': root/acquisition/_iblmic_audioSpectrogram/bands/id DatasetBuilder {'attributes': {'namespace': 'hdmf-common', 'neurodata_type': 'ElementIdentifiers', 'object_id': 'd010dc70-80e7-4067-a4a6-4353765815c8'}, 'data': <HDF5 dataset "id": shape (257,), type "<i4">}}, 'links': {}}, "Could not construct FrequencyBandsTable object due to: column must have the same number of rows as 'id'"))
2026-10-03T10:22:12Z INFO [2446/2500] 332d4292-689d-492f-825a-6371e60d299d: valid; 1.8 s; peak memory 9853 MiB.
2026-10-03T10:22:15Z INFO [2447/2500] 332d7908-64ba-44c1-a43a-8e9e4dba95a1: valid; 2.2 s; peak memory 9853 MiB.
2026-10-03T10:22:21Z INFO [2448/2500] 332d8451-c19e-4a08-b083-d697874515c2: valid; 6.3 s; peak memory 9853 MiB.
2026-10-03T10:22:22Z INFO [2449/2500] 332f04d2-2b0d-4bc0-a384-efd753fd9759: valid; 1.1 s; peak memory 9853 MiB.
2026-10-03T10:22:23Z INFO [2450/2500] 332f1f9a-5a35-4910-8fd7-d0d281f56cc4: valid; 1.2 s; peak memory 9853 MiB.
2026-10-03T10:22:24Z INFO [2450/2500] 332f1f9a-5a35-4910-8fd7-d0d281f56cc4: checkpointed 98460 records.
2026-10-03T10:22:26Z INFO [2451/2500] 332fefec-d795-4f68-a1a6-1cb84d2fd914: valid; 2.1 s; peak memory 9853 MiB.
2026-10-03T10:22:29Z INFO [2452/2500] 33309838-6153-4638-ae72-d3ad495f9a33: valid; 2.7 s; peak memory 9853 MiB.
2026-10-03T10:22:31Z INFO [2453/2500] 3330b4ec-e950-473e-918a-0cc9f0684190: valid; 2.1 s; peak memory 9853 MiB.
2026-10-03T10:22:32Z INFO [2454/2500] 3330fa45-cfae-4dbe-8355-01fa807cc0e9: valid; 0.9 s; peak memory 9853 MiB.
2026-10-03T10:22:34Z INFO [2455/2500] 33311d34-cb14-4676-8df4-0bef31972313: valid; 2.0 s; peak memory 9853 MiB.
2026-10-03T10:22:35Z INFO [2456/2500] 333159f2-0130-40e9-9919-ef8e8ad925d3: valid; 0.8 s; peak memory 9853 MiB.
2026-10-03T10:22:42Z INFO [2457/2500] 3331fa73-2740-45d7-822f-094e03f702c5: valid; 7.5 s; peak memory 9853 MiB.
2026-10-03T10:22:44Z INFO [2458/2500] 33325004-9718-4f08-8a71-2ecc9512276c: valid; 1.5 s; peak memory 9853 MiB.
2026-10-03T10:22:45Z INFO [2459/2500] 3332c36d-338a-4676-9700-8d72e443a242: valid; 1.5 s; peak memory 9853 MiB.
2026-10-03T10:22:46Z INFO [2460/2500] 3332d0c6-f92c-457d-a7b0-12d7fb209269: valid; 1.0 s; peak memory 9853 MiB.
2026-10-03T10:22:48Z INFO [2461/2500] 3333138c-e795-46e2-920f-dcd398b545ce: valid; 1.7 s; peak memory 9853 MiB.
2026-10-03T10:22:49Z INFO [2462/2500] 333372ad-0fa4-4f52-a5fe-aece0b874234: not valid; 0.8 s; peak memory 9853 MiB.
2026-10-03T10:22:49Z INFO [2463/2500] 3334deb1-311a-44a9-a067-a435d29758c1: valid; 0.8 s; peak memory 9853 MiB.
2026-10-03T10:22:52Z INFO [2464/2500] 33355a01-1f5a-4a48-9943-bf281f07fec0: not valid; 2.3 s; peak memory 9853 MiB.
2026-10-03T10:22:52Z INFO [2465/2500] 333599ee-67cf-4daa-961a-8aa4c40c4d79: valid; 0.7 s; peak memory 9853 MiB.
2026-10-03T10:22:54Z INFO [2466/2500] 3335dc3b-cb6b-4173-945d-17a6d23fa6a3: valid; 1.3 s; peak memory 9853 MiB.
2026-10-03T10:22:55Z INFO [2467/2500] 3336391e-a21b-4f68-b87e-dcd2dce0c0fa: valid; 0.9 s; peak memory 9853 MiB.
2026-10-03T10:22:55Z INFO [2468/2500] 333644e9-f9fe-4ad3-b5fc-70a4e6d5180a: valid; 0.9 s; peak memory 9853 MiB.
2026-10-03T10:22:57Z INFO [2469/2500] 33370a8f-c7e6-4a2e-b495-efb378a0f8ba: valid; 1.5 s; peak memory 9853 MiB.
2026-10-03T10:22:58Z INFO [2470/2500] 33372a08-1052-485e-b4e4-100990a2d673: valid; 1.5 s; peak memory 9853 MiB.
2026-10-03T10:22:59Z INFO [2471/2500] 33381053-63ea-4d26-a912-fab88a992450: not valid; 1.1 s; peak memory 9853 MiB.
2026-10-03T10:23:07Z INFO [2472/2500] 33384923-db51-4e2e-88b4-f3263a1fbc8b: valid; 7.4 s; peak memory 9853 MiB.
2026-10-03T10:23:09Z INFO [2473/2500] 33389654-6f39-441f-8129-7c3008348ec0: valid; 1.7 s; peak memory 9853 MiB.
2026-10-03T10:23:10Z INFO [2474/2500] 33392cc1-fe11-4839-9742-92cb9baae2fa: valid; 0.9 s; peak memory 9853 MiB.
2026-10-03T10:23:10Z INFO [2475/2500] 33393c5c-acc3-41e0-b956-96a4a20f30ae: not valid; 0.9 s; peak memory 9853 MiB.
2026-10-03T10:23:12Z INFO [2476/2500] 3339753d-4a9b-4b98-b54c-555d025beb45: not valid; 1.3 s; peak memory 9853 MiB.
2026-10-03T10:23:13Z INFO [2477/2500] 3339cea3-4d33-4846-948c-da666193e5fd: valid; 1.1 s; peak memory 9853 MiB.
2026-10-03T10:23:13Z INFO [2478/2500] 333a091c-6c70-4914-b333-c5a1b3d59d15: valid; 0.7 s; peak memory 9853 MiB.
2026-10-03T10:23:15Z INFO [2479/2500] 333a25ae-fc4b-45eb-b5e2-d9eab84fdbdd: valid; 1.1 s; peak memory 9853 MiB.
2026-10-03T10:23:17Z INFO [2480/2500] 333a8676-420d-428c-8bdb-edfc1c856bef: not valid; 2.2 s; peak memory 9853 MiB.
2026-10-03T10:23:18Z INFO [2481/2500] 333adbc5-f699-4f5c-be20-ef7dd8824ed5: not valid; 1.2 s; peak memory 9853 MiB.
2026-10-03T10:24:02Z INFO [2482/2500] 333b1151-406a-4874-93d8-20aa884348e9: valid; 44.2 s; peak memory 9853 MiB.
2026-10-03T10:24:06Z INFO [2483/2500] 333bb339-e263-4d6d-99df-24369ee60769: not valid; 3.9 s; peak memory 9853 MiB.
2026-10-03T10:24:07Z INFO [2484/2500] 333c1a30-5c5d-4d5e-a34d-9413096ae67d: not valid; 1.3 s; peak memory 9853 MiB.
2026-10-03T10:24:17Z INFO [2485/2500] 333c8d75-d142-4fc3-8e18-5a1883392792: valid; 9.2 s; peak memory 9853 MiB.
2026-10-03T10:24:19Z INFO [2486/2500] 333cf30c-6c63-497b-a9e8-e2ef65dbf784: not valid; 2.1 s; peak memory 9853 MiB.
2026-10-03T10:24:20Z INFO [2487/2500] 333d442c-d2bb-4c25-811f-994987c3a6c5: not valid; 1.0 s; peak memory 9853 MiB.
2026-10-03T10:24:21Z INFO [2488/2500] 333d7125-215a-4397-bd48-a5b0aaaeb818: not valid; 1.0 s; peak memory 9853 MiB.
2026-10-03T10:24:22Z INFO [2489/2500] 333de735-171f-4f1e-bf75-6654544cc07f: valid; 1.2 s; peak memory 9853 MiB.
2026-10-03T10:24:23Z INFO [2490/2500] 333e1202-23e3-42dd-b15d-79b4f3c9b32a: valid; 1.0 s; peak memory 9853 MiB.
2026-10-03T10:24:25Z INFO [2491/2500] 333f9b4d-4064-485a-8df3-0ebc429ee574: not valid; 1.7 s; peak memory 9853 MiB.
2026-10-03T10:24:26Z INFO [2492/2500] 33400f6b-de1c-4429-b0ba-bbdbd482eae7: valid; 1.5 s; peak memory 9853 MiB.
2026-10-03T10:24:28Z INFO [2493/2500] 33402f00-9261-416a-ac15-78ccac21b7c6: valid; 1.5 s; peak memory 9853 MiB.
2026-10-03T10:24:29Z INFO [2494/2500] 33415b98-a25a-4c2c-8978-bdfcce083668: valid; 1.3 s; peak memory 9853 MiB.
2026-10-03T10:24:30Z INFO [2495/2500] 3341d2f2-ab68-45de-9661-ea526f930260: valid; 1.1 s; peak memory 9853 MiB.
2026-10-03T10:24:31Z INFO [2496/2500] 3341df9c-8288-4d79-b907-d1dc30980432: valid; 1.3 s; peak memory 9853 MiB.
2026-10-03T10:24:32Z INFO [2497/2500] 3341e197-a70d-4835-a52f-6cf40f65227b: valid; 0.9 s; peak memory 9853 MiB.
2026-10-03T10:24:34Z INFO [2498/2500] 334245b9-78ce-49f1-aa10-5e80899f57ec: valid; 1.4 s; peak memory 9853 MiB.
2026-10-03T10:24:35Z INFO [2499/2500] 33427604-e85a-43d0-abc5-f537d12291d6: not valid; 1.4 s; peak memory 9853 MiB.
2026-10-03T10:24:36Z INFO [2500/2500] 334332fc-a6cf-43ec-8cab-65dfda6e4fcb: valid; 0.7 s; peak memory 9853 MiB.
2026-10-03T10:24:36Z INFO [2500/2500] 334332fc-a6cf-43ec-8cab-65dfda6e4fcb: checkpointed 98510 records.
2026-10-03T10:24:37Z INFO Wrote 98510 records to /tmp/derivatives/content_id_to_valid_nwb_file.jsonl (2373 new, 127 failed) in 111.2 min (peak memory 9853 MiB).
